-- MySQL dump 10.16  Distrib 10.1.48-MariaDB, for debian-linux-gnu (x86_64)
--
-- Host: localhost    Database: dropapp_dev
-- ------------------------------------------------------
-- Server version	8.0.27

/*!40101 SET @OLD_CHARACTER_SET_CLIENT=@@CHARACTER_SET_CLIENT */;
/*!40101 SET @OLD_CHARACTER_SET_RESULTS=@@CHARACTER_SET_RESULTS */;
/*!40101 SET @OLD_COLLATION_CONNECTION=@@COLLATION_CONNECTION */;
/*!40101 SET NAMES utf8mb4 */;
/*!40103 SET @OLD_TIME_ZONE=@@TIME_ZONE */;
/*!40103 SET TIME_ZONE='+00:00' */;
/*!40014 SET @OLD_UNIQUE_CHECKS=@@UNIQUE_CHECKS, UNIQUE_CHECKS=0 */;
/*!40014 SET @OLD_FOREIGN_KEY_CHECKS=@@FOREIGN_KEY_CHECKS, FOREIGN_KEY_CHECKS=0 */;
/*!40101 SET @OLD_SQL_MODE=@@SQL_MODE, SQL_MODE='NO_AUTO_VALUE_ON_ZERO' */;
/*!40111 SET @OLD_SQL_NOTES=@@SQL_NOTES, SQL_NOTES=0 */;

--
-- Table structure for table `borrow_categories`
--

DROP TABLE IF EXISTS `borrow_categories`;
/*!40101 SET @saved_cs_client     = @@character_set_client */;
/*!40101 SET character_set_client = utf8 */;
CREATE TABLE `borrow_categories` (
  `id` int unsigned NOT NULL AUTO_INCREMENT,
  `label` varchar(255) DEFAULT NULL,
  PRIMARY KEY (`id`)
) ENGINE=InnoDB DEFAULT CHARSET=utf8 ROW_FORMAT=DYNAMIC;
/*!40101 SET character_set_client = @saved_cs_client */;

--
-- Dumping data for table `borrow_categories`
--

LOCK TABLES `borrow_categories` WRITE;
/*!40000 ALTER TABLE `borrow_categories` DISABLE KEYS */;
/*!40000 ALTER TABLE `borrow_categories` ENABLE KEYS */;
UNLOCK TABLES;

--
-- Table structure for table `borrow_items`
--

DROP TABLE IF EXISTS `borrow_items`;
/*!40101 SET @saved_cs_client     = @@character_set_client */;
/*!40101 SET character_set_client = utf8 */;
CREATE TABLE `borrow_items` (
  `id` int unsigned NOT NULL AUTO_INCREMENT,
  `label` varchar(255) DEFAULT NULL,
  `deleted` tinyint NOT NULL DEFAULT '0',
  `category_id` int unsigned DEFAULT NULL,
  `visible` tinyint NOT NULL DEFAULT '0',
  `comment` text NOT NULL,
  `created` datetime DEFAULT NULL,
  `created_by` int unsigned DEFAULT NULL,
  `modified` datetime DEFAULT NULL,
  `modified_by` int unsigned DEFAULT NULL,
  `location_id` int unsigned NOT NULL,
  PRIMARY KEY (`id`),
  KEY `category_id` (`category_id`),
  KEY `location_id` (`location_id`),
  KEY `created_by` (`created_by`),
  KEY `modified_by` (`modified_by`),
  CONSTRAINT `borrow_items_ibfk_3` FOREIGN KEY (`category_id`) REFERENCES `borrow_categories` (`id`) ON UPDATE CASCADE,
  CONSTRAINT `borrow_items_ibfk_4` FOREIGN KEY (`location_id`) REFERENCES `borrow_locations` (`id`) ON UPDATE CASCADE,
  CONSTRAINT `borrow_items_ibfk_5` FOREIGN KEY (`created_by`) REFERENCES `cms_users` (`id`) ON DELETE SET NULL ON UPDATE CASCADE,
  CONSTRAINT `borrow_items_ibfk_6` FOREIGN KEY (`modified_by`) REFERENCES `cms_users` (`id`) ON DELETE SET NULL ON UPDATE CASCADE
) ENGINE=InnoDB DEFAULT CHARSET=utf8 ROW_FORMAT=DYNAMIC;
/*!40101 SET character_set_client = @saved_cs_client */;

--
-- Dumping data for table `borrow_items`
--

LOCK TABLES `borrow_items` WRITE;
/*!40000 ALTER TABLE `borrow_items` DISABLE KEYS */;
/*!40000 ALTER TABLE `borrow_items` ENABLE KEYS */;
UNLOCK TABLES;

--
-- Table structure for table `borrow_locations`
--

DROP TABLE IF EXISTS `borrow_locations`;
/*!40101 SET @saved_cs_client     = @@character_set_client */;
/*!40101 SET character_set_client = utf8 */;
CREATE TABLE `borrow_locations` (
  `id` int unsigned NOT NULL AUTO_INCREMENT,
  `camp_id` int unsigned NOT NULL,
  `location` varchar(255) DEFAULT NULL,
  PRIMARY KEY (`id`),
  KEY `camp_id` (`camp_id`),
  CONSTRAINT `borrow_locations_ibfk_1` FOREIGN KEY (`camp_id`) REFERENCES `camps` (`id`) ON UPDATE CASCADE
) ENGINE=InnoDB DEFAULT CHARSET=utf8 ROW_FORMAT=DYNAMIC;
/*!40101 SET character_set_client = @saved_cs_client */;

--
-- Dumping data for table `borrow_locations`
--

LOCK TABLES `borrow_locations` WRITE;
/*!40000 ALTER TABLE `borrow_locations` DISABLE KEYS */;
/*!40000 ALTER TABLE `borrow_locations` ENABLE KEYS */;
UNLOCK TABLES;

--
-- Table structure for table `borrow_transactions`
--

DROP TABLE IF EXISTS `borrow_transactions`;
/*!40101 SET @saved_cs_client     = @@character_set_client */;
/*!40101 SET character_set_client = utf8 */;
CREATE TABLE `borrow_transactions` (
  `id` int unsigned NOT NULL AUTO_INCREMENT,
  `transaction_date` datetime DEFAULT NULL,
  `bicycle_id` int unsigned NOT NULL,
  `people_id` int unsigned DEFAULT NULL,
  `status` varchar(5) DEFAULT NULL,
  `created` datetime DEFAULT NULL,
  `created_by` int unsigned DEFAULT NULL,
  `modified` datetime DEFAULT NULL,
  `modified_by` int unsigned DEFAULT NULL,
  `lights` tinyint NOT NULL DEFAULT '0',
  `helmet` tinyint NOT NULL DEFAULT '0',
  `location_id` int unsigned DEFAULT NULL,
  PRIMARY KEY (`id`),
  KEY `location_id` (`location_id`),
  KEY `bicycle_id` (`bicycle_id`),
  KEY `created_by` (`created_by`),
  KEY `modified_by` (`modified_by`),
  KEY `people_id` (`people_id`),
  CONSTRAINT `borrow_transactions_ibfk_3` FOREIGN KEY (`location_id`) REFERENCES `borrow_locations` (`id`) ON UPDATE CASCADE,
  CONSTRAINT `borrow_transactions_ibfk_4` FOREIGN KEY (`bicycle_id`) REFERENCES `borrow_items` (`id`) ON UPDATE CASCADE,
  CONSTRAINT `borrow_transactions_ibfk_6` FOREIGN KEY (`created_by`) REFERENCES `cms_users` (`id`) ON DELETE SET NULL ON UPDATE CASCADE,
  CONSTRAINT `borrow_transactions_ibfk_7` FOREIGN KEY (`modified_by`) REFERENCES `cms_users` (`id`) ON DELETE SET NULL ON UPDATE CASCADE,
  CONSTRAINT `borrow_transactions_ibfk_8` FOREIGN KEY (`people_id`) REFERENCES `people` (`id`) ON DELETE SET NULL ON UPDATE CASCADE
) ENGINE=InnoDB DEFAULT CHARSET=utf8 ROW_FORMAT=DYNAMIC;
/*!40101 SET character_set_client = @saved_cs_client */;

--
-- Dumping data for table `borrow_transactions`
--

LOCK TABLES `borrow_transactions` WRITE;
/*!40000 ALTER TABLE `borrow_transactions` DISABLE KEYS */;
/*!40000 ALTER TABLE `borrow_transactions` ENABLE KEYS */;
UNLOCK TABLES;

--
-- Table structure for table `box_state`
--

DROP TABLE IF EXISTS `box_state`;
/*!40101 SET @saved_cs_client     = @@character_set_client */;
/*!40101 SET character_set_client = utf8 */;
CREATE TABLE `box_state` (
  `id` int unsigned NOT NULL AUTO_INCREMENT,
  `label` varchar(20) NOT NULL,
  PRIMARY KEY (`id`),
  UNIQUE KEY `label` (`label`)
) ENGINE=InnoDB AUTO_INCREMENT=7 DEFAULT CHARSET=utf8;
/*!40101 SET character_set_client = @saved_cs_client */;

--
-- Dumping data for table `box_state`
--

LOCK TABLES `box_state` WRITE;
/*!40000 ALTER TABLE `box_state` DISABLE KEYS */;
INSERT INTO `box_state` VALUES
  (5,'Donated'),
  (1,'Instock'),
  (2,'Lost'),
  (3,'MarkedForShipment'),
  (4,'Receiving'),
  (6,'Scrap'),
  (7,'InTransit'),
  (8,'NotDelivered');
/*!40000 ALTER TABLE `box_state` ENABLE KEYS */;
UNLOCK TABLES;

--
-- Table structure for table `camps`
--

DROP TABLE IF EXISTS `camps`;
/*!40101 SET @saved_cs_client     = @@character_set_client */;
/*!40101 SET character_set_client = utf8 */;
CREATE TABLE `camps` (
  `id` int unsigned NOT NULL AUTO_INCREMENT,
  `idcard` tinyint NOT NULL DEFAULT '0',
  `laundry` tinyint NOT NULL DEFAULT '0',
  `laundry_cyclestart` date DEFAULT '2019-01-01',
  `market` tinyint NOT NULL DEFAULT '1',
  `maxfooddrops_adult` int DEFAULT '25',
  `maxfooddrops_child` int DEFAULT '25',
  `modified` datetime DEFAULT NULL,
  `modified_by` int unsigned DEFAULT NULL,
  `name` varchar(255) DEFAULT NULL,
  `organisation_id` int unsigned NOT NULL,
  `schedulebreak` varchar(255) NOT NULL DEFAULT '1',
  `schedulebreakduration` varchar(255) NOT NULL DEFAULT '1',
  `schedulebreakstart` varchar(255) NOT NULL DEFAULT '13:00',
  `schedulestart` varchar(255) NOT NULL DEFAULT '11:00',
  `schedulestop` varchar(255) NOT NULL DEFAULT '17:00',
  `scheduletimeslot` varchar(255) NOT NULL DEFAULT '0.5',
  `seq` int NOT NULL,
  `workshop` tinyint NOT NULL DEFAULT '0',
  `adult_age` int NOT NULL DEFAULT '15',
  `bicycle` tinyint NOT NULL DEFAULT '0',
  `bicycle_closingtime` varchar(255) DEFAULT '17:30',
  `bicycle_closingtime_saturday` varchar(255) DEFAULT '16:30',
  `bicyclerenttime` int NOT NULL DEFAULT '120',
  `created` datetime DEFAULT NULL,
  `created_by` int unsigned DEFAULT NULL,
  `currencyname` varchar(255) NOT NULL DEFAULT 'Tokens',
  `cyclestart` datetime DEFAULT '2019-01-01 00:00:00',
  `daystokeepdeletedpersons` int DEFAULT '9999',
  `delete_inactive_users` int NOT NULL DEFAULT '30',
  `deleted` datetime DEFAULT NULL,
  `dropcapadult` int NOT NULL DEFAULT '99999',
  `dropcapchild` int NOT NULL DEFAULT '99999',
  `dropsperadult` varchar(255) NOT NULL DEFAULT '100',
  `dropsperchild` varchar(255) NOT NULL DEFAULT '100',
  `extraportion` tinyint DEFAULT '0',
  `familyidentifier` varchar(255) NOT NULL DEFAULT 'Container',
  `food` tinyint NOT NULL DEFAULT '0',
  `resettokens` tinyint(1) DEFAULT '0',
  `beneficiaryisregistered` tinyint(1) NOT NULL DEFAULT '1',
  `beneficiaryisvolunteer` tinyint(1) NOT NULL DEFAULT '1',
  `separateshopandwhproducts` tinyint(1) NOT NULL DEFAULT '0',
  PRIMARY KEY (`id`),
  KEY `organisation_id` (`organisation_id`),
  KEY `created_by` (`created_by`),
  KEY `modified_by` (`modified_by`),
  CONSTRAINT `camps_ibfk_1` FOREIGN KEY (`organisation_id`) REFERENCES `organisations` (`id`) ON UPDATE CASCADE,
  CONSTRAINT `camps_ibfk_2` FOREIGN KEY (`created_by`) REFERENCES `cms_users` (`id`) ON DELETE SET NULL ON UPDATE CASCADE,
  CONSTRAINT `camps_ibfk_3` FOREIGN KEY (`modified_by`) REFERENCES `cms_users` (`id`) ON DELETE SET NULL ON UPDATE CASCADE
) ENGINE=InnoDB AUTO_INCREMENT=100000002 DEFAULT CHARSET=utf8 ROW_FORMAT=DYNAMIC;
/*!40101 SET character_set_client = @saved_cs_client */;

--
-- Dumping data for table `camps`
--

LOCK TABLES `camps` WRITE;
/*!40000 ALTER TABLE `camps` DISABLE KEYS */;
INSERT INTO `camps` VALUES
  (1,0,0,'2019-01-01',1,25,25,NULL,NULL,'Lesvos',1,'0','1','2019-08-27 13:00:00','2019-08-27 11:00:00','2019-08-27 17:00:00','0.5',1,0,15,0,'17:30','16:30',120,NULL,NULL,'Tokens','2019-01-01 00:00:00',9999,9999,NULL,99999,99999,'100','100',0,'Refugee / Case ID',0,0,1,1,0),
  (2,0,0,'2019-01-01',0,25,25,NULL,NULL,'Thessaloniki',2,'0','1','13:00','9:00','15:00','0.25',2,0,15,0,'17:30','16:30',120,NULL,NULL,'points','2019-11-05 09:13:11',9999,9999,NULL,99999,99999,'100','50',0,'Family ID',0,1,1,1,0),
  (3,0,0,'2019-01-01',1,25,25,NULL,NULL,'Samos',2,'0','1.5','2019-10-14 13:30:00','2019-10-14 10:30:00','2019-10-14 17:00:00','0.5',4,0,0,0,'17:30','16:30',120,NULL,NULL,'Tokens','2019-01-06 22:18:10',60,9999,NULL,500,300,'150','130',1,'Household',0,0,1,1,0),
  (4,0,0,'2019-01-01',0,25,25,NULL,NULL,'Athens',2,'0','1','13:00','9:00','15:00','0.25',5,0,15,0,'17:30','16:30',120,NULL,NULL,'points','2019-11-05 09:13:11',9999,9999,NULL,99999,99999,'100','50',0,'Family ID',0,1,1,1,0),
  (100000000,1,0,'2019-01-01',1,25,25,'2019-09-05 13:48:34',1,'TestBase',100000000,'1','1','2019-09-05 13:00:00','2019-09-05 11:00:00','2019-09-05 17:00:00','0.5',3,0,15,0,'2019-09-05 17:30:00','2019-09-05 16:30:00',120,'2019-07-10 08:06:22',1,'Tokens','2019-01-01 00:00:00',9999,99999,NULL,99999,99999,'100','100',0,'Refugee ID',0,0,1,1,0),
  (100000001,1,0,'2019-01-01',1,25,25,'2019-09-05 13:48:34',1,'DummyTestBaseWithBoxes',100000001,'1','1','2019-09-05 13:00:00','2019-09-05 11:00:00','2019-09-05 17:00:00','0.5',3,0,15,0,'2019-09-05 17:30:00','2019-09-05 16:30:00',120,'2019-07-10 08:06:22',1,'Tokens','2019-01-01 00:00:00',9999,30,NULL,99999,99999,'100','100',0,'Refugee ID',0,0,1,1,0);
/*!40000 ALTER TABLE `camps` ENABLE KEYS */;
UNLOCK TABLES;

--
-- Table structure for table `cms_functions`
--

DROP TABLE IF EXISTS `cms_functions`;
/*!40101 SET @saved_cs_client     = @@character_set_client */;
/*!40101 SET character_set_client = utf8 */;
CREATE TABLE `cms_functions` (
  `id` int unsigned NOT NULL AUTO_INCREMENT,
  `parent_id` int unsigned DEFAULT NULL,
  `title_en` varchar(255) NOT NULL DEFAULT '',
  `include` varchar(255) NOT NULL DEFAULT '',
  `seq` int NOT NULL DEFAULT '0',
  `created` datetime DEFAULT NULL,
  `created_by` int unsigned DEFAULT NULL,
  `modified` datetime DEFAULT NULL,
  `modified_by` int unsigned DEFAULT NULL,
  `alert` int NOT NULL DEFAULT '0',
  `adminonly` tinyint NOT NULL DEFAULT '0',
  `visible` tinyint NOT NULL,
  `allusers` tinyint NOT NULL DEFAULT '0',
  `allcamps` tinyint NOT NULL DEFAULT '0',
  `action_permissions` varchar(255) DEFAULT NULL,
  PRIMARY KEY (`id`),
  KEY `parent_id` (`parent_id`),
  KEY `created_by` (`created_by`),
  KEY `modified_by` (`modified_by`),
  CONSTRAINT `cms_functions_ibfk_3` FOREIGN KEY (`parent_id`) REFERENCES `cms_functions` (`id`) ON DELETE SET NULL ON UPDATE CASCADE,
  CONSTRAINT `cms_functions_ibfk_4` FOREIGN KEY (`created_by`) REFERENCES `cms_users` (`id`) ON DELETE SET NULL ON UPDATE CASCADE,
  CONSTRAINT `cms_functions_ibfk_5` FOREIGN KEY (`modified_by`) REFERENCES `cms_users` (`id`) ON DELETE SET NULL ON UPDATE CASCADE
) ENGINE=InnoDB AUTO_INCREMENT=163 DEFAULT CHARSET=utf8 ROW_FORMAT=DYNAMIC;
/*!40101 SET character_set_client = @saved_cs_client */;

--
-- Dumping data for table `cms_functions`
--

LOCK TABLES `cms_functions` WRITE;
/*!40000 ALTER TABLE `cms_functions` DISABLE KEYS */;
INSERT INTO `cms_functions` VALUES (35,NULL,'Free Shop','',3,NULL,NULL,NULL,NULL,0,0,1,0,0,NULL),(42,NULL,'Admin','',8,NULL,NULL,NULL,NULL,0,0,1,0,0,NULL),(43,42,'Manage Users','cms_users',20,NULL,NULL,NULL,NULL,0,0,1,0,1,'manage_volunteers,manage_coordinators,manage_admins'),(44,155,'Settings','cms_settings',25,NULL,NULL,NULL,NULL,0,1,1,0,1,'be_god'),(45,155,'Texts','cms_translate',26,NULL,NULL,NULL,NULL,0,1,1,0,1,'be_god'),(50,155,'Manage menu functions','cms_functions',24,NULL,NULL,NULL,NULL,0,1,1,0,1,'be_god'),(67,42,'Manage products','products',18,NULL,NULL,NULL,NULL,0,0,1,0,0,'manage_products'),(87,35,'Checkout','check_out',7,NULL,NULL,NULL,NULL,0,0,1,0,0,'checkout_beneficiaries'),(90,99,'Manage boxes','stock',2,NULL,NULL,NULL,NULL,0,0,1,0,0,'manage_inventory'),(92,35,'Give tokens <span>to</span> all','give2all',10,NULL,NULL,NULL,NULL,0,0,1,0,0,'manage_tokens'),(96,128,'Sales reports','sales_list',16,NULL,NULL,NULL,NULL,0,0,1,0,0,'list_sales'),(99,NULL,'Inventory','',1,NULL,NULL,NULL,NULL,0,0,1,0,0,NULL),(102,128,'Fancy graphs (<span>beta</span>)','fancygraphs',17,NULL,NULL,NULL,NULL,0,0,1,0,0,'view_beneficiary_graph'),(110,35,'Stockroom','container-stock',8,NULL,NULL,NULL,NULL,0,0,1,0,0,'view_stockroom'),(111,35,'Generate market schedule','market_schedule',9,NULL,NULL,NULL,NULL,0,0,1,0,0,'generate_market_schedule'),(112,99,'Print box labels','qr',1,NULL,NULL,NULL,NULL,0,0,1,0,0,'create_label'),(113,NULL,'Actions','',7,NULL,NULL,NULL,NULL,0,0,1,0,0,NULL),(115,42,'Edit Warehouses','locations',19,NULL,NULL,NULL,NULL,0,0,1,0,0,'manage_warehouses'),(116,110,'Containers List','printed_list_containers',2,NULL,NULL,NULL,NULL,0,0,1,1,0,'view_stockroom'),(118,161,'Manage beneficiaries','people',5,NULL,NULL,NULL,NULL,0,0,1,0,0,'manage_beneficiaries'),(121,NULL,'Hidden menu items','',10,NULL,NULL,NULL,NULL,0,0,0,1,0,NULL),(123,121,'Start page','start',27,NULL,NULL,NULL,NULL,0,0,0,1,0,'view_start_page'),(124,92,'Give tokens <span>to</span> selected families','give',3,NULL,NULL,NULL,NULL,0,0,1,1,0,'be_god'),(125,121,'User profile','cms_profile',28,NULL,NULL,NULL,NULL,0,0,0,1,0,'be_user'),(126,121,'Exit login as','exitloginas',29,NULL,NULL,NULL,NULL,0,0,0,1,0,NULL),(127,96,'Sales List Download','sales_list_download',9,NULL,NULL,NULL,NULL,0,0,1,1,0,'list_sales'),(128,NULL,'Insight','',6,NULL,NULL,NULL,NULL,0,0,1,0,0,NULL),(130,35,'Lists','food_lists',11,NULL,NULL,NULL,NULL,0,0,1,0,0,NULL),(131,NULL,'Services','',4,NULL,NULL,NULL,NULL,0,0,1,0,0,NULL),(132,131,'Bicycles / Sport','borrow',13,NULL,NULL,NULL,NULL,0,0,1,0,0,NULL),(140,132,'Borrow edit','borrowedititem',6,NULL,NULL,NULL,NULL,0,0,1,1,0,NULL),(144,132,'Borrow history ','borrowhistory',7,NULL,NULL,NULL,NULL,0,0,1,1,0,NULL),(145,148,'Library titles (<span>beta</span>)','library_inventory',14,NULL,NULL,NULL,NULL,0,0,1,0,0,'manage_books'),(146,148,'Lent out (<span>beta</span>)','library',15,NULL,NULL,NULL,NULL,0,0,1,0,0,'lend_books'),(147,146,'Library history','libraryhistory',8,NULL,NULL,NULL,NULL,0,0,1,1,0,'lend_books'),(148,NULL,'Library','',5,NULL,NULL,NULL,NULL,0,0,1,0,0,NULL),(149,131,'Laundry','laundry',12,NULL,NULL,NULL,NULL,0,0,1,0,0,NULL),(150,118,'All Residents export','people_export',1,NULL,NULL,NULL,NULL,0,0,1,1,0,'manage_beneficiaries'),(151,149,'Laundry No show','laundry_noshow',4,NULL,NULL,NULL,NULL,0,0,1,1,0,NULL),(152,149,'Laundry start new cycle','laundry_startcycle',5,NULL,NULL,NULL,NULL,0,0,1,1,0,NULL),(154,155,'Organisations','organisations',23,NULL,NULL,NULL,NULL,0,1,1,0,1,'manage_organizations,be_god'),(155,NULL,'Boxtribute Gods','',9,NULL,NULL,NULL,NULL,0,1,1,0,0,NULL),(156,42,'User groups','cms_usergroups',21,NULL,NULL,NULL,NULL,0,0,1,0,1,'be_god'),(157,155,'Bases','camps',22,NULL,NULL,NULL,NULL,0,1,1,0,1,'manage_base,be_god'),(158,161,'Add beneficiary','people_add',4,NULL,NULL,NULL,NULL,0,0,1,0,0,'create_beneficiaries'),(160,99,'Stock Overview (<span>beta</span>)','stock_overview',3,NULL,NULL,NULL,NULL,0,0,1,0,0,'view_inventory'),(161,NULL,'Beneficiaries','',2,NULL,NULL,NULL,NULL,0,0,1,0,0,NULL),(162,42,'Manage tags','tags',6,NULL,NULL,NULL,NULL,0,0,1,0,0,'manage_tags');
/*!40000 ALTER TABLE `cms_functions` ENABLE KEYS */;
UNLOCK TABLES;

--
-- Table structure for table `cms_functions_camps`
--

DROP TABLE IF EXISTS `cms_functions_camps`;
/*!40101 SET @saved_cs_client     = @@character_set_client */;
/*!40101 SET character_set_client = utf8 */;
CREATE TABLE `cms_functions_camps` (
  `cms_functions_id` int unsigned NOT NULL,
  `camps_id` int unsigned NOT NULL,
  UNIQUE KEY `functions_camps_unique` (`cms_functions_id`,`camps_id`),
  KEY `cms_functions_id` (`cms_functions_id`),
  KEY `camps_id` (`camps_id`),
  CONSTRAINT `cms_functions_camps_ibfk_2` FOREIGN KEY (`camps_id`) REFERENCES `camps` (`id`) ON DELETE CASCADE ON UPDATE CASCADE,
  CONSTRAINT `cms_functions_camps_ibfk_3` FOREIGN KEY (`cms_functions_id`) REFERENCES `cms_functions` (`id`) ON DELETE CASCADE ON UPDATE CASCADE
) ENGINE=InnoDB DEFAULT CHARSET=utf8 ROW_FORMAT=DYNAMIC;
/*!40101 SET character_set_client = @saved_cs_client */;

--
-- Dumping data for table `cms_functions_camps`
--

LOCK TABLES `cms_functions_camps` WRITE;
/*!40000 ALTER TABLE `cms_functions_camps` DISABLE KEYS */;
INSERT INTO `cms_functions_camps` VALUES (43,1),(43,2),(43,3),(43,4),(43,100000000),(43,100000001),(67,1),(67,2),(67,3),(67,4),(67,100000000),(67,100000001),(87,1),(87,2),(87,3),(87,4),(87,100000000),(87,100000001),(90,1),(90,2),(90,3),(90,4),(90,100000000),(90,100000001),(92,1),(92,2),(92,3),(92,4),(92,100000000),(92,100000001),(96,1),(96,2),(96,3),(96,4),(96,100000000),(96,100000001),(102,1),(102,2),(102,3),(102,4),(102,100000000),(102,100000001),(110,1),(110,2),(110,3),(110,4),(110,100000000),(110,100000001),(111,1),(111,3),(111,100000000),(112,1),(112,2),(112,3),(112,4),(112,100000000),(112,100000001),(115,1),(115,2),(115,3),(115,4),(115,100000000),(115,100000001),(118,1),(118,2),(118,3),(118,4),(118,100000000),(118,100000001),(123,1),(123,2),(123,3),(123,4),(123,100000000),(123,100000001),(125,1),(125,2),(125,3),(125,4),(125,100000000),(125,100000001),(130,1),(130,3),(145,1),(146,1),(158,1),(158,2),(158,3),(158,4),(158,100000000),(158,100000001),(160,1),(160,2),(160,3),(160,4),(160,100000000),(160,100000001),(162,1),(162,2),(162,3),(162,4),(162,100000000),(162,100000001);
/*!40000 ALTER TABLE `cms_functions_camps` ENABLE KEYS */;
UNLOCK TABLES;

--
-- Table structure for table `cms_settings`
--

DROP TABLE IF EXISTS `cms_settings`;
/*!40101 SET @saved_cs_client     = @@character_set_client */;
/*!40101 SET character_set_client = utf8 */;
CREATE TABLE `cms_settings` (
  `id` int unsigned NOT NULL AUTO_INCREMENT,
  `category_id` int unsigned NOT NULL,
  `type` varchar(20) DEFAULT NULL,
  `code` varchar(255) NOT NULL,
  `description` varchar(255) DEFAULT NULL,
  `options` varchar(255) DEFAULT NULL,
  `value` text,
  `hidden` tinyint NOT NULL DEFAULT '0',
  `created` datetime DEFAULT NULL,
  `created_by` int unsigned DEFAULT NULL,
  `modified` datetime DEFAULT NULL,
  `modified_by` int unsigned DEFAULT NULL,
  PRIMARY KEY (`id`),
  UNIQUE KEY `code` (`code`),
  KEY `created_by` (`created_by`),
  KEY `modified_by` (`modified_by`),
  CONSTRAINT `cms_settings_ibfk_1` FOREIGN KEY (`created_by`) REFERENCES `cms_users` (`id`) ON DELETE SET NULL ON UPDATE CASCADE,
  CONSTRAINT `cms_settings_ibfk_2` FOREIGN KEY (`modified_by`) REFERENCES `cms_users` (`id`) ON DELETE SET NULL ON UPDATE CASCADE
) ENGINE=InnoDB AUTO_INCREMENT=139 DEFAULT CHARSET=utf8 ROW_FORMAT=DYNAMIC;
/*!40101 SET character_set_client = @saved_cs_client */;

--
-- Dumping data for table `cms_settings`
--

LOCK TABLES `cms_settings` WRITE;
/*!40000 ALTER TABLE `cms_settings` DISABLE KEYS */;
INSERT INTO `cms_settings` VALUES (83,1,'select','cms_language','Language used for CMS interface','en=English','en',1,NULL,NULL,NULL,NULL),(86,1,'text','mail_sender','Sender address for e-mails sent by Boxtribute','','hello@boxtribute.org',1,NULL,NULL,NULL,NULL),(87,1,'text','mail_sender_name','Sender name for e-mails sent by Boxtribute','','Boxtribute',1,NULL,NULL,NULL,NULL),(92,1,'text','apple-mobile-web-app-title','Title for Apple Mobile Web App','','Boxtribute',1,NULL,NULL,NULL,NULL),(137,1,'text','dailyroutine','Last date the daily routine did run','','2019-06-26',1,NULL,NULL,NULL,NULL),(138,1,'text','installed','Date and time of installation and first run','','2016-23-11 9:00:00',1,NULL,NULL,NULL,NULL);
/*!40000 ALTER TABLE `cms_settings` ENABLE KEYS */;
UNLOCK TABLES;

--
-- Table structure for table `cms_usergroups`
--

DROP TABLE IF EXISTS `cms_usergroups`;
/*!40101 SET @saved_cs_client     = @@character_set_client */;
/*!40101 SET character_set_client = utf8 */;
CREATE TABLE `cms_usergroups` (
  `id` int unsigned NOT NULL AUTO_INCREMENT,
  `label` varchar(255) NOT NULL,
  `created` datetime DEFAULT NULL,
  `created_by` int unsigned DEFAULT NULL,
  `modified` datetime DEFAULT NULL,
  `modified_by` int unsigned DEFAULT NULL,
  `organisation_id` int unsigned NOT NULL,
  `userlevel` int unsigned NOT NULL,
  `allow_laundry_startcycle` tinyint NOT NULL DEFAULT '0',
  `allow_laundry_block` tinyint NOT NULL DEFAULT '0',
  `allow_borrow_adddelete` tinyint NOT NULL,
  `deleted` datetime DEFAULT NULL,
  PRIMARY KEY (`id`),
  KEY `organisation_id` (`organisation_id`),
  KEY `userlevel` (`userlevel`),
  KEY `created_by` (`created_by`),
  KEY `modified_by` (`modified_by`),
  CONSTRAINT `cms_usergroups_ibfk_1` FOREIGN KEY (`organisation_id`) REFERENCES `organisations` (`id`) ON UPDATE CASCADE,
  CONSTRAINT `cms_usergroups_ibfk_2` FOREIGN KEY (`userlevel`) REFERENCES `cms_usergroups_levels` (`id`) ON UPDATE CASCADE,
  CONSTRAINT `cms_usergroups_ibfk_3` FOREIGN KEY (`created_by`) REFERENCES `cms_users` (`id`) ON DELETE SET NULL ON UPDATE CASCADE,
  CONSTRAINT `cms_usergroups_ibfk_4` FOREIGN KEY (`modified_by`) REFERENCES `cms_users` (`id`) ON DELETE SET NULL ON UPDATE CASCADE
) ENGINE=InnoDB AUTO_INCREMENT=100004258 DEFAULT CHARSET=utf8 ROW_FORMAT=DYNAMIC;
/*!40101 SET character_set_client = @saved_cs_client */;

--
-- Dumping data for table `cms_usergroups`
--

LOCK TABLES `cms_usergroups` WRITE;
/*!40000 ALTER TABLE `cms_usergroups` DISABLE KEYS */;
INSERT INTO `cms_usergroups` VALUES (1,'Head of Operations',NULL,NULL,NULL,NULL,1,1,0,0,0,NULL),(2,'Base Lesvos - Coordinator',NULL,NULL,NULL,NULL,1,2,0,0,0,NULL),(3,'Base Lesvos - Volunteer (Warehouse)',NULL,NULL,NULL,NULL,1,3,0,0,0,NULL),(4,'Base Lesvos - Volunteer (Free Shop)',NULL,NULL,NULL,NULL,1,3,0,0,0,NULL),(5,'Base Lesvos - Volunteer (Library)',NULL,NULL,NULL,NULL,1,3,0,0,0,NULL),(6,'Base Lesvos - Volunteer',NULL,NULL,NULL,NULL,1,3,0,0,0,NULL),(10,'Head of Operations',NULL,NULL,NULL,NULL,2,1,0,0,0,NULL),(11,'Base Thessaloniki - Coordinator',NULL,NULL,NULL,NULL,2,2,0,0,0,NULL),(12,'Base Samos - Coordinator',NULL,NULL,NULL,NULL,2,2,0,0,0,NULL),(13,'Base Thessaloniki - Volunteer',NULL,NULL,NULL,NULL,2,3,0,0,0,NULL),(14,'Base Samos - Volunteer',NULL,NULL,NULL,NULL,2,3,0,0,0,NULL),(15,'Coordinator',NULL,NULL,NULL,NULL,2,2,0,0,0,NULL),(16,'Volunteer',NULL,NULL,NULL,NULL,2,3,0,0,0,NULL),(17,'Base Athens - Coordinator',NULL,NULL,NULL,NULL,2,2,0,0,0,NULL),(18,'Base Athens - Volunteer',NULL,NULL,NULL,NULL,2,3,0,0,0,NULL),(19,'Base Athens - Volunteer (Warehouse)',NULL,NULL,NULL,NULL,2,2,0,0,0,NULL),(20,'Base Athens - Volunteer (Free Shop)',NULL,NULL,NULL,NULL,2,2,0,0,0,NULL),(21,'Base Athens - Label Creation',NULL,NULL,NULL,NULL,2,2,0,0,0,NULL),(100000000,'Base TestBase - Volunteer','2019-07-10 08:06:53',1,NULL,NULL,100000000,3,0,0,0,NULL),(100000001,'Base TestBase - Coordinator','2019-07-10 08:07:15',1,NULL,NULL,100000000,2,0,0,0,NULL),(100000002,'Head of Operations','2019-07-10 08:07:44',1,NULL,NULL,100000000,1,0,0,0,NULL),(100000003,'TestUserGroup_NoPermissions','2019-07-10 08:06:53',1,NULL,NULL,100000000,3,0,0,0,NULL),(100000196,'Base Lesvos - Label Creation','2023-02-09 14:54:50',1,NULL,NULL,1,3,0,0,0,NULL),(100000197,'Base Samos - Volunteer (Warehouse)','2023-02-09 14:55:28',1,NULL,NULL,2,3,0,0,0,NULL),(100000198,'Base Samos - Volunteer (Free Shop)','2023-02-09 14:55:28',1,NULL,NULL,2,3,0,0,0,NULL),(100000199,'Base Samos - Label Creation','2023-02-09 14:55:28',1,NULL,NULL,2,3,0,0,0,NULL),(100000200,'Base Thessaloniki - Volunteer (Warehouse)','2023-02-09 14:55:48',1,NULL,NULL,2,3,0,0,0,NULL),(100000201,'Base Thessaloniki - Volunteer (Free Shop)','2023-02-09 14:55:48',1,NULL,NULL,2,3,0,0,0,NULL),(100000202,'Base Thessaloniki - Label Creation','2023-02-09 14:55:48',1,NULL,NULL,2,3,0,0,0,NULL),(100000203,'Base TestBase - Volunteer (Warehouse)','2023-02-09 14:56:07',1,NULL,NULL,100000000,3,0,0,0,NULL),(100000204,'Base TestBase - Volunteer (Free Shop)','2023-02-09 14:56:07',1,NULL,NULL,100000000,3,0,0,0,NULL),(100000205,'Base TestBase - Label Creation','2023-02-09 14:56:07',1,NULL,NULL,100000000,3,0,0,0,NULL),(100000206,'Head of Operations','2023-02-09 14:56:25',1,NULL,NULL,100000001,1,0,0,0,NULL),(100000207,'Base DummyTestBaseWithBoxes - Coordinator','2023-02-09 14:56:25',1,NULL,NULL,100000001,2,0,0,0,NULL),(100000208,'Base DummyTestBaseWithBoxes - Volunteer','2023-02-09 14:56:25',1,NULL,NULL,100000001,3,0,0,0,NULL),(100000209,'Base DummyTestBaseWithBoxes - Volunteer (Warehouse)','2023-02-09 14:56:25',1,NULL,NULL,100000001,3,0,0,0,NULL),(100000210,'Base DummyTestBaseWithBoxes - Volunteer (Free Shop)','2023-02-09 14:56:25',1,NULL,NULL,100000001,3,0,0,0,NULL),(100000211,'Base DummyTestBaseWithBoxes - Label Creation','2023-02-09 14:56:25',1,NULL,NULL,100000001,3,0,0,0,NULL);
/*!40000 ALTER TABLE `cms_usergroups` ENABLE KEYS */;
UNLOCK TABLES;

--
-- Table structure for table `cms_usergroups_camps`
--

DROP TABLE IF EXISTS `cms_usergroups_camps`;
/*!40101 SET @saved_cs_client     = @@character_set_client */;
/*!40101 SET character_set_client = utf8 */;
CREATE TABLE `cms_usergroups_camps` (
  `camp_id` int unsigned NOT NULL,
  `cms_usergroups_id` int unsigned NOT NULL,
  UNIQUE KEY `usergroups_camps_unique` (`camp_id`,`cms_usergroups_id`),
  KEY `cms_usergroups_id` (`cms_usergroups_id`),
  KEY `camp_id` (`camp_id`),
  CONSTRAINT `cms_usergroups_camps_ibfk_1` FOREIGN KEY (`cms_usergroups_id`) REFERENCES `cms_usergroups` (`id`) ON DELETE CASCADE ON UPDATE CASCADE,
  CONSTRAINT `cms_usergroups_camps_ibfk_2` FOREIGN KEY (`camp_id`) REFERENCES `camps` (`id`) ON DELETE CASCADE ON UPDATE CASCADE
) ENGINE=InnoDB DEFAULT CHARSET=utf8 ROW_FORMAT=DYNAMIC;
/*!40101 SET character_set_client = @saved_cs_client */;

--
-- Dumping data for table `cms_usergroups_camps`
--

LOCK TABLES `cms_usergroups_camps` WRITE;
/*!40000 ALTER TABLE `cms_usergroups_camps` DISABLE KEYS */;
INSERT INTO `cms_usergroups_camps` VALUES (1,1),(1,2),(1,3),(1,4),(1,5),(1,6),(2,10),(3,10),(4,10),(2,11),(3,12),(2,13),(3,14),(2,15),(3,15),(2,16),(3,16),(4,17),(4,18),(4,19),(4,20),(4,21),(100000000,100000000),(100000000,100000001),(100000000,100000002),(100000000,100000003),(1,100000196),(3,100000197),(3,100000198),(3,100000199),(2,100000200),(2,100000201),(2,100000202),(100000000,100000203),(100000000,100000204),(100000000,100000205),(100000001,100000206),(100000001,100000207),(100000001,100000208),(100000001,100000209),(100000001,100000210),(100000001,100000211);
/*!40000 ALTER TABLE `cms_usergroups_camps` ENABLE KEYS */;
UNLOCK TABLES;

--
-- Table structure for table `cms_usergroups_functions`
--

DROP TABLE IF EXISTS `cms_usergroups_functions`;
/*!40101 SET @saved_cs_client     = @@character_set_client */;
/*!40101 SET character_set_client = utf8 */;
CREATE TABLE `cms_usergroups_functions` (
  `cms_functions_id` int unsigned NOT NULL,
  `cms_usergroups_id` int unsigned NOT NULL,
  UNIQUE KEY `usergroups_functions_unique` (`cms_functions_id`,`cms_usergroups_id`),
  KEY `cms_usergroups_id` (`cms_usergroups_id`),
  KEY `cms_functions_id` (`cms_functions_id`),
  CONSTRAINT `cms_usergroups_functions_ibfk_1` FOREIGN KEY (`cms_usergroups_id`) REFERENCES `cms_usergroups` (`id`) ON DELETE CASCADE ON UPDATE CASCADE,
  CONSTRAINT `cms_usergroups_functions_ibfk_2` FOREIGN KEY (`cms_functions_id`) REFERENCES `cms_functions` (`id`) ON DELETE CASCADE ON UPDATE CASCADE
) ENGINE=InnoDB DEFAULT CHARSET=utf8 ROW_FORMAT=DYNAMIC;
/*!40101 SET character_set_client = @saved_cs_client */;

--
-- Dumping data for table `cms_usergroups_functions`
--

LOCK TABLES `cms_usergroups_functions` WRITE;
/*!40000 ALTER TABLE `cms_usergroups_functions` DISABLE KEYS */;
INSERT INTO `cms_usergroups_functions` VALUES (43,1),(67,1),(87,1),(90,1),(92,1),(96,1),(102,1),(110,1),(111,1),(112,1),(115,1),(118,1),(123,1),(125,1),(130,1),(145,1),(146,1),(156,1),(158,1),(160,1),(162,1),(43,2),(67,2),(87,2),(90,2),(92,2),(96,2),(102,2),(110,2),(111,2),(112,2),(115,2),(118,2),(123,2),(125,2),(130,2),(145,2),(146,2),(158,2),(160,2),(162,2),(90,3),(110,3),(112,3),(123,3),(125,3),(160,3),(87,4),(96,4),(102,4),(110,4),(118,4),(123,4),(125,4),(130,4),(158,4),(102,5),(118,5),(145,5),(146,5),(87,6),(90,6),(96,6),(102,6),(110,6),(112,6),(118,6),(123,6),(125,6),(130,6),(145,6),(146,6),(158,6),(160,6),(43,10),(67,10),(87,10),(90,10),(92,10),(96,10),(102,10),(110,10),(111,10),(112,10),(115,10),(118,10),(123,10),(125,10),(130,10),(156,10),(158,10),(160,10),(162,10),(43,11),(67,11),(87,11),(90,11),(92,11),(96,11),(102,11),(110,11),(112,11),(115,11),(118,11),(123,11),(125,11),(158,11),(160,11),(162,11),(43,12),(67,12),(87,12),(90,12),(92,12),(96,12),(102,12),(110,12),(111,12),(112,12),(115,12),(118,12),(123,12),(125,12),(130,12),(158,12),(160,12),(162,12),(87,13),(90,13),(96,13),(102,13),(110,13),(112,13),(118,13),(123,13),(125,13),(158,13),(160,13),(87,14),(90,14),(96,14),(102,14),(110,14),(112,14),(118,14),(123,14),(125,14),(130,14),(158,14),(160,14),(43,15),(67,15),(87,15),(90,15),(92,15),(96,15),(102,15),(110,15),(111,15),(112,15),(115,15),(118,15),(130,15),(158,15),(160,15),(162,15),(87,16),(90,16),(96,16),(102,16),(110,16),(112,16),(118,16),(130,16),(158,16),(160,16),(43,17),(67,17),(87,17),(90,17),(92,17),(96,17),(102,17),(110,17),(112,17),(115,17),(118,17),(123,17),(125,17),(158,17),(160,17),(162,17),(87,18),(90,18),(96,18),(102,18),(110,18),(112,18),(118,18),(123,18),(125,18),(158,18),(160,18),(90,19),(110,19),(112,19),(123,19),(125,19),(160,19),(87,20),(96,20),(102,20),(110,20),(118,20),(123,20),(125,20),(158,20),(112,21),(125,21),(87,100000000),(90,100000000),(96,100000000),(102,100000000),(110,100000000),(112,100000000),(118,100000000),(123,100000000),(125,100000000),(158,100000000),(160,100000000),(43,100000001),(67,100000001),(87,100000001),(90,100000001),(92,100000001),(96,100000001),(102,100000001),(110,100000001),(111,100000001),(112,100000001),(115,100000001),(118,100000001),(123,100000001),(125,100000001),(156,100000001),(158,100000001),(160,100000001),(162,100000001),(43,100000002),(67,100000002),(87,100000002),(90,100000002),(92,100000002),(96,100000002),(102,100000002),(110,100000002),(111,100000002),(112,100000002),(115,100000002),(118,100000002),(123,100000002),(125,100000002),(156,100000002),(158,100000002),(160,100000002),(162,100000002),(112,100000196),(125,100000196),(90,100000197),(110,100000197),(112,100000197),(123,100000197),(125,100000197),(160,100000197),(87,100000198),(96,100000198),(102,100000198),(110,100000198),(118,100000198),(123,100000198),(125,100000198),(158,100000198),(112,100000199),(125,100000199),(90,100000200),(110,100000200),(112,100000200),(123,100000200),(125,100000200),(160,100000200),(87,100000201),(96,100000201),(102,100000201),(110,100000201),(118,100000201),(123,100000201),(125,100000201),(158,100000201),(112,100000202),(125,100000202),(90,100000203),(110,100000203),(112,100000203),(123,100000203),(125,100000203),(160,100000203),(87,100000204),(96,100000204),(102,100000204),(110,100000204),(118,100000204),(123,100000204),(125,100000204),(158,100000204),(112,100000205),(125,100000205),(43,100000206),(67,100000206),(87,100000206),(90,100000206),(92,100000206),(96,100000206),(102,100000206),(110,100000206),(112,100000206),(115,100000206),(118,100000206),(123,100000206),(125,100000206),(158,100000206),(160,100000206),(162,100000206),(43,100000207),(67,100000207),(87,100000207),(90,100000207),(92,100000207),(96,100000207),(102,100000207),(110,100000207),(112,100000207),(115,100000207),(118,100000207),(123,100000207),(125,100000207),(158,100000207),(160,100000207),(162,100000207),(87,100000208),(90,100000208),(96,100000208),(102,100000208),(110,100000208),(112,100000208),(118,100000208),(123,100000208),(125,100000208),(158,100000208),(160,100000208),(90,100000209),(110,100000209),(112,100000209),(123,100000209),(125,100000209),(160,100000209),(87,100000210),(96,100000210),(102,100000210),(110,100000210),(118,100000210),(123,100000210),(125,100000210),(158,100000210),(112,100000211),(125,100000211);
/*!40000 ALTER TABLE `cms_usergroups_functions` ENABLE KEYS */;
UNLOCK TABLES;

--
-- Table structure for table `cms_usergroups_levels`
--

DROP TABLE IF EXISTS `cms_usergroups_levels`;
/*!40101 SET @saved_cs_client     = @@character_set_client */;
/*!40101 SET character_set_client = utf8 */;
CREATE TABLE `cms_usergroups_levels` (
  `id` int unsigned NOT NULL AUTO_INCREMENT,
  `level` int DEFAULT NULL,
  `label` varchar(255) NOT NULL,
  `shortlabel` varchar(20) DEFAULT NULL,
  PRIMARY KEY (`id`)
) ENGINE=InnoDB AUTO_INCREMENT=4 DEFAULT CHARSET=utf8 ROW_FORMAT=DYNAMIC;
/*!40101 SET character_set_client = @saved_cs_client */;

--
-- Dumping data for table `cms_usergroups_levels`
--

LOCK TABLES `cms_usergroups_levels` WRITE;
/*!40000 ALTER TABLE `cms_usergroups_levels` DISABLE KEYS */;
INSERT INTO `cms_usergroups_levels` VALUES (1,100,'Admin user - in charge of an organisation','Admin'),(2,10,'Coordinator - in charge of a base','Coordinator'),(3,5,'User - regular volunteer/employee','User');
/*!40000 ALTER TABLE `cms_usergroups_levels` ENABLE KEYS */;
UNLOCK TABLES;

--
-- Table structure for table `cms_usergroups_roles`
--

DROP TABLE IF EXISTS `cms_usergroups_roles`;
/*!40101 SET @saved_cs_client     = @@character_set_client */;
/*!40101 SET character_set_client = utf8 */;
CREATE TABLE `cms_usergroups_roles` (
  `cms_usergroups_id` int unsigned NOT NULL,
  `auth0_role_id` varchar(255) NOT NULL,
  `auth0_role_name` varchar(255) NOT NULL,
  UNIQUE KEY `cms_usergroups_id_2` (`cms_usergroups_id`,`auth0_role_id`),
  KEY `cms_usergroups_id` (`cms_usergroups_id`),
  CONSTRAINT `cms_usergroups_roles_ibfk_1` FOREIGN KEY (`cms_usergroups_id`) REFERENCES `cms_usergroups` (`id`) ON DELETE CASCADE ON UPDATE CASCADE
) ENGINE=InnoDB DEFAULT CHARSET=utf8;
/*!40101 SET character_set_client = @saved_cs_client */;

--
-- Dumping data for table `cms_usergroups_roles`
--

LOCK TABLES `cms_usergroups_roles` WRITE;
/*!40000 ALTER TABLE `cms_usergroups_roles` DISABLE KEYS */;
INSERT INTO `cms_usergroups_roles` VALUES (1,'rol_tP8t9gMxhO1Odtdw','administrator'),(2,'rol_ikoAfB3X8XsYE53Q','base_1_coordinator'),(3,'rol_6UTsIPfIXEKc1Crb','base_1_warehouse_volunteer'),(4,'rol_dsLXI5Y57Pn12sZK','base_1_free_shop_volunteer'),(5,'rol_KTuNwBRta6rPxuMG','base_1_library_volunteer'),(6,'rol_6UTsIPfIXEKc1Crb','base_1_warehouse_volunteer'),(6,'rol_dsLXI5Y57Pn12sZK','base_1_free_shop_volunteer'),(10,'rol_tP8t9gMxhO1Odtdw','administrator'),(11,'rol_Os7B4cF6iYL4uP21','base_2_coordinator'),(12,'rol_mp6kerNE9m3Y3Vv9','base_3_coordinator'),(13,'rol_eP67iKpEytUwVHe1','base_2_warehouse_volunteer'),(13,'rol_saz3LuVVzQW4pqDN','base_2_free_shop_volunteer'),(14,'rol_cxbdyyvarrBKQ5YY','base_3_free_shop_volunteer'),(14,'rol_GdH9cMxlemLAqa9q','base_3_warehouse_volunteer'),(15,'rol_mp6kerNE9m3Y3Vv9','base_3_coordinator'),(15,'rol_Os7B4cF6iYL4uP21','base_2_coordinator'),(16,'rol_cxbdyyvarrBKQ5YY','base_3_free_shop_volunteer'),(16,'rol_eP67iKpEytUwVHe1','base_2_warehouse_volunteer'),(16,'rol_GdH9cMxlemLAqa9q','base_3_warehouse_volunteer'),(16,'rol_saz3LuVVzQW4pqDN','base_2_free_shop_volunteer'),(17,'rol_3P3f4fcQScpVdoJV','base_4_coordinator'),(18,'rol_w72KK37egDY1uUNT','base_4_warehouse_volunteer'),(18,'rol_XTIQFQ3b26s3DjZV','base_4_free_shop_volunteer'),(19,'rol_w72KK37egDY1uUNT','base_4_warehouse_volunteer'),(20,'rol_XTIQFQ3b26s3DjZV','base_4_free_shop_volunteer'),(21,'rol_AHcJDFIYs00BHWEc','base_4_label_creation'),(100000000,'rol_fhYTMz4oiXK9ki2N','base_100000000_free_shop_volunteer'),(100000000,'rol_yQmOjE9C3KzvBABo','base_100000000_warehouse_volunteer'),(100000001,'rol_sutkrMkV7cyeOyOa','base_100000000_coordinator'),(100000002,'rol_tP8t9gMxhO1Odtdw','administrator'),(100000196,'rol_dHNaTI3f4asED721','base_1_label_creation'),(100000197,'rol_GdH9cMxlemLAqa9q','base_3_warehouse_volunteer'),(100000198,'rol_cxbdyyvarrBKQ5YY','base_3_free_shop_volunteer'),(100000199,'rol_Gr4AyKgB3HgkfWvV','base_3_label_creation'),(100000200,'rol_eP67iKpEytUwVHe1','base_2_warehouse_volunteer'),(100000201,'rol_saz3LuVVzQW4pqDN','base_2_free_shop_volunteer'),(100000202,'rol_0yLzH9v6gvBdT5uD','base_2_label_creation'),(100000203,'rol_yQmOjE9C3KzvBABo','base_100000000_warehouse_volunteer'),(100000204,'rol_fhYTMz4oiXK9ki2N','base_100000000_free_shop_volunteer'),(100000205,'rol_sa3ecDrvvbSS2L6s','base_100000000_label_creation'),(100000206,'rol_tP8t9gMxhO1Odtdw','administrator'),(100000207,'rol_frAcTDH8CeCb7P0I','base_100000001_coordinator'),(100000208,'rol_4bw3b4Y0BJLnXh2x','base_100000001_warehouse_volunteer'),(100000208,'rol_FQpwSEpzBol859GG','base_100000001_free_shop_volunteer'),(100000209,'rol_4bw3b4Y0BJLnXh2x','base_100000001_warehouse_volunteer'),(100000210,'rol_FQpwSEpzBol859GG','base_100000001_free_shop_volunteer'),(100000211,'rol_YRUA56fYsnv3FocH','base_100000001_label_creation');
/*!40000 ALTER TABLE `cms_usergroups_roles` ENABLE KEYS */;
UNLOCK TABLES;

--
-- Table structure for table `cms_users`
--

DROP TABLE IF EXISTS `cms_users`;
/*!40101 SET @saved_cs_client     = @@character_set_client */;
/*!40101 SET character_set_client = utf8 */;
CREATE TABLE `cms_users` (
  `id` int unsigned NOT NULL AUTO_INCREMENT,
  `pass` varchar(40) CHARACTER SET utf8 COLLATE utf8_general_ci NOT NULL DEFAULT '',
  `naam` varchar(100) CHARACTER SET utf8 COLLATE utf8_general_ci NOT NULL DEFAULT '',
  `email` varchar(255) CHARACTER SET utf8 COLLATE utf8_general_ci DEFAULT NULL,
  `is_admin` tinyint NOT NULL DEFAULT '0',
  `lastlogin` datetime NOT NULL,
  `lastaction` datetime NOT NULL,
  `created` datetime DEFAULT NULL,
  `created_by` int unsigned DEFAULT NULL,
  `modified` datetime DEFAULT NULL,
  `modified_by` int unsigned DEFAULT NULL,
  `resetpassword` varchar(255) CHARACTER SET utf8 COLLATE utf8_bin DEFAULT NULL,
  `language` int unsigned DEFAULT NULL,
  `deleted` datetime NOT NULL,
  `cms_usergroups_id` int unsigned DEFAULT NULL,
  `valid_firstday` date DEFAULT NULL,
  `valid_lastday` date DEFAULT NULL,
  PRIMARY KEY (`id`),
  UNIQUE KEY `email` (`email`),
  KEY `cms_usergroups_id` (`cms_usergroups_id`),
  KEY `language` (`language`),
  KEY `created_by` (`created_by`),
  KEY `modified_by` (`modified_by`),
  CONSTRAINT `cms_users_ibfk_2` FOREIGN KEY (`cms_usergroups_id`) REFERENCES `cms_usergroups` (`id`) ON UPDATE CASCADE,
  CONSTRAINT `cms_users_ibfk_3` FOREIGN KEY (`language`) REFERENCES `languages` (`id`) ON UPDATE CASCADE,
  CONSTRAINT `cms_users_ibfk_4` FOREIGN KEY (`created_by`) REFERENCES `cms_users` (`id`) ON DELETE SET NULL ON UPDATE CASCADE,
  CONSTRAINT `cms_users_ibfk_5` FOREIGN KEY (`modified_by`) REFERENCES `cms_users` (`id`) ON DELETE SET NULL ON UPDATE CASCADE
) ENGINE=InnoDB AUTO_INCREMENT=100000364 DEFAULT CHARSET=utf8 COLLATE=utf8_bin ROW_FORMAT=DYNAMIC;
/*!40101 SET character_set_client = @saved_cs_client */;

--
-- Dumping data for table `cms_users`
--

LOCK TABLES `cms_users` WRITE;
/*!40000 ALTER TABLE `cms_users` DISABLE KEYS */;
INSERT INTO `cms_users` VALUES (1,'bf13b44feae208fc808b1d6b2266edb7','some admin','some.admin@boxtribute.org',1,'0000-00-00 00:00:00','0000-00-00 00:00:00',NULL,NULL,NULL,NULL,'',2,'0000-00-00 00:00:00',NULL,NULL,NULL),(2,'bf13b44feae208fc808b1d6b2266edb7','Jane Doe','jane.doe@boxaid.co',0,'0000-00-00 00:00:00','0000-00-00 00:00:00',NULL,NULL,NULL,NULL,NULL,2,'0000-00-00 00:00:00',1,'0000-00-00','0000-00-00'),(3,'bf13b44feae208fc808b1d6b2266edb7','Joe Doe','joe.doe@boxaid.co',0,'0000-00-00 00:00:00','0000-00-00 00:00:00',NULL,NULL,NULL,NULL,NULL,2,'0000-00-00 00:00:00',2,'0000-00-00','0000-00-00'),(4,'bf13b44feae208fc808b1d6b2266edb7','Volunteer','stagingenv_volunteer@boxtribute.org',0,'0000-00-00 00:00:00','0000-00-00 00:00:00',NULL,NULL,NULL,NULL,NULL,2,'0000-00-00 00:00:00',3,'0000-00-00','0000-00-00'),(5,'bf13b44feae208fc808b1d6b2266edb7','Coordinator','stagingenv_coordinator@boxtribute.org',0,'0000-00-00 00:00:00','0000-00-00 00:00:00',NULL,NULL,NULL,NULL,NULL,2,'0000-00-00 00:00:00',2,'0000-00-00','0000-00-00'),(6,'bf13b44feae208fc808b1d6b2266edb7','Head of Operations','stagingenv_headofops@boxtribute.org',0,'0000-00-00 00:00:00','0000-00-00 00:00:00',NULL,NULL,NULL,NULL,NULL,2,'0000-00-00 00:00:00',1,'0000-00-00','0000-00-00'),(7,'bf13b44feae208fc808b1d6b2266edb7','Dev Volunteer','dev_volunteer@boxaid.org',0,'0000-00-00 00:00:00','0000-00-00 00:00:00',NULL,NULL,NULL,NULL,NULL,2,'0000-00-00 00:00:00',3,'0000-00-00','0000-00-00'),(8,'bf13b44feae208fc808b1d6b2266edb7','Dev Coordinator','dev_coordinator@boxaid.org',0,'0000-00-00 00:00:00','0000-00-00 00:00:00',NULL,NULL,NULL,NULL,NULL,2,'0000-00-00 00:00:00',2,'0000-00-00','0000-00-00'),(9,'bf13b44feae208fc808b1d6b2266edb7','Dev Head of Operations','dev_headofops@boxaid.org',0,'0000-00-00 00:00:00','0000-00-00 00:00:00',NULL,NULL,NULL,NULL,NULL,2,'0000-00-00 00:00:00',1,'0000-00-00','0000-00-00'),(10,'bf13b44feae208fc808b1d6b2266edb7','Jane Doe','jane.doe@boxcare.co',0,'0000-00-00 00:00:00','0000-00-00 00:00:00',NULL,NULL,NULL,NULL,NULL,2,'0000-00-00 00:00:00',10,'0000-00-00','0000-00-00'),(11,'bf13b44feae208fc808b1d6b2266edb7','Joe Doe','joe.doe@boxcare.co',0,'0000-00-00 00:00:00','0000-00-00 00:00:00',NULL,NULL,NULL,NULL,NULL,2,'0000-00-00 00:00:00',11,'0000-00-00','0000-00-00'),(12,'bf13b44feae208fc808b1d6b2266edb7','Sam Sample','sam.sample@boxcare.co',0,'0000-00-00 00:00:00','0000-00-00 00:00:00',NULL,NULL,NULL,NULL,NULL,2,'0000-00-00 00:00:00',12,'0000-00-00','0000-00-00'),(15,'bf13b44feae208fc808b1d6b2266edb7','Joe Bloggs','joe.bloggs@boxcare.co',0,'0000-00-00 00:00:00','0000-00-00 00:00:00',NULL,NULL,NULL,NULL,NULL,2,'0000-00-00 00:00:00',15,'0000-00-00','0000-00-00'),(16,'bf13b44feae208fc808b1d6b2266edb7','Dev Volunteer','dev_volunteer@boxcare.org',0,'0000-00-00 00:00:00','0000-00-00 00:00:00',NULL,NULL,NULL,NULL,NULL,2,'0000-00-00 00:00:00',16,'0000-00-00','0000-00-00'),(17,'bf13b44feae208fc808b1d6b2266edb7','Dev Coordinator','dev_coordinator@boxcare.org',0,'0000-00-00 00:00:00','0000-00-00 00:00:00',NULL,NULL,NULL,NULL,NULL,2,'0000-00-00 00:00:00',15,'0000-00-00','0000-00-00'),(18,'bf13b44feae208fc808b1d6b2266edb7','Dev Head of Operations','dev_headofops@boxcare.org',0,'0000-00-00 00:00:00','0000-00-00 00:00:00',NULL,NULL,NULL,NULL,NULL,2,'0000-00-00 00:00:00',10,'0000-00-00','0000-00-00'),(19,'bf13b44feae208fc808b1d6b2266edb7','Another Dev Volunteer','another_dev_volunteer@boxcare.org',0,'0000-00-00 00:00:00','0000-00-00 00:00:00',NULL,NULL,NULL,NULL,NULL,2,'0000-00-00 00:00:00',18,'0000-00-00','0000-00-00'),(20,'bf13b44feae208fc808b1d6b2266edb7','Another Dev Coordinator','another_dev_coordinatorr@boxcare.org',0,'0000-00-00 00:00:00','0000-00-00 00:00:00',NULL,NULL,NULL,NULL,NULL,2,'0000-00-00 00:00:00',17,'0000-00-00','0000-00-00'),(23,'bf13b44feae208fc808b1d6b2266edb7','Lesvos Warehouse Volunteer','warehouse.volunteer@lesvos.org',0,'0000-00-00 00:00:00','0000-00-00 00:00:00',NULL,NULL,NULL,NULL,NULL,2,'0000-00-00 00:00:00',3,'0000-00-00','0000-00-00'),(24,'bf13b44feae208fc808b1d6b2266edb7','Lesvos Free Shop Volunteer','freeshop.volunteer@lesvos.org',0,'0000-00-00 00:00:00','0000-00-00 00:00:00',NULL,NULL,NULL,NULL,NULL,2,'0000-00-00 00:00:00',4,'0000-00-00','0000-00-00'),(25,'bf13b44feae208fc808b1d6b2266edb7','Lesvos Library Volunteer','library.volunteer@lesvos.org',0,'0000-00-00 00:00:00','0000-00-00 00:00:00',NULL,NULL,NULL,NULL,NULL,2,'0000-00-00 00:00:00',5,'0000-00-00','0000-00-00'),(31,'bf13b44feae208fc808b1d6b2266edb7','Thessaloniki Coordinator','coordinator@thessaloniki.org',0,'0000-00-00 00:00:00','0000-00-00 00:00:00',NULL,NULL,NULL,NULL,NULL,2,'0000-00-00 00:00:00',11,'0000-00-00','0000-00-00'),(32,'bf13b44feae208fc808b1d6b2266edb7','Samos Coordinator','coordinator@samos.org',0,'0000-00-00 00:00:00','0000-00-00 00:00:00',NULL,NULL,NULL,NULL,NULL,2,'0000-00-00 00:00:00',12,'0000-00-00','0000-00-00'),(33,'bf13b44feae208fc808b1d6b2266edb7','Thessaloniki Volunteer','volunteer@thessaloniki.org',0,'0000-00-00 00:00:00','0000-00-00 00:00:00',NULL,NULL,NULL,NULL,NULL,2,'0000-00-00 00:00:00',13,'0000-00-00','0000-00-00'),(34,'bf13b44feae208fc808b1d6b2266edb7','Samos Volunteer','volunteer@samos.org',0,'0000-00-00 00:00:00','0000-00-00 00:00:00',NULL,NULL,NULL,NULL,NULL,2,'0000-00-00 00:00:00',14,'0000-00-00','0000-00-00'),(37,'bf13b44feae208fc808b1d6b2266edb7','Athens Coordinator','coordinator@athens.org',0,'0000-00-00 00:00:00','0000-00-00 00:00:00',NULL,NULL,NULL,NULL,NULL,2,'0000-00-00 00:00:00',17,'0000-00-00','0000-00-00'),(38,'bf13b44feae208fc808b1d6b2266edb7','Athens Volunteer','volunteer@athens.org',0,'0000-00-00 00:00:00','0000-00-00 00:00:00',NULL,NULL,NULL,NULL,NULL,2,'0000-00-00 00:00:00',18,'0000-00-00','0000-00-00'),(39,'bf13b44feae208fc808b1d6b2266edb7','Athens Warehouse Volunteer','warehouse.volunteer@athens.org',0,'0000-00-00 00:00:00','0000-00-00 00:00:00',NULL,NULL,NULL,NULL,NULL,2,'0000-00-00 00:00:00',19,'0000-00-00','0000-00-00'),(40,'bf13b44feae208fc808b1d6b2266edb7','Athens Free Shop Volunteer','freeshop.volunteer@athens.org',0,'0000-00-00 00:00:00','0000-00-00 00:00:00',NULL,NULL,NULL,NULL,NULL,2,'0000-00-00 00:00:00',20,'0000-00-00','0000-00-00'),(41,'bf13b44feae208fc808b1d6b2266edb7','Athens Label','label@athens.org',0,'0000-00-00 00:00:00','0000-00-00 00:00:00',NULL,NULL,NULL,NULL,NULL,2,'0000-00-00 00:00:00',21,'0000-00-00','0000-00-00'),(100000000,'bf13b44feae208fc808b1d6b2266edb7','BrowserTestUser_Admin','admin@admin.co',0,'0000-00-00 00:00:00','0000-00-00 00:00:00','2019-07-10 08:10:40',1,NULL,NULL,NULL,2,'0000-00-00 00:00:00',100000002,'0000-00-00','0000-00-00'),(100000001,'bf13b44feae208fc808b1d6b2266edb7','BrowserTestUser_Coordinator','coordinator@coordinator.co',0,'0000-00-00 00:00:00','0000-00-00 00:00:00','2019-07-10 08:11:08',1,NULL,NULL,NULL,2,'0000-00-00 00:00:00',100000001,'0000-00-00','0000-00-00'),(100000002,'bf13b44feae208fc808b1d6b2266edb7','BrowserTestUser_User','user@user.co',0,'0000-00-00 00:00:00','0000-00-00 00:00:00','2019-07-10 08:11:31',1,NULL,NULL,NULL,2,'0000-00-00 00:00:00',100000000,'0000-00-00','0000-00-00'),(100000003,'bf13b44feae208fc808b1d6b2266edb7','NotActived','notactivated@notactivated.com',0,'0000-00-00 00:00:00','0000-00-00 00:00:00','2019-07-10 08:14:35',1,NULL,NULL,NULL,2,'0000-00-00 00:00:00',100000000,'2119-07-20','2119-07-31'),(100000004,'bf13b44feae208fc808b1d6b2266edb7','Expired User','expired@expired.co',0,'0000-00-00 00:00:00','0000-00-00 00:00:00','2019-07-10 08:14:58',1,NULL,NULL,NULL,2,'0000-00-00 00:00:00',100000000,'2019-07-01','2019-07-09'),(100000005,'bf13b44feae208fc808b1d6b2266edb7','Deleted User','deleted@deleted.co.deleted.100000005',0,'0000-00-00 00:00:00','0000-00-00 00:00:00','2019-07-10 08:15:42',1,'2019-07-10 08:15:50',1,NULL,2,'2019-07-10 08:15:50',100000000,'0000-00-00','0000-00-00'),(100000006,'bf13b44feae208fc808b1d6b2266edb7','BrowserTestUser_NoPermissions','nopermissions@nopermissions.co',0,'0000-00-00 00:00:00','0000-00-00 00:00:00','2019-07-10 08:11:31',1,NULL,NULL,NULL,2,'0000-00-00 00:00:00',100000003,'0000-00-00','0000-00-00'),(100000007,'bf13b44feae208fc808b1d6b2266edb7','BrowserTestUser_DeactivateTest','deactivatetest@deactivatetest.co',0,'0000-00-00 00:00:00','0000-00-00 00:00:00','2019-07-10 08:11:31',1,NULL,NULL,NULL,2,'0000-00-00 00:00:00',100000000,'0000-00-00','0000-00-00'),(100000008,'bf13b44feae208fc808b1d6b2266edb7','BrowserTestUser_Pending','pending@pending.co',0,'0000-00-00 00:00:00','0000-00-00 00:00:00','2019-07-10 08:11:31',1,NULL,NULL,NULL,2,'0000-00-00 00:00:00',100000000,'2022-12-20','2023-12-20'),(100000009,'bf13b44feae208fc808b1d6b2266edb7','Deleted Coordinator','deleted_coordinator@deleted.co.deleted.100000009',0,'0000-00-00 00:00:00','0000-00-00 00:00:00','2019-07-10 08:15:42',1,'2019-07-10 08:15:50',1,NULL,2,'2019-07-10 08:15:50',100000001,'2018-05-26','2019-05-26'),(100000010,'bf13b44feae208fc808b1d6b2266edb7','Deleted Admin','deleted_admin@deleted.co.deleted.100000010',0,'0000-00-00 00:00:00','0000-00-00 00:00:00','2019-07-10 08:15:42',1,'2019-07-10 08:15:50',1,NULL,2,'2019-07-10 08:15:50',100000002,'0000-00-00','0000-00-00'),(100000011,'bf13b44feae208fc808b1d6b2266edb7','Expired Coordinator','expired_coordinator@expired.co',0,'0000-00-00 00:00:00','0000-00-00 00:00:00','2019-07-10 08:14:58',1,NULL,NULL,NULL,2,'0000-00-00 00:00:00',100000001,'2017-04-11','2017-05-28'),(100000012,'bf13b44feae208fc808b1d6b2266edb7','Expired Admin','expired_admin@expired.co',0,'0000-00-00 00:00:00','0000-00-00 00:00:00','2019-07-10 08:14:58',1,NULL,NULL,NULL,2,'0000-00-00 00:00:00',100000002,'2017-04-11','2017-05-28');
/*!40000 ALTER TABLE `cms_users` ENABLE KEYS */;
UNLOCK TABLES;

--
-- Table structure for table `distro_events`
--

DROP TABLE IF EXISTS `distro_events`;
/*!40101 SET @saved_cs_client     = @@character_set_client */;
/*!40101 SET character_set_client = utf8 */;
CREATE TABLE `distro_events` (
  `id` int unsigned NOT NULL AUTO_INCREMENT,
  `name` varchar(255) DEFAULT NULL,
  `planned_start_date_time` datetime NOT NULL,
  `planned_end_date_time` datetime NOT NULL,
  `location_id` int unsigned NOT NULL,
  `distro_event_tracking_group_id` int unsigned DEFAULT NULL,
  `state` varchar(255) NOT NULL DEFAULT 'Planning',
  `created_on` datetime NOT NULL,
  `created_by` int unsigned DEFAULT NULL,
  `deleted_on` datetime DEFAULT NULL,
  `modified_on` datetime DEFAULT NULL,
  `modified_by` int unsigned DEFAULT NULL,
  PRIMARY KEY (`id`),
  KEY `distro_events_planned_start_date_time` (`planned_start_date_time`),
  KEY `distro_events_planned_end_date_time` (`planned_end_date_time`),
  KEY `distro_events_state` (`state`),
  KEY `distro_events_modified_on` (`modified_on`),
  KEY `distro_events_created_on` (`created_on`),
  KEY `distro_events_deleted_on` (`deleted_on`),
  KEY `location_id` (`location_id`),
  KEY `created_by` (`created_by`),
  KEY `modified_by` (`modified_by`),
  KEY `distro_event_tracking_group_id` (`distro_event_tracking_group_id`),
  CONSTRAINT `distro_events_ibfk_1` FOREIGN KEY (`location_id`) REFERENCES `locations` (`id`) ON DELETE RESTRICT ON UPDATE CASCADE,
  CONSTRAINT `distro_events_ibfk_2` FOREIGN KEY (`created_by`) REFERENCES `cms_users` (`id`) ON DELETE SET NULL ON UPDATE CASCADE,
  CONSTRAINT `distro_events_ibfk_3` FOREIGN KEY (`modified_by`) REFERENCES `cms_users` (`id`) ON DELETE SET NULL ON UPDATE CASCADE,
  CONSTRAINT `distro_events_ibfk_4` FOREIGN KEY (`distro_event_tracking_group_id`) REFERENCES `distro_events_tracking_groups` (`id`) ON DELETE RESTRICT ON UPDATE CASCADE
) ENGINE=InnoDB DEFAULT CHARSET=utf8 ROW_FORMAT=DYNAMIC;
/*!40101 SET character_set_client = @saved_cs_client */;

--
-- Dumping data for table `distro_events`
--

LOCK TABLES `distro_events` WRITE;
/*!40000 ALTER TABLE `distro_events` DISABLE KEYS */;
/*!40000 ALTER TABLE `distro_events` ENABLE KEYS */;
UNLOCK TABLES;

--
-- Table structure for table `distro_events_packing_list_entries`
--

DROP TABLE IF EXISTS `distro_events_packing_list_entries`;
/*!40101 SET @saved_cs_client     = @@character_set_client */;
/*!40101 SET character_set_client = utf8 */;
CREATE TABLE `distro_events_packing_list_entries` (
  `id` int unsigned NOT NULL AUTO_INCREMENT,
  `product_id` int unsigned NOT NULL,
  `number_of_items` int NOT NULL,
  `size_id` int unsigned NOT NULL,
  `distro_event_id` int unsigned NOT NULL,
  `state` varchar(255) NOT NULL,
  `created_on` datetime NOT NULL,
  `created_by` int unsigned DEFAULT NULL,
  `modified_on` datetime DEFAULT NULL,
  `modified_by` int unsigned DEFAULT NULL,
  PRIMARY KEY (`id`),
  KEY `distro_events_packing_list_entries_state` (`state`),
  KEY `distro_events_packing_list_entries_created_on` (`created_on`),
  KEY `distro_events_packing_list_entries_modified_on` (`modified_on`),
  KEY `distro_event_id` (`distro_event_id`),
  KEY `product_id` (`product_id`),
  KEY `size_id` (`size_id`),
  KEY `created_by` (`created_by`),
  KEY `modified_by` (`modified_by`),
  CONSTRAINT `distro_events_packing_list_entries_ibfk_1` FOREIGN KEY (`distro_event_id`) REFERENCES `distro_events` (`id`) ON DELETE RESTRICT ON UPDATE CASCADE,
  CONSTRAINT `distro_events_packing_list_entries_ibfk_2` FOREIGN KEY (`product_id`) REFERENCES `products` (`id`) ON DELETE RESTRICT ON UPDATE CASCADE,
  CONSTRAINT `distro_events_packing_list_entries_ibfk_3` FOREIGN KEY (`size_id`) REFERENCES `sizes` (`id`) ON DELETE RESTRICT ON UPDATE CASCADE,
  CONSTRAINT `distro_events_packing_list_entries_ibfk_4` FOREIGN KEY (`created_by`) REFERENCES `cms_users` (`id`) ON DELETE SET NULL ON UPDATE CASCADE,
  CONSTRAINT `distro_events_packing_list_entries_ibfk_5` FOREIGN KEY (`modified_by`) REFERENCES `cms_users` (`id`) ON DELETE SET NULL ON UPDATE CASCADE
) ENGINE=InnoDB DEFAULT CHARSET=utf8 ROW_FORMAT=DYNAMIC;
/*!40101 SET character_set_client = @saved_cs_client */;

--
-- Dumping data for table `distro_events_packing_list_entries`
--

LOCK TABLES `distro_events_packing_list_entries` WRITE;
/*!40000 ALTER TABLE `distro_events_packing_list_entries` DISABLE KEYS */;
/*!40000 ALTER TABLE `distro_events_packing_list_entries` ENABLE KEYS */;
UNLOCK TABLES;

--
-- Table structure for table `distro_events_tracking_groups`
--

DROP TABLE IF EXISTS `distro_events_tracking_groups`;
/*!40101 SET @saved_cs_client     = @@character_set_client */;
/*!40101 SET character_set_client = utf8 */;
CREATE TABLE `distro_events_tracking_groups` (
  `id` int unsigned NOT NULL AUTO_INCREMENT,
  `group_name` varchar(255) DEFAULT NULL,
  `base_id` int unsigned NOT NULL,
  `state` varchar(255) NOT NULL DEFAULT 'In Progress',
  `created_on` datetime NOT NULL,
  `created_by` int unsigned DEFAULT NULL,
  `modified_on` datetime DEFAULT NULL,
  `modified_by` int unsigned DEFAULT NULL,
  PRIMARY KEY (`id`),
  KEY `distro_events_tracking_groups_state` (`state`),
  KEY `distro_events_tracking_groups_created_on` (`created_on`),
  KEY `distro_events_tracking_groups_modified_on` (`modified_on`),
  KEY `base_id` (`base_id`),
  KEY `created_by` (`created_by`),
  KEY `modified_by` (`modified_by`),
  CONSTRAINT `distro_events_tracking_groups_ibfk_1` FOREIGN KEY (`base_id`) REFERENCES `camps` (`id`) ON DELETE RESTRICT ON UPDATE CASCADE,
  CONSTRAINT `distro_events_tracking_groups_ibfk_2` FOREIGN KEY (`created_by`) REFERENCES `cms_users` (`id`) ON DELETE SET NULL ON UPDATE CASCADE,
  CONSTRAINT `distro_events_tracking_groups_ibfk_3` FOREIGN KEY (`modified_by`) REFERENCES `cms_users` (`id`) ON DELETE SET NULL ON UPDATE CASCADE
) ENGINE=InnoDB DEFAULT CHARSET=utf8 ROW_FORMAT=DYNAMIC;
/*!40101 SET character_set_client = @saved_cs_client */;

--
-- Dumping data for table `distro_events_tracking_groups`
--

LOCK TABLES `distro_events_tracking_groups` WRITE;
/*!40000 ALTER TABLE `distro_events_tracking_groups` DISABLE KEYS */;
/*!40000 ALTER TABLE `distro_events_tracking_groups` ENABLE KEYS */;
UNLOCK TABLES;

--
-- Table structure for table `distro_events_tracking_logs`
--

DROP TABLE IF EXISTS `distro_events_tracking_logs`;
/*!40101 SET @saved_cs_client     = @@character_set_client */;
/*!40101 SET character_set_client = utf8 */;
CREATE TABLE `distro_events_tracking_logs` (
  `id` int unsigned NOT NULL AUTO_INCREMENT,
  `product_id` int unsigned NOT NULL,
  `number_of_items` int NOT NULL,
  `size_id` int unsigned NOT NULL,
  `location_id` int unsigned DEFAULT NULL,
  `flow_direction` varchar(255) DEFAULT NULL,
  `distro_event_tracking_group_id` int unsigned DEFAULT NULL,
  `date` datetime NOT NULL,
  `details` text,
  PRIMARY KEY (`id`),
  KEY `distro_events_tracking_logs_date` (`date`),
  KEY `product_id` (`product_id`),
  KEY `size_id` (`size_id`),
  KEY `distro_events_tracking_logs_flow_direction` (`flow_direction`),
  KEY `location_id` (`location_id`),
  KEY `distro_event_tracking_group_id` (`distro_event_tracking_group_id`),
  CONSTRAINT `distro_events_tracking_logs_ibfk_2` FOREIGN KEY (`product_id`) REFERENCES `products` (`id`) ON DELETE RESTRICT ON UPDATE CASCADE,
  CONSTRAINT `distro_events_tracking_logs_ibfk_3` FOREIGN KEY (`size_id`) REFERENCES `sizes` (`id`) ON DELETE RESTRICT ON UPDATE CASCADE,
  CONSTRAINT `distro_events_tracking_logs_ibfk_4` FOREIGN KEY (`location_id`) REFERENCES `locations` (`id`) ON DELETE RESTRICT ON UPDATE CASCADE,
  CONSTRAINT `distro_events_tracking_logs_ibfk_5` FOREIGN KEY (`distro_event_tracking_group_id`) REFERENCES `distro_events_tracking_groups` (`id`) ON DELETE RESTRICT ON UPDATE CASCADE
) ENGINE=InnoDB DEFAULT CHARSET=utf8 ROW_FORMAT=DYNAMIC;
/*!40101 SET character_set_client = @saved_cs_client */;

--
-- Dumping data for table `distro_events_tracking_logs`
--

LOCK TABLES `distro_events_tracking_logs` WRITE;
/*!40000 ALTER TABLE `distro_events_tracking_logs` DISABLE KEYS */;
/*!40000 ALTER TABLE `distro_events_tracking_logs` ENABLE KEYS */;
UNLOCK TABLES;

--
-- Table structure for table `distro_events_unboxed_item_collections`
--

DROP TABLE IF EXISTS `distro_events_unboxed_item_collections`;
/*!40101 SET @saved_cs_client     = @@character_set_client */;
/*!40101 SET character_set_client = utf8 */;
CREATE TABLE `distro_events_unboxed_item_collections` (
  `id` int unsigned NOT NULL AUTO_INCREMENT,
  `product_id` int unsigned NOT NULL,
  `number_of_items` int NOT NULL,
  `size_id` int unsigned NOT NULL,
  `distro_event_id` int unsigned NOT NULL,
  `location_id` int unsigned NOT NULL,
  `box_state_id` int unsigned NOT NULL DEFAULT '1',
  `comments` varchar(255) DEFAULT NULL,
  `created_on` datetime NOT NULL,
  `created_by` int unsigned DEFAULT NULL,
  `modified_on` datetime DEFAULT NULL,
  `modified_by` int unsigned DEFAULT NULL,
  PRIMARY KEY (`id`),
  KEY `distro_events_unboxed_item_collections_created_on` (`created_on`),
  KEY `distro_events_unboxed_item_collections_modified_on` (`modified_on`),
  KEY `distro_event_id` (`distro_event_id`),
  KEY `product_id` (`product_id`),
  KEY `box_state_id` (`box_state_id`),
  KEY `size_id` (`size_id`),
  KEY `location_id` (`location_id`),
  KEY `created_by` (`created_by`),
  KEY `modified_by` (`modified_by`),
  CONSTRAINT `distro_events_unboxed_item_collections_ibfk_1` FOREIGN KEY (`distro_event_id`) REFERENCES `distro_events` (`id`) ON DELETE RESTRICT ON UPDATE CASCADE,
  CONSTRAINT `distro_events_unboxed_item_collections_ibfk_2` FOREIGN KEY (`product_id`) REFERENCES `products` (`id`) ON DELETE RESTRICT ON UPDATE CASCADE,
  CONSTRAINT `distro_events_unboxed_item_collections_ibfk_3` FOREIGN KEY (`box_state_id`) REFERENCES `box_state` (`id`) ON DELETE RESTRICT ON UPDATE CASCADE,
  CONSTRAINT `distro_events_unboxed_item_collections_ibfk_4` FOREIGN KEY (`size_id`) REFERENCES `sizes` (`id`) ON DELETE RESTRICT ON UPDATE CASCADE,
  CONSTRAINT `distro_events_unboxed_item_collections_ibfk_5` FOREIGN KEY (`location_id`) REFERENCES `locations` (`id`) ON DELETE RESTRICT ON UPDATE CASCADE,
  CONSTRAINT `distro_events_unboxed_item_collections_ibfk_6` FOREIGN KEY (`created_by`) REFERENCES `cms_users` (`id`) ON DELETE SET NULL ON UPDATE CASCADE,
  CONSTRAINT `distro_events_unboxed_item_collections_ibfk_7` FOREIGN KEY (`modified_by`) REFERENCES `cms_users` (`id`) ON DELETE SET NULL ON UPDATE CASCADE
) ENGINE=InnoDB DEFAULT CHARSET=utf8 ROW_FORMAT=DYNAMIC;
/*!40101 SET character_set_client = @saved_cs_client */;

--
-- Dumping data for table `distro_events_unboxed_item_collections`
--

LOCK TABLES `distro_events_unboxed_item_collections` WRITE;
/*!40000 ALTER TABLE `distro_events_unboxed_item_collections` DISABLE KEYS */;
/*!40000 ALTER TABLE `distro_events_unboxed_item_collections` ENABLE KEYS */;
UNLOCK TABLES;

--
-- Table structure for table `genders`
--

DROP TABLE IF EXISTS `genders`;
/*!40101 SET @saved_cs_client     = @@character_set_client */;
/*!40101 SET character_set_client = utf8 */;
CREATE TABLE `genders` (
  `id` int unsigned NOT NULL AUTO_INCREMENT,
  `label` varchar(20) NOT NULL,
  `shortlabel` varchar(255) DEFAULT NULL,
  `seq` int DEFAULT NULL,
  `created` datetime DEFAULT NULL,
  `created_by` int unsigned DEFAULT NULL,
  `modified` datetime DEFAULT NULL,
  `modified_by` int unsigned DEFAULT NULL,
  `male` tinyint(1) NOT NULL DEFAULT '0',
  `female` tinyint(1) NOT NULL DEFAULT '0',
  `adult` tinyint(1) NOT NULL DEFAULT '0',
  `child` tinyint(1) NOT NULL DEFAULT '0',
  `baby` tinyint(1) NOT NULL DEFAULT '0',
  `color` varchar(20) NOT NULL,
  PRIMARY KEY (`id`),
  KEY `created_by` (`created_by`),
  KEY `modified_by` (`modified_by`),
  CONSTRAINT `genders_ibfk_1` FOREIGN KEY (`created_by`) REFERENCES `cms_users` (`id`) ON DELETE SET NULL ON UPDATE CASCADE,
  CONSTRAINT `genders_ibfk_2` FOREIGN KEY (`modified_by`) REFERENCES `cms_users` (`id`) ON DELETE SET NULL ON UPDATE CASCADE
) ENGINE=InnoDB AUTO_INCREMENT=14 DEFAULT CHARSET=utf8 ROW_FORMAT=DYNAMIC;
/*!40101 SET character_set_client = @saved_cs_client */;

--
-- Dumping data for table `genders`
--

LOCK TABLES `genders` WRITE;
/*!40000 ALTER TABLE `genders` DISABLE KEYS */;
INSERT INTO `genders` VALUES
  (1,'Female','Female',1,NULL,NULL,NULL,NULL,0,1,1,0,0,'0'),
  (2,'Male','Male',2,NULL,NULL,NULL,NULL,1,0,1,0,0,'0'),
  (3,'Unisex Adult','Unisex',3,NULL,NULL,NULL,NULL,1,1,1,0,0,'0'),
  (4,'Girl','Girl',4,NULL,NULL,NULL,NULL,0,1,0,1,0,'0'),
  (5,'Boy','Boy',5,NULL,NULL,NULL,NULL,1,0,0,1,0,'0'),
  (6,'Unisex Kid','Kid',7,NULL,NULL,NULL,NULL,1,1,0,1,0,'0'),
  (9,'Unisex Baby','Baby',8,NULL,NULL,NULL,NULL,1,1,0,0,0,'1'),
  (10,'-',NULL,0,NULL,NULL,NULL,NULL,1,1,1,1,1,'1'),
  (12,'Teen Girl','Girl',4,NULL,NULL,NULL,NULL,0,1,1,0,0,'0'),
  (13,'Teen Boy','Boy',5,NULL,NULL,NULL,NULL,1,0,1,0,0,'0');
/*!40000 ALTER TABLE `genders` ENABLE KEYS */;
UNLOCK TABLES;

--
-- Table structure for table `history`
--

DROP TABLE IF EXISTS `history`;
/*!40101 SET @saved_cs_client     = @@character_set_client */;
/*!40101 SET character_set_client = utf8 */;
CREATE TABLE `history` (
  `id` int unsigned NOT NULL AUTO_INCREMENT,
  `tablename` varchar(255) DEFAULT NULL,
  `record_id` int DEFAULT NULL,
  `changes` text,
  `user_id` int unsigned DEFAULT NULL,
  `ip` varchar(20) DEFAULT NULL,
  `changedate` datetime DEFAULT NULL,
  `from_int` int DEFAULT NULL,
  `to_int` int DEFAULT NULL,
  `from_float` float DEFAULT NULL,
  `to_float` float DEFAULT NULL,
  PRIMARY KEY (`id`),
  KEY `user_id` (`user_id`),
  KEY `recordid_changedate_composite_index` (`record_id`,`changedate`),
  KEY `tablename_recordid_changedate_composite_index` (`tablename`,`record_id`,`changedate`),
  CONSTRAINT `history_ibfk_1` FOREIGN KEY (`user_id`) REFERENCES `cms_users` (`id`) ON DELETE SET NULL ON UPDATE CASCADE
) ENGINE=InnoDB AUTO_INCREMENT=37239 DEFAULT CHARSET=utf8 ROW_FORMAT=DYNAMIC;
/*!40101 SET character_set_client = @saved_cs_client */;

--
-- Dumping data for table `history`
--

LOCK TABLES `history` WRITE;
/*!40000 ALTER TABLE `history` DISABLE KEYS */;
INSERT INTO `history` VALUES (30918,'tags',45,'Record created',3,NULL,'2024-05-28 09:03:23',NULL,NULL,NULL,NULL),(30919,'tags',46,'Record created',24,NULL,'2024-05-28 09:03:23',NULL,NULL,NULL,NULL),(30920,'tags',47,'Record created',9,NULL,'2024-05-28 09:03:23',NULL,NULL,NULL,NULL),(30921,'tags',48,'Record created',7,NULL,'2024-05-28 09:03:23',NULL,NULL,NULL,NULL),(30922,'tags',49,'Record created',25,NULL,'2024-05-28 09:03:23',NULL,NULL,NULL,NULL),(30923,'tags',50,'Record created',24,NULL,'2024-05-28 09:03:23',NULL,NULL,NULL,NULL),(30924,'tags',51,'Record created',5,NULL,'2024-05-28 09:03:23',NULL,NULL,NULL,NULL),(30925,'tags',52,'Record created',4,NULL,'2024-05-28 09:03:23',NULL,NULL,NULL,NULL),(30926,'tags',53,'Record created',24,NULL,'2024-05-28 09:03:23',NULL,NULL,NULL,NULL),(30927,'tags',54,'Record created',23,NULL,'2024-05-28 09:03:23',NULL,NULL,NULL,NULL),(30928,'tags',55,'Record created',25,NULL,'2024-05-28 09:03:23',NULL,NULL,NULL,NULL),(30929,'tags',56,'Record created',6,NULL,'2024-05-28 09:03:23',NULL,NULL,NULL,NULL),(30930,'tags',57,'Record created',8,NULL,'2024-05-28 09:03:23',NULL,NULL,NULL,NULL),(30931,'tags',58,'Record created',7,NULL,'2024-05-28 09:03:23',NULL,NULL,NULL,NULL),(30932,'tags',59,'Record created',23,NULL,'2024-05-28 09:03:23',NULL,NULL,NULL,NULL),(30933,'tags',60,'Record created',9,NULL,'2024-05-28 09:03:23',NULL,NULL,NULL,NULL),(30934,'tags',61,'Record created',24,NULL,'2024-05-28 09:03:23',NULL,NULL,NULL,NULL),(30935,'tags',62,'Record created',2,NULL,'2024-05-28 09:03:23',NULL,NULL,NULL,NULL),(30936,'tags',63,'Record created',7,NULL,'2024-05-28 09:03:23',NULL,NULL,NULL,NULL),(30937,'tags',64,'Record created',9,NULL,'2024-05-28 09:03:23',NULL,NULL,NULL,NULL),(30938,'tags',46,'label changed from \"relationship\" to \"plant\";',9,NULL,'2024-05-28 09:03:23',NULL,NULL,NULL,NULL),(30939,'tags',62,'label changed from \"ago\" to \"across\";',9,NULL,'2024-05-28 09:03:23',NULL,NULL,NULL,NULL),(30940,'tags',58,'label changed from \"easy\" to \"suddenly\";',2,NULL,'2024-05-28 09:03:23',NULL,NULL,NULL,NULL),(30941,'tags',50,'label changed from \"year\" to \"court\";',4,NULL,'2024-05-28 09:03:23',NULL,NULL,NULL,NULL),(30942,'tags',51,'label changed from \"money\" to \"film\";',23,NULL,'2024-05-28 09:03:23',NULL,NULL,NULL,NULL),(30943,'tags',48,'label changed from \"huge\" to \"part\";',5,NULL,'2024-05-28 09:03:23',NULL,NULL,NULL,NULL),(30944,'tags',46,'label changed from \"plant\" to \"but\";',25,NULL,'2024-05-28 09:03:23',NULL,NULL,NULL,NULL),(30945,'tags',45,'label changed from \"indicate\" to \"up\";',6,NULL,'2024-05-28 09:03:23',NULL,NULL,NULL,NULL),(30946,'tags',60,'label changed from \"deal\" to \"game\";',6,NULL,'2024-05-28 09:03:23',NULL,NULL,NULL,NULL),(30947,'tags',47,'label changed from \"task\" to \"more\";',4,NULL,'2024-05-28 09:03:23',NULL,NULL,NULL,NULL),(30948,'tags',59,'description changed from \"Include.\" to \"Grow much how interest writer.\";',5,NULL,'2024-05-28 09:03:23',NULL,NULL,NULL,NULL),(30949,'tags',56,'description changed from \"Then doctor.\" to \"Attorney on than.\";',3,NULL,'2024-05-28 09:03:23',NULL,NULL,NULL,NULL),(30950,'tags',48,'description changed from \"Forget tell.\" to \"Onto box election family.\";',24,NULL,'2024-05-28 09:03:23',NULL,NULL,NULL,NULL),(30951,'tags',59,'description changed from \"Grow much how interest writer.\" to \"Everything owner.\";',4,NULL,'2024-05-28 09:03:23',NULL,NULL,NULL,NULL),(30952,'tags',55,'description changed from \"Finish role.\" to \"Success real development film poor.\";',2,NULL,'2024-05-28 09:03:23',NULL,NULL,NULL,NULL),(30953,'tags',55,'description changed from \"Success real development film poor.\" to \"Ask treat left.\";',3,NULL,'2024-05-28 09:03:23',NULL,NULL,NULL,NULL),(30954,'tags',64,'description changed from \"Suffer explain.\" to \"Ground agent.\";',6,NULL,'2024-05-28 09:03:23',NULL,NULL,NULL,NULL),(30955,'tags',59,'description changed from \"Everything owner.\" to \"Wall community purpose dream.\";',7,NULL,'2024-05-28 09:03:23',NULL,NULL,NULL,NULL),(30956,'tags',53,'description changed from \"Character recognize wait.\" to \"Bill author character Republican.\";',4,NULL,'2024-05-28 09:03:23',NULL,NULL,NULL,NULL),(30957,'tags',57,'description changed from \"Hand clear.\" to \"Market dinner shake school.\";',3,NULL,'2024-05-28 09:03:23',NULL,NULL,NULL,NULL),(30958,'tags',49,'color changed from \"#25c673\" to \"#ff14cc\";',6,NULL,'2024-05-28 09:03:23',NULL,NULL,NULL,NULL),(30959,'tags',47,'color changed from \"#027f02\" to \"#dd8dd4\";',6,NULL,'2024-05-28 09:03:23',NULL,NULL,NULL,NULL),(30960,'tags',50,'color changed from \"#6be542\" to \"#b79526\";',8,NULL,'2024-05-28 09:03:23',NULL,NULL,NULL,NULL),(30961,'tags',60,'color changed from \"#8bf707\" to \"#33a2f7\";',4,NULL,'2024-05-28 09:03:23',NULL,NULL,NULL,NULL),(30962,'tags',52,'color changed from \"#66e8a4\" to \"#5a1c89\";',9,NULL,'2024-05-28 09:03:23',NULL,NULL,NULL,NULL),(30963,'tags',56,'color changed from \"#39babf\" to \"#7eb5e5\";',3,NULL,'2024-05-28 09:03:23',NULL,NULL,NULL,NULL),(30964,'tags',50,'color changed from \"#b79526\" to \"#f232df\";',6,NULL,'2024-05-28 09:03:23',NULL,NULL,NULL,NULL),(30965,'tags',47,'color changed from \"#dd8dd4\" to \"#c0ff9e\";',4,NULL,'2024-05-28 09:03:23',NULL,NULL,NULL,NULL),(30966,'tags',63,'color changed from \"#ffcbb7\" to \"#7c81cc\";',25,NULL,'2024-05-28 09:03:23',NULL,NULL,NULL,NULL),(30967,'tags',47,'color changed from \"#c0ff9e\" to \"#66b9e2\";',8,NULL,'2024-05-28 09:03:23',NULL,NULL,NULL,NULL),(30968,'tags',49,'Record deleted',2,NULL,'2024-05-28 09:03:23',NULL,NULL,NULL,NULL),(30969,'tags',50,'Record deleted',23,NULL,'2024-05-28 09:03:23',NULL,NULL,NULL,NULL),(30970,'tags',65,'Record created',33,NULL,'2024-05-28 09:03:23',NULL,NULL,NULL,NULL),(30971,'tags',66,'Record created',10,NULL,'2024-05-28 09:03:23',NULL,NULL,NULL,NULL),(30972,'tags',67,'Record created',11,NULL,'2024-05-28 09:03:23',NULL,NULL,NULL,NULL),(30973,'tags',68,'Record created',31,NULL,'2024-05-28 09:03:23',NULL,NULL,NULL,NULL),(30974,'tags',69,'Record created',31,NULL,'2024-05-28 09:03:23',NULL,NULL,NULL,NULL),(30975,'tags',70,'Record created',33,NULL,'2024-05-28 09:03:23',NULL,NULL,NULL,NULL),(30976,'tags',71,'Record created',16,NULL,'2024-05-28 09:03:23',NULL,NULL,NULL,NULL),(30977,'tags',72,'Record created',17,NULL,'2024-05-28 09:03:23',NULL,NULL,NULL,NULL),(30978,'tags',73,'Record created',16,NULL,'2024-05-28 09:03:23',NULL,NULL,NULL,NULL),(30979,'tags',74,'Record created',15,NULL,'2024-05-28 09:03:23',NULL,NULL,NULL,NULL),(30980,'tags',75,'Record created',10,NULL,'2024-05-28 09:03:23',NULL,NULL,NULL,NULL),(30981,'tags',76,'Record created',16,NULL,'2024-05-28 09:03:23',NULL,NULL,NULL,NULL),(30982,'tags',77,'Record created',31,NULL,'2024-05-28 09:03:23',NULL,NULL,NULL,NULL),(30983,'tags',78,'Record created',10,NULL,'2024-05-28 09:03:23',NULL,NULL,NULL,NULL),(30984,'tags',79,'Record created',18,NULL,'2024-05-28 09:03:23',NULL,NULL,NULL,NULL),(30985,'tags',80,'Record created',16,NULL,'2024-05-28 09:03:23',NULL,NULL,NULL,NULL),(30986,'tags',81,'Record created',17,NULL,'2024-05-28 09:03:23',NULL,NULL,NULL,NULL),(30987,'tags',82,'Record created',11,NULL,'2024-05-28 09:03:24',NULL,NULL,NULL,NULL),(30988,'tags',83,'Record created',18,NULL,'2024-05-28 09:03:24',NULL,NULL,NULL,NULL),(30989,'tags',84,'Record created',10,NULL,'2024-05-28 09:03:24',NULL,NULL,NULL,NULL),(30990,'tags',69,'label changed from \"fine\" to \"security\";',33,NULL,'2024-05-28 09:03:24',NULL,NULL,NULL,NULL),(30991,'tags',66,'label changed from \"open\" to \"our\";',18,NULL,'2024-05-28 09:03:24',NULL,NULL,NULL,NULL),(30992,'tags',84,'label changed from \"life\" to \"professor\";',31,NULL,'2024-05-28 09:03:24',NULL,NULL,NULL,NULL),(30993,'tags',76,'label changed from \"side\" to \"present\";',15,NULL,'2024-05-28 09:03:24',NULL,NULL,NULL,NULL),(30994,'tags',81,'label changed from \"research\" to \"player\";',17,NULL,'2024-05-28 09:03:24',NULL,NULL,NULL,NULL),(30995,'tags',72,'label changed from \"kitchen\" to \"try\";',15,NULL,'2024-05-28 09:03:24',NULL,NULL,NULL,NULL),(30996,'tags',74,'label changed from \"most\" to \"half\";',11,NULL,'2024-05-28 09:03:24',NULL,NULL,NULL,NULL),(30997,'tags',80,'label changed from \"age\" to \"job\";',18,NULL,'2024-05-28 09:03:24',NULL,NULL,NULL,NULL),(30998,'tags',67,'label changed from \"among\" to \"dark\";',17,NULL,'2024-05-28 09:03:24',NULL,NULL,NULL,NULL),(30999,'tags',79,'label changed from \"hair\" to \"dream\";',15,NULL,'2024-05-28 09:03:24',NULL,NULL,NULL,NULL),(31000,'tags',73,'description changed from \"Future although.\" to \"Total catch newspaper camera doctor.\";',18,NULL,'2024-05-28 09:03:24',NULL,NULL,NULL,NULL),(31001,'tags',83,'description changed from \"Community by.\" to \"Month hot.\";',11,NULL,'2024-05-28 09:03:24',NULL,NULL,NULL,NULL),(31002,'tags',72,'description changed from \"Arm vote reality.\" to \"Simply already scientist class.\";',10,NULL,'2024-05-28 09:03:24',NULL,NULL,NULL,NULL),(31003,'tags',70,'description changed from \"Too simply purpose.\" to \"Space range father.\";',18,NULL,'2024-05-28 09:03:24',NULL,NULL,NULL,NULL),(31004,'tags',83,'description changed from \"Month hot.\" to \"During data.\";',31,NULL,'2024-05-28 09:03:24',NULL,NULL,NULL,NULL),(31005,'tags',67,'description changed from \"Until year animal.\" to \"Perform kid describe drop.\";',11,NULL,'2024-05-28 09:03:24',NULL,NULL,NULL,NULL),(31006,'tags',69,'description changed from \"None ever.\" to \"Somebody something future.\";',33,NULL,'2024-05-28 09:03:24',NULL,NULL,NULL,NULL),(31007,'tags',70,'description changed from \"Space range father.\" to \"Yet beyond affect.\";',16,NULL,'2024-05-28 09:03:24',NULL,NULL,NULL,NULL),(31008,'tags',84,'description changed from \"Provide debate.\" to \"Involve method official trouble.\";',33,NULL,'2024-05-28 09:03:24',NULL,NULL,NULL,NULL),(31009,'tags',82,'description changed from \"Collection those.\" to \"Finally walk law subject.\";',31,NULL,'2024-05-28 09:03:24',NULL,NULL,NULL,NULL),(31010,'tags',80,'color changed from \"#e8c576\" to \"#1ff277\";',18,NULL,'2024-05-28 09:03:24',NULL,NULL,NULL,NULL),(31011,'tags',76,'color changed from \"#efa443\" to \"#7c43ba\";',10,NULL,'2024-05-28 09:03:24',NULL,NULL,NULL,NULL),(31012,'tags',83,'color changed from \"#80ef58\" to \"#e84366\";',11,NULL,'2024-05-28 09:03:24',NULL,NULL,NULL,NULL),(31013,'tags',75,'color changed from \"#4bba32\" to \"#2556aa\";',33,NULL,'2024-05-28 09:03:24',NULL,NULL,NULL,NULL),(31014,'tags',73,'color changed from \"#098902\" to \"#ccf4ff\";',18,NULL,'2024-05-28 09:03:24',NULL,NULL,NULL,NULL),(31015,'tags',80,'color changed from \"#1ff277\" to \"#ffccef\";',17,NULL,'2024-05-28 09:03:24',NULL,NULL,NULL,NULL),(31016,'tags',68,'color changed from \"#4bf288\" to \"#adbef4\";',31,NULL,'2024-05-28 09:03:24',NULL,NULL,NULL,NULL),(31017,'tags',80,'color changed from \"#ffccef\" to \"#f47302\";',18,NULL,'2024-05-28 09:03:24',NULL,NULL,NULL,NULL),(31018,'tags',78,'color changed from \"#57b0c6\" to \"#168ff9\";',31,NULL,'2024-05-28 09:03:24',NULL,NULL,NULL,NULL),(31019,'tags',72,'color changed from \"#6b79f9\" to \"#f2bc59\";',18,NULL,'2024-05-28 09:03:24',NULL,NULL,NULL,NULL),(31020,'tags',71,'Record deleted',11,NULL,'2024-05-28 09:03:24',NULL,NULL,NULL,NULL),(31021,'tags',76,'Record deleted',10,NULL,'2024-05-28 09:03:24',NULL,NULL,NULL,NULL),(31022,'tags',85,'Record created',10,NULL,'2024-05-28 09:03:24',NULL,NULL,NULL,NULL),(31023,'tags',86,'Record created',12,NULL,'2024-05-28 09:03:24',NULL,NULL,NULL,NULL),(31024,'tags',87,'Record created',32,NULL,'2024-05-28 09:03:24',NULL,NULL,NULL,NULL),(31025,'tags',88,'Record created',34,NULL,'2024-05-28 09:03:24',NULL,NULL,NULL,NULL),(31026,'tags',89,'Record created',34,NULL,'2024-05-28 09:03:24',NULL,NULL,NULL,NULL),(31027,'tags',90,'Record created',16,NULL,'2024-05-28 09:03:24',NULL,NULL,NULL,NULL),(31028,'tags',91,'Record created',10,NULL,'2024-05-28 09:03:24',NULL,NULL,NULL,NULL),(31029,'tags',92,'Record created',15,NULL,'2024-05-28 09:03:24',NULL,NULL,NULL,NULL),(31030,'tags',93,'Record created',18,NULL,'2024-05-28 09:03:24',NULL,NULL,NULL,NULL),(31031,'tags',94,'Record created',10,NULL,'2024-05-28 09:03:24',NULL,NULL,NULL,NULL),(31032,'tags',95,'Record created',18,NULL,'2024-05-28 09:03:24',NULL,NULL,NULL,NULL),(31033,'tags',96,'Record created',32,NULL,'2024-05-28 09:03:24',NULL,NULL,NULL,NULL),(31034,'tags',97,'Record created',18,NULL,'2024-05-28 09:03:24',NULL,NULL,NULL,NULL),(31035,'tags',98,'Record created',34,NULL,'2024-05-28 09:03:24',NULL,NULL,NULL,NULL),(31036,'tags',99,'Record created',17,NULL,'2024-05-28 09:03:24',NULL,NULL,NULL,NULL),(31037,'tags',100,'Record created',17,NULL,'2024-05-28 09:03:24',NULL,NULL,NULL,NULL),(31038,'tags',101,'Record created',34,NULL,'2024-05-28 09:03:24',NULL,NULL,NULL,NULL),(31039,'tags',102,'Record created',10,NULL,'2024-05-28 09:03:24',NULL,NULL,NULL,NULL),(31040,'tags',103,'Record created',32,NULL,'2024-05-28 09:03:24',NULL,NULL,NULL,NULL),(31041,'tags',104,'Record created',18,NULL,'2024-05-28 09:03:24',NULL,NULL,NULL,NULL),(31042,'tags',102,'label changed from \"foot\" to \"store\";',15,NULL,'2024-05-28 09:03:24',NULL,NULL,NULL,NULL),(31043,'tags',100,'label changed from \"yourself\" to \"tell\";',18,NULL,'2024-05-28 09:03:24',NULL,NULL,NULL,NULL),(31044,'tags',88,'label changed from \"control\" to \"trial\";',34,NULL,'2024-05-28 09:03:24',NULL,NULL,NULL,NULL),(31045,'tags',95,'label changed from \"tax\" to \"late\";',10,NULL,'2024-05-28 09:03:24',NULL,NULL,NULL,NULL),(31046,'tags',104,'label changed from \"attorney\" to \"newspaper\";',10,NULL,'2024-05-28 09:03:24',NULL,NULL,NULL,NULL),(31047,'tags',103,'label changed from \"after\" to \"decade\";',16,NULL,'2024-05-28 09:03:24',NULL,NULL,NULL,NULL),(31048,'tags',91,'label changed from \"head\" to \"career\";',16,NULL,'2024-05-28 09:03:24',NULL,NULL,NULL,NULL),(31049,'tags',87,'label changed from \"treat\" to \"use\";',34,NULL,'2024-05-28 09:03:24',NULL,NULL,NULL,NULL),(31050,'tags',103,'label changed from \"decade\" to \"wrong\";',32,NULL,'2024-05-28 09:03:24',NULL,NULL,NULL,NULL),(31051,'tags',104,'label changed from \"newspaper\" to \"recognize\";',34,NULL,'2024-05-28 09:03:24',NULL,NULL,NULL,NULL),(31052,'tags',86,'description changed from \"Enough yet.\" to \"Situation admit.\";',32,NULL,'2024-05-28 09:03:24',NULL,NULL,NULL,NULL),(31053,'tags',91,'description changed from \"Almost hard purpose.\" to \"Military threat control.\";',15,NULL,'2024-05-28 09:03:24',NULL,NULL,NULL,NULL),(31054,'tags',87,'description changed from \"Catch health.\" to \"Return cut agent catch head.\";',32,NULL,'2024-05-28 09:03:24',NULL,NULL,NULL,NULL),(31055,'tags',101,'description changed from \"Speak determine result again.\" to \"Central they.\";',18,NULL,'2024-05-28 09:03:24',NULL,NULL,NULL,NULL),(31056,'tags',100,'description changed from \"Kid free.\" to \"Very serve strong.\";',15,NULL,'2024-05-28 09:03:25',NULL,NULL,NULL,NULL),(31057,'tags',101,'description changed from \"Central they.\" to \"None song drop build.\";',34,NULL,'2024-05-28 09:03:25',NULL,NULL,NULL,NULL),(31058,'tags',88,'description changed from \"Together think present.\" to \"Language magazine yard.\";',17,NULL,'2024-05-28 09:03:25',NULL,NULL,NULL,NULL),(31059,'tags',99,'description changed from \"Writer same.\" to \"Identify bar.\";',34,NULL,'2024-05-28 09:03:25',NULL,NULL,NULL,NULL),(31060,'tags',86,'description changed from \"Situation admit.\" to \"Character rule concern.\";',10,NULL,'2024-05-28 09:03:25',NULL,NULL,NULL,NULL),(31061,'tags',94,'description changed from \"Arrive various.\" to \"Tree rich talk.\";',15,NULL,'2024-05-28 09:03:25',NULL,NULL,NULL,NULL),(31062,'tags',95,'color changed from \"#1a5482\" to \"#ce4869\";',18,NULL,'2024-05-28 09:03:25',NULL,NULL,NULL,NULL),(31063,'tags',95,'color changed from \"#ce4869\" to \"#f2077c\";',32,NULL,'2024-05-28 09:03:25',NULL,NULL,NULL,NULL),(31064,'tags',100,'color changed from \"#dd71c4\" to \"#e572d0\";',15,NULL,'2024-05-28 09:03:25',NULL,NULL,NULL,NULL),(31065,'tags',103,'color changed from \"#e20fb1\" to \"#83aa0f\";',16,NULL,'2024-05-28 09:03:25',NULL,NULL,NULL,NULL),(31066,'tags',89,'color changed from \"#b598f9\" to \"#edb49c\";',34,NULL,'2024-05-28 09:03:25',NULL,NULL,NULL,NULL),(31067,'tags',87,'color changed from \"#c6f26f\" to \"#5dd88a\";',10,NULL,'2024-05-28 09:03:25',NULL,NULL,NULL,NULL),(31068,'tags',99,'color changed from \"#72e0b9\" to \"#71fc3f\";',16,NULL,'2024-05-28 09:03:25',NULL,NULL,NULL,NULL),(31069,'tags',94,'color changed from \"#0b2add\" to \"#abfcf3\";',32,NULL,'2024-05-28 09:03:25',NULL,NULL,NULL,NULL),(31070,'tags',89,'color changed from \"#edb49c\" to \"#80d64f\";',16,NULL,'2024-05-28 09:03:25',NULL,NULL,NULL,NULL),(31071,'tags',87,'color changed from \"#5dd88a\" to \"#8fb733\";',16,NULL,'2024-05-28 09:03:25',NULL,NULL,NULL,NULL),(31072,'tags',87,'Record deleted',17,NULL,'2024-05-28 09:03:25',NULL,NULL,NULL,NULL),(31073,'tags',98,'Record deleted',12,NULL,'2024-05-28 09:03:25',NULL,NULL,NULL,NULL),(31074,'tags',105,'Record created',37,NULL,'2024-05-28 09:03:25',NULL,NULL,NULL,NULL),(31075,'tags',106,'Record created',18,NULL,'2024-05-28 09:03:25',NULL,NULL,NULL,NULL),(31076,'tags',107,'Record created',18,NULL,'2024-05-28 09:03:25',NULL,NULL,NULL,NULL),(31077,'tags',108,'Record created',19,NULL,'2024-05-28 09:03:25',NULL,NULL,NULL,NULL),(31078,'tags',109,'Record created',19,NULL,'2024-05-28 09:03:25',NULL,NULL,NULL,NULL),(31079,'tags',110,'Record created',40,NULL,'2024-05-28 09:03:25',NULL,NULL,NULL,NULL),(31080,'tags',111,'Record created',38,NULL,'2024-05-28 09:03:25',NULL,NULL,NULL,NULL),(31081,'tags',112,'Record created',40,NULL,'2024-05-28 09:03:25',NULL,NULL,NULL,NULL),(31082,'tags',113,'Record created',18,NULL,'2024-05-28 09:03:25',NULL,NULL,NULL,NULL),(31083,'tags',114,'Record created',20,NULL,'2024-05-28 09:03:25',NULL,NULL,NULL,NULL),(31084,'tags',115,'Record created',41,NULL,'2024-05-28 09:03:25',NULL,NULL,NULL,NULL),(31085,'tags',116,'Record created',37,NULL,'2024-05-28 09:03:25',NULL,NULL,NULL,NULL),(31086,'tags',117,'Record created',18,NULL,'2024-05-28 09:03:25',NULL,NULL,NULL,NULL),(31087,'tags',118,'Record created',37,NULL,'2024-05-28 09:03:25',NULL,NULL,NULL,NULL),(31088,'tags',119,'Record created',37,NULL,'2024-05-28 09:03:25',NULL,NULL,NULL,NULL),(31089,'tags',120,'Record created',19,NULL,'2024-05-28 09:03:25',NULL,NULL,NULL,NULL),(31090,'tags',121,'Record created',10,NULL,'2024-05-28 09:03:25',NULL,NULL,NULL,NULL),(31091,'tags',122,'Record created',18,NULL,'2024-05-28 09:03:25',NULL,NULL,NULL,NULL),(31092,'tags',123,'Record created',37,NULL,'2024-05-28 09:03:25',NULL,NULL,NULL,NULL),(31093,'tags',124,'Record created',19,NULL,'2024-05-28 09:03:25',NULL,NULL,NULL,NULL),(31094,'tags',107,'label changed from \"success\" to \"enter\";',37,NULL,'2024-05-28 09:03:25',NULL,NULL,NULL,NULL),(31095,'tags',108,'label changed from \"color\" to \"perhaps\";',38,NULL,'2024-05-28 09:03:25',NULL,NULL,NULL,NULL),(31096,'tags',124,'label changed from \"they\" to \"black\";',39,NULL,'2024-05-28 09:03:25',NULL,NULL,NULL,NULL),(31097,'tags',124,'label changed from \"black\" to \"coach\";',19,NULL,'2024-05-28 09:03:25',NULL,NULL,NULL,NULL),(31098,'tags',121,'label changed from \"glass\" to \"half\";',10,NULL,'2024-05-28 09:03:25',NULL,NULL,NULL,NULL),(31099,'tags',115,'label changed from \"air\" to \"something\";',40,NULL,'2024-05-28 09:03:25',NULL,NULL,NULL,NULL),(31100,'tags',116,'label changed from \"book\" to \"discover\";',20,NULL,'2024-05-28 09:03:25',NULL,NULL,NULL,NULL),(31101,'tags',106,'label changed from \"beautiful\" to \"approach\";',10,NULL,'2024-05-28 09:03:25',NULL,NULL,NULL,NULL),(31102,'tags',105,'label changed from \"all\" to \"daughter\";',41,NULL,'2024-05-28 09:03:25',NULL,NULL,NULL,NULL),(31103,'tags',112,'label changed from \"indeed\" to \"Republican\";',41,NULL,'2024-05-28 09:03:25',NULL,NULL,NULL,NULL),(31104,'tags',120,'description changed from \"Few despite throughout.\" to \"Political watch soon according.\";',20,NULL,'2024-05-28 09:03:25',NULL,NULL,NULL,NULL),(31105,'tags',121,'description changed from \"Spring school.\" to \"Tax any store hotel.\";',40,NULL,'2024-05-28 09:03:25',NULL,NULL,NULL,NULL),(31106,'tags',107,'description changed from \"Candidate green court.\" to \"Sea necessary practice.\";',20,NULL,'2024-05-28 09:03:25',NULL,NULL,NULL,NULL),(31107,'tags',113,'description changed from \"Begin federal their technology.\" to \"Almost money tonight test.\";',40,NULL,'2024-05-28 09:03:25',NULL,NULL,NULL,NULL),(31108,'tags',115,'description changed from \"Situation protect.\" to \"Manager though seat.\";',20,NULL,'2024-05-28 09:03:25',NULL,NULL,NULL,NULL),(31109,'tags',120,'description changed from \"Political watch soon according.\" to \"Certainly follow.\";',41,NULL,'2024-05-28 09:03:25',NULL,NULL,NULL,NULL),(31110,'tags',110,'description changed from \"Wall.\" to \"Me bit wall really.\";',37,NULL,'2024-05-28 09:03:25',NULL,NULL,NULL,NULL),(31111,'tags',123,'description changed from \"Whose standard particularly feeling.\" to \"Son performance good live line.\";',19,NULL,'2024-05-28 09:03:25',NULL,NULL,NULL,NULL),(31112,'tags',116,'description changed from \"Question really.\" to \"Dream serious.\";',20,NULL,'2024-05-28 09:03:25',NULL,NULL,NULL,NULL),(31113,'tags',122,'description changed from \"Herself social.\" to \"On now boy.\";',39,NULL,'2024-05-28 09:03:25',NULL,NULL,NULL,NULL),(31114,'tags',116,'color changed from \"#c2ff96\" to \"#e8aa9b\";',20,NULL,'2024-05-28 09:03:25',NULL,NULL,NULL,NULL),(31115,'tags',112,'color changed from \"#e278a1\" to \"#ea842a\";',20,NULL,'2024-05-28 09:03:25',NULL,NULL,NULL,NULL),(31116,'tags',118,'color changed from \"#ba512a\" to \"#ff4ff6\";',39,NULL,'2024-05-28 09:03:25',NULL,NULL,NULL,NULL),(31117,'tags',109,'color changed from \"#f7bbb9\" to \"#f4dda6\";',39,NULL,'2024-05-28 09:03:25',NULL,NULL,NULL,NULL),(31118,'tags',107,'color changed from \"#9bf276\" to \"#6b71c6\";',20,NULL,'2024-05-28 09:03:25',NULL,NULL,NULL,NULL),(31119,'tags',113,'color changed from \"#ecb8f9\" to \"#15afaa\";',10,NULL,'2024-05-28 09:03:25',NULL,NULL,NULL,NULL),(31120,'tags',108,'color changed from \"#1cd9ff\" to \"#1b05aa\";',10,NULL,'2024-05-28 09:03:26',NULL,NULL,NULL,NULL),(31121,'tags',114,'color changed from \"#fcc9b8\" to \"#81efce\";',41,NULL,'2024-05-28 09:03:26',NULL,NULL,NULL,NULL),(31122,'tags',116,'color changed from \"#e8aa9b\" to \"#ed68e2\";',39,NULL,'2024-05-28 09:03:26',NULL,NULL,NULL,NULL),(31123,'tags',112,'color changed from \"#ea842a\" to \"#ce970c\";',18,NULL,'2024-05-28 09:03:26',NULL,NULL,NULL,NULL),(31124,'tags',112,'Record deleted',37,NULL,'2024-05-28 09:03:26',NULL,NULL,NULL,NULL),(31125,'tags',116,'Record deleted',40,NULL,'2024-05-28 09:03:26',NULL,NULL,NULL,NULL),(31126,'locations',100000036,'Record created',5,NULL,'2024-05-28 09:03:26',NULL,NULL,NULL,NULL),(31127,'locations',100000037,'Record created',2,NULL,'2024-05-28 09:03:26',NULL,NULL,NULL,NULL),(31128,'locations',100000038,'Record created',5,NULL,'2024-05-28 09:03:26',NULL,NULL,NULL,NULL),(31129,'locations',100000039,'Record created',5,NULL,'2024-05-28 09:03:26',NULL,NULL,NULL,NULL),(31130,'locations',100000040,'Record created',25,NULL,'2024-05-28 09:03:26',NULL,NULL,NULL,NULL),(31131,'locations',100000041,'Record created',7,NULL,'2024-05-28 09:03:26',NULL,NULL,NULL,NULL),(31132,'locations',100000041,'Record deleted',4,NULL,'2024-05-28 09:03:26',NULL,NULL,NULL,NULL),(31133,'locations',100000042,'Record created',16,NULL,'2024-05-28 09:03:26',NULL,NULL,NULL,NULL),(31134,'locations',100000043,'Record created',10,NULL,'2024-05-28 09:03:26',NULL,NULL,NULL,NULL),(31135,'locations',100000044,'Record created',33,NULL,'2024-05-28 09:03:26',NULL,NULL,NULL,NULL),(31136,'locations',100000045,'Record created',31,NULL,'2024-05-28 09:03:26',NULL,NULL,NULL,NULL),(31137,'locations',100000046,'Record created',16,NULL,'2024-05-28 09:03:26',NULL,NULL,NULL,NULL),(31138,'locations',100000047,'Record created',17,NULL,'2024-05-28 09:03:26',NULL,NULL,NULL,NULL),(31139,'locations',100000047,'Record deleted',33,NULL,'2024-05-28 09:03:26',NULL,NULL,NULL,NULL),(31140,'locations',100000048,'Record created',15,NULL,'2024-05-28 09:03:26',NULL,NULL,NULL,NULL),(31141,'locations',100000049,'Record created',15,NULL,'2024-05-28 09:03:26',NULL,NULL,NULL,NULL),(31142,'locations',100000050,'Record created',18,NULL,'2024-05-28 09:03:26',NULL,NULL,NULL,NULL),(31143,'locations',100000051,'Record created',15,NULL,'2024-05-28 09:03:26',NULL,NULL,NULL,NULL),(31144,'locations',100000052,'Record created',34,NULL,'2024-05-28 09:03:26',NULL,NULL,NULL,NULL),(31145,'locations',100000053,'Record created',17,NULL,'2024-05-28 09:03:26',NULL,NULL,NULL,NULL),(31146,'locations',100000053,'Record deleted',16,NULL,'2024-05-28 09:03:26',NULL,NULL,NULL,NULL),(31147,'locations',100000054,'Record created',38,NULL,'2024-05-28 09:03:26',NULL,NULL,NULL,NULL),(31148,'locations',100000055,'Record created',38,NULL,'2024-05-28 09:03:26',NULL,NULL,NULL,NULL),(31149,'locations',100000056,'Record created',40,NULL,'2024-05-28 09:03:26',NULL,NULL,NULL,NULL),(31150,'locations',100000057,'Record created',18,NULL,'2024-05-28 09:03:26',NULL,NULL,NULL,NULL),(31151,'locations',100000058,'Record created',20,NULL,'2024-05-28 09:03:26',NULL,NULL,NULL,NULL),(31152,'locations',100000059,'Record created',38,NULL,'2024-05-28 09:03:26',NULL,NULL,NULL,NULL),(31153,'locations',100000059,'Record deleted',37,NULL,'2024-05-28 09:03:26',NULL,NULL,NULL,NULL),(31154,'people',100000486,'Record created',9,NULL,'2024-05-28 09:03:26',NULL,NULL,NULL,NULL),(31155,'people',100000487,'Record created',6,NULL,'2024-05-28 09:03:26',NULL,NULL,NULL,NULL),(31156,'people',100000488,'Record created',7,NULL,'2024-05-28 09:03:26',NULL,NULL,NULL,NULL),(31157,'people',100000489,'Record created',3,NULL,'2024-05-28 09:03:26',NULL,NULL,NULL,NULL),(31158,'people',100000490,'Record created',23,NULL,'2024-05-28 09:03:26',NULL,NULL,NULL,NULL),(31159,'people',100000491,'Record created',6,NULL,'2024-05-28 09:03:26',NULL,NULL,NULL,NULL),(31160,'people',100000492,'Record created',24,NULL,'2024-05-28 09:03:26',NULL,NULL,NULL,NULL),(31161,'people',100000493,'Record created',4,NULL,'2024-05-28 09:03:26',NULL,NULL,NULL,NULL),(31162,'people',100000494,'Record created',8,NULL,'2024-05-28 09:03:26',NULL,NULL,NULL,NULL),(31163,'people',100000495,'Record created',7,NULL,'2024-05-28 09:03:26',NULL,NULL,NULL,NULL),(31164,'people',100000496,'Record created',5,NULL,'2024-05-28 09:03:26',NULL,NULL,NULL,NULL),(31165,'people',100000497,'Record created',3,NULL,'2024-05-28 09:03:26',NULL,NULL,NULL,NULL),(31166,'people',100000498,'Record created',5,NULL,'2024-05-28 09:03:26',NULL,NULL,NULL,NULL),(31167,'people',100000499,'Record created',4,NULL,'2024-05-28 09:03:26',NULL,NULL,NULL,NULL),(31168,'people',100000500,'Record created',23,NULL,'2024-05-28 09:03:26',NULL,NULL,NULL,NULL),(31169,'people',100000501,'Record created',4,NULL,'2024-05-28 09:03:26',NULL,NULL,NULL,NULL),(31170,'people',100000502,'Record created',2,NULL,'2024-05-28 09:03:26',NULL,NULL,NULL,NULL),(31171,'people',100000503,'Record created',3,NULL,'2024-05-28 09:03:26',NULL,NULL,NULL,NULL),(31172,'people',100000504,'Record created',7,NULL,'2024-05-28 09:03:26',NULL,NULL,NULL,NULL),(31173,'people',100000505,'Record created',9,NULL,'2024-05-28 09:03:27',NULL,NULL,NULL,NULL),(31174,'people',100000506,'Record created',23,NULL,'2024-05-28 09:03:27',NULL,NULL,NULL,NULL),(31175,'people',100000507,'Record created',7,NULL,'2024-05-28 09:03:27',NULL,NULL,NULL,NULL),(31176,'people',100000508,'Record created',23,NULL,'2024-05-28 09:03:27',NULL,NULL,NULL,NULL),(31177,'people',100000509,'Record created',4,NULL,'2024-05-28 09:03:27',NULL,NULL,NULL,NULL),(31178,'people',100000510,'Record created',6,NULL,'2024-05-28 09:03:27',NULL,NULL,NULL,NULL),(31179,'people',100000511,'Record created',24,NULL,'2024-05-28 09:03:27',NULL,NULL,NULL,NULL),(31180,'people',100000512,'Record created',9,NULL,'2024-05-28 09:03:27',NULL,NULL,NULL,NULL),(31181,'people',100000513,'Record created',8,NULL,'2024-05-28 09:03:27',NULL,NULL,NULL,NULL),(31182,'people',100000514,'Record created',2,NULL,'2024-05-28 09:03:27',NULL,NULL,NULL,NULL),(31183,'people',100000515,'Record created',24,NULL,'2024-05-28 09:03:27',NULL,NULL,NULL,NULL),(31184,'people',100000516,'Record created',9,NULL,'2024-05-28 09:03:27',NULL,NULL,NULL,NULL),(31185,'people',100000517,'Record created',4,NULL,'2024-05-28 09:03:27',NULL,NULL,NULL,NULL),(31186,'people',100000518,'Record created',25,NULL,'2024-05-28 09:03:27',NULL,NULL,NULL,NULL),(31187,'people',100000519,'Record created',23,NULL,'2024-05-28 09:03:27',NULL,NULL,NULL,NULL),(31188,'people',100000520,'Record created',6,NULL,'2024-05-28 09:03:27',NULL,NULL,NULL,NULL),(31189,'people',100000521,'Record created',3,NULL,'2024-05-28 09:03:27',NULL,NULL,NULL,NULL),(31190,'people',100000522,'Record created',24,NULL,'2024-05-28 09:03:27',NULL,NULL,NULL,NULL),(31191,'people',100000523,'Record created',7,NULL,'2024-05-28 09:03:27',NULL,NULL,NULL,NULL),(31192,'people',100000524,'Record created',24,NULL,'2024-05-28 09:03:27',NULL,NULL,NULL,NULL),(31193,'people',100000525,'Record created',3,NULL,'2024-05-28 09:03:27',NULL,NULL,NULL,NULL),(31194,'people',100000526,'Record created',8,NULL,'2024-05-28 09:03:27',NULL,NULL,NULL,NULL),(31195,'people',100000527,'Record created',4,NULL,'2024-05-28 09:03:27',NULL,NULL,NULL,NULL),(31196,'people',100000528,'Record created',5,NULL,'2024-05-28 09:03:27',NULL,NULL,NULL,NULL),(31197,'people',100000529,'Record created',8,NULL,'2024-05-28 09:03:27',NULL,NULL,NULL,NULL),(31198,'people',100000530,'Record created',23,NULL,'2024-05-28 09:03:27',NULL,NULL,NULL,NULL),(31199,'people',100000531,'Record created',7,NULL,'2024-05-28 09:03:27',NULL,NULL,NULL,NULL),(31200,'people',100000532,'Record created',24,NULL,'2024-05-28 09:03:27',NULL,NULL,NULL,NULL),(31201,'people',100000533,'Record created',8,NULL,'2024-05-28 09:03:27',NULL,NULL,NULL,NULL),(31202,'people',100000534,'Record created',7,NULL,'2024-05-28 09:03:27',NULL,NULL,NULL,NULL),(31203,'people',100000535,'Record created',23,NULL,'2024-05-28 09:03:27',NULL,NULL,NULL,NULL),(31204,'people',100000536,'Record created',2,NULL,'2024-05-28 09:03:27',NULL,NULL,NULL,NULL),(31205,'people',100000537,'Record created',7,NULL,'2024-05-28 09:03:27',NULL,NULL,NULL,NULL),(31206,'people',100000538,'Record created',7,NULL,'2024-05-28 09:03:27',NULL,NULL,NULL,NULL),(31207,'people',100000539,'Record created',7,NULL,'2024-05-28 09:03:27',NULL,NULL,NULL,NULL),(31208,'people',100000540,'Record created',23,NULL,'2024-05-28 09:03:27',NULL,NULL,NULL,NULL),(31209,'people',100000541,'Record created',8,NULL,'2024-05-28 09:03:27',NULL,NULL,NULL,NULL),(31210,'people',100000542,'Record created',23,NULL,'2024-05-28 09:03:27',NULL,NULL,NULL,NULL),(31211,'people',100000543,'Record created',3,NULL,'2024-05-28 09:03:27',NULL,NULL,NULL,NULL),(31212,'people',100000544,'Record created',25,NULL,'2024-05-28 09:03:27',NULL,NULL,NULL,NULL),(31213,'people',100000545,'Record created',4,NULL,'2024-05-28 09:03:27',NULL,NULL,NULL,NULL),(31214,'people',100000546,'Record created',5,NULL,'2024-05-28 09:03:27',NULL,NULL,NULL,NULL),(31215,'people',100000547,'Record created',24,NULL,'2024-05-28 09:03:27',NULL,NULL,NULL,NULL),(31216,'people',100000548,'Record created',2,NULL,'2024-05-28 09:03:27',NULL,NULL,NULL,NULL),(31217,'people',100000549,'Record created',4,NULL,'2024-05-28 09:03:27',NULL,NULL,NULL,NULL),(31218,'people',100000550,'Record created',25,NULL,'2024-05-28 09:03:27',NULL,NULL,NULL,NULL),(31219,'people',100000551,'Record created',24,NULL,'2024-05-28 09:03:27',NULL,NULL,NULL,NULL),(31220,'people',100000552,'Record created',25,NULL,'2024-05-28 09:03:27',NULL,NULL,NULL,NULL),(31221,'people',100000553,'Record created',7,NULL,'2024-05-28 09:03:27',NULL,NULL,NULL,NULL),(31222,'people',100000554,'Record created',24,NULL,'2024-05-28 09:03:27',NULL,NULL,NULL,NULL),(31223,'people',100000555,'Record created',24,NULL,'2024-05-28 09:03:27',NULL,NULL,NULL,NULL),(31224,'people',100000556,'Record created',8,NULL,'2024-05-28 09:03:27',NULL,NULL,NULL,NULL),(31225,'people',100000557,'Record created',4,NULL,'2024-05-28 09:03:27',NULL,NULL,NULL,NULL),(31226,'people',100000558,'Record created',8,NULL,'2024-05-28 09:03:27',NULL,NULL,NULL,NULL),(31227,'people',100000559,'Record created',5,NULL,'2024-05-28 09:03:27',NULL,NULL,NULL,NULL),(31228,'people',100000560,'Record created',7,NULL,'2024-05-28 09:03:28',NULL,NULL,NULL,NULL),(31229,'people',100000561,'Record created',6,NULL,'2024-05-28 09:03:28',NULL,NULL,NULL,NULL),(31230,'people',100000562,'Record created',25,NULL,'2024-05-28 09:03:28',NULL,NULL,NULL,NULL),(31231,'people',100000563,'Record created',4,NULL,'2024-05-28 09:03:28',NULL,NULL,NULL,NULL),(31232,'people',100000564,'Record created',9,NULL,'2024-05-28 09:03:28',NULL,NULL,NULL,NULL),(31233,'people',100000565,'Record created',5,NULL,'2024-05-28 09:03:28',NULL,NULL,NULL,NULL),(31234,'people',100000566,'Record created',25,NULL,'2024-05-28 09:03:28',NULL,NULL,NULL,NULL),(31235,'people',100000567,'Record created',7,NULL,'2024-05-28 09:03:28',NULL,NULL,NULL,NULL),(31236,'people',100000568,'Record created',5,NULL,'2024-05-28 09:03:28',NULL,NULL,NULL,NULL),(31237,'people',100000569,'Record created',23,NULL,'2024-05-28 09:03:28',NULL,NULL,NULL,NULL),(31238,'people',100000570,'Record created',4,NULL,'2024-05-28 09:03:28',NULL,NULL,NULL,NULL),(31239,'people',100000571,'Record created',3,NULL,'2024-05-28 09:03:28',NULL,NULL,NULL,NULL),(31240,'people',100000572,'Record created',24,NULL,'2024-05-28 09:03:28',NULL,NULL,NULL,NULL),(31241,'people',100000573,'Record created',8,NULL,'2024-05-28 09:03:28',NULL,NULL,NULL,NULL),(31242,'people',100000574,'Record created',25,NULL,'2024-05-28 09:03:28',NULL,NULL,NULL,NULL),(31243,'people',100000575,'Record created',23,NULL,'2024-05-28 09:03:28',NULL,NULL,NULL,NULL),(31244,'people',100000576,'Record created',9,NULL,'2024-05-28 09:03:28',NULL,NULL,NULL,NULL),(31245,'people',100000577,'Record created',7,NULL,'2024-05-28 09:03:28',NULL,NULL,NULL,NULL),(31246,'people',100000578,'Record created',23,NULL,'2024-05-28 09:03:28',NULL,NULL,NULL,NULL),(31247,'people',100000579,'Record created',4,NULL,'2024-05-28 09:03:28',NULL,NULL,NULL,NULL),(31248,'people',100000580,'Record created',23,NULL,'2024-05-28 09:03:28',NULL,NULL,NULL,NULL),(31249,'people',100000581,'Record created',4,NULL,'2024-05-28 09:03:28',NULL,NULL,NULL,NULL),(31250,'people',100000582,'Record created',25,NULL,'2024-05-28 09:03:28',NULL,NULL,NULL,NULL),(31251,'people',100000583,'Record created',7,NULL,'2024-05-28 09:03:28',NULL,NULL,NULL,NULL),(31252,'people',100000584,'Record created',3,NULL,'2024-05-28 09:03:28',NULL,NULL,NULL,NULL),(31253,'people',100000585,'Record created',2,NULL,'2024-05-28 09:03:28',NULL,NULL,NULL,NULL),(31254,'people',100000586,'Record created',5,NULL,'2024-05-28 09:03:28',NULL,NULL,NULL,NULL),(31255,'people',100000587,'Record created',3,NULL,'2024-05-28 09:03:28',NULL,NULL,NULL,NULL),(31256,'people',100000588,'Record created',7,NULL,'2024-05-28 09:03:28',NULL,NULL,NULL,NULL),(31257,'people',100000589,'Record created',7,NULL,'2024-05-28 09:03:28',NULL,NULL,NULL,NULL),(31258,'people',100000590,'Record created',8,NULL,'2024-05-28 09:03:28',NULL,NULL,NULL,NULL),(31259,'people',100000591,'Record created',24,NULL,'2024-05-28 09:03:28',NULL,NULL,NULL,NULL),(31260,'people',100000592,'Record created',6,NULL,'2024-05-28 09:03:28',NULL,NULL,NULL,NULL),(31261,'people',100000593,'Record created',23,NULL,'2024-05-28 09:03:28',NULL,NULL,NULL,NULL),(31262,'people',100000594,'Record created',25,NULL,'2024-05-28 09:03:28',NULL,NULL,NULL,NULL),(31263,'people',100000595,'Record created',4,NULL,'2024-05-28 09:03:28',NULL,NULL,NULL,NULL),(31264,'people',100000596,'Record created',6,NULL,'2024-05-28 09:03:28',NULL,NULL,NULL,NULL),(31265,'people',100000597,'Record created',23,NULL,'2024-05-28 09:03:28',NULL,NULL,NULL,NULL),(31266,'people',100000598,'Record created',3,NULL,'2024-05-28 09:03:28',NULL,NULL,NULL,NULL),(31267,'people',100000599,'Record created',3,NULL,'2024-05-28 09:03:28',NULL,NULL,NULL,NULL),(31268,'people',100000600,'Record created',4,NULL,'2024-05-28 09:03:28',NULL,NULL,NULL,NULL),(31269,'people',100000601,'Record created',8,NULL,'2024-05-28 09:03:28',NULL,NULL,NULL,NULL),(31270,'people',100000602,'Record created',2,NULL,'2024-05-28 09:03:28',NULL,NULL,NULL,NULL),(31271,'people',100000603,'Record created',2,NULL,'2024-05-28 09:03:28',NULL,NULL,NULL,NULL),(31272,'people',100000604,'Record created',2,NULL,'2024-05-28 09:03:28',NULL,NULL,NULL,NULL),(31273,'people',100000605,'Record created',4,NULL,'2024-05-28 09:03:28',NULL,NULL,NULL,NULL),(31274,'people',100000606,'Record created',2,NULL,'2024-05-28 09:03:28',NULL,NULL,NULL,NULL),(31275,'people',100000607,'Record created',2,NULL,'2024-05-28 09:03:28',NULL,NULL,NULL,NULL),(31276,'people',100000608,'Record created',24,NULL,'2024-05-28 09:03:28',NULL,NULL,NULL,NULL),(31277,'people',100000609,'Record created',3,NULL,'2024-05-28 09:03:28',NULL,NULL,NULL,NULL),(31278,'people',100000610,'Record created',6,NULL,'2024-05-28 09:03:28',NULL,NULL,NULL,NULL),(31279,'people',100000611,'Record created',7,NULL,'2024-05-28 09:03:28',NULL,NULL,NULL,NULL),(31280,'people',100000612,'Record created',4,NULL,'2024-05-28 09:03:28',NULL,NULL,NULL,NULL),(31281,'people',100000613,'Record created',4,NULL,'2024-05-28 09:03:28',NULL,NULL,NULL,NULL),(31282,'people',100000614,'Record created',9,NULL,'2024-05-28 09:03:28',NULL,NULL,NULL,NULL),(31283,'people',100000615,'Record created',4,NULL,'2024-05-28 09:03:28',NULL,NULL,NULL,NULL),(31284,'people',100000616,'Record created',24,NULL,'2024-05-28 09:03:28',NULL,NULL,NULL,NULL),(31285,'people',100000617,'Record created',6,NULL,'2024-05-28 09:03:28',NULL,NULL,NULL,NULL),(31286,'people',100000618,'Record created',9,NULL,'2024-05-28 09:03:29',NULL,NULL,NULL,NULL),(31287,'people',100000619,'Record created',25,NULL,'2024-05-28 09:03:29',NULL,NULL,NULL,NULL),(31288,'people',100000620,'Record created',3,NULL,'2024-05-28 09:03:29',NULL,NULL,NULL,NULL),(31289,'people',100000621,'Record created',2,NULL,'2024-05-28 09:03:29',NULL,NULL,NULL,NULL),(31290,'people',100000622,'Record created',25,NULL,'2024-05-28 09:03:29',NULL,NULL,NULL,NULL),(31291,'people',100000623,'Record created',5,NULL,'2024-05-28 09:03:29',NULL,NULL,NULL,NULL),(31292,'people',100000624,'Record created',2,NULL,'2024-05-28 09:03:29',NULL,NULL,NULL,NULL),(31293,'people',100000625,'Record created',9,NULL,'2024-05-28 09:03:29',NULL,NULL,NULL,NULL),(31294,'people',100000626,'Record created',6,NULL,'2024-05-28 09:03:29',NULL,NULL,NULL,NULL),(31295,'people',100000627,'Record created',23,NULL,'2024-05-28 09:03:29',NULL,NULL,NULL,NULL),(31296,'people',100000628,'Record created',3,NULL,'2024-05-28 09:03:29',NULL,NULL,NULL,NULL),(31297,'people',100000629,'Record created',2,NULL,'2024-05-28 09:03:29',NULL,NULL,NULL,NULL),(31298,'people',100000630,'Record created',8,NULL,'2024-05-28 09:03:29',NULL,NULL,NULL,NULL),(31299,'people',100000631,'Record created',4,NULL,'2024-05-28 09:03:29',NULL,NULL,NULL,NULL),(31300,'people',100000632,'Record created',2,NULL,'2024-05-28 09:03:29',NULL,NULL,NULL,NULL),(31301,'people',100000633,'Record created',7,NULL,'2024-05-28 09:03:29',NULL,NULL,NULL,NULL),(31302,'people',100000634,'Record created',23,NULL,'2024-05-28 09:03:29',NULL,NULL,NULL,NULL),(31303,'people',100000635,'Record created',8,NULL,'2024-05-28 09:03:29',NULL,NULL,NULL,NULL),(31304,'people',100000636,'Record created',6,NULL,'2024-05-28 09:03:29',NULL,NULL,NULL,NULL),(31305,'people',100000637,'Record created',5,NULL,'2024-05-28 09:03:29',NULL,NULL,NULL,NULL),(31306,'people',100000638,'Record created',23,NULL,'2024-05-28 09:03:29',NULL,NULL,NULL,NULL),(31307,'people',100000639,'Record created',5,NULL,'2024-05-28 09:03:29',NULL,NULL,NULL,NULL),(31308,'people',100000640,'Record created',25,NULL,'2024-05-28 09:03:29',NULL,NULL,NULL,NULL),(31309,'people',100000641,'Record created',3,NULL,'2024-05-28 09:03:29',NULL,NULL,NULL,NULL),(31310,'people',100000642,'Record created',24,NULL,'2024-05-28 09:03:29',NULL,NULL,NULL,NULL),(31311,'people',100000643,'Record created',5,NULL,'2024-05-28 09:03:29',NULL,NULL,NULL,NULL),(31312,'people',100000644,'Record created',3,NULL,'2024-05-28 09:03:29',NULL,NULL,NULL,NULL),(31313,'people',100000645,'Record created',7,NULL,'2024-05-28 09:03:29',NULL,NULL,NULL,NULL),(31314,'people',100000646,'Record created',9,NULL,'2024-05-28 09:03:29',NULL,NULL,NULL,NULL),(31315,'people',100000647,'Record created',2,NULL,'2024-05-28 09:03:29',NULL,NULL,NULL,NULL),(31316,'people',100000648,'Record created',2,NULL,'2024-05-28 09:03:29',NULL,NULL,NULL,NULL),(31317,'people',100000649,'Record created',23,NULL,'2024-05-28 09:03:29',NULL,NULL,NULL,NULL),(31318,'people',100000650,'Record created',8,NULL,'2024-05-28 09:03:29',NULL,NULL,NULL,NULL),(31319,'people',100000651,'Record created',4,NULL,'2024-05-28 09:03:29',NULL,NULL,NULL,NULL),(31320,'people',100000652,'Record created',25,NULL,'2024-05-28 09:03:29',NULL,NULL,NULL,NULL),(31321,'people',100000653,'Record created',8,NULL,'2024-05-28 09:03:29',NULL,NULL,NULL,NULL),(31322,'people',100000654,'Record created',9,NULL,'2024-05-28 09:03:29',NULL,NULL,NULL,NULL),(31323,'people',100000655,'Record created',4,NULL,'2024-05-28 09:03:29',NULL,NULL,NULL,NULL),(31324,'people',100000656,'Record created',3,NULL,'2024-05-28 09:03:29',NULL,NULL,NULL,NULL),(31325,'people',100000657,'Record created',2,NULL,'2024-05-28 09:03:29',NULL,NULL,NULL,NULL),(31326,'people',100000658,'Record created',6,NULL,'2024-05-28 09:03:29',NULL,NULL,NULL,NULL),(31327,'people',100000659,'Record created',25,NULL,'2024-05-28 09:03:29',NULL,NULL,NULL,NULL),(31328,'people',100000660,'Record created',23,NULL,'2024-05-28 09:03:29',NULL,NULL,NULL,NULL),(31329,'people',100000661,'Record created',4,NULL,'2024-05-28 09:03:29',NULL,NULL,NULL,NULL),(31330,'people',100000662,'Record created',7,NULL,'2024-05-28 09:03:29',NULL,NULL,NULL,NULL),(31331,'people',100000663,'Record created',24,NULL,'2024-05-28 09:03:29',NULL,NULL,NULL,NULL),(31332,'people',100000664,'Record created',3,NULL,'2024-05-28 09:03:29',NULL,NULL,NULL,NULL),(31333,'people',100000665,'Record created',9,NULL,'2024-05-28 09:03:29',NULL,NULL,NULL,NULL),(31334,'people',100000666,'Record created',8,NULL,'2024-05-28 09:03:29',NULL,NULL,NULL,NULL),(31335,'people',100000667,'Record created',8,NULL,'2024-05-28 09:03:29',NULL,NULL,NULL,NULL),(31336,'people',100000668,'Record created',23,NULL,'2024-05-28 09:03:29',NULL,NULL,NULL,NULL),(31337,'people',100000669,'Record created',5,NULL,'2024-05-28 09:03:29',NULL,NULL,NULL,NULL),(31338,'people',100000670,'Record created',2,NULL,'2024-05-28 09:03:29',NULL,NULL,NULL,NULL),(31339,'people',100000671,'Record created',25,NULL,'2024-05-28 09:03:29',NULL,NULL,NULL,NULL),(31340,'people',100000672,'Record created',23,NULL,'2024-05-28 09:03:29',NULL,NULL,NULL,NULL),(31341,'people',100000673,'Record created',8,NULL,'2024-05-28 09:03:29',NULL,NULL,NULL,NULL),(31342,'people',100000674,'Record created',9,NULL,'2024-05-28 09:03:29',NULL,NULL,NULL,NULL),(31343,'people',100000675,'Record created',24,NULL,'2024-05-28 09:03:29',NULL,NULL,NULL,NULL),(31344,'people',100000676,'Record created',6,NULL,'2024-05-28 09:03:29',NULL,NULL,NULL,NULL),(31345,'people',100000677,'Record created',5,NULL,'2024-05-28 09:03:29',NULL,NULL,NULL,NULL),(31346,'people',100000678,'Record created',3,NULL,'2024-05-28 09:03:29',NULL,NULL,NULL,NULL),(31347,'people',100000679,'Record created',25,NULL,'2024-05-28 09:03:29',NULL,NULL,NULL,NULL),(31348,'people',100000680,'Record created',24,NULL,'2024-05-28 09:03:30',NULL,NULL,NULL,NULL),(31349,'people',100000681,'Record created',24,NULL,'2024-05-28 09:03:30',NULL,NULL,NULL,NULL),(31350,'people',100000682,'Record created',4,NULL,'2024-05-28 09:03:30',NULL,NULL,NULL,NULL),(31351,'people',100000683,'Record created',2,NULL,'2024-05-28 09:03:30',NULL,NULL,NULL,NULL),(31352,'people',100000684,'Record created',9,NULL,'2024-05-28 09:03:30',NULL,NULL,NULL,NULL),(31353,'people',100000685,'Record created',6,NULL,'2024-05-28 09:03:30',NULL,NULL,NULL,NULL),(31354,'people',100000686,'Record created',25,NULL,'2024-05-28 09:03:30',NULL,NULL,NULL,NULL),(31355,'people',100000687,'Record created',4,NULL,'2024-05-28 09:03:30',NULL,NULL,NULL,NULL),(31356,'people',100000688,'Record created',5,NULL,'2024-05-28 09:03:30',NULL,NULL,NULL,NULL),(31357,'people',100000689,'Record created',24,NULL,'2024-05-28 09:03:30',NULL,NULL,NULL,NULL),(31358,'people',100000690,'Record created',4,NULL,'2024-05-28 09:03:30',NULL,NULL,NULL,NULL),(31359,'people',100000691,'Record created',8,NULL,'2024-05-28 09:03:30',NULL,NULL,NULL,NULL),(31360,'people',100000692,'Record created',8,NULL,'2024-05-28 09:03:30',NULL,NULL,NULL,NULL),(31361,'people',100000693,'Record created',7,NULL,'2024-05-28 09:03:30',NULL,NULL,NULL,NULL),(31362,'people',100000694,'Record created',5,NULL,'2024-05-28 09:03:30',NULL,NULL,NULL,NULL),(31363,'people',100000695,'Record created',5,NULL,'2024-05-28 09:03:30',NULL,NULL,NULL,NULL),(31364,'people',100000696,'Record created',23,NULL,'2024-05-28 09:03:30',NULL,NULL,NULL,NULL),(31365,'people',100000697,'Record created',5,NULL,'2024-05-28 09:03:30',NULL,NULL,NULL,NULL),(31366,'people',100000698,'Record created',7,NULL,'2024-05-28 09:03:30',NULL,NULL,NULL,NULL),(31367,'people',100000699,'Record created',2,NULL,'2024-05-28 09:03:30',NULL,NULL,NULL,NULL),(31368,'people',100000700,'Record created',3,NULL,'2024-05-28 09:03:30',NULL,NULL,NULL,NULL),(31369,'people',100000701,'Record created',2,NULL,'2024-05-28 09:03:30',NULL,NULL,NULL,NULL),(31370,'people',100000702,'Record created',5,NULL,'2024-05-28 09:03:30',NULL,NULL,NULL,NULL),(31371,'people',100000703,'Record created',2,NULL,'2024-05-28 09:03:30',NULL,NULL,NULL,NULL),(31372,'people',100000704,'Record created',4,NULL,'2024-05-28 09:03:30',NULL,NULL,NULL,NULL),(31373,'people',100000705,'Record created',24,NULL,'2024-05-28 09:03:30',NULL,NULL,NULL,NULL),(31374,'people',100000706,'Record created',4,NULL,'2024-05-28 09:03:30',NULL,NULL,NULL,NULL),(31375,'people',100000707,'Record created',8,NULL,'2024-05-28 09:03:30',NULL,NULL,NULL,NULL),(31376,'people',100000708,'Record created',5,NULL,'2024-05-28 09:03:30',NULL,NULL,NULL,NULL),(31377,'people',100000709,'Record created',24,NULL,'2024-05-28 09:03:30',NULL,NULL,NULL,NULL),(31378,'people',100000710,'Record created',7,NULL,'2024-05-28 09:03:30',NULL,NULL,NULL,NULL),(31379,'people',100000711,'Record created',8,NULL,'2024-05-28 09:03:30',NULL,NULL,NULL,NULL),(31380,'people',100000712,'Record created',5,NULL,'2024-05-28 09:03:30',NULL,NULL,NULL,NULL),(31381,'people',100000713,'Record created',23,NULL,'2024-05-28 09:03:30',NULL,NULL,NULL,NULL),(31382,'people',100000714,'Record created',7,NULL,'2024-05-28 09:03:30',NULL,NULL,NULL,NULL),(31383,'people',100000715,'Record created',25,NULL,'2024-05-28 09:03:30',NULL,NULL,NULL,NULL),(31384,'people',100000716,'Record created',4,NULL,'2024-05-28 09:03:30',NULL,NULL,NULL,NULL),(31385,'people',100000717,'Record created',9,NULL,'2024-05-28 09:03:30',NULL,NULL,NULL,NULL),(31386,'people',100000718,'Record created',2,NULL,'2024-05-28 09:03:30',NULL,NULL,NULL,NULL),(31387,'people',100000719,'Record created',4,NULL,'2024-05-28 09:03:30',NULL,NULL,NULL,NULL),(31388,'people',100000720,'Record created',8,NULL,'2024-05-28 09:03:30',NULL,NULL,NULL,NULL),(31389,'people',100000721,'Record created',5,NULL,'2024-05-28 09:03:30',NULL,NULL,NULL,NULL),(31390,'people',100000722,'Record created',5,NULL,'2024-05-28 09:03:30',NULL,NULL,NULL,NULL),(31391,'people',100000723,'Record created',6,NULL,'2024-05-28 09:03:30',NULL,NULL,NULL,NULL),(31392,'people',100000724,'Record created',3,NULL,'2024-05-28 09:03:30',NULL,NULL,NULL,NULL),(31393,'people',100000725,'Record created',9,NULL,'2024-05-28 09:03:30',NULL,NULL,NULL,NULL),(31394,'people',100000726,'Record created',4,NULL,'2024-05-28 09:03:30',NULL,NULL,NULL,NULL),(31395,'people',100000727,'Record created',25,NULL,'2024-05-28 09:03:30',NULL,NULL,NULL,NULL),(31396,'people',100000728,'Record created',9,NULL,'2024-05-28 09:03:30',NULL,NULL,NULL,NULL),(31397,'people',100000729,'Record created',5,NULL,'2024-05-28 09:03:30',NULL,NULL,NULL,NULL),(31398,'people',100000730,'Record created',5,NULL,'2024-05-28 09:03:30',NULL,NULL,NULL,NULL),(31399,'people',100000731,'Record created',6,NULL,'2024-05-28 09:03:30',NULL,NULL,NULL,NULL),(31400,'people',100000732,'Record created',23,NULL,'2024-05-28 09:03:30',NULL,NULL,NULL,NULL),(31401,'people',100000733,'Record created',6,NULL,'2024-05-28 09:03:31',NULL,NULL,NULL,NULL),(31402,'people',100000734,'Record created',23,NULL,'2024-05-28 09:03:31',NULL,NULL,NULL,NULL),(31403,'people',100000735,'Record created',24,NULL,'2024-05-28 09:03:31',NULL,NULL,NULL,NULL),(31404,'people',100000736,'Record created',23,NULL,'2024-05-28 09:03:31',NULL,NULL,NULL,NULL),(31405,'people',100000737,'Record created',4,NULL,'2024-05-28 09:03:31',NULL,NULL,NULL,NULL),(31406,'people',100000738,'Record created',24,NULL,'2024-05-28 09:03:31',NULL,NULL,NULL,NULL),(31407,'people',100000739,'Record created',24,NULL,'2024-05-28 09:03:31',NULL,NULL,NULL,NULL),(31408,'people',100000740,'Record created',9,NULL,'2024-05-28 09:03:31',NULL,NULL,NULL,NULL),(31409,'people',100000741,'Record created',8,NULL,'2024-05-28 09:03:31',NULL,NULL,NULL,NULL),(31410,'people',100000742,'Record created',6,NULL,'2024-05-28 09:03:31',NULL,NULL,NULL,NULL),(31411,'people',100000743,'Record created',2,NULL,'2024-05-28 09:03:31',NULL,NULL,NULL,NULL),(31412,'people',100000744,'Record created',3,NULL,'2024-05-28 09:03:31',NULL,NULL,NULL,NULL),(31413,'people',100000745,'Record created',9,NULL,'2024-05-28 09:03:31',NULL,NULL,NULL,NULL),(31414,'people',100000746,'Record created',4,NULL,'2024-05-28 09:03:31',NULL,NULL,NULL,NULL),(31415,'people',100000747,'Record created',3,NULL,'2024-05-28 09:03:31',NULL,NULL,NULL,NULL),(31416,'people',100000748,'Record created',24,NULL,'2024-05-28 09:03:31',NULL,NULL,NULL,NULL),(31417,'people',100000749,'Record created',6,NULL,'2024-05-28 09:03:31',NULL,NULL,NULL,NULL),(31418,'people',100000750,'Record created',4,NULL,'2024-05-28 09:03:31',NULL,NULL,NULL,NULL),(31419,'people',100000751,'Record created',6,NULL,'2024-05-28 09:03:31',NULL,NULL,NULL,NULL),(31420,'people',100000752,'Record created',24,NULL,'2024-05-28 09:03:31',NULL,NULL,NULL,NULL),(31421,'people',100000753,'Record created',8,NULL,'2024-05-28 09:03:31',NULL,NULL,NULL,NULL),(31422,'people',100000754,'Record created',25,NULL,'2024-05-28 09:03:31',NULL,NULL,NULL,NULL),(31423,'people',100000755,'Record created',6,NULL,'2024-05-28 09:03:31',NULL,NULL,NULL,NULL),(31424,'people',100000756,'Record created',3,NULL,'2024-05-28 09:03:31',NULL,NULL,NULL,NULL),(31425,'people',100000757,'Record created',8,NULL,'2024-05-28 09:03:31',NULL,NULL,NULL,NULL),(31426,'people',100000758,'Record created',4,NULL,'2024-05-28 09:03:31',NULL,NULL,NULL,NULL),(31427,'people',100000759,'Record created',9,NULL,'2024-05-28 09:03:31',NULL,NULL,NULL,NULL),(31428,'people',100000760,'Record created',6,NULL,'2024-05-28 09:03:31',NULL,NULL,NULL,NULL),(31429,'people',100000761,'Record created',5,NULL,'2024-05-28 09:03:31',NULL,NULL,NULL,NULL),(31430,'people',100000762,'Record created',4,NULL,'2024-05-28 09:03:31',NULL,NULL,NULL,NULL),(31431,'people',100000763,'Record created',9,NULL,'2024-05-28 09:03:31',NULL,NULL,NULL,NULL),(31432,'people',100000764,'Record created',23,NULL,'2024-05-28 09:03:31',NULL,NULL,NULL,NULL),(31433,'people',100000765,'Record created',23,NULL,'2024-05-28 09:03:31',NULL,NULL,NULL,NULL),(31434,'people',100000766,'Record created',9,NULL,'2024-05-28 09:03:31',NULL,NULL,NULL,NULL),(31435,'people',100000767,'Record created',3,NULL,'2024-05-28 09:03:31',NULL,NULL,NULL,NULL),(31436,'people',100000768,'Record created',3,NULL,'2024-05-28 09:03:31',NULL,NULL,NULL,NULL),(31437,'people',100000769,'Record created',4,NULL,'2024-05-28 09:03:31',NULL,NULL,NULL,NULL),(31438,'people',100000770,'Record created',6,NULL,'2024-05-28 09:03:31',NULL,NULL,NULL,NULL),(31439,'people',100000771,'Record created',2,NULL,'2024-05-28 09:03:31',NULL,NULL,NULL,NULL),(31440,'people',100000772,'Record created',5,NULL,'2024-05-28 09:03:31',NULL,NULL,NULL,NULL),(31441,'people',100000773,'Record created',5,NULL,'2024-05-28 09:03:31',NULL,NULL,NULL,NULL),(31442,'people',100000774,'Record created',3,NULL,'2024-05-28 09:03:31',NULL,NULL,NULL,NULL),(31443,'people',100000775,'Record created',7,NULL,'2024-05-28 09:03:31',NULL,NULL,NULL,NULL),(31444,'people',100000776,'Record created',7,NULL,'2024-05-28 09:03:31',NULL,NULL,NULL,NULL),(31445,'people',100000777,'Record created',5,NULL,'2024-05-28 09:03:31',NULL,NULL,NULL,NULL),(31446,'people',100000778,'Record created',7,NULL,'2024-05-28 09:03:31',NULL,NULL,NULL,NULL),(31447,'people',100000779,'Record created',25,NULL,'2024-05-28 09:03:31',NULL,NULL,NULL,NULL),(31448,'people',100000780,'Record created',7,NULL,'2024-05-28 09:03:31',NULL,NULL,NULL,NULL),(31449,'people',100000781,'Record created',2,NULL,'2024-05-28 09:03:31',NULL,NULL,NULL,NULL),(31450,'people',100000782,'Record created',9,NULL,'2024-05-28 09:03:31',NULL,NULL,NULL,NULL),(31451,'people',100000783,'Record created',8,NULL,'2024-05-28 09:03:31',NULL,NULL,NULL,NULL),(31452,'people',100000784,'Record created',6,NULL,'2024-05-28 09:03:31',NULL,NULL,NULL,NULL),(31453,'people',100000785,'Record created',6,NULL,'2024-05-28 09:03:31',NULL,NULL,NULL,NULL),(31454,'people',100000577,'notregistered',23,NULL,'2024-05-28 09:03:31',1,0,NULL,NULL),(31455,'people',100000577,'container changed from \"2358\" to \"2358\";',23,NULL,'2024-05-28 09:03:31',NULL,NULL,NULL,NULL),(31456,'people',100000659,'notregistered',6,NULL,'2024-05-28 09:03:31',1,0,NULL,NULL),(31457,'people',100000659,'container changed from \"5878\" to \"5878\";',6,NULL,'2024-05-28 09:03:31',NULL,NULL,NULL,NULL),(31458,'people',100000772,'notregistered',24,NULL,'2024-05-28 09:03:31',1,0,NULL,NULL),(31459,'people',100000772,'container changed from \"6409\" to \"6409\";',24,NULL,'2024-05-28 09:03:31',NULL,NULL,NULL,NULL),(31460,'people',100000511,'notregistered',7,NULL,'2024-05-28 09:03:31',1,0,NULL,NULL),(31461,'people',100000511,'container changed from \"6281\" to \"6281\";',7,NULL,'2024-05-28 09:03:31',NULL,NULL,NULL,NULL),(31462,'people',100000666,'container changed from \"2567\" to \"2567\";',4,NULL,'2024-05-28 09:03:32',NULL,NULL,NULL,NULL),(31463,'people',100000493,'notregistered',5,NULL,'2024-05-28 09:03:32',1,0,NULL,NULL),(31464,'people',100000493,'container changed from \"1905\" to \"1905\";',5,NULL,'2024-05-28 09:03:32',NULL,NULL,NULL,NULL),(31465,'people',100000550,'notregistered',5,NULL,'2024-05-28 09:03:32',1,0,NULL,NULL),(31466,'people',100000550,'container changed from \"1620\" to \"1620\";',5,NULL,'2024-05-28 09:03:32',NULL,NULL,NULL,NULL),(31467,'people',100000675,'notregistered',4,NULL,'2024-05-28 09:03:32',1,0,NULL,NULL),(31468,'people',100000675,'container changed from \"2598\" to \"2598\";',4,NULL,'2024-05-28 09:03:32',NULL,NULL,NULL,NULL),(31469,'people',100000668,'notregistered',4,NULL,'2024-05-28 09:03:32',1,0,NULL,NULL),(31470,'people',100000668,'container changed from \"7272\" to \"7272\";',4,NULL,'2024-05-28 09:03:32',NULL,NULL,NULL,NULL),(31471,'people',100000537,'notregistered',6,NULL,'2024-05-28 09:03:32',1,0,NULL,NULL),(31472,'people',100000537,'container changed from \"6214\" to \"6214\";',6,NULL,'2024-05-28 09:03:32',NULL,NULL,NULL,NULL),(31473,'people',100000599,'container changed from \"5878\" to \"5878\";',8,NULL,'2024-05-28 09:03:32',NULL,NULL,NULL,NULL),(31474,'people',100000653,'notregistered',24,NULL,'2024-05-28 09:03:32',1,0,NULL,NULL),(31475,'people',100000653,'container changed from \"7742\" to \"7742\";',24,NULL,'2024-05-28 09:03:32',NULL,NULL,NULL,NULL),(31476,'people',100000519,'container changed from \"7595\" to \"7595\";',5,NULL,'2024-05-28 09:03:32',NULL,NULL,NULL,NULL),(31477,'people',100000615,'container changed from \"2358\" to \"2358\";',4,NULL,'2024-05-28 09:03:32',NULL,NULL,NULL,NULL),(31478,'people',100000640,'notregistered',8,NULL,'2024-05-28 09:03:32',1,0,NULL,NULL),(31479,'people',100000640,'container changed from \"9593\" to \"9593\";',8,NULL,'2024-05-28 09:03:32',NULL,NULL,NULL,NULL),(31480,'people',100000550,'container changed from \"1620\" to \"1620\";',5,NULL,'2024-05-28 09:03:32',NULL,NULL,NULL,NULL),(31481,'people',100000517,'notregistered',5,NULL,'2024-05-28 09:03:32',1,0,NULL,NULL),(31482,'people',100000517,'container changed from \"5229\" to \"5229\";',5,NULL,'2024-05-28 09:03:32',NULL,NULL,NULL,NULL),(31483,'people',100000669,'container changed from \"7742\" to \"7742\";',23,NULL,'2024-05-28 09:03:32',NULL,NULL,NULL,NULL),(31484,'people',100000718,'notregistered',24,NULL,'2024-05-28 09:03:32',1,0,NULL,NULL),(31485,'people',100000718,'container changed from \"7742\" to \"7742\";',24,NULL,'2024-05-28 09:03:32',NULL,NULL,NULL,NULL),(31486,'people',100000546,'container changed from \"6579\" to \"6579\";',24,NULL,'2024-05-28 09:03:32',NULL,NULL,NULL,NULL),(31487,'people',100000770,'container changed from \"3568\" to \"3568\";',2,NULL,'2024-05-28 09:03:32',NULL,NULL,NULL,NULL),(31488,'people',100000515,'container changed from \"1301\" to \"1301\";',3,NULL,'2024-05-28 09:03:32',NULL,NULL,NULL,NULL),(31489,'people',100000535,'container changed from \"9989\" to \"9989\";',5,NULL,'2024-05-28 09:03:32',NULL,NULL,NULL,NULL),(31490,'people',100000773,'container changed from \"4316\" to \"4316\";',3,NULL,'2024-05-28 09:03:32',NULL,NULL,NULL,NULL),(31491,'people',100000579,'container changed from \"4316\" to \"4316\";',9,NULL,'2024-05-28 09:03:32',NULL,NULL,NULL,NULL),(31492,'people',100000566,'container changed from \"7237\" to \"7237\";',3,NULL,'2024-05-28 09:03:32',NULL,NULL,NULL,NULL),(31493,'people',100000497,'notregistered',23,NULL,'2024-05-28 09:03:32',1,0,NULL,NULL),(31494,'people',100000497,'container changed from \"1675\" to \"1675\";',23,NULL,'2024-05-28 09:03:32',NULL,NULL,NULL,NULL),(31495,'people',100000541,'container changed from \"1514\" to \"1514\";',4,NULL,'2024-05-28 09:03:32',NULL,NULL,NULL,NULL),(31496,'people',100000510,'notregistered',5,NULL,'2024-05-28 09:03:32',1,0,NULL,NULL),(31497,'people',100000510,'container changed from \"3453\" to \"3453\";',5,NULL,'2024-05-28 09:03:32',NULL,NULL,NULL,NULL),(31498,'people',100000704,'notregistered',24,NULL,'2024-05-28 09:03:32',1,0,NULL,NULL),(31499,'people',100000704,'container changed from \"8386\" to \"8386\";',24,NULL,'2024-05-28 09:03:32',NULL,NULL,NULL,NULL),(31500,'people',100000608,'notregistered',4,NULL,'2024-05-28 09:03:32',1,0,NULL,NULL),(31501,'people',100000608,'container changed from \"6579\" to \"6579\";',4,NULL,'2024-05-28 09:03:32',NULL,NULL,NULL,NULL),(31502,'people',100000703,'container changed from \"4316\" to \"4316\";',7,NULL,'2024-05-28 09:03:32',NULL,NULL,NULL,NULL),(31503,'people',100000732,'notregistered',3,NULL,'2024-05-28 09:03:32',1,0,NULL,NULL),(31504,'people',100000732,'container changed from \"7237\" to \"7237\";',3,NULL,'2024-05-28 09:03:32',NULL,NULL,NULL,NULL),(31505,'people',100000615,'container changed from \"2358\" to \"2358\";',6,NULL,'2024-05-28 09:03:32',NULL,NULL,NULL,NULL),(31506,'people',100000533,'notregistered',6,NULL,'2024-05-28 09:03:32',1,0,NULL,NULL),(31507,'people',100000533,'container changed from \"3071\" to \"3071\";',6,NULL,'2024-05-28 09:03:32',NULL,NULL,NULL,NULL),(31508,'people',100000565,'container changed from \"8862\" to \"8862\";',23,NULL,'2024-05-28 09:03:32',NULL,NULL,NULL,NULL),(31509,'people',100000527,'container changed from \"9459\" to \"9459\";',3,NULL,'2024-05-28 09:03:32',NULL,NULL,NULL,NULL),(31510,'people',100000677,'container changed from \"6409\" to \"6409\";',9,NULL,'2024-05-28 09:03:32',NULL,NULL,NULL,NULL),(31511,'people',100000566,'container changed from \"7237\" to \"7237\";',2,NULL,'2024-05-28 09:03:32',NULL,NULL,NULL,NULL),(31512,'people',100000614,'container changed from \"6579\" to \"6579\";',23,NULL,'2024-05-28 09:03:32',NULL,NULL,NULL,NULL),(31513,'people',100000486,'notregistered',5,NULL,'2024-05-28 09:03:32',1,0,NULL,NULL),(31514,'people',100000486,'container changed from \"2683\" to \"2683\";',5,NULL,'2024-05-28 09:03:32',NULL,NULL,NULL,NULL),(31515,'people',100000771,'container changed from \"9574\" to \"9574\";',6,NULL,'2024-05-28 09:03:32',NULL,NULL,NULL,NULL),(31516,'people',100000573,'notregistered',24,NULL,'2024-05-28 09:03:32',1,0,NULL,NULL),(31517,'people',100000573,'container changed from \"8543\" to \"8543\";',24,NULL,'2024-05-28 09:03:32',NULL,NULL,NULL,NULL),(31518,'people',100000503,'notregistered',5,NULL,'2024-05-28 09:03:32',1,0,NULL,NULL),(31519,'people',100000503,'container changed from \"3404\" to \"3404\";',5,NULL,'2024-05-28 09:03:32',NULL,NULL,NULL,NULL),(31520,'people',100000642,'notregistered',3,NULL,'2024-05-28 09:03:32',1,0,NULL,NULL),(31521,'people',100000642,'container changed from \"2598\" to \"2598\";',3,NULL,'2024-05-28 09:03:32',NULL,NULL,NULL,NULL),(31522,'people',100000744,'container changed from \"8543\" to \"8543\";',5,NULL,'2024-05-28 09:03:32',NULL,NULL,NULL,NULL),(31523,'people',100000503,'container changed from \"3404\" to \"3404\";',6,NULL,'2024-05-28 09:03:33',NULL,NULL,NULL,NULL),(31524,'people',100000492,'container changed from \"3893\" to \"3893\";',9,NULL,'2024-05-28 09:03:33',NULL,NULL,NULL,NULL),(31525,'people',100000521,'notregistered',25,NULL,'2024-05-28 09:03:33',1,0,NULL,NULL),(31526,'people',100000521,'container changed from \"7532\" to \"7532\";',25,NULL,'2024-05-28 09:03:33',NULL,NULL,NULL,NULL),(31527,'people',100000758,'container changed from \"6579\" to \"6579\";',7,NULL,'2024-05-28 09:03:33',NULL,NULL,NULL,NULL),(31528,'people',100000588,'container changed from \"6409\" to \"6409\";',4,NULL,'2024-05-28 09:03:33',NULL,NULL,NULL,NULL),(31529,'people',100000620,'container changed from \"7272\" to \"7272\";',25,NULL,'2024-05-28 09:03:33',NULL,NULL,NULL,NULL),(31530,'people',100000686,'notregistered',9,NULL,'2024-05-28 09:03:33',1,0,NULL,NULL),(31531,'people',100000686,'container changed from \"6409\" to \"6409\";',9,NULL,'2024-05-28 09:03:33',NULL,NULL,NULL,NULL),(31532,'people',100000508,'notregistered',5,NULL,'2024-05-28 09:03:33',1,0,NULL,NULL),(31533,'people',100000508,'container changed from \"1523\" to \"1523\";',5,NULL,'2024-05-28 09:03:33',NULL,NULL,NULL,NULL),(31534,'people',100000592,'container changed from \"2567\" to \"2567\";',23,NULL,'2024-05-28 09:03:33',NULL,NULL,NULL,NULL),(31535,'people',100000755,'notregistered',8,NULL,'2024-05-28 09:03:33',1,0,NULL,NULL),(31536,'people',100000755,'container changed from \"6214\" to \"6214\";',8,NULL,'2024-05-28 09:03:33',NULL,NULL,NULL,NULL),(31537,'people',100000569,'container changed from \"7272\" to \"7272\";',7,NULL,'2024-05-28 09:03:33',NULL,NULL,NULL,NULL),(31538,'people',100000698,'notregistered',23,NULL,'2024-05-28 09:03:33',1,0,NULL,NULL),(31539,'people',100000698,'container changed from \"6214\" to \"6214\";',23,NULL,'2024-05-28 09:03:33',NULL,NULL,NULL,NULL),(31540,'people',100000663,'container changed from \"7742\" to \"7742\";',5,NULL,'2024-05-28 09:03:33',NULL,NULL,NULL,NULL),(31541,'people',100000716,'notregistered',4,NULL,'2024-05-28 09:03:33',1,0,NULL,NULL),(31542,'people',100000716,'container changed from \"9090\" to \"9090\";',4,NULL,'2024-05-28 09:03:33',NULL,NULL,NULL,NULL),(31543,'people',100000775,'notregistered',23,NULL,'2024-05-28 09:03:33',1,0,NULL,NULL),(31544,'people',100000775,'container changed from \"7405\" to \"7405\";',23,NULL,'2024-05-28 09:03:33',NULL,NULL,NULL,NULL),(31545,'people',100000739,'container changed from \"2026\" to \"2026\";',24,NULL,'2024-05-28 09:03:33',NULL,NULL,NULL,NULL),(31546,'people',100000597,'container changed from \"8543\" to \"8543\";',25,NULL,'2024-05-28 09:03:33',NULL,NULL,NULL,NULL),(31547,'people',100000721,'notregistered',23,NULL,'2024-05-28 09:03:33',1,0,NULL,NULL),(31548,'people',100000721,'container changed from \"9593\" to \"9593\";',23,NULL,'2024-05-28 09:03:33',NULL,NULL,NULL,NULL),(31549,'people',100000524,'notregistered',23,NULL,'2024-05-28 09:03:33',1,0,NULL,NULL),(31550,'people',100000524,'container changed from \"7104\" to \"7104\";',23,NULL,'2024-05-28 09:03:33',NULL,NULL,NULL,NULL),(31551,'people',100000569,'container changed from \"7272\" to \"7272\";',23,NULL,'2024-05-28 09:03:33',NULL,NULL,NULL,NULL),(31552,'people',100000692,'notregistered',6,NULL,'2024-05-28 09:03:33',1,0,NULL,NULL),(31553,'people',100000692,'container changed from \"8386\" to \"8386\";',6,NULL,'2024-05-28 09:03:33',NULL,NULL,NULL,NULL),(31554,'people',100000529,'container changed from \"2831\" to \"2831\";',3,NULL,'2024-05-28 09:03:33',NULL,NULL,NULL,NULL),(31555,'people',100000769,'notregistered',25,NULL,'2024-05-28 09:03:33',1,0,NULL,NULL),(31556,'people',100000769,'container changed from \"9593\" to \"9593\";',25,NULL,'2024-05-28 09:03:33',NULL,NULL,NULL,NULL),(31557,'people',100000547,'notregistered',8,NULL,'2024-05-28 09:03:33',1,0,NULL,NULL),(31558,'people',100000547,'container changed from \"6579\" to \"6579\";',8,NULL,'2024-05-28 09:03:33',NULL,NULL,NULL,NULL),(31559,'people',100000689,'container changed from \"2358\" to \"2358\";',3,NULL,'2024-05-28 09:03:33',NULL,NULL,NULL,NULL),(31560,'people',100000517,'container changed from \"5229\" to \"5229\";',23,NULL,'2024-05-28 09:03:33',NULL,NULL,NULL,NULL),(31561,'people',100000582,'container changed from \"2026\" to \"2026\";',25,NULL,'2024-05-28 09:03:33',NULL,NULL,NULL,NULL),(31562,'people',100000579,'container changed from \"4316\" to \"4316\";',5,NULL,'2024-05-28 09:03:33',NULL,NULL,NULL,NULL),(31563,'people',100000654,'notregistered',23,NULL,'2024-05-28 09:03:33',1,0,NULL,NULL),(31564,'people',100000654,'container changed from \"7742\" to \"7742\";',23,NULL,'2024-05-28 09:03:33',NULL,NULL,NULL,NULL),(31565,'people',100000781,'notregistered',25,NULL,'2024-05-28 09:03:33',1,0,NULL,NULL),(31566,'people',100000781,'container changed from \"2598\" to \"2598\";',25,NULL,'2024-05-28 09:03:33',NULL,NULL,NULL,NULL),(31567,'people',100000716,'container changed from \"9090\" to \"9090\";',2,NULL,'2024-05-28 09:03:33',NULL,NULL,NULL,NULL),(31568,'people',100000782,'container changed from \"6214\" to \"6214\";',25,NULL,'2024-05-28 09:03:33',NULL,NULL,NULL,NULL),(31569,'people',100000553,'notregistered',5,NULL,'2024-05-28 09:03:33',1,0,NULL,NULL),(31570,'people',100000553,'container changed from \"8386\" to \"8386\";',5,NULL,'2024-05-28 09:03:33',NULL,NULL,NULL,NULL),(31571,'people',100000580,'notregistered',4,NULL,'2024-05-28 09:03:33',1,0,NULL,NULL),(31572,'people',100000580,'container changed from \"3568\" to \"3568\";',4,NULL,'2024-05-28 09:03:33',NULL,NULL,NULL,NULL),(31573,'people',100000661,'container changed from \"6317\" to \"6317\";',4,NULL,'2024-05-28 09:03:33',NULL,NULL,NULL,NULL),(31574,'people',100000594,'container changed from \"8543\" to \"8543\";',23,NULL,'2024-05-28 09:03:33',NULL,NULL,NULL,NULL),(31575,'people',100000630,'notregistered',23,NULL,'2024-05-28 09:03:33',1,0,NULL,NULL),(31576,'people',100000630,'container changed from \"6303\" to \"6303\";',23,NULL,'2024-05-28 09:03:33',NULL,NULL,NULL,NULL),(31577,'people',100000739,'container changed from \"2026\" to \"2026\";',9,NULL,'2024-05-28 09:03:33',NULL,NULL,NULL,NULL),(31578,'people',100000530,'notregistered',2,NULL,'2024-05-28 09:03:33',1,0,NULL,NULL),(31579,'people',100000530,'container changed from \"9751\" to \"9751\";',2,NULL,'2024-05-28 09:03:33',NULL,NULL,NULL,NULL),(31580,'people',100000635,'container changed from \"1620\" to \"1620\";',2,NULL,'2024-05-28 09:03:33',NULL,NULL,NULL,NULL),(31581,'people',100000559,'container changed from \"5878\" to \"5878\";',24,NULL,'2024-05-28 09:03:33',NULL,NULL,NULL,NULL),(31582,'people',100000742,'notregistered',5,NULL,'2024-05-28 09:03:34',1,0,NULL,NULL),(31583,'people',100000742,'container changed from \"9593\" to \"9593\";',5,NULL,'2024-05-28 09:03:34',NULL,NULL,NULL,NULL),(31584,'people',100000552,'notregistered',23,NULL,'2024-05-28 09:03:34',1,0,NULL,NULL),(31585,'people',100000552,'container changed from \"8386\" to \"8386\";',23,NULL,'2024-05-28 09:03:34',NULL,NULL,NULL,NULL),(31586,'people',100000698,'container changed from \"6214\" to \"6214\";',3,NULL,'2024-05-28 09:03:34',NULL,NULL,NULL,NULL),(31587,'people',100000701,'notregistered',7,NULL,'2024-05-28 09:03:34',1,0,NULL,NULL),(31588,'people',100000701,'container changed from \"2026\" to \"2026\";',7,NULL,'2024-05-28 09:03:34',NULL,NULL,NULL,NULL),(31589,'people',100000569,'container changed from \"7272\" to \"7272\";',23,NULL,'2024-05-28 09:03:34',NULL,NULL,NULL,NULL),(31590,'people',100000597,'container changed from \"8543\" to \"8543\";',5,NULL,'2024-05-28 09:03:34',NULL,NULL,NULL,NULL),(31591,'people',100000529,'container changed from \"2831\" to \"2831\";',6,NULL,'2024-05-28 09:03:34',NULL,NULL,NULL,NULL),(31592,'people',100000688,'container changed from \"9090\" to \"9090\";',23,NULL,'2024-05-28 09:03:34',NULL,NULL,NULL,NULL),(31593,'people',100000728,'container changed from \"2598\" to \"2598\";',8,NULL,'2024-05-28 09:03:34',NULL,NULL,NULL,NULL),(31594,'people',100000515,'container changed from \"1301\" to \"1301\";',5,NULL,'2024-05-28 09:03:34',NULL,NULL,NULL,NULL),(31595,'people',100000534,'container changed from \"8288\" to \"8288\";',5,NULL,'2024-05-28 09:03:34',NULL,NULL,NULL,NULL),(31596,'people',100000504,'container changed from \"5250\" to \"5250\";',25,NULL,'2024-05-28 09:03:34',NULL,NULL,NULL,NULL),(31597,'people',100000672,'container changed from \"5878\" to \"5878\";',7,NULL,'2024-05-28 09:03:34',NULL,NULL,NULL,NULL),(31598,'people',100000502,'notregistered',9,NULL,'2024-05-28 09:03:34',1,0,NULL,NULL),(31599,'people',100000502,'container changed from \"7129\" to \"7129\";',9,NULL,'2024-05-28 09:03:34',NULL,NULL,NULL,NULL),(31600,'people',100000489,'notregistered',3,NULL,'2024-05-28 09:03:34',1,0,NULL,NULL),(31601,'people',100000489,'container changed from \"5663\" to \"5663\";',3,NULL,'2024-05-28 09:03:34',NULL,NULL,NULL,NULL),(31602,'people',100000629,'container changed from \"7237\" to \"7237\";',23,NULL,'2024-05-28 09:03:34',NULL,NULL,NULL,NULL),(31603,'people',100000696,'container changed from \"2567\" to \"2567\";',5,NULL,'2024-05-28 09:03:34',NULL,NULL,NULL,NULL),(31604,'people',100000774,'notregistered',9,NULL,'2024-05-28 09:03:34',1,0,NULL,NULL),(31605,'people',100000774,'container changed from \"5878\" to \"5878\";',9,NULL,'2024-05-28 09:03:34',NULL,NULL,NULL,NULL),(31606,'people',100000751,'container changed from \"2598\" to \"2598\";',3,NULL,'2024-05-28 09:03:34',NULL,NULL,NULL,NULL),(31607,'people',100000617,'notregistered',2,NULL,'2024-05-28 09:03:34',1,0,NULL,NULL),(31608,'people',100000617,'container changed from \"6214\" to \"6214\";',2,NULL,'2024-05-28 09:03:34',NULL,NULL,NULL,NULL),(31609,'people',100000593,'notregistered',25,NULL,'2024-05-28 09:03:34',1,0,NULL,NULL),(31610,'people',100000593,'container changed from \"6579\" to \"6579\";',25,NULL,'2024-05-28 09:03:34',NULL,NULL,NULL,NULL),(31611,'people',100000487,'notregistered',9,NULL,'2024-05-28 09:03:34',1,0,NULL,NULL),(31612,'people',100000487,'container changed from \"5421\" to \"5421\";',9,NULL,'2024-05-28 09:03:34',NULL,NULL,NULL,NULL),(31613,'people',100000676,'notregistered',7,NULL,'2024-05-28 09:03:34',1,0,NULL,NULL),(31614,'people',100000676,'container changed from \"6579\" to \"6579\";',7,NULL,'2024-05-28 09:03:34',NULL,NULL,NULL,NULL),(31615,'people',100000570,'container changed from \"2598\" to \"2598\";',5,NULL,'2024-05-28 09:03:34',NULL,NULL,NULL,NULL),(31616,'people',100000694,'container changed from \"1514\" to \"1514\";',25,NULL,'2024-05-28 09:03:34',NULL,NULL,NULL,NULL),(31617,'people',100000700,'notregistered',23,NULL,'2024-05-28 09:03:34',1,0,NULL,NULL),(31618,'people',100000700,'container changed from \"6303\" to \"6303\";',23,NULL,'2024-05-28 09:03:34',NULL,NULL,NULL,NULL),(31619,'people',100000750,'container changed from \"6409\" to \"6409\";',24,NULL,'2024-05-28 09:03:34',NULL,NULL,NULL,NULL),(31620,'people',100000539,'notregistered',6,NULL,'2024-05-28 09:03:34',1,0,NULL,NULL),(31621,'people',100000539,'container changed from \"7405\" to \"7405\";',6,NULL,'2024-05-28 09:03:34',NULL,NULL,NULL,NULL),(31622,'people',100000643,'notregistered',24,NULL,'2024-05-28 09:03:34',1,0,NULL,NULL),(31623,'people',100000643,'container changed from \"5878\" to \"5878\";',24,NULL,'2024-05-28 09:03:34',NULL,NULL,NULL,NULL),(31624,'people',100000530,'container changed from \"9751\" to \"9751\";',25,NULL,'2024-05-28 09:03:34',NULL,NULL,NULL,NULL),(31625,'people',100000669,'container changed from \"7742\" to \"7742\";',3,NULL,'2024-05-28 09:03:34',NULL,NULL,NULL,NULL),(31626,'people',100000575,'container changed from \"6317\" to \"6317\";',24,NULL,'2024-05-28 09:03:34',NULL,NULL,NULL,NULL),(31627,'people',100000720,'container changed from \"2268\" to \"2268\";',23,NULL,'2024-05-28 09:03:34',NULL,NULL,NULL,NULL),(31628,'people',100000520,'container changed from \"3656\" to \"3656\";',7,NULL,'2024-05-28 09:03:34',NULL,NULL,NULL,NULL),(31629,'people',100000639,'notregistered',9,NULL,'2024-05-28 09:03:34',1,0,NULL,NULL),(31630,'people',100000639,'container changed from \"6214\" to \"6214\";',9,NULL,'2024-05-28 09:03:34',NULL,NULL,NULL,NULL),(31631,'people',100000489,'container changed from \"5663\" to \"5663\";',8,NULL,'2024-05-28 09:03:34',NULL,NULL,NULL,NULL),(31632,'people',100000768,'notregistered',4,NULL,'2024-05-28 09:03:34',1,0,NULL,NULL),(31633,'people',100000768,'container changed from \"8862\" to \"8862\";',4,NULL,'2024-05-28 09:03:34',NULL,NULL,NULL,NULL),(31634,'people',100000754,'notregistered',5,NULL,'2024-05-28 09:03:34',1,0,NULL,NULL),(31635,'people',100000754,'container changed from \"2358\" to \"2358\";',5,NULL,'2024-05-28 09:03:34',NULL,NULL,NULL,NULL),(31636,'people',100000594,'container changed from \"8543\" to \"8543\";',6,NULL,'2024-05-28 09:03:34',NULL,NULL,NULL,NULL),(31637,'people',100000715,'notregistered',2,NULL,'2024-05-28 09:03:35',1,0,NULL,NULL),(31638,'people',100000715,'container changed from \"2026\" to \"2026\";',2,NULL,'2024-05-28 09:03:35',NULL,NULL,NULL,NULL),(31639,'people',100000539,'container changed from \"7405\" to \"7405\";',25,NULL,'2024-05-28 09:03:35',NULL,NULL,NULL,NULL),(31640,'people',100000704,'container changed from \"8386\" to \"8386\";',6,NULL,'2024-05-28 09:03:35',NULL,NULL,NULL,NULL),(31641,'people',100000774,'container changed from \"5878\" to \"5878\";',25,NULL,'2024-05-28 09:03:35',NULL,NULL,NULL,NULL),(31642,'people',100000615,'container changed from \"2358\" to \"2358\";',3,NULL,'2024-05-28 09:03:35',NULL,NULL,NULL,NULL),(31643,'people',100000713,'container changed from \"7405\" to \"7405\";',23,NULL,'2024-05-28 09:03:35',NULL,NULL,NULL,NULL),(31644,'people',100000690,'container changed from \"1514\" to \"1514\";',3,NULL,'2024-05-28 09:03:35',NULL,NULL,NULL,NULL),(31645,'people',100000721,'container changed from \"9593\" to \"9593\";',2,NULL,'2024-05-28 09:03:35',NULL,NULL,NULL,NULL),(31646,'people',100000599,'container changed from \"5878\" to \"5878\";',24,NULL,'2024-05-28 09:03:35',NULL,NULL,NULL,NULL),(31647,'people',100000542,'notregistered',8,NULL,'2024-05-28 09:03:35',1,0,NULL,NULL),(31648,'people',100000542,'container changed from \"7742\" to \"7742\";',8,NULL,'2024-05-28 09:03:35',NULL,NULL,NULL,NULL),(31649,'people',100000633,'notregistered',7,NULL,'2024-05-28 09:03:35',1,0,NULL,NULL),(31650,'people',100000633,'container changed from \"7405\" to \"7405\";',7,NULL,'2024-05-28 09:03:35',NULL,NULL,NULL,NULL),(31651,'people',100000782,'container changed from \"6214\" to \"6214\";',5,NULL,'2024-05-28 09:03:35',NULL,NULL,NULL,NULL),(31652,'people',100000539,'container changed from \"7405\" to \"7405\";',8,NULL,'2024-05-28 09:03:35',NULL,NULL,NULL,NULL),(31653,'people',100000645,'container changed from \"1514\" to \"1514\";',25,NULL,'2024-05-28 09:03:35',NULL,NULL,NULL,NULL),(31654,'people',100000731,'notregistered',4,NULL,'2024-05-28 09:03:35',1,0,NULL,NULL),(31655,'people',100000731,'container changed from \"3568\" to \"3568\";',4,NULL,'2024-05-28 09:03:35',NULL,NULL,NULL,NULL),(31656,'people',100000728,'container changed from \"2598\" to \"2598\";',2,NULL,'2024-05-28 09:03:35',NULL,NULL,NULL,NULL),(31657,'people',100000537,'container changed from \"6214\" to \"6214\";',23,NULL,'2024-05-28 09:03:35',NULL,NULL,NULL,NULL),(31658,'people',100000592,'container changed from \"2567\" to \"2567\";',2,NULL,'2024-05-28 09:03:35',NULL,NULL,NULL,NULL),(31659,'people',100000743,'notregistered',4,NULL,'2024-05-28 09:03:35',1,0,NULL,NULL),(31660,'people',100000743,'container changed from \"8543\" to \"8543\";',4,NULL,'2024-05-28 09:03:35',NULL,NULL,NULL,NULL),(31661,'people',100000698,'container changed from \"6214\" to \"6214\";',25,NULL,'2024-05-28 09:03:35',NULL,NULL,NULL,NULL),(31662,'people',100000499,'container changed from \"2549\" to \"2549\";',4,NULL,'2024-05-28 09:03:35',NULL,NULL,NULL,NULL),(31663,'people',100000616,'notregistered',23,NULL,'2024-05-28 09:03:35',1,0,NULL,NULL),(31664,'people',100000616,'container changed from \"1514\" to \"1514\";',23,NULL,'2024-05-28 09:03:35',NULL,NULL,NULL,NULL),(31665,'people',100000620,'container changed from \"7272\" to \"7272\";',4,NULL,'2024-05-28 09:03:35',NULL,NULL,NULL,NULL),(31666,'people',100000527,'container changed from \"9459\" to \"9459\";',6,NULL,'2024-05-28 09:03:35',NULL,NULL,NULL,NULL),(31667,'people',100000675,'volunteer',24,NULL,'2024-05-28 09:03:35',0,1,NULL,NULL),(31668,'people',100000675,'container changed from \"2598\" to \"2598\";',24,NULL,'2024-05-28 09:03:35',NULL,NULL,NULL,NULL),(31669,'people',100000640,'volunteer',3,NULL,'2024-05-28 09:03:35',0,1,NULL,NULL),(31670,'people',100000640,'container changed from \"9593\" to \"9593\";',3,NULL,'2024-05-28 09:03:35',NULL,NULL,NULL,NULL),(31671,'people',100000688,'volunteer',7,NULL,'2024-05-28 09:03:35',0,1,NULL,NULL),(31672,'people',100000688,'container changed from \"9090\" to \"9090\";',7,NULL,'2024-05-28 09:03:35',NULL,NULL,NULL,NULL),(31673,'people',100000759,'volunteer',4,NULL,'2024-05-28 09:03:35',0,1,NULL,NULL),(31674,'people',100000759,'container changed from \"2358\" to \"2358\";',4,NULL,'2024-05-28 09:03:35',NULL,NULL,NULL,NULL),(31675,'people',100000710,'volunteer',8,NULL,'2024-05-28 09:03:35',0,1,NULL,NULL),(31676,'people',100000710,'container changed from \"8543\" to \"8543\";',8,NULL,'2024-05-28 09:03:35',NULL,NULL,NULL,NULL),(31677,'people',100000610,'volunteer',2,NULL,'2024-05-28 09:03:35',0,1,NULL,NULL),(31678,'people',100000610,'container changed from \"2268\" to \"2268\";',2,NULL,'2024-05-28 09:03:35',NULL,NULL,NULL,NULL),(31679,'people',100000711,'volunteer',23,NULL,'2024-05-28 09:03:35',0,1,NULL,NULL),(31680,'people',100000711,'container changed from \"2026\" to \"2026\";',23,NULL,'2024-05-28 09:03:35',NULL,NULL,NULL,NULL),(31681,'people',100000775,'volunteer',8,NULL,'2024-05-28 09:03:35',0,1,NULL,NULL),(31682,'people',100000775,'container changed from \"7405\" to \"7405\";',8,NULL,'2024-05-28 09:03:35',NULL,NULL,NULL,NULL),(31683,'people',100000701,'volunteer',6,NULL,'2024-05-28 09:03:35',0,1,NULL,NULL),(31684,'people',100000701,'container changed from \"2026\" to \"2026\";',6,NULL,'2024-05-28 09:03:35',NULL,NULL,NULL,NULL),(31685,'people',100000681,'volunteer',8,NULL,'2024-05-28 09:03:35',0,1,NULL,NULL),(31686,'people',100000681,'container changed from \"9090\" to \"9090\";',8,NULL,'2024-05-28 09:03:35',NULL,NULL,NULL,NULL),(31687,'people',100000530,'volunteer',6,NULL,'2024-05-28 09:03:35',0,1,NULL,NULL),(31688,'people',100000530,'container changed from \"9751\" to \"9751\";',6,NULL,'2024-05-28 09:03:35',NULL,NULL,NULL,NULL),(31689,'people',100000504,'volunteer',23,NULL,'2024-05-28 09:03:35',0,1,NULL,NULL),(31690,'people',100000504,'container changed from \"5250\" to \"5250\";',23,NULL,'2024-05-28 09:03:35',NULL,NULL,NULL,NULL),(31691,'people',100000779,'volunteer',6,NULL,'2024-05-28 09:03:35',0,1,NULL,NULL),(31692,'people',100000779,'container changed from \"7237\" to \"7237\";',6,NULL,'2024-05-28 09:03:35',NULL,NULL,NULL,NULL),(31693,'people',100000779,'volunteer',2,NULL,'2024-05-28 09:03:35',1,0,NULL,NULL),(31694,'people',100000779,'container changed from \"7237\" to \"7237\";',2,NULL,'2024-05-28 09:03:35',NULL,NULL,NULL,NULL),(31695,'people',100000783,'volunteer',6,NULL,'2024-05-28 09:03:35',0,1,NULL,NULL),(31696,'people',100000783,'container changed from \"3568\" to \"3568\";',6,NULL,'2024-05-28 09:03:35',NULL,NULL,NULL,NULL),(31697,'people',100000589,'volunteer',7,NULL,'2024-05-28 09:03:35',0,1,NULL,NULL),(31698,'people',100000589,'container changed from \"6214\" to \"6214\";',7,NULL,'2024-05-28 09:03:35',NULL,NULL,NULL,NULL),(31699,'people',100000552,'volunteer',6,NULL,'2024-05-28 09:03:35',0,1,NULL,NULL),(31700,'people',100000552,'container changed from \"8386\" to \"8386\";',6,NULL,'2024-05-28 09:03:35',NULL,NULL,NULL,NULL),(31701,'people',100000536,'volunteer',7,NULL,'2024-05-28 09:03:36',0,1,NULL,NULL),(31702,'people',100000536,'container changed from \"6214\" to \"6214\";',7,NULL,'2024-05-28 09:03:36',NULL,NULL,NULL,NULL),(31703,'people',100000572,'volunteer',9,NULL,'2024-05-28 09:03:36',1,0,NULL,NULL),(31704,'people',100000572,'container changed from \"8543\" to \"8543\";',9,NULL,'2024-05-28 09:03:36',NULL,NULL,NULL,NULL),(31705,'people',100000514,'volunteer',2,NULL,'2024-05-28 09:03:36',0,1,NULL,NULL),(31706,'people',100000514,'container changed from \"6145\" to \"6145\";',2,NULL,'2024-05-28 09:03:36',NULL,NULL,NULL,NULL),(31707,'people',100000637,'volunteer',6,NULL,'2024-05-28 09:03:36',0,1,NULL,NULL),(31708,'people',100000637,'container changed from \"7237\" to \"7237\";',6,NULL,'2024-05-28 09:03:36',NULL,NULL,NULL,NULL),(31709,'people',100000567,'volunteer',6,NULL,'2024-05-28 09:03:36',0,1,NULL,NULL),(31710,'people',100000567,'container changed from \"7237\" to \"7237\";',6,NULL,'2024-05-28 09:03:36',NULL,NULL,NULL,NULL),(31711,'people',100000718,'volunteer',24,NULL,'2024-05-28 09:03:36',0,1,NULL,NULL),(31712,'people',100000718,'container changed from \"7742\" to \"7742\";',24,NULL,'2024-05-28 09:03:36',NULL,NULL,NULL,NULL),(31713,'people',100000503,'volunteer',4,NULL,'2024-05-28 09:03:36',1,0,NULL,NULL),(31714,'people',100000503,'container changed from \"3404\" to \"3404\";',4,NULL,'2024-05-28 09:03:36',NULL,NULL,NULL,NULL),(31715,'people',100000766,'volunteer',8,NULL,'2024-05-28 09:03:36',0,1,NULL,NULL),(31716,'people',100000766,'container changed from \"6317\" to \"6317\";',8,NULL,'2024-05-28 09:03:36',NULL,NULL,NULL,NULL),(31717,'people',100000579,'volunteer',25,NULL,'2024-05-28 09:03:36',1,0,NULL,NULL),(31718,'people',100000579,'container changed from \"4316\" to \"4316\";',25,NULL,'2024-05-28 09:03:36',NULL,NULL,NULL,NULL),(31719,'people',100000487,'volunteer',2,NULL,'2024-05-28 09:03:36',1,0,NULL,NULL),(31720,'people',100000487,'container changed from \"5421\" to \"5421\";',2,NULL,'2024-05-28 09:03:36',NULL,NULL,NULL,NULL),(31721,'people',100000565,'volunteer',9,NULL,'2024-05-28 09:03:36',0,1,NULL,NULL),(31722,'people',100000565,'container changed from \"8862\" to \"8862\";',9,NULL,'2024-05-28 09:03:36',NULL,NULL,NULL,NULL),(31723,'people',100000563,'volunteer',4,NULL,'2024-05-28 09:03:36',1,0,NULL,NULL),(31724,'people',100000563,'container changed from \"6409\" to \"6409\";',4,NULL,'2024-05-28 09:03:36',NULL,NULL,NULL,NULL),(31725,'people',100000768,'volunteer',4,NULL,'2024-05-28 09:03:36',0,1,NULL,NULL),(31726,'people',100000768,'container changed from \"8862\" to \"8862\";',4,NULL,'2024-05-28 09:03:36',NULL,NULL,NULL,NULL),(31727,'people',100000549,'volunteer',2,NULL,'2024-05-28 09:03:36',0,1,NULL,NULL),(31728,'people',100000549,'container changed from \"9574\" to \"9574\";',2,NULL,'2024-05-28 09:03:36',NULL,NULL,NULL,NULL),(31729,'people',100000619,'volunteer',23,NULL,'2024-05-28 09:03:36',0,1,NULL,NULL),(31730,'people',100000619,'container changed from \"8386\" to \"8386\";',23,NULL,'2024-05-28 09:03:36',NULL,NULL,NULL,NULL),(31731,'people',100000504,'volunteer',25,NULL,'2024-05-28 09:03:36',1,0,NULL,NULL),(31732,'people',100000504,'container changed from \"5250\" to \"5250\";',25,NULL,'2024-05-28 09:03:36',NULL,NULL,NULL,NULL),(31733,'people',100000732,'volunteer',23,NULL,'2024-05-28 09:03:36',0,1,NULL,NULL),(31734,'people',100000732,'container changed from \"7237\" to \"7237\";',23,NULL,'2024-05-28 09:03:36',NULL,NULL,NULL,NULL),(31735,'people',100000692,'volunteer',9,NULL,'2024-05-28 09:03:36',0,1,NULL,NULL),(31736,'people',100000692,'container changed from \"8386\" to \"8386\";',9,NULL,'2024-05-28 09:03:36',NULL,NULL,NULL,NULL),(31737,'people',100000591,'volunteer',23,NULL,'2024-05-28 09:03:36',0,1,NULL,NULL),(31738,'people',100000591,'container changed from \"6409\" to \"6409\";',23,NULL,'2024-05-28 09:03:36',NULL,NULL,NULL,NULL),(31739,'people',100000667,'volunteer',23,NULL,'2024-05-28 09:03:36',0,1,NULL,NULL),(31740,'people',100000667,'container changed from \"6214\" to \"6214\";',23,NULL,'2024-05-28 09:03:36',NULL,NULL,NULL,NULL),(31741,'people',100000501,'volunteer',4,NULL,'2024-05-28 09:03:36',0,1,NULL,NULL),(31742,'people',100000501,'container changed from \"4379\" to \"4379\";',4,NULL,'2024-05-28 09:03:36',NULL,NULL,NULL,NULL),(31743,'people',100000740,'volunteer',23,NULL,'2024-05-28 09:03:36',0,1,NULL,NULL),(31744,'people',100000740,'container changed from \"7237\" to \"7237\";',23,NULL,'2024-05-28 09:03:36',NULL,NULL,NULL,NULL),(31745,'people',100000659,'volunteer',6,NULL,'2024-05-28 09:03:36',0,1,NULL,NULL),(31746,'people',100000659,'container changed from \"5878\" to \"5878\";',6,NULL,'2024-05-28 09:03:36',NULL,NULL,NULL,NULL),(31747,'people',100000699,'volunteer',9,NULL,'2024-05-28 09:03:36',0,1,NULL,NULL),(31748,'people',100000699,'container changed from \"6214\" to \"6214\";',9,NULL,'2024-05-28 09:03:36',NULL,NULL,NULL,NULL),(31749,'people',100000746,'volunteer',5,NULL,'2024-05-28 09:03:36',0,1,NULL,NULL),(31750,'people',100000746,'container changed from \"7742\" to \"7742\";',5,NULL,'2024-05-28 09:03:36',NULL,NULL,NULL,NULL),(31751,'people',100000665,'volunteer',24,NULL,'2024-05-28 09:03:36',0,1,NULL,NULL),(31752,'people',100000665,'container changed from \"2567\" to \"2567\";',24,NULL,'2024-05-28 09:03:36',NULL,NULL,NULL,NULL),(31753,'people',100000490,'volunteer',4,NULL,'2024-05-28 09:03:36',1,0,NULL,NULL),(31754,'people',100000490,'container changed from \"9716\" to \"9716\";',4,NULL,'2024-05-28 09:03:36',NULL,NULL,NULL,NULL),(31755,'people',100000770,'volunteer',9,NULL,'2024-05-28 09:03:36',0,1,NULL,NULL),(31756,'people',100000770,'container changed from \"3568\" to \"3568\";',9,NULL,'2024-05-28 09:03:36',NULL,NULL,NULL,NULL),(31757,'people',100000546,'volunteer',23,NULL,'2024-05-28 09:03:36',0,1,NULL,NULL),(31758,'people',100000546,'container changed from \"6579\" to \"6579\";',23,NULL,'2024-05-28 09:03:36',NULL,NULL,NULL,NULL),(31759,'people',100000661,'volunteer',2,NULL,'2024-05-28 09:03:36',0,1,NULL,NULL),(31760,'people',100000661,'container changed from \"6317\" to \"6317\";',2,NULL,'2024-05-28 09:03:36',NULL,NULL,NULL,NULL),(31761,'people',100000554,'volunteer',9,NULL,'2024-05-28 09:03:36',1,0,NULL,NULL),(31762,'people',100000554,'container changed from \"9593\" to \"9593\";',9,NULL,'2024-05-28 09:03:36',NULL,NULL,NULL,NULL),(31763,'people',100000765,'volunteer',24,NULL,'2024-05-28 09:03:36',0,1,NULL,NULL),(31764,'people',100000765,'container changed from \"2026\" to \"2026\";',24,NULL,'2024-05-28 09:03:36',NULL,NULL,NULL,NULL),(31765,'people',100000728,'volunteer',4,NULL,'2024-05-28 09:03:36',0,1,NULL,NULL),(31766,'people',100000728,'container changed from \"2598\" to \"2598\";',4,NULL,'2024-05-28 09:03:36',NULL,NULL,NULL,NULL),(31767,'people',100000782,'volunteer',23,NULL,'2024-05-28 09:03:36',0,1,NULL,NULL),(31768,'people',100000782,'container changed from \"6214\" to \"6214\";',23,NULL,'2024-05-28 09:03:36',NULL,NULL,NULL,NULL),(31769,'people',100000702,'volunteer',23,NULL,'2024-05-28 09:03:36',0,1,NULL,NULL),(31770,'people',100000702,'container changed from \"9090\" to \"9090\";',23,NULL,'2024-05-28 09:03:36',NULL,NULL,NULL,NULL),(31771,'people',100000732,'volunteer',24,NULL,'2024-05-28 09:03:36',1,0,NULL,NULL),(31772,'people',100000732,'container changed from \"7237\" to \"7237\";',24,NULL,'2024-05-28 09:03:36',NULL,NULL,NULL,NULL),(31773,'people',100000593,'volunteer',7,NULL,'2024-05-28 09:03:36',0,1,NULL,NULL),(31774,'people',100000593,'container changed from \"6579\" to \"6579\";',7,NULL,'2024-05-28 09:03:36',NULL,NULL,NULL,NULL),(31775,'people',100000658,'volunteer',7,NULL,'2024-05-28 09:03:36',0,1,NULL,NULL),(31776,'people',100000658,'container changed from \"2567\" to \"2567\";',7,NULL,'2024-05-28 09:03:36',NULL,NULL,NULL,NULL),(31777,'people',100000552,'volunteer',24,NULL,'2024-05-28 09:03:36',1,0,NULL,NULL),(31778,'people',100000552,'container changed from \"8386\" to \"8386\";',24,NULL,'2024-05-28 09:03:36',NULL,NULL,NULL,NULL),(31779,'people',100000635,'volunteer',6,NULL,'2024-05-28 09:03:36',0,1,NULL,NULL),(31780,'people',100000635,'container changed from \"1620\" to \"1620\";',6,NULL,'2024-05-28 09:03:36',NULL,NULL,NULL,NULL),(31781,'people',100000604,'volunteer',9,NULL,'2024-05-28 09:03:36',0,1,NULL,NULL),(31782,'people',100000604,'container changed from \"6579\" to \"6579\";',9,NULL,'2024-05-28 09:03:36',NULL,NULL,NULL,NULL),(31783,'people',100000496,'volunteer',25,NULL,'2024-05-28 09:03:36',0,1,NULL,NULL),(31784,'people',100000496,'container changed from \"9811\" to \"9811\";',25,NULL,'2024-05-28 09:03:36',NULL,NULL,NULL,NULL),(31785,'people',100000708,'volunteer',3,NULL,'2024-05-28 09:03:36',0,1,NULL,NULL),(31786,'people',100000708,'container changed from \"7742\" to \"7742\";',3,NULL,'2024-05-28 09:03:36',NULL,NULL,NULL,NULL),(31787,'people',100000590,'volunteer',5,NULL,'2024-05-28 09:03:36',0,1,NULL,NULL),(31788,'people',100000590,'container changed from \"9090\" to \"9090\";',5,NULL,'2024-05-28 09:03:36',NULL,NULL,NULL,NULL),(31789,'people',100000670,'volunteer',4,NULL,'2024-05-28 09:03:37',0,1,NULL,NULL),(31790,'people',100000670,'container changed from \"6214\" to \"6214\";',4,NULL,'2024-05-28 09:03:37',NULL,NULL,NULL,NULL),(31791,'people',100000608,'volunteer',4,NULL,'2024-05-28 09:03:37',0,1,NULL,NULL),(31792,'people',100000608,'container changed from \"6579\" to \"6579\";',4,NULL,'2024-05-28 09:03:37',NULL,NULL,NULL,NULL),(31793,'people',100000592,'volunteer',8,NULL,'2024-05-28 09:03:37',0,1,NULL,NULL),(31794,'people',100000592,'container changed from \"2567\" to \"2567\";',8,NULL,'2024-05-28 09:03:37',NULL,NULL,NULL,NULL),(31795,'people',100000579,'volunteer',5,NULL,'2024-05-28 09:03:37',0,1,NULL,NULL),(31796,'people',100000579,'container changed from \"4316\" to \"4316\";',5,NULL,'2024-05-28 09:03:37',NULL,NULL,NULL,NULL),(31797,'people',100000768,'volunteer',23,NULL,'2024-05-28 09:03:37',1,0,NULL,NULL),(31798,'people',100000768,'container changed from \"8862\" to \"8862\";',23,NULL,'2024-05-28 09:03:37',NULL,NULL,NULL,NULL),(31799,'people',100000756,'volunteer',4,NULL,'2024-05-28 09:03:37',0,1,NULL,NULL),(31800,'people',100000756,'container changed from \"2598\" to \"2598\";',4,NULL,'2024-05-28 09:03:37',NULL,NULL,NULL,NULL),(31801,'people',100000699,'volunteer',25,NULL,'2024-05-28 09:03:37',1,0,NULL,NULL),(31802,'people',100000699,'container changed from \"6214\" to \"6214\";',25,NULL,'2024-05-28 09:03:37',NULL,NULL,NULL,NULL),(31803,'people',100000527,'volunteer',5,NULL,'2024-05-28 09:03:37',1,0,NULL,NULL),(31804,'people',100000527,'container changed from \"9459\" to \"9459\";',5,NULL,'2024-05-28 09:03:37',NULL,NULL,NULL,NULL),(31805,'people',100000643,'volunteer',24,NULL,'2024-05-28 09:03:37',0,1,NULL,NULL),(31806,'people',100000643,'container changed from \"5878\" to \"5878\";',24,NULL,'2024-05-28 09:03:37',NULL,NULL,NULL,NULL),(31807,'people',100000549,'volunteer',25,NULL,'2024-05-28 09:03:37',1,0,NULL,NULL),(31808,'people',100000549,'container changed from \"9574\" to \"9574\";',25,NULL,'2024-05-28 09:03:37',NULL,NULL,NULL,NULL),(31809,'people',100000613,'volunteer',7,NULL,'2024-05-28 09:03:37',0,1,NULL,NULL),(31810,'people',100000613,'container changed from \"6409\" to \"6409\";',7,NULL,'2024-05-28 09:03:37',NULL,NULL,NULL,NULL),(31811,'people',100000577,'volunteer',5,NULL,'2024-05-28 09:03:37',0,1,NULL,NULL),(31812,'people',100000577,'container changed from \"2358\" to \"2358\";',5,NULL,'2024-05-28 09:03:37',NULL,NULL,NULL,NULL),(31813,'people',100000570,'volunteer',8,NULL,'2024-05-28 09:03:37',0,1,NULL,NULL),(31814,'people',100000570,'container changed from \"2598\" to \"2598\";',8,NULL,'2024-05-28 09:03:37',NULL,NULL,NULL,NULL),(31815,'people',100000492,'volunteer',24,NULL,'2024-05-28 09:03:37',0,1,NULL,NULL),(31816,'people',100000492,'container changed from \"3893\" to \"3893\";',24,NULL,'2024-05-28 09:03:37',NULL,NULL,NULL,NULL),(31817,'people',100000774,'volunteer',6,NULL,'2024-05-28 09:03:37',0,1,NULL,NULL),(31818,'people',100000774,'container changed from \"5878\" to \"5878\";',6,NULL,'2024-05-28 09:03:37',NULL,NULL,NULL,NULL),(31819,'people',100000592,'volunteer',9,NULL,'2024-05-28 09:03:37',1,0,NULL,NULL),(31820,'people',100000592,'container changed from \"2567\" to \"2567\";',9,NULL,'2024-05-28 09:03:37',NULL,NULL,NULL,NULL),(31821,'people',100000572,'volunteer',7,NULL,'2024-05-28 09:03:37',0,1,NULL,NULL),(31822,'people',100000572,'container changed from \"8543\" to \"8543\";',7,NULL,'2024-05-28 09:03:37',NULL,NULL,NULL,NULL),(31823,'people',100000657,'volunteer',9,NULL,'2024-05-28 09:03:37',0,1,NULL,NULL),(31824,'people',100000657,'container changed from \"9593\" to \"9593\";',9,NULL,'2024-05-28 09:03:37',NULL,NULL,NULL,NULL),(31825,'people',100000725,'volunteer',7,NULL,'2024-05-28 09:03:37',0,1,NULL,NULL),(31826,'people',100000725,'container changed from \"3568\" to \"3568\";',7,NULL,'2024-05-28 09:03:37',NULL,NULL,NULL,NULL),(31827,'people',100000604,'volunteer',23,NULL,'2024-05-28 09:03:37',1,0,NULL,NULL),(31828,'people',100000604,'container changed from \"6579\" to \"6579\";',23,NULL,'2024-05-28 09:03:37',NULL,NULL,NULL,NULL),(31829,'people',100000508,'volunteer',25,NULL,'2024-05-28 09:03:37',0,1,NULL,NULL),(31830,'people',100000508,'container changed from \"1523\" to \"1523\";',25,NULL,'2024-05-28 09:03:37',NULL,NULL,NULL,NULL),(31831,'people',100000693,'volunteer',9,NULL,'2024-05-28 09:03:37',0,1,NULL,NULL),(31832,'people',100000693,'container changed from \"9574\" to \"9574\";',9,NULL,'2024-05-28 09:03:37',NULL,NULL,NULL,NULL),(31833,'people',100000612,'volunteer',9,NULL,'2024-05-28 09:03:37',0,1,NULL,NULL),(31834,'people',100000612,'container changed from \"7272\" to \"7272\";',9,NULL,'2024-05-28 09:03:37',NULL,NULL,NULL,NULL),(31835,'people',100000549,'volunteer',24,NULL,'2024-05-28 09:03:37',0,1,NULL,NULL),(31836,'people',100000549,'container changed from \"9574\" to \"9574\";',24,NULL,'2024-05-28 09:03:37',NULL,NULL,NULL,NULL),(31837,'people',100000641,'volunteer',24,NULL,'2024-05-28 09:03:37',0,1,NULL,NULL),(31838,'people',100000641,'container changed from \"6303\" to \"6303\";',24,NULL,'2024-05-28 09:03:37',NULL,NULL,NULL,NULL),(31839,'people',100000784,'volunteer',9,NULL,'2024-05-28 09:03:37',0,1,NULL,NULL),(31840,'people',100000784,'container changed from \"1620\" to \"1620\";',9,NULL,'2024-05-28 09:03:37',NULL,NULL,NULL,NULL),(31841,'people',100000691,'volunteer',2,NULL,'2024-05-28 09:03:37',0,1,NULL,NULL),(31842,'people',100000691,'container changed from \"2567\" to \"2567\";',2,NULL,'2024-05-28 09:03:37',NULL,NULL,NULL,NULL),(31843,'people',100000570,'volunteer',24,NULL,'2024-05-28 09:03:37',1,0,NULL,NULL),(31844,'people',100000570,'container changed from \"2598\" to \"2598\";',24,NULL,'2024-05-28 09:03:37',NULL,NULL,NULL,NULL),(31845,'people',100000731,'volunteer',4,NULL,'2024-05-28 09:03:37',0,1,NULL,NULL),(31846,'people',100000731,'container changed from \"3568\" to \"3568\";',4,NULL,'2024-05-28 09:03:37',NULL,NULL,NULL,NULL),(31847,'people',100000653,'volunteer',8,NULL,'2024-05-28 09:03:37',0,1,NULL,NULL),(31848,'people',100000653,'container changed from \"7742\" to \"7742\";',8,NULL,'2024-05-28 09:03:37',NULL,NULL,NULL,NULL),(31849,'people',100000783,'volunteer',25,NULL,'2024-05-28 09:03:37',1,0,NULL,NULL),(31850,'people',100000783,'container changed from \"3568\" to \"3568\";',25,NULL,'2024-05-28 09:03:37',NULL,NULL,NULL,NULL),(31851,'people',100000661,'volunteer',6,NULL,'2024-05-28 09:03:37',1,0,NULL,NULL),(31852,'people',100000661,'container changed from \"6317\" to \"6317\";',6,NULL,'2024-05-28 09:03:37',NULL,NULL,NULL,NULL),(31853,'people',100000552,'volunteer',5,NULL,'2024-05-28 09:03:37',0,1,NULL,NULL),(31854,'people',100000552,'container changed from \"8386\" to \"8386\";',5,NULL,'2024-05-28 09:03:37',NULL,NULL,NULL,NULL),(31855,'people',100000773,'volunteer',23,NULL,'2024-05-28 09:03:37',0,1,NULL,NULL),(31856,'people',100000773,'container changed from \"4316\" to \"4316\";',23,NULL,'2024-05-28 09:03:37',NULL,NULL,NULL,NULL),(31857,'people',100000628,'volunteer',24,NULL,'2024-05-28 09:03:37',0,1,NULL,NULL),(31858,'people',100000628,'container changed from \"7237\" to \"7237\";',24,NULL,'2024-05-28 09:03:37',NULL,NULL,NULL,NULL),(31859,'people',100000595,'volunteer',4,NULL,'2024-05-28 09:03:37',0,1,NULL,NULL),(31860,'people',100000595,'container changed from \"2358\" to \"2358\";',4,NULL,'2024-05-28 09:03:37',NULL,NULL,NULL,NULL),(31861,'people',100000657,'volunteer',2,NULL,'2024-05-28 09:03:37',1,0,NULL,NULL),(31862,'people',100000657,'container changed from \"9593\" to \"9593\";',2,NULL,'2024-05-28 09:03:37',NULL,NULL,NULL,NULL),(31863,'people',100000492,'volunteer',24,NULL,'2024-05-28 09:03:38',1,0,NULL,NULL),(31864,'people',100000492,'container changed from \"3893\" to \"3893\";',24,NULL,'2024-05-28 09:03:38',NULL,NULL,NULL,NULL),(31865,'people',100000579,'volunteer',9,NULL,'2024-05-28 09:03:38',1,0,NULL,NULL),(31866,'people',100000579,'container changed from \"4316\" to \"4316\";',9,NULL,'2024-05-28 09:03:38',NULL,NULL,NULL,NULL),(31867,'people',100000651,'volunteer',7,NULL,'2024-05-28 09:03:38',0,1,NULL,NULL),(31868,'people',100000651,'container changed from \"6579\" to \"6579\";',7,NULL,'2024-05-28 09:03:38',NULL,NULL,NULL,NULL),(31869,'people',100000727,'volunteer',7,NULL,'2024-05-28 09:03:38',0,1,NULL,NULL),(31870,'people',100000727,'container changed from \"5878\" to \"5878\";',7,NULL,'2024-05-28 09:03:38',NULL,NULL,NULL,NULL),(31871,'people',100000759,'volunteer',4,NULL,'2024-05-28 09:03:38',1,0,NULL,NULL),(31872,'people',100000759,'container changed from \"2358\" to \"2358\";',4,NULL,'2024-05-28 09:03:38',NULL,NULL,NULL,NULL),(31873,'people',100000585,'volunteer',8,NULL,'2024-05-28 09:03:38',0,1,NULL,NULL),(31874,'people',100000585,'container changed from \"2567\" to \"2567\";',8,NULL,'2024-05-28 09:03:38',NULL,NULL,NULL,NULL),(31875,'people',100000724,'volunteer',5,NULL,'2024-05-28 09:03:38',0,1,NULL,NULL),(31876,'people',100000724,'container changed from \"6579\" to \"6579\";',5,NULL,'2024-05-28 09:03:38',NULL,NULL,NULL,NULL),(31877,'people',100000635,'volunteer',6,NULL,'2024-05-28 09:03:38',1,0,NULL,NULL),(31878,'people',100000635,'container changed from \"1620\" to \"1620\";',6,NULL,'2024-05-28 09:03:38',NULL,NULL,NULL,NULL),(31879,'people',100000660,'volunteer',2,NULL,'2024-05-28 09:03:38',0,1,NULL,NULL),(31880,'people',100000660,'container changed from \"2598\" to \"2598\";',2,NULL,'2024-05-28 09:03:38',NULL,NULL,NULL,NULL),(31881,'people',100000678,'volunteer',3,NULL,'2024-05-28 09:03:38',0,1,NULL,NULL),(31882,'people',100000678,'container changed from \"2567\" to \"2567\";',3,NULL,'2024-05-28 09:03:38',NULL,NULL,NULL,NULL),(31883,'people',100000676,'volunteer',23,NULL,'2024-05-28 09:03:38',0,1,NULL,NULL),(31884,'people',100000676,'container changed from \"6579\" to \"6579\";',23,NULL,'2024-05-28 09:03:38',NULL,NULL,NULL,NULL),(31885,'people',100000764,'volunteer',8,NULL,'2024-05-28 09:03:38',0,1,NULL,NULL),(31886,'people',100000764,'container changed from \"6409\" to \"6409\";',8,NULL,'2024-05-28 09:03:38',NULL,NULL,NULL,NULL),(31887,'people',100000597,'volunteer',2,NULL,'2024-05-28 09:03:38',0,1,NULL,NULL),(31888,'people',100000597,'container changed from \"8543\" to \"8543\";',2,NULL,'2024-05-28 09:03:38',NULL,NULL,NULL,NULL),(31889,'people',100000770,'volunteer',24,NULL,'2024-05-28 09:03:38',1,0,NULL,NULL),(31890,'people',100000770,'container changed from \"3568\" to \"3568\";',24,NULL,'2024-05-28 09:03:38',NULL,NULL,NULL,NULL),(31891,'people',100000712,'volunteer',8,NULL,'2024-05-28 09:03:38',0,1,NULL,NULL),(31892,'people',100000712,'container changed from \"6409\" to \"6409\";',8,NULL,'2024-05-28 09:03:38',NULL,NULL,NULL,NULL),(31893,'people',100000499,'volunteer',7,NULL,'2024-05-28 09:03:38',0,1,NULL,NULL),(31894,'people',100000499,'container changed from \"2549\" to \"2549\";',7,NULL,'2024-05-28 09:03:38',NULL,NULL,NULL,NULL),(31895,'people',100000611,'volunteer',23,NULL,'2024-05-28 09:03:38',0,1,NULL,NULL),(31896,'people',100000611,'container changed from \"6409\" to \"6409\";',23,NULL,'2024-05-28 09:03:38',NULL,NULL,NULL,NULL),(31897,'people',100000689,'volunteer',3,NULL,'2024-05-28 09:03:38',0,1,NULL,NULL),(31898,'people',100000689,'container changed from \"2358\" to \"2358\";',3,NULL,'2024-05-28 09:03:38',NULL,NULL,NULL,NULL),(31899,'people',100000583,'volunteer',4,NULL,'2024-05-28 09:03:38',0,1,NULL,NULL),(31900,'people',100000583,'container changed from \"2026\" to \"2026\";',4,NULL,'2024-05-28 09:03:38',NULL,NULL,NULL,NULL),(31901,'people',100000669,'volunteer',3,NULL,'2024-05-28 09:03:38',0,1,NULL,NULL),(31902,'people',100000669,'container changed from \"7742\" to \"7742\";',3,NULL,'2024-05-28 09:03:38',NULL,NULL,NULL,NULL),(31903,'people',100000720,'volunteer',3,NULL,'2024-05-28 09:03:38',0,1,NULL,NULL),(31904,'people',100000720,'container changed from \"2268\" to \"2268\";',3,NULL,'2024-05-28 09:03:38',NULL,NULL,NULL,NULL),(31905,'people',100000492,'volunteer',23,NULL,'2024-05-28 09:03:38',0,1,NULL,NULL),(31906,'people',100000492,'container changed from \"3893\" to \"3893\";',23,NULL,'2024-05-28 09:03:38',NULL,NULL,NULL,NULL),(31907,'people',100000679,'volunteer',2,NULL,'2024-05-28 09:03:38',0,1,NULL,NULL),(31908,'people',100000679,'container changed from \"5878\" to \"5878\";',2,NULL,'2024-05-28 09:03:38',NULL,NULL,NULL,NULL),(31909,'people',100000716,'volunteer',4,NULL,'2024-05-28 09:03:38',0,1,NULL,NULL),(31910,'people',100000716,'container changed from \"9090\" to \"9090\";',4,NULL,'2024-05-28 09:03:38',NULL,NULL,NULL,NULL),(31911,'people',100000558,'volunteer',5,NULL,'2024-05-28 09:03:38',1,0,NULL,NULL),(31912,'people',100000558,'container changed from \"5878\" to \"5878\";',5,NULL,'2024-05-28 09:03:38',NULL,NULL,NULL,NULL),(31913,'people',100000645,'volunteer',23,NULL,'2024-05-28 09:03:38',0,1,NULL,NULL),(31914,'people',100000645,'container changed from \"1514\" to \"1514\";',23,NULL,'2024-05-28 09:03:38',NULL,NULL,NULL,NULL),(31915,'people',100000770,'volunteer',2,NULL,'2024-05-28 09:03:38',0,1,NULL,NULL),(31916,'people',100000770,'container changed from \"3568\" to \"3568\";',2,NULL,'2024-05-28 09:03:38',NULL,NULL,NULL,NULL),(31917,'people',100000502,'volunteer',9,NULL,'2024-05-28 09:03:38',1,0,NULL,NULL),(31918,'people',100000502,'container changed from \"7129\" to \"7129\";',9,NULL,'2024-05-28 09:03:38',NULL,NULL,NULL,NULL),(31919,'people',100000676,'volunteer',3,NULL,'2024-05-28 09:03:38',1,0,NULL,NULL),(31920,'people',100000676,'container changed from \"6579\" to \"6579\";',3,NULL,'2024-05-28 09:03:38',NULL,NULL,NULL,NULL),(31921,'people',100000616,'volunteer',24,NULL,'2024-05-28 09:03:38',0,1,NULL,NULL),(31922,'people',100000616,'container changed from \"1514\" to \"1514\";',24,NULL,'2024-05-28 09:03:38',NULL,NULL,NULL,NULL),(31923,'people',100000774,'volunteer',25,NULL,'2024-05-28 09:03:38',1,0,NULL,NULL),(31924,'people',100000774,'container changed from \"5878\" to \"5878\";',25,NULL,'2024-05-28 09:03:38',NULL,NULL,NULL,NULL),(31925,'people',100000673,'volunteer',23,NULL,'2024-05-28 09:03:38',0,1,NULL,NULL),(31926,'people',100000673,'container changed from \"6303\" to \"6303\";',23,NULL,'2024-05-28 09:03:38',NULL,NULL,NULL,NULL),(31927,'people',100000596,'volunteer',4,NULL,'2024-05-28 09:03:38',0,1,NULL,NULL),(31928,'people',100000596,'container changed from \"6303\" to \"6303\";',4,NULL,'2024-05-28 09:03:38',NULL,NULL,NULL,NULL),(31929,'people',100000697,'volunteer',9,NULL,'2024-05-28 09:03:38',0,1,NULL,NULL),(31930,'people',100000697,'container changed from \"7405\" to \"7405\";',9,NULL,'2024-05-28 09:03:38',NULL,NULL,NULL,NULL),(31931,'people',100000575,'volunteer',8,NULL,'2024-05-28 09:03:38',1,0,NULL,NULL),(31932,'people',100000575,'container changed from \"6317\" to \"6317\";',8,NULL,'2024-05-28 09:03:38',NULL,NULL,NULL,NULL),(31933,'people',100000561,'volunteer',23,NULL,'2024-05-28 09:03:38',0,1,NULL,NULL),(31934,'people',100000561,'container changed from \"6303\" to \"6303\";',23,NULL,'2024-05-28 09:03:38',NULL,NULL,NULL,NULL),(31935,'people',100000750,'volunteer',2,NULL,'2024-05-28 09:03:38',0,1,NULL,NULL),(31936,'people',100000750,'container changed from \"6409\" to \"6409\";',2,NULL,'2024-05-28 09:03:38',NULL,NULL,NULL,NULL),(31937,'people',100000753,'volunteer',8,NULL,'2024-05-28 09:03:38',0,1,NULL,NULL),(31938,'people',100000753,'container changed from \"7405\" to \"7405\";',8,NULL,'2024-05-28 09:03:38',NULL,NULL,NULL,NULL),(31939,'people',100000673,'volunteer',7,NULL,'2024-05-28 09:03:38',1,0,NULL,NULL),(31940,'people',100000673,'container changed from \"6303\" to \"6303\";',7,NULL,'2024-05-28 09:03:38',NULL,NULL,NULL,NULL),(31941,'people',100000759,'volunteer',2,NULL,'2024-05-28 09:03:38',0,1,NULL,NULL),(31942,'people',100000759,'container changed from \"2358\" to \"2358\";',2,NULL,'2024-05-28 09:03:38',NULL,NULL,NULL,NULL),(31943,'people',100000641,'volunteer',5,NULL,'2024-05-28 09:03:39',1,0,NULL,NULL),(31944,'people',100000641,'container changed from \"6303\" to \"6303\";',5,NULL,'2024-05-28 09:03:39',NULL,NULL,NULL,NULL),(31945,'people',100000678,'volunteer',2,NULL,'2024-05-28 09:03:39',1,0,NULL,NULL),(31946,'people',100000678,'container changed from \"2567\" to \"2567\";',2,NULL,'2024-05-28 09:03:39',NULL,NULL,NULL,NULL),(31947,'people',100000613,'volunteer',8,NULL,'2024-05-28 09:03:39',1,0,NULL,NULL),(31948,'people',100000613,'container changed from \"6409\" to \"6409\";',8,NULL,'2024-05-28 09:03:39',NULL,NULL,NULL,NULL),(31949,'people',100000750,'volunteer',24,NULL,'2024-05-28 09:03:39',1,0,NULL,NULL),(31950,'people',100000750,'container changed from \"6409\" to \"6409\";',24,NULL,'2024-05-28 09:03:39',NULL,NULL,NULL,NULL),(31951,'people',100000619,'volunteer',3,NULL,'2024-05-28 09:03:39',1,0,NULL,NULL),(31952,'people',100000619,'container changed from \"8386\" to \"8386\";',3,NULL,'2024-05-28 09:03:39',NULL,NULL,NULL,NULL),(31953,'people',100000568,'volunteer',23,NULL,'2024-05-28 09:03:39',1,0,NULL,NULL),(31954,'people',100000568,'container changed from \"7272\" to \"7272\";',23,NULL,'2024-05-28 09:03:39',NULL,NULL,NULL,NULL),(31955,'people',100000625,'volunteer',2,NULL,'2024-05-28 09:03:39',0,1,NULL,NULL),(31956,'people',100000625,'container changed from \"7742\" to \"7742\";',2,NULL,'2024-05-28 09:03:39',NULL,NULL,NULL,NULL),(31957,'people',100000590,'volunteer',3,NULL,'2024-05-28 09:03:39',1,0,NULL,NULL),(31958,'people',100000590,'container changed from \"9090\" to \"9090\";',3,NULL,'2024-05-28 09:03:39',NULL,NULL,NULL,NULL),(31959,'people',100000697,'volunteer',24,NULL,'2024-05-28 09:03:39',1,0,NULL,NULL),(31960,'people',100000697,'container changed from \"7405\" to \"7405\";',24,NULL,'2024-05-28 09:03:39',NULL,NULL,NULL,NULL),(31961,'people',100000732,'volunteer',6,NULL,'2024-05-28 09:03:39',0,1,NULL,NULL),(31962,'people',100000732,'container changed from \"7237\" to \"7237\";',6,NULL,'2024-05-28 09:03:39',NULL,NULL,NULL,NULL),(31963,'people',100000606,'volunteer',9,NULL,'2024-05-28 09:03:39',0,1,NULL,NULL),(31964,'people',100000606,'container changed from \"3568\" to \"3568\";',9,NULL,'2024-05-28 09:03:39',NULL,NULL,NULL,NULL),(31965,'people',100000529,'volunteer',6,NULL,'2024-05-28 09:03:39',0,1,NULL,NULL),(31966,'people',100000529,'container changed from \"2831\" to \"2831\";',6,NULL,'2024-05-28 09:03:39',NULL,NULL,NULL,NULL),(31967,'people',100000659,'comments changed from \"\" to \"Amount go.\";',4,NULL,'2024-05-28 09:03:39',NULL,NULL,NULL,NULL),(31968,'people',100000659,'container changed from \"5878\" to \"5878\";',4,NULL,'2024-05-28 09:03:39',NULL,NULL,NULL,NULL),(31969,'people',100000502,'comments changed from \"Reduce herself he.\" to \"Possible risk hospital avoid.\";',6,NULL,'2024-05-28 09:03:39',NULL,NULL,NULL,NULL),(31970,'people',100000502,'container changed from \"7129\" to \"7129\";',6,NULL,'2024-05-28 09:03:39',NULL,NULL,NULL,NULL),(31971,'people',100000707,'comments changed from \"\" to \"Trial arrive image conference.\";',24,NULL,'2024-05-28 09:03:39',NULL,NULL,NULL,NULL),(31972,'people',100000707,'container changed from \"5878\" to \"5878\";',24,NULL,'2024-05-28 09:03:39',NULL,NULL,NULL,NULL),(31973,'people',100000503,'comments changed from \"Safe grow now sound.\" to \"Goal.\";',2,NULL,'2024-05-28 09:03:39',NULL,NULL,NULL,NULL),(31974,'people',100000503,'container changed from \"3404\" to \"3404\";',2,NULL,'2024-05-28 09:03:39',NULL,NULL,NULL,NULL),(31975,'people',100000687,'comments changed from \"\" to \"Plant read pretty happen.\";',4,NULL,'2024-05-28 09:03:39',NULL,NULL,NULL,NULL),(31976,'people',100000687,'container changed from \"6303\" to \"6303\";',4,NULL,'2024-05-28 09:03:39',NULL,NULL,NULL,NULL),(31977,'people',100000652,'comments changed from \"\" to \"We great sister.\";',6,NULL,'2024-05-28 09:03:39',NULL,NULL,NULL,NULL),(31978,'people',100000652,'container changed from \"6317\" to \"6317\";',6,NULL,'2024-05-28 09:03:39',NULL,NULL,NULL,NULL),(31979,'people',100000486,'comments changed from \"Nothing both instead.\" to \"Music among.\";',6,NULL,'2024-05-28 09:03:39',NULL,NULL,NULL,NULL),(31980,'people',100000486,'container changed from \"2683\" to \"2683\";',6,NULL,'2024-05-28 09:03:39',NULL,NULL,NULL,NULL),(31981,'people',100000764,'comments changed from \"\" to \"Three matter agreement receive.\";',2,NULL,'2024-05-28 09:03:39',NULL,NULL,NULL,NULL),(31982,'people',100000764,'container changed from \"6409\" to \"6409\";',2,NULL,'2024-05-28 09:03:39',NULL,NULL,NULL,NULL),(31983,'people',100000587,'comments changed from \"\" to \"Gun scientist then.\";',4,NULL,'2024-05-28 09:03:39',NULL,NULL,NULL,NULL),(31984,'people',100000587,'container changed from \"9593\" to \"9593\";',4,NULL,'2024-05-28 09:03:39',NULL,NULL,NULL,NULL),(31985,'people',100000696,'comments changed from \"\" to \"Teach recently trial.\";',5,NULL,'2024-05-28 09:03:39',NULL,NULL,NULL,NULL),(31986,'people',100000696,'container changed from \"2567\" to \"2567\";',5,NULL,'2024-05-28 09:03:39',NULL,NULL,NULL,NULL),(31987,'people',100000592,'comments changed from \"\" to \"Site care wear.\";',4,NULL,'2024-05-28 09:03:39',NULL,NULL,NULL,NULL),(31988,'people',100000592,'container changed from \"2567\" to \"2567\";',4,NULL,'2024-05-28 09:03:39',NULL,NULL,NULL,NULL),(31989,'people',100000490,'comments changed from \"Kind necessary rule.\" to \"By finally entire.\";',4,NULL,'2024-05-28 09:03:39',NULL,NULL,NULL,NULL),(31990,'people',100000490,'container changed from \"9716\" to \"9716\";',4,NULL,'2024-05-28 09:03:39',NULL,NULL,NULL,NULL),(31991,'people',100000722,'comments changed from \"\" to \"Close skill.\";',5,NULL,'2024-05-28 09:03:39',NULL,NULL,NULL,NULL),(31992,'people',100000722,'container changed from \"8862\" to \"8862\";',5,NULL,'2024-05-28 09:03:39',NULL,NULL,NULL,NULL),(31993,'people',100000544,'comments changed from \"Either right.\" to \"Win control tend.\";',8,NULL,'2024-05-28 09:03:39',NULL,NULL,NULL,NULL),(31994,'people',100000544,'container changed from \"9090\" to \"9090\";',8,NULL,'2024-05-28 09:03:39',NULL,NULL,NULL,NULL),(31995,'people',100000568,'comments changed from \"Yard low.\" to \"Thank who health.\";',5,NULL,'2024-05-28 09:03:39',NULL,NULL,NULL,NULL),(31996,'people',100000568,'container changed from \"7272\" to \"7272\";',5,NULL,'2024-05-28 09:03:39',NULL,NULL,NULL,NULL),(31997,'people',100000735,'comments changed from \"\" to \"Piece choose.\";',4,NULL,'2024-05-28 09:03:39',NULL,NULL,NULL,NULL),(31998,'people',100000735,'container changed from \"8543\" to \"8543\";',4,NULL,'2024-05-28 09:03:39',NULL,NULL,NULL,NULL),(31999,'people',100000560,'comments changed from \"Spend or what single.\" to \"Trip operation important.\";',25,NULL,'2024-05-28 09:03:39',NULL,NULL,NULL,NULL),(32000,'people',100000560,'container changed from \"6303\" to \"6303\";',25,NULL,'2024-05-28 09:03:39',NULL,NULL,NULL,NULL),(32001,'people',100000752,'comments changed from \"\" to \"Star.\";',24,NULL,'2024-05-28 09:03:39',NULL,NULL,NULL,NULL),(32002,'people',100000752,'container changed from \"2567\" to \"2567\";',24,NULL,'2024-05-28 09:03:39',NULL,NULL,NULL,NULL),(32003,'people',100000624,'comments changed from \"\" to \"Cup reality idea.\";',23,NULL,'2024-05-28 09:03:39',NULL,NULL,NULL,NULL),(32004,'people',100000624,'container changed from \"2268\" to \"2268\";',23,NULL,'2024-05-28 09:03:39',NULL,NULL,NULL,NULL),(32005,'people',100000635,'comments changed from \"\" to \"Toward threat every.\";',9,NULL,'2024-05-28 09:03:39',NULL,NULL,NULL,NULL),(32006,'people',100000635,'container changed from \"1620\" to \"1620\";',9,NULL,'2024-05-28 09:03:39',NULL,NULL,NULL,NULL),(32007,'people',100000728,'comments changed from \"\" to \"Fact around.\";',4,NULL,'2024-05-28 09:03:39',NULL,NULL,NULL,NULL),(32008,'people',100000728,'container changed from \"2598\" to \"2598\";',4,NULL,'2024-05-28 09:03:39',NULL,NULL,NULL,NULL),(32009,'people',100000505,'comments changed from \"Agent often in.\" to \"Two drug risk.\";',9,NULL,'2024-05-28 09:03:39',NULL,NULL,NULL,NULL),(32010,'people',100000505,'container changed from \"9332\" to \"9332\";',9,NULL,'2024-05-28 09:03:39',NULL,NULL,NULL,NULL),(32011,'people',100000573,'comments changed from \"Painting beat save give.\" to \"Such at common.\";',2,NULL,'2024-05-28 09:03:39',NULL,NULL,NULL,NULL),(32012,'people',100000573,'container changed from \"8543\" to \"8543\";',2,NULL,'2024-05-28 09:03:39',NULL,NULL,NULL,NULL),(32013,'people',100000729,'comments changed from \"\" to \"Box place investment.\";',7,NULL,'2024-05-28 09:03:39',NULL,NULL,NULL,NULL),(32014,'people',100000729,'container changed from \"7272\" to \"7272\";',7,NULL,'2024-05-28 09:03:39',NULL,NULL,NULL,NULL),(32015,'people',100000658,'comments changed from \"\" to \"Perform its.\";',5,NULL,'2024-05-28 09:03:39',NULL,NULL,NULL,NULL),(32016,'people',100000658,'container changed from \"2567\" to \"2567\";',5,NULL,'2024-05-28 09:03:39',NULL,NULL,NULL,NULL),(32017,'people',100000590,'comments changed from \"\" to \"Food value order.\";',8,NULL,'2024-05-28 09:03:40',NULL,NULL,NULL,NULL),(32018,'people',100000590,'container changed from \"9090\" to \"9090\";',8,NULL,'2024-05-28 09:03:40',NULL,NULL,NULL,NULL),(32019,'people',100000674,'comments changed from \"\" to \"Begin price.\";',9,NULL,'2024-05-28 09:03:40',NULL,NULL,NULL,NULL),(32020,'people',100000674,'container changed from \"5878\" to \"5878\";',9,NULL,'2024-05-28 09:03:40',NULL,NULL,NULL,NULL),(32021,'people',100000661,'comments changed from \"\" to \"Stay quite.\";',7,NULL,'2024-05-28 09:03:40',NULL,NULL,NULL,NULL),(32022,'people',100000661,'container changed from \"6317\" to \"6317\";',7,NULL,'2024-05-28 09:03:40',NULL,NULL,NULL,NULL),(32023,'people',100000519,'comments changed from \"Event he.\" to \"That newspaper.\";',4,NULL,'2024-05-28 09:03:40',NULL,NULL,NULL,NULL),(32024,'people',100000519,'container changed from \"7595\" to \"7595\";',4,NULL,'2024-05-28 09:03:40',NULL,NULL,NULL,NULL),(32025,'people',100000644,'comments changed from \"\" to \"Indicate determine often.\";',24,NULL,'2024-05-28 09:03:40',NULL,NULL,NULL,NULL),(32026,'people',100000644,'container changed from \"7405\" to \"7405\";',24,NULL,'2024-05-28 09:03:40',NULL,NULL,NULL,NULL),(32027,'people',100000590,'comments changed from \"Food value order.\" to \"Fight truth.\";',5,NULL,'2024-05-28 09:03:40',NULL,NULL,NULL,NULL),(32028,'people',100000590,'container changed from \"9090\" to \"9090\";',5,NULL,'2024-05-28 09:03:40',NULL,NULL,NULL,NULL),(32029,'people',100000536,'comments changed from \"Read foot.\" to \"Sometimes space fight too.\";',4,NULL,'2024-05-28 09:03:40',NULL,NULL,NULL,NULL),(32030,'people',100000536,'container changed from \"6214\" to \"6214\";',4,NULL,'2024-05-28 09:03:40',NULL,NULL,NULL,NULL),(32031,'people',100000770,'comments changed from \"\" to \"Above size.\";',25,NULL,'2024-05-28 09:03:40',NULL,NULL,NULL,NULL),(32032,'people',100000770,'container changed from \"3568\" to \"3568\";',25,NULL,'2024-05-28 09:03:40',NULL,NULL,NULL,NULL),(32033,'people',100000605,'comments changed from \"\" to \"Evidence performance.\";',5,NULL,'2024-05-28 09:03:40',NULL,NULL,NULL,NULL),(32034,'people',100000605,'container changed from \"4316\" to \"4316\";',5,NULL,'2024-05-28 09:03:40',NULL,NULL,NULL,NULL),(32035,'people',100000715,'comments changed from \"\" to \"Little what life.\";',4,NULL,'2024-05-28 09:03:40',NULL,NULL,NULL,NULL),(32036,'people',100000715,'container changed from \"2026\" to \"2026\";',4,NULL,'2024-05-28 09:03:40',NULL,NULL,NULL,NULL),(32037,'people',100000657,'comments changed from \"\" to \"Ball trial analysis.\";',24,NULL,'2024-05-28 09:03:40',NULL,NULL,NULL,NULL),(32038,'people',100000657,'container changed from \"9593\" to \"9593\";',24,NULL,'2024-05-28 09:03:40',NULL,NULL,NULL,NULL),(32039,'people',100000683,'comments changed from \"\" to \"Board sit though.\";',24,NULL,'2024-05-28 09:03:40',NULL,NULL,NULL,NULL),(32040,'people',100000683,'container changed from \"9574\" to \"9574\";',24,NULL,'2024-05-28 09:03:40',NULL,NULL,NULL,NULL),(32041,'people',100000623,'comments changed from \"\" to \"Wear open.\";',23,NULL,'2024-05-28 09:03:40',NULL,NULL,NULL,NULL),(32042,'people',100000623,'container changed from \"5878\" to \"5878\";',23,NULL,'2024-05-28 09:03:40',NULL,NULL,NULL,NULL),(32043,'people',100000758,'comments changed from \"\" to \"Western agree product.\";',3,NULL,'2024-05-28 09:03:40',NULL,NULL,NULL,NULL),(32044,'people',100000758,'container changed from \"6579\" to \"6579\";',3,NULL,'2024-05-28 09:03:40',NULL,NULL,NULL,NULL),(32045,'people',100000515,'comments changed from \"Music himself risk.\" to \"Give then yeah.\";',4,NULL,'2024-05-28 09:03:40',NULL,NULL,NULL,NULL),(32046,'people',100000515,'container changed from \"1301\" to \"1301\";',4,NULL,'2024-05-28 09:03:40',NULL,NULL,NULL,NULL),(32047,'people',100000675,'comments changed from \"\" to \"Require clearly.\";',23,NULL,'2024-05-28 09:03:40',NULL,NULL,NULL,NULL),(32048,'people',100000675,'container changed from \"2598\" to \"2598\";',23,NULL,'2024-05-28 09:03:40',NULL,NULL,NULL,NULL),(32049,'people',100000693,'comments changed from \"\" to \"Word ago.\";',2,NULL,'2024-05-28 09:03:40',NULL,NULL,NULL,NULL),(32050,'people',100000693,'container changed from \"9574\" to \"9574\";',2,NULL,'2024-05-28 09:03:40',NULL,NULL,NULL,NULL),(32051,'people',100000619,'comments changed from \"\" to \"Peace television.\";',24,NULL,'2024-05-28 09:03:40',NULL,NULL,NULL,NULL),(32052,'people',100000619,'container changed from \"8386\" to \"8386\";',24,NULL,'2024-05-28 09:03:40',NULL,NULL,NULL,NULL),(32053,'people',100000742,'comments changed from \"\" to \"Member possible.\";',9,NULL,'2024-05-28 09:03:40',NULL,NULL,NULL,NULL),(32054,'people',100000742,'container changed from \"9593\" to \"9593\";',9,NULL,'2024-05-28 09:03:40',NULL,NULL,NULL,NULL),(32055,'people',100000577,'comments changed from \"Moment magazine new.\" to \"Author two bit.\";',6,NULL,'2024-05-28 09:03:40',NULL,NULL,NULL,NULL),(32056,'people',100000577,'container changed from \"2358\" to \"2358\";',6,NULL,'2024-05-28 09:03:40',NULL,NULL,NULL,NULL),(32057,'people',100000541,'comments changed from \"Where apply difficult.\" to \"Design loss present.\";',7,NULL,'2024-05-28 09:03:40',NULL,NULL,NULL,NULL),(32058,'people',100000541,'container changed from \"1514\" to \"1514\";',7,NULL,'2024-05-28 09:03:40',NULL,NULL,NULL,NULL),(32059,'people',100000730,'comments changed from \"\" to \"Girl growth.\";',25,NULL,'2024-05-28 09:03:40',NULL,NULL,NULL,NULL),(32060,'people',100000730,'container changed from \"2598\" to \"2598\";',25,NULL,'2024-05-28 09:03:40',NULL,NULL,NULL,NULL),(32061,'people',100000711,'comments changed from \"\" to \"Start ability sit.\";',7,NULL,'2024-05-28 09:03:40',NULL,NULL,NULL,NULL),(32062,'people',100000711,'container changed from \"2026\" to \"2026\";',7,NULL,'2024-05-28 09:03:40',NULL,NULL,NULL,NULL),(32063,'people',100000709,'comments changed from \"\" to \"Test federal offer.\";',25,NULL,'2024-05-28 09:03:40',NULL,NULL,NULL,NULL),(32064,'people',100000709,'container changed from \"2268\" to \"2268\";',25,NULL,'2024-05-28 09:03:40',NULL,NULL,NULL,NULL),(32065,'people',100000656,'comments changed from \"\" to \"Author manager.\";',24,NULL,'2024-05-28 09:03:40',NULL,NULL,NULL,NULL),(32066,'people',100000656,'container changed from \"9574\" to \"9574\";',24,NULL,'2024-05-28 09:03:40',NULL,NULL,NULL,NULL),(32067,'people',100000776,'comments changed from \"\" to \"Give single.\";',25,NULL,'2024-05-28 09:03:40',NULL,NULL,NULL,NULL),(32068,'people',100000776,'container changed from \"7742\" to \"7742\";',25,NULL,'2024-05-28 09:03:40',NULL,NULL,NULL,NULL),(32069,'people',100000525,'comments changed from \"This whether when identify.\" to \"Word particularly.\";',6,NULL,'2024-05-28 09:03:40',NULL,NULL,NULL,NULL),(32070,'people',100000525,'container changed from \"6273\" to \"6273\";',6,NULL,'2024-05-28 09:03:40',NULL,NULL,NULL,NULL),(32071,'people',100000637,'comments changed from \"\" to \"Have minute.\";',3,NULL,'2024-05-28 09:03:40',NULL,NULL,NULL,NULL),(32072,'people',100000637,'container changed from \"7237\" to \"7237\";',3,NULL,'2024-05-28 09:03:40',NULL,NULL,NULL,NULL),(32073,'people',100000635,'comments changed from \"Toward threat every.\" to \"Dream response.\";',4,NULL,'2024-05-28 09:03:40',NULL,NULL,NULL,NULL),(32074,'people',100000635,'container changed from \"1620\" to \"1620\";',4,NULL,'2024-05-28 09:03:40',NULL,NULL,NULL,NULL),(32075,'people',100000631,'comments changed from \"\" to \"Great yard officer.\";',5,NULL,'2024-05-28 09:03:40',NULL,NULL,NULL,NULL),(32076,'people',100000631,'container changed from \"6303\" to \"6303\";',5,NULL,'2024-05-28 09:03:40',NULL,NULL,NULL,NULL),(32077,'people',100000542,'comments changed from \"Buy deep think make.\" to \"Turn.\";',25,NULL,'2024-05-28 09:03:40',NULL,NULL,NULL,NULL),(32078,'people',100000542,'container changed from \"7742\" to \"7742\";',25,NULL,'2024-05-28 09:03:40',NULL,NULL,NULL,NULL),(32079,'people',100000667,'comments changed from \"\" to \"Night enter receive.\";',4,NULL,'2024-05-28 09:03:40',NULL,NULL,NULL,NULL),(32080,'people',100000667,'container changed from \"6214\" to \"6214\";',4,NULL,'2024-05-28 09:03:40',NULL,NULL,NULL,NULL),(32081,'people',100000599,'comments changed from \"\" to \"Either evidence structure.\";',5,NULL,'2024-05-28 09:03:41',NULL,NULL,NULL,NULL),(32082,'people',100000599,'container changed from \"5878\" to \"5878\";',5,NULL,'2024-05-28 09:03:41',NULL,NULL,NULL,NULL),(32083,'people',100000693,'comments changed from \"Word ago.\" to \"Wife house foreign effort.\";',4,NULL,'2024-05-28 09:03:41',NULL,NULL,NULL,NULL),(32084,'people',100000693,'container changed from \"9574\" to \"9574\";',4,NULL,'2024-05-28 09:03:41',NULL,NULL,NULL,NULL),(32085,'people',100000740,'comments changed from \"\" to \"Lawyer pull support performance.\";',3,NULL,'2024-05-28 09:03:41',NULL,NULL,NULL,NULL),(32086,'people',100000740,'container changed from \"7237\" to \"7237\";',3,NULL,'2024-05-28 09:03:41',NULL,NULL,NULL,NULL),(32087,'people',100000729,'comments changed from \"Box place investment.\" to \"Customer rich.\";',6,NULL,'2024-05-28 09:03:41',NULL,NULL,NULL,NULL),(32088,'people',100000729,'container changed from \"7272\" to \"7272\";',6,NULL,'2024-05-28 09:03:41',NULL,NULL,NULL,NULL),(32089,'people',100000524,'comments changed from \"Many serious head.\" to \"Conference hour answer.\";',6,NULL,'2024-05-28 09:03:41',NULL,NULL,NULL,NULL),(32090,'people',100000524,'container changed from \"7104\" to \"7104\";',6,NULL,'2024-05-28 09:03:41',NULL,NULL,NULL,NULL),(32091,'people',100000608,'comments changed from \"\" to \"Within attack reach appear.\";',8,NULL,'2024-05-28 09:03:41',NULL,NULL,NULL,NULL),(32092,'people',100000608,'container changed from \"6579\" to \"6579\";',8,NULL,'2024-05-28 09:03:41',NULL,NULL,NULL,NULL),(32093,'people',100000701,'comments changed from \"\" to \"Address week whether.\";',7,NULL,'2024-05-28 09:03:41',NULL,NULL,NULL,NULL),(32094,'people',100000701,'container changed from \"2026\" to \"2026\";',7,NULL,'2024-05-28 09:03:41',NULL,NULL,NULL,NULL),(32095,'people',100000757,'comments changed from \"\" to \"Here recent scientist.\";',2,NULL,'2024-05-28 09:03:41',NULL,NULL,NULL,NULL),(32096,'people',100000757,'container changed from \"5878\" to \"5878\";',2,NULL,'2024-05-28 09:03:41',NULL,NULL,NULL,NULL),(32097,'people',100000603,'comments changed from \"\" to \"Easy present campaign.\";',25,NULL,'2024-05-28 09:03:41',NULL,NULL,NULL,NULL),(32098,'people',100000603,'container changed from \"6303\" to \"6303\";',25,NULL,'2024-05-28 09:03:41',NULL,NULL,NULL,NULL),(32099,'people',100000579,'comments changed from \"Paper.\" to \"Partner many.\";',7,NULL,'2024-05-28 09:03:41',NULL,NULL,NULL,NULL),(32100,'people',100000579,'container changed from \"4316\" to \"4316\";',7,NULL,'2024-05-28 09:03:41',NULL,NULL,NULL,NULL),(32101,'people',100000748,'comments changed from \"\" to \"Card rather production.\";',9,NULL,'2024-05-28 09:03:41',NULL,NULL,NULL,NULL),(32102,'people',100000748,'container changed from \"2598\" to \"2598\";',9,NULL,'2024-05-28 09:03:41',NULL,NULL,NULL,NULL),(32103,'people',100000650,'comments changed from \"\" to \"Campaign prevent.\";',2,NULL,'2024-05-28 09:03:41',NULL,NULL,NULL,NULL),(32104,'people',100000650,'container changed from \"6409\" to \"6409\";',2,NULL,'2024-05-28 09:03:41',NULL,NULL,NULL,NULL),(32105,'people',100000676,'comments changed from \"\" to \"Certainly.\";',7,NULL,'2024-05-28 09:03:41',NULL,NULL,NULL,NULL),(32106,'people',100000676,'container changed from \"6579\" to \"6579\";',7,NULL,'2024-05-28 09:03:41',NULL,NULL,NULL,NULL),(32107,'people',100000565,'comments changed from \"Movie couple.\" to \"Opportunity ability sea.\";',9,NULL,'2024-05-28 09:03:41',NULL,NULL,NULL,NULL),(32108,'people',100000565,'container changed from \"8862\" to \"8862\";',9,NULL,'2024-05-28 09:03:41',NULL,NULL,NULL,NULL),(32109,'people',100000555,'comments changed from \"Air energy.\" to \"Building career.\";',7,NULL,'2024-05-28 09:03:41',NULL,NULL,NULL,NULL),(32110,'people',100000555,'container changed from \"9593\" to \"9593\";',7,NULL,'2024-05-28 09:03:41',NULL,NULL,NULL,NULL),(32111,'people',100000603,'comments changed from \"Easy present campaign.\" to \"Prove I off.\";',24,NULL,'2024-05-28 09:03:41',NULL,NULL,NULL,NULL),(32112,'people',100000603,'container changed from \"6303\" to \"6303\";',24,NULL,'2024-05-28 09:03:41',NULL,NULL,NULL,NULL),(32113,'people',100000720,'comments changed from \"\" to \"Not participant cold during.\";',24,NULL,'2024-05-28 09:03:41',NULL,NULL,NULL,NULL),(32114,'people',100000720,'container changed from \"2268\" to \"2268\";',24,NULL,'2024-05-28 09:03:41',NULL,NULL,NULL,NULL),(32115,'people',100000661,'comments changed from \"Stay quite.\" to \"Shoulder Congress.\";',6,NULL,'2024-05-28 09:03:41',NULL,NULL,NULL,NULL),(32116,'people',100000661,'container changed from \"6317\" to \"6317\";',6,NULL,'2024-05-28 09:03:41',NULL,NULL,NULL,NULL),(32117,'people',100000683,'comments changed from \"Board sit though.\" to \"Social run.\";',24,NULL,'2024-05-28 09:03:41',NULL,NULL,NULL,NULL),(32118,'people',100000683,'container changed from \"9574\" to \"9574\";',24,NULL,'2024-05-28 09:03:41',NULL,NULL,NULL,NULL),(32119,'people',100000736,'comments changed from \"\" to \"Sea recent under.\";',5,NULL,'2024-05-28 09:03:41',NULL,NULL,NULL,NULL),(32120,'people',100000736,'container changed from \"2268\" to \"2268\";',5,NULL,'2024-05-28 09:03:41',NULL,NULL,NULL,NULL),(32121,'people',100000677,'comments changed from \"\" to \"Protect.\";',6,NULL,'2024-05-28 09:03:41',NULL,NULL,NULL,NULL),(32122,'people',100000677,'container changed from \"6409\" to \"6409\";',6,NULL,'2024-05-28 09:03:41',NULL,NULL,NULL,NULL),(32123,'people',100000779,'comments changed from \"\" to \"Notice lawyer least.\";',5,NULL,'2024-05-28 09:03:41',NULL,NULL,NULL,NULL),(32124,'people',100000779,'container changed from \"7237\" to \"7237\";',5,NULL,'2024-05-28 09:03:41',NULL,NULL,NULL,NULL),(32125,'people',100000559,'comments changed from \"Main.\" to \"Father author.\";',23,NULL,'2024-05-28 09:03:41',NULL,NULL,NULL,NULL),(32126,'people',100000559,'container changed from \"5878\" to \"5878\";',23,NULL,'2024-05-28 09:03:41',NULL,NULL,NULL,NULL),(32127,'people',100000739,'comments changed from \"\" to \"Economy minute.\";',8,NULL,'2024-05-28 09:03:41',NULL,NULL,NULL,NULL),(32128,'people',100000739,'container changed from \"2026\" to \"2026\";',8,NULL,'2024-05-28 09:03:41',NULL,NULL,NULL,NULL),(32129,'people',100000770,'comments changed from \"Above size.\" to \"Include institution.\";',9,NULL,'2024-05-28 09:03:41',NULL,NULL,NULL,NULL),(32130,'people',100000770,'container changed from \"3568\" to \"3568\";',9,NULL,'2024-05-28 09:03:41',NULL,NULL,NULL,NULL),(32131,'people',100000625,'comments changed from \"\" to \"Network toward society.\";',8,NULL,'2024-05-28 09:03:41',NULL,NULL,NULL,NULL),(32132,'people',100000625,'container changed from \"7742\" to \"7742\";',8,NULL,'2024-05-28 09:03:41',NULL,NULL,NULL,NULL),(32133,'people',100000690,'comments changed from \"\" to \"Build age.\";',23,NULL,'2024-05-28 09:03:41',NULL,NULL,NULL,NULL),(32134,'people',100000690,'container changed from \"1514\" to \"1514\";',23,NULL,'2024-05-28 09:03:41',NULL,NULL,NULL,NULL),(32135,'people',100000513,'comments changed from \"Box prove work.\" to \"Image often.\";',25,NULL,'2024-05-28 09:03:41',NULL,NULL,NULL,NULL),(32136,'people',100000513,'container changed from \"9919\" to \"9919\";',25,NULL,'2024-05-28 09:03:41',NULL,NULL,NULL,NULL),(32137,'people',100000520,'comments changed from \"Also.\" to \"Ever try.\";',5,NULL,'2024-05-28 09:03:41',NULL,NULL,NULL,NULL),(32138,'people',100000520,'container changed from \"3656\" to \"3656\";',5,NULL,'2024-05-28 09:03:41',NULL,NULL,NULL,NULL),(32139,'people',100000556,'comments changed from \"Study in evening.\" to \"Nice.\";',8,NULL,'2024-05-28 09:03:41',NULL,NULL,NULL,NULL),(32140,'people',100000556,'container changed from \"2268\" to \"2268\";',8,NULL,'2024-05-28 09:03:41',NULL,NULL,NULL,NULL),(32141,'people',100000663,'comments changed from \"\" to \"More receive admit.\";',8,NULL,'2024-05-28 09:03:41',NULL,NULL,NULL,NULL),(32142,'people',100000663,'container changed from \"7742\" to \"7742\";',8,NULL,'2024-05-28 09:03:41',NULL,NULL,NULL,NULL),(32143,'people',100000577,'comments changed from \"Author two bit.\" to \"Town scene he.\";',8,NULL,'2024-05-28 09:03:42',NULL,NULL,NULL,NULL),(32144,'people',100000577,'container changed from \"2358\" to \"2358\";',8,NULL,'2024-05-28 09:03:42',NULL,NULL,NULL,NULL),(32145,'people',100000768,'comments changed from \"\" to \"Sign south place feel.\";',3,NULL,'2024-05-28 09:03:42',NULL,NULL,NULL,NULL),(32146,'people',100000768,'container changed from \"8862\" to \"8862\";',3,NULL,'2024-05-28 09:03:42',NULL,NULL,NULL,NULL),(32147,'people',100000729,'comments changed from \"Customer rich.\" to \"Around quickly.\";',24,NULL,'2024-05-28 09:03:42',NULL,NULL,NULL,NULL),(32148,'people',100000729,'container changed from \"7272\" to \"7272\";',24,NULL,'2024-05-28 09:03:42',NULL,NULL,NULL,NULL),(32149,'people',100000587,'comments changed from \"Gun scientist then.\" to \"Sure add campaign.\";',6,NULL,'2024-05-28 09:03:42',NULL,NULL,NULL,NULL),(32150,'people',100000587,'container changed from \"9593\" to \"9593\";',6,NULL,'2024-05-28 09:03:42',NULL,NULL,NULL,NULL),(32151,'people',100000491,'comments changed from \"Health risk military.\" to \"Cost suggest drive give.\";',4,NULL,'2024-05-28 09:03:42',NULL,NULL,NULL,NULL),(32152,'people',100000491,'container changed from \"1540\" to \"1540\";',4,NULL,'2024-05-28 09:03:42',NULL,NULL,NULL,NULL),(32153,'people',100000519,'comments changed from \"That newspaper.\" to \"Hold.\";',25,NULL,'2024-05-28 09:03:42',NULL,NULL,NULL,NULL),(32154,'people',100000519,'container changed from \"7595\" to \"7595\";',25,NULL,'2024-05-28 09:03:42',NULL,NULL,NULL,NULL),(32155,'people',100000554,'comments changed from \"Animal.\" to \"Beyond do.\";',23,NULL,'2024-05-28 09:03:42',NULL,NULL,NULL,NULL),(32156,'people',100000554,'container changed from \"9593\" to \"9593\";',23,NULL,'2024-05-28 09:03:42',NULL,NULL,NULL,NULL),(32157,'people',100000674,'comments changed from \"Begin price.\" to \"Article doctor national.\";',2,NULL,'2024-05-28 09:03:42',NULL,NULL,NULL,NULL),(32158,'people',100000674,'container changed from \"5878\" to \"5878\";',2,NULL,'2024-05-28 09:03:42',NULL,NULL,NULL,NULL),(32159,'people',100000690,'comments changed from \"Build age.\" to \"Much simply old.\";',2,NULL,'2024-05-28 09:03:42',NULL,NULL,NULL,NULL),(32160,'people',100000690,'container changed from \"1514\" to \"1514\";',2,NULL,'2024-05-28 09:03:42',NULL,NULL,NULL,NULL),(32161,'people',100000719,'comments changed from \"\" to \"More everything.\";',4,NULL,'2024-05-28 09:03:42',NULL,NULL,NULL,NULL),(32162,'people',100000719,'container changed from \"6579\" to \"6579\";',4,NULL,'2024-05-28 09:03:42',NULL,NULL,NULL,NULL),(32163,'people',100000575,'comments changed from \"Camera whom.\" to \"Speak cost.\";',3,NULL,'2024-05-28 09:03:42',NULL,NULL,NULL,NULL),(32164,'people',100000575,'container changed from \"6317\" to \"6317\";',3,NULL,'2024-05-28 09:03:42',NULL,NULL,NULL,NULL),(32165,'people',100000533,'comments changed from \"Shake quality.\" to \"Professional believe share.\";',5,NULL,'2024-05-28 09:03:42',NULL,NULL,NULL,NULL),(32166,'people',100000533,'container changed from \"3071\" to \"3071\";',5,NULL,'2024-05-28 09:03:42',NULL,NULL,NULL,NULL),(32167,'people',100000590,'comments changed from \"Fight truth.\" to \"Against court.\";',25,NULL,'2024-05-28 09:03:42',NULL,NULL,NULL,NULL),(32168,'people',100000590,'container changed from \"9090\" to \"9090\";',25,NULL,'2024-05-28 09:03:42',NULL,NULL,NULL,NULL),(32169,'people',100000621,'comments changed from \"\" to \"Cold lay.\";',5,NULL,'2024-05-28 09:03:42',NULL,NULL,NULL,NULL),(32170,'people',100000621,'container changed from \"5878\" to \"5878\";',5,NULL,'2024-05-28 09:03:42',NULL,NULL,NULL,NULL),(32171,'people',100000721,'comments changed from \"\" to \"Economy.\";',23,NULL,'2024-05-28 09:03:42',NULL,NULL,NULL,NULL),(32172,'people',100000721,'container changed from \"9593\" to \"9593\";',23,NULL,'2024-05-28 09:03:42',NULL,NULL,NULL,NULL),(32173,'people',100000645,'comments changed from \"\" to \"City.\";',4,NULL,'2024-05-28 09:03:42',NULL,NULL,NULL,NULL),(32174,'people',100000645,'container changed from \"1514\" to \"1514\";',4,NULL,'2024-05-28 09:03:42',NULL,NULL,NULL,NULL),(32175,'people',100000604,'comments changed from \"\" to \"Put.\";',23,NULL,'2024-05-28 09:03:42',NULL,NULL,NULL,NULL),(32176,'people',100000604,'container changed from \"6579\" to \"6579\";',23,NULL,'2024-05-28 09:03:42',NULL,NULL,NULL,NULL),(32177,'people',100000603,'comments changed from \"Prove I off.\" to \"Wish involve serve.\";',24,NULL,'2024-05-28 09:03:42',NULL,NULL,NULL,NULL),(32178,'people',100000603,'container changed from \"6303\" to \"6303\";',24,NULL,'2024-05-28 09:03:42',NULL,NULL,NULL,NULL),(32179,'people',100000769,'comments changed from \"\" to \"Break rest audience.\";',9,NULL,'2024-05-28 09:03:42',NULL,NULL,NULL,NULL),(32180,'people',100000769,'container changed from \"9593\" to \"9593\";',9,NULL,'2024-05-28 09:03:42',NULL,NULL,NULL,NULL),(32181,'people',100000675,'comments changed from \"Require clearly.\" to \"Business common event.\";',6,NULL,'2024-05-28 09:03:42',NULL,NULL,NULL,NULL),(32182,'people',100000675,'container changed from \"2598\" to \"2598\";',6,NULL,'2024-05-28 09:03:42',NULL,NULL,NULL,NULL),(32183,'people',100000660,'comments changed from \"\" to \"Financial the.\";',3,NULL,'2024-05-28 09:03:42',NULL,NULL,NULL,NULL),(32184,'people',100000660,'container changed from \"2598\" to \"2598\";',3,NULL,'2024-05-28 09:03:42',NULL,NULL,NULL,NULL),(32185,'people',100000638,'comments changed from \"\" to \"Determine difficult.\";',25,NULL,'2024-05-28 09:03:42',NULL,NULL,NULL,NULL),(32186,'people',100000638,'container changed from \"2026\" to \"2026\";',25,NULL,'2024-05-28 09:03:42',NULL,NULL,NULL,NULL),(32187,'people',100000752,'comments changed from \"Star.\" to \"Huge expect Republican.\";',3,NULL,'2024-05-28 09:03:42',NULL,NULL,NULL,NULL),(32188,'people',100000752,'container changed from \"2567\" to \"2567\";',3,NULL,'2024-05-28 09:03:42',NULL,NULL,NULL,NULL),(32189,'people',100000756,'comments changed from \"\" to \"Able general.\";',4,NULL,'2024-05-28 09:03:42',NULL,NULL,NULL,NULL),(32190,'people',100000756,'container changed from \"2598\" to \"2598\";',4,NULL,'2024-05-28 09:03:42',NULL,NULL,NULL,NULL),(32191,'people',100000631,'comments changed from \"Great yard officer.\" to \"Save.\";',4,NULL,'2024-05-28 09:03:42',NULL,NULL,NULL,NULL),(32192,'people',100000631,'container changed from \"6303\" to \"6303\";',4,NULL,'2024-05-28 09:03:42',NULL,NULL,NULL,NULL),(32193,'people',100000771,'comments changed from \"\" to \"Away seem either.\";',8,NULL,'2024-05-28 09:03:42',NULL,NULL,NULL,NULL),(32194,'people',100000771,'container changed from \"9574\" to \"9574\";',8,NULL,'2024-05-28 09:03:42',NULL,NULL,NULL,NULL),(32195,'people',100000644,'comments changed from \"Indicate determine often.\" to \"Floor approach story.\";',3,NULL,'2024-05-28 09:03:42',NULL,NULL,NULL,NULL),(32196,'people',100000644,'container changed from \"7405\" to \"7405\";',3,NULL,'2024-05-28 09:03:42',NULL,NULL,NULL,NULL),(32197,'people',100000561,'comments changed from \"Change feel.\" to \"Street sit daughter.\";',2,NULL,'2024-05-28 09:03:42',NULL,NULL,NULL,NULL),(32198,'people',100000561,'container changed from \"6303\" to \"6303\";',2,NULL,'2024-05-28 09:03:42',NULL,NULL,NULL,NULL),(32199,'people',100000693,'comments changed from \"Wife house foreign effort.\" to \"Court material.\";',25,NULL,'2024-05-28 09:03:42',NULL,NULL,NULL,NULL),(32200,'people',100000693,'container changed from \"9574\" to \"9574\";',25,NULL,'2024-05-28 09:03:42',NULL,NULL,NULL,NULL),(32201,'people',100000586,'comments changed from \"\" to \"Whether speak.\";',8,NULL,'2024-05-28 09:03:42',NULL,NULL,NULL,NULL),(32202,'people',100000586,'container changed from \"2268\" to \"2268\";',8,NULL,'2024-05-28 09:03:42',NULL,NULL,NULL,NULL),(32203,'people',100000612,'comments changed from \"\" to \"Her dark.\";',23,NULL,'2024-05-28 09:03:42',NULL,NULL,NULL,NULL),(32204,'people',100000612,'container changed from \"7272\" to \"7272\";',23,NULL,'2024-05-28 09:03:42',NULL,NULL,NULL,NULL),(32205,'people',100000691,'comments changed from \"\" to \"Economic well share.\";',2,NULL,'2024-05-28 09:03:42',NULL,NULL,NULL,NULL),(32206,'people',100000691,'container changed from \"2567\" to \"2567\";',2,NULL,'2024-05-28 09:03:42',NULL,NULL,NULL,NULL),(32207,'people',100000637,'comments changed from \"Have minute.\" to \"Off require.\";',24,NULL,'2024-05-28 09:03:42',NULL,NULL,NULL,NULL),(32208,'people',100000637,'container changed from \"7237\" to \"7237\";',24,NULL,'2024-05-28 09:03:42',NULL,NULL,NULL,NULL),(32209,'people',100000708,'comments changed from \"\" to \"Fall even energy.\";',5,NULL,'2024-05-28 09:03:42',NULL,NULL,NULL,NULL),(32210,'people',100000708,'container changed from \"7742\" to \"7742\";',5,NULL,'2024-05-28 09:03:42',NULL,NULL,NULL,NULL),(32211,'people',100000509,'comments changed from \"Through many.\" to \"Others modern.\";',8,NULL,'2024-05-28 09:03:42',NULL,NULL,NULL,NULL),(32212,'people',100000509,'container changed from \"6771\" to \"6771\";',8,NULL,'2024-05-28 09:03:42',NULL,NULL,NULL,NULL),(32213,'people',100000707,'comments changed from \"Trial arrive image conference.\" to \"Task score.\";',6,NULL,'2024-05-28 09:03:42',NULL,NULL,NULL,NULL),(32214,'people',100000707,'container changed from \"5878\" to \"5878\";',6,NULL,'2024-05-28 09:03:42',NULL,NULL,NULL,NULL),(32215,'people',100000562,'comments changed from \"Soldier likely allow.\" to \"Foot market professor.\";',24,NULL,'2024-05-28 09:03:42',NULL,NULL,NULL,NULL),(32216,'people',100000562,'container changed from \"6409\" to \"6409\";',24,NULL,'2024-05-28 09:03:42',NULL,NULL,NULL,NULL),(32217,'people',100000573,'comments changed from \"Such at common.\" to \"Study hospital green.\";',2,NULL,'2024-05-28 09:03:42',NULL,NULL,NULL,NULL),(32218,'people',100000573,'container changed from \"8543\" to \"8543\";',2,NULL,'2024-05-28 09:03:42',NULL,NULL,NULL,NULL),(32219,'people',100000690,'comments changed from \"Much simply old.\" to \"Like store wind.\";',7,NULL,'2024-05-28 09:03:42',NULL,NULL,NULL,NULL),(32220,'people',100000690,'container changed from \"1514\" to \"1514\";',7,NULL,'2024-05-28 09:03:42',NULL,NULL,NULL,NULL),(32221,'people',100000727,'comments changed from \"\" to \"Each could pull.\";',24,NULL,'2024-05-28 09:03:42',NULL,NULL,NULL,NULL),(32222,'people',100000727,'container changed from \"5878\" to \"5878\";',24,NULL,'2024-05-28 09:03:42',NULL,NULL,NULL,NULL),(32223,'people',100000521,'comments changed from \"Level today.\" to \"Raise language.\";',23,NULL,'2024-05-28 09:03:42',NULL,NULL,NULL,NULL),(32224,'people',100000521,'container changed from \"7532\" to \"7532\";',23,NULL,'2024-05-28 09:03:42',NULL,NULL,NULL,NULL),(32225,'people',100000672,'comments changed from \"\" to \"Method interesting.\";',2,NULL,'2024-05-28 09:03:42',NULL,NULL,NULL,NULL),(32226,'people',100000672,'container changed from \"5878\" to \"5878\";',2,NULL,'2024-05-28 09:03:42',NULL,NULL,NULL,NULL),(32227,'people',100000531,'comments changed from \"Kind.\" to \"Somebody without bank.\";',6,NULL,'2024-05-28 09:03:42',NULL,NULL,NULL,NULL),(32228,'people',100000531,'container changed from \"8930\" to \"8930\";',6,NULL,'2024-05-28 09:03:42',NULL,NULL,NULL,NULL),(32229,'people',100000513,'comments changed from \"Image often.\" to \"Offer home.\";',6,NULL,'2024-05-28 09:03:43',NULL,NULL,NULL,NULL),(32230,'people',100000513,'container changed from \"9919\" to \"9919\";',6,NULL,'2024-05-28 09:03:43',NULL,NULL,NULL,NULL),(32231,'people',100000546,'comments changed from \"Out campaign song.\" to \"Include public themselves.\";',4,NULL,'2024-05-28 09:03:43',NULL,NULL,NULL,NULL),(32232,'people',100000546,'container changed from \"6579\" to \"6579\";',4,NULL,'2024-05-28 09:03:43',NULL,NULL,NULL,NULL),(32233,'people',100000575,'comments changed from \"Speak cost.\" to \"Attack job notice.\";',23,NULL,'2024-05-28 09:03:43',NULL,NULL,NULL,NULL),(32234,'people',100000575,'container changed from \"6317\" to \"6317\";',23,NULL,'2024-05-28 09:03:43',NULL,NULL,NULL,NULL),(32235,'people',100000497,'comments changed from \"Friend learn.\" to \"Future suggest.\";',8,NULL,'2024-05-28 09:03:43',NULL,NULL,NULL,NULL),(32236,'people',100000497,'container changed from \"1675\" to \"1675\";',8,NULL,'2024-05-28 09:03:43',NULL,NULL,NULL,NULL),(32237,'people',100000586,'comments changed from \"Whether speak.\" to \"Memory million.\";',8,NULL,'2024-05-28 09:03:43',NULL,NULL,NULL,NULL),(32238,'people',100000586,'container changed from \"2268\" to \"2268\";',8,NULL,'2024-05-28 09:03:43',NULL,NULL,NULL,NULL),(32239,'people',100000494,'comments changed from \"Back best stuff.\" to \"Member green mission.\";',23,NULL,'2024-05-28 09:03:43',NULL,NULL,NULL,NULL),(32240,'people',100000494,'container changed from \"6009\" to \"6009\";',23,NULL,'2024-05-28 09:03:43',NULL,NULL,NULL,NULL),(32241,'people',100000552,'comments changed from \"To hotel idea Mrs.\" to \"Worker.\";',9,NULL,'2024-05-28 09:03:43',NULL,NULL,NULL,NULL),(32242,'people',100000552,'container changed from \"8386\" to \"8386\";',9,NULL,'2024-05-28 09:03:43',NULL,NULL,NULL,NULL),(32243,'people',100000491,'comments changed from \"Cost suggest drive give.\" to \"Group meet upon.\";',4,NULL,'2024-05-28 09:03:43',NULL,NULL,NULL,NULL),(32244,'people',100000491,'container changed from \"1540\" to \"1540\";',4,NULL,'2024-05-28 09:03:43',NULL,NULL,NULL,NULL),(32245,'people',100000548,'comments changed from \"Activity.\" to \"Reason.\";',25,NULL,'2024-05-28 09:03:43',NULL,NULL,NULL,NULL),(32246,'people',100000548,'container changed from \"9574\" to \"9574\";',25,NULL,'2024-05-28 09:03:43',NULL,NULL,NULL,NULL),(32247,'people',100000502,'comments changed from \"Possible risk hospital avoid.\" to \"All whose day.\";',2,NULL,'2024-05-28 09:03:43',NULL,NULL,NULL,NULL),(32248,'people',100000502,'container changed from \"7129\" to \"7129\";',2,NULL,'2024-05-28 09:03:43',NULL,NULL,NULL,NULL),(32249,'people',100000487,'comments changed from \"Voice former.\" to \"Order part land.\";',24,NULL,'2024-05-28 09:03:43',NULL,NULL,NULL,NULL),(32250,'people',100000487,'container changed from \"5421\" to \"5421\";',24,NULL,'2024-05-28 09:03:43',NULL,NULL,NULL,NULL),(32251,'people',100000753,'comments changed from \"\" to \"Last to.\";',23,NULL,'2024-05-28 09:03:43',NULL,NULL,NULL,NULL),(32252,'people',100000753,'container changed from \"7405\" to \"7405\";',23,NULL,'2024-05-28 09:03:43',NULL,NULL,NULL,NULL),(32253,'people',100000596,'comments changed from \"\" to \"Couple behind ten.\";',2,NULL,'2024-05-28 09:03:43',NULL,NULL,NULL,NULL),(32254,'people',100000596,'container changed from \"6303\" to \"6303\";',2,NULL,'2024-05-28 09:03:43',NULL,NULL,NULL,NULL),(32255,'people',100000693,'comments changed from \"Court material.\" to \"Her local age.\";',7,NULL,'2024-05-28 09:03:43',NULL,NULL,NULL,NULL),(32256,'people',100000693,'container changed from \"9574\" to \"9574\";',7,NULL,'2024-05-28 09:03:43',NULL,NULL,NULL,NULL),(32257,'people',100000636,'comments changed from \"\" to \"Station who child risk.\";',4,NULL,'2024-05-28 09:03:43',NULL,NULL,NULL,NULL),(32258,'people',100000636,'container changed from \"7237\" to \"7237\";',4,NULL,'2024-05-28 09:03:43',NULL,NULL,NULL,NULL),(32259,'people',100000594,'comments changed from \"\" to \"Manager within.\";',24,NULL,'2024-05-28 09:03:43',NULL,NULL,NULL,NULL),(32260,'people',100000594,'container changed from \"8543\" to \"8543\";',24,NULL,'2024-05-28 09:03:43',NULL,NULL,NULL,NULL),(32261,'people',100000642,'comments changed from \"\" to \"Movement evening five.\";',4,NULL,'2024-05-28 09:03:43',NULL,NULL,NULL,NULL),(32262,'people',100000642,'container changed from \"2598\" to \"2598\";',4,NULL,'2024-05-28 09:03:43',NULL,NULL,NULL,NULL),(32263,'people',100000495,'comments changed from \"Material small such.\" to \"Song require.\";',5,NULL,'2024-05-28 09:03:43',NULL,NULL,NULL,NULL),(32264,'people',100000495,'container changed from \"4513\" to \"4513\";',5,NULL,'2024-05-28 09:03:43',NULL,NULL,NULL,NULL),(32265,'people',100000492,'comments changed from \"By son.\" to \"Future citizen.\";',23,NULL,'2024-05-28 09:03:43',NULL,NULL,NULL,NULL),(32266,'people',100000492,'container changed from \"3893\" to \"3893\";',23,NULL,'2024-05-28 09:03:43',NULL,NULL,NULL,NULL),(32267,'people',100000767,'lastname changed from \"Allen\" to \"Allener\";',7,NULL,'2024-05-28 09:03:43',NULL,NULL,NULL,NULL),(32268,'people',100000767,'container changed from \"6409\" to \"6409\";',7,NULL,'2024-05-28 09:03:43',NULL,NULL,NULL,NULL),(32269,'people',100000643,'lastname changed from \"George\" to \"Georgeer\";',5,NULL,'2024-05-28 09:03:43',NULL,NULL,NULL,NULL),(32270,'people',100000643,'container changed from \"5878\" to \"5878\";',5,NULL,'2024-05-28 09:03:43',NULL,NULL,NULL,NULL),(32271,'people',100000555,'lastname changed from \"Marquez\" to \"Marquezer\";',3,NULL,'2024-05-28 09:03:43',NULL,NULL,NULL,NULL),(32272,'people',100000555,'container changed from \"9593\" to \"9593\";',3,NULL,'2024-05-28 09:03:43',NULL,NULL,NULL,NULL),(32273,'people',100000637,'lastname changed from \"Wagner\" to \"Wagnerer\";',7,NULL,'2024-05-28 09:03:43',NULL,NULL,NULL,NULL),(32274,'people',100000637,'container changed from \"7237\" to \"7237\";',7,NULL,'2024-05-28 09:03:43',NULL,NULL,NULL,NULL),(32275,'people',100000768,'lastname changed from \"Melton\" to \"Meltoner\";',23,NULL,'2024-05-28 09:03:43',NULL,NULL,NULL,NULL),(32276,'people',100000768,'container changed from \"8862\" to \"8862\";',23,NULL,'2024-05-28 09:03:43',NULL,NULL,NULL,NULL),(32277,'people',100000599,'lastname changed from \"George\" to \"Georgeer\";',4,NULL,'2024-05-28 09:03:43',NULL,NULL,NULL,NULL),(32278,'people',100000599,'container changed from \"5878\" to \"5878\";',4,NULL,'2024-05-28 09:03:43',NULL,NULL,NULL,NULL),(32279,'people',100000588,'lastname changed from \"Allen\" to \"Allener\";',6,NULL,'2024-05-28 09:03:43',NULL,NULL,NULL,NULL),(32280,'people',100000588,'container changed from \"6409\" to \"6409\";',6,NULL,'2024-05-28 09:03:43',NULL,NULL,NULL,NULL),(32281,'people',100000720,'lastname changed from \"Saunders\" to \"Saunderser\";',9,NULL,'2024-05-28 09:03:43',NULL,NULL,NULL,NULL),(32282,'people',100000720,'container changed from \"2268\" to \"2268\";',9,NULL,'2024-05-28 09:03:43',NULL,NULL,NULL,NULL),(32283,'people',100000565,'lastname changed from \"Castaneda\" to \"Castanedaer\";',24,NULL,'2024-05-28 09:03:43',NULL,NULL,NULL,NULL),(32284,'people',100000565,'container changed from \"8862\" to \"8862\";',24,NULL,'2024-05-28 09:03:43',NULL,NULL,NULL,NULL),(32285,'people',100000574,'lastname changed from \"Duncan\" to \"Duncaner\";',24,NULL,'2024-05-28 09:03:43',NULL,NULL,NULL,NULL),(32286,'people',100000574,'container changed from \"6317\" to \"6317\";',24,NULL,'2024-05-28 09:03:43',NULL,NULL,NULL,NULL),(32287,'people',100000506,'lastname changed from \"Rodriguez\" to \"Rodriguezer\";',4,NULL,'2024-05-28 09:03:43',NULL,NULL,NULL,NULL),(32288,'people',100000506,'container changed from \"9242\" to \"9242\";',4,NULL,'2024-05-28 09:03:43',NULL,NULL,NULL,NULL),(32289,'people',100000556,'lastname changed from \"Saunders\" to \"Saunderser\";',4,NULL,'2024-05-28 09:03:43',NULL,NULL,NULL,NULL),(32290,'people',100000556,'container changed from \"2268\" to \"2268\";',4,NULL,'2024-05-28 09:03:43',NULL,NULL,NULL,NULL),(32291,'people',100000539,'lastname changed from \"Price\" to \"Priceer\";',9,NULL,'2024-05-28 09:03:43',NULL,NULL,NULL,NULL),(32292,'people',100000539,'container changed from \"7405\" to \"7405\";',9,NULL,'2024-05-28 09:03:43',NULL,NULL,NULL,NULL),(32293,'people',100000657,'lastname changed from \"Harrison\" to \"Harrisoner\";',2,NULL,'2024-05-28 09:03:43',NULL,NULL,NULL,NULL),(32294,'people',100000657,'container changed from \"9593\" to \"9593\";',2,NULL,'2024-05-28 09:03:43',NULL,NULL,NULL,NULL),(32295,'people',100000764,'lastname changed from \"Allen\" to \"Allener\";',4,NULL,'2024-05-28 09:03:43',NULL,NULL,NULL,NULL),(32296,'people',100000764,'container changed from \"6409\" to \"6409\";',4,NULL,'2024-05-28 09:03:43',NULL,NULL,NULL,NULL),(32297,'people',100000638,'lastname changed from \"Cisneros\" to \"Cisneroser\";',7,NULL,'2024-05-28 09:03:43',NULL,NULL,NULL,NULL),(32298,'people',100000638,'container changed from \"2026\" to \"2026\";',7,NULL,'2024-05-28 09:03:43',NULL,NULL,NULL,NULL),(32299,'people',100000604,'lastname changed from \"Contreras\" to \"Contreraser\";',8,NULL,'2024-05-28 09:03:43',NULL,NULL,NULL,NULL),(32300,'people',100000604,'container changed from \"6579\" to \"6579\";',8,NULL,'2024-05-28 09:03:43',NULL,NULL,NULL,NULL),(32301,'people',100000734,'lastname changed from \"Matthews\" to \"Matthewser\";',24,NULL,'2024-05-28 09:03:43',NULL,NULL,NULL,NULL),(32302,'people',100000734,'container changed from \"4316\" to \"4316\";',24,NULL,'2024-05-28 09:03:43',NULL,NULL,NULL,NULL),(32303,'people',100000614,'lastname changed from \"Contreras\" to \"Contreraser\";',2,NULL,'2024-05-28 09:03:43',NULL,NULL,NULL,NULL),(32304,'people',100000614,'container changed from \"6579\" to \"6579\";',2,NULL,'2024-05-28 09:03:43',NULL,NULL,NULL,NULL),(32305,'people',100000647,'lastname changed from \"Valenzuela\" to \"Valenzuelaer\";',2,NULL,'2024-05-28 09:03:43',NULL,NULL,NULL,NULL),(32306,'people',100000647,'container changed from \"7742\" to \"7742\";',2,NULL,'2024-05-28 09:03:43',NULL,NULL,NULL,NULL),(32307,'people',100000644,'lastname changed from \"Berg\" to \"Berger\";',23,NULL,'2024-05-28 09:03:43',NULL,NULL,NULL,NULL),(32308,'people',100000644,'container changed from \"7405\" to \"7405\";',23,NULL,'2024-05-28 09:03:43',NULL,NULL,NULL,NULL),(32309,'people',100000768,'lastname changed from \"Meltoner\" to \"Meltonerer\";',9,NULL,'2024-05-28 09:03:43',NULL,NULL,NULL,NULL),(32310,'people',100000768,'container changed from \"8862\" to \"8862\";',9,NULL,'2024-05-28 09:03:43',NULL,NULL,NULL,NULL),(32311,'people',100000567,'lastname changed from \"Washington\" to \"Washingtoner\";',24,NULL,'2024-05-28 09:03:43',NULL,NULL,NULL,NULL),(32312,'people',100000567,'container changed from \"7237\" to \"7237\";',24,NULL,'2024-05-28 09:03:43',NULL,NULL,NULL,NULL),(32313,'people',100000513,'lastname changed from \"Romero\" to \"Romeroer\";',8,NULL,'2024-05-28 09:03:43',NULL,NULL,NULL,NULL),(32314,'people',100000513,'container changed from \"9919\" to \"9919\";',8,NULL,'2024-05-28 09:03:43',NULL,NULL,NULL,NULL),(32315,'people',100000567,'lastname changed from \"Washingtoner\" to \"Washingtonerer\";',7,NULL,'2024-05-28 09:03:43',NULL,NULL,NULL,NULL),(32316,'people',100000567,'container changed from \"7237\" to \"7237\";',7,NULL,'2024-05-28 09:03:43',NULL,NULL,NULL,NULL),(32317,'people',100000746,'lastname changed from \"Valenzuela\" to \"Valenzuelaer\";',2,NULL,'2024-05-28 09:03:43',NULL,NULL,NULL,NULL),(32318,'people',100000746,'container changed from \"7742\" to \"7742\";',2,NULL,'2024-05-28 09:03:43',NULL,NULL,NULL,NULL),(32319,'people',100000509,'lastname changed from \"Carter\" to \"Carterer\";',9,NULL,'2024-05-28 09:03:43',NULL,NULL,NULL,NULL),(32320,'people',100000509,'container changed from \"6771\" to \"6771\";',9,NULL,'2024-05-28 09:03:43',NULL,NULL,NULL,NULL),(32321,'people',100000700,'lastname changed from \"Wolf\" to \"Wolfer\";',8,NULL,'2024-05-28 09:03:43',NULL,NULL,NULL,NULL),(32322,'people',100000700,'container changed from \"6303\" to \"6303\";',8,NULL,'2024-05-28 09:03:43',NULL,NULL,NULL,NULL),(32323,'people',100000614,'lastname changed from \"Contreraser\" to \"Contreraserer\";',3,NULL,'2024-05-28 09:03:43',NULL,NULL,NULL,NULL),(32324,'people',100000614,'container changed from \"6579\" to \"6579\";',3,NULL,'2024-05-28 09:03:43',NULL,NULL,NULL,NULL),(32325,'people',100000674,'lastname changed from \"George\" to \"Georgeer\";',8,NULL,'2024-05-28 09:03:43',NULL,NULL,NULL,NULL),(32326,'people',100000674,'container changed from \"5878\" to \"5878\";',8,NULL,'2024-05-28 09:03:43',NULL,NULL,NULL,NULL),(32327,'people',100000603,'lastname changed from \"Wolf\" to \"Wolfer\";',9,NULL,'2024-05-28 09:03:44',NULL,NULL,NULL,NULL),(32328,'people',100000603,'container changed from \"6303\" to \"6303\";',9,NULL,'2024-05-28 09:03:44',NULL,NULL,NULL,NULL),(32329,'people',100000530,'lastname changed from \"Sloan\" to \"Sloaner\";',6,NULL,'2024-05-28 09:03:44',NULL,NULL,NULL,NULL),(32330,'people',100000530,'container changed from \"9751\" to \"9751\";',6,NULL,'2024-05-28 09:03:44',NULL,NULL,NULL,NULL),(32331,'people',100000573,'lastname changed from \"Hernandez\" to \"Hernandezer\";',2,NULL,'2024-05-28 09:03:44',NULL,NULL,NULL,NULL),(32332,'people',100000573,'container changed from \"8543\" to \"8543\";',2,NULL,'2024-05-28 09:03:44',NULL,NULL,NULL,NULL),(32333,'people',100000526,'lastname changed from \"Mills\" to \"Millser\";',7,NULL,'2024-05-28 09:03:44',NULL,NULL,NULL,NULL),(32334,'people',100000526,'container changed from \"4783\" to \"4783\";',7,NULL,'2024-05-28 09:03:44',NULL,NULL,NULL,NULL),(32335,'people',100000656,'lastname changed from \"Barnett\" to \"Barnetter\";',6,NULL,'2024-05-28 09:03:44',NULL,NULL,NULL,NULL),(32336,'people',100000656,'container changed from \"9574\" to \"9574\";',6,NULL,'2024-05-28 09:03:44',NULL,NULL,NULL,NULL),(32337,'people',100000543,'lastname changed from \"Henderson\" to \"Hendersoner\";',24,NULL,'2024-05-28 09:03:44',NULL,NULL,NULL,NULL),(32338,'people',100000543,'container changed from \"7742\" to \"7742\";',24,NULL,'2024-05-28 09:03:44',NULL,NULL,NULL,NULL),(32339,'people',100000737,'lastname changed from \"Wolf\" to \"Wolfer\";',3,NULL,'2024-05-28 09:03:44',NULL,NULL,NULL,NULL),(32340,'people',100000737,'container changed from \"6303\" to \"6303\";',3,NULL,'2024-05-28 09:03:44',NULL,NULL,NULL,NULL),(32341,'people',100000518,'lastname changed from \"Martin\" to \"Martiner\";',3,NULL,'2024-05-28 09:03:44',NULL,NULL,NULL,NULL),(32342,'people',100000518,'container changed from \"1777\" to \"1777\";',3,NULL,'2024-05-28 09:03:44',NULL,NULL,NULL,NULL),(32343,'people',100000554,'lastname changed from \"Harrison\" to \"Harrisoner\";',5,NULL,'2024-05-28 09:03:44',NULL,NULL,NULL,NULL),(32344,'people',100000554,'container changed from \"9593\" to \"9593\";',5,NULL,'2024-05-28 09:03:44',NULL,NULL,NULL,NULL),(32345,'people',100000669,'lastname changed from \"Valenzuela\" to \"Valenzuelaer\";',24,NULL,'2024-05-28 09:03:44',NULL,NULL,NULL,NULL),(32346,'people',100000669,'container changed from \"7742\" to \"7742\";',24,NULL,'2024-05-28 09:03:44',NULL,NULL,NULL,NULL),(32347,'people',100000765,'lastname changed from \"Cisneros\" to \"Cisneroser\";',3,NULL,'2024-05-28 09:03:44',NULL,NULL,NULL,NULL),(32348,'people',100000765,'container changed from \"2026\" to \"2026\";',3,NULL,'2024-05-28 09:03:44',NULL,NULL,NULL,NULL),(32349,'people',100000588,'lastname changed from \"Allener\" to \"Allenerer\";',3,NULL,'2024-05-28 09:03:44',NULL,NULL,NULL,NULL),(32350,'people',100000588,'container changed from \"6409\" to \"6409\";',3,NULL,'2024-05-28 09:03:44',NULL,NULL,NULL,NULL),(32351,'people',100000765,'lastname changed from \"Cisneroser\" to \"Cisneroserer\";',3,NULL,'2024-05-28 09:03:44',NULL,NULL,NULL,NULL),(32352,'people',100000765,'container changed from \"2026\" to \"2026\";',3,NULL,'2024-05-28 09:03:44',NULL,NULL,NULL,NULL),(32353,'people',100000538,'lastname changed from \"Berg\" to \"Berger\";',24,NULL,'2024-05-28 09:03:44',NULL,NULL,NULL,NULL),(32354,'people',100000538,'container changed from \"7405\" to \"7405\";',24,NULL,'2024-05-28 09:03:44',NULL,NULL,NULL,NULL),(32355,'people',100000608,'lastname changed from \"Contreras\" to \"Contreraser\";',23,NULL,'2024-05-28 09:03:44',NULL,NULL,NULL,NULL),(32356,'people',100000608,'container changed from \"6579\" to \"6579\";',23,NULL,'2024-05-28 09:03:44',NULL,NULL,NULL,NULL),(32357,'people',100000741,'lastname changed from \"Berg\" to \"Berger\";',7,NULL,'2024-05-28 09:03:44',NULL,NULL,NULL,NULL),(32358,'people',100000741,'container changed from \"7405\" to \"7405\";',7,NULL,'2024-05-28 09:03:44',NULL,NULL,NULL,NULL),(32359,'people',100000535,'lastname changed from \"Simon\" to \"Simoner\";',9,NULL,'2024-05-28 09:03:44',NULL,NULL,NULL,NULL),(32360,'people',100000535,'container changed from \"9989\" to \"9989\";',9,NULL,'2024-05-28 09:03:44',NULL,NULL,NULL,NULL),(32361,'people',100000557,'lastname changed from \"Henry\" to \"Henryer\";',2,NULL,'2024-05-28 09:03:44',NULL,NULL,NULL,NULL),(32362,'people',100000557,'container changed from \"2268\" to \"2268\";',2,NULL,'2024-05-28 09:03:44',NULL,NULL,NULL,NULL),(32363,'people',100000711,'lastname changed from \"Cisneros\" to \"Cisneroser\";',2,NULL,'2024-05-28 09:03:44',NULL,NULL,NULL,NULL),(32364,'people',100000711,'container changed from \"2026\" to \"2026\";',2,NULL,'2024-05-28 09:03:44',NULL,NULL,NULL,NULL),(32365,'people',100000730,'lastname changed from \"Allen\" to \"Allener\";',9,NULL,'2024-05-28 09:03:44',NULL,NULL,NULL,NULL),(32366,'people',100000730,'container changed from \"2598\" to \"2598\";',9,NULL,'2024-05-28 09:03:44',NULL,NULL,NULL,NULL),(32367,'people',100000534,'lastname changed from \"Lyons\" to \"Lyonser\";',3,NULL,'2024-05-28 09:03:44',NULL,NULL,NULL,NULL),(32368,'people',100000534,'container changed from \"8288\" to \"8288\";',3,NULL,'2024-05-28 09:03:44',NULL,NULL,NULL,NULL),(32369,'people',100000693,'lastname changed from \"Barnett\" to \"Barnetter\";',5,NULL,'2024-05-28 09:03:44',NULL,NULL,NULL,NULL),(32370,'people',100000693,'container changed from \"9574\" to \"9574\";',5,NULL,'2024-05-28 09:03:44',NULL,NULL,NULL,NULL),(32371,'people',100000775,'lastname changed from \"Berg\" to \"Berger\";',3,NULL,'2024-05-28 09:03:44',NULL,NULL,NULL,NULL),(32372,'people',100000775,'container changed from \"7405\" to \"7405\";',3,NULL,'2024-05-28 09:03:44',NULL,NULL,NULL,NULL),(32373,'people',100000774,'lastname changed from \"George\" to \"Georgeer\";',6,NULL,'2024-05-28 09:03:44',NULL,NULL,NULL,NULL),(32374,'people',100000774,'container changed from \"5878\" to \"5878\";',6,NULL,'2024-05-28 09:03:44',NULL,NULL,NULL,NULL),(32375,'people',100000690,'lastname changed from \"Collins\" to \"Collinser\";',7,NULL,'2024-05-28 09:03:44',NULL,NULL,NULL,NULL),(32376,'people',100000690,'container changed from \"1514\" to \"1514\";',7,NULL,'2024-05-28 09:03:44',NULL,NULL,NULL,NULL),(32377,'people',100000585,'lastname changed from \"Rodriguez\" to \"Rodriguezer\";',2,NULL,'2024-05-28 09:03:44',NULL,NULL,NULL,NULL),(32378,'people',100000585,'container changed from \"2567\" to \"2567\";',2,NULL,'2024-05-28 09:03:44',NULL,NULL,NULL,NULL),(32379,'people',100000749,'lastname changed from \"Cisneros\" to \"Cisneroser\";',23,NULL,'2024-05-28 09:03:44',NULL,NULL,NULL,NULL),(32380,'people',100000749,'container changed from \"2026\" to \"2026\";',23,NULL,'2024-05-28 09:03:44',NULL,NULL,NULL,NULL),(32381,'people',100000700,'lastname changed from \"Wolfer\" to \"Wolferer\";',23,NULL,'2024-05-28 09:03:44',NULL,NULL,NULL,NULL),(32382,'people',100000700,'container changed from \"6303\" to \"6303\";',23,NULL,'2024-05-28 09:03:44',NULL,NULL,NULL,NULL),(32383,'people',100000525,'lastname changed from \"Bailey\" to \"Baileyer\";',7,NULL,'2024-05-28 09:03:44',NULL,NULL,NULL,NULL),(32384,'people',100000525,'container changed from \"6273\" to \"6273\";',7,NULL,'2024-05-28 09:03:44',NULL,NULL,NULL,NULL),(32385,'people',100000544,'lastname changed from \"Schultz\" to \"Schultzer\";',6,NULL,'2024-05-28 09:03:44',NULL,NULL,NULL,NULL),(32386,'people',100000544,'container changed from \"9090\" to \"9090\";',6,NULL,'2024-05-28 09:03:44',NULL,NULL,NULL,NULL),(32387,'people',100000607,'lastname changed from \"Spencer\" to \"Spencerer\";',25,NULL,'2024-05-28 09:03:44',NULL,NULL,NULL,NULL),(32388,'people',100000607,'container changed from \"7272\" to \"7272\";',25,NULL,'2024-05-28 09:03:44',NULL,NULL,NULL,NULL),(32389,'people',100000676,'lastname changed from \"Contreras\" to \"Contreraser\";',6,NULL,'2024-05-28 09:03:44',NULL,NULL,NULL,NULL),(32390,'people',100000676,'container changed from \"6579\" to \"6579\";',6,NULL,'2024-05-28 09:03:44',NULL,NULL,NULL,NULL),(32391,'people',100000629,'lastname changed from \"Wagner\" to \"Wagnerer\";',23,NULL,'2024-05-28 09:03:44',NULL,NULL,NULL,NULL),(32392,'people',100000629,'container changed from \"7237\" to \"7237\";',23,NULL,'2024-05-28 09:03:44',NULL,NULL,NULL,NULL),(32393,'people',100000516,'lastname changed from \"Rivers\" to \"Riverser\";',2,NULL,'2024-05-28 09:03:44',NULL,NULL,NULL,NULL),(32394,'people',100000516,'container changed from \"9678\" to \"9678\";',2,NULL,'2024-05-28 09:03:44',NULL,NULL,NULL,NULL),(32395,'people',100000620,'lastname changed from \"Spencer\" to \"Spencerer\";',2,NULL,'2024-05-28 09:03:44',NULL,NULL,NULL,NULL),(32396,'people',100000620,'container changed from \"7272\" to \"7272\";',2,NULL,'2024-05-28 09:03:44',NULL,NULL,NULL,NULL),(32397,'people',100000779,'lastname changed from \"Wagner\" to \"Wagnerer\";',5,NULL,'2024-05-28 09:03:44',NULL,NULL,NULL,NULL),(32398,'people',100000779,'container changed from \"7237\" to \"7237\";',5,NULL,'2024-05-28 09:03:44',NULL,NULL,NULL,NULL),(32399,'people',100000544,'lastname changed from \"Schultzer\" to \"Schultzerer\";',8,NULL,'2024-05-28 09:03:44',NULL,NULL,NULL,NULL),(32400,'people',100000544,'container changed from \"9090\" to \"9090\";',8,NULL,'2024-05-28 09:03:44',NULL,NULL,NULL,NULL),(32401,'people',100000526,'lastname changed from \"Millser\" to \"Millserer\";',24,NULL,'2024-05-28 09:03:44',NULL,NULL,NULL,NULL),(32402,'people',100000526,'container changed from \"4783\" to \"4783\";',24,NULL,'2024-05-28 09:03:44',NULL,NULL,NULL,NULL),(32403,'people',100000667,'lastname changed from \"Doyle\" to \"Doyleer\";',5,NULL,'2024-05-28 09:03:44',NULL,NULL,NULL,NULL),(32404,'people',100000667,'container changed from \"6214\" to \"6214\";',5,NULL,'2024-05-28 09:03:44',NULL,NULL,NULL,NULL),(32405,'people',100000750,'lastname changed from \"Allen\" to \"Allener\";',25,NULL,'2024-05-28 09:03:44',NULL,NULL,NULL,NULL),(32406,'people',100000750,'container changed from \"6409\" to \"6409\";',25,NULL,'2024-05-28 09:03:44',NULL,NULL,NULL,NULL),(32407,'people',100000615,'lastname changed from \"May\" to \"Mayer\";',7,NULL,'2024-05-28 09:03:44',NULL,NULL,NULL,NULL),(32408,'people',100000615,'container changed from \"2358\" to \"2358\";',7,NULL,'2024-05-28 09:03:44',NULL,NULL,NULL,NULL),(32409,'people',100000639,'lastname changed from \"Doyle\" to \"Doyleer\";',24,NULL,'2024-05-28 09:03:44',NULL,NULL,NULL,NULL),(32410,'people',100000639,'container changed from \"6214\" to \"6214\";',24,NULL,'2024-05-28 09:03:44',NULL,NULL,NULL,NULL),(32411,'people',100000735,'lastname changed from \"Sanders\" to \"Sanderser\";',4,NULL,'2024-05-28 09:03:44',NULL,NULL,NULL,NULL),(32412,'people',100000735,'container changed from \"8543\" to \"8543\";',4,NULL,'2024-05-28 09:03:44',NULL,NULL,NULL,NULL),(32413,'people',100000754,'lastname changed from \"May\" to \"Mayer\";',9,NULL,'2024-05-28 09:03:44',NULL,NULL,NULL,NULL),(32414,'people',100000754,'container changed from \"2358\" to \"2358\";',9,NULL,'2024-05-28 09:03:44',NULL,NULL,NULL,NULL),(32415,'people',100000609,'lastname changed from \"George\" to \"Georgeer\";',5,NULL,'2024-05-28 09:03:44',NULL,NULL,NULL,NULL),(32416,'people',100000609,'container changed from \"5878\" to \"5878\";',5,NULL,'2024-05-28 09:03:44',NULL,NULL,NULL,NULL),(32417,'people',100000530,'lastname changed from \"Sloaner\" to \"Sloanerer\";',7,NULL,'2024-05-28 09:03:44',NULL,NULL,NULL,NULL),(32418,'people',100000530,'container changed from \"9751\" to \"9751\";',7,NULL,'2024-05-28 09:03:44',NULL,NULL,NULL,NULL),(32419,'people',100000772,'lastname changed from \"Allen\" to \"Allener\";',7,NULL,'2024-05-28 09:03:44',NULL,NULL,NULL,NULL),(32420,'people',100000772,'container changed from \"6409\" to \"6409\";',7,NULL,'2024-05-28 09:03:44',NULL,NULL,NULL,NULL),(32421,'people',100000536,'lastname changed from \"Doyle\" to \"Doyleer\";',9,NULL,'2024-05-28 09:03:44',NULL,NULL,NULL,NULL),(32422,'people',100000536,'container changed from \"6214\" to \"6214\";',9,NULL,'2024-05-28 09:03:44',NULL,NULL,NULL,NULL),(32423,'people',100000690,'lastname changed from \"Collinser\" to \"Collinserer\";',6,NULL,'2024-05-28 09:03:44',NULL,NULL,NULL,NULL),(32424,'people',100000690,'container changed from \"1514\" to \"1514\";',6,NULL,'2024-05-28 09:03:44',NULL,NULL,NULL,NULL),(32425,'people',100000614,'lastname changed from \"Contreraserer\" to \"Contrerasererer\";',8,NULL,'2024-05-28 09:03:44',NULL,NULL,NULL,NULL),(32426,'people',100000614,'container changed from \"6579\" to \"6579\";',8,NULL,'2024-05-28 09:03:44',NULL,NULL,NULL,NULL),(32427,'people',100000744,'lastname changed from \"Sanders\" to \"Sanderser\";',23,NULL,'2024-05-28 09:03:44',NULL,NULL,NULL,NULL),(32428,'people',100000744,'container changed from \"8543\" to \"8543\";',23,NULL,'2024-05-28 09:03:44',NULL,NULL,NULL,NULL),(32429,'people',100000647,'lastname changed from \"Valenzuelaer\" to \"Valenzuelaerer\";',3,NULL,'2024-05-28 09:03:44',NULL,NULL,NULL,NULL),(32430,'people',100000647,'container changed from \"7742\" to \"7742\";',3,NULL,'2024-05-28 09:03:44',NULL,NULL,NULL,NULL),(32431,'people',100000608,'lastname changed from \"Contreraser\" to \"Contreraserer\";',2,NULL,'2024-05-28 09:03:44',NULL,NULL,NULL,NULL),(32432,'people',100000608,'container changed from \"6579\" to \"6579\";',2,NULL,'2024-05-28 09:03:44',NULL,NULL,NULL,NULL),(32433,'people',100000729,'lastname changed from \"Spencer\" to \"Spencerer\";',7,NULL,'2024-05-28 09:03:44',NULL,NULL,NULL,NULL),(32434,'people',100000729,'container changed from \"7272\" to \"7272\";',7,NULL,'2024-05-28 09:03:44',NULL,NULL,NULL,NULL),(32435,'people',100000506,'lastname changed from \"Rodriguezer\" to \"Rodriguezerer\";',25,NULL,'2024-05-28 09:03:45',NULL,NULL,NULL,NULL),(32436,'people',100000506,'container changed from \"9242\" to \"9242\";',25,NULL,'2024-05-28 09:03:45',NULL,NULL,NULL,NULL),(32437,'people',100000706,'lastname changed from \"Melton\" to \"Meltoner\";',2,NULL,'2024-05-28 09:03:45',NULL,NULL,NULL,NULL),(32438,'people',100000706,'container changed from \"8862\" to \"8862\";',2,NULL,'2024-05-28 09:03:45',NULL,NULL,NULL,NULL),(32439,'people',100000673,'lastname changed from \"Wolf\" to \"Wolfer\";',7,NULL,'2024-05-28 09:03:45',NULL,NULL,NULL,NULL),(32440,'people',100000673,'container changed from \"6303\" to \"6303\";',7,NULL,'2024-05-28 09:03:45',NULL,NULL,NULL,NULL),(32441,'people',100000546,'lastname changed from \"Contreras\" to \"Contreraser\";',3,NULL,'2024-05-28 09:03:45',NULL,NULL,NULL,NULL),(32442,'people',100000546,'container changed from \"6579\" to \"6579\";',3,NULL,'2024-05-28 09:03:45',NULL,NULL,NULL,NULL),(32443,'people',100000732,'lastname changed from \"Wagner\" to \"Wagnerer\";',24,NULL,'2024-05-28 09:03:45',NULL,NULL,NULL,NULL),(32444,'people',100000732,'container changed from \"7237\" to \"7237\";',24,NULL,'2024-05-28 09:03:45',NULL,NULL,NULL,NULL),(32445,'people',100000611,'lastname changed from \"Allen\" to \"Allener\";',9,NULL,'2024-05-28 09:03:45',NULL,NULL,NULL,NULL),(32446,'people',100000611,'container changed from \"6409\" to \"6409\";',9,NULL,'2024-05-28 09:03:45',NULL,NULL,NULL,NULL),(32447,'people',100000748,'lastname changed from \"Allen\" to \"Allener\";',24,NULL,'2024-05-28 09:03:45',NULL,NULL,NULL,NULL),(32448,'people',100000748,'container changed from \"2598\" to \"2598\";',24,NULL,'2024-05-28 09:03:45',NULL,NULL,NULL,NULL),(32449,'people',100000558,'lastname changed from \"George\" to \"Georgeer\";',9,NULL,'2024-05-28 09:03:45',NULL,NULL,NULL,NULL),(32450,'people',100000558,'container changed from \"5878\" to \"5878\";',9,NULL,'2024-05-28 09:03:45',NULL,NULL,NULL,NULL),(32451,'people',100000539,'lastname changed from \"Priceer\" to \"Priceerer\";',25,NULL,'2024-05-28 09:03:45',NULL,NULL,NULL,NULL),(32452,'people',100000539,'container changed from \"7405\" to \"7405\";',25,NULL,'2024-05-28 09:03:45',NULL,NULL,NULL,NULL),(32453,'people',100000645,'lastname changed from \"Collins\" to \"Collinser\";',6,NULL,'2024-05-28 09:03:45',NULL,NULL,NULL,NULL),(32454,'people',100000645,'container changed from \"1514\" to \"1514\";',6,NULL,'2024-05-28 09:03:45',NULL,NULL,NULL,NULL),(32455,'people',100000559,'lastname changed from \"Moore\" to \"Mooreer\";',2,NULL,'2024-05-28 09:03:45',NULL,NULL,NULL,NULL),(32456,'people',100000559,'container changed from \"5878\" to \"5878\";',2,NULL,'2024-05-28 09:03:45',NULL,NULL,NULL,NULL),(32457,'people',100000716,'lastname changed from \"Schultz\" to \"Schultzer\";',8,NULL,'2024-05-28 09:03:45',NULL,NULL,NULL,NULL),(32458,'people',100000716,'container changed from \"9090\" to \"9090\";',8,NULL,'2024-05-28 09:03:45',NULL,NULL,NULL,NULL),(32459,'people',100000740,'lastname changed from \"Wagner\" to \"Wagnerer\";',8,NULL,'2024-05-28 09:03:45',NULL,NULL,NULL,NULL),(32460,'people',100000740,'container changed from \"7237\" to \"7237\";',8,NULL,'2024-05-28 09:03:45',NULL,NULL,NULL,NULL),(32461,'people',100000655,'lastname changed from \"Collins\" to \"Collinser\";',23,NULL,'2024-05-28 09:03:45',NULL,NULL,NULL,NULL),(32462,'people',100000655,'container changed from \"1514\" to \"1514\";',23,NULL,'2024-05-28 09:03:45',NULL,NULL,NULL,NULL),(32463,'people',100000670,'lastname changed from \"Doyle\" to \"Doyleer\";',7,NULL,'2024-05-28 09:03:45',NULL,NULL,NULL,NULL),(32464,'people',100000670,'container changed from \"6214\" to \"6214\";',7,NULL,'2024-05-28 09:03:45',NULL,NULL,NULL,NULL),(32465,'people',100000571,'lastname changed from \"Allen\" to \"Allener\";',6,NULL,'2024-05-28 09:03:45',NULL,NULL,NULL,NULL),(32466,'people',100000571,'container changed from \"2598\" to \"2598\";',6,NULL,'2024-05-28 09:03:45',NULL,NULL,NULL,NULL),(32467,'people',100000537,'lastname changed from \"Brown\" to \"Browner\";',9,NULL,'2024-05-28 09:03:45',NULL,NULL,NULL,NULL),(32468,'people',100000537,'container changed from \"6214\" to \"6214\";',9,NULL,'2024-05-28 09:03:45',NULL,NULL,NULL,NULL),(32469,'people',100000568,'lastname changed from \"Spencer\" to \"Spencerer\";',24,NULL,'2024-05-28 09:03:45',NULL,NULL,NULL,NULL),(32470,'people',100000568,'container changed from \"7272\" to \"7272\";',24,NULL,'2024-05-28 09:03:45',NULL,NULL,NULL,NULL),(32471,'people',100000762,'lastname changed from \"Tran\" to \"Traner\";',2,NULL,'2024-05-28 09:03:45',NULL,NULL,NULL,NULL),(32472,'people',100000762,'container changed from \"3568\" to \"3568\";',2,NULL,'2024-05-28 09:03:45',NULL,NULL,NULL,NULL),(32473,'people',100000529,'lastname changed from \"Smith\" to \"Smither\";',5,NULL,'2024-05-28 09:03:45',NULL,NULL,NULL,NULL),(32474,'people',100000529,'container changed from \"2831\" to \"2831\";',5,NULL,'2024-05-28 09:03:45',NULL,NULL,NULL,NULL),(32475,'people',100000750,'lastname changed from \"Allener\" to \"Allenerer\";',7,NULL,'2024-05-28 09:03:45',NULL,NULL,NULL,NULL),(32476,'people',100000750,'container changed from \"6409\" to \"6409\";',7,NULL,'2024-05-28 09:03:45',NULL,NULL,NULL,NULL),(32477,'people',100000738,'lastname changed from \"Cisneros\" to \"Cisneroser\";',8,NULL,'2024-05-28 09:03:45',NULL,NULL,NULL,NULL),(32478,'people',100000738,'container changed from \"2026\" to \"2026\";',8,NULL,'2024-05-28 09:03:45',NULL,NULL,NULL,NULL),(32479,'people',100000777,'lastname changed from \"Saunders\" to \"Saunderser\";',6,NULL,'2024-05-28 09:03:45',NULL,NULL,NULL,NULL),(32480,'people',100000777,'container changed from \"2268\" to \"2268\";',6,NULL,'2024-05-28 09:03:45',NULL,NULL,NULL,NULL),(32481,'people',100000502,'lastname changed from \"Nelson\" to \"Nelsoner\";',3,NULL,'2024-05-28 09:03:45',NULL,NULL,NULL,NULL),(32482,'people',100000502,'container changed from \"7129\" to \"7129\";',3,NULL,'2024-05-28 09:03:45',NULL,NULL,NULL,NULL),(32483,'people',100000508,'lastname changed from \"Hernandez\" to \"Hernandezer\";',23,NULL,'2024-05-28 09:03:45',NULL,NULL,NULL,NULL),(32484,'people',100000508,'container changed from \"1523\" to \"1523\";',23,NULL,'2024-05-28 09:03:45',NULL,NULL,NULL,NULL),(32485,'people',100000577,'lastname changed from \"Bryant\" to \"Bryanter\";',3,NULL,'2024-05-28 09:03:45',NULL,NULL,NULL,NULL),(32486,'people',100000577,'container changed from \"2358\" to \"2358\";',3,NULL,'2024-05-28 09:03:45',NULL,NULL,NULL,NULL),(32487,'people',100000685,'lastname changed from \"Allen\" to \"Allener\";',3,NULL,'2024-05-28 09:03:45',NULL,NULL,NULL,NULL),(32488,'people',100000685,'container changed from \"2598\" to \"2598\";',3,NULL,'2024-05-28 09:03:45',NULL,NULL,NULL,NULL),(32489,'people',100000778,'lastname changed from \"Berg\" to \"Berger\";',4,NULL,'2024-05-28 09:03:45',NULL,NULL,NULL,NULL),(32490,'people',100000778,'container changed from \"7405\" to \"7405\";',4,NULL,'2024-05-28 09:03:45',NULL,NULL,NULL,NULL),(32491,'people',100000686,'lastname changed from \"Allen\" to \"Allener\";',3,NULL,'2024-05-28 09:03:45',NULL,NULL,NULL,NULL),(32492,'people',100000686,'container changed from \"6409\" to \"6409\";',3,NULL,'2024-05-28 09:03:45',NULL,NULL,NULL,NULL),(32493,'people',100000546,'lastname changed from \"Contreraser\" to \"Contreraserer\";',23,NULL,'2024-05-28 09:03:45',NULL,NULL,NULL,NULL),(32494,'people',100000546,'container changed from \"6579\" to \"6579\";',23,NULL,'2024-05-28 09:03:45',NULL,NULL,NULL,NULL),(32495,'people',100000564,'lastname changed from \"Melton\" to \"Meltoner\";',9,NULL,'2024-05-28 09:03:45',NULL,NULL,NULL,NULL),(32496,'people',100000564,'container changed from \"8862\" to \"8862\";',9,NULL,'2024-05-28 09:03:45',NULL,NULL,NULL,NULL),(32497,'people',100000783,'lastname changed from \"Tran\" to \"Traner\";',5,NULL,'2024-05-28 09:03:45',NULL,NULL,NULL,NULL),(32498,'people',100000783,'container changed from \"3568\" to \"3568\";',5,NULL,'2024-05-28 09:03:45',NULL,NULL,NULL,NULL),(32499,'people',100000781,'lastname changed from \"Allen\" to \"Allener\";',23,NULL,'2024-05-28 09:03:45',NULL,NULL,NULL,NULL),(32500,'people',100000781,'container changed from \"2598\" to \"2598\";',23,NULL,'2024-05-28 09:03:45',NULL,NULL,NULL,NULL),(32501,'people',100000619,'lastname changed from \"Johnson\" to \"Johnsoner\";',23,NULL,'2024-05-28 09:03:45',NULL,NULL,NULL,NULL),(32502,'people',100000619,'container changed from \"8386\" to \"8386\";',23,NULL,'2024-05-28 09:03:45',NULL,NULL,NULL,NULL),(32503,'people',100000778,'lastname changed from \"Berger\" to \"Bergerer\";',23,NULL,'2024-05-28 09:03:45',NULL,NULL,NULL,NULL),(32504,'people',100000778,'container changed from \"7405\" to \"7405\";',23,NULL,'2024-05-28 09:03:45',NULL,NULL,NULL,NULL),(32505,'people',100000727,'lastname changed from \"George\" to \"Georgeer\";',5,NULL,'2024-05-28 09:03:45',NULL,NULL,NULL,NULL),(32506,'people',100000727,'container changed from \"5878\" to \"5878\";',5,NULL,'2024-05-28 09:03:45',NULL,NULL,NULL,NULL),(32507,'people',100000557,'lastname changed from \"Henryer\" to \"Henryerer\";',7,NULL,'2024-05-28 09:03:45',NULL,NULL,NULL,NULL),(32508,'people',100000557,'container changed from \"2268\" to \"2268\";',7,NULL,'2024-05-28 09:03:45',NULL,NULL,NULL,NULL),(32509,'people',100000533,'lastname changed from \"Smith\" to \"Smither\";',5,NULL,'2024-05-28 09:03:45',NULL,NULL,NULL,NULL),(32510,'people',100000533,'container changed from \"3071\" to \"3071\";',5,NULL,'2024-05-28 09:03:45',NULL,NULL,NULL,NULL),(32511,'people',100000559,'lastname changed from \"Mooreer\" to \"Mooreerer\";',2,NULL,'2024-05-28 09:03:45',NULL,NULL,NULL,NULL),(32512,'people',100000559,'container changed from \"5878\" to \"5878\";',2,NULL,'2024-05-28 09:03:45',NULL,NULL,NULL,NULL),(32513,'people',100000781,'lastname changed from \"Allener\" to \"Allenerer\";',25,NULL,'2024-05-28 09:03:45',NULL,NULL,NULL,NULL),(32514,'people',100000781,'container changed from \"2598\" to \"2598\";',25,NULL,'2024-05-28 09:03:45',NULL,NULL,NULL,NULL),(32515,'people',100000776,'lastname changed from \"Valenzuela\" to \"Valenzuelaer\";',9,NULL,'2024-05-28 09:03:45',NULL,NULL,NULL,NULL),(32516,'people',100000776,'container changed from \"7742\" to \"7742\";',9,NULL,'2024-05-28 09:03:45',NULL,NULL,NULL,NULL),(32517,'people',100000556,'lastname changed from \"Saunderser\" to \"Saunderserer\";',2,NULL,'2024-05-28 09:03:45',NULL,NULL,NULL,NULL),(32518,'people',100000556,'container changed from \"2268\" to \"2268\";',2,NULL,'2024-05-28 09:03:45',NULL,NULL,NULL,NULL),(32519,'people',100000743,'lastname changed from \"Sanders\" to \"Sanderser\";',6,NULL,'2024-05-28 09:03:45',NULL,NULL,NULL,NULL),(32520,'people',100000743,'container changed from \"8543\" to \"8543\";',6,NULL,'2024-05-28 09:03:45',NULL,NULL,NULL,NULL),(32521,'people',100000619,'lastname changed from \"Johnsoner\" to \"Johnsonerer\";',5,NULL,'2024-05-28 09:03:45',NULL,NULL,NULL,NULL),(32522,'people',100000619,'container changed from \"8386\" to \"8386\";',5,NULL,'2024-05-28 09:03:45',NULL,NULL,NULL,NULL),(32523,'people',100000673,'lastname changed from \"Wolfer\" to \"Wolferer\";',24,NULL,'2024-05-28 09:03:45',NULL,NULL,NULL,NULL),(32524,'people',100000673,'container changed from \"6303\" to \"6303\";',24,NULL,'2024-05-28 09:03:45',NULL,NULL,NULL,NULL),(32525,'people',100000756,'lastname changed from \"Allen\" to \"Allener\";',7,NULL,'2024-05-28 09:03:45',NULL,NULL,NULL,NULL),(32526,'people',100000756,'container changed from \"2598\" to \"2598\";',7,NULL,'2024-05-28 09:03:45',NULL,NULL,NULL,NULL),(32527,'people',100000775,'lastname changed from \"Berger\" to \"Bergerer\";',25,NULL,'2024-05-28 09:03:45',NULL,NULL,NULL,NULL),(32528,'people',100000775,'container changed from \"7405\" to \"7405\";',25,NULL,'2024-05-28 09:03:45',NULL,NULL,NULL,NULL),(32529,'people',100000496,'lastname changed from \"Riley\" to \"Rileyer\";',24,NULL,'2024-05-28 09:03:45',NULL,NULL,NULL,NULL),(32530,'people',100000496,'container changed from \"9811\" to \"9811\";',24,NULL,'2024-05-28 09:03:45',NULL,NULL,NULL,NULL),(32531,'people',100000696,'lastname changed from \"Compton\" to \"Comptoner\";',24,NULL,'2024-05-28 09:03:45',NULL,NULL,NULL,NULL),(32532,'people',100000696,'container changed from \"2567\" to \"2567\";',24,NULL,'2024-05-28 09:03:45',NULL,NULL,NULL,NULL),(32533,'people',100000687,'lastname changed from \"Wolf\" to \"Wolfer\";',6,NULL,'2024-05-28 09:03:46',NULL,NULL,NULL,NULL),(32534,'people',100000687,'container changed from \"6303\" to \"6303\";',6,NULL,'2024-05-28 09:03:46',NULL,NULL,NULL,NULL),(32535,'people',100000629,'lastname changed from \"Wagnerer\" to \"Wagnererer\";',25,NULL,'2024-05-28 09:03:46',NULL,NULL,NULL,NULL),(32536,'people',100000629,'container changed from \"7237\" to \"7237\";',25,NULL,'2024-05-28 09:03:46',NULL,NULL,NULL,NULL),(32537,'people',100000699,'lastname changed from \"Doyle\" to \"Doyleer\";',24,NULL,'2024-05-28 09:03:46',NULL,NULL,NULL,NULL),(32538,'people',100000699,'container changed from \"6214\" to \"6214\";',24,NULL,'2024-05-28 09:03:46',NULL,NULL,NULL,NULL),(32539,'people',100000566,'lastname changed from \"Wagner\" to \"Wagnerer\";',6,NULL,'2024-05-28 09:03:46',NULL,NULL,NULL,NULL),(32540,'people',100000566,'container changed from \"7237\" to \"7237\";',6,NULL,'2024-05-28 09:03:46',NULL,NULL,NULL,NULL),(32541,'people',100000574,'lastname changed from \"Duncaner\" to \"Duncanerer\";',5,NULL,'2024-05-28 09:03:46',NULL,NULL,NULL,NULL),(32542,'people',100000574,'container changed from \"6317\" to \"6317\";',5,NULL,'2024-05-28 09:03:46',NULL,NULL,NULL,NULL),(32543,'people',100000595,'lastname changed from \"May\" to \"Mayer\";',3,NULL,'2024-05-28 09:03:46',NULL,NULL,NULL,NULL),(32544,'people',100000595,'container changed from \"2358\" to \"2358\";',3,NULL,'2024-05-28 09:03:46',NULL,NULL,NULL,NULL),(32545,'people',100000583,'lastname changed from \"Hall\" to \"Haller\";',24,NULL,'2024-05-28 09:03:46',NULL,NULL,NULL,NULL),(32546,'people',100000583,'container changed from \"2026\" to \"2026\";',24,NULL,'2024-05-28 09:03:46',NULL,NULL,NULL,NULL),(32547,'people',100000543,'lastname changed from \"Hendersoner\" to \"Hendersonerer\";',8,NULL,'2024-05-28 09:03:46',NULL,NULL,NULL,NULL),(32548,'people',100000543,'container changed from \"7742\" to \"7742\";',8,NULL,'2024-05-28 09:03:46',NULL,NULL,NULL,NULL),(32549,'people',100000585,'lastname changed from \"Rodriguezer\" to \"Rodriguezerer\";',23,NULL,'2024-05-28 09:03:46',NULL,NULL,NULL,NULL),(32550,'people',100000585,'container changed from \"2567\" to \"2567\";',23,NULL,'2024-05-28 09:03:46',NULL,NULL,NULL,NULL),(32551,'people',100000685,'lastname changed from \"Allener\" to \"Allenerer\";',7,NULL,'2024-05-28 09:03:46',NULL,NULL,NULL,NULL),(32552,'people',100000685,'container changed from \"2598\" to \"2598\";',7,NULL,'2024-05-28 09:03:46',NULL,NULL,NULL,NULL),(32553,'people',100000553,'lastname changed from \"Allen\" to \"Allener\";',6,NULL,'2024-05-28 09:03:46',NULL,NULL,NULL,NULL),(32554,'people',100000553,'container changed from \"8386\" to \"8386\";',6,NULL,'2024-05-28 09:03:46',NULL,NULL,NULL,NULL),(32555,'people',100000695,'lastname changed from \"Barnett\" to \"Barnetter\";',23,NULL,'2024-05-28 09:03:46',NULL,NULL,NULL,NULL),(32556,'people',100000695,'container changed from \"9574\" to \"9574\";',23,NULL,'2024-05-28 09:03:46',NULL,NULL,NULL,NULL),(32557,'people',100000579,'lastname changed from \"Reynolds\" to \"Reynoldser\";',4,NULL,'2024-05-28 09:03:46',NULL,NULL,NULL,NULL),(32558,'people',100000579,'container changed from \"4316\" to \"4316\";',4,NULL,'2024-05-28 09:03:46',NULL,NULL,NULL,NULL),(32559,'people',100000518,'lastname changed from \"Martiner\" to \"Martinerer\";',25,NULL,'2024-05-28 09:03:46',NULL,NULL,NULL,NULL),(32560,'people',100000518,'container changed from \"1777\" to \"1777\";',25,NULL,'2024-05-28 09:03:46',NULL,NULL,NULL,NULL),(32561,'people',100000783,'lastname changed from \"Traner\" to \"Tranerer\";',7,NULL,'2024-05-28 09:03:46',NULL,NULL,NULL,NULL),(32562,'people',100000783,'container changed from \"3568\" to \"3568\";',7,NULL,'2024-05-28 09:03:46',NULL,NULL,NULL,NULL),(32563,'people',100000755,'lastname changed from \"Doyle\" to \"Doyleer\";',8,NULL,'2024-05-28 09:03:46',NULL,NULL,NULL,NULL),(32564,'people',100000755,'container changed from \"6214\" to \"6214\";',8,NULL,'2024-05-28 09:03:46',NULL,NULL,NULL,NULL),(32565,'people',100000696,'lastname changed from \"Comptoner\" to \"Comptonerer\";',8,NULL,'2024-05-28 09:03:46',NULL,NULL,NULL,NULL),(32566,'people',100000696,'container changed from \"2567\" to \"2567\";',8,NULL,'2024-05-28 09:03:46',NULL,NULL,NULL,NULL),(32567,'people',100000653,'Record deleted',8,NULL,'2024-05-28 09:03:46',NULL,NULL,NULL,NULL),(32568,'people',100000616,'Record deleted',8,NULL,'2024-05-28 09:03:46',NULL,NULL,NULL,NULL),(32569,'people',100000710,'Record deleted',8,NULL,'2024-05-28 09:03:46',NULL,NULL,NULL,NULL),(32570,'people',100000681,'Record deleted',8,NULL,'2024-05-28 09:03:46',NULL,NULL,NULL,NULL),(32571,'people',100000617,'Record deleted',8,NULL,'2024-05-28 09:03:46',NULL,NULL,NULL,NULL),(32572,'people',100000525,'Record deleted',8,NULL,'2024-05-28 09:03:46',NULL,NULL,NULL,NULL),(32573,'people',100000695,'Record deleted',8,NULL,'2024-05-28 09:03:46',NULL,NULL,NULL,NULL),(32574,'people',100000573,'Record deleted',8,NULL,'2024-05-28 09:03:46',NULL,NULL,NULL,NULL),(32575,'people',100000594,'Record deleted',8,NULL,'2024-05-28 09:03:46',NULL,NULL,NULL,NULL),(32576,'people',100000597,'Record deleted',8,NULL,'2024-05-28 09:03:46',NULL,NULL,NULL,NULL),(32577,'people',100000735,'Record deleted',8,NULL,'2024-05-28 09:03:46',NULL,NULL,NULL,NULL),(32578,'people',100000743,'Record deleted',8,NULL,'2024-05-28 09:03:46',NULL,NULL,NULL,NULL),(32579,'people',100000744,'Record deleted',8,NULL,'2024-05-28 09:03:46',NULL,NULL,NULL,NULL),(32580,'people',100000572,'Record deleted',8,NULL,'2024-05-28 09:03:46',NULL,NULL,NULL,NULL),(32581,'people',100000632,'Record deleted',8,NULL,'2024-05-28 09:03:46',NULL,NULL,NULL,NULL),(32582,'people',100000786,'Record created',16,NULL,'2024-05-28 09:03:46',NULL,NULL,NULL,NULL),(32583,'people',100000787,'Record created',18,NULL,'2024-05-28 09:03:46',NULL,NULL,NULL,NULL),(32584,'people',100000788,'Record created',10,NULL,'2024-05-28 09:03:46',NULL,NULL,NULL,NULL),(32585,'people',100000789,'Record created',16,NULL,'2024-05-28 09:03:46',NULL,NULL,NULL,NULL),(32586,'people',100000790,'Record created',16,NULL,'2024-05-28 09:03:46',NULL,NULL,NULL,NULL),(32587,'people',100000791,'Record created',18,NULL,'2024-05-28 09:03:46',NULL,NULL,NULL,NULL),(32588,'people',100000792,'Record created',31,NULL,'2024-05-28 09:03:46',NULL,NULL,NULL,NULL),(32589,'people',100000793,'Record created',33,NULL,'2024-05-28 09:03:46',NULL,NULL,NULL,NULL),(32590,'people',100000794,'Record created',17,NULL,'2024-05-28 09:03:46',NULL,NULL,NULL,NULL),(32591,'people',100000795,'Record created',16,NULL,'2024-05-28 09:03:46',NULL,NULL,NULL,NULL),(32592,'people',100000796,'Record created',31,NULL,'2024-05-28 09:03:46',NULL,NULL,NULL,NULL),(32593,'people',100000797,'Record created',31,NULL,'2024-05-28 09:03:46',NULL,NULL,NULL,NULL),(32594,'people',100000798,'Record created',15,NULL,'2024-05-28 09:03:46',NULL,NULL,NULL,NULL),(32595,'people',100000799,'Record created',15,NULL,'2024-05-28 09:03:46',NULL,NULL,NULL,NULL),(32596,'people',100000800,'Record created',31,NULL,'2024-05-28 09:03:46',NULL,NULL,NULL,NULL),(32597,'people',100000801,'Record created',18,NULL,'2024-05-28 09:03:46',NULL,NULL,NULL,NULL),(32598,'people',100000802,'Record created',17,NULL,'2024-05-28 09:03:46',NULL,NULL,NULL,NULL),(32599,'people',100000803,'Record created',17,NULL,'2024-05-28 09:03:46',NULL,NULL,NULL,NULL),(32600,'people',100000804,'Record created',11,NULL,'2024-05-28 09:03:46',NULL,NULL,NULL,NULL),(32601,'people',100000805,'Record created',16,NULL,'2024-05-28 09:03:46',NULL,NULL,NULL,NULL),(32602,'people',100000806,'Record created',11,NULL,'2024-05-28 09:03:46',NULL,NULL,NULL,NULL),(32603,'people',100000807,'Record created',11,NULL,'2024-05-28 09:03:46',NULL,NULL,NULL,NULL),(32604,'people',100000808,'Record created',18,NULL,'2024-05-28 09:03:46',NULL,NULL,NULL,NULL),(32605,'people',100000809,'Record created',16,NULL,'2024-05-28 09:03:46',NULL,NULL,NULL,NULL),(32606,'people',100000810,'Record created',11,NULL,'2024-05-28 09:03:46',NULL,NULL,NULL,NULL),(32607,'people',100000811,'Record created',17,NULL,'2024-05-28 09:03:46',NULL,NULL,NULL,NULL),(32608,'people',100000812,'Record created',31,NULL,'2024-05-28 09:03:46',NULL,NULL,NULL,NULL),(32609,'people',100000813,'Record created',31,NULL,'2024-05-28 09:03:46',NULL,NULL,NULL,NULL),(32610,'people',100000814,'Record created',17,NULL,'2024-05-28 09:03:46',NULL,NULL,NULL,NULL),(32611,'people',100000815,'Record created',17,NULL,'2024-05-28 09:03:46',NULL,NULL,NULL,NULL),(32612,'people',100000816,'Record created',16,NULL,'2024-05-28 09:03:46',NULL,NULL,NULL,NULL),(32613,'people',100000817,'Record created',10,NULL,'2024-05-28 09:03:46',NULL,NULL,NULL,NULL),(32614,'people',100000818,'Record created',33,NULL,'2024-05-28 09:03:46',NULL,NULL,NULL,NULL),(32615,'people',100000819,'Record created',16,NULL,'2024-05-28 09:03:46',NULL,NULL,NULL,NULL),(32616,'people',100000820,'Record created',10,NULL,'2024-05-28 09:03:47',NULL,NULL,NULL,NULL),(32617,'people',100000821,'Record created',16,NULL,'2024-05-28 09:03:47',NULL,NULL,NULL,NULL),(32618,'people',100000822,'Record created',31,NULL,'2024-05-28 09:03:47',NULL,NULL,NULL,NULL),(32619,'people',100000823,'Record created',16,NULL,'2024-05-28 09:03:47',NULL,NULL,NULL,NULL),(32620,'people',100000824,'Record created',17,NULL,'2024-05-28 09:03:47',NULL,NULL,NULL,NULL),(32621,'people',100000825,'Record created',15,NULL,'2024-05-28 09:03:47',NULL,NULL,NULL,NULL),(32622,'people',100000826,'Record created',15,NULL,'2024-05-28 09:03:47',NULL,NULL,NULL,NULL),(32623,'people',100000827,'Record created',18,NULL,'2024-05-28 09:03:47',NULL,NULL,NULL,NULL),(32624,'people',100000828,'Record created',10,NULL,'2024-05-28 09:03:47',NULL,NULL,NULL,NULL),(32625,'people',100000829,'Record created',33,NULL,'2024-05-28 09:03:47',NULL,NULL,NULL,NULL),(32626,'people',100000830,'Record created',31,NULL,'2024-05-28 09:03:47',NULL,NULL,NULL,NULL),(32627,'people',100000831,'Record created',33,NULL,'2024-05-28 09:03:47',NULL,NULL,NULL,NULL),(32628,'people',100000832,'Record created',17,NULL,'2024-05-28 09:03:47',NULL,NULL,NULL,NULL),(32629,'people',100000833,'Record created',10,NULL,'2024-05-28 09:03:47',NULL,NULL,NULL,NULL),(32630,'people',100000834,'Record created',15,NULL,'2024-05-28 09:03:47',NULL,NULL,NULL,NULL),(32631,'people',100000835,'Record created',33,NULL,'2024-05-28 09:03:47',NULL,NULL,NULL,NULL),(32632,'people',100000836,'Record created',11,NULL,'2024-05-28 09:03:47',NULL,NULL,NULL,NULL),(32633,'people',100000837,'Record created',33,NULL,'2024-05-28 09:03:47',NULL,NULL,NULL,NULL),(32634,'people',100000838,'Record created',16,NULL,'2024-05-28 09:03:47',NULL,NULL,NULL,NULL),(32635,'people',100000839,'Record created',10,NULL,'2024-05-28 09:03:47',NULL,NULL,NULL,NULL),(32636,'people',100000840,'Record created',33,NULL,'2024-05-28 09:03:47',NULL,NULL,NULL,NULL),(32637,'people',100000841,'Record created',11,NULL,'2024-05-28 09:03:47',NULL,NULL,NULL,NULL),(32638,'people',100000842,'Record created',33,NULL,'2024-05-28 09:03:47',NULL,NULL,NULL,NULL),(32639,'people',100000843,'Record created',31,NULL,'2024-05-28 09:03:47',NULL,NULL,NULL,NULL),(32640,'people',100000844,'Record created',31,NULL,'2024-05-28 09:03:47',NULL,NULL,NULL,NULL),(32641,'people',100000845,'Record created',10,NULL,'2024-05-28 09:03:47',NULL,NULL,NULL,NULL),(32642,'people',100000846,'Record created',11,NULL,'2024-05-28 09:03:47',NULL,NULL,NULL,NULL),(32643,'people',100000847,'Record created',15,NULL,'2024-05-28 09:03:47',NULL,NULL,NULL,NULL),(32644,'people',100000848,'Record created',16,NULL,'2024-05-28 09:03:47',NULL,NULL,NULL,NULL),(32645,'people',100000849,'Record created',11,NULL,'2024-05-28 09:03:47',NULL,NULL,NULL,NULL),(32646,'people',100000850,'Record created',33,NULL,'2024-05-28 09:03:47',NULL,NULL,NULL,NULL),(32647,'people',100000851,'Record created',15,NULL,'2024-05-28 09:03:47',NULL,NULL,NULL,NULL),(32648,'people',100000852,'Record created',18,NULL,'2024-05-28 09:03:47',NULL,NULL,NULL,NULL),(32649,'people',100000853,'Record created',16,NULL,'2024-05-28 09:03:47',NULL,NULL,NULL,NULL),(32650,'people',100000854,'Record created',31,NULL,'2024-05-28 09:03:47',NULL,NULL,NULL,NULL),(32651,'people',100000855,'Record created',33,NULL,'2024-05-28 09:03:47',NULL,NULL,NULL,NULL),(32652,'people',100000856,'Record created',11,NULL,'2024-05-28 09:03:47',NULL,NULL,NULL,NULL),(32653,'people',100000857,'Record created',33,NULL,'2024-05-28 09:03:47',NULL,NULL,NULL,NULL),(32654,'people',100000858,'Record created',33,NULL,'2024-05-28 09:03:47',NULL,NULL,NULL,NULL),(32655,'people',100000859,'Record created',10,NULL,'2024-05-28 09:03:47',NULL,NULL,NULL,NULL),(32656,'people',100000860,'Record created',15,NULL,'2024-05-28 09:03:47',NULL,NULL,NULL,NULL),(32657,'people',100000861,'Record created',11,NULL,'2024-05-28 09:03:47',NULL,NULL,NULL,NULL),(32658,'people',100000862,'Record created',18,NULL,'2024-05-28 09:03:47',NULL,NULL,NULL,NULL),(32659,'people',100000863,'Record created',17,NULL,'2024-05-28 09:03:47',NULL,NULL,NULL,NULL),(32660,'people',100000864,'Record created',15,NULL,'2024-05-28 09:03:47',NULL,NULL,NULL,NULL),(32661,'people',100000865,'Record created',18,NULL,'2024-05-28 09:03:47',NULL,NULL,NULL,NULL),(32662,'people',100000804,'container changed from \"7847\" to \"7847\";',16,NULL,'2024-05-28 09:03:47',NULL,NULL,NULL,NULL),(32663,'people',100000790,'notregistered',18,NULL,'2024-05-28 09:03:47',1,0,NULL,NULL),(32664,'people',100000790,'container changed from \"3078\" to \"3078\";',18,NULL,'2024-05-28 09:03:47',NULL,NULL,NULL,NULL),(32665,'people',100000853,'container changed from \"8914\" to \"8914\";',31,NULL,'2024-05-28 09:03:47',NULL,NULL,NULL,NULL),(32666,'people',100000827,'container changed from \"1214\" to \"1214\";',16,NULL,'2024-05-28 09:03:47',NULL,NULL,NULL,NULL),(32667,'people',100000804,'container changed from \"7847\" to \"7847\";',11,NULL,'2024-05-28 09:03:47',NULL,NULL,NULL,NULL),(32668,'people',100000829,'container changed from \"2359\" to \"2359\";',11,NULL,'2024-05-28 09:03:47',NULL,NULL,NULL,NULL),(32669,'people',100000817,'notregistered',10,NULL,'2024-05-28 09:03:47',1,0,NULL,NULL),(32670,'people',100000817,'container changed from \"6078\" to \"6078\";',10,NULL,'2024-05-28 09:03:47',NULL,NULL,NULL,NULL),(32671,'people',100000801,'container changed from \"3507\" to \"3507\";',15,NULL,'2024-05-28 09:03:47',NULL,NULL,NULL,NULL),(32672,'people',100000788,'notregistered',15,NULL,'2024-05-28 09:03:47',1,0,NULL,NULL),(32673,'people',100000788,'container changed from \"9293\" to \"9293\";',15,NULL,'2024-05-28 09:03:47',NULL,NULL,NULL,NULL),(32674,'people',100000822,'container changed from \"7854\" to \"7854\";',17,NULL,'2024-05-28 09:03:47',NULL,NULL,NULL,NULL),(32675,'people',100000839,'container changed from \"8338\" to \"8338\";',17,NULL,'2024-05-28 09:03:47',NULL,NULL,NULL,NULL),(32676,'people',100000861,'notregistered',31,NULL,'2024-05-28 09:03:47',1,0,NULL,NULL),(32677,'people',100000861,'container changed from \"6039\" to \"6039\";',31,NULL,'2024-05-28 09:03:47',NULL,NULL,NULL,NULL),(32678,'people',100000852,'container changed from \"6793\" to \"6793\";',10,NULL,'2024-05-28 09:03:47',NULL,NULL,NULL,NULL),(32679,'people',100000858,'container changed from \"2885\" to \"2885\";',10,NULL,'2024-05-28 09:03:47',NULL,NULL,NULL,NULL),(32680,'people',100000820,'notregistered',18,NULL,'2024-05-28 09:03:47',1,0,NULL,NULL),(32681,'people',100000820,'container changed from \"1214\" to \"1214\";',18,NULL,'2024-05-28 09:03:47',NULL,NULL,NULL,NULL),(32682,'people',100000814,'notregistered',16,NULL,'2024-05-28 09:03:47',1,0,NULL,NULL),(32683,'people',100000814,'container changed from \"2885\" to \"2885\";',16,NULL,'2024-05-28 09:03:47',NULL,NULL,NULL,NULL),(32684,'people',100000861,'container changed from \"6039\" to \"6039\";',17,NULL,'2024-05-28 09:03:47',NULL,NULL,NULL,NULL),(32685,'people',100000823,'notregistered',33,NULL,'2024-05-28 09:03:47',1,0,NULL,NULL),(32686,'people',100000823,'container changed from \"7854\" to \"7854\";',33,NULL,'2024-05-28 09:03:47',NULL,NULL,NULL,NULL),(32687,'people',100000834,'container changed from \"1329\" to \"1329\";',31,NULL,'2024-05-28 09:03:47',NULL,NULL,NULL,NULL),(32688,'people',100000825,'container changed from \"2359\" to \"2359\";',31,NULL,'2024-05-28 09:03:47',NULL,NULL,NULL,NULL),(32689,'people',100000839,'container changed from \"8338\" to \"8338\";',15,NULL,'2024-05-28 09:03:48',NULL,NULL,NULL,NULL),(32690,'people',100000808,'notregistered',10,NULL,'2024-05-28 09:03:48',1,0,NULL,NULL),(32691,'people',100000808,'container changed from \"6039\" to \"6039\";',10,NULL,'2024-05-28 09:03:48',NULL,NULL,NULL,NULL),(32692,'people',100000854,'notregistered',15,NULL,'2024-05-28 09:03:48',1,0,NULL,NULL),(32693,'people',100000854,'container changed from \"6078\" to \"6078\";',15,NULL,'2024-05-28 09:03:48',NULL,NULL,NULL,NULL),(32694,'people',100000859,'container changed from \"7854\" to \"7854\";',15,NULL,'2024-05-28 09:03:48',NULL,NULL,NULL,NULL),(32695,'people',100000832,'notregistered',11,NULL,'2024-05-28 09:03:48',1,0,NULL,NULL),(32696,'people',100000832,'container changed from \"2885\" to \"2885\";',11,NULL,'2024-05-28 09:03:48',NULL,NULL,NULL,NULL),(32697,'people',100000856,'notregistered',31,NULL,'2024-05-28 09:03:48',1,0,NULL,NULL),(32698,'people',100000856,'container changed from \"6039\" to \"6039\";',31,NULL,'2024-05-28 09:03:48',NULL,NULL,NULL,NULL),(32699,'people',100000833,'notregistered',10,NULL,'2024-05-28 09:03:48',1,0,NULL,NULL),(32700,'people',100000833,'container changed from \"8338\" to \"8338\";',10,NULL,'2024-05-28 09:03:48',NULL,NULL,NULL,NULL),(32701,'people',100000835,'notregistered',17,NULL,'2024-05-28 09:03:48',1,0,NULL,NULL),(32702,'people',100000835,'container changed from \"1214\" to \"1214\";',17,NULL,'2024-05-28 09:03:48',NULL,NULL,NULL,NULL),(32703,'people',100000818,'notregistered',18,NULL,'2024-05-28 09:03:48',1,0,NULL,NULL),(32704,'people',100000818,'container changed from \"6793\" to \"6793\";',18,NULL,'2024-05-28 09:03:48',NULL,NULL,NULL,NULL),(32705,'people',100000849,'notregistered',31,NULL,'2024-05-28 09:03:48',1,0,NULL,NULL),(32706,'people',100000849,'container changed from \"6078\" to \"6078\";',31,NULL,'2024-05-28 09:03:48',NULL,NULL,NULL,NULL),(32707,'people',100000853,'container changed from \"8914\" to \"8914\";',33,NULL,'2024-05-28 09:03:48',NULL,NULL,NULL,NULL),(32708,'people',100000841,'container changed from \"2885\" to \"2885\";',18,NULL,'2024-05-28 09:03:48',NULL,NULL,NULL,NULL),(32709,'people',100000845,'notregistered',33,NULL,'2024-05-28 09:03:48',1,0,NULL,NULL),(32710,'people',100000845,'container changed from \"6078\" to \"6078\";',33,NULL,'2024-05-28 09:03:48',NULL,NULL,NULL,NULL),(32711,'people',100000828,'notregistered',18,NULL,'2024-05-28 09:03:48',1,0,NULL,NULL),(32712,'people',100000828,'container changed from \"6039\" to \"6039\";',18,NULL,'2024-05-28 09:03:48',NULL,NULL,NULL,NULL),(32713,'people',100000825,'container changed from \"2359\" to \"2359\";',10,NULL,'2024-05-28 09:03:48',NULL,NULL,NULL,NULL),(32714,'people',100000789,'notregistered',18,NULL,'2024-05-28 09:03:48',1,0,NULL,NULL),(32715,'people',100000789,'container changed from \"7916\" to \"7916\";',18,NULL,'2024-05-28 09:03:48',NULL,NULL,NULL,NULL),(32716,'people',100000819,'container changed from \"6793\" to \"6793\";',15,NULL,'2024-05-28 09:03:48',NULL,NULL,NULL,NULL),(32717,'people',100000808,'container changed from \"6039\" to \"6039\";',16,NULL,'2024-05-28 09:03:48',NULL,NULL,NULL,NULL),(32718,'people',100000843,'container changed from \"8338\" to \"8338\";',17,NULL,'2024-05-28 09:03:48',NULL,NULL,NULL,NULL),(32719,'people',100000848,'notregistered',11,NULL,'2024-05-28 09:03:48',1,0,NULL,NULL),(32720,'people',100000848,'container changed from \"8914\" to \"8914\";',11,NULL,'2024-05-28 09:03:48',NULL,NULL,NULL,NULL),(32721,'people',100000857,'volunteer',31,NULL,'2024-05-28 09:03:48',0,1,NULL,NULL),(32722,'people',100000857,'container changed from \"7854\" to \"7854\";',31,NULL,'2024-05-28 09:03:48',NULL,NULL,NULL,NULL),(32723,'people',100000840,'volunteer',31,NULL,'2024-05-28 09:03:48',0,1,NULL,NULL),(32724,'people',100000840,'container changed from \"7854\" to \"7854\";',31,NULL,'2024-05-28 09:03:48',NULL,NULL,NULL,NULL),(32725,'people',100000788,'volunteer',10,NULL,'2024-05-28 09:03:48',1,0,NULL,NULL),(32726,'people',100000788,'container changed from \"9293\" to \"9293\";',10,NULL,'2024-05-28 09:03:48',NULL,NULL,NULL,NULL),(32727,'people',100000812,'volunteer',11,NULL,'2024-05-28 09:03:48',0,1,NULL,NULL),(32728,'people',100000812,'container changed from \"8338\" to \"8338\";',11,NULL,'2024-05-28 09:03:48',NULL,NULL,NULL,NULL),(32729,'people',100000827,'volunteer',10,NULL,'2024-05-28 09:03:48',0,1,NULL,NULL),(32730,'people',100000827,'container changed from \"1214\" to \"1214\";',10,NULL,'2024-05-28 09:03:48',NULL,NULL,NULL,NULL),(32731,'people',100000830,'volunteer',11,NULL,'2024-05-28 09:03:48',0,1,NULL,NULL),(32732,'people',100000830,'container changed from \"1214\" to \"1214\";',11,NULL,'2024-05-28 09:03:48',NULL,NULL,NULL,NULL),(32733,'people',100000816,'volunteer',33,NULL,'2024-05-28 09:03:48',1,0,NULL,NULL),(32734,'people',100000816,'container changed from \"6078\" to \"6078\";',33,NULL,'2024-05-28 09:03:48',NULL,NULL,NULL,NULL),(32735,'people',100000810,'volunteer',33,NULL,'2024-05-28 09:03:48',0,1,NULL,NULL),(32736,'people',100000810,'container changed from \"1329\" to \"1329\";',33,NULL,'2024-05-28 09:03:48',NULL,NULL,NULL,NULL),(32737,'people',100000862,'volunteer',10,NULL,'2024-05-28 09:03:48',0,1,NULL,NULL),(32738,'people',100000862,'container changed from \"6078\" to \"6078\";',10,NULL,'2024-05-28 09:03:48',NULL,NULL,NULL,NULL),(32739,'people',100000815,'volunteer',31,NULL,'2024-05-28 09:03:48',0,1,NULL,NULL),(32740,'people',100000815,'container changed from \"2885\" to \"2885\";',31,NULL,'2024-05-28 09:03:48',NULL,NULL,NULL,NULL),(32741,'people',100000861,'volunteer',31,NULL,'2024-05-28 09:03:48',0,1,NULL,NULL),(32742,'people',100000861,'container changed from \"6039\" to \"6039\";',31,NULL,'2024-05-28 09:03:48',NULL,NULL,NULL,NULL),(32743,'people',100000792,'volunteer',11,NULL,'2024-05-28 09:03:48',1,0,NULL,NULL),(32744,'people',100000792,'container changed from \"1645\" to \"1645\";',11,NULL,'2024-05-28 09:03:48',NULL,NULL,NULL,NULL),(32745,'people',100000823,'volunteer',11,NULL,'2024-05-28 09:03:48',0,1,NULL,NULL),(32746,'people',100000823,'container changed from \"7854\" to \"7854\";',11,NULL,'2024-05-28 09:03:48',NULL,NULL,NULL,NULL),(32747,'people',100000786,'volunteer',31,NULL,'2024-05-28 09:03:48',1,0,NULL,NULL),(32748,'people',100000786,'container changed from \"9578\" to \"9578\";',31,NULL,'2024-05-28 09:03:48',NULL,NULL,NULL,NULL),(32749,'people',100000819,'volunteer',10,NULL,'2024-05-28 09:03:48',1,0,NULL,NULL),(32750,'people',100000819,'container changed from \"6793\" to \"6793\";',10,NULL,'2024-05-28 09:03:48',NULL,NULL,NULL,NULL),(32751,'people',100000848,'volunteer',16,NULL,'2024-05-28 09:03:48',0,1,NULL,NULL),(32752,'people',100000848,'container changed from \"8914\" to \"8914\";',16,NULL,'2024-05-28 09:03:48',NULL,NULL,NULL,NULL),(32753,'people',100000822,'volunteer',17,NULL,'2024-05-28 09:03:48',1,0,NULL,NULL),(32754,'people',100000822,'container changed from \"7854\" to \"7854\";',17,NULL,'2024-05-28 09:03:48',NULL,NULL,NULL,NULL),(32755,'people',100000799,'volunteer',15,NULL,'2024-05-28 09:03:48',1,0,NULL,NULL),(32756,'people',100000799,'container changed from \"9511\" to \"9511\";',15,NULL,'2024-05-28 09:03:48',NULL,NULL,NULL,NULL),(32757,'people',100000786,'volunteer',10,NULL,'2024-05-28 09:03:48',0,1,NULL,NULL),(32758,'people',100000786,'container changed from \"9578\" to \"9578\";',10,NULL,'2024-05-28 09:03:48',NULL,NULL,NULL,NULL),(32759,'people',100000793,'volunteer',16,NULL,'2024-05-28 09:03:48',0,1,NULL,NULL),(32760,'people',100000793,'container changed from \"2958\" to \"2958\";',16,NULL,'2024-05-28 09:03:48',NULL,NULL,NULL,NULL),(32761,'people',100000812,'volunteer',15,NULL,'2024-05-28 09:03:48',1,0,NULL,NULL),(32762,'people',100000812,'container changed from \"8338\" to \"8338\";',15,NULL,'2024-05-28 09:03:48',NULL,NULL,NULL,NULL),(32763,'people',100000841,'volunteer',11,NULL,'2024-05-28 09:03:48',0,1,NULL,NULL),(32764,'people',100000841,'container changed from \"2885\" to \"2885\";',11,NULL,'2024-05-28 09:03:48',NULL,NULL,NULL,NULL),(32765,'people',100000818,'volunteer',18,NULL,'2024-05-28 09:03:48',0,1,NULL,NULL),(32766,'people',100000818,'container changed from \"6793\" to \"6793\";',18,NULL,'2024-05-28 09:03:48',NULL,NULL,NULL,NULL),(32767,'people',100000856,'volunteer',11,NULL,'2024-05-28 09:03:48',0,1,NULL,NULL),(32768,'people',100000856,'container changed from \"6039\" to \"6039\";',11,NULL,'2024-05-28 09:03:48',NULL,NULL,NULL,NULL),(32769,'people',100000842,'volunteer',11,NULL,'2024-05-28 09:03:48',0,1,NULL,NULL),(32770,'people',100000842,'container changed from \"6793\" to \"6793\";',11,NULL,'2024-05-28 09:03:48',NULL,NULL,NULL,NULL),(32771,'people',100000848,'volunteer',11,NULL,'2024-05-28 09:03:48',1,0,NULL,NULL),(32772,'people',100000848,'container changed from \"8914\" to \"8914\";',11,NULL,'2024-05-28 09:03:48',NULL,NULL,NULL,NULL),(32773,'people',100000826,'volunteer',17,NULL,'2024-05-28 09:03:48',0,1,NULL,NULL),(32774,'people',100000826,'container changed from \"8338\" to \"8338\";',17,NULL,'2024-05-28 09:03:48',NULL,NULL,NULL,NULL),(32775,'people',100000842,'volunteer',11,NULL,'2024-05-28 09:03:48',1,0,NULL,NULL),(32776,'people',100000842,'container changed from \"6793\" to \"6793\";',11,NULL,'2024-05-28 09:03:48',NULL,NULL,NULL,NULL),(32777,'people',100000837,'volunteer',11,NULL,'2024-05-28 09:03:48',0,1,NULL,NULL),(32778,'people',100000837,'container changed from \"7854\" to \"7854\";',11,NULL,'2024-05-28 09:03:48',NULL,NULL,NULL,NULL),(32779,'people',100000845,'volunteer',33,NULL,'2024-05-28 09:03:48',0,1,NULL,NULL),(32780,'people',100000845,'container changed from \"6078\" to \"6078\";',33,NULL,'2024-05-28 09:03:48',NULL,NULL,NULL,NULL),(32781,'people',100000790,'volunteer',10,NULL,'2024-05-28 09:03:48',0,1,NULL,NULL),(32782,'people',100000790,'container changed from \"3078\" to \"3078\";',10,NULL,'2024-05-28 09:03:48',NULL,NULL,NULL,NULL),(32783,'people',100000835,'volunteer',10,NULL,'2024-05-28 09:03:48',0,1,NULL,NULL),(32784,'people',100000835,'container changed from \"1214\" to \"1214\";',10,NULL,'2024-05-28 09:03:48',NULL,NULL,NULL,NULL),(32785,'people',100000845,'volunteer',18,NULL,'2024-05-28 09:03:48',1,0,NULL,NULL),(32786,'people',100000845,'container changed from \"6078\" to \"6078\";',18,NULL,'2024-05-28 09:03:48',NULL,NULL,NULL,NULL),(32787,'people',100000834,'volunteer',31,NULL,'2024-05-28 09:03:48',0,1,NULL,NULL),(32788,'people',100000834,'container changed from \"1329\" to \"1329\";',31,NULL,'2024-05-28 09:03:48',NULL,NULL,NULL,NULL),(32789,'people',100000806,'volunteer',17,NULL,'2024-05-28 09:03:48',0,1,NULL,NULL),(32790,'people',100000806,'container changed from \"8914\" to \"8914\";',17,NULL,'2024-05-28 09:03:48',NULL,NULL,NULL,NULL),(32791,'people',100000791,'volunteer',17,NULL,'2024-05-28 09:03:49',1,0,NULL,NULL),(32792,'people',100000791,'container changed from \"7364\" to \"7364\";',17,NULL,'2024-05-28 09:03:49',NULL,NULL,NULL,NULL),(32793,'people',100000856,'volunteer',33,NULL,'2024-05-28 09:03:49',1,0,NULL,NULL),(32794,'people',100000856,'container changed from \"6039\" to \"6039\";',33,NULL,'2024-05-28 09:03:49',NULL,NULL,NULL,NULL),(32795,'people',100000796,'volunteer',10,NULL,'2024-05-28 09:03:49',0,1,NULL,NULL),(32796,'people',100000796,'container changed from \"3024\" to \"3024\";',10,NULL,'2024-05-28 09:03:49',NULL,NULL,NULL,NULL),(32797,'people',100000845,'volunteer',33,NULL,'2024-05-28 09:03:49',0,1,NULL,NULL),(32798,'people',100000845,'container changed from \"6078\" to \"6078\";',33,NULL,'2024-05-28 09:03:49',NULL,NULL,NULL,NULL),(32799,'people',100000826,'volunteer',11,NULL,'2024-05-28 09:03:49',1,0,NULL,NULL),(32800,'people',100000826,'container changed from \"8338\" to \"8338\";',11,NULL,'2024-05-28 09:03:49',NULL,NULL,NULL,NULL),(32801,'people',100000840,'comments changed from \"\" to \"Hot nothing reflect relate.\";',31,NULL,'2024-05-28 09:03:49',NULL,NULL,NULL,NULL),(32802,'people',100000840,'container changed from \"7854\" to \"7854\";',31,NULL,'2024-05-28 09:03:49',NULL,NULL,NULL,NULL),(32803,'people',100000824,'comments changed from \"Since unit serve.\" to \"Board support cup.\";',16,NULL,'2024-05-28 09:03:49',NULL,NULL,NULL,NULL),(32804,'people',100000824,'container changed from \"2359\" to \"2359\";',16,NULL,'2024-05-28 09:03:49',NULL,NULL,NULL,NULL),(32805,'people',100000792,'comments changed from \"Throw.\" to \"Debate.\";',31,NULL,'2024-05-28 09:03:49',NULL,NULL,NULL,NULL),(32806,'people',100000792,'container changed from \"1645\" to \"1645\";',31,NULL,'2024-05-28 09:03:49',NULL,NULL,NULL,NULL),(32807,'people',100000839,'comments changed from \"\" to \"It sometimes.\";',11,NULL,'2024-05-28 09:03:49',NULL,NULL,NULL,NULL),(32808,'people',100000839,'container changed from \"8338\" to \"8338\";',11,NULL,'2024-05-28 09:03:49',NULL,NULL,NULL,NULL),(32809,'people',100000854,'comments changed from \"\" to \"Model significant market.\";',15,NULL,'2024-05-28 09:03:49',NULL,NULL,NULL,NULL),(32810,'people',100000854,'container changed from \"6078\" to \"6078\";',15,NULL,'2024-05-28 09:03:49',NULL,NULL,NULL,NULL),(32811,'people',100000849,'comments changed from \"\" to \"Pass ability.\";',18,NULL,'2024-05-28 09:03:49',NULL,NULL,NULL,NULL),(32812,'people',100000849,'container changed from \"6078\" to \"6078\";',18,NULL,'2024-05-28 09:03:49',NULL,NULL,NULL,NULL),(32813,'people',100000840,'comments changed from \"Hot nothing reflect relate.\" to \"Analysis public rule.\";',33,NULL,'2024-05-28 09:03:49',NULL,NULL,NULL,NULL),(32814,'people',100000840,'container changed from \"7854\" to \"7854\";',33,NULL,'2024-05-28 09:03:49',NULL,NULL,NULL,NULL),(32815,'people',100000827,'comments changed from \"\" to \"Top place.\";',10,NULL,'2024-05-28 09:03:49',NULL,NULL,NULL,NULL),(32816,'people',100000827,'container changed from \"1214\" to \"1214\";',10,NULL,'2024-05-28 09:03:49',NULL,NULL,NULL,NULL),(32817,'people',100000810,'comments changed from \"Name read street.\" to \"Key perhaps.\";',16,NULL,'2024-05-28 09:03:49',NULL,NULL,NULL,NULL),(32818,'people',100000810,'container changed from \"1329\" to \"1329\";',16,NULL,'2024-05-28 09:03:49',NULL,NULL,NULL,NULL),(32819,'people',100000849,'comments changed from \"Pass ability.\" to \"Five feel lawyer.\";',33,NULL,'2024-05-28 09:03:49',NULL,NULL,NULL,NULL),(32820,'people',100000849,'container changed from \"6078\" to \"6078\";',33,NULL,'2024-05-28 09:03:49',NULL,NULL,NULL,NULL),(32821,'people',100000837,'comments changed from \"\" to \"Couple sing.\";',11,NULL,'2024-05-28 09:03:49',NULL,NULL,NULL,NULL),(32822,'people',100000837,'container changed from \"7854\" to \"7854\";',11,NULL,'2024-05-28 09:03:49',NULL,NULL,NULL,NULL),(32823,'people',100000844,'comments changed from \"\" to \"Discover value their.\";',10,NULL,'2024-05-28 09:03:49',NULL,NULL,NULL,NULL),(32824,'people',100000844,'container changed from \"6039\" to \"6039\";',10,NULL,'2024-05-28 09:03:49',NULL,NULL,NULL,NULL),(32825,'people',100000859,'comments changed from \"\" to \"Letter administration.\";',17,NULL,'2024-05-28 09:03:49',NULL,NULL,NULL,NULL),(32826,'people',100000859,'container changed from \"7854\" to \"7854\";',17,NULL,'2024-05-28 09:03:49',NULL,NULL,NULL,NULL),(32827,'people',100000865,'comments changed from \"\" to \"Prove third mind.\";',16,NULL,'2024-05-28 09:03:49',NULL,NULL,NULL,NULL),(32828,'people',100000865,'container changed from \"8914\" to \"8914\";',16,NULL,'2024-05-28 09:03:49',NULL,NULL,NULL,NULL),(32829,'people',100000853,'comments changed from \"\" to \"Smile treat travel.\";',15,NULL,'2024-05-28 09:03:49',NULL,NULL,NULL,NULL),(32830,'people',100000853,'container changed from \"8914\" to \"8914\";',15,NULL,'2024-05-28 09:03:49',NULL,NULL,NULL,NULL),(32831,'people',100000852,'comments changed from \"\" to \"Race money.\";',18,NULL,'2024-05-28 09:03:49',NULL,NULL,NULL,NULL),(32832,'people',100000852,'container changed from \"6793\" to \"6793\";',18,NULL,'2024-05-28 09:03:49',NULL,NULL,NULL,NULL),(32833,'people',100000814,'comments changed from \"Culture total parent teacher.\" to \"Miss option.\";',33,NULL,'2024-05-28 09:03:49',NULL,NULL,NULL,NULL),(32834,'people',100000814,'container changed from \"2885\" to \"2885\";',33,NULL,'2024-05-28 09:03:49',NULL,NULL,NULL,NULL),(32835,'people',100000825,'comments changed from \"Enjoy I.\" to \"Off thing issue.\";',15,NULL,'2024-05-28 09:03:49',NULL,NULL,NULL,NULL),(32836,'people',100000825,'container changed from \"2359\" to \"2359\";',15,NULL,'2024-05-28 09:03:49',NULL,NULL,NULL,NULL),(32837,'people',100000852,'comments changed from \"Race money.\" to \"Culture prove.\";',33,NULL,'2024-05-28 09:03:49',NULL,NULL,NULL,NULL),(32838,'people',100000852,'container changed from \"6793\" to \"6793\";',33,NULL,'2024-05-28 09:03:49',NULL,NULL,NULL,NULL),(32839,'people',100000838,'comments changed from \"\" to \"Agency center.\";',10,NULL,'2024-05-28 09:03:49',NULL,NULL,NULL,NULL),(32840,'people',100000838,'container changed from \"8914\" to \"8914\";',10,NULL,'2024-05-28 09:03:49',NULL,NULL,NULL,NULL),(32841,'people',100000842,'comments changed from \"\" to \"He easy college.\";',18,NULL,'2024-05-28 09:03:49',NULL,NULL,NULL,NULL),(32842,'people',100000842,'container changed from \"6793\" to \"6793\";',18,NULL,'2024-05-28 09:03:49',NULL,NULL,NULL,NULL),(32843,'people',100000816,'comments changed from \"Reach hold phone.\" to \"Figure southern Congress.\";',18,NULL,'2024-05-28 09:03:49',NULL,NULL,NULL,NULL),(32844,'people',100000816,'container changed from \"6078\" to \"6078\";',18,NULL,'2024-05-28 09:03:49',NULL,NULL,NULL,NULL),(32845,'people',100000848,'comments changed from \"\" to \"Control two may.\";',18,NULL,'2024-05-28 09:03:49',NULL,NULL,NULL,NULL),(32846,'people',100000848,'container changed from \"8914\" to \"8914\";',18,NULL,'2024-05-28 09:03:49',NULL,NULL,NULL,NULL),(32847,'people',100000811,'comments changed from \"Pull though.\" to \"By to.\";',10,NULL,'2024-05-28 09:03:49',NULL,NULL,NULL,NULL),(32848,'people',100000811,'container changed from \"1329\" to \"1329\";',10,NULL,'2024-05-28 09:03:49',NULL,NULL,NULL,NULL),(32849,'people',100000800,'comments changed from \"Campaign society instead.\" to \"These he.\";',15,NULL,'2024-05-28 09:03:49',NULL,NULL,NULL,NULL),(32850,'people',100000800,'container changed from \"8272\" to \"8272\";',15,NULL,'2024-05-28 09:03:49',NULL,NULL,NULL,NULL),(32851,'people',100000799,'comments changed from \"Agent truth.\" to \"Teacher reveal.\";',31,NULL,'2024-05-28 09:03:49',NULL,NULL,NULL,NULL),(32852,'people',100000799,'container changed from \"9511\" to \"9511\";',31,NULL,'2024-05-28 09:03:49',NULL,NULL,NULL,NULL),(32853,'people',100000790,'comments changed from \"Air so whole.\" to \"Tree your.\";',16,NULL,'2024-05-28 09:03:49',NULL,NULL,NULL,NULL),(32854,'people',100000790,'container changed from \"3078\" to \"3078\";',16,NULL,'2024-05-28 09:03:49',NULL,NULL,NULL,NULL),(32855,'people',100000853,'comments changed from \"Smile treat travel.\" to \"Economic at.\";',15,NULL,'2024-05-28 09:03:49',NULL,NULL,NULL,NULL),(32856,'people',100000853,'container changed from \"8914\" to \"8914\";',15,NULL,'2024-05-28 09:03:49',NULL,NULL,NULL,NULL),(32857,'people',100000837,'comments changed from \"Couple sing.\" to \"Everyone.\";',33,NULL,'2024-05-28 09:03:49',NULL,NULL,NULL,NULL),(32858,'people',100000837,'container changed from \"7854\" to \"7854\";',33,NULL,'2024-05-28 09:03:49',NULL,NULL,NULL,NULL),(32859,'people',100000851,'comments changed from \"\" to \"Name be.\";',18,NULL,'2024-05-28 09:03:49',NULL,NULL,NULL,NULL),(32860,'people',100000851,'container changed from \"7854\" to \"7854\";',18,NULL,'2024-05-28 09:03:49',NULL,NULL,NULL,NULL),(32861,'people',100000854,'comments changed from \"Model significant market.\" to \"Response culture owner.\";',31,NULL,'2024-05-28 09:03:49',NULL,NULL,NULL,NULL),(32862,'people',100000854,'container changed from \"6078\" to \"6078\";',31,NULL,'2024-05-28 09:03:49',NULL,NULL,NULL,NULL),(32863,'people',100000820,'comments changed from \"Thought big minute rest.\" to \"Behavior partner glass.\";',33,NULL,'2024-05-28 09:03:49',NULL,NULL,NULL,NULL),(32864,'people',100000820,'container changed from \"1214\" to \"1214\";',33,NULL,'2024-05-28 09:03:49',NULL,NULL,NULL,NULL),(32865,'people',100000803,'comments changed from \"Write assume.\" to \"Thank whose.\";',16,NULL,'2024-05-28 09:03:49',NULL,NULL,NULL,NULL),(32866,'people',100000803,'container changed from \"6153\" to \"6153\";',16,NULL,'2024-05-28 09:03:49',NULL,NULL,NULL,NULL),(32867,'people',100000851,'comments changed from \"Name be.\" to \"Smile stuff.\";',17,NULL,'2024-05-28 09:03:49',NULL,NULL,NULL,NULL),(32868,'people',100000851,'container changed from \"7854\" to \"7854\";',17,NULL,'2024-05-28 09:03:49',NULL,NULL,NULL,NULL),(32869,'people',100000843,'comments changed from \"\" to \"Economy soldier pick.\";',33,NULL,'2024-05-28 09:03:49',NULL,NULL,NULL,NULL),(32870,'people',100000843,'container changed from \"8338\" to \"8338\";',33,NULL,'2024-05-28 09:03:49',NULL,NULL,NULL,NULL),(32871,'people',100000809,'comments changed from \"Bill nothing.\" to \"Statement four action.\";',18,NULL,'2024-05-28 09:03:49',NULL,NULL,NULL,NULL),(32872,'people',100000809,'container changed from \"6039\" to \"6039\";',18,NULL,'2024-05-28 09:03:49',NULL,NULL,NULL,NULL),(32873,'people',100000839,'comments changed from \"It sometimes.\" to \"Add adult.\";',18,NULL,'2024-05-28 09:03:49',NULL,NULL,NULL,NULL),(32874,'people',100000839,'container changed from \"8338\" to \"8338\";',18,NULL,'2024-05-28 09:03:49',NULL,NULL,NULL,NULL),(32875,'people',100000863,'comments changed from \"\" to \"Physical life.\";',33,NULL,'2024-05-28 09:03:49',NULL,NULL,NULL,NULL),(32876,'people',100000863,'container changed from \"2359\" to \"2359\";',33,NULL,'2024-05-28 09:03:49',NULL,NULL,NULL,NULL),(32877,'people',100000831,'comments changed from \"\" to \"Team reach network.\";',18,NULL,'2024-05-28 09:03:49',NULL,NULL,NULL,NULL),(32878,'people',100000831,'container changed from \"7854\" to \"7854\";',18,NULL,'2024-05-28 09:03:49',NULL,NULL,NULL,NULL),(32879,'people',100000864,'comments changed from \"\" to \"Address group.\";',31,NULL,'2024-05-28 09:03:49',NULL,NULL,NULL,NULL),(32880,'people',100000864,'container changed from \"2885\" to \"2885\";',31,NULL,'2024-05-28 09:03:49',NULL,NULL,NULL,NULL),(32881,'people',100000815,'lastname changed from \"Morrow\" to \"Morrower\";',16,NULL,'2024-05-28 09:03:49',NULL,NULL,NULL,NULL),(32882,'people',100000815,'container changed from \"2885\" to \"2885\";',16,NULL,'2024-05-28 09:03:49',NULL,NULL,NULL,NULL),(32883,'people',100000788,'lastname changed from \"Mathis\" to \"Mathiser\";',33,NULL,'2024-05-28 09:03:49',NULL,NULL,NULL,NULL),(32884,'people',100000788,'container changed from \"9293\" to \"9293\";',33,NULL,'2024-05-28 09:03:49',NULL,NULL,NULL,NULL),(32885,'people',100000794,'lastname changed from \"Todd\" to \"Todder\";',17,NULL,'2024-05-28 09:03:49',NULL,NULL,NULL,NULL),(32886,'people',100000794,'container changed from \"8038\" to \"8038\";',17,NULL,'2024-05-28 09:03:49',NULL,NULL,NULL,NULL),(32887,'people',100000834,'lastname changed from \"Smith\" to \"Smither\";',10,NULL,'2024-05-28 09:03:49',NULL,NULL,NULL,NULL),(32888,'people',100000834,'container changed from \"1329\" to \"1329\";',10,NULL,'2024-05-28 09:03:49',NULL,NULL,NULL,NULL),(32889,'people',100000796,'lastname changed from \"Curry\" to \"Curryer\";',18,NULL,'2024-05-28 09:03:49',NULL,NULL,NULL,NULL),(32890,'people',100000796,'container changed from \"3024\" to \"3024\";',18,NULL,'2024-05-28 09:03:49',NULL,NULL,NULL,NULL),(32891,'people',100000853,'lastname changed from \"Thornton\" to \"Thorntoner\";',15,NULL,'2024-05-28 09:03:49',NULL,NULL,NULL,NULL),(32892,'people',100000853,'container changed from \"8914\" to \"8914\";',15,NULL,'2024-05-28 09:03:49',NULL,NULL,NULL,NULL),(32893,'people',100000831,'lastname changed from \"Branch\" to \"Brancher\";',16,NULL,'2024-05-28 09:03:50',NULL,NULL,NULL,NULL),(32894,'people',100000831,'container changed from \"7854\" to \"7854\";',16,NULL,'2024-05-28 09:03:50',NULL,NULL,NULL,NULL),(32895,'people',100000810,'lastname changed from \"Smith\" to \"Smither\";',11,NULL,'2024-05-28 09:03:50',NULL,NULL,NULL,NULL),(32896,'people',100000810,'container changed from \"1329\" to \"1329\";',11,NULL,'2024-05-28 09:03:50',NULL,NULL,NULL,NULL),(32897,'people',100000828,'lastname changed from \"Larsen\" to \"Larsener\";',18,NULL,'2024-05-28 09:03:50',NULL,NULL,NULL,NULL),(32898,'people',100000828,'container changed from \"6039\" to \"6039\";',18,NULL,'2024-05-28 09:03:50',NULL,NULL,NULL,NULL),(32899,'people',100000808,'lastname changed from \"Larsen\" to \"Larsener\";',17,NULL,'2024-05-28 09:03:50',NULL,NULL,NULL,NULL),(32900,'people',100000808,'container changed from \"6039\" to \"6039\";',17,NULL,'2024-05-28 09:03:50',NULL,NULL,NULL,NULL),(32901,'people',100000798,'lastname changed from \"Smith\" to \"Smither\";',16,NULL,'2024-05-28 09:03:50',NULL,NULL,NULL,NULL),(32902,'people',100000798,'container changed from \"1348\" to \"1348\";',16,NULL,'2024-05-28 09:03:50',NULL,NULL,NULL,NULL),(32903,'people',100000817,'lastname changed from \"Blake\" to \"Blakeer\";',18,NULL,'2024-05-28 09:03:50',NULL,NULL,NULL,NULL),(32904,'people',100000817,'container changed from \"6078\" to \"6078\";',18,NULL,'2024-05-28 09:03:50',NULL,NULL,NULL,NULL),(32905,'people',100000862,'lastname changed from \"Anderson\" to \"Andersoner\";',11,NULL,'2024-05-28 09:03:50',NULL,NULL,NULL,NULL),(32906,'people',100000862,'container changed from \"6078\" to \"6078\";',11,NULL,'2024-05-28 09:03:50',NULL,NULL,NULL,NULL),(32907,'people',100000844,'lastname changed from \"Larsen\" to \"Larsener\";',18,NULL,'2024-05-28 09:03:50',NULL,NULL,NULL,NULL),(32908,'people',100000844,'container changed from \"6039\" to \"6039\";',18,NULL,'2024-05-28 09:03:50',NULL,NULL,NULL,NULL),(32909,'people',100000826,'lastname changed from \"Cooper\" to \"Cooperer\";',15,NULL,'2024-05-28 09:03:50',NULL,NULL,NULL,NULL),(32910,'people',100000826,'container changed from \"8338\" to \"8338\";',15,NULL,'2024-05-28 09:03:50',NULL,NULL,NULL,NULL),(32911,'people',100000811,'lastname changed from \"Ward\" to \"Warder\";',33,NULL,'2024-05-28 09:03:50',NULL,NULL,NULL,NULL),(32912,'people',100000811,'container changed from \"1329\" to \"1329\";',33,NULL,'2024-05-28 09:03:50',NULL,NULL,NULL,NULL),(32913,'people',100000813,'lastname changed from \"Morales\" to \"Moraleser\";',16,NULL,'2024-05-28 09:03:50',NULL,NULL,NULL,NULL),(32914,'people',100000813,'container changed from \"8338\" to \"8338\";',16,NULL,'2024-05-28 09:03:50',NULL,NULL,NULL,NULL),(32915,'people',100000821,'lastname changed from \"Lynch\" to \"Lyncher\";',18,NULL,'2024-05-28 09:03:50',NULL,NULL,NULL,NULL),(32916,'people',100000821,'container changed from \"1214\" to \"1214\";',18,NULL,'2024-05-28 09:03:50',NULL,NULL,NULL,NULL),(32917,'people',100000798,'lastname changed from \"Smither\" to \"Smitherer\";',31,NULL,'2024-05-28 09:03:50',NULL,NULL,NULL,NULL),(32918,'people',100000798,'container changed from \"1348\" to \"1348\";',31,NULL,'2024-05-28 09:03:50',NULL,NULL,NULL,NULL),(32919,'people',100000786,'lastname changed from \"Cummings\" to \"Cummingser\";',15,NULL,'2024-05-28 09:03:50',NULL,NULL,NULL,NULL),(32920,'people',100000786,'container changed from \"9578\" to \"9578\";',15,NULL,'2024-05-28 09:03:50',NULL,NULL,NULL,NULL),(32921,'people',100000828,'lastname changed from \"Larsener\" to \"Larsenerer\";',31,NULL,'2024-05-28 09:03:50',NULL,NULL,NULL,NULL),(32922,'people',100000828,'container changed from \"6039\" to \"6039\";',31,NULL,'2024-05-28 09:03:50',NULL,NULL,NULL,NULL),(32923,'people',100000848,'lastname changed from \"Thornton\" to \"Thorntoner\";',16,NULL,'2024-05-28 09:03:50',NULL,NULL,NULL,NULL),(32924,'people',100000848,'container changed from \"8914\" to \"8914\";',16,NULL,'2024-05-28 09:03:50',NULL,NULL,NULL,NULL),(32925,'people',100000787,'lastname changed from \"Edwards\" to \"Edwardser\";',17,NULL,'2024-05-28 09:03:50',NULL,NULL,NULL,NULL),(32926,'people',100000787,'container changed from \"8596\" to \"8596\";',17,NULL,'2024-05-28 09:03:50',NULL,NULL,NULL,NULL),(32927,'people',100000839,'lastname changed from \"Cooper\" to \"Cooperer\";',33,NULL,'2024-05-28 09:03:50',NULL,NULL,NULL,NULL),(32928,'people',100000839,'container changed from \"8338\" to \"8338\";',33,NULL,'2024-05-28 09:03:50',NULL,NULL,NULL,NULL),(32929,'people',100000835,'lastname changed from \"Hill\" to \"Hiller\";',31,NULL,'2024-05-28 09:03:50',NULL,NULL,NULL,NULL),(32930,'people',100000835,'container changed from \"1214\" to \"1214\";',31,NULL,'2024-05-28 09:03:50',NULL,NULL,NULL,NULL),(32931,'people',100000793,'lastname changed from \"Frey\" to \"Freyer\";',15,NULL,'2024-05-28 09:03:50',NULL,NULL,NULL,NULL),(32932,'people',100000793,'container changed from \"2958\" to \"2958\";',15,NULL,'2024-05-28 09:03:50',NULL,NULL,NULL,NULL),(32933,'people',100000794,'lastname changed from \"Todder\" to \"Todderer\";',15,NULL,'2024-05-28 09:03:50',NULL,NULL,NULL,NULL),(32934,'people',100000794,'container changed from \"8038\" to \"8038\";',15,NULL,'2024-05-28 09:03:50',NULL,NULL,NULL,NULL),(32935,'people',100000844,'lastname changed from \"Larsener\" to \"Larsenerer\";',16,NULL,'2024-05-28 09:03:50',NULL,NULL,NULL,NULL),(32936,'people',100000844,'container changed from \"6039\" to \"6039\";',16,NULL,'2024-05-28 09:03:50',NULL,NULL,NULL,NULL),(32937,'people',100000855,'lastname changed from \"Watkins\" to \"Watkinser\";',15,NULL,'2024-05-28 09:03:50',NULL,NULL,NULL,NULL),(32938,'people',100000855,'container changed from \"2885\" to \"2885\";',15,NULL,'2024-05-28 09:03:50',NULL,NULL,NULL,NULL),(32939,'people',100000837,'lastname changed from \"Branch\" to \"Brancher\";',15,NULL,'2024-05-28 09:03:50',NULL,NULL,NULL,NULL),(32940,'people',100000837,'container changed from \"7854\" to \"7854\";',15,NULL,'2024-05-28 09:03:50',NULL,NULL,NULL,NULL),(32941,'people',100000838,'lastname changed from \"Thornton\" to \"Thorntoner\";',10,NULL,'2024-05-28 09:03:50',NULL,NULL,NULL,NULL),(32942,'people',100000838,'container changed from \"8914\" to \"8914\";',10,NULL,'2024-05-28 09:03:50',NULL,NULL,NULL,NULL),(32943,'people',100000819,'lastname changed from \"Miller\" to \"Millerer\";',18,NULL,'2024-05-28 09:03:50',NULL,NULL,NULL,NULL),(32944,'people',100000819,'container changed from \"6793\" to \"6793\";',18,NULL,'2024-05-28 09:03:50',NULL,NULL,NULL,NULL),(32945,'people',100000846,'lastname changed from \"Hill\" to \"Hiller\";',16,NULL,'2024-05-28 09:03:50',NULL,NULL,NULL,NULL),(32946,'people',100000846,'container changed from \"1214\" to \"1214\";',16,NULL,'2024-05-28 09:03:50',NULL,NULL,NULL,NULL),(32947,'people',100000847,'lastname changed from \"Cooper\" to \"Cooperer\";',10,NULL,'2024-05-28 09:03:50',NULL,NULL,NULL,NULL),(32948,'people',100000847,'container changed from \"8338\" to \"8338\";',10,NULL,'2024-05-28 09:03:50',NULL,NULL,NULL,NULL),(32949,'people',100000788,'lastname changed from \"Mathiser\" to \"Mathiserer\";',10,NULL,'2024-05-28 09:03:50',NULL,NULL,NULL,NULL),(32950,'people',100000788,'container changed from \"9293\" to \"9293\";',10,NULL,'2024-05-28 09:03:50',NULL,NULL,NULL,NULL),(32951,'people',100000829,'lastname changed from \"Clark\" to \"Clarker\";',17,NULL,'2024-05-28 09:03:50',NULL,NULL,NULL,NULL),(32952,'people',100000829,'container changed from \"2359\" to \"2359\";',17,NULL,'2024-05-28 09:03:50',NULL,NULL,NULL,NULL),(32953,'people',100000852,'lastname changed from \"Jackson\" to \"Jacksoner\";',15,NULL,'2024-05-28 09:03:50',NULL,NULL,NULL,NULL),(32954,'people',100000852,'container changed from \"6793\" to \"6793\";',15,NULL,'2024-05-28 09:03:50',NULL,NULL,NULL,NULL),(32955,'people',100000860,'lastname changed from \"Thornton\" to \"Thorntoner\";',15,NULL,'2024-05-28 09:03:50',NULL,NULL,NULL,NULL),(32956,'people',100000860,'container changed from \"8914\" to \"8914\";',15,NULL,'2024-05-28 09:03:50',NULL,NULL,NULL,NULL),(32957,'people',100000858,'lastname changed from \"Watkins\" to \"Watkinser\";',33,NULL,'2024-05-28 09:03:50',NULL,NULL,NULL,NULL),(32958,'people',100000858,'container changed from \"2885\" to \"2885\";',33,NULL,'2024-05-28 09:03:50',NULL,NULL,NULL,NULL),(32959,'people',100000793,'lastname changed from \"Freyer\" to \"Freyerer\";',10,NULL,'2024-05-28 09:03:50',NULL,NULL,NULL,NULL),(32960,'people',100000793,'container changed from \"2958\" to \"2958\";',10,NULL,'2024-05-28 09:03:50',NULL,NULL,NULL,NULL),(32961,'people',100000819,'Record deleted',10,NULL,'2024-05-28 09:03:50',NULL,NULL,NULL,NULL),(32962,'people',100000825,'Record deleted',10,NULL,'2024-05-28 09:03:50',NULL,NULL,NULL,NULL),(32963,'people',100000866,'Record created',17,NULL,'2024-05-28 09:03:50',NULL,NULL,NULL,NULL),(32964,'people',100000867,'Record created',16,NULL,'2024-05-28 09:03:50',NULL,NULL,NULL,NULL),(32965,'people',100000868,'Record created',17,NULL,'2024-05-28 09:03:50',NULL,NULL,NULL,NULL),(32966,'people',100000869,'Record created',32,NULL,'2024-05-28 09:03:50',NULL,NULL,NULL,NULL),(32967,'people',100000870,'Record created',34,NULL,'2024-05-28 09:03:50',NULL,NULL,NULL,NULL),(32968,'people',100000871,'Record created',12,NULL,'2024-05-28 09:03:50',NULL,NULL,NULL,NULL),(32969,'people',100000872,'Record created',17,NULL,'2024-05-28 09:03:50',NULL,NULL,NULL,NULL),(32970,'people',100000873,'Record created',32,NULL,'2024-05-28 09:03:51',NULL,NULL,NULL,NULL),(32971,'people',100000874,'Record created',16,NULL,'2024-05-28 09:03:51',NULL,NULL,NULL,NULL),(32972,'people',100000875,'Record created',34,NULL,'2024-05-28 09:03:51',NULL,NULL,NULL,NULL),(32973,'people',100000876,'Record created',10,NULL,'2024-05-28 09:03:51',NULL,NULL,NULL,NULL),(32974,'people',100000877,'Record created',16,NULL,'2024-05-28 09:03:51',NULL,NULL,NULL,NULL),(32975,'people',100000878,'Record created',17,NULL,'2024-05-28 09:03:51',NULL,NULL,NULL,NULL),(32976,'people',100000879,'Record created',10,NULL,'2024-05-28 09:03:51',NULL,NULL,NULL,NULL),(32977,'people',100000880,'Record created',34,NULL,'2024-05-28 09:03:51',NULL,NULL,NULL,NULL),(32978,'people',100000881,'Record created',12,NULL,'2024-05-28 09:03:51',NULL,NULL,NULL,NULL),(32979,'people',100000882,'Record created',10,NULL,'2024-05-28 09:03:51',NULL,NULL,NULL,NULL),(32980,'people',100000883,'Record created',18,NULL,'2024-05-28 09:03:51',NULL,NULL,NULL,NULL),(32981,'people',100000884,'Record created',10,NULL,'2024-05-28 09:03:51',NULL,NULL,NULL,NULL),(32982,'people',100000885,'Record created',15,NULL,'2024-05-28 09:03:51',NULL,NULL,NULL,NULL),(32983,'people',100000886,'Record created',15,NULL,'2024-05-28 09:03:51',NULL,NULL,NULL,NULL),(32984,'people',100000887,'Record created',12,NULL,'2024-05-28 09:03:51',NULL,NULL,NULL,NULL),(32985,'people',100000888,'Record created',16,NULL,'2024-05-28 09:03:51',NULL,NULL,NULL,NULL),(32986,'people',100000889,'Record created',32,NULL,'2024-05-28 09:03:51',NULL,NULL,NULL,NULL),(32987,'people',100000890,'Record created',32,NULL,'2024-05-28 09:03:51',NULL,NULL,NULL,NULL),(32988,'people',100000891,'Record created',10,NULL,'2024-05-28 09:03:51',NULL,NULL,NULL,NULL),(32989,'people',100000892,'Record created',10,NULL,'2024-05-28 09:03:51',NULL,NULL,NULL,NULL),(32990,'people',100000893,'Record created',18,NULL,'2024-05-28 09:03:51',NULL,NULL,NULL,NULL),(32991,'people',100000894,'Record created',34,NULL,'2024-05-28 09:03:51',NULL,NULL,NULL,NULL),(32992,'people',100000895,'Record created',34,NULL,'2024-05-28 09:03:51',NULL,NULL,NULL,NULL),(32993,'people',100000896,'Record created',18,NULL,'2024-05-28 09:03:51',NULL,NULL,NULL,NULL),(32994,'people',100000897,'Record created',34,NULL,'2024-05-28 09:03:51',NULL,NULL,NULL,NULL),(32995,'people',100000898,'Record created',10,NULL,'2024-05-28 09:03:51',NULL,NULL,NULL,NULL),(32996,'people',100000899,'Record created',34,NULL,'2024-05-28 09:03:51',NULL,NULL,NULL,NULL),(32997,'people',100000900,'Record created',15,NULL,'2024-05-28 09:03:51',NULL,NULL,NULL,NULL),(32998,'people',100000901,'Record created',15,NULL,'2024-05-28 09:03:51',NULL,NULL,NULL,NULL),(32999,'people',100000902,'Record created',15,NULL,'2024-05-28 09:03:51',NULL,NULL,NULL,NULL),(33000,'people',100000903,'Record created',32,NULL,'2024-05-28 09:03:51',NULL,NULL,NULL,NULL),(33001,'people',100000904,'Record created',12,NULL,'2024-05-28 09:03:51',NULL,NULL,NULL,NULL),(33002,'people',100000905,'Record created',32,NULL,'2024-05-28 09:03:51',NULL,NULL,NULL,NULL),(33003,'people',100000906,'Record created',34,NULL,'2024-05-28 09:03:51',NULL,NULL,NULL,NULL),(33004,'people',100000907,'Record created',15,NULL,'2024-05-28 09:03:51',NULL,NULL,NULL,NULL),(33005,'people',100000908,'Record created',16,NULL,'2024-05-28 09:03:51',NULL,NULL,NULL,NULL),(33006,'people',100000909,'Record created',17,NULL,'2024-05-28 09:03:51',NULL,NULL,NULL,NULL),(33007,'people',100000910,'Record created',32,NULL,'2024-05-28 09:03:51',NULL,NULL,NULL,NULL),(33008,'people',100000911,'Record created',32,NULL,'2024-05-28 09:03:51',NULL,NULL,NULL,NULL),(33009,'people',100000912,'Record created',18,NULL,'2024-05-28 09:03:51',NULL,NULL,NULL,NULL),(33010,'people',100000913,'Record created',16,NULL,'2024-05-28 09:03:51',NULL,NULL,NULL,NULL),(33011,'people',100000914,'Record created',34,NULL,'2024-05-28 09:03:51',NULL,NULL,NULL,NULL),(33012,'people',100000915,'Record created',15,NULL,'2024-05-28 09:03:51',NULL,NULL,NULL,NULL),(33013,'people',100000916,'Record created',12,NULL,'2024-05-28 09:03:51',NULL,NULL,NULL,NULL),(33014,'people',100000917,'Record created',34,NULL,'2024-05-28 09:03:51',NULL,NULL,NULL,NULL),(33015,'people',100000918,'Record created',34,NULL,'2024-05-28 09:03:51',NULL,NULL,NULL,NULL),(33016,'people',100000919,'Record created',34,NULL,'2024-05-28 09:03:51',NULL,NULL,NULL,NULL),(33017,'people',100000920,'Record created',17,NULL,'2024-05-28 09:03:51',NULL,NULL,NULL,NULL),(33018,'people',100000921,'Record created',16,NULL,'2024-05-28 09:03:51',NULL,NULL,NULL,NULL),(33019,'people',100000922,'Record created',32,NULL,'2024-05-28 09:03:51',NULL,NULL,NULL,NULL),(33020,'people',100000923,'Record created',16,NULL,'2024-05-28 09:03:51',NULL,NULL,NULL,NULL),(33021,'people',100000924,'Record created',34,NULL,'2024-05-28 09:03:51',NULL,NULL,NULL,NULL),(33022,'people',100000925,'Record created',12,NULL,'2024-05-28 09:03:51',NULL,NULL,NULL,NULL),(33023,'people',100000926,'Record created',17,NULL,'2024-05-28 09:03:51',NULL,NULL,NULL,NULL),(33024,'people',100000927,'Record created',18,NULL,'2024-05-28 09:03:51',NULL,NULL,NULL,NULL),(33025,'people',100000928,'Record created',15,NULL,'2024-05-28 09:03:51',NULL,NULL,NULL,NULL),(33026,'people',100000929,'Record created',32,NULL,'2024-05-28 09:03:51',NULL,NULL,NULL,NULL),(33027,'people',100000930,'Record created',17,NULL,'2024-05-28 09:03:51',NULL,NULL,NULL,NULL),(33028,'people',100000931,'Record created',16,NULL,'2024-05-28 09:03:51',NULL,NULL,NULL,NULL),(33029,'people',100000932,'Record created',12,NULL,'2024-05-28 09:03:51',NULL,NULL,NULL,NULL),(33030,'people',100000933,'Record created',32,NULL,'2024-05-28 09:03:51',NULL,NULL,NULL,NULL),(33031,'people',100000934,'Record created',12,NULL,'2024-05-28 09:03:51',NULL,NULL,NULL,NULL),(33032,'people',100000935,'Record created',12,NULL,'2024-05-28 09:03:51',NULL,NULL,NULL,NULL),(33033,'people',100000936,'Record created',15,NULL,'2024-05-28 09:03:51',NULL,NULL,NULL,NULL),(33034,'people',100000937,'Record created',15,NULL,'2024-05-28 09:03:51',NULL,NULL,NULL,NULL),(33035,'people',100000938,'Record created',16,NULL,'2024-05-28 09:03:52',NULL,NULL,NULL,NULL),(33036,'people',100000939,'Record created',34,NULL,'2024-05-28 09:03:52',NULL,NULL,NULL,NULL),(33037,'people',100000940,'Record created',32,NULL,'2024-05-28 09:03:52',NULL,NULL,NULL,NULL),(33038,'people',100000941,'Record created',16,NULL,'2024-05-28 09:03:52',NULL,NULL,NULL,NULL),(33039,'people',100000942,'Record created',17,NULL,'2024-05-28 09:03:52',NULL,NULL,NULL,NULL),(33040,'people',100000943,'Record created',34,NULL,'2024-05-28 09:03:52',NULL,NULL,NULL,NULL),(33041,'people',100000944,'Record created',10,NULL,'2024-05-28 09:03:52',NULL,NULL,NULL,NULL),(33042,'people',100000945,'Record created',34,NULL,'2024-05-28 09:03:52',NULL,NULL,NULL,NULL),(33043,'people',100000912,'container changed from \"3921\" to \"3921\";',34,NULL,'2024-05-28 09:03:52',NULL,NULL,NULL,NULL),(33044,'people',100000876,'notregistered',32,NULL,'2024-05-28 09:03:52',1,0,NULL,NULL),(33045,'people',100000876,'container changed from \"1394\" to \"1394\";',32,NULL,'2024-05-28 09:03:52',NULL,NULL,NULL,NULL),(33046,'people',100000920,'notregistered',15,NULL,'2024-05-28 09:03:52',1,0,NULL,NULL),(33047,'people',100000920,'container changed from \"6729\" to \"6729\";',15,NULL,'2024-05-28 09:03:52',NULL,NULL,NULL,NULL),(33048,'people',100000925,'notregistered',10,NULL,'2024-05-28 09:03:52',1,0,NULL,NULL),(33049,'people',100000925,'container changed from \"2778\" to \"2778\";',10,NULL,'2024-05-28 09:03:52',NULL,NULL,NULL,NULL),(33050,'people',100000924,'notregistered',18,NULL,'2024-05-28 09:03:52',1,0,NULL,NULL),(33051,'people',100000924,'container changed from \"2719\" to \"2719\";',18,NULL,'2024-05-28 09:03:52',NULL,NULL,NULL,NULL),(33052,'people',100000895,'notregistered',15,NULL,'2024-05-28 09:03:52',1,0,NULL,NULL),(33053,'people',100000895,'container changed from \"2778\" to \"2778\";',15,NULL,'2024-05-28 09:03:52',NULL,NULL,NULL,NULL),(33054,'people',100000885,'container changed from \"9840\" to \"9840\";',15,NULL,'2024-05-28 09:03:52',NULL,NULL,NULL,NULL),(33055,'people',100000890,'container changed from \"6639\" to \"6639\";',32,NULL,'2024-05-28 09:03:52',NULL,NULL,NULL,NULL),(33056,'people',100000893,'container changed from \"4493\" to \"4493\";',17,NULL,'2024-05-28 09:03:52',NULL,NULL,NULL,NULL),(33057,'people',100000869,'notregistered',10,NULL,'2024-05-28 09:03:52',1,0,NULL,NULL),(33058,'people',100000869,'container changed from \"4934\" to \"4934\";',10,NULL,'2024-05-28 09:03:52',NULL,NULL,NULL,NULL),(33059,'people',100000895,'container changed from \"2778\" to \"2778\";',10,NULL,'2024-05-28 09:03:52',NULL,NULL,NULL,NULL),(33060,'people',100000926,'notregistered',34,NULL,'2024-05-28 09:03:52',1,0,NULL,NULL),(33061,'people',100000926,'container changed from \"3921\" to \"3921\";',34,NULL,'2024-05-28 09:03:52',NULL,NULL,NULL,NULL),(33062,'people',100000875,'notregistered',34,NULL,'2024-05-28 09:03:52',1,0,NULL,NULL),(33063,'people',100000875,'container changed from \"3680\" to \"3680\";',34,NULL,'2024-05-28 09:03:52',NULL,NULL,NULL,NULL),(33064,'people',100000900,'notregistered',17,NULL,'2024-05-28 09:03:52',1,0,NULL,NULL),(33065,'people',100000900,'container changed from \"6108\" to \"6108\";',17,NULL,'2024-05-28 09:03:52',NULL,NULL,NULL,NULL),(33066,'people',100000899,'container changed from \"2719\" to \"2719\";',12,NULL,'2024-05-28 09:03:52',NULL,NULL,NULL,NULL),(33067,'people',100000945,'notregistered',10,NULL,'2024-05-28 09:03:52',1,0,NULL,NULL),(33068,'people',100000945,'container changed from \"6729\" to \"6729\";',10,NULL,'2024-05-28 09:03:52',NULL,NULL,NULL,NULL),(33069,'people',100000940,'container changed from \"6138\" to \"6138\";',16,NULL,'2024-05-28 09:03:52',NULL,NULL,NULL,NULL),(33070,'people',100000920,'container changed from \"6729\" to \"6729\";',32,NULL,'2024-05-28 09:03:52',NULL,NULL,NULL,NULL),(33071,'people',100000888,'notregistered',12,NULL,'2024-05-28 09:03:52',1,0,NULL,NULL),(33072,'people',100000888,'container changed from \"6729\" to \"6729\";',12,NULL,'2024-05-28 09:03:52',NULL,NULL,NULL,NULL),(33073,'people',100000944,'notregistered',34,NULL,'2024-05-28 09:03:52',1,0,NULL,NULL),(33074,'people',100000944,'container changed from \"6729\" to \"6729\";',34,NULL,'2024-05-28 09:03:52',NULL,NULL,NULL,NULL),(33075,'people',100000912,'container changed from \"3921\" to \"3921\";',15,NULL,'2024-05-28 09:03:52',NULL,NULL,NULL,NULL),(33076,'people',100000866,'container changed from \"2174\" to \"2174\";',32,NULL,'2024-05-28 09:03:52',NULL,NULL,NULL,NULL),(33077,'people',100000931,'container changed from \"4493\" to \"4493\";',12,NULL,'2024-05-28 09:03:52',NULL,NULL,NULL,NULL),(33078,'people',100000926,'container changed from \"3921\" to \"3921\";',12,NULL,'2024-05-28 09:03:52',NULL,NULL,NULL,NULL),(33079,'people',100000879,'container changed from \"2653\" to \"2653\";',17,NULL,'2024-05-28 09:03:52',NULL,NULL,NULL,NULL),(33080,'people',100000886,'notregistered',10,NULL,'2024-05-28 09:03:52',1,0,NULL,NULL),(33081,'people',100000886,'container changed from \"3921\" to \"3921\";',10,NULL,'2024-05-28 09:03:52',NULL,NULL,NULL,NULL),(33082,'people',100000942,'notregistered',18,NULL,'2024-05-28 09:03:52',1,0,NULL,NULL),(33083,'people',100000942,'container changed from \"6108\" to \"6108\";',18,NULL,'2024-05-28 09:03:52',NULL,NULL,NULL,NULL),(33084,'people',100000898,'notregistered',10,NULL,'2024-05-28 09:03:52',1,0,NULL,NULL),(33085,'people',100000898,'container changed from \"2719\" to \"2719\";',10,NULL,'2024-05-28 09:03:52',NULL,NULL,NULL,NULL),(33086,'people',100000883,'notregistered',16,NULL,'2024-05-28 09:03:52',1,0,NULL,NULL),(33087,'people',100000883,'container changed from \"4888\" to \"4888\";',16,NULL,'2024-05-28 09:03:52',NULL,NULL,NULL,NULL),(33088,'people',100000868,'container changed from \"6111\" to \"6111\";',16,NULL,'2024-05-28 09:03:52',NULL,NULL,NULL,NULL),(33089,'people',100000943,'container changed from \"6108\" to \"6108\";',15,NULL,'2024-05-28 09:03:52',NULL,NULL,NULL,NULL),(33090,'people',100000937,'notregistered',32,NULL,'2024-05-28 09:03:52',1,0,NULL,NULL),(33091,'people',100000937,'container changed from \"3631\" to \"3631\";',32,NULL,'2024-05-28 09:03:52',NULL,NULL,NULL,NULL),(33092,'people',100000927,'container changed from \"3631\" to \"3631\";',12,NULL,'2024-05-28 09:03:52',NULL,NULL,NULL,NULL),(33093,'people',100000917,'container changed from \"6639\" to \"6639\";',10,NULL,'2024-05-28 09:03:52',NULL,NULL,NULL,NULL),(33094,'people',100000930,'notregistered',16,NULL,'2024-05-28 09:03:53',1,0,NULL,NULL),(33095,'people',100000930,'container changed from \"6639\" to \"6639\";',16,NULL,'2024-05-28 09:03:53',NULL,NULL,NULL,NULL),(33096,'people',100000866,'container changed from \"2174\" to \"2174\";',12,NULL,'2024-05-28 09:03:53',NULL,NULL,NULL,NULL),(33097,'people',100000886,'container changed from \"3921\" to \"3921\";',17,NULL,'2024-05-28 09:03:53',NULL,NULL,NULL,NULL),(33098,'people',100000895,'container changed from \"2778\" to \"2778\";',16,NULL,'2024-05-28 09:03:53',NULL,NULL,NULL,NULL),(33099,'people',100000943,'container changed from \"6108\" to \"6108\";',16,NULL,'2024-05-28 09:03:53',NULL,NULL,NULL,NULL),(33100,'people',100000938,'notregistered',17,NULL,'2024-05-28 09:03:53',1,0,NULL,NULL),(33101,'people',100000938,'container changed from \"4493\" to \"4493\";',17,NULL,'2024-05-28 09:03:53',NULL,NULL,NULL,NULL),(33102,'people',100000905,'volunteer',17,NULL,'2024-05-28 09:03:53',1,0,NULL,NULL),(33103,'people',100000905,'container changed from \"6138\" to \"6138\";',17,NULL,'2024-05-28 09:03:53',NULL,NULL,NULL,NULL),(33104,'people',100000921,'volunteer',10,NULL,'2024-05-28 09:03:53',0,1,NULL,NULL),(33105,'people',100000921,'container changed from \"6138\" to \"6138\";',10,NULL,'2024-05-28 09:03:53',NULL,NULL,NULL,NULL),(33106,'people',100000879,'volunteer',16,NULL,'2024-05-28 09:03:53',1,0,NULL,NULL),(33107,'people',100000879,'container changed from \"2653\" to \"2653\";',16,NULL,'2024-05-28 09:03:53',NULL,NULL,NULL,NULL),(33108,'people',100000931,'volunteer',32,NULL,'2024-05-28 09:03:53',0,1,NULL,NULL),(33109,'people',100000931,'container changed from \"4493\" to \"4493\";',32,NULL,'2024-05-28 09:03:53',NULL,NULL,NULL,NULL),(33110,'people',100000881,'volunteer',32,NULL,'2024-05-28 09:03:53',1,0,NULL,NULL),(33111,'people',100000881,'container changed from \"6963\" to \"6963\";',32,NULL,'2024-05-28 09:03:53',NULL,NULL,NULL,NULL),(33112,'people',100000900,'volunteer',12,NULL,'2024-05-28 09:03:53',0,1,NULL,NULL),(33113,'people',100000900,'container changed from \"6108\" to \"6108\";',12,NULL,'2024-05-28 09:03:53',NULL,NULL,NULL,NULL),(33114,'people',100000893,'volunteer',10,NULL,'2024-05-28 09:03:53',1,0,NULL,NULL),(33115,'people',100000893,'container changed from \"4493\" to \"4493\";',10,NULL,'2024-05-28 09:03:53',NULL,NULL,NULL,NULL),(33116,'people',100000913,'volunteer',10,NULL,'2024-05-28 09:03:53',0,1,NULL,NULL),(33117,'people',100000913,'container changed from \"4493\" to \"4493\";',10,NULL,'2024-05-28 09:03:53',NULL,NULL,NULL,NULL),(33118,'people',100000914,'volunteer',18,NULL,'2024-05-28 09:03:53',0,1,NULL,NULL),(33119,'people',100000914,'container changed from \"3631\" to \"3631\";',18,NULL,'2024-05-28 09:03:53',NULL,NULL,NULL,NULL),(33120,'people',100000926,'volunteer',10,NULL,'2024-05-28 09:03:53',0,1,NULL,NULL),(33121,'people',100000926,'container changed from \"3921\" to \"3921\";',10,NULL,'2024-05-28 09:03:53',NULL,NULL,NULL,NULL),(33122,'people',100000924,'volunteer',12,NULL,'2024-05-28 09:03:53',0,1,NULL,NULL),(33123,'people',100000924,'container changed from \"2719\" to \"2719\";',12,NULL,'2024-05-28 09:03:53',NULL,NULL,NULL,NULL),(33124,'people',100000868,'volunteer',15,NULL,'2024-05-28 09:03:53',1,0,NULL,NULL),(33125,'people',100000868,'container changed from \"6111\" to \"6111\";',15,NULL,'2024-05-28 09:03:53',NULL,NULL,NULL,NULL),(33126,'people',100000874,'volunteer',34,NULL,'2024-05-28 09:03:53',1,0,NULL,NULL),(33127,'people',100000874,'container changed from \"4368\" to \"4368\";',34,NULL,'2024-05-28 09:03:53',NULL,NULL,NULL,NULL),(33128,'people',100000870,'volunteer',18,NULL,'2024-05-28 09:03:53',0,1,NULL,NULL),(33129,'people',100000870,'container changed from \"1441\" to \"1441\";',18,NULL,'2024-05-28 09:03:53',NULL,NULL,NULL,NULL),(33130,'people',100000885,'volunteer',18,NULL,'2024-05-28 09:03:53',0,1,NULL,NULL),(33131,'people',100000885,'container changed from \"9840\" to \"9840\";',18,NULL,'2024-05-28 09:03:53',NULL,NULL,NULL,NULL),(33132,'people',100000876,'volunteer',10,NULL,'2024-05-28 09:03:53',0,1,NULL,NULL),(33133,'people',100000876,'container changed from \"1394\" to \"1394\";',10,NULL,'2024-05-28 09:03:53',NULL,NULL,NULL,NULL),(33134,'people',100000904,'volunteer',15,NULL,'2024-05-28 09:03:53',1,0,NULL,NULL),(33135,'people',100000904,'container changed from \"6138\" to \"6138\";',15,NULL,'2024-05-28 09:03:53',NULL,NULL,NULL,NULL),(33136,'people',100000895,'volunteer',10,NULL,'2024-05-28 09:03:53',1,0,NULL,NULL),(33137,'people',100000895,'container changed from \"2778\" to \"2778\";',10,NULL,'2024-05-28 09:03:53',NULL,NULL,NULL,NULL),(33138,'people',100000938,'volunteer',17,NULL,'2024-05-28 09:03:53',0,1,NULL,NULL),(33139,'people',100000938,'container changed from \"4493\" to \"4493\";',17,NULL,'2024-05-28 09:03:53',NULL,NULL,NULL,NULL),(33140,'people',100000890,'volunteer',34,NULL,'2024-05-28 09:03:53',1,0,NULL,NULL),(33141,'people',100000890,'container changed from \"6639\" to \"6639\";',34,NULL,'2024-05-28 09:03:53',NULL,NULL,NULL,NULL),(33142,'people',100000882,'volunteer',32,NULL,'2024-05-28 09:03:53',1,0,NULL,NULL),(33143,'people',100000882,'container changed from \"7734\" to \"7734\";',32,NULL,'2024-05-28 09:03:53',NULL,NULL,NULL,NULL),(33144,'people',100000922,'volunteer',10,NULL,'2024-05-28 09:03:53',0,1,NULL,NULL),(33145,'people',100000922,'container changed from \"2778\" to \"2778\";',10,NULL,'2024-05-28 09:03:53',NULL,NULL,NULL,NULL),(33146,'people',100000882,'volunteer',16,NULL,'2024-05-28 09:03:53',0,1,NULL,NULL),(33147,'people',100000882,'container changed from \"7734\" to \"7734\";',16,NULL,'2024-05-28 09:03:53',NULL,NULL,NULL,NULL),(33148,'people',100000906,'volunteer',17,NULL,'2024-05-28 09:03:53',0,1,NULL,NULL),(33149,'people',100000906,'container changed from \"3631\" to \"3631\";',17,NULL,'2024-05-28 09:03:53',NULL,NULL,NULL,NULL),(33150,'people',100000899,'volunteer',17,NULL,'2024-05-28 09:03:54',0,1,NULL,NULL),(33151,'people',100000899,'container changed from \"2719\" to \"2719\";',17,NULL,'2024-05-28 09:03:54',NULL,NULL,NULL,NULL),(33152,'people',100000876,'volunteer',12,NULL,'2024-05-28 09:03:54',1,0,NULL,NULL),(33153,'people',100000876,'container changed from \"1394\" to \"1394\";',12,NULL,'2024-05-28 09:03:54',NULL,NULL,NULL,NULL),(33154,'people',100000912,'volunteer',16,NULL,'2024-05-28 09:03:54',0,1,NULL,NULL),(33155,'people',100000912,'container changed from \"3921\" to \"3921\";',16,NULL,'2024-05-28 09:03:54',NULL,NULL,NULL,NULL),(33156,'people',100000944,'volunteer',12,NULL,'2024-05-28 09:03:54',0,1,NULL,NULL),(33157,'people',100000944,'container changed from \"6729\" to \"6729\";',12,NULL,'2024-05-28 09:03:54',NULL,NULL,NULL,NULL),(33158,'people',100000938,'volunteer',18,NULL,'2024-05-28 09:03:54',1,0,NULL,NULL),(33159,'people',100000938,'container changed from \"4493\" to \"4493\";',18,NULL,'2024-05-28 09:03:54',NULL,NULL,NULL,NULL),(33160,'people',100000929,'volunteer',32,NULL,'2024-05-28 09:03:54',0,1,NULL,NULL),(33161,'people',100000929,'container changed from \"2778\" to \"2778\";',32,NULL,'2024-05-28 09:03:54',NULL,NULL,NULL,NULL),(33162,'people',100000869,'volunteer',10,NULL,'2024-05-28 09:03:54',0,1,NULL,NULL),(33163,'people',100000869,'container changed from \"4934\" to \"4934\";',10,NULL,'2024-05-28 09:03:54',NULL,NULL,NULL,NULL),(33164,'people',100000887,'volunteer',12,NULL,'2024-05-28 09:03:54',1,0,NULL,NULL),(33165,'people',100000887,'container changed from \"3921\" to \"3921\";',12,NULL,'2024-05-28 09:03:54',NULL,NULL,NULL,NULL),(33166,'people',100000874,'volunteer',12,NULL,'2024-05-28 09:03:54',0,1,NULL,NULL),(33167,'people',100000874,'container changed from \"4368\" to \"4368\";',12,NULL,'2024-05-28 09:03:54',NULL,NULL,NULL,NULL),(33168,'people',100000916,'volunteer',10,NULL,'2024-05-28 09:03:54',0,1,NULL,NULL),(33169,'people',100000916,'container changed from \"6639\" to \"6639\";',10,NULL,'2024-05-28 09:03:54',NULL,NULL,NULL,NULL),(33170,'people',100000926,'volunteer',18,NULL,'2024-05-28 09:03:54',1,0,NULL,NULL),(33171,'people',100000926,'container changed from \"3921\" to \"3921\";',18,NULL,'2024-05-28 09:03:54',NULL,NULL,NULL,NULL),(33172,'people',100000885,'volunteer',10,NULL,'2024-05-28 09:03:54',1,0,NULL,NULL),(33173,'people',100000885,'container changed from \"9840\" to \"9840\";',10,NULL,'2024-05-28 09:03:54',NULL,NULL,NULL,NULL),(33174,'people',100000932,'volunteer',16,NULL,'2024-05-28 09:03:54',0,1,NULL,NULL),(33175,'people',100000932,'container changed from \"2719\" to \"2719\";',16,NULL,'2024-05-28 09:03:54',NULL,NULL,NULL,NULL),(33176,'people',100000936,'volunteer',16,NULL,'2024-05-28 09:03:54',0,1,NULL,NULL),(33177,'people',100000936,'container changed from \"8235\" to \"8235\";',16,NULL,'2024-05-28 09:03:54',NULL,NULL,NULL,NULL),(33178,'people',100000939,'volunteer',12,NULL,'2024-05-28 09:03:54',0,1,NULL,NULL),(33179,'people',100000939,'container changed from \"4493\" to \"4493\";',12,NULL,'2024-05-28 09:03:54',NULL,NULL,NULL,NULL),(33180,'people',100000895,'volunteer',18,NULL,'2024-05-28 09:03:54',0,1,NULL,NULL),(33181,'people',100000895,'container changed from \"2778\" to \"2778\";',18,NULL,'2024-05-28 09:03:54',NULL,NULL,NULL,NULL),(33182,'people',100000875,'comments changed from \"Case everything.\" to \"Catch surface.\";',17,NULL,'2024-05-28 09:03:54',NULL,NULL,NULL,NULL),(33183,'people',100000875,'container changed from \"3680\" to \"3680\";',17,NULL,'2024-05-28 09:03:54',NULL,NULL,NULL,NULL),(33184,'people',100000910,'comments changed from \"\" to \"Certainly mouth art.\";',34,NULL,'2024-05-28 09:03:54',NULL,NULL,NULL,NULL),(33185,'people',100000910,'container changed from \"3631\" to \"3631\";',34,NULL,'2024-05-28 09:03:54',NULL,NULL,NULL,NULL),(33186,'people',100000895,'comments changed from \"Agency trial.\" to \"Head all.\";',15,NULL,'2024-05-28 09:03:54',NULL,NULL,NULL,NULL),(33187,'people',100000895,'container changed from \"2778\" to \"2778\";',15,NULL,'2024-05-28 09:03:54',NULL,NULL,NULL,NULL),(33188,'people',100000905,'comments changed from \"So there view.\" to \"Where role without.\";',10,NULL,'2024-05-28 09:03:54',NULL,NULL,NULL,NULL),(33189,'people',100000905,'container changed from \"6138\" to \"6138\";',10,NULL,'2024-05-28 09:03:54',NULL,NULL,NULL,NULL),(33190,'people',100000884,'comments changed from \"Set prevent live.\" to \"Area again throughout.\";',32,NULL,'2024-05-28 09:03:54',NULL,NULL,NULL,NULL),(33191,'people',100000884,'container changed from \"2692\" to \"2692\";',32,NULL,'2024-05-28 09:03:54',NULL,NULL,NULL,NULL),(33192,'people',100000926,'comments changed from \"\" to \"World.\";',34,NULL,'2024-05-28 09:03:54',NULL,NULL,NULL,NULL),(33193,'people',100000926,'container changed from \"3921\" to \"3921\";',34,NULL,'2024-05-28 09:03:54',NULL,NULL,NULL,NULL),(33194,'people',100000880,'comments changed from \"Alone forward early assume.\" to \"Significant true.\";',16,NULL,'2024-05-28 09:03:54',NULL,NULL,NULL,NULL),(33195,'people',100000880,'container changed from \"9054\" to \"9054\";',16,NULL,'2024-05-28 09:03:54',NULL,NULL,NULL,NULL),(33196,'people',100000929,'comments changed from \"\" to \"National.\";',18,NULL,'2024-05-28 09:03:54',NULL,NULL,NULL,NULL),(33197,'people',100000929,'container changed from \"2778\" to \"2778\";',18,NULL,'2024-05-28 09:03:54',NULL,NULL,NULL,NULL),(33198,'people',100000873,'comments changed from \"One great expert.\" to \"Question.\";',17,NULL,'2024-05-28 09:03:54',NULL,NULL,NULL,NULL),(33199,'people',100000873,'container changed from \"9866\" to \"9866\";',17,NULL,'2024-05-28 09:03:54',NULL,NULL,NULL,NULL),(33200,'people',100000881,'comments changed from \"Stage allow reveal.\" to \"War call east.\";',15,NULL,'2024-05-28 09:03:54',NULL,NULL,NULL,NULL),(33201,'people',100000881,'container changed from \"6963\" to \"6963\";',15,NULL,'2024-05-28 09:03:54',NULL,NULL,NULL,NULL),(33202,'people',100000900,'comments changed from \"Model range.\" to \"Democrat heart religious.\";',18,NULL,'2024-05-28 09:03:54',NULL,NULL,NULL,NULL),(33203,'people',100000900,'container changed from \"6108\" to \"6108\";',18,NULL,'2024-05-28 09:03:54',NULL,NULL,NULL,NULL),(33204,'people',100000884,'comments changed from \"Area again throughout.\" to \"Strategy memory.\";',32,NULL,'2024-05-28 09:03:54',NULL,NULL,NULL,NULL),(33205,'people',100000884,'container changed from \"2692\" to \"2692\";',32,NULL,'2024-05-28 09:03:54',NULL,NULL,NULL,NULL),(33206,'people',100000911,'comments changed from \"\" to \"Control practice treatment mouth.\";',15,NULL,'2024-05-28 09:03:54',NULL,NULL,NULL,NULL),(33207,'people',100000911,'container changed from \"2778\" to \"2778\";',15,NULL,'2024-05-28 09:03:54',NULL,NULL,NULL,NULL),(33208,'people',100000907,'comments changed from \"\" to \"Statement could later.\";',16,NULL,'2024-05-28 09:03:54',NULL,NULL,NULL,NULL),(33209,'people',100000907,'container changed from \"6639\" to \"6639\";',16,NULL,'2024-05-28 09:03:54',NULL,NULL,NULL,NULL),(33210,'people',100000866,'comments changed from \"Indeed tax tell.\" to \"Room as professional.\";',12,NULL,'2024-05-28 09:03:54',NULL,NULL,NULL,NULL),(33211,'people',100000866,'container changed from \"2174\" to \"2174\";',12,NULL,'2024-05-28 09:03:54',NULL,NULL,NULL,NULL),(33212,'people',100000870,'comments changed from \"Heavy cell himself.\" to \"Spring miss develop.\";',32,NULL,'2024-05-28 09:03:54',NULL,NULL,NULL,NULL),(33213,'people',100000870,'container changed from \"1441\" to \"1441\";',32,NULL,'2024-05-28 09:03:54',NULL,NULL,NULL,NULL),(33214,'people',100000938,'comments changed from \"\" to \"Research generation.\";',17,NULL,'2024-05-28 09:03:54',NULL,NULL,NULL,NULL),(33215,'people',100000938,'container changed from \"4493\" to \"4493\";',17,NULL,'2024-05-28 09:03:54',NULL,NULL,NULL,NULL),(33216,'people',100000921,'comments changed from \"\" to \"Sort inside media.\";',12,NULL,'2024-05-28 09:03:54',NULL,NULL,NULL,NULL),(33217,'people',100000921,'container changed from \"6138\" to \"6138\";',12,NULL,'2024-05-28 09:03:54',NULL,NULL,NULL,NULL),(33218,'people',100000893,'comments changed from \"Suddenly eight image.\" to \"Discussion such not.\";',18,NULL,'2024-05-28 09:03:54',NULL,NULL,NULL,NULL),(33219,'people',100000893,'container changed from \"4493\" to \"4493\";',18,NULL,'2024-05-28 09:03:54',NULL,NULL,NULL,NULL),(33220,'people',100000926,'comments changed from \"World.\" to \"Region nature day.\";',15,NULL,'2024-05-28 09:03:54',NULL,NULL,NULL,NULL),(33221,'people',100000926,'container changed from \"3921\" to \"3921\";',15,NULL,'2024-05-28 09:03:54',NULL,NULL,NULL,NULL),(33222,'people',100000925,'comments changed from \"\" to \"Try consumer political method.\";',10,NULL,'2024-05-28 09:03:54',NULL,NULL,NULL,NULL),(33223,'people',100000925,'container changed from \"2778\" to \"2778\";',10,NULL,'2024-05-28 09:03:54',NULL,NULL,NULL,NULL),(33224,'people',100000878,'comments changed from \"Reality decision.\" to \"Another peace picture.\";',15,NULL,'2024-05-28 09:03:54',NULL,NULL,NULL,NULL),(33225,'people',100000878,'container changed from \"8777\" to \"8777\";',15,NULL,'2024-05-28 09:03:54',NULL,NULL,NULL,NULL),(33226,'people',100000894,'comments changed from \"Positive success.\" to \"Whole establish prevent.\";',34,NULL,'2024-05-28 09:03:54',NULL,NULL,NULL,NULL),(33227,'people',100000894,'container changed from \"2778\" to \"2778\";',34,NULL,'2024-05-28 09:03:54',NULL,NULL,NULL,NULL),(33228,'people',100000891,'comments changed from \"Pattern practice identify within.\" to \"Already then.\";',17,NULL,'2024-05-28 09:03:54',NULL,NULL,NULL,NULL),(33229,'people',100000891,'container changed from \"6639\" to \"6639\";',17,NULL,'2024-05-28 09:03:54',NULL,NULL,NULL,NULL),(33230,'people',100000901,'comments changed from \"Easy detail east good.\" to \"Choice difference war.\";',34,NULL,'2024-05-28 09:03:54',NULL,NULL,NULL,NULL),(33231,'people',100000901,'container changed from \"6108\" to \"6108\";',34,NULL,'2024-05-28 09:03:54',NULL,NULL,NULL,NULL),(33232,'people',100000872,'comments changed from \"Throw drive nice.\" to \"Situation message game mean.\";',34,NULL,'2024-05-28 09:03:54',NULL,NULL,NULL,NULL),(33233,'people',100000872,'container changed from \"8275\" to \"8275\";',34,NULL,'2024-05-28 09:03:54',NULL,NULL,NULL,NULL),(33234,'people',100000885,'comments changed from \"Ok.\" to \"Former later.\";',17,NULL,'2024-05-28 09:03:54',NULL,NULL,NULL,NULL),(33235,'people',100000885,'container changed from \"9840\" to \"9840\";',17,NULL,'2024-05-28 09:03:54',NULL,NULL,NULL,NULL),(33236,'people',100000928,'comments changed from \"\" to \"How series.\";',12,NULL,'2024-05-28 09:03:54',NULL,NULL,NULL,NULL),(33237,'people',100000928,'container changed from \"4493\" to \"4493\";',12,NULL,'2024-05-28 09:03:54',NULL,NULL,NULL,NULL),(33238,'people',100000890,'comments changed from \"Off.\" to \"Through campaign break.\";',17,NULL,'2024-05-28 09:03:55',NULL,NULL,NULL,NULL),(33239,'people',100000890,'container changed from \"6639\" to \"6639\";',17,NULL,'2024-05-28 09:03:55',NULL,NULL,NULL,NULL),(33240,'people',100000935,'comments changed from \"\" to \"Happen receive.\";',18,NULL,'2024-05-28 09:03:55',NULL,NULL,NULL,NULL),(33241,'people',100000935,'container changed from \"6729\" to \"6729\";',18,NULL,'2024-05-28 09:03:55',NULL,NULL,NULL,NULL),(33242,'people',100000892,'comments changed from \"Receive medical exist.\" to \"Experience computer ready.\";',12,NULL,'2024-05-28 09:03:55',NULL,NULL,NULL,NULL),(33243,'people',100000892,'container changed from \"4493\" to \"4493\";',12,NULL,'2024-05-28 09:03:55',NULL,NULL,NULL,NULL),(33244,'people',100000906,'comments changed from \"\" to \"Bank his actually.\";',34,NULL,'2024-05-28 09:03:55',NULL,NULL,NULL,NULL),(33245,'people',100000906,'container changed from \"3631\" to \"3631\";',34,NULL,'2024-05-28 09:03:55',NULL,NULL,NULL,NULL),(33246,'people',100000880,'comments changed from \"Significant true.\" to \"Pull direction.\";',16,NULL,'2024-05-28 09:03:55',NULL,NULL,NULL,NULL),(33247,'people',100000880,'container changed from \"9054\" to \"9054\";',16,NULL,'2024-05-28 09:03:55',NULL,NULL,NULL,NULL),(33248,'people',100000898,'comments changed from \"Perhaps meet beautiful.\" to \"Subject yes.\";',12,NULL,'2024-05-28 09:03:55',NULL,NULL,NULL,NULL),(33249,'people',100000898,'container changed from \"2719\" to \"2719\";',12,NULL,'2024-05-28 09:03:55',NULL,NULL,NULL,NULL),(33250,'people',100000904,'comments changed from \"Threat major management.\" to \"Occur easy billion.\";',10,NULL,'2024-05-28 09:03:55',NULL,NULL,NULL,NULL),(33251,'people',100000904,'container changed from \"6138\" to \"6138\";',10,NULL,'2024-05-28 09:03:55',NULL,NULL,NULL,NULL),(33252,'people',100000884,'comments changed from \"Strategy memory.\" to \"Republican window listen.\";',32,NULL,'2024-05-28 09:03:55',NULL,NULL,NULL,NULL),(33253,'people',100000884,'container changed from \"2692\" to \"2692\";',32,NULL,'2024-05-28 09:03:55',NULL,NULL,NULL,NULL),(33254,'people',100000927,'comments changed from \"\" to \"Manager ahead prevent.\";',17,NULL,'2024-05-28 09:03:55',NULL,NULL,NULL,NULL),(33255,'people',100000927,'container changed from \"3631\" to \"3631\";',17,NULL,'2024-05-28 09:03:55',NULL,NULL,NULL,NULL),(33256,'people',100000893,'comments changed from \"Discussion such not.\" to \"Local feeling.\";',18,NULL,'2024-05-28 09:03:55',NULL,NULL,NULL,NULL),(33257,'people',100000893,'container changed from \"4493\" to \"4493\";',18,NULL,'2024-05-28 09:03:55',NULL,NULL,NULL,NULL),(33258,'people',100000904,'comments changed from \"Occur easy billion.\" to \"Onto watch art.\";',32,NULL,'2024-05-28 09:03:55',NULL,NULL,NULL,NULL),(33259,'people',100000904,'container changed from \"6138\" to \"6138\";',32,NULL,'2024-05-28 09:03:55',NULL,NULL,NULL,NULL),(33260,'people',100000887,'comments changed from \"Street method.\" to \"Whatever follow.\";',17,NULL,'2024-05-28 09:03:55',NULL,NULL,NULL,NULL),(33261,'people',100000887,'container changed from \"3921\" to \"3921\";',17,NULL,'2024-05-28 09:03:55',NULL,NULL,NULL,NULL),(33262,'people',100000932,'lastname changed from \"Williamson\" to \"Williamsoner\";',18,NULL,'2024-05-28 09:03:55',NULL,NULL,NULL,NULL),(33263,'people',100000932,'container changed from \"2719\" to \"2719\";',18,NULL,'2024-05-28 09:03:55',NULL,NULL,NULL,NULL),(33264,'people',100000880,'lastname changed from \"Jones\" to \"Joneser\";',34,NULL,'2024-05-28 09:03:55',NULL,NULL,NULL,NULL),(33265,'people',100000880,'container changed from \"9054\" to \"9054\";',34,NULL,'2024-05-28 09:03:55',NULL,NULL,NULL,NULL),(33266,'people',100000882,'lastname changed from \"Alvarez\" to \"Alvarezer\";',15,NULL,'2024-05-28 09:03:55',NULL,NULL,NULL,NULL),(33267,'people',100000882,'container changed from \"7734\" to \"7734\";',15,NULL,'2024-05-28 09:03:55',NULL,NULL,NULL,NULL),(33268,'people',100000891,'lastname changed from \"Patel\" to \"Pateler\";',10,NULL,'2024-05-28 09:03:55',NULL,NULL,NULL,NULL),(33269,'people',100000891,'container changed from \"6639\" to \"6639\";',10,NULL,'2024-05-28 09:03:55',NULL,NULL,NULL,NULL),(33270,'people',100000923,'lastname changed from \"Horn\" to \"Horner\";',10,NULL,'2024-05-28 09:03:55',NULL,NULL,NULL,NULL),(33271,'people',100000923,'container changed from \"2778\" to \"2778\";',10,NULL,'2024-05-28 09:03:55',NULL,NULL,NULL,NULL),(33272,'people',100000933,'lastname changed from \"Barron\" to \"Barroner\";',16,NULL,'2024-05-28 09:03:55',NULL,NULL,NULL,NULL),(33273,'people',100000933,'container changed from \"6138\" to \"6138\";',16,NULL,'2024-05-28 09:03:55',NULL,NULL,NULL,NULL),(33274,'people',100000935,'lastname changed from \"Brown\" to \"Browner\";',17,NULL,'2024-05-28 09:03:55',NULL,NULL,NULL,NULL),(33275,'people',100000935,'container changed from \"6729\" to \"6729\";',17,NULL,'2024-05-28 09:03:55',NULL,NULL,NULL,NULL),(33276,'people',100000914,'lastname changed from \"Warner\" to \"Warnerer\";',17,NULL,'2024-05-28 09:03:55',NULL,NULL,NULL,NULL),(33277,'people',100000914,'container changed from \"3631\" to \"3631\";',17,NULL,'2024-05-28 09:03:55',NULL,NULL,NULL,NULL),(33278,'people',100000943,'lastname changed from \"Mccarthy\" to \"Mccarthyer\";',15,NULL,'2024-05-28 09:03:55',NULL,NULL,NULL,NULL),(33279,'people',100000943,'container changed from \"6108\" to \"6108\";',15,NULL,'2024-05-28 09:03:55',NULL,NULL,NULL,NULL),(33280,'people',100000936,'lastname changed from \"Allen\" to \"Allener\";',32,NULL,'2024-05-28 09:03:55',NULL,NULL,NULL,NULL),(33281,'people',100000936,'container changed from \"8235\" to \"8235\";',32,NULL,'2024-05-28 09:03:55',NULL,NULL,NULL,NULL),(33282,'people',100000941,'lastname changed from \"Mccarthy\" to \"Mccarthyer\";',15,NULL,'2024-05-28 09:03:55',NULL,NULL,NULL,NULL),(33283,'people',100000941,'container changed from \"6108\" to \"6108\";',15,NULL,'2024-05-28 09:03:55',NULL,NULL,NULL,NULL),(33284,'people',100000903,'lastname changed from \"Williams\" to \"Williamser\";',32,NULL,'2024-05-28 09:03:55',NULL,NULL,NULL,NULL),(33285,'people',100000903,'container changed from \"3631\" to \"3631\";',32,NULL,'2024-05-28 09:03:55',NULL,NULL,NULL,NULL),(33286,'people',100000875,'lastname changed from \"Reed\" to \"Reeder\";',34,NULL,'2024-05-28 09:03:55',NULL,NULL,NULL,NULL),(33287,'people',100000875,'container changed from \"3680\" to \"3680\";',34,NULL,'2024-05-28 09:03:55',NULL,NULL,NULL,NULL),(33288,'people',100000912,'lastname changed from \"Holloway\" to \"Hollowayer\";',15,NULL,'2024-05-28 09:03:55',NULL,NULL,NULL,NULL),(33289,'people',100000912,'container changed from \"3921\" to \"3921\";',15,NULL,'2024-05-28 09:03:55',NULL,NULL,NULL,NULL),(33290,'people',100000899,'lastname changed from \"Keith\" to \"Keither\";',34,NULL,'2024-05-28 09:03:55',NULL,NULL,NULL,NULL),(33291,'people',100000899,'container changed from \"2719\" to \"2719\";',34,NULL,'2024-05-28 09:03:55',NULL,NULL,NULL,NULL),(33292,'people',100000880,'lastname changed from \"Joneser\" to \"Joneserer\";',16,NULL,'2024-05-28 09:03:55',NULL,NULL,NULL,NULL),(33293,'people',100000880,'container changed from \"9054\" to \"9054\";',16,NULL,'2024-05-28 09:03:55',NULL,NULL,NULL,NULL),(33294,'people',100000903,'lastname changed from \"Williamser\" to \"Williamserer\";',15,NULL,'2024-05-28 09:03:55',NULL,NULL,NULL,NULL),(33295,'people',100000903,'container changed from \"3631\" to \"3631\";',15,NULL,'2024-05-28 09:03:55',NULL,NULL,NULL,NULL),(33296,'people',100000908,'lastname changed from \"Mccarthy\" to \"Mccarthyer\";',17,NULL,'2024-05-28 09:03:55',NULL,NULL,NULL,NULL),(33297,'people',100000908,'container changed from \"6108\" to \"6108\";',17,NULL,'2024-05-28 09:03:55',NULL,NULL,NULL,NULL),(33298,'people',100000939,'lastname changed from \"Jackson\" to \"Jacksoner\";',32,NULL,'2024-05-28 09:03:55',NULL,NULL,NULL,NULL),(33299,'people',100000939,'container changed from \"4493\" to \"4493\";',32,NULL,'2024-05-28 09:03:55',NULL,NULL,NULL,NULL),(33300,'people',100000871,'lastname changed from \"Adkins\" to \"Adkinser\";',17,NULL,'2024-05-28 09:03:55',NULL,NULL,NULL,NULL),(33301,'people',100000871,'container changed from \"7089\" to \"7089\";',17,NULL,'2024-05-28 09:03:55',NULL,NULL,NULL,NULL),(33302,'people',100000929,'lastname changed from \"Horn\" to \"Horner\";',12,NULL,'2024-05-28 09:03:55',NULL,NULL,NULL,NULL),(33303,'people',100000929,'container changed from \"2778\" to \"2778\";',12,NULL,'2024-05-28 09:03:55',NULL,NULL,NULL,NULL),(33304,'people',100000878,'lastname changed from \"Juarez\" to \"Juarezer\";',10,NULL,'2024-05-28 09:03:55',NULL,NULL,NULL,NULL),(33305,'people',100000878,'container changed from \"8777\" to \"8777\";',10,NULL,'2024-05-28 09:03:55',NULL,NULL,NULL,NULL),(33306,'people',100000918,'lastname changed from \"Allen\" to \"Allener\";',10,NULL,'2024-05-28 09:03:55',NULL,NULL,NULL,NULL),(33307,'people',100000918,'container changed from \"8235\" to \"8235\";',10,NULL,'2024-05-28 09:03:55',NULL,NULL,NULL,NULL),(33308,'people',100000867,'lastname changed from \"Dixon\" to \"Dixoner\";',32,NULL,'2024-05-28 09:03:55',NULL,NULL,NULL,NULL),(33309,'people',100000867,'container changed from \"5106\" to \"5106\";',32,NULL,'2024-05-28 09:03:55',NULL,NULL,NULL,NULL),(33310,'people',100000928,'lastname changed from \"Jackson\" to \"Jacksoner\";',17,NULL,'2024-05-28 09:03:55',NULL,NULL,NULL,NULL),(33311,'people',100000928,'container changed from \"4493\" to \"4493\";',17,NULL,'2024-05-28 09:03:55',NULL,NULL,NULL,NULL),(33312,'people',100000915,'lastname changed from \"Warner\" to \"Warnerer\";',12,NULL,'2024-05-28 09:03:55',NULL,NULL,NULL,NULL),(33313,'people',100000915,'container changed from \"3631\" to \"3631\";',12,NULL,'2024-05-28 09:03:55',NULL,NULL,NULL,NULL),(33314,'people',100000913,'lastname changed from \"Jackson\" to \"Jacksoner\";',32,NULL,'2024-05-28 09:03:55',NULL,NULL,NULL,NULL),(33315,'people',100000913,'container changed from \"4493\" to \"4493\";',32,NULL,'2024-05-28 09:03:55',NULL,NULL,NULL,NULL),(33316,'people',100000911,'lastname changed from \"Horn\" to \"Horner\";',17,NULL,'2024-05-28 09:03:55',NULL,NULL,NULL,NULL),(33317,'people',100000911,'container changed from \"2778\" to \"2778\";',17,NULL,'2024-05-28 09:03:55',NULL,NULL,NULL,NULL),(33318,'people',100000926,'lastname changed from \"Holloway\" to \"Hollowayer\";',15,NULL,'2024-05-28 09:03:55',NULL,NULL,NULL,NULL),(33319,'people',100000926,'container changed from \"3921\" to \"3921\";',15,NULL,'2024-05-28 09:03:55',NULL,NULL,NULL,NULL),(33320,'people',100000869,'lastname changed from \"Johnson\" to \"Johnsoner\";',17,NULL,'2024-05-28 09:03:55',NULL,NULL,NULL,NULL),(33321,'people',100000869,'container changed from \"4934\" to \"4934\";',17,NULL,'2024-05-28 09:03:55',NULL,NULL,NULL,NULL),(33322,'people',100000944,'lastname changed from \"Brown\" to \"Browner\";',34,NULL,'2024-05-28 09:03:55',NULL,NULL,NULL,NULL),(33323,'people',100000944,'container changed from \"6729\" to \"6729\";',34,NULL,'2024-05-28 09:03:55',NULL,NULL,NULL,NULL),(33324,'people',100000875,'lastname changed from \"Reeder\" to \"Reederer\";',10,NULL,'2024-05-28 09:03:55',NULL,NULL,NULL,NULL),(33325,'people',100000875,'container changed from \"3680\" to \"3680\";',10,NULL,'2024-05-28 09:03:55',NULL,NULL,NULL,NULL),(33326,'people',100000933,'lastname changed from \"Barroner\" to \"Barronerer\";',18,NULL,'2024-05-28 09:03:55',NULL,NULL,NULL,NULL),(33327,'people',100000933,'container changed from \"6138\" to \"6138\";',18,NULL,'2024-05-28 09:03:55',NULL,NULL,NULL,NULL),(33328,'people',100000914,'lastname changed from \"Warnerer\" to \"Warnererer\";',34,NULL,'2024-05-28 09:03:55',NULL,NULL,NULL,NULL),(33329,'people',100000914,'container changed from \"3631\" to \"3631\";',34,NULL,'2024-05-28 09:03:55',NULL,NULL,NULL,NULL),(33330,'people',100000902,'lastname changed from \"Warner\" to \"Warnerer\";',17,NULL,'2024-05-28 09:03:55',NULL,NULL,NULL,NULL),(33331,'people',100000902,'container changed from \"3631\" to \"3631\";',17,NULL,'2024-05-28 09:03:55',NULL,NULL,NULL,NULL),(33332,'people',100000922,'lastname changed from \"Horn\" to \"Horner\";',17,NULL,'2024-05-28 09:03:55',NULL,NULL,NULL,NULL),(33333,'people',100000922,'container changed from \"2778\" to \"2778\";',17,NULL,'2024-05-28 09:03:55',NULL,NULL,NULL,NULL),(33334,'people',100000903,'lastname changed from \"Williamserer\" to \"Williamsererer\";',32,NULL,'2024-05-28 09:03:55',NULL,NULL,NULL,NULL),(33335,'people',100000903,'container changed from \"3631\" to \"3631\";',32,NULL,'2024-05-28 09:03:55',NULL,NULL,NULL,NULL),(33336,'people',100000910,'lastname changed from \"Warner\" to \"Warnerer\";',15,NULL,'2024-05-28 09:03:55',NULL,NULL,NULL,NULL),(33337,'people',100000910,'container changed from \"3631\" to \"3631\";',15,NULL,'2024-05-28 09:03:55',NULL,NULL,NULL,NULL),(33338,'people',100000901,'lastname changed from \"Robertson\" to \"Robertsoner\";',10,NULL,'2024-05-28 09:03:55',NULL,NULL,NULL,NULL),(33339,'people',100000901,'container changed from \"6108\" to \"6108\";',10,NULL,'2024-05-28 09:03:55',NULL,NULL,NULL,NULL),(33340,'people',100000889,'lastname changed from \"Conway\" to \"Conwayer\";',17,NULL,'2024-05-28 09:03:55',NULL,NULL,NULL,NULL),(33341,'people',100000889,'container changed from \"6729\" to \"6729\";',17,NULL,'2024-05-28 09:03:55',NULL,NULL,NULL,NULL),(33342,'people',100000889,'Record deleted',17,NULL,'2024-05-28 09:03:55',NULL,NULL,NULL,NULL),(33343,'people',100000877,'Record deleted',17,NULL,'2024-05-28 09:03:55',NULL,NULL,NULL,NULL),(33344,'products',1166,'Record created',3,NULL,'2024-05-28 09:03:55',NULL,NULL,NULL,NULL),(33345,'products',1167,'Record created',6,NULL,'2024-05-28 09:03:55',NULL,NULL,NULL,NULL),(33346,'products',1168,'Record created',4,NULL,'2024-05-28 09:03:55',NULL,NULL,NULL,NULL),(33347,'products',1169,'Record created',23,NULL,'2024-05-28 09:03:55',NULL,NULL,NULL,NULL),(33348,'products',1170,'Record created',6,NULL,'2024-05-28 09:03:55',NULL,NULL,NULL,NULL),(33349,'products',1171,'Record created',6,NULL,'2024-05-28 09:03:55',NULL,NULL,NULL,NULL),(33350,'products',1172,'Record created',25,NULL,'2024-05-28 09:03:55',NULL,NULL,NULL,NULL),(33351,'products',1173,'Record created',7,NULL,'2024-05-28 09:03:55',NULL,NULL,NULL,NULL),(33352,'products',1174,'Record created',25,NULL,'2024-05-28 09:03:55',NULL,NULL,NULL,NULL),(33353,'products',1175,'Record created',25,NULL,'2024-05-28 09:03:55',NULL,NULL,NULL,NULL),(33354,'products',1176,'Record created',2,NULL,'2024-05-28 09:03:55',NULL,NULL,NULL,NULL),(33355,'products',1177,'Record created',5,NULL,'2024-05-28 09:03:56',NULL,NULL,NULL,NULL),(33356,'products',1178,'Record created',23,NULL,'2024-05-28 09:03:56',NULL,NULL,NULL,NULL),(33357,'products',1179,'Record created',24,NULL,'2024-05-28 09:03:56',NULL,NULL,NULL,NULL),(33358,'products',1180,'Record created',6,NULL,'2024-05-28 09:03:56',NULL,NULL,NULL,NULL),(33359,'products',1181,'Record created',25,NULL,'2024-05-28 09:03:56',NULL,NULL,NULL,NULL),(33360,'products',1182,'Record created',2,NULL,'2024-05-28 09:03:56',NULL,NULL,NULL,NULL),(33361,'products',1183,'Record created',4,NULL,'2024-05-28 09:03:56',NULL,NULL,NULL,NULL),(33362,'products',1184,'Record created',3,NULL,'2024-05-28 09:03:56',NULL,NULL,NULL,NULL),(33363,'products',1185,'Record created',6,NULL,'2024-05-28 09:03:56',NULL,NULL,NULL,NULL),(33364,'products',1186,'Record created',6,NULL,'2024-05-28 09:03:56',NULL,NULL,NULL,NULL),(33365,'products',1187,'Record created',9,NULL,'2024-05-28 09:03:56',NULL,NULL,NULL,NULL),(33366,'products',1188,'Record created',5,NULL,'2024-05-28 09:03:56',NULL,NULL,NULL,NULL),(33367,'products',1189,'Record created',9,NULL,'2024-05-28 09:03:56',NULL,NULL,NULL,NULL),(33368,'products',1190,'Record created',24,NULL,'2024-05-28 09:03:56',NULL,NULL,NULL,NULL),(33369,'products',1191,'Record created',2,NULL,'2024-05-28 09:03:56',NULL,NULL,NULL,NULL),(33370,'products',1192,'Record created',2,NULL,'2024-05-28 09:03:56',NULL,NULL,NULL,NULL),(33371,'products',1193,'Record created',3,NULL,'2024-05-28 09:03:56',NULL,NULL,NULL,NULL),(33372,'products',1194,'Record created',9,NULL,'2024-05-28 09:03:56',NULL,NULL,NULL,NULL),(33373,'products',1195,'Record created',4,NULL,'2024-05-28 09:03:56',NULL,NULL,NULL,NULL),(33374,'products',1196,'Record created',6,NULL,'2024-05-28 09:03:56',NULL,NULL,NULL,NULL),(33375,'products',1197,'Record created',25,NULL,'2024-05-28 09:03:56',NULL,NULL,NULL,NULL),(33376,'products',1198,'Record created',5,NULL,'2024-05-28 09:03:56',NULL,NULL,NULL,NULL),(33377,'products',1199,'Record created',2,NULL,'2024-05-28 09:03:56',NULL,NULL,NULL,NULL),(33378,'products',1200,'Record created',3,NULL,'2024-05-28 09:03:56',NULL,NULL,NULL,NULL),(33379,'products',1201,'Record created',5,NULL,'2024-05-28 09:03:56',NULL,NULL,NULL,NULL),(33380,'products',1202,'Record created',6,NULL,'2024-05-28 09:03:56',NULL,NULL,NULL,NULL),(33381,'products',1203,'Record created',23,NULL,'2024-05-28 09:03:56',NULL,NULL,NULL,NULL),(33382,'products',1204,'Record created',2,NULL,'2024-05-28 09:03:56',NULL,NULL,NULL,NULL),(33383,'products',1205,'Record created',2,NULL,'2024-05-28 09:03:56',NULL,NULL,NULL,NULL),(33384,'products',1206,'Record created',8,NULL,'2024-05-28 09:03:56',NULL,NULL,NULL,NULL),(33385,'products',1207,'Record created',3,NULL,'2024-05-28 09:03:56',NULL,NULL,NULL,NULL),(33386,'products',1208,'Record created',24,NULL,'2024-05-28 09:03:56',NULL,NULL,NULL,NULL),(33387,'products',1209,'Record created',24,NULL,'2024-05-28 09:03:56',NULL,NULL,NULL,NULL),(33388,'products',1210,'Record created',9,NULL,'2024-05-28 09:03:56',NULL,NULL,NULL,NULL),(33389,'products',1211,'Record created',2,NULL,'2024-05-28 09:03:56',NULL,NULL,NULL,NULL),(33390,'products',1212,'Record created',4,NULL,'2024-05-28 09:03:56',NULL,NULL,NULL,NULL),(33391,'products',1213,'Record created',4,NULL,'2024-05-28 09:03:56',NULL,NULL,NULL,NULL),(33392,'products',1214,'Record created',23,NULL,'2024-05-28 09:03:56',NULL,NULL,NULL,NULL),(33393,'products',1215,'Record created',9,NULL,'2024-05-28 09:03:56',NULL,NULL,NULL,NULL),(33394,'products',1216,'Record created',5,NULL,'2024-05-28 09:03:56',NULL,NULL,NULL,NULL),(33395,'products',1216,'gender_id',8,NULL,'2024-05-28 09:03:56',6,10,NULL,NULL),(33396,'products',1216,'Record deleted',23,NULL,'2024-05-28 09:03:56',NULL,NULL,NULL,NULL),(33397,'products',1172,'name changed from \"Tights\" to \"tights\";',4,NULL,'2024-05-28 09:03:56',NULL,NULL,NULL,NULL),(33398,'products',1211,'name changed from \"Jackets\" to \"jackets\";',24,NULL,'2024-05-28 09:03:56',NULL,NULL,NULL,NULL),(33399,'products',1192,'name changed from \"Gloves\" to \"gloves\";',8,NULL,'2024-05-28 09:03:56',NULL,NULL,NULL,NULL),(33400,'products',1213,'name changed from \"Shoes\" to \"shoes\";',25,NULL,'2024-05-28 09:03:56',NULL,NULL,NULL,NULL),(33401,'products',1202,'name changed from \"Towels\" to \"towels\";',6,NULL,'2024-05-28 09:03:56',NULL,NULL,NULL,NULL),(33402,'products',1169,'name changed from \"Underwear\" to \"underwear\";',5,NULL,'2024-05-28 09:03:56',NULL,NULL,NULL,NULL),(33403,'products',1190,'name changed from \"Gloves\" to \"gloves\";',4,NULL,'2024-05-28 09:03:56',NULL,NULL,NULL,NULL),(33404,'products',1170,'name changed from \"Tights\" to \"tights\";',5,NULL,'2024-05-28 09:03:56',NULL,NULL,NULL,NULL),(33405,'products',1196,'name changed from \"Hats\" to \"hats\";',7,NULL,'2024-05-28 09:03:56',NULL,NULL,NULL,NULL),(33406,'products',1178,'name changed from \"T-Shirts\" to \"t-shirts\";',8,NULL,'2024-05-28 09:03:56',NULL,NULL,NULL,NULL),(33407,'products',1198,'name changed from \"Belts\" to \"belts\";',9,NULL,'2024-05-28 09:03:56',NULL,NULL,NULL,NULL),(33408,'products',1171,'name changed from \"Tights\" to \"tights\";',5,NULL,'2024-05-28 09:03:56',NULL,NULL,NULL,NULL),(33409,'products',1200,'name changed from \"Umbrellas\" to \"umbrellas\";',6,NULL,'2024-05-28 09:03:56',NULL,NULL,NULL,NULL),(33410,'products',1197,'name changed from \"Hats\" to \"hats\";',23,NULL,'2024-05-28 09:03:56',NULL,NULL,NULL,NULL),(33411,'products',1183,'name changed from \"Jackets\" to \"jackets\";',4,NULL,'2024-05-28 09:03:56',NULL,NULL,NULL,NULL),(33412,'products',1205,'name changed from \"Deodorant\" to \"deodorant\";',23,NULL,'2024-05-28 09:03:56',NULL,NULL,NULL,NULL),(33413,'products',1179,'name changed from \"T-Shirts\" to \"t-shirts\";',25,NULL,'2024-05-28 09:03:56',NULL,NULL,NULL,NULL),(33414,'products',1210,'name changed from \"Shirts\" to \"shirts\";',4,NULL,'2024-05-28 09:03:56',NULL,NULL,NULL,NULL),(33415,'products',1186,'name changed from \"Swimwear\" to \"swimwear\";',9,NULL,'2024-05-28 09:03:56',NULL,NULL,NULL,NULL),(33416,'products',1174,'name changed from \"Trousers\" to \"trousers\";',7,NULL,'2024-05-28 09:03:56',NULL,NULL,NULL,NULL),(33417,'products',1207,'name changed from \"Tents\" to \"tents\";',5,NULL,'2024-05-28 09:03:56',NULL,NULL,NULL,NULL),(33418,'products',1215,'name changed from \"Shoes\" to \"shoes\";',23,NULL,'2024-05-28 09:03:56',NULL,NULL,NULL,NULL),(33419,'products',1187,'name changed from \"Swimwear\" to \"swimwear\";',3,NULL,'2024-05-28 09:03:56',NULL,NULL,NULL,NULL),(33420,'products',1175,'name changed from \"Trousers\" to \"trousers\";',5,NULL,'2024-05-28 09:03:56',NULL,NULL,NULL,NULL),(33421,'products',1193,'name changed from \"Gloves\" to \"gloves\";',25,NULL,'2024-05-28 09:03:56',NULL,NULL,NULL,NULL),(33422,'products',1203,'name changed from \"Toys\" to \"toys\";',2,NULL,'2024-05-28 09:03:56',NULL,NULL,NULL,NULL),(33423,'products',1181,'name changed from \"T-Shirts\" to \"t-shirts\";',8,NULL,'2024-05-28 09:03:56',NULL,NULL,NULL,NULL),(33424,'products',1195,'value',23,NULL,'2024-05-28 09:03:56',72,68,NULL,NULL),(33425,'products',1204,'value',3,NULL,'2024-05-28 09:03:56',31,55,NULL,NULL),(33426,'products',1172,'value',9,NULL,'2024-05-28 09:03:56',7,71,NULL,NULL),(33427,'products',1215,'value',23,NULL,'2024-05-28 09:03:56',27,6,NULL,NULL),(33428,'products',1188,'value',4,NULL,'2024-05-28 09:03:56',91,43,NULL,NULL),(33429,'products',1167,'value',7,NULL,'2024-05-28 09:03:56',25,57,NULL,NULL),(33430,'products',1183,'value',9,NULL,'2024-05-28 09:03:56',39,45,NULL,NULL),(33431,'products',1215,'value',4,NULL,'2024-05-28 09:03:56',6,50,NULL,NULL),(33432,'products',1184,'value',2,NULL,'2024-05-28 09:03:56',53,3,NULL,NULL),(33433,'products',1173,'value',2,NULL,'2024-05-28 09:03:56',88,23,NULL,NULL),(33434,'products',1209,'value',25,NULL,'2024-05-28 09:03:56',84,19,NULL,NULL),(33435,'products',1201,'value',8,NULL,'2024-05-28 09:03:57',5,6,NULL,NULL),(33436,'products',1184,'value',23,NULL,'2024-05-28 09:03:57',3,5,NULL,NULL),(33437,'products',1192,'value',2,NULL,'2024-05-28 09:03:57',99,33,NULL,NULL),(33438,'products',1178,'value',5,NULL,'2024-05-28 09:03:57',30,73,NULL,NULL),(33439,'products',1203,'value',25,NULL,'2024-05-28 09:03:57',37,74,NULL,NULL),(33440,'products',1168,'value',6,NULL,'2024-05-28 09:03:57',56,18,NULL,NULL),(33441,'products',1191,'value',2,NULL,'2024-05-28 09:03:57',79,0,NULL,NULL),(33442,'products',1181,'value',4,NULL,'2024-05-28 09:03:57',16,52,NULL,NULL),(33443,'products',1167,'value',5,NULL,'2024-05-28 09:03:57',57,1,NULL,NULL),(33444,'products',1169,'value',25,NULL,'2024-05-28 09:03:57',71,56,NULL,NULL),(33445,'products',1212,'value',24,NULL,'2024-05-28 09:03:57',42,28,NULL,NULL),(33446,'products',1209,'value',3,NULL,'2024-05-28 09:03:57',19,84,NULL,NULL),(33447,'products',1205,'value',9,NULL,'2024-05-28 09:03:57',9,69,NULL,NULL),(33448,'products',1170,'value',4,NULL,'2024-05-28 09:03:57',47,55,NULL,NULL),(33449,'products',1186,'value',8,NULL,'2024-05-28 09:03:57',50,40,NULL,NULL),(33450,'products',1183,'value',23,NULL,'2024-05-28 09:03:57',45,57,NULL,NULL),(33451,'products',1171,'value',23,NULL,'2024-05-28 09:03:57',32,90,NULL,NULL),(33452,'products',1211,'value',23,NULL,'2024-05-28 09:03:57',97,75,NULL,NULL),(33453,'products',1170,'value',4,NULL,'2024-05-28 09:03:57',55,99,NULL,NULL),(33454,'products',1178,'value',24,NULL,'2024-05-28 09:03:57',73,38,NULL,NULL),(33455,'products',1184,'value',8,NULL,'2024-05-28 09:03:57',5,13,NULL,NULL),(33456,'products',1178,'value',24,NULL,'2024-05-28 09:03:57',38,76,NULL,NULL),(33457,'products',1201,'value',7,NULL,'2024-05-28 09:03:57',6,83,NULL,NULL),(33458,'products',1197,'value',6,NULL,'2024-05-28 09:03:57',11,2,NULL,NULL),(33459,'products',1209,'value',8,NULL,'2024-05-28 09:03:57',84,8,NULL,NULL),(33460,'products',1178,'value',6,NULL,'2024-05-28 09:03:57',76,30,NULL,NULL),(33461,'products',1204,'value',5,NULL,'2024-05-28 09:03:57',55,70,NULL,NULL),(33462,'products',1190,'value',2,NULL,'2024-05-28 09:03:57',21,17,NULL,NULL),(33463,'products',1189,'value',7,NULL,'2024-05-28 09:03:57',34,28,NULL,NULL),(33464,'products',1205,'value',5,NULL,'2024-05-28 09:03:57',69,10,NULL,NULL),(33465,'products',1191,'value',6,NULL,'2024-05-28 09:03:57',0,61,NULL,NULL),(33466,'products',1167,'value',6,NULL,'2024-05-28 09:03:57',1,96,NULL,NULL),(33467,'products',1196,'comments changed from \"Late project.\" to \"Weight none.\";',6,NULL,'2024-05-28 09:03:57',NULL,NULL,NULL,NULL),(33468,'products',1187,'comments changed from \"Girl skill safe.\" to \"Each.\";',4,NULL,'2024-05-28 09:03:57',NULL,NULL,NULL,NULL),(33469,'products',1168,'comments changed from \"No nor myself.\" to \"Later.\";',5,NULL,'2024-05-28 09:03:57',NULL,NULL,NULL,NULL),(33470,'products',1209,'comments changed from \"Fire work.\" to \"Decision Republican.\";',4,NULL,'2024-05-28 09:03:57',NULL,NULL,NULL,NULL),(33471,'products',1214,'comments changed from \"None\" to \"How.\";',24,NULL,'2024-05-28 09:03:57',NULL,NULL,NULL,NULL),(33472,'products',1200,'comments changed from \"Certainly.\" to \"Goal give.\";',2,NULL,'2024-05-28 09:03:57',NULL,NULL,NULL,NULL),(33473,'products',1188,'comments changed from \"Carry second.\" to \"Wife large.\";',8,NULL,'2024-05-28 09:03:57',NULL,NULL,NULL,NULL),(33474,'products',1188,'comments changed from \"Wife large.\" to \"Notice now.\";',5,NULL,'2024-05-28 09:03:57',NULL,NULL,NULL,NULL),(33475,'products',1212,'comments changed from \"Contain matter ability.\" to \"Themselves think.\";',23,NULL,'2024-05-28 09:03:57',NULL,NULL,NULL,NULL),(33476,'products',1190,'comments changed from \"Civil get political.\" to \"Friend.\";',6,NULL,'2024-05-28 09:03:57',NULL,NULL,NULL,NULL),(33477,'products',1168,'comments changed from \"Later.\" to \"Fill song.\";',6,NULL,'2024-05-28 09:03:57',NULL,NULL,NULL,NULL),(33478,'products',1212,'comments changed from \"Themselves think.\" to \"Memory.\";',7,NULL,'2024-05-28 09:03:57',NULL,NULL,NULL,NULL),(33479,'products',1196,'comments changed from \"Weight none.\" to \"Garden cup.\";',9,NULL,'2024-05-28 09:03:57',NULL,NULL,NULL,NULL),(33480,'products',1204,'comments changed from \"Too ground.\" to \"Everything.\";',24,NULL,'2024-05-28 09:03:57',NULL,NULL,NULL,NULL),(33481,'products',1167,'comments changed from \"Central deep.\" to \"Possible.\";',3,NULL,'2024-05-28 09:03:57',NULL,NULL,NULL,NULL),(33482,'products',1176,'comments changed from \"Book name.\" to \"Trip phone.\";',24,NULL,'2024-05-28 09:03:57',NULL,NULL,NULL,NULL),(33483,'products',1191,'comments changed from \"Choose from.\" to \"Toward.\";',6,NULL,'2024-05-28 09:03:57',NULL,NULL,NULL,NULL),(33484,'products',1177,'comments changed from \"Campaign language.\" to \"Hand.\";',25,NULL,'2024-05-28 09:03:57',NULL,NULL,NULL,NULL),(33485,'products',1204,'comments changed from \"Everything.\" to \"Else.\";',24,NULL,'2024-05-28 09:03:57',NULL,NULL,NULL,NULL),(33486,'products',1213,'comments changed from \"None\" to \"Too early.\";',2,NULL,'2024-05-28 09:03:57',NULL,NULL,NULL,NULL),(33487,'products',1168,'comments changed from \"Fill song.\" to \"Walk budget.\";',9,NULL,'2024-05-28 09:03:57',NULL,NULL,NULL,NULL),(33488,'products',1213,'comments changed from \"Too early.\" to \"What center.\";',9,NULL,'2024-05-28 09:03:57',NULL,NULL,NULL,NULL),(33489,'products',1169,'comments changed from \"Space threat a course.\" to \"Hit.\";',5,NULL,'2024-05-28 09:03:57',NULL,NULL,NULL,NULL),(33490,'products',1181,'comments changed from \"In development.\" to \"Election.\";',24,NULL,'2024-05-28 09:03:57',NULL,NULL,NULL,NULL),(33491,'products',1199,'comments changed from \"Morning enter.\" to \"Crime.\";',3,NULL,'2024-05-28 09:03:57',NULL,NULL,NULL,NULL),(33492,'products',1170,'comments changed from \"Work development.\" to \"May describe.\";',9,NULL,'2024-05-28 09:03:57',NULL,NULL,NULL,NULL),(33493,'products',1170,'comments changed from \"May describe.\" to \"Song.\";',25,NULL,'2024-05-28 09:03:57',NULL,NULL,NULL,NULL),(33494,'products',1172,'comments changed from \"Specific onto.\" to \"Into go.\";',25,NULL,'2024-05-28 09:03:57',NULL,NULL,NULL,NULL),(33495,'products',1213,'comments changed from \"What center.\" to \"Apply sit.\";',5,NULL,'2024-05-28 09:03:57',NULL,NULL,NULL,NULL),(33496,'products',1181,'comments changed from \"Election.\" to \"Research.\";',5,NULL,'2024-05-28 09:03:57',NULL,NULL,NULL,NULL),(33497,'products',1185,'comments changed from \"Owner successful interest.\" to \"Partner authority.\";',5,NULL,'2024-05-28 09:03:57',NULL,NULL,NULL,NULL),(33498,'products',1204,'comments changed from \"Else.\" to \"Factor.\";',8,NULL,'2024-05-28 09:03:58',NULL,NULL,NULL,NULL),(33499,'products',1174,'comments changed from \"Big plant gun.\" to \"Moment.\";',5,NULL,'2024-05-28 09:03:58',NULL,NULL,NULL,NULL),(33500,'products',1182,'comments changed from \"Feeling many.\" to \"Society develop.\";',9,NULL,'2024-05-28 09:03:58',NULL,NULL,NULL,NULL),(33501,'products',1197,'comments changed from \"Pay dog.\" to \"Case peace.\";',5,NULL,'2024-05-28 09:03:58',NULL,NULL,NULL,NULL),(33502,'products',1203,'comments changed from \"Happen leave stand minute.\" to \"Determine trial.\";',6,NULL,'2024-05-28 09:03:58',NULL,NULL,NULL,NULL),(33503,'products',1178,'comments changed from \"World avoid.\" to \"Two.\";',8,NULL,'2024-05-28 09:03:58',NULL,NULL,NULL,NULL),(33504,'products',1188,'comments changed from \"Notice now.\" to \"Lose interest.\";',3,NULL,'2024-05-28 09:03:58',NULL,NULL,NULL,NULL),(33505,'products',1205,'comments changed from \"Plant value.\" to \"Defense.\";',3,NULL,'2024-05-28 09:03:58',NULL,NULL,NULL,NULL),(33506,'products',1176,'comments changed from \"Trip phone.\" to \"Camera radio.\";',6,NULL,'2024-05-28 09:03:58',NULL,NULL,NULL,NULL),(33507,'products',1212,'stockincontainer',23,NULL,'2024-05-28 09:03:58',0,1,NULL,NULL),(33508,'products',1182,'stockincontainer',6,NULL,'2024-05-28 09:03:58',0,1,NULL,NULL),(33509,'products',1174,'stockincontainer',24,NULL,'2024-05-28 09:03:58',0,1,NULL,NULL),(33510,'products',1189,'stockincontainer',25,NULL,'2024-05-28 09:03:58',0,1,NULL,NULL),(33511,'products',1168,'stockincontainer',6,NULL,'2024-05-28 09:03:58',0,1,NULL,NULL),(33512,'products',1168,'stockincontainer',5,NULL,'2024-05-28 09:03:58',1,0,NULL,NULL),(33513,'products',1175,'stockincontainer',2,NULL,'2024-05-28 09:03:58',0,1,NULL,NULL),(33514,'products',1185,'stockincontainer',7,NULL,'2024-05-28 09:03:58',0,1,NULL,NULL),(33515,'products',1207,'stockincontainer',4,NULL,'2024-05-28 09:03:58',0,1,NULL,NULL),(33516,'products',1217,'Record created',17,NULL,'2024-05-28 09:03:58',NULL,NULL,NULL,NULL),(33517,'products',1218,'Record created',11,NULL,'2024-05-28 09:03:58',NULL,NULL,NULL,NULL),(33518,'products',1219,'Record created',17,NULL,'2024-05-28 09:03:58',NULL,NULL,NULL,NULL),(33519,'products',1220,'Record created',31,NULL,'2024-05-28 09:03:58',NULL,NULL,NULL,NULL),(33520,'products',1221,'Record created',15,NULL,'2024-05-28 09:03:58',NULL,NULL,NULL,NULL),(33521,'products',1222,'Record created',33,NULL,'2024-05-28 09:03:58',NULL,NULL,NULL,NULL),(33522,'products',1223,'Record created',16,NULL,'2024-05-28 09:03:58',NULL,NULL,NULL,NULL),(33523,'products',1224,'Record created',16,NULL,'2024-05-28 09:03:58',NULL,NULL,NULL,NULL),(33524,'products',1225,'Record created',33,NULL,'2024-05-28 09:03:58',NULL,NULL,NULL,NULL),(33525,'products',1226,'Record created',11,NULL,'2024-05-28 09:03:58',NULL,NULL,NULL,NULL),(33526,'products',1227,'Record created',16,NULL,'2024-05-28 09:03:58',NULL,NULL,NULL,NULL),(33527,'products',1228,'Record created',31,NULL,'2024-05-28 09:03:58',NULL,NULL,NULL,NULL),(33528,'products',1229,'Record created',16,NULL,'2024-05-28 09:03:58',NULL,NULL,NULL,NULL),(33529,'products',1230,'Record created',16,NULL,'2024-05-28 09:03:58',NULL,NULL,NULL,NULL),(33530,'products',1231,'Record created',15,NULL,'2024-05-28 09:03:58',NULL,NULL,NULL,NULL),(33531,'products',1232,'Record created',16,NULL,'2024-05-28 09:03:58',NULL,NULL,NULL,NULL),(33532,'products',1233,'Record created',15,NULL,'2024-05-28 09:03:58',NULL,NULL,NULL,NULL),(33533,'products',1234,'Record created',33,NULL,'2024-05-28 09:03:58',NULL,NULL,NULL,NULL),(33534,'products',1235,'Record created',15,NULL,'2024-05-28 09:03:58',NULL,NULL,NULL,NULL),(33535,'products',1236,'Record created',16,NULL,'2024-05-28 09:03:58',NULL,NULL,NULL,NULL),(33536,'products',1237,'Record created',15,NULL,'2024-05-28 09:03:58',NULL,NULL,NULL,NULL),(33537,'products',1238,'Record created',10,NULL,'2024-05-28 09:03:58',NULL,NULL,NULL,NULL),(33538,'products',1239,'Record created',15,NULL,'2024-05-28 09:03:58',NULL,NULL,NULL,NULL),(33539,'products',1240,'Record created',17,NULL,'2024-05-28 09:03:58',NULL,NULL,NULL,NULL),(33540,'products',1241,'Record created',16,NULL,'2024-05-28 09:03:58',NULL,NULL,NULL,NULL),(33541,'products',1242,'Record created',15,NULL,'2024-05-28 09:03:58',NULL,NULL,NULL,NULL),(33542,'products',1243,'Record created',17,NULL,'2024-05-28 09:03:58',NULL,NULL,NULL,NULL),(33543,'products',1244,'Record created',10,NULL,'2024-05-28 09:03:58',NULL,NULL,NULL,NULL),(33544,'products',1245,'Record created',15,NULL,'2024-05-28 09:03:58',NULL,NULL,NULL,NULL),(33545,'products',1246,'Record created',16,NULL,'2024-05-28 09:03:58',NULL,NULL,NULL,NULL),(33546,'products',1247,'Record created',11,NULL,'2024-05-28 09:03:58',NULL,NULL,NULL,NULL),(33547,'products',1248,'Record created',17,NULL,'2024-05-28 09:03:58',NULL,NULL,NULL,NULL),(33548,'products',1249,'Record created',33,NULL,'2024-05-28 09:03:58',NULL,NULL,NULL,NULL),(33549,'products',1250,'Record created',11,NULL,'2024-05-28 09:03:58',NULL,NULL,NULL,NULL),(33550,'products',1251,'Record created',10,NULL,'2024-05-28 09:03:58',NULL,NULL,NULL,NULL),(33551,'products',1252,'Record created',16,NULL,'2024-05-28 09:03:58',NULL,NULL,NULL,NULL),(33552,'products',1253,'Record created',15,NULL,'2024-05-28 09:03:58',NULL,NULL,NULL,NULL),(33553,'products',1254,'Record created',31,NULL,'2024-05-28 09:03:58',NULL,NULL,NULL,NULL),(33554,'products',1255,'Record created',33,NULL,'2024-05-28 09:03:59',NULL,NULL,NULL,NULL),(33555,'products',1256,'Record created',33,NULL,'2024-05-28 09:03:59',NULL,NULL,NULL,NULL),(33556,'products',1257,'Record created',33,NULL,'2024-05-28 09:03:59',NULL,NULL,NULL,NULL),(33557,'products',1258,'Record created',11,NULL,'2024-05-28 09:03:59',NULL,NULL,NULL,NULL),(33558,'products',1259,'Record created',10,NULL,'2024-05-28 09:03:59',NULL,NULL,NULL,NULL),(33559,'products',1260,'Record created',18,NULL,'2024-05-28 09:03:59',NULL,NULL,NULL,NULL),(33560,'products',1261,'Record created',18,NULL,'2024-05-28 09:03:59',NULL,NULL,NULL,NULL),(33561,'products',1262,'Record created',18,NULL,'2024-05-28 09:03:59',NULL,NULL,NULL,NULL),(33562,'products',1263,'Record created',15,NULL,'2024-05-28 09:03:59',NULL,NULL,NULL,NULL),(33563,'products',1264,'Record created',31,NULL,'2024-05-28 09:03:59',NULL,NULL,NULL,NULL),(33564,'products',1265,'Record created',15,NULL,'2024-05-28 09:03:59',NULL,NULL,NULL,NULL),(33565,'products',1266,'Record created',17,NULL,'2024-05-28 09:03:59',NULL,NULL,NULL,NULL),(33566,'products',1267,'Record created',31,NULL,'2024-05-28 09:03:59',NULL,NULL,NULL,NULL),(33567,'products',1267,'gender_id',15,NULL,'2024-05-28 09:03:59',6,10,NULL,NULL),(33568,'products',1267,'Record deleted',15,NULL,'2024-05-28 09:03:59',NULL,NULL,NULL,NULL),(33569,'products',1250,'name changed from \"Belts\" to \"belts\";',16,NULL,'2024-05-28 09:03:59',NULL,NULL,NULL,NULL),(33570,'products',1235,'name changed from \"Jackets\" to \"jackets\";',17,NULL,'2024-05-28 09:03:59',NULL,NULL,NULL,NULL),(33571,'products',1259,'name changed from \"Candles\" to \"candles\";',18,NULL,'2024-05-28 09:03:59',NULL,NULL,NULL,NULL),(33572,'products',1264,'name changed from \"Shoes\" to \"shoes\";',18,NULL,'2024-05-28 09:03:59',NULL,NULL,NULL,NULL),(33573,'products',1236,'name changed from \"Jackets\" to \"jackets\";',17,NULL,'2024-05-28 09:03:59',NULL,NULL,NULL,NULL),(33574,'products',1258,'name changed from \"Tents\" to \"tents\";',10,NULL,'2024-05-28 09:03:59',NULL,NULL,NULL,NULL),(33575,'products',1219,'name changed from \"Underwear\" to \"underwear\";',10,NULL,'2024-05-28 09:03:59',NULL,NULL,NULL,NULL),(33576,'products',1234,'name changed from \"Jackets\" to \"jackets\";',18,NULL,'2024-05-28 09:03:59',NULL,NULL,NULL,NULL),(33577,'products',1239,'name changed from \"Swimwear\" to \"swimwear\";',11,NULL,'2024-05-28 09:03:59',NULL,NULL,NULL,NULL),(33578,'products',1221,'name changed from \"Tights\" to \"tights\";',31,NULL,'2024-05-28 09:03:59',NULL,NULL,NULL,NULL),(33579,'products',1230,'name changed from \"T-Shirts\" to \"t-shirts\";',10,NULL,'2024-05-28 09:03:59',NULL,NULL,NULL,NULL),(33580,'products',1240,'name changed from \"Swimwear\" to \"swimwear\";',31,NULL,'2024-05-28 09:03:59',NULL,NULL,NULL,NULL),(33581,'products',1251,'name changed from \"Umbrellas\" to \"umbrellas\";',10,NULL,'2024-05-28 09:03:59',NULL,NULL,NULL,NULL),(33582,'products',1257,'name changed from \"Food\" to \"food\";',17,NULL,'2024-05-28 09:03:59',NULL,NULL,NULL,NULL),(33583,'products',1217,'name changed from \"Underwear\" to \"underwear\";',33,NULL,'2024-05-28 09:03:59',NULL,NULL,NULL,NULL),(33584,'products',1246,'name changed from \"Socks\" to \"socks\";',15,NULL,'2024-05-28 09:03:59',NULL,NULL,NULL,NULL),(33585,'products',1249,'name changed from \"Belts\" to \"belts\";',15,NULL,'2024-05-28 09:03:59',NULL,NULL,NULL,NULL),(33586,'products',1228,'name changed from \"Trousers\" to \"trousers\";',17,NULL,'2024-05-28 09:03:59',NULL,NULL,NULL,NULL),(33587,'products',1220,'name changed from \"Underwear\" to \"underwear\";',11,NULL,'2024-05-28 09:03:59',NULL,NULL,NULL,NULL),(33588,'products',1266,'name changed from \"Shoes\" to \"shoes\";',16,NULL,'2024-05-28 09:03:59',NULL,NULL,NULL,NULL),(33589,'products',1253,'name changed from \"Towels\" to \"towels\";',10,NULL,'2024-05-28 09:03:59',NULL,NULL,NULL,NULL),(33590,'products',1261,'name changed from \"Shirts\" to \"shirts\";',18,NULL,'2024-05-28 09:03:59',NULL,NULL,NULL,NULL),(33591,'products',1243,'name changed from \"Gloves\" to \"gloves\";',11,NULL,'2024-05-28 09:03:59',NULL,NULL,NULL,NULL),(33592,'products',1218,'name changed from \"Underwear\" to \"underwear\";',17,NULL,'2024-05-28 09:03:59',NULL,NULL,NULL,NULL),(33593,'products',1224,'name changed from \"Tights\" to \"tights\";',11,NULL,'2024-05-28 09:03:59',NULL,NULL,NULL,NULL),(33594,'products',1252,'name changed from \"Pillows\" to \"pillows\";',10,NULL,'2024-05-28 09:03:59',NULL,NULL,NULL,NULL),(33595,'products',1229,'name changed from \"T-Shirts\" to \"t-shirts\";',33,NULL,'2024-05-28 09:03:59',NULL,NULL,NULL,NULL),(33596,'products',1247,'name changed from \"Hats\" to \"hats\";',16,NULL,'2024-05-28 09:03:59',NULL,NULL,NULL,NULL),(33597,'products',1239,'value',31,NULL,'2024-05-28 09:03:59',5,63,NULL,NULL),(33598,'products',1253,'value',31,NULL,'2024-05-28 09:03:59',53,5,NULL,NULL),(33599,'products',1218,'value',17,NULL,'2024-05-28 09:03:59',81,3,NULL,NULL),(33600,'products',1237,'value',33,NULL,'2024-05-28 09:03:59',31,25,NULL,NULL),(33601,'products',1222,'value',17,NULL,'2024-05-28 09:03:59',15,74,NULL,NULL),(33602,'products',1233,'value',16,NULL,'2024-05-28 09:03:59',72,74,NULL,NULL),(33603,'products',1256,'value',10,NULL,'2024-05-28 09:04:00',17,21,NULL,NULL),(33604,'products',1261,'value',16,NULL,'2024-05-28 09:04:00',46,55,NULL,NULL),(33605,'products',1225,'value',31,NULL,'2024-05-28 09:04:00',86,93,NULL,NULL),(33606,'products',1255,'value',33,NULL,'2024-05-28 09:04:00',44,80,NULL,NULL),(33607,'products',1227,'value',18,NULL,'2024-05-28 09:04:00',71,45,NULL,NULL),(33608,'products',1221,'value',11,NULL,'2024-05-28 09:04:00',1,89,NULL,NULL),(33609,'products',1242,'value',17,NULL,'2024-05-28 09:04:00',40,50,NULL,NULL),(33610,'products',1262,'value',16,NULL,'2024-05-28 09:04:00',59,49,NULL,NULL),(33611,'products',1236,'value',33,NULL,'2024-05-28 09:04:00',54,48,NULL,NULL),(33612,'products',1220,'value',31,NULL,'2024-05-28 09:04:00',99,18,NULL,NULL),(33613,'products',1248,'value',33,NULL,'2024-05-28 09:04:00',73,67,NULL,NULL),(33614,'products',1266,'value',15,NULL,'2024-05-28 09:04:00',74,29,NULL,NULL),(33615,'products',1237,'value',15,NULL,'2024-05-28 09:04:00',25,7,NULL,NULL),(33616,'products',1221,'value',10,NULL,'2024-05-28 09:04:00',89,60,NULL,NULL),(33617,'products',1266,'value',11,NULL,'2024-05-28 09:04:00',29,16,NULL,NULL),(33618,'products',1228,'value',16,NULL,'2024-05-28 09:04:00',43,100,NULL,NULL),(33619,'products',1238,'value',18,NULL,'2024-05-28 09:04:00',76,42,NULL,NULL),(33620,'products',1241,'value',10,NULL,'2024-05-28 09:04:00',87,16,NULL,NULL),(33621,'products',1249,'value',10,NULL,'2024-05-28 09:04:00',59,22,NULL,NULL),(33622,'products',1256,'value',10,NULL,'2024-05-28 09:04:00',21,58,NULL,NULL),(33623,'products',1245,'value',11,NULL,'2024-05-28 09:04:00',73,62,NULL,NULL),(33624,'products',1229,'value',33,NULL,'2024-05-28 09:04:00',20,81,NULL,NULL),(33625,'products',1251,'value',15,NULL,'2024-05-28 09:04:00',26,22,NULL,NULL),(33626,'products',1241,'value',10,NULL,'2024-05-28 09:04:00',16,92,NULL,NULL),(33627,'products',1265,'value',16,NULL,'2024-05-28 09:04:00',0,42,NULL,NULL),(33628,'products',1261,'value',15,NULL,'2024-05-28 09:04:00',55,95,NULL,NULL),(33629,'products',1228,'value',15,NULL,'2024-05-28 09:04:00',100,14,NULL,NULL),(33630,'products',1220,'value',16,NULL,'2024-05-28 09:04:00',18,72,NULL,NULL),(33631,'products',1264,'value',17,NULL,'2024-05-28 09:04:00',98,37,NULL,NULL),(33632,'products',1238,'comments changed from \"Herself hope.\" to \"At I.\";',17,NULL,'2024-05-28 09:04:00',NULL,NULL,NULL,NULL),(33633,'products',1264,'comments changed from \"None\" to \"Both.\";',17,NULL,'2024-05-28 09:04:00',NULL,NULL,NULL,NULL),(33634,'products',1220,'comments changed from \"Nor term yourself.\" to \"Likely whom.\";',15,NULL,'2024-05-28 09:04:00',NULL,NULL,NULL,NULL),(33635,'products',1220,'comments changed from \"Likely whom.\" to \"Lay.\";',15,NULL,'2024-05-28 09:04:00',NULL,NULL,NULL,NULL),(33636,'products',1223,'comments changed from \"May me.\" to \"Possible.\";',15,NULL,'2024-05-28 09:04:00',NULL,NULL,NULL,NULL),(33637,'products',1250,'comments changed from \"Reveal thus get.\" to \"Feel.\";',11,NULL,'2024-05-28 09:04:00',NULL,NULL,NULL,NULL),(33638,'products',1237,'comments changed from \"Middle speak.\" to \"Ahead sell.\";',18,NULL,'2024-05-28 09:04:00',NULL,NULL,NULL,NULL),(33639,'products',1260,'comments changed from \"Understand difficult.\" to \"Another.\";',15,NULL,'2024-05-28 09:04:00',NULL,NULL,NULL,NULL),(33640,'products',1230,'stockincontainer',11,NULL,'2024-05-28 09:04:00',0,1,NULL,NULL),(33641,'products',1236,'stockincontainer',31,NULL,'2024-05-28 09:04:00',0,1,NULL,NULL),(33642,'products',1234,'stockincontainer',33,NULL,'2024-05-28 09:04:00',0,1,NULL,NULL),(33643,'products',1241,'stockincontainer',18,NULL,'2024-05-28 09:04:00',0,1,NULL,NULL),(33644,'products',1259,'stockincontainer',31,NULL,'2024-05-28 09:04:00',0,1,NULL,NULL),(33645,'products',1228,'stockincontainer',18,NULL,'2024-05-28 09:04:00',0,1,NULL,NULL),(33646,'products',1247,'stockincontainer',11,NULL,'2024-05-28 09:04:00',0,1,NULL,NULL),(33647,'products',1224,'stockincontainer',16,NULL,'2024-05-28 09:04:00',0,1,NULL,NULL),(33648,'products',1217,'stockincontainer',15,NULL,'2024-05-28 09:04:00',0,1,NULL,NULL),(33649,'products',1233,'stockincontainer',17,NULL,'2024-05-28 09:04:00',0,1,NULL,NULL),(33650,'products',1223,'stockincontainer',31,NULL,'2024-05-28 09:04:00',0,1,NULL,NULL),(33651,'products',1223,'stockincontainer',16,NULL,'2024-05-28 09:04:00',1,0,NULL,NULL),(33652,'products',1240,'stockincontainer',10,NULL,'2024-05-28 09:04:00',0,1,NULL,NULL),(33653,'products',1229,'stockincontainer',17,NULL,'2024-05-28 09:04:00',0,1,NULL,NULL),(33654,'products',1251,'stockincontainer',15,NULL,'2024-05-28 09:04:00',0,1,NULL,NULL),(33655,'products',1239,'stockincontainer',15,NULL,'2024-05-28 09:04:00',0,1,NULL,NULL),(33656,'products',1248,'stockincontainer',17,NULL,'2024-05-28 09:04:00',1,0,NULL,NULL),(33657,'products',1224,'stockincontainer',10,NULL,'2024-05-28 09:04:00',1,0,NULL,NULL),(33658,'products',1255,'stockincontainer',18,NULL,'2024-05-28 09:04:00',0,1,NULL,NULL),(33659,'products',1265,'stockincontainer',18,NULL,'2024-05-28 09:04:00',0,1,NULL,NULL),(33660,'products',1241,'stockincontainer',31,NULL,'2024-05-28 09:04:00',1,0,NULL,NULL),(33661,'products',1266,'stockincontainer',31,NULL,'2024-05-28 09:04:00',0,1,NULL,NULL),(33662,'products',1225,'stockincontainer',31,NULL,'2024-05-28 09:04:00',0,1,NULL,NULL),(33663,'products',1233,'stockincontainer',18,NULL,'2024-05-28 09:04:00',1,0,NULL,NULL),(33664,'products',1255,'stockincontainer',10,NULL,'2024-05-28 09:04:00',1,0,NULL,NULL),(33665,'products',1224,'stockincontainer',11,NULL,'2024-05-28 09:04:00',0,1,NULL,NULL),(33666,'products',1229,'stockincontainer',33,NULL,'2024-05-28 09:04:00',1,0,NULL,NULL),(33667,'products',1241,'stockincontainer',11,NULL,'2024-05-28 09:04:00',0,1,NULL,NULL),(33668,'products',1235,'stockincontainer',17,NULL,'2024-05-28 09:04:00',0,1,NULL,NULL),(33669,'products',1248,'stockincontainer',16,NULL,'2024-05-28 09:04:00',0,1,NULL,NULL),(33670,'products',1244,'stockincontainer',16,NULL,'2024-05-28 09:04:00',0,1,NULL,NULL),(33671,'products',1245,'stockincontainer',11,NULL,'2024-05-28 09:04:00',0,1,NULL,NULL),(33672,'products',1259,'stockincontainer',31,NULL,'2024-05-28 09:04:00',1,0,NULL,NULL),(33673,'products',1227,'stockincontainer',17,NULL,'2024-05-28 09:04:00',0,1,NULL,NULL),(33674,'products',1231,'stockincontainer',11,NULL,'2024-05-28 09:04:00',0,1,NULL,NULL),(33675,'products',1229,'stockincontainer',17,NULL,'2024-05-28 09:04:00',0,1,NULL,NULL),(33676,'products',1235,'stockincontainer',17,NULL,'2024-05-28 09:04:00',1,0,NULL,NULL),(33677,'products',1265,'stockincontainer',18,NULL,'2024-05-28 09:04:00',1,0,NULL,NULL),(33678,'products',1266,'stockincontainer',11,NULL,'2024-05-28 09:04:00',1,0,NULL,NULL),(33679,'products',1244,'stockincontainer',31,NULL,'2024-05-28 09:04:00',1,0,NULL,NULL),(33680,'products',1218,'stockincontainer',33,NULL,'2024-05-28 09:04:00',0,1,NULL,NULL),(33681,'products',1228,'stockincontainer',17,NULL,'2024-05-28 09:04:01',1,0,NULL,NULL),(33682,'products',1258,'stockincontainer',11,NULL,'2024-05-28 09:04:01',0,1,NULL,NULL),(33683,'products',1264,'stockincontainer',10,NULL,'2024-05-28 09:04:01',0,1,NULL,NULL),(33684,'products',1232,'stockincontainer',17,NULL,'2024-05-28 09:04:01',0,1,NULL,NULL),(33685,'products',1264,'stockincontainer',18,NULL,'2024-05-28 09:04:01',1,0,NULL,NULL),(33686,'products',1239,'stockincontainer',11,NULL,'2024-05-28 09:04:01',1,0,NULL,NULL),(33687,'products',1268,'Record created',17,NULL,'2024-05-28 09:04:01',NULL,NULL,NULL,NULL),(33688,'products',1269,'Record created',34,NULL,'2024-05-28 09:04:01',NULL,NULL,NULL,NULL),(33689,'products',1270,'Record created',17,NULL,'2024-05-28 09:04:01',NULL,NULL,NULL,NULL),(33690,'products',1271,'Record created',34,NULL,'2024-05-28 09:04:01',NULL,NULL,NULL,NULL),(33691,'products',1272,'Record created',34,NULL,'2024-05-28 09:04:01',NULL,NULL,NULL,NULL),(33692,'products',1273,'Record created',18,NULL,'2024-05-28 09:04:01',NULL,NULL,NULL,NULL),(33693,'products',1274,'Record created',32,NULL,'2024-05-28 09:04:01',NULL,NULL,NULL,NULL),(33694,'products',1275,'Record created',34,NULL,'2024-05-28 09:04:01',NULL,NULL,NULL,NULL),(33695,'products',1276,'Record created',10,NULL,'2024-05-28 09:04:01',NULL,NULL,NULL,NULL),(33696,'products',1277,'Record created',12,NULL,'2024-05-28 09:04:01',NULL,NULL,NULL,NULL),(33697,'products',1278,'Record created',10,NULL,'2024-05-28 09:04:01',NULL,NULL,NULL,NULL),(33698,'products',1279,'Record created',15,NULL,'2024-05-28 09:04:01',NULL,NULL,NULL,NULL),(33699,'products',1280,'Record created',17,NULL,'2024-05-28 09:04:01',NULL,NULL,NULL,NULL),(33700,'products',1281,'Record created',16,NULL,'2024-05-28 09:04:01',NULL,NULL,NULL,NULL),(33701,'products',1282,'Record created',10,NULL,'2024-05-28 09:04:01',NULL,NULL,NULL,NULL),(33702,'products',1283,'Record created',16,NULL,'2024-05-28 09:04:01',NULL,NULL,NULL,NULL),(33703,'products',1284,'Record created',32,NULL,'2024-05-28 09:04:01',NULL,NULL,NULL,NULL),(33704,'products',1285,'Record created',10,NULL,'2024-05-28 09:04:01',NULL,NULL,NULL,NULL),(33705,'products',1286,'Record created',18,NULL,'2024-05-28 09:04:01',NULL,NULL,NULL,NULL),(33706,'products',1287,'Record created',15,NULL,'2024-05-28 09:04:01',NULL,NULL,NULL,NULL),(33707,'products',1288,'Record created',17,NULL,'2024-05-28 09:04:01',NULL,NULL,NULL,NULL),(33708,'products',1289,'Record created',18,NULL,'2024-05-28 09:04:01',NULL,NULL,NULL,NULL),(33709,'products',1290,'Record created',32,NULL,'2024-05-28 09:04:01',NULL,NULL,NULL,NULL),(33710,'products',1291,'Record created',16,NULL,'2024-05-28 09:04:01',NULL,NULL,NULL,NULL),(33711,'products',1292,'Record created',12,NULL,'2024-05-28 09:04:01',NULL,NULL,NULL,NULL),(33712,'products',1293,'Record created',32,NULL,'2024-05-28 09:04:01',NULL,NULL,NULL,NULL),(33713,'products',1294,'Record created',17,NULL,'2024-05-28 09:04:01',NULL,NULL,NULL,NULL),(33714,'products',1295,'Record created',16,NULL,'2024-05-28 09:04:01',NULL,NULL,NULL,NULL),(33715,'products',1296,'Record created',15,NULL,'2024-05-28 09:04:01',NULL,NULL,NULL,NULL),(33716,'products',1297,'Record created',18,NULL,'2024-05-28 09:04:01',NULL,NULL,NULL,NULL),(33717,'products',1298,'Record created',34,NULL,'2024-05-28 09:04:01',NULL,NULL,NULL,NULL),(33718,'products',1299,'Record created',17,NULL,'2024-05-28 09:04:01',NULL,NULL,NULL,NULL),(33719,'products',1300,'Record created',18,NULL,'2024-05-28 09:04:01',NULL,NULL,NULL,NULL),(33720,'products',1301,'Record created',15,NULL,'2024-05-28 09:04:01',NULL,NULL,NULL,NULL),(33721,'products',1302,'Record created',32,NULL,'2024-05-28 09:04:01',NULL,NULL,NULL,NULL),(33722,'products',1303,'Record created',34,NULL,'2024-05-28 09:04:01',NULL,NULL,NULL,NULL),(33723,'products',1304,'Record created',18,NULL,'2024-05-28 09:04:01',NULL,NULL,NULL,NULL),(33724,'products',1305,'Record created',34,NULL,'2024-05-28 09:04:01',NULL,NULL,NULL,NULL),(33725,'products',1306,'Record created',12,NULL,'2024-05-28 09:04:01',NULL,NULL,NULL,NULL),(33726,'products',1307,'Record created',10,NULL,'2024-05-28 09:04:01',NULL,NULL,NULL,NULL),(33727,'products',1308,'Record created',15,NULL,'2024-05-28 09:04:01',NULL,NULL,NULL,NULL),(33728,'products',1309,'Record created',12,NULL,'2024-05-28 09:04:01',NULL,NULL,NULL,NULL),(33729,'products',1310,'Record created',16,NULL,'2024-05-28 09:04:01',NULL,NULL,NULL,NULL),(33730,'products',1311,'Record created',15,NULL,'2024-05-28 09:04:01',NULL,NULL,NULL,NULL),(33731,'products',1312,'Record created',34,NULL,'2024-05-28 09:04:01',NULL,NULL,NULL,NULL),(33732,'products',1313,'Record created',15,NULL,'2024-05-28 09:04:01',NULL,NULL,NULL,NULL),(33733,'products',1314,'Record created',17,NULL,'2024-05-28 09:04:01',NULL,NULL,NULL,NULL),(33734,'products',1315,'Record created',10,NULL,'2024-05-28 09:04:01',NULL,NULL,NULL,NULL),(33735,'products',1316,'Record created',15,NULL,'2024-05-28 09:04:01',NULL,NULL,NULL,NULL),(33736,'products',1317,'Record created',10,NULL,'2024-05-28 09:04:01',NULL,NULL,NULL,NULL),(33737,'products',1318,'Record created',34,NULL,'2024-05-28 09:04:01',NULL,NULL,NULL,NULL),(33738,'products',1318,'gender_id',12,NULL,'2024-05-28 09:04:01',6,10,NULL,NULL),(33739,'products',1318,'Record deleted',16,NULL,'2024-05-28 09:04:01',NULL,NULL,NULL,NULL),(33740,'products',1315,'name changed from \"Shoes\" to \"shoes\";',17,NULL,'2024-05-28 09:04:01',NULL,NULL,NULL,NULL),(33741,'products',1294,'name changed from \"Gloves\" to \"gloves\";',15,NULL,'2024-05-28 09:04:01',NULL,NULL,NULL,NULL),(33742,'products',1286,'name changed from \"Jackets\" to \"jackets\";',18,NULL,'2024-05-28 09:04:01',NULL,NULL,NULL,NULL),(33743,'products',1317,'name changed from \"Shoes\" to \"shoes\";',32,NULL,'2024-05-28 09:04:01',NULL,NULL,NULL,NULL),(33744,'products',1270,'name changed from \"Underwear\" to \"underwear\";',16,NULL,'2024-05-28 09:04:01',NULL,NULL,NULL,NULL),(33745,'products',1301,'name changed from \"Belts\" to \"belts\";',17,NULL,'2024-05-28 09:04:01',NULL,NULL,NULL,NULL),(33746,'products',1273,'name changed from \"Tights\" to \"tights\";',12,NULL,'2024-05-28 09:04:01',NULL,NULL,NULL,NULL),(33747,'products',1293,'name changed from \"Gloves\" to \"gloves\";',32,NULL,'2024-05-28 09:04:01',NULL,NULL,NULL,NULL),(33748,'products',1300,'name changed from \"Belts\" to \"belts\";',18,NULL,'2024-05-28 09:04:01',NULL,NULL,NULL,NULL),(33749,'products',1277,'name changed from \"Trousers\" to \"trousers\";',10,NULL,'2024-05-28 09:04:01',NULL,NULL,NULL,NULL),(33750,'products',1296,'name changed from \"Socks\" to \"socks\";',32,NULL,'2024-05-28 09:04:01',NULL,NULL,NULL,NULL),(33751,'products',1303,'name changed from \"Pillows\" to \"pillows\";',18,NULL,'2024-05-28 09:04:01',NULL,NULL,NULL,NULL),(33752,'products',1311,'name changed from \"Inhalation device\" to \"inhalation device\";',15,NULL,'2024-05-28 09:04:01',NULL,NULL,NULL,NULL),(33753,'products',1288,'name changed from \"Swimwear\" to \"swimwear\";',16,NULL,'2024-05-28 09:04:01',NULL,NULL,NULL,NULL),(33754,'products',1271,'name changed from \"Underwear\" to \"underwear\";',12,NULL,'2024-05-28 09:04:01',NULL,NULL,NULL,NULL),(33755,'products',1283,'name changed from \"T-Shirts\" to \"t-shirts\";',12,NULL,'2024-05-28 09:04:01',NULL,NULL,NULL,NULL),(33756,'products',1289,'name changed from \"Swimwear\" to \"swimwear\";',10,NULL,'2024-05-28 09:04:01',NULL,NULL,NULL,NULL),(33757,'products',1285,'name changed from \"Jackets\" to \"jackets\";',17,NULL,'2024-05-28 09:04:01',NULL,NULL,NULL,NULL),(33758,'products',1305,'name changed from \"Toys\" to \"toys\";',16,NULL,'2024-05-28 09:04:01',NULL,NULL,NULL,NULL),(33759,'products',1290,'name changed from \"Swimwear\" to \"swimwear\";',16,NULL,'2024-05-28 09:04:02',NULL,NULL,NULL,NULL),(33760,'products',1284,'name changed from \"Jackets\" to \"jackets\";',10,NULL,'2024-05-28 09:04:02',NULL,NULL,NULL,NULL),(33761,'products',1272,'name changed from \"Tights\" to \"tights\";',18,NULL,'2024-05-28 09:04:02',NULL,NULL,NULL,NULL),(33762,'products',1269,'name changed from \"Underwear\" to \"underwear\";',32,NULL,'2024-05-28 09:04:02',NULL,NULL,NULL,NULL),(33763,'products',1310,'name changed from \"Candles\" to \"candles\";',16,NULL,'2024-05-28 09:04:02',NULL,NULL,NULL,NULL),(33764,'products',1306,'name changed from \"Soap\" to \"soap\";',32,NULL,'2024-05-28 09:04:02',NULL,NULL,NULL,NULL),(33765,'products',1276,'name changed from \"Trousers\" to \"trousers\";',10,NULL,'2024-05-28 09:04:02',NULL,NULL,NULL,NULL),(33766,'products',1299,'name changed from \"Hats\" to \"hats\";',32,NULL,'2024-05-28 09:04:02',NULL,NULL,NULL,NULL),(33767,'products',1282,'value',12,NULL,'2024-05-28 09:04:02',22,26,NULL,NULL),(33768,'products',1292,'value',32,NULL,'2024-05-28 09:04:02',62,99,NULL,NULL),(33769,'products',1307,'value',32,NULL,'2024-05-28 09:04:02',26,5,NULL,NULL),(33770,'products',1287,'value',17,NULL,'2024-05-28 09:04:02',36,67,NULL,NULL),(33771,'products',1317,'value',10,NULL,'2024-05-28 09:04:02',9,65,NULL,NULL),(33772,'products',1313,'value',16,NULL,'2024-05-28 09:04:02',42,45,NULL,NULL),(33773,'products',1275,'value',32,NULL,'2024-05-28 09:04:02',48,77,NULL,NULL),(33774,'products',1301,'comments changed from \"Agency feeling future.\" to \"Film.\";',34,NULL,'2024-05-28 09:04:02',NULL,NULL,NULL,NULL),(33775,'products',1272,'comments changed from \"Use natural.\" to \"Long stock.\";',16,NULL,'2024-05-28 09:04:02',NULL,NULL,NULL,NULL),(33776,'products',1311,'comments changed from \"Blue world what east.\" to \"Later hospital.\";',32,NULL,'2024-05-28 09:04:02',NULL,NULL,NULL,NULL),(33777,'products',1299,'comments changed from \"Adult on idea.\" to \"Effect.\";',15,NULL,'2024-05-28 09:04:02',NULL,NULL,NULL,NULL),(33778,'products',1287,'comments changed from \"First save expert.\" to \"Call eight.\";',15,NULL,'2024-05-28 09:04:02',NULL,NULL,NULL,NULL),(33779,'products',1313,'comments changed from \"Sign surface.\" to \"Six western.\";',16,NULL,'2024-05-28 09:04:02',NULL,NULL,NULL,NULL),(33780,'products',1271,'comments changed from \"Nation learn much.\" to \"Agreement.\";',34,NULL,'2024-05-28 09:04:02',NULL,NULL,NULL,NULL),(33781,'products',1281,'comments changed from \"Team whose spring heart.\" to \"Student.\";',18,NULL,'2024-05-28 09:04:02',NULL,NULL,NULL,NULL),(33782,'products',1283,'comments changed from \"Myself door show.\" to \"Performance fact.\";',34,NULL,'2024-05-28 09:04:02',NULL,NULL,NULL,NULL),(33783,'products',1300,'comments changed from \"To race.\" to \"Investment increase.\";',17,NULL,'2024-05-28 09:04:02',NULL,NULL,NULL,NULL),(33784,'products',1298,'comments changed from \"Usually save next.\" to \"Among.\";',34,NULL,'2024-05-28 09:04:02',NULL,NULL,NULL,NULL),(33785,'products',1298,'comments changed from \"Among.\" to \"Approach.\";',32,NULL,'2024-05-28 09:04:02',NULL,NULL,NULL,NULL),(33786,'products',1286,'comments changed from \"Suddenly.\" to \"Owner read.\";',17,NULL,'2024-05-28 09:04:02',NULL,NULL,NULL,NULL),(33787,'products',1311,'comments changed from \"Later hospital.\" to \"Short.\";',34,NULL,'2024-05-28 09:04:02',NULL,NULL,NULL,NULL),(33788,'products',1291,'comments changed from \"Country voice put.\" to \"Interest service.\";',32,NULL,'2024-05-28 09:04:02',NULL,NULL,NULL,NULL),(33789,'products',1278,'comments changed from \"Throughout very significant.\" to \"Citizen.\";',18,NULL,'2024-05-28 09:04:02',NULL,NULL,NULL,NULL),(33790,'products',1281,'comments changed from \"Student.\" to \"To huge.\";',15,NULL,'2024-05-28 09:04:02',NULL,NULL,NULL,NULL),(33791,'products',1285,'comments changed from \"Enter crime important.\" to \"Career course.\";',32,NULL,'2024-05-28 09:04:02',NULL,NULL,NULL,NULL),(33792,'products',1270,'comments changed from \"Quality see.\" to \"Who.\";',12,NULL,'2024-05-28 09:04:02',NULL,NULL,NULL,NULL),(33793,'products',1314,'comments changed from \"Board learn.\" to \"Drug.\";',34,NULL,'2024-05-28 09:04:02',NULL,NULL,NULL,NULL),(33794,'products',1311,'comments changed from \"Short.\" to \"Star trial.\";',18,NULL,'2024-05-28 09:04:02',NULL,NULL,NULL,NULL),(33795,'products',1309,'comments changed from \"Live recently.\" to \"Although.\";',34,NULL,'2024-05-28 09:04:02',NULL,NULL,NULL,NULL),(33796,'products',1295,'comments changed from \"Course hair week.\" to \"Congress wait.\";',12,NULL,'2024-05-28 09:04:02',NULL,NULL,NULL,NULL),(33797,'products',1317,'comments changed from \"None\" to \"Will pull.\";',17,NULL,'2024-05-28 09:04:02',NULL,NULL,NULL,NULL),(33798,'products',1296,'comments changed from \"Condition improve.\" to \"Whom hand.\";',18,NULL,'2024-05-28 09:04:02',NULL,NULL,NULL,NULL),(33799,'products',1269,'comments changed from \"Red western just.\" to \"Himself.\";',17,NULL,'2024-05-28 09:04:02',NULL,NULL,NULL,NULL),(33800,'products',1275,'comments changed from \"Management father weight.\" to \"World.\";',18,NULL,'2024-05-28 09:04:02',NULL,NULL,NULL,NULL),(33801,'products',1304,'comments changed from \"Type peace.\" to \"Before.\";',16,NULL,'2024-05-28 09:04:02',NULL,NULL,NULL,NULL),(33802,'products',1310,'comments changed from \"Traditional maintain use.\" to \"Law.\";',12,NULL,'2024-05-28 09:04:02',NULL,NULL,NULL,NULL),(33803,'products',1313,'comments changed from \"Six western.\" to \"My.\";',17,NULL,'2024-05-28 09:04:02',NULL,NULL,NULL,NULL),(33804,'products',1297,'comments changed from \"What perform.\" to \"Include.\";',15,NULL,'2024-05-28 09:04:02',NULL,NULL,NULL,NULL),(33805,'products',1297,'comments changed from \"Include.\" to \"Successful school.\";',17,NULL,'2024-05-28 09:04:02',NULL,NULL,NULL,NULL),(33806,'products',1289,'comments changed from \"Onto game free.\" to \"How.\";',17,NULL,'2024-05-28 09:04:02',NULL,NULL,NULL,NULL),(33807,'products',1303,'comments changed from \"Financial end establish.\" to \"Picture new.\";',16,NULL,'2024-05-28 09:04:02',NULL,NULL,NULL,NULL),(33808,'products',1287,'comments changed from \"Call eight.\" to \"Organization Mrs.\";',16,NULL,'2024-05-28 09:04:02',NULL,NULL,NULL,NULL),(33809,'products',1312,'comments changed from \"Human author.\" to \"Focus.\";',32,NULL,'2024-05-28 09:04:02',NULL,NULL,NULL,NULL),(33810,'products',1314,'comments changed from \"Drug.\" to \"Situation.\";',12,NULL,'2024-05-28 09:04:02',NULL,NULL,NULL,NULL),(33811,'products',1288,'comments changed from \"Property produce risk.\" to \"Book assume.\";',12,NULL,'2024-05-28 09:04:02',NULL,NULL,NULL,NULL),(33812,'products',1317,'comments changed from \"Will pull.\" to \"Memory realize.\";',18,NULL,'2024-05-28 09:04:02',NULL,NULL,NULL,NULL),(33813,'products',1301,'comments changed from \"Film.\" to \"Fine force.\";',12,NULL,'2024-05-28 09:04:02',NULL,NULL,NULL,NULL),(33814,'products',1310,'comments changed from \"Law.\" to \"Seven.\";',17,NULL,'2024-05-28 09:04:02',NULL,NULL,NULL,NULL),(33815,'products',1294,'comments changed from \"Agree garden probably.\" to \"Your.\";',10,NULL,'2024-05-28 09:04:02',NULL,NULL,NULL,NULL),(33816,'products',1312,'comments changed from \"Focus.\" to \"Work city.\";',10,NULL,'2024-05-28 09:04:02',NULL,NULL,NULL,NULL),(33817,'products',1313,'stockincontainer',32,NULL,'2024-05-28 09:04:02',0,1,NULL,NULL),(33818,'products',1297,'stockincontainer',16,NULL,'2024-05-28 09:04:02',0,1,NULL,NULL),(33819,'products',1288,'stockincontainer',15,NULL,'2024-05-28 09:04:02',0,1,NULL,NULL),(33820,'products',1284,'stockincontainer',10,NULL,'2024-05-28 09:04:02',1,0,NULL,NULL),(33821,'products',1299,'stockincontainer',15,NULL,'2024-05-28 09:04:02',0,1,NULL,NULL),(33822,'products',1271,'stockincontainer',34,NULL,'2024-05-28 09:04:02',0,1,NULL,NULL),(33823,'products',1306,'stockincontainer',15,NULL,'2024-05-28 09:04:02',0,1,NULL,NULL),(33824,'products',1295,'stockincontainer',12,NULL,'2024-05-28 09:04:02',0,1,NULL,NULL),(33825,'products',1315,'stockincontainer',15,NULL,'2024-05-28 09:04:02',0,1,NULL,NULL),(33826,'products',1293,'stockincontainer',32,NULL,'2024-05-28 09:04:02',0,1,NULL,NULL),(33827,'products',1303,'stockincontainer',18,NULL,'2024-05-28 09:04:02',1,0,NULL,NULL),(33828,'products',1288,'stockincontainer',16,NULL,'2024-05-28 09:04:02',1,0,NULL,NULL),(33829,'products',1317,'stockincontainer',15,NULL,'2024-05-28 09:04:02',0,1,NULL,NULL),(33830,'products',1300,'stockincontainer',18,NULL,'2024-05-28 09:04:02',0,1,NULL,NULL),(33831,'products',1289,'stockincontainer',12,NULL,'2024-05-28 09:04:02',0,1,NULL,NULL),(33832,'products',1293,'stockincontainer',34,NULL,'2024-05-28 09:04:02',1,0,NULL,NULL),(33833,'products',1274,'stockincontainer',17,NULL,'2024-05-28 09:04:02',0,1,NULL,NULL),(33834,'products',1313,'stockincontainer',12,NULL,'2024-05-28 09:04:02',1,0,NULL,NULL),(33835,'products',1301,'stockincontainer',12,NULL,'2024-05-28 09:04:02',0,1,NULL,NULL),(33836,'products',1312,'stockincontainer',16,NULL,'2024-05-28 09:04:02',0,1,NULL,NULL),(33837,'products',1275,'stockincontainer',18,NULL,'2024-05-28 09:04:03',1,0,NULL,NULL),(33838,'products',1297,'stockincontainer',17,NULL,'2024-05-28 09:04:03',1,0,NULL,NULL),(33839,'products',1311,'stockincontainer',10,NULL,'2024-05-28 09:04:03',0,1,NULL,NULL),(33840,'products',1305,'stockincontainer',15,NULL,'2024-05-28 09:04:03',0,1,NULL,NULL),(33841,'products',1280,'stockincontainer',16,NULL,'2024-05-28 09:04:03',1,0,NULL,NULL),(33842,'products',1312,'stockincontainer',18,NULL,'2024-05-28 09:04:03',1,0,NULL,NULL),(33843,'products',1316,'stockincontainer',34,NULL,'2024-05-28 09:04:03',0,1,NULL,NULL),(33844,'products',1270,'stockincontainer',18,NULL,'2024-05-28 09:04:03',0,1,NULL,NULL),(33845,'products',1277,'stockincontainer',17,NULL,'2024-05-28 09:04:03',0,1,NULL,NULL),(33846,'products',1305,'stockincontainer',18,NULL,'2024-05-28 09:04:03',1,0,NULL,NULL),(33847,'products',1299,'stockincontainer',16,NULL,'2024-05-28 09:04:03',1,0,NULL,NULL),(33848,'products',1269,'stockincontainer',32,NULL,'2024-05-28 09:04:03',1,0,NULL,NULL),(33849,'products',1297,'stockincontainer',16,NULL,'2024-05-28 09:04:03',0,1,NULL,NULL),(33850,'products',1288,'stockincontainer',12,NULL,'2024-05-28 09:04:03',0,1,NULL,NULL),(33851,'products',1280,'stockincontainer',34,NULL,'2024-05-28 09:04:03',0,1,NULL,NULL),(33852,'products',1310,'stockincontainer',16,NULL,'2024-05-28 09:04:03',0,1,NULL,NULL),(33853,'products',1285,'stockincontainer',16,NULL,'2024-05-28 09:04:03',0,1,NULL,NULL),(33854,'products',1319,'Record created',39,NULL,'2024-05-28 09:04:03',NULL,NULL,NULL,NULL),(33855,'products',1320,'Record created',39,NULL,'2024-05-28 09:04:03',NULL,NULL,NULL,NULL),(33856,'products',1321,'Record created',19,NULL,'2024-05-28 09:04:03',NULL,NULL,NULL,NULL),(33857,'products',1322,'Record created',39,NULL,'2024-05-28 09:04:03',NULL,NULL,NULL,NULL),(33858,'products',1323,'Record created',20,NULL,'2024-05-28 09:04:03',NULL,NULL,NULL,NULL),(33859,'products',1324,'Record created',40,NULL,'2024-05-28 09:04:03',NULL,NULL,NULL,NULL),(33860,'products',1325,'Record created',18,NULL,'2024-05-28 09:04:03',NULL,NULL,NULL,NULL),(33861,'products',1326,'Record created',40,NULL,'2024-05-28 09:04:03',NULL,NULL,NULL,NULL),(33862,'products',1327,'Record created',41,NULL,'2024-05-28 09:04:03',NULL,NULL,NULL,NULL),(33863,'products',1328,'Record created',19,NULL,'2024-05-28 09:04:03',NULL,NULL,NULL,NULL),(33864,'products',1329,'Record created',41,NULL,'2024-05-28 09:04:03',NULL,NULL,NULL,NULL),(33865,'products',1330,'Record created',38,NULL,'2024-05-28 09:04:03',NULL,NULL,NULL,NULL),(33866,'products',1331,'Record created',19,NULL,'2024-05-28 09:04:03',NULL,NULL,NULL,NULL),(33867,'products',1332,'Record created',10,NULL,'2024-05-28 09:04:03',NULL,NULL,NULL,NULL),(33868,'products',1333,'Record created',40,NULL,'2024-05-28 09:04:03',NULL,NULL,NULL,NULL),(33869,'products',1334,'Record created',40,NULL,'2024-05-28 09:04:03',NULL,NULL,NULL,NULL),(33870,'products',1335,'Record created',18,NULL,'2024-05-28 09:04:03',NULL,NULL,NULL,NULL),(33871,'products',1336,'Record created',18,NULL,'2024-05-28 09:04:03',NULL,NULL,NULL,NULL),(33872,'products',1337,'Record created',20,NULL,'2024-05-28 09:04:03',NULL,NULL,NULL,NULL),(33873,'products',1338,'Record created',40,NULL,'2024-05-28 09:04:03',NULL,NULL,NULL,NULL),(33874,'products',1339,'Record created',38,NULL,'2024-05-28 09:04:03',NULL,NULL,NULL,NULL),(33875,'products',1340,'Record created',37,NULL,'2024-05-28 09:04:03',NULL,NULL,NULL,NULL),(33876,'products',1341,'Record created',39,NULL,'2024-05-28 09:04:03',NULL,NULL,NULL,NULL),(33877,'products',1342,'Record created',10,NULL,'2024-05-28 09:04:03',NULL,NULL,NULL,NULL),(33878,'products',1343,'Record created',41,NULL,'2024-05-28 09:04:03',NULL,NULL,NULL,NULL),(33879,'products',1344,'Record created',10,NULL,'2024-05-28 09:04:03',NULL,NULL,NULL,NULL),(33880,'products',1345,'Record created',20,NULL,'2024-05-28 09:04:03',NULL,NULL,NULL,NULL),(33881,'products',1346,'Record created',39,NULL,'2024-05-28 09:04:03',NULL,NULL,NULL,NULL),(33882,'products',1347,'Record created',39,NULL,'2024-05-28 09:04:03',NULL,NULL,NULL,NULL),(33883,'products',1348,'Record created',40,NULL,'2024-05-28 09:04:03',NULL,NULL,NULL,NULL),(33884,'products',1349,'Record created',19,NULL,'2024-05-28 09:04:03',NULL,NULL,NULL,NULL),(33885,'products',1350,'Record created',38,NULL,'2024-05-28 09:04:03',NULL,NULL,NULL,NULL),(33886,'products',1351,'Record created',10,NULL,'2024-05-28 09:04:03',NULL,NULL,NULL,NULL),(33887,'products',1352,'Record created',40,NULL,'2024-05-28 09:04:03',NULL,NULL,NULL,NULL),(33888,'products',1353,'Record created',40,NULL,'2024-05-28 09:04:03',NULL,NULL,NULL,NULL),(33889,'products',1354,'Record created',39,NULL,'2024-05-28 09:04:03',NULL,NULL,NULL,NULL),(33890,'products',1355,'Record created',39,NULL,'2024-05-28 09:04:03',NULL,NULL,NULL,NULL),(33891,'products',1356,'Record created',41,NULL,'2024-05-28 09:04:03',NULL,NULL,NULL,NULL),(33892,'products',1357,'Record created',19,NULL,'2024-05-28 09:04:03',NULL,NULL,NULL,NULL),(33893,'products',1358,'Record created',38,NULL,'2024-05-28 09:04:03',NULL,NULL,NULL,NULL),(33894,'products',1359,'Record created',20,NULL,'2024-05-28 09:04:03',NULL,NULL,NULL,NULL),(33895,'products',1360,'Record created',38,NULL,'2024-05-28 09:04:03',NULL,NULL,NULL,NULL),(33896,'products',1361,'Record created',18,NULL,'2024-05-28 09:04:03',NULL,NULL,NULL,NULL),(33897,'products',1362,'Record created',20,NULL,'2024-05-28 09:04:03',NULL,NULL,NULL,NULL),(33898,'products',1363,'Record created',38,NULL,'2024-05-28 09:04:03',NULL,NULL,NULL,NULL),(33899,'products',1364,'Record created',40,NULL,'2024-05-28 09:04:03',NULL,NULL,NULL,NULL),(33900,'products',1365,'Record created',19,NULL,'2024-05-28 09:04:03',NULL,NULL,NULL,NULL),(33901,'products',1366,'Record created',41,NULL,'2024-05-28 09:04:03',NULL,NULL,NULL,NULL),(33902,'products',1367,'Record created',37,NULL,'2024-05-28 09:04:03',NULL,NULL,NULL,NULL),(33903,'products',1368,'Record created',40,NULL,'2024-05-28 09:04:03',NULL,NULL,NULL,NULL),(33904,'products',1369,'Record created',20,NULL,'2024-05-28 09:04:03',NULL,NULL,NULL,NULL),(33905,'products',1369,'gender_id',40,NULL,'2024-05-28 09:04:03',6,10,NULL,NULL),(33906,'products',1369,'Record deleted',10,NULL,'2024-05-28 09:04:03',NULL,NULL,NULL,NULL),(33907,'products',1344,'name changed from \"Gloves\" to \"gloves\";',38,NULL,'2024-05-28 09:04:03',NULL,NULL,NULL,NULL),(33908,'products',1323,'name changed from \"Tights\" to \"tights\";',38,NULL,'2024-05-28 09:04:03',NULL,NULL,NULL,NULL),(33909,'products',1345,'name changed from \"Gloves\" to \"gloves\";',10,NULL,'2024-05-28 09:04:03',NULL,NULL,NULL,NULL),(33910,'products',1338,'name changed from \"Jackets\" to \"jackets\";',37,NULL,'2024-05-28 09:04:03',NULL,NULL,NULL,NULL),(33911,'products',1334,'name changed from \"T-Shirts\" to \"t-shirts\";',37,NULL,'2024-05-28 09:04:03',NULL,NULL,NULL,NULL),(33912,'products',1349,'name changed from \"Hats\" to \"hats\";',18,NULL,'2024-05-28 09:04:03',NULL,NULL,NULL,NULL),(33913,'products',1329,'name changed from \"Trousers\" to \"trousers\";',10,NULL,'2024-05-28 09:04:03',NULL,NULL,NULL,NULL),(33914,'products',1324,'name changed from \"Tights\" to \"tights\";',18,NULL,'2024-05-28 09:04:03',NULL,NULL,NULL,NULL),(33915,'products',1339,'name changed from \"Swimwear\" to \"swimwear\";',37,NULL,'2024-05-28 09:04:03',NULL,NULL,NULL,NULL),(33916,'products',1363,'name changed from \"Shirts\" to \"shirts\";',18,NULL,'2024-05-28 09:04:03',NULL,NULL,NULL,NULL),(33917,'products',1342,'name changed from \"Swimwear\" to \"swimwear\";',41,NULL,'2024-05-28 09:04:03',NULL,NULL,NULL,NULL),(33918,'products',1327,'name changed from \"Trousers\" to \"trousers\";',19,NULL,'2024-05-28 09:04:03',NULL,NULL,NULL,NULL),(33919,'products',1359,'name changed from \"Food\" to \"food\";',20,NULL,'2024-05-28 09:04:04',NULL,NULL,NULL,NULL),(33920,'products',1335,'name changed from \"Jackets\" to \"jackets\";',39,NULL,'2024-05-28 09:04:04',NULL,NULL,NULL,NULL),(33921,'products',1341,'name changed from \"Swimwear\" to \"swimwear\";',40,NULL,'2024-05-28 09:04:04',NULL,NULL,NULL,NULL),(33922,'products',1366,'value',41,NULL,'2024-05-28 09:04:04',84,28,NULL,NULL),(33923,'products',1337,'value',38,NULL,'2024-05-28 09:04:04',62,40,NULL,NULL),(33924,'products',1349,'value',40,NULL,'2024-05-28 09:04:04',58,30,NULL,NULL),(33925,'products',1337,'value',39,NULL,'2024-05-28 09:04:04',40,67,NULL,NULL),(33926,'products',1353,'value',19,NULL,'2024-05-28 09:04:04',67,96,NULL,NULL),(33927,'products',1368,'value',41,NULL,'2024-05-28 09:04:04',41,84,NULL,NULL),(33928,'products',1336,'value',20,NULL,'2024-05-28 09:04:04',7,40,NULL,NULL),(33929,'products',1360,'value',10,NULL,'2024-05-28 09:04:04',5,49,NULL,NULL),(33930,'products',1365,'value',41,NULL,'2024-05-28 09:04:04',4,65,NULL,NULL),(33931,'products',1364,'value',10,NULL,'2024-05-28 09:04:04',56,57,NULL,NULL),(33932,'products',1356,'value',39,NULL,'2024-05-28 09:04:04',85,37,NULL,NULL),(33933,'products',1341,'value',40,NULL,'2024-05-28 09:04:04',13,36,NULL,NULL),(33934,'products',1339,'value',38,NULL,'2024-05-28 09:04:04',47,7,NULL,NULL),(33935,'products',1362,'value',39,NULL,'2024-05-28 09:04:04',64,90,NULL,NULL),(33936,'products',1334,'value',37,NULL,'2024-05-28 09:04:04',97,24,NULL,NULL),(33937,'products',1343,'value',41,NULL,'2024-05-28 09:04:04',99,32,NULL,NULL),(33938,'products',1329,'value',41,NULL,'2024-05-28 09:04:04',48,24,NULL,NULL),(33939,'products',1347,'value',19,NULL,'2024-05-28 09:04:04',71,60,NULL,NULL),(33940,'products',1356,'value',38,NULL,'2024-05-28 09:04:04',37,88,NULL,NULL),(33941,'products',1362,'value',20,NULL,'2024-05-28 09:04:04',90,77,NULL,NULL),(33942,'products',1325,'value',20,NULL,'2024-05-28 09:04:04',25,8,NULL,NULL),(33943,'products',1325,'value',41,NULL,'2024-05-28 09:04:04',8,55,NULL,NULL),(33944,'products',1368,'value',38,NULL,'2024-05-28 09:04:04',84,18,NULL,NULL),(33945,'products',1326,'value',19,NULL,'2024-05-28 09:04:04',4,23,NULL,NULL),(33946,'products',1320,'value',38,NULL,'2024-05-28 09:04:04',87,45,NULL,NULL),(33947,'products',1330,'value',41,NULL,'2024-05-28 09:04:04',21,83,NULL,NULL),(33948,'products',1336,'value',20,NULL,'2024-05-28 09:04:04',40,42,NULL,NULL),(33949,'products',1322,'value',41,NULL,'2024-05-28 09:04:04',58,10,NULL,NULL),(33950,'products',1341,'value',39,NULL,'2024-05-28 09:04:04',36,31,NULL,NULL),(33951,'products',1335,'value',18,NULL,'2024-05-28 09:04:04',48,64,NULL,NULL),(33952,'products',1339,'value',10,NULL,'2024-05-28 09:04:04',7,93,NULL,NULL),(33953,'products',1325,'value',19,NULL,'2024-05-28 09:04:04',55,37,NULL,NULL),(33954,'products',1348,'value',20,NULL,'2024-05-28 09:04:04',6,66,NULL,NULL),(33955,'products',1332,'value',38,NULL,'2024-05-28 09:04:04',60,33,NULL,NULL),(33956,'products',1333,'value',18,NULL,'2024-05-28 09:04:04',51,24,NULL,NULL),(33957,'products',1354,'value',38,NULL,'2024-05-28 09:04:04',18,21,NULL,NULL),(33958,'products',1367,'value',40,NULL,'2024-05-28 09:04:04',12,81,NULL,NULL),(33959,'products',1325,'value',39,NULL,'2024-05-28 09:04:04',37,94,NULL,NULL),(33960,'products',1362,'value',40,NULL,'2024-05-28 09:04:04',77,26,NULL,NULL),(33961,'products',1367,'value',40,NULL,'2024-05-28 09:04:04',81,52,NULL,NULL),(33962,'products',1355,'value',39,NULL,'2024-05-28 09:04:04',7,46,NULL,NULL),(33963,'products',1350,'value',40,NULL,'2024-05-28 09:04:04',29,38,NULL,NULL),(33964,'products',1365,'comments changed from \"General minute firm.\" to \"Director guy.\";',18,NULL,'2024-05-28 09:04:04',NULL,NULL,NULL,NULL),(33965,'products',1342,'comments changed from \"Kind indeed never road.\" to \"Wind beyond.\";',41,NULL,'2024-05-28 09:04:04',NULL,NULL,NULL,NULL),(33966,'products',1350,'comments changed from \"Set floor.\" to \"Live decade.\";',37,NULL,'2024-05-28 09:04:04',NULL,NULL,NULL,NULL),(33967,'products',1354,'comments changed from \"They away question.\" to \"Left.\";',37,NULL,'2024-05-28 09:04:04',NULL,NULL,NULL,NULL),(33968,'products',1336,'comments changed from \"Believe career.\" to \"Develop.\";',41,NULL,'2024-05-28 09:04:04',NULL,NULL,NULL,NULL),(33969,'products',1357,'comments changed from \"Feel someone man.\" to \"Billion himself.\";',18,NULL,'2024-05-28 09:04:04',NULL,NULL,NULL,NULL),(33970,'products',1332,'comments changed from \"Growth produce memory financial.\" to \"Many.\";',38,NULL,'2024-05-28 09:04:04',NULL,NULL,NULL,NULL),(33971,'products',1358,'comments changed from \"Should rise.\" to \"A black.\";',41,NULL,'2024-05-28 09:04:04',NULL,NULL,NULL,NULL),(33972,'products',1353,'comments changed from \"Perform attention.\" to \"Arrive.\";',19,NULL,'2024-05-28 09:04:04',NULL,NULL,NULL,NULL),(33973,'products',1342,'comments changed from \"Wind beyond.\" to \"Industry.\";',18,NULL,'2024-05-28 09:04:04',NULL,NULL,NULL,NULL),(33974,'products',1353,'comments changed from \"Arrive.\" to \"Road.\";',38,NULL,'2024-05-28 09:04:04',NULL,NULL,NULL,NULL),(33975,'products',1367,'comments changed from \"None\" to \"Every.\";',19,NULL,'2024-05-28 09:04:04',NULL,NULL,NULL,NULL),(33976,'products',1349,'comments changed from \"Chance else sea.\" to \"Market really.\";',39,NULL,'2024-05-28 09:04:04',NULL,NULL,NULL,NULL),(33977,'products',1341,'comments changed from \"Beat.\" to \"Player.\";',18,NULL,'2024-05-28 09:04:04',NULL,NULL,NULL,NULL),(33978,'products',1324,'comments changed from \"Glass send.\" to \"Low rate.\";',39,NULL,'2024-05-28 09:04:04',NULL,NULL,NULL,NULL),(33979,'products',1337,'comments changed from \"Spend cup.\" to \"Special house.\";',18,NULL,'2024-05-28 09:04:04',NULL,NULL,NULL,NULL),(33980,'products',1322,'comments changed from \"Than woman difficult.\" to \"Tend.\";',37,NULL,'2024-05-28 09:04:04',NULL,NULL,NULL,NULL),(33981,'products',1347,'comments changed from \"Country white.\" to \"Summer range.\";',20,NULL,'2024-05-28 09:04:04',NULL,NULL,NULL,NULL),(33982,'products',1330,'comments changed from \"Indeed chance project arm.\" to \"Western down.\";',10,NULL,'2024-05-28 09:04:04',NULL,NULL,NULL,NULL),(33983,'products',1341,'comments changed from \"Player.\" to \"Research create.\";',19,NULL,'2024-05-28 09:04:04',NULL,NULL,NULL,NULL),(33984,'products',1368,'comments changed from \"None\" to \"Mrs.\";',40,NULL,'2024-05-28 09:04:04',NULL,NULL,NULL,NULL),(33985,'products',1327,'comments changed from \"Team draw serve.\" to \"Chair.\";',10,NULL,'2024-05-28 09:04:04',NULL,NULL,NULL,NULL),(33986,'products',1321,'comments changed from \"Chance.\" to \"Firm.\";',18,NULL,'2024-05-28 09:04:04',NULL,NULL,NULL,NULL),(33987,'products',1339,'comments changed from \"Them term life over.\" to \"Performance statement.\";',40,NULL,'2024-05-28 09:04:04',NULL,NULL,NULL,NULL),(33988,'products',1352,'comments changed from \"Physical something ten body.\" to \"Win.\";',19,NULL,'2024-05-28 09:04:04',NULL,NULL,NULL,NULL),(33989,'products',1359,'comments changed from \"Name image.\" to \"Shoulder tree.\";',37,NULL,'2024-05-28 09:04:04',NULL,NULL,NULL,NULL),(33990,'products',1359,'comments changed from \"Shoulder tree.\" to \"Option another.\";',19,NULL,'2024-05-28 09:04:04',NULL,NULL,NULL,NULL),(33991,'products',1336,'comments changed from \"Develop.\" to \"Stop weight.\";',38,NULL,'2024-05-28 09:04:05',NULL,NULL,NULL,NULL),(33992,'products',1362,'comments changed from \"Turn hope.\" to \"Read blue.\";',18,NULL,'2024-05-28 09:04:05',NULL,NULL,NULL,NULL),(33993,'products',1362,'comments changed from \"Read blue.\" to \"Number.\";',10,NULL,'2024-05-28 09:04:05',NULL,NULL,NULL,NULL),(33994,'products',1340,'comments changed from \"Hear though education.\" to \"Fear.\";',38,NULL,'2024-05-28 09:04:05',NULL,NULL,NULL,NULL),(33995,'products',1345,'comments changed from \"Factor test suggest almost.\" to \"Source.\";',18,NULL,'2024-05-28 09:04:05',NULL,NULL,NULL,NULL),(33996,'products',1333,'comments changed from \"Radio probably face.\" to \"Glass set.\";',20,NULL,'2024-05-28 09:04:05',NULL,NULL,NULL,NULL),(33997,'products',1320,'stockincontainer',38,NULL,'2024-05-28 09:04:05',0,1,NULL,NULL),(33998,'products',1345,'stockincontainer',20,NULL,'2024-05-28 09:04:05',0,1,NULL,NULL),(33999,'products',1342,'stockincontainer',40,NULL,'2024-05-28 09:04:05',1,0,NULL,NULL),(34000,'products',1328,'stockincontainer',38,NULL,'2024-05-28 09:04:05',0,1,NULL,NULL),(34001,'products',1320,'stockincontainer',18,NULL,'2024-05-28 09:04:05',1,0,NULL,NULL),(34002,'products',1330,'stockincontainer',38,NULL,'2024-05-28 09:04:05',0,1,NULL,NULL),(34003,'products',1340,'stockincontainer',38,NULL,'2024-05-28 09:04:05',0,1,NULL,NULL),(34004,'products',1322,'stockincontainer',20,NULL,'2024-05-28 09:04:05',1,0,NULL,NULL),(34005,'products',1333,'stockincontainer',37,NULL,'2024-05-28 09:04:05',0,1,NULL,NULL),(34006,'products',1320,'stockincontainer',20,NULL,'2024-05-28 09:04:05',0,1,NULL,NULL),(34007,'products',1321,'stockincontainer',39,NULL,'2024-05-28 09:04:05',0,1,NULL,NULL),(34008,'products',1335,'stockincontainer',10,NULL,'2024-05-28 09:04:05',0,1,NULL,NULL),(34009,'products',1367,'stockincontainer',38,NULL,'2024-05-28 09:04:05',0,1,NULL,NULL),(34010,'products',1368,'stockincontainer',18,NULL,'2024-05-28 09:04:05',0,1,NULL,NULL),(34011,'products',1361,'stockincontainer',10,NULL,'2024-05-28 09:04:05',0,1,NULL,NULL),(34012,'products',1343,'stockincontainer',38,NULL,'2024-05-28 09:04:05',0,1,NULL,NULL),(34013,'products',1355,'stockincontainer',38,NULL,'2024-05-28 09:04:05',0,1,NULL,NULL),(34014,'products',1330,'stockincontainer',37,NULL,'2024-05-28 09:04:05',1,0,NULL,NULL),(34015,'products',1323,'stockincontainer',19,NULL,'2024-05-28 09:04:05',0,1,NULL,NULL),(34016,'products',1326,'stockincontainer',18,NULL,'2024-05-28 09:04:05',0,1,NULL,NULL),(34017,'products',1324,'stockincontainer',18,NULL,'2024-05-28 09:04:05',0,1,NULL,NULL),(34018,'products',1350,'stockincontainer',18,NULL,'2024-05-28 09:04:05',0,1,NULL,NULL),(34019,'products',1354,'stockincontainer',20,NULL,'2024-05-28 09:04:05',0,1,NULL,NULL),(34020,'products',1327,'stockincontainer',20,NULL,'2024-05-28 09:04:05',0,1,NULL,NULL),(34021,'products',1320,'stockincontainer',10,NULL,'2024-05-28 09:04:05',1,0,NULL,NULL),(34022,'products',1357,'stockincontainer',37,NULL,'2024-05-28 09:04:05',1,0,NULL,NULL),(34023,'products',1349,'stockincontainer',38,NULL,'2024-05-28 09:04:05',0,1,NULL,NULL),(34024,'products',1330,'stockincontainer',41,NULL,'2024-05-28 09:04:05',0,1,NULL,NULL),(34025,'qr',100005943,'New QR-code generated',24,NULL,'2024-05-28 09:04:05',NULL,NULL,NULL,NULL),(34026,'qr',100005944,'New QR-code generated',10,NULL,'2024-05-28 09:04:05',NULL,NULL,NULL,NULL),(34027,'qr',100005945,'New QR-code generated',23,NULL,'2024-05-28 09:04:05',NULL,NULL,NULL,NULL),(34028,'qr',100005946,'New QR-code generated',10,NULL,'2024-05-28 09:04:05',NULL,NULL,NULL,NULL),(34029,'qr',100005947,'New QR-code generated',25,NULL,'2024-05-28 09:04:05',NULL,NULL,NULL,NULL),(34030,'qr',100005948,'New QR-code generated',4,NULL,'2024-05-28 09:04:05',NULL,NULL,NULL,NULL),(34031,'qr',100005949,'New QR-code generated',3,NULL,'2024-05-28 09:04:05',NULL,NULL,NULL,NULL),(34032,'qr',100005950,'New QR-code generated',9,NULL,'2024-05-28 09:04:05',NULL,NULL,NULL,NULL),(34033,'qr',100005951,'New QR-code generated',38,NULL,'2024-05-28 09:04:05',NULL,NULL,NULL,NULL),(34034,'qr',100005952,'New QR-code generated',10,NULL,'2024-05-28 09:04:05',NULL,NULL,NULL,NULL),(34035,'qr',100005953,'New QR-code generated',38,NULL,'2024-05-28 09:04:05',NULL,NULL,NULL,NULL),(34036,'qr',100005954,'New QR-code generated',4,NULL,'2024-05-28 09:04:05',NULL,NULL,NULL,NULL),(34037,'qr',100005955,'New QR-code generated',2,NULL,'2024-05-28 09:04:05',NULL,NULL,NULL,NULL),(34038,'qr',100005956,'New QR-code generated',18,NULL,'2024-05-28 09:04:05',NULL,NULL,NULL,NULL),(34039,'qr',100005957,'New QR-code generated',15,NULL,'2024-05-28 09:04:05',NULL,NULL,NULL,NULL),(34040,'qr',100005958,'New QR-code generated',10,NULL,'2024-05-28 09:04:05',NULL,NULL,NULL,NULL),(34041,'qr',100005959,'New QR-code generated',32,NULL,'2024-05-28 09:04:05',NULL,NULL,NULL,NULL),(34042,'qr',100005960,'New QR-code generated',38,NULL,'2024-05-28 09:04:05',NULL,NULL,NULL,NULL),(34043,'qr',100005961,'New QR-code generated',38,NULL,'2024-05-28 09:04:05',NULL,NULL,NULL,NULL),(34044,'qr',100005962,'New QR-code generated',31,NULL,'2024-05-28 09:04:05',NULL,NULL,NULL,NULL),(34045,'qr',100005963,'New QR-code generated',15,NULL,'2024-05-28 09:04:05',NULL,NULL,NULL,NULL),(34046,'qr',100005964,'New QR-code generated',19,NULL,'2024-05-28 09:04:05',NULL,NULL,NULL,NULL),(34047,'qr',100005965,'New QR-code generated',3,NULL,'2024-05-28 09:04:05',NULL,NULL,NULL,NULL),(34048,'qr',100005966,'New QR-code generated',7,NULL,'2024-05-28 09:04:05',NULL,NULL,NULL,NULL),(34049,'qr',100005967,'New QR-code generated',8,NULL,'2024-05-28 09:04:05',NULL,NULL,NULL,NULL),(34050,'qr',100005968,'New QR-code generated',15,NULL,'2024-05-28 09:04:05',NULL,NULL,NULL,NULL),(34051,'qr',100005969,'New QR-code generated',25,NULL,'2024-05-28 09:04:05',NULL,NULL,NULL,NULL),(34052,'qr',100005970,'New QR-code generated',37,NULL,'2024-05-28 09:04:05',NULL,NULL,NULL,NULL),(34053,'qr',100005971,'New QR-code generated',15,NULL,'2024-05-28 09:04:05',NULL,NULL,NULL,NULL),(34054,'qr',100005972,'New QR-code generated',15,NULL,'2024-05-28 09:04:05',NULL,NULL,NULL,NULL),(34055,'qr',100005973,'New QR-code generated',37,NULL,'2024-05-28 09:04:05',NULL,NULL,NULL,NULL),(34056,'qr',100005974,'New QR-code generated',41,NULL,'2024-05-28 09:04:05',NULL,NULL,NULL,NULL),(34057,'qr',100005975,'New QR-code generated',31,NULL,'2024-05-28 09:04:05',NULL,NULL,NULL,NULL),(34058,'qr',100005976,'New QR-code generated',15,NULL,'2024-05-28 09:04:05',NULL,NULL,NULL,NULL),(34059,'qr',100005977,'New QR-code generated',15,NULL,'2024-05-28 09:04:05',NULL,NULL,NULL,NULL),(34060,'qr',100005978,'New QR-code generated',25,NULL,'2024-05-28 09:04:05',NULL,NULL,NULL,NULL),(34061,'qr',100005979,'New QR-code generated',25,NULL,'2024-05-28 09:04:05',NULL,NULL,NULL,NULL),(34062,'qr',100005980,'New QR-code generated',16,NULL,'2024-05-28 09:04:05',NULL,NULL,NULL,NULL),(34063,'qr',100005981,'New QR-code generated',17,NULL,'2024-05-28 09:04:05',NULL,NULL,NULL,NULL),(34064,'qr',100005982,'New QR-code generated',39,NULL,'2024-05-28 09:04:05',NULL,NULL,NULL,NULL),(34065,'qr',100005983,'New QR-code generated',34,NULL,'2024-05-28 09:04:05',NULL,NULL,NULL,NULL),(34066,'qr',100005984,'New QR-code generated',31,NULL,'2024-05-28 09:04:05',NULL,NULL,NULL,NULL),(34067,'qr',100005985,'New QR-code generated',3,NULL,'2024-05-28 09:04:05',NULL,NULL,NULL,NULL),(34068,'qr',100005986,'New QR-code generated',39,NULL,'2024-05-28 09:04:05',NULL,NULL,NULL,NULL),(34069,'qr',100005987,'New QR-code generated',18,NULL,'2024-05-28 09:04:05',NULL,NULL,NULL,NULL),(34070,'qr',100005988,'New QR-code generated',18,NULL,'2024-05-28 09:04:05',NULL,NULL,NULL,NULL),(34071,'qr',100005989,'New QR-code generated',38,NULL,'2024-05-28 09:04:05',NULL,NULL,NULL,NULL),(34072,'qr',100005990,'New QR-code generated',10,NULL,'2024-05-28 09:04:05',NULL,NULL,NULL,NULL),(34073,'qr',100005991,'New QR-code generated',18,NULL,'2024-05-28 09:04:05',NULL,NULL,NULL,NULL),(34074,'qr',100005992,'New QR-code generated',12,NULL,'2024-05-28 09:04:05',NULL,NULL,NULL,NULL),(34075,'qr',100005993,'New QR-code generated',19,NULL,'2024-05-28 09:04:05',NULL,NULL,NULL,NULL),(34076,'qr',100005994,'New QR-code generated',9,NULL,'2024-05-28 09:04:06',NULL,NULL,NULL,NULL),(34077,'qr',100005995,'New QR-code generated',11,NULL,'2024-05-28 09:04:06',NULL,NULL,NULL,NULL),(34078,'qr',100005996,'New QR-code generated',33,NULL,'2024-05-28 09:04:06',NULL,NULL,NULL,NULL),(34079,'qr',100005997,'New QR-code generated',40,NULL,'2024-05-28 09:04:06',NULL,NULL,NULL,NULL),(34080,'qr',100005998,'New QR-code generated',17,NULL,'2024-05-28 09:04:06',NULL,NULL,NULL,NULL),(34081,'qr',100005999,'New QR-code generated',39,NULL,'2024-05-28 09:04:06',NULL,NULL,NULL,NULL),(34082,'qr',100006000,'New QR-code generated',16,NULL,'2024-05-28 09:04:06',NULL,NULL,NULL,NULL),(34083,'qr',100006001,'New QR-code generated',3,NULL,'2024-05-28 09:04:06',NULL,NULL,NULL,NULL),(34084,'qr',100006002,'New QR-code generated',16,NULL,'2024-05-28 09:04:06',NULL,NULL,NULL,NULL),(34085,'qr',100006003,'New QR-code generated',15,NULL,'2024-05-28 09:04:06',NULL,NULL,NULL,NULL),(34086,'qr',100006004,'New QR-code generated',11,NULL,'2024-05-28 09:04:06',NULL,NULL,NULL,NULL),(34087,'qr',100006005,'New QR-code generated',15,NULL,'2024-05-28 09:04:06',NULL,NULL,NULL,NULL),(34088,'qr',100006006,'New QR-code generated',7,NULL,'2024-05-28 09:04:06',NULL,NULL,NULL,NULL),(34089,'qr',100006007,'New QR-code generated',41,NULL,'2024-05-28 09:04:06',NULL,NULL,NULL,NULL),(34090,'qr',100006008,'New QR-code generated',18,NULL,'2024-05-28 09:04:06',NULL,NULL,NULL,NULL),(34091,'qr',100006009,'New QR-code generated',2,NULL,'2024-05-28 09:04:06',NULL,NULL,NULL,NULL),(34092,'qr',100006010,'New QR-code generated',15,NULL,'2024-05-28 09:04:06',NULL,NULL,NULL,NULL),(34093,'qr',100006011,'New QR-code generated',12,NULL,'2024-05-28 09:04:06',NULL,NULL,NULL,NULL),(34094,'qr',100006012,'New QR-code generated',18,NULL,'2024-05-28 09:04:06',NULL,NULL,NULL,NULL),(34095,'qr',100006013,'New QR-code generated',37,NULL,'2024-05-28 09:04:06',NULL,NULL,NULL,NULL),(34096,'qr',100006014,'New QR-code generated',37,NULL,'2024-05-28 09:04:06',NULL,NULL,NULL,NULL),(34097,'qr',100006015,'New QR-code generated',17,NULL,'2024-05-28 09:04:06',NULL,NULL,NULL,NULL),(34098,'qr',100006016,'New QR-code generated',15,NULL,'2024-05-28 09:04:06',NULL,NULL,NULL,NULL),(34099,'qr',100006017,'New QR-code generated',12,NULL,'2024-05-28 09:04:06',NULL,NULL,NULL,NULL),(34100,'qr',100006018,'New QR-code generated',39,NULL,'2024-05-28 09:04:06',NULL,NULL,NULL,NULL),(34101,'qr',100006019,'New QR-code generated',17,NULL,'2024-05-28 09:04:06',NULL,NULL,NULL,NULL),(34102,'qr',100006020,'New QR-code generated',37,NULL,'2024-05-28 09:04:06',NULL,NULL,NULL,NULL),(34103,'qr',100006021,'New QR-code generated',24,NULL,'2024-05-28 09:04:06',NULL,NULL,NULL,NULL),(34104,'qr',100006022,'New QR-code generated',25,NULL,'2024-05-28 09:04:06',NULL,NULL,NULL,NULL),(34105,'qr',100006023,'New QR-code generated',18,NULL,'2024-05-28 09:04:06',NULL,NULL,NULL,NULL),(34106,'qr',100006024,'New QR-code generated',38,NULL,'2024-05-28 09:04:06',NULL,NULL,NULL,NULL),(34107,'qr',100006025,'New QR-code generated',2,NULL,'2024-05-28 09:04:06',NULL,NULL,NULL,NULL),(34108,'qr',100006026,'New QR-code generated',33,NULL,'2024-05-28 09:04:06',NULL,NULL,NULL,NULL),(34109,'qr',100006027,'New QR-code generated',10,NULL,'2024-05-28 09:04:06',NULL,NULL,NULL,NULL),(34110,'qr',100006028,'New QR-code generated',40,NULL,'2024-05-28 09:04:06',NULL,NULL,NULL,NULL),(34111,'qr',100006029,'New QR-code generated',17,NULL,'2024-05-28 09:04:06',NULL,NULL,NULL,NULL),(34112,'qr',100006030,'New QR-code generated',10,NULL,'2024-05-28 09:04:06',NULL,NULL,NULL,NULL),(34113,'qr',100006031,'New QR-code generated',34,NULL,'2024-05-28 09:04:06',NULL,NULL,NULL,NULL),(34114,'qr',100006032,'New QR-code generated',7,NULL,'2024-05-28 09:04:06',NULL,NULL,NULL,NULL),(34115,'qr',100006033,'New QR-code generated',12,NULL,'2024-05-28 09:04:06',NULL,NULL,NULL,NULL),(34116,'qr',100006034,'New QR-code generated',12,NULL,'2024-05-28 09:04:06',NULL,NULL,NULL,NULL),(34117,'qr',100006035,'New QR-code generated',15,NULL,'2024-05-28 09:04:06',NULL,NULL,NULL,NULL),(34118,'qr',100006036,'New QR-code generated',4,NULL,'2024-05-28 09:04:06',NULL,NULL,NULL,NULL),(34119,'qr',100006037,'New QR-code generated',34,NULL,'2024-05-28 09:04:06',NULL,NULL,NULL,NULL),(34120,'qr',100006038,'New QR-code generated',5,NULL,'2024-05-28 09:04:06',NULL,NULL,NULL,NULL),(34121,'qr',100006039,'New QR-code generated',33,NULL,'2024-05-28 09:04:06',NULL,NULL,NULL,NULL),(34122,'qr',100006040,'New QR-code generated',3,NULL,'2024-05-28 09:04:06',NULL,NULL,NULL,NULL),(34123,'qr',100006041,'New QR-code generated',23,NULL,'2024-05-28 09:04:06',NULL,NULL,NULL,NULL),(34124,'qr',100006042,'New QR-code generated',41,NULL,'2024-05-28 09:04:06',NULL,NULL,NULL,NULL),(34125,'qr',100006043,'New QR-code generated',38,NULL,'2024-05-28 09:04:06',NULL,NULL,NULL,NULL),(34126,'qr',100006044,'New QR-code generated',10,NULL,'2024-05-28 09:04:06',NULL,NULL,NULL,NULL),(34127,'qr',100006045,'New QR-code generated',23,NULL,'2024-05-28 09:04:06',NULL,NULL,NULL,NULL),(34128,'qr',100006046,'New QR-code generated',32,NULL,'2024-05-28 09:04:06',NULL,NULL,NULL,NULL),(34129,'qr',100006047,'New QR-code generated',15,NULL,'2024-05-28 09:04:06',NULL,NULL,NULL,NULL),(34130,'qr',100006048,'New QR-code generated',31,NULL,'2024-05-28 09:04:06',NULL,NULL,NULL,NULL),(34131,'qr',100006049,'New QR-code generated',34,NULL,'2024-05-28 09:04:06',NULL,NULL,NULL,NULL),(34132,'qr',100006050,'New QR-code generated',34,NULL,'2024-05-28 09:04:06',NULL,NULL,NULL,NULL),(34133,'qr',100006051,'New QR-code generated',18,NULL,'2024-05-28 09:04:06',NULL,NULL,NULL,NULL),(34134,'qr',100006052,'New QR-code generated',12,NULL,'2024-05-28 09:04:06',NULL,NULL,NULL,NULL),(34135,'qr',100006053,'New QR-code generated',40,NULL,'2024-05-28 09:04:06',NULL,NULL,NULL,NULL),(34136,'qr',100006054,'New QR-code generated',3,NULL,'2024-05-28 09:04:06',NULL,NULL,NULL,NULL),(34137,'qr',100006055,'New QR-code generated',39,NULL,'2024-05-28 09:04:06',NULL,NULL,NULL,NULL),(34138,'qr',100006056,'New QR-code generated',17,NULL,'2024-05-28 09:04:06',NULL,NULL,NULL,NULL),(34139,'qr',100006057,'New QR-code generated',8,NULL,'2024-05-28 09:04:06',NULL,NULL,NULL,NULL),(34140,'qr',100006058,'New QR-code generated',37,NULL,'2024-05-28 09:04:06',NULL,NULL,NULL,NULL),(34141,'qr',100006059,'New QR-code generated',32,NULL,'2024-05-28 09:04:06',NULL,NULL,NULL,NULL),(34142,'qr',100006060,'New QR-code generated',18,NULL,'2024-05-28 09:04:06',NULL,NULL,NULL,NULL),(34143,'qr',100006061,'New QR-code generated',18,NULL,'2024-05-28 09:04:06',NULL,NULL,NULL,NULL),(34144,'qr',100006062,'New QR-code generated',18,NULL,'2024-05-28 09:04:06',NULL,NULL,NULL,NULL),(34145,'qr',100006063,'New QR-code generated',10,NULL,'2024-05-28 09:04:06',NULL,NULL,NULL,NULL),(34146,'qr',100006064,'New QR-code generated',16,NULL,'2024-05-28 09:04:06',NULL,NULL,NULL,NULL),(34147,'qr',100006065,'New QR-code generated',33,NULL,'2024-05-28 09:04:06',NULL,NULL,NULL,NULL),(34148,'qr',100006066,'New QR-code generated',33,NULL,'2024-05-28 09:04:06',NULL,NULL,NULL,NULL),(34149,'qr',100006067,'New QR-code generated',5,NULL,'2024-05-28 09:04:06',NULL,NULL,NULL,NULL),(34150,'qr',100006068,'New QR-code generated',37,NULL,'2024-05-28 09:04:06',NULL,NULL,NULL,NULL),(34151,'qr',100006069,'New QR-code generated',16,NULL,'2024-05-28 09:04:06',NULL,NULL,NULL,NULL),(34152,'qr',100006070,'New QR-code generated',17,NULL,'2024-05-28 09:04:06',NULL,NULL,NULL,NULL),(34153,'qr',100006071,'New QR-code generated',12,NULL,'2024-05-28 09:04:06',NULL,NULL,NULL,NULL),(34154,'qr',100006072,'New QR-code generated',31,NULL,'2024-05-28 09:04:06',NULL,NULL,NULL,NULL),(34155,'qr',100006073,'New QR-code generated',31,NULL,'2024-05-28 09:04:06',NULL,NULL,NULL,NULL),(34156,'qr',100006074,'New QR-code generated',32,NULL,'2024-05-28 09:04:06',NULL,NULL,NULL,NULL),(34157,'qr',100006075,'New QR-code generated',18,NULL,'2024-05-28 09:04:06',NULL,NULL,NULL,NULL),(34158,'qr',100006076,'New QR-code generated',25,NULL,'2024-05-28 09:04:06',NULL,NULL,NULL,NULL),(34159,'qr',100006077,'New QR-code generated',24,NULL,'2024-05-28 09:04:06',NULL,NULL,NULL,NULL),(34160,'qr',100006078,'New QR-code generated',17,NULL,'2024-05-28 09:04:06',NULL,NULL,NULL,NULL),(34161,'qr',100006079,'New QR-code generated',11,NULL,'2024-05-28 09:04:06',NULL,NULL,NULL,NULL),(34162,'qr',100006080,'New QR-code generated',15,NULL,'2024-05-28 09:04:06',NULL,NULL,NULL,NULL),(34163,'qr',100006081,'New QR-code generated',37,NULL,'2024-05-28 09:04:06',NULL,NULL,NULL,NULL),(34164,'qr',100006082,'New QR-code generated',40,NULL,'2024-05-28 09:04:06',NULL,NULL,NULL,NULL),(34165,'qr',100006083,'New QR-code generated',4,NULL,'2024-05-28 09:04:06',NULL,NULL,NULL,NULL),(34166,'qr',100006084,'New QR-code generated',19,NULL,'2024-05-28 09:04:07',NULL,NULL,NULL,NULL),(34167,'qr',100006085,'New QR-code generated',10,NULL,'2024-05-28 09:04:07',NULL,NULL,NULL,NULL),(34168,'qr',100006086,'New QR-code generated',16,NULL,'2024-05-28 09:04:07',NULL,NULL,NULL,NULL),(34169,'qr',100006087,'New QR-code generated',5,NULL,'2024-05-28 09:04:07',NULL,NULL,NULL,NULL),(34170,'qr',100006088,'New QR-code generated',2,NULL,'2024-05-28 09:04:07',NULL,NULL,NULL,NULL),(34171,'qr',100006089,'New QR-code generated',10,NULL,'2024-05-28 09:04:07',NULL,NULL,NULL,NULL),(34172,'qr',100006090,'New QR-code generated',15,NULL,'2024-05-28 09:04:07',NULL,NULL,NULL,NULL),(34173,'qr',100006091,'New QR-code generated',10,NULL,'2024-05-28 09:04:07',NULL,NULL,NULL,NULL),(34174,'qr',100006092,'New QR-code generated',41,NULL,'2024-05-28 09:04:07',NULL,NULL,NULL,NULL),(34175,'qr',100006093,'New QR-code generated',7,NULL,'2024-05-28 09:04:07',NULL,NULL,NULL,NULL),(34176,'qr',100006094,'New QR-code generated',2,NULL,'2024-05-28 09:04:07',NULL,NULL,NULL,NULL),(34177,'qr',100006095,'New QR-code generated',10,NULL,'2024-05-28 09:04:07',NULL,NULL,NULL,NULL),(34178,'qr',100006096,'New QR-code generated',5,NULL,'2024-05-28 09:04:07',NULL,NULL,NULL,NULL),(34179,'qr',100006097,'New QR-code generated',17,NULL,'2024-05-28 09:04:07',NULL,NULL,NULL,NULL),(34180,'qr',100006098,'New QR-code generated',16,NULL,'2024-05-28 09:04:07',NULL,NULL,NULL,NULL),(34181,'qr',100006099,'New QR-code generated',10,NULL,'2024-05-28 09:04:07',NULL,NULL,NULL,NULL),(34182,'qr',100006100,'New QR-code generated',5,NULL,'2024-05-28 09:04:07',NULL,NULL,NULL,NULL),(34183,'qr',100006101,'New QR-code generated',7,NULL,'2024-05-28 09:04:07',NULL,NULL,NULL,NULL),(34184,'qr',100006102,'New QR-code generated',31,NULL,'2024-05-28 09:04:07',NULL,NULL,NULL,NULL),(34185,'qr',100006103,'New QR-code generated',39,NULL,'2024-05-28 09:04:07',NULL,NULL,NULL,NULL),(34186,'qr',100006104,'New QR-code generated',6,NULL,'2024-05-28 09:04:07',NULL,NULL,NULL,NULL),(34187,'qr',100006105,'New QR-code generated',9,NULL,'2024-05-28 09:04:07',NULL,NULL,NULL,NULL),(34188,'qr',100006106,'New QR-code generated',17,NULL,'2024-05-28 09:04:07',NULL,NULL,NULL,NULL),(34189,'qr',100006107,'New QR-code generated',6,NULL,'2024-05-28 09:04:07',NULL,NULL,NULL,NULL),(34190,'qr',100006108,'New QR-code generated',31,NULL,'2024-05-28 09:04:07',NULL,NULL,NULL,NULL),(34191,'qr',100006109,'New QR-code generated',10,NULL,'2024-05-28 09:04:07',NULL,NULL,NULL,NULL),(34192,'qr',100006110,'New QR-code generated',6,NULL,'2024-05-28 09:04:07',NULL,NULL,NULL,NULL),(34193,'qr',100006111,'New QR-code generated',10,NULL,'2024-05-28 09:04:07',NULL,NULL,NULL,NULL),(34194,'qr',100006112,'New QR-code generated',2,NULL,'2024-05-28 09:04:07',NULL,NULL,NULL,NULL),(34195,'qr',100006113,'New QR-code generated',12,NULL,'2024-05-28 09:04:07',NULL,NULL,NULL,NULL),(34196,'qr',100006114,'New QR-code generated',17,NULL,'2024-05-28 09:04:07',NULL,NULL,NULL,NULL),(34197,'qr',100006115,'New QR-code generated',25,NULL,'2024-05-28 09:04:07',NULL,NULL,NULL,NULL),(34198,'qr',100006116,'New QR-code generated',2,NULL,'2024-05-28 09:04:07',NULL,NULL,NULL,NULL),(34199,'qr',100006117,'New QR-code generated',20,NULL,'2024-05-28 09:04:07',NULL,NULL,NULL,NULL),(34200,'qr',100006118,'New QR-code generated',16,NULL,'2024-05-28 09:04:07',NULL,NULL,NULL,NULL),(34201,'qr',100006119,'New QR-code generated',16,NULL,'2024-05-28 09:04:07',NULL,NULL,NULL,NULL),(34202,'qr',100006120,'New QR-code generated',37,NULL,'2024-05-28 09:04:07',NULL,NULL,NULL,NULL),(34203,'qr',100006121,'New QR-code generated',10,NULL,'2024-05-28 09:04:07',NULL,NULL,NULL,NULL),(34204,'qr',100006122,'New QR-code generated',20,NULL,'2024-05-28 09:04:07',NULL,NULL,NULL,NULL),(34205,'qr',100006123,'New QR-code generated',17,NULL,'2024-05-28 09:04:07',NULL,NULL,NULL,NULL),(34206,'qr',100006124,'New QR-code generated',41,NULL,'2024-05-28 09:04:07',NULL,NULL,NULL,NULL),(34207,'qr',100006125,'New QR-code generated',18,NULL,'2024-05-28 09:04:07',NULL,NULL,NULL,NULL),(34208,'qr',100006126,'New QR-code generated',7,NULL,'2024-05-28 09:04:07',NULL,NULL,NULL,NULL),(34209,'qr',100006127,'New QR-code generated',3,NULL,'2024-05-28 09:04:07',NULL,NULL,NULL,NULL),(34210,'qr',100006128,'New QR-code generated',10,NULL,'2024-05-28 09:04:07',NULL,NULL,NULL,NULL),(34211,'qr',100006129,'New QR-code generated',4,NULL,'2024-05-28 09:04:07',NULL,NULL,NULL,NULL),(34212,'qr',100006130,'New QR-code generated',12,NULL,'2024-05-28 09:04:07',NULL,NULL,NULL,NULL),(34213,'qr',100006131,'New QR-code generated',2,NULL,'2024-05-28 09:04:07',NULL,NULL,NULL,NULL),(34214,'qr',100006132,'New QR-code generated',37,NULL,'2024-05-28 09:04:07',NULL,NULL,NULL,NULL),(34215,'qr',100006133,'New QR-code generated',15,NULL,'2024-05-28 09:04:07',NULL,NULL,NULL,NULL),(34216,'qr',100006134,'New QR-code generated',18,NULL,'2024-05-28 09:04:07',NULL,NULL,NULL,NULL),(34217,'qr',100006135,'New QR-code generated',37,NULL,'2024-05-28 09:04:07',NULL,NULL,NULL,NULL),(34218,'qr',100006136,'New QR-code generated',7,NULL,'2024-05-28 09:04:07',NULL,NULL,NULL,NULL),(34219,'qr',100006137,'New QR-code generated',19,NULL,'2024-05-28 09:04:07',NULL,NULL,NULL,NULL),(34220,'qr',100006138,'New QR-code generated',3,NULL,'2024-05-28 09:04:07',NULL,NULL,NULL,NULL),(34221,'qr',100006139,'New QR-code generated',16,NULL,'2024-05-28 09:04:07',NULL,NULL,NULL,NULL),(34222,'qr',100006140,'New QR-code generated',18,NULL,'2024-05-28 09:04:07',NULL,NULL,NULL,NULL),(34223,'qr',100006141,'New QR-code generated',10,NULL,'2024-05-28 09:04:07',NULL,NULL,NULL,NULL),(34224,'qr',100006142,'New QR-code generated',9,NULL,'2024-05-28 09:04:07',NULL,NULL,NULL,NULL),(34225,'qr',100006143,'New QR-code generated',41,NULL,'2024-05-28 09:04:07',NULL,NULL,NULL,NULL),(34226,'qr',100006144,'New QR-code generated',40,NULL,'2024-05-28 09:04:07',NULL,NULL,NULL,NULL),(34227,'qr',100006145,'New QR-code generated',16,NULL,'2024-05-28 09:04:07',NULL,NULL,NULL,NULL),(34228,'qr',100006146,'New QR-code generated',16,NULL,'2024-05-28 09:04:07',NULL,NULL,NULL,NULL),(34229,'qr',100006147,'New QR-code generated',7,NULL,'2024-05-28 09:04:07',NULL,NULL,NULL,NULL),(34230,'qr',100006148,'New QR-code generated',18,NULL,'2024-05-28 09:04:07',NULL,NULL,NULL,NULL),(34231,'qr',100006149,'New QR-code generated',24,NULL,'2024-05-28 09:04:07',NULL,NULL,NULL,NULL),(34232,'qr',100006150,'New QR-code generated',31,NULL,'2024-05-28 09:04:07',NULL,NULL,NULL,NULL),(34233,'qr',100006151,'New QR-code generated',3,NULL,'2024-05-28 09:04:07',NULL,NULL,NULL,NULL),(34234,'qr',100006152,'New QR-code generated',15,NULL,'2024-05-28 09:04:07',NULL,NULL,NULL,NULL),(34235,'qr',100006153,'New QR-code generated',34,NULL,'2024-05-28 09:04:07',NULL,NULL,NULL,NULL),(34236,'qr',100006154,'New QR-code generated',32,NULL,'2024-05-28 09:04:07',NULL,NULL,NULL,NULL),(34237,'qr',100006155,'New QR-code generated',3,NULL,'2024-05-28 09:04:07',NULL,NULL,NULL,NULL),(34238,'qr',100006156,'New QR-code generated',39,NULL,'2024-05-28 09:04:07',NULL,NULL,NULL,NULL),(34239,'qr',100006157,'New QR-code generated',39,NULL,'2024-05-28 09:04:07',NULL,NULL,NULL,NULL),(34240,'qr',100006158,'New QR-code generated',37,NULL,'2024-05-28 09:04:07',NULL,NULL,NULL,NULL),(34241,'qr',100006159,'New QR-code generated',31,NULL,'2024-05-28 09:04:07',NULL,NULL,NULL,NULL),(34242,'qr',100006160,'New QR-code generated',39,NULL,'2024-05-28 09:04:07',NULL,NULL,NULL,NULL),(34243,'qr',100006161,'New QR-code generated',23,NULL,'2024-05-28 09:04:07',NULL,NULL,NULL,NULL),(34244,'qr',100006162,'New QR-code generated',6,NULL,'2024-05-28 09:04:07',NULL,NULL,NULL,NULL),(34245,'qr',100006163,'New QR-code generated',10,NULL,'2024-05-28 09:04:07',NULL,NULL,NULL,NULL),(34246,'qr',100006164,'New QR-code generated',17,NULL,'2024-05-28 09:04:07',NULL,NULL,NULL,NULL),(34247,'qr',100006165,'New QR-code generated',6,NULL,'2024-05-28 09:04:07',NULL,NULL,NULL,NULL),(34248,'qr',100006166,'New QR-code generated',9,NULL,'2024-05-28 09:04:07',NULL,NULL,NULL,NULL),(34249,'qr',100006167,'New QR-code generated',41,NULL,'2024-05-28 09:04:07',NULL,NULL,NULL,NULL),(34250,'qr',100006168,'New QR-code generated',33,NULL,'2024-05-28 09:04:07',NULL,NULL,NULL,NULL),(34251,'qr',100006169,'New QR-code generated',24,NULL,'2024-05-28 09:04:07',NULL,NULL,NULL,NULL),(34252,'qr',100006170,'New QR-code generated',9,NULL,'2024-05-28 09:04:07',NULL,NULL,NULL,NULL),(34253,'qr',100006171,'New QR-code generated',3,NULL,'2024-05-28 09:04:07',NULL,NULL,NULL,NULL),(34254,'qr',100006172,'New QR-code generated',11,NULL,'2024-05-28 09:04:07',NULL,NULL,NULL,NULL),(34255,'qr',100006173,'New QR-code generated',33,NULL,'2024-05-28 09:04:07',NULL,NULL,NULL,NULL),(34256,'qr',100006174,'New QR-code generated',10,NULL,'2024-05-28 09:04:07',NULL,NULL,NULL,NULL),(34257,'qr',100006175,'New QR-code generated',15,NULL,'2024-05-28 09:04:07',NULL,NULL,NULL,NULL),(34258,'qr',100006176,'New QR-code generated',8,NULL,'2024-05-28 09:04:07',NULL,NULL,NULL,NULL),(34259,'qr',100006177,'New QR-code generated',32,NULL,'2024-05-28 09:04:07',NULL,NULL,NULL,NULL),(34260,'qr',100006178,'New QR-code generated',16,NULL,'2024-05-28 09:04:07',NULL,NULL,NULL,NULL),(34261,'qr',100006179,'New QR-code generated',32,NULL,'2024-05-28 09:04:07',NULL,NULL,NULL,NULL),(34262,'qr',100006180,'New QR-code generated',15,NULL,'2024-05-28 09:04:07',NULL,NULL,NULL,NULL),(34263,'qr',100006181,'New QR-code generated',18,NULL,'2024-05-28 09:04:07',NULL,NULL,NULL,NULL),(34264,'qr',100006182,'New QR-code generated',39,NULL,'2024-05-28 09:04:07',NULL,NULL,NULL,NULL),(34265,'qr',100006183,'New QR-code generated',25,NULL,'2024-05-28 09:04:07',NULL,NULL,NULL,NULL),(34266,'qr',100006184,'New QR-code generated',25,NULL,'2024-05-28 09:04:07',NULL,NULL,NULL,NULL),(34267,'qr',100006185,'New QR-code generated',6,NULL,'2024-05-28 09:04:08',NULL,NULL,NULL,NULL),(34268,'qr',100006186,'New QR-code generated',15,NULL,'2024-05-28 09:04:08',NULL,NULL,NULL,NULL),(34269,'qr',100006187,'New QR-code generated',12,NULL,'2024-05-28 09:04:08',NULL,NULL,NULL,NULL),(34270,'qr',100006188,'New QR-code generated',37,NULL,'2024-05-28 09:04:08',NULL,NULL,NULL,NULL),(34271,'qr',100006189,'New QR-code generated',6,NULL,'2024-05-28 09:04:08',NULL,NULL,NULL,NULL),(34272,'qr',100006190,'New QR-code generated',17,NULL,'2024-05-28 09:04:08',NULL,NULL,NULL,NULL),(34273,'qr',100006191,'New QR-code generated',2,NULL,'2024-05-28 09:04:08',NULL,NULL,NULL,NULL),(34274,'qr',100006192,'New QR-code generated',20,NULL,'2024-05-28 09:04:08',NULL,NULL,NULL,NULL),(34275,'qr',100006193,'New QR-code generated',6,NULL,'2024-05-28 09:04:08',NULL,NULL,NULL,NULL),(34276,'qr',100006194,'New QR-code generated',8,NULL,'2024-05-28 09:04:08',NULL,NULL,NULL,NULL),(34277,'qr',100006195,'New QR-code generated',15,NULL,'2024-05-28 09:04:08',NULL,NULL,NULL,NULL),(34278,'qr',100006196,'New QR-code generated',17,NULL,'2024-05-28 09:04:08',NULL,NULL,NULL,NULL),(34279,'qr',100006197,'New QR-code generated',11,NULL,'2024-05-28 09:04:08',NULL,NULL,NULL,NULL),(34280,'qr',100006198,'New QR-code generated',38,NULL,'2024-05-28 09:04:08',NULL,NULL,NULL,NULL),(34281,'qr',100006199,'New QR-code generated',32,NULL,'2024-05-28 09:04:08',NULL,NULL,NULL,NULL),(34282,'qr',100006200,'New QR-code generated',3,NULL,'2024-05-28 09:04:08',NULL,NULL,NULL,NULL),(34283,'qr',100006201,'New QR-code generated',34,NULL,'2024-05-28 09:04:08',NULL,NULL,NULL,NULL),(34284,'qr',100006202,'New QR-code generated',15,NULL,'2024-05-28 09:04:08',NULL,NULL,NULL,NULL),(34285,'qr',100006203,'New QR-code generated',4,NULL,'2024-05-28 09:04:08',NULL,NULL,NULL,NULL),(34286,'qr',100006204,'New QR-code generated',2,NULL,'2024-05-28 09:04:08',NULL,NULL,NULL,NULL),(34287,'qr',100006205,'New QR-code generated',33,NULL,'2024-05-28 09:04:08',NULL,NULL,NULL,NULL),(34288,'qr',100006206,'New QR-code generated',9,NULL,'2024-05-28 09:04:08',NULL,NULL,NULL,NULL),(34289,'qr',100006207,'New QR-code generated',33,NULL,'2024-05-28 09:04:08',NULL,NULL,NULL,NULL),(34290,'qr',100006208,'New QR-code generated',17,NULL,'2024-05-28 09:04:08',NULL,NULL,NULL,NULL),(34291,'qr',100006209,'New QR-code generated',32,NULL,'2024-05-28 09:04:08',NULL,NULL,NULL,NULL),(34292,'qr',100006210,'New QR-code generated',12,NULL,'2024-05-28 09:04:08',NULL,NULL,NULL,NULL),(34293,'qr',100006211,'New QR-code generated',17,NULL,'2024-05-28 09:04:08',NULL,NULL,NULL,NULL),(34294,'qr',100006212,'New QR-code generated',16,NULL,'2024-05-28 09:04:08',NULL,NULL,NULL,NULL),(34295,'qr',100006213,'New QR-code generated',7,NULL,'2024-05-28 09:04:08',NULL,NULL,NULL,NULL),(34296,'qr',100006214,'New QR-code generated',17,NULL,'2024-05-28 09:04:08',NULL,NULL,NULL,NULL),(34297,'qr',100006215,'New QR-code generated',6,NULL,'2024-05-28 09:04:08',NULL,NULL,NULL,NULL),(34298,'qr',100006216,'New QR-code generated',34,NULL,'2024-05-28 09:04:08',NULL,NULL,NULL,NULL),(34299,'qr',100006217,'New QR-code generated',7,NULL,'2024-05-28 09:04:08',NULL,NULL,NULL,NULL),(34300,'qr',100006218,'New QR-code generated',16,NULL,'2024-05-28 09:04:08',NULL,NULL,NULL,NULL),(34301,'qr',100006219,'New QR-code generated',16,NULL,'2024-05-28 09:04:08',NULL,NULL,NULL,NULL),(34302,'qr',100006220,'New QR-code generated',9,NULL,'2024-05-28 09:04:08',NULL,NULL,NULL,NULL),(34303,'qr',100006221,'New QR-code generated',31,NULL,'2024-05-28 09:04:08',NULL,NULL,NULL,NULL),(34304,'qr',100006222,'New QR-code generated',39,NULL,'2024-05-28 09:04:08',NULL,NULL,NULL,NULL),(34305,'qr',100006223,'New QR-code generated',17,NULL,'2024-05-28 09:04:08',NULL,NULL,NULL,NULL),(34306,'qr',100006224,'New QR-code generated',4,NULL,'2024-05-28 09:04:08',NULL,NULL,NULL,NULL),(34307,'qr',100006225,'New QR-code generated',15,NULL,'2024-05-28 09:04:08',NULL,NULL,NULL,NULL),(34308,'qr',100006226,'New QR-code generated',17,NULL,'2024-05-28 09:04:08',NULL,NULL,NULL,NULL),(34309,'qr',100006227,'New QR-code generated',23,NULL,'2024-05-28 09:04:08',NULL,NULL,NULL,NULL),(34310,'qr',100006228,'New QR-code generated',4,NULL,'2024-05-28 09:04:08',NULL,NULL,NULL,NULL),(34311,'qr',100006229,'New QR-code generated',3,NULL,'2024-05-28 09:04:08',NULL,NULL,NULL,NULL),(34312,'qr',100006230,'New QR-code generated',38,NULL,'2024-05-28 09:04:08',NULL,NULL,NULL,NULL),(34313,'qr',100006231,'New QR-code generated',19,NULL,'2024-05-28 09:04:08',NULL,NULL,NULL,NULL),(34314,'qr',100006232,'New QR-code generated',18,NULL,'2024-05-28 09:04:08',NULL,NULL,NULL,NULL),(34315,'qr',100006233,'New QR-code generated',11,NULL,'2024-05-28 09:04:08',NULL,NULL,NULL,NULL),(34316,'qr',100006234,'New QR-code generated',10,NULL,'2024-05-28 09:04:08',NULL,NULL,NULL,NULL),(34317,'qr',100006235,'New QR-code generated',19,NULL,'2024-05-28 09:04:08',NULL,NULL,NULL,NULL),(34318,'qr',100006236,'New QR-code generated',10,NULL,'2024-05-28 09:04:08',NULL,NULL,NULL,NULL),(34319,'qr',100006237,'New QR-code generated',34,NULL,'2024-05-28 09:04:08',NULL,NULL,NULL,NULL),(34320,'qr',100006238,'New QR-code generated',10,NULL,'2024-05-28 09:04:08',NULL,NULL,NULL,NULL),(34321,'qr',100006239,'New QR-code generated',41,NULL,'2024-05-28 09:04:08',NULL,NULL,NULL,NULL),(34322,'qr',100006240,'New QR-code generated',41,NULL,'2024-05-28 09:04:08',NULL,NULL,NULL,NULL),(34323,'qr',100006241,'New QR-code generated',4,NULL,'2024-05-28 09:04:08',NULL,NULL,NULL,NULL),(34324,'qr',100006242,'New QR-code generated',20,NULL,'2024-05-28 09:04:08',NULL,NULL,NULL,NULL),(34325,'qr',100006243,'New QR-code generated',20,NULL,'2024-05-28 09:04:08',NULL,NULL,NULL,NULL),(34326,'qr',100006244,'New QR-code generated',3,NULL,'2024-05-28 09:04:08',NULL,NULL,NULL,NULL),(34327,'qr',100006245,'New QR-code generated',5,NULL,'2024-05-28 09:04:08',NULL,NULL,NULL,NULL),(34328,'qr',100006246,'New QR-code generated',18,NULL,'2024-05-28 09:04:08',NULL,NULL,NULL,NULL),(34329,'qr',100006247,'New QR-code generated',32,NULL,'2024-05-28 09:04:08',NULL,NULL,NULL,NULL),(34330,'qr',100006248,'New QR-code generated',16,NULL,'2024-05-28 09:04:08',NULL,NULL,NULL,NULL),(34331,'qr',100006249,'New QR-code generated',9,NULL,'2024-05-28 09:04:08',NULL,NULL,NULL,NULL),(34332,'qr',100006250,'New QR-code generated',7,NULL,'2024-05-28 09:04:08',NULL,NULL,NULL,NULL),(34333,'qr',100006251,'New QR-code generated',19,NULL,'2024-05-28 09:04:08',NULL,NULL,NULL,NULL),(34334,'qr',100006252,'New QR-code generated',18,NULL,'2024-05-28 09:04:08',NULL,NULL,NULL,NULL),(34335,'qr',100006253,'New QR-code generated',38,NULL,'2024-05-28 09:04:08',NULL,NULL,NULL,NULL),(34336,'qr',100006254,'New QR-code generated',32,NULL,'2024-05-28 09:04:08',NULL,NULL,NULL,NULL),(34337,'qr',100006255,'New QR-code generated',38,NULL,'2024-05-28 09:04:08',NULL,NULL,NULL,NULL),(34338,'qr',100006256,'New QR-code generated',23,NULL,'2024-05-28 09:04:08',NULL,NULL,NULL,NULL),(34339,'qr',100006257,'New QR-code generated',18,NULL,'2024-05-28 09:04:08',NULL,NULL,NULL,NULL),(34340,'qr',100006258,'New QR-code generated',11,NULL,'2024-05-28 09:04:08',NULL,NULL,NULL,NULL),(34341,'qr',100006259,'New QR-code generated',38,NULL,'2024-05-28 09:04:08',NULL,NULL,NULL,NULL),(34342,'qr',100006260,'New QR-code generated',34,NULL,'2024-05-28 09:04:08',NULL,NULL,NULL,NULL),(34343,'qr',100006261,'New QR-code generated',33,NULL,'2024-05-28 09:04:08',NULL,NULL,NULL,NULL),(34344,'qr',100006262,'New QR-code generated',8,NULL,'2024-05-28 09:04:08',NULL,NULL,NULL,NULL),(34345,'qr',100006263,'New QR-code generated',15,NULL,'2024-05-28 09:04:08',NULL,NULL,NULL,NULL),(34346,'qr',100006264,'New QR-code generated',25,NULL,'2024-05-28 09:04:08',NULL,NULL,NULL,NULL),(34347,'qr',100006265,'New QR-code generated',19,NULL,'2024-05-28 09:04:08',NULL,NULL,NULL,NULL),(34348,'qr',100006266,'New QR-code generated',25,NULL,'2024-05-28 09:04:08',NULL,NULL,NULL,NULL),(34349,'qr',100006267,'New QR-code generated',24,NULL,'2024-05-28 09:04:08',NULL,NULL,NULL,NULL),(34350,'qr',100006268,'New QR-code generated',17,NULL,'2024-05-28 09:04:08',NULL,NULL,NULL,NULL),(34351,'qr',100006269,'New QR-code generated',10,NULL,'2024-05-28 09:04:08',NULL,NULL,NULL,NULL),(34352,'qr',100006270,'New QR-code generated',41,NULL,'2024-05-28 09:04:08',NULL,NULL,NULL,NULL),(34353,'qr',100006271,'New QR-code generated',17,NULL,'2024-05-28 09:04:08',NULL,NULL,NULL,NULL),(34354,'qr',100006272,'New QR-code generated',5,NULL,'2024-05-28 09:04:08',NULL,NULL,NULL,NULL),(34355,'qr',100006273,'New QR-code generated',38,NULL,'2024-05-28 09:04:08',NULL,NULL,NULL,NULL),(34356,'qr',100006274,'New QR-code generated',25,NULL,'2024-05-28 09:04:08',NULL,NULL,NULL,NULL),(34357,'qr',100006275,'New QR-code generated',17,NULL,'2024-05-28 09:04:08',NULL,NULL,NULL,NULL),(34358,'qr',100006276,'New QR-code generated',39,NULL,'2024-05-28 09:04:08',NULL,NULL,NULL,NULL),(34359,'qr',100006277,'New QR-code generated',10,NULL,'2024-05-28 09:04:08',NULL,NULL,NULL,NULL),(34360,'qr',100006278,'New QR-code generated',9,NULL,'2024-05-28 09:04:08',NULL,NULL,NULL,NULL),(34361,'qr',100006279,'New QR-code generated',32,NULL,'2024-05-28 09:04:08',NULL,NULL,NULL,NULL),(34362,'qr',100006280,'New QR-code generated',18,NULL,'2024-05-28 09:04:09',NULL,NULL,NULL,NULL),(34363,'qr',100006281,'New QR-code generated',10,NULL,'2024-05-28 09:04:09',NULL,NULL,NULL,NULL),(34364,'qr',100006282,'New QR-code generated',18,NULL,'2024-05-28 09:04:09',NULL,NULL,NULL,NULL),(34365,'qr',100006283,'New QR-code generated',41,NULL,'2024-05-28 09:04:09',NULL,NULL,NULL,NULL),(34366,'qr',100006284,'New QR-code generated',19,NULL,'2024-05-28 09:04:09',NULL,NULL,NULL,NULL),(34367,'qr',100006285,'New QR-code generated',23,NULL,'2024-05-28 09:04:09',NULL,NULL,NULL,NULL),(34368,'qr',100006286,'New QR-code generated',18,NULL,'2024-05-28 09:04:09',NULL,NULL,NULL,NULL),(34369,'qr',100006287,'New QR-code generated',9,NULL,'2024-05-28 09:04:09',NULL,NULL,NULL,NULL),(34370,'qr',100006288,'New QR-code generated',34,NULL,'2024-05-28 09:04:09',NULL,NULL,NULL,NULL),(34371,'qr',100006289,'New QR-code generated',12,NULL,'2024-05-28 09:04:09',NULL,NULL,NULL,NULL),(34372,'qr',100006290,'New QR-code generated',38,NULL,'2024-05-28 09:04:09',NULL,NULL,NULL,NULL),(34373,'qr',100006291,'New QR-code generated',38,NULL,'2024-05-28 09:04:09',NULL,NULL,NULL,NULL),(34374,'qr',100006292,'New QR-code generated',8,NULL,'2024-05-28 09:04:09',NULL,NULL,NULL,NULL),(34375,'qr',100006293,'New QR-code generated',24,NULL,'2024-05-28 09:04:09',NULL,NULL,NULL,NULL),(34376,'qr',100006294,'New QR-code generated',5,NULL,'2024-05-28 09:04:09',NULL,NULL,NULL,NULL),(34377,'qr',100006295,'New QR-code generated',18,NULL,'2024-05-28 09:04:09',NULL,NULL,NULL,NULL),(34378,'qr',100006296,'New QR-code generated',3,NULL,'2024-05-28 09:04:09',NULL,NULL,NULL,NULL),(34379,'qr',100006297,'New QR-code generated',10,NULL,'2024-05-28 09:04:09',NULL,NULL,NULL,NULL),(34380,'qr',100006298,'New QR-code generated',3,NULL,'2024-05-28 09:04:09',NULL,NULL,NULL,NULL),(34381,'qr',100006299,'New QR-code generated',20,NULL,'2024-05-28 09:04:09',NULL,NULL,NULL,NULL),(34382,'qr',100006300,'New QR-code generated',15,NULL,'2024-05-28 09:04:09',NULL,NULL,NULL,NULL),(34383,'qr',100006301,'New QR-code generated',15,NULL,'2024-05-28 09:04:09',NULL,NULL,NULL,NULL),(34384,'qr',100006302,'New QR-code generated',10,NULL,'2024-05-28 09:04:09',NULL,NULL,NULL,NULL),(34385,'qr',100006303,'New QR-code generated',11,NULL,'2024-05-28 09:04:09',NULL,NULL,NULL,NULL),(34386,'qr',100006304,'New QR-code generated',39,NULL,'2024-05-28 09:04:09',NULL,NULL,NULL,NULL),(34387,'qr',100006305,'New QR-code generated',18,NULL,'2024-05-28 09:04:09',NULL,NULL,NULL,NULL),(34388,'qr',100006306,'New QR-code generated',2,NULL,'2024-05-28 09:04:09',NULL,NULL,NULL,NULL),(34389,'qr',100006307,'New QR-code generated',40,NULL,'2024-05-28 09:04:09',NULL,NULL,NULL,NULL),(34390,'qr',100006308,'New QR-code generated',7,NULL,'2024-05-28 09:04:09',NULL,NULL,NULL,NULL),(34391,'qr',100006309,'New QR-code generated',15,NULL,'2024-05-28 09:04:09',NULL,NULL,NULL,NULL),(34392,'qr',100006310,'New QR-code generated',10,NULL,'2024-05-28 09:04:09',NULL,NULL,NULL,NULL),(34393,'qr',100006311,'New QR-code generated',31,NULL,'2024-05-28 09:04:09',NULL,NULL,NULL,NULL),(34394,'qr',100006312,'New QR-code generated',18,NULL,'2024-05-28 09:04:09',NULL,NULL,NULL,NULL),(34395,'qr',100006313,'New QR-code generated',20,NULL,'2024-05-28 09:04:09',NULL,NULL,NULL,NULL),(34396,'qr',100006314,'New QR-code generated',20,NULL,'2024-05-28 09:04:09',NULL,NULL,NULL,NULL),(34397,'qr',100006315,'New QR-code generated',18,NULL,'2024-05-28 09:04:09',NULL,NULL,NULL,NULL),(34398,'qr',100006316,'New QR-code generated',20,NULL,'2024-05-28 09:04:09',NULL,NULL,NULL,NULL),(34399,'qr',100006317,'New QR-code generated',18,NULL,'2024-05-28 09:04:09',NULL,NULL,NULL,NULL),(34400,'qr',100006318,'New QR-code generated',9,NULL,'2024-05-28 09:04:09',NULL,NULL,NULL,NULL),(34401,'qr',100006319,'New QR-code generated',9,NULL,'2024-05-28 09:04:09',NULL,NULL,NULL,NULL),(34402,'qr',100006320,'New QR-code generated',2,NULL,'2024-05-28 09:04:09',NULL,NULL,NULL,NULL),(34403,'qr',100006321,'New QR-code generated',6,NULL,'2024-05-28 09:04:09',NULL,NULL,NULL,NULL),(34404,'qr',100006322,'New QR-code generated',16,NULL,'2024-05-28 09:04:09',NULL,NULL,NULL,NULL),(34405,'qr',100006323,'New QR-code generated',11,NULL,'2024-05-28 09:04:09',NULL,NULL,NULL,NULL),(34406,'qr',100006324,'New QR-code generated',41,NULL,'2024-05-28 09:04:09',NULL,NULL,NULL,NULL),(34407,'qr',100006325,'New QR-code generated',17,NULL,'2024-05-28 09:04:09',NULL,NULL,NULL,NULL),(34408,'qr',100006326,'New QR-code generated',32,NULL,'2024-05-28 09:04:09',NULL,NULL,NULL,NULL),(34409,'qr',100006327,'New QR-code generated',32,NULL,'2024-05-28 09:04:09',NULL,NULL,NULL,NULL),(34410,'qr',100006328,'New QR-code generated',34,NULL,'2024-05-28 09:04:09',NULL,NULL,NULL,NULL),(34411,'qr',100006329,'New QR-code generated',15,NULL,'2024-05-28 09:04:09',NULL,NULL,NULL,NULL),(34412,'qr',100006330,'New QR-code generated',16,NULL,'2024-05-28 09:04:09',NULL,NULL,NULL,NULL),(34413,'qr',100006331,'New QR-code generated',19,NULL,'2024-05-28 09:04:09',NULL,NULL,NULL,NULL),(34414,'qr',100006332,'New QR-code generated',10,NULL,'2024-05-28 09:04:09',NULL,NULL,NULL,NULL),(34415,'qr',100006333,'New QR-code generated',15,NULL,'2024-05-28 09:04:09',NULL,NULL,NULL,NULL),(34416,'qr',100006334,'New QR-code generated',15,NULL,'2024-05-28 09:04:09',NULL,NULL,NULL,NULL),(34417,'qr',100006335,'New QR-code generated',19,NULL,'2024-05-28 09:04:09',NULL,NULL,NULL,NULL),(34418,'qr',100006336,'New QR-code generated',32,NULL,'2024-05-28 09:04:09',NULL,NULL,NULL,NULL),(34419,'qr',100006337,'New QR-code generated',7,NULL,'2024-05-28 09:04:09',NULL,NULL,NULL,NULL),(34420,'qr',100006338,'New QR-code generated',2,NULL,'2024-05-28 09:04:09',NULL,NULL,NULL,NULL),(34421,'qr',100006339,'New QR-code generated',24,NULL,'2024-05-28 09:04:09',NULL,NULL,NULL,NULL),(34422,'qr',100006340,'New QR-code generated',19,NULL,'2024-05-28 09:04:09',NULL,NULL,NULL,NULL),(34423,'qr',100006341,'New QR-code generated',15,NULL,'2024-05-28 09:04:09',NULL,NULL,NULL,NULL),(34424,'qr',100006342,'New QR-code generated',10,NULL,'2024-05-28 09:04:09',NULL,NULL,NULL,NULL),(34425,'qr',100006343,'New QR-code generated',32,NULL,'2024-05-28 09:04:09',NULL,NULL,NULL,NULL),(34426,'qr',100006344,'New QR-code generated',11,NULL,'2024-05-28 09:04:09',NULL,NULL,NULL,NULL),(34427,'qr',100006345,'New QR-code generated',40,NULL,'2024-05-28 09:04:09',NULL,NULL,NULL,NULL),(34428,'qr',100006346,'New QR-code generated',18,NULL,'2024-05-28 09:04:09',NULL,NULL,NULL,NULL),(34429,'qr',100006347,'New QR-code generated',23,NULL,'2024-05-28 09:04:09',NULL,NULL,NULL,NULL),(34430,'qr',100006348,'New QR-code generated',25,NULL,'2024-05-28 09:04:09',NULL,NULL,NULL,NULL),(34431,'qr',100006349,'New QR-code generated',10,NULL,'2024-05-28 09:04:09',NULL,NULL,NULL,NULL),(34432,'qr',100006350,'New QR-code generated',37,NULL,'2024-05-28 09:04:09',NULL,NULL,NULL,NULL),(34433,'qr',100006351,'New QR-code generated',17,NULL,'2024-05-28 09:04:09',NULL,NULL,NULL,NULL),(34434,'qr',100006352,'New QR-code generated',32,NULL,'2024-05-28 09:04:09',NULL,NULL,NULL,NULL),(34435,'qr',100006353,'New QR-code generated',3,NULL,'2024-05-28 09:04:09',NULL,NULL,NULL,NULL),(34436,'qr',100006354,'New QR-code generated',40,NULL,'2024-05-28 09:04:09',NULL,NULL,NULL,NULL),(34437,'qr',100006355,'New QR-code generated',15,NULL,'2024-05-28 09:04:09',NULL,NULL,NULL,NULL),(34438,'qr',100006356,'New QR-code generated',23,NULL,'2024-05-28 09:04:09',NULL,NULL,NULL,NULL),(34439,'qr',100006357,'New QR-code generated',5,NULL,'2024-05-28 09:04:09',NULL,NULL,NULL,NULL),(34440,'qr',100006358,'New QR-code generated',12,NULL,'2024-05-28 09:04:09',NULL,NULL,NULL,NULL),(34441,'qr',100006359,'New QR-code generated',24,NULL,'2024-05-28 09:04:09',NULL,NULL,NULL,NULL),(34442,'qr',100006360,'New QR-code generated',37,NULL,'2024-05-28 09:04:09',NULL,NULL,NULL,NULL),(34443,'qr',100006361,'New QR-code generated',24,NULL,'2024-05-28 09:04:09',NULL,NULL,NULL,NULL),(34444,'qr',100006362,'New QR-code generated',9,NULL,'2024-05-28 09:04:09',NULL,NULL,NULL,NULL),(34445,'qr',100006363,'New QR-code generated',39,NULL,'2024-05-28 09:04:09',NULL,NULL,NULL,NULL),(34446,'qr',100006364,'New QR-code generated',38,NULL,'2024-05-28 09:04:09',NULL,NULL,NULL,NULL),(34447,'qr',100006365,'New QR-code generated',10,NULL,'2024-05-28 09:04:09',NULL,NULL,NULL,NULL),(34448,'qr',100006366,'New QR-code generated',16,NULL,'2024-05-28 09:04:09',NULL,NULL,NULL,NULL),(34449,'qr',100006367,'New QR-code generated',6,NULL,'2024-05-28 09:04:09',NULL,NULL,NULL,NULL),(34450,'qr',100006368,'New QR-code generated',10,NULL,'2024-05-28 09:04:09',NULL,NULL,NULL,NULL),(34451,'qr',100006369,'New QR-code generated',15,NULL,'2024-05-28 09:04:10',NULL,NULL,NULL,NULL),(34452,'qr',100006370,'New QR-code generated',4,NULL,'2024-05-28 09:04:10',NULL,NULL,NULL,NULL),(34453,'qr',100006371,'New QR-code generated',3,NULL,'2024-05-28 09:04:10',NULL,NULL,NULL,NULL),(34454,'qr',100006372,'New QR-code generated',16,NULL,'2024-05-28 09:04:10',NULL,NULL,NULL,NULL),(34455,'qr',100006373,'New QR-code generated',32,NULL,'2024-05-28 09:04:10',NULL,NULL,NULL,NULL),(34456,'qr',100006374,'New QR-code generated',34,NULL,'2024-05-28 09:04:10',NULL,NULL,NULL,NULL),(34457,'qr',100006375,'New QR-code generated',11,NULL,'2024-05-28 09:04:10',NULL,NULL,NULL,NULL),(34458,'qr',100006376,'New QR-code generated',8,NULL,'2024-05-28 09:04:10',NULL,NULL,NULL,NULL),(34459,'qr',100006377,'New QR-code generated',15,NULL,'2024-05-28 09:04:10',NULL,NULL,NULL,NULL),(34460,'qr',100006378,'New QR-code generated',15,NULL,'2024-05-28 09:04:10',NULL,NULL,NULL,NULL),(34461,'qr',100006379,'New QR-code generated',25,NULL,'2024-05-28 09:04:10',NULL,NULL,NULL,NULL),(34462,'qr',100006380,'New QR-code generated',16,NULL,'2024-05-28 09:04:10',NULL,NULL,NULL,NULL),(34463,'qr',100006381,'New QR-code generated',31,NULL,'2024-05-28 09:04:10',NULL,NULL,NULL,NULL),(34464,'qr',100006382,'New QR-code generated',37,NULL,'2024-05-28 09:04:10',NULL,NULL,NULL,NULL),(34465,'qr',100006383,'New QR-code generated',7,NULL,'2024-05-28 09:04:10',NULL,NULL,NULL,NULL),(34466,'qr',100006384,'New QR-code generated',19,NULL,'2024-05-28 09:04:10',NULL,NULL,NULL,NULL),(34467,'qr',100006385,'New QR-code generated',18,NULL,'2024-05-28 09:04:10',NULL,NULL,NULL,NULL),(34468,'qr',100006386,'New QR-code generated',18,NULL,'2024-05-28 09:04:10',NULL,NULL,NULL,NULL),(34469,'qr',100006387,'New QR-code generated',18,NULL,'2024-05-28 09:04:10',NULL,NULL,NULL,NULL),(34470,'qr',100006388,'New QR-code generated',3,NULL,'2024-05-28 09:04:10',NULL,NULL,NULL,NULL),(34471,'qr',100006389,'New QR-code generated',32,NULL,'2024-05-28 09:04:10',NULL,NULL,NULL,NULL),(34472,'qr',100006390,'New QR-code generated',17,NULL,'2024-05-28 09:04:10',NULL,NULL,NULL,NULL),(34473,'qr',100006391,'New QR-code generated',12,NULL,'2024-05-28 09:04:10',NULL,NULL,NULL,NULL),(34474,'qr',100006392,'New QR-code generated',17,NULL,'2024-05-28 09:04:10',NULL,NULL,NULL,NULL),(34475,'qr',100006393,'New QR-code generated',15,NULL,'2024-05-28 09:04:10',NULL,NULL,NULL,NULL),(34476,'qr',100006394,'New QR-code generated',41,NULL,'2024-05-28 09:04:10',NULL,NULL,NULL,NULL),(34477,'qr',100006395,'New QR-code generated',9,NULL,'2024-05-28 09:04:10',NULL,NULL,NULL,NULL),(34478,'qr',100006396,'New QR-code generated',18,NULL,'2024-05-28 09:04:10',NULL,NULL,NULL,NULL),(34479,'qr',100006397,'New QR-code generated',10,NULL,'2024-05-28 09:04:10',NULL,NULL,NULL,NULL),(34480,'qr',100006398,'New QR-code generated',37,NULL,'2024-05-28 09:04:10',NULL,NULL,NULL,NULL),(34481,'qr',100006399,'New QR-code generated',23,NULL,'2024-05-28 09:04:10',NULL,NULL,NULL,NULL),(34482,'qr',100006400,'New QR-code generated',39,NULL,'2024-05-28 09:04:10',NULL,NULL,NULL,NULL),(34483,'qr',100006401,'New QR-code generated',11,NULL,'2024-05-28 09:04:10',NULL,NULL,NULL,NULL),(34484,'qr',100006402,'New QR-code generated',41,NULL,'2024-05-28 09:04:10',NULL,NULL,NULL,NULL),(34485,'qr',100006403,'New QR-code generated',15,NULL,'2024-05-28 09:04:10',NULL,NULL,NULL,NULL),(34486,'qr',100006404,'New QR-code generated',38,NULL,'2024-05-28 09:04:10',NULL,NULL,NULL,NULL),(34487,'qr',100006405,'New QR-code generated',11,NULL,'2024-05-28 09:04:10',NULL,NULL,NULL,NULL),(34488,'qr',100006406,'New QR-code generated',10,NULL,'2024-05-28 09:04:10',NULL,NULL,NULL,NULL),(34489,'qr',100006407,'New QR-code generated',37,NULL,'2024-05-28 09:04:10',NULL,NULL,NULL,NULL),(34490,'qr',100006408,'New QR-code generated',38,NULL,'2024-05-28 09:04:10',NULL,NULL,NULL,NULL),(34491,'qr',100006409,'New QR-code generated',16,NULL,'2024-05-28 09:04:10',NULL,NULL,NULL,NULL),(34492,'qr',100006410,'New QR-code generated',20,NULL,'2024-05-28 09:04:10',NULL,NULL,NULL,NULL),(34493,'qr',100006411,'New QR-code generated',16,NULL,'2024-05-28 09:04:10',NULL,NULL,NULL,NULL),(34494,'qr',100006412,'New QR-code generated',34,NULL,'2024-05-28 09:04:10',NULL,NULL,NULL,NULL),(34495,'qr',100006413,'New QR-code generated',17,NULL,'2024-05-28 09:04:10',NULL,NULL,NULL,NULL),(34496,'qr',100006414,'New QR-code generated',7,NULL,'2024-05-28 09:04:10',NULL,NULL,NULL,NULL),(34497,'qr',100006415,'New QR-code generated',20,NULL,'2024-05-28 09:04:10',NULL,NULL,NULL,NULL),(34498,'qr',100006416,'New QR-code generated',34,NULL,'2024-05-28 09:04:10',NULL,NULL,NULL,NULL),(34499,'qr',100006417,'New QR-code generated',18,NULL,'2024-05-28 09:04:10',NULL,NULL,NULL,NULL),(34500,'qr',100006418,'New QR-code generated',23,NULL,'2024-05-28 09:04:10',NULL,NULL,NULL,NULL),(34501,'qr',100006419,'New QR-code generated',4,NULL,'2024-05-28 09:04:10',NULL,NULL,NULL,NULL),(34502,'qr',100006420,'New QR-code generated',39,NULL,'2024-05-28 09:04:10',NULL,NULL,NULL,NULL),(34503,'qr',100006421,'New QR-code generated',34,NULL,'2024-05-28 09:04:10',NULL,NULL,NULL,NULL),(34504,'qr',100006422,'New QR-code generated',20,NULL,'2024-05-28 09:04:10',NULL,NULL,NULL,NULL),(34505,'qr',100006423,'New QR-code generated',2,NULL,'2024-05-28 09:04:10',NULL,NULL,NULL,NULL),(34506,'qr',100006424,'New QR-code generated',16,NULL,'2024-05-28 09:04:10',NULL,NULL,NULL,NULL),(34507,'qr',100006425,'New QR-code generated',9,NULL,'2024-05-28 09:04:10',NULL,NULL,NULL,NULL),(34508,'qr',100006426,'New QR-code generated',23,NULL,'2024-05-28 09:04:10',NULL,NULL,NULL,NULL),(34509,'qr',100006427,'New QR-code generated',6,NULL,'2024-05-28 09:04:10',NULL,NULL,NULL,NULL),(34510,'qr',100006428,'New QR-code generated',41,NULL,'2024-05-28 09:04:10',NULL,NULL,NULL,NULL),(34511,'qr',100006429,'New QR-code generated',16,NULL,'2024-05-28 09:04:10',NULL,NULL,NULL,NULL),(34512,'qr',100006430,'New QR-code generated',10,NULL,'2024-05-28 09:04:10',NULL,NULL,NULL,NULL),(34513,'qr',100006431,'New QR-code generated',10,NULL,'2024-05-28 09:04:10',NULL,NULL,NULL,NULL),(34514,'qr',100006432,'New QR-code generated',7,NULL,'2024-05-28 09:04:10',NULL,NULL,NULL,NULL),(34515,'qr',100006433,'New QR-code generated',18,NULL,'2024-05-28 09:04:10',NULL,NULL,NULL,NULL),(34516,'qr',100006434,'New QR-code generated',37,NULL,'2024-05-28 09:04:10',NULL,NULL,NULL,NULL),(34517,'qr',100006435,'New QR-code generated',18,NULL,'2024-05-28 09:04:10',NULL,NULL,NULL,NULL),(34518,'qr',100006436,'New QR-code generated',18,NULL,'2024-05-28 09:04:10',NULL,NULL,NULL,NULL),(34519,'qr',100006437,'New QR-code generated',32,NULL,'2024-05-28 09:04:10',NULL,NULL,NULL,NULL),(34520,'qr',100006438,'New QR-code generated',23,NULL,'2024-05-28 09:04:10',NULL,NULL,NULL,NULL),(34521,'qr',100006439,'New QR-code generated',32,NULL,'2024-05-28 09:04:10',NULL,NULL,NULL,NULL),(34522,'qr',100006440,'New QR-code generated',31,NULL,'2024-05-28 09:04:10',NULL,NULL,NULL,NULL),(34523,'qr',100006441,'New QR-code generated',24,NULL,'2024-05-28 09:04:10',NULL,NULL,NULL,NULL),(34524,'qr',100006442,'New QR-code generated',23,NULL,'2024-05-28 09:04:10',NULL,NULL,NULL,NULL),(34525,'qr',100006443,'New QR-code generated',8,NULL,'2024-05-28 09:04:10',NULL,NULL,NULL,NULL),(34526,'qr',100006444,'New QR-code generated',19,NULL,'2024-05-28 09:04:10',NULL,NULL,NULL,NULL),(34527,'qr',100006445,'New QR-code generated',3,NULL,'2024-05-28 09:04:10',NULL,NULL,NULL,NULL),(34528,'qr',100006446,'New QR-code generated',17,NULL,'2024-05-28 09:04:10',NULL,NULL,NULL,NULL),(34529,'qr',100006447,'New QR-code generated',10,NULL,'2024-05-28 09:04:10',NULL,NULL,NULL,NULL),(34530,'qr',100006448,'New QR-code generated',16,NULL,'2024-05-28 09:04:10',NULL,NULL,NULL,NULL),(34531,'qr',100006449,'New QR-code generated',25,NULL,'2024-05-28 09:04:10',NULL,NULL,NULL,NULL),(34532,'qr',100006450,'New QR-code generated',24,NULL,'2024-05-28 09:04:10',NULL,NULL,NULL,NULL),(34533,'qr',100006451,'New QR-code generated',18,NULL,'2024-05-28 09:04:10',NULL,NULL,NULL,NULL),(34534,'qr',100006452,'New QR-code generated',17,NULL,'2024-05-28 09:04:10',NULL,NULL,NULL,NULL),(34535,'qr',100006453,'New QR-code generated',4,NULL,'2024-05-28 09:04:10',NULL,NULL,NULL,NULL),(34536,'qr',100006454,'New QR-code generated',25,NULL,'2024-05-28 09:04:10',NULL,NULL,NULL,NULL),(34537,'qr',100006455,'New QR-code generated',39,NULL,'2024-05-28 09:04:10',NULL,NULL,NULL,NULL),(34538,'qr',100006456,'New QR-code generated',10,NULL,'2024-05-28 09:04:10',NULL,NULL,NULL,NULL),(34539,'qr',100006457,'New QR-code generated',32,NULL,'2024-05-28 09:04:10',NULL,NULL,NULL,NULL),(34540,'qr',100006458,'New QR-code generated',5,NULL,'2024-05-28 09:04:10',NULL,NULL,NULL,NULL),(34541,'qr',100006459,'New QR-code generated',9,NULL,'2024-05-28 09:04:10',NULL,NULL,NULL,NULL),(34542,'qr',100006460,'New QR-code generated',31,NULL,'2024-05-28 09:04:10',NULL,NULL,NULL,NULL),(34543,'qr',100006461,'New QR-code generated',10,NULL,'2024-05-28 09:04:10',NULL,NULL,NULL,NULL),(34544,'qr',100006462,'New QR-code generated',41,NULL,'2024-05-28 09:04:10',NULL,NULL,NULL,NULL),(34545,'qr',100006463,'New QR-code generated',20,NULL,'2024-05-28 09:04:10',NULL,NULL,NULL,NULL),(34546,'qr',100006464,'New QR-code generated',10,NULL,'2024-05-28 09:04:10',NULL,NULL,NULL,NULL),(34547,'qr',100006465,'New QR-code generated',11,NULL,'2024-05-28 09:04:10',NULL,NULL,NULL,NULL),(34548,'qr',100006466,'New QR-code generated',38,NULL,'2024-05-28 09:04:10',NULL,NULL,NULL,NULL),(34549,'qr',100006467,'New QR-code generated',16,NULL,'2024-05-28 09:04:10',NULL,NULL,NULL,NULL),(34550,'qr',100006468,'New QR-code generated',15,NULL,'2024-05-28 09:04:10',NULL,NULL,NULL,NULL),(34551,'qr',100006469,'New QR-code generated',7,NULL,'2024-05-28 09:04:10',NULL,NULL,NULL,NULL),(34552,'qr',100006470,'New QR-code generated',16,NULL,'2024-05-28 09:04:10',NULL,NULL,NULL,NULL),(34553,'qr',100006471,'New QR-code generated',37,NULL,'2024-05-28 09:04:10',NULL,NULL,NULL,NULL),(34554,'qr',100006472,'New QR-code generated',19,NULL,'2024-05-28 09:04:10',NULL,NULL,NULL,NULL),(34555,'qr',100006473,'New QR-code generated',25,NULL,'2024-05-28 09:04:10',NULL,NULL,NULL,NULL),(34556,'qr',100006474,'New QR-code generated',11,NULL,'2024-05-28 09:04:10',NULL,NULL,NULL,NULL),(34557,'qr',100006475,'New QR-code generated',18,NULL,'2024-05-28 09:04:10',NULL,NULL,NULL,NULL),(34558,'qr',100006476,'New QR-code generated',18,NULL,'2024-05-28 09:04:10',NULL,NULL,NULL,NULL),(34559,'qr',100006477,'New QR-code generated',20,NULL,'2024-05-28 09:04:10',NULL,NULL,NULL,NULL),(34560,'qr',100006478,'New QR-code generated',41,NULL,'2024-05-28 09:04:10',NULL,NULL,NULL,NULL),(34561,'qr',100006479,'New QR-code generated',3,NULL,'2024-05-28 09:04:10',NULL,NULL,NULL,NULL),(34562,'qr',100006480,'New QR-code generated',17,NULL,'2024-05-28 09:04:10',NULL,NULL,NULL,NULL),(34563,'qr',100006481,'New QR-code generated',18,NULL,'2024-05-28 09:04:10',NULL,NULL,NULL,NULL),(34564,'qr',100006482,'New QR-code generated',8,NULL,'2024-05-28 09:04:10',NULL,NULL,NULL,NULL),(34565,'qr',100006483,'New QR-code generated',10,NULL,'2024-05-28 09:04:10',NULL,NULL,NULL,NULL),(34566,'qr',100006484,'New QR-code generated',20,NULL,'2024-05-28 09:04:10',NULL,NULL,NULL,NULL),(34567,'qr',100006485,'New QR-code generated',16,NULL,'2024-05-28 09:04:10',NULL,NULL,NULL,NULL),(34568,'qr',100006486,'New QR-code generated',38,NULL,'2024-05-28 09:04:10',NULL,NULL,NULL,NULL),(34569,'qr',100006487,'New QR-code generated',3,NULL,'2024-05-28 09:04:10',NULL,NULL,NULL,NULL),(34570,'qr',100006488,'New QR-code generated',32,NULL,'2024-05-28 09:04:11',NULL,NULL,NULL,NULL),(34571,'qr',100006489,'New QR-code generated',17,NULL,'2024-05-28 09:04:11',NULL,NULL,NULL,NULL),(34572,'qr',100006490,'New QR-code generated',3,NULL,'2024-05-28 09:04:11',NULL,NULL,NULL,NULL),(34573,'qr',100006491,'New QR-code generated',39,NULL,'2024-05-28 09:04:11',NULL,NULL,NULL,NULL),(34574,'qr',100006492,'New QR-code generated',15,NULL,'2024-05-28 09:04:11',NULL,NULL,NULL,NULL),(34575,'qr',100006493,'New QR-code generated',38,NULL,'2024-05-28 09:04:11',NULL,NULL,NULL,NULL),(34576,'qr',100006494,'New QR-code generated',19,NULL,'2024-05-28 09:04:11',NULL,NULL,NULL,NULL),(34577,'qr',100006495,'New QR-code generated',41,NULL,'2024-05-28 09:04:11',NULL,NULL,NULL,NULL),(34578,'qr',100006496,'New QR-code generated',6,NULL,'2024-05-28 09:04:11',NULL,NULL,NULL,NULL),(34579,'qr',100006497,'New QR-code generated',16,NULL,'2024-05-28 09:04:11',NULL,NULL,NULL,NULL),(34580,'qr',100006498,'New QR-code generated',5,NULL,'2024-05-28 09:04:11',NULL,NULL,NULL,NULL),(34581,'qr',100006499,'New QR-code generated',31,NULL,'2024-05-28 09:04:11',NULL,NULL,NULL,NULL),(34582,'qr',100006500,'New QR-code generated',19,NULL,'2024-05-28 09:04:11',NULL,NULL,NULL,NULL),(34583,'qr',100006501,'New QR-code generated',6,NULL,'2024-05-28 09:04:11',NULL,NULL,NULL,NULL),(34584,'qr',100006502,'New QR-code generated',34,NULL,'2024-05-28 09:04:11',NULL,NULL,NULL,NULL),(34585,'qr',100006503,'New QR-code generated',10,NULL,'2024-05-28 09:04:11',NULL,NULL,NULL,NULL),(34586,'qr',100006504,'New QR-code generated',12,NULL,'2024-05-28 09:04:11',NULL,NULL,NULL,NULL),(34587,'qr',100006505,'New QR-code generated',16,NULL,'2024-05-28 09:04:11',NULL,NULL,NULL,NULL),(34588,'qr',100006506,'New QR-code generated',15,NULL,'2024-05-28 09:04:11',NULL,NULL,NULL,NULL),(34589,'qr',100006507,'New QR-code generated',18,NULL,'2024-05-28 09:04:11',NULL,NULL,NULL,NULL),(34590,'qr',100006508,'New QR-code generated',10,NULL,'2024-05-28 09:04:11',NULL,NULL,NULL,NULL),(34591,'qr',100006509,'New QR-code generated',25,NULL,'2024-05-28 09:04:11',NULL,NULL,NULL,NULL),(34592,'qr',100006510,'New QR-code generated',16,NULL,'2024-05-28 09:04:11',NULL,NULL,NULL,NULL),(34593,'qr',100006511,'New QR-code generated',18,NULL,'2024-05-28 09:04:11',NULL,NULL,NULL,NULL),(34594,'qr',100006512,'New QR-code generated',7,NULL,'2024-05-28 09:04:11',NULL,NULL,NULL,NULL),(34595,'qr',100006513,'New QR-code generated',5,NULL,'2024-05-28 09:04:11',NULL,NULL,NULL,NULL),(34596,'qr',100006514,'New QR-code generated',10,NULL,'2024-05-28 09:04:11',NULL,NULL,NULL,NULL),(34597,'qr',100006515,'New QR-code generated',10,NULL,'2024-05-28 09:04:11',NULL,NULL,NULL,NULL),(34598,'qr',100006516,'New QR-code generated',10,NULL,'2024-05-28 09:04:11',NULL,NULL,NULL,NULL),(34599,'qr',100006517,'New QR-code generated',6,NULL,'2024-05-28 09:04:11',NULL,NULL,NULL,NULL),(34600,'qr',100006518,'New QR-code generated',10,NULL,'2024-05-28 09:04:11',NULL,NULL,NULL,NULL),(34601,'qr',100006519,'New QR-code generated',18,NULL,'2024-05-28 09:04:11',NULL,NULL,NULL,NULL),(34602,'qr',100006520,'New QR-code generated',37,NULL,'2024-05-28 09:04:11',NULL,NULL,NULL,NULL),(34603,'qr',100006521,'New QR-code generated',19,NULL,'2024-05-28 09:04:11',NULL,NULL,NULL,NULL),(34604,'qr',100006522,'New QR-code generated',10,NULL,'2024-05-28 09:04:11',NULL,NULL,NULL,NULL),(34605,'qr',100006523,'New QR-code generated',34,NULL,'2024-05-28 09:04:11',NULL,NULL,NULL,NULL),(34606,'qr',100006524,'New QR-code generated',10,NULL,'2024-05-28 09:04:11',NULL,NULL,NULL,NULL),(34607,'qr',100006525,'New QR-code generated',18,NULL,'2024-05-28 09:04:11',NULL,NULL,NULL,NULL),(34608,'qr',100006526,'New QR-code generated',11,NULL,'2024-05-28 09:04:11',NULL,NULL,NULL,NULL),(34609,'qr',100006527,'New QR-code generated',2,NULL,'2024-05-28 09:04:11',NULL,NULL,NULL,NULL),(34610,'qr',100006528,'New QR-code generated',20,NULL,'2024-05-28 09:04:11',NULL,NULL,NULL,NULL),(34611,'qr',100006529,'New QR-code generated',17,NULL,'2024-05-28 09:04:11',NULL,NULL,NULL,NULL),(34612,'qr',100006530,'New QR-code generated',17,NULL,'2024-05-28 09:04:11',NULL,NULL,NULL,NULL),(34613,'qr',100006531,'New QR-code generated',17,NULL,'2024-05-28 09:04:11',NULL,NULL,NULL,NULL),(34614,'qr',100006532,'New QR-code generated',39,NULL,'2024-05-28 09:04:11',NULL,NULL,NULL,NULL),(34615,'qr',100006533,'New QR-code generated',10,NULL,'2024-05-28 09:04:11',NULL,NULL,NULL,NULL),(34616,'qr',100006534,'New QR-code generated',5,NULL,'2024-05-28 09:04:11',NULL,NULL,NULL,NULL),(34617,'qr',100006535,'New QR-code generated',18,NULL,'2024-05-28 09:04:11',NULL,NULL,NULL,NULL),(34618,'qr',100006536,'New QR-code generated',31,NULL,'2024-05-28 09:04:11',NULL,NULL,NULL,NULL),(34619,'qr',100006537,'New QR-code generated',10,NULL,'2024-05-28 09:04:11',NULL,NULL,NULL,NULL),(34620,'qr',100006538,'New QR-code generated',7,NULL,'2024-05-28 09:04:11',NULL,NULL,NULL,NULL),(34621,'qr',100006539,'New QR-code generated',12,NULL,'2024-05-28 09:04:11',NULL,NULL,NULL,NULL),(34622,'qr',100006540,'New QR-code generated',25,NULL,'2024-05-28 09:04:11',NULL,NULL,NULL,NULL),(34623,'qr',100006541,'New QR-code generated',8,NULL,'2024-05-28 09:04:11',NULL,NULL,NULL,NULL),(34624,'qr',100006542,'New QR-code generated',5,NULL,'2024-05-28 09:04:11',NULL,NULL,NULL,NULL),(34625,'qr',100006543,'New QR-code generated',18,NULL,'2024-05-28 09:04:11',NULL,NULL,NULL,NULL),(34626,'qr',100006544,'New QR-code generated',10,NULL,'2024-05-28 09:04:11',NULL,NULL,NULL,NULL),(34627,'qr',100006545,'New QR-code generated',3,NULL,'2024-05-28 09:04:11',NULL,NULL,NULL,NULL),(34628,'qr',100006546,'New QR-code generated',17,NULL,'2024-05-28 09:04:11',NULL,NULL,NULL,NULL),(34629,'qr',100006547,'New QR-code generated',8,NULL,'2024-05-28 09:04:11',NULL,NULL,NULL,NULL),(34630,'qr',100006548,'New QR-code generated',10,NULL,'2024-05-28 09:04:11',NULL,NULL,NULL,NULL),(34631,'qr',100006549,'New QR-code generated',25,NULL,'2024-05-28 09:04:11',NULL,NULL,NULL,NULL),(34632,'qr',100006550,'New QR-code generated',20,NULL,'2024-05-28 09:04:11',NULL,NULL,NULL,NULL),(34633,'qr',100006551,'New QR-code generated',12,NULL,'2024-05-28 09:04:11',NULL,NULL,NULL,NULL),(34634,'qr',100006552,'New QR-code generated',41,NULL,'2024-05-28 09:04:11',NULL,NULL,NULL,NULL),(34635,'qr',100006553,'New QR-code generated',39,NULL,'2024-05-28 09:04:11',NULL,NULL,NULL,NULL),(34636,'qr',100006554,'New QR-code generated',10,NULL,'2024-05-28 09:04:11',NULL,NULL,NULL,NULL),(34637,'qr',100006555,'New QR-code generated',10,NULL,'2024-05-28 09:04:11',NULL,NULL,NULL,NULL),(34638,'qr',100006556,'New QR-code generated',41,NULL,'2024-05-28 09:04:11',NULL,NULL,NULL,NULL),(34639,'qr',100006557,'New QR-code generated',12,NULL,'2024-05-28 09:04:11',NULL,NULL,NULL,NULL),(34640,'qr',100006558,'New QR-code generated',25,NULL,'2024-05-28 09:04:11',NULL,NULL,NULL,NULL),(34641,'qr',100006559,'New QR-code generated',18,NULL,'2024-05-28 09:04:11',NULL,NULL,NULL,NULL),(34642,'qr',100006560,'New QR-code generated',4,NULL,'2024-05-28 09:04:11',NULL,NULL,NULL,NULL),(34643,'qr',100006561,'New QR-code generated',23,NULL,'2024-05-28 09:04:11',NULL,NULL,NULL,NULL),(34644,'qr',100006562,'New QR-code generated',4,NULL,'2024-05-28 09:04:11',NULL,NULL,NULL,NULL),(34645,'qr',100006563,'New QR-code generated',16,NULL,'2024-05-28 09:04:11',NULL,NULL,NULL,NULL),(34646,'qr',100006564,'New QR-code generated',18,NULL,'2024-05-28 09:04:11',NULL,NULL,NULL,NULL),(34647,'qr',100006565,'New QR-code generated',10,NULL,'2024-05-28 09:04:11',NULL,NULL,NULL,NULL),(34648,'qr',100006566,'New QR-code generated',7,NULL,'2024-05-28 09:04:11',NULL,NULL,NULL,NULL),(34649,'qr',100006567,'New QR-code generated',12,NULL,'2024-05-28 09:04:11',NULL,NULL,NULL,NULL),(34650,'qr',100006568,'New QR-code generated',24,NULL,'2024-05-28 09:04:11',NULL,NULL,NULL,NULL),(34651,'qr',100006569,'New QR-code generated',20,NULL,'2024-05-28 09:04:11',NULL,NULL,NULL,NULL),(34652,'qr',100006570,'New QR-code generated',6,NULL,'2024-05-28 09:04:11',NULL,NULL,NULL,NULL),(34653,'qr',100006571,'New QR-code generated',10,NULL,'2024-05-28 09:04:11',NULL,NULL,NULL,NULL),(34654,'qr',100006572,'New QR-code generated',2,NULL,'2024-05-28 09:04:11',NULL,NULL,NULL,NULL),(34655,'qr',100006573,'New QR-code generated',2,NULL,'2024-05-28 09:04:11',NULL,NULL,NULL,NULL),(34656,'qr',100006574,'New QR-code generated',9,NULL,'2024-05-28 09:04:11',NULL,NULL,NULL,NULL),(34657,'qr',100006575,'New QR-code generated',18,NULL,'2024-05-28 09:04:11',NULL,NULL,NULL,NULL),(34658,'qr',100006576,'New QR-code generated',10,NULL,'2024-05-28 09:04:11',NULL,NULL,NULL,NULL),(34659,'qr',100006577,'New QR-code generated',10,NULL,'2024-05-28 09:04:11',NULL,NULL,NULL,NULL),(34660,'qr',100006578,'New QR-code generated',19,NULL,'2024-05-28 09:04:11',NULL,NULL,NULL,NULL),(34661,'qr',100006579,'New QR-code generated',37,NULL,'2024-05-28 09:04:11',NULL,NULL,NULL,NULL),(34662,'qr',100006580,'New QR-code generated',11,NULL,'2024-05-28 09:04:11',NULL,NULL,NULL,NULL),(34663,'qr',100006581,'New QR-code generated',24,NULL,'2024-05-28 09:04:11',NULL,NULL,NULL,NULL),(34664,'qr',100006582,'New QR-code generated',16,NULL,'2024-05-28 09:04:11',NULL,NULL,NULL,NULL),(34665,'qr',100006583,'New QR-code generated',9,NULL,'2024-05-28 09:04:11',NULL,NULL,NULL,NULL),(34666,'qr',100006584,'New QR-code generated',5,NULL,'2024-05-28 09:04:11',NULL,NULL,NULL,NULL),(34667,'qr',100006585,'New QR-code generated',10,NULL,'2024-05-28 09:04:11',NULL,NULL,NULL,NULL),(34668,'qr',100006586,'New QR-code generated',18,NULL,'2024-05-28 09:04:11',NULL,NULL,NULL,NULL),(34669,'qr',100006587,'New QR-code generated',7,NULL,'2024-05-28 09:04:11',NULL,NULL,NULL,NULL),(34670,'qr',100006588,'New QR-code generated',17,NULL,'2024-05-28 09:04:11',NULL,NULL,NULL,NULL),(34671,'qr',100006589,'New QR-code generated',33,NULL,'2024-05-28 09:04:11',NULL,NULL,NULL,NULL),(34672,'qr',100006590,'New QR-code generated',8,NULL,'2024-05-28 09:04:11',NULL,NULL,NULL,NULL),(34673,'qr',100006591,'New QR-code generated',18,NULL,'2024-05-28 09:04:12',NULL,NULL,NULL,NULL),(34674,'qr',100006592,'New QR-code generated',17,NULL,'2024-05-28 09:04:12',NULL,NULL,NULL,NULL),(34675,'qr',100006593,'New QR-code generated',10,NULL,'2024-05-28 09:04:12',NULL,NULL,NULL,NULL),(34676,'qr',100006594,'New QR-code generated',18,NULL,'2024-05-28 09:04:12',NULL,NULL,NULL,NULL),(34677,'qr',100006595,'New QR-code generated',38,NULL,'2024-05-28 09:04:12',NULL,NULL,NULL,NULL),(34678,'qr',100006596,'New QR-code generated',10,NULL,'2024-05-28 09:04:12',NULL,NULL,NULL,NULL),(34679,'qr',100006597,'New QR-code generated',16,NULL,'2024-05-28 09:04:12',NULL,NULL,NULL,NULL),(34680,'qr',100006598,'New QR-code generated',16,NULL,'2024-05-28 09:04:12',NULL,NULL,NULL,NULL),(34681,'qr',100006599,'New QR-code generated',5,NULL,'2024-05-28 09:04:12',NULL,NULL,NULL,NULL),(34682,'qr',100006600,'New QR-code generated',8,NULL,'2024-05-28 09:04:12',NULL,NULL,NULL,NULL),(34683,'qr',100006601,'New QR-code generated',32,NULL,'2024-05-28 09:04:12',NULL,NULL,NULL,NULL),(34684,'qr',100006602,'New QR-code generated',11,NULL,'2024-05-28 09:04:12',NULL,NULL,NULL,NULL),(34685,'qr',100006603,'New QR-code generated',2,NULL,'2024-05-28 09:04:12',NULL,NULL,NULL,NULL),(34686,'qr',100006604,'New QR-code generated',18,NULL,'2024-05-28 09:04:12',NULL,NULL,NULL,NULL),(34687,'qr',100006605,'New QR-code generated',18,NULL,'2024-05-28 09:04:12',NULL,NULL,NULL,NULL),(34688,'qr',100006606,'New QR-code generated',33,NULL,'2024-05-28 09:04:12',NULL,NULL,NULL,NULL),(34689,'qr',100006607,'New QR-code generated',41,NULL,'2024-05-28 09:04:12',NULL,NULL,NULL,NULL),(34690,'qr',100006608,'New QR-code generated',25,NULL,'2024-05-28 09:04:12',NULL,NULL,NULL,NULL),(34691,'qr',100006609,'New QR-code generated',37,NULL,'2024-05-28 09:04:12',NULL,NULL,NULL,NULL),(34692,'qr',100006610,'New QR-code generated',18,NULL,'2024-05-28 09:04:12',NULL,NULL,NULL,NULL),(34693,'qr',100006611,'New QR-code generated',41,NULL,'2024-05-28 09:04:12',NULL,NULL,NULL,NULL),(34694,'qr',100006612,'New QR-code generated',32,NULL,'2024-05-28 09:04:12',NULL,NULL,NULL,NULL),(34695,'qr',100006613,'New QR-code generated',10,NULL,'2024-05-28 09:04:12',NULL,NULL,NULL,NULL),(34696,'qr',100006614,'New QR-code generated',24,NULL,'2024-05-28 09:04:12',NULL,NULL,NULL,NULL),(34697,'qr',100006615,'New QR-code generated',11,NULL,'2024-05-28 09:04:12',NULL,NULL,NULL,NULL),(34698,'qr',100006616,'New QR-code generated',12,NULL,'2024-05-28 09:04:12',NULL,NULL,NULL,NULL),(34699,'qr',100006617,'New QR-code generated',17,NULL,'2024-05-28 09:04:12',NULL,NULL,NULL,NULL),(34700,'qr',100006618,'New QR-code generated',18,NULL,'2024-05-28 09:04:12',NULL,NULL,NULL,NULL),(34701,'qr',100006619,'New QR-code generated',5,NULL,'2024-05-28 09:04:12',NULL,NULL,NULL,NULL),(34702,'qr',100006620,'New QR-code generated',23,NULL,'2024-05-28 09:04:12',NULL,NULL,NULL,NULL),(34703,'qr',100006621,'New QR-code generated',25,NULL,'2024-05-28 09:04:12',NULL,NULL,NULL,NULL),(34704,'qr',100006622,'New QR-code generated',33,NULL,'2024-05-28 09:04:12',NULL,NULL,NULL,NULL),(34705,'qr',100006623,'New QR-code generated',6,NULL,'2024-05-28 09:04:12',NULL,NULL,NULL,NULL),(34706,'qr',100006624,'New QR-code generated',8,NULL,'2024-05-28 09:04:12',NULL,NULL,NULL,NULL),(34707,'qr',100006625,'New QR-code generated',37,NULL,'2024-05-28 09:04:12',NULL,NULL,NULL,NULL),(34708,'qr',100006626,'New QR-code generated',34,NULL,'2024-05-28 09:04:12',NULL,NULL,NULL,NULL),(34709,'qr',100006627,'New QR-code generated',37,NULL,'2024-05-28 09:04:12',NULL,NULL,NULL,NULL),(34710,'qr',100006628,'New QR-code generated',17,NULL,'2024-05-28 09:04:12',NULL,NULL,NULL,NULL),(34711,'qr',100006629,'New QR-code generated',8,NULL,'2024-05-28 09:04:12',NULL,NULL,NULL,NULL),(34712,'qr',100006630,'New QR-code generated',3,NULL,'2024-05-28 09:04:12',NULL,NULL,NULL,NULL),(34713,'qr',100006631,'New QR-code generated',17,NULL,'2024-05-28 09:04:12',NULL,NULL,NULL,NULL),(34714,'qr',100006632,'New QR-code generated',17,NULL,'2024-05-28 09:04:12',NULL,NULL,NULL,NULL),(34715,'qr',100006633,'New QR-code generated',17,NULL,'2024-05-28 09:04:12',NULL,NULL,NULL,NULL),(34716,'qr',100006634,'New QR-code generated',18,NULL,'2024-05-28 09:04:12',NULL,NULL,NULL,NULL),(34717,'qr',100006635,'New QR-code generated',39,NULL,'2024-05-28 09:04:12',NULL,NULL,NULL,NULL),(34718,'qr',100006636,'New QR-code generated',10,NULL,'2024-05-28 09:04:12',NULL,NULL,NULL,NULL),(34719,'qr',100006637,'New QR-code generated',17,NULL,'2024-05-28 09:04:12',NULL,NULL,NULL,NULL),(34720,'qr',100006638,'New QR-code generated',15,NULL,'2024-05-28 09:04:12',NULL,NULL,NULL,NULL),(34721,'qr',100006639,'New QR-code generated',18,NULL,'2024-05-28 09:04:12',NULL,NULL,NULL,NULL),(34722,'qr',100006640,'New QR-code generated',18,NULL,'2024-05-28 09:04:12',NULL,NULL,NULL,NULL),(34723,'qr',100006641,'New QR-code generated',8,NULL,'2024-05-28 09:04:12',NULL,NULL,NULL,NULL),(34724,'qr',100006642,'New QR-code generated',9,NULL,'2024-05-28 09:04:12',NULL,NULL,NULL,NULL),(34725,'qr',100006643,'New QR-code generated',11,NULL,'2024-05-28 09:04:12',NULL,NULL,NULL,NULL),(34726,'qr',100006644,'New QR-code generated',37,NULL,'2024-05-28 09:04:12',NULL,NULL,NULL,NULL),(34727,'qr',100006645,'New QR-code generated',18,NULL,'2024-05-28 09:04:12',NULL,NULL,NULL,NULL),(34728,'qr',100006646,'New QR-code generated',41,NULL,'2024-05-28 09:04:13',NULL,NULL,NULL,NULL),(34729,'qr',100006647,'New QR-code generated',19,NULL,'2024-05-28 09:04:13',NULL,NULL,NULL,NULL),(34730,'qr',100006648,'New QR-code generated',10,NULL,'2024-05-28 09:04:13',NULL,NULL,NULL,NULL),(34731,'qr',100006649,'New QR-code generated',16,NULL,'2024-05-28 09:04:13',NULL,NULL,NULL,NULL),(34732,'qr',100006650,'New QR-code generated',2,NULL,'2024-05-28 09:04:13',NULL,NULL,NULL,NULL),(34733,'qr',100006651,'New QR-code generated',2,NULL,'2024-05-28 09:04:13',NULL,NULL,NULL,NULL),(34734,'qr',100006652,'New QR-code generated',25,NULL,'2024-05-28 09:04:13',NULL,NULL,NULL,NULL),(34735,'qr',100006653,'New QR-code generated',19,NULL,'2024-05-28 09:04:13',NULL,NULL,NULL,NULL),(34736,'qr',100006654,'New QR-code generated',40,NULL,'2024-05-28 09:04:13',NULL,NULL,NULL,NULL),(34737,'qr',100006655,'New QR-code generated',18,NULL,'2024-05-28 09:04:13',NULL,NULL,NULL,NULL),(34738,'qr',100006656,'New QR-code generated',40,NULL,'2024-05-28 09:04:13',NULL,NULL,NULL,NULL),(34739,'qr',100006657,'New QR-code generated',3,NULL,'2024-05-28 09:04:13',NULL,NULL,NULL,NULL),(34740,'qr',100006658,'New QR-code generated',11,NULL,'2024-05-28 09:04:13',NULL,NULL,NULL,NULL),(34741,'qr',100006659,'New QR-code generated',10,NULL,'2024-05-28 09:04:13',NULL,NULL,NULL,NULL),(34742,'qr',100006660,'New QR-code generated',10,NULL,'2024-05-28 09:04:13',NULL,NULL,NULL,NULL),(34743,'qr',100006661,'New QR-code generated',7,NULL,'2024-05-28 09:04:13',NULL,NULL,NULL,NULL),(34744,'qr',100006662,'New QR-code generated',15,NULL,'2024-05-28 09:04:13',NULL,NULL,NULL,NULL),(34745,'qr',100006663,'New QR-code generated',11,NULL,'2024-05-28 09:04:13',NULL,NULL,NULL,NULL),(34746,'qr',100006664,'New QR-code generated',34,NULL,'2024-05-28 09:04:13',NULL,NULL,NULL,NULL),(34747,'qr',100006665,'New QR-code generated',40,NULL,'2024-05-28 09:04:13',NULL,NULL,NULL,NULL),(34748,'qr',100006666,'New QR-code generated',10,NULL,'2024-05-28 09:04:13',NULL,NULL,NULL,NULL),(34749,'qr',100006667,'New QR-code generated',25,NULL,'2024-05-28 09:04:13',NULL,NULL,NULL,NULL),(34750,'qr',100006668,'New QR-code generated',19,NULL,'2024-05-28 09:04:13',NULL,NULL,NULL,NULL),(34751,'qr',100006669,'New QR-code generated',41,NULL,'2024-05-28 09:04:13',NULL,NULL,NULL,NULL),(34752,'qr',100006670,'New QR-code generated',17,NULL,'2024-05-28 09:04:13',NULL,NULL,NULL,NULL),(34753,'qr',100006671,'New QR-code generated',4,NULL,'2024-05-28 09:04:13',NULL,NULL,NULL,NULL),(34754,'qr',100006672,'New QR-code generated',17,NULL,'2024-05-28 09:04:13',NULL,NULL,NULL,NULL),(34755,'qr',100006673,'New QR-code generated',10,NULL,'2024-05-28 09:04:13',NULL,NULL,NULL,NULL),(34756,'qr',100006674,'New QR-code generated',10,NULL,'2024-05-28 09:04:13',NULL,NULL,NULL,NULL),(34757,'qr',100006675,'New QR-code generated',17,NULL,'2024-05-28 09:04:13',NULL,NULL,NULL,NULL),(34758,'qr',100006676,'New QR-code generated',8,NULL,'2024-05-28 09:04:13',NULL,NULL,NULL,NULL),(34759,'qr',100006677,'New QR-code generated',19,NULL,'2024-05-28 09:04:13',NULL,NULL,NULL,NULL),(34760,'qr',100006678,'New QR-code generated',15,NULL,'2024-05-28 09:04:13',NULL,NULL,NULL,NULL),(34761,'qr',100006679,'New QR-code generated',24,NULL,'2024-05-28 09:04:13',NULL,NULL,NULL,NULL),(34762,'qr',100006680,'New QR-code generated',10,NULL,'2024-05-28 09:04:13',NULL,NULL,NULL,NULL),(34763,'qr',100006681,'New QR-code generated',33,NULL,'2024-05-28 09:04:13',NULL,NULL,NULL,NULL),(34764,'qr',100006682,'New QR-code generated',10,NULL,'2024-05-28 09:04:13',NULL,NULL,NULL,NULL),(34765,'qr',100006683,'New QR-code generated',41,NULL,'2024-05-28 09:04:13',NULL,NULL,NULL,NULL),(34766,'qr',100006684,'New QR-code generated',19,NULL,'2024-05-28 09:04:13',NULL,NULL,NULL,NULL),(34767,'qr',100006685,'New QR-code generated',18,NULL,'2024-05-28 09:04:13',NULL,NULL,NULL,NULL),(34768,'qr',100006686,'New QR-code generated',3,NULL,'2024-05-28 09:04:13',NULL,NULL,NULL,NULL),(34769,'qr',100006687,'New QR-code generated',2,NULL,'2024-05-28 09:04:13',NULL,NULL,NULL,NULL),(34770,'qr',100006688,'New QR-code generated',25,NULL,'2024-05-28 09:04:13',NULL,NULL,NULL,NULL),(34771,'qr',100006689,'New QR-code generated',31,NULL,'2024-05-28 09:04:13',NULL,NULL,NULL,NULL),(34772,'qr',100006690,'New QR-code generated',37,NULL,'2024-05-28 09:04:13',NULL,NULL,NULL,NULL),(34773,'qr',100006691,'New QR-code generated',7,NULL,'2024-05-28 09:04:13',NULL,NULL,NULL,NULL),(34774,'qr',100006692,'New QR-code generated',2,NULL,'2024-05-28 09:04:13',NULL,NULL,NULL,NULL),(34775,'qr',100006693,'New QR-code generated',17,NULL,'2024-05-28 09:04:13',NULL,NULL,NULL,NULL),(34776,'qr',100006694,'New QR-code generated',31,NULL,'2024-05-28 09:04:13',NULL,NULL,NULL,NULL),(34777,'qr',100006695,'New QR-code generated',34,NULL,'2024-05-28 09:04:13',NULL,NULL,NULL,NULL),(34778,'qr',100006696,'New QR-code generated',17,NULL,'2024-05-28 09:04:13',NULL,NULL,NULL,NULL),(34779,'qr',100006697,'New QR-code generated',8,NULL,'2024-05-28 09:04:13',NULL,NULL,NULL,NULL),(34780,'qr',100006698,'New QR-code generated',10,NULL,'2024-05-28 09:04:13',NULL,NULL,NULL,NULL),(34781,'qr',100006699,'New QR-code generated',8,NULL,'2024-05-28 09:04:13',NULL,NULL,NULL,NULL),(34782,'qr',100006700,'New QR-code generated',5,NULL,'2024-05-28 09:04:13',NULL,NULL,NULL,NULL),(34783,'qr',100006701,'New QR-code generated',7,NULL,'2024-05-28 09:04:13',NULL,NULL,NULL,NULL),(34784,'qr',100006702,'New QR-code generated',17,NULL,'2024-05-28 09:04:13',NULL,NULL,NULL,NULL),(34785,'qr',100006703,'New QR-code generated',19,NULL,'2024-05-28 09:04:13',NULL,NULL,NULL,NULL),(34786,'qr',100006704,'New QR-code generated',17,NULL,'2024-05-28 09:04:13',NULL,NULL,NULL,NULL),(34787,'qr',100006705,'New QR-code generated',17,NULL,'2024-05-28 09:04:13',NULL,NULL,NULL,NULL),(34788,'qr',100006706,'New QR-code generated',33,NULL,'2024-05-28 09:04:13',NULL,NULL,NULL,NULL),(34789,'qr',100006707,'New QR-code generated',18,NULL,'2024-05-28 09:04:13',NULL,NULL,NULL,NULL),(34790,'qr',100006708,'New QR-code generated',12,NULL,'2024-05-28 09:04:13',NULL,NULL,NULL,NULL),(34791,'qr',100006709,'New QR-code generated',3,NULL,'2024-05-28 09:04:13',NULL,NULL,NULL,NULL),(34792,'qr',100006710,'New QR-code generated',18,NULL,'2024-05-28 09:04:13',NULL,NULL,NULL,NULL),(34793,'qr',100006711,'New QR-code generated',15,NULL,'2024-05-28 09:04:13',NULL,NULL,NULL,NULL),(34794,'qr',100006712,'New QR-code generated',19,NULL,'2024-05-28 09:04:13',NULL,NULL,NULL,NULL),(34795,'qr',100006713,'New QR-code generated',34,NULL,'2024-05-28 09:04:13',NULL,NULL,NULL,NULL),(34796,'qr',100006714,'New QR-code generated',18,NULL,'2024-05-28 09:04:13',NULL,NULL,NULL,NULL),(34797,'qr',100006715,'New QR-code generated',37,NULL,'2024-05-28 09:04:13',NULL,NULL,NULL,NULL),(34798,'qr',100006716,'New QR-code generated',39,NULL,'2024-05-28 09:04:13',NULL,NULL,NULL,NULL),(34799,'qr',100006717,'New QR-code generated',4,NULL,'2024-05-28 09:04:13',NULL,NULL,NULL,NULL),(34800,'qr',100006718,'New QR-code generated',39,NULL,'2024-05-28 09:04:13',NULL,NULL,NULL,NULL),(34801,'qr',100006719,'New QR-code generated',16,NULL,'2024-05-28 09:04:13',NULL,NULL,NULL,NULL),(34802,'qr',100006720,'New QR-code generated',17,NULL,'2024-05-28 09:04:13',NULL,NULL,NULL,NULL),(34803,'qr',100006721,'New QR-code generated',31,NULL,'2024-05-28 09:04:13',NULL,NULL,NULL,NULL),(34804,'qr',100006722,'New QR-code generated',16,NULL,'2024-05-28 09:04:13',NULL,NULL,NULL,NULL),(34805,'qr',100006723,'New QR-code generated',34,NULL,'2024-05-28 09:04:13',NULL,NULL,NULL,NULL),(34806,'qr',100006724,'New QR-code generated',17,NULL,'2024-05-28 09:04:13',NULL,NULL,NULL,NULL),(34807,'qr',100006725,'New QR-code generated',19,NULL,'2024-05-28 09:04:13',NULL,NULL,NULL,NULL),(34808,'qr',100006726,'New QR-code generated',32,NULL,'2024-05-28 09:04:13',NULL,NULL,NULL,NULL),(34809,'qr',100006727,'New QR-code generated',5,NULL,'2024-05-28 09:04:13',NULL,NULL,NULL,NULL),(34810,'qr',100006728,'New QR-code generated',18,NULL,'2024-05-28 09:04:13',NULL,NULL,NULL,NULL),(34811,'qr',100006729,'New QR-code generated',32,NULL,'2024-05-28 09:04:13',NULL,NULL,NULL,NULL),(34812,'qr',100006730,'New QR-code generated',17,NULL,'2024-05-28 09:04:13',NULL,NULL,NULL,NULL),(34813,'qr',100006731,'New QR-code generated',18,NULL,'2024-05-28 09:04:13',NULL,NULL,NULL,NULL),(34814,'qr',100006732,'New QR-code generated',7,NULL,'2024-05-28 09:04:13',NULL,NULL,NULL,NULL),(34815,'qr',100006733,'New QR-code generated',40,NULL,'2024-05-28 09:04:13',NULL,NULL,NULL,NULL),(34816,'qr',100006734,'New QR-code generated',32,NULL,'2024-05-28 09:04:13',NULL,NULL,NULL,NULL),(34817,'qr',100006735,'New QR-code generated',3,NULL,'2024-05-28 09:04:13',NULL,NULL,NULL,NULL),(34818,'qr',100006736,'New QR-code generated',16,NULL,'2024-05-28 09:04:13',NULL,NULL,NULL,NULL),(34819,'qr',100006737,'New QR-code generated',33,NULL,'2024-05-28 09:04:13',NULL,NULL,NULL,NULL),(34820,'qr',100006738,'New QR-code generated',17,NULL,'2024-05-28 09:04:13',NULL,NULL,NULL,NULL),(34821,'qr',100006739,'New QR-code generated',11,NULL,'2024-05-28 09:04:13',NULL,NULL,NULL,NULL),(34822,'qr',100006740,'New QR-code generated',16,NULL,'2024-05-28 09:04:13',NULL,NULL,NULL,NULL),(34823,'qr',100006741,'New QR-code generated',10,NULL,'2024-05-28 09:04:13',NULL,NULL,NULL,NULL),(34824,'qr',100006742,'New QR-code generated',38,NULL,'2024-05-28 09:04:13',NULL,NULL,NULL,NULL),(34825,'stock',100000247,'Record created',23,NULL,'2024-05-28 09:04:14',NULL,NULL,NULL,NULL),(34826,'stock',100000248,'Record created',2,NULL,'2024-05-28 09:04:14',NULL,NULL,NULL,NULL),(34827,'stock',100000249,'Record created',3,NULL,'2024-05-28 09:04:14',NULL,NULL,NULL,NULL),(34828,'stock',100000250,'Record created',6,NULL,'2024-05-28 09:04:14',NULL,NULL,NULL,NULL),(34829,'stock',100000251,'Record created',4,NULL,'2024-05-28 09:04:14',NULL,NULL,NULL,NULL),(34830,'stock',100000252,'Record created',2,NULL,'2024-05-28 09:04:14',NULL,NULL,NULL,NULL),(34831,'stock',100000253,'Record created',2,NULL,'2024-05-28 09:04:14',NULL,NULL,NULL,NULL),(34832,'stock',100000254,'Record created',25,NULL,'2024-05-28 09:04:14',NULL,NULL,NULL,NULL),(34833,'stock',100000255,'Record created',4,NULL,'2024-05-28 09:04:14',NULL,NULL,NULL,NULL),(34834,'stock',100000256,'Record created',8,NULL,'2024-05-28 09:04:14',NULL,NULL,NULL,NULL),(34835,'stock',100000257,'Record created',24,NULL,'2024-05-28 09:04:14',NULL,NULL,NULL,NULL),(34836,'stock',100000258,'Record created',5,NULL,'2024-05-28 09:04:14',NULL,NULL,NULL,NULL),(34837,'stock',100000259,'Record created',7,NULL,'2024-05-28 09:04:14',NULL,NULL,NULL,NULL),(34838,'stock',100000260,'Record created',9,NULL,'2024-05-28 09:04:14',NULL,NULL,NULL,NULL),(34839,'stock',100000261,'Record created',6,NULL,'2024-05-28 09:04:14',NULL,NULL,NULL,NULL),(34840,'stock',100000262,'Record created',25,NULL,'2024-05-28 09:04:14',NULL,NULL,NULL,NULL),(34841,'stock',100000263,'Record created',25,NULL,'2024-05-28 09:04:14',NULL,NULL,NULL,NULL),(34842,'stock',100000264,'Record created',8,NULL,'2024-05-28 09:04:14',NULL,NULL,NULL,NULL),(34843,'stock',100000265,'Record created',4,NULL,'2024-05-28 09:04:14',NULL,NULL,NULL,NULL),(34844,'stock',100000266,'Record created',6,NULL,'2024-05-28 09:04:14',NULL,NULL,NULL,NULL),(34845,'stock',100000267,'Record created',4,NULL,'2024-05-28 09:04:14',NULL,NULL,NULL,NULL),(34846,'stock',100000268,'Record created',5,NULL,'2024-05-28 09:04:14',NULL,NULL,NULL,NULL),(34847,'stock',100000269,'Record created',5,NULL,'2024-05-28 09:04:14',NULL,NULL,NULL,NULL),(34848,'stock',100000270,'Record created',8,NULL,'2024-05-28 09:04:14',NULL,NULL,NULL,NULL),(34849,'stock',100000271,'Record created',23,NULL,'2024-05-28 09:04:14',NULL,NULL,NULL,NULL),(34850,'stock',100000272,'Record created',9,NULL,'2024-05-28 09:04:14',NULL,NULL,NULL,NULL),(34851,'stock',100000273,'Record created',4,NULL,'2024-05-28 09:04:14',NULL,NULL,NULL,NULL),(34852,'stock',100000274,'Record created',9,NULL,'2024-05-28 09:04:14',NULL,NULL,NULL,NULL),(34853,'stock',100000275,'Record created',9,NULL,'2024-05-28 09:04:14',NULL,NULL,NULL,NULL),(34854,'stock',100000276,'Record created',8,NULL,'2024-05-28 09:04:14',NULL,NULL,NULL,NULL),(34855,'stock',100000277,'Record created',9,NULL,'2024-05-28 09:04:14',NULL,NULL,NULL,NULL),(34856,'stock',100000278,'Record created',7,NULL,'2024-05-28 09:04:14',NULL,NULL,NULL,NULL),(34857,'stock',100000279,'Record created',9,NULL,'2024-05-28 09:04:14',NULL,NULL,NULL,NULL),(34858,'stock',100000280,'Record created',8,NULL,'2024-05-28 09:04:14',NULL,NULL,NULL,NULL),(34859,'stock',100000281,'Record created',9,NULL,'2024-05-28 09:04:14',NULL,NULL,NULL,NULL),(34860,'stock',100000282,'Record created',9,NULL,'2024-05-28 09:04:14',NULL,NULL,NULL,NULL),(34861,'stock',100000283,'Record created',8,NULL,'2024-05-28 09:04:14',NULL,NULL,NULL,NULL),(34862,'stock',100000284,'Record created',23,NULL,'2024-05-28 09:04:14',NULL,NULL,NULL,NULL),(34863,'stock',100000285,'Record created',23,NULL,'2024-05-28 09:04:15',NULL,NULL,NULL,NULL),(34864,'stock',100000286,'Record created',4,NULL,'2024-05-28 09:04:15',NULL,NULL,NULL,NULL),(34865,'stock',100000287,'Record created',2,NULL,'2024-05-28 09:04:15',NULL,NULL,NULL,NULL),(34866,'stock',100000288,'Record created',9,NULL,'2024-05-28 09:04:15',NULL,NULL,NULL,NULL),(34867,'stock',100000289,'Record created',7,NULL,'2024-05-28 09:04:15',NULL,NULL,NULL,NULL),(34868,'stock',100000290,'Record created',24,NULL,'2024-05-28 09:04:15',NULL,NULL,NULL,NULL),(34869,'stock',100000291,'Record created',23,NULL,'2024-05-28 09:04:15',NULL,NULL,NULL,NULL),(34870,'stock',100000292,'Record created',6,NULL,'2024-05-28 09:04:15',NULL,NULL,NULL,NULL),(34871,'stock',100000293,'Record created',3,NULL,'2024-05-28 09:04:15',NULL,NULL,NULL,NULL),(34872,'stock',100000294,'Record created',23,NULL,'2024-05-28 09:04:15',NULL,NULL,NULL,NULL),(34873,'stock',100000295,'Record created',3,NULL,'2024-05-28 09:04:15',NULL,NULL,NULL,NULL),(34874,'stock',100000296,'Record created',4,NULL,'2024-05-28 09:04:15',NULL,NULL,NULL,NULL),(34875,'stock',100000297,'Record created',3,NULL,'2024-05-28 09:04:15',NULL,NULL,NULL,NULL),(34876,'stock',100000298,'Record created',9,NULL,'2024-05-28 09:04:15',NULL,NULL,NULL,NULL),(34877,'stock',100000299,'Record created',24,NULL,'2024-05-28 09:04:15',NULL,NULL,NULL,NULL),(34878,'stock',100000300,'Record created',5,NULL,'2024-05-28 09:04:15',NULL,NULL,NULL,NULL),(34879,'stock',100000301,'Record created',25,NULL,'2024-05-28 09:04:15',NULL,NULL,NULL,NULL),(34880,'stock',100000302,'Record created',23,NULL,'2024-05-28 09:04:15',NULL,NULL,NULL,NULL),(34881,'stock',100000303,'Record created',8,NULL,'2024-05-28 09:04:15',NULL,NULL,NULL,NULL),(34882,'stock',100000304,'Record created',3,NULL,'2024-05-28 09:04:15',NULL,NULL,NULL,NULL),(34883,'stock',100000305,'Record created',9,NULL,'2024-05-28 09:04:15',NULL,NULL,NULL,NULL),(34884,'stock',100000306,'Record created',9,NULL,'2024-05-28 09:04:15',NULL,NULL,NULL,NULL),(34885,'stock',100000307,'Record created',25,NULL,'2024-05-28 09:04:15',NULL,NULL,NULL,NULL),(34886,'stock',100000308,'Record created',4,NULL,'2024-05-28 09:04:15',NULL,NULL,NULL,NULL),(34887,'stock',100000309,'Record created',4,NULL,'2024-05-28 09:04:15',NULL,NULL,NULL,NULL),(34888,'stock',100000310,'Record created',9,NULL,'2024-05-28 09:04:15',NULL,NULL,NULL,NULL),(34889,'stock',100000311,'Record created',8,NULL,'2024-05-28 09:04:15',NULL,NULL,NULL,NULL),(34890,'stock',100000312,'Record created',4,NULL,'2024-05-28 09:04:15',NULL,NULL,NULL,NULL),(34891,'stock',100000313,'Record created',3,NULL,'2024-05-28 09:04:15',NULL,NULL,NULL,NULL),(34892,'stock',100000314,'Record created',25,NULL,'2024-05-28 09:04:15',NULL,NULL,NULL,NULL),(34893,'stock',100000315,'Record created',2,NULL,'2024-05-28 09:04:15',NULL,NULL,NULL,NULL),(34894,'stock',100000316,'Record created',4,NULL,'2024-05-28 09:04:15',NULL,NULL,NULL,NULL),(34895,'stock',100000317,'Record created',4,NULL,'2024-05-28 09:04:15',NULL,NULL,NULL,NULL),(34896,'stock',100000318,'Record created',7,NULL,'2024-05-28 09:04:15',NULL,NULL,NULL,NULL),(34897,'stock',100000319,'Record created',8,NULL,'2024-05-28 09:04:15',NULL,NULL,NULL,NULL),(34898,'stock',100000320,'Record created',7,NULL,'2024-05-28 09:04:15',NULL,NULL,NULL,NULL),(34899,'stock',100000321,'Record created',6,NULL,'2024-05-28 09:04:15',NULL,NULL,NULL,NULL),(34900,'stock',100000322,'Record created',3,NULL,'2024-05-28 09:04:15',NULL,NULL,NULL,NULL),(34901,'stock',100000323,'Record created',3,NULL,'2024-05-28 09:04:15',NULL,NULL,NULL,NULL),(34902,'stock',100000324,'Record created',4,NULL,'2024-05-28 09:04:15',NULL,NULL,NULL,NULL),(34903,'stock',100000325,'Record created',25,NULL,'2024-05-28 09:04:15',NULL,NULL,NULL,NULL),(34904,'stock',100000326,'Record created',6,NULL,'2024-05-28 09:04:15',NULL,NULL,NULL,NULL),(34905,'stock',100000327,'Record created',2,NULL,'2024-05-28 09:04:15',NULL,NULL,NULL,NULL),(34906,'stock',100000328,'Record created',7,NULL,'2024-05-28 09:04:15',NULL,NULL,NULL,NULL),(34907,'stock',100000329,'Record created',2,NULL,'2024-05-28 09:04:15',NULL,NULL,NULL,NULL),(34908,'stock',100000330,'Record created',2,NULL,'2024-05-28 09:04:16',NULL,NULL,NULL,NULL),(34909,'stock',100000331,'Record created',5,NULL,'2024-05-28 09:04:16',NULL,NULL,NULL,NULL),(34910,'stock',100000332,'Record created',2,NULL,'2024-05-28 09:04:16',NULL,NULL,NULL,NULL),(34911,'stock',100000333,'Record created',4,NULL,'2024-05-28 09:04:16',NULL,NULL,NULL,NULL),(34912,'stock',100000334,'Record created',25,NULL,'2024-05-28 09:04:16',NULL,NULL,NULL,NULL),(34913,'stock',100000335,'Record created',4,NULL,'2024-05-28 09:04:16',NULL,NULL,NULL,NULL),(34914,'stock',100000336,'Record created',25,NULL,'2024-05-28 09:04:16',NULL,NULL,NULL,NULL),(34915,'stock',100000337,'Record created',9,NULL,'2024-05-28 09:04:16',NULL,NULL,NULL,NULL),(34916,'stock',100000338,'Record created',8,NULL,'2024-05-28 09:04:16',NULL,NULL,NULL,NULL),(34917,'stock',100000339,'Record created',3,NULL,'2024-05-28 09:04:16',NULL,NULL,NULL,NULL),(34918,'stock',100000340,'Record created',24,NULL,'2024-05-28 09:04:16',NULL,NULL,NULL,NULL),(34919,'stock',100000341,'Record created',8,NULL,'2024-05-28 09:04:16',NULL,NULL,NULL,NULL),(34920,'stock',100000342,'Record created',7,NULL,'2024-05-28 09:04:16',NULL,NULL,NULL,NULL),(34921,'stock',100000343,'Record created',23,NULL,'2024-05-28 09:04:16',NULL,NULL,NULL,NULL),(34922,'stock',100000344,'Record created',7,NULL,'2024-05-28 09:04:16',NULL,NULL,NULL,NULL),(34923,'stock',100000345,'Record created',5,NULL,'2024-05-28 09:04:16',NULL,NULL,NULL,NULL),(34924,'stock',100000346,'Record created',9,NULL,'2024-05-28 09:04:16',NULL,NULL,NULL,NULL),(34925,'stock',100000347,'Record created',24,NULL,'2024-05-28 09:04:16',NULL,NULL,NULL,NULL),(34926,'stock',100000348,'Record created',3,NULL,'2024-05-28 09:04:16',NULL,NULL,NULL,NULL),(34927,'stock',100000349,'Record created',8,NULL,'2024-05-28 09:04:16',NULL,NULL,NULL,NULL),(34928,'stock',100000350,'Record created',2,NULL,'2024-05-28 09:04:16',NULL,NULL,NULL,NULL),(34929,'stock',100000351,'Record created',4,NULL,'2024-05-28 09:04:16',NULL,NULL,NULL,NULL),(34930,'stock',100000352,'Record created',3,NULL,'2024-05-28 09:04:16',NULL,NULL,NULL,NULL),(34931,'stock',100000353,'Record created',23,NULL,'2024-05-28 09:04:16',NULL,NULL,NULL,NULL),(34932,'stock',100000354,'Record created',7,NULL,'2024-05-28 09:04:16',NULL,NULL,NULL,NULL),(34933,'stock',100000355,'Record created',6,NULL,'2024-05-28 09:04:16',NULL,NULL,NULL,NULL),(34934,'stock',100000356,'Record created',23,NULL,'2024-05-28 09:04:16',NULL,NULL,NULL,NULL),(34935,'stock',100000357,'Record created',23,NULL,'2024-05-28 09:04:16',NULL,NULL,NULL,NULL),(34936,'stock',100000358,'Record created',3,NULL,'2024-05-28 09:04:16',NULL,NULL,NULL,NULL),(34937,'stock',100000359,'Record created',25,NULL,'2024-05-28 09:04:16',NULL,NULL,NULL,NULL),(34938,'stock',100000360,'Record created',9,NULL,'2024-05-28 09:04:16',NULL,NULL,NULL,NULL),(34939,'stock',100000361,'Record created',25,NULL,'2024-05-28 09:04:16',NULL,NULL,NULL,NULL),(34940,'stock',100000362,'Record created',5,NULL,'2024-05-28 09:04:16',NULL,NULL,NULL,NULL),(34941,'stock',100000363,'Record created',8,NULL,'2024-05-28 09:04:16',NULL,NULL,NULL,NULL),(34942,'stock',100000364,'Record created',25,NULL,'2024-05-28 09:04:16',NULL,NULL,NULL,NULL),(34943,'stock',100000365,'Record created',8,NULL,'2024-05-28 09:04:16',NULL,NULL,NULL,NULL),(34944,'stock',100000366,'Record created',25,NULL,'2024-05-28 09:04:16',NULL,NULL,NULL,NULL),(34945,'stock',100000367,'Record created',23,NULL,'2024-05-28 09:04:16',NULL,NULL,NULL,NULL),(34946,'stock',100000368,'Record created',23,NULL,'2024-05-28 09:04:16',NULL,NULL,NULL,NULL),(34947,'stock',100000369,'Record created',24,NULL,'2024-05-28 09:04:16',NULL,NULL,NULL,NULL),(34948,'stock',100000370,'Record created',4,NULL,'2024-05-28 09:04:16',NULL,NULL,NULL,NULL),(34949,'stock',100000371,'Record created',8,NULL,'2024-05-28 09:04:16',NULL,NULL,NULL,NULL),(34950,'stock',100000372,'Record created',8,NULL,'2024-05-28 09:04:17',NULL,NULL,NULL,NULL),(34951,'stock',100000373,'Record created',4,NULL,'2024-05-28 09:04:17',NULL,NULL,NULL,NULL),(34952,'stock',100000374,'Record created',9,NULL,'2024-05-28 09:04:17',NULL,NULL,NULL,NULL),(34953,'stock',100000375,'Record created',25,NULL,'2024-05-28 09:04:17',NULL,NULL,NULL,NULL),(34954,'stock',100000376,'Record created',3,NULL,'2024-05-28 09:04:17',NULL,NULL,NULL,NULL),(34955,'stock',100000377,'Record created',5,NULL,'2024-05-28 09:04:17',NULL,NULL,NULL,NULL),(34956,'stock',100000378,'Record created',2,NULL,'2024-05-28 09:04:17',NULL,NULL,NULL,NULL),(34957,'stock',100000379,'Record created',4,NULL,'2024-05-28 09:04:17',NULL,NULL,NULL,NULL),(34958,'stock',100000380,'Record created',6,NULL,'2024-05-28 09:04:17',NULL,NULL,NULL,NULL),(34959,'stock',100000381,'Record created',23,NULL,'2024-05-28 09:04:17',NULL,NULL,NULL,NULL),(34960,'stock',100000382,'Record created',24,NULL,'2024-05-28 09:04:17',NULL,NULL,NULL,NULL),(34961,'stock',100000383,'Record created',4,NULL,'2024-05-28 09:04:17',NULL,NULL,NULL,NULL),(34962,'stock',100000384,'Record created',3,NULL,'2024-05-28 09:04:17',NULL,NULL,NULL,NULL),(34963,'stock',100000385,'Record created',3,NULL,'2024-05-28 09:04:17',NULL,NULL,NULL,NULL),(34964,'stock',100000386,'Record created',5,NULL,'2024-05-28 09:04:17',NULL,NULL,NULL,NULL),(34965,'stock',100000387,'Record created',9,NULL,'2024-05-28 09:04:17',NULL,NULL,NULL,NULL),(34966,'stock',100000388,'Record created',9,NULL,'2024-05-28 09:04:17',NULL,NULL,NULL,NULL),(34967,'stock',100000389,'Record created',8,NULL,'2024-05-28 09:04:17',NULL,NULL,NULL,NULL),(34968,'stock',100000390,'Record created',9,NULL,'2024-05-28 09:04:17',NULL,NULL,NULL,NULL),(34969,'stock',100000391,'Record created',6,NULL,'2024-05-28 09:04:17',NULL,NULL,NULL,NULL),(34970,'stock',100000392,'Record created',5,NULL,'2024-05-28 09:04:17',NULL,NULL,NULL,NULL),(34971,'stock',100000393,'Record created',4,NULL,'2024-05-28 09:04:17',NULL,NULL,NULL,NULL),(34972,'stock',100000394,'Record created',7,NULL,'2024-05-28 09:04:17',NULL,NULL,NULL,NULL),(34973,'stock',100000395,'Record created',8,NULL,'2024-05-28 09:04:17',NULL,NULL,NULL,NULL),(34974,'stock',100000396,'Record created',3,NULL,'2024-05-28 09:04:17',NULL,NULL,NULL,NULL),(34975,'stock',100000397,'Record created',5,NULL,'2024-05-28 09:04:17',NULL,NULL,NULL,NULL),(34976,'stock',100000398,'Record created',9,NULL,'2024-05-28 09:04:17',NULL,NULL,NULL,NULL),(34977,'stock',100000399,'Record created',7,NULL,'2024-05-28 09:04:17',NULL,NULL,NULL,NULL),(34978,'stock',100000400,'Record created',25,NULL,'2024-05-28 09:04:17',NULL,NULL,NULL,NULL),(34979,'stock',100000401,'Record created',4,NULL,'2024-05-28 09:04:17',NULL,NULL,NULL,NULL),(34980,'stock',100000402,'Record created',7,NULL,'2024-05-28 09:04:17',NULL,NULL,NULL,NULL),(34981,'stock',100000403,'Record created',25,NULL,'2024-05-28 09:04:17',NULL,NULL,NULL,NULL),(34982,'stock',100000404,'Record created',23,NULL,'2024-05-28 09:04:17',NULL,NULL,NULL,NULL),(34983,'stock',100000405,'Record created',8,NULL,'2024-05-28 09:04:17',NULL,NULL,NULL,NULL),(34984,'stock',100000406,'Record created',9,NULL,'2024-05-28 09:04:17',NULL,NULL,NULL,NULL),(34985,'stock',100000407,'Record created',23,NULL,'2024-05-28 09:04:17',NULL,NULL,NULL,NULL),(34986,'stock',100000408,'Record created',6,NULL,'2024-05-28 09:04:17',NULL,NULL,NULL,NULL),(34987,'stock',100000409,'Record created',25,NULL,'2024-05-28 09:04:17',NULL,NULL,NULL,NULL),(34988,'stock',100000410,'Record created',24,NULL,'2024-05-28 09:04:17',NULL,NULL,NULL,NULL),(34989,'stock',100000411,'Record created',4,NULL,'2024-05-28 09:04:17',NULL,NULL,NULL,NULL),(34990,'stock',100000412,'Record created',25,NULL,'2024-05-28 09:04:17',NULL,NULL,NULL,NULL),(34991,'stock',100000413,'Record created',9,NULL,'2024-05-28 09:04:17',NULL,NULL,NULL,NULL),(34992,'stock',100000414,'Record created',23,NULL,'2024-05-28 09:04:17',NULL,NULL,NULL,NULL),(34993,'stock',100000415,'Record created',5,NULL,'2024-05-28 09:04:17',NULL,NULL,NULL,NULL),(34994,'stock',100000416,'Record created',23,NULL,'2024-05-28 09:04:17',NULL,NULL,NULL,NULL),(34995,'stock',100000417,'Record created',3,NULL,'2024-05-28 09:04:17',NULL,NULL,NULL,NULL),(34996,'stock',100000418,'Record created',9,NULL,'2024-05-28 09:04:17',NULL,NULL,NULL,NULL),(34997,'stock',100000419,'Record created',4,NULL,'2024-05-28 09:04:17',NULL,NULL,NULL,NULL),(34998,'stock',100000420,'Record created',6,NULL,'2024-05-28 09:04:17',NULL,NULL,NULL,NULL),(34999,'stock',100000421,'Record created',8,NULL,'2024-05-28 09:04:18',NULL,NULL,NULL,NULL),(35000,'stock',100000422,'Record created',6,NULL,'2024-05-28 09:04:18',NULL,NULL,NULL,NULL),(35001,'stock',100000423,'Record created',8,NULL,'2024-05-28 09:04:18',NULL,NULL,NULL,NULL),(35002,'stock',100000424,'Record created',8,NULL,'2024-05-28 09:04:18',NULL,NULL,NULL,NULL),(35003,'stock',100000425,'Record created',23,NULL,'2024-05-28 09:04:18',NULL,NULL,NULL,NULL),(35004,'stock',100000426,'Record created',23,NULL,'2024-05-28 09:04:18',NULL,NULL,NULL,NULL),(35005,'stock',100000427,'Record created',5,NULL,'2024-05-28 09:04:18',NULL,NULL,NULL,NULL),(35006,'stock',100000428,'Record created',5,NULL,'2024-05-28 09:04:18',NULL,NULL,NULL,NULL),(35007,'stock',100000429,'Record created',2,NULL,'2024-05-28 09:04:18',NULL,NULL,NULL,NULL),(35008,'stock',100000430,'Record created',2,NULL,'2024-05-28 09:04:18',NULL,NULL,NULL,NULL),(35009,'stock',100000431,'Record created',24,NULL,'2024-05-28 09:04:18',NULL,NULL,NULL,NULL),(35010,'stock',100000432,'Record created',24,NULL,'2024-05-28 09:04:18',NULL,NULL,NULL,NULL),(35011,'stock',100000433,'Record created',3,NULL,'2024-05-28 09:04:18',NULL,NULL,NULL,NULL),(35012,'stock',100000434,'Record created',6,NULL,'2024-05-28 09:04:18',NULL,NULL,NULL,NULL),(35013,'stock',100000435,'Record created',25,NULL,'2024-05-28 09:04:18',NULL,NULL,NULL,NULL),(35014,'stock',100000436,'Record created',9,NULL,'2024-05-28 09:04:18',NULL,NULL,NULL,NULL),(35015,'stock',100000437,'Record created',3,NULL,'2024-05-28 09:04:18',NULL,NULL,NULL,NULL),(35016,'stock',100000438,'Record created',9,NULL,'2024-05-28 09:04:18',NULL,NULL,NULL,NULL),(35017,'stock',100000439,'Record created',8,NULL,'2024-05-28 09:04:18',NULL,NULL,NULL,NULL),(35018,'stock',100000440,'Record created',4,NULL,'2024-05-28 09:04:18',NULL,NULL,NULL,NULL),(35019,'stock',100000441,'Record created',23,NULL,'2024-05-28 09:04:18',NULL,NULL,NULL,NULL),(35020,'stock',100000442,'Record created',2,NULL,'2024-05-28 09:04:18',NULL,NULL,NULL,NULL),(35021,'stock',100000443,'Record created',2,NULL,'2024-05-28 09:04:18',NULL,NULL,NULL,NULL),(35022,'stock',100000444,'Record created',25,NULL,'2024-05-28 09:04:18',NULL,NULL,NULL,NULL),(35023,'stock',100000445,'Record created',2,NULL,'2024-05-28 09:04:18',NULL,NULL,NULL,NULL),(35024,'stock',100000446,'Record created',8,NULL,'2024-05-28 09:04:18',NULL,NULL,NULL,NULL),(35025,'stock',100000447,'Record created',3,NULL,'2024-05-28 09:04:18',NULL,NULL,NULL,NULL),(35026,'stock',100000448,'Record created',23,NULL,'2024-05-28 09:04:18',NULL,NULL,NULL,NULL),(35027,'stock',100000449,'Record created',9,NULL,'2024-05-28 09:04:18',NULL,NULL,NULL,NULL),(35028,'stock',100000450,'Record created',23,NULL,'2024-05-28 09:04:18',NULL,NULL,NULL,NULL),(35029,'stock',100000451,'Record created',3,NULL,'2024-05-28 09:04:18',NULL,NULL,NULL,NULL),(35030,'stock',100000452,'Record created',6,NULL,'2024-05-28 09:04:18',NULL,NULL,NULL,NULL),(35031,'stock',100000453,'Record created',2,NULL,'2024-05-28 09:04:18',NULL,NULL,NULL,NULL),(35032,'stock',100000454,'Record created',25,NULL,'2024-05-28 09:04:18',NULL,NULL,NULL,NULL),(35033,'stock',100000455,'Record created',4,NULL,'2024-05-28 09:04:18',NULL,NULL,NULL,NULL),(35034,'stock',100000456,'Record created',3,NULL,'2024-05-28 09:04:18',NULL,NULL,NULL,NULL),(35035,'stock',100000457,'Record created',23,NULL,'2024-05-28 09:04:18',NULL,NULL,NULL,NULL),(35036,'stock',100000458,'Record created',2,NULL,'2024-05-28 09:04:18',NULL,NULL,NULL,NULL),(35037,'stock',100000459,'Record created',6,NULL,'2024-05-28 09:04:18',NULL,NULL,NULL,NULL),(35038,'stock',100000460,'Record created',5,NULL,'2024-05-28 09:04:18',NULL,NULL,NULL,NULL),(35039,'stock',100000461,'Record created',25,NULL,'2024-05-28 09:04:18',NULL,NULL,NULL,NULL),(35040,'stock',100000462,'Record created',8,NULL,'2024-05-28 09:04:18',NULL,NULL,NULL,NULL),(35041,'stock',100000463,'Record created',9,NULL,'2024-05-28 09:04:18',NULL,NULL,NULL,NULL),(35042,'stock',100000464,'Record created',8,NULL,'2024-05-28 09:04:18',NULL,NULL,NULL,NULL),(35043,'stock',100000465,'Record created',25,NULL,'2024-05-28 09:04:18',NULL,NULL,NULL,NULL),(35044,'stock',100000466,'Record created',9,NULL,'2024-05-28 09:04:18',NULL,NULL,NULL,NULL),(35045,'stock',100000467,'Record created',9,NULL,'2024-05-28 09:04:18',NULL,NULL,NULL,NULL),(35046,'stock',100000468,'Record created',6,NULL,'2024-05-28 09:04:18',NULL,NULL,NULL,NULL),(35047,'stock',100000469,'Record created',4,NULL,'2024-05-28 09:04:18',NULL,NULL,NULL,NULL),(35048,'stock',100000470,'Record created',4,NULL,'2024-05-28 09:04:19',NULL,NULL,NULL,NULL),(35049,'stock',100000471,'Record created',25,NULL,'2024-05-28 09:04:19',NULL,NULL,NULL,NULL),(35050,'stock',100000472,'Record created',25,NULL,'2024-05-28 09:04:19',NULL,NULL,NULL,NULL),(35051,'stock',100000473,'Record created',7,NULL,'2024-05-28 09:04:19',NULL,NULL,NULL,NULL),(35052,'stock',100000474,'Record created',2,NULL,'2024-05-28 09:04:19',NULL,NULL,NULL,NULL),(35053,'stock',100000475,'Record created',3,NULL,'2024-05-28 09:04:19',NULL,NULL,NULL,NULL),(35054,'stock',100000476,'Record created',4,NULL,'2024-05-28 09:04:19',NULL,NULL,NULL,NULL),(35055,'stock',100000477,'Record created',2,NULL,'2024-05-28 09:04:19',NULL,NULL,NULL,NULL),(35056,'stock',100000478,'Record created',9,NULL,'2024-05-28 09:04:19',NULL,NULL,NULL,NULL),(35057,'stock',100000479,'Record created',5,NULL,'2024-05-28 09:04:19',NULL,NULL,NULL,NULL),(35058,'stock',100000480,'Record created',3,NULL,'2024-05-28 09:04:19',NULL,NULL,NULL,NULL),(35059,'stock',100000481,'Record created',5,NULL,'2024-05-28 09:04:19',NULL,NULL,NULL,NULL),(35060,'stock',100000482,'Record created',4,NULL,'2024-05-28 09:04:19',NULL,NULL,NULL,NULL),(35061,'stock',100000483,'Record created',3,NULL,'2024-05-28 09:04:19',NULL,NULL,NULL,NULL),(35062,'stock',100000484,'Record created',3,NULL,'2024-05-28 09:04:19',NULL,NULL,NULL,NULL),(35063,'stock',100000485,'Record created',24,NULL,'2024-05-28 09:04:19',NULL,NULL,NULL,NULL),(35064,'stock',100000486,'Record created',24,NULL,'2024-05-28 09:04:19',NULL,NULL,NULL,NULL),(35065,'stock',100000487,'Record created',6,NULL,'2024-05-28 09:04:19',NULL,NULL,NULL,NULL),(35066,'stock',100000488,'Record created',6,NULL,'2024-05-28 09:04:19',NULL,NULL,NULL,NULL),(35067,'stock',100000489,'Record created',3,NULL,'2024-05-28 09:04:19',NULL,NULL,NULL,NULL),(35068,'stock',100000490,'Record created',23,NULL,'2024-05-28 09:04:19',NULL,NULL,NULL,NULL),(35069,'stock',100000491,'Record created',2,NULL,'2024-05-28 09:04:19',NULL,NULL,NULL,NULL),(35070,'stock',100000492,'Record created',9,NULL,'2024-05-28 09:04:19',NULL,NULL,NULL,NULL),(35071,'stock',100000493,'Record created',5,NULL,'2024-05-28 09:04:19',NULL,NULL,NULL,NULL),(35072,'stock',100000494,'Record created',25,NULL,'2024-05-28 09:04:19',NULL,NULL,NULL,NULL),(35073,'stock',100000495,'Record created',4,NULL,'2024-05-28 09:04:19',NULL,NULL,NULL,NULL),(35074,'stock',100000496,'Record created',23,NULL,'2024-05-28 09:04:19',NULL,NULL,NULL,NULL),(35075,'stock',100000497,'Record created',23,NULL,'2024-05-28 09:04:19',NULL,NULL,NULL,NULL),(35076,'stock',100000498,'Record created',25,NULL,'2024-05-28 09:04:19',NULL,NULL,NULL,NULL),(35077,'stock',100000499,'Record created',3,NULL,'2024-05-28 09:04:19',NULL,NULL,NULL,NULL),(35078,'stock',100000500,'Record created',7,NULL,'2024-05-28 09:04:19',NULL,NULL,NULL,NULL),(35079,'stock',100000501,'Record created',6,NULL,'2024-05-28 09:04:19',NULL,NULL,NULL,NULL),(35080,'stock',100000502,'Record created',24,NULL,'2024-05-28 09:04:19',NULL,NULL,NULL,NULL),(35081,'stock',100000503,'Record created',3,NULL,'2024-05-28 09:04:19',NULL,NULL,NULL,NULL),(35082,'stock',100000504,'Record created',4,NULL,'2024-05-28 09:04:19',NULL,NULL,NULL,NULL),(35083,'stock',100000505,'Record created',8,NULL,'2024-05-28 09:04:19',NULL,NULL,NULL,NULL),(35084,'stock',100000506,'Record created',24,NULL,'2024-05-28 09:04:19',NULL,NULL,NULL,NULL),(35085,'stock',100000507,'Record created',24,NULL,'2024-05-28 09:04:19',NULL,NULL,NULL,NULL),(35086,'stock',100000508,'Record created',7,NULL,'2024-05-28 09:04:19',NULL,NULL,NULL,NULL),(35087,'stock',100000509,'Record created',5,NULL,'2024-05-28 09:04:19',NULL,NULL,NULL,NULL),(35088,'stock',100000510,'Record created',7,NULL,'2024-05-28 09:04:19',NULL,NULL,NULL,NULL),(35089,'stock',100000511,'Record created',23,NULL,'2024-05-28 09:04:19',NULL,NULL,NULL,NULL),(35090,'stock',100000512,'Record created',25,NULL,'2024-05-28 09:04:19',NULL,NULL,NULL,NULL),(35091,'stock',100000513,'Record created',8,NULL,'2024-05-28 09:04:19',NULL,NULL,NULL,NULL),(35092,'stock',100000514,'Record created',7,NULL,'2024-05-28 09:04:19',NULL,NULL,NULL,NULL),(35093,'stock',100000515,'Record created',23,NULL,'2024-05-28 09:04:19',NULL,NULL,NULL,NULL),(35094,'stock',100000516,'Record created',4,NULL,'2024-05-28 09:04:19',NULL,NULL,NULL,NULL),(35095,'stock',100000517,'Record created',5,NULL,'2024-05-28 09:04:19',NULL,NULL,NULL,NULL),(35096,'stock',100000518,'Record created',23,NULL,'2024-05-28 09:04:19',NULL,NULL,NULL,NULL),(35097,'stock',100000519,'Record created',9,NULL,'2024-05-28 09:04:19',NULL,NULL,NULL,NULL),(35098,'stock',100000520,'Record created',5,NULL,'2024-05-28 09:04:20',NULL,NULL,NULL,NULL),(35099,'stock',100000521,'Record created',6,NULL,'2024-05-28 09:04:20',NULL,NULL,NULL,NULL),(35100,'stock',100000522,'Record created',7,NULL,'2024-05-28 09:04:20',NULL,NULL,NULL,NULL),(35101,'stock',100000523,'Record created',5,NULL,'2024-05-28 09:04:20',NULL,NULL,NULL,NULL),(35102,'stock',100000524,'Record created',2,NULL,'2024-05-28 09:04:20',NULL,NULL,NULL,NULL),(35103,'stock',100000525,'Record created',25,NULL,'2024-05-28 09:04:20',NULL,NULL,NULL,NULL),(35104,'stock',100000526,'Record created',5,NULL,'2024-05-28 09:04:20',NULL,NULL,NULL,NULL),(35105,'stock',100000527,'Record created',7,NULL,'2024-05-28 09:04:20',NULL,NULL,NULL,NULL),(35106,'stock',100000528,'Record created',8,NULL,'2024-05-28 09:04:20',NULL,NULL,NULL,NULL),(35107,'stock',100000529,'Record created',24,NULL,'2024-05-28 09:04:20',NULL,NULL,NULL,NULL),(35108,'stock',100000530,'Record created',9,NULL,'2024-05-28 09:04:20',NULL,NULL,NULL,NULL),(35109,'stock',100000531,'Record created',6,NULL,'2024-05-28 09:04:20',NULL,NULL,NULL,NULL),(35110,'stock',100000532,'Record created',2,NULL,'2024-05-28 09:04:20',NULL,NULL,NULL,NULL),(35111,'stock',100000533,'Record created',8,NULL,'2024-05-28 09:04:20',NULL,NULL,NULL,NULL),(35112,'stock',100000534,'Record created',7,NULL,'2024-05-28 09:04:20',NULL,NULL,NULL,NULL),(35113,'stock',100000535,'Record created',2,NULL,'2024-05-28 09:04:20',NULL,NULL,NULL,NULL),(35114,'stock',100000536,'Record created',5,NULL,'2024-05-28 09:04:20',NULL,NULL,NULL,NULL),(35115,'stock',100000537,'Record created',24,NULL,'2024-05-28 09:04:20',NULL,NULL,NULL,NULL),(35116,'stock',100000538,'Record created',3,NULL,'2024-05-28 09:04:20',NULL,NULL,NULL,NULL),(35117,'stock',100000539,'Record created',3,NULL,'2024-05-28 09:04:20',NULL,NULL,NULL,NULL),(35118,'stock',100000540,'Record created',6,NULL,'2024-05-28 09:04:20',NULL,NULL,NULL,NULL),(35119,'stock',100000541,'Record created',25,NULL,'2024-05-28 09:04:20',NULL,NULL,NULL,NULL),(35120,'stock',100000542,'Record created',25,NULL,'2024-05-28 09:04:20',NULL,NULL,NULL,NULL),(35121,'stock',100000543,'Record created',6,NULL,'2024-05-28 09:04:20',NULL,NULL,NULL,NULL),(35122,'stock',100000544,'Record created',24,NULL,'2024-05-28 09:04:20',NULL,NULL,NULL,NULL),(35123,'stock',100000545,'Record created',9,NULL,'2024-05-28 09:04:20',NULL,NULL,NULL,NULL),(35124,'stock',100000546,'Record created',8,NULL,'2024-05-28 09:04:20',NULL,NULL,NULL,NULL),(35125,'stock',100000547,'Record created',4,NULL,'2024-05-28 09:04:20',NULL,NULL,NULL,NULL),(35126,'stock',100000548,'Record created',9,NULL,'2024-05-28 09:04:20',NULL,NULL,NULL,NULL),(35127,'stock',100000549,'Record created',3,NULL,'2024-05-28 09:04:20',NULL,NULL,NULL,NULL),(35128,'stock',100000550,'Record created',4,NULL,'2024-05-28 09:04:20',NULL,NULL,NULL,NULL),(35129,'stock',100000551,'Record created',24,NULL,'2024-05-28 09:04:20',NULL,NULL,NULL,NULL),(35130,'stock',100000552,'Record created',2,NULL,'2024-05-28 09:04:20',NULL,NULL,NULL,NULL),(35131,'stock',100000553,'Record created',8,NULL,'2024-05-28 09:04:20',NULL,NULL,NULL,NULL),(35132,'stock',100000554,'Record created',5,NULL,'2024-05-28 09:04:20',NULL,NULL,NULL,NULL),(35133,'stock',100000555,'Record created',25,NULL,'2024-05-28 09:04:20',NULL,NULL,NULL,NULL),(35134,'stock',100000556,'Record created',25,NULL,'2024-05-28 09:04:20',NULL,NULL,NULL,NULL),(35135,'stock',100000557,'Record created',25,NULL,'2024-05-28 09:04:20',NULL,NULL,NULL,NULL),(35136,'stock',100000558,'Record created',8,NULL,'2024-05-28 09:04:20',NULL,NULL,NULL,NULL),(35137,'stock',100000559,'Record created',25,NULL,'2024-05-28 09:04:20',NULL,NULL,NULL,NULL),(35138,'stock',100000560,'Record created',8,NULL,'2024-05-28 09:04:20',NULL,NULL,NULL,NULL),(35139,'stock',100000561,'Record created',8,NULL,'2024-05-28 09:04:20',NULL,NULL,NULL,NULL),(35140,'stock',100000562,'Record created',5,NULL,'2024-05-28 09:04:20',NULL,NULL,NULL,NULL),(35141,'stock',100000563,'Record created',23,NULL,'2024-05-28 09:04:20',NULL,NULL,NULL,NULL),(35142,'stock',100000564,'Record created',2,NULL,'2024-05-28 09:04:20',NULL,NULL,NULL,NULL),(35143,'stock',100000565,'Record created',6,NULL,'2024-05-28 09:04:20',NULL,NULL,NULL,NULL),(35144,'stock',100000566,'Record created',2,NULL,'2024-05-28 09:04:21',NULL,NULL,NULL,NULL),(35145,'stock',100000567,'Record created',3,NULL,'2024-05-28 09:04:21',NULL,NULL,NULL,NULL),(35146,'stock',100000568,'Record created',3,NULL,'2024-05-28 09:04:21',NULL,NULL,NULL,NULL),(35147,'stock',100000569,'Record created',23,NULL,'2024-05-28 09:04:21',NULL,NULL,NULL,NULL),(35148,'stock',100000570,'Record created',5,NULL,'2024-05-28 09:04:21',NULL,NULL,NULL,NULL),(35149,'stock',100000571,'Record created',3,NULL,'2024-05-28 09:04:21',NULL,NULL,NULL,NULL),(35150,'stock',100000572,'Record created',4,NULL,'2024-05-28 09:04:21',NULL,NULL,NULL,NULL),(35151,'stock',100000573,'Record created',8,NULL,'2024-05-28 09:04:21',NULL,NULL,NULL,NULL),(35152,'stock',100000574,'Record created',4,NULL,'2024-05-28 09:04:21',NULL,NULL,NULL,NULL),(35153,'stock',100000575,'Record created',23,NULL,'2024-05-28 09:04:21',NULL,NULL,NULL,NULL),(35154,'stock',100000576,'Record created',25,NULL,'2024-05-28 09:04:21',NULL,NULL,NULL,NULL),(35155,'stock',100000577,'Record created',24,NULL,'2024-05-28 09:04:21',NULL,NULL,NULL,NULL),(35156,'stock',100000578,'Record created',6,NULL,'2024-05-28 09:04:21',NULL,NULL,NULL,NULL),(35157,'stock',100000579,'Record created',25,NULL,'2024-05-28 09:04:21',NULL,NULL,NULL,NULL),(35158,'stock',100000580,'Record created',24,NULL,'2024-05-28 09:04:21',NULL,NULL,NULL,NULL),(35159,'stock',100000581,'Record created',5,NULL,'2024-05-28 09:04:21',NULL,NULL,NULL,NULL),(35160,'stock',100000582,'Record created',9,NULL,'2024-05-28 09:04:21',NULL,NULL,NULL,NULL),(35161,'stock',100000583,'Record created',2,NULL,'2024-05-28 09:04:21',NULL,NULL,NULL,NULL),(35162,'stock',100000584,'Record created',5,NULL,'2024-05-28 09:04:21',NULL,NULL,NULL,NULL),(35163,'stock',100000585,'Record created',23,NULL,'2024-05-28 09:04:21',NULL,NULL,NULL,NULL),(35164,'stock',100000586,'Record created',25,NULL,'2024-05-28 09:04:21',NULL,NULL,NULL,NULL),(35165,'stock',100000587,'Record created',9,NULL,'2024-05-28 09:04:21',NULL,NULL,NULL,NULL),(35166,'stock',100000588,'Record created',5,NULL,'2024-05-28 09:04:21',NULL,NULL,NULL,NULL),(35167,'stock',100000589,'Record created',7,NULL,'2024-05-28 09:04:21',NULL,NULL,NULL,NULL),(35168,'stock',100000590,'Record created',3,NULL,'2024-05-28 09:04:21',NULL,NULL,NULL,NULL),(35169,'stock',100000591,'Record created',8,NULL,'2024-05-28 09:04:21',NULL,NULL,NULL,NULL),(35170,'stock',100000592,'Record created',25,NULL,'2024-05-28 09:04:21',NULL,NULL,NULL,NULL),(35171,'stock',100000593,'Record created',9,NULL,'2024-05-28 09:04:21',NULL,NULL,NULL,NULL),(35172,'stock',100000594,'Record created',24,NULL,'2024-05-28 09:04:21',NULL,NULL,NULL,NULL),(35173,'stock',100000595,'Record created',7,NULL,'2024-05-28 09:04:21',NULL,NULL,NULL,NULL),(35174,'stock',100000596,'Record created',23,NULL,'2024-05-28 09:04:21',NULL,NULL,NULL,NULL),(35175,'stock',100000597,'Record created',4,NULL,'2024-05-28 09:04:21',NULL,NULL,NULL,NULL),(35176,'stock',100000598,'Record created',4,NULL,'2024-05-28 09:04:21',NULL,NULL,NULL,NULL),(35177,'stock',100000599,'Record created',24,NULL,'2024-05-28 09:04:21',NULL,NULL,NULL,NULL),(35178,'stock',100000600,'Record created',6,NULL,'2024-05-28 09:04:21',NULL,NULL,NULL,NULL),(35179,'stock',100000601,'Record created',2,NULL,'2024-05-28 09:04:21',NULL,NULL,NULL,NULL),(35180,'stock',100000602,'Record created',5,NULL,'2024-05-28 09:04:21',NULL,NULL,NULL,NULL),(35181,'stock',100000603,'Record created',3,NULL,'2024-05-28 09:04:21',NULL,NULL,NULL,NULL),(35182,'stock',100000604,'Record created',6,NULL,'2024-05-28 09:04:21',NULL,NULL,NULL,NULL),(35183,'stock',100000605,'Record created',9,NULL,'2024-05-28 09:04:21',NULL,NULL,NULL,NULL),(35184,'stock',100000606,'Record created',7,NULL,'2024-05-28 09:04:21',NULL,NULL,NULL,NULL),(35185,'stock',100000607,'Record created',24,NULL,'2024-05-28 09:04:21',NULL,NULL,NULL,NULL),(35186,'stock',100000608,'Record created',7,NULL,'2024-05-28 09:04:21',NULL,NULL,NULL,NULL),(35187,'stock',100000609,'Record created',9,NULL,'2024-05-28 09:04:21',NULL,NULL,NULL,NULL),(35188,'stock',100000610,'Record created',6,NULL,'2024-05-28 09:04:21',NULL,NULL,NULL,NULL),(35189,'stock',100000611,'Record created',3,NULL,'2024-05-28 09:04:22',NULL,NULL,NULL,NULL),(35190,'stock',100000612,'Record created',9,NULL,'2024-05-28 09:04:22',NULL,NULL,NULL,NULL),(35191,'stock',100000613,'Record created',3,NULL,'2024-05-28 09:04:22',NULL,NULL,NULL,NULL),(35192,'stock',100000614,'Record created',9,NULL,'2024-05-28 09:04:22',NULL,NULL,NULL,NULL),(35193,'stock',100000615,'Record created',2,NULL,'2024-05-28 09:04:22',NULL,NULL,NULL,NULL),(35194,'stock',100000616,'Record created',3,NULL,'2024-05-28 09:04:22',NULL,NULL,NULL,NULL),(35195,'stock',100000617,'Record created',24,NULL,'2024-05-28 09:04:22',NULL,NULL,NULL,NULL),(35196,'stock',100000618,'Record created',8,NULL,'2024-05-28 09:04:22',NULL,NULL,NULL,NULL),(35197,'stock',100000619,'Record created',5,NULL,'2024-05-28 09:04:22',NULL,NULL,NULL,NULL),(35198,'stock',100000620,'Record created',23,NULL,'2024-05-28 09:04:22',NULL,NULL,NULL,NULL),(35199,'stock',100000621,'Record created',4,NULL,'2024-05-28 09:04:22',NULL,NULL,NULL,NULL),(35200,'stock',100000622,'Record created',7,NULL,'2024-05-28 09:04:22',NULL,NULL,NULL,NULL),(35201,'stock',100000623,'Record created',23,NULL,'2024-05-28 09:04:22',NULL,NULL,NULL,NULL),(35202,'stock',100000624,'Record created',9,NULL,'2024-05-28 09:04:22',NULL,NULL,NULL,NULL),(35203,'stock',100000625,'Record created',9,NULL,'2024-05-28 09:04:22',NULL,NULL,NULL,NULL),(35204,'stock',100000626,'Record created',23,NULL,'2024-05-28 09:04:22',NULL,NULL,NULL,NULL),(35205,'stock',100000627,'Record created',6,NULL,'2024-05-28 09:04:22',NULL,NULL,NULL,NULL),(35206,'stock',100000628,'Record created',25,NULL,'2024-05-28 09:04:22',NULL,NULL,NULL,NULL),(35207,'stock',100000629,'Record created',23,NULL,'2024-05-28 09:04:22',NULL,NULL,NULL,NULL),(35208,'stock',100000630,'Record created',4,NULL,'2024-05-28 09:04:22',NULL,NULL,NULL,NULL),(35209,'stock',100000631,'Record created',7,NULL,'2024-05-28 09:04:22',NULL,NULL,NULL,NULL),(35210,'stock',100000632,'Record created',2,NULL,'2024-05-28 09:04:22',NULL,NULL,NULL,NULL),(35211,'stock',100000633,'Record created',25,NULL,'2024-05-28 09:04:22',NULL,NULL,NULL,NULL),(35212,'stock',100000634,'Record created',4,NULL,'2024-05-28 09:04:22',NULL,NULL,NULL,NULL),(35213,'stock',100000635,'Record created',24,NULL,'2024-05-28 09:04:22',NULL,NULL,NULL,NULL),(35214,'stock',100000636,'Record created',23,NULL,'2024-05-28 09:04:22',NULL,NULL,NULL,NULL),(35215,'stock',100000637,'Record created',7,NULL,'2024-05-28 09:04:22',NULL,NULL,NULL,NULL),(35216,'stock',100000638,'Record created',2,NULL,'2024-05-28 09:04:22',NULL,NULL,NULL,NULL),(35217,'stock',100000639,'Record created',6,NULL,'2024-05-28 09:04:22',NULL,NULL,NULL,NULL),(35218,'stock',100000640,'Record created',6,NULL,'2024-05-28 09:04:22',NULL,NULL,NULL,NULL),(35219,'stock',100000641,'Record created',9,NULL,'2024-05-28 09:04:22',NULL,NULL,NULL,NULL),(35220,'stock',100000642,'Record created',9,NULL,'2024-05-28 09:04:22',NULL,NULL,NULL,NULL),(35221,'stock',100000643,'Record created',24,NULL,'2024-05-28 09:04:22',NULL,NULL,NULL,NULL),(35222,'stock',100000644,'Record created',2,NULL,'2024-05-28 09:04:22',NULL,NULL,NULL,NULL),(35223,'stock',100000645,'Record created',9,NULL,'2024-05-28 09:04:22',NULL,NULL,NULL,NULL),(35224,'stock',100000646,'Record created',2,NULL,'2024-05-28 09:04:22',NULL,NULL,NULL,NULL),(35225,'stock',100000647,'Record created',2,NULL,'2024-05-28 09:04:23',NULL,NULL,NULL,NULL),(35226,'stock',100000648,'Record created',2,NULL,'2024-05-28 09:04:23',NULL,NULL,NULL,NULL),(35227,'stock',100000649,'Record created',5,NULL,'2024-05-28 09:04:23',NULL,NULL,NULL,NULL),(35228,'stock',100000650,'Record created',6,NULL,'2024-05-28 09:04:23',NULL,NULL,NULL,NULL),(35229,'stock',100000651,'Record created',2,NULL,'2024-05-28 09:04:23',NULL,NULL,NULL,NULL),(35230,'stock',100000652,'Record created',8,NULL,'2024-05-28 09:04:23',NULL,NULL,NULL,NULL),(35231,'stock',100000653,'Record created',9,NULL,'2024-05-28 09:04:23',NULL,NULL,NULL,NULL),(35232,'stock',100000654,'Record created',2,NULL,'2024-05-28 09:04:23',NULL,NULL,NULL,NULL),(35233,'stock',100000655,'Record created',4,NULL,'2024-05-28 09:04:23',NULL,NULL,NULL,NULL),(35234,'stock',100000656,'Record created',3,NULL,'2024-05-28 09:04:23',NULL,NULL,NULL,NULL),(35235,'stock',100000657,'Record created',6,NULL,'2024-05-28 09:04:23',NULL,NULL,NULL,NULL),(35236,'stock',100000658,'Record created',4,NULL,'2024-05-28 09:04:23',NULL,NULL,NULL,NULL),(35237,'stock',100000659,'Record created',23,NULL,'2024-05-28 09:04:23',NULL,NULL,NULL,NULL),(35238,'stock',100000660,'Record created',23,NULL,'2024-05-28 09:04:23',NULL,NULL,NULL,NULL),(35239,'stock',100000661,'Record created',4,NULL,'2024-05-28 09:04:23',NULL,NULL,NULL,NULL),(35240,'stock',100000662,'Record created',24,NULL,'2024-05-28 09:04:23',NULL,NULL,NULL,NULL),(35241,'stock',100000663,'Record created',2,NULL,'2024-05-28 09:04:23',NULL,NULL,NULL,NULL),(35242,'stock',100000664,'Record created',8,NULL,'2024-05-28 09:04:23',NULL,NULL,NULL,NULL),(35243,'stock',100000665,'Record created',23,NULL,'2024-05-28 09:04:23',NULL,NULL,NULL,NULL),(35244,'stock',100000666,'Record created',8,NULL,'2024-05-28 09:04:23',NULL,NULL,NULL,NULL),(35245,'stock',100000667,'Record created',24,NULL,'2024-05-28 09:04:23',NULL,NULL,NULL,NULL),(35246,'stock',100000668,'Record created',3,NULL,'2024-05-28 09:04:23',NULL,NULL,NULL,NULL),(35247,'stock',100000669,'Record created',6,NULL,'2024-05-28 09:04:23',NULL,NULL,NULL,NULL),(35248,'stock',100000670,'Record created',2,NULL,'2024-05-28 09:04:23',NULL,NULL,NULL,NULL),(35249,'stock',100000671,'Record created',23,NULL,'2024-05-28 09:04:23',NULL,NULL,NULL,NULL),(35250,'stock',100000672,'Record created',9,NULL,'2024-05-28 09:04:23',NULL,NULL,NULL,NULL),(35251,'stock',100000673,'Record created',9,NULL,'2024-05-28 09:04:23',NULL,NULL,NULL,NULL),(35252,'stock',100000674,'Record created',4,NULL,'2024-05-28 09:04:23',NULL,NULL,NULL,NULL),(35253,'stock',100000675,'Record created',4,NULL,'2024-05-28 09:04:23',NULL,NULL,NULL,NULL),(35254,'stock',100000676,'Record created',24,NULL,'2024-05-28 09:04:23',NULL,NULL,NULL,NULL),(35255,'stock',100000677,'Record created',8,NULL,'2024-05-28 09:04:23',NULL,NULL,NULL,NULL),(35256,'stock',100000678,'Record created',25,NULL,'2024-05-28 09:04:23',NULL,NULL,NULL,NULL),(35257,'stock',100000679,'Record created',7,NULL,'2024-05-28 09:04:23',NULL,NULL,NULL,NULL),(35258,'stock',100000680,'Record created',8,NULL,'2024-05-28 09:04:23',NULL,NULL,NULL,NULL),(35259,'stock',100000681,'Record created',9,NULL,'2024-05-28 09:04:23',NULL,NULL,NULL,NULL),(35260,'stock',100000682,'Record created',5,NULL,'2024-05-28 09:04:23',NULL,NULL,NULL,NULL),(35261,'stock',100000683,'Record created',25,NULL,'2024-05-28 09:04:23',NULL,NULL,NULL,NULL),(35262,'stock',100000684,'Record created',5,NULL,'2024-05-28 09:04:23',NULL,NULL,NULL,NULL),(35263,'stock',100000685,'Record created',5,NULL,'2024-05-28 09:04:23',NULL,NULL,NULL,NULL),(35264,'stock',100000686,'Record created',2,NULL,'2024-05-28 09:04:23',NULL,NULL,NULL,NULL),(35265,'stock',100000687,'Record created',7,NULL,'2024-05-28 09:04:23',NULL,NULL,NULL,NULL),(35266,'stock',100000688,'Record created',6,NULL,'2024-05-28 09:04:23',NULL,NULL,NULL,NULL),(35267,'stock',100000689,'Record created',7,NULL,'2024-05-28 09:04:23',NULL,NULL,NULL,NULL),(35268,'stock',100000690,'Record created',7,NULL,'2024-05-28 09:04:23',NULL,NULL,NULL,NULL),(35269,'stock',100000691,'Record created',2,NULL,'2024-05-28 09:04:23',NULL,NULL,NULL,NULL),(35270,'stock',100000692,'Record created',25,NULL,'2024-05-28 09:04:23',NULL,NULL,NULL,NULL),(35271,'stock',100000693,'Record created',24,NULL,'2024-05-28 09:04:23',NULL,NULL,NULL,NULL),(35272,'stock',100000694,'Record created',2,NULL,'2024-05-28 09:04:23',NULL,NULL,NULL,NULL),(35273,'stock',100000695,'Record created',24,NULL,'2024-05-28 09:04:24',NULL,NULL,NULL,NULL),(35274,'stock',100000696,'Record created',6,NULL,'2024-05-28 09:04:24',NULL,NULL,NULL,NULL),(35275,'stock',100000697,'Record created',3,NULL,'2024-05-28 09:04:24',NULL,NULL,NULL,NULL),(35276,'stock',100000698,'Record created',7,NULL,'2024-05-28 09:04:24',NULL,NULL,NULL,NULL),(35277,'stock',100000699,'Record created',5,NULL,'2024-05-28 09:04:24',NULL,NULL,NULL,NULL),(35278,'stock',100000700,'Record created',7,NULL,'2024-05-28 09:04:24',NULL,NULL,NULL,NULL),(35279,'stock',100000701,'Record created',3,NULL,'2024-05-28 09:04:24',NULL,NULL,NULL,NULL),(35280,'stock',100000702,'Record created',8,NULL,'2024-05-28 09:04:24',NULL,NULL,NULL,NULL),(35281,'stock',100000703,'Record created',3,NULL,'2024-05-28 09:04:24',NULL,NULL,NULL,NULL),(35282,'stock',100000704,'Record created',6,NULL,'2024-05-28 09:04:24',NULL,NULL,NULL,NULL),(35283,'stock',100000705,'Record created',3,NULL,'2024-05-28 09:04:24',NULL,NULL,NULL,NULL),(35284,'stock',100000706,'Record created',5,NULL,'2024-05-28 09:04:24',NULL,NULL,NULL,NULL),(35285,'stock',100000707,'Record created',4,NULL,'2024-05-28 09:04:24',NULL,NULL,NULL,NULL),(35286,'stock',100000708,'Record created',4,NULL,'2024-05-28 09:04:24',NULL,NULL,NULL,NULL),(35287,'stock',100000709,'Record created',5,NULL,'2024-05-28 09:04:24',NULL,NULL,NULL,NULL),(35288,'stock',100000710,'Record created',8,NULL,'2024-05-28 09:04:24',NULL,NULL,NULL,NULL),(35289,'stock',100000711,'Record created',4,NULL,'2024-05-28 09:04:24',NULL,NULL,NULL,NULL),(35290,'stock',100000712,'Record created',9,NULL,'2024-05-28 09:04:24',NULL,NULL,NULL,NULL),(35291,'stock',100000713,'Record created',8,NULL,'2024-05-28 09:04:24',NULL,NULL,NULL,NULL),(35292,'stock',100000714,'Record created',8,NULL,'2024-05-28 09:04:24',NULL,NULL,NULL,NULL),(35293,'stock',100000715,'Record created',8,NULL,'2024-05-28 09:04:24',NULL,NULL,NULL,NULL),(35294,'stock',100000716,'Record created',6,NULL,'2024-05-28 09:04:24',NULL,NULL,NULL,NULL),(35295,'stock',100000717,'Record created',5,NULL,'2024-05-28 09:04:24',NULL,NULL,NULL,NULL),(35296,'stock',100000718,'Record created',23,NULL,'2024-05-28 09:04:24',NULL,NULL,NULL,NULL),(35297,'stock',100000719,'Record created',25,NULL,'2024-05-28 09:04:24',NULL,NULL,NULL,NULL),(35298,'stock',100000720,'Record created',9,NULL,'2024-05-28 09:04:24',NULL,NULL,NULL,NULL),(35299,'stock',100000721,'Record created',25,NULL,'2024-05-28 09:04:24',NULL,NULL,NULL,NULL),(35300,'stock',100000722,'Record created',3,NULL,'2024-05-28 09:04:24',NULL,NULL,NULL,NULL),(35301,'stock',100000723,'Record created',7,NULL,'2024-05-28 09:04:24',NULL,NULL,NULL,NULL),(35302,'stock',100000724,'Record created',9,NULL,'2024-05-28 09:04:24',NULL,NULL,NULL,NULL),(35303,'stock',100000725,'Record created',3,NULL,'2024-05-28 09:04:24',NULL,NULL,NULL,NULL),(35304,'stock',100000726,'Record created',5,NULL,'2024-05-28 09:04:24',NULL,NULL,NULL,NULL),(35305,'stock',100000727,'Record created',4,NULL,'2024-05-28 09:04:24',NULL,NULL,NULL,NULL),(35306,'stock',100000728,'Record created',23,NULL,'2024-05-28 09:04:24',NULL,NULL,NULL,NULL),(35307,'stock',100000729,'Record created',8,NULL,'2024-05-28 09:04:24',NULL,NULL,NULL,NULL),(35308,'stock',100000730,'Record created',6,NULL,'2024-05-28 09:04:24',NULL,NULL,NULL,NULL),(35309,'stock',100000731,'Record created',24,NULL,'2024-05-28 09:04:24',NULL,NULL,NULL,NULL),(35310,'stock',100000732,'Record created',9,NULL,'2024-05-28 09:04:24',NULL,NULL,NULL,NULL),(35311,'stock',100000733,'Record created',6,NULL,'2024-05-28 09:04:24',NULL,NULL,NULL,NULL),(35312,'stock',100000734,'Record created',3,NULL,'2024-05-28 09:04:24',NULL,NULL,NULL,NULL),(35313,'stock',100000735,'Record created',9,NULL,'2024-05-28 09:04:24',NULL,NULL,NULL,NULL),(35314,'stock',100000736,'Record created',7,NULL,'2024-05-28 09:04:24',NULL,NULL,NULL,NULL),(35315,'stock',100000737,'Record created',5,NULL,'2024-05-28 09:04:24',NULL,NULL,NULL,NULL),(35316,'stock',100000738,'Record created',25,NULL,'2024-05-28 09:04:25',NULL,NULL,NULL,NULL),(35317,'stock',100000739,'Record created',7,NULL,'2024-05-28 09:04:25',NULL,NULL,NULL,NULL),(35318,'stock',100000740,'Record created',5,NULL,'2024-05-28 09:04:25',NULL,NULL,NULL,NULL),(35319,'stock',100000741,'Record created',6,NULL,'2024-05-28 09:04:25',NULL,NULL,NULL,NULL),(35320,'stock',100000742,'Record created',25,NULL,'2024-05-28 09:04:25',NULL,NULL,NULL,NULL),(35321,'stock',100000743,'Record created',3,NULL,'2024-05-28 09:04:25',NULL,NULL,NULL,NULL),(35322,'stock',100000744,'Record created',24,NULL,'2024-05-28 09:04:25',NULL,NULL,NULL,NULL),(35323,'stock',100000745,'Record created',2,NULL,'2024-05-28 09:04:25',NULL,NULL,NULL,NULL),(35324,'stock',100000746,'Record created',3,NULL,'2024-05-28 09:04:25',NULL,NULL,NULL,NULL),(35325,'stock',100000485,'location_id',3,NULL,'2024-05-28 09:04:25',100000038,100000040,NULL,NULL),(35326,'stock',100000485,'box_state_id',3,NULL,'2024-05-28 09:04:25',1,5,NULL,NULL),(35327,'stock',100000575,'location_id',8,NULL,'2024-05-28 09:04:25',100000036,100000040,NULL,NULL),(35328,'stock',100000575,'box_state_id',8,NULL,'2024-05-28 09:04:25',1,5,NULL,NULL),(35329,'stock',100000593,'location_id',6,NULL,'2024-05-28 09:04:25',100000038,100000039,NULL,NULL),(35330,'stock',100000593,'box_state_id',6,NULL,'2024-05-28 09:04:25',1,5,NULL,NULL),(35331,'stock',100000304,'location_id',5,NULL,'2024-05-28 09:04:25',100000036,100000039,NULL,NULL),(35332,'stock',100000304,'box_state_id',5,NULL,'2024-05-28 09:04:25',1,5,NULL,NULL),(35333,'stock',100000343,'location_id',7,NULL,'2024-05-28 09:04:25',100000037,100000040,NULL,NULL),(35334,'stock',100000343,'box_state_id',7,NULL,'2024-05-28 09:04:25',1,5,NULL,NULL),(35335,'stock',100000582,'location_id',6,NULL,'2024-05-28 09:04:25',100000037,100000039,NULL,NULL),(35336,'stock',100000582,'box_state_id',6,NULL,'2024-05-28 09:04:25',1,5,NULL,NULL),(35337,'stock',100000283,'location_id',23,NULL,'2024-05-28 09:04:25',100000037,100000040,NULL,NULL),(35338,'stock',100000283,'box_state_id',23,NULL,'2024-05-28 09:04:25',1,5,NULL,NULL),(35339,'stock',100000258,'location_id',24,NULL,'2024-05-28 09:04:25',100000037,100000040,NULL,NULL),(35340,'stock',100000258,'box_state_id',24,NULL,'2024-05-28 09:04:25',1,5,NULL,NULL),(35341,'stock',100000695,'location_id',4,NULL,'2024-05-28 09:04:25',100000036,100000040,NULL,NULL),(35342,'stock',100000695,'box_state_id',4,NULL,'2024-05-28 09:04:25',1,5,NULL,NULL),(35343,'stock',100000263,'location_id',2,NULL,'2024-05-28 09:04:25',100000036,100000040,NULL,NULL),(35344,'stock',100000263,'box_state_id',2,NULL,'2024-05-28 09:04:25',1,5,NULL,NULL),(35345,'stock',100000422,'location_id',25,NULL,'2024-05-28 09:04:25',100000036,100000039,NULL,NULL),(35346,'stock',100000422,'box_state_id',25,NULL,'2024-05-28 09:04:25',1,5,NULL,NULL),(35347,'stock',100000371,'location_id',8,NULL,'2024-05-28 09:04:25',100000038,100000040,NULL,NULL),(35348,'stock',100000371,'box_state_id',8,NULL,'2024-05-28 09:04:25',1,5,NULL,NULL),(35349,'stock',100000514,'location_id',2,NULL,'2024-05-28 09:04:25',100000038,100000039,NULL,NULL),(35350,'stock',100000514,'box_state_id',2,NULL,'2024-05-28 09:04:25',1,5,NULL,NULL),(35351,'stock',100000368,'location_id',7,NULL,'2024-05-28 09:04:25',100000037,100000040,NULL,NULL),(35352,'stock',100000368,'box_state_id',7,NULL,'2024-05-28 09:04:25',1,5,NULL,NULL),(35353,'stock',100000512,'location_id',8,NULL,'2024-05-28 09:04:25',100000037,100000040,NULL,NULL),(35354,'stock',100000512,'box_state_id',8,NULL,'2024-05-28 09:04:25',1,5,NULL,NULL),(35355,'stock',100000278,'location_id',25,NULL,'2024-05-28 09:04:25',100000038,100000040,NULL,NULL),(35356,'stock',100000278,'box_state_id',25,NULL,'2024-05-28 09:04:25',1,5,NULL,NULL),(35357,'stock',100000736,'location_id',23,NULL,'2024-05-28 09:04:25',100000037,100000039,NULL,NULL),(35358,'stock',100000736,'box_state_id',23,NULL,'2024-05-28 09:04:25',1,5,NULL,NULL),(35359,'stock',100000338,'location_id',4,NULL,'2024-05-28 09:04:25',100000038,100000040,NULL,NULL),(35360,'stock',100000338,'box_state_id',4,NULL,'2024-05-28 09:04:25',1,5,NULL,NULL),(35361,'stock',100000341,'location_id',23,NULL,'2024-05-28 09:04:25',100000037,100000039,NULL,NULL),(35362,'stock',100000341,'box_state_id',23,NULL,'2024-05-28 09:04:25',1,5,NULL,NULL),(35363,'stock',100000547,'location_id',4,NULL,'2024-05-28 09:04:25',100000036,100000040,NULL,NULL),(35364,'stock',100000547,'box_state_id',4,NULL,'2024-05-28 09:04:25',1,5,NULL,NULL),(35365,'stock',100000587,'location_id',8,NULL,'2024-05-28 09:04:25',100000037,100000039,NULL,NULL),(35366,'stock',100000587,'box_state_id',8,NULL,'2024-05-28 09:04:25',1,5,NULL,NULL),(35367,'stock',100000326,'location_id',5,NULL,'2024-05-28 09:04:25',100000037,100000039,NULL,NULL),(35368,'stock',100000326,'box_state_id',5,NULL,'2024-05-28 09:04:25',1,5,NULL,NULL),(35369,'stock',100000510,'location_id',6,NULL,'2024-05-28 09:04:25',100000036,100000040,NULL,NULL),(35370,'stock',100000510,'box_state_id',6,NULL,'2024-05-28 09:04:25',1,5,NULL,NULL),(35371,'stock',100000433,'location_id',9,NULL,'2024-05-28 09:04:25',100000037,100000040,NULL,NULL),(35372,'stock',100000433,'box_state_id',9,NULL,'2024-05-28 09:04:25',1,5,NULL,NULL),(35373,'stock',100000617,'location_id',23,NULL,'2024-05-28 09:04:25',100000038,100000039,NULL,NULL),(35374,'stock',100000617,'box_state_id',23,NULL,'2024-05-28 09:04:25',1,5,NULL,NULL),(35375,'stock',100000525,'location_id',25,NULL,'2024-05-28 09:04:25',100000036,100000039,NULL,NULL),(35376,'stock',100000525,'box_state_id',25,NULL,'2024-05-28 09:04:25',1,5,NULL,NULL),(35377,'stock',100000743,'location_id',8,NULL,'2024-05-28 09:04:25',100000037,100000039,NULL,NULL),(35378,'stock',100000743,'box_state_id',8,NULL,'2024-05-28 09:04:25',1,5,NULL,NULL),(35379,'stock',100000575,'location_id',24,NULL,'2024-05-28 09:04:25',100000040,100000039,NULL,NULL),(35380,'stock',100000337,'location_id',4,NULL,'2024-05-28 09:04:25',100000037,100000039,NULL,NULL),(35381,'stock',100000337,'box_state_id',4,NULL,'2024-05-28 09:04:25',1,5,NULL,NULL),(35382,'stock',100000253,'location_id',4,NULL,'2024-05-28 09:04:25',100000037,100000039,NULL,NULL),(35383,'stock',100000253,'box_state_id',4,NULL,'2024-05-28 09:04:25',1,5,NULL,NULL),(35384,'stock',100000440,'location_id',8,NULL,'2024-05-28 09:04:25',100000036,100000039,NULL,NULL),(35385,'stock',100000440,'box_state_id',8,NULL,'2024-05-28 09:04:25',1,5,NULL,NULL),(35386,'stock',100000506,'location_id',8,NULL,'2024-05-28 09:04:25',100000037,100000040,NULL,NULL),(35387,'stock',100000506,'box_state_id',8,NULL,'2024-05-28 09:04:25',1,5,NULL,NULL),(35388,'stock',100000377,'location_id',8,NULL,'2024-05-28 09:04:25',100000038,100000040,NULL,NULL),(35389,'stock',100000377,'box_state_id',8,NULL,'2024-05-28 09:04:25',1,5,NULL,NULL),(35390,'stock',100000249,'location_id',23,NULL,'2024-05-28 09:04:25',100000036,100000039,NULL,NULL),(35391,'stock',100000249,'box_state_id',23,NULL,'2024-05-28 09:04:25',1,5,NULL,NULL),(35392,'stock',100000565,'location_id',23,NULL,'2024-05-28 09:04:25',100000038,100000039,NULL,NULL),(35393,'stock',100000565,'box_state_id',23,NULL,'2024-05-28 09:04:25',1,5,NULL,NULL),(35394,'stock',100000373,'location_id',24,NULL,'2024-05-28 09:04:25',100000038,100000039,NULL,NULL),(35395,'stock',100000373,'box_state_id',24,NULL,'2024-05-28 09:04:25',1,5,NULL,NULL),(35396,'stock',100000463,'location_id',9,NULL,'2024-05-28 09:04:25',100000036,100000039,NULL,NULL),(35397,'stock',100000463,'box_state_id',9,NULL,'2024-05-28 09:04:25',1,5,NULL,NULL),(35398,'stock',100000356,'location_id',8,NULL,'2024-05-28 09:04:26',100000037,100000040,NULL,NULL),(35399,'stock',100000356,'box_state_id',8,NULL,'2024-05-28 09:04:26',1,5,NULL,NULL),(35400,'stock',100000550,'location_id',5,NULL,'2024-05-28 09:04:26',100000038,100000039,NULL,NULL),(35401,'stock',100000550,'box_state_id',5,NULL,'2024-05-28 09:04:26',1,5,NULL,NULL),(35402,'stock',100000410,'location_id',9,NULL,'2024-05-28 09:04:26',100000038,100000040,NULL,NULL),(35403,'stock',100000410,'box_state_id',9,NULL,'2024-05-28 09:04:26',1,5,NULL,NULL),(35404,'stock',100000534,'location_id',23,NULL,'2024-05-28 09:04:26',100000036,100000040,NULL,NULL),(35405,'stock',100000534,'box_state_id',23,NULL,'2024-05-28 09:04:26',1,5,NULL,NULL),(35406,'stock',100000742,'location_id',2,NULL,'2024-05-28 09:04:26',100000037,100000039,NULL,NULL),(35407,'stock',100000742,'box_state_id',2,NULL,'2024-05-28 09:04:26',1,5,NULL,NULL),(35408,'stock',100000465,'location_id',6,NULL,'2024-05-28 09:04:26',100000038,100000039,NULL,NULL),(35409,'stock',100000465,'box_state_id',6,NULL,'2024-05-28 09:04:26',1,5,NULL,NULL),(35410,'stock',100000466,'location_id',25,NULL,'2024-05-28 09:04:26',100000038,100000040,NULL,NULL),(35411,'stock',100000466,'box_state_id',25,NULL,'2024-05-28 09:04:26',1,5,NULL,NULL),(35412,'stock',100000423,'location_id',25,NULL,'2024-05-28 09:04:26',100000036,100000040,NULL,NULL),(35413,'stock',100000423,'box_state_id',25,NULL,'2024-05-28 09:04:26',1,5,NULL,NULL),(35414,'stock',100000445,'location_id',24,NULL,'2024-05-28 09:04:26',100000038,100000040,NULL,NULL),(35415,'stock',100000445,'box_state_id',24,NULL,'2024-05-28 09:04:26',1,5,NULL,NULL),(35416,'stock',100000383,'location_id',2,NULL,'2024-05-28 09:04:26',100000038,100000039,NULL,NULL),(35417,'stock',100000383,'box_state_id',2,NULL,'2024-05-28 09:04:26',1,5,NULL,NULL),(35418,'stock',100000299,'location_id',3,NULL,'2024-05-28 09:04:26',100000036,100000040,NULL,NULL),(35419,'stock',100000299,'box_state_id',3,NULL,'2024-05-28 09:04:26',1,5,NULL,NULL),(35420,'stock',100000721,'location_id',25,NULL,'2024-05-28 09:04:26',100000037,100000040,NULL,NULL),(35421,'stock',100000721,'box_state_id',25,NULL,'2024-05-28 09:04:26',1,5,NULL,NULL),(35422,'stock',100000648,'location_id',4,NULL,'2024-05-28 09:04:26',100000037,100000040,NULL,NULL),(35423,'stock',100000648,'box_state_id',4,NULL,'2024-05-28 09:04:26',1,5,NULL,NULL),(35424,'stock',100000542,'product_id',3,NULL,'2024-05-28 09:04:26',1197,1167,NULL,NULL),(35425,'stock',100000384,'product_id',25,NULL,'2024-05-28 09:04:26',1187,1167,NULL,NULL),(35426,'stock',100000384,'size_id',25,NULL,'2024-05-28 09:04:26',118,52,NULL,NULL),(35427,'stock',100000580,'product_id',6,NULL,'2024-05-28 09:04:26',1192,1201,NULL,NULL),(35428,'stock',100000637,'product_id',7,NULL,'2024-05-28 09:04:26',1201,1169,NULL,NULL),(35429,'stock',100000637,'size_id',7,NULL,'2024-05-28 09:04:26',68,52,NULL,NULL),(35430,'stock',100000698,'product_id',6,NULL,'2024-05-28 09:04:26',1186,1179,NULL,NULL),(35431,'stock',100000698,'size_id',6,NULL,'2024-05-28 09:04:26',68,4,NULL,NULL),(35432,'stock',100000292,'product_id',2,NULL,'2024-05-28 09:04:26',1168,1180,NULL,NULL),(35433,'stock',100000292,'size_id',2,NULL,'2024-05-28 09:04:26',52,2,NULL,NULL),(35434,'stock',100000257,'product_id',6,NULL,'2024-05-28 09:04:26',1185,1166,NULL,NULL),(35435,'stock',100000257,'size_id',6,NULL,'2024-05-28 09:04:26',71,52,NULL,NULL),(35436,'stock',100000578,'product_id',9,NULL,'2024-05-28 09:04:26',1180,1210,NULL,NULL),(35437,'stock',100000578,'size_id',9,NULL,'2024-05-28 09:04:26',5,138,NULL,NULL),(35438,'stock',100000485,'product_id',7,NULL,'2024-05-28 09:04:26',1168,1209,NULL,NULL),(35439,'stock',100000485,'size_id',7,NULL,'2024-05-28 09:04:26',52,68,NULL,NULL),(35440,'stock',100000382,'product_id',6,NULL,'2024-05-28 09:04:26',1180,1197,NULL,NULL),(35441,'stock',100000382,'size_id',6,NULL,'2024-05-28 09:04:26',1,52,NULL,NULL),(35442,'stock',100000419,'product_id',4,NULL,'2024-05-28 09:04:26',1176,1178,NULL,NULL),(35443,'stock',100000419,'size_id',4,NULL,'2024-05-28 09:04:26',2,3,NULL,NULL),(35444,'stock',100000493,'product_id',5,NULL,'2024-05-28 09:04:26',1211,1173,NULL,NULL),(35445,'stock',100000493,'size_id',5,NULL,'2024-05-28 09:04:26',139,52,NULL,NULL),(35446,'stock',100000437,'product_id',3,NULL,'2024-05-28 09:04:26',1166,1199,NULL,NULL),(35447,'stock',100000297,'product_id',7,NULL,'2024-05-28 09:04:26',1202,1190,NULL,NULL),(35448,'stock',100000377,'product_id',2,NULL,'2024-05-28 09:04:26',1174,1208,NULL,NULL),(35449,'stock',100000377,'size_id',2,NULL,'2024-05-28 09:04:26',71,68,NULL,NULL),(35450,'stock',100000586,'product_id',24,NULL,'2024-05-28 09:04:26',1183,1181,NULL,NULL),(35451,'stock',100000586,'size_id',24,NULL,'2024-05-28 09:04:26',5,2,NULL,NULL),(35452,'stock',100000266,'product_id',6,NULL,'2024-05-28 09:04:26',1166,1183,NULL,NULL),(35453,'stock',100000266,'size_id',6,NULL,'2024-05-28 09:04:26',52,1,NULL,NULL),(35454,'stock',100000742,'product_id',23,NULL,'2024-05-28 09:04:26',1174,1177,NULL,NULL),(35455,'stock',100000742,'size_id',23,NULL,'2024-05-28 09:04:26',5,1,NULL,NULL),(35456,'stock',100000459,'product_id',3,NULL,'2024-05-28 09:04:26',1202,1214,NULL,NULL),(35457,'stock',100000459,'size_id',3,NULL,'2024-05-28 09:04:26',68,15,NULL,NULL),(35458,'stock',100000552,'product_id',25,NULL,'2024-05-28 09:04:26',1190,1191,NULL,NULL),(35459,'stock',100000439,'product_id',23,NULL,'2024-05-28 09:04:26',1203,1181,NULL,NULL),(35460,'stock',100000439,'size_id',23,NULL,'2024-05-28 09:04:26',68,3,NULL,NULL),(35461,'stock',100000367,'product_id',2,NULL,'2024-05-28 09:04:26',1208,1167,NULL,NULL),(35462,'stock',100000367,'size_id',2,NULL,'2024-05-28 09:04:26',68,52,NULL,NULL),(35463,'stock',100000588,'product_id',23,NULL,'2024-05-28 09:04:26',1188,1198,NULL,NULL),(35464,'stock',100000456,'product_id',3,NULL,'2024-05-28 09:04:26',1195,1214,NULL,NULL),(35465,'stock',100000456,'size_id',3,NULL,'2024-05-28 09:04:26',52,64,NULL,NULL),(35466,'stock',100000538,'product_id',25,NULL,'2024-05-28 09:04:26',1166,1168,NULL,NULL),(35467,'stock',100000446,'product_id',5,NULL,'2024-05-28 09:04:26',1173,1183,NULL,NULL),(35468,'stock',100000446,'size_id',5,NULL,'2024-05-28 09:04:26',52,3,NULL,NULL),(35469,'stock',100000357,'product_id',8,NULL,'2024-05-28 09:04:26',1185,1209,NULL,NULL),(35470,'stock',100000357,'size_id',8,NULL,'2024-05-28 09:04:26',3,68,NULL,NULL),(35471,'stock',100000691,'product_id',24,NULL,'2024-05-28 09:04:26',1179,1210,NULL,NULL),(35472,'stock',100000691,'size_id',24,NULL,'2024-05-28 09:04:26',2,139,NULL,NULL),(35473,'stock',100000614,'product_id',24,NULL,'2024-05-28 09:04:26',1173,1210,NULL,NULL),(35474,'stock',100000614,'size_id',24,NULL,'2024-05-28 09:04:26',52,139,NULL,NULL),(35475,'stock',100000567,'product_id',4,NULL,'2024-05-28 09:04:26',1169,1207,NULL,NULL),(35476,'stock',100000567,'size_id',4,NULL,'2024-05-28 09:04:26',52,68,NULL,NULL),(35477,'stock',100000252,'product_id',6,NULL,'2024-05-28 09:04:26',1199,1191,NULL,NULL),(35478,'stock',100000712,'product_id',3,NULL,'2024-05-28 09:04:26',1208,1176,NULL,NULL),(35479,'stock',100000712,'size_id',3,NULL,'2024-05-28 09:04:26',68,2,NULL,NULL),(35480,'stock',100000482,'product_id',8,NULL,'2024-05-28 09:04:26',1188,1176,NULL,NULL),(35481,'stock',100000482,'size_id',8,NULL,'2024-05-28 09:04:26',117,71,NULL,NULL),(35482,'stock',100000434,'product_id',5,NULL,'2024-05-28 09:04:26',1172,1206,NULL,NULL),(35483,'stock',100000434,'size_id',5,NULL,'2024-05-28 09:04:26',52,68,NULL,NULL),(35484,'stock',100000418,'product_id',24,NULL,'2024-05-28 09:04:26',1193,1208,NULL,NULL),(35485,'stock',100000715,'product_id',23,NULL,'2024-05-28 09:04:26',1187,1202,NULL,NULL),(35486,'stock',100000381,'product_id',8,NULL,'2024-05-28 09:04:26',1198,1171,NULL,NULL),(35487,'stock',100000381,'size_id',8,NULL,'2024-05-28 09:04:26',68,52,NULL,NULL),(35488,'stock',100000477,'product_id',24,NULL,'2024-05-28 09:04:26',1190,1203,NULL,NULL),(35489,'stock',100000308,'product_id',8,NULL,'2024-05-28 09:04:26',1173,1178,NULL,NULL),(35490,'stock',100000308,'size_id',8,NULL,'2024-05-28 09:04:26',52,4,NULL,NULL),(35491,'stock',100000740,'product_id',25,NULL,'2024-05-28 09:04:26',1212,1173,NULL,NULL),(35492,'stock',100000740,'size_id',25,NULL,'2024-05-28 09:04:26',139,68,NULL,NULL),(35493,'stock',100000445,'product_id',2,NULL,'2024-05-28 09:04:26',1186,1204,NULL,NULL),(35494,'stock',100000398,'product_id',23,NULL,'2024-05-28 09:04:26',1209,1195,NULL,NULL),(35495,'stock',100000398,'size_id',23,NULL,'2024-05-28 09:04:26',68,52,NULL,NULL),(35496,'stock',100000256,'product_id',5,NULL,'2024-05-28 09:04:26',1197,1178,NULL,NULL),(35497,'stock',100000256,'size_id',5,NULL,'2024-05-28 09:04:26',52,5,NULL,NULL),(35498,'stock',100000315,'product_id',2,NULL,'2024-05-28 09:04:26',1168,1187,NULL,NULL),(35499,'stock',100000315,'size_id',2,NULL,'2024-05-28 09:04:26',52,68,NULL,NULL),(35500,'stock',100000295,'product_id',5,NULL,'2024-05-28 09:04:26',1176,1195,NULL,NULL),(35501,'stock',100000295,'size_id',5,NULL,'2024-05-28 09:04:26',3,52,NULL,NULL),(35502,'stock',100000610,'product_id',24,NULL,'2024-05-28 09:04:26',1212,1183,NULL,NULL),(35503,'stock',100000610,'size_id',24,NULL,'2024-05-28 09:04:26',111,4,NULL,NULL),(35504,'stock',100000322,'product_id',23,NULL,'2024-05-28 09:04:27',1211,1180,NULL,NULL),(35505,'stock',100000322,'size_id',23,NULL,'2024-05-28 09:04:27',138,71,NULL,NULL),(35506,'stock',100000394,'product_id',4,NULL,'2024-05-28 09:04:27',1178,1209,NULL,NULL),(35507,'stock',100000394,'size_id',4,NULL,'2024-05-28 09:04:27',4,68,NULL,NULL),(35508,'stock',100000385,'product_id',3,NULL,'2024-05-28 09:04:27',1214,1185,NULL,NULL),(35509,'stock',100000385,'size_id',3,NULL,'2024-05-28 09:04:27',31,3,NULL,NULL),(35510,'stock',100000415,'product_id',2,NULL,'2024-05-28 09:04:27',1191,1206,NULL,NULL),(35511,'stock',100000508,'items',3,NULL,'2024-05-28 09:04:27',318,84,NULL,NULL),(35512,'stock',100000594,'items',4,NULL,'2024-05-28 09:04:27',799,14,NULL,NULL),(35513,'stock',100000331,'items',4,NULL,'2024-05-28 09:04:27',164,490,NULL,NULL),(35514,'stock',100000567,'items',23,NULL,'2024-05-28 09:04:27',631,566,NULL,NULL),(35515,'stock',100000362,'items',7,NULL,'2024-05-28 09:04:27',144,780,NULL,NULL),(35516,'stock',100000354,'items',4,NULL,'2024-05-28 09:04:27',519,360,NULL,NULL),(35517,'stock',100000579,'items',3,NULL,'2024-05-28 09:04:27',684,67,NULL,NULL),(35518,'stock',100000517,'items',3,NULL,'2024-05-28 09:04:27',376,610,NULL,NULL),(35519,'stock',100000677,'items',2,NULL,'2024-05-28 09:04:27',681,487,NULL,NULL),(35520,'stock',100000478,'items',3,NULL,'2024-05-28 09:04:27',591,190,NULL,NULL),(35521,'stock',100000276,'items',6,NULL,'2024-05-28 09:04:27',777,51,NULL,NULL),(35522,'stock',100000564,'items',2,NULL,'2024-05-28 09:04:27',509,490,NULL,NULL),(35523,'stock',100000723,'items',7,NULL,'2024-05-28 09:04:27',205,25,NULL,NULL),(35524,'stock',100000344,'items',3,NULL,'2024-05-28 09:04:27',274,20,NULL,NULL),(35525,'stock',100000266,'items',2,NULL,'2024-05-28 09:04:27',873,661,NULL,NULL),(35526,'stock',100000500,'items',6,NULL,'2024-05-28 09:04:27',926,220,NULL,NULL),(35527,'stock',100000478,'items',8,NULL,'2024-05-28 09:04:27',190,235,NULL,NULL),(35528,'stock',100000361,'items',9,NULL,'2024-05-28 09:04:27',747,520,NULL,NULL),(35529,'stock',100000497,'items',3,NULL,'2024-05-28 09:04:27',907,201,NULL,NULL),(35530,'stock',100000591,'items',6,NULL,'2024-05-28 09:04:27',551,675,NULL,NULL),(35531,'stock',100000619,'items',23,NULL,'2024-05-28 09:04:27',817,231,NULL,NULL),(35532,'stock',100000334,'items',23,NULL,'2024-05-28 09:04:27',871,597,NULL,NULL),(35533,'stock',100000569,'items',9,NULL,'2024-05-28 09:04:27',388,436,NULL,NULL),(35534,'stock',100000453,'items',25,NULL,'2024-05-28 09:04:27',848,103,NULL,NULL),(35535,'stock',100000475,'items',9,NULL,'2024-05-28 09:04:27',858,83,NULL,NULL),(35536,'stock',100000268,'items',9,NULL,'2024-05-28 09:04:27',284,12,NULL,NULL),(35537,'stock',100000272,'items',5,NULL,'2024-05-28 09:04:27',282,974,NULL,NULL),(35538,'stock',100000576,'items',9,NULL,'2024-05-28 09:04:27',854,102,NULL,NULL),(35539,'stock',100000514,'items',25,NULL,'2024-05-28 09:04:27',313,83,NULL,NULL),(35540,'stock',100000741,'items',5,NULL,'2024-05-28 09:04:27',444,299,NULL,NULL),(35541,'stock',100000629,'items',5,NULL,'2024-05-28 09:04:27',447,443,NULL,NULL),(35542,'stock',100000617,'items',23,NULL,'2024-05-28 09:04:27',952,210,NULL,NULL),(35543,'stock',100000343,'items',7,NULL,'2024-05-28 09:04:27',778,982,NULL,NULL),(35544,'stock',100000454,'items',25,NULL,'2024-05-28 09:04:27',894,963,NULL,NULL),(35545,'stock',100000442,'items',3,NULL,'2024-05-28 09:04:27',551,762,NULL,NULL),(35546,'stock',100000546,'items',24,NULL,'2024-05-28 09:04:27',328,22,NULL,NULL),(35547,'stock',100000619,'items',9,NULL,'2024-05-28 09:04:27',231,915,NULL,NULL),(35548,'stock',100000449,'items',23,NULL,'2024-05-28 09:04:27',150,704,NULL,NULL),(35549,'stock',100000379,'items',5,NULL,'2024-05-28 09:04:27',633,52,NULL,NULL),(35550,'stock',100000522,'items',23,NULL,'2024-05-28 09:04:27',27,591,NULL,NULL),(35551,'stock',100000292,'items',7,NULL,'2024-05-28 09:04:27',631,418,NULL,NULL),(35552,'stock',100000719,'items',7,NULL,'2024-05-28 09:04:27',665,823,NULL,NULL),(35553,'stock',100000743,'items',2,NULL,'2024-05-28 09:04:27',538,440,NULL,NULL),(35554,'stock',100000637,'items',24,NULL,'2024-05-28 09:04:27',99,255,NULL,NULL),(35555,'stock',100000370,'items',6,NULL,'2024-05-28 09:04:27',146,863,NULL,NULL),(35556,'stock',100000664,'items',3,NULL,'2024-05-28 09:04:27',481,841,NULL,NULL),(35557,'stock',100000650,'items',6,NULL,'2024-05-28 09:04:27',301,811,NULL,NULL),(35558,'stock',100000448,'items',23,NULL,'2024-05-28 09:04:27',523,17,NULL,NULL),(35559,'stock',100000735,'items',3,NULL,'2024-05-28 09:04:27',637,633,NULL,NULL),(35560,'stock',100000592,'items',6,NULL,'2024-05-28 09:04:27',983,909,NULL,NULL),(35561,'stock',100000416,'comments changed from \"Blue agreement.\" to \"Opportunity.\";',6,NULL,'2024-05-28 09:04:27',NULL,NULL,NULL,NULL),(35562,'stock',100000741,'comments changed from \"Body dinner energy.\" to \"Plant audience.\";',3,NULL,'2024-05-28 09:04:27',NULL,NULL,NULL,NULL),(35563,'stock',100000279,'comments changed from \"\" to \"Economic.\";',24,NULL,'2024-05-28 09:04:27',NULL,NULL,NULL,NULL),(35564,'stock',100000426,'comments changed from \"Culture learn.\" to \"North.\";',9,NULL,'2024-05-28 09:04:27',NULL,NULL,NULL,NULL),(35565,'stock',100000257,'comments changed from \"Fund central building parent.\" to \"Window.\";',25,NULL,'2024-05-28 09:04:27',NULL,NULL,NULL,NULL),(35566,'stock',100000724,'comments changed from \"\" to \"Thus young.\";',23,NULL,'2024-05-28 09:04:27',NULL,NULL,NULL,NULL),(35567,'stock',100000282,'comments changed from \"Agreement moment.\" to \"Value responsibility.\";',4,NULL,'2024-05-28 09:04:27',NULL,NULL,NULL,NULL),(35568,'stock',100000312,'comments changed from \"\" to \"Change.\";',25,NULL,'2024-05-28 09:04:27',NULL,NULL,NULL,NULL),(35569,'stock',100000638,'comments changed from \"\" to \"Themselves officer.\";',23,NULL,'2024-05-28 09:04:27',NULL,NULL,NULL,NULL),(35570,'stock',100000739,'comments changed from \"\" to \"Six.\";',6,NULL,'2024-05-28 09:04:28',NULL,NULL,NULL,NULL),(35571,'stock',100000676,'comments changed from \"\" to \"Could set.\";',2,NULL,'2024-05-28 09:04:28',NULL,NULL,NULL,NULL),(35572,'stock',100000586,'comments changed from \"Notice way hard.\" to \"Hot.\";',9,NULL,'2024-05-28 09:04:28',NULL,NULL,NULL,NULL),(35573,'stock',100000495,'comments changed from \"\" to \"Green seven.\";',2,NULL,'2024-05-28 09:04:28',NULL,NULL,NULL,NULL),(35574,'stock',100000537,'comments changed from \"\" to \"Result.\";',6,NULL,'2024-05-28 09:04:28',NULL,NULL,NULL,NULL),(35575,'stock',100000598,'comments changed from \"\" to \"Though.\";',25,NULL,'2024-05-28 09:04:28',NULL,NULL,NULL,NULL),(35576,'stock',100000367,'comments changed from \"Tell test effect.\" to \"Conference beyond.\";',9,NULL,'2024-05-28 09:04:28',NULL,NULL,NULL,NULL),(35577,'stock',100000542,'comments changed from \"Many.\" to \"And.\";',4,NULL,'2024-05-28 09:04:28',NULL,NULL,NULL,NULL),(35578,'stock',100000249,'comments changed from \"\" to \"Recently range.\";',5,NULL,'2024-05-28 09:04:28',NULL,NULL,NULL,NULL),(35579,'stock',100000328,'comments changed from \"Activity suggest.\" to \"Human.\";',4,NULL,'2024-05-28 09:04:28',NULL,NULL,NULL,NULL),(35580,'stock',100000693,'comments changed from \"\" to \"Receive significant.\";',3,NULL,'2024-05-28 09:04:28',NULL,NULL,NULL,NULL),(35581,'stock',100000636,'comments changed from \"Simply man sell.\" to \"Resource.\";',2,NULL,'2024-05-28 09:04:28',NULL,NULL,NULL,NULL),(35582,'stock',100000652,'comments changed from \"\" to \"Magazine.\";',2,NULL,'2024-05-28 09:04:28',NULL,NULL,NULL,NULL),(35583,'stock',100000342,'comments changed from \"\" to \"Glass.\";',24,NULL,'2024-05-28 09:04:28',NULL,NULL,NULL,NULL),(35584,'stock',100000425,'comments changed from \"\" to \"Important will.\";',6,NULL,'2024-05-28 09:04:28',NULL,NULL,NULL,NULL),(35585,'stock',100000316,'comments changed from \"Paper assume.\" to \"Despite.\";',4,NULL,'2024-05-28 09:04:28',NULL,NULL,NULL,NULL),(35586,'stock',100000608,'comments changed from \"\" to \"Inside stop.\";',5,NULL,'2024-05-28 09:04:28',NULL,NULL,NULL,NULL),(35587,'stock',100000253,'comments changed from \"\" to \"Yet.\";',24,NULL,'2024-05-28 09:04:28',NULL,NULL,NULL,NULL),(35588,'stock',100000698,'comments changed from \"A.\" to \"Sell until.\";',2,NULL,'2024-05-28 09:04:28',NULL,NULL,NULL,NULL),(35589,'stock',100000579,'comments changed from \"\" to \"Particular.\";',6,NULL,'2024-05-28 09:04:28',NULL,NULL,NULL,NULL),(35590,'stock',100000666,'comments changed from \"\" to \"Enter we.\";',8,NULL,'2024-05-28 09:04:28',NULL,NULL,NULL,NULL),(35591,'stock',100000344,'comments changed from \"\" to \"Difficult.\";',4,NULL,'2024-05-28 09:04:28',NULL,NULL,NULL,NULL),(35592,'stock',100000319,'comments changed from \"\" to \"Figure really.\";',24,NULL,'2024-05-28 09:04:28',NULL,NULL,NULL,NULL),(35593,'stock',100000373,'comments changed from \"\" to \"Word production.\";',23,NULL,'2024-05-28 09:04:28',NULL,NULL,NULL,NULL),(35594,'stock',100000725,'comments changed from \"\" to \"Face.\";',6,NULL,'2024-05-28 09:04:28',NULL,NULL,NULL,NULL),(35595,'stock',100000726,'comments changed from \"\" to \"Staff stuff.\";',9,NULL,'2024-05-28 09:04:28',NULL,NULL,NULL,NULL),(35596,'stock',100000716,'comments changed from \"\" to \"See.\";',5,NULL,'2024-05-28 09:04:28',NULL,NULL,NULL,NULL),(35597,'stock',100000258,'comments changed from \"\" to \"Arm.\";',5,NULL,'2024-05-28 09:04:28',NULL,NULL,NULL,NULL),(35598,'stock',100000561,'comments changed from \"\" to \"Husband.\";',7,NULL,'2024-05-28 09:04:28',NULL,NULL,NULL,NULL),(35599,'stock',100000334,'comments changed from \"\" to \"Modern.\";',25,NULL,'2024-05-28 09:04:28',NULL,NULL,NULL,NULL),(35600,'stock',100000691,'comments changed from \"Sound foreign.\" to \"Fall.\";',5,NULL,'2024-05-28 09:04:28',NULL,NULL,NULL,NULL),(35601,'stock',100000632,'comments changed from \"\" to \"I.\";',4,NULL,'2024-05-28 09:04:28',NULL,NULL,NULL,NULL),(35602,'stock',100000689,'comments changed from \"\" to \"Him.\";',23,NULL,'2024-05-28 09:04:28',NULL,NULL,NULL,NULL),(35603,'stock',100000309,'comments changed from \"\" to \"Reduce.\";',9,NULL,'2024-05-28 09:04:28',NULL,NULL,NULL,NULL),(35604,'stock',100000532,'comments changed from \"\" to \"Agency million.\";',2,NULL,'2024-05-28 09:04:28',NULL,NULL,NULL,NULL),(35605,'stock',100000451,'comments changed from \"\" to \"Sound clearly.\";',25,NULL,'2024-05-28 09:04:28',NULL,NULL,NULL,NULL),(35606,'stock',100000563,'comments changed from \"\" to \"Easy.\";',5,NULL,'2024-05-28 09:04:28',NULL,NULL,NULL,NULL),(35607,'stock',100000380,'comments changed from \"\" to \"Once.\";',8,NULL,'2024-05-28 09:04:28',NULL,NULL,NULL,NULL),(35608,'stock',100000682,'comments changed from \"\" to \"Dark from.\";',7,NULL,'2024-05-28 09:04:28',NULL,NULL,NULL,NULL),(35609,'stock',100000264,'comments changed from \"\" to \"Century prepare.\";',8,NULL,'2024-05-28 09:04:28',NULL,NULL,NULL,NULL),(35610,'stock',100000529,'comments changed from \"\" to \"Hundred.\";',24,NULL,'2024-05-28 09:04:28',NULL,NULL,NULL,NULL),(35611,'stock',100000747,'Record created',33,NULL,'2024-05-28 09:04:28',NULL,NULL,NULL,NULL),(35612,'stock',100000748,'Record created',16,NULL,'2024-05-28 09:04:28',NULL,NULL,NULL,NULL),(35613,'stock',100000749,'Record created',33,NULL,'2024-05-28 09:04:28',NULL,NULL,NULL,NULL),(35614,'stock',100000750,'Record created',11,NULL,'2024-05-28 09:04:28',NULL,NULL,NULL,NULL),(35615,'stock',100000751,'Record created',10,NULL,'2024-05-28 09:04:28',NULL,NULL,NULL,NULL),(35616,'stock',100000752,'Record created',15,NULL,'2024-05-28 09:04:28',NULL,NULL,NULL,NULL),(35617,'stock',100000753,'Record created',15,NULL,'2024-05-28 09:04:28',NULL,NULL,NULL,NULL),(35618,'stock',100000754,'Record created',33,NULL,'2024-05-28 09:04:28',NULL,NULL,NULL,NULL),(35619,'stock',100000755,'Record created',15,NULL,'2024-05-28 09:04:28',NULL,NULL,NULL,NULL),(35620,'stock',100000756,'Record created',17,NULL,'2024-05-28 09:04:28',NULL,NULL,NULL,NULL),(35621,'stock',100000757,'Record created',16,NULL,'2024-05-28 09:04:28',NULL,NULL,NULL,NULL),(35622,'stock',100000758,'Record created',10,NULL,'2024-05-28 09:04:28',NULL,NULL,NULL,NULL),(35623,'stock',100000759,'Record created',17,NULL,'2024-05-28 09:04:29',NULL,NULL,NULL,NULL),(35624,'stock',100000760,'Record created',16,NULL,'2024-05-28 09:04:29',NULL,NULL,NULL,NULL),(35625,'stock',100000761,'Record created',31,NULL,'2024-05-28 09:04:29',NULL,NULL,NULL,NULL),(35626,'stock',100000762,'Record created',18,NULL,'2024-05-28 09:04:29',NULL,NULL,NULL,NULL),(35627,'stock',100000763,'Record created',15,NULL,'2024-05-28 09:04:29',NULL,NULL,NULL,NULL),(35628,'stock',100000764,'Record created',33,NULL,'2024-05-28 09:04:29',NULL,NULL,NULL,NULL),(35629,'stock',100000765,'Record created',17,NULL,'2024-05-28 09:04:29',NULL,NULL,NULL,NULL),(35630,'stock',100000766,'Record created',31,NULL,'2024-05-28 09:04:29',NULL,NULL,NULL,NULL),(35631,'stock',100000767,'Record created',33,NULL,'2024-05-28 09:04:29',NULL,NULL,NULL,NULL),(35632,'stock',100000768,'Record created',18,NULL,'2024-05-28 09:04:29',NULL,NULL,NULL,NULL),(35633,'stock',100000769,'Record created',17,NULL,'2024-05-28 09:04:29',NULL,NULL,NULL,NULL),(35634,'stock',100000770,'Record created',16,NULL,'2024-05-28 09:04:29',NULL,NULL,NULL,NULL),(35635,'stock',100000771,'Record created',33,NULL,'2024-05-28 09:04:29',NULL,NULL,NULL,NULL),(35636,'stock',100000772,'Record created',16,NULL,'2024-05-28 09:04:29',NULL,NULL,NULL,NULL),(35637,'stock',100000773,'Record created',10,NULL,'2024-05-28 09:04:29',NULL,NULL,NULL,NULL),(35638,'stock',100000774,'Record created',31,NULL,'2024-05-28 09:04:29',NULL,NULL,NULL,NULL),(35639,'stock',100000775,'Record created',18,NULL,'2024-05-28 09:04:29',NULL,NULL,NULL,NULL),(35640,'stock',100000776,'Record created',10,NULL,'2024-05-28 09:04:29',NULL,NULL,NULL,NULL),(35641,'stock',100000777,'Record created',11,NULL,'2024-05-28 09:04:29',NULL,NULL,NULL,NULL),(35642,'stock',100000778,'Record created',15,NULL,'2024-05-28 09:04:29',NULL,NULL,NULL,NULL),(35643,'stock',100000779,'Record created',31,NULL,'2024-05-28 09:04:29',NULL,NULL,NULL,NULL),(35644,'stock',100000780,'Record created',31,NULL,'2024-05-28 09:04:29',NULL,NULL,NULL,NULL),(35645,'stock',100000781,'Record created',11,NULL,'2024-05-28 09:04:29',NULL,NULL,NULL,NULL),(35646,'stock',100000782,'Record created',31,NULL,'2024-05-28 09:04:29',NULL,NULL,NULL,NULL),(35647,'stock',100000783,'Record created',10,NULL,'2024-05-28 09:04:29',NULL,NULL,NULL,NULL),(35648,'stock',100000784,'Record created',10,NULL,'2024-05-28 09:04:29',NULL,NULL,NULL,NULL),(35649,'stock',100000785,'Record created',16,NULL,'2024-05-28 09:04:29',NULL,NULL,NULL,NULL),(35650,'stock',100000786,'Record created',18,NULL,'2024-05-28 09:04:29',NULL,NULL,NULL,NULL),(35651,'stock',100000787,'Record created',15,NULL,'2024-05-28 09:04:29',NULL,NULL,NULL,NULL),(35652,'stock',100000788,'Record created',18,NULL,'2024-05-28 09:04:29',NULL,NULL,NULL,NULL),(35653,'stock',100000789,'Record created',33,NULL,'2024-05-28 09:04:29',NULL,NULL,NULL,NULL),(35654,'stock',100000790,'Record created',18,NULL,'2024-05-28 09:04:29',NULL,NULL,NULL,NULL),(35655,'stock',100000791,'Record created',33,NULL,'2024-05-28 09:04:29',NULL,NULL,NULL,NULL),(35656,'stock',100000792,'Record created',31,NULL,'2024-05-28 09:04:29',NULL,NULL,NULL,NULL),(35657,'stock',100000793,'Record created',16,NULL,'2024-05-28 09:04:29',NULL,NULL,NULL,NULL),(35658,'stock',100000794,'Record created',10,NULL,'2024-05-28 09:04:29',NULL,NULL,NULL,NULL),(35659,'stock',100000795,'Record created',11,NULL,'2024-05-28 09:04:29',NULL,NULL,NULL,NULL),(35660,'stock',100000796,'Record created',33,NULL,'2024-05-28 09:04:29',NULL,NULL,NULL,NULL),(35661,'stock',100000797,'Record created',18,NULL,'2024-05-28 09:04:29',NULL,NULL,NULL,NULL),(35662,'stock',100000798,'Record created',33,NULL,'2024-05-28 09:04:29',NULL,NULL,NULL,NULL),(35663,'stock',100000799,'Record created',15,NULL,'2024-05-28 09:04:29',NULL,NULL,NULL,NULL),(35664,'stock',100000800,'Record created',16,NULL,'2024-05-28 09:04:29',NULL,NULL,NULL,NULL),(35665,'stock',100000801,'Record created',11,NULL,'2024-05-28 09:04:29',NULL,NULL,NULL,NULL),(35666,'stock',100000802,'Record created',10,NULL,'2024-05-28 09:04:29',NULL,NULL,NULL,NULL),(35667,'stock',100000803,'Record created',11,NULL,'2024-05-28 09:04:29',NULL,NULL,NULL,NULL),(35668,'stock',100000804,'Record created',31,NULL,'2024-05-28 09:04:29',NULL,NULL,NULL,NULL),(35669,'stock',100000805,'Record created',10,NULL,'2024-05-28 09:04:30',NULL,NULL,NULL,NULL),(35670,'stock',100000806,'Record created',18,NULL,'2024-05-28 09:04:30',NULL,NULL,NULL,NULL),(35671,'stock',100000807,'Record created',18,NULL,'2024-05-28 09:04:30',NULL,NULL,NULL,NULL),(35672,'stock',100000808,'Record created',18,NULL,'2024-05-28 09:04:30',NULL,NULL,NULL,NULL),(35673,'stock',100000809,'Record created',33,NULL,'2024-05-28 09:04:30',NULL,NULL,NULL,NULL),(35674,'stock',100000810,'Record created',15,NULL,'2024-05-28 09:04:30',NULL,NULL,NULL,NULL),(35675,'stock',100000811,'Record created',17,NULL,'2024-05-28 09:04:30',NULL,NULL,NULL,NULL),(35676,'stock',100000812,'Record created',16,NULL,'2024-05-28 09:04:30',NULL,NULL,NULL,NULL),(35677,'stock',100000813,'Record created',16,NULL,'2024-05-28 09:04:30',NULL,NULL,NULL,NULL),(35678,'stock',100000814,'Record created',15,NULL,'2024-05-28 09:04:30',NULL,NULL,NULL,NULL),(35679,'stock',100000815,'Record created',11,NULL,'2024-05-28 09:04:30',NULL,NULL,NULL,NULL),(35680,'stock',100000816,'Record created',18,NULL,'2024-05-28 09:04:30',NULL,NULL,NULL,NULL),(35681,'stock',100000817,'Record created',11,NULL,'2024-05-28 09:04:30',NULL,NULL,NULL,NULL),(35682,'stock',100000818,'Record created',10,NULL,'2024-05-28 09:04:30',NULL,NULL,NULL,NULL),(35683,'stock',100000819,'Record created',15,NULL,'2024-05-28 09:04:30',NULL,NULL,NULL,NULL),(35684,'stock',100000820,'Record created',10,NULL,'2024-05-28 09:04:30',NULL,NULL,NULL,NULL),(35685,'stock',100000821,'Record created',11,NULL,'2024-05-28 09:04:30',NULL,NULL,NULL,NULL),(35686,'stock',100000822,'Record created',15,NULL,'2024-05-28 09:04:30',NULL,NULL,NULL,NULL),(35687,'stock',100000823,'Record created',33,NULL,'2024-05-28 09:04:30',NULL,NULL,NULL,NULL),(35688,'stock',100000824,'Record created',11,NULL,'2024-05-28 09:04:30',NULL,NULL,NULL,NULL),(35689,'stock',100000825,'Record created',33,NULL,'2024-05-28 09:04:30',NULL,NULL,NULL,NULL),(35690,'stock',100000826,'Record created',16,NULL,'2024-05-28 09:04:30',NULL,NULL,NULL,NULL),(35691,'stock',100000827,'Record created',16,NULL,'2024-05-28 09:04:30',NULL,NULL,NULL,NULL),(35692,'stock',100000828,'Record created',18,NULL,'2024-05-28 09:04:30',NULL,NULL,NULL,NULL),(35693,'stock',100000829,'Record created',33,NULL,'2024-05-28 09:04:30',NULL,NULL,NULL,NULL),(35694,'stock',100000830,'Record created',33,NULL,'2024-05-28 09:04:30',NULL,NULL,NULL,NULL),(35695,'stock',100000831,'Record created',31,NULL,'2024-05-28 09:04:30',NULL,NULL,NULL,NULL),(35696,'stock',100000832,'Record created',15,NULL,'2024-05-28 09:04:30',NULL,NULL,NULL,NULL),(35697,'stock',100000833,'Record created',18,NULL,'2024-05-28 09:04:30',NULL,NULL,NULL,NULL),(35698,'stock',100000834,'Record created',18,NULL,'2024-05-28 09:04:30',NULL,NULL,NULL,NULL),(35699,'stock',100000835,'Record created',11,NULL,'2024-05-28 09:04:30',NULL,NULL,NULL,NULL),(35700,'stock',100000836,'Record created',17,NULL,'2024-05-28 09:04:30',NULL,NULL,NULL,NULL),(35701,'stock',100000837,'Record created',18,NULL,'2024-05-28 09:04:30',NULL,NULL,NULL,NULL),(35702,'stock',100000838,'Record created',15,NULL,'2024-05-28 09:04:30',NULL,NULL,NULL,NULL),(35703,'stock',100000839,'Record created',18,NULL,'2024-05-28 09:04:30',NULL,NULL,NULL,NULL),(35704,'stock',100000840,'Record created',31,NULL,'2024-05-28 09:04:30',NULL,NULL,NULL,NULL),(35705,'stock',100000841,'Record created',18,NULL,'2024-05-28 09:04:30',NULL,NULL,NULL,NULL),(35706,'stock',100000842,'Record created',15,NULL,'2024-05-28 09:04:30',NULL,NULL,NULL,NULL),(35707,'stock',100000843,'Record created',10,NULL,'2024-05-28 09:04:30',NULL,NULL,NULL,NULL),(35708,'stock',100000844,'Record created',10,NULL,'2024-05-28 09:04:30',NULL,NULL,NULL,NULL),(35709,'stock',100000845,'Record created',33,NULL,'2024-05-28 09:04:30',NULL,NULL,NULL,NULL),(35710,'stock',100000846,'Record created',11,NULL,'2024-05-28 09:04:30',NULL,NULL,NULL,NULL),(35711,'stock',100000835,'location_id',31,NULL,'2024-05-28 09:04:30',100000044,100000045,NULL,NULL),(35712,'stock',100000835,'box_state_id',31,NULL,'2024-05-28 09:04:30',1,5,NULL,NULL),(35713,'stock',100000844,'location_id',15,NULL,'2024-05-28 09:04:30',100000044,100000046,NULL,NULL),(35714,'stock',100000844,'box_state_id',15,NULL,'2024-05-28 09:04:30',1,5,NULL,NULL),(35715,'stock',100000773,'location_id',18,NULL,'2024-05-28 09:04:30',100000043,100000046,NULL,NULL),(35716,'stock',100000773,'box_state_id',18,NULL,'2024-05-28 09:04:30',1,5,NULL,NULL),(35717,'stock',100000777,'location_id',15,NULL,'2024-05-28 09:04:30',100000042,100000046,NULL,NULL),(35718,'stock',100000777,'box_state_id',15,NULL,'2024-05-28 09:04:30',1,5,NULL,NULL),(35719,'stock',100000845,'location_id',33,NULL,'2024-05-28 09:04:30',100000044,100000045,NULL,NULL),(35720,'stock',100000845,'box_state_id',33,NULL,'2024-05-28 09:04:30',1,5,NULL,NULL),(35721,'stock',100000749,'location_id',10,NULL,'2024-05-28 09:04:30',100000042,100000045,NULL,NULL),(35722,'stock',100000749,'box_state_id',10,NULL,'2024-05-28 09:04:30',1,5,NULL,NULL),(35723,'stock',100000775,'location_id',17,NULL,'2024-05-28 09:04:30',100000044,100000045,NULL,NULL),(35724,'stock',100000775,'box_state_id',17,NULL,'2024-05-28 09:04:30',1,5,NULL,NULL),(35725,'stock',100000748,'location_id',11,NULL,'2024-05-28 09:04:30',100000042,100000046,NULL,NULL),(35726,'stock',100000748,'box_state_id',11,NULL,'2024-05-28 09:04:30',1,5,NULL,NULL),(35727,'stock',100000809,'location_id',17,NULL,'2024-05-28 09:04:31',100000043,100000046,NULL,NULL),(35728,'stock',100000809,'box_state_id',17,NULL,'2024-05-28 09:04:31',1,5,NULL,NULL),(35729,'stock',100000814,'location_id',17,NULL,'2024-05-28 09:04:31',100000043,100000045,NULL,NULL),(35730,'stock',100000814,'box_state_id',17,NULL,'2024-05-28 09:04:31',1,5,NULL,NULL),(35731,'stock',100000757,'location_id',18,NULL,'2024-05-28 09:04:31',100000044,100000045,NULL,NULL),(35732,'stock',100000757,'box_state_id',18,NULL,'2024-05-28 09:04:31',1,5,NULL,NULL),(35733,'stock',100000795,'location_id',18,NULL,'2024-05-28 09:04:31',100000043,100000046,NULL,NULL),(35734,'stock',100000795,'box_state_id',18,NULL,'2024-05-28 09:04:31',1,5,NULL,NULL),(35735,'stock',100000756,'location_id',18,NULL,'2024-05-28 09:04:31',100000042,100000045,NULL,NULL),(35736,'stock',100000756,'box_state_id',18,NULL,'2024-05-28 09:04:31',1,5,NULL,NULL),(35737,'stock',100000830,'location_id',18,NULL,'2024-05-28 09:04:31',100000043,100000045,NULL,NULL),(35738,'stock',100000830,'box_state_id',18,NULL,'2024-05-28 09:04:31',1,5,NULL,NULL),(35739,'stock',100000815,'location_id',10,NULL,'2024-05-28 09:04:31',100000043,100000045,NULL,NULL),(35740,'stock',100000815,'box_state_id',10,NULL,'2024-05-28 09:04:31',1,5,NULL,NULL),(35741,'stock',100000820,'location_id',33,NULL,'2024-05-28 09:04:31',100000044,100000046,NULL,NULL),(35742,'stock',100000820,'box_state_id',33,NULL,'2024-05-28 09:04:31',1,5,NULL,NULL),(35743,'stock',100000800,'location_id',10,NULL,'2024-05-28 09:04:31',100000044,100000046,NULL,NULL),(35744,'stock',100000800,'box_state_id',10,NULL,'2024-05-28 09:04:31',1,5,NULL,NULL),(35745,'stock',100000771,'location_id',16,NULL,'2024-05-28 09:04:31',100000044,100000046,NULL,NULL),(35746,'stock',100000771,'box_state_id',16,NULL,'2024-05-28 09:04:31',1,5,NULL,NULL),(35747,'stock',100000765,'location_id',16,NULL,'2024-05-28 09:04:31',100000042,100000045,NULL,NULL),(35748,'stock',100000765,'box_state_id',16,NULL,'2024-05-28 09:04:31',1,5,NULL,NULL),(35749,'stock',100000829,'location_id',31,NULL,'2024-05-28 09:04:31',100000044,100000045,NULL,NULL),(35750,'stock',100000829,'box_state_id',31,NULL,'2024-05-28 09:04:31',1,5,NULL,NULL),(35751,'stock',100000835,'location_id',17,NULL,'2024-05-28 09:04:31',100000045,100000046,NULL,NULL),(35752,'stock',100000823,'location_id',17,NULL,'2024-05-28 09:04:31',100000043,100000046,NULL,NULL),(35753,'stock',100000823,'box_state_id',17,NULL,'2024-05-28 09:04:31',1,5,NULL,NULL),(35754,'stock',100000816,'location_id',33,NULL,'2024-05-28 09:04:31',100000042,100000046,NULL,NULL),(35755,'stock',100000816,'box_state_id',33,NULL,'2024-05-28 09:04:31',1,5,NULL,NULL),(35756,'stock',100000827,'location_id',33,NULL,'2024-05-28 09:04:31',100000044,100000045,NULL,NULL),(35757,'stock',100000827,'box_state_id',33,NULL,'2024-05-28 09:04:31',1,5,NULL,NULL),(35758,'stock',100000796,'location_id',16,NULL,'2024-05-28 09:04:31',100000044,100000045,NULL,NULL),(35759,'stock',100000796,'box_state_id',16,NULL,'2024-05-28 09:04:31',1,5,NULL,NULL),(35760,'stock',100000804,'location_id',33,NULL,'2024-05-28 09:04:31',100000043,100000046,NULL,NULL),(35761,'stock',100000804,'box_state_id',33,NULL,'2024-05-28 09:04:31',1,5,NULL,NULL),(35762,'stock',100000798,'location_id',10,NULL,'2024-05-28 09:04:31',100000042,100000046,NULL,NULL),(35763,'stock',100000798,'box_state_id',10,NULL,'2024-05-28 09:04:31',1,5,NULL,NULL),(35764,'stock',100000778,'location_id',16,NULL,'2024-05-28 09:04:31',100000044,100000046,NULL,NULL),(35765,'stock',100000778,'box_state_id',16,NULL,'2024-05-28 09:04:31',1,5,NULL,NULL),(35766,'stock',100000828,'location_id',17,NULL,'2024-05-28 09:04:31',100000043,100000045,NULL,NULL),(35767,'stock',100000828,'box_state_id',17,NULL,'2024-05-28 09:04:31',1,5,NULL,NULL),(35768,'stock',100000842,'location_id',33,NULL,'2024-05-28 09:04:31',100000043,100000046,NULL,NULL),(35769,'stock',100000842,'box_state_id',33,NULL,'2024-05-28 09:04:31',1,5,NULL,NULL),(35770,'stock',100000763,'location_id',18,NULL,'2024-05-28 09:04:31',100000044,100000045,NULL,NULL),(35771,'stock',100000763,'box_state_id',18,NULL,'2024-05-28 09:04:31',1,5,NULL,NULL),(35772,'stock',100000762,'location_id',16,NULL,'2024-05-28 09:04:31',100000043,100000046,NULL,NULL),(35773,'stock',100000762,'box_state_id',16,NULL,'2024-05-28 09:04:31',1,5,NULL,NULL),(35774,'stock',100000760,'location_id',10,NULL,'2024-05-28 09:04:31',100000044,100000045,NULL,NULL),(35775,'stock',100000760,'box_state_id',10,NULL,'2024-05-28 09:04:31',1,5,NULL,NULL),(35776,'stock',100000782,'location_id',16,NULL,'2024-05-28 09:04:31',100000044,100000046,NULL,NULL),(35777,'stock',100000782,'box_state_id',16,NULL,'2024-05-28 09:04:31',1,5,NULL,NULL),(35778,'stock',100000839,'location_id',16,NULL,'2024-05-28 09:04:31',100000043,100000045,NULL,NULL),(35779,'stock',100000839,'box_state_id',16,NULL,'2024-05-28 09:04:31',1,5,NULL,NULL),(35780,'stock',100000814,'location_id',10,NULL,'2024-05-28 09:04:31',100000045,100000046,NULL,NULL),(35781,'stock',100000770,'location_id',11,NULL,'2024-05-28 09:04:31',100000042,100000045,NULL,NULL),(35782,'stock',100000770,'box_state_id',11,NULL,'2024-05-28 09:04:31',1,5,NULL,NULL),(35783,'stock',100000789,'location_id',18,NULL,'2024-05-28 09:04:31',100000043,100000045,NULL,NULL),(35784,'stock',100000789,'box_state_id',18,NULL,'2024-05-28 09:04:31',1,5,NULL,NULL),(35785,'stock',100000807,'location_id',31,NULL,'2024-05-28 09:04:31',100000043,100000046,NULL,NULL),(35786,'stock',100000807,'box_state_id',31,NULL,'2024-05-28 09:04:31',1,5,NULL,NULL),(35787,'stock',100000771,'location_id',33,NULL,'2024-05-28 09:04:31',100000046,100000045,NULL,NULL),(35788,'stock',100000769,'location_id',15,NULL,'2024-05-28 09:04:31',100000042,100000046,NULL,NULL),(35789,'stock',100000769,'box_state_id',15,NULL,'2024-05-28 09:04:31',1,5,NULL,NULL),(35790,'stock',100000831,'location_id',10,NULL,'2024-05-28 09:04:31',100000042,100000046,NULL,NULL),(35791,'stock',100000831,'box_state_id',10,NULL,'2024-05-28 09:04:31',1,5,NULL,NULL),(35792,'stock',100000793,'location_id',33,NULL,'2024-05-28 09:04:31',100000044,100000046,NULL,NULL),(35793,'stock',100000793,'box_state_id',33,NULL,'2024-05-28 09:04:31',1,5,NULL,NULL),(35794,'stock',100000838,'location_id',15,NULL,'2024-05-28 09:04:31',100000044,100000046,NULL,NULL),(35795,'stock',100000838,'box_state_id',15,NULL,'2024-05-28 09:04:31',1,5,NULL,NULL),(35796,'stock',100000747,'location_id',18,NULL,'2024-05-28 09:04:31',100000043,100000046,NULL,NULL),(35797,'stock',100000747,'box_state_id',18,NULL,'2024-05-28 09:04:31',1,5,NULL,NULL),(35798,'stock',100000826,'product_id',16,NULL,'2024-05-28 09:04:31',1258,1225,NULL,NULL),(35799,'stock',100000826,'size_id',16,NULL,'2024-05-28 09:04:31',68,4,NULL,NULL),(35800,'stock',100000778,'product_id',16,NULL,'2024-05-28 09:04:31',1244,1261,NULL,NULL),(35801,'stock',100000778,'size_id',16,NULL,'2024-05-28 09:04:31',68,138,NULL,NULL),(35802,'stock',100000804,'product_id',16,NULL,'2024-05-28 09:04:31',1260,1249,NULL,NULL),(35803,'stock',100000804,'size_id',16,NULL,'2024-05-28 09:04:31',68,117,NULL,NULL),(35804,'stock',100000788,'product_id',10,NULL,'2024-05-28 09:04:31',1233,1227,NULL,NULL),(35805,'stock',100000788,'size_id',10,NULL,'2024-05-28 09:04:31',2,5,NULL,NULL),(35806,'stock',100000811,'product_id',33,NULL,'2024-05-28 09:04:31',1221,1248,NULL,NULL),(35807,'stock',100000776,'product_id',33,NULL,'2024-05-28 09:04:31',1246,1264,NULL,NULL),(35808,'stock',100000776,'size_id',33,NULL,'2024-05-28 09:04:31',52,57,NULL,NULL),(35809,'stock',100000771,'product_id',17,NULL,'2024-05-28 09:04:31',1241,1260,NULL,NULL),(35810,'stock',100000771,'size_id',17,NULL,'2024-05-28 09:04:31',117,68,NULL,NULL),(35811,'stock',100000831,'size_id',11,NULL,'2024-05-28 09:04:31',3,1,NULL,NULL),(35812,'stock',100000776,'product_id',18,NULL,'2024-05-28 09:04:31',1264,1246,NULL,NULL),(35813,'stock',100000776,'size_id',18,NULL,'2024-05-28 09:04:31',57,52,NULL,NULL),(35814,'stock',100000786,'product_id',18,NULL,'2024-05-28 09:04:31',1247,1245,NULL,NULL),(35815,'stock',100000781,'product_id',17,NULL,'2024-05-28 09:04:31',1262,1227,NULL,NULL),(35816,'stock',100000781,'size_id',17,NULL,'2024-05-28 09:04:31',138,3,NULL,NULL),(35817,'stock',100000748,'product_id',10,NULL,'2024-05-28 09:04:31',1245,1225,NULL,NULL),(35818,'stock',100000748,'size_id',10,NULL,'2024-05-28 09:04:31',68,4,NULL,NULL),(35819,'stock',100000818,'product_id',18,NULL,'2024-05-28 09:04:31',1231,1222,NULL,NULL),(35820,'stock',100000818,'size_id',18,NULL,'2024-05-28 09:04:31',5,68,NULL,NULL),(35821,'stock',100000775,'product_id',16,NULL,'2024-05-28 09:04:31',1224,1220,NULL,NULL),(35822,'stock',100000749,'product_id',17,NULL,'2024-05-28 09:04:32',1219,1220,NULL,NULL),(35823,'stock',100000749,'size_id',17,NULL,'2024-05-28 09:04:32',68,52,NULL,NULL),(35824,'stock',100000791,'product_id',31,NULL,'2024-05-28 09:04:32',1263,1247,NULL,NULL),(35825,'stock',100000791,'size_id',31,NULL,'2024-05-28 09:04:32',138,52,NULL,NULL),(35826,'stock',100000783,'product_id',18,NULL,'2024-05-28 09:04:32',1236,1229,NULL,NULL),(35827,'stock',100000783,'size_id',18,NULL,'2024-05-28 09:04:32',2,71,NULL,NULL),(35828,'stock',100000784,'product_id',11,NULL,'2024-05-28 09:04:32',1252,1229,NULL,NULL),(35829,'stock',100000784,'size_id',11,NULL,'2024-05-28 09:04:32',68,4,NULL,NULL),(35830,'stock',100000793,'product_id',18,NULL,'2024-05-28 09:04:32',1229,1227,NULL,NULL),(35831,'stock',100000793,'size_id',18,NULL,'2024-05-28 09:04:32',1,3,NULL,NULL),(35832,'stock',100000748,'product_id',31,NULL,'2024-05-28 09:04:32',1225,1249,NULL,NULL),(35833,'stock',100000748,'size_id',31,NULL,'2024-05-28 09:04:32',4,68,NULL,NULL),(35834,'stock',100000802,'product_id',18,NULL,'2024-05-28 09:04:32',1246,1251,NULL,NULL),(35835,'stock',100000802,'size_id',18,NULL,'2024-05-28 09:04:32',52,68,NULL,NULL),(35836,'stock',100000820,'product_id',11,NULL,'2024-05-28 09:04:32',1265,1246,NULL,NULL),(35837,'stock',100000820,'size_id',11,NULL,'2024-05-28 09:04:32',34,52,NULL,NULL),(35838,'stock',100000830,'product_id',18,NULL,'2024-05-28 09:04:32',1262,1255,NULL,NULL),(35839,'stock',100000830,'size_id',18,NULL,'2024-05-28 09:04:32',109,68,NULL,NULL),(35840,'stock',100000826,'product_id',11,NULL,'2024-05-28 09:04:32',1225,1257,NULL,NULL),(35841,'stock',100000826,'size_id',11,NULL,'2024-05-28 09:04:32',4,68,NULL,NULL),(35842,'stock',100000775,'product_id',17,NULL,'2024-05-28 09:04:32',1220,1253,NULL,NULL),(35843,'stock',100000821,'product_id',33,NULL,'2024-05-28 09:04:32',1236,1242,NULL,NULL),(35844,'stock',100000821,'size_id',33,NULL,'2024-05-28 09:04:32',2,68,NULL,NULL),(35845,'stock',100000816,'product_id',18,NULL,'2024-05-28 09:04:32',1248,1245,NULL,NULL),(35846,'stock',100000816,'size_id',18,NULL,'2024-05-28 09:04:32',52,68,NULL,NULL),(35847,'stock',100000808,'product_id',17,NULL,'2024-05-28 09:04:32',1234,1221,NULL,NULL),(35848,'stock',100000808,'size_id',17,NULL,'2024-05-28 09:04:32',3,68,NULL,NULL),(35849,'stock',100000798,'product_id',33,NULL,'2024-05-28 09:04:32',1265,1256,NULL,NULL),(35850,'stock',100000798,'size_id',33,NULL,'2024-05-28 09:04:32',26,68,NULL,NULL),(35851,'stock',100000832,'product_id',15,NULL,'2024-05-28 09:04:32',1236,1228,NULL,NULL),(35852,'stock',100000832,'size_id',15,NULL,'2024-05-28 09:04:32',3,71,NULL,NULL),(35853,'stock',100000812,'product_id',17,NULL,'2024-05-28 09:04:32',1255,1246,NULL,NULL),(35854,'stock',100000812,'size_id',17,NULL,'2024-05-28 09:04:32',68,52,NULL,NULL),(35855,'stock',100000836,'product_id',31,NULL,'2024-05-28 09:04:32',1236,1220,NULL,NULL),(35856,'stock',100000836,'size_id',31,NULL,'2024-05-28 09:04:32',2,52,NULL,NULL),(35857,'stock',100000760,'product_id',11,NULL,'2024-05-28 09:04:32',1260,1237,NULL,NULL),(35858,'stock',100000774,'product_id',18,NULL,'2024-05-28 09:04:32',1247,1244,NULL,NULL),(35859,'stock',100000774,'size_id',18,NULL,'2024-05-28 09:04:32',52,68,NULL,NULL),(35860,'stock',100000809,'product_id',31,NULL,'2024-05-28 09:04:32',1246,1219,NULL,NULL),(35861,'stock',100000809,'size_id',31,NULL,'2024-05-28 09:04:32',52,68,NULL,NULL),(35862,'stock',100000757,'product_id',33,NULL,'2024-05-28 09:04:32',1243,1227,NULL,NULL),(35863,'stock',100000757,'size_id',33,NULL,'2024-05-28 09:04:32',68,2,NULL,NULL),(35864,'stock',100000759,'product_id',15,NULL,'2024-05-28 09:04:32',1230,1266,NULL,NULL),(35865,'stock',100000759,'size_id',15,NULL,'2024-05-28 09:04:32',3,30,NULL,NULL),(35866,'stock',100000837,'product_id',10,NULL,'2024-05-28 09:04:32',1261,1218,NULL,NULL),(35867,'stock',100000837,'size_id',10,NULL,'2024-05-28 09:04:32',138,52,NULL,NULL),(35868,'stock',100000776,'product_id',10,NULL,'2024-05-28 09:04:32',1246,1231,NULL,NULL),(35869,'stock',100000776,'size_id',10,NULL,'2024-05-28 09:04:32',52,3,NULL,NULL),(35870,'stock',100000804,'product_id',15,NULL,'2024-05-28 09:04:32',1249,1263,NULL,NULL),(35871,'stock',100000804,'size_id',15,NULL,'2024-05-28 09:04:32',117,139,NULL,NULL),(35872,'stock',100000777,'product_id',17,NULL,'2024-05-28 09:04:32',1228,1227,NULL,NULL),(35873,'stock',100000777,'size_id',17,NULL,'2024-05-28 09:04:32',3,1,NULL,NULL),(35874,'stock',100000844,'product_id',16,NULL,'2024-05-28 09:04:32',1224,1259,NULL,NULL),(35875,'stock',100000844,'size_id',16,NULL,'2024-05-28 09:04:32',52,68,NULL,NULL),(35876,'stock',100000770,'product_id',15,NULL,'2024-05-28 09:04:32',1246,1229,NULL,NULL),(35877,'stock',100000770,'size_id',15,NULL,'2024-05-28 09:04:32',52,1,NULL,NULL),(35878,'stock',100000752,'product_id',33,NULL,'2024-05-28 09:04:32',1246,1221,NULL,NULL),(35879,'stock',100000749,'product_id',31,NULL,'2024-05-28 09:04:32',1220,1253,NULL,NULL),(35880,'stock',100000749,'size_id',31,NULL,'2024-05-28 09:04:32',52,68,NULL,NULL),(35881,'stock',100000772,'product_id',15,NULL,'2024-05-28 09:04:32',1242,1249,NULL,NULL),(35882,'stock',100000772,'size_id',15,NULL,'2024-05-28 09:04:32',116,68,NULL,NULL),(35883,'stock',100000754,'product_id',10,NULL,'2024-05-28 09:04:32',1219,1264,NULL,NULL),(35884,'stock',100000754,'size_id',10,NULL,'2024-05-28 09:04:32',52,65,NULL,NULL),(35885,'stock',100000806,'product_id',15,NULL,'2024-05-28 09:04:32',1252,1219,NULL,NULL),(35886,'stock',100000806,'size_id',15,NULL,'2024-05-28 09:04:32',68,52,NULL,NULL),(35887,'stock',100000840,'product_id',31,NULL,'2024-05-28 09:04:32',1237,1266,NULL,NULL),(35888,'stock',100000840,'size_id',31,NULL,'2024-05-28 09:04:32',68,18,NULL,NULL),(35889,'stock',100000831,'product_id',16,NULL,'2024-05-28 09:04:32',1234,1243,NULL,NULL),(35890,'stock',100000831,'size_id',16,NULL,'2024-05-28 09:04:32',1,68,NULL,NULL),(35891,'stock',100000773,'items',11,NULL,'2024-05-28 09:04:32',25,519,NULL,NULL),(35892,'stock',100000842,'items',18,NULL,'2024-05-28 09:04:32',868,817,NULL,NULL),(35893,'stock',100000808,'items',17,NULL,'2024-05-28 09:04:32',94,131,NULL,NULL),(35894,'stock',100000839,'items',11,NULL,'2024-05-28 09:04:32',685,239,NULL,NULL),(35895,'stock',100000760,'items',17,NULL,'2024-05-28 09:04:32',540,344,NULL,NULL),(35896,'stock',100000814,'items',18,NULL,'2024-05-28 09:04:32',335,365,NULL,NULL),(35897,'stock',100000775,'items',10,NULL,'2024-05-28 09:04:32',469,838,NULL,NULL),(35898,'stock',100000760,'items',11,NULL,'2024-05-28 09:04:32',344,173,NULL,NULL),(35899,'stock',100000832,'items',18,NULL,'2024-05-28 09:04:32',638,825,NULL,NULL),(35900,'stock',100000771,'items',11,NULL,'2024-05-28 09:04:32',246,853,NULL,NULL),(35901,'stock',100000777,'items',11,NULL,'2024-05-28 09:04:32',769,579,NULL,NULL),(35902,'stock',100000829,'items',31,NULL,'2024-05-28 09:04:32',778,944,NULL,NULL),(35903,'stock',100000752,'items',31,NULL,'2024-05-28 09:04:32',140,893,NULL,NULL),(35904,'stock',100000771,'items',16,NULL,'2024-05-28 09:04:32',853,250,NULL,NULL),(35905,'stock',100000820,'items',11,NULL,'2024-05-28 09:04:32',478,417,NULL,NULL),(35906,'stock',100000780,'items',11,NULL,'2024-05-28 09:04:32',266,270,NULL,NULL),(35907,'stock',100000836,'items',11,NULL,'2024-05-28 09:04:32',255,229,NULL,NULL),(35908,'stock',100000842,'items',18,NULL,'2024-05-28 09:04:32',817,82,NULL,NULL),(35909,'stock',100000813,'items',18,NULL,'2024-05-28 09:04:32',36,223,NULL,NULL),(35910,'stock',100000818,'items',17,NULL,'2024-05-28 09:04:32',869,676,NULL,NULL),(35911,'stock',100000823,'items',31,NULL,'2024-05-28 09:04:32',330,911,NULL,NULL),(35912,'stock',100000767,'items',15,NULL,'2024-05-28 09:04:32',696,634,NULL,NULL),(35913,'stock',100000845,'items',33,NULL,'2024-05-28 09:04:32',130,354,NULL,NULL),(35914,'stock',100000837,'items',11,NULL,'2024-05-28 09:04:32',727,254,NULL,NULL),(35915,'stock',100000756,'items',18,NULL,'2024-05-28 09:04:32',685,998,NULL,NULL),(35916,'stock',100000817,'items',16,NULL,'2024-05-28 09:04:32',878,472,NULL,NULL),(35917,'stock',100000757,'items',15,NULL,'2024-05-28 09:04:32',286,346,NULL,NULL),(35918,'stock',100000804,'items',31,NULL,'2024-05-28 09:04:32',158,99,NULL,NULL),(35919,'stock',100000773,'items',31,NULL,'2024-05-28 09:04:32',519,383,NULL,NULL),(35920,'stock',100000768,'items',33,NULL,'2024-05-28 09:04:32',803,960,NULL,NULL),(35921,'stock',100000803,'items',16,NULL,'2024-05-28 09:04:33',160,168,NULL,NULL),(35922,'stock',100000785,'items',16,NULL,'2024-05-28 09:04:33',875,89,NULL,NULL),(35923,'stock',100000773,'items',18,NULL,'2024-05-28 09:04:33',383,18,NULL,NULL),(35924,'stock',100000805,'items',17,NULL,'2024-05-28 09:04:33',611,667,NULL,NULL),(35925,'stock',100000783,'items',18,NULL,'2024-05-28 09:04:33',784,809,NULL,NULL),(35926,'stock',100000787,'items',17,NULL,'2024-05-28 09:04:33',973,698,NULL,NULL),(35927,'stock',100000826,'items',18,NULL,'2024-05-28 09:04:33',144,692,NULL,NULL),(35928,'stock',100000802,'items',10,NULL,'2024-05-28 09:04:33',9,413,NULL,NULL),(35929,'stock',100000773,'items',15,NULL,'2024-05-28 09:04:33',18,990,NULL,NULL),(35930,'stock',100000822,'items',11,NULL,'2024-05-28 09:04:33',102,729,NULL,NULL),(35931,'stock',100000803,'items',18,NULL,'2024-05-28 09:04:33',168,843,NULL,NULL),(35932,'stock',100000756,'items',33,NULL,'2024-05-28 09:04:33',998,888,NULL,NULL),(35933,'stock',100000819,'items',31,NULL,'2024-05-28 09:04:33',81,89,NULL,NULL),(35934,'stock',100000783,'items',10,NULL,'2024-05-28 09:04:33',809,378,NULL,NULL),(35935,'stock',100000813,'items',11,NULL,'2024-05-28 09:04:33',223,910,NULL,NULL),(35936,'stock',100000798,'items',11,NULL,'2024-05-28 09:04:33',81,838,NULL,NULL),(35937,'stock',100000789,'items',17,NULL,'2024-05-28 09:04:33',132,455,NULL,NULL),(35938,'stock',100000804,'items',16,NULL,'2024-05-28 09:04:33',99,493,NULL,NULL),(35939,'stock',100000760,'items',10,NULL,'2024-05-28 09:04:33',173,271,NULL,NULL),(35940,'stock',100000763,'items',31,NULL,'2024-05-28 09:04:33',144,670,NULL,NULL),(35941,'stock',100000765,'comments changed from \"\" to \"Agent.\";',15,NULL,'2024-05-28 09:04:33',NULL,NULL,NULL,NULL),(35942,'stock',100000827,'comments changed from \"\" to \"Particularly.\";',33,NULL,'2024-05-28 09:04:33',NULL,NULL,NULL,NULL),(35943,'stock',100000778,'comments changed from \"\" to \"To news.\";',31,NULL,'2024-05-28 09:04:33',NULL,NULL,NULL,NULL),(35944,'stock',100000823,'comments changed from \"\" to \"Business red.\";',11,NULL,'2024-05-28 09:04:33',NULL,NULL,NULL,NULL),(35945,'stock',100000779,'comments changed from \"What direction floor.\" to \"Leg tonight.\";',15,NULL,'2024-05-28 09:04:33',NULL,NULL,NULL,NULL),(35946,'stock',100000760,'comments changed from \"\" to \"Sort.\";',17,NULL,'2024-05-28 09:04:33',NULL,NULL,NULL,NULL),(35947,'stock',100000763,'comments changed from \"\" to \"Direction agree.\";',18,NULL,'2024-05-28 09:04:33',NULL,NULL,NULL,NULL),(35948,'stock',100000775,'comments changed from \"Enter stay on.\" to \"With form.\";',18,NULL,'2024-05-28 09:04:33',NULL,NULL,NULL,NULL),(35949,'stock',100000761,'comments changed from \"\" to \"Catch within.\";',11,NULL,'2024-05-28 09:04:33',NULL,NULL,NULL,NULL),(35950,'stock',100000846,'comments changed from \"\" to \"Art.\";',18,NULL,'2024-05-28 09:04:33',NULL,NULL,NULL,NULL),(35951,'stock',100000803,'comments changed from \"\" to \"Actually dinner.\";',17,NULL,'2024-05-28 09:04:33',NULL,NULL,NULL,NULL),(35952,'stock',100000833,'comments changed from \"\" to \"Try.\";',31,NULL,'2024-05-28 09:04:33',NULL,NULL,NULL,NULL),(35953,'stock',100000792,'comments changed from \"\" to \"Condition.\";',15,NULL,'2024-05-28 09:04:33',NULL,NULL,NULL,NULL),(35954,'stock',100000768,'comments changed from \"\" to \"Say financial.\";',31,NULL,'2024-05-28 09:04:33',NULL,NULL,NULL,NULL),(35955,'stock',100000791,'comments changed from \"\" to \"Civil per.\";',15,NULL,'2024-05-28 09:04:33',NULL,NULL,NULL,NULL),(35956,'stock',100000759,'comments changed from \"\" to \"Material scientist.\";',17,NULL,'2024-05-28 09:04:33',NULL,NULL,NULL,NULL),(35957,'stock',100000846,'comments changed from \"Art.\" to \"Body.\";',10,NULL,'2024-05-28 09:04:33',NULL,NULL,NULL,NULL),(35958,'stock',100000807,'comments changed from \"\" to \"Yet.\";',33,NULL,'2024-05-28 09:04:33',NULL,NULL,NULL,NULL),(35959,'stock',100000769,'comments changed from \"\" to \"Budget.\";',10,NULL,'2024-05-28 09:04:33',NULL,NULL,NULL,NULL),(35960,'stock',100000775,'comments changed from \"With form.\" to \"Political.\";',31,NULL,'2024-05-28 09:04:33',NULL,NULL,NULL,NULL),(35961,'stock',100000793,'comments changed from \"\" to \"My its.\";',10,NULL,'2024-05-28 09:04:33',NULL,NULL,NULL,NULL),(35962,'stock',100000755,'comments changed from \"Even bank impact.\" to \"Team arrive.\";',11,NULL,'2024-05-28 09:04:33',NULL,NULL,NULL,NULL),(35963,'stock',100000834,'comments changed from \"\" to \"Different.\";',31,NULL,'2024-05-28 09:04:33',NULL,NULL,NULL,NULL),(35964,'stock',100000774,'comments changed from \"\" to \"Measure.\";',33,NULL,'2024-05-28 09:04:33',NULL,NULL,NULL,NULL),(35965,'stock',100000795,'comments changed from \"\" to \"Power very.\";',15,NULL,'2024-05-28 09:04:33',NULL,NULL,NULL,NULL),(35966,'stock',100000837,'comments changed from \"\" to \"Into.\";',15,NULL,'2024-05-28 09:04:33',NULL,NULL,NULL,NULL),(35967,'stock',100000809,'comments changed from \"\" to \"Name.\";',15,NULL,'2024-05-28 09:04:33',NULL,NULL,NULL,NULL),(35968,'stock',100000787,'comments changed from \"\" to \"Really on.\";',17,NULL,'2024-05-28 09:04:33',NULL,NULL,NULL,NULL),(35969,'stock',100000778,'comments changed from \"To news.\" to \"One need.\";',18,NULL,'2024-05-28 09:04:33',NULL,NULL,NULL,NULL),(35970,'stock',100000820,'comments changed from \"\" to \"Thought.\";',16,NULL,'2024-05-28 09:04:33',NULL,NULL,NULL,NULL),(35971,'stock',100000797,'comments changed from \"\" to \"Blood meeting.\";',33,NULL,'2024-05-28 09:04:33',NULL,NULL,NULL,NULL),(35972,'stock',100000785,'comments changed from \"\" to \"Short check.\";',16,NULL,'2024-05-28 09:04:33',NULL,NULL,NULL,NULL),(35973,'stock',100000823,'comments changed from \"Business red.\" to \"Still sister.\";',15,NULL,'2024-05-28 09:04:33',NULL,NULL,NULL,NULL),(35974,'stock',100000827,'comments changed from \"Particularly.\" to \"Power.\";',31,NULL,'2024-05-28 09:04:33',NULL,NULL,NULL,NULL),(35975,'stock',100000799,'comments changed from \"\" to \"Ground entire.\";',17,NULL,'2024-05-28 09:04:33',NULL,NULL,NULL,NULL),(35976,'stock',100000762,'comments changed from \"\" to \"Huge.\";',11,NULL,'2024-05-28 09:04:33',NULL,NULL,NULL,NULL),(35977,'stock',100000780,'comments changed from \"\" to \"Everybody.\";',18,NULL,'2024-05-28 09:04:33',NULL,NULL,NULL,NULL),(35978,'stock',100000798,'comments changed from \"\" to \"Anything science.\";',15,NULL,'2024-05-28 09:04:33',NULL,NULL,NULL,NULL),(35979,'stock',100000844,'comments changed from \"\" to \"Sister win.\";',33,NULL,'2024-05-28 09:04:33',NULL,NULL,NULL,NULL),(35980,'stock',100000841,'comments changed from \"\" to \"Treat.\";',31,NULL,'2024-05-28 09:04:33',NULL,NULL,NULL,NULL),(35981,'stock',100000841,'comments changed from \"Treat.\" to \"Tend.\";',11,NULL,'2024-05-28 09:04:33',NULL,NULL,NULL,NULL),(35982,'stock',100000785,'comments changed from \"Short check.\" to \"Sit.\";',11,NULL,'2024-05-28 09:04:33',NULL,NULL,NULL,NULL),(35983,'stock',100000801,'comments changed from \"\" to \"Seat street.\";',31,NULL,'2024-05-28 09:04:33',NULL,NULL,NULL,NULL),(35984,'stock',100000782,'comments changed from \"\" to \"Before.\";',31,NULL,'2024-05-28 09:04:33',NULL,NULL,NULL,NULL),(35985,'stock',100000782,'comments changed from \"Before.\" to \"Final.\";',33,NULL,'2024-05-28 09:04:33',NULL,NULL,NULL,NULL),(35986,'stock',100000752,'comments changed from \"\" to \"Only.\";',33,NULL,'2024-05-28 09:04:33',NULL,NULL,NULL,NULL),(35987,'stock',100000820,'comments changed from \"Thought.\" to \"Big.\";',31,NULL,'2024-05-28 09:04:34',NULL,NULL,NULL,NULL),(35988,'stock',100000808,'comments changed from \"Law long upon.\" to \"Either.\";',31,NULL,'2024-05-28 09:04:34',NULL,NULL,NULL,NULL),(35989,'stock',100000795,'comments changed from \"Power very.\" to \"Country social.\";',11,NULL,'2024-05-28 09:04:34',NULL,NULL,NULL,NULL),(35990,'stock',100000807,'comments changed from \"Yet.\" to \"Space seven.\";',16,NULL,'2024-05-28 09:04:34',NULL,NULL,NULL,NULL),(35991,'stock',100000847,'Record created',17,NULL,'2024-05-28 09:04:34',NULL,NULL,NULL,NULL),(35992,'stock',100000848,'Record created',10,NULL,'2024-05-28 09:04:34',NULL,NULL,NULL,NULL),(35993,'stock',100000849,'Record created',12,NULL,'2024-05-28 09:04:34',NULL,NULL,NULL,NULL),(35994,'stock',100000850,'Record created',34,NULL,'2024-05-28 09:04:34',NULL,NULL,NULL,NULL),(35995,'stock',100000851,'Record created',17,NULL,'2024-05-28 09:04:34',NULL,NULL,NULL,NULL),(35996,'stock',100000852,'Record created',10,NULL,'2024-05-28 09:04:34',NULL,NULL,NULL,NULL),(35997,'stock',100000853,'Record created',10,NULL,'2024-05-28 09:04:34',NULL,NULL,NULL,NULL),(35998,'stock',100000854,'Record created',17,NULL,'2024-05-28 09:04:34',NULL,NULL,NULL,NULL),(35999,'stock',100000855,'Record created',32,NULL,'2024-05-28 09:04:34',NULL,NULL,NULL,NULL),(36000,'stock',100000856,'Record created',17,NULL,'2024-05-28 09:04:34',NULL,NULL,NULL,NULL),(36001,'stock',100000857,'Record created',17,NULL,'2024-05-28 09:04:34',NULL,NULL,NULL,NULL),(36002,'stock',100000858,'Record created',18,NULL,'2024-05-28 09:04:34',NULL,NULL,NULL,NULL),(36003,'stock',100000859,'Record created',12,NULL,'2024-05-28 09:04:34',NULL,NULL,NULL,NULL),(36004,'stock',100000860,'Record created',16,NULL,'2024-05-28 09:04:34',NULL,NULL,NULL,NULL),(36005,'stock',100000861,'Record created',12,NULL,'2024-05-28 09:04:34',NULL,NULL,NULL,NULL),(36006,'stock',100000862,'Record created',12,NULL,'2024-05-28 09:04:34',NULL,NULL,NULL,NULL),(36007,'stock',100000863,'Record created',17,NULL,'2024-05-28 09:04:34',NULL,NULL,NULL,NULL),(36008,'stock',100000864,'Record created',12,NULL,'2024-05-28 09:04:34',NULL,NULL,NULL,NULL),(36009,'stock',100000865,'Record created',34,NULL,'2024-05-28 09:04:34',NULL,NULL,NULL,NULL),(36010,'stock',100000866,'Record created',10,NULL,'2024-05-28 09:04:34',NULL,NULL,NULL,NULL),(36011,'stock',100000867,'Record created',12,NULL,'2024-05-28 09:04:34',NULL,NULL,NULL,NULL),(36012,'stock',100000868,'Record created',12,NULL,'2024-05-28 09:04:34',NULL,NULL,NULL,NULL),(36013,'stock',100000869,'Record created',32,NULL,'2024-05-28 09:04:34',NULL,NULL,NULL,NULL),(36014,'stock',100000870,'Record created',15,NULL,'2024-05-28 09:04:34',NULL,NULL,NULL,NULL),(36015,'stock',100000871,'Record created',17,NULL,'2024-05-28 09:04:34',NULL,NULL,NULL,NULL),(36016,'stock',100000872,'Record created',10,NULL,'2024-05-28 09:04:34',NULL,NULL,NULL,NULL),(36017,'stock',100000873,'Record created',34,NULL,'2024-05-28 09:04:34',NULL,NULL,NULL,NULL),(36018,'stock',100000874,'Record created',17,NULL,'2024-05-28 09:04:34',NULL,NULL,NULL,NULL),(36019,'stock',100000875,'Record created',12,NULL,'2024-05-28 09:04:34',NULL,NULL,NULL,NULL),(36020,'stock',100000876,'Record created',16,NULL,'2024-05-28 09:04:34',NULL,NULL,NULL,NULL),(36021,'stock',100000877,'Record created',32,NULL,'2024-05-28 09:04:34',NULL,NULL,NULL,NULL),(36022,'stock',100000878,'Record created',18,NULL,'2024-05-28 09:04:34',NULL,NULL,NULL,NULL),(36023,'stock',100000879,'Record created',32,NULL,'2024-05-28 09:04:34',NULL,NULL,NULL,NULL),(36024,'stock',100000880,'Record created',10,NULL,'2024-05-28 09:04:34',NULL,NULL,NULL,NULL),(36025,'stock',100000881,'Record created',10,NULL,'2024-05-28 09:04:34',NULL,NULL,NULL,NULL),(36026,'stock',100000882,'Record created',17,NULL,'2024-05-28 09:04:34',NULL,NULL,NULL,NULL),(36027,'stock',100000883,'Record created',17,NULL,'2024-05-28 09:04:34',NULL,NULL,NULL,NULL),(36028,'stock',100000884,'Record created',16,NULL,'2024-05-28 09:04:34',NULL,NULL,NULL,NULL),(36029,'stock',100000885,'Record created',15,NULL,'2024-05-28 09:04:34',NULL,NULL,NULL,NULL),(36030,'stock',100000886,'Record created',15,NULL,'2024-05-28 09:04:34',NULL,NULL,NULL,NULL),(36031,'stock',100000887,'Record created',10,NULL,'2024-05-28 09:04:34',NULL,NULL,NULL,NULL),(36032,'stock',100000888,'Record created',10,NULL,'2024-05-28 09:04:34',NULL,NULL,NULL,NULL),(36033,'stock',100000889,'Record created',34,NULL,'2024-05-28 09:04:34',NULL,NULL,NULL,NULL),(36034,'stock',100000890,'Record created',32,NULL,'2024-05-28 09:04:34',NULL,NULL,NULL,NULL),(36035,'stock',100000891,'Record created',15,NULL,'2024-05-28 09:04:34',NULL,NULL,NULL,NULL),(36036,'stock',100000892,'Record created',10,NULL,'2024-05-28 09:04:35',NULL,NULL,NULL,NULL),(36037,'stock',100000893,'Record created',12,NULL,'2024-05-28 09:04:35',NULL,NULL,NULL,NULL),(36038,'stock',100000894,'Record created',17,NULL,'2024-05-28 09:04:35',NULL,NULL,NULL,NULL),(36039,'stock',100000895,'Record created',18,NULL,'2024-05-28 09:04:35',NULL,NULL,NULL,NULL),(36040,'stock',100000896,'Record created',16,NULL,'2024-05-28 09:04:35',NULL,NULL,NULL,NULL),(36041,'stock',100000897,'Record created',15,NULL,'2024-05-28 09:04:35',NULL,NULL,NULL,NULL),(36042,'stock',100000898,'Record created',16,NULL,'2024-05-28 09:04:35',NULL,NULL,NULL,NULL),(36043,'stock',100000899,'Record created',34,NULL,'2024-05-28 09:04:35',NULL,NULL,NULL,NULL),(36044,'stock',100000900,'Record created',18,NULL,'2024-05-28 09:04:35',NULL,NULL,NULL,NULL),(36045,'stock',100000901,'Record created',12,NULL,'2024-05-28 09:04:35',NULL,NULL,NULL,NULL),(36046,'stock',100000902,'Record created',17,NULL,'2024-05-28 09:04:35',NULL,NULL,NULL,NULL),(36047,'stock',100000903,'Record created',18,NULL,'2024-05-28 09:04:35',NULL,NULL,NULL,NULL),(36048,'stock',100000904,'Record created',15,NULL,'2024-05-28 09:04:35',NULL,NULL,NULL,NULL),(36049,'stock',100000905,'Record created',12,NULL,'2024-05-28 09:04:35',NULL,NULL,NULL,NULL),(36050,'stock',100000906,'Record created',17,NULL,'2024-05-28 09:04:35',NULL,NULL,NULL,NULL),(36051,'stock',100000907,'Record created',32,NULL,'2024-05-28 09:04:35',NULL,NULL,NULL,NULL),(36052,'stock',100000908,'Record created',12,NULL,'2024-05-28 09:04:35',NULL,NULL,NULL,NULL),(36053,'stock',100000909,'Record created',18,NULL,'2024-05-28 09:04:35',NULL,NULL,NULL,NULL),(36054,'stock',100000910,'Record created',16,NULL,'2024-05-28 09:04:35',NULL,NULL,NULL,NULL),(36055,'stock',100000911,'Record created',10,NULL,'2024-05-28 09:04:35',NULL,NULL,NULL,NULL),(36056,'stock',100000912,'Record created',18,NULL,'2024-05-28 09:04:35',NULL,NULL,NULL,NULL),(36057,'stock',100000913,'Record created',15,NULL,'2024-05-28 09:04:35',NULL,NULL,NULL,NULL),(36058,'stock',100000914,'Record created',10,NULL,'2024-05-28 09:04:35',NULL,NULL,NULL,NULL),(36059,'stock',100000915,'Record created',12,NULL,'2024-05-28 09:04:35',NULL,NULL,NULL,NULL),(36060,'stock',100000916,'Record created',15,NULL,'2024-05-28 09:04:35',NULL,NULL,NULL,NULL),(36061,'stock',100000917,'Record created',16,NULL,'2024-05-28 09:04:35',NULL,NULL,NULL,NULL),(36062,'stock',100000918,'Record created',12,NULL,'2024-05-28 09:04:35',NULL,NULL,NULL,NULL),(36063,'stock',100000919,'Record created',10,NULL,'2024-05-28 09:04:35',NULL,NULL,NULL,NULL),(36064,'stock',100000920,'Record created',32,NULL,'2024-05-28 09:04:35',NULL,NULL,NULL,NULL),(36065,'stock',100000921,'Record created',32,NULL,'2024-05-28 09:04:35',NULL,NULL,NULL,NULL),(36066,'stock',100000922,'Record created',16,NULL,'2024-05-28 09:04:35',NULL,NULL,NULL,NULL),(36067,'stock',100000923,'Record created',17,NULL,'2024-05-28 09:04:35',NULL,NULL,NULL,NULL),(36068,'stock',100000924,'Record created',18,NULL,'2024-05-28 09:04:35',NULL,NULL,NULL,NULL),(36069,'stock',100000925,'Record created',34,NULL,'2024-05-28 09:04:35',NULL,NULL,NULL,NULL),(36070,'stock',100000926,'Record created',34,NULL,'2024-05-28 09:04:35',NULL,NULL,NULL,NULL),(36071,'stock',100000927,'Record created',15,NULL,'2024-05-28 09:04:35',NULL,NULL,NULL,NULL),(36072,'stock',100000928,'Record created',17,NULL,'2024-05-28 09:04:35',NULL,NULL,NULL,NULL),(36073,'stock',100000929,'Record created',32,NULL,'2024-05-28 09:04:35',NULL,NULL,NULL,NULL),(36074,'stock',100000930,'Record created',10,NULL,'2024-05-28 09:04:36',NULL,NULL,NULL,NULL),(36075,'stock',100000931,'Record created',17,NULL,'2024-05-28 09:04:36',NULL,NULL,NULL,NULL),(36076,'stock',100000932,'Record created',12,NULL,'2024-05-28 09:04:36',NULL,NULL,NULL,NULL),(36077,'stock',100000933,'Record created',18,NULL,'2024-05-28 09:04:36',NULL,NULL,NULL,NULL),(36078,'stock',100000934,'Record created',16,NULL,'2024-05-28 09:04:36',NULL,NULL,NULL,NULL),(36079,'stock',100000935,'Record created',32,NULL,'2024-05-28 09:04:36',NULL,NULL,NULL,NULL),(36080,'stock',100000936,'Record created',15,NULL,'2024-05-28 09:04:36',NULL,NULL,NULL,NULL),(36081,'stock',100000937,'Record created',34,NULL,'2024-05-28 09:04:36',NULL,NULL,NULL,NULL),(36082,'stock',100000938,'Record created',12,NULL,'2024-05-28 09:04:36',NULL,NULL,NULL,NULL),(36083,'stock',100000939,'Record created',10,NULL,'2024-05-28 09:04:36',NULL,NULL,NULL,NULL),(36084,'stock',100000940,'Record created',32,NULL,'2024-05-28 09:04:36',NULL,NULL,NULL,NULL),(36085,'stock',100000941,'Record created',18,NULL,'2024-05-28 09:04:36',NULL,NULL,NULL,NULL),(36086,'stock',100000942,'Record created',17,NULL,'2024-05-28 09:04:36',NULL,NULL,NULL,NULL),(36087,'stock',100000943,'Record created',16,NULL,'2024-05-28 09:04:36',NULL,NULL,NULL,NULL),(36088,'stock',100000944,'Record created',10,NULL,'2024-05-28 09:04:36',NULL,NULL,NULL,NULL),(36089,'stock',100000945,'Record created',32,NULL,'2024-05-28 09:04:36',NULL,NULL,NULL,NULL),(36090,'stock',100000946,'Record created',34,NULL,'2024-05-28 09:04:36',NULL,NULL,NULL,NULL),(36091,'stock',100000878,'location_id',18,NULL,'2024-05-28 09:04:36',100000048,100000051,NULL,NULL),(36092,'stock',100000878,'box_state_id',18,NULL,'2024-05-28 09:04:36',1,5,NULL,NULL),(36093,'stock',100000935,'location_id',16,NULL,'2024-05-28 09:04:36',100000050,100000051,NULL,NULL),(36094,'stock',100000935,'box_state_id',16,NULL,'2024-05-28 09:04:36',1,5,NULL,NULL),(36095,'stock',100000894,'location_id',34,NULL,'2024-05-28 09:04:36',100000050,100000051,NULL,NULL),(36096,'stock',100000894,'box_state_id',34,NULL,'2024-05-28 09:04:36',1,5,NULL,NULL),(36097,'stock',100000863,'location_id',16,NULL,'2024-05-28 09:04:36',100000050,100000052,NULL,NULL),(36098,'stock',100000863,'box_state_id',16,NULL,'2024-05-28 09:04:36',1,5,NULL,NULL),(36099,'stock',100000925,'location_id',18,NULL,'2024-05-28 09:04:36',100000050,100000052,NULL,NULL),(36100,'stock',100000925,'box_state_id',18,NULL,'2024-05-28 09:04:36',1,5,NULL,NULL),(36101,'stock',100000899,'location_id',12,NULL,'2024-05-28 09:04:36',100000048,100000051,NULL,NULL),(36102,'stock',100000899,'box_state_id',12,NULL,'2024-05-28 09:04:36',1,5,NULL,NULL),(36103,'stock',100000902,'location_id',10,NULL,'2024-05-28 09:04:36',100000049,100000052,NULL,NULL),(36104,'stock',100000902,'box_state_id',10,NULL,'2024-05-28 09:04:36',1,5,NULL,NULL),(36105,'stock',100000920,'location_id',34,NULL,'2024-05-28 09:04:36',100000048,100000052,NULL,NULL),(36106,'stock',100000920,'box_state_id',34,NULL,'2024-05-28 09:04:36',1,5,NULL,NULL),(36107,'stock',100000914,'location_id',18,NULL,'2024-05-28 09:04:36',100000049,100000052,NULL,NULL),(36108,'stock',100000914,'box_state_id',18,NULL,'2024-05-28 09:04:36',1,5,NULL,NULL),(36109,'stock',100000917,'location_id',16,NULL,'2024-05-28 09:04:36',100000048,100000051,NULL,NULL),(36110,'stock',100000917,'box_state_id',16,NULL,'2024-05-28 09:04:36',1,5,NULL,NULL),(36111,'stock',100000916,'location_id',34,NULL,'2024-05-28 09:04:36',100000050,100000052,NULL,NULL),(36112,'stock',100000916,'box_state_id',34,NULL,'2024-05-28 09:04:36',1,5,NULL,NULL),(36113,'stock',100000929,'location_id',32,NULL,'2024-05-28 09:04:36',100000048,100000051,NULL,NULL),(36114,'stock',100000929,'box_state_id',32,NULL,'2024-05-28 09:04:36',1,5,NULL,NULL),(36115,'stock',100000865,'location_id',16,NULL,'2024-05-28 09:04:36',100000050,100000052,NULL,NULL),(36116,'stock',100000865,'box_state_id',16,NULL,'2024-05-28 09:04:36',1,5,NULL,NULL),(36117,'stock',100000906,'location_id',18,NULL,'2024-05-28 09:04:36',100000049,100000052,NULL,NULL),(36118,'stock',100000906,'box_state_id',18,NULL,'2024-05-28 09:04:36',1,5,NULL,NULL),(36119,'stock',100000924,'location_id',16,NULL,'2024-05-28 09:04:36',100000048,100000052,NULL,NULL),(36120,'stock',100000924,'box_state_id',16,NULL,'2024-05-28 09:04:36',1,5,NULL,NULL),(36121,'stock',100000944,'location_id',15,NULL,'2024-05-28 09:04:36',100000050,100000052,NULL,NULL),(36122,'stock',100000944,'box_state_id',15,NULL,'2024-05-28 09:04:36',1,5,NULL,NULL),(36123,'stock',100000856,'location_id',34,NULL,'2024-05-28 09:04:36',100000049,100000052,NULL,NULL),(36124,'stock',100000856,'box_state_id',34,NULL,'2024-05-28 09:04:36',1,5,NULL,NULL),(36125,'stock',100000874,'location_id',16,NULL,'2024-05-28 09:04:36',100000049,100000052,NULL,NULL),(36126,'stock',100000874,'box_state_id',16,NULL,'2024-05-28 09:04:36',1,5,NULL,NULL),(36127,'stock',100000885,'location_id',16,NULL,'2024-05-28 09:04:36',100000050,100000051,NULL,NULL),(36128,'stock',100000885,'box_state_id',16,NULL,'2024-05-28 09:04:36',1,5,NULL,NULL),(36129,'stock',100000876,'location_id',16,NULL,'2024-05-28 09:04:36',100000048,100000051,NULL,NULL),(36130,'stock',100000876,'box_state_id',16,NULL,'2024-05-28 09:04:36',1,5,NULL,NULL),(36131,'stock',100000901,'location_id',15,NULL,'2024-05-28 09:04:37',100000050,100000052,NULL,NULL),(36132,'stock',100000901,'box_state_id',15,NULL,'2024-05-28 09:04:37',1,5,NULL,NULL),(36133,'stock',100000886,'location_id',17,NULL,'2024-05-28 09:04:37',100000049,100000052,NULL,NULL),(36134,'stock',100000886,'box_state_id',17,NULL,'2024-05-28 09:04:37',1,5,NULL,NULL),(36135,'stock',100000896,'location_id',18,NULL,'2024-05-28 09:04:37',100000048,100000051,NULL,NULL),(36136,'stock',100000896,'box_state_id',18,NULL,'2024-05-28 09:04:37',1,5,NULL,NULL),(36137,'stock',100000900,'location_id',12,NULL,'2024-05-28 09:04:37',100000050,100000052,NULL,NULL),(36138,'stock',100000900,'box_state_id',12,NULL,'2024-05-28 09:04:37',1,5,NULL,NULL),(36139,'stock',100000910,'location_id',16,NULL,'2024-05-28 09:04:37',100000050,100000051,NULL,NULL),(36140,'stock',100000910,'box_state_id',16,NULL,'2024-05-28 09:04:37',1,5,NULL,NULL),(36141,'stock',100000881,'location_id',16,NULL,'2024-05-28 09:04:37',100000049,100000051,NULL,NULL),(36142,'stock',100000881,'box_state_id',16,NULL,'2024-05-28 09:04:37',1,5,NULL,NULL),(36143,'stock',100000933,'location_id',12,NULL,'2024-05-28 09:04:37',100000048,100000051,NULL,NULL),(36144,'stock',100000933,'box_state_id',12,NULL,'2024-05-28 09:04:37',1,5,NULL,NULL),(36145,'stock',100000944,'location_id',10,NULL,'2024-05-28 09:04:37',100000052,100000051,NULL,NULL),(36146,'stock',100000918,'location_id',32,NULL,'2024-05-28 09:04:37',100000049,100000051,NULL,NULL),(36147,'stock',100000918,'box_state_id',32,NULL,'2024-05-28 09:04:37',1,5,NULL,NULL),(36148,'stock',100000864,'location_id',16,NULL,'2024-05-28 09:04:37',100000050,100000051,NULL,NULL),(36149,'stock',100000864,'box_state_id',16,NULL,'2024-05-28 09:04:37',1,5,NULL,NULL),(36150,'stock',100000911,'location_id',18,NULL,'2024-05-28 09:04:37',100000049,100000051,NULL,NULL),(36151,'stock',100000911,'box_state_id',18,NULL,'2024-05-28 09:04:37',1,5,NULL,NULL),(36152,'stock',100000849,'location_id',32,NULL,'2024-05-28 09:04:37',100000050,100000052,NULL,NULL),(36153,'stock',100000849,'box_state_id',32,NULL,'2024-05-28 09:04:37',1,5,NULL,NULL),(36154,'stock',100000867,'location_id',12,NULL,'2024-05-28 09:04:37',100000050,100000051,NULL,NULL),(36155,'stock',100000867,'box_state_id',12,NULL,'2024-05-28 09:04:37',1,5,NULL,NULL),(36156,'stock',100000905,'location_id',17,NULL,'2024-05-28 09:04:37',100000049,100000052,NULL,NULL),(36157,'stock',100000905,'box_state_id',17,NULL,'2024-05-28 09:04:37',1,5,NULL,NULL),(36158,'stock',100000919,'location_id',32,NULL,'2024-05-28 09:04:37',100000048,100000051,NULL,NULL),(36159,'stock',100000919,'box_state_id',32,NULL,'2024-05-28 09:04:37',1,5,NULL,NULL),(36160,'stock',100000890,'location_id',10,NULL,'2024-05-28 09:04:37',100000050,100000052,NULL,NULL),(36161,'stock',100000890,'box_state_id',10,NULL,'2024-05-28 09:04:37',1,5,NULL,NULL),(36162,'stock',100000879,'location_id',32,NULL,'2024-05-28 09:04:37',100000048,100000051,NULL,NULL),(36163,'stock',100000879,'box_state_id',32,NULL,'2024-05-28 09:04:37',1,5,NULL,NULL),(36164,'stock',100000865,'location_id',12,NULL,'2024-05-28 09:04:37',100000052,100000051,NULL,NULL),(36165,'stock',100000882,'location_id',34,NULL,'2024-05-28 09:04:37',100000049,100000051,NULL,NULL),(36166,'stock',100000882,'box_state_id',34,NULL,'2024-05-28 09:04:37',1,5,NULL,NULL),(36167,'stock',100000874,'location_id',12,NULL,'2024-05-28 09:04:37',100000052,100000051,NULL,NULL),(36168,'stock',100000937,'location_id',10,NULL,'2024-05-28 09:04:37',100000050,100000052,NULL,NULL),(36169,'stock',100000937,'box_state_id',10,NULL,'2024-05-28 09:04:37',1,5,NULL,NULL),(36170,'stock',100000880,'location_id',34,NULL,'2024-05-28 09:04:37',100000048,100000052,NULL,NULL),(36171,'stock',100000880,'box_state_id',34,NULL,'2024-05-28 09:04:37',1,5,NULL,NULL),(36172,'stock',100000859,'location_id',34,NULL,'2024-05-28 09:04:37',100000050,100000052,NULL,NULL),(36173,'stock',100000859,'box_state_id',34,NULL,'2024-05-28 09:04:37',1,5,NULL,NULL),(36174,'stock',100000869,'location_id',34,NULL,'2024-05-28 09:04:37',100000048,100000051,NULL,NULL),(36175,'stock',100000869,'box_state_id',34,NULL,'2024-05-28 09:04:37',1,5,NULL,NULL),(36176,'stock',100000889,'location_id',34,NULL,'2024-05-28 09:04:37',100000049,100000051,NULL,NULL),(36177,'stock',100000889,'box_state_id',34,NULL,'2024-05-28 09:04:37',1,5,NULL,NULL),(36178,'stock',100000909,'location_id',18,NULL,'2024-05-28 09:04:37',100000050,100000051,NULL,NULL),(36179,'stock',100000909,'box_state_id',18,NULL,'2024-05-28 09:04:37',1,5,NULL,NULL),(36180,'stock',100000850,'location_id',15,NULL,'2024-05-28 09:04:37',100000049,100000051,NULL,NULL),(36181,'stock',100000850,'box_state_id',15,NULL,'2024-05-28 09:04:37',1,5,NULL,NULL),(36182,'stock',100000936,'product_id',16,NULL,'2024-05-28 09:04:37',1288,1269,NULL,NULL),(36183,'stock',100000936,'size_id',16,NULL,'2024-05-28 09:04:37',68,52,NULL,NULL),(36184,'stock',100000929,'size_id',10,NULL,'2024-05-28 09:04:37',71,4,NULL,NULL),(36185,'stock',100000881,'product_id',17,NULL,'2024-05-28 09:04:37',1301,1317,NULL,NULL),(36186,'stock',100000881,'size_id',17,NULL,'2024-05-28 09:04:37',116,59,NULL,NULL),(36187,'stock',100000946,'product_id',18,NULL,'2024-05-28 09:04:37',1272,1284,NULL,NULL),(36188,'stock',100000946,'size_id',18,NULL,'2024-05-28 09:04:37',52,71,NULL,NULL),(36189,'stock',100000940,'product_id',18,NULL,'2024-05-28 09:04:37',1311,1280,NULL,NULL),(36190,'stock',100000940,'size_id',18,NULL,'2024-05-28 09:04:37',68,1,NULL,NULL),(36191,'stock',100000918,'product_id',15,NULL,'2024-05-28 09:04:37',1281,1292,NULL,NULL),(36192,'stock',100000918,'size_id',15,NULL,'2024-05-28 09:04:37',4,68,NULL,NULL),(36193,'stock',100000919,'product_id',32,NULL,'2024-05-28 09:04:37',1283,1301,NULL,NULL),(36194,'stock',100000919,'size_id',32,NULL,'2024-05-28 09:04:37',4,68,NULL,NULL),(36195,'stock',100000865,'product_id',34,NULL,'2024-05-28 09:04:37',1280,1279,NULL,NULL),(36196,'stock',100000865,'size_id',34,NULL,'2024-05-28 09:04:37',4,5,NULL,NULL),(36197,'stock',100000853,'product_id',10,NULL,'2024-05-28 09:04:37',1286,1305,NULL,NULL),(36198,'stock',100000853,'size_id',10,NULL,'2024-05-28 09:04:37',2,68,NULL,NULL),(36199,'stock',100000868,'product_id',17,NULL,'2024-05-28 09:04:37',1296,1300,NULL,NULL),(36200,'stock',100000868,'size_id',17,NULL,'2024-05-28 09:04:37',52,68,NULL,NULL),(36201,'stock',100000895,'product_id',10,NULL,'2024-05-28 09:04:37',1280,1272,NULL,NULL),(36202,'stock',100000895,'size_id',10,NULL,'2024-05-28 09:04:37',71,52,NULL,NULL),(36203,'stock',100000882,'product_id',18,NULL,'2024-05-28 09:04:37',1301,1296,NULL,NULL),(36204,'stock',100000882,'size_id',18,NULL,'2024-05-28 09:04:37',116,52,NULL,NULL),(36205,'stock',100000874,'product_id',17,NULL,'2024-05-28 09:04:37',1309,1292,NULL,NULL),(36206,'stock',100000874,'size_id',17,NULL,'2024-05-28 09:04:37',68,116,NULL,NULL),(36207,'stock',100000903,'product_id',34,NULL,'2024-05-28 09:04:37',1312,1284,NULL,NULL),(36208,'stock',100000903,'size_id',34,NULL,'2024-05-28 09:04:37',139,3,NULL,NULL),(36209,'stock',100000900,'product_id',18,NULL,'2024-05-28 09:04:37',1300,1293,NULL,NULL),(36210,'stock',100000907,'product_id',18,NULL,'2024-05-28 09:04:37',1279,1283,NULL,NULL),(36211,'stock',100000907,'size_id',18,NULL,'2024-05-28 09:04:37',71,4,NULL,NULL),(36212,'stock',100000943,'product_id',32,NULL,'2024-05-28 09:04:37',1300,1308,NULL,NULL),(36213,'stock',100000943,'size_id',32,NULL,'2024-05-28 09:04:37',117,68,NULL,NULL),(36214,'stock',100000860,'product_id',18,NULL,'2024-05-28 09:04:37',1285,1292,NULL,NULL),(36215,'stock',100000860,'size_id',18,NULL,'2024-05-28 09:04:37',3,68,NULL,NULL),(36216,'stock',100000945,'product_id',34,NULL,'2024-05-28 09:04:37',1310,1283,NULL,NULL),(36217,'stock',100000945,'size_id',34,NULL,'2024-05-28 09:04:37',68,1,NULL,NULL),(36218,'stock',100000904,'product_id',34,NULL,'2024-05-28 09:04:37',1280,1281,NULL,NULL),(36219,'stock',100000904,'size_id',34,NULL,'2024-05-28 09:04:37',71,2,NULL,NULL),(36220,'stock',100000883,'product_id',16,NULL,'2024-05-28 09:04:38',1311,1287,NULL,NULL),(36221,'stock',100000883,'size_id',16,NULL,'2024-05-28 09:04:38',68,4,NULL,NULL),(36222,'stock',100000878,'product_id',15,NULL,'2024-05-28 09:04:38',1281,1287,NULL,NULL),(36223,'stock',100000878,'size_id',15,NULL,'2024-05-28 09:04:38',4,2,NULL,NULL),(36224,'stock',100000945,'product_id',34,NULL,'2024-05-28 09:04:38',1283,1268,NULL,NULL),(36225,'stock',100000945,'size_id',34,NULL,'2024-05-28 09:04:38',1,52,NULL,NULL),(36226,'stock',100000892,'product_id',18,NULL,'2024-05-28 09:04:38',1307,1304,NULL,NULL),(36227,'stock',100000934,'product_id',18,NULL,'2024-05-28 09:04:38',1278,1315,NULL,NULL),(36228,'stock',100000934,'size_id',18,NULL,'2024-05-28 09:04:38',1,36,NULL,NULL),(36229,'stock',100000933,'product_id',15,NULL,'2024-05-28 09:04:38',1277,1270,NULL,NULL),(36230,'stock',100000933,'size_id',15,NULL,'2024-05-28 09:04:38',3,52,NULL,NULL),(36231,'stock',100000847,'product_id',17,NULL,'2024-05-28 09:04:38',1315,1303,NULL,NULL),(36232,'stock',100000847,'size_id',17,NULL,'2024-05-28 09:04:38',25,68,NULL,NULL),(36233,'stock',100000912,'product_id',12,NULL,'2024-05-28 09:04:38',1272,1290,NULL,NULL),(36234,'stock',100000912,'size_id',12,NULL,'2024-05-28 09:04:38',52,68,NULL,NULL),(36235,'stock',100000921,'product_id',17,NULL,'2024-05-28 09:04:38',1293,1305,NULL,NULL),(36236,'stock',100000897,'product_id',18,NULL,'2024-05-28 09:04:38',1292,1316,NULL,NULL),(36237,'stock',100000897,'size_id',18,NULL,'2024-05-28 09:04:38',68,52,NULL,NULL),(36238,'stock',100000928,'product_id',15,NULL,'2024-05-28 09:04:38',1303,1275,NULL,NULL),(36239,'stock',100000928,'size_id',15,NULL,'2024-05-28 09:04:38',68,52,NULL,NULL),(36240,'stock',100000890,'product_id',10,NULL,'2024-05-28 09:04:38',1312,1271,NULL,NULL),(36241,'stock',100000890,'size_id',10,NULL,'2024-05-28 09:04:38',139,52,NULL,NULL),(36242,'stock',100000857,'product_id',12,NULL,'2024-05-28 09:04:38',1306,1274,NULL,NULL),(36243,'stock',100000857,'size_id',12,NULL,'2024-05-28 09:04:38',68,52,NULL,NULL),(36244,'stock',100000937,'product_id',12,NULL,'2024-05-28 09:04:38',1302,1280,NULL,NULL),(36245,'stock',100000937,'size_id',12,NULL,'2024-05-28 09:04:38',68,2,NULL,NULL),(36246,'stock',100000910,'product_id',34,NULL,'2024-05-28 09:04:38',1303,1311,NULL,NULL),(36247,'stock',100000923,'product_id',15,NULL,'2024-05-28 09:04:38',1307,1280,NULL,NULL),(36248,'stock',100000923,'size_id',15,NULL,'2024-05-28 09:04:38',68,1,NULL,NULL),(36249,'stock',100000854,'product_id',15,NULL,'2024-05-28 09:04:38',1280,1308,NULL,NULL),(36250,'stock',100000854,'size_id',15,NULL,'2024-05-28 09:04:38',4,68,NULL,NULL),(36251,'stock',100000887,'product_id',12,NULL,'2024-05-28 09:04:38',1278,1295,NULL,NULL),(36252,'stock',100000887,'size_id',12,NULL,'2024-05-28 09:04:38',5,68,NULL,NULL),(36253,'stock',100000888,'product_id',17,NULL,'2024-05-28 09:04:38',1298,1292,NULL,NULL),(36254,'stock',100000888,'size_id',17,NULL,'2024-05-28 09:04:38',52,68,NULL,NULL),(36255,'stock',100000893,'product_id',15,NULL,'2024-05-28 09:04:38',1289,1317,NULL,NULL),(36256,'stock',100000893,'size_id',15,NULL,'2024-05-28 09:04:38',68,58,NULL,NULL),(36257,'stock',100000887,'product_id',34,NULL,'2024-05-28 09:04:38',1295,1315,NULL,NULL),(36258,'stock',100000887,'size_id',34,NULL,'2024-05-28 09:04:38',68,33,NULL,NULL),(36259,'stock',100000923,'product_id',32,NULL,'2024-05-28 09:04:38',1280,1310,NULL,NULL),(36260,'stock',100000923,'size_id',32,NULL,'2024-05-28 09:04:38',1,68,NULL,NULL),(36261,'stock',100000940,'product_id',32,NULL,'2024-05-28 09:04:38',1280,1273,NULL,NULL),(36262,'stock',100000940,'size_id',32,NULL,'2024-05-28 09:04:38',1,68,NULL,NULL),(36263,'stock',100000847,'product_id',17,NULL,'2024-05-28 09:04:38',1303,1299,NULL,NULL),(36264,'stock',100000847,'size_id',17,NULL,'2024-05-28 09:04:38',68,52,NULL,NULL),(36265,'stock',100000854,'product_id',15,NULL,'2024-05-28 09:04:38',1308,1313,NULL,NULL),(36266,'stock',100000854,'size_id',15,NULL,'2024-05-28 09:04:38',68,139,NULL,NULL),(36267,'stock',100000921,'product_id',12,NULL,'2024-05-28 09:04:38',1305,1314,NULL,NULL),(36268,'stock',100000921,'size_id',12,NULL,'2024-05-28 09:04:38',68,138,NULL,NULL),(36269,'stock',100000939,'product_id',18,NULL,'2024-05-28 09:04:38',1279,1295,NULL,NULL),(36270,'stock',100000939,'size_id',18,NULL,'2024-05-28 09:04:38',3,68,NULL,NULL),(36271,'stock',100000907,'product_id',32,NULL,'2024-05-28 09:04:38',1283,1292,NULL,NULL),(36272,'stock',100000907,'size_id',32,NULL,'2024-05-28 09:04:38',4,68,NULL,NULL),(36273,'stock',100000880,'product_id',16,NULL,'2024-05-28 09:04:38',1292,1295,NULL,NULL),(36274,'stock',100000870,'items',12,NULL,'2024-05-28 09:04:38',750,984,NULL,NULL),(36275,'stock',100000854,'items',32,NULL,'2024-05-28 09:04:38',167,121,NULL,NULL),(36276,'stock',100000876,'items',16,NULL,'2024-05-28 09:04:38',110,368,NULL,NULL),(36277,'stock',100000866,'items',10,NULL,'2024-05-28 09:04:38',494,935,NULL,NULL),(36278,'stock',100000879,'items',34,NULL,'2024-05-28 09:04:38',854,183,NULL,NULL),(36279,'stock',100000918,'items',12,NULL,'2024-05-28 09:04:38',508,622,NULL,NULL),(36280,'stock',100000875,'items',17,NULL,'2024-05-28 09:04:38',870,965,NULL,NULL),(36281,'stock',100000939,'items',18,NULL,'2024-05-28 09:04:38',199,935,NULL,NULL),(36282,'stock',100000931,'items',17,NULL,'2024-05-28 09:04:38',527,195,NULL,NULL),(36283,'stock',100000863,'items',15,NULL,'2024-05-28 09:04:38',674,97,NULL,NULL),(36284,'stock',100000855,'items',18,NULL,'2024-05-28 09:04:38',208,740,NULL,NULL),(36285,'stock',100000915,'items',17,NULL,'2024-05-28 09:04:38',751,138,NULL,NULL),(36286,'stock',100000915,'items',18,NULL,'2024-05-28 09:04:38',138,23,NULL,NULL),(36287,'stock',100000874,'items',18,NULL,'2024-05-28 09:04:38',205,321,NULL,NULL),(36288,'stock',100000892,'items',10,NULL,'2024-05-28 09:04:38',765,642,NULL,NULL),(36289,'stock',100000863,'items',18,NULL,'2024-05-28 09:04:38',97,879,NULL,NULL),(36290,'stock',100000895,'items',16,NULL,'2024-05-28 09:04:38',529,888,NULL,NULL),(36291,'stock',100000936,'items',17,NULL,'2024-05-28 09:04:38',468,770,NULL,NULL),(36292,'stock',100000876,'items',17,NULL,'2024-05-28 09:04:38',368,720,NULL,NULL),(36293,'stock',100000858,'items',18,NULL,'2024-05-28 09:04:38',215,727,NULL,NULL),(36294,'stock',100000915,'items',34,NULL,'2024-05-28 09:04:38',23,831,NULL,NULL),(36295,'stock',100000904,'items',17,NULL,'2024-05-28 09:04:38',417,410,NULL,NULL),(36296,'stock',100000847,'items',32,NULL,'2024-05-28 09:04:38',980,755,NULL,NULL),(36297,'stock',100000919,'items',32,NULL,'2024-05-28 09:04:38',836,527,NULL,NULL),(36298,'stock',100000850,'items',15,NULL,'2024-05-28 09:04:38',896,71,NULL,NULL),(36299,'stock',100000873,'items',15,NULL,'2024-05-28 09:04:38',368,497,NULL,NULL),(36300,'stock',100000911,'items',10,NULL,'2024-05-28 09:04:38',344,943,NULL,NULL),(36301,'stock',100000923,'items',34,NULL,'2024-05-28 09:04:38',303,462,NULL,NULL),(36302,'stock',100000865,'items',10,NULL,'2024-05-28 09:04:38',917,35,NULL,NULL),(36303,'stock',100000937,'items',34,NULL,'2024-05-28 09:04:38',23,641,NULL,NULL),(36304,'stock',100000872,'items',17,NULL,'2024-05-28 09:04:38',203,197,NULL,NULL),(36305,'stock',100000867,'items',12,NULL,'2024-05-28 09:04:38',977,636,NULL,NULL),(36306,'stock',100000881,'items',12,NULL,'2024-05-28 09:04:38',710,618,NULL,NULL),(36307,'stock',100000885,'items',32,NULL,'2024-05-28 09:04:39',993,816,NULL,NULL),(36308,'stock',100000884,'items',34,NULL,'2024-05-28 09:04:39',783,602,NULL,NULL),(36309,'stock',100000863,'items',18,NULL,'2024-05-28 09:04:39',879,414,NULL,NULL),(36310,'stock',100000865,'items',10,NULL,'2024-05-28 09:04:39',35,626,NULL,NULL),(36311,'stock',100000916,'items',34,NULL,'2024-05-28 09:04:39',691,535,NULL,NULL),(36312,'stock',100000926,'items',32,NULL,'2024-05-28 09:04:39',763,623,NULL,NULL),(36313,'stock',100000881,'items',16,NULL,'2024-05-28 09:04:39',618,7,NULL,NULL),(36314,'stock',100000938,'items',12,NULL,'2024-05-28 09:04:39',728,46,NULL,NULL),(36315,'stock',100000945,'items',16,NULL,'2024-05-28 09:04:39',661,560,NULL,NULL),(36316,'stock',100000853,'items',12,NULL,'2024-05-28 09:04:39',190,265,NULL,NULL),(36317,'stock',100000929,'items',18,NULL,'2024-05-28 09:04:39',778,409,NULL,NULL),(36318,'stock',100000939,'items',18,NULL,'2024-05-28 09:04:39',935,821,NULL,NULL),(36319,'stock',100000911,'items',10,NULL,'2024-05-28 09:04:39',943,137,NULL,NULL),(36320,'stock',100000909,'items',12,NULL,'2024-05-28 09:04:39',852,985,NULL,NULL),(36321,'stock',100000931,'items',12,NULL,'2024-05-28 09:04:39',195,498,NULL,NULL),(36322,'stock',100000848,'items',16,NULL,'2024-05-28 09:04:39',3,141,NULL,NULL),(36323,'stock',100000918,'items',34,NULL,'2024-05-28 09:04:39',622,989,NULL,NULL),(36324,'stock',100000935,'comments changed from \"\" to \"Subject hear.\";',34,NULL,'2024-05-28 09:04:39',NULL,NULL,NULL,NULL),(36325,'stock',100000926,'comments changed from \"\" to \"Camera low.\";',17,NULL,'2024-05-28 09:04:39',NULL,NULL,NULL,NULL),(36326,'stock',100000875,'comments changed from \"\" to \"Law my.\";',10,NULL,'2024-05-28 09:04:39',NULL,NULL,NULL,NULL),(36327,'stock',100000925,'comments changed from \"Green attention.\" to \"Evening before.\";',17,NULL,'2024-05-28 09:04:39',NULL,NULL,NULL,NULL),(36328,'stock',100000864,'comments changed from \"\" to \"Area high.\";',32,NULL,'2024-05-28 09:04:39',NULL,NULL,NULL,NULL),(36329,'stock',100000936,'comments changed from \"\" to \"Scientist analysis.\";',16,NULL,'2024-05-28 09:04:39',NULL,NULL,NULL,NULL),(36330,'stock',100000927,'comments changed from \"\" to \"Poor group.\";',32,NULL,'2024-05-28 09:04:39',NULL,NULL,NULL,NULL),(36331,'stock',100000876,'comments changed from \"\" to \"Financial.\";',16,NULL,'2024-05-28 09:04:39',NULL,NULL,NULL,NULL),(36332,'stock',100000883,'comments changed from \"Either someone south.\" to \"Record around.\";',18,NULL,'2024-05-28 09:04:39',NULL,NULL,NULL,NULL),(36333,'stock',100000891,'comments changed from \"\" to \"Her.\";',34,NULL,'2024-05-28 09:04:39',NULL,NULL,NULL,NULL),(36334,'stock',100000921,'comments changed from \"\" to \"Name collection.\";',32,NULL,'2024-05-28 09:04:39',NULL,NULL,NULL,NULL),(36335,'stock',100000856,'comments changed from \"Also almost.\" to \"Personal get.\";',15,NULL,'2024-05-28 09:04:39',NULL,NULL,NULL,NULL),(36336,'stock',100000894,'comments changed from \"\" to \"Along young.\";',15,NULL,'2024-05-28 09:04:39',NULL,NULL,NULL,NULL),(36337,'stock',100000887,'comments changed from \"\" to \"Fill easy.\";',10,NULL,'2024-05-28 09:04:39',NULL,NULL,NULL,NULL),(36338,'stock',100000943,'comments changed from \"\" to \"Hospital something.\";',17,NULL,'2024-05-28 09:04:39',NULL,NULL,NULL,NULL),(36339,'stock',100000945,'comments changed from \"\" to \"Often.\";',32,NULL,'2024-05-28 09:04:39',NULL,NULL,NULL,NULL),(36340,'stock',100000938,'comments changed from \"\" to \"Week suggest.\";',32,NULL,'2024-05-28 09:04:39',NULL,NULL,NULL,NULL),(36341,'stock',100000938,'comments changed from \"Week suggest.\" to \"Drug.\";',18,NULL,'2024-05-28 09:04:39',NULL,NULL,NULL,NULL),(36342,'stock',100000940,'comments changed from \"\" to \"May crime.\";',16,NULL,'2024-05-28 09:04:39',NULL,NULL,NULL,NULL),(36343,'stock',100000927,'comments changed from \"Poor group.\" to \"Beautiful animal.\";',32,NULL,'2024-05-28 09:04:39',NULL,NULL,NULL,NULL),(36344,'stock',100000852,'comments changed from \"Nearly series.\" to \"Pick.\";',17,NULL,'2024-05-28 09:04:39',NULL,NULL,NULL,NULL),(36345,'stock',100000903,'comments changed from \"More goal.\" to \"Group.\";',34,NULL,'2024-05-28 09:04:39',NULL,NULL,NULL,NULL),(36346,'stock',100000912,'comments changed from \"\" to \"So too.\";',34,NULL,'2024-05-28 09:04:39',NULL,NULL,NULL,NULL),(36347,'stock',100000935,'comments changed from \"Subject hear.\" to \"Action.\";',18,NULL,'2024-05-28 09:04:39',NULL,NULL,NULL,NULL),(36348,'stock',100000942,'comments changed from \"Best.\" to \"Off television.\";',34,NULL,'2024-05-28 09:04:39',NULL,NULL,NULL,NULL),(36349,'stock',100000918,'comments changed from \"\" to \"Every ever.\";',10,NULL,'2024-05-28 09:04:39',NULL,NULL,NULL,NULL),(36350,'stock',100000893,'comments changed from \"\" to \"College magazine.\";',18,NULL,'2024-05-28 09:04:39',NULL,NULL,NULL,NULL),(36351,'stock',100000896,'comments changed from \"Then require thus.\" to \"About attack.\";',34,NULL,'2024-05-28 09:04:39',NULL,NULL,NULL,NULL),(36352,'stock',100000868,'comments changed from \"Mr knowledge teach.\" to \"Any reach.\";',12,NULL,'2024-05-28 09:04:39',NULL,NULL,NULL,NULL),(36353,'stock',100000893,'comments changed from \"College magazine.\" to \"Head.\";',10,NULL,'2024-05-28 09:04:39',NULL,NULL,NULL,NULL),(36354,'stock',100000940,'comments changed from \"May crime.\" to \"On human.\";',10,NULL,'2024-05-28 09:04:39',NULL,NULL,NULL,NULL),(36355,'stock',100000926,'comments changed from \"Camera low.\" to \"Prove.\";',17,NULL,'2024-05-28 09:04:39',NULL,NULL,NULL,NULL),(36356,'stock',100000941,'comments changed from \"\" to \"Human box.\";',32,NULL,'2024-05-28 09:04:39',NULL,NULL,NULL,NULL),(36357,'stock',100000868,'comments changed from \"Any reach.\" to \"Same deal.\";',12,NULL,'2024-05-28 09:04:39',NULL,NULL,NULL,NULL),(36358,'stock',100000943,'comments changed from \"Hospital something.\" to \"Girl house.\";',32,NULL,'2024-05-28 09:04:39',NULL,NULL,NULL,NULL),(36359,'stock',100000847,'comments changed from \"\" to \"Chance air.\";',12,NULL,'2024-05-28 09:04:39',NULL,NULL,NULL,NULL),(36360,'stock',100000924,'comments changed from \"\" to \"Born.\";',12,NULL,'2024-05-28 09:04:39',NULL,NULL,NULL,NULL),(36361,'stock',100000880,'comments changed from \"\" to \"Situation customer.\";',10,NULL,'2024-05-28 09:04:39',NULL,NULL,NULL,NULL),(36362,'stock',100000866,'comments changed from \"Be probably your minute.\" to \"Perform population.\";',17,NULL,'2024-05-28 09:04:39',NULL,NULL,NULL,NULL),(36363,'stock',100000918,'comments changed from \"Every ever.\" to \"Trip.\";',12,NULL,'2024-05-28 09:04:39',NULL,NULL,NULL,NULL),(36364,'stock',100000914,'comments changed from \"\" to \"Song.\";',16,NULL,'2024-05-28 09:04:39',NULL,NULL,NULL,NULL),(36365,'stock',100000937,'comments changed from \"\" to \"Exactly.\";',15,NULL,'2024-05-28 09:04:39',NULL,NULL,NULL,NULL),(36366,'stock',100000946,'comments changed from \"\" to \"State.\";',12,NULL,'2024-05-28 09:04:39',NULL,NULL,NULL,NULL),(36367,'stock',100000896,'comments changed from \"About attack.\" to \"Floor.\";',16,NULL,'2024-05-28 09:04:39',NULL,NULL,NULL,NULL),(36368,'stock',100000852,'comments changed from \"Pick.\" to \"Join.\";',16,NULL,'2024-05-28 09:04:39',NULL,NULL,NULL,NULL),(36369,'stock',100000917,'comments changed from \"\" to \"Race might.\";',17,NULL,'2024-05-28 09:04:39',NULL,NULL,NULL,NULL),(36370,'stock',100000870,'comments changed from \"\" to \"Meet.\";',17,NULL,'2024-05-28 09:04:39',NULL,NULL,NULL,NULL),(36371,'stock',100000912,'comments changed from \"So too.\" to \"He within.\";',18,NULL,'2024-05-28 09:04:39',NULL,NULL,NULL,NULL),(36372,'stock',100000851,'comments changed from \"\" to \"Section add.\";',32,NULL,'2024-05-28 09:04:39',NULL,NULL,NULL,NULL),(36373,'stock',100000859,'comments changed from \"\" to \"Wind analysis.\";',17,NULL,'2024-05-28 09:04:40',NULL,NULL,NULL,NULL),(36374,'stock',100000947,'Record created',18,NULL,'2024-05-28 09:04:40',NULL,NULL,NULL,NULL),(36375,'stock',100000948,'Record created',20,NULL,'2024-05-28 09:04:40',NULL,NULL,NULL,NULL),(36376,'stock',100000949,'Record created',39,NULL,'2024-05-28 09:04:40',NULL,NULL,NULL,NULL),(36377,'stock',100000950,'Record created',20,NULL,'2024-05-28 09:04:40',NULL,NULL,NULL,NULL),(36378,'stock',100000951,'Record created',40,NULL,'2024-05-28 09:04:40',NULL,NULL,NULL,NULL),(36379,'stock',100000952,'Record created',40,NULL,'2024-05-28 09:04:40',NULL,NULL,NULL,NULL),(36380,'stock',100000953,'Record created',10,NULL,'2024-05-28 09:04:40',NULL,NULL,NULL,NULL),(36381,'stock',100000954,'Record created',41,NULL,'2024-05-28 09:04:40',NULL,NULL,NULL,NULL),(36382,'stock',100000955,'Record created',41,NULL,'2024-05-28 09:04:40',NULL,NULL,NULL,NULL),(36383,'stock',100000956,'Record created',10,NULL,'2024-05-28 09:04:40',NULL,NULL,NULL,NULL),(36384,'stock',100000957,'Record created',19,NULL,'2024-05-28 09:04:40',NULL,NULL,NULL,NULL),(36385,'stock',100000958,'Record created',10,NULL,'2024-05-28 09:04:40',NULL,NULL,NULL,NULL),(36386,'stock',100000959,'Record created',37,NULL,'2024-05-28 09:04:40',NULL,NULL,NULL,NULL),(36387,'stock',100000960,'Record created',40,NULL,'2024-05-28 09:04:40',NULL,NULL,NULL,NULL),(36388,'stock',100000961,'Record created',39,NULL,'2024-05-28 09:04:40',NULL,NULL,NULL,NULL),(36389,'stock',100000962,'Record created',19,NULL,'2024-05-28 09:04:40',NULL,NULL,NULL,NULL),(36390,'stock',100000963,'Record created',20,NULL,'2024-05-28 09:04:40',NULL,NULL,NULL,NULL),(36391,'stock',100000964,'Record created',40,NULL,'2024-05-28 09:04:40',NULL,NULL,NULL,NULL),(36392,'stock',100000965,'Record created',40,NULL,'2024-05-28 09:04:40',NULL,NULL,NULL,NULL),(36393,'stock',100000966,'Record created',19,NULL,'2024-05-28 09:04:40',NULL,NULL,NULL,NULL),(36394,'stock',100000967,'Record created',41,NULL,'2024-05-28 09:04:40',NULL,NULL,NULL,NULL),(36395,'stock',100000968,'Record created',19,NULL,'2024-05-28 09:04:40',NULL,NULL,NULL,NULL),(36396,'stock',100000969,'Record created',38,NULL,'2024-05-28 09:04:40',NULL,NULL,NULL,NULL),(36397,'stock',100000970,'Record created',20,NULL,'2024-05-28 09:04:40',NULL,NULL,NULL,NULL),(36398,'stock',100000971,'Record created',39,NULL,'2024-05-28 09:04:40',NULL,NULL,NULL,NULL),(36399,'stock',100000972,'Record created',10,NULL,'2024-05-28 09:04:40',NULL,NULL,NULL,NULL),(36400,'stock',100000973,'Record created',20,NULL,'2024-05-28 09:04:40',NULL,NULL,NULL,NULL),(36401,'stock',100000974,'Record created',37,NULL,'2024-05-28 09:04:40',NULL,NULL,NULL,NULL),(36402,'stock',100000975,'Record created',18,NULL,'2024-05-28 09:04:40',NULL,NULL,NULL,NULL),(36403,'stock',100000976,'Record created',10,NULL,'2024-05-28 09:04:40',NULL,NULL,NULL,NULL),(36404,'stock',100000977,'Record created',20,NULL,'2024-05-28 09:04:40',NULL,NULL,NULL,NULL),(36405,'stock',100000978,'Record created',18,NULL,'2024-05-28 09:04:40',NULL,NULL,NULL,NULL),(36406,'stock',100000979,'Record created',20,NULL,'2024-05-28 09:04:40',NULL,NULL,NULL,NULL),(36407,'stock',100000980,'Record created',40,NULL,'2024-05-28 09:04:40',NULL,NULL,NULL,NULL),(36408,'stock',100000981,'Record created',37,NULL,'2024-05-28 09:04:40',NULL,NULL,NULL,NULL),(36409,'stock',100000982,'Record created',18,NULL,'2024-05-28 09:04:40',NULL,NULL,NULL,NULL),(36410,'stock',100000983,'Record created',37,NULL,'2024-05-28 09:04:40',NULL,NULL,NULL,NULL),(36411,'stock',100000984,'Record created',39,NULL,'2024-05-28 09:04:40',NULL,NULL,NULL,NULL),(36412,'stock',100000985,'Record created',38,NULL,'2024-05-28 09:04:40',NULL,NULL,NULL,NULL),(36413,'stock',100000986,'Record created',41,NULL,'2024-05-28 09:04:40',NULL,NULL,NULL,NULL),(36414,'stock',100000987,'Record created',41,NULL,'2024-05-28 09:04:40',NULL,NULL,NULL,NULL),(36415,'stock',100000988,'Record created',18,NULL,'2024-05-28 09:04:40',NULL,NULL,NULL,NULL),(36416,'stock',100000989,'Record created',37,NULL,'2024-05-28 09:04:40',NULL,NULL,NULL,NULL),(36417,'stock',100000990,'Record created',18,NULL,'2024-05-28 09:04:40',NULL,NULL,NULL,NULL),(36418,'stock',100000991,'Record created',40,NULL,'2024-05-28 09:04:40',NULL,NULL,NULL,NULL),(36419,'stock',100000992,'Record created',38,NULL,'2024-05-28 09:04:40',NULL,NULL,NULL,NULL),(36420,'stock',100000993,'Record created',40,NULL,'2024-05-28 09:04:40',NULL,NULL,NULL,NULL),(36421,'stock',100000994,'Record created',18,NULL,'2024-05-28 09:04:40',NULL,NULL,NULL,NULL),(36422,'stock',100000995,'Record created',40,NULL,'2024-05-28 09:04:41',NULL,NULL,NULL,NULL),(36423,'stock',100000996,'Record created',10,NULL,'2024-05-28 09:04:41',NULL,NULL,NULL,NULL),(36424,'stock',100000997,'Record created',38,NULL,'2024-05-28 09:04:41',NULL,NULL,NULL,NULL),(36425,'stock',100000998,'Record created',38,NULL,'2024-05-28 09:04:41',NULL,NULL,NULL,NULL),(36426,'stock',100000999,'Record created',38,NULL,'2024-05-28 09:04:41',NULL,NULL,NULL,NULL),(36427,'stock',100001000,'Record created',37,NULL,'2024-05-28 09:04:41',NULL,NULL,NULL,NULL),(36428,'stock',100001001,'Record created',41,NULL,'2024-05-28 09:04:41',NULL,NULL,NULL,NULL),(36429,'stock',100001002,'Record created',41,NULL,'2024-05-28 09:04:41',NULL,NULL,NULL,NULL),(36430,'stock',100001003,'Record created',19,NULL,'2024-05-28 09:04:41',NULL,NULL,NULL,NULL),(36431,'stock',100001004,'Record created',18,NULL,'2024-05-28 09:04:41',NULL,NULL,NULL,NULL),(36432,'stock',100001005,'Record created',40,NULL,'2024-05-28 09:04:41',NULL,NULL,NULL,NULL),(36433,'stock',100001006,'Record created',41,NULL,'2024-05-28 09:04:41',NULL,NULL,NULL,NULL),(36434,'stock',100001007,'Record created',41,NULL,'2024-05-28 09:04:41',NULL,NULL,NULL,NULL),(36435,'stock',100001008,'Record created',37,NULL,'2024-05-28 09:04:41',NULL,NULL,NULL,NULL),(36436,'stock',100001009,'Record created',40,NULL,'2024-05-28 09:04:41',NULL,NULL,NULL,NULL),(36437,'stock',100001010,'Record created',38,NULL,'2024-05-28 09:04:41',NULL,NULL,NULL,NULL),(36438,'stock',100001011,'Record created',18,NULL,'2024-05-28 09:04:41',NULL,NULL,NULL,NULL),(36439,'stock',100001012,'Record created',41,NULL,'2024-05-28 09:04:41',NULL,NULL,NULL,NULL),(36440,'stock',100001013,'Record created',20,NULL,'2024-05-28 09:04:41',NULL,NULL,NULL,NULL),(36441,'stock',100001014,'Record created',38,NULL,'2024-05-28 09:04:41',NULL,NULL,NULL,NULL),(36442,'stock',100001015,'Record created',20,NULL,'2024-05-28 09:04:41',NULL,NULL,NULL,NULL),(36443,'stock',100001016,'Record created',37,NULL,'2024-05-28 09:04:41',NULL,NULL,NULL,NULL),(36444,'stock',100001017,'Record created',40,NULL,'2024-05-28 09:04:41',NULL,NULL,NULL,NULL),(36445,'stock',100001018,'Record created',10,NULL,'2024-05-28 09:04:41',NULL,NULL,NULL,NULL),(36446,'stock',100001019,'Record created',38,NULL,'2024-05-28 09:04:41',NULL,NULL,NULL,NULL),(36447,'stock',100001020,'Record created',20,NULL,'2024-05-28 09:04:41',NULL,NULL,NULL,NULL),(36448,'stock',100001021,'Record created',41,NULL,'2024-05-28 09:04:41',NULL,NULL,NULL,NULL),(36449,'stock',100001022,'Record created',38,NULL,'2024-05-28 09:04:41',NULL,NULL,NULL,NULL),(36450,'stock',100001023,'Record created',37,NULL,'2024-05-28 09:04:41',NULL,NULL,NULL,NULL),(36451,'stock',100001024,'Record created',18,NULL,'2024-05-28 09:04:41',NULL,NULL,NULL,NULL),(36452,'stock',100001025,'Record created',18,NULL,'2024-05-28 09:04:41',NULL,NULL,NULL,NULL),(36453,'stock',100001026,'Record created',39,NULL,'2024-05-28 09:04:41',NULL,NULL,NULL,NULL),(36454,'stock',100001027,'Record created',41,NULL,'2024-05-28 09:04:41',NULL,NULL,NULL,NULL),(36455,'stock',100001028,'Record created',41,NULL,'2024-05-28 09:04:41',NULL,NULL,NULL,NULL),(36456,'stock',100001029,'Record created',37,NULL,'2024-05-28 09:04:41',NULL,NULL,NULL,NULL),(36457,'stock',100001030,'Record created',39,NULL,'2024-05-28 09:04:41',NULL,NULL,NULL,NULL),(36458,'stock',100001031,'Record created',19,NULL,'2024-05-28 09:04:41',NULL,NULL,NULL,NULL),(36459,'stock',100001032,'Record created',10,NULL,'2024-05-28 09:04:41',NULL,NULL,NULL,NULL),(36460,'stock',100001033,'Record created',38,NULL,'2024-05-28 09:04:41',NULL,NULL,NULL,NULL),(36461,'stock',100001034,'Record created',40,NULL,'2024-05-28 09:04:41',NULL,NULL,NULL,NULL),(36462,'stock',100001035,'Record created',19,NULL,'2024-05-28 09:04:41',NULL,NULL,NULL,NULL),(36463,'stock',100001036,'Record created',37,NULL,'2024-05-28 09:04:41',NULL,NULL,NULL,NULL),(36464,'stock',100001037,'Record created',19,NULL,'2024-05-28 09:04:41',NULL,NULL,NULL,NULL),(36465,'stock',100001038,'Record created',40,NULL,'2024-05-28 09:04:41',NULL,NULL,NULL,NULL),(36466,'stock',100001039,'Record created',10,NULL,'2024-05-28 09:04:41',NULL,NULL,NULL,NULL),(36467,'stock',100001040,'Record created',10,NULL,'2024-05-28 09:04:41',NULL,NULL,NULL,NULL),(36468,'stock',100001041,'Record created',37,NULL,'2024-05-28 09:04:41',NULL,NULL,NULL,NULL),(36469,'stock',100001042,'Record created',18,NULL,'2024-05-28 09:04:41',NULL,NULL,NULL,NULL),(36470,'stock',100001043,'Record created',41,NULL,'2024-05-28 09:04:42',NULL,NULL,NULL,NULL),(36471,'stock',100001044,'Record created',40,NULL,'2024-05-28 09:04:42',NULL,NULL,NULL,NULL),(36472,'stock',100001045,'Record created',39,NULL,'2024-05-28 09:04:42',NULL,NULL,NULL,NULL),(36473,'stock',100001046,'Record created',10,NULL,'2024-05-28 09:04:42',NULL,NULL,NULL,NULL),(36474,'stock',100001036,'location_id',20,NULL,'2024-05-28 09:04:42',100000056,100000058,NULL,NULL),(36475,'stock',100001036,'box_state_id',20,NULL,'2024-05-28 09:04:42',1,5,NULL,NULL),(36476,'stock',100001000,'location_id',40,NULL,'2024-05-28 09:04:42',100000056,100000058,NULL,NULL),(36477,'stock',100001000,'box_state_id',40,NULL,'2024-05-28 09:04:42',1,5,NULL,NULL),(36478,'stock',100001019,'location_id',18,NULL,'2024-05-28 09:04:42',100000054,100000057,NULL,NULL),(36479,'stock',100001019,'box_state_id',18,NULL,'2024-05-28 09:04:42',1,5,NULL,NULL),(36480,'stock',100000978,'location_id',38,NULL,'2024-05-28 09:04:42',100000054,100000057,NULL,NULL),(36481,'stock',100000978,'box_state_id',38,NULL,'2024-05-28 09:04:42',1,5,NULL,NULL),(36482,'stock',100001015,'location_id',38,NULL,'2024-05-28 09:04:42',100000055,100000058,NULL,NULL),(36483,'stock',100001015,'box_state_id',38,NULL,'2024-05-28 09:04:42',1,5,NULL,NULL),(36484,'stock',100001013,'location_id',41,NULL,'2024-05-28 09:04:42',100000054,100000057,NULL,NULL),(36485,'stock',100001013,'box_state_id',41,NULL,'2024-05-28 09:04:42',1,5,NULL,NULL),(36486,'stock',100001002,'location_id',37,NULL,'2024-05-28 09:04:42',100000055,100000058,NULL,NULL),(36487,'stock',100001002,'box_state_id',37,NULL,'2024-05-28 09:04:42',1,5,NULL,NULL),(36488,'stock',100001035,'location_id',18,NULL,'2024-05-28 09:04:42',100000056,100000058,NULL,NULL),(36489,'stock',100001035,'box_state_id',18,NULL,'2024-05-28 09:04:42',1,5,NULL,NULL),(36490,'stock',100001021,'location_id',20,NULL,'2024-05-28 09:04:42',100000054,100000058,NULL,NULL),(36491,'stock',100001021,'box_state_id',20,NULL,'2024-05-28 09:04:42',1,5,NULL,NULL),(36492,'stock',100001028,'location_id',39,NULL,'2024-05-28 09:04:42',100000055,100000057,NULL,NULL),(36493,'stock',100001028,'box_state_id',39,NULL,'2024-05-28 09:04:42',1,5,NULL,NULL),(36494,'stock',100001025,'location_id',37,NULL,'2024-05-28 09:04:42',100000056,100000058,NULL,NULL),(36495,'stock',100001025,'box_state_id',37,NULL,'2024-05-28 09:04:42',1,5,NULL,NULL),(36496,'stock',100001024,'location_id',37,NULL,'2024-05-28 09:04:42',100000056,100000058,NULL,NULL),(36497,'stock',100001024,'box_state_id',37,NULL,'2024-05-28 09:04:42',1,5,NULL,NULL),(36498,'stock',100001020,'location_id',38,NULL,'2024-05-28 09:04:42',100000055,100000058,NULL,NULL),(36499,'stock',100001020,'box_state_id',38,NULL,'2024-05-28 09:04:42',1,5,NULL,NULL),(36500,'stock',100000951,'location_id',38,NULL,'2024-05-28 09:04:42',100000056,100000057,NULL,NULL),(36501,'stock',100000951,'box_state_id',38,NULL,'2024-05-28 09:04:42',1,5,NULL,NULL),(36502,'stock',100000970,'location_id',40,NULL,'2024-05-28 09:04:42',100000055,100000057,NULL,NULL),(36503,'stock',100000970,'box_state_id',40,NULL,'2024-05-28 09:04:42',1,5,NULL,NULL),(36504,'stock',100000977,'location_id',20,NULL,'2024-05-28 09:04:42',100000054,100000057,NULL,NULL),(36505,'stock',100000977,'box_state_id',20,NULL,'2024-05-28 09:04:42',1,5,NULL,NULL),(36506,'stock',100000960,'location_id',10,NULL,'2024-05-28 09:04:42',100000055,100000058,NULL,NULL),(36507,'stock',100000960,'box_state_id',10,NULL,'2024-05-28 09:04:42',1,5,NULL,NULL),(36508,'stock',100001037,'location_id',39,NULL,'2024-05-28 09:04:42',100000054,100000058,NULL,NULL),(36509,'stock',100001037,'box_state_id',39,NULL,'2024-05-28 09:04:42',1,5,NULL,NULL),(36510,'stock',100001023,'location_id',19,NULL,'2024-05-28 09:04:42',100000054,100000057,NULL,NULL),(36511,'stock',100001023,'box_state_id',19,NULL,'2024-05-28 09:04:42',1,5,NULL,NULL),(36512,'stock',100000956,'location_id',18,NULL,'2024-05-28 09:04:42',100000054,100000058,NULL,NULL),(36513,'stock',100000956,'box_state_id',18,NULL,'2024-05-28 09:04:42',1,5,NULL,NULL),(36514,'stock',100000991,'location_id',37,NULL,'2024-05-28 09:04:42',100000054,100000057,NULL,NULL),(36515,'stock',100000991,'box_state_id',37,NULL,'2024-05-28 09:04:42',1,5,NULL,NULL),(36516,'stock',100001027,'location_id',40,NULL,'2024-05-28 09:04:42',100000055,100000057,NULL,NULL),(36517,'stock',100001027,'box_state_id',40,NULL,'2024-05-28 09:04:42',1,5,NULL,NULL),(36518,'stock',100001031,'location_id',18,NULL,'2024-05-28 09:04:42',100000055,100000058,NULL,NULL),(36519,'stock',100001031,'box_state_id',18,NULL,'2024-05-28 09:04:42',1,5,NULL,NULL),(36520,'stock',100000999,'location_id',39,NULL,'2024-05-28 09:04:42',100000056,100000058,NULL,NULL),(36521,'stock',100000999,'box_state_id',39,NULL,'2024-05-28 09:04:42',1,5,NULL,NULL),(36522,'stock',100001016,'location_id',18,NULL,'2024-05-28 09:04:42',100000055,100000058,NULL,NULL),(36523,'stock',100001016,'box_state_id',18,NULL,'2024-05-28 09:04:42',1,5,NULL,NULL),(36524,'stock',100001041,'location_id',19,NULL,'2024-05-28 09:04:42',100000054,100000057,NULL,NULL),(36525,'stock',100001041,'box_state_id',19,NULL,'2024-05-28 09:04:42',1,5,NULL,NULL),(36526,'stock',100000967,'location_id',20,NULL,'2024-05-28 09:04:42',100000054,100000057,NULL,NULL),(36527,'stock',100000967,'box_state_id',20,NULL,'2024-05-28 09:04:42',1,5,NULL,NULL),(36528,'stock',100000994,'location_id',10,NULL,'2024-05-28 09:04:42',100000054,100000058,NULL,NULL),(36529,'stock',100000994,'box_state_id',10,NULL,'2024-05-28 09:04:42',1,5,NULL,NULL),(36530,'stock',100000989,'location_id',18,NULL,'2024-05-28 09:04:42',100000054,100000058,NULL,NULL),(36531,'stock',100000989,'box_state_id',18,NULL,'2024-05-28 09:04:42',1,5,NULL,NULL),(36532,'stock',100000974,'location_id',39,NULL,'2024-05-28 09:04:42',100000055,100000058,NULL,NULL),(36533,'stock',100000974,'box_state_id',39,NULL,'2024-05-28 09:04:42',1,5,NULL,NULL),(36534,'stock',100001009,'location_id',38,NULL,'2024-05-28 09:04:43',100000055,100000057,NULL,NULL),(36535,'stock',100001009,'box_state_id',38,NULL,'2024-05-28 09:04:43',1,5,NULL,NULL),(36536,'stock',100000948,'location_id',38,NULL,'2024-05-28 09:04:43',100000055,100000058,NULL,NULL),(36537,'stock',100000948,'box_state_id',38,NULL,'2024-05-28 09:04:43',1,5,NULL,NULL),(36538,'stock',100001014,'location_id',40,NULL,'2024-05-28 09:04:43',100000055,100000058,NULL,NULL),(36539,'stock',100001014,'box_state_id',40,NULL,'2024-05-28 09:04:43',1,5,NULL,NULL),(36540,'stock',100001042,'location_id',18,NULL,'2024-05-28 09:04:43',100000054,100000057,NULL,NULL),(36541,'stock',100001042,'box_state_id',18,NULL,'2024-05-28 09:04:43',1,5,NULL,NULL),(36542,'stock',100001007,'location_id',18,NULL,'2024-05-28 09:04:43',100000056,100000058,NULL,NULL),(36543,'stock',100001007,'box_state_id',18,NULL,'2024-05-28 09:04:43',1,5,NULL,NULL),(36544,'stock',100000959,'location_id',38,NULL,'2024-05-28 09:04:43',100000054,100000058,NULL,NULL),(36545,'stock',100000959,'box_state_id',38,NULL,'2024-05-28 09:04:43',1,5,NULL,NULL),(36546,'stock',100000965,'location_id',37,NULL,'2024-05-28 09:04:43',100000054,100000058,NULL,NULL),(36547,'stock',100000965,'box_state_id',37,NULL,'2024-05-28 09:04:43',1,5,NULL,NULL),(36548,'stock',100000984,'location_id',39,NULL,'2024-05-28 09:04:43',100000056,100000057,NULL,NULL),(36549,'stock',100000984,'box_state_id',39,NULL,'2024-05-28 09:04:43',1,5,NULL,NULL),(36550,'stock',100001039,'location_id',10,NULL,'2024-05-28 09:04:43',100000056,100000058,NULL,NULL),(36551,'stock',100001039,'box_state_id',10,NULL,'2024-05-28 09:04:43',1,5,NULL,NULL),(36552,'stock',100001034,'location_id',19,NULL,'2024-05-28 09:04:43',100000055,100000058,NULL,NULL),(36553,'stock',100001034,'box_state_id',19,NULL,'2024-05-28 09:04:43',1,5,NULL,NULL),(36554,'stock',100001036,'location_id',37,NULL,'2024-05-28 09:04:43',100000058,100000057,NULL,NULL),(36555,'stock',100001044,'location_id',41,NULL,'2024-05-28 09:04:43',100000054,100000058,NULL,NULL),(36556,'stock',100001044,'box_state_id',41,NULL,'2024-05-28 09:04:43',1,5,NULL,NULL),(36557,'stock',100000969,'location_id',39,NULL,'2024-05-28 09:04:43',100000054,100000058,NULL,NULL),(36558,'stock',100000969,'box_state_id',39,NULL,'2024-05-28 09:04:43',1,5,NULL,NULL),(36559,'stock',100000957,'location_id',19,NULL,'2024-05-28 09:04:43',100000054,100000058,NULL,NULL),(36560,'stock',100000957,'box_state_id',19,NULL,'2024-05-28 09:04:43',1,5,NULL,NULL),(36561,'stock',100000985,'location_id',38,NULL,'2024-05-28 09:04:43',100000054,100000058,NULL,NULL),(36562,'stock',100000985,'box_state_id',38,NULL,'2024-05-28 09:04:43',1,5,NULL,NULL),(36563,'stock',100000982,'product_id',10,NULL,'2024-05-28 09:04:43',1335,1330,NULL,NULL),(36564,'stock',100000982,'size_id',10,NULL,'2024-05-28 09:04:43',71,70,NULL,NULL),(36565,'stock',100000948,'product_id',19,NULL,'2024-05-28 09:04:43',1320,1345,NULL,NULL),(36566,'stock',100000948,'size_id',19,NULL,'2024-05-28 09:04:43',52,117,NULL,NULL),(36567,'stock',100001035,'product_id',41,NULL,'2024-05-28 09:04:43',1361,1366,NULL,NULL),(36568,'stock',100001035,'size_id',41,NULL,'2024-05-28 09:04:43',68,14,NULL,NULL),(36569,'stock',100000954,'product_id',20,NULL,'2024-05-28 09:04:43',1343,1319,NULL,NULL),(36570,'stock',100001003,'product_id',41,NULL,'2024-05-28 09:04:43',1349,1342,NULL,NULL),(36571,'stock',100001003,'size_id',41,NULL,'2024-05-28 09:04:43',52,68,NULL,NULL),(36572,'stock',100000954,'product_id',39,NULL,'2024-05-28 09:04:43',1319,1367,NULL,NULL),(36573,'stock',100000954,'size_id',39,NULL,'2024-05-28 09:04:43',68,52,NULL,NULL),(36574,'stock',100000989,'product_id',37,NULL,'2024-05-28 09:04:43',1331,1367,NULL,NULL),(36575,'stock',100000989,'size_id',37,NULL,'2024-05-28 09:04:43',2,35,NULL,NULL),(36576,'stock',100000994,'product_id',10,NULL,'2024-05-28 09:04:43',1331,1327,NULL,NULL),(36577,'stock',100000994,'size_id',10,NULL,'2024-05-28 09:04:43',3,54,NULL,NULL),(36578,'stock',100001010,'product_id',20,NULL,'2024-05-28 09:04:43',1331,1345,NULL,NULL),(36579,'stock',100001010,'size_id',20,NULL,'2024-05-28 09:04:43',4,117,NULL,NULL),(36580,'stock',100000971,'product_id',18,NULL,'2024-05-28 09:04:43',1362,1324,NULL,NULL),(36581,'stock',100000971,'size_id',18,NULL,'2024-05-28 09:04:43',68,52,NULL,NULL),(36582,'stock',100000959,'product_id',10,NULL,'2024-05-28 09:04:43',1338,1330,NULL,NULL),(36583,'stock',100000959,'size_id',10,NULL,'2024-05-28 09:04:43',3,4,NULL,NULL),(36584,'stock',100000947,'product_id',10,NULL,'2024-05-28 09:04:43',1355,1336,NULL,NULL),(36585,'stock',100000947,'size_id',10,NULL,'2024-05-28 09:04:43',68,5,NULL,NULL),(36586,'stock',100001033,'product_id',20,NULL,'2024-05-28 09:04:43',1362,1327,NULL,NULL),(36587,'stock',100001033,'size_id',20,NULL,'2024-05-28 09:04:43',68,2,NULL,NULL),(36588,'stock',100000961,'product_id',38,NULL,'2024-05-28 09:04:43',1331,1339,NULL,NULL),(36589,'stock',100000961,'size_id',38,NULL,'2024-05-28 09:04:43',2,68,NULL,NULL),(36590,'stock',100000974,'product_id',38,NULL,'2024-05-28 09:04:43',1323,1333,NULL,NULL),(36591,'stock',100000974,'size_id',38,NULL,'2024-05-28 09:04:43',52,1,NULL,NULL),(36592,'stock',100000975,'product_id',39,NULL,'2024-05-28 09:04:43',1323,1320,NULL,NULL),(36593,'stock',100001046,'product_id',18,NULL,'2024-05-28 09:04:43',1350,1363,NULL,NULL),(36594,'stock',100001046,'size_id',18,NULL,'2024-05-28 09:04:43',52,108,NULL,NULL),(36595,'stock',100000954,'product_id',18,NULL,'2024-05-28 09:04:43',1367,1344,NULL,NULL),(36596,'stock',100000954,'size_id',18,NULL,'2024-05-28 09:04:43',52,68,NULL,NULL),(36597,'stock',100000993,'product_id',10,NULL,'2024-05-28 09:04:43',1366,1321,NULL,NULL),(36598,'stock',100000993,'size_id',10,NULL,'2024-05-28 09:04:43',61,52,NULL,NULL),(36599,'stock',100001014,'product_id',39,NULL,'2024-05-28 09:04:43',1327,1328,NULL,NULL),(36600,'stock',100001014,'size_id',39,NULL,'2024-05-28 09:04:43',5,3,NULL,NULL),(36601,'stock',100000954,'product_id',39,NULL,'2024-05-28 09:04:43',1344,1347,NULL,NULL),(36602,'stock',100000954,'size_id',39,NULL,'2024-05-28 09:04:43',68,52,NULL,NULL),(36603,'stock',100000996,'product_id',18,NULL,'2024-05-28 09:04:43',1351,1344,NULL,NULL),(36604,'stock',100001040,'product_id',10,NULL,'2024-05-28 09:04:43',1330,1335,NULL,NULL),(36605,'stock',100000991,'product_id',10,NULL,'2024-05-28 09:04:44',1346,1323,NULL,NULL),(36606,'stock',100000991,'size_id',10,NULL,'2024-05-28 09:04:44',68,52,NULL,NULL),(36607,'stock',100001033,'product_id',37,NULL,'2024-05-28 09:04:44',1327,1319,NULL,NULL),(36608,'stock',100001033,'size_id',37,NULL,'2024-05-28 09:04:44',2,52,NULL,NULL),(36609,'stock',100000983,'product_id',38,NULL,'2024-05-28 09:04:44',1323,1324,NULL,NULL),(36610,'stock',100001015,'product_id',10,NULL,'2024-05-28 09:04:44',1341,1355,NULL,NULL),(36611,'stock',100000968,'product_id',41,NULL,'2024-05-28 09:04:44',1326,1322,NULL,NULL),(36612,'stock',100000970,'product_id',41,NULL,'2024-05-28 09:04:44',1366,1362,NULL,NULL),(36613,'stock',100000970,'size_id',41,NULL,'2024-05-28 09:04:44',56,68,NULL,NULL),(36614,'stock',100001028,'product_id',10,NULL,'2024-05-28 09:04:44',1346,1334,NULL,NULL),(36615,'stock',100001028,'size_id',10,NULL,'2024-05-28 09:04:44',68,5,NULL,NULL),(36616,'stock',100000949,'product_id',41,NULL,'2024-05-28 09:04:44',1341,1363,NULL,NULL),(36617,'stock',100000949,'size_id',41,NULL,'2024-05-28 09:04:44',68,114,NULL,NULL),(36618,'stock',100001008,'product_id',10,NULL,'2024-05-28 09:04:44',1334,1322,NULL,NULL),(36619,'stock',100001008,'size_id',10,NULL,'2024-05-28 09:04:44',1,52,NULL,NULL),(36620,'stock',100001001,'product_id',20,NULL,'2024-05-28 09:04:44',1360,1325,NULL,NULL),(36621,'stock',100000969,'product_id',41,NULL,'2024-05-28 09:04:44',1328,1332,NULL,NULL),(36622,'stock',100000969,'size_id',41,NULL,'2024-05-28 09:04:44',71,4,NULL,NULL),(36623,'stock',100000998,'product_id',37,NULL,'2024-05-28 09:04:44',1362,1329,NULL,NULL),(36624,'stock',100000998,'size_id',37,NULL,'2024-05-28 09:04:44',68,53,NULL,NULL),(36625,'stock',100001032,'product_id',37,NULL,'2024-05-28 09:04:44',1351,1343,NULL,NULL),(36626,'stock',100001032,'size_id',37,NULL,'2024-05-28 09:04:44',118,68,NULL,NULL),(36627,'stock',100001038,'product_id',41,NULL,'2024-05-28 09:04:44',1320,1335,NULL,NULL),(36628,'stock',100001038,'size_id',41,NULL,'2024-05-28 09:04:44',52,71,NULL,NULL),(36629,'stock',100001006,'product_id',41,NULL,'2024-05-28 09:04:44',1345,1366,NULL,NULL),(36630,'stock',100001006,'size_id',41,NULL,'2024-05-28 09:04:44',68,32,NULL,NULL),(36631,'stock',100000964,'product_id',37,NULL,'2024-05-28 09:04:44',1363,1332,NULL,NULL),(36632,'stock',100000964,'size_id',37,NULL,'2024-05-28 09:04:44',138,4,NULL,NULL),(36633,'stock',100000961,'product_id',37,NULL,'2024-05-28 09:04:44',1339,1343,NULL,NULL),(36634,'stock',100000988,'product_id',20,NULL,'2024-05-28 09:04:44',1331,1326,NULL,NULL),(36635,'stock',100000988,'size_id',20,NULL,'2024-05-28 09:04:44',4,52,NULL,NULL),(36636,'stock',100000961,'product_id',40,NULL,'2024-05-28 09:04:44',1343,1359,NULL,NULL),(36637,'stock',100001019,'product_id',20,NULL,'2024-05-28 09:04:44',1319,1324,NULL,NULL),(36638,'stock',100000979,'product_id',19,NULL,'2024-05-28 09:04:44',1363,1337,NULL,NULL),(36639,'stock',100000979,'size_id',19,NULL,'2024-05-28 09:04:44',108,2,NULL,NULL),(36640,'stock',100001028,'product_id',40,NULL,'2024-05-28 09:04:44',1334,1332,NULL,NULL),(36641,'stock',100001028,'size_id',40,NULL,'2024-05-28 09:04:44',5,3,NULL,NULL),(36642,'stock',100001045,'product_id',41,NULL,'2024-05-28 09:04:44',1353,1348,NULL,NULL),(36643,'stock',100001045,'size_id',41,NULL,'2024-05-28 09:04:44',68,52,NULL,NULL),(36644,'stock',100001033,'product_id',38,NULL,'2024-05-28 09:04:44',1319,1336,NULL,NULL),(36645,'stock',100001033,'size_id',38,NULL,'2024-05-28 09:04:44',52,4,NULL,NULL),(36646,'stock',100000971,'product_id',37,NULL,'2024-05-28 09:04:44',1324,1361,NULL,NULL),(36647,'stock',100000971,'size_id',37,NULL,'2024-05-28 09:04:44',52,68,NULL,NULL),(36648,'stock',100000954,'product_id',39,NULL,'2024-05-28 09:04:44',1347,1322,NULL,NULL),(36649,'stock',100000995,'product_id',10,NULL,'2024-05-28 09:04:44',1327,1355,NULL,NULL),(36650,'stock',100000995,'size_id',10,NULL,'2024-05-28 09:04:44',4,68,NULL,NULL),(36651,'stock',100000993,'items',38,NULL,'2024-05-28 09:04:44',209,257,NULL,NULL),(36652,'stock',100000972,'items',39,NULL,'2024-05-28 09:04:44',53,922,NULL,NULL),(36653,'stock',100000982,'items',39,NULL,'2024-05-28 09:04:44',957,323,NULL,NULL),(36654,'stock',100001001,'items',10,NULL,'2024-05-28 09:04:44',522,6,NULL,NULL),(36655,'stock',100001028,'items',38,NULL,'2024-05-28 09:04:44',907,508,NULL,NULL),(36656,'stock',100001029,'items',41,NULL,'2024-05-28 09:04:44',846,77,NULL,NULL),(36657,'stock',100001025,'items',10,NULL,'2024-05-28 09:04:44',876,960,NULL,NULL),(36658,'stock',100001030,'items',20,NULL,'2024-05-28 09:04:44',241,123,NULL,NULL),(36659,'stock',100001003,'items',39,NULL,'2024-05-28 09:04:44',576,431,NULL,NULL),(36660,'stock',100001040,'items',10,NULL,'2024-05-28 09:04:44',324,940,NULL,NULL),(36661,'stock',100000967,'items',18,NULL,'2024-05-28 09:04:44',766,400,NULL,NULL),(36662,'stock',100000960,'items',19,NULL,'2024-05-28 09:04:44',670,862,NULL,NULL),(36663,'stock',100000955,'items',18,NULL,'2024-05-28 09:04:44',114,227,NULL,NULL),(36664,'stock',100001011,'items',39,NULL,'2024-05-28 09:04:44',8,26,NULL,NULL),(36665,'stock',100000971,'items',18,NULL,'2024-05-28 09:04:44',260,153,NULL,NULL),(36666,'stock',100000962,'items',18,NULL,'2024-05-28 09:04:44',524,91,NULL,NULL),(36667,'stock',100001007,'items',39,NULL,'2024-05-28 09:04:44',637,321,NULL,NULL),(36668,'stock',100001017,'items',19,NULL,'2024-05-28 09:04:44',647,600,NULL,NULL),(36669,'stock',100001012,'items',41,NULL,'2024-05-28 09:04:44',609,445,NULL,NULL),(36670,'stock',100001009,'items',20,NULL,'2024-05-28 09:04:44',407,65,NULL,NULL),(36671,'stock',100000985,'items',10,NULL,'2024-05-28 09:04:44',459,737,NULL,NULL),(36672,'stock',100000991,'items',18,NULL,'2024-05-28 09:04:44',130,201,NULL,NULL),(36673,'stock',100000969,'items',40,NULL,'2024-05-28 09:04:44',189,983,NULL,NULL),(36674,'stock',100001035,'items',20,NULL,'2024-05-28 09:04:44',179,231,NULL,NULL),(36675,'stock',100000982,'items',18,NULL,'2024-05-28 09:04:44',323,976,NULL,NULL),(36676,'stock',100000991,'items',19,NULL,'2024-05-28 09:04:44',201,277,NULL,NULL),(36677,'stock',100001003,'items',40,NULL,'2024-05-28 09:04:44',431,213,NULL,NULL),(36678,'stock',100001008,'items',10,NULL,'2024-05-28 09:04:44',838,159,NULL,NULL),(36679,'stock',100000983,'items',10,NULL,'2024-05-28 09:04:44',442,114,NULL,NULL),(36680,'stock',100001010,'items',18,NULL,'2024-05-28 09:04:44',173,20,NULL,NULL),(36681,'stock',100000967,'items',10,NULL,'2024-05-28 09:04:44',400,261,NULL,NULL),(36682,'stock',100001033,'items',39,NULL,'2024-05-28 09:04:45',472,857,NULL,NULL),(36683,'stock',100000947,'items',38,NULL,'2024-05-28 09:04:45',248,863,NULL,NULL),(36684,'stock',100000983,'items',38,NULL,'2024-05-28 09:04:45',114,792,NULL,NULL),(36685,'stock',100000980,'items',20,NULL,'2024-05-28 09:04:45',469,753,NULL,NULL),(36686,'stock',100000980,'items',10,NULL,'2024-05-28 09:04:45',753,752,NULL,NULL),(36687,'stock',100000997,'items',10,NULL,'2024-05-28 09:04:45',659,37,NULL,NULL),(36688,'stock',100000957,'items',41,NULL,'2024-05-28 09:04:45',873,496,NULL,NULL),(36689,'stock',100000963,'items',19,NULL,'2024-05-28 09:04:45',302,727,NULL,NULL),(36690,'stock',100000998,'items',19,NULL,'2024-05-28 09:04:45',143,545,NULL,NULL),(36691,'stock',100000952,'items',38,NULL,'2024-05-28 09:04:45',8,668,NULL,NULL),(36692,'stock',100000957,'items',10,NULL,'2024-05-28 09:04:45',496,28,NULL,NULL),(36693,'stock',100000951,'items',19,NULL,'2024-05-28 09:04:45',48,416,NULL,NULL),(36694,'stock',100001010,'items',18,NULL,'2024-05-28 09:04:45',20,218,NULL,NULL),(36695,'stock',100001018,'items',18,NULL,'2024-05-28 09:04:45',583,348,NULL,NULL),(36696,'stock',100001041,'items',40,NULL,'2024-05-28 09:04:45',428,504,NULL,NULL),(36697,'stock',100000953,'items',19,NULL,'2024-05-28 09:04:45',616,549,NULL,NULL),(36698,'stock',100000961,'items',37,NULL,'2024-05-28 09:04:45',693,36,NULL,NULL),(36699,'stock',100001045,'items',20,NULL,'2024-05-28 09:04:45',770,125,NULL,NULL),(36700,'stock',100001031,'items',41,NULL,'2024-05-28 09:04:45',715,778,NULL,NULL),(36701,'stock',100000950,'comments changed from \"\" to \"Run include.\";',39,NULL,'2024-05-28 09:04:45',NULL,NULL,NULL,NULL),(36702,'stock',100001015,'comments changed from \"\" to \"Exist.\";',40,NULL,'2024-05-28 09:04:45',NULL,NULL,NULL,NULL),(36703,'stock',100001028,'comments changed from \"\" to \"Hear.\";',19,NULL,'2024-05-28 09:04:45',NULL,NULL,NULL,NULL),(36704,'stock',100001029,'comments changed from \"\" to \"Idea.\";',18,NULL,'2024-05-28 09:04:45',NULL,NULL,NULL,NULL),(36705,'stock',100001034,'comments changed from \"\" to \"Should.\";',41,NULL,'2024-05-28 09:04:45',NULL,NULL,NULL,NULL),(36706,'stock',100001012,'comments changed from \"\" to \"Carry.\";',18,NULL,'2024-05-28 09:04:45',NULL,NULL,NULL,NULL),(36707,'stock',100000976,'comments changed from \"\" to \"Change church.\";',41,NULL,'2024-05-28 09:04:45',NULL,NULL,NULL,NULL),(36708,'stock',100000998,'comments changed from \"\" to \"More know.\";',20,NULL,'2024-05-28 09:04:45',NULL,NULL,NULL,NULL),(36709,'stock',100000949,'comments changed from \"Resource other.\" to \"International.\";',38,NULL,'2024-05-28 09:04:45',NULL,NULL,NULL,NULL),(36710,'stock',100001031,'comments changed from \"\" to \"Wife.\";',10,NULL,'2024-05-28 09:04:45',NULL,NULL,NULL,NULL),(36711,'stock',100000975,'comments changed from \"\" to \"Pick effort.\";',38,NULL,'2024-05-28 09:04:45',NULL,NULL,NULL,NULL),(36712,'stock',100000991,'comments changed from \"\" to \"High manage.\";',37,NULL,'2024-05-28 09:04:45',NULL,NULL,NULL,NULL),(36713,'stock',100001005,'comments changed from \"\" to \"College husband.\";',40,NULL,'2024-05-28 09:04:45',NULL,NULL,NULL,NULL),(36714,'stock',100001010,'comments changed from \"South bed bill.\" to \"Participant ten.\";',19,NULL,'2024-05-28 09:04:45',NULL,NULL,NULL,NULL),(36715,'stock',100000950,'comments changed from \"Run include.\" to \"Recently.\";',41,NULL,'2024-05-28 09:04:45',NULL,NULL,NULL,NULL),(36716,'stock',100000966,'comments changed from \"\" to \"Show.\";',10,NULL,'2024-05-28 09:04:45',NULL,NULL,NULL,NULL),(36717,'stock',100001007,'comments changed from \"Machine.\" to \"Red.\";',40,NULL,'2024-05-28 09:04:45',NULL,NULL,NULL,NULL),(36718,'stock',100000948,'comments changed from \"Site ten everybody.\" to \"Little likely.\";',40,NULL,'2024-05-28 09:04:45',NULL,NULL,NULL,NULL),(36719,'stock',100000963,'comments changed from \"\" to \"Environment.\";',10,NULL,'2024-05-28 09:04:45',NULL,NULL,NULL,NULL),(36720,'stock',100001028,'comments changed from \"Hear.\" to \"White as.\";',20,NULL,'2024-05-28 09:04:45',NULL,NULL,NULL,NULL),(36721,'stock',100000989,'comments changed from \"\" to \"Feel box.\";',19,NULL,'2024-05-28 09:04:45',NULL,NULL,NULL,NULL),(36722,'stock',100001042,'comments changed from \"From.\" to \"We book.\";',40,NULL,'2024-05-28 09:04:45',NULL,NULL,NULL,NULL),(36723,'stock',100001023,'comments changed from \"\" to \"True.\";',20,NULL,'2024-05-28 09:04:45',NULL,NULL,NULL,NULL),(36724,'stock',100001007,'comments changed from \"Red.\" to \"Occur nature.\";',10,NULL,'2024-05-28 09:04:45',NULL,NULL,NULL,NULL),(36725,'stock',100001013,'comments changed from \"\" to \"Stop.\";',41,NULL,'2024-05-28 09:04:45',NULL,NULL,NULL,NULL),(36726,'stock',100001042,'comments changed from \"We book.\" to \"Field citizen.\";',20,NULL,'2024-05-28 09:04:45',NULL,NULL,NULL,NULL),(36727,'stock',100000982,'comments changed from \"\" to \"Site final.\";',40,NULL,'2024-05-28 09:04:45',NULL,NULL,NULL,NULL),(36728,'stock',100001004,'comments changed from \"Could push.\" to \"Ever.\";',37,NULL,'2024-05-28 09:04:45',NULL,NULL,NULL,NULL),(36729,'stock',100001040,'comments changed from \"\" to \"Be quickly.\";',18,NULL,'2024-05-28 09:04:45',NULL,NULL,NULL,NULL),(36730,'stock',100000989,'comments changed from \"Feel box.\" to \"Tv carry.\";',40,NULL,'2024-05-28 09:04:45',NULL,NULL,NULL,NULL),(36731,'stock',100000954,'comments changed from \"\" to \"Save first.\";',38,NULL,'2024-05-28 09:04:45',NULL,NULL,NULL,NULL),(36732,'stock',100000985,'comments changed from \"Message.\" to \"Wrong.\";',38,NULL,'2024-05-28 09:04:45',NULL,NULL,NULL,NULL),(36733,'stock',100000990,'comments changed from \"\" to \"Part.\";',41,NULL,'2024-05-28 09:04:45',NULL,NULL,NULL,NULL),(36734,'stock',100001040,'comments changed from \"Be quickly.\" to \"Relationship research.\";',18,NULL,'2024-05-28 09:04:45',NULL,NULL,NULL,NULL),(36735,'stock',100001015,'comments changed from \"Exist.\" to \"Student plan.\";',39,NULL,'2024-05-28 09:04:45',NULL,NULL,NULL,NULL),(36736,'stock',100000961,'comments changed from \"\" to \"Record newspaper.\";',41,NULL,'2024-05-28 09:04:45',NULL,NULL,NULL,NULL),(36737,'stock',100000985,'comments changed from \"Wrong.\" to \"Particular.\";',20,NULL,'2024-05-28 09:04:45',NULL,NULL,NULL,NULL),(36738,'stock',100000954,'comments changed from \"Save first.\" to \"Do.\";',37,NULL,'2024-05-28 09:04:45',NULL,NULL,NULL,NULL),(36739,'stock',100001042,'comments changed from \"Field citizen.\" to \"American subject.\";',39,NULL,'2024-05-28 09:04:45',NULL,NULL,NULL,NULL),(36740,'stock',100001009,'comments changed from \"\" to \"Indicate.\";',20,NULL,'2024-05-28 09:04:45',NULL,NULL,NULL,NULL),(36741,'stock',100000960,'comments changed from \"\" to \"Support.\";',18,NULL,'2024-05-28 09:04:45',NULL,NULL,NULL,NULL),(36742,'stock',100001000,'comments changed from \"\" to \"Series.\";',19,NULL,'2024-05-28 09:04:46',NULL,NULL,NULL,NULL),(36743,'stock',100001024,'comments changed from \"\" to \"Approach.\";',40,NULL,'2024-05-28 09:04:46',NULL,NULL,NULL,NULL),(36744,'stock',100000959,'comments changed from \"\" to \"With.\";',20,NULL,'2024-05-28 09:04:46',NULL,NULL,NULL,NULL),(36745,'stock',100000974,'comments changed from \"\" to \"Phone painting.\";',38,NULL,'2024-05-28 09:04:46',NULL,NULL,NULL,NULL),(36746,'stock',100001033,'comments changed from \"\" to \"Together husband.\";',18,NULL,'2024-05-28 09:04:46',NULL,NULL,NULL,NULL),(36747,'stock',100000981,'comments changed from \"\" to \"Especially.\";',40,NULL,'2024-05-28 09:04:46',NULL,NULL,NULL,NULL),(36748,'stock',100000995,'comments changed from \"\" to \"Rise.\";',37,NULL,'2024-05-28 09:04:46',NULL,NULL,NULL,NULL),(36749,'stock',100001008,'comments changed from \"\" to \"Enough tend.\";',20,NULL,'2024-05-28 09:04:46',NULL,NULL,NULL,NULL),(36750,'stock',100001033,'comments changed from \"Together husband.\" to \"Career.\";',37,NULL,'2024-05-28 09:04:46',NULL,NULL,NULL,NULL),(36751,'stock',100000471,'box_state_id',37,NULL,'2024-05-28 09:04:46',1,3,NULL,NULL),(36752,'stock',100000650,'box_state_id',37,NULL,'2024-05-28 09:04:46',1,3,NULL,NULL),(36753,'stock',100000687,'box_state_id',37,NULL,'2024-05-28 09:04:46',1,3,NULL,NULL),(36754,'stock',100000699,'box_state_id',37,NULL,'2024-05-28 09:04:46',1,3,NULL,NULL),(36755,'stock',100000710,'box_state_id',37,NULL,'2024-05-28 09:04:46',1,3,NULL,NULL),(36756,'stock',100000274,'box_state_id',37,NULL,'2024-05-28 09:04:46',1,3,NULL,NULL),(36757,'stock',100000275,'box_state_id',37,NULL,'2024-05-28 09:04:46',1,3,NULL,NULL),(36758,'stock',100000618,'box_state_id',37,NULL,'2024-05-28 09:04:46',1,3,NULL,NULL),(36759,'stock',100000699,'box_state_id',37,NULL,'2024-05-28 09:04:46',3,1,NULL,NULL),(36760,'stock',100000710,'box_state_id',37,NULL,'2024-05-28 09:04:46',3,1,NULL,NULL),(36761,'stock',100000471,'box_state_id',37,NULL,'2024-05-28 09:04:46',3,7,NULL,NULL),(36762,'stock',100000650,'box_state_id',37,NULL,'2024-05-28 09:04:46',3,7,NULL,NULL),(36763,'stock',100000687,'box_state_id',37,NULL,'2024-05-28 09:04:46',3,7,NULL,NULL),(36764,'stock',100000274,'box_state_id',37,NULL,'2024-05-28 09:04:46',3,7,NULL,NULL),(36765,'stock',100000275,'box_state_id',37,NULL,'2024-05-28 09:04:46',3,7,NULL,NULL),(36766,'stock',100000618,'box_state_id',37,NULL,'2024-05-28 09:04:46',3,7,NULL,NULL),(36767,'stock',100000471,'box_state_id',37,NULL,'2024-05-28 09:04:46',7,4,NULL,NULL),(36768,'stock',100000650,'box_state_id',37,NULL,'2024-05-28 09:04:46',7,4,NULL,NULL),(36769,'stock',100000687,'box_state_id',37,NULL,'2024-05-28 09:04:46',7,4,NULL,NULL),(36770,'stock',100000274,'box_state_id',37,NULL,'2024-05-28 09:04:46',7,4,NULL,NULL),(36771,'stock',100000275,'box_state_id',37,NULL,'2024-05-28 09:04:46',7,4,NULL,NULL),(36772,'stock',100000618,'box_state_id',37,NULL,'2024-05-28 09:04:46',7,4,NULL,NULL),(36773,'stock',100000471,'product_id',37,NULL,'2024-05-28 09:04:46',1189,1240,NULL,NULL),(36774,'stock',100000471,'location_id',37,NULL,'2024-05-28 09:04:46',100000036,100000044,NULL,NULL),(36775,'stock',100000471,'box_state_id',37,NULL,'2024-05-28 09:04:46',4,1,NULL,NULL),(36776,'stock',100000650,'product_id',37,NULL,'2024-05-28 09:04:46',1210,1261,NULL,NULL),(36777,'stock',100000650,'location_id',37,NULL,'2024-05-28 09:04:46',100000036,100000044,NULL,NULL),(36778,'stock',100000650,'box_state_id',37,NULL,'2024-05-28 09:04:46',4,1,NULL,NULL),(36779,'stock',100000687,'product_id',37,NULL,'2024-05-28 09:04:46',1208,1259,NULL,NULL),(36780,'stock',100000687,'location_id',37,NULL,'2024-05-28 09:04:46',100000036,100000042,NULL,NULL),(36781,'stock',100000687,'box_state_id',37,NULL,'2024-05-28 09:04:46',4,1,NULL,NULL),(36782,'stock',100000274,'product_id',37,NULL,'2024-05-28 09:04:46',1210,1261,NULL,NULL),(36783,'stock',100000274,'location_id',37,NULL,'2024-05-28 09:04:46',100000038,100000044,NULL,NULL),(36784,'stock',100000274,'box_state_id',37,NULL,'2024-05-28 09:04:46',4,1,NULL,NULL),(36785,'stock',100000275,'product_id',37,NULL,'2024-05-28 09:04:46',1194,1245,NULL,NULL),(36786,'stock',100000275,'location_id',37,NULL,'2024-05-28 09:04:46',100000038,100000044,NULL,NULL),(36787,'stock',100000275,'box_state_id',37,NULL,'2024-05-28 09:04:46',4,1,NULL,NULL),(36788,'stock',100000618,'product_id',37,NULL,'2024-05-28 09:04:46',1179,1230,NULL,NULL),(36789,'stock',100000618,'location_id',37,NULL,'2024-05-28 09:04:46',100000038,100000042,NULL,NULL),(36790,'stock',100000618,'box_state_id',37,NULL,'2024-05-28 09:04:46',4,1,NULL,NULL),(36791,'stock',100000618,'box_state_id',37,NULL,'2024-05-28 09:04:46',1,8,NULL,NULL),(36792,'stock',100000471,'box_state_id',37,NULL,'2024-05-28 09:04:46',1,8,NULL,NULL),(36793,'stock',100000287,'box_state_id',37,NULL,'2024-05-28 09:04:46',1,3,NULL,NULL),(36794,'stock',100000317,'box_state_id',37,NULL,'2024-05-28 09:04:46',1,3,NULL,NULL),(36795,'stock',100000489,'box_state_id',37,NULL,'2024-05-28 09:04:46',1,3,NULL,NULL),(36796,'stock',100000579,'box_state_id',37,NULL,'2024-05-28 09:04:46',1,3,NULL,NULL),(36797,'stock',100000583,'box_state_id',37,NULL,'2024-05-28 09:04:46',1,3,NULL,NULL),(36798,'stock',100000388,'box_state_id',37,NULL,'2024-05-28 09:04:46',1,3,NULL,NULL),(36799,'stock',100000543,'box_state_id',37,NULL,'2024-05-28 09:04:46',1,3,NULL,NULL),(36800,'stock',100000301,'box_state_id',37,NULL,'2024-05-28 09:04:46',1,3,NULL,NULL),(36801,'stock',100000412,'box_state_id',37,NULL,'2024-05-28 09:04:46',1,3,NULL,NULL),(36802,'stock',100000287,'box_state_id',37,NULL,'2024-05-28 09:04:46',3,1,NULL,NULL),(36803,'stock',100000317,'box_state_id',37,NULL,'2024-05-28 09:04:46',3,1,NULL,NULL),(36804,'stock',100000489,'box_state_id',37,NULL,'2024-05-28 09:04:46',3,1,NULL,NULL),(36805,'stock',100000579,'box_state_id',37,NULL,'2024-05-28 09:04:46',3,1,NULL,NULL),(36806,'stock',100000583,'box_state_id',37,NULL,'2024-05-28 09:04:46',3,1,NULL,NULL),(36807,'stock',100000388,'box_state_id',37,NULL,'2024-05-28 09:04:46',3,1,NULL,NULL),(36808,'stock',100000543,'box_state_id',37,NULL,'2024-05-28 09:04:46',3,1,NULL,NULL),(36809,'stock',100000301,'box_state_id',37,NULL,'2024-05-28 09:04:46',3,1,NULL,NULL),(36810,'stock',100000412,'box_state_id',37,NULL,'2024-05-28 09:04:46',3,1,NULL,NULL),(36811,'stock',100000806,'box_state_id',37,NULL,'2024-05-28 09:04:46',1,3,NULL,NULL),(36812,'stock',100000785,'box_state_id',37,NULL,'2024-05-28 09:04:46',1,3,NULL,NULL),(36813,'stock',100000801,'box_state_id',37,NULL,'2024-05-28 09:04:46',1,3,NULL,NULL),(36814,'stock',100000806,'box_state_id',37,NULL,'2024-05-28 09:04:46',3,7,NULL,NULL),(36815,'stock',100000785,'box_state_id',37,NULL,'2024-05-28 09:04:46',3,7,NULL,NULL),(36816,'stock',100000801,'box_state_id',37,NULL,'2024-05-28 09:04:46',3,7,NULL,NULL),(36817,'stock',100000806,'box_state_id',37,NULL,'2024-05-28 09:04:46',7,8,NULL,NULL),(36818,'stock',100000785,'box_state_id',37,NULL,'2024-05-28 09:04:46',7,8,NULL,NULL),(36819,'stock',100000801,'box_state_id',37,NULL,'2024-05-28 09:04:46',7,8,NULL,NULL),(36820,'stock',100000802,'box_state_id',37,NULL,'2024-05-28 09:04:46',1,3,NULL,NULL),(36821,'stock',100000774,'box_state_id',37,NULL,'2024-05-28 09:04:46',1,3,NULL,NULL),(36822,'stock',100000805,'box_state_id',37,NULL,'2024-05-28 09:04:46',1,3,NULL,NULL),(36823,'stock',100000752,'box_state_id',37,NULL,'2024-05-28 09:04:46',1,3,NULL,NULL),(36824,'stock',100000783,'box_state_id',37,NULL,'2024-05-28 09:04:46',1,3,NULL,NULL),(36825,'stock',100000794,'box_state_id',37,NULL,'2024-05-28 09:04:46',1,3,NULL,NULL),(36826,'stock',100000833,'box_state_id',37,NULL,'2024-05-28 09:04:46',1,3,NULL,NULL),(36827,'stock',100000802,'box_state_id',37,NULL,'2024-05-28 09:04:46',3,7,NULL,NULL),(36828,'stock',100000774,'box_state_id',37,NULL,'2024-05-28 09:04:46',3,7,NULL,NULL),(36829,'stock',100000805,'box_state_id',37,NULL,'2024-05-28 09:04:46',3,7,NULL,NULL),(36830,'stock',100000752,'box_state_id',37,NULL,'2024-05-28 09:04:46',3,7,NULL,NULL),(36831,'stock',100000783,'box_state_id',37,NULL,'2024-05-28 09:04:46',3,7,NULL,NULL),(36832,'stock',100000794,'box_state_id',37,NULL,'2024-05-28 09:04:46',3,7,NULL,NULL),(36833,'stock',100000833,'box_state_id',37,NULL,'2024-05-28 09:04:46',3,7,NULL,NULL),(36834,'stock',100000802,'box_state_id',37,NULL,'2024-05-28 09:04:46',7,4,NULL,NULL),(36835,'stock',100000774,'box_state_id',37,NULL,'2024-05-28 09:04:46',7,4,NULL,NULL),(36836,'stock',100000805,'box_state_id',37,NULL,'2024-05-28 09:04:46',7,4,NULL,NULL),(36837,'stock',100000752,'box_state_id',37,NULL,'2024-05-28 09:04:46',7,4,NULL,NULL),(36838,'stock',100000783,'box_state_id',37,NULL,'2024-05-28 09:04:46',7,4,NULL,NULL),(36839,'stock',100000794,'box_state_id',37,NULL,'2024-05-28 09:04:46',7,4,NULL,NULL),(36840,'stock',100000833,'box_state_id',37,NULL,'2024-05-28 09:04:46',7,4,NULL,NULL),(36841,'stock',100000872,'box_state_id',37,NULL,'2024-05-28 09:04:46',1,3,NULL,NULL),(36842,'stock',100000854,'box_state_id',37,NULL,'2024-05-28 09:04:46',1,3,NULL,NULL),(36843,'stock',100000903,'box_state_id',37,NULL,'2024-05-28 09:04:46',1,3,NULL,NULL),(36844,'stock',100000928,'box_state_id',37,NULL,'2024-05-28 09:04:46',1,3,NULL,NULL),(36845,'stock',100000932,'box_state_id',37,NULL,'2024-05-28 09:04:46',1,3,NULL,NULL),(36846,'stock',100000938,'box_state_id',37,NULL,'2024-05-28 09:04:46',1,3,NULL,NULL),(36847,'stock',100000855,'box_state_id',37,NULL,'2024-05-28 09:04:46',1,3,NULL,NULL),(36848,'stock',100000848,'box_state_id',37,NULL,'2024-05-28 09:04:47',1,3,NULL,NULL),(36849,'stock',100000945,'box_state_id',37,NULL,'2024-05-28 09:04:47',1,3,NULL,NULL),(36850,'stock',100000930,'box_state_id',37,NULL,'2024-05-28 09:04:47',1,3,NULL,NULL),(36851,'stock',100000848,'box_state_id',37,NULL,'2024-05-28 09:04:47',3,7,NULL,NULL),(36852,'stock',100000945,'box_state_id',37,NULL,'2024-05-28 09:04:47',3,7,NULL,NULL),(36853,'stock',100000930,'box_state_id',37,NULL,'2024-05-28 09:04:47',3,7,NULL,NULL),(36854,'transactions',100001891,'Record created',23,NULL,'2024-05-28 09:04:47',NULL,NULL,NULL,NULL),(36855,'transactions',100001892,'Record created',7,NULL,'2024-05-28 09:04:47',NULL,NULL,NULL,NULL),(36856,'transactions',100001893,'Record created',3,NULL,'2024-05-28 09:04:47',NULL,NULL,NULL,NULL),(36857,'transactions',100001894,'Record created',9,NULL,'2024-05-28 09:04:47',NULL,NULL,NULL,NULL),(36858,'transactions',100001895,'Record created',8,NULL,'2024-05-28 09:04:47',NULL,NULL,NULL,NULL),(36859,'transactions',100001896,'Record created',4,NULL,'2024-05-28 09:04:47',NULL,NULL,NULL,NULL),(36860,'transactions',100001897,'Record created',24,NULL,'2024-05-28 09:04:47',NULL,NULL,NULL,NULL),(36861,'transactions',100001898,'Record created',2,NULL,'2024-05-28 09:04:47',NULL,NULL,NULL,NULL),(36862,'transactions',100001899,'Record created',6,NULL,'2024-05-28 09:04:47',NULL,NULL,NULL,NULL),(36863,'transactions',100001900,'Record created',5,NULL,'2024-05-28 09:04:47',NULL,NULL,NULL,NULL),(36864,'transactions',100001901,'Record created',8,NULL,'2024-05-28 09:04:47',NULL,NULL,NULL,NULL),(36865,'transactions',100001902,'Record created',8,NULL,'2024-05-28 09:04:47',NULL,NULL,NULL,NULL),(36866,'transactions',100001903,'Record created',24,NULL,'2024-05-28 09:04:47',NULL,NULL,NULL,NULL),(36867,'transactions',100001904,'Record created',6,NULL,'2024-05-28 09:04:47',NULL,NULL,NULL,NULL),(36868,'transactions',100001905,'Record created',2,NULL,'2024-05-28 09:04:47',NULL,NULL,NULL,NULL),(36869,'transactions',100001906,'Record created',24,NULL,'2024-05-28 09:04:47',NULL,NULL,NULL,NULL),(36870,'transactions',100001907,'Record created',9,NULL,'2024-05-28 09:04:47',NULL,NULL,NULL,NULL),(36871,'transactions',100001908,'Record created',23,NULL,'2024-05-28 09:04:47',NULL,NULL,NULL,NULL),(36872,'transactions',100001909,'Record created',24,NULL,'2024-05-28 09:04:47',NULL,NULL,NULL,NULL),(36873,'transactions',100001910,'Record created',23,NULL,'2024-05-28 09:04:47',NULL,NULL,NULL,NULL),(36874,'transactions',100001911,'Record created',23,NULL,'2024-05-28 09:04:47',NULL,NULL,NULL,NULL),(36875,'transactions',100001912,'Record created',9,NULL,'2024-05-28 09:04:47',NULL,NULL,NULL,NULL),(36876,'transactions',100001913,'Record created',9,NULL,'2024-05-28 09:04:47',NULL,NULL,NULL,NULL),(36877,'transactions',100001914,'Record created',23,NULL,'2024-05-28 09:04:47',NULL,NULL,NULL,NULL),(36878,'transactions',100001915,'Record created',25,NULL,'2024-05-28 09:04:47',NULL,NULL,NULL,NULL),(36879,'transactions',100001916,'Record created',8,NULL,'2024-05-28 09:04:47',NULL,NULL,NULL,NULL),(36880,'transactions',100001917,'Record created',2,NULL,'2024-05-28 09:04:47',NULL,NULL,NULL,NULL),(36881,'transactions',100001918,'Record created',9,NULL,'2024-05-28 09:04:47',NULL,NULL,NULL,NULL),(36882,'transactions',100001919,'Record created',8,NULL,'2024-05-28 09:04:47',NULL,NULL,NULL,NULL),(36883,'transactions',100001920,'Record created',25,NULL,'2024-05-28 09:04:47',NULL,NULL,NULL,NULL),(36884,'transactions',100001921,'Record created',3,NULL,'2024-05-28 09:04:47',NULL,NULL,NULL,NULL),(36885,'transactions',100001922,'Record created',4,NULL,'2024-05-28 09:04:47',NULL,NULL,NULL,NULL),(36886,'transactions',100001923,'Record created',5,NULL,'2024-05-28 09:04:47',NULL,NULL,NULL,NULL),(36887,'transactions',100001924,'Record created',9,NULL,'2024-05-28 09:04:47',NULL,NULL,NULL,NULL),(36888,'transactions',100001925,'Record created',2,NULL,'2024-05-28 09:04:47',NULL,NULL,NULL,NULL),(36889,'transactions',100001926,'Record created',3,NULL,'2024-05-28 09:04:47',NULL,NULL,NULL,NULL),(36890,'transactions',100001927,'Record created',6,NULL,'2024-05-28 09:04:47',NULL,NULL,NULL,NULL),(36891,'transactions',100001928,'Record created',8,NULL,'2024-05-28 09:04:47',NULL,NULL,NULL,NULL),(36892,'transactions',100001929,'Record created',23,NULL,'2024-05-28 09:04:47',NULL,NULL,NULL,NULL),(36893,'transactions',100001930,'Record created',7,NULL,'2024-05-28 09:04:47',NULL,NULL,NULL,NULL),(36894,'transactions',100001931,'Record created',3,NULL,'2024-05-28 09:04:47',NULL,NULL,NULL,NULL),(36895,'transactions',100001932,'Record created',9,NULL,'2024-05-28 09:04:47',NULL,NULL,NULL,NULL),(36896,'transactions',100001933,'Record created',5,NULL,'2024-05-28 09:04:47',NULL,NULL,NULL,NULL),(36897,'transactions',100001934,'Record created',8,NULL,'2024-05-28 09:04:47',NULL,NULL,NULL,NULL),(36898,'transactions',100001935,'Record created',23,NULL,'2024-05-28 09:04:47',NULL,NULL,NULL,NULL),(36899,'transactions',100001936,'Record created',2,NULL,'2024-05-28 09:04:47',NULL,NULL,NULL,NULL),(36900,'transactions',100001937,'Record created',2,NULL,'2024-05-28 09:04:47',NULL,NULL,NULL,NULL),(36901,'transactions',100001938,'Record created',25,NULL,'2024-05-28 09:04:47',NULL,NULL,NULL,NULL),(36902,'transactions',100001939,'Record created',9,NULL,'2024-05-28 09:04:47',NULL,NULL,NULL,NULL),(36903,'transactions',100001940,'Record created',8,NULL,'2024-05-28 09:04:47',NULL,NULL,NULL,NULL),(36904,'transactions',100001941,'Record created',4,NULL,'2024-05-28 09:04:47',NULL,NULL,NULL,NULL),(36905,'transactions',100001942,'Record created',7,NULL,'2024-05-28 09:04:47',NULL,NULL,NULL,NULL),(36906,'transactions',100001943,'Record created',4,NULL,'2024-05-28 09:04:47',NULL,NULL,NULL,NULL),(36907,'transactions',100001944,'Record created',7,NULL,'2024-05-28 09:04:47',NULL,NULL,NULL,NULL),(36908,'transactions',100001945,'Record created',9,NULL,'2024-05-28 09:04:47',NULL,NULL,NULL,NULL),(36909,'transactions',100001946,'Record created',9,NULL,'2024-05-28 09:04:47',NULL,NULL,NULL,NULL),(36910,'transactions',100001947,'Record created',24,NULL,'2024-05-28 09:04:47',NULL,NULL,NULL,NULL),(36911,'transactions',100001948,'Record created',9,NULL,'2024-05-28 09:04:47',NULL,NULL,NULL,NULL),(36912,'transactions',100001949,'Record created',24,NULL,'2024-05-28 09:04:47',NULL,NULL,NULL,NULL),(36913,'transactions',100001950,'Record created',4,NULL,'2024-05-28 09:04:47',NULL,NULL,NULL,NULL),(36914,'transactions',100001951,'Record created',7,NULL,'2024-05-28 09:04:47',NULL,NULL,NULL,NULL),(36915,'transactions',100001952,'Record created',6,NULL,'2024-05-28 09:04:47',NULL,NULL,NULL,NULL),(36916,'transactions',100001953,'Record created',8,NULL,'2024-05-28 09:04:47',NULL,NULL,NULL,NULL),(36917,'transactions',100001954,'Record created',25,NULL,'2024-05-28 09:04:47',NULL,NULL,NULL,NULL),(36918,'transactions',100001955,'Record created',23,NULL,'2024-05-28 09:04:47',NULL,NULL,NULL,NULL),(36919,'transactions',100001956,'Record created',9,NULL,'2024-05-28 09:04:47',NULL,NULL,NULL,NULL),(36920,'transactions',100001957,'Record created',8,NULL,'2024-05-28 09:04:47',NULL,NULL,NULL,NULL),(36921,'transactions',100001958,'Record created',2,NULL,'2024-05-28 09:04:47',NULL,NULL,NULL,NULL),(36922,'transactions',100001959,'Record created',9,NULL,'2024-05-28 09:04:47',NULL,NULL,NULL,NULL),(36923,'transactions',100001960,'Record created',23,NULL,'2024-05-28 09:04:47',NULL,NULL,NULL,NULL),(36924,'transactions',100001961,'Record created',6,NULL,'2024-05-28 09:04:48',NULL,NULL,NULL,NULL),(36925,'transactions',100001962,'Record created',24,NULL,'2024-05-28 09:04:48',NULL,NULL,NULL,NULL),(36926,'transactions',100001963,'Record created',5,NULL,'2024-05-28 09:04:48',NULL,NULL,NULL,NULL),(36927,'transactions',100001964,'Record created',5,NULL,'2024-05-28 09:04:48',NULL,NULL,NULL,NULL),(36928,'transactions',100001965,'Record created',25,NULL,'2024-05-28 09:04:48',NULL,NULL,NULL,NULL),(36929,'transactions',100001966,'Record created',6,NULL,'2024-05-28 09:04:48',NULL,NULL,NULL,NULL),(36930,'transactions',100001967,'Record created',9,NULL,'2024-05-28 09:04:48',NULL,NULL,NULL,NULL),(36931,'transactions',100001968,'Record created',23,NULL,'2024-05-28 09:04:48',NULL,NULL,NULL,NULL),(36932,'transactions',100001969,'Record created',3,NULL,'2024-05-28 09:04:48',NULL,NULL,NULL,NULL),(36933,'transactions',100001970,'Record created',3,NULL,'2024-05-28 09:04:48',NULL,NULL,NULL,NULL),(36934,'transactions',100001971,'Record created',9,NULL,'2024-05-28 09:04:48',NULL,NULL,NULL,NULL),(36935,'transactions',100001972,'Record created',9,NULL,'2024-05-28 09:04:48',NULL,NULL,NULL,NULL),(36936,'transactions',100001973,'Record created',4,NULL,'2024-05-28 09:04:48',NULL,NULL,NULL,NULL),(36937,'transactions',100001974,'Record created',23,NULL,'2024-05-28 09:04:48',NULL,NULL,NULL,NULL),(36938,'transactions',100001975,'Record created',24,NULL,'2024-05-28 09:04:48',NULL,NULL,NULL,NULL),(36939,'transactions',100001976,'Record created',3,NULL,'2024-05-28 09:04:48',NULL,NULL,NULL,NULL),(36940,'transactions',100001977,'Record created',9,NULL,'2024-05-28 09:04:48',NULL,NULL,NULL,NULL),(36941,'transactions',100001978,'Record created',23,NULL,'2024-05-28 09:04:48',NULL,NULL,NULL,NULL),(36942,'transactions',100001979,'Record created',23,NULL,'2024-05-28 09:04:48',NULL,NULL,NULL,NULL),(36943,'transactions',100001980,'Record created',9,NULL,'2024-05-28 09:04:48',NULL,NULL,NULL,NULL),(36944,'transactions',100001981,'Record created',2,NULL,'2024-05-28 09:04:48',NULL,NULL,NULL,NULL),(36945,'transactions',100001982,'Record created',23,NULL,'2024-05-28 09:04:48',NULL,NULL,NULL,NULL),(36946,'transactions',100001983,'Record created',23,NULL,'2024-05-28 09:04:48',NULL,NULL,NULL,NULL),(36947,'transactions',100001984,'Record created',3,NULL,'2024-05-28 09:04:48',NULL,NULL,NULL,NULL),(36948,'transactions',100001985,'Record created',23,NULL,'2024-05-28 09:04:48',NULL,NULL,NULL,NULL),(36949,'transactions',100001986,'Record created',5,NULL,'2024-05-28 09:04:48',NULL,NULL,NULL,NULL),(36950,'transactions',100001987,'Record created',24,NULL,'2024-05-28 09:04:48',NULL,NULL,NULL,NULL),(36951,'transactions',100001988,'Record created',24,NULL,'2024-05-28 09:04:48',NULL,NULL,NULL,NULL),(36952,'transactions',100001989,'Record created',3,NULL,'2024-05-28 09:04:48',NULL,NULL,NULL,NULL),(36953,'transactions',100001990,'Record created',25,NULL,'2024-05-28 09:04:48',NULL,NULL,NULL,NULL),(36954,'transactions',100001991,'Record created',4,NULL,'2024-05-28 09:04:48',NULL,NULL,NULL,NULL),(36955,'transactions',100001992,'Record created',8,NULL,'2024-05-28 09:04:48',NULL,NULL,NULL,NULL),(36956,'transactions',100001993,'Record created',7,NULL,'2024-05-28 09:04:48',NULL,NULL,NULL,NULL),(36957,'transactions',100001994,'Record created',25,NULL,'2024-05-28 09:04:48',NULL,NULL,NULL,NULL),(36958,'transactions',100001995,'Record created',3,NULL,'2024-05-28 09:04:48',NULL,NULL,NULL,NULL),(36959,'transactions',100001996,'Record created',23,NULL,'2024-05-28 09:04:48',NULL,NULL,NULL,NULL),(36960,'transactions',100001997,'Record created',4,NULL,'2024-05-28 09:04:48',NULL,NULL,NULL,NULL),(36961,'transactions',100001998,'Record created',6,NULL,'2024-05-28 09:04:48',NULL,NULL,NULL,NULL),(36962,'transactions',100001999,'Record created',6,NULL,'2024-05-28 09:04:48',NULL,NULL,NULL,NULL),(36963,'transactions',100002000,'Record created',6,NULL,'2024-05-28 09:04:48',NULL,NULL,NULL,NULL),(36964,'transactions',100002001,'Record created',2,NULL,'2024-05-28 09:04:48',NULL,NULL,NULL,NULL),(36965,'transactions',100002002,'Record created',3,NULL,'2024-05-28 09:04:48',NULL,NULL,NULL,NULL),(36966,'transactions',100002003,'Record created',6,NULL,'2024-05-28 09:04:48',NULL,NULL,NULL,NULL),(36967,'transactions',100002004,'Record created',24,NULL,'2024-05-28 09:04:48',NULL,NULL,NULL,NULL),(36968,'transactions',100002005,'Record created',4,NULL,'2024-05-28 09:04:48',NULL,NULL,NULL,NULL),(36969,'transactions',100002006,'Record created',4,NULL,'2024-05-28 09:04:48',NULL,NULL,NULL,NULL),(36970,'transactions',100002007,'Record created',7,NULL,'2024-05-28 09:04:48',NULL,NULL,NULL,NULL),(36971,'transactions',100002008,'Record created',24,NULL,'2024-05-28 09:04:48',NULL,NULL,NULL,NULL),(36972,'transactions',100002009,'Record created',25,NULL,'2024-05-28 09:04:48',NULL,NULL,NULL,NULL),(36973,'transactions',100002010,'Record created',7,NULL,'2024-05-28 09:04:48',NULL,NULL,NULL,NULL),(36974,'transactions',100002011,'Record created',5,NULL,'2024-05-28 09:04:48',NULL,NULL,NULL,NULL),(36975,'transactions',100002012,'Record created',5,NULL,'2024-05-28 09:04:48',NULL,NULL,NULL,NULL),(36976,'transactions',100002013,'Record created',25,NULL,'2024-05-28 09:04:48',NULL,NULL,NULL,NULL),(36977,'transactions',100002014,'Record created',8,NULL,'2024-05-28 09:04:48',NULL,NULL,NULL,NULL),(36978,'transactions',100002015,'Record created',7,NULL,'2024-05-28 09:04:48',NULL,NULL,NULL,NULL),(36979,'transactions',100002016,'Record created',7,NULL,'2024-05-28 09:04:48',NULL,NULL,NULL,NULL),(36980,'transactions',100002017,'Record created',2,NULL,'2024-05-28 09:04:48',NULL,NULL,NULL,NULL),(36981,'transactions',100002018,'Record created',3,NULL,'2024-05-28 09:04:48',NULL,NULL,NULL,NULL),(36982,'transactions',100002019,'Record created',5,NULL,'2024-05-28 09:04:48',NULL,NULL,NULL,NULL),(36983,'transactions',100002020,'Record created',5,NULL,'2024-05-28 09:04:48',NULL,NULL,NULL,NULL),(36984,'transactions',100002021,'Record created',23,NULL,'2024-05-28 09:04:48',NULL,NULL,NULL,NULL),(36985,'transactions',100002022,'Record created',25,NULL,'2024-05-28 09:04:49',NULL,NULL,NULL,NULL),(36986,'transactions',100002023,'Record created',7,NULL,'2024-05-28 09:04:49',NULL,NULL,NULL,NULL),(36987,'transactions',100002024,'Record created',6,NULL,'2024-05-28 09:04:49',NULL,NULL,NULL,NULL),(36988,'transactions',100002025,'Record created',4,NULL,'2024-05-28 09:04:49',NULL,NULL,NULL,NULL),(36989,'transactions',100002026,'Record created',24,NULL,'2024-05-28 09:04:49',NULL,NULL,NULL,NULL),(36990,'transactions',100002027,'Record created',8,NULL,'2024-05-28 09:04:49',NULL,NULL,NULL,NULL),(36991,'transactions',100002028,'Record created',6,NULL,'2024-05-28 09:04:49',NULL,NULL,NULL,NULL),(36992,'transactions',100002029,'Record created',23,NULL,'2024-05-28 09:04:49',NULL,NULL,NULL,NULL),(36993,'transactions',100002030,'Record created',6,NULL,'2024-05-28 09:04:49',NULL,NULL,NULL,NULL),(36994,'transactions',100002031,'Record created',25,NULL,'2024-05-28 09:04:49',NULL,NULL,NULL,NULL),(36995,'transactions',100002032,'Record created',4,NULL,'2024-05-28 09:04:49',NULL,NULL,NULL,NULL),(36996,'transactions',100002033,'Record created',2,NULL,'2024-05-28 09:04:49',NULL,NULL,NULL,NULL),(36997,'transactions',100002034,'Record created',24,NULL,'2024-05-28 09:04:49',NULL,NULL,NULL,NULL),(36998,'transactions',100002035,'Record created',25,NULL,'2024-05-28 09:04:49',NULL,NULL,NULL,NULL),(36999,'transactions',100002036,'Record created',23,NULL,'2024-05-28 09:04:49',NULL,NULL,NULL,NULL),(37000,'transactions',100002037,'Record created',7,NULL,'2024-05-28 09:04:49',NULL,NULL,NULL,NULL),(37001,'transactions',100002038,'Record created',9,NULL,'2024-05-28 09:04:49',NULL,NULL,NULL,NULL),(37002,'transactions',100002039,'Record created',25,NULL,'2024-05-28 09:04:49',NULL,NULL,NULL,NULL),(37003,'transactions',100002040,'Record created',7,NULL,'2024-05-28 09:04:49',NULL,NULL,NULL,NULL),(37004,'transactions',100002041,'Record created',24,NULL,'2024-05-28 09:04:49',NULL,NULL,NULL,NULL),(37005,'transactions',100002042,'Record created',8,NULL,'2024-05-28 09:04:49',NULL,NULL,NULL,NULL),(37006,'transactions',100002043,'Record created',8,NULL,'2024-05-28 09:04:49',NULL,NULL,NULL,NULL),(37007,'transactions',100002044,'Record created',25,NULL,'2024-05-28 09:04:49',NULL,NULL,NULL,NULL),(37008,'transactions',100002045,'Record created',9,NULL,'2024-05-28 09:04:49',NULL,NULL,NULL,NULL),(37009,'transactions',100002046,'Record created',25,NULL,'2024-05-28 09:04:49',NULL,NULL,NULL,NULL),(37010,'transactions',100002047,'Record created',2,NULL,'2024-05-28 09:04:49',NULL,NULL,NULL,NULL),(37011,'transactions',100002048,'Record created',9,NULL,'2024-05-28 09:04:49',NULL,NULL,NULL,NULL),(37012,'transactions',100002049,'Record created',24,NULL,'2024-05-28 09:04:49',NULL,NULL,NULL,NULL),(37013,'transactions',100002050,'Record created',3,NULL,'2024-05-28 09:04:49',NULL,NULL,NULL,NULL),(37014,'transactions',100002051,'Record created',24,NULL,'2024-05-28 09:04:49',NULL,NULL,NULL,NULL),(37015,'transactions',100002052,'Record created',23,NULL,'2024-05-28 09:04:49',NULL,NULL,NULL,NULL),(37016,'transactions',100002053,'Record created',24,NULL,'2024-05-28 09:04:49',NULL,NULL,NULL,NULL),(37017,'transactions',100002054,'Record created',24,NULL,'2024-05-28 09:04:49',NULL,NULL,NULL,NULL),(37018,'transactions',100002055,'Record created',8,NULL,'2024-05-28 09:04:49',NULL,NULL,NULL,NULL),(37019,'transactions',100002056,'Record created',24,NULL,'2024-05-28 09:04:49',NULL,NULL,NULL,NULL),(37020,'transactions',100002057,'Record created',6,NULL,'2024-05-28 09:04:49',NULL,NULL,NULL,NULL),(37021,'transactions',100002058,'Record created',2,NULL,'2024-05-28 09:04:49',NULL,NULL,NULL,NULL),(37022,'transactions',100002059,'Record created',7,NULL,'2024-05-28 09:04:49',NULL,NULL,NULL,NULL),(37023,'transactions',100002060,'Record created',4,NULL,'2024-05-28 09:04:49',NULL,NULL,NULL,NULL),(37024,'transactions',100002061,'Record created',2,NULL,'2024-05-28 09:04:49',NULL,NULL,NULL,NULL),(37025,'transactions',100002062,'Record created',24,NULL,'2024-05-28 09:04:49',NULL,NULL,NULL,NULL),(37026,'transactions',100002063,'Record created',7,NULL,'2024-05-28 09:04:49',NULL,NULL,NULL,NULL),(37027,'transactions',100002064,'Record created',6,NULL,'2024-05-28 09:04:49',NULL,NULL,NULL,NULL),(37028,'transactions',100002065,'Record created',25,NULL,'2024-05-28 09:04:49',NULL,NULL,NULL,NULL),(37029,'transactions',100002066,'Record created',25,NULL,'2024-05-28 09:04:49',NULL,NULL,NULL,NULL),(37030,'transactions',100002067,'Record created',3,NULL,'2024-05-28 09:04:49',NULL,NULL,NULL,NULL),(37031,'transactions',100002068,'Record created',6,NULL,'2024-05-28 09:04:49',NULL,NULL,NULL,NULL),(37032,'transactions',100002069,'Record created',8,NULL,'2024-05-28 09:04:49',NULL,NULL,NULL,NULL),(37033,'transactions',100002070,'Record created',24,NULL,'2024-05-28 09:04:49',NULL,NULL,NULL,NULL),(37034,'transactions',100002071,'Record created',2,NULL,'2024-05-28 09:04:49',NULL,NULL,NULL,NULL),(37035,'transactions',100002072,'Record created',5,NULL,'2024-05-28 09:04:49',NULL,NULL,NULL,NULL),(37036,'transactions',100002073,'Record created',7,NULL,'2024-05-28 09:04:49',NULL,NULL,NULL,NULL),(37037,'transactions',100002074,'Record created',25,NULL,'2024-05-28 09:04:49',NULL,NULL,NULL,NULL),(37038,'transactions',100002075,'Record created',6,NULL,'2024-05-28 09:04:49',NULL,NULL,NULL,NULL),(37039,'transactions',100002076,'Record created',24,NULL,'2024-05-28 09:04:49',NULL,NULL,NULL,NULL),(37040,'transactions',100002077,'Record created',23,NULL,'2024-05-28 09:04:49',NULL,NULL,NULL,NULL),(37041,'transactions',100002078,'Record created',25,NULL,'2024-05-28 09:04:49',NULL,NULL,NULL,NULL),(37042,'transactions',100002079,'Record created',8,NULL,'2024-05-28 09:04:49',NULL,NULL,NULL,NULL),(37043,'transactions',100002080,'Record created',7,NULL,'2024-05-28 09:04:49',NULL,NULL,NULL,NULL),(37044,'transactions',100002081,'Record created',25,NULL,'2024-05-28 09:04:49',NULL,NULL,NULL,NULL),(37045,'transactions',100002082,'Record created',7,NULL,'2024-05-28 09:04:49',NULL,NULL,NULL,NULL),(37046,'transactions',100002083,'Record created',7,NULL,'2024-05-28 09:04:49',NULL,NULL,NULL,NULL),(37047,'transactions',100002084,'Record created',3,NULL,'2024-05-28 09:04:49',NULL,NULL,NULL,NULL),(37048,'transactions',100002085,'Record created',7,NULL,'2024-05-28 09:04:49',NULL,NULL,NULL,NULL),(37049,'transactions',100002086,'Record created',5,NULL,'2024-05-28 09:04:49',NULL,NULL,NULL,NULL),(37050,'transactions',100002087,'Record created',8,NULL,'2024-05-28 09:04:49',NULL,NULL,NULL,NULL),(37051,'transactions',100002088,'Record created',7,NULL,'2024-05-28 09:04:49',NULL,NULL,NULL,NULL),(37052,'transactions',100002089,'Record created',5,NULL,'2024-05-28 09:04:49',NULL,NULL,NULL,NULL),(37053,'transactions',100002090,'Record created',9,NULL,'2024-05-28 09:04:49',NULL,NULL,NULL,NULL),(37054,'transactions',100002091,'Record created',8,NULL,'2024-05-28 09:04:49',NULL,NULL,NULL,NULL),(37055,'transactions',100002092,'Record created',24,NULL,'2024-05-28 09:04:49',NULL,NULL,NULL,NULL),(37056,'transactions',100002093,'Record created',2,NULL,'2024-05-28 09:04:49',NULL,NULL,NULL,NULL),(37057,'transactions',100002094,'Record created',23,NULL,'2024-05-28 09:04:49',NULL,NULL,NULL,NULL),(37058,'transactions',100002095,'Record created',2,NULL,'2024-05-28 09:04:49',NULL,NULL,NULL,NULL),(37059,'transactions',100002096,'Record created',6,NULL,'2024-05-28 09:04:49',NULL,NULL,NULL,NULL),(37060,'transactions',100002097,'Record created',9,NULL,'2024-05-28 09:04:49',NULL,NULL,NULL,NULL),(37061,'transactions',100002098,'Record created',5,NULL,'2024-05-28 09:04:49',NULL,NULL,NULL,NULL),(37062,'transactions',100002099,'Record created',9,NULL,'2024-05-28 09:04:50',NULL,NULL,NULL,NULL),(37063,'transactions',100002100,'Record created',8,NULL,'2024-05-28 09:04:50',NULL,NULL,NULL,NULL),(37064,'transactions',100002101,'Record created',9,NULL,'2024-05-28 09:04:50',NULL,NULL,NULL,NULL),(37065,'transactions',100002102,'Record created',23,NULL,'2024-05-28 09:04:50',NULL,NULL,NULL,NULL),(37066,'transactions',100002103,'Record created',33,NULL,'2024-05-28 09:04:50',NULL,NULL,NULL,NULL),(37067,'transactions',100002104,'Record created',33,NULL,'2024-05-28 09:04:50',NULL,NULL,NULL,NULL),(37068,'transactions',100002105,'Record created',15,NULL,'2024-05-28 09:04:50',NULL,NULL,NULL,NULL),(37069,'transactions',100002106,'Record created',16,NULL,'2024-05-28 09:04:50',NULL,NULL,NULL,NULL),(37070,'transactions',100002107,'Record created',18,NULL,'2024-05-28 09:04:50',NULL,NULL,NULL,NULL),(37071,'transactions',100002108,'Record created',17,NULL,'2024-05-28 09:04:50',NULL,NULL,NULL,NULL),(37072,'transactions',100002109,'Record created',17,NULL,'2024-05-28 09:04:50',NULL,NULL,NULL,NULL),(37073,'transactions',100002110,'Record created',18,NULL,'2024-05-28 09:04:50',NULL,NULL,NULL,NULL),(37074,'transactions',100002111,'Record created',15,NULL,'2024-05-28 09:04:50',NULL,NULL,NULL,NULL),(37075,'transactions',100002112,'Record created',11,NULL,'2024-05-28 09:04:50',NULL,NULL,NULL,NULL),(37076,'transactions',100002113,'Record created',17,NULL,'2024-05-28 09:04:50',NULL,NULL,NULL,NULL),(37077,'transactions',100002114,'Record created',16,NULL,'2024-05-28 09:04:50',NULL,NULL,NULL,NULL),(37078,'transactions',100002115,'Record created',16,NULL,'2024-05-28 09:04:50',NULL,NULL,NULL,NULL),(37079,'transactions',100002116,'Record created',18,NULL,'2024-05-28 09:04:50',NULL,NULL,NULL,NULL),(37080,'transactions',100002117,'Record created',11,NULL,'2024-05-28 09:04:50',NULL,NULL,NULL,NULL),(37081,'transactions',100002118,'Record created',33,NULL,'2024-05-28 09:04:50',NULL,NULL,NULL,NULL),(37082,'transactions',100002119,'Record created',15,NULL,'2024-05-28 09:04:50',NULL,NULL,NULL,NULL),(37083,'transactions',100002120,'Record created',31,NULL,'2024-05-28 09:04:50',NULL,NULL,NULL,NULL),(37084,'transactions',100002121,'Record created',11,NULL,'2024-05-28 09:04:50',NULL,NULL,NULL,NULL),(37085,'transactions',100002122,'Record created',31,NULL,'2024-05-28 09:04:50',NULL,NULL,NULL,NULL),(37086,'transactions',100002123,'Record created',11,NULL,'2024-05-28 09:04:50',NULL,NULL,NULL,NULL),(37087,'transactions',100002124,'Record created',33,NULL,'2024-05-28 09:04:50',NULL,NULL,NULL,NULL),(37088,'transactions',100002125,'Record created',33,NULL,'2024-05-28 09:04:50',NULL,NULL,NULL,NULL),(37089,'transactions',100002126,'Record created',15,NULL,'2024-05-28 09:04:50',NULL,NULL,NULL,NULL),(37090,'transactions',100002127,'Record created',11,NULL,'2024-05-28 09:04:50',NULL,NULL,NULL,NULL),(37091,'transactions',100002128,'Record created',18,NULL,'2024-05-28 09:04:50',NULL,NULL,NULL,NULL),(37092,'transactions',100002129,'Record created',15,NULL,'2024-05-28 09:04:50',NULL,NULL,NULL,NULL),(37093,'transactions',100002130,'Record created',31,NULL,'2024-05-28 09:04:50',NULL,NULL,NULL,NULL),(37094,'transactions',100002131,'Record created',18,NULL,'2024-05-28 09:04:50',NULL,NULL,NULL,NULL),(37095,'transactions',100002132,'Record created',33,NULL,'2024-05-28 09:04:50',NULL,NULL,NULL,NULL),(37096,'transactions',100002133,'Record created',15,NULL,'2024-05-28 09:04:50',NULL,NULL,NULL,NULL),(37097,'transactions',100002134,'Record created',31,NULL,'2024-05-28 09:04:50',NULL,NULL,NULL,NULL),(37098,'transactions',100002135,'Record created',16,NULL,'2024-05-28 09:04:50',NULL,NULL,NULL,NULL),(37099,'transactions',100002136,'Record created',11,NULL,'2024-05-28 09:04:50',NULL,NULL,NULL,NULL),(37100,'transactions',100002137,'Record created',17,NULL,'2024-05-28 09:04:50',NULL,NULL,NULL,NULL),(37101,'transactions',100002138,'Record created',11,NULL,'2024-05-28 09:04:50',NULL,NULL,NULL,NULL),(37102,'transactions',100002139,'Record created',17,NULL,'2024-05-28 09:04:50',NULL,NULL,NULL,NULL),(37103,'transactions',100002140,'Record created',17,NULL,'2024-05-28 09:04:50',NULL,NULL,NULL,NULL),(37104,'transactions',100002141,'Record created',10,NULL,'2024-05-28 09:04:50',NULL,NULL,NULL,NULL),(37105,'transactions',100002142,'Record created',15,NULL,'2024-05-28 09:04:50',NULL,NULL,NULL,NULL),(37106,'transactions',100002143,'Record created',31,NULL,'2024-05-28 09:04:50',NULL,NULL,NULL,NULL),(37107,'transactions',100002144,'Record created',33,NULL,'2024-05-28 09:04:50',NULL,NULL,NULL,NULL),(37108,'transactions',100002145,'Record created',10,NULL,'2024-05-28 09:04:50',NULL,NULL,NULL,NULL),(37109,'transactions',100002146,'Record created',31,NULL,'2024-05-28 09:04:50',NULL,NULL,NULL,NULL),(37110,'transactions',100002147,'Record created',18,NULL,'2024-05-28 09:04:50',NULL,NULL,NULL,NULL),(37111,'transactions',100002148,'Record created',16,NULL,'2024-05-28 09:04:50',NULL,NULL,NULL,NULL),(37112,'transactions',100002149,'Record created',10,NULL,'2024-05-28 09:04:50',NULL,NULL,NULL,NULL),(37113,'transactions',100002150,'Record created',17,NULL,'2024-05-28 09:04:50',NULL,NULL,NULL,NULL),(37114,'transactions',100002151,'Record created',11,NULL,'2024-05-28 09:04:50',NULL,NULL,NULL,NULL),(37115,'transactions',100002152,'Record created',33,NULL,'2024-05-28 09:04:50',NULL,NULL,NULL,NULL),(37116,'transactions',100002153,'Record created',15,NULL,'2024-05-28 09:04:50',NULL,NULL,NULL,NULL),(37117,'transactions',100002154,'Record created',31,NULL,'2024-05-28 09:04:50',NULL,NULL,NULL,NULL),(37118,'transactions',100002155,'Record created',16,NULL,'2024-05-28 09:04:50',NULL,NULL,NULL,NULL),(37119,'transactions',100002156,'Record created',10,NULL,'2024-05-28 09:04:50',NULL,NULL,NULL,NULL),(37120,'transactions',100002157,'Record created',17,NULL,'2024-05-28 09:04:50',NULL,NULL,NULL,NULL),(37121,'transactions',100002158,'Record created',11,NULL,'2024-05-28 09:04:50',NULL,NULL,NULL,NULL),(37122,'transactions',100002159,'Record created',16,NULL,'2024-05-28 09:04:50',NULL,NULL,NULL,NULL),(37123,'transactions',100002160,'Record created',15,NULL,'2024-05-28 09:04:50',NULL,NULL,NULL,NULL),(37124,'transactions',100002161,'Record created',17,NULL,'2024-05-28 09:04:50',NULL,NULL,NULL,NULL),(37125,'transactions',100002162,'Record created',33,NULL,'2024-05-28 09:04:50',NULL,NULL,NULL,NULL),(37126,'transactions',100002163,'Record created',15,NULL,'2024-05-28 09:04:50',NULL,NULL,NULL,NULL),(37127,'transactions',100002164,'Record created',15,NULL,'2024-05-28 09:04:50',NULL,NULL,NULL,NULL),(37128,'transactions',100002165,'Record created',15,NULL,'2024-05-28 09:04:50',NULL,NULL,NULL,NULL),(37129,'transactions',100002166,'Record created',33,NULL,'2024-05-28 09:04:50',NULL,NULL,NULL,NULL),(37130,'transactions',100002167,'Record created',31,NULL,'2024-05-28 09:04:50',NULL,NULL,NULL,NULL),(37131,'transactions',100002168,'Record created',31,NULL,'2024-05-28 09:04:50',NULL,NULL,NULL,NULL),(37132,'transactions',100002169,'Record created',16,NULL,'2024-05-28 09:04:50',NULL,NULL,NULL,NULL),(37133,'transactions',100002170,'Record created',11,NULL,'2024-05-28 09:04:50',NULL,NULL,NULL,NULL),(37134,'transactions',100002171,'Record created',16,NULL,'2024-05-28 09:04:50',NULL,NULL,NULL,NULL),(37135,'transactions',100002172,'Record created',17,NULL,'2024-05-28 09:04:50',NULL,NULL,NULL,NULL),(37136,'transactions',100002173,'Record created',31,NULL,'2024-05-28 09:04:50',NULL,NULL,NULL,NULL),(37137,'transactions',100002174,'Record created',11,NULL,'2024-05-28 09:04:50',NULL,NULL,NULL,NULL),(37138,'transactions',100002175,'Record created',17,NULL,'2024-05-28 09:04:50',NULL,NULL,NULL,NULL),(37139,'transactions',100002176,'Record created',15,NULL,'2024-05-28 09:04:50',NULL,NULL,NULL,NULL),(37140,'transactions',100002177,'Record created',16,NULL,'2024-05-28 09:04:50',NULL,NULL,NULL,NULL),(37141,'transactions',100002178,'Record created',17,NULL,'2024-05-28 09:04:50',NULL,NULL,NULL,NULL),(37142,'transactions',100002179,'Record created',16,NULL,'2024-05-28 09:04:50',NULL,NULL,NULL,NULL),(37143,'transactions',100002180,'Record created',17,NULL,'2024-05-28 09:04:50',NULL,NULL,NULL,NULL),(37144,'transactions',100002181,'Record created',18,NULL,'2024-05-28 09:04:50',NULL,NULL,NULL,NULL),(37145,'transactions',100002182,'Record created',11,NULL,'2024-05-28 09:04:50',NULL,NULL,NULL,NULL),(37146,'transactions',100002183,'Record created',10,NULL,'2024-05-28 09:04:50',NULL,NULL,NULL,NULL),(37147,'transactions',100002184,'Record created',11,NULL,'2024-05-28 09:04:50',NULL,NULL,NULL,NULL),(37148,'transactions',100002185,'Record created',11,NULL,'2024-05-28 09:04:50',NULL,NULL,NULL,NULL),(37149,'transactions',100002186,'Record created',17,NULL,'2024-05-28 09:04:50',NULL,NULL,NULL,NULL),(37150,'transactions',100002187,'Record created',31,NULL,'2024-05-28 09:04:51',NULL,NULL,NULL,NULL),(37151,'transactions',100002188,'Record created',18,NULL,'2024-05-28 09:04:51',NULL,NULL,NULL,NULL),(37152,'transactions',100002189,'Record created',11,NULL,'2024-05-28 09:04:51',NULL,NULL,NULL,NULL),(37153,'transactions',100002190,'Record created',33,NULL,'2024-05-28 09:04:51',NULL,NULL,NULL,NULL),(37154,'transactions',100002191,'Record created',11,NULL,'2024-05-28 09:04:51',NULL,NULL,NULL,NULL),(37155,'transactions',100002192,'Record created',18,NULL,'2024-05-28 09:04:51',NULL,NULL,NULL,NULL),(37156,'transactions',100002193,'Record created',17,NULL,'2024-05-28 09:04:51',NULL,NULL,NULL,NULL),(37157,'transactions',100002194,'Record created',12,NULL,'2024-05-28 09:04:51',NULL,NULL,NULL,NULL),(37158,'transactions',100002195,'Record created',16,NULL,'2024-05-28 09:04:51',NULL,NULL,NULL,NULL),(37159,'transactions',100002196,'Record created',34,NULL,'2024-05-28 09:04:51',NULL,NULL,NULL,NULL),(37160,'transactions',100002197,'Record created',15,NULL,'2024-05-28 09:04:51',NULL,NULL,NULL,NULL),(37161,'transactions',100002198,'Record created',34,NULL,'2024-05-28 09:04:51',NULL,NULL,NULL,NULL),(37162,'transactions',100002199,'Record created',32,NULL,'2024-05-28 09:04:51',NULL,NULL,NULL,NULL),(37163,'transactions',100002200,'Record created',18,NULL,'2024-05-28 09:04:51',NULL,NULL,NULL,NULL),(37164,'transactions',100002201,'Record created',12,NULL,'2024-05-28 09:04:51',NULL,NULL,NULL,NULL),(37165,'transactions',100002202,'Record created',10,NULL,'2024-05-28 09:04:51',NULL,NULL,NULL,NULL),(37166,'transactions',100002203,'Record created',17,NULL,'2024-05-28 09:04:51',NULL,NULL,NULL,NULL),(37167,'transactions',100002204,'Record created',15,NULL,'2024-05-28 09:04:51',NULL,NULL,NULL,NULL),(37168,'transactions',100002205,'Record created',17,NULL,'2024-05-28 09:04:51',NULL,NULL,NULL,NULL),(37169,'transactions',100002206,'Record created',12,NULL,'2024-05-28 09:04:51',NULL,NULL,NULL,NULL),(37170,'transactions',100002207,'Record created',15,NULL,'2024-05-28 09:04:51',NULL,NULL,NULL,NULL),(37171,'transactions',100002208,'Record created',17,NULL,'2024-05-28 09:04:51',NULL,NULL,NULL,NULL),(37172,'transactions',100002209,'Record created',12,NULL,'2024-05-28 09:04:51',NULL,NULL,NULL,NULL),(37173,'transactions',100002210,'Record created',32,NULL,'2024-05-28 09:04:51',NULL,NULL,NULL,NULL),(37174,'transactions',100002211,'Record created',10,NULL,'2024-05-28 09:04:51',NULL,NULL,NULL,NULL),(37175,'transactions',100002212,'Record created',32,NULL,'2024-05-28 09:04:51',NULL,NULL,NULL,NULL),(37176,'transactions',100002213,'Record created',17,NULL,'2024-05-28 09:04:51',NULL,NULL,NULL,NULL),(37177,'transactions',100002214,'Record created',17,NULL,'2024-05-28 09:04:51',NULL,NULL,NULL,NULL),(37178,'transactions',100002215,'Record created',18,NULL,'2024-05-28 09:04:51',NULL,NULL,NULL,NULL),(37179,'transactions',100002216,'Record created',16,NULL,'2024-05-28 09:04:51',NULL,NULL,NULL,NULL),(37180,'transactions',100002217,'Record created',10,NULL,'2024-05-28 09:04:51',NULL,NULL,NULL,NULL),(37181,'transactions',100002218,'Record created',16,NULL,'2024-05-28 09:04:51',NULL,NULL,NULL,NULL),(37182,'transactions',100002219,'Record created',18,NULL,'2024-05-28 09:04:51',NULL,NULL,NULL,NULL),(37183,'transactions',100002220,'Record created',34,NULL,'2024-05-28 09:04:51',NULL,NULL,NULL,NULL),(37184,'transactions',100002221,'Record created',34,NULL,'2024-05-28 09:04:51',NULL,NULL,NULL,NULL),(37185,'transactions',100002222,'Record created',12,NULL,'2024-05-28 09:04:51',NULL,NULL,NULL,NULL),(37186,'transactions',100002223,'Record created',34,NULL,'2024-05-28 09:04:51',NULL,NULL,NULL,NULL),(37187,'transactions',100002224,'Record created',32,NULL,'2024-05-28 09:04:51',NULL,NULL,NULL,NULL),(37188,'transactions',100002225,'Record created',16,NULL,'2024-05-28 09:04:51',NULL,NULL,NULL,NULL),(37189,'transactions',100002226,'Record created',16,NULL,'2024-05-28 09:04:51',NULL,NULL,NULL,NULL),(37190,'transactions',100002227,'Record created',15,NULL,'2024-05-28 09:04:51',NULL,NULL,NULL,NULL),(37191,'transactions',100002228,'Record created',32,NULL,'2024-05-28 09:04:51',NULL,NULL,NULL,NULL),(37192,'transactions',100002229,'Record created',17,NULL,'2024-05-28 09:04:51',NULL,NULL,NULL,NULL),(37193,'transactions',100002230,'Record created',16,NULL,'2024-05-28 09:04:51',NULL,NULL,NULL,NULL),(37194,'transactions',100002231,'Record created',10,NULL,'2024-05-28 09:04:51',NULL,NULL,NULL,NULL),(37195,'transactions',100002232,'Record created',32,NULL,'2024-05-28 09:04:51',NULL,NULL,NULL,NULL),(37196,'transactions',100002233,'Record created',17,NULL,'2024-05-28 09:04:51',NULL,NULL,NULL,NULL),(37197,'transactions',100002234,'Record created',15,NULL,'2024-05-28 09:04:51',NULL,NULL,NULL,NULL),(37198,'transactions',100002235,'Record created',15,NULL,'2024-05-28 09:04:51',NULL,NULL,NULL,NULL),(37199,'transactions',100002236,'Record created',18,NULL,'2024-05-28 09:04:51',NULL,NULL,NULL,NULL),(37200,'transactions',100002237,'Record created',12,NULL,'2024-05-28 09:04:51',NULL,NULL,NULL,NULL),(37201,'transactions',100002238,'Record created',32,NULL,'2024-05-28 09:04:51',NULL,NULL,NULL,NULL),(37202,'transactions',100002239,'Record created',16,NULL,'2024-05-28 09:04:51',NULL,NULL,NULL,NULL),(37203,'transactions',100002240,'Record created',15,NULL,'2024-05-28 09:04:51',NULL,NULL,NULL,NULL),(37204,'transactions',100002241,'Record created',12,NULL,'2024-05-28 09:04:51',NULL,NULL,NULL,NULL),(37205,'transactions',100002242,'Record created',15,NULL,'2024-05-28 09:04:51',NULL,NULL,NULL,NULL),(37206,'transactions',100002243,'Record created',34,NULL,'2024-05-28 09:04:51',NULL,NULL,NULL,NULL),(37207,'transactions',100002244,'Record created',32,NULL,'2024-05-28 09:04:51',NULL,NULL,NULL,NULL),(37208,'transactions',100002245,'Record created',18,NULL,'2024-05-28 09:04:51',NULL,NULL,NULL,NULL),(37209,'transactions',100002246,'Record created',17,NULL,'2024-05-28 09:04:51',NULL,NULL,NULL,NULL),(37210,'transactions',100002247,'Record created',18,NULL,'2024-05-28 09:04:51',NULL,NULL,NULL,NULL),(37211,'transactions',100002248,'Record created',12,NULL,'2024-05-28 09:04:51',NULL,NULL,NULL,NULL),(37212,'transactions',100002249,'Record created',16,NULL,'2024-05-28 09:04:51',NULL,NULL,NULL,NULL),(37213,'transactions',100002250,'Record created',10,NULL,'2024-05-28 09:04:51',NULL,NULL,NULL,NULL),(37214,'transactions',100002251,'Record created',15,NULL,'2024-05-28 09:04:51',NULL,NULL,NULL,NULL),(37215,'transactions',100002252,'Record created',32,NULL,'2024-05-28 09:04:51',NULL,NULL,NULL,NULL),(37216,'transactions',100002253,'Record created',10,NULL,'2024-05-28 09:04:51',NULL,NULL,NULL,NULL),(37217,'transactions',100002254,'Record created',16,NULL,'2024-05-28 09:04:51',NULL,NULL,NULL,NULL),(37218,'transactions',100002255,'Record created',34,NULL,'2024-05-28 09:04:51',NULL,NULL,NULL,NULL),(37219,'transactions',100002256,'Record created',18,NULL,'2024-05-28 09:04:51',NULL,NULL,NULL,NULL),(37220,'transactions',100002257,'Record created',16,NULL,'2024-05-28 09:04:51',NULL,NULL,NULL,NULL),(37221,'transactions',100002258,'Record created',34,NULL,'2024-05-28 09:04:51',NULL,NULL,NULL,NULL),(37222,'transactions',100002259,'Record created',18,NULL,'2024-05-28 09:04:51',NULL,NULL,NULL,NULL),(37223,'transactions',100002260,'Record created',12,NULL,'2024-05-28 09:04:51',NULL,NULL,NULL,NULL),(37224,'transactions',100002261,'Record created',16,NULL,'2024-05-28 09:04:51',NULL,NULL,NULL,NULL),(37225,'transactions',100002262,'Record created',32,NULL,'2024-05-28 09:04:51',NULL,NULL,NULL,NULL),(37226,'transactions',100002263,'Record created',34,NULL,'2024-05-28 09:04:51',NULL,NULL,NULL,NULL),(37227,'transactions',100002264,'Record created',12,NULL,'2024-05-28 09:04:52',NULL,NULL,NULL,NULL),(37228,'transactions',100002265,'Record created',12,NULL,'2024-05-28 09:04:52',NULL,NULL,NULL,NULL),(37229,'transactions',100002266,'Record created',17,NULL,'2024-05-28 09:04:52',NULL,NULL,NULL,NULL),(37230,'transactions',100002267,'Record created',32,NULL,'2024-05-28 09:04:52',NULL,NULL,NULL,NULL),(37231,'transactions',100002268,'Record created',10,NULL,'2024-05-28 09:04:52',NULL,NULL,NULL,NULL),(37232,'transactions',100002269,'Record created',32,NULL,'2024-05-28 09:04:52',NULL,NULL,NULL,NULL),(37233,'transactions',100002270,'Record created',17,NULL,'2024-05-28 09:04:52',NULL,NULL,NULL,NULL),(37234,'transactions',100002271,'Record created',34,NULL,'2024-05-28 09:04:52',NULL,NULL,NULL,NULL),(37235,'transactions',100002272,'Record created',12,NULL,'2024-05-28 09:04:52',NULL,NULL,NULL,NULL),(37236,'transactions',100002273,'Record created',17,NULL,'2024-05-28 09:04:52',NULL,NULL,NULL,NULL),(37237,'transactions',100002274,'Record created',17,NULL,'2024-05-28 09:04:52',NULL,NULL,NULL,NULL),(37238,'transactions',100002275,'Record created',16,NULL,'2024-05-28 09:04:52',NULL,NULL,NULL,NULL);
/*!40000 ALTER TABLE `history` ENABLE KEYS */;
UNLOCK TABLES;

--
-- Table structure for table `itemsout`
--

DROP TABLE IF EXISTS `itemsout`;
/*!40101 SET @saved_cs_client     = @@character_set_client */;
/*!40101 SET character_set_client = utf8 */;
CREATE TABLE `itemsout` (
  `id` int unsigned NOT NULL AUTO_INCREMENT,
  `product_id` int unsigned DEFAULT NULL,
  `size_id` int unsigned DEFAULT NULL,
  `count` int DEFAULT NULL,
  `movedate` datetime DEFAULT NULL,
  `from_location` int unsigned DEFAULT NULL,
  `to_location` int unsigned DEFAULT NULL,
  PRIMARY KEY (`id`),
  KEY `from_location` (`from_location`),
  KEY `to_location` (`to_location`),
  KEY `product_id` (`product_id`),
  KEY `size_id` (`size_id`),
  CONSTRAINT `itemsout_ibfk_5` FOREIGN KEY (`from_location`) REFERENCES `locations` (`id`) ON DELETE SET NULL ON UPDATE CASCADE,
  CONSTRAINT `itemsout_ibfk_6` FOREIGN KEY (`to_location`) REFERENCES `locations` (`id`) ON DELETE SET NULL ON UPDATE CASCADE,
  CONSTRAINT `itemsout_ibfk_7` FOREIGN KEY (`product_id`) REFERENCES `products` (`id`) ON DELETE SET NULL ON UPDATE CASCADE,
  CONSTRAINT `itemsout_ibfk_8` FOREIGN KEY (`size_id`) REFERENCES `sizes` (`id`) ON DELETE SET NULL ON UPDATE CASCADE
) ENGINE=InnoDB AUTO_INCREMENT=43 DEFAULT CHARSET=utf8 ROW_FORMAT=DYNAMIC;
/*!40101 SET character_set_client = @saved_cs_client */;

--
-- Dumping data for table `itemsout`
--

LOCK TABLES `itemsout` WRITE;
/*!40000 ALTER TABLE `itemsout` DISABLE KEYS */;
/*!40000 ALTER TABLE `itemsout` ENABLE KEYS */;
UNLOCK TABLES;

--
-- Table structure for table `languages`
--

DROP TABLE IF EXISTS `languages`;
/*!40101 SET @saved_cs_client     = @@character_set_client */;
/*!40101 SET character_set_client = utf8 */;
CREATE TABLE `languages` (
  `id` int unsigned NOT NULL AUTO_INCREMENT,
  `visible` tinyint NOT NULL DEFAULT '1',
  `code` varchar(255) DEFAULT NULL,
  `locale` varchar(255) DEFAULT NULL,
  `name` varchar(255) DEFAULT NULL,
  `strftime_dateformat` varchar(255) DEFAULT NULL,
  `smarty_dateformat` varchar(255) DEFAULT NULL,
  `seq` int DEFAULT NULL,
  `rtl` tinyint NOT NULL,
  PRIMARY KEY (`id`)
) ENGINE=InnoDB AUTO_INCREMENT=17 DEFAULT CHARSET=utf8 ROW_FORMAT=DYNAMIC;
/*!40101 SET character_set_client = @saved_cs_client */;

--
-- Dumping data for table `languages`
--

LOCK TABLES `languages` WRITE;
/*!40000 ALTER TABLE `languages` DISABLE KEYS */;
INSERT INTO `languages` VALUES
  (1,0,'nl','nl_NL','Dutch','%A %e %B %Y','%A %e %B %Y',1,0),
  (2,1,'en','en_GB','English','%A %B %e %Y','%A %B %e %Y',2,0),
  (3,1,'fr','fr_FR','French','%A %B %e %Y','%A %B %e %Y',4,0),
  (4,0,'de','de_DE','German','%A %e. %B %Y','%A %e. %B %Y',3,0),
  (5,1,'ar','ar_AE','Arabic','%A %e. %B %Y','%A %e. %B %Y',5,1),
  (6,1,'ckb','ckb_TR','Sorani / Central Kurdish','%A %e. %B %Y','%A %e. %B %Y',6,1),
  (8,1,NULL,NULL,'Urdu','%A %B %e %Y','%A %B %e %Y',7,1),
  (9,1,NULL,NULL,'Kurmanji / Northern Kurdish',NULL,NULL,9,0),
  (10,1,NULL,NULL,'Farsi',NULL,NULL,10,1),
  (11,1,NULL,NULL,'Pashto',NULL,NULL,11,1),
  (12,1,NULL,NULL,'Tigrinya',NULL,NULL,12,0),
  (13,1,NULL,NULL,'Amharic',NULL,NULL,13,0),
  (14,1,NULL,NULL,'Lingala',NULL,NULL,15,0),
  (15,1,NULL,NULL,'Somali',NULL,NULL,15,0),
  (16,1,NULL,NULL,'Dari',NULL,NULL,16,0);
/*!40000 ALTER TABLE `languages` ENABLE KEYS */;
UNLOCK TABLES;

--
-- Table structure for table `laundry_appointments`
--

DROP TABLE IF EXISTS `laundry_appointments`;
/*!40101 SET @saved_cs_client     = @@character_set_client */;
/*!40101 SET character_set_client = utf8 */;
CREATE TABLE `laundry_appointments` (
  `id` int unsigned NOT NULL AUTO_INCREMENT,
  `cyclestart` date DEFAULT NULL,
  `timeslot` int unsigned NOT NULL,
  `people_id` int unsigned DEFAULT NULL,
  `created` datetime DEFAULT NULL,
  `created_by` int unsigned DEFAULT NULL,
  `modified` datetime DEFAULT NULL,
  `modified_by` int unsigned DEFAULT NULL,
  `noshow` tinyint NOT NULL DEFAULT '0',
  `dropoff` tinyint NOT NULL DEFAULT '0',
  `collected` tinyint NOT NULL DEFAULT '0',
  `comment` text NOT NULL,
  PRIMARY KEY (`id`),
  KEY `timeslot` (`timeslot`),
  KEY `created_by` (`created_by`),
  KEY `modified_by` (`modified_by`),
  KEY `people_id` (`people_id`),
  CONSTRAINT `laundry_appointments_ibfk_3` FOREIGN KEY (`timeslot`) REFERENCES `laundry_slots` (`id`) ON UPDATE CASCADE,
  CONSTRAINT `laundry_appointments_ibfk_5` FOREIGN KEY (`created_by`) REFERENCES `cms_users` (`id`) ON DELETE SET NULL ON UPDATE CASCADE,
  CONSTRAINT `laundry_appointments_ibfk_6` FOREIGN KEY (`modified_by`) REFERENCES `cms_users` (`id`) ON DELETE SET NULL ON UPDATE CASCADE,
  CONSTRAINT `laundry_appointments_ibfk_7` FOREIGN KEY (`people_id`) REFERENCES `people` (`id`) ON DELETE SET NULL ON UPDATE CASCADE
) ENGINE=InnoDB DEFAULT CHARSET=utf8 ROW_FORMAT=DYNAMIC;
/*!40101 SET character_set_client = @saved_cs_client */;

--
-- Dumping data for table `laundry_appointments`
--

LOCK TABLES `laundry_appointments` WRITE;
/*!40000 ALTER TABLE `laundry_appointments` DISABLE KEYS */;
/*!40000 ALTER TABLE `laundry_appointments` ENABLE KEYS */;
UNLOCK TABLES;

--
-- Table structure for table `laundry_machines`
--

DROP TABLE IF EXISTS `laundry_machines`;
/*!40101 SET @saved_cs_client     = @@character_set_client */;
/*!40101 SET character_set_client = utf8 */;
CREATE TABLE `laundry_machines` (
  `id` int unsigned NOT NULL AUTO_INCREMENT,
  `label` varchar(255) DEFAULT NULL,
  `station` int unsigned NOT NULL,
  PRIMARY KEY (`id`),
  KEY `station` (`station`),
  CONSTRAINT `laundry_machines_ibfk_1` FOREIGN KEY (`station`) REFERENCES `laundry_stations` (`id`) ON UPDATE CASCADE
) ENGINE=InnoDB DEFAULT CHARSET=utf8 ROW_FORMAT=DYNAMIC;
/*!40101 SET character_set_client = @saved_cs_client */;

--
-- Dumping data for table `laundry_machines`
--

LOCK TABLES `laundry_machines` WRITE;
/*!40000 ALTER TABLE `laundry_machines` DISABLE KEYS */;
/*!40000 ALTER TABLE `laundry_machines` ENABLE KEYS */;
UNLOCK TABLES;

--
-- Table structure for table `laundry_slots`
--

DROP TABLE IF EXISTS `laundry_slots`;
/*!40101 SET @saved_cs_client     = @@character_set_client */;
/*!40101 SET character_set_client = utf8 */;
CREATE TABLE `laundry_slots` (
  `id` int unsigned NOT NULL AUTO_INCREMENT,
  `day` tinyint DEFAULT NULL,
  `time` int unsigned NOT NULL,
  `machine` int unsigned NOT NULL,
  PRIMARY KEY (`id`),
  KEY `machine` (`machine`),
  KEY `time` (`time`),
  CONSTRAINT `laundry_slots_ibfk_1` FOREIGN KEY (`machine`) REFERENCES `laundry_machines` (`id`) ON UPDATE CASCADE,
  CONSTRAINT `laundry_slots_ibfk_2` FOREIGN KEY (`time`) REFERENCES `laundry_times` (`id`) ON UPDATE CASCADE
) ENGINE=InnoDB DEFAULT CHARSET=utf8 ROW_FORMAT=DYNAMIC;
/*!40101 SET character_set_client = @saved_cs_client */;

--
-- Dumping data for table `laundry_slots`
--

LOCK TABLES `laundry_slots` WRITE;
/*!40000 ALTER TABLE `laundry_slots` DISABLE KEYS */;
/*!40000 ALTER TABLE `laundry_slots` ENABLE KEYS */;
UNLOCK TABLES;

--
-- Table structure for table `laundry_stations`
--

DROP TABLE IF EXISTS `laundry_stations`;
/*!40101 SET @saved_cs_client     = @@character_set_client */;
/*!40101 SET character_set_client = utf8 */;
CREATE TABLE `laundry_stations` (
  `id` int unsigned NOT NULL AUTO_INCREMENT,
  `label` varchar(50) DEFAULT NULL,
  `access` varchar(255) NOT NULL DEFAULT 'TRUE',
  `camp_id` int unsigned NOT NULL,
  PRIMARY KEY (`id`),
  KEY `camp_id` (`camp_id`),
  CONSTRAINT `laundry_stations_ibfk_1` FOREIGN KEY (`camp_id`) REFERENCES `camps` (`id`) ON UPDATE CASCADE
) ENGINE=InnoDB DEFAULT CHARSET=utf8 ROW_FORMAT=DYNAMIC;
/*!40101 SET character_set_client = @saved_cs_client */;

--
-- Dumping data for table `laundry_stations`
--

LOCK TABLES `laundry_stations` WRITE;
/*!40000 ALTER TABLE `laundry_stations` DISABLE KEYS */;
/*!40000 ALTER TABLE `laundry_stations` ENABLE KEYS */;
UNLOCK TABLES;

--
-- Table structure for table `laundry_times`
--

DROP TABLE IF EXISTS `laundry_times`;
/*!40101 SET @saved_cs_client     = @@character_set_client */;
/*!40101 SET character_set_client = utf8 */;
CREATE TABLE `laundry_times` (
  `id` int unsigned NOT NULL AUTO_INCREMENT,
  `label` varchar(20) DEFAULT NULL,
  PRIMARY KEY (`id`)
) ENGINE=InnoDB DEFAULT CHARSET=utf8 ROW_FORMAT=DYNAMIC;
/*!40101 SET character_set_client = @saved_cs_client */;

--
-- Dumping data for table `laundry_times`
--

LOCK TABLES `laundry_times` WRITE;
/*!40000 ALTER TABLE `laundry_times` DISABLE KEYS */;
/*!40000 ALTER TABLE `laundry_times` ENABLE KEYS */;
UNLOCK TABLES;

--
-- Table structure for table `library`
--

DROP TABLE IF EXISTS `library`;
/*!40101 SET @saved_cs_client     = @@character_set_client */;
/*!40101 SET character_set_client = utf8 */;
CREATE TABLE `library` (
  `id` int unsigned NOT NULL AUTO_INCREMENT,
  `code` varchar(255) DEFAULT NULL,
  `booktitle_en` varchar(255) DEFAULT NULL,
  `booktitle_ar` varchar(255) DEFAULT NULL,
  `author` varchar(255) DEFAULT NULL,
  `type_id` int unsigned DEFAULT NULL,
  `deleted` tinyint NOT NULL DEFAULT '0',
  `visible` tinyint NOT NULL DEFAULT '0',
  `comment` text NOT NULL,
  `created` datetime DEFAULT NULL,
  `created_by` int unsigned DEFAULT NULL,
  `modified` datetime DEFAULT NULL,
  `modified_by` int unsigned DEFAULT NULL,
  `camp_id` int unsigned NOT NULL,
  PRIMARY KEY (`id`),
  KEY `camp_id` (`camp_id`),
  KEY `type_id` (`type_id`),
  KEY `created_by` (`created_by`),
  KEY `modified_by` (`modified_by`),
  CONSTRAINT `library_ibfk_1` FOREIGN KEY (`camp_id`) REFERENCES `camps` (`id`) ON UPDATE CASCADE,
  CONSTRAINT `library_ibfk_4` FOREIGN KEY (`type_id`) REFERENCES `library_type` (`id`) ON UPDATE CASCADE,
  CONSTRAINT `library_ibfk_5` FOREIGN KEY (`created_by`) REFERENCES `cms_users` (`id`) ON DELETE SET NULL ON UPDATE CASCADE,
  CONSTRAINT `library_ibfk_6` FOREIGN KEY (`modified_by`) REFERENCES `cms_users` (`id`) ON DELETE SET NULL ON UPDATE CASCADE
) ENGINE=InnoDB AUTO_INCREMENT=101 DEFAULT CHARSET=utf8 ROW_FORMAT=DYNAMIC;
/*!40101 SET character_set_client = @saved_cs_client */;

--
-- Dumping data for table `library`
--

LOCK TABLES `library` WRITE;
/*!40000 ALTER TABLE `library` DISABLE KEYS */;
INSERT INTO `library` VALUES (1,'82016562','Versatile user-facing intranet',NULL,'Marks, Lang and Johnson',1,0,1,'',NULL,NULL,NULL,NULL,1),(2,'15442666','Diverse disintermediate framework',NULL,'Predovic Group',1,0,0,'',NULL,NULL,NULL,NULL,1),(3,'62113380','Digitized homogeneous neural-net',NULL,'Kunze, Langosh and McGlynn',1,0,0,'',NULL,NULL,NULL,NULL,1),(4,'78533516','Re-engineered bifurcated hub',NULL,'Jakubowski-Cormier',2,0,0,'',NULL,NULL,NULL,NULL,1),(5,'02609621','Object-based neutral application',NULL,'Marvin, Torphy and Boyer',1,0,0,'',NULL,NULL,NULL,NULL,1),(6,'49428971','Persistent global conglomeration',NULL,'Breitenberg PLC',1,0,1,'',NULL,NULL,NULL,NULL,1),(7,'34982624','Stand-alone interactive middleware',NULL,'Lesch Group',1,0,0,'',NULL,NULL,NULL,NULL,1),(8,'79308977','Networked multi-state methodology',NULL,'Schimmel-Zboncak',1,0,0,'',NULL,NULL,NULL,NULL,1),(9,'84026415','Switchable neutral solution',NULL,'Kuhic, Kuphal and Schaden',1,0,1,'',NULL,NULL,NULL,NULL,1),(10,'66363651','Public-key local policy',NULL,'Dickinson-Kerluke',2,0,1,'',NULL,NULL,NULL,NULL,1),(11,'46784247','Multi-lateral didactic time-frame',NULL,'Koch, Schultz and Bode',2,0,1,'',NULL,NULL,NULL,NULL,1),(12,'82288464','Decentralized incremental leverage',NULL,'Balistreri, Gaylord and Rosenbaum',1,0,0,'',NULL,NULL,NULL,NULL,1),(13,'88830377','Adaptive 6thgeneration toolset',NULL,'Dietrich-Prosacco',2,0,0,'',NULL,NULL,NULL,NULL,1),(14,'23931138','Multi-tiered stable time-frame',NULL,'Mayer LLC',1,0,0,'',NULL,NULL,NULL,NULL,1),(15,'24063418','Automated actuating website',NULL,'Luettgen, Larkin and Kuvalis',2,0,0,'',NULL,NULL,NULL,NULL,1),(16,'55363389','Re-engineered full-range function',NULL,'Cummerata-Walter',1,0,0,'',NULL,NULL,NULL,NULL,1),(17,'37921057','Re-contextualized 24/7 forecast',NULL,'Sauer, Gleichner and Nader',1,0,0,'',NULL,NULL,NULL,NULL,1),(18,'96919897','Horizontal multi-state infrastructure',NULL,'Farrell-Kunze',2,0,0,'',NULL,NULL,NULL,NULL,1),(19,'17619615','Profound fresh-thinking hierarchy',NULL,'Wiza-Olson',2,0,0,'',NULL,NULL,NULL,NULL,1),(20,'31325851','Versatile web-enabled model',NULL,'Bayer, Hauck and Schneider',1,0,0,'',NULL,NULL,NULL,NULL,1),(21,'57873060','Synergized even-keeled groupware',NULL,'Schaden-Sipes',2,0,0,'',NULL,NULL,NULL,NULL,1),(22,'03695760','Robust logistical blockchain',NULL,'Stroman-McCullough',2,0,0,'',NULL,NULL,NULL,NULL,1),(23,'19885193','Configurable interactive frame',NULL,'Schaefer Ltd',2,0,1,'',NULL,NULL,NULL,NULL,1),(24,'79822053','Profit-focused leadingedge policy',NULL,'Bosco, Ward and McDermott',2,0,1,'',NULL,NULL,NULL,NULL,1),(25,'07996313','Integrated web-enabled challenge',NULL,'Hodkiewicz, Tremblay and Dare',2,0,1,'',NULL,NULL,NULL,NULL,1),(26,'46781819','Multi-tiered eco-centric hierarchy',NULL,'Gutkowski-Reilly',2,0,1,'',NULL,NULL,NULL,NULL,1),(27,'81764419','Operative background solution',NULL,'Schaden Ltd',2,0,1,'',NULL,NULL,NULL,NULL,1),(28,'09289628','Focused secondary circuit',NULL,'Turcotte-Thompson',1,0,0,'',NULL,NULL,NULL,NULL,1),(29,'78739369','Open-source non-volatile paradigm',NULL,'Wisozk-Lockman',1,0,1,'',NULL,NULL,NULL,NULL,1),(30,'27543788','Visionary systematic throughput',NULL,'Rutherford-Hartmann',2,0,0,'',NULL,NULL,NULL,NULL,1),(31,'16146655','Robust bandwidth-monitored service-desk',NULL,'Reichel and Sons',2,0,0,'',NULL,NULL,NULL,NULL,1),(32,'62327237','Secured non-volatile algorithm',NULL,'Farrell LLC',1,0,0,'',NULL,NULL,NULL,NULL,1),(33,'91011947','Advanced 4thgeneration approach',NULL,'Howell-McKenzie',1,0,1,'',NULL,NULL,NULL,NULL,1),(34,'81946532','Upgradable uniform alliance',NULL,'Mohr-Auer',1,0,1,'',NULL,NULL,NULL,NULL,1),(35,'79745567','Assimilated bandwidth-monitored parallelism',NULL,'Zemlak-Hintz',2,0,1,'',NULL,NULL,NULL,NULL,1),(36,'40928494','Innovative zerotolerance time-frame',NULL,'Little-Hessel',1,0,1,'',NULL,NULL,NULL,NULL,1),(37,'42536727','Multi-tiered grid-enabled customerloyalty',NULL,'Romaguera-Ledner',1,0,0,'',NULL,NULL,NULL,NULL,1),(38,'26037738','De-engineered client-server knowledgeuser',NULL,'Quigley Inc',2,0,0,'',NULL,NULL,NULL,NULL,1),(39,'22033413','Visionary human-resource capability',NULL,'Romaguera, O\'Reilly and Hahn',1,0,0,'',NULL,NULL,NULL,NULL,1),(40,'74837397','Cross-group bifurcated capability',NULL,'West-Stanton',2,0,1,'',NULL,NULL,NULL,NULL,1),(41,'73660057','Realigned homogeneous website',NULL,'Bailey and Sons',2,0,1,'',NULL,NULL,NULL,NULL,1),(42,'89334652','Grass-roots multi-state capability',NULL,'Bartoletti and Sons',2,0,1,'',NULL,NULL,NULL,NULL,1),(43,'36827954','Centralized motivating knowledgebase',NULL,'Block Group',2,0,0,'',NULL,NULL,NULL,NULL,1),(44,'49548839','Innovative hybrid algorithm',NULL,'Sauer, Zulauf and Mayer',1,0,1,'',NULL,NULL,NULL,NULL,1),(45,'43235018','Operative bandwidth-monitored knowledgebase',NULL,'Eichmann Inc',2,0,0,'',NULL,NULL,NULL,NULL,1),(46,'31189835','User-centric encompassing protocol',NULL,'Cole-Johnson',2,0,0,'',NULL,NULL,NULL,NULL,1),(47,'79674539','Compatible bandwidth-monitored conglomeration',NULL,'Collins, O\'Kon and Gottlieb',2,0,1,'',NULL,NULL,NULL,NULL,1),(48,'18962024','Centralized client-driven neural-net',NULL,'Franecki PLC',2,0,0,'',NULL,NULL,NULL,NULL,1),(49,'75650025','Automated optimal array',NULL,'Kemmer, Wiza and Erdman',1,0,0,'',NULL,NULL,NULL,NULL,1),(50,'04732877','Extended secondary orchestration',NULL,'Fay Inc',2,0,1,'',NULL,NULL,NULL,NULL,1),(51,'76589737','Intuitive modular budgetarymanagement',NULL,'Daniel-Bergstrom',2,0,0,'',NULL,NULL,NULL,NULL,1),(52,'01323702','Polarised 24hour blockchain',NULL,'Hoeger, Marquardt and Shanahan',1,0,1,'',NULL,NULL,NULL,NULL,1),(53,'81377237','Multi-layered dedicated database',NULL,'Pouros-O\'Conner',1,0,0,'',NULL,NULL,NULL,NULL,1),(54,'24625357','Robust regional core',NULL,'Lindgren Inc',2,0,0,'',NULL,NULL,NULL,NULL,1),(55,'74950355','Operative object-oriented benchmark',NULL,'Lesch-Monahan',2,0,1,'',NULL,NULL,NULL,NULL,1),(56,'17572415','Virtual uniform pricingstructure',NULL,'Schiller, Mayer and Jones',2,0,0,'',NULL,NULL,NULL,NULL,1),(57,'08737915','Synchronised non-volatile moderator',NULL,'Nikolaus, Schuster and Harvey',1,0,1,'',NULL,NULL,NULL,NULL,1),(58,'11021858','User-centric zerodefect benchmark',NULL,'Larson-Larson',2,0,1,'',NULL,NULL,NULL,NULL,1),(59,'84093387','Monitored object-oriented protocol',NULL,'Kuhlman, Skiles and Huels',1,0,1,'',NULL,NULL,NULL,NULL,1),(60,'63708639','Function-based maximized access',NULL,'Ziemann-Hickle',1,0,0,'',NULL,NULL,NULL,NULL,1),(61,'69415258','Operative didactic matrices',NULL,'Wilkinson, Bechtelar and Reilly',2,0,0,'',NULL,NULL,NULL,NULL,1),(62,'64093864','Advanced upward-trending project',NULL,'Wunsch-Nolan',1,0,0,'',NULL,NULL,NULL,NULL,1),(63,'43213313','Configurable discrete challenge',NULL,'Leffler PLC',2,0,1,'',NULL,NULL,NULL,NULL,1),(64,'48930123','Distributed demand-driven encryption',NULL,'Friesen-Kerluke',1,0,0,'',NULL,NULL,NULL,NULL,1),(65,'87128314','Total value-added algorithm',NULL,'Nader, Parisian and Boyer',2,0,1,'',NULL,NULL,NULL,NULL,1),(66,'42811589','User-centric logistical frame',NULL,'Gislason and Sons',1,0,0,'',NULL,NULL,NULL,NULL,1),(67,'74517787','Decentralized bandwidth-monitored groupware',NULL,'Wiza and Sons',2,0,0,'',NULL,NULL,NULL,NULL,1),(68,'74582976','Business-focused transitional infrastructure',NULL,'Brekke-Douglas',1,0,0,'',NULL,NULL,NULL,NULL,1),(69,'28578208','Synergistic grid-enabled database',NULL,'Littel, Kertzmann and Eichmann',1,0,1,'',NULL,NULL,NULL,NULL,1),(70,'18969771','Ameliorated cohesive GraphicalUserInterface',NULL,'Collins Inc',2,0,0,'',NULL,NULL,NULL,NULL,1),(71,'90280016','Networked real-time neural-net',NULL,'Brown, Hermiston and Grady',2,0,0,'',NULL,NULL,NULL,NULL,1),(72,'54502512','Decentralized hybrid portal',NULL,'Johns, Jast and Weber',2,0,0,'',NULL,NULL,NULL,NULL,1),(73,'65695760','Realigned needs-based localareanetwork',NULL,'Prosacco-Heathcote',2,0,1,'',NULL,NULL,NULL,NULL,1),(74,'03660591','Polarised radical groupware',NULL,'Keeling Group',2,0,0,'',NULL,NULL,NULL,NULL,1),(75,'97385752','Automated holistic matrix',NULL,'Moore-Ryan',1,0,0,'',NULL,NULL,NULL,NULL,1),(76,'99441890','Universal national focusgroup',NULL,'Hettinger, Boyer and Leannon',2,0,1,'',NULL,NULL,NULL,NULL,1),(77,'55932738','Cross-group dedicated artificialintelligence',NULL,'Schneider PLC',2,0,1,'',NULL,NULL,NULL,NULL,1),(78,'53439253','Multi-layered modular initiative',NULL,'Veum and Sons',1,0,0,'',NULL,NULL,NULL,NULL,1),(79,'95681863','Triple-buffered impactful concept',NULL,'Greenholt-Barton',2,0,0,'',NULL,NULL,NULL,NULL,1),(80,'06849443','Pre-emptive 24/7 collaboration',NULL,'Cormier-Ruecker',1,0,1,'',NULL,NULL,NULL,NULL,1),(81,'07569470','Expanded systematic functionalities',NULL,'Donnelly-Denesik',2,0,0,'',NULL,NULL,NULL,NULL,1),(82,'08842312','Operative secondary approach',NULL,'Padberg, Bailey and Langosh',2,0,1,'',NULL,NULL,NULL,NULL,1),(83,'48945349','Versatile incremental methodology',NULL,'Crooks Inc',2,0,0,'',NULL,NULL,NULL,NULL,1),(84,'59900573','Quality-focused demand-driven internetsolution',NULL,'Schaden LLC',1,0,1,'',NULL,NULL,NULL,NULL,1),(85,'25583830','Universal dynamic utilisation',NULL,'Zemlak Group',1,0,0,'',NULL,NULL,NULL,NULL,1),(86,'11978824','Innovative contextually-based extranet',NULL,'Effertz Ltd',1,0,0,'',NULL,NULL,NULL,NULL,1),(87,'10195055','Stand-alone didactic internetsolution',NULL,'Farrell LLC',1,0,1,'',NULL,NULL,NULL,NULL,1),(88,'22048516','Triple-buffered regional time-frame',NULL,'Towne-Bechtelar',1,0,1,'',NULL,NULL,NULL,NULL,1),(89,'26356037','Quality-focused radical forecast',NULL,'Funk, Leuschke and Nienow',1,0,1,'',NULL,NULL,NULL,NULL,1),(90,'32314540','Function-based optimizing superstructure',NULL,'Vandervort-Weber',2,0,1,'',NULL,NULL,NULL,NULL,1),(91,'83624919','User-centric fault-tolerant hierarchy',NULL,'Beatty, Roob and Rutherford',1,0,0,'',NULL,NULL,NULL,NULL,1),(92,'16108356','Future-proofed 3rdgeneration model',NULL,'McDermott LLC',1,0,0,'',NULL,NULL,NULL,NULL,1),(93,'12586080','Quality-focused zerotolerance knowledgebase',NULL,'Gerlach-Moore',1,0,1,'',NULL,NULL,NULL,NULL,1),(94,'70692860','Secured motivating capacity',NULL,'Pacocha, Lubowitz and Reichel',2,0,1,'',NULL,NULL,NULL,NULL,1),(95,'05445585','Synchronised 5thgeneration challenge',NULL,'Nicolas Ltd',1,0,0,'',NULL,NULL,NULL,NULL,1),(96,'75725426','Progressive background hardware',NULL,'Bauch, McClure and Grant',1,0,0,'',NULL,NULL,NULL,NULL,1),(97,'60684585','Up-sized scalable leverage',NULL,'Greenholt-Thiel',2,0,0,'',NULL,NULL,NULL,NULL,1),(98,'56918526','Reverse-engineered context-sensitive access',NULL,'Dicki, Corkery and Konopelski',1,0,0,'',NULL,NULL,NULL,NULL,1),(99,'43509249','Sharable bifurcated processimprovement',NULL,'Mitchell, Lubowitz and O\'Kon',2,0,1,'',NULL,NULL,NULL,NULL,1),(100,'13562960','Automated bandwidth-monitored localareanetwork',NULL,'Senger and Sons',1,0,1,'',NULL,NULL,NULL,NULL,1);
/*!40000 ALTER TABLE `library` ENABLE KEYS */;
UNLOCK TABLES;

--
-- Table structure for table `library_transactions`
--

DROP TABLE IF EXISTS `library_transactions`;
/*!40101 SET @saved_cs_client     = @@character_set_client */;
/*!40101 SET character_set_client = utf8 */;
CREATE TABLE `library_transactions` (
  `id` int unsigned NOT NULL AUTO_INCREMENT,
  `transaction_date` datetime DEFAULT NULL,
  `book_id` int DEFAULT NULL,
  `people_id` int unsigned DEFAULT NULL,
  `status` varchar(5) DEFAULT NULL,
  `created` datetime DEFAULT NULL,
  `created_by` int unsigned DEFAULT NULL,
  `modified` datetime DEFAULT NULL,
  `modified_by` int unsigned DEFAULT NULL,
  `comment` text NOT NULL,
  PRIMARY KEY (`id`),
  KEY `created_by` (`created_by`),
  KEY `modified_by` (`modified_by`),
  KEY `people_id` (`people_id`),
  CONSTRAINT `library_transactions_ibfk_4` FOREIGN KEY (`created_by`) REFERENCES `cms_users` (`id`) ON DELETE SET NULL ON UPDATE CASCADE,
  CONSTRAINT `library_transactions_ibfk_5` FOREIGN KEY (`modified_by`) REFERENCES `cms_users` (`id`) ON DELETE SET NULL ON UPDATE CASCADE,
  CONSTRAINT `library_transactions_ibfk_6` FOREIGN KEY (`people_id`) REFERENCES `people` (`id`) ON DELETE SET NULL ON UPDATE CASCADE
) ENGINE=InnoDB DEFAULT CHARSET=utf8 ROW_FORMAT=DYNAMIC;
/*!40101 SET character_set_client = @saved_cs_client */;

--
-- Dumping data for table `library_transactions`
--

LOCK TABLES `library_transactions` WRITE;
/*!40000 ALTER TABLE `library_transactions` DISABLE KEYS */;
/*!40000 ALTER TABLE `library_transactions` ENABLE KEYS */;
UNLOCK TABLES;

--
-- Table structure for table `library_type`
--

DROP TABLE IF EXISTS `library_type`;
/*!40101 SET @saved_cs_client     = @@character_set_client */;
/*!40101 SET character_set_client = utf8 */;
CREATE TABLE `library_type` (
  `id` int unsigned NOT NULL AUTO_INCREMENT,
  `label` varchar(255) DEFAULT NULL,
  `camp_id` int unsigned NOT NULL,
  PRIMARY KEY (`id`),
  KEY `camp_id` (`camp_id`),
  CONSTRAINT `library_type_ibfk_1` FOREIGN KEY (`camp_id`) REFERENCES `camps` (`id`) ON UPDATE CASCADE
) ENGINE=InnoDB AUTO_INCREMENT=3 DEFAULT CHARSET=utf8 ROW_FORMAT=DYNAMIC;
/*!40101 SET character_set_client = @saved_cs_client */;

--
-- Dumping data for table `library_type`
--

LOCK TABLES `library_type` WRITE;
/*!40000 ALTER TABLE `library_type` DISABLE KEYS */;
INSERT INTO `library_type` VALUES (1,'Books',1),(2,'Magazines',1);
/*!40000 ALTER TABLE `library_type` ENABLE KEYS */;
UNLOCK TABLES;

--
-- Table structure for table `locations`
--

DROP TABLE IF EXISTS `locations`;
/*!40101 SET @saved_cs_client     = @@character_set_client */;
/*!40101 SET character_set_client = utf8 */;
CREATE TABLE `locations` (
  `id` int unsigned NOT NULL AUTO_INCREMENT,
  `label` varchar(20) NOT NULL,
  `camp_id` int unsigned NOT NULL,
  `seq` int DEFAULT NULL,
  `created` datetime DEFAULT NULL,
  `created_by` int unsigned DEFAULT NULL,
  `modified` datetime DEFAULT NULL,
  `modified_by` int unsigned DEFAULT NULL,
  `visible` tinyint NOT NULL DEFAULT '1',
  `container_stock` tinyint NOT NULL DEFAULT '0',
  `is_market` tinyint NOT NULL DEFAULT '0',
  `is_donated` tinyint NOT NULL DEFAULT '0',
  `is_lost` tinyint NOT NULL DEFAULT '0',
  `type` varchar(20) NOT NULL DEFAULT 'Warehouse',
  `latitude` double DEFAULT NULL,
  `longitude` double DEFAULT NULL,
  `description` varchar(255) DEFAULT NULL,
  `deleted` datetime DEFAULT NULL,
  `is_scrap` tinyint(1) NOT NULL DEFAULT '0',
  `box_state_id` int unsigned NOT NULL DEFAULT '1',
  PRIMARY KEY (`id`),
  KEY `camp_id` (`camp_id`),
  KEY `box_state_id` (`box_state_id`),
  KEY `created_by` (`created_by`),
  KEY `modified_by` (`modified_by`),
  KEY `locations_type_index` (`type`),
  KEY `locations_latitude_index` (`latitude`),
  KEY `locations_longitude_index` (`longitude`),
  CONSTRAINT `locations_ibfk_1` FOREIGN KEY (`camp_id`) REFERENCES `camps` (`id`) ON UPDATE CASCADE,
  CONSTRAINT `locations_ibfk_4` FOREIGN KEY (`box_state_id`) REFERENCES `box_state` (`id`) ON UPDATE CASCADE,
  CONSTRAINT `locations_ibfk_5` FOREIGN KEY (`box_state_id`) REFERENCES `box_state` (`id`) ON UPDATE CASCADE,
  CONSTRAINT `locations_ibfk_6` FOREIGN KEY (`created_by`) REFERENCES `cms_users` (`id`) ON DELETE SET NULL ON UPDATE CASCADE,
  CONSTRAINT `locations_ibfk_7` FOREIGN KEY (`modified_by`) REFERENCES `cms_users` (`id`) ON DELETE SET NULL ON UPDATE CASCADE
) ENGINE=InnoDB AUTO_INCREMENT=100000060 DEFAULT CHARSET=utf8 ROW_FORMAT=DYNAMIC;
/*!40101 SET character_set_client = @saved_cs_client */;

--
-- Dumping data for table `locations`
--

LOCK TABLES `locations` WRITE;
/*!40000 ALTER TABLE `locations` DISABLE KEYS */;
INSERT INTO `locations` VALUES
  (100000000,'TestShop',100000000,NULL,NULL,NULL,NULL,NULL,0,0,1,0,0,'Warehouse',NULL,NULL,NULL,NULL,0,5),
  (100000001,'TestLOST',100000000,NULL,NULL,NULL,NULL,NULL,0,0,0,0,1,'Warehouse',NULL,NULL,NULL,'2022-12-21 18:00:00',0,2),
  (100000002,'TestDonated',100000000,NULL,NULL,NULL,NULL,NULL,0,0,0,1,0,'Warehouse',NULL,NULL,NULL,NULL,0,5),
  (100000003,'TestWarehouse',100000000,NULL,NULL,NULL,NULL,NULL,1,0,0,0,0,'Warehouse',NULL,NULL,NULL,NULL,0,1),
  (100000004,'TestStockroom',100000000,NULL,NULL,NULL,NULL,NULL,1,1,0,0,0,'Warehouse',NULL,NULL,NULL,NULL,0,1),
  (100000005,'TestDummyLocation',100000001,NULL,NULL,NULL,NULL,NULL,0,0,1,0,0,'Warehouse',NULL,NULL,NULL,NULL,0,5),
  (100000006,'TestSCRAP',100000000,NULL,NULL,NULL,NULL,NULL,0,0,0,0,0,'Warehouse',NULL,NULL,NULL,'2022-12-21 18:00:00',1,6),
  (100000036,'Stockroom',1,NULL,'2024-05-28 09:03:26',5,NULL,NULL,1,1,0,0,0,'Warehouse',NULL,NULL,'',NULL,0,1),
  (100000037,'WH',1,NULL,'2024-05-28 09:03:26',2,NULL,NULL,1,0,0,0,0,'Warehouse',NULL,NULL,'',NULL,0,1),
  (100000038,'WH2',1,NULL,'2024-05-28 09:03:26',5,NULL,NULL,1,0,0,0,0,'Warehouse',NULL,NULL,'',NULL,0,1),
  (100000039,'FreeShop',1,NULL,'2024-05-28 09:03:26',5,NULL,NULL,1,0,1,1,0,'Warehouse',NULL,NULL,'',NULL,0,5),
  (100000040,'Donated location',1,NULL,'2024-05-28 09:03:26',25,NULL,NULL,1,0,0,1,0,'Warehouse',NULL,NULL,'',NULL,0,5),
  (100000041,'Unused WH',1,NULL,'2024-05-28 09:03:26',7,NULL,NULL,0,0,0,0,0,'Warehouse',NULL,NULL,'','2024-05-28 09:03:26',0,1),
  (100000042,'Stockroom',2,NULL,'2024-05-28 09:03:26',16,NULL,NULL,1,1,0,0,0,'Warehouse',NULL,NULL,'',NULL,0,1),
  (100000043,'WH',2,NULL,'2024-05-28 09:03:26',10,NULL,NULL,1,0,0,0,0,'Warehouse',NULL,NULL,'',NULL,0,1),
  (100000044,'WH2',2,NULL,'2024-05-28 09:03:26',33,NULL,NULL,1,0,0,0,0,'Warehouse',NULL,NULL,'',NULL,0,1),
  (100000045,'FreeShop',2,NULL,'2024-05-28 09:03:26',31,NULL,NULL,1,0,1,1,0,'Warehouse',NULL,NULL,'',NULL,0,5),
  (100000046,'Donated location',2,NULL,'2024-05-28 09:03:26',16,NULL,NULL,1,0,0,1,0,'Warehouse',NULL,NULL,'',NULL,0,5),
  (100000047,'Unused WH',2,NULL,'2024-05-28 09:03:26',17,NULL,NULL,0,0,0,0,0,'Warehouse',NULL,NULL,'','2024-05-28 09:03:26',0,1),
  (100000048,'Stockroom',3,NULL,'2024-05-28 09:03:26',15,NULL,NULL,1,1,0,0,0,'Warehouse',NULL,NULL,'',NULL,0,1),
  (100000049,'WH',3,NULL,'2024-05-28 09:03:26',15,NULL,NULL,1,0,0,0,0,'Warehouse',NULL,NULL,'',NULL,0,1),
  (100000050,'WH2',3,NULL,'2024-05-28 09:03:26',18,NULL,NULL,1,0,0,0,0,'Warehouse',NULL,NULL,'',NULL,0,1),
  (100000051,'FreeShop',3,NULL,'2024-05-28 09:03:26',15,NULL,NULL,1,0,1,1,0,'Warehouse',NULL,NULL,'',NULL,0,5),
  (100000052,'Donated location',3,NULL,'2024-05-28 09:03:26',34,NULL,NULL,1,0,0,1,0,'Warehouse',NULL,NULL,'',NULL,0,5),
  (100000053,'Unused WH',3,NULL,'2024-05-28 09:03:26',17,NULL,NULL,0,0,0,0,0,'Warehouse',NULL,NULL,'','2024-05-28 09:03:26',0,1),
  (100000054,'Stockroom',4,NULL,'2024-05-28 09:03:26',38,NULL,NULL,1,1,0,0,0,'Warehouse',NULL,NULL,'',NULL,0,1),
  (100000055,'WH',4,NULL,'2024-05-28 09:03:26',38,NULL,NULL,1,0,0,0,0,'Warehouse',NULL,NULL,'',NULL,0,1),
  (100000056,'WH2',4,NULL,'2024-05-28 09:03:26',40,NULL,NULL,1,0,0,0,0,'Warehouse',NULL,NULL,'',NULL,0,1),
  (100000057,'FreeShop',4,NULL,'2024-05-28 09:03:26',18,NULL,NULL,1,0,1,1,0,'Warehouse',NULL,NULL,'',NULL,0,5),
  (100000058,'Donated location',4,NULL,'2024-05-28 09:03:26',20,NULL,NULL,1,0,0,1,0,'Warehouse',NULL,NULL,'',NULL,0,5),
  (100000059,'Unused WH',4,NULL,'2024-05-28 09:03:26',38,NULL,NULL,0,0,0,0,0,'Warehouse',NULL,NULL,'','2024-05-28 09:03:26',0,1);
/*!40000 ALTER TABLE `locations` ENABLE KEYS */;
UNLOCK TABLES;

--
-- Table structure for table `log`
--

DROP TABLE IF EXISTS `log`;
/*!40101 SET @saved_cs_client     = @@character_set_client */;
/*!40101 SET character_set_client = utf8 */;
CREATE TABLE `log` (
  `id` int unsigned NOT NULL AUTO_INCREMENT,
  `logdate` datetime DEFAULT NULL,
  `content` text,
  `ip` varchar(255) DEFAULT NULL,
  `user` varchar(255) DEFAULT NULL,
  PRIMARY KEY (`id`)
) ENGINE=InnoDB DEFAULT CHARSET=utf8 ROW_FORMAT=DYNAMIC;
/*!40101 SET character_set_client = @saved_cs_client */;

--
-- Dumping data for table `log`
--

LOCK TABLES `log` WRITE;
/*!40000 ALTER TABLE `log` DISABLE KEYS */;
/*!40000 ALTER TABLE `log` ENABLE KEYS */;
UNLOCK TABLES;

--
-- Table structure for table `numbers`
--

DROP TABLE IF EXISTS `numbers`;
/*!40101 SET @saved_cs_client     = @@character_set_client */;
/*!40101 SET character_set_client = utf8 */;
CREATE TABLE `numbers` (
  `value` int NOT NULL AUTO_INCREMENT,
  `label` varchar(20) NOT NULL,
  PRIMARY KEY (`value`)
) ENGINE=InnoDB AUTO_INCREMENT=11 DEFAULT CHARSET=utf8 ROW_FORMAT=DYNAMIC;
/*!40101 SET character_set_client = @saved_cs_client */;

--
-- Dumping data for table `numbers`
--

LOCK TABLES `numbers` WRITE;
/*!40000 ALTER TABLE `numbers` DISABLE KEYS */;
INSERT INTO `numbers` VALUES (0,'none'),(1,'one'),(2,'two'),(3,'three'),(4,'four'),(5,'five'),(6,'six'),(7,'seven'),(8,'eight'),(9,'nine'),(10,'ten');
/*!40000 ALTER TABLE `numbers` ENABLE KEYS */;
UNLOCK TABLES;

--
-- Table structure for table `organisations`
--

DROP TABLE IF EXISTS `organisations`;
/*!40101 SET @saved_cs_client     = @@character_set_client */;
/*!40101 SET character_set_client = utf8 */;
CREATE TABLE `organisations` (
  `id` int unsigned NOT NULL AUTO_INCREMENT,
  `label` varchar(255) NOT NULL,
  `created` datetime DEFAULT NULL,
  `created_by` int unsigned DEFAULT NULL,
  `deleted` datetime DEFAULT NULL,
  `modified` datetime DEFAULT NULL,
  `modified_by` int unsigned DEFAULT NULL,
  PRIMARY KEY (`id`),
  KEY `created_by` (`created_by`),
  KEY `modified_by` (`modified_by`),
  CONSTRAINT `organisations_ibfk_1` FOREIGN KEY (`created_by`) REFERENCES `cms_users` (`id`) ON DELETE SET NULL ON UPDATE CASCADE,
  CONSTRAINT `organisations_ibfk_2` FOREIGN KEY (`modified_by`) REFERENCES `cms_users` (`id`) ON DELETE SET NULL ON UPDATE CASCADE
) ENGINE=InnoDB AUTO_INCREMENT=100000006 DEFAULT CHARSET=utf8 ROW_FORMAT=DYNAMIC;
/*!40101 SET character_set_client = @saved_cs_client */;

--
-- Dumping data for table `organisations`
--

LOCK TABLES `organisations` WRITE;
/*!40000 ALTER TABLE `organisations` DISABLE KEYS */;
INSERT INTO `organisations` VALUES
  (1,'BoxAid',NULL,NULL,NULL,NULL,NULL),
  (2,'BoxCare',NULL,NULL,NULL,NULL,NULL),
  (100000000,'TestOrganisation','2019-07-10 08:05:56',1,NULL,NULL,NULL),
  (100000001,'DummyTestOrgWithBoxes','2019-09-29 08:05:56',1,NULL,NULL,NULL);
/*!40000 ALTER TABLE `organisations` ENABLE KEYS */;
UNLOCK TABLES;

--
-- Table structure for table `people`
--

DROP TABLE IF EXISTS `people`;
/*!40101 SET @saved_cs_client     = @@character_set_client */;
/*!40101 SET character_set_client = utf8 */;
CREATE TABLE `people` (
  `id` int unsigned NOT NULL AUTO_INCREMENT,
  `parent_id` int unsigned DEFAULT NULL,
  `seq` int NOT NULL,
  `firstname` varchar(255) NOT NULL DEFAULT '',
  `lastname` varchar(255) NOT NULL DEFAULT '',
  `date_of_birth` date DEFAULT NULL,
  `gender` varchar(255) NOT NULL DEFAULT '',
  `family_id` int NOT NULL,
  `visible` int NOT NULL DEFAULT '1',
  `created` datetime DEFAULT NULL,
  `created_by` int unsigned DEFAULT NULL,
  `modified` datetime DEFAULT NULL,
  `modified_by` int unsigned DEFAULT NULL,
  `url` int DEFAULT NULL,
  `container` varchar(255) NOT NULL DEFAULT '',
  `tent` varchar(255) NOT NULL DEFAULT '',
  `email` varchar(255) NOT NULL DEFAULT '',
  `pass` varchar(255) NOT NULL DEFAULT '',
  `language` int NOT NULL DEFAULT '5',
  `resetpassword` varchar(255) DEFAULT NULL,
  `comments` text,
  `workshoptraining` int NOT NULL DEFAULT '0',
  `workshopsupervisor` int NOT NULL DEFAULT '0',
  `phone` varchar(255) DEFAULT NULL,
  `bicycletraining` int NOT NULL DEFAULT '0',
  `camp_id` int unsigned NOT NULL,
  `deleted` datetime NOT NULL,
  `extraportion` int NOT NULL DEFAULT '0',
  `notregistered` tinyint NOT NULL DEFAULT '0',
  `workshopban` date DEFAULT NULL,
  `bicycleban` date DEFAULT NULL,
  `bicyclebancomment` text NOT NULL,
  `workshopbancomment` text NOT NULL,
  `volunteer` tinyint NOT NULL DEFAULT '0',
  `laundryblock` tinyint NOT NULL DEFAULT '0',
  `laundrycomment` varchar(255) DEFAULT NULL,
  `approvalsigned` tinyint NOT NULL DEFAULT '0',
  `signaturefield` text,
  `date_of_signature` datetime NOT NULL DEFAULT '0000-00-00 00:00:00',
  PRIMARY KEY (`id`),
  KEY `parent_id` (`parent_id`),
  KEY `container` (`container`),
  KEY `camp_id` (`camp_id`),
  KEY `created_by` (`created_by`),
  KEY `modified_by` (`modified_by`),
  CONSTRAINT `people_ibfk_1` FOREIGN KEY (`camp_id`) REFERENCES `camps` (`id`) ON UPDATE CASCADE,
  CONSTRAINT `people_ibfk_5` FOREIGN KEY (`created_by`) REFERENCES `cms_users` (`id`) ON DELETE SET NULL ON UPDATE CASCADE,
  CONSTRAINT `people_ibfk_6` FOREIGN KEY (`modified_by`) REFERENCES `cms_users` (`id`) ON DELETE SET NULL ON UPDATE CASCADE,
  CONSTRAINT `people_ibfk_7` FOREIGN KEY (`parent_id`) REFERENCES `people` (`id`) ON DELETE SET NULL ON UPDATE CASCADE
) ENGINE=InnoDB AUTO_INCREMENT=100000946 DEFAULT CHARSET=utf8 ROW_FORMAT=DYNAMIC;
/*!40101 SET character_set_client = @saved_cs_client */;

--
-- Dumping data for table `people`
--

LOCK TABLES `people` WRITE;
/*!40000 ALTER TABLE `people` DISABLE KEYS */;
INSERT INTO `people` VALUES (100000001,NULL,0,'User','WithoutTokens','1980-07-10','',0,1,'2019-09-02 00:00:00',NULL,NULL,NULL,NULL,'001','','','',5,NULL,NULL,0,0,NULL,0,100000000,'0000-00-00 00:00:00',0,0,NULL,NULL,'','',0,0,NULL,1,NULL,'2019-09-02 00:00:00'),(100000002,NULL,0,'Conor','McGregor','1980-07-10','',0,1,'2019-09-02 00:00:00',NULL,NULL,NULL,NULL,'002','','','',5,NULL,NULL,0,0,NULL,0,100000000,'0000-00-00 00:00:00',0,0,NULL,NULL,'','',0,0,NULL,1,NULL,'2019-09-02 00:00:00'),(100000003,NULL,0,'Garry','Tonon','1985-07-10','',0,1,'2019-09-01 00:00:00',NULL,NULL,NULL,NULL,'003','','','',5,NULL,NULL,0,0,NULL,0,100000000,'0000-00-00 00:00:00',0,0,NULL,NULL,'','',0,0,NULL,1,NULL,'2019-09-02 00:00:00'),(100000004,NULL,0,'Kron','Gracie','1978-07-10','',0,1,'2019-09-02 00:00:00',NULL,NULL,NULL,NULL,'004','','','',5,NULL,NULL,0,0,NULL,0,100000000,'0000-00-00 00:00:00',0,0,NULL,NULL,'','',0,0,NULL,1,NULL,'2019-09-02 00:00:00'),(100000005,NULL,0,'User','WithoutApproval','1978-07-10','',0,1,'2019-09-02 00:00:00',NULL,NULL,NULL,NULL,'004','','','',5,NULL,NULL,0,0,NULL,0,100000000,'0000-00-00 00:00:00',0,0,NULL,NULL,'','',0,0,NULL,0,NULL,'0000-00-00 00:00:00'),(100000006,NULL,0,'DeactivatedBeneficiary','DeactivatedBeneficiary','1978-07-10','',0,1,'2019-09-02 00:00:00',NULL,NULL,NULL,NULL,'004','','','',5,NULL,NULL,0,0,NULL,0,100000000,'2019-10-25 11:01:30',0,0,NULL,NULL,'','',0,0,NULL,1,NULL,'2019-09-02 00:00:00'),(100000483,NULL,1,'some','one',NULL,'',0,1,NULL,NULL,NULL,NULL,NULL,'','','','',5,NULL,NULL,0,0,NULL,0,1,'2022-11-10 09:29:10',0,0,NULL,NULL,'','',0,0,NULL,0,NULL,'0000-00-00 00:00:00'),(100000484,NULL,1,'some','one',NULL,'',0,1,NULL,NULL,NULL,NULL,NULL,'','','','',5,NULL,NULL,0,0,NULL,0,3,'2022-11-10 09:29:10',0,0,NULL,NULL,'','',0,0,NULL,0,NULL,'0000-00-00 00:00:00'),(100000485,NULL,1,'some','one',NULL,'',0,1,NULL,NULL,NULL,NULL,NULL,'','','','',5,NULL,NULL,0,0,NULL,0,4,'2022-11-10 09:29:34',0,0,NULL,NULL,'','',0,0,NULL,0,NULL,'0000-00-00 00:00:00'),(100000486,NULL,1,'Anne','Murphy','1964-10-25','F',0,1,'2024-05-28 09:03:26',9,'2024-05-28 09:03:39',6,NULL,'2683','','','',5,NULL,'Music among.',0,0,NULL,0,1,'0000-00-00 00:00:00',0,0,NULL,NULL,'','',1,0,NULL,0,NULL,'0000-00-00 00:00:00'),(100000487,NULL,1,'Jacob','Best','1988-08-30','M',0,1,'2024-05-28 09:03:26',6,'2024-05-28 09:03:43',24,NULL,'5421','','','',5,NULL,'Order part land.',0,0,NULL,0,1,'0000-00-00 00:00:00',0,0,NULL,NULL,'','',0,0,NULL,0,NULL,'0000-00-00 00:00:00'),(100000488,NULL,1,'Darlene','Butler','1958-04-01','F',0,1,'2024-05-28 09:03:26',7,'2024-05-28 09:03:26',7,NULL,'8483','','','',5,NULL,'Together.',0,0,NULL,0,1,'0000-00-00 00:00:00',0,1,NULL,NULL,'','',0,0,NULL,0,NULL,'0000-00-00 00:00:00'),(100000489,NULL,1,'Phillip','Walker','1932-09-30','M',0,1,'2024-05-28 09:03:26',3,'2024-05-28 09:03:34',8,NULL,'5663','','','',5,NULL,'Room increase.',0,0,NULL,0,1,'0000-00-00 00:00:00',0,0,NULL,NULL,'','',1,0,NULL,0,NULL,'0000-00-00 00:00:00'),(100000490,NULL,1,'Hannah','Rogers','1985-03-30','F',0,1,'2024-05-28 09:03:26',23,'2024-05-28 09:03:39',4,NULL,'9716','','','',5,NULL,'By finally entire.',0,0,NULL,0,1,'0000-00-00 00:00:00',0,0,NULL,NULL,'','',0,0,NULL,0,NULL,'0000-00-00 00:00:00'),(100000491,NULL,1,'Christian','Lane','1946-08-06','M',0,1,'2024-05-28 09:03:26',6,'2024-05-28 09:03:43',4,NULL,'1540','','','',5,NULL,'Group meet upon.',0,0,NULL,0,1,'0000-00-00 00:00:00',0,0,NULL,NULL,'','',1,0,NULL,0,NULL,'0000-00-00 00:00:00'),(100000492,NULL,1,'Sarah','Richards','1919-12-09','F',0,1,'2024-05-28 09:03:26',24,'2024-05-28 09:03:43',23,NULL,'3893','','','',5,NULL,'Future citizen.',0,0,NULL,0,1,'0000-00-00 00:00:00',0,0,NULL,NULL,'','',1,0,NULL,0,NULL,'0000-00-00 00:00:00'),(100000493,NULL,1,'Joel','Martin','1964-07-04','M',0,1,'2024-05-28 09:03:26',4,'2024-05-28 09:03:32',5,NULL,'1905','','','',5,NULL,'Four back any.',0,0,NULL,0,1,'0000-00-00 00:00:00',0,0,NULL,NULL,'','',0,0,NULL,0,NULL,'0000-00-00 00:00:00'),(100000494,NULL,1,'Danielle','Martinez','1945-03-09','F',0,1,'2024-05-28 09:03:26',8,'2024-05-28 09:03:43',23,NULL,'6009','','','',5,NULL,'Member green mission.',0,0,NULL,0,1,'0000-00-00 00:00:00',0,0,NULL,NULL,'','',0,0,NULL,0,NULL,'0000-00-00 00:00:00'),(100000495,NULL,1,'Spencer','Holt','1962-02-19','M',0,1,'2024-05-28 09:03:26',7,'2024-05-28 09:03:43',5,NULL,'4513','','','',5,NULL,'Song require.',0,0,NULL,0,1,'0000-00-00 00:00:00',0,1,NULL,NULL,'','',1,0,NULL,0,NULL,'0000-00-00 00:00:00'),(100000496,NULL,1,'Amber','Rileyer','1990-04-15','F',0,1,'2024-05-28 09:03:26',5,'2024-05-28 09:03:45',24,NULL,'9811','','','',5,NULL,'Heart heavy only.',0,0,NULL,0,1,'0000-00-00 00:00:00',0,1,NULL,NULL,'','',1,0,NULL,0,NULL,'0000-00-00 00:00:00'),(100000497,NULL,1,'Kenneth','Le','1915-10-22','M',0,1,'2024-05-28 09:03:26',3,'2024-05-28 09:03:43',8,NULL,'1675','','','',5,NULL,'Future suggest.',0,0,NULL,0,1,'0000-00-00 00:00:00',0,0,NULL,NULL,'','',0,0,NULL,0,NULL,'0000-00-00 00:00:00'),(100000498,NULL,1,'Shannon','Torres','1923-08-28','F',0,1,'2024-05-28 09:03:26',5,'2024-05-28 09:03:26',5,NULL,'7376','','','',5,NULL,'Sea involve.',0,0,NULL,0,1,'0000-00-00 00:00:00',0,1,NULL,NULL,'','',1,0,NULL,0,NULL,'0000-00-00 00:00:00'),(100000499,NULL,1,'Andrew','Ortiz','1961-06-20','M',0,1,'2024-05-28 09:03:26',4,'2024-05-28 09:03:38',7,NULL,'2549','','','',5,NULL,'Everybody early room.',0,0,NULL,0,1,'0000-00-00 00:00:00',0,0,NULL,NULL,'','',1,0,NULL,0,NULL,'0000-00-00 00:00:00'),(100000500,NULL,1,'Heather','Hood','1925-01-24','F',0,1,'2024-05-28 09:03:26',23,'2024-05-28 09:03:26',23,NULL,'5840','','','',5,NULL,'Good perhaps.',0,0,NULL,0,1,'0000-00-00 00:00:00',0,0,NULL,NULL,'','',0,0,NULL,0,NULL,'0000-00-00 00:00:00'),(100000501,NULL,1,'Christopher','King','1964-01-04','M',0,1,'2024-05-28 09:03:26',4,'2024-05-28 09:03:36',4,NULL,'4379','','','',5,NULL,'Meet most.',0,0,NULL,0,1,'0000-00-00 00:00:00',0,0,NULL,NULL,'','',1,0,NULL,0,NULL,'0000-00-00 00:00:00'),(100000502,NULL,1,'Jennifer','Nelsoner','1968-04-16','F',0,1,'2024-05-28 09:03:26',2,'2024-05-28 09:03:45',3,NULL,'7129','','','',5,NULL,'All whose day.',0,0,NULL,0,1,'0000-00-00 00:00:00',0,0,NULL,NULL,'','',0,0,NULL,0,NULL,'0000-00-00 00:00:00'),(100000503,NULL,1,'William','Lane','1947-06-25','M',0,1,'2024-05-28 09:03:26',3,'2024-05-28 09:03:39',2,NULL,'3404','','','',5,NULL,'Goal.',0,0,NULL,0,1,'0000-00-00 00:00:00',0,0,NULL,NULL,'','',0,0,NULL,0,NULL,'0000-00-00 00:00:00'),(100000504,NULL,1,'Ashley','Garza','1962-04-17','F',0,1,'2024-05-28 09:03:26',7,'2024-05-28 09:03:36',25,NULL,'5250','','','',5,NULL,'Meeting man.',0,0,NULL,0,1,'0000-00-00 00:00:00',0,0,NULL,NULL,'','',0,0,NULL,0,NULL,'0000-00-00 00:00:00'),(100000505,NULL,1,'Andrew','Harvey','1963-11-18','M',0,1,'2024-05-28 09:03:27',9,'2024-05-28 09:03:39',9,NULL,'9332','','','',5,NULL,'Two drug risk.',0,0,NULL,0,1,'0000-00-00 00:00:00',0,1,NULL,NULL,'','',1,0,NULL,0,NULL,'0000-00-00 00:00:00'),(100000506,NULL,1,'Samantha','Rodriguezerer','1951-09-04','F',0,1,'2024-05-28 09:03:27',23,'2024-05-28 09:03:45',25,NULL,'9242','','','',5,NULL,'Which order recognize.',0,0,NULL,0,1,'0000-00-00 00:00:00',0,0,NULL,NULL,'','',0,0,NULL,0,NULL,'0000-00-00 00:00:00'),(100000507,NULL,1,'Daniel','Bradley','1969-07-15','M',0,1,'2024-05-28 09:03:27',7,'2024-05-28 09:03:27',7,NULL,'8942','','','',5,NULL,'Property authority.',0,0,NULL,0,1,'0000-00-00 00:00:00',0,0,NULL,NULL,'','',0,0,NULL,0,NULL,'0000-00-00 00:00:00'),(100000508,NULL,1,'Alisha','Hernandezer','1948-05-11','F',0,1,'2024-05-28 09:03:27',23,'2024-05-28 09:03:45',23,NULL,'1523','','','',5,NULL,'Human Congress tell.',0,0,NULL,0,1,'0000-00-00 00:00:00',0,0,NULL,NULL,'','',1,0,NULL,0,NULL,'0000-00-00 00:00:00'),(100000509,NULL,1,'Jared','Carterer','1940-02-10','M',0,1,'2024-05-28 09:03:27',4,'2024-05-28 09:03:43',9,NULL,'6771','','','',5,NULL,'Others modern.',0,0,NULL,0,1,'0000-00-00 00:00:00',0,0,NULL,NULL,'','',0,0,NULL,0,NULL,'0000-00-00 00:00:00'),(100000510,NULL,1,'Kimberly','Shields','1932-08-19','F',0,1,'2024-05-28 09:03:27',6,'2024-05-28 09:03:32',5,NULL,'3453','','','',5,NULL,'Kind mind.',0,0,NULL,0,1,'0000-00-00 00:00:00',0,0,NULL,NULL,'','',1,0,NULL,0,NULL,'0000-00-00 00:00:00'),(100000511,NULL,1,'Brandon','Anderson','1979-11-12','M',0,1,'2024-05-28 09:03:27',24,'2024-05-28 09:03:31',7,NULL,'6281','','','',5,NULL,'Environment scientist pretty.',0,0,NULL,0,1,'0000-00-00 00:00:00',0,0,NULL,NULL,'','',0,0,NULL,0,NULL,'0000-00-00 00:00:00'),(100000512,NULL,1,'Christine','Myers','1911-11-07','F',0,1,'2024-05-28 09:03:27',9,'2024-05-28 09:03:27',9,NULL,'9006','','','',5,NULL,'Pay heart force.',0,0,NULL,0,1,'0000-00-00 00:00:00',0,0,NULL,NULL,'','',1,0,NULL,0,NULL,'0000-00-00 00:00:00'),(100000513,NULL,1,'Brandon','Romeroer','1972-10-17','M',0,1,'2024-05-28 09:03:27',8,'2024-05-28 09:03:43',8,NULL,'9919','','','',5,NULL,'Offer home.',0,0,NULL,0,1,'0000-00-00 00:00:00',0,0,NULL,NULL,'','',0,0,NULL,0,NULL,'0000-00-00 00:00:00'),(100000514,NULL,1,'Amanda','Ray','1965-01-09','F',0,1,'2024-05-28 09:03:27',2,'2024-05-28 09:03:36',2,NULL,'6145','','','',5,NULL,'Always summer.',0,0,NULL,0,1,'0000-00-00 00:00:00',0,1,NULL,NULL,'','',1,0,NULL,0,NULL,'0000-00-00 00:00:00'),(100000515,NULL,1,'Jeffery','Walker','1993-04-10','M',0,1,'2024-05-28 09:03:27',24,'2024-05-28 09:03:40',4,NULL,'1301','','','',5,NULL,'Give then yeah.',0,0,NULL,0,1,'0000-00-00 00:00:00',0,0,NULL,NULL,'','',0,0,NULL,0,NULL,'0000-00-00 00:00:00'),(100000516,NULL,1,'Miranda','Riverser','1976-11-15','F',0,1,'2024-05-28 09:03:27',9,'2024-05-28 09:03:44',2,NULL,'9678','','','',5,NULL,'Social lot.',0,0,NULL,0,1,'0000-00-00 00:00:00',0,1,NULL,NULL,'','',1,0,NULL,0,NULL,'0000-00-00 00:00:00'),(100000517,NULL,1,'Joseph','Allen','1918-06-28','M',0,1,'2024-05-28 09:03:27',4,'2024-05-28 09:03:33',23,NULL,'5229','','','',5,NULL,'Challenge close gun.',0,0,NULL,0,1,'0000-00-00 00:00:00',0,0,NULL,NULL,'','',1,0,NULL,0,NULL,'0000-00-00 00:00:00'),(100000518,NULL,1,'Laurie','Martinerer','1985-02-16','F',0,1,'2024-05-28 09:03:27',25,'2024-05-28 09:03:46',25,NULL,'1777','','','',5,NULL,'Special defense.',0,0,NULL,0,1,'0000-00-00 00:00:00',0,0,NULL,NULL,'','',0,0,NULL,0,NULL,'0000-00-00 00:00:00'),(100000519,NULL,1,'Dustin','Jones','1940-08-19','M',0,1,'2024-05-28 09:03:27',23,'2024-05-28 09:03:42',25,NULL,'7595','','','',5,NULL,'Hold.',0,0,NULL,0,1,'0000-00-00 00:00:00',0,0,NULL,NULL,'','',0,0,NULL,0,NULL,'0000-00-00 00:00:00'),(100000520,NULL,1,'Jennifer','Anderson','1978-07-01','F',0,1,'2024-05-28 09:03:27',6,'2024-05-28 09:03:41',5,NULL,'3656','','','',5,NULL,'Ever try.',0,0,NULL,0,1,'0000-00-00 00:00:00',0,0,NULL,NULL,'','',1,0,NULL,0,NULL,'0000-00-00 00:00:00'),(100000521,NULL,1,'Jesus','Hines','1963-04-20','M',0,1,'2024-05-28 09:03:27',3,'2024-05-28 09:03:42',23,NULL,'7532','','','',5,NULL,'Raise language.',0,0,NULL,0,1,'0000-00-00 00:00:00',0,0,NULL,NULL,'','',0,0,NULL,0,NULL,'0000-00-00 00:00:00'),(100000522,NULL,1,'Brittany','Rhodes','1940-06-05','F',0,1,'2024-05-28 09:03:27',24,'2024-05-28 09:03:27',24,NULL,'3686','','','',5,NULL,'Well safe safe.',0,0,NULL,0,1,'0000-00-00 00:00:00',0,1,NULL,NULL,'','',1,0,NULL,0,NULL,'0000-00-00 00:00:00'),(100000523,NULL,1,'Stephen','Salazar','1961-07-07','M',0,1,'2024-05-28 09:03:27',7,'2024-05-28 09:03:27',7,NULL,'3138','','','',5,NULL,'Well lay may.',0,0,NULL,0,1,'0000-00-00 00:00:00',0,1,NULL,NULL,'','',1,0,NULL,0,NULL,'0000-00-00 00:00:00'),(100000524,NULL,1,'Nicole','Hill','1967-11-26','F',0,1,'2024-05-28 09:03:27',24,'2024-05-28 09:03:41',6,NULL,'7104','','','',5,NULL,'Conference hour answer.',0,0,NULL,0,1,'0000-00-00 00:00:00',0,0,NULL,NULL,'','',0,0,NULL,0,NULL,'0000-00-00 00:00:00'),(100000525,NULL,1,'James','Baileyer','1957-11-07','M',0,1,'2024-05-28 09:03:27',3,'2024-05-28 09:03:44',7,NULL,'6273','','','',5,NULL,'Word particularly.',0,0,NULL,0,1,'2024-05-28 09:03:46',0,0,NULL,NULL,'','',0,0,NULL,0,NULL,'0000-00-00 00:00:00'),(100000526,NULL,1,'Misty','Millserer','1986-11-30','F',0,1,'2024-05-28 09:03:27',8,'2024-05-28 09:03:44',24,NULL,'4783','','','',5,NULL,'Late strategy.',0,0,NULL,0,1,'0000-00-00 00:00:00',0,1,NULL,NULL,'','',0,0,NULL,0,NULL,'0000-00-00 00:00:00'),(100000527,NULL,1,'Robert','Chapman','1960-10-13','M',0,1,'2024-05-28 09:03:27',4,'2024-05-28 09:03:37',5,NULL,'9459','','','',5,NULL,'Truth company big.',0,0,NULL,0,1,'0000-00-00 00:00:00',0,0,NULL,NULL,'','',0,0,NULL,0,NULL,'0000-00-00 00:00:00'),(100000528,NULL,1,'Megan','Blake','1908-08-28','F',0,1,'2024-05-28 09:03:27',5,'2024-05-28 09:03:27',5,NULL,'1413','','','',5,NULL,'Five candidate.',0,0,NULL,0,1,'0000-00-00 00:00:00',0,1,NULL,NULL,'','',1,0,NULL,0,NULL,'0000-00-00 00:00:00'),(100000529,NULL,1,'Ronald','Smither','1991-07-13','M',0,1,'2024-05-28 09:03:27',8,'2024-05-28 09:03:45',5,NULL,'2831','','','',5,NULL,'Have Democrat and.',0,0,NULL,0,1,'0000-00-00 00:00:00',0,0,NULL,NULL,'','',1,0,NULL,0,NULL,'0000-00-00 00:00:00'),(100000530,NULL,1,'Christina','Sloanerer','1965-01-16','F',0,1,'2024-05-28 09:03:27',23,'2024-05-28 09:03:44',7,NULL,'9751','','','',5,NULL,'Minute school lose.',0,0,NULL,0,1,'0000-00-00 00:00:00',0,0,NULL,NULL,'','',1,0,NULL,0,NULL,'0000-00-00 00:00:00'),(100000531,NULL,1,'Kenneth','Robles','1989-06-08','M',0,1,'2024-05-28 09:03:27',7,'2024-05-28 09:03:43',6,NULL,'8930','','','',5,NULL,'Somebody without bank.',0,0,NULL,0,1,'0000-00-00 00:00:00',0,0,NULL,NULL,'','',1,0,NULL,0,NULL,'0000-00-00 00:00:00'),(100000532,NULL,1,'Misty','Johnson','1933-10-05','F',0,1,'2024-05-28 09:03:27',24,'2024-05-28 09:03:27',24,NULL,'5016','','','',5,NULL,'Sign no.',0,0,NULL,0,1,'0000-00-00 00:00:00',0,0,NULL,NULL,'','',1,0,NULL,0,NULL,'0000-00-00 00:00:00'),(100000533,NULL,1,'Joseph','Smither','1911-06-06','M',0,1,'2024-05-28 09:03:27',8,'2024-05-28 09:03:45',5,NULL,'3071','','','',5,NULL,'Professional believe share.',0,0,NULL,0,1,'0000-00-00 00:00:00',0,0,NULL,NULL,'','',1,0,NULL,0,NULL,'0000-00-00 00:00:00'),(100000534,NULL,1,'Cheryl','Lyonser','1922-09-21','F',0,1,'2024-05-28 09:03:27',7,'2024-05-28 09:03:44',3,NULL,'8288','','','',5,NULL,'Prove skill gas.',0,0,NULL,0,1,'0000-00-00 00:00:00',0,0,NULL,NULL,'','',1,0,NULL,0,NULL,'0000-00-00 00:00:00'),(100000535,NULL,1,'Austin','Simoner','1949-10-25','M',0,1,'2024-05-28 09:03:27',23,'2024-05-28 09:03:44',9,NULL,'9989','','','',5,NULL,'Ability magazine glass.',0,0,NULL,0,1,'0000-00-00 00:00:00',0,0,NULL,NULL,'','',1,0,NULL,0,NULL,'0000-00-00 00:00:00'),(100000536,NULL,1,'Sabrina','Doyleer','1991-12-14','F',0,1,'2024-05-28 09:03:27',2,'2024-05-28 09:03:44',9,NULL,'6214','','','',5,NULL,'Sometimes space fight too.',0,0,NULL,0,1,'0000-00-00 00:00:00',0,0,NULL,NULL,'','',1,0,NULL,0,NULL,'0000-00-00 00:00:00'),(100000537,100000536,1,'Robert','Browner','1969-10-27','M',0,1,'2024-05-28 09:03:27',7,'2024-05-28 09:03:45',9,NULL,'6214','','','',5,NULL,'Against stand build.',0,0,NULL,0,1,'0000-00-00 00:00:00',0,0,NULL,NULL,'','',0,0,NULL,0,NULL,'0000-00-00 00:00:00'),(100000538,NULL,1,'Andrea','Berger','1916-12-10','F',0,1,'2024-05-28 09:03:27',7,'2024-05-28 09:03:44',24,NULL,'7405','','','',5,NULL,'Value large.',0,0,NULL,0,1,'0000-00-00 00:00:00',0,0,NULL,NULL,'','',0,0,NULL,0,NULL,'0000-00-00 00:00:00'),(100000539,100000538,1,'Ryan','Priceerer','1989-07-02','M',0,1,'2024-05-28 09:03:27',7,'2024-05-28 09:03:45',25,NULL,'7405','','','',5,NULL,'Green.',0,0,NULL,0,1,'0000-00-00 00:00:00',0,0,NULL,NULL,'','',0,0,NULL,0,NULL,'0000-00-00 00:00:00'),(100000540,NULL,1,'Jessica','Collins','1912-07-18','F',0,1,'2024-05-28 09:03:27',23,'2024-05-28 09:03:27',23,NULL,'1514','','','',5,NULL,'Statement take go.',0,0,NULL,0,1,'0000-00-00 00:00:00',0,1,NULL,NULL,'','',0,0,NULL,0,NULL,'0000-00-00 00:00:00'),(100000541,100000540,1,'Kenneth','Brown','1981-07-05','M',0,1,'2024-05-28 09:03:27',8,'2024-05-28 09:03:40',7,NULL,'1514','','','',5,NULL,'Design loss present.',0,0,NULL,0,1,'0000-00-00 00:00:00',0,0,NULL,NULL,'','',0,0,NULL,0,NULL,'0000-00-00 00:00:00'),(100000542,NULL,1,'Christina','Valenzuela','1980-05-22','F',0,1,'2024-05-28 09:03:27',23,'2024-05-28 09:03:40',25,NULL,'7742','','','',5,NULL,'Turn.',0,0,NULL,0,1,'0000-00-00 00:00:00',0,0,NULL,NULL,'','',1,0,NULL,0,NULL,'0000-00-00 00:00:00'),(100000543,100000542,1,'Alex','Hendersonerer','1960-02-05','M',0,1,'2024-05-28 09:03:27',3,'2024-05-28 09:03:46',8,NULL,'7742','','','',5,NULL,'Push hard.',0,0,NULL,0,1,'0000-00-00 00:00:00',0,1,NULL,NULL,'','',0,0,NULL,0,NULL,'0000-00-00 00:00:00'),(100000544,NULL,1,'Sherry','Schultzerer','1964-07-06','F',0,1,'2024-05-28 09:03:27',25,'2024-05-28 09:03:44',8,NULL,'9090','','','',5,NULL,'Win control tend.',0,0,NULL,0,1,'0000-00-00 00:00:00',0,0,NULL,NULL,'','',1,0,NULL,0,NULL,'0000-00-00 00:00:00'),(100000545,100000544,2,'Jason','Butler','1979-04-09','M',0,1,'2024-05-28 09:03:27',4,'2024-05-28 09:03:27',4,NULL,'9090','','','',5,NULL,'Either recognize reflect.',0,0,NULL,0,1,'0000-00-00 00:00:00',0,0,NULL,NULL,'','',1,0,NULL,0,NULL,'0000-00-00 00:00:00'),(100000546,NULL,1,'Amy','Contreraserer','1952-10-29','F',0,1,'2024-05-28 09:03:27',5,'2024-05-28 09:03:45',23,NULL,'6579','','','',5,NULL,'Include public themselves.',0,0,NULL,0,1,'0000-00-00 00:00:00',0,0,NULL,NULL,'','',1,0,NULL,0,NULL,'0000-00-00 00:00:00'),(100000547,100000546,1,'Joseph','Wilkins','1982-08-08','M',0,1,'2024-05-28 09:03:27',24,'2024-05-28 09:03:33',8,NULL,'6579','','','',5,NULL,'Race reflect game operation.',0,0,NULL,0,1,'0000-00-00 00:00:00',0,0,NULL,NULL,'','',1,0,NULL,0,NULL,'0000-00-00 00:00:00'),(100000548,NULL,1,'Samantha','Barnett','1958-04-19','F',0,1,'2024-05-28 09:03:27',2,'2024-05-28 09:03:43',25,NULL,'9574','','','',5,NULL,'Reason.',0,0,NULL,0,1,'0000-00-00 00:00:00',0,1,NULL,NULL,'','',0,0,NULL,0,NULL,'0000-00-00 00:00:00'),(100000549,100000548,1,'Steven','Luna','1973-11-19','M',0,1,'2024-05-28 09:03:27',4,'2024-05-28 09:03:37',24,NULL,'9574','','','',5,NULL,'Positive provide.',0,0,NULL,0,1,'0000-00-00 00:00:00',0,0,NULL,NULL,'','',1,0,NULL,0,NULL,'0000-00-00 00:00:00'),(100000550,NULL,1,'Amy','Myers','1923-06-14','F',0,1,'2024-05-28 09:03:27',25,'2024-05-28 09:03:32',5,NULL,'1620','','','',5,NULL,'Fine help simple.',0,0,NULL,0,1,'0000-00-00 00:00:00',0,0,NULL,NULL,'','',1,0,NULL,0,NULL,'0000-00-00 00:00:00'),(100000551,100000550,2,'Paul','Hansen','1992-12-12','M',0,1,'2024-05-28 09:03:27',24,'2024-05-28 09:03:27',24,NULL,'1620','','','',5,NULL,'Hand structure certain focus.',0,0,NULL,0,1,'0000-00-00 00:00:00',0,1,NULL,NULL,'','',0,0,NULL,0,NULL,'0000-00-00 00:00:00'),(100000552,NULL,1,'Shari','Johnson','1952-09-18','F',0,1,'2024-05-28 09:03:27',25,'2024-05-28 09:03:43',9,NULL,'8386','','','',5,NULL,'Worker.',0,0,NULL,0,1,'0000-00-00 00:00:00',0,0,NULL,NULL,'','',1,0,NULL,0,NULL,'0000-00-00 00:00:00'),(100000553,100000552,1,'Steven','Allener','1982-10-14','M',0,1,'2024-05-28 09:03:27',7,'2024-05-28 09:03:46',6,NULL,'8386','','','',5,NULL,'Wear see responsibility.',0,0,NULL,0,1,'0000-00-00 00:00:00',0,0,NULL,NULL,'','',0,0,NULL,0,NULL,'0000-00-00 00:00:00'),(100000554,NULL,1,'Joanne','Harrisoner','1981-03-06','F',0,1,'2024-05-28 09:03:27',24,'2024-05-28 09:03:44',5,NULL,'9593','','','',5,NULL,'Beyond do.',0,0,NULL,0,1,'0000-00-00 00:00:00',0,1,NULL,NULL,'','',0,0,NULL,0,NULL,'0000-00-00 00:00:00'),(100000555,100000554,1,'Wyatt','Marquezer','1934-12-10','M',0,1,'2024-05-28 09:03:27',24,'2024-05-28 09:03:43',3,NULL,'9593','','','',5,NULL,'Building career.',0,0,NULL,0,1,'0000-00-00 00:00:00',0,1,NULL,NULL,'','',0,0,NULL,0,NULL,'0000-00-00 00:00:00'),(100000556,NULL,1,'Andrea','Saunderserer','1961-10-29','F',0,1,'2024-05-28 09:03:27',8,'2024-05-28 09:03:45',2,NULL,'2268','','','',5,NULL,'Nice.',0,0,NULL,0,1,'0000-00-00 00:00:00',0,0,NULL,NULL,'','',1,0,NULL,0,NULL,'0000-00-00 00:00:00'),(100000557,100000556,1,'Sean','Henryerer','1936-10-30','M',0,1,'2024-05-28 09:03:27',4,'2024-05-28 09:03:45',7,NULL,'2268','','','',5,NULL,'Buy budget property.',0,0,NULL,0,1,'0000-00-00 00:00:00',0,1,NULL,NULL,'','',1,0,NULL,0,NULL,'0000-00-00 00:00:00'),(100000558,NULL,1,'Heidi','Georgeer','1975-06-22','F',0,1,'2024-05-28 09:03:27',8,'2024-05-28 09:03:45',9,NULL,'5878','','','',5,NULL,'Above all type.',0,0,NULL,0,1,'0000-00-00 00:00:00',0,0,NULL,NULL,'','',0,0,NULL,0,NULL,'0000-00-00 00:00:00'),(100000559,100000558,1,'Frederick','Mooreerer','1962-12-22','M',0,1,'2024-05-28 09:03:27',5,'2024-05-28 09:03:45',2,NULL,'5878','','','',5,NULL,'Father author.',0,0,NULL,0,1,'0000-00-00 00:00:00',0,0,NULL,NULL,'','',0,0,NULL,0,NULL,'0000-00-00 00:00:00'),(100000560,NULL,1,'Jasmine','Wolf','1990-03-18','F',0,1,'2024-05-28 09:03:27',7,'2024-05-28 09:03:39',25,NULL,'6303','','','',5,NULL,'Trip operation important.',0,0,NULL,0,1,'0000-00-00 00:00:00',0,1,NULL,NULL,'','',1,0,NULL,0,NULL,'0000-00-00 00:00:00'),(100000561,100000560,1,'Phillip','Patton','1957-06-25','M',0,1,'2024-05-28 09:03:28',6,'2024-05-28 09:03:42',2,NULL,'6303','','','',5,NULL,'Street sit daughter.',0,0,NULL,0,1,'0000-00-00 00:00:00',0,0,NULL,NULL,'','',1,0,NULL,0,NULL,'0000-00-00 00:00:00'),(100000562,NULL,1,'Jennifer','Allen','1952-11-24','F',0,1,'2024-05-28 09:03:28',25,'2024-05-28 09:03:42',24,NULL,'6409','','','',5,NULL,'Foot market professor.',0,0,NULL,0,1,'0000-00-00 00:00:00',0,0,NULL,NULL,'','',1,0,NULL,0,NULL,'0000-00-00 00:00:00'),(100000563,100000562,1,'Peter','Roberts','1974-12-13','M',0,1,'2024-05-28 09:03:28',4,'2024-05-28 09:03:36',4,NULL,'6409','','','',5,NULL,'Difficult seem his.',0,0,NULL,0,1,'0000-00-00 00:00:00',0,1,NULL,NULL,'','',0,0,NULL,0,NULL,'0000-00-00 00:00:00'),(100000564,NULL,1,'Jessica','Meltoner','1925-11-09','F',0,1,'2024-05-28 09:03:28',9,'2024-05-28 09:03:45',9,NULL,'8862','','','',5,NULL,'Form half.',0,0,NULL,0,1,'0000-00-00 00:00:00',0,0,NULL,NULL,'','',0,0,NULL,0,NULL,'0000-00-00 00:00:00'),(100000565,100000564,1,'Tony','Castanedaer','1978-08-16','M',0,1,'2024-05-28 09:03:28',5,'2024-05-28 09:03:43',24,NULL,'8862','','','',5,NULL,'Opportunity ability sea.',0,0,NULL,0,1,'0000-00-00 00:00:00',0,0,NULL,NULL,'','',1,0,NULL,0,NULL,'0000-00-00 00:00:00'),(100000566,NULL,1,'Tina','Wagnerer','1959-05-27','F',0,1,'2024-05-28 09:03:28',25,'2024-05-28 09:03:46',6,NULL,'7237','','','',5,NULL,'Gas however.',0,0,NULL,0,1,'0000-00-00 00:00:00',0,0,NULL,NULL,'','',0,0,NULL,0,NULL,'0000-00-00 00:00:00'),(100000567,100000566,1,'Thomas','Washingtonerer','1915-05-10','M',0,1,'2024-05-28 09:03:28',7,'2024-05-28 09:03:43',7,NULL,'7237','','','',5,NULL,'Unit world himself.',0,0,NULL,0,1,'0000-00-00 00:00:00',0,0,NULL,NULL,'','',1,0,NULL,0,NULL,'0000-00-00 00:00:00'),(100000568,NULL,1,'Lauren','Spencerer','1915-05-25','F',0,1,'2024-05-28 09:03:28',5,'2024-05-28 09:03:45',24,NULL,'7272','','','',5,NULL,'Thank who health.',0,0,NULL,0,1,'0000-00-00 00:00:00',0,1,NULL,NULL,'','',0,0,NULL,0,NULL,'0000-00-00 00:00:00'),(100000569,100000568,1,'Christopher','Davis','1990-10-08','M',0,1,'2024-05-28 09:03:28',23,'2024-05-28 09:03:34',23,NULL,'7272','','','',5,NULL,'Note away space.',0,0,NULL,0,1,'0000-00-00 00:00:00',0,0,NULL,NULL,'','',1,0,NULL,0,NULL,'0000-00-00 00:00:00'),(100000570,NULL,1,'Taylor','Allen','1915-12-24','F',0,1,'2024-05-28 09:03:28',4,'2024-05-28 09:03:37',24,NULL,'2598','','','',5,NULL,'Do when.',0,0,NULL,0,1,'0000-00-00 00:00:00',0,0,NULL,NULL,'','',0,0,NULL,0,NULL,'0000-00-00 00:00:00'),(100000571,100000570,1,'Mark','Allener','1939-10-06','M',0,1,'2024-05-28 09:03:28',3,'2024-05-28 09:03:45',6,NULL,'2598','','','',5,NULL,'Myself.',0,0,NULL,0,1,'0000-00-00 00:00:00',0,0,NULL,NULL,'','',0,0,NULL,0,NULL,'0000-00-00 00:00:00'),(100000572,NULL,1,'Dawn','Sanders','1917-10-24','F',0,1,'2024-05-28 09:03:28',24,'2024-05-28 09:03:37',7,NULL,'8543','','','',5,NULL,'Thought letter.',0,0,NULL,0,1,'2024-05-28 09:03:46',0,0,NULL,NULL,'','',1,0,NULL,0,NULL,'0000-00-00 00:00:00'),(100000573,100000572,1,'Joseph','Hernandezer','1968-08-27','M',0,1,'2024-05-28 09:03:28',8,'2024-05-28 09:03:44',2,NULL,'8543','','','',5,NULL,'Study hospital green.',0,0,NULL,0,1,'2024-05-28 09:03:46',0,0,NULL,NULL,'','',1,0,NULL,0,NULL,'0000-00-00 00:00:00'),(100000574,NULL,1,'Joy','Duncanerer','1920-12-22','F',0,1,'2024-05-28 09:03:28',25,'2024-05-28 09:03:46',5,NULL,'6317','','','',5,NULL,'Idea.',0,0,NULL,0,1,'0000-00-00 00:00:00',0,1,NULL,NULL,'','',0,0,NULL,0,NULL,'0000-00-00 00:00:00'),(100000575,100000574,1,'Eduardo','Gomez','1982-02-04','M',0,1,'2024-05-28 09:03:28',23,'2024-05-28 09:03:43',23,NULL,'6317','','','',5,NULL,'Attack job notice.',0,0,NULL,0,1,'0000-00-00 00:00:00',0,0,NULL,NULL,'','',0,0,NULL,0,NULL,'0000-00-00 00:00:00'),(100000576,NULL,1,'Wendy','May','1980-09-22','F',0,1,'2024-05-28 09:03:28',9,'2024-05-28 09:03:28',9,NULL,'2358','','','',5,NULL,'Court PM.',0,0,NULL,0,1,'0000-00-00 00:00:00',0,1,NULL,NULL,'','',1,0,NULL,0,NULL,'0000-00-00 00:00:00'),(100000577,100000576,1,'Robert','Bryanter','1983-02-28','M',0,1,'2024-05-28 09:03:28',7,'2024-05-28 09:03:45',3,NULL,'2358','','','',5,NULL,'Town scene he.',0,0,NULL,0,1,'0000-00-00 00:00:00',0,0,NULL,NULL,'','',1,0,NULL,0,NULL,'0000-00-00 00:00:00'),(100000578,NULL,1,'Monica','Matthews','1947-12-02','F',0,1,'2024-05-28 09:03:28',23,'2024-05-28 09:03:28',23,NULL,'4316','','','',5,NULL,'Public theory some.',0,0,NULL,0,1,'0000-00-00 00:00:00',0,1,NULL,NULL,'','',1,0,NULL,0,NULL,'0000-00-00 00:00:00'),(100000579,100000578,1,'Jeremiah','Reynoldser','1977-11-15','M',0,1,'2024-05-28 09:03:28',4,'2024-05-28 09:03:46',4,NULL,'4316','','','',5,NULL,'Partner many.',0,0,NULL,0,1,'0000-00-00 00:00:00',0,0,NULL,NULL,'','',0,0,NULL,0,NULL,'0000-00-00 00:00:00'),(100000580,NULL,1,'Christine','Tran','1918-01-09','F',0,1,'2024-05-28 09:03:28',23,'2024-05-28 09:03:33',4,NULL,'3568','','','',5,NULL,'Beautiful whether evening.',0,0,NULL,0,1,'0000-00-00 00:00:00',0,0,NULL,NULL,'','',0,0,NULL,0,NULL,'0000-00-00 00:00:00'),(100000581,100000580,2,'Justin','Davis','1935-07-26','M',0,1,'2024-05-28 09:03:28',4,'2024-05-28 09:03:28',4,NULL,'3568','','','',5,NULL,'Little sing outside improve.',0,0,NULL,0,1,'0000-00-00 00:00:00',0,0,NULL,NULL,'','',1,0,NULL,0,NULL,'0000-00-00 00:00:00'),(100000582,NULL,1,'Kelly','Cisneros','1919-09-12','F',0,1,'2024-05-28 09:03:28',25,'2024-05-28 09:03:33',25,NULL,'2026','','','',5,NULL,'Hair opportunity.',0,0,NULL,0,1,'0000-00-00 00:00:00',0,0,NULL,NULL,'','',1,0,NULL,0,NULL,'0000-00-00 00:00:00'),(100000583,100000582,1,'Jose','Haller','1927-10-03','M',0,1,'2024-05-28 09:03:28',7,'2024-05-28 09:03:46',24,NULL,'2026','','','',5,NULL,'Exist moment.',0,0,NULL,0,1,'0000-00-00 00:00:00',0,0,NULL,NULL,'','',1,0,NULL,0,NULL,'0000-00-00 00:00:00'),(100000584,NULL,1,'Melissa','Compton','1923-09-20','F',0,1,'2024-05-28 09:03:28',3,'2024-05-28 09:03:28',3,NULL,'2567','','','',5,NULL,'Type need hope each.',0,0,NULL,0,1,'0000-00-00 00:00:00',0,0,NULL,NULL,'','',0,0,NULL,0,NULL,'0000-00-00 00:00:00'),(100000585,100000584,1,'Jeffrey','Rodriguezerer','1947-07-27','M',0,1,'2024-05-28 09:03:28',2,'2024-05-28 09:03:46',23,NULL,'2567','','','',5,NULL,'Event miss participant.',0,0,NULL,0,1,'0000-00-00 00:00:00',0,1,NULL,NULL,'','',1,0,NULL,0,NULL,'0000-00-00 00:00:00'),(100000586,100000556,1,'Gina','Saunders','2020-10-02','F',0,1,'2024-05-28 09:03:28',5,'2024-05-28 09:03:43',8,NULL,'2268','','','',5,NULL,'Memory million.',0,0,NULL,0,1,'0000-00-00 00:00:00',0,0,NULL,NULL,'','',0,0,NULL,0,NULL,'0000-00-00 00:00:00'),(100000587,100000554,1,'John','Harrison','2013-01-08','M',0,1,'2024-05-28 09:03:28',3,'2024-05-28 09:03:42',6,NULL,'9593','','','',5,NULL,'Sure add campaign.',0,0,NULL,0,1,'0000-00-00 00:00:00',0,1,NULL,NULL,'','',0,0,NULL,0,NULL,'0000-00-00 00:00:00'),(100000588,100000562,1,'Linda','Allenerer','2009-05-01','F',0,1,'2024-05-28 09:03:28',7,'2024-05-28 09:03:44',3,NULL,'6409','','','',5,NULL,'',0,0,NULL,0,1,'0000-00-00 00:00:00',0,0,NULL,NULL,'','',0,0,NULL,0,NULL,'0000-00-00 00:00:00'),(100000589,100000536,1,'Marcus','Doyle','2009-11-24','M',0,1,'2024-05-28 09:03:28',7,'2024-05-28 09:03:35',7,NULL,'6214','','','',5,NULL,'',0,0,NULL,0,1,'0000-00-00 00:00:00',0,0,NULL,NULL,'','',1,0,NULL,0,NULL,'0000-00-00 00:00:00'),(100000590,100000544,1,'Tina','Schultz','2012-04-18','F',0,1,'2024-05-28 09:03:28',8,'2024-05-28 09:03:42',25,NULL,'9090','','','',5,NULL,'Against court.',0,0,NULL,0,1,'0000-00-00 00:00:00',0,0,NULL,NULL,'','',0,0,NULL,0,NULL,'0000-00-00 00:00:00'),(100000591,100000562,1,'Michael','Allen','2017-09-25','M',0,1,'2024-05-28 09:03:28',24,'2024-05-28 09:03:36',23,NULL,'6409','','','',5,NULL,'',0,0,NULL,0,1,'0000-00-00 00:00:00',0,0,NULL,NULL,'','',1,0,NULL,0,NULL,'0000-00-00 00:00:00'),(100000592,100000584,1,'Amy','Compton','2015-04-20','F',0,1,'2024-05-28 09:03:28',6,'2024-05-28 09:03:39',4,NULL,'2567','','','',5,NULL,'Site care wear.',0,0,NULL,0,1,'0000-00-00 00:00:00',0,0,NULL,NULL,'','',0,0,NULL,0,NULL,'0000-00-00 00:00:00'),(100000593,100000546,1,'Mario','Contreras','2015-10-21','M',0,1,'2024-05-28 09:03:28',23,'2024-05-28 09:03:36',7,NULL,'6579','','','',5,NULL,'',0,0,NULL,0,1,'0000-00-00 00:00:00',0,0,NULL,NULL,'','',1,0,NULL,0,NULL,'0000-00-00 00:00:00'),(100000594,100000572,1,'Erin','Sanders','2008-09-21','F',0,1,'2024-05-28 09:03:28',25,'2024-05-28 09:03:43',24,NULL,'8543','','','',5,NULL,'Manager within.',0,0,NULL,0,1,'2024-05-28 09:03:46',0,0,NULL,NULL,'','',0,0,NULL,0,NULL,'0000-00-00 00:00:00'),(100000595,100000576,1,'Joseph','Mayer','2018-04-18','M',0,1,'2024-05-28 09:03:28',4,'2024-05-28 09:03:46',3,NULL,'2358','','','',5,NULL,'',0,0,NULL,0,1,'0000-00-00 00:00:00',0,0,NULL,NULL,'','',1,0,NULL,0,NULL,'0000-00-00 00:00:00'),(100000596,100000560,1,'Sarah','Wolf','2013-04-29','F',0,1,'2024-05-28 09:03:28',6,'2024-05-28 09:03:43',2,NULL,'6303','','','',5,NULL,'Couple behind ten.',0,0,NULL,0,1,'0000-00-00 00:00:00',0,0,NULL,NULL,'','',1,0,NULL,0,NULL,'0000-00-00 00:00:00'),(100000597,100000572,1,'Dennis','Sanders','2014-07-14','M',0,1,'2024-05-28 09:03:28',23,'2024-05-28 09:03:38',2,NULL,'8543','','','',5,NULL,'',0,0,NULL,0,1,'2024-05-28 09:03:46',0,0,NULL,NULL,'','',1,0,NULL,0,NULL,'0000-00-00 00:00:00'),(100000598,100000564,2,'Samantha','Melton','2022-05-26','F',0,1,'2024-05-28 09:03:28',3,'2024-05-28 09:03:28',3,NULL,'8862','','','',5,NULL,'',0,0,NULL,0,1,'0000-00-00 00:00:00',0,1,NULL,NULL,'','',0,0,NULL,0,NULL,'0000-00-00 00:00:00'),(100000599,100000558,1,'John','Georgeer','2019-07-27','M',0,1,'2024-05-28 09:03:28',3,'2024-05-28 09:03:43',4,NULL,'5878','','','',5,NULL,'Either evidence structure.',0,0,NULL,0,1,'0000-00-00 00:00:00',0,0,NULL,NULL,'','',0,0,NULL,0,NULL,'0000-00-00 00:00:00'),(100000600,100000580,2,'Carol','Tran','2018-10-23','F',0,1,'2024-05-28 09:03:28',4,'2024-05-28 09:03:28',4,NULL,'3568','','','',5,NULL,'',0,0,NULL,0,1,'0000-00-00 00:00:00',0,1,NULL,NULL,'','',0,0,NULL,0,NULL,'0000-00-00 00:00:00'),(100000601,100000544,2,'Larry','Schultz','2017-08-07','M',0,1,'2024-05-28 09:03:28',8,'2024-05-28 09:03:28',8,NULL,'9090','','','',5,NULL,'',0,0,NULL,0,1,'0000-00-00 00:00:00',0,0,NULL,NULL,'','',0,0,NULL,0,NULL,'0000-00-00 00:00:00'),(100000602,100000574,2,'Leslie','Duncan','2009-05-05','F',0,1,'2024-05-28 09:03:28',2,'2024-05-28 09:03:28',2,NULL,'6317','','','',5,NULL,'',0,0,NULL,0,1,'0000-00-00 00:00:00',0,0,NULL,NULL,'','',0,0,NULL,0,NULL,'0000-00-00 00:00:00'),(100000603,100000560,1,'Aaron','Wolfer','2015-03-14','M',0,1,'2024-05-28 09:03:28',2,'2024-05-28 09:03:44',9,NULL,'6303','','','',5,NULL,'Wish involve serve.',0,0,NULL,0,1,'0000-00-00 00:00:00',0,1,NULL,NULL,'','',0,0,NULL,0,NULL,'0000-00-00 00:00:00'),(100000604,100000546,1,'Linda','Contreraser','2014-04-22','F',0,1,'2024-05-28 09:03:28',2,'2024-05-28 09:03:43',8,NULL,'6579','','','',5,NULL,'Put.',0,0,NULL,0,1,'0000-00-00 00:00:00',0,1,NULL,NULL,'','',0,0,NULL,0,NULL,'0000-00-00 00:00:00'),(100000605,100000578,1,'Cesar','Matthews','2022-04-28','M',0,1,'2024-05-28 09:03:28',4,'2024-05-28 09:03:40',5,NULL,'4316','','','',5,NULL,'Evidence performance.',0,0,NULL,0,1,'0000-00-00 00:00:00',0,0,NULL,NULL,'','',0,0,NULL,0,NULL,'0000-00-00 00:00:00'),(100000606,100000580,1,'Lori','Tran','2011-08-02','F',0,1,'2024-05-28 09:03:28',2,'2024-05-28 09:03:39',9,NULL,'3568','','','',5,NULL,'',0,0,NULL,0,1,'0000-00-00 00:00:00',0,0,NULL,NULL,'','',1,0,NULL,0,NULL,'0000-00-00 00:00:00'),(100000607,100000568,1,'Darrell','Spencerer','2009-04-08','M',0,1,'2024-05-28 09:03:28',2,'2024-05-28 09:03:44',25,NULL,'7272','','','',5,NULL,'',0,0,NULL,0,1,'0000-00-00 00:00:00',0,0,NULL,NULL,'','',0,0,NULL,0,NULL,'0000-00-00 00:00:00'),(100000608,100000546,1,'Lisa','Contreraserer','2011-11-29','F',0,1,'2024-05-28 09:03:28',24,'2024-05-28 09:03:44',2,NULL,'6579','','','',5,NULL,'Within attack reach appear.',0,0,NULL,0,1,'0000-00-00 00:00:00',0,0,NULL,NULL,'','',1,0,NULL,0,NULL,'0000-00-00 00:00:00'),(100000609,100000558,1,'Daniel','Georgeer','2023-01-17','M',0,1,'2024-05-28 09:03:28',3,'2024-05-28 09:03:44',5,NULL,'5878','','','',5,NULL,'',0,0,NULL,0,1,'0000-00-00 00:00:00',0,0,NULL,NULL,'','',0,0,NULL,0,NULL,'0000-00-00 00:00:00'),(100000610,100000556,1,'Pamela','Saunders','2013-10-13','F',0,1,'2024-05-28 09:03:28',6,'2024-05-28 09:03:35',2,NULL,'2268','','','',5,NULL,'',0,0,NULL,0,1,'0000-00-00 00:00:00',0,0,NULL,NULL,'','',1,0,NULL,0,NULL,'0000-00-00 00:00:00'),(100000611,100000562,1,'Zachary','Allener','2011-05-03','M',0,1,'2024-05-28 09:03:28',7,'2024-05-28 09:03:45',9,NULL,'6409','','','',5,NULL,'',0,0,NULL,0,1,'0000-00-00 00:00:00',0,1,NULL,NULL,'','',1,0,NULL,0,NULL,'0000-00-00 00:00:00'),(100000612,100000568,1,'Cassandra','Spencer','2021-03-27','F',0,1,'2024-05-28 09:03:28',4,'2024-05-28 09:03:42',23,NULL,'7272','','','',5,NULL,'Her dark.',0,0,NULL,0,1,'0000-00-00 00:00:00',0,0,NULL,NULL,'','',1,0,NULL,0,NULL,'0000-00-00 00:00:00'),(100000613,100000562,1,'Glenn','Allen','2014-05-18','M',0,1,'2024-05-28 09:03:28',4,'2024-05-28 09:03:39',8,NULL,'6409','','','',5,NULL,'',0,0,NULL,0,1,'0000-00-00 00:00:00',0,0,NULL,NULL,'','',0,0,NULL,0,NULL,'0000-00-00 00:00:00'),(100000614,100000546,1,'Teresa','Contrerasererer','2010-11-12','F',0,1,'2024-05-28 09:03:28',9,'2024-05-28 09:03:44',8,NULL,'6579','','','',5,NULL,'',0,0,NULL,0,1,'0000-00-00 00:00:00',0,0,NULL,NULL,'','',0,0,NULL,0,NULL,'0000-00-00 00:00:00'),(100000615,100000576,1,'William','Mayer','2011-06-20','M',0,1,'2024-05-28 09:03:28',4,'2024-05-28 09:03:44',7,NULL,'2358','','','',5,NULL,'',0,0,NULL,0,1,'0000-00-00 00:00:00',0,0,NULL,NULL,'','',0,0,NULL,0,NULL,'0000-00-00 00:00:00'),(100000616,100000540,1,'Colleen','Collins','2014-12-28','F',0,1,'2024-05-28 09:03:28',24,'2024-05-28 09:03:38',24,NULL,'1514','','','',5,NULL,'',0,0,NULL,0,1,'2024-05-28 09:03:46',0,0,NULL,NULL,'','',1,0,NULL,0,NULL,'0000-00-00 00:00:00'),(100000617,100000536,1,'Tracy','Doyle','2024-04-16','M',0,1,'2024-05-28 09:03:28',6,'2024-05-28 09:03:34',2,NULL,'6214','','','',5,NULL,'',0,0,NULL,0,1,'2024-05-28 09:03:46',0,0,NULL,NULL,'','',0,0,NULL,0,NULL,'0000-00-00 00:00:00'),(100000618,100000550,2,'Debbie','Myers','2014-11-05','F',0,1,'2024-05-28 09:03:28',9,'2024-05-28 09:03:28',9,NULL,'1620','','','',5,NULL,'',0,0,NULL,0,1,'0000-00-00 00:00:00',0,1,NULL,NULL,'','',0,0,NULL,0,NULL,'0000-00-00 00:00:00'),(100000619,100000552,1,'Wayne','Johnsonerer','2024-03-03','M',0,1,'2024-05-28 09:03:29',25,'2024-05-28 09:03:45',5,NULL,'8386','','','',5,NULL,'Peace television.',0,0,NULL,0,1,'0000-00-00 00:00:00',0,1,NULL,NULL,'','',0,0,NULL,0,NULL,'0000-00-00 00:00:00'),(100000620,100000568,1,'Elizabeth','Spencerer','2013-06-15','F',0,1,'2024-05-28 09:03:29',3,'2024-05-28 09:03:44',2,NULL,'7272','','','',5,NULL,'',0,0,NULL,0,1,'0000-00-00 00:00:00',0,0,NULL,NULL,'','',0,0,NULL,0,NULL,'0000-00-00 00:00:00'),(100000621,100000558,1,'Shawn','George','2021-08-15','M',0,1,'2024-05-28 09:03:29',2,'2024-05-28 09:03:42',5,NULL,'5878','','','',5,NULL,'Cold lay.',0,0,NULL,0,1,'0000-00-00 00:00:00',0,1,NULL,NULL,'','',0,0,NULL,0,NULL,'0000-00-00 00:00:00'),(100000622,100000536,2,'Rachel','Doyle','2014-08-14','F',0,1,'2024-05-28 09:03:29',25,'2024-05-28 09:03:29',25,NULL,'6214','','','',5,NULL,'',0,0,NULL,0,1,'0000-00-00 00:00:00',0,0,NULL,NULL,'','',0,0,NULL,0,NULL,'0000-00-00 00:00:00'),(100000623,100000558,1,'Matthew','George','2011-09-24','M',0,1,'2024-05-28 09:03:29',5,'2024-05-28 09:03:40',23,NULL,'5878','','','',5,NULL,'Wear open.',0,0,NULL,0,1,'0000-00-00 00:00:00',0,0,NULL,NULL,'','',0,0,NULL,0,NULL,'0000-00-00 00:00:00'),(100000624,100000556,1,'Katherine','Saunders','2016-10-12','F',0,1,'2024-05-28 09:03:29',2,'2024-05-28 09:03:39',23,NULL,'2268','','','',5,NULL,'Cup reality idea.',0,0,NULL,0,1,'0000-00-00 00:00:00',0,1,NULL,NULL,'','',0,0,NULL,0,NULL,'0000-00-00 00:00:00'),(100000625,100000542,1,'Larry','Valenzuela','2010-06-28','M',0,1,'2024-05-28 09:03:29',9,'2024-05-28 09:03:41',8,NULL,'7742','','','',5,NULL,'Network toward society.',0,0,NULL,0,1,'0000-00-00 00:00:00',0,1,NULL,NULL,'','',1,0,NULL,0,NULL,'0000-00-00 00:00:00'),(100000626,100000580,2,'Sonya','Tran','2021-08-22','F',0,1,'2024-05-28 09:03:29',6,'2024-05-28 09:03:29',6,NULL,'3568','','','',5,NULL,'',0,0,NULL,0,1,'0000-00-00 00:00:00',0,0,NULL,NULL,'','',0,0,NULL,0,NULL,'0000-00-00 00:00:00'),(100000627,100000560,2,'Ryan','Wolf','2009-03-01','M',0,1,'2024-05-28 09:03:29',23,'2024-05-28 09:03:29',23,NULL,'6303','','','',5,NULL,'',0,0,NULL,0,1,'0000-00-00 00:00:00',0,1,NULL,NULL,'','',0,0,NULL,0,NULL,'0000-00-00 00:00:00'),(100000628,100000566,1,'Sarah','Wagner','2019-05-20','F',0,1,'2024-05-28 09:03:29',3,'2024-05-28 09:03:37',24,NULL,'7237','','','',5,NULL,'',0,0,NULL,0,1,'0000-00-00 00:00:00',0,1,NULL,NULL,'','',1,0,NULL,0,NULL,'0000-00-00 00:00:00'),(100000629,100000566,1,'Joe','Wagnererer','2011-09-30','M',0,1,'2024-05-28 09:03:29',2,'2024-05-28 09:03:46',25,NULL,'7237','','','',5,NULL,'',0,0,NULL,0,1,'0000-00-00 00:00:00',0,0,NULL,NULL,'','',0,0,NULL,0,NULL,'0000-00-00 00:00:00'),(100000630,100000560,1,'Kelsey','Wolf','2019-02-16','F',0,1,'2024-05-28 09:03:29',8,'2024-05-28 09:03:33',23,NULL,'6303','','','',5,NULL,'',0,0,NULL,0,1,'0000-00-00 00:00:00',0,0,NULL,NULL,'','',0,0,NULL,0,NULL,'0000-00-00 00:00:00'),(100000631,100000560,1,'Kurt','Wolf','2017-08-01','M',0,1,'2024-05-28 09:03:29',4,'2024-05-28 09:03:42',4,NULL,'6303','','','',5,NULL,'Save.',0,0,NULL,0,1,'0000-00-00 00:00:00',0,1,NULL,NULL,'','',0,0,NULL,0,NULL,'0000-00-00 00:00:00'),(100000632,100000574,2,'Jenna','Duncan','2018-05-28','F',0,1,'2024-05-28 09:03:29',2,'2024-05-28 09:03:29',2,NULL,'6317','','','',5,NULL,'',0,0,NULL,0,1,'2024-05-28 09:03:46',0,0,NULL,NULL,'','',0,0,NULL,0,NULL,'0000-00-00 00:00:00'),(100000633,100000538,1,'Luke','Berg','2021-01-28','M',0,1,'2024-05-28 09:03:29',7,'2024-05-28 09:03:35',7,NULL,'7405','','','',5,NULL,'',0,0,NULL,0,1,'0000-00-00 00:00:00',0,0,NULL,NULL,'','',0,0,NULL,0,NULL,'0000-00-00 00:00:00'),(100000634,100000562,2,'Kaitlin','Allen','2020-06-20','F',0,1,'2024-05-28 09:03:29',23,'2024-05-28 09:03:29',23,NULL,'6409','','','',5,NULL,'',0,0,NULL,0,1,'0000-00-00 00:00:00',0,1,NULL,NULL,'','',0,0,NULL,0,NULL,'0000-00-00 00:00:00'),(100000635,100000550,1,'Juan','Myers','2016-12-23','M',0,1,'2024-05-28 09:03:29',8,'2024-05-28 09:03:40',4,NULL,'1620','','','',5,NULL,'Dream response.',0,0,NULL,0,1,'0000-00-00 00:00:00',0,0,NULL,NULL,'','',0,0,NULL,0,NULL,'0000-00-00 00:00:00'),(100000636,100000566,1,'Holly','Wagner','2022-12-06','F',0,1,'2024-05-28 09:03:29',6,'2024-05-28 09:03:43',4,NULL,'7237','','','',5,NULL,'Station who child risk.',0,0,NULL,0,1,'0000-00-00 00:00:00',0,1,NULL,NULL,'','',0,0,NULL,0,NULL,'0000-00-00 00:00:00'),(100000637,100000566,1,'Tyler','Wagnerer','2019-09-23','M',0,1,'2024-05-28 09:03:29',5,'2024-05-28 09:03:43',7,NULL,'7237','','','',5,NULL,'Off require.',0,0,NULL,0,1,'0000-00-00 00:00:00',0,0,NULL,NULL,'','',1,0,NULL,0,NULL,'0000-00-00 00:00:00'),(100000638,100000582,1,'Sarah','Cisneroser','2010-12-10','F',0,1,'2024-05-28 09:03:29',23,'2024-05-28 09:03:43',7,NULL,'2026','','','',5,NULL,'Determine difficult.',0,0,NULL,0,1,'0000-00-00 00:00:00',0,0,NULL,NULL,'','',0,0,NULL,0,NULL,'0000-00-00 00:00:00'),(100000639,100000536,1,'Benjamin','Doyleer','2010-10-28','M',0,1,'2024-05-28 09:03:29',5,'2024-05-28 09:03:44',24,NULL,'6214','','','',5,NULL,'',0,0,NULL,0,1,'0000-00-00 00:00:00',0,0,NULL,NULL,'','',0,0,NULL,0,NULL,'0000-00-00 00:00:00'),(100000640,100000554,1,'Katherine','Harrison','2016-05-27','F',0,1,'2024-05-28 09:03:29',25,'2024-05-28 09:03:35',3,NULL,'9593','','','',5,NULL,'',0,0,NULL,0,1,'0000-00-00 00:00:00',0,0,NULL,NULL,'','',1,0,NULL,0,NULL,'0000-00-00 00:00:00'),(100000641,100000560,1,'Robert','Wolf','2013-07-24','M',0,1,'2024-05-28 09:03:29',3,'2024-05-28 09:03:39',5,NULL,'6303','','','',5,NULL,'',0,0,NULL,0,1,'0000-00-00 00:00:00',0,1,NULL,NULL,'','',0,0,NULL,0,NULL,'0000-00-00 00:00:00'),(100000642,100000570,1,'Brandi','Allen','2019-03-26','F',0,1,'2024-05-28 09:03:29',24,'2024-05-28 09:03:43',4,NULL,'2598','','','',5,NULL,'Movement evening five.',0,0,NULL,0,1,'0000-00-00 00:00:00',0,0,NULL,NULL,'','',0,0,NULL,0,NULL,'0000-00-00 00:00:00'),(100000643,100000558,1,'Rodney','Georgeer','2023-03-17','M',0,1,'2024-05-28 09:03:29',5,'2024-05-28 09:03:43',5,NULL,'5878','','','',5,NULL,'',0,0,NULL,0,1,'0000-00-00 00:00:00',0,0,NULL,NULL,'','',1,0,NULL,0,NULL,'0000-00-00 00:00:00'),(100000644,100000538,1,'Mary','Berger','2021-03-05','F',0,1,'2024-05-28 09:03:29',3,'2024-05-28 09:03:43',23,NULL,'7405','','','',5,NULL,'Floor approach story.',0,0,NULL,0,1,'0000-00-00 00:00:00',0,0,NULL,NULL,'','',0,0,NULL,0,NULL,'0000-00-00 00:00:00'),(100000645,100000540,1,'Kevin','Collinser','2013-03-24','M',0,1,'2024-05-28 09:03:29',7,'2024-05-28 09:03:45',6,NULL,'1514','','','',5,NULL,'City.',0,0,NULL,0,1,'0000-00-00 00:00:00',0,0,NULL,NULL,'','',1,0,NULL,0,NULL,'0000-00-00 00:00:00'),(100000646,100000568,2,'Hannah','Spencer','2019-09-06','F',0,1,'2024-05-28 09:03:29',9,'2024-05-28 09:03:29',9,NULL,'7272','','','',5,NULL,'',0,0,NULL,0,1,'0000-00-00 00:00:00',0,0,NULL,NULL,'','',0,0,NULL,0,NULL,'0000-00-00 00:00:00'),(100000647,100000542,1,'Eric','Valenzuelaerer','2019-01-07','M',0,1,'2024-05-28 09:03:29',2,'2024-05-28 09:03:44',3,NULL,'7742','','','',5,NULL,'',0,0,NULL,0,1,'0000-00-00 00:00:00',0,0,NULL,NULL,'','',0,0,NULL,0,NULL,'0000-00-00 00:00:00'),(100000648,100000554,2,'Kelli','Harrison','2012-12-07','F',0,1,'2024-05-28 09:03:29',2,'2024-05-28 09:03:29',2,NULL,'9593','','','',5,NULL,'',0,0,NULL,0,1,'0000-00-00 00:00:00',0,1,NULL,NULL,'','',0,0,NULL,0,NULL,'0000-00-00 00:00:00'),(100000649,100000540,2,'Richard','Collins','2016-02-13','M',0,1,'2024-05-28 09:03:29',23,'2024-05-28 09:03:29',23,NULL,'1514','','','',5,NULL,'',0,0,NULL,0,1,'0000-00-00 00:00:00',0,0,NULL,NULL,'','',0,0,NULL,0,NULL,'0000-00-00 00:00:00'),(100000650,100000562,1,'Linda','Allen','2014-01-22','F',0,1,'2024-05-28 09:03:29',8,'2024-05-28 09:03:41',2,NULL,'6409','','','',5,NULL,'Campaign prevent.',0,0,NULL,0,1,'0000-00-00 00:00:00',0,1,NULL,NULL,'','',0,0,NULL,0,NULL,'0000-00-00 00:00:00'),(100000651,100000546,1,'Dylan','Contreras','2010-02-21','M',0,1,'2024-05-28 09:03:29',4,'2024-05-28 09:03:38',7,NULL,'6579','','','',5,NULL,'',0,0,NULL,0,1,'0000-00-00 00:00:00',0,0,NULL,NULL,'','',1,0,NULL,0,NULL,'0000-00-00 00:00:00'),(100000652,100000574,1,'Nancy','Duncan','2014-09-28','F',0,1,'2024-05-28 09:03:29',25,'2024-05-28 09:03:39',6,NULL,'6317','','','',5,NULL,'We great sister.',0,0,NULL,0,1,'0000-00-00 00:00:00',0,0,NULL,NULL,'','',0,0,NULL,0,NULL,'0000-00-00 00:00:00'),(100000653,100000542,1,'Jacob','Valenzuela','2020-03-13','M',0,1,'2024-05-28 09:03:29',8,'2024-05-28 09:03:37',8,NULL,'7742','','','',5,NULL,'',0,0,NULL,0,1,'2024-05-28 09:03:46',0,0,NULL,NULL,'','',1,0,NULL,0,NULL,'0000-00-00 00:00:00'),(100000654,100000542,1,'Diana','Valenzuela','2016-09-07','F',0,1,'2024-05-28 09:03:29',9,'2024-05-28 09:03:33',23,NULL,'7742','','','',5,NULL,'',0,0,NULL,0,1,'0000-00-00 00:00:00',0,0,NULL,NULL,'','',0,0,NULL,0,NULL,'0000-00-00 00:00:00'),(100000655,100000540,1,'Colin','Collinser','2012-08-13','M',0,1,'2024-05-28 09:03:29',4,'2024-05-28 09:03:45',23,NULL,'1514','','','',5,NULL,'',0,0,NULL,0,1,'0000-00-00 00:00:00',0,0,NULL,NULL,'','',0,0,NULL,0,NULL,'0000-00-00 00:00:00'),(100000656,100000548,1,'Rebecca','Barnetter','2018-07-26','F',0,1,'2024-05-28 09:03:29',3,'2024-05-28 09:03:44',6,NULL,'9574','','','',5,NULL,'Author manager.',0,0,NULL,0,1,'0000-00-00 00:00:00',0,0,NULL,NULL,'','',0,0,NULL,0,NULL,'0000-00-00 00:00:00'),(100000657,100000554,1,'Gerald','Harrisoner','2018-09-15','M',0,1,'2024-05-28 09:03:29',2,'2024-05-28 09:03:43',2,NULL,'9593','','','',5,NULL,'Ball trial analysis.',0,0,NULL,0,1,'0000-00-00 00:00:00',0,0,NULL,NULL,'','',0,0,NULL,0,NULL,'0000-00-00 00:00:00'),(100000658,100000584,1,'Marie','Compton','2020-08-16','F',0,1,'2024-05-28 09:03:29',6,'2024-05-28 09:03:39',5,NULL,'2567','','','',5,NULL,'Perform its.',0,0,NULL,0,1,'0000-00-00 00:00:00',0,0,NULL,NULL,'','',1,0,NULL,0,NULL,'0000-00-00 00:00:00'),(100000659,100000558,1,'Jeffrey','George','2018-11-24','M',0,1,'2024-05-28 09:03:29',25,'2024-05-28 09:03:39',4,NULL,'5878','','','',5,NULL,'Amount go.',0,0,NULL,0,1,'0000-00-00 00:00:00',0,0,NULL,NULL,'','',1,0,NULL,0,NULL,'0000-00-00 00:00:00'),(100000660,100000570,1,'Kristin','Allen','2012-05-28','F',0,1,'2024-05-28 09:03:29',23,'2024-05-28 09:03:42',3,NULL,'2598','','','',5,NULL,'Financial the.',0,0,NULL,0,1,'0000-00-00 00:00:00',0,0,NULL,NULL,'','',1,0,NULL,0,NULL,'0000-00-00 00:00:00'),(100000661,100000574,1,'William','Duncan','2008-10-21','M',0,1,'2024-05-28 09:03:29',4,'2024-05-28 09:03:41',6,NULL,'6317','','','',5,NULL,'Shoulder Congress.',0,0,NULL,0,1,'0000-00-00 00:00:00',0,0,NULL,NULL,'','',0,0,NULL,0,NULL,'0000-00-00 00:00:00'),(100000662,100000574,2,'Samantha','Duncan','2010-03-26','F',0,1,'2024-05-28 09:03:29',7,'2024-05-28 09:03:29',7,NULL,'6317','','','',5,NULL,'',0,0,NULL,0,1,'0000-00-00 00:00:00',0,1,NULL,NULL,'','',0,0,NULL,0,NULL,'0000-00-00 00:00:00'),(100000663,100000542,1,'Anthony','Valenzuela','2024-01-19','M',0,1,'2024-05-28 09:03:29',24,'2024-05-28 09:03:41',8,NULL,'7742','','','',5,NULL,'More receive admit.',0,0,NULL,0,1,'0000-00-00 00:00:00',0,0,NULL,NULL,'','',0,0,NULL,0,NULL,'0000-00-00 00:00:00'),(100000664,100000536,2,'Wendy','Doyle','2015-01-10','F',0,1,'2024-05-28 09:03:29',3,'2024-05-28 09:03:29',3,NULL,'6214','','','',5,NULL,'',0,0,NULL,0,1,'0000-00-00 00:00:00',0,0,NULL,NULL,'','',0,0,NULL,0,NULL,'0000-00-00 00:00:00'),(100000665,100000584,1,'Douglas','Compton','2014-06-28','M',0,1,'2024-05-28 09:03:29',9,'2024-05-28 09:03:36',24,NULL,'2567','','','',5,NULL,'',0,0,NULL,0,1,'0000-00-00 00:00:00',0,1,NULL,NULL,'','',1,0,NULL,0,NULL,'0000-00-00 00:00:00'),(100000666,100000584,1,'Emily','Compton','2010-04-27','F',0,1,'2024-05-28 09:03:29',8,'2024-05-28 09:03:32',4,NULL,'2567','','','',5,NULL,'',0,0,NULL,0,1,'0000-00-00 00:00:00',0,0,NULL,NULL,'','',0,0,NULL,0,NULL,'0000-00-00 00:00:00'),(100000667,100000536,1,'Ralph','Doyleer','2019-09-02','M',0,1,'2024-05-28 09:03:29',8,'2024-05-28 09:03:44',5,NULL,'6214','','','',5,NULL,'Night enter receive.',0,0,NULL,0,1,'0000-00-00 00:00:00',0,0,NULL,NULL,'','',1,0,NULL,0,NULL,'0000-00-00 00:00:00'),(100000668,100000568,1,'Patricia','Spencer','2010-06-05','F',0,1,'2024-05-28 09:03:29',23,'2024-05-28 09:03:32',4,NULL,'7272','','','',5,NULL,'',0,0,NULL,0,1,'0000-00-00 00:00:00',0,0,NULL,NULL,'','',0,0,NULL,0,NULL,'0000-00-00 00:00:00'),(100000669,100000542,1,'Brad','Valenzuelaer','2019-07-01','M',0,1,'2024-05-28 09:03:29',5,'2024-05-28 09:03:44',24,NULL,'7742','','','',5,NULL,'',0,0,NULL,0,1,'0000-00-00 00:00:00',0,0,NULL,NULL,'','',1,0,NULL,0,NULL,'0000-00-00 00:00:00'),(100000670,100000536,1,'Jessica','Doyleer','2010-07-28','F',0,1,'2024-05-28 09:03:29',2,'2024-05-28 09:03:45',7,NULL,'6214','','','',5,NULL,'',0,0,NULL,0,1,'0000-00-00 00:00:00',0,1,NULL,NULL,'','',1,0,NULL,0,NULL,'0000-00-00 00:00:00'),(100000671,100000562,2,'Jeffery','Allen','2011-12-31','M',0,1,'2024-05-28 09:03:29',25,'2024-05-28 09:03:29',25,NULL,'6409','','','',5,NULL,'',0,0,NULL,0,1,'0000-00-00 00:00:00',0,0,NULL,NULL,'','',0,0,NULL,0,NULL,'0000-00-00 00:00:00'),(100000672,100000558,1,'Sara','George','2016-01-22','F',0,1,'2024-05-28 09:03:29',23,'2024-05-28 09:03:42',2,NULL,'5878','','','',5,NULL,'Method interesting.',0,0,NULL,0,1,'0000-00-00 00:00:00',0,0,NULL,NULL,'','',0,0,NULL,0,NULL,'0000-00-00 00:00:00'),(100000673,100000560,1,'Michael','Wolferer','2021-07-22','M',0,1,'2024-05-28 09:03:29',8,'2024-05-28 09:03:45',24,NULL,'6303','','','',5,NULL,'',0,0,NULL,0,1,'0000-00-00 00:00:00',0,1,NULL,NULL,'','',0,0,NULL,0,NULL,'0000-00-00 00:00:00'),(100000674,100000558,1,'Whitney','Georgeer','2013-06-01','F',0,1,'2024-05-28 09:03:29',9,'2024-05-28 09:03:43',8,NULL,'5878','','','',5,NULL,'Article doctor national.',0,0,NULL,0,1,'0000-00-00 00:00:00',0,1,NULL,NULL,'','',0,0,NULL,0,NULL,'0000-00-00 00:00:00'),(100000675,100000570,1,'Jeffrey','Allen','2023-11-15','M',0,1,'2024-05-28 09:03:29',24,'2024-05-28 09:03:42',6,NULL,'2598','','','',5,NULL,'Business common event.',0,0,NULL,0,1,'0000-00-00 00:00:00',0,0,NULL,NULL,'','',1,0,NULL,0,NULL,'0000-00-00 00:00:00'),(100000676,100000546,1,'Debra','Contreraser','2019-12-26','F',0,1,'2024-05-28 09:03:29',6,'2024-05-28 09:03:44',6,NULL,'6579','','','',5,NULL,'Certainly.',0,0,NULL,0,1,'0000-00-00 00:00:00',0,0,NULL,NULL,'','',0,0,NULL,0,NULL,'0000-00-00 00:00:00'),(100000677,100000562,1,'Daniel','Allen','2009-12-11','M',0,1,'2024-05-28 09:03:29',5,'2024-05-28 09:03:41',6,NULL,'6409','','','',5,NULL,'Protect.',0,0,NULL,0,1,'0000-00-00 00:00:00',0,0,NULL,NULL,'','',0,0,NULL,0,NULL,'0000-00-00 00:00:00'),(100000678,100000584,1,'Heather','Compton','2014-04-15','F',0,1,'2024-05-28 09:03:29',3,'2024-05-28 09:03:39',2,NULL,'2567','','','',5,NULL,'',0,0,NULL,0,1,'0000-00-00 00:00:00',0,0,NULL,NULL,'','',0,0,NULL,0,NULL,'0000-00-00 00:00:00'),(100000679,100000558,1,'Jeffrey','George','2019-05-17','M',0,1,'2024-05-28 09:03:29',25,'2024-05-28 09:03:38',2,NULL,'5878','','','',5,NULL,'',0,0,NULL,0,1,'0000-00-00 00:00:00',0,0,NULL,NULL,'','',1,0,NULL,0,NULL,'0000-00-00 00:00:00'),(100000680,100000556,2,'Alisha','Saunders','2018-11-04','F',0,1,'2024-05-28 09:03:29',24,'2024-05-28 09:03:29',24,NULL,'2268','','','',5,NULL,'',0,0,NULL,0,1,'0000-00-00 00:00:00',0,0,NULL,NULL,'','',0,0,NULL,0,NULL,'0000-00-00 00:00:00'),(100000681,100000544,1,'Brian','Schultz','2017-08-18','M',0,1,'2024-05-28 09:03:30',24,'2024-05-28 09:03:35',8,NULL,'9090','','','',5,NULL,'',0,0,NULL,0,1,'2024-05-28 09:03:46',0,1,NULL,NULL,'','',1,0,NULL,0,NULL,'0000-00-00 00:00:00'),(100000682,100000566,2,'Kayla','Wagner','2016-02-01','F',0,1,'2024-05-28 09:03:30',4,'2024-05-28 09:03:30',4,NULL,'7237','','','',5,NULL,'',0,0,NULL,0,1,'0000-00-00 00:00:00',0,1,NULL,NULL,'','',0,0,NULL,0,NULL,'0000-00-00 00:00:00'),(100000683,100000548,1,'Allen','Barnett','2010-09-12','M',0,1,'2024-05-28 09:03:30',2,'2024-05-28 09:03:41',24,NULL,'9574','','','',5,NULL,'Social run.',0,0,NULL,0,1,'0000-00-00 00:00:00',0,1,NULL,NULL,'','',0,0,NULL,0,NULL,'0000-00-00 00:00:00'),(100000684,100000548,2,'Holly','Barnett','2016-09-02','F',0,1,'2024-05-28 09:03:30',9,'2024-05-28 09:03:30',9,NULL,'9574','','','',5,NULL,'',0,0,NULL,0,1,'0000-00-00 00:00:00',0,1,NULL,NULL,'','',0,0,NULL,0,NULL,'0000-00-00 00:00:00'),(100000685,100000570,1,'Ryan','Allenerer','2016-01-08','M',0,1,'2024-05-28 09:03:30',6,'2024-05-28 09:03:46',7,NULL,'2598','','','',5,NULL,'',0,0,NULL,0,1,'0000-00-00 00:00:00',0,1,NULL,NULL,'','',0,0,NULL,0,NULL,'0000-00-00 00:00:00'),(100000686,100000562,1,'Caroline','Allener','2020-02-24','F',0,1,'2024-05-28 09:03:30',25,'2024-05-28 09:03:45',3,NULL,'6409','','','',5,NULL,'',0,0,NULL,0,1,'0000-00-00 00:00:00',0,0,NULL,NULL,'','',0,0,NULL,0,NULL,'0000-00-00 00:00:00'),(100000687,100000560,1,'Ian','Wolfer','2010-12-16','M',0,1,'2024-05-28 09:03:30',4,'2024-05-28 09:03:46',6,NULL,'6303','','','',5,NULL,'Plant read pretty happen.',0,0,NULL,0,1,'0000-00-00 00:00:00',0,1,NULL,NULL,'','',0,0,NULL,0,NULL,'0000-00-00 00:00:00'),(100000688,100000544,1,'Lauren','Schultz','2012-03-23','F',0,1,'2024-05-28 09:03:30',5,'2024-05-28 09:03:35',7,NULL,'9090','','','',5,NULL,'',0,0,NULL,0,1,'0000-00-00 00:00:00',0,0,NULL,NULL,'','',1,0,NULL,0,NULL,'0000-00-00 00:00:00'),(100000689,100000576,1,'Mark','May','2021-04-23','M',0,1,'2024-05-28 09:03:30',24,'2024-05-28 09:03:38',3,NULL,'2358','','','',5,NULL,'',0,0,NULL,0,1,'0000-00-00 00:00:00',0,0,NULL,NULL,'','',1,0,NULL,0,NULL,'0000-00-00 00:00:00'),(100000690,100000540,1,'Christina','Collinserer','2024-03-11','F',0,1,'2024-05-28 09:03:30',4,'2024-05-28 09:03:44',6,NULL,'1514','','','',5,NULL,'Like store wind.',0,0,NULL,0,1,'0000-00-00 00:00:00',0,0,NULL,NULL,'','',0,0,NULL,0,NULL,'0000-00-00 00:00:00'),(100000691,100000584,1,'Spencer','Compton','2018-07-26','M',0,1,'2024-05-28 09:03:30',8,'2024-05-28 09:03:42',2,NULL,'2567','','','',5,NULL,'Economic well share.',0,0,NULL,0,1,'0000-00-00 00:00:00',0,1,NULL,NULL,'','',1,0,NULL,0,NULL,'0000-00-00 00:00:00'),(100000692,100000552,1,'Lisa','Johnson','2023-07-18','F',0,1,'2024-05-28 09:03:30',8,'2024-05-28 09:03:36',9,NULL,'8386','','','',5,NULL,'',0,0,NULL,0,1,'0000-00-00 00:00:00',0,0,NULL,NULL,'','',1,0,NULL,0,NULL,'0000-00-00 00:00:00'),(100000693,100000548,1,'Juan','Barnetter','2019-06-26','M',0,1,'2024-05-28 09:03:30',7,'2024-05-28 09:03:44',5,NULL,'9574','','','',5,NULL,'Her local age.',0,0,NULL,0,1,'0000-00-00 00:00:00',0,1,NULL,NULL,'','',1,0,NULL,0,NULL,'0000-00-00 00:00:00'),(100000694,100000540,1,'Patricia','Collins','2011-10-25','F',0,1,'2024-05-28 09:03:30',5,'2024-05-28 09:03:34',25,NULL,'1514','','','',5,NULL,'',0,0,NULL,0,1,'0000-00-00 00:00:00',0,0,NULL,NULL,'','',0,0,NULL,0,NULL,'0000-00-00 00:00:00'),(100000695,100000548,1,'David','Barnetter','2017-08-22','M',0,1,'2024-05-28 09:03:30',5,'2024-05-28 09:03:46',23,NULL,'9574','','','',5,NULL,'',0,0,NULL,0,1,'2024-05-28 09:03:46',0,0,NULL,NULL,'','',0,0,NULL,0,NULL,'0000-00-00 00:00:00'),(100000696,100000584,1,'Amy','Comptonerer','2011-05-12','F',0,1,'2024-05-28 09:03:30',23,'2024-05-28 09:03:46',8,NULL,'2567','','','',5,NULL,'Teach recently trial.',0,0,NULL,0,1,'0000-00-00 00:00:00',0,0,NULL,NULL,'','',0,0,NULL,0,NULL,'0000-00-00 00:00:00'),(100000697,100000538,1,'Michael','Berg','2012-10-31','M',0,1,'2024-05-28 09:03:30',5,'2024-05-28 09:03:39',24,NULL,'7405','','','',5,NULL,'',0,0,NULL,0,1,'0000-00-00 00:00:00',0,0,NULL,NULL,'','',0,0,NULL,0,NULL,'0000-00-00 00:00:00'),(100000698,100000536,1,'Nicole','Doyle','2014-01-06','F',0,1,'2024-05-28 09:03:30',7,'2024-05-28 09:03:35',25,NULL,'6214','','','',5,NULL,'',0,0,NULL,0,1,'0000-00-00 00:00:00',0,0,NULL,NULL,'','',0,0,NULL,0,NULL,'0000-00-00 00:00:00'),(100000699,100000536,1,'Michael','Doyleer','2019-11-14','M',0,1,'2024-05-28 09:03:30',2,'2024-05-28 09:03:46',24,NULL,'6214','','','',5,NULL,'',0,0,NULL,0,1,'0000-00-00 00:00:00',0,0,NULL,NULL,'','',0,0,NULL,0,NULL,'0000-00-00 00:00:00'),(100000700,100000560,1,'Terri','Wolferer','2012-04-06','F',0,1,'2024-05-28 09:03:30',3,'2024-05-28 09:03:44',23,NULL,'6303','','','',5,NULL,'',0,0,NULL,0,1,'0000-00-00 00:00:00',0,0,NULL,NULL,'','',0,0,NULL,0,NULL,'0000-00-00 00:00:00'),(100000701,100000582,1,'Chad','Cisneros','2010-05-20','M',0,1,'2024-05-28 09:03:30',2,'2024-05-28 09:03:41',7,NULL,'2026','','','',5,NULL,'Address week whether.',0,0,NULL,0,1,'0000-00-00 00:00:00',0,0,NULL,NULL,'','',1,0,NULL,0,NULL,'0000-00-00 00:00:00'),(100000702,100000544,1,'Victoria','Schultz','2010-02-25','F',0,1,'2024-05-28 09:03:30',5,'2024-05-28 09:03:36',23,NULL,'9090','','','',5,NULL,'',0,0,NULL,0,1,'0000-00-00 00:00:00',0,1,NULL,NULL,'','',1,0,NULL,0,NULL,'0000-00-00 00:00:00'),(100000703,100000578,1,'Michael','Matthews','2023-09-08','M',0,1,'2024-05-28 09:03:30',2,'2024-05-28 09:03:32',7,NULL,'4316','','','',5,NULL,'',0,0,NULL,0,1,'0000-00-00 00:00:00',0,0,NULL,NULL,'','',0,0,NULL,0,NULL,'0000-00-00 00:00:00'),(100000704,100000552,1,'Tammy','Johnson','2018-12-30','F',0,1,'2024-05-28 09:03:30',4,'2024-05-28 09:03:35',6,NULL,'8386','','','',5,NULL,'',0,0,NULL,0,1,'0000-00-00 00:00:00',0,0,NULL,NULL,'','',0,0,NULL,0,NULL,'0000-00-00 00:00:00'),(100000705,100000548,2,'Christopher','Barnett','2021-03-10','M',0,1,'2024-05-28 09:03:30',24,'2024-05-28 09:03:30',24,NULL,'9574','','','',5,NULL,'',0,0,NULL,0,1,'0000-00-00 00:00:00',0,0,NULL,NULL,'','',0,0,NULL,0,NULL,'0000-00-00 00:00:00'),(100000706,100000564,1,'Vanessa','Meltoner','2021-10-29','F',0,1,'2024-05-28 09:03:30',4,'2024-05-28 09:03:45',2,NULL,'8862','','','',5,NULL,'',0,0,NULL,0,1,'0000-00-00 00:00:00',0,0,NULL,NULL,'','',0,0,NULL,0,NULL,'0000-00-00 00:00:00'),(100000707,100000558,1,'Dwayne','George','2014-06-17','M',0,1,'2024-05-28 09:03:30',8,'2024-05-28 09:03:42',6,NULL,'5878','','','',5,NULL,'Task score.',0,0,NULL,0,1,'0000-00-00 00:00:00',0,1,NULL,NULL,'','',0,0,NULL,0,NULL,'0000-00-00 00:00:00'),(100000708,100000542,1,'Denise','Valenzuela','2023-07-31','F',0,1,'2024-05-28 09:03:30',5,'2024-05-28 09:03:42',5,NULL,'7742','','','',5,NULL,'Fall even energy.',0,0,NULL,0,1,'0000-00-00 00:00:00',0,0,NULL,NULL,'','',1,0,NULL,0,NULL,'0000-00-00 00:00:00'),(100000709,100000556,1,'James','Saunders','2008-06-02','M',0,1,'2024-05-28 09:03:30',24,'2024-05-28 09:03:40',25,NULL,'2268','','','',5,NULL,'Test federal offer.',0,0,NULL,0,1,'0000-00-00 00:00:00',0,0,NULL,NULL,'','',0,0,NULL,0,NULL,'0000-00-00 00:00:00'),(100000710,100000572,1,'Ruth','Sanders','2013-08-02','F',0,1,'2024-05-28 09:03:30',7,'2024-05-28 09:03:35',8,NULL,'8543','','','',5,NULL,'',0,0,NULL,0,1,'2024-05-28 09:03:46',0,1,NULL,NULL,'','',1,0,NULL,0,NULL,'0000-00-00 00:00:00'),(100000711,100000582,1,'Joshua','Cisneroser','2010-12-25','M',0,1,'2024-05-28 09:03:30',8,'2024-05-28 09:03:44',2,NULL,'2026','','','',5,NULL,'Start ability sit.',0,0,NULL,0,1,'0000-00-00 00:00:00',0,0,NULL,NULL,'','',1,0,NULL,0,NULL,'0000-00-00 00:00:00'),(100000712,100000562,1,'Kimberly','Allen','2020-03-06','F',0,1,'2024-05-28 09:03:30',5,'2024-05-28 09:03:38',8,NULL,'6409','','','',5,NULL,'',0,0,NULL,0,1,'0000-00-00 00:00:00',0,1,NULL,NULL,'','',1,0,NULL,0,NULL,'0000-00-00 00:00:00'),(100000713,100000538,1,'Kenneth','Berg','2012-11-09','M',0,1,'2024-05-28 09:03:30',23,'2024-05-28 09:03:35',23,NULL,'7405','','','',5,NULL,'',0,0,NULL,0,1,'0000-00-00 00:00:00',0,0,NULL,NULL,'','',0,0,NULL,0,NULL,'0000-00-00 00:00:00'),(100000714,100000578,2,'Tina','Matthews','2008-10-14','F',0,1,'2024-05-28 09:03:30',7,'2024-05-28 09:03:30',7,NULL,'4316','','','',5,NULL,'',0,0,NULL,0,1,'0000-00-00 00:00:00',0,1,NULL,NULL,'','',0,0,NULL,0,NULL,'0000-00-00 00:00:00'),(100000715,100000582,1,'Todd','Cisneros','2015-02-07','M',0,1,'2024-05-28 09:03:30',25,'2024-05-28 09:03:40',4,NULL,'2026','','','',5,NULL,'Little what life.',0,0,NULL,0,1,'0000-00-00 00:00:00',0,0,NULL,NULL,'','',0,0,NULL,0,NULL,'0000-00-00 00:00:00'),(100000716,100000544,1,'Kendra','Schultzer','2017-02-26','F',0,1,'2024-05-28 09:03:30',4,'2024-05-28 09:03:45',8,NULL,'9090','','','',5,NULL,'',0,0,NULL,0,1,'0000-00-00 00:00:00',0,0,NULL,NULL,'','',1,0,NULL,0,NULL,'0000-00-00 00:00:00'),(100000717,100000580,2,'Timothy','Tran','2018-10-02','M',0,1,'2024-05-28 09:03:30',9,'2024-05-28 09:03:30',9,NULL,'3568','','','',5,NULL,'',0,0,NULL,0,1,'0000-00-00 00:00:00',0,1,NULL,NULL,'','',0,0,NULL,0,NULL,'0000-00-00 00:00:00'),(100000718,100000542,1,'Karen','Valenzuela','2019-12-19','F',0,1,'2024-05-28 09:03:30',2,'2024-05-28 09:03:36',24,NULL,'7742','','','',5,NULL,'',0,0,NULL,0,1,'0000-00-00 00:00:00',0,0,NULL,NULL,'','',1,0,NULL,0,NULL,'0000-00-00 00:00:00'),(100000719,100000546,1,'Wesley','Contreras','2009-08-01','M',0,1,'2024-05-28 09:03:30',4,'2024-05-28 09:03:42',4,NULL,'6579','','','',5,NULL,'More everything.',0,0,NULL,0,1,'0000-00-00 00:00:00',0,0,NULL,NULL,'','',0,0,NULL,0,NULL,'0000-00-00 00:00:00'),(100000720,100000556,1,'Vanessa','Saunderser','2019-02-02','F',0,1,'2024-05-28 09:03:30',8,'2024-05-28 09:03:43',9,NULL,'2268','','','',5,NULL,'Not participant cold during.',0,0,NULL,0,1,'0000-00-00 00:00:00',0,0,NULL,NULL,'','',1,0,NULL,0,NULL,'0000-00-00 00:00:00'),(100000721,100000554,1,'Raymond','Harrison','2012-04-14','M',0,1,'2024-05-28 09:03:30',5,'2024-05-28 09:03:42',23,NULL,'9593','','','',5,NULL,'Economy.',0,0,NULL,0,1,'0000-00-00 00:00:00',0,0,NULL,NULL,'','',0,0,NULL,0,NULL,'0000-00-00 00:00:00'),(100000722,100000564,1,'Sheila','Melton','2015-05-27','F',0,1,'2024-05-28 09:03:30',5,'2024-05-28 09:03:39',5,NULL,'8862','','','',5,NULL,'Close skill.',0,0,NULL,0,1,'0000-00-00 00:00:00',0,0,NULL,NULL,'','',0,0,NULL,0,NULL,'0000-00-00 00:00:00'),(100000723,100000562,2,'Taylor','Allen','2020-02-15','M',0,1,'2024-05-28 09:03:30',6,'2024-05-28 09:03:30',6,NULL,'6409','','','',5,NULL,'',0,0,NULL,0,1,'0000-00-00 00:00:00',0,1,NULL,NULL,'','',0,0,NULL,0,NULL,'0000-00-00 00:00:00'),(100000724,100000546,1,'Maria','Contreras','2013-07-19','F',0,1,'2024-05-28 09:03:30',3,'2024-05-28 09:03:38',5,NULL,'6579','','','',5,NULL,'',0,0,NULL,0,1,'0000-00-00 00:00:00',0,1,NULL,NULL,'','',1,0,NULL,0,NULL,'0000-00-00 00:00:00'),(100000725,100000580,1,'Oscar','Tran','2010-08-02','M',0,1,'2024-05-28 09:03:30',9,'2024-05-28 09:03:37',7,NULL,'3568','','','',5,NULL,'',0,0,NULL,0,1,'0000-00-00 00:00:00',0,0,NULL,NULL,'','',1,0,NULL,0,NULL,'0000-00-00 00:00:00'),(100000726,100000570,2,'Cynthia','Allen','2012-03-27','F',0,1,'2024-05-28 09:03:30',4,'2024-05-28 09:03:30',4,NULL,'2598','','','',5,NULL,'',0,0,NULL,0,1,'0000-00-00 00:00:00',0,0,NULL,NULL,'','',0,0,NULL,0,NULL,'0000-00-00 00:00:00'),(100000727,100000558,1,'Richard','Georgeer','2024-02-04','M',0,1,'2024-05-28 09:03:30',25,'2024-05-28 09:03:45',5,NULL,'5878','','','',5,NULL,'Each could pull.',0,0,NULL,0,1,'0000-00-00 00:00:00',0,0,NULL,NULL,'','',1,0,NULL,0,NULL,'0000-00-00 00:00:00'),(100000728,100000570,1,'Susan','Allen','2013-02-01','F',0,1,'2024-05-28 09:03:30',9,'2024-05-28 09:03:39',4,NULL,'2598','','','',5,NULL,'Fact around.',0,0,NULL,0,1,'0000-00-00 00:00:00',0,0,NULL,NULL,'','',1,0,NULL,0,NULL,'0000-00-00 00:00:00'),(100000729,100000568,1,'James','Spencerer','2024-01-29','M',0,1,'2024-05-28 09:03:30',5,'2024-05-28 09:03:44',7,NULL,'7272','','','',5,NULL,'Around quickly.',0,0,NULL,0,1,'0000-00-00 00:00:00',0,0,NULL,NULL,'','',0,0,NULL,0,NULL,'0000-00-00 00:00:00'),(100000730,100000570,1,'Jennifer','Allener','2014-01-28','F',0,1,'2024-05-28 09:03:30',5,'2024-05-28 09:03:44',9,NULL,'2598','','','',5,NULL,'Girl growth.',0,0,NULL,0,1,'0000-00-00 00:00:00',0,1,NULL,NULL,'','',0,0,NULL,0,NULL,'0000-00-00 00:00:00'),(100000731,100000580,1,'Tyler','Tran','2024-04-24','M',0,1,'2024-05-28 09:03:30',6,'2024-05-28 09:03:37',4,NULL,'3568','','','',5,NULL,'',0,0,NULL,0,1,'0000-00-00 00:00:00',0,0,NULL,NULL,'','',1,0,NULL,0,NULL,'0000-00-00 00:00:00'),(100000732,100000566,1,'Linda','Wagnerer','2013-01-24','F',0,1,'2024-05-28 09:03:30',23,'2024-05-28 09:03:45',24,NULL,'7237','','','',5,NULL,'',0,0,NULL,0,1,'0000-00-00 00:00:00',0,0,NULL,NULL,'','',1,0,NULL,0,NULL,'0000-00-00 00:00:00'),(100000733,100000570,2,'Paul','Allen','2018-10-01','M',0,1,'2024-05-28 09:03:31',6,'2024-05-28 09:03:31',6,NULL,'2598','','','',5,NULL,'',0,0,NULL,0,1,'0000-00-00 00:00:00',0,1,NULL,NULL,'','',0,0,NULL,0,NULL,'0000-00-00 00:00:00'),(100000734,100000578,1,'Jane','Matthewser','2012-12-30','F',0,1,'2024-05-28 09:03:31',23,'2024-05-28 09:03:43',24,NULL,'4316','','','',5,NULL,'',0,0,NULL,0,1,'0000-00-00 00:00:00',0,0,NULL,NULL,'','',0,0,NULL,0,NULL,'0000-00-00 00:00:00'),(100000735,100000572,1,'Sergio','Sanderser','2008-10-25','M',0,1,'2024-05-28 09:03:31',24,'2024-05-28 09:03:44',4,NULL,'8543','','','',5,NULL,'Piece choose.',0,0,NULL,0,1,'2024-05-28 09:03:46',0,1,NULL,NULL,'','',0,0,NULL,0,NULL,'0000-00-00 00:00:00'),(100000736,100000556,1,'Tonya','Saunders','2021-03-03','F',0,1,'2024-05-28 09:03:31',23,'2024-05-28 09:03:41',5,NULL,'2268','','','',5,NULL,'Sea recent under.',0,0,NULL,0,1,'0000-00-00 00:00:00',0,0,NULL,NULL,'','',0,0,NULL,0,NULL,'0000-00-00 00:00:00'),(100000737,100000560,1,'Christopher','Wolfer','2017-06-11','M',0,1,'2024-05-28 09:03:31',4,'2024-05-28 09:03:44',3,NULL,'6303','','','',5,NULL,'',0,0,NULL,0,1,'0000-00-00 00:00:00',0,0,NULL,NULL,'','',0,0,NULL,0,NULL,'0000-00-00 00:00:00'),(100000738,100000582,1,'Michelle','Cisneroser','2010-02-22','F',0,1,'2024-05-28 09:03:31',24,'2024-05-28 09:03:45',8,NULL,'2026','','','',5,NULL,'',0,0,NULL,0,1,'0000-00-00 00:00:00',0,0,NULL,NULL,'','',0,0,NULL,0,NULL,'0000-00-00 00:00:00'),(100000739,100000582,1,'Dillon','Cisneros','2009-12-16','M',0,1,'2024-05-28 09:03:31',24,'2024-05-28 09:03:41',8,NULL,'2026','','','',5,NULL,'Economy minute.',0,0,NULL,0,1,'0000-00-00 00:00:00',0,0,NULL,NULL,'','',0,0,NULL,0,NULL,'0000-00-00 00:00:00'),(100000740,100000566,1,'Ana','Wagnerer','2020-11-13','F',0,1,'2024-05-28 09:03:31',9,'2024-05-28 09:03:45',8,NULL,'7237','','','',5,NULL,'Lawyer pull support performance.',0,0,NULL,0,1,'0000-00-00 00:00:00',0,1,NULL,NULL,'','',1,0,NULL,0,NULL,'0000-00-00 00:00:00'),(100000741,100000538,1,'Alexis','Berger','2014-11-29','M',0,1,'2024-05-28 09:03:31',8,'2024-05-28 09:03:44',7,NULL,'7405','','','',5,NULL,'',0,0,NULL,0,1,'0000-00-00 00:00:00',0,1,NULL,NULL,'','',0,0,NULL,0,NULL,'0000-00-00 00:00:00'),(100000742,100000554,1,'Alicia','Harrison','2015-04-13','F',0,1,'2024-05-28 09:03:31',6,'2024-05-28 09:03:40',9,NULL,'9593','','','',5,NULL,'Member possible.',0,0,NULL,0,1,'0000-00-00 00:00:00',0,0,NULL,NULL,'','',0,0,NULL,0,NULL,'0000-00-00 00:00:00'),(100000743,100000572,1,'Marcus','Sanderser','2016-05-10','M',0,1,'2024-05-28 09:03:31',2,'2024-05-28 09:03:45',6,NULL,'8543','','','',5,NULL,'',0,0,NULL,0,1,'2024-05-28 09:03:46',0,0,NULL,NULL,'','',0,0,NULL,0,NULL,'0000-00-00 00:00:00'),(100000744,100000572,1,'Mariah','Sanderser','2019-01-22','F',0,1,'2024-05-28 09:03:31',3,'2024-05-28 09:03:44',23,NULL,'8543','','','',5,NULL,'',0,0,NULL,0,1,'2024-05-28 09:03:46',0,0,NULL,NULL,'','',0,0,NULL,0,NULL,'0000-00-00 00:00:00'),(100000745,100000556,2,'Brandon','Saunders','2017-08-28','M',0,1,'2024-05-28 09:03:31',9,'2024-05-28 09:03:31',9,NULL,'2268','','','',5,NULL,'',0,0,NULL,0,1,'0000-00-00 00:00:00',0,1,NULL,NULL,'','',0,0,NULL,0,NULL,'0000-00-00 00:00:00'),(100000746,100000542,1,'Valerie','Valenzuelaer','2011-06-25','F',0,1,'2024-05-28 09:03:31',4,'2024-05-28 09:03:43',2,NULL,'7742','','','',5,NULL,'',0,0,NULL,0,1,'0000-00-00 00:00:00',0,1,NULL,NULL,'','',1,0,NULL,0,NULL,'0000-00-00 00:00:00'),(100000747,100000546,2,'Chris','Contreras','2023-11-25','M',0,1,'2024-05-28 09:03:31',3,'2024-05-28 09:03:31',3,NULL,'6579','','','',5,NULL,'',0,0,NULL,0,1,'0000-00-00 00:00:00',0,0,NULL,NULL,'','',0,0,NULL,0,NULL,'0000-00-00 00:00:00'),(100000748,100000570,1,'Brandi','Allener','2022-08-09','F',0,1,'2024-05-28 09:03:31',24,'2024-05-28 09:03:45',24,NULL,'2598','','','',5,NULL,'Card rather production.',0,0,NULL,0,1,'0000-00-00 00:00:00',0,1,NULL,NULL,'','',0,0,NULL,0,NULL,'0000-00-00 00:00:00'),(100000749,100000582,1,'Mark','Cisneroser','2012-07-25','M',0,1,'2024-05-28 09:03:31',6,'2024-05-28 09:03:44',23,NULL,'2026','','','',5,NULL,'',0,0,NULL,0,1,'0000-00-00 00:00:00',0,1,NULL,NULL,'','',0,0,NULL,0,NULL,'0000-00-00 00:00:00'),(100000750,100000562,1,'Donna','Allenerer','2013-10-05','F',0,1,'2024-05-28 09:03:31',4,'2024-05-28 09:03:45',7,NULL,'6409','','','',5,NULL,'',0,0,NULL,0,1,'0000-00-00 00:00:00',0,0,NULL,NULL,'','',0,0,NULL,0,NULL,'0000-00-00 00:00:00'),(100000751,100000570,1,'Grant','Allen','2016-03-17','M',0,1,'2024-05-28 09:03:31',6,'2024-05-28 09:03:34',3,NULL,'2598','','','',5,NULL,'',0,0,NULL,0,1,'0000-00-00 00:00:00',0,0,NULL,NULL,'','',0,0,NULL,0,NULL,'0000-00-00 00:00:00'),(100000752,100000584,1,'Katherine','Compton','2019-02-19','F',0,1,'2024-05-28 09:03:31',24,'2024-05-28 09:03:42',3,NULL,'2567','','','',5,NULL,'Huge expect Republican.',0,0,NULL,0,1,'0000-00-00 00:00:00',0,0,NULL,NULL,'','',0,0,NULL,0,NULL,'0000-00-00 00:00:00'),(100000753,100000538,1,'Steven','Berg','2009-10-31','M',0,1,'2024-05-28 09:03:31',8,'2024-05-28 09:03:43',23,NULL,'7405','','','',5,NULL,'Last to.',0,0,NULL,0,1,'0000-00-00 00:00:00',0,0,NULL,NULL,'','',1,0,NULL,0,NULL,'0000-00-00 00:00:00'),(100000754,100000576,1,'Ana','Mayer','2020-10-18','F',0,1,'2024-05-28 09:03:31',25,'2024-05-28 09:03:44',9,NULL,'2358','','','',5,NULL,'',0,0,NULL,0,1,'0000-00-00 00:00:00',0,0,NULL,NULL,'','',0,0,NULL,0,NULL,'0000-00-00 00:00:00'),(100000755,100000536,1,'Daniel','Doyleer','2022-07-13','M',0,1,'2024-05-28 09:03:31',6,'2024-05-28 09:03:46',8,NULL,'6214','','','',5,NULL,'',0,0,NULL,0,1,'0000-00-00 00:00:00',0,0,NULL,NULL,'','',0,0,NULL,0,NULL,'0000-00-00 00:00:00'),(100000756,100000570,1,'Kathryn','Allener','2010-10-31','F',0,1,'2024-05-28 09:03:31',3,'2024-05-28 09:03:45',7,NULL,'2598','','','',5,NULL,'Able general.',0,0,NULL,0,1,'0000-00-00 00:00:00',0,1,NULL,NULL,'','',1,0,NULL,0,NULL,'0000-00-00 00:00:00'),(100000757,100000558,1,'James','George','2015-06-14','M',0,1,'2024-05-28 09:03:31',8,'2024-05-28 09:03:41',2,NULL,'5878','','','',5,NULL,'Here recent scientist.',0,0,NULL,0,1,'0000-00-00 00:00:00',0,0,NULL,NULL,'','',0,0,NULL,0,NULL,'0000-00-00 00:00:00'),(100000758,100000546,1,'Tammy','Contreras','2010-09-10','F',0,1,'2024-05-28 09:03:31',4,'2024-05-28 09:03:40',3,NULL,'6579','','','',5,NULL,'Western agree product.',0,0,NULL,0,1,'0000-00-00 00:00:00',0,0,NULL,NULL,'','',0,0,NULL,0,NULL,'0000-00-00 00:00:00'),(100000759,100000576,1,'Patrick','May','2022-09-29','M',0,1,'2024-05-28 09:03:31',9,'2024-05-28 09:03:38',2,NULL,'2358','','','',5,NULL,'',0,0,NULL,0,1,'0000-00-00 00:00:00',0,0,NULL,NULL,'','',1,0,NULL,0,NULL,'0000-00-00 00:00:00'),(100000760,100000564,2,'Tina','Melton','2012-05-22','F',0,1,'2024-05-28 09:03:31',6,'2024-05-28 09:03:31',6,NULL,'8862','','','',5,NULL,'',0,0,NULL,0,1,'0000-00-00 00:00:00',0,1,NULL,NULL,'','',0,0,NULL,0,NULL,'0000-00-00 00:00:00'),(100000761,100000540,2,'Jim','Collins','2011-06-08','M',0,1,'2024-05-28 09:03:31',5,'2024-05-28 09:03:31',5,NULL,'1514','','','',5,NULL,'',0,0,NULL,0,1,'0000-00-00 00:00:00',0,1,NULL,NULL,'','',0,0,NULL,0,NULL,'0000-00-00 00:00:00'),(100000762,100000580,1,'Diana','Traner','2014-05-18','F',0,1,'2024-05-28 09:03:31',4,'2024-05-28 09:03:45',2,NULL,'3568','','','',5,NULL,'',0,0,NULL,0,1,'0000-00-00 00:00:00',0,1,NULL,NULL,'','',0,0,NULL,0,NULL,'0000-00-00 00:00:00'),(100000763,100000548,2,'Joseph','Barnett','2009-04-21','M',0,1,'2024-05-28 09:03:31',9,'2024-05-28 09:03:31',9,NULL,'9574','','','',5,NULL,'',0,0,NULL,0,1,'0000-00-00 00:00:00',0,1,NULL,NULL,'','',0,0,NULL,0,NULL,'0000-00-00 00:00:00'),(100000764,100000562,1,'Mary','Allener','2011-10-22','F',0,1,'2024-05-28 09:03:31',23,'2024-05-28 09:03:43',4,NULL,'6409','','','',5,NULL,'Three matter agreement receive.',0,0,NULL,0,1,'0000-00-00 00:00:00',0,1,NULL,NULL,'','',1,0,NULL,0,NULL,'0000-00-00 00:00:00'),(100000765,100000582,1,'Allen','Cisneroserer','2017-04-09','M',0,1,'2024-05-28 09:03:31',23,'2024-05-28 09:03:44',3,NULL,'2026','','','',5,NULL,'',0,0,NULL,0,1,'0000-00-00 00:00:00',0,0,NULL,NULL,'','',1,0,NULL,0,NULL,'0000-00-00 00:00:00'),(100000766,100000574,1,'Lisa','Duncan','2022-02-08','F',0,1,'2024-05-28 09:03:31',9,'2024-05-28 09:03:36',8,NULL,'6317','','','',5,NULL,'',0,0,NULL,0,1,'0000-00-00 00:00:00',0,1,NULL,NULL,'','',1,0,NULL,0,NULL,'0000-00-00 00:00:00'),(100000767,100000562,1,'James','Allener','2011-06-23','M',0,1,'2024-05-28 09:03:31',3,'2024-05-28 09:03:43',7,NULL,'6409','','','',5,NULL,'',0,0,NULL,0,1,'0000-00-00 00:00:00',0,0,NULL,NULL,'','',0,0,NULL,0,NULL,'0000-00-00 00:00:00'),(100000768,100000564,1,'Emily','Meltonerer','2014-02-18','F',0,1,'2024-05-28 09:03:31',3,'2024-05-28 09:03:43',9,NULL,'8862','','','',5,NULL,'Sign south place feel.',0,0,NULL,0,1,'0000-00-00 00:00:00',0,0,NULL,NULL,'','',0,0,NULL,0,NULL,'0000-00-00 00:00:00'),(100000769,100000554,1,'James','Harrison','2023-01-20','M',0,1,'2024-05-28 09:03:31',4,'2024-05-28 09:03:42',9,NULL,'9593','','','',5,NULL,'Break rest audience.',0,0,NULL,0,1,'0000-00-00 00:00:00',0,0,NULL,NULL,'','',0,0,NULL,0,NULL,'0000-00-00 00:00:00'),(100000770,100000580,1,'Crystal','Tran','2020-04-01','F',0,1,'2024-05-28 09:03:31',6,'2024-05-28 09:03:41',9,NULL,'3568','','','',5,NULL,'Include institution.',0,0,NULL,0,1,'0000-00-00 00:00:00',0,0,NULL,NULL,'','',1,0,NULL,0,NULL,'0000-00-00 00:00:00'),(100000771,100000548,1,'Jeremiah','Barnett','2016-11-08','M',0,1,'2024-05-28 09:03:31',2,'2024-05-28 09:03:42',8,NULL,'9574','','','',5,NULL,'Away seem either.',0,0,NULL,0,1,'0000-00-00 00:00:00',0,0,NULL,NULL,'','',0,0,NULL,0,NULL,'0000-00-00 00:00:00'),(100000772,100000562,1,'Courtney','Allener','2015-03-17','F',0,1,'2024-05-28 09:03:31',5,'2024-05-28 09:03:44',7,NULL,'6409','','','',5,NULL,'',0,0,NULL,0,1,'0000-00-00 00:00:00',0,0,NULL,NULL,'','',0,0,NULL,0,NULL,'0000-00-00 00:00:00'),(100000773,100000578,1,'Devin','Matthews','2011-06-26','M',0,1,'2024-05-28 09:03:31',5,'2024-05-28 09:03:37',23,NULL,'4316','','','',5,NULL,'',0,0,NULL,0,1,'0000-00-00 00:00:00',0,0,NULL,NULL,'','',1,0,NULL,0,NULL,'0000-00-00 00:00:00'),(100000774,100000558,1,'Mary','Georgeer','2015-03-12','F',0,1,'2024-05-28 09:03:31',3,'2024-05-28 09:03:44',6,NULL,'5878','','','',5,NULL,'',0,0,NULL,0,1,'0000-00-00 00:00:00',0,0,NULL,NULL,'','',0,0,NULL,0,NULL,'0000-00-00 00:00:00'),(100000775,100000538,1,'Jason','Bergerer','2015-12-30','M',0,1,'2024-05-28 09:03:31',7,'2024-05-28 09:03:45',25,NULL,'7405','','','',5,NULL,'',0,0,NULL,0,1,'0000-00-00 00:00:00',0,0,NULL,NULL,'','',1,0,NULL,0,NULL,'0000-00-00 00:00:00'),(100000776,100000542,1,'Susan','Valenzuelaer','2009-01-19','F',0,1,'2024-05-28 09:03:31',7,'2024-05-28 09:03:45',9,NULL,'7742','','','',5,NULL,'Give single.',0,0,NULL,0,1,'0000-00-00 00:00:00',0,1,NULL,NULL,'','',0,0,NULL,0,NULL,'0000-00-00 00:00:00'),(100000777,100000556,1,'Anthony','Saunderser','2023-02-26','M',0,1,'2024-05-28 09:03:31',5,'2024-05-28 09:03:45',6,NULL,'2268','','','',5,NULL,'',0,0,NULL,0,1,'0000-00-00 00:00:00',0,1,NULL,NULL,'','',0,0,NULL,0,NULL,'0000-00-00 00:00:00'),(100000778,100000538,1,'Angela','Bergerer','2023-06-08','F',0,1,'2024-05-28 09:03:31',7,'2024-05-28 09:03:45',23,NULL,'7405','','','',5,NULL,'',0,0,NULL,0,1,'0000-00-00 00:00:00',0,1,NULL,NULL,'','',0,0,NULL,0,NULL,'0000-00-00 00:00:00'),(100000779,100000566,1,'Marcus','Wagnerer','2024-03-21','M',0,1,'2024-05-28 09:03:31',25,'2024-05-28 09:03:44',5,NULL,'7237','','','',5,NULL,'Notice lawyer least.',0,0,NULL,0,1,'0000-00-00 00:00:00',0,1,NULL,NULL,'','',0,0,NULL,0,NULL,'0000-00-00 00:00:00'),(100000780,100000544,2,'Elizabeth','Schultz','2015-08-31','F',0,1,'2024-05-28 09:03:31',7,'2024-05-28 09:03:31',7,NULL,'9090','','','',5,NULL,'',0,0,NULL,0,1,'0000-00-00 00:00:00',0,0,NULL,NULL,'','',0,0,NULL,0,NULL,'0000-00-00 00:00:00'),(100000781,100000570,1,'Michael','Allenerer','2009-10-26','M',0,1,'2024-05-28 09:03:31',2,'2024-05-28 09:03:45',25,NULL,'2598','','','',5,NULL,'',0,0,NULL,0,1,'0000-00-00 00:00:00',0,0,NULL,NULL,'','',0,0,NULL,0,NULL,'0000-00-00 00:00:00'),(100000782,100000536,1,'Brittany','Doyle','2009-12-20','F',0,1,'2024-05-28 09:03:31',9,'2024-05-28 09:03:36',23,NULL,'6214','','','',5,NULL,'',0,0,NULL,0,1,'0000-00-00 00:00:00',0,0,NULL,NULL,'','',1,0,NULL,0,NULL,'0000-00-00 00:00:00'),(100000783,100000580,1,'George','Tranerer','2023-01-14','M',0,1,'2024-05-28 09:03:31',8,'2024-05-28 09:03:46',7,NULL,'3568','','','',5,NULL,'',0,0,NULL,0,1,'0000-00-00 00:00:00',0,0,NULL,NULL,'','',0,0,NULL,0,NULL,'0000-00-00 00:00:00'),(100000784,100000550,1,'Roberta','Myers','2017-08-09','F',0,1,'2024-05-28 09:03:31',6,'2024-05-28 09:03:37',9,NULL,'1620','','','',5,NULL,'',0,0,NULL,0,1,'0000-00-00 00:00:00',0,1,NULL,NULL,'','',1,0,NULL,0,NULL,'0000-00-00 00:00:00'),(100000785,100000574,2,'Mark','Duncan','2012-09-25','M',0,1,'2024-05-28 09:03:31',6,'2024-05-28 09:03:31',6,NULL,'6317','','','',5,NULL,'',0,0,NULL,0,1,'0000-00-00 00:00:00',0,1,NULL,NULL,'','',0,0,NULL,0,NULL,'0000-00-00 00:00:00'),(100000786,NULL,1,'Courtney','Cummingser','1957-08-01','F',0,1,'2024-05-28 09:03:46',16,'2024-05-28 09:03:50',15,NULL,'9578','','','',5,NULL,'Should head.',0,0,NULL,0,2,'0000-00-00 00:00:00',0,1,NULL,NULL,'','',1,0,NULL,0,NULL,'0000-00-00 00:00:00'),(100000787,NULL,1,'Kyle','Edwardser','1961-03-15','M',0,1,'2024-05-28 09:03:46',18,'2024-05-28 09:03:50',17,NULL,'8596','','','',5,NULL,'One anyone yourself.',0,0,NULL,0,2,'0000-00-00 00:00:00',0,0,NULL,NULL,'','',0,0,NULL,0,NULL,'0000-00-00 00:00:00'),(100000788,NULL,1,'Robyn','Mathiserer','1965-03-30','F',0,1,'2024-05-28 09:03:46',10,'2024-05-28 09:03:50',10,NULL,'9293','','','',5,NULL,'Drug smile since.',0,0,NULL,0,2,'0000-00-00 00:00:00',0,0,NULL,NULL,'','',0,0,NULL,0,NULL,'0000-00-00 00:00:00'),(100000789,NULL,1,'Matthew','Romero','1913-11-04','M',0,1,'2024-05-28 09:03:46',16,'2024-05-28 09:03:48',18,NULL,'7916','','','',5,NULL,'Bring artist.',0,0,NULL,0,2,'0000-00-00 00:00:00',0,0,NULL,NULL,'','',1,0,NULL,0,NULL,'0000-00-00 00:00:00'),(100000790,NULL,1,'Mary','Anderson','1968-03-04','F',0,1,'2024-05-28 09:03:46',16,'2024-05-28 09:03:49',16,NULL,'3078','','','',5,NULL,'Tree your.',0,0,NULL,0,2,'0000-00-00 00:00:00',0,0,NULL,NULL,'','',1,0,NULL,0,NULL,'0000-00-00 00:00:00'),(100000791,NULL,1,'Brian','Coleman','1933-10-24','M',0,1,'2024-05-28 09:03:46',18,'2024-05-28 09:03:49',17,NULL,'7364','','','',5,NULL,'Foreign whom few.',0,0,NULL,0,2,'0000-00-00 00:00:00',0,0,NULL,NULL,'','',0,0,NULL,0,NULL,'0000-00-00 00:00:00'),(100000792,NULL,1,'Alyssa','Roberson','1913-08-09','F',0,1,'2024-05-28 09:03:46',31,'2024-05-28 09:03:49',31,NULL,'1645','','','',5,NULL,'Debate.',0,0,NULL,0,2,'0000-00-00 00:00:00',0,1,NULL,NULL,'','',0,0,NULL,0,NULL,'0000-00-00 00:00:00'),(100000793,NULL,1,'Brian','Freyerer','1967-01-28','M',0,1,'2024-05-28 09:03:46',33,'2024-05-28 09:03:50',10,NULL,'2958','','','',5,NULL,'Choice let positive.',0,0,NULL,0,2,'0000-00-00 00:00:00',0,1,NULL,NULL,'','',1,0,NULL,0,NULL,'0000-00-00 00:00:00'),(100000794,NULL,1,'Diana','Todderer','1990-04-09','F',0,1,'2024-05-28 09:03:46',17,'2024-05-28 09:03:50',15,NULL,'8038','','','',5,NULL,'Within wish reason.',0,0,NULL,0,2,'0000-00-00 00:00:00',0,0,NULL,NULL,'','',0,0,NULL,0,NULL,'0000-00-00 00:00:00'),(100000795,NULL,1,'Thomas','Thomas','1959-10-21','M',0,1,'2024-05-28 09:03:46',16,'2024-05-28 09:03:46',16,NULL,'7132','','','',5,NULL,'Understand machine allow.',0,0,NULL,0,2,'0000-00-00 00:00:00',0,1,NULL,NULL,'','',0,0,NULL,0,NULL,'0000-00-00 00:00:00'),(100000796,NULL,1,'Stephanie','Curryer','1981-05-07','F',0,1,'2024-05-28 09:03:46',31,'2024-05-28 09:03:49',18,NULL,'3024','','','',5,NULL,'Gun along.',0,0,NULL,0,2,'0000-00-00 00:00:00',0,0,NULL,NULL,'','',1,0,NULL,0,NULL,'0000-00-00 00:00:00'),(100000797,NULL,1,'Christopher','Garcia','1967-10-28','M',0,1,'2024-05-28 09:03:46',31,'2024-05-28 09:03:46',31,NULL,'6594','','','',5,NULL,'Resource throw.',0,0,NULL,0,2,'0000-00-00 00:00:00',0,1,NULL,NULL,'','',0,0,NULL,0,NULL,'0000-00-00 00:00:00'),(100000798,NULL,1,'Elizabeth','Smitherer','1932-06-23','F',0,1,'2024-05-28 09:03:46',15,'2024-05-28 09:03:50',31,NULL,'1348','','','',5,NULL,'Business factor.',0,0,NULL,0,2,'0000-00-00 00:00:00',0,0,NULL,NULL,'','',0,0,NULL,0,NULL,'0000-00-00 00:00:00'),(100000799,NULL,1,'Brandon','Nicholson','1982-10-17','M',0,1,'2024-05-28 09:03:46',15,'2024-05-28 09:03:49',31,NULL,'9511','','','',5,NULL,'Teacher reveal.',0,0,NULL,0,2,'0000-00-00 00:00:00',0,0,NULL,NULL,'','',0,0,NULL,0,NULL,'0000-00-00 00:00:00'),(100000800,NULL,1,'Kristin','Carey','1982-10-26','F',0,1,'2024-05-28 09:03:46',31,'2024-05-28 09:03:49',15,NULL,'8272','','','',5,NULL,'These he.',0,0,NULL,0,2,'0000-00-00 00:00:00',0,0,NULL,NULL,'','',1,0,NULL,0,NULL,'0000-00-00 00:00:00'),(100000801,NULL,1,'Adrian','Ray','1973-05-16','M',0,1,'2024-05-28 09:03:46',18,'2024-05-28 09:03:47',15,NULL,'3507','','','',5,NULL,'Movement none protect.',0,0,NULL,0,2,'0000-00-00 00:00:00',0,0,NULL,NULL,'','',1,0,NULL,0,NULL,'0000-00-00 00:00:00'),(100000802,NULL,1,'Aimee','Rios','1958-05-24','F',0,1,'2024-05-28 09:03:46',17,'2024-05-28 09:03:46',17,NULL,'8694','','','',5,NULL,'First.',0,0,NULL,0,2,'0000-00-00 00:00:00',0,0,NULL,NULL,'','',1,0,NULL,0,NULL,'0000-00-00 00:00:00'),(100000803,NULL,1,'Michael','Henry','1961-08-11','M',0,1,'2024-05-28 09:03:46',17,'2024-05-28 09:03:49',16,NULL,'6153','','','',5,NULL,'Thank whose.',0,0,NULL,0,2,'0000-00-00 00:00:00',0,0,NULL,NULL,'','',0,0,NULL,0,NULL,'0000-00-00 00:00:00'),(100000804,NULL,1,'Rebecca','Espinoza','1932-07-27','F',0,1,'2024-05-28 09:03:46',11,'2024-05-28 09:03:47',11,NULL,'7847','','','',5,NULL,'Administration near.',0,0,NULL,0,2,'0000-00-00 00:00:00',0,0,NULL,NULL,'','',0,0,NULL,0,NULL,'0000-00-00 00:00:00'),(100000805,NULL,1,'Shane','Chapman','1977-06-08','M',0,1,'2024-05-28 09:03:46',16,'2024-05-28 09:03:46',16,NULL,'1363','','','',5,NULL,'Main trial establish.',0,0,NULL,0,2,'0000-00-00 00:00:00',0,0,NULL,NULL,'','',0,0,NULL,0,NULL,'0000-00-00 00:00:00'),(100000806,NULL,1,'Kristine','Thornton','1962-08-29','F',0,1,'2024-05-28 09:03:46',11,'2024-05-28 09:03:48',17,NULL,'8914','','','',5,NULL,'Street develop simple.',0,0,NULL,0,2,'0000-00-00 00:00:00',0,1,NULL,NULL,'','',1,0,NULL,0,NULL,'0000-00-00 00:00:00'),(100000807,100000806,2,'Edwin','Brown','1975-03-13','M',0,1,'2024-05-28 09:03:46',11,'2024-05-28 09:03:46',11,NULL,'8914','','','',5,NULL,'Energy.',0,0,NULL,0,2,'0000-00-00 00:00:00',0,0,NULL,NULL,'','',0,0,NULL,0,NULL,'0000-00-00 00:00:00'),(100000808,NULL,1,'Karen','Larsener','1972-10-08','F',0,1,'2024-05-28 09:03:46',18,'2024-05-28 09:03:50',17,NULL,'6039','','','',5,NULL,'Thousand identify.',0,0,NULL,0,2,'0000-00-00 00:00:00',0,0,NULL,NULL,'','',0,0,NULL,0,NULL,'0000-00-00 00:00:00'),(100000809,100000808,1,'John','Rogers','1978-01-09','M',0,1,'2024-05-28 09:03:46',16,'2024-05-28 09:03:49',18,NULL,'6039','','','',5,NULL,'Statement four action.',0,0,NULL,0,2,'0000-00-00 00:00:00',0,1,NULL,NULL,'','',0,0,NULL,0,NULL,'0000-00-00 00:00:00'),(100000810,NULL,1,'Wanda','Smither','1927-02-26','F',0,1,'2024-05-28 09:03:46',11,'2024-05-28 09:03:50',11,NULL,'1329','','','',5,NULL,'Key perhaps.',0,0,NULL,0,2,'0000-00-00 00:00:00',0,0,NULL,NULL,'','',1,0,NULL,0,NULL,'0000-00-00 00:00:00'),(100000811,100000810,1,'William','Warder','1935-10-19','M',0,1,'2024-05-28 09:03:46',17,'2024-05-28 09:03:50',33,NULL,'1329','','','',5,NULL,'By to.',0,0,NULL,0,2,'0000-00-00 00:00:00',0,0,NULL,NULL,'','',0,0,NULL,0,NULL,'0000-00-00 00:00:00'),(100000812,NULL,1,'Lisa','Cooper','1985-11-19','F',0,1,'2024-05-28 09:03:46',31,'2024-05-28 09:03:48',15,NULL,'8338','','','',5,NULL,'Reduce buy should.',0,0,NULL,0,2,'0000-00-00 00:00:00',0,0,NULL,NULL,'','',0,0,NULL,0,NULL,'0000-00-00 00:00:00'),(100000813,100000812,1,'Scott','Moraleser','1967-05-08','M',0,1,'2024-05-28 09:03:46',31,'2024-05-28 09:03:50',16,NULL,'8338','','','',5,NULL,'During billion TV.',0,0,NULL,0,2,'0000-00-00 00:00:00',0,0,NULL,NULL,'','',1,0,NULL,0,NULL,'0000-00-00 00:00:00'),(100000814,NULL,1,'Catherine','Watkins','1952-10-13','F',0,1,'2024-05-28 09:03:46',17,'2024-05-28 09:03:49',33,NULL,'2885','','','',5,NULL,'Miss option.',0,0,NULL,0,2,'0000-00-00 00:00:00',0,0,NULL,NULL,'','',1,0,NULL,0,NULL,'0000-00-00 00:00:00'),(100000815,100000814,1,'Kenneth','Morrower','1976-03-28','M',0,1,'2024-05-28 09:03:46',17,'2024-05-28 09:03:49',16,NULL,'2885','','','',5,NULL,'Whom state.',0,0,NULL,0,2,'0000-00-00 00:00:00',0,1,NULL,NULL,'','',1,0,NULL,0,NULL,'0000-00-00 00:00:00'),(100000816,NULL,1,'Holly','Anderson','1956-06-01','F',0,1,'2024-05-28 09:03:46',16,'2024-05-28 09:03:49',18,NULL,'6078','','','',5,NULL,'Figure southern Congress.',0,0,NULL,0,2,'0000-00-00 00:00:00',0,1,NULL,NULL,'','',0,0,NULL,0,NULL,'0000-00-00 00:00:00'),(100000817,100000816,1,'Thomas','Blakeer','1985-09-02','M',0,1,'2024-05-28 09:03:46',10,'2024-05-28 09:03:50',18,NULL,'6078','','','',5,NULL,'Personal war ever.',0,0,NULL,0,2,'0000-00-00 00:00:00',0,0,NULL,NULL,'','',0,0,NULL,0,NULL,'0000-00-00 00:00:00'),(100000818,NULL,1,'Donna','Jackson','1911-09-26','F',0,1,'2024-05-28 09:03:46',33,'2024-05-28 09:03:48',18,NULL,'6793','','','',5,NULL,'Some trial fight.',0,0,NULL,0,2,'0000-00-00 00:00:00',0,0,NULL,NULL,'','',1,0,NULL,0,NULL,'0000-00-00 00:00:00'),(100000819,100000818,1,'Brian','Millerer','1966-11-04','M',0,1,'2024-05-28 09:03:46',16,'2024-05-28 09:03:50',18,NULL,'6793','','','',5,NULL,'Money.',0,0,NULL,0,2,'2024-05-28 09:03:50',0,0,NULL,NULL,'','',0,0,NULL,0,NULL,'0000-00-00 00:00:00'),(100000820,NULL,1,'Laura','Hill','1920-07-01','F',0,1,'2024-05-28 09:03:46',10,'2024-05-28 09:03:49',33,NULL,'1214','','','',5,NULL,'Behavior partner glass.',0,0,NULL,0,2,'0000-00-00 00:00:00',0,0,NULL,NULL,'','',1,0,NULL,0,NULL,'0000-00-00 00:00:00'),(100000821,100000820,1,'Kevin','Lyncher','1952-02-24','M',0,1,'2024-05-28 09:03:47',16,'2024-05-28 09:03:50',18,NULL,'1214','','','',5,NULL,'Prepare others.',0,0,NULL,0,2,'0000-00-00 00:00:00',0,1,NULL,NULL,'','',1,0,NULL,0,NULL,'0000-00-00 00:00:00'),(100000822,NULL,1,'Shelley','Branch','1953-05-11','F',0,1,'2024-05-28 09:03:47',31,'2024-05-28 09:03:48',17,NULL,'7854','','','',5,NULL,'Player continue wind.',0,0,NULL,0,2,'0000-00-00 00:00:00',0,0,NULL,NULL,'','',0,0,NULL,0,NULL,'0000-00-00 00:00:00'),(100000823,100000822,1,'Andrew','Brown','1979-05-24','M',0,1,'2024-05-28 09:03:47',16,'2024-05-28 09:03:48',11,NULL,'7854','','','',5,NULL,'Increase and pass.',0,0,NULL,0,2,'0000-00-00 00:00:00',0,0,NULL,NULL,'','',1,0,NULL,0,NULL,'0000-00-00 00:00:00'),(100000824,NULL,1,'Barbara','Clark','1971-04-28','F',0,1,'2024-05-28 09:03:47',17,'2024-05-28 09:03:49',16,NULL,'2359','','','',5,NULL,'Board support cup.',0,0,NULL,0,2,'0000-00-00 00:00:00',0,1,NULL,NULL,'','',0,0,NULL,0,NULL,'0000-00-00 00:00:00'),(100000825,100000824,1,'Brian','Lewis','1922-06-23','M',0,1,'2024-05-28 09:03:47',15,'2024-05-28 09:03:49',15,NULL,'2359','','','',5,NULL,'Off thing issue.',0,0,NULL,0,2,'2024-05-28 09:03:50',0,0,NULL,NULL,'','',1,0,NULL,0,NULL,'0000-00-00 00:00:00'),(100000826,100000812,1,'Jennifer','Cooperer','2014-06-11','F',0,1,'2024-05-28 09:03:47',15,'2024-05-28 09:03:50',15,NULL,'8338','','','',5,NULL,'',0,0,NULL,0,2,'0000-00-00 00:00:00',0,1,NULL,NULL,'','',0,0,NULL,0,NULL,'0000-00-00 00:00:00'),(100000827,100000820,1,'Kenneth','Hill','2021-09-03','M',0,1,'2024-05-28 09:03:47',18,'2024-05-28 09:03:49',10,NULL,'1214','','','',5,NULL,'Top place.',0,0,NULL,0,2,'0000-00-00 00:00:00',0,0,NULL,NULL,'','',1,0,NULL,0,NULL,'0000-00-00 00:00:00'),(100000828,100000808,1,'Kathryn','Larsenerer','2019-07-08','F',0,1,'2024-05-28 09:03:47',10,'2024-05-28 09:03:50',31,NULL,'6039','','','',5,NULL,'',0,0,NULL,0,2,'0000-00-00 00:00:00',0,0,NULL,NULL,'','',0,0,NULL,0,NULL,'0000-00-00 00:00:00'),(100000829,100000824,1,'Samuel','Clarker','2020-09-23','M',0,1,'2024-05-28 09:03:47',33,'2024-05-28 09:03:50',17,NULL,'2359','','','',5,NULL,'',0,0,NULL,0,2,'0000-00-00 00:00:00',0,0,NULL,NULL,'','',0,0,NULL,0,NULL,'0000-00-00 00:00:00'),(100000830,100000820,1,'Leah','Hill','2019-07-28','F',0,1,'2024-05-28 09:03:47',31,'2024-05-28 09:03:48',11,NULL,'1214','','','',5,NULL,'',0,0,NULL,0,2,'0000-00-00 00:00:00',0,0,NULL,NULL,'','',1,0,NULL,0,NULL,'0000-00-00 00:00:00'),(100000831,100000822,1,'William','Brancher','2023-01-13','M',0,1,'2024-05-28 09:03:47',33,'2024-05-28 09:03:50',16,NULL,'7854','','','',5,NULL,'Team reach network.',0,0,NULL,0,2,'0000-00-00 00:00:00',0,0,NULL,NULL,'','',0,0,NULL,0,NULL,'0000-00-00 00:00:00'),(100000832,100000814,1,'Sandra','Watkins','2009-08-07','F',0,1,'2024-05-28 09:03:47',17,'2024-05-28 09:03:48',11,NULL,'2885','','','',5,NULL,'',0,0,NULL,0,2,'0000-00-00 00:00:00',0,0,NULL,NULL,'','',0,0,NULL,0,NULL,'0000-00-00 00:00:00'),(100000833,100000812,1,'Jacob','Cooper','2014-06-22','M',0,1,'2024-05-28 09:03:47',10,'2024-05-28 09:03:48',10,NULL,'8338','','','',5,NULL,'',0,0,NULL,0,2,'0000-00-00 00:00:00',0,0,NULL,NULL,'','',0,0,NULL,0,NULL,'0000-00-00 00:00:00'),(100000834,100000810,1,'Amy','Smither','2010-03-16','F',0,1,'2024-05-28 09:03:47',15,'2024-05-28 09:03:49',10,NULL,'1329','','','',5,NULL,'',0,0,NULL,0,2,'0000-00-00 00:00:00',0,0,NULL,NULL,'','',1,0,NULL,0,NULL,'0000-00-00 00:00:00'),(100000835,100000820,1,'David','Hiller','2008-08-08','M',0,1,'2024-05-28 09:03:47',33,'2024-05-28 09:03:50',31,NULL,'1214','','','',5,NULL,'',0,0,NULL,0,2,'0000-00-00 00:00:00',0,0,NULL,NULL,'','',1,0,NULL,0,NULL,'0000-00-00 00:00:00'),(100000836,100000820,2,'Wanda','Hill','2015-09-08','F',0,1,'2024-05-28 09:03:47',11,'2024-05-28 09:03:47',11,NULL,'1214','','','',5,NULL,'',0,0,NULL,0,2,'0000-00-00 00:00:00',0,1,NULL,NULL,'','',0,0,NULL,0,NULL,'0000-00-00 00:00:00'),(100000837,100000822,1,'James','Brancher','2019-05-21','M',0,1,'2024-05-28 09:03:47',33,'2024-05-28 09:03:50',15,NULL,'7854','','','',5,NULL,'Everyone.',0,0,NULL,0,2,'0000-00-00 00:00:00',0,0,NULL,NULL,'','',1,0,NULL,0,NULL,'0000-00-00 00:00:00'),(100000838,100000806,1,'Caitlin','Thorntoner','2015-01-11','F',0,1,'2024-05-28 09:03:47',16,'2024-05-28 09:03:50',10,NULL,'8914','','','',5,NULL,'Agency center.',0,0,NULL,0,2,'0000-00-00 00:00:00',0,0,NULL,NULL,'','',0,0,NULL,0,NULL,'0000-00-00 00:00:00'),(100000839,100000812,1,'Jon','Cooperer','2023-05-22','M',0,1,'2024-05-28 09:03:47',10,'2024-05-28 09:03:50',33,NULL,'8338','','','',5,NULL,'Add adult.',0,0,NULL,0,2,'0000-00-00 00:00:00',0,0,NULL,NULL,'','',0,0,NULL,0,NULL,'0000-00-00 00:00:00'),(100000840,100000822,1,'Shannon','Branch','2021-05-16','F',0,1,'2024-05-28 09:03:47',33,'2024-05-28 09:03:49',33,NULL,'7854','','','',5,NULL,'Analysis public rule.',0,0,NULL,0,2,'0000-00-00 00:00:00',0,1,NULL,NULL,'','',1,0,NULL,0,NULL,'0000-00-00 00:00:00'),(100000841,100000814,1,'Joseph','Watkins','2019-06-24','M',0,1,'2024-05-28 09:03:47',11,'2024-05-28 09:03:48',11,NULL,'2885','','','',5,NULL,'',0,0,NULL,0,2,'0000-00-00 00:00:00',0,0,NULL,NULL,'','',1,0,NULL,0,NULL,'0000-00-00 00:00:00'),(100000842,100000818,1,'Sally','Jackson','2019-11-24','F',0,1,'2024-05-28 09:03:47',33,'2024-05-28 09:03:49',18,NULL,'6793','','','',5,NULL,'He easy college.',0,0,NULL,0,2,'0000-00-00 00:00:00',0,1,NULL,NULL,'','',0,0,NULL,0,NULL,'0000-00-00 00:00:00'),(100000843,100000812,1,'Keith','Cooper','2012-04-10','M',0,1,'2024-05-28 09:03:47',31,'2024-05-28 09:03:49',33,NULL,'8338','','','',5,NULL,'Economy soldier pick.',0,0,NULL,0,2,'0000-00-00 00:00:00',0,0,NULL,NULL,'','',0,0,NULL,0,NULL,'0000-00-00 00:00:00'),(100000844,100000808,1,'Kelly','Larsenerer','2022-03-13','F',0,1,'2024-05-28 09:03:47',31,'2024-05-28 09:03:50',16,NULL,'6039','','','',5,NULL,'Discover value their.',0,0,NULL,0,2,'0000-00-00 00:00:00',0,0,NULL,NULL,'','',0,0,NULL,0,NULL,'0000-00-00 00:00:00'),(100000845,100000816,1,'David','Anderson','2009-08-25','M',0,1,'2024-05-28 09:03:47',10,'2024-05-28 09:03:49',33,NULL,'6078','','','',5,NULL,'',0,0,NULL,0,2,'0000-00-00 00:00:00',0,0,NULL,NULL,'','',1,0,NULL,0,NULL,'0000-00-00 00:00:00'),(100000846,100000820,1,'Briana','Hiller','2018-01-04','F',0,1,'2024-05-28 09:03:47',11,'2024-05-28 09:03:50',16,NULL,'1214','','','',5,NULL,'',0,0,NULL,0,2,'0000-00-00 00:00:00',0,0,NULL,NULL,'','',0,0,NULL,0,NULL,'0000-00-00 00:00:00'),(100000847,100000812,1,'Cody','Cooperer','2012-01-31','M',0,1,'2024-05-28 09:03:47',15,'2024-05-28 09:03:50',10,NULL,'8338','','','',5,NULL,'',0,0,NULL,0,2,'0000-00-00 00:00:00',0,1,NULL,NULL,'','',0,0,NULL,0,NULL,'0000-00-00 00:00:00'),(100000848,100000806,1,'Morgan','Thorntoner','2011-10-12','F',0,1,'2024-05-28 09:03:47',16,'2024-05-28 09:03:50',16,NULL,'8914','','','',5,NULL,'Control two may.',0,0,NULL,0,2,'0000-00-00 00:00:00',0,0,NULL,NULL,'','',0,0,NULL,0,NULL,'0000-00-00 00:00:00'),(100000849,100000816,1,'Donald','Anderson','2021-09-18','M',0,1,'2024-05-28 09:03:47',11,'2024-05-28 09:03:49',33,NULL,'6078','','','',5,NULL,'Five feel lawyer.',0,0,NULL,0,2,'0000-00-00 00:00:00',0,0,NULL,NULL,'','',0,0,NULL,0,NULL,'0000-00-00 00:00:00'),(100000850,100000816,2,'Jenna','Anderson','2010-04-12','F',0,1,'2024-05-28 09:03:47',33,'2024-05-28 09:03:47',33,NULL,'6078','','','',5,NULL,'',0,0,NULL,0,2,'0000-00-00 00:00:00',0,1,NULL,NULL,'','',0,0,NULL,0,NULL,'0000-00-00 00:00:00'),(100000851,100000822,1,'Jason','Branch','2008-11-23','M',0,1,'2024-05-28 09:03:47',15,'2024-05-28 09:03:49',17,NULL,'7854','','','',5,NULL,'Smile stuff.',0,0,NULL,0,2,'0000-00-00 00:00:00',0,0,NULL,NULL,'','',0,0,NULL,0,NULL,'0000-00-00 00:00:00'),(100000852,100000818,1,'Nicole','Jacksoner','2016-12-16','F',0,1,'2024-05-28 09:03:47',18,'2024-05-28 09:03:50',15,NULL,'6793','','','',5,NULL,'Culture prove.',0,0,NULL,0,2,'0000-00-00 00:00:00',0,0,NULL,NULL,'','',0,0,NULL,0,NULL,'0000-00-00 00:00:00'),(100000853,100000806,1,'Justin','Thorntoner','2016-03-15','M',0,1,'2024-05-28 09:03:47',16,'2024-05-28 09:03:49',15,NULL,'8914','','','',5,NULL,'Economic at.',0,0,NULL,0,2,'0000-00-00 00:00:00',0,0,NULL,NULL,'','',0,0,NULL,0,NULL,'0000-00-00 00:00:00'),(100000854,100000816,1,'Amy','Anderson','2010-06-16','F',0,1,'2024-05-28 09:03:47',31,'2024-05-28 09:03:49',31,NULL,'6078','','','',5,NULL,'Response culture owner.',0,0,NULL,0,2,'0000-00-00 00:00:00',0,0,NULL,NULL,'','',0,0,NULL,0,NULL,'0000-00-00 00:00:00'),(100000855,100000814,1,'Bradley','Watkinser','2018-12-29','M',0,1,'2024-05-28 09:03:47',33,'2024-05-28 09:03:50',15,NULL,'2885','','','',5,NULL,'',0,0,NULL,0,2,'0000-00-00 00:00:00',0,0,NULL,NULL,'','',0,0,NULL,0,NULL,'0000-00-00 00:00:00'),(100000856,100000808,1,'Tamara','Larsen','2021-02-23','F',0,1,'2024-05-28 09:03:47',11,'2024-05-28 09:03:49',33,NULL,'6039','','','',5,NULL,'',0,0,NULL,0,2,'0000-00-00 00:00:00',0,0,NULL,NULL,'','',0,0,NULL,0,NULL,'0000-00-00 00:00:00'),(100000857,100000822,1,'Daniel','Branch','2009-11-01','M',0,1,'2024-05-28 09:03:47',33,'2024-05-28 09:03:48',31,NULL,'7854','','','',5,NULL,'',0,0,NULL,0,2,'0000-00-00 00:00:00',0,0,NULL,NULL,'','',1,0,NULL,0,NULL,'0000-00-00 00:00:00'),(100000858,100000814,1,'Nicole','Watkinser','2022-12-11','F',0,1,'2024-05-28 09:03:47',33,'2024-05-28 09:03:50',33,NULL,'2885','','','',5,NULL,'',0,0,NULL,0,2,'0000-00-00 00:00:00',0,0,NULL,NULL,'','',0,0,NULL,0,NULL,'0000-00-00 00:00:00'),(100000859,100000822,1,'Robert','Branch','2008-11-15','M',0,1,'2024-05-28 09:03:47',10,'2024-05-28 09:03:49',17,NULL,'7854','','','',5,NULL,'Letter administration.',0,0,NULL,0,2,'0000-00-00 00:00:00',0,0,NULL,NULL,'','',0,0,NULL,0,NULL,'0000-00-00 00:00:00'),(100000860,100000806,1,'Veronica','Thorntoner','2019-07-02','F',0,1,'2024-05-28 09:03:47',15,'2024-05-28 09:03:50',15,NULL,'8914','','','',5,NULL,'',0,0,NULL,0,2,'0000-00-00 00:00:00',0,0,NULL,NULL,'','',0,0,NULL,0,NULL,'0000-00-00 00:00:00'),(100000861,100000808,1,'Mark','Larsen','2010-06-21','M',0,1,'2024-05-28 09:03:47',11,'2024-05-28 09:03:48',31,NULL,'6039','','','',5,NULL,'',0,0,NULL,0,2,'0000-00-00 00:00:00',0,0,NULL,NULL,'','',1,0,NULL,0,NULL,'0000-00-00 00:00:00'),(100000862,100000816,1,'Susan','Andersoner','2022-10-09','F',0,1,'2024-05-28 09:03:47',18,'2024-05-28 09:03:50',11,NULL,'6078','','','',5,NULL,'',0,0,NULL,0,2,'0000-00-00 00:00:00',0,0,NULL,NULL,'','',1,0,NULL,0,NULL,'0000-00-00 00:00:00'),(100000863,100000824,1,'Damon','Clark','2016-12-31','M',0,1,'2024-05-28 09:03:47',17,'2024-05-28 09:03:49',33,NULL,'2359','','','',5,NULL,'Physical life.',0,0,NULL,0,2,'0000-00-00 00:00:00',0,1,NULL,NULL,'','',0,0,NULL,0,NULL,'0000-00-00 00:00:00'),(100000864,100000814,1,'Margaret','Watkins','2023-01-09','F',0,1,'2024-05-28 09:03:47',15,'2024-05-28 09:03:49',31,NULL,'2885','','','',5,NULL,'Address group.',0,0,NULL,0,2,'0000-00-00 00:00:00',0,0,NULL,NULL,'','',0,0,NULL,0,NULL,'0000-00-00 00:00:00'),(100000865,100000806,1,'Francis','Thornton','2014-05-04','M',0,1,'2024-05-28 09:03:47',18,'2024-05-28 09:03:49',16,NULL,'8914','','','',5,NULL,'Prove third mind.',0,0,NULL,0,2,'0000-00-00 00:00:00',0,1,NULL,NULL,'','',0,0,NULL,0,NULL,'0000-00-00 00:00:00'),(100000866,NULL,1,'Teresa','Kirk','1917-12-19','F',0,1,'2024-05-28 09:03:50',17,'2024-05-28 09:03:54',12,NULL,'2174','','','',5,NULL,'Room as professional.',0,0,NULL,0,3,'0000-00-00 00:00:00',0,0,NULL,NULL,'','',1,0,NULL,0,NULL,'0000-00-00 00:00:00'),(100000867,NULL,1,'Gary','Dixoner','1963-11-05','M',0,1,'2024-05-28 09:03:50',16,'2024-05-28 09:03:55',32,NULL,'5106','','','',5,NULL,'Seem military.',0,0,NULL,0,3,'0000-00-00 00:00:00',0,1,NULL,NULL,'','',1,0,NULL,0,NULL,'0000-00-00 00:00:00'),(100000868,NULL,1,'Sarah','Wilson','1949-03-02','F',0,1,'2024-05-28 09:03:50',17,'2024-05-28 09:03:53',15,NULL,'6111','','','',5,NULL,'Drop.',0,0,NULL,0,3,'0000-00-00 00:00:00',0,0,NULL,NULL,'','',0,0,NULL,0,NULL,'0000-00-00 00:00:00'),(100000869,NULL,1,'Dennis','Johnsoner','1974-07-28','M',0,1,'2024-05-28 09:03:50',32,'2024-05-28 09:03:55',17,NULL,'4934','','','',5,NULL,'Material doctor down.',0,0,NULL,0,3,'0000-00-00 00:00:00',0,0,NULL,NULL,'','',1,0,NULL,0,NULL,'0000-00-00 00:00:00'),(100000870,NULL,1,'Anna','Fox','1970-06-14','F',0,1,'2024-05-28 09:03:50',34,'2024-05-28 09:03:54',32,NULL,'1441','','','',5,NULL,'Spring miss develop.',0,0,NULL,0,3,'0000-00-00 00:00:00',0,1,NULL,NULL,'','',1,0,NULL,0,NULL,'0000-00-00 00:00:00'),(100000871,NULL,1,'Ross','Adkinser','1919-09-12','M',0,1,'2024-05-28 09:03:50',12,'2024-05-28 09:03:55',17,NULL,'7089','','','',5,NULL,'Carry already often.',0,0,NULL,0,3,'0000-00-00 00:00:00',0,1,NULL,NULL,'','',0,0,NULL,0,NULL,'0000-00-00 00:00:00'),(100000872,NULL,1,'Margaret','Mccarthy','1924-04-22','F',0,1,'2024-05-28 09:03:50',17,'2024-05-28 09:03:54',34,NULL,'8275','','','',5,NULL,'Situation message game mean.',0,0,NULL,0,3,'0000-00-00 00:00:00',0,1,NULL,NULL,'','',1,0,NULL,0,NULL,'0000-00-00 00:00:00'),(100000873,NULL,1,'David','Hahn','1946-06-17','M',0,1,'2024-05-28 09:03:50',32,'2024-05-28 09:03:54',17,NULL,'9866','','','',5,NULL,'Question.',0,0,NULL,0,3,'0000-00-00 00:00:00',0,1,NULL,NULL,'','',1,0,NULL,0,NULL,'0000-00-00 00:00:00'),(100000874,NULL,1,'Sarah','Melton','1990-07-31','F',0,1,'2024-05-28 09:03:51',16,'2024-05-28 09:03:54',12,NULL,'4368','','','',5,NULL,'Start cup.',0,0,NULL,0,3,'0000-00-00 00:00:00',0,0,NULL,NULL,'','',1,0,NULL,0,NULL,'0000-00-00 00:00:00'),(100000875,NULL,1,'Michael','Reederer','1993-08-22','M',0,1,'2024-05-28 09:03:51',34,'2024-05-28 09:03:55',10,NULL,'3680','','','',5,NULL,'Catch surface.',0,0,NULL,0,3,'0000-00-00 00:00:00',0,0,NULL,NULL,'','',0,0,NULL,0,NULL,'0000-00-00 00:00:00'),(100000876,NULL,1,'Margaret','Barber','1949-05-30','F',0,1,'2024-05-28 09:03:51',10,'2024-05-28 09:03:54',12,NULL,'1394','','','',5,NULL,'Young strategy goal.',0,0,NULL,0,3,'0000-00-00 00:00:00',0,0,NULL,NULL,'','',0,0,NULL,0,NULL,'0000-00-00 00:00:00'),(100000877,NULL,1,'Eric','Baker','1951-10-27','M',0,1,'2024-05-28 09:03:51',16,'2024-05-28 09:03:51',16,NULL,'6931','','','',5,NULL,'Add experience.',0,0,NULL,0,3,'2024-05-28 09:03:55',0,0,NULL,NULL,'','',1,0,NULL,0,NULL,'0000-00-00 00:00:00'),(100000878,NULL,1,'Jessica','Juarezer','1972-10-20','F',0,1,'2024-05-28 09:03:51',17,'2024-05-28 09:03:55',10,NULL,'8777','','','',5,NULL,'Another peace picture.',0,0,NULL,0,3,'0000-00-00 00:00:00',0,0,NULL,NULL,'','',0,0,NULL,0,NULL,'0000-00-00 00:00:00'),(100000879,NULL,1,'Michael','Horton','1956-10-04','M',0,1,'2024-05-28 09:03:51',10,'2024-05-28 09:03:53',16,NULL,'2653','','','',5,NULL,'Wonder which environmental.',0,0,NULL,0,3,'0000-00-00 00:00:00',0,0,NULL,NULL,'','',0,0,NULL,0,NULL,'0000-00-00 00:00:00'),(100000880,NULL,1,'Katherine','Joneserer','1989-07-09','F',0,1,'2024-05-28 09:03:51',34,'2024-05-28 09:03:55',16,NULL,'9054','','','',5,NULL,'Pull direction.',0,0,NULL,0,3,'0000-00-00 00:00:00',0,1,NULL,NULL,'','',0,0,NULL,0,NULL,'0000-00-00 00:00:00'),(100000881,NULL,1,'Christopher','Salazar','1961-06-19','M',0,1,'2024-05-28 09:03:51',12,'2024-05-28 09:03:54',15,NULL,'6963','','','',5,NULL,'War call east.',0,0,NULL,0,3,'0000-00-00 00:00:00',0,0,NULL,NULL,'','',0,0,NULL,0,NULL,'0000-00-00 00:00:00'),(100000882,NULL,1,'Jessica','Alvarezer','1923-10-08','F',0,1,'2024-05-28 09:03:51',10,'2024-05-28 09:03:55',15,NULL,'7734','','','',5,NULL,'Late year.',0,0,NULL,0,3,'0000-00-00 00:00:00',0,1,NULL,NULL,'','',1,0,NULL,0,NULL,'0000-00-00 00:00:00'),(100000883,NULL,1,'John','Henderson','1985-11-01','M',0,1,'2024-05-28 09:03:51',18,'2024-05-28 09:03:52',16,NULL,'4888','','','',5,NULL,'Mind senior by.',0,0,NULL,0,3,'0000-00-00 00:00:00',0,0,NULL,NULL,'','',1,0,NULL,0,NULL,'0000-00-00 00:00:00'),(100000884,NULL,1,'Danielle','Martin','1982-08-12','F',0,1,'2024-05-28 09:03:51',10,'2024-05-28 09:03:55',32,NULL,'2692','','','',5,NULL,'Republican window listen.',0,0,NULL,0,3,'0000-00-00 00:00:00',0,1,NULL,NULL,'','',0,0,NULL,0,NULL,'0000-00-00 00:00:00'),(100000885,NULL,1,'Bradley','Hurst','1936-11-29','M',0,1,'2024-05-28 09:03:51',15,'2024-05-28 09:03:54',17,NULL,'9840','','','',5,NULL,'Former later.',0,0,NULL,0,3,'0000-00-00 00:00:00',0,0,NULL,NULL,'','',0,0,NULL,0,NULL,'0000-00-00 00:00:00'),(100000886,NULL,1,'Samantha','Holloway','1952-02-29','F',0,1,'2024-05-28 09:03:51',15,'2024-05-28 09:03:53',17,NULL,'3921','','','',5,NULL,'Push baby.',0,0,NULL,0,3,'0000-00-00 00:00:00',0,0,NULL,NULL,'','',1,0,NULL,0,NULL,'0000-00-00 00:00:00'),(100000887,100000886,1,'Corey','Robinson','1971-07-01','M',0,1,'2024-05-28 09:03:51',12,'2024-05-28 09:03:55',17,NULL,'3921','','','',5,NULL,'Whatever follow.',0,0,NULL,0,3,'0000-00-00 00:00:00',0,0,NULL,NULL,'','',0,0,NULL,0,NULL,'0000-00-00 00:00:00'),(100000888,NULL,1,'Natalie','Brown','1925-04-02','F',0,1,'2024-05-28 09:03:51',16,'2024-05-28 09:03:52',12,NULL,'6729','','','',5,NULL,'President pattern.',0,0,NULL,0,3,'0000-00-00 00:00:00',0,0,NULL,NULL,'','',1,0,NULL,0,NULL,'0000-00-00 00:00:00'),(100000889,100000888,1,'Geoffrey','Conwayer','1946-07-11','M',0,1,'2024-05-28 09:03:51',32,'2024-05-28 09:03:55',17,NULL,'6729','','','',5,NULL,'Hour real eat wear.',0,0,NULL,0,3,'2024-05-28 09:03:55',0,1,NULL,NULL,'','',1,0,NULL,0,NULL,'0000-00-00 00:00:00'),(100000890,NULL,1,'Rhonda','Rush','1947-08-25','F',0,1,'2024-05-28 09:03:51',32,'2024-05-28 09:03:55',17,NULL,'6639','','','',5,NULL,'Through campaign break.',0,0,NULL,0,3,'0000-00-00 00:00:00',0,0,NULL,NULL,'','',0,0,NULL,0,NULL,'0000-00-00 00:00:00'),(100000891,100000890,1,'James','Pateler','1917-12-29','M',0,1,'2024-05-28 09:03:51',10,'2024-05-28 09:03:55',10,NULL,'6639','','','',5,NULL,'Already then.',0,0,NULL,0,3,'0000-00-00 00:00:00',0,0,NULL,NULL,'','',0,0,NULL,0,NULL,'0000-00-00 00:00:00'),(100000892,NULL,1,'Norma','Jackson','1961-03-09','F',0,1,'2024-05-28 09:03:51',10,'2024-05-28 09:03:55',12,NULL,'4493','','','',5,NULL,'Experience computer ready.',0,0,NULL,0,3,'0000-00-00 00:00:00',0,1,NULL,NULL,'','',0,0,NULL,0,NULL,'0000-00-00 00:00:00'),(100000893,100000892,1,'Steven','Watson','1959-12-28','M',0,1,'2024-05-28 09:03:51',18,'2024-05-28 09:03:55',18,NULL,'4493','','','',5,NULL,'Local feeling.',0,0,NULL,0,3,'0000-00-00 00:00:00',0,0,NULL,NULL,'','',0,0,NULL,0,NULL,'0000-00-00 00:00:00'),(100000894,NULL,1,'Gabrielle','Horn','1989-11-23','F',0,1,'2024-05-28 09:03:51',34,'2024-05-28 09:03:54',34,NULL,'2778','','','',5,NULL,'Whole establish prevent.',0,0,NULL,0,3,'0000-00-00 00:00:00',0,1,NULL,NULL,'','',1,0,NULL,0,NULL,'0000-00-00 00:00:00'),(100000895,100000894,1,'James','Beasley','1942-07-26','M',0,1,'2024-05-28 09:03:51',34,'2024-05-28 09:03:54',15,NULL,'2778','','','',5,NULL,'Head all.',0,0,NULL,0,3,'0000-00-00 00:00:00',0,0,NULL,NULL,'','',1,0,NULL,0,NULL,'0000-00-00 00:00:00'),(100000896,NULL,1,'Virginia','Allen','1925-03-08','F',0,1,'2024-05-28 09:03:51',18,'2024-05-28 09:03:51',18,NULL,'8235','','','',5,NULL,'Program health answer.',0,0,NULL,0,3,'0000-00-00 00:00:00',0,1,NULL,NULL,'','',0,0,NULL,0,NULL,'0000-00-00 00:00:00'),(100000897,100000896,2,'Max','English','1930-02-03','M',0,1,'2024-05-28 09:03:51',34,'2024-05-28 09:03:51',34,NULL,'8235','','','',5,NULL,'Prove yes charge.',0,0,NULL,0,3,'0000-00-00 00:00:00',0,1,NULL,NULL,'','',1,0,NULL,0,NULL,'0000-00-00 00:00:00'),(100000898,NULL,1,'Kayla','Williamson','1959-07-12','F',0,1,'2024-05-28 09:03:51',10,'2024-05-28 09:03:55',12,NULL,'2719','','','',5,NULL,'Subject yes.',0,0,NULL,0,3,'0000-00-00 00:00:00',0,0,NULL,NULL,'','',0,0,NULL,0,NULL,'0000-00-00 00:00:00'),(100000899,100000898,1,'Victor','Keither','1955-06-22','M',0,1,'2024-05-28 09:03:51',34,'2024-05-28 09:03:55',34,NULL,'2719','','','',5,NULL,'Coach audience.',0,0,NULL,0,3,'0000-00-00 00:00:00',0,0,NULL,NULL,'','',1,0,NULL,0,NULL,'0000-00-00 00:00:00'),(100000900,NULL,1,'Angela','Mccarthy','1928-05-13','F',0,1,'2024-05-28 09:03:51',15,'2024-05-28 09:03:54',18,NULL,'6108','','','',5,NULL,'Democrat heart religious.',0,0,NULL,0,3,'0000-00-00 00:00:00',0,0,NULL,NULL,'','',1,0,NULL,0,NULL,'0000-00-00 00:00:00'),(100000901,100000900,1,'Christian','Robertsoner','1986-08-03','M',0,1,'2024-05-28 09:03:51',15,'2024-05-28 09:03:55',10,NULL,'6108','','','',5,NULL,'Choice difference war.',0,0,NULL,0,3,'0000-00-00 00:00:00',0,0,NULL,NULL,'','',0,0,NULL,0,NULL,'0000-00-00 00:00:00'),(100000902,NULL,1,'Lisa','Warnerer','1968-12-28','F',0,1,'2024-05-28 09:03:51',15,'2024-05-28 09:03:55',17,NULL,'3631','','','',5,NULL,'Place physical.',0,0,NULL,0,3,'0000-00-00 00:00:00',0,1,NULL,NULL,'','',0,0,NULL,0,NULL,'0000-00-00 00:00:00'),(100000903,100000902,1,'Chad','Williamsererer','1988-08-05','M',0,1,'2024-05-28 09:03:51',32,'2024-05-28 09:03:55',32,NULL,'3631','','','',5,NULL,'Political.',0,0,NULL,0,3,'0000-00-00 00:00:00',0,0,NULL,NULL,'','',0,0,NULL,0,NULL,'0000-00-00 00:00:00'),(100000904,NULL,1,'Susan','Barron','1985-07-13','F',0,1,'2024-05-28 09:03:51',12,'2024-05-28 09:03:55',32,NULL,'6138','','','',5,NULL,'Onto watch art.',0,0,NULL,0,3,'0000-00-00 00:00:00',0,1,NULL,NULL,'','',0,0,NULL,0,NULL,'0000-00-00 00:00:00'),(100000905,100000904,1,'Willie','Ross','1964-03-25','M',0,1,'2024-05-28 09:03:51',32,'2024-05-28 09:03:54',10,NULL,'6138','','','',5,NULL,'Where role without.',0,0,NULL,0,3,'0000-00-00 00:00:00',0,1,NULL,NULL,'','',0,0,NULL,0,NULL,'0000-00-00 00:00:00'),(100000906,100000902,1,'Kathryn','Warner','2016-09-15','F',0,1,'2024-05-28 09:03:51',34,'2024-05-28 09:03:55',34,NULL,'3631','','','',5,NULL,'Bank his actually.',0,0,NULL,0,3,'0000-00-00 00:00:00',0,0,NULL,NULL,'','',1,0,NULL,0,NULL,'0000-00-00 00:00:00'),(100000907,100000890,1,'Paul','Rush','2021-08-24','M',0,1,'2024-05-28 09:03:51',15,'2024-05-28 09:03:54',16,NULL,'6639','','','',5,NULL,'Statement could later.',0,0,NULL,0,3,'0000-00-00 00:00:00',0,0,NULL,NULL,'','',0,0,NULL,0,NULL,'0000-00-00 00:00:00'),(100000908,100000900,1,'Miranda','Mccarthyer','2008-11-27','F',0,1,'2024-05-28 09:03:51',16,'2024-05-28 09:03:55',17,NULL,'6108','','','',5,NULL,'',0,0,NULL,0,3,'0000-00-00 00:00:00',0,0,NULL,NULL,'','',0,0,NULL,0,NULL,'0000-00-00 00:00:00'),(100000909,100000890,2,'Andrew','Rush','2016-08-13','M',0,1,'2024-05-28 09:03:51',17,'2024-05-28 09:03:51',17,NULL,'6639','','','',5,NULL,'',0,0,NULL,0,3,'0000-00-00 00:00:00',0,0,NULL,NULL,'','',0,0,NULL,0,NULL,'0000-00-00 00:00:00'),(100000910,100000902,1,'Barbara','Warnerer','2019-03-20','F',0,1,'2024-05-28 09:03:51',32,'2024-05-28 09:03:55',15,NULL,'3631','','','',5,NULL,'Certainly mouth art.',0,0,NULL,0,3,'0000-00-00 00:00:00',0,0,NULL,NULL,'','',0,0,NULL,0,NULL,'0000-00-00 00:00:00'),(100000911,100000894,1,'Brian','Horner','2019-02-09','M',0,1,'2024-05-28 09:03:51',32,'2024-05-28 09:03:55',17,NULL,'2778','','','',5,NULL,'Control practice treatment mouth.',0,0,NULL,0,3,'0000-00-00 00:00:00',0,0,NULL,NULL,'','',0,0,NULL,0,NULL,'0000-00-00 00:00:00'),(100000912,100000886,1,'Becky','Hollowayer','2010-03-05','F',0,1,'2024-05-28 09:03:51',18,'2024-05-28 09:03:55',15,NULL,'3921','','','',5,NULL,'',0,0,NULL,0,3,'0000-00-00 00:00:00',0,0,NULL,NULL,'','',1,0,NULL,0,NULL,'0000-00-00 00:00:00'),(100000913,100000892,1,'Ryan','Jacksoner','2019-05-24','M',0,1,'2024-05-28 09:03:51',16,'2024-05-28 09:03:55',32,NULL,'4493','','','',5,NULL,'',0,0,NULL,0,3,'0000-00-00 00:00:00',0,0,NULL,NULL,'','',1,0,NULL,0,NULL,'0000-00-00 00:00:00'),(100000914,100000902,1,'Stephanie','Warnererer','2008-11-20','F',0,1,'2024-05-28 09:03:51',34,'2024-05-28 09:03:55',34,NULL,'3631','','','',5,NULL,'',0,0,NULL,0,3,'0000-00-00 00:00:00',0,0,NULL,NULL,'','',1,0,NULL,0,NULL,'0000-00-00 00:00:00'),(100000915,100000902,1,'Ray','Warnerer','2015-02-11','M',0,1,'2024-05-28 09:03:51',15,'2024-05-28 09:03:55',12,NULL,'3631','','','',5,NULL,'',0,0,NULL,0,3,'0000-00-00 00:00:00',0,1,NULL,NULL,'','',0,0,NULL,0,NULL,'0000-00-00 00:00:00'),(100000916,100000890,1,'Natalie','Rush','2019-06-09','F',0,1,'2024-05-28 09:03:51',12,'2024-05-28 09:03:54',10,NULL,'6639','','','',5,NULL,'',0,0,NULL,0,3,'0000-00-00 00:00:00',0,0,NULL,NULL,'','',1,0,NULL,0,NULL,'0000-00-00 00:00:00'),(100000917,100000890,1,'Steven','Rush','2016-10-12','M',0,1,'2024-05-28 09:03:51',34,'2024-05-28 09:03:52',10,NULL,'6639','','','',5,NULL,'',0,0,NULL,0,3,'0000-00-00 00:00:00',0,0,NULL,NULL,'','',0,0,NULL,0,NULL,'0000-00-00 00:00:00'),(100000918,100000896,1,'Emily','Allener','2008-08-18','F',0,1,'2024-05-28 09:03:51',34,'2024-05-28 09:03:55',10,NULL,'8235','','','',5,NULL,'',0,0,NULL,0,3,'0000-00-00 00:00:00',0,0,NULL,NULL,'','',0,0,NULL,0,NULL,'0000-00-00 00:00:00'),(100000919,100000894,2,'George','Horn','2008-07-21','M',0,1,'2024-05-28 09:03:51',34,'2024-05-28 09:03:51',34,NULL,'2778','','','',5,NULL,'',0,0,NULL,0,3,'0000-00-00 00:00:00',0,0,NULL,NULL,'','',0,0,NULL,0,NULL,'0000-00-00 00:00:00'),(100000920,100000888,1,'Anita','Brown','2021-12-25','F',0,1,'2024-05-28 09:03:51',17,'2024-05-28 09:03:52',32,NULL,'6729','','','',5,NULL,'',0,0,NULL,0,3,'0000-00-00 00:00:00',0,0,NULL,NULL,'','',0,0,NULL,0,NULL,'0000-00-00 00:00:00'),(100000921,100000904,1,'Chad','Barron','2011-06-08','M',0,1,'2024-05-28 09:03:51',16,'2024-05-28 09:03:54',12,NULL,'6138','','','',5,NULL,'Sort inside media.',0,0,NULL,0,3,'0000-00-00 00:00:00',0,1,NULL,NULL,'','',1,0,NULL,0,NULL,'0000-00-00 00:00:00'),(100000922,100000894,1,'Amanda','Horner','2013-02-25','F',0,1,'2024-05-28 09:03:51',32,'2024-05-28 09:03:55',17,NULL,'2778','','','',5,NULL,'',0,0,NULL,0,3,'0000-00-00 00:00:00',0,0,NULL,NULL,'','',1,0,NULL,0,NULL,'0000-00-00 00:00:00'),(100000923,100000894,1,'Stephen','Horner','2014-10-17','M',0,1,'2024-05-28 09:03:51',16,'2024-05-28 09:03:55',10,NULL,'2778','','','',5,NULL,'',0,0,NULL,0,3,'0000-00-00 00:00:00',0,1,NULL,NULL,'','',0,0,NULL,0,NULL,'0000-00-00 00:00:00'),(100000924,100000898,1,'Nicole','Williamson','2023-07-17','F',0,1,'2024-05-28 09:03:51',34,'2024-05-28 09:03:53',12,NULL,'2719','','','',5,NULL,'',0,0,NULL,0,3,'0000-00-00 00:00:00',0,0,NULL,NULL,'','',1,0,NULL,0,NULL,'0000-00-00 00:00:00'),(100000925,100000894,1,'Kenneth','Horn','2021-10-07','M',0,1,'2024-05-28 09:03:51',12,'2024-05-28 09:03:54',10,NULL,'2778','','','',5,NULL,'Try consumer political method.',0,0,NULL,0,3,'0000-00-00 00:00:00',0,0,NULL,NULL,'','',0,0,NULL,0,NULL,'0000-00-00 00:00:00'),(100000926,100000886,1,'Angie','Hollowayer','2020-08-04','F',0,1,'2024-05-28 09:03:51',17,'2024-05-28 09:03:55',15,NULL,'3921','','','',5,NULL,'Region nature day.',0,0,NULL,0,3,'0000-00-00 00:00:00',0,0,NULL,NULL,'','',0,0,NULL,0,NULL,'0000-00-00 00:00:00'),(100000927,100000902,1,'Jeff','Warner','2022-10-04','M',0,1,'2024-05-28 09:03:51',18,'2024-05-28 09:03:55',17,NULL,'3631','','','',5,NULL,'Manager ahead prevent.',0,0,NULL,0,3,'0000-00-00 00:00:00',0,0,NULL,NULL,'','',0,0,NULL,0,NULL,'0000-00-00 00:00:00'),(100000928,100000892,1,'Sharon','Jacksoner','2018-07-23','F',0,1,'2024-05-28 09:03:51',15,'2024-05-28 09:03:55',17,NULL,'4493','','','',5,NULL,'How series.',0,0,NULL,0,3,'0000-00-00 00:00:00',0,1,NULL,NULL,'','',0,0,NULL,0,NULL,'0000-00-00 00:00:00'),(100000929,100000894,1,'Shawn','Horner','2009-08-23','M',0,1,'2024-05-28 09:03:51',32,'2024-05-28 09:03:55',12,NULL,'2778','','','',5,NULL,'National.',0,0,NULL,0,3,'0000-00-00 00:00:00',0,1,NULL,NULL,'','',1,0,NULL,0,NULL,'0000-00-00 00:00:00'),(100000930,100000890,1,'Lisa','Rush','2021-02-16','F',0,1,'2024-05-28 09:03:51',17,'2024-05-28 09:03:53',16,NULL,'6639','','','',5,NULL,'',0,0,NULL,0,3,'0000-00-00 00:00:00',0,0,NULL,NULL,'','',0,0,NULL,0,NULL,'0000-00-00 00:00:00'),(100000931,100000892,1,'David','Jackson','2022-04-01','M',0,1,'2024-05-28 09:03:51',16,'2024-05-28 09:03:53',32,NULL,'4493','','','',5,NULL,'',0,0,NULL,0,3,'0000-00-00 00:00:00',0,0,NULL,NULL,'','',1,0,NULL,0,NULL,'0000-00-00 00:00:00'),(100000932,100000898,1,'Mary','Williamsoner','2021-08-27','F',0,1,'2024-05-28 09:03:51',12,'2024-05-28 09:03:55',18,NULL,'2719','','','',5,NULL,'',0,0,NULL,0,3,'0000-00-00 00:00:00',0,1,NULL,NULL,'','',1,0,NULL,0,NULL,'0000-00-00 00:00:00'),(100000933,100000904,1,'Kurt','Barronerer','2011-02-08','M',0,1,'2024-05-28 09:03:51',32,'2024-05-28 09:03:55',18,NULL,'6138','','','',5,NULL,'',0,0,NULL,0,3,'0000-00-00 00:00:00',0,1,NULL,NULL,'','',0,0,NULL,0,NULL,'0000-00-00 00:00:00'),(100000934,100000902,2,'Tina','Warner','2017-12-30','F',0,1,'2024-05-28 09:03:51',12,'2024-05-28 09:03:51',12,NULL,'3631','','','',5,NULL,'',0,0,NULL,0,3,'0000-00-00 00:00:00',0,0,NULL,NULL,'','',0,0,NULL,0,NULL,'0000-00-00 00:00:00'),(100000935,100000888,1,'Matthew','Browner','2021-04-19','M',0,1,'2024-05-28 09:03:51',12,'2024-05-28 09:03:55',17,NULL,'6729','','','',5,NULL,'Happen receive.',0,0,NULL,0,3,'0000-00-00 00:00:00',0,1,NULL,NULL,'','',0,0,NULL,0,NULL,'0000-00-00 00:00:00'),(100000936,100000896,1,'Lisa','Allener','2011-09-28','F',0,1,'2024-05-28 09:03:51',15,'2024-05-28 09:03:55',32,NULL,'8235','','','',5,NULL,'',0,0,NULL,0,3,'0000-00-00 00:00:00',0,1,NULL,NULL,'','',1,0,NULL,0,NULL,'0000-00-00 00:00:00'),(100000937,100000902,1,'William','Warner','2017-12-05','M',0,1,'2024-05-28 09:03:51',15,'2024-05-28 09:03:52',32,NULL,'3631','','','',5,NULL,'',0,0,NULL,0,3,'0000-00-00 00:00:00',0,0,NULL,NULL,'','',0,0,NULL,0,NULL,'0000-00-00 00:00:00'),(100000938,100000892,1,'Amy','Jackson','2013-03-07','F',0,1,'2024-05-28 09:03:51',16,'2024-05-28 09:03:54',17,NULL,'4493','','','',5,NULL,'Research generation.',0,0,NULL,0,3,'0000-00-00 00:00:00',0,0,NULL,NULL,'','',0,0,NULL,0,NULL,'0000-00-00 00:00:00'),(100000939,100000892,1,'Shane','Jacksoner','2021-07-10','M',0,1,'2024-05-28 09:03:52',34,'2024-05-28 09:03:55',32,NULL,'4493','','','',5,NULL,'',0,0,NULL,0,3,'0000-00-00 00:00:00',0,1,NULL,NULL,'','',1,0,NULL,0,NULL,'0000-00-00 00:00:00'),(100000940,100000904,1,'Deborah','Barron','2018-09-17','F',0,1,'2024-05-28 09:03:52',32,'2024-05-28 09:03:52',16,NULL,'6138','','','',5,NULL,'',0,0,NULL,0,3,'0000-00-00 00:00:00',0,0,NULL,NULL,'','',0,0,NULL,0,NULL,'0000-00-00 00:00:00'),(100000941,100000900,1,'Anthony','Mccarthyer','2014-03-28','M',0,1,'2024-05-28 09:03:52',16,'2024-05-28 09:03:55',15,NULL,'6108','','','',5,NULL,'',0,0,NULL,0,3,'0000-00-00 00:00:00',0,1,NULL,NULL,'','',0,0,NULL,0,NULL,'0000-00-00 00:00:00'),(100000942,100000900,1,'Kimberly','Mccarthy','2018-02-23','F',0,1,'2024-05-28 09:03:52',17,'2024-05-28 09:03:52',18,NULL,'6108','','','',5,NULL,'',0,0,NULL,0,3,'0000-00-00 00:00:00',0,0,NULL,NULL,'','',0,0,NULL,0,NULL,'0000-00-00 00:00:00'),(100000943,100000900,1,'Ryan','Mccarthyer','2016-06-18','M',0,1,'2024-05-28 09:03:52',34,'2024-05-28 09:03:55',15,NULL,'6108','','','',5,NULL,'',0,0,NULL,0,3,'0000-00-00 00:00:00',0,0,NULL,NULL,'','',0,0,NULL,0,NULL,'0000-00-00 00:00:00'),(100000944,100000888,1,'Erika','Browner','2009-05-06','F',0,1,'2024-05-28 09:03:52',10,'2024-05-28 09:03:55',34,NULL,'6729','','','',5,NULL,'',0,0,NULL,0,3,'0000-00-00 00:00:00',0,0,NULL,NULL,'','',1,0,NULL,0,NULL,'0000-00-00 00:00:00'),(100000945,100000888,1,'Joe','Brown','2018-08-01','M',0,1,'2024-05-28 09:03:52',34,'2024-05-28 09:03:52',10,NULL,'6729','','','',5,NULL,'',0,0,NULL,0,3,'0000-00-00 00:00:00',0,0,NULL,NULL,'','',0,0,NULL,0,NULL,'0000-00-00 00:00:00');
/*!40000 ALTER TABLE `people` ENABLE KEYS */;
UNLOCK TABLES;

--
-- Table structure for table `phinxlog`
--

DROP TABLE IF EXISTS `phinxlog`;
/*!40101 SET @saved_cs_client     = @@character_set_client */;
/*!40101 SET character_set_client = utf8 */;
CREATE TABLE `phinxlog` (
  `version` bigint NOT NULL,
  `migration_name` varchar(100) DEFAULT NULL,
  `start_time` timestamp NULL DEFAULT NULL,
  `end_time` timestamp NULL DEFAULT NULL,
  `breakpoint` tinyint(1) NOT NULL DEFAULT '0',
  PRIMARY KEY (`version`)
) ENGINE=InnoDB DEFAULT CHARSET=utf8;
/*!40101 SET character_set_client = @saved_cs_client */;

--
-- Dumping data for table `phinxlog`
--

LOCK TABLES `phinxlog` WRITE;
/*!40000 ALTER TABLE `phinxlog` DISABLE KEYS */;
INSERT INTO `phinxlog` VALUES (20190610113824,'InitialSchema','2021-06-18 15:51:32','2021-06-18 15:51:38',0),
  (20190612100627,'AddStationToLaundry','2021-06-18 15:51:38','2021-06-18 15:51:38',0),
  (20190613211018,'NewUserMgmt','2021-06-18 15:51:38','2021-06-18 15:51:40',0),
  (20190613224510,'UsergroupsLevels','2021-06-18 15:51:40','2021-06-18 15:51:41',0),
  (20190614143640,'AddOrganisationColumn','2021-06-18 15:51:41','2021-06-18 15:51:41',0),
  (20190616152410,'AfterRotterdamSprint','2021-06-18 15:51:41','2021-06-18 15:51:42',0),
  (20190621183422,'AddCurrencyName','2021-06-18 15:51:42','2021-06-18 15:51:42',0),
  (20190622184117,'AddOrganizationIdsToCmsUsersTable','2021-06-18 15:51:42','2021-06-18 15:51:43',0),
  (20190623073649,'MakeOrganisationInCmsUsersForeignKey','2021-06-18 15:51:43','2021-06-18 15:51:44',0),
  (20190623100406,'AddDeletedColumnToUsergroups','2021-06-18 15:51:44','2021-06-18 15:51:44',0),
  (20190623123844,'AddForeignKeysInUserMgmt','2021-06-18 15:51:44','2021-06-18 15:51:46',0),
  (20190623140300,'AddDeletedColumnToOrganisations','2021-06-18 15:51:46','2021-06-18 15:51:48',0),
  (20190701120113,'FixUsergroupsForeignKey','2021-06-18 15:51:48','2021-06-18 15:51:49',0),
  (20190703082355,'AddProductForeignKeys','2021-06-18 15:51:49','2021-06-18 15:51:49',0),
  (20190703090715,'AddParentIdInProductCategories','2021-06-18 15:51:49','2021-06-18 15:51:50',0),
  (20190703145717,'CleanUpProductsTable','2021-06-18 15:51:50','2021-06-18 15:51:50',0),
  (20190703153854,'AllowNullForProductDeletedTable','2021-06-18 15:51:50','2021-06-18 15:51:51',0),
  (20190721142832,'AddSignatureDateInPeople','2021-06-18 15:51:51','2021-06-18 15:51:51',0),
  (20190725174628,'AddResettokensColumnToBases','2021-06-18 15:51:51','2021-06-18 15:51:51',0),
  (20190912133947,'ForeignKeyCamps','2021-06-18 15:51:51','2021-06-18 15:51:53',0),
  (20190923101044,'ForeignKeysUsers','2021-06-18 15:51:53','2021-06-18 15:51:54',0),
  (20190923105735,'ForeignKeysLanguage','2021-06-18 15:51:54','2021-06-18 15:51:55',0),
  (20190923140058,'ForeignKeyLocations','2021-06-18 15:51:55','2021-06-18 15:51:55',0),
  (20190924152152,'UsersCreatedModified','2021-06-18 15:51:56','2021-06-18 15:51:58',0),
  (20190925105800,'ForeignKeyLaundryTables','2021-06-18 15:51:58','2021-06-18 15:51:59',0),
  (20190925135319,'ForeignKeysLibraryTables','2021-06-18 15:51:59','2021-06-18 15:52:00',0),
  (20190927155724,'ForeignKeyBorrowTables','2021-06-18 15:52:00','2021-06-18 15:52:01',0),
  (20190930225021,'ForeignKeyQr','2021-06-18 15:52:01','2021-06-18 15:52:02',0),
  (20191001093637,'ForeignKeyPeopleId','2021-06-18 15:52:02','2021-06-18 15:52:03',0),
  (20191001141152,'ForeignKeySizes','2021-06-18 15:52:03','2021-06-18 15:52:04',0),
  (20191001145902,'ForeignKeyProduct','2021-06-18 15:52:04','2021-06-18 15:52:05',0),
  (20191005183100,'ForeignKeyRemainder','2021-06-18 15:52:05','2021-06-18 15:52:06',0),
  (20191005183200,'ForeignKeyCmsFunctions','2021-06-18 15:52:06','2021-06-18 15:52:06',0),
  (20191013180000,'ItemsOutNullable','2021-06-18 15:52:06','2021-06-18 15:52:07',0),
  (20191019131459,'ChangeCrossReferenceDeleteRuleToCascade','2021-06-18 15:52:07','2021-06-18 15:52:07',0),
  (20191019134931,'ChangeFkInProductsToCamps','2021-06-18 15:52:07','2021-06-18 15:52:08',0),
  (20191019135153,'ChangeFkInSizesToSizegroup','2021-06-18 15:52:08','2021-06-18 15:52:08',0),
  (20191021155925,'AddFkForLocationInStockTable','2021-06-18 15:52:08','2021-06-18 15:52:09',0),
  (20191023152307,'ChangeCollationAndEncodingToUtf8','2021-06-18 15:52:09','2021-06-18 15:52:11',0),
  (20191024152307,'AddMissingFKs','2021-06-18 15:52:11','2021-06-18 15:52:13',0),
  (20191027225630,'AddDeletedColumnToLocations','2021-06-18 15:52:13','2021-06-18 15:52:13',0),
  (20191028074813,'AddLegacyColumnToQrTable','2021-06-18 15:52:13','2021-06-18 15:52:13',0),
  (20191105181657,'AddUniqueConstraintStockBoxid','2021-06-18 15:52:13','2021-06-18 15:52:14',0),
  (20191105181704,'AddUniqueConstraintQrCodeLegacy','2021-06-18 15:52:14','2021-06-18 15:52:14',0),
  (20191202131340,'AdultAgeInCampsTableNotNull','2021-06-18 15:52:14','2021-06-18 15:52:14',0),
  (20191202135024,'UserIdInTransactionsNullable','2021-06-18 15:52:14','2021-06-18 15:52:15',0),
  (20191211131857,'MakePeopleIdInTransactionTableNullable','2021-06-18 15:52:15','2021-06-18 15:52:15',0),
  (20200202170149,'SetVisibleDefaultToOneInLocationsTable','2021-06-18 15:52:15','2021-06-18 15:52:15',0),
  (20200203194629,'MakeUserIdNullableInHistoryTable','2021-06-18 15:52:16','2021-06-18 15:52:16',0),
  (20200206100256,'AddIsScrapFlagToLocationsTable','2021-06-18 15:52:16','2021-06-18 15:52:16',0),
  (20200313200406,'RemoveNeededItems','2021-06-18 15:52:16','2021-06-18 15:52:17',0),
  (20200608185725,'AddBoxState','2021-06-18 15:52:17','2021-06-18 15:52:19',0),
  (20200706220401,'DropOrganisationIdFromCmsUsers','2021-06-18 15:52:19','2021-06-18 15:52:19',0),
  (20200706225754,'AddCompositeUniqueIndexForCrossReferenceTables','2021-06-18 15:52:19','2021-06-18 15:52:20',0),
  (20200824171337,'AddTagTable','2021-06-18 15:52:20','2021-06-18 15:52:20',0),
  (20200824185532,'CreatePeopleTagCrossReference','2021-06-18 15:52:21','2021-06-18 15:52:21',0),
  (20200923172713,'AddTagDescription','2021-06-18 15:52:21','2021-06-18 15:52:21',0),
  (20201213100955,'UpdateDeleteConstraintForTags','2021-06-18 15:52:21','2021-06-18 15:52:22',0),
  (20210130175622,'AddSettingsForBases','2021-06-18 15:52:22','2021-06-18 15:52:22',0),
  (20210314130614,'UniqueConstraintQrIdInStockTable','2021-06-18 15:52:22','2021-06-18 15:52:23',0),
  (20210822075141,'MakeBoxStateIdUnsigned','2021-08-23 07:33:09','2021-08-23 07:33:11',0),
  (20210823063551,'MakeCmsFunctionsIdUnsigned','2021-08-23 07:33:11','2021-08-23 07:33:14',0),
  (20210823064211,'MakeCmsUsersIdUnsigned','2021-08-23 07:33:14','2021-08-23 07:33:33',0),
  (20210823064828,'MakeGenderIdUnsigned','2021-08-23 07:33:33','2021-08-23 07:33:34',0),
  (20210823065128,'MakeLocationIdUnsigned','2021-08-23 07:33:34','2021-08-23 07:33:36',0),
  (20210823065359,'MakePeopleIdUnsigned','2021-08-23 07:33:36','2021-08-23 07:33:42',0),
  (20210823065917,'MakeProductIdUnsigned','2021-08-23 07:33:42','2021-08-23 07:33:45',0),
  (20210823070205,'MakeSizeIdUnsigned','2021-08-23 07:33:45','2021-08-23 07:33:47',0),
  (20210823070448,'MakeTagIdUnsigned','2021-08-23 07:33:47','2021-08-23 07:33:48',0),
  (20210823070632,'MakeTransactionIdUnsigned','2021-08-23 07:33:48','2021-08-23 07:33:49',0),
  (20220205073523,'AddActionPermissionsToCmsFunctions','2022-04-23 14:10:32','2022-04-23 14:10:33',0),
  (20220205084503,'AddCmsUserGroupsRoles','2022-04-23 14:10:33','2022-04-23 14:10:33',0),
  (20220513080431,'AddTypeToTags','2022-06-09 13:30:56','2022-06-09 13:30:57',0),
  (20220513124241,'AlterPeopleTagsToTagsRelations','2022-06-09 13:30:57','2022-06-09 13:30:58',0),
  (20220515130043,'RenamePeopleIdtoObjectIdinTagsRelations','2022-06-09 13:30:58','2022-06-09 13:30:58',0),
  (20220515130202,'AddObjectTypeInTagsRelations','2022-06-09 13:30:58','2022-06-09 13:30:59',0),
  (20220602091709,'AddSeqToTags','2022-06-09 13:30:59','2022-06-09 13:30:59',0),
  (20220604164558,'MakeCommentFieldsNullable','2022-06-09 14:29:13','2022-06-09 14:29:14',0),
  (20220604165328,'RemoveUnderscoreColumns','2022-06-09 14:29:14','2022-06-09 14:29:15',0),
  (20220604182719,'MakeItemsInStockNullable','2022-06-09 14:29:15','2022-06-09 14:29:15',0),
  (20220604184037,'MakeLabelFieldsNotNullable','2022-06-09 14:29:15','2022-06-09 14:29:17',0),
  (20220604185546,'RemovePortionColumnInSizes','2022-06-09 14:29:17','2022-06-09 14:29:17',0),
  (20220605061343,'DropProductCategoryIdForeignKey','2022-06-17 10:30:50','2022-06-17 10:30:51',0),
  (20220605064416,'MakeProductCategoryIdNotNullable','2022-06-17 10:30:51','2022-06-17 10:30:52',0),
  (20220605064603,'AddProductCategoryIdForeignKey','2022-06-17 10:30:52','2022-06-17 10:30:52',0),
  (20220605074604,'DropProductSizegroupIdForeignKey','2022-06-17 10:30:53','2022-06-17 10:30:53',0),
  (20220605074623,'MakeProductSizegroupIdNotNullable','2022-06-17 10:30:53','2022-06-17 10:30:54',0),
  (20220605074638,'AddProductSizegroupIdForeignKey','2022-06-17 10:30:54','2022-06-17 10:30:54',0),
  (20220605075347,'DropProductCampIdForeignKey','2022-06-17 10:30:55','2022-06-17 10:30:55',0),
  (20220605075402,'MakeProductCampIdNotNullable','2022-06-17 10:30:55','2022-06-17 10:30:56',0),
  (20220605075413,'AddProductCampIdForeignKey','2022-06-17 10:30:56','2022-06-17 10:30:56',0),
  (20220605081726,'DropProductAmountneededColumn','2022-06-17 10:30:56','2022-06-17 10:30:57',0),
  (20220605084444,'CreateComposteIndexOnHistoryTable','2022-06-09 14:00:12','2022-06-09 14:00:12',0),
  (20220701094045,'AddTransferAgreementTable','2022-07-05 10:38:40','2022-07-05 10:38:41',0),
  (20220701094049,'AddTransferAgreementDetailTable','2022-07-05 10:38:41','2022-07-05 10:38:41',0),
  (20220701094148,'AddShipmentTable','2022-07-05 10:38:41','2022-07-05 10:38:42',0),
  (20220701094153,'AddShipmentDetailTable','2022-07-05 10:38:42','2022-07-05 10:38:43',0),
  (20220722085453,'DirstroEventsTable','2022-07-24 11:37:51','2022-07-24 11:37:52',0),
  (20220723052618,'DirstroEventsPackingListEntries','2022-07-24 11:37:52','2022-07-24 11:37:52',0),
  (20220723060012,'DirstroEventsUnboxedItemCollections','2022-07-24 11:37:53','2022-07-24 11:37:53',0),
  (20220723061731,'DirstroEventsOutflowLogs','2022-07-24 11:37:53','2022-07-24 11:37:54',0),
  (20220723063203,'AddDistroEventsColumnsToLocations','2022-07-24 11:37:54','2022-07-24 11:37:55',0),
  (20220723064611,'AddDistroEventsToStock','2022-07-24 11:37:55','2022-07-24 11:37:56',0),
  (20220822172951,'DistroEventsTrackingGroups','2022-08-23 17:12:57','2022-08-23 17:12:58',0),
  (20220822175013,'AddDistroEventTrackingGroupIdColumn','2022-08-23 17:12:58','2022-08-23 17:12:59',0),
  (20220822182632,'DropDistroEventIdForeignKey','2022-08-23 17:12:59','2022-08-23 17:13:00',0),
  (20220822183629,'AddFlowDirection','2022-08-23 17:13:00','2022-08-23 17:13:01',0),
  (20220822191744,'RenameDistroEventsOutflowLogs','2022-08-23 17:13:01','2022-08-23 17:13:02',0),
  (20220822191943,'AddDistroEventTrackingGroupIdForeignKey','2022-08-23 17:13:02','2022-08-23 17:13:02',0),
  (20221221201716,'UpdateBoxStateOfLocations','2022-12-21 21:11:34','2022-12-21 21:11:34',0),
  (20221221210240,'UpdateBoxStateOfStock','2022-12-21 21:11:34','2022-12-21 21:11:35',0),
  (20230221185417,'AddReceivedOnAsShipmentState','2023-02-27 13:55:05','2023-02-27 13:55:06',0),
  (20230323160748,'RemoveWarehouseOrdering','2023-03-23 17:28:53','2023-03-23 17:28:55',0),
  (20230323164349,'RenameOrderedBoxStates','2023-03-23 17:28:55','2023-03-23 17:28:55',0),
  (20230413110314,'AddRemovedLostReceivedShipmentDetailFields','2023-04-16 16:34:58','2023-04-16 16:34:59',0),
  (20230415130947,'RenameReceivingBoxState','2023-04-16 16:34:59','2023-04-16 16:35:00',0),
  (20230416102309,'FixPrimaryKeyOfTagsRelations','2023-04-16 16:38:04','2023-04-16 16:38:04',0),
  (20230416144646,'AddSizeToShipmentDetail','2023-04-16 16:42:11','2023-04-16 16:42:12',0),
  (20230416160636,'RenameDeletedOnInShipmentDetails','2023-04-16 16:42:12','2023-04-16 16:42:12',0),
  (20230416162125,'RemoveDefaultFromSourceSizeIdOnShipmentDetails','2023-04-16 16:42:12','2023-04-16 16:42:12',0),
  (20230602123900,'AddInTransitBoxState','2023-06-17 10:39:25','2023-06-17 10:39:25',0),
  (20230620124521,'AddQuantityToShipmentDetail','2023-06-23 06:51:34','2023-06-23 06:51:35',0),
  (20230622123713,'AddNotDeliveredBoxState','2023-06-29 19:51:53','2023-06-29 19:51:54',0),
  (20240207152627,'ResetChangedBoxLabelIdentifiers','2024-02-21 19:51:24','2024-02-21 19:51:24',0),
  (20240422160431,'AddStandardProductTable','2024-05-27 12:39:04','2024-05-27 12:39:05',0),
  (20240422163115,'AddStandardProductFk','2024-05-27 12:39:05','2024-05-27 12:39:06',0),
  (20240523182223,'PopulateStandardProductsTable','2024-05-27 13:01:16','2024-05-27 13:01:16',0);
/*!40000 ALTER TABLE `phinxlog` ENABLE KEYS */;
UNLOCK TABLES;

--
-- Table structure for table `product_categories`
--

DROP TABLE IF EXISTS `product_categories`;
/*!40101 SET @saved_cs_client     = @@character_set_client */;
/*!40101 SET character_set_client = utf8 */;
CREATE TABLE `product_categories` (
  `id` int unsigned NOT NULL AUTO_INCREMENT,
  `label` varchar(255) NOT NULL,
  `seq` int NOT NULL DEFAULT '0',
  `parent_id` int unsigned DEFAULT NULL,
  PRIMARY KEY (`id`),
  KEY `parent_id` (`parent_id`),
  CONSTRAINT `product_categories_ibfk_1` FOREIGN KEY (`parent_id`) REFERENCES `product_categories` (`id`) ON UPDATE CASCADE
) ENGINE=InnoDB AUTO_INCREMENT=21 DEFAULT CHARSET=utf8 ROW_FORMAT=DYNAMIC;
/*!40101 SET character_set_client = @saved_cs_client */;

--
-- Dumping data for table `product_categories`
--

LOCK TABLES `product_categories` WRITE;
/*!40000 ALTER TABLE `product_categories` DISABLE KEYS */;
INSERT INTO `product_categories` VALUES
  (1,'Underwear / Nightwear',11,12),
  (2,'Bottoms',12,12),
  (3,'Tops',13,12),
  (4,'Accessories',14,12),
  (5,'Shoes',15,12),
  (6,'Jackets / Outerwear',16,12),
  (7,'Skirts/Dresses',17,12),
  (8,'Baby',18,12),
  (9,'Other',6,NULL),
  (10,'Hygiene',2,NULL),
  (11,'Food & Kitchen',3,NULL),
  (12,'Clothing',1,NULL),
  (13,'Equipment',4,NULL),
  (14,'Toys & Games',41,13),
  (15,'Medication',5,9),
  (18,'Books & Stationery',42,13),
  (19,'Water',43,NULL),
  (20,'Shelter',44,NULL);
/*!40000 ALTER TABLE `product_categories` ENABLE KEYS */;
UNLOCK TABLES;

--
-- Table structure for table `products`
--

DROP TABLE IF EXISTS `products`;
/*!40101 SET @saved_cs_client     = @@character_set_client */;
/*!40101 SET character_set_client = utf8 */;
CREATE TABLE `products` (
  `id` int unsigned NOT NULL AUTO_INCREMENT,
  `name` varchar(255) NOT NULL,
  `category_id` int unsigned NOT NULL,
  `gender_id` int unsigned NOT NULL,
  `sizegroup_id` int unsigned NOT NULL,
  `camp_id` int unsigned NOT NULL,
  `value` int NOT NULL DEFAULT '0',
  `created` datetime DEFAULT NULL,
  `created_by` int unsigned DEFAULT NULL,
  `modified` datetime DEFAULT NULL,
  `modified_by` int unsigned DEFAULT NULL,
  `maxperadult` int DEFAULT NULL,
  `maxperchild` int DEFAULT NULL,
  `stockincontainer` tinyint NOT NULL DEFAULT '0',
  `comments` varchar(255) DEFAULT NULL,
  `deleted` datetime DEFAULT NULL,
  `standard_product_id` int unsigned DEFAULT NULL,
  PRIMARY KEY (`id`),
  KEY `category_id` (`category_id`),
  KEY `sizegroup_id` (`sizegroup_id`),
  KEY `camp_id` (`camp_id`),
  KEY `created_by` (`created_by`),
  KEY `modified_by` (`modified_by`),
  KEY `gender_id` (`gender_id`),
  KEY `products_ibfk_14` (`standard_product_id`),
  CONSTRAINT `products_ibfk_10` FOREIGN KEY (`gender_id`) REFERENCES `genders` (`id`) ON UPDATE CASCADE,
  CONSTRAINT `products_ibfk_11` FOREIGN KEY (`category_id`) REFERENCES `product_categories` (`id`) ON DELETE RESTRICT ON UPDATE CASCADE,
  CONSTRAINT `products_ibfk_12` FOREIGN KEY (`sizegroup_id`) REFERENCES `sizegroup` (`id`) ON DELETE RESTRICT ON UPDATE CASCADE,
  CONSTRAINT `products_ibfk_13` FOREIGN KEY (`camp_id`) REFERENCES `camps` (`id`) ON DELETE RESTRICT ON UPDATE CASCADE,
  CONSTRAINT `products_ibfk_14` FOREIGN KEY (`standard_product_id`) REFERENCES `standard_product` (`id`) ON DELETE SET NULL ON UPDATE CASCADE,
  CONSTRAINT `products_ibfk_8` FOREIGN KEY (`created_by`) REFERENCES `cms_users` (`id`) ON DELETE SET NULL ON UPDATE CASCADE,
  CONSTRAINT `products_ibfk_9` FOREIGN KEY (`modified_by`) REFERENCES `cms_users` (`id`) ON DELETE SET NULL ON UPDATE CASCADE
) ENGINE=InnoDB AUTO_INCREMENT=1370 DEFAULT CHARSET=utf8 ROW_FORMAT=DYNAMIC;
/*!40101 SET character_set_client = @saved_cs_client */;

--
-- Dumping data for table `products`
--

LOCK TABLES `products` WRITE;
/*!40000 ALTER TABLE `products` DISABLE KEYS */;
INSERT INTO `products` VALUES
  (1158,'Jeans',2,1,5,100000000,50,'2019-09-05 13:54:40',1,NULL,NULL,0,0,1,'',NULL,NULL),
  (1159,'T-Shirts',3,2,1,100000000,30,'2019-09-05 13:55:10',1,NULL,NULL,0,0,1,'',NULL,NULL),
  (1160,'Trainers',5,6,9,100000000,100,'2019-09-05 13:55:49',1,NULL,NULL,0,0,1,'',NULL,NULL),
  (1161,'Sleeping Bag',9,3,7,100000000,100,'2019-09-05 13:56:23',1,NULL,NULL,0,0,0,'',NULL,NULL),
  (1162,'Diapers',8,9,12,100000000,0,'2019-09-05 13:56:46',1,NULL,NULL,0,0,0,'',NULL,NULL),
  (1163,'Shampoo (100ml)',10,10,7,100000000,20,'2019-09-05 13:57:31',1,NULL,NULL,0,0,1,'',NULL,NULL),
  (1164,'Rice (1kg)',11,10,7,100000000,25,'2019-09-05 13:57:59',1,NULL,NULL,0,0,1,'',NULL,NULL),
  (1165,'DummyProduct',2,1,5,100000001,50,'2019-09-05 13:54:40',1,NULL,NULL,0,0,1,'',NULL,NULL),
  (1166,'Underwear',1,1,6,1,11,'2024-05-28 09:03:55',3,NULL,NULL,NULL,NULL,0,'Method bring.',NULL,NULL),
  (1167,'Underwear',1,2,6,1,96,'2024-05-28 09:03:55',6,'2024-05-28 09:03:57',3,NULL,NULL,0,'Possible.',NULL,NULL),
  (1168,'Underwear',1,4,6,1,18,'2024-05-28 09:03:55',4,'2024-05-28 09:03:58',5,NULL,NULL,0,'Walk budget.',NULL,NULL),
  (1169,'underwear',1,5,6,1,56,'2024-05-28 09:03:55',23,'2024-05-28 09:03:57',5,NULL,NULL,0,'Hit.',NULL,NULL),
  (1170,'tights',1,1,6,1,99,'2024-05-28 09:03:55',6,'2024-05-28 09:03:57',25,NULL,NULL,0,'Song.',NULL,NULL),
  (1171,'tights',1,2,6,1,90,'2024-05-28 09:03:55',6,'2024-05-28 09:03:57',23,NULL,NULL,0,'Down add.',NULL,NULL),
  (1172,'tights',1,4,6,1,71,'2024-05-28 09:03:55',25,'2024-05-28 09:03:57',25,NULL,NULL,0,'Into go.',NULL,NULL),
  (1173,'Tights',1,5,6,1,23,'2024-05-28 09:03:55',7,'2024-05-28 09:03:56',2,NULL,NULL,1,'Range often.',NULL,NULL),
  (1174,'trousers',2,1,1,1,5,'2024-05-28 09:03:55',25,'2024-05-28 09:03:58',24,NULL,NULL,1,'Moment.',NULL,NULL),
  (1175,'trousers',2,2,1,1,20,'2024-05-28 09:03:55',25,'2024-05-28 09:03:58',2,NULL,NULL,1,'Before.',NULL,NULL),
  (1176,'Trousers',2,4,1,1,17,'2024-05-28 09:03:55',2,'2024-05-28 09:03:58',6,NULL,NULL,0,'Camera radio.',NULL,NULL),
  (1177,'Trousers',2,5,1,1,99,'2024-05-28 09:03:56',5,'2024-05-28 09:03:57',25,NULL,NULL,0,'Hand.',NULL,NULL),
  (1178,'t-shirts',3,1,1,1,30,'2024-05-28 09:03:56',23,'2024-05-28 09:03:58',8,NULL,NULL,0,'Two.',NULL,NULL),
  (1179,'t-shirts',3,2,1,1,77,'2024-05-28 09:03:56',24,'2024-05-28 09:03:56',25,NULL,NULL,1,'Create more despite.',NULL,NULL),
  (1180,'T-Shirts',3,4,1,1,95,'2024-05-28 09:03:56',6,NULL,NULL,NULL,NULL,0,'Black head reach.',NULL,NULL),
  (1181,'t-shirts',3,5,1,1,52,'2024-05-28 09:03:56',25,'2024-05-28 09:03:57',5,NULL,NULL,0,'Research.',NULL,NULL),
  (1182,'Jackets',6,1,1,1,48,'2024-05-28 09:03:56',2,'2024-05-28 09:03:58',6,NULL,NULL,1,'Society develop.',NULL,NULL),
  (1183,'jackets',6,2,1,1,57,'2024-05-28 09:03:56',4,'2024-05-28 09:03:57',23,NULL,NULL,0,'Task see.',NULL,NULL),
  (1184,'Jackets',6,4,1,1,13,'2024-05-28 09:03:56',3,'2024-05-28 09:03:57',8,NULL,NULL,0,'Event military affect.',NULL,NULL),
  (1185,'Jackets',6,5,1,1,89,'2024-05-28 09:03:56',6,'2024-05-28 09:03:58',7,NULL,NULL,1,'Partner authority.',NULL,NULL),
  (1186,'swimwear',12,1,7,1,40,'2024-05-28 09:03:56',6,'2024-05-28 09:03:57',8,NULL,NULL,0,'Include concern.',NULL,NULL),
  (1187,'swimwear',12,2,7,1,6,'2024-05-28 09:03:56',9,'2024-05-28 09:03:57',4,NULL,NULL,0,'Each.',NULL,NULL),
  (1188,'Swimwear',12,4,7,1,43,'2024-05-28 09:03:56',5,'2024-05-28 09:03:58',3,NULL,NULL,0,'Lose interest.',NULL,NULL),
  (1189,'Swimwear',12,5,7,1,28,'2024-05-28 09:03:56',9,'2024-05-28 09:03:58',25,NULL,NULL,1,'Movement tax.',NULL,NULL),
  (1190,'gloves',12,1,7,1,17,'2024-05-28 09:03:56',24,'2024-05-28 09:03:57',6,NULL,NULL,0,'Friend.',NULL,NULL),
  (1191,'Gloves',12,2,7,1,61,'2024-05-28 09:03:56',2,'2024-05-28 09:03:57',6,NULL,NULL,0,'Toward.',NULL,NULL),
  (1192,'gloves',12,4,7,1,33,'2024-05-28 09:03:56',2,'2024-05-28 09:03:57',2,NULL,NULL,0,'Small while north.',NULL,NULL),
  (1193,'gloves',12,5,7,1,92,'2024-05-28 09:03:56',3,'2024-05-28 09:03:56',25,NULL,NULL,1,'Me her carry.',NULL,NULL),
  (1194,'Socks',1,3,6,1,30,'2024-05-28 09:03:56',9,NULL,NULL,NULL,NULL,1,'Interview explain Mrs.',NULL,NULL),
  (1195,'Socks',1,6,6,1,68,'2024-05-28 09:03:56',4,'2024-05-28 09:03:56',23,NULL,NULL,0,'Person project foot.',NULL,NULL),
  (1196,'hats',1,3,7,1,26,'2024-05-28 09:03:56',6,'2024-05-28 09:03:57',9,NULL,NULL,0,'Garden cup.',NULL,NULL),
  (1197,'hats',1,6,7,1,2,'2024-05-28 09:03:56',25,'2024-05-28 09:03:58',5,NULL,NULL,0,'Case peace.',NULL,NULL),
  (1198,'belts',12,3,7,1,81,'2024-05-28 09:03:56',5,'2024-05-28 09:03:56',9,NULL,NULL,0,'Good pick.',NULL,NULL),
  (1199,'Belts',12,6,7,1,29,'2024-05-28 09:03:56',2,'2024-05-28 09:03:57',3,NULL,NULL,0,'Crime.',NULL,NULL),
  (1200,'umbrellas',4,10,7,1,4,'2024-05-28 09:03:56',3,'2024-05-28 09:03:57',2,NULL,NULL,0,'Goal give.',NULL,NULL),
  (1201,'Pillows',4,10,7,1,83,'2024-05-28 09:03:56',5,'2024-05-28 09:03:57',7,NULL,NULL,0,'Sound.',NULL,NULL),
  (1202,'towels',9,10,7,1,62,'2024-05-28 09:03:56',6,'2024-05-28 09:03:56',6,NULL,NULL,0,'Mrs learn.',NULL,NULL),
  (1203,'toys',9,10,7,1,74,'2024-05-28 09:03:56',23,'2024-05-28 09:03:58',6,NULL,NULL,0,'Determine trial.',NULL,NULL),
  (1204,'Soap',10,10,7,1,70,'2024-05-28 09:03:56',2,'2024-05-28 09:03:58',8,NULL,NULL,0,'Factor.',NULL,NULL),
  (1205,'deodorant',10,10,7,1,10,'2024-05-28 09:03:56',2,'2024-05-28 09:03:58',3,NULL,NULL,0,'Defense.',NULL,NULL),
  (1206,'Food',11,10,7,1,93,'2024-05-28 09:03:56',8,NULL,NULL,NULL,NULL,0,'Process.',NULL,NULL),
  (1207,'tents',13,10,7,1,8,'2024-05-28 09:03:56',3,'2024-05-28 09:03:58',4,NULL,NULL,1,'Society least.',NULL,NULL),
  (1208,'Candles',13,10,7,1,77,'2024-05-28 09:03:56',24,NULL,NULL,NULL,NULL,0,'Never.',NULL,NULL),
  (1209,'Inhalation device',15,10,7,1,8,'2024-05-28 09:03:56',24,'2024-05-28 09:03:57',4,NULL,NULL,0,'Decision Republican.',NULL,NULL),
  (1210,'shirts',8,9,22,1,83,'2024-05-28 09:03:56',9,'2024-05-28 09:03:56',4,NULL,NULL,0,'Item grow project.',NULL,NULL),
  (1211,'jackets',8,9,22,1,75,'2024-05-28 09:03:56',2,'2024-05-28 09:03:57',23,NULL,NULL,0,'Ok edge body whose.',NULL,NULL),
  (1212,'Trousers',8,9,22,1,28,'2024-05-28 09:03:56',4,'2024-05-28 09:03:58',23,NULL,NULL,1,'Memory.',NULL,NULL),
  (1213,'shoes',5,1,3,1,43,'2024-05-28 09:03:56',4,'2024-05-28 09:03:57',5,NULL,NULL,0,'Apply sit.',NULL,NULL),
  (1214,'Shoes',5,2,8,1,36,'2024-05-28 09:03:56',23,'2024-05-28 09:03:57',24,NULL,NULL,0,'How.',NULL,NULL),
  (1215,'shoes',5,6,6,1,50,'2024-05-28 09:03:56',9,'2024-05-28 09:03:56',4,NULL,NULL,0,NULL,NULL,NULL),
  (1216,'Child clothes',12,10,17,1,0,'2024-05-28 09:03:56',5,'2024-05-28 09:03:56',23,NULL,NULL,0,NULL,'2024-05-28 09:03:56',NULL),
  (1217,'underwear',1,1,6,2,48,'2024-05-28 09:03:58',17,'2024-05-28 09:04:00',15,NULL,NULL,1,'Wish claim station.',NULL,NULL),
  (1218,'underwear',1,2,6,2,3,'2024-05-28 09:03:58',11,'2024-05-28 09:04:00',33,NULL,NULL,1,'Energy note PM pattern.',NULL,NULL),
  (1219,'underwear',1,4,6,2,100,'2024-05-28 09:03:58',17,'2024-05-28 09:03:59',10,NULL,NULL,0,'Poor focus.',NULL,NULL),
  (1220,'underwear',1,5,6,2,72,'2024-05-28 09:03:58',31,'2024-05-28 09:04:00',15,NULL,NULL,0,'Lay.',NULL,NULL),
  (1221,'tights',1,1,6,2,60,'2024-05-28 09:03:58',15,'2024-05-28 09:04:00',10,NULL,NULL,0,'Wear blood.',NULL,NULL),
  (1222,'Tights',1,2,6,2,74,'2024-05-28 09:03:58',33,'2024-05-28 09:03:59',17,NULL,NULL,0,'Medical according.',NULL,NULL),
  (1223,'Tights',1,4,6,2,94,'2024-05-28 09:03:58',16,'2024-05-28 09:04:00',16,NULL,NULL,0,'Possible.',NULL,NULL),
  (1224,'tights',1,5,6,2,17,'2024-05-28 09:03:58',16,'2024-05-28 09:04:00',11,NULL,NULL,1,'Country tree tell unit.',NULL,NULL),
  (1225,'Trousers',2,1,1,2,93,'2024-05-28 09:03:58',33,'2024-05-28 09:04:00',31,NULL,NULL,1,'When word.',NULL,NULL),
  (1226,'Trousers',2,2,1,2,35,'2024-05-28 09:03:58',11,NULL,NULL,NULL,NULL,0,'Job arrive tree.',NULL,NULL),
  (1227,'Trousers',2,4,1,2,45,'2024-05-28 09:03:58',16,'2024-05-28 09:04:00',17,NULL,NULL,1,'Risk campaign.',NULL,NULL),
  (1228,'trousers',2,5,1,2,14,'2024-05-28 09:03:58',31,'2024-05-28 09:04:01',17,NULL,NULL,0,'Business operation.',NULL,NULL),
  (1229,'t-shirts',3,1,1,2,81,'2024-05-28 09:03:58',16,'2024-05-28 09:04:00',17,NULL,NULL,1,'Color next.',NULL,NULL),
  (1230,'t-shirts',3,2,1,2,99,'2024-05-28 09:03:58',16,'2024-05-28 09:04:00',11,NULL,NULL,1,'Song indicate.',NULL,NULL),
  (1231,'T-Shirts',3,4,1,2,90,'2024-05-28 09:03:58',15,'2024-05-28 09:04:00',11,NULL,NULL,1,'Sing start.',NULL,NULL),
  (1232,'T-Shirts',3,5,1,2,69,'2024-05-28 09:03:58',16,'2024-05-28 09:04:01',17,NULL,NULL,1,'Anything case.',NULL,NULL),
  (1233,'Jackets',6,1,1,2,74,'2024-05-28 09:03:58',15,'2024-05-28 09:04:00',18,NULL,NULL,0,'Rest worry.',NULL,NULL),
  (1234,'jackets',6,2,1,2,69,'2024-05-28 09:03:58',33,'2024-05-28 09:04:00',33,NULL,NULL,1,'Fact machine.',NULL,NULL),
  (1235,'jackets',6,4,1,2,14,'2024-05-28 09:03:58',15,'2024-05-28 09:04:00',17,NULL,NULL,0,'Increase city lead.',NULL,NULL),
  (1236,'jackets',6,5,1,2,48,'2024-05-28 09:03:58',16,'2024-05-28 09:04:00',31,NULL,NULL,1,'Bank near the.',NULL,NULL),
  (1237,'Swimwear',12,1,7,2,7,'2024-05-28 09:03:58',15,'2024-05-28 09:04:00',18,NULL,NULL,0,'Ahead sell.',NULL,NULL),
  (1238,'Swimwear',12,2,7,2,42,'2024-05-28 09:03:58',10,'2024-05-28 09:04:00',17,NULL,NULL,0,'At I.',NULL,NULL),
  (1239,'swimwear',12,4,7,2,63,'2024-05-28 09:03:58',15,'2024-05-28 09:04:01',11,NULL,NULL,0,'Decide prevent see.',NULL,NULL),
  (1240,'swimwear',12,5,7,2,34,'2024-05-28 09:03:58',17,'2024-05-28 09:04:00',10,NULL,NULL,1,'Level.',NULL,NULL),
  (1241,'Gloves',12,1,7,2,92,'2024-05-28 09:03:58',16,'2024-05-28 09:04:00',11,NULL,NULL,1,'Him land.',NULL,NULL),
  (1242,'Gloves',12,2,7,2,50,'2024-05-28 09:03:58',15,'2024-05-28 09:04:00',17,NULL,NULL,0,'South teach.',NULL,NULL),
  (1243,'gloves',12,4,7,2,8,'2024-05-28 09:03:58',17,'2024-05-28 09:03:59',11,NULL,NULL,0,'Level.',NULL,NULL),
  (1244,'Gloves',12,5,7,2,99,'2024-05-28 09:03:58',10,'2024-05-28 09:04:00',31,NULL,NULL,0,'Direction million senior lay.',NULL,NULL),
  (1245,'Socks',1,3,6,2,62,'2024-05-28 09:03:58',15,'2024-05-28 09:04:00',11,NULL,NULL,1,'Purpose participant.',NULL,NULL),
  (1246,'socks',1,6,6,2,89,'2024-05-28 09:03:58',16,'2024-05-28 09:03:59',15,NULL,NULL,1,'Table job.',NULL,NULL),
  (1247,'hats',1,3,7,2,77,'2024-05-28 09:03:58',11,'2024-05-28 09:04:00',11,NULL,NULL,1,'Left individual.',NULL,NULL),
  (1248,'Hats',1,6,7,2,67,'2024-05-28 09:03:58',17,'2024-05-28 09:04:00',16,NULL,NULL,1,'Fact film.',NULL,NULL),
  (1249,'belts',12,3,7,2,22,'2024-05-28 09:03:58',33,'2024-05-28 09:04:00',10,NULL,NULL,0,'Up inside stop.',NULL,NULL),
  (1250,'belts',12,6,7,2,21,'2024-05-28 09:03:58',11,'2024-05-28 09:04:00',11,NULL,NULL,0,'Feel.',NULL,NULL),
  (1251,'umbrellas',4,10,7,2,22,'2024-05-28 09:03:58',10,'2024-05-28 09:04:00',15,NULL,NULL,1,'Attack task.',NULL,NULL),
  (1252,'pillows',4,10,7,2,2,'2024-05-28 09:03:58',16,'2024-05-28 09:03:59',10,NULL,NULL,0,'South sing.',NULL,NULL),
  (1253,'towels',9,10,7,2,5,'2024-05-28 09:03:58',15,'2024-05-28 09:03:59',31,NULL,NULL,0,'Indicate tonight.',NULL,NULL),
  (1254,'Toys',9,10,7,2,42,'2024-05-28 09:03:58',31,NULL,NULL,NULL,NULL,0,'Policy order practice.',NULL,NULL),
  (1255,'Soap',10,10,7,2,80,'2024-05-28 09:03:59',33,'2024-05-28 09:04:00',10,NULL,NULL,0,'Area international hand.',NULL,NULL),
  (1256,'Deodorant',10,10,7,2,58,'2024-05-28 09:03:59',33,'2024-05-28 09:04:00',10,NULL,NULL,0,'Senior natural attorney its.',NULL,NULL),
  (1257,'food',11,10,7,2,69,'2024-05-28 09:03:59',33,'2024-05-28 09:03:59',17,NULL,NULL,0,'Interesting close fly science.',NULL,NULL),
  (1258,'tents',13,10,7,2,64,'2024-05-28 09:03:59',11,'2024-05-28 09:04:01',11,NULL,NULL,1,'Wide allow maintain.',NULL,NULL),
  (1259,'candles',13,10,7,2,70,'2024-05-28 09:03:59',10,'2024-05-28 09:04:00',31,NULL,NULL,0,'Step there.',NULL,NULL),
  (1260,'Inhalation device',15,10,7,2,0,'2024-05-28 09:03:59',18,'2024-05-28 09:04:00',15,NULL,NULL,0,'Another.',NULL,NULL),
  (1261,'shirts',8,9,22,2,95,'2024-05-28 09:03:59',18,'2024-05-28 09:04:00',15,NULL,NULL,0,'Good special adult bad.',NULL,NULL),
  (1262,'Jackets',8,9,22,2,49,'2024-05-28 09:03:59',18,'2024-05-28 09:04:00',16,NULL,NULL,0,'Identify campaign.',NULL,NULL),
  (1263,'Trousers',8,9,22,2,24,'2024-05-28 09:03:59',15,NULL,NULL,NULL,NULL,0,'Defense paper important.',NULL,NULL),
  (1264,'shoes',5,1,3,2,37,'2024-05-28 09:03:59',31,'2024-05-28 09:04:01',18,NULL,NULL,0,'Both.',NULL,NULL),
  (1265,'Shoes',5,2,8,2,42,'2024-05-28 09:03:59',15,'2024-05-28 09:04:00',18,NULL,NULL,0,NULL,NULL,NULL),
  (1266,'shoes',5,6,6,2,16,'2024-05-28 09:03:59',17,'2024-05-28 09:04:00',11,NULL,NULL,0,NULL,NULL,NULL),
  (1267,'Child clothes',12,10,17,2,0,'2024-05-28 09:03:59',31,'2024-05-28 09:03:59',15,NULL,NULL,0,NULL,'2024-05-28 09:03:59',NULL),
  (1268,'Underwear',1,1,6,3,27,'2024-05-28 09:04:01',17,NULL,NULL,NULL,NULL,0,'Chair wrong source.',NULL,NULL),
  (1269,'underwear',1,2,6,3,49,'2024-05-28 09:04:01',34,'2024-05-28 09:04:03',32,NULL,NULL,0,'Himself.',NULL,NULL),
  (1270,'underwear',1,4,6,3,48,'2024-05-28 09:04:01',17,'2024-05-28 09:04:03',18,NULL,NULL,1,'Who.',NULL,NULL),
  (1271,'underwear',1,5,6,3,25,'2024-05-28 09:04:01',34,'2024-05-28 09:04:02',34,NULL,NULL,1,'Agreement.',NULL,NULL),
  (1272,'tights',1,1,6,3,62,'2024-05-28 09:04:01',34,'2024-05-28 09:04:02',16,NULL,NULL,0,'Long stock.',NULL,NULL),
  (1273,'tights',1,2,6,3,36,'2024-05-28 09:04:01',18,'2024-05-28 09:04:01',12,NULL,NULL,0,'Back decision.',NULL,NULL),
  (1274,'Tights',1,4,6,3,23,'2024-05-28 09:04:01',32,'2024-05-28 09:04:02',17,NULL,NULL,1,'Seek structure thank form.',NULL,NULL),
  (1275,'Tights',1,5,6,3,77,'2024-05-28 09:04:01',34,'2024-05-28 09:04:03',18,NULL,NULL,0,'World.',NULL,NULL),
  (1276,'trousers',2,1,1,3,26,'2024-05-28 09:04:01',10,'2024-05-28 09:04:02',10,NULL,NULL,1,'None past.',NULL,NULL),
  (1277,'trousers',2,2,1,3,68,'2024-05-28 09:04:01',12,'2024-05-28 09:04:03',17,NULL,NULL,1,'Second beat by.',NULL,NULL),
  (1278,'Trousers',2,4,1,3,33,'2024-05-28 09:04:01',10,'2024-05-28 09:04:02',18,NULL,NULL,0,'Citizen.',NULL,NULL),
  (1279,'Trousers',2,5,1,3,53,'2024-05-28 09:04:01',15,NULL,NULL,NULL,NULL,0,'Piece either exist.',NULL,NULL),
  (1280,'T-Shirts',3,1,1,3,38,'2024-05-28 09:04:01',17,'2024-05-28 09:04:03',34,NULL,NULL,1,'Senior.',NULL,NULL),
  (1281,'T-Shirts',3,2,1,3,96,'2024-05-28 09:04:01',16,'2024-05-28 09:04:02',15,NULL,NULL,0,'To huge.',NULL,NULL),
  (1282,'T-Shirts',3,4,1,3,26,'2024-05-28 09:04:01',10,'2024-05-28 09:04:02',12,NULL,NULL,0,'Congress create.',NULL,NULL),
  (1283,'t-shirts',3,5,1,3,21,'2024-05-28 09:04:01',16,'2024-05-28 09:04:02',34,NULL,NULL,0,'Performance fact.',NULL,NULL),
  (1284,'jackets',6,1,1,3,54,'2024-05-28 09:04:01',32,'2024-05-28 09:04:02',10,NULL,NULL,0,'From commercial environment.',NULL,NULL),
  (1285,'jackets',6,2,1,3,9,'2024-05-28 09:04:01',10,'2024-05-28 09:04:03',16,NULL,NULL,1,'Career course.',NULL,NULL),
  (1286,'jackets',6,4,1,3,24,'2024-05-28 09:04:01',18,'2024-05-28 09:04:02',17,NULL,NULL,0,'Owner read.',NULL,NULL),
  (1287,'Jackets',6,5,1,3,67,'2024-05-28 09:04:01',15,'2024-05-28 09:04:02',16,NULL,NULL,0,'Organization Mrs.',NULL,NULL),
  (1288,'swimwear',12,1,7,3,45,'2024-05-28 09:04:01',17,'2024-05-28 09:04:03',12,NULL,NULL,1,'Book assume.',NULL,NULL),
  (1289,'swimwear',12,2,7,3,96,'2024-05-28 09:04:01',18,'2024-05-28 09:04:02',12,NULL,NULL,1,'How.',NULL,NULL),
  (1290,'swimwear',12,4,7,3,83,'2024-05-28 09:04:01',32,'2024-05-28 09:04:02',16,NULL,NULL,0,'Those hold general.',NULL,NULL),
  (1291,'Swimwear',12,5,7,3,37,'2024-05-28 09:04:01',16,'2024-05-28 09:04:02',32,NULL,NULL,0,'Interest service.',NULL,NULL),
  (1292,'Gloves',12,1,7,3,99,'2024-05-28 09:04:01',12,'2024-05-28 09:04:02',32,NULL,NULL,0,'Those lawyer theory.',NULL,NULL),
  (1293,'gloves',12,2,7,3,1,'2024-05-28 09:04:01',32,'2024-05-28 09:04:02',34,NULL,NULL,0,'Interesting ok certainly.',NULL,NULL),
  (1294,'gloves',12,4,7,3,32,'2024-05-28 09:04:01',17,'2024-05-28 09:04:02',10,NULL,NULL,0,'Your.',NULL,NULL),
  (1295,'Gloves',12,5,7,3,78,'2024-05-28 09:04:01',16,'2024-05-28 09:04:02',12,NULL,NULL,1,'Congress wait.',NULL,NULL),
  (1296,'socks',1,3,6,3,1,'2024-05-28 09:04:01',15,'2024-05-28 09:04:02',18,NULL,NULL,0,'Whom hand.',NULL,NULL),
  (1297,'Socks',1,6,6,3,9,'2024-05-28 09:04:01',18,'2024-05-28 09:04:03',16,NULL,NULL,1,'Successful school.',NULL,NULL),
  (1298,'Hats',1,3,7,3,34,'2024-05-28 09:04:01',34,'2024-05-28 09:04:02',32,NULL,NULL,0,'Approach.',NULL,NULL),
  (1299,'hats',1,6,7,3,69,'2024-05-28 09:04:01',17,'2024-05-28 09:04:03',16,NULL,NULL,0,'Effect.',NULL,NULL),
  (1300,'belts',12,3,7,3,46,'2024-05-28 09:04:01',18,'2024-05-28 09:04:02',18,NULL,NULL,1,'Investment increase.',NULL,NULL),
  (1301,'belts',12,6,7,3,80,'2024-05-28 09:04:01',15,'2024-05-28 09:04:02',12,NULL,NULL,1,'Fine force.',NULL,NULL),
  (1302,'Umbrellas',4,10,7,3,26,'2024-05-28 09:04:01',32,NULL,NULL,NULL,NULL,0,'In Congress.',NULL,NULL),
  (1303,'pillows',4,10,7,3,35,'2024-05-28 09:04:01',34,'2024-05-28 09:04:02',18,NULL,NULL,0,'Picture new.',NULL,NULL),
  (1304,'Towels',9,10,7,3,36,'2024-05-28 09:04:01',18,'2024-05-28 09:04:02',16,NULL,NULL,0,'Before.',NULL,NULL),
  (1305,'toys',9,10,7,3,28,'2024-05-28 09:04:01',34,'2024-05-28 09:04:03',18,NULL,NULL,0,'Mrs success step.',NULL,NULL),
  (1306,'soap',10,10,7,3,16,'2024-05-28 09:04:01',12,'2024-05-28 09:04:02',15,NULL,NULL,1,'Focus fill.',NULL,NULL),
  (1307,'Deodorant',10,10,7,3,5,'2024-05-28 09:04:01',10,'2024-05-28 09:04:02',32,NULL,NULL,0,'May light politics seven.',NULL,NULL),
  (1308,'Food',11,10,7,3,72,'2024-05-28 09:04:01',15,NULL,NULL,NULL,NULL,0,'Partner.',NULL,NULL),
  (1309,'Tents',13,10,7,3,34,'2024-05-28 09:04:01',12,'2024-05-28 09:04:02',34,NULL,NULL,0,'Although.',NULL,NULL),
  (1310,'candles',13,10,7,3,54,'2024-05-28 09:04:01',16,'2024-05-28 09:04:03',16,NULL,NULL,1,'Seven.',NULL,NULL),
  (1311,'inhalation device',15,10,7,3,65,'2024-05-28 09:04:01',15,'2024-05-28 09:04:03',10,NULL,NULL,1,'Star trial.',NULL,NULL),
  (1312,'Shirts',8,9,22,3,91,'2024-05-28 09:04:01',34,'2024-05-28 09:04:03',18,NULL,NULL,0,'Work city.',NULL,NULL),
  (1313,'Jackets',8,9,22,3,45,'2024-05-28 09:04:01',15,'2024-05-28 09:04:02',12,NULL,NULL,0,'My.',NULL,NULL),
  (1314,'Trousers',8,9,22,3,15,'2024-05-28 09:04:01',17,'2024-05-28 09:04:02',12,NULL,NULL,0,'Situation.',NULL,NULL),
  (1315,'shoes',5,1,3,3,46,'2024-05-28 09:04:01',10,'2024-05-28 09:04:02',15,NULL,NULL,1,NULL,NULL,NULL),
  (1316,'Shoes',5,2,8,3,62,'2024-05-28 09:04:01',15,'2024-05-28 09:04:03',34,NULL,NULL,1,NULL,NULL,NULL),
  (1317,'shoes',5,6,6,3,65,'2024-05-28 09:04:01',10,'2024-05-28 09:04:02',15,NULL,NULL,1,'Memory realize.',NULL,NULL),
  (1318,'Child clothes',12,10,17,3,0,'2024-05-28 09:04:01',34,'2024-05-28 09:04:01',16,NULL,NULL,0,NULL,'2024-05-28 09:04:01',NULL),
  (1319,'Underwear',1,1,6,4,25,'2024-05-28 09:04:03',39,NULL,NULL,NULL,NULL,0,'Like decision.',NULL,NULL),
  (1320,'Underwear',1,2,6,4,45,'2024-05-28 09:04:03',39,'2024-05-28 09:04:05',10,NULL,NULL,0,'Standard its.',NULL,NULL),
  (1321,'Underwear',1,4,6,4,54,'2024-05-28 09:04:03',19,'2024-05-28 09:04:05',39,NULL,NULL,1,'Firm.',NULL,NULL),
  (1322,'Underwear',1,5,6,4,10,'2024-05-28 09:04:03',39,'2024-05-28 09:04:05',20,NULL,NULL,0,'Tend.',NULL,NULL),
  (1323,'tights',1,1,6,4,57,'2024-05-28 09:04:03',20,'2024-05-28 09:04:05',19,NULL,NULL,1,'Them wife national.',NULL,NULL),
  (1324,'tights',1,2,6,4,60,'2024-05-28 09:04:03',40,'2024-05-28 09:04:05',18,NULL,NULL,1,'Low rate.',NULL,NULL),
  (1325,'Tights',1,4,6,4,94,'2024-05-28 09:04:03',18,'2024-05-28 09:04:04',39,NULL,NULL,0,'Fund.',NULL,NULL),
  (1326,'Tights',1,5,6,4,23,'2024-05-28 09:04:03',40,'2024-05-28 09:04:05',18,NULL,NULL,1,'Because board to.',NULL,NULL),
  (1327,'trousers',2,1,1,4,8,'2024-05-28 09:04:03',41,'2024-05-28 09:04:05',20,NULL,NULL,1,'Chair.',NULL,NULL),
  (1328,'Trousers',2,2,1,4,78,'2024-05-28 09:04:03',19,'2024-05-28 09:04:05',38,NULL,NULL,1,'Positive no eat.',NULL,NULL),
  (1329,'trousers',2,4,1,4,24,'2024-05-28 09:04:03',41,'2024-05-28 09:04:04',41,NULL,NULL,0,'Stop everybody.',NULL,NULL),
  (1330,'Trousers',2,5,1,4,83,'2024-05-28 09:04:03',38,'2024-05-28 09:04:05',41,NULL,NULL,1,'Western down.',NULL,NULL),
  (1331,'T-Shirts',3,1,1,4,53,'2024-05-28 09:04:03',19,NULL,NULL,NULL,NULL,0,'Success character.',NULL,NULL),
  (1332,'T-Shirts',3,2,1,4,33,'2024-05-28 09:04:03',10,'2024-05-28 09:04:04',38,NULL,NULL,0,'Many.',NULL,NULL),
  (1333,'T-Shirts',3,4,1,4,24,'2024-05-28 09:04:03',40,'2024-05-28 09:04:05',37,NULL,NULL,1,'Glass set.',NULL,NULL),
  (1334,'t-shirts',3,5,1,4,24,'2024-05-28 09:04:03',40,'2024-05-28 09:04:04',37,NULL,NULL,0,'Open.',NULL,NULL),
  (1335,'jackets',6,1,1,4,64,'2024-05-28 09:04:03',18,'2024-05-28 09:04:05',10,NULL,NULL,1,'Prevent view defense very.',NULL,NULL),
  (1336,'Jackets',6,2,1,4,42,'2024-05-28 09:04:03',18,'2024-05-28 09:04:05',38,NULL,NULL,0,'Stop weight.',NULL,NULL),
  (1337,'Jackets',6,4,1,4,67,'2024-05-28 09:04:03',20,'2024-05-28 09:04:04',18,NULL,NULL,0,'Special house.',NULL,NULL),
  (1338,'jackets',6,5,1,4,28,'2024-05-28 09:04:03',40,'2024-05-28 09:04:03',37,NULL,NULL,0,'Produce situation soon you.',NULL,NULL),
  (1339,'swimwear',12,1,7,4,93,'2024-05-28 09:04:03',38,'2024-05-28 09:04:04',40,NULL,NULL,0,'Performance statement.',NULL,NULL),
  (1340,'Swimwear',12,2,7,4,1,'2024-05-28 09:04:03',37,'2024-05-28 09:04:05',38,NULL,NULL,1,'Fear.',NULL,NULL),
  (1341,'swimwear',12,4,7,4,31,'2024-05-28 09:04:03',39,'2024-05-28 09:04:04',19,NULL,NULL,0,'Research create.',NULL,NULL),
  (1342,'swimwear',12,5,7,4,74,'2024-05-28 09:04:03',10,'2024-05-28 09:04:05',40,NULL,NULL,0,'Industry.',NULL,NULL),
  (1343,'Gloves',12,1,7,4,32,'2024-05-28 09:04:03',41,'2024-05-28 09:04:05',38,NULL,NULL,1,'Lay beat girl.',NULL,NULL),
  (1344,'gloves',12,2,7,4,59,'2024-05-28 09:04:03',10,'2024-05-28 09:04:03',38,NULL,NULL,0,'Buy wear cup.',NULL,NULL),
  (1345,'gloves',12,4,7,4,41,'2024-05-28 09:04:03',20,'2024-05-28 09:04:05',20,NULL,NULL,1,'Source.',NULL,NULL),
  (1346,'Gloves',12,5,7,4,27,'2024-05-28 09:04:03',39,NULL,NULL,NULL,NULL,0,'However plan Mr.',NULL,NULL),
  (1347,'Socks',1,3,6,4,60,'2024-05-28 09:04:03',39,'2024-05-28 09:04:04',20,NULL,NULL,0,'Summer range.',NULL,NULL),
  (1348,'Socks',1,6,6,4,66,'2024-05-28 09:04:03',40,'2024-05-28 09:04:04',20,NULL,NULL,0,'Personal office.',NULL,NULL),
  (1349,'hats',1,3,7,4,30,'2024-05-28 09:04:03',19,'2024-05-28 09:04:05',38,NULL,NULL,1,'Market really.',NULL,NULL),
  (1350,'Hats',1,6,7,4,38,'2024-05-28 09:04:03',38,'2024-05-28 09:04:05',18,NULL,NULL,1,'Live decade.',NULL,NULL),
  (1351,'Belts',12,3,7,4,36,'2024-05-28 09:04:03',10,NULL,NULL,NULL,NULL,0,'Line sit analysis.',NULL,NULL),
  (1352,'Belts',12,6,7,4,34,'2024-05-28 09:04:03',40,'2024-05-28 09:04:04',19,NULL,NULL,0,'Win.',NULL,NULL),
  (1353,'Umbrellas',4,10,7,4,96,'2024-05-28 09:04:03',40,'2024-05-28 09:04:04',38,NULL,NULL,0,'Road.',NULL,NULL),
  (1354,'Pillows',4,10,7,4,21,'2024-05-28 09:04:03',39,'2024-05-28 09:04:05',20,NULL,NULL,1,'Left.',NULL,NULL),
  (1355,'Towels',9,10,7,4,46,'2024-05-28 09:04:03',39,'2024-05-28 09:04:05',38,NULL,NULL,1,'Attack interest answer.',NULL,NULL),
  (1356,'Toys',9,10,7,4,88,'2024-05-28 09:04:03',41,'2024-05-28 09:04:04',38,NULL,NULL,0,'Seat.',NULL,NULL),
  (1357,'Soap',10,10,7,4,58,'2024-05-28 09:04:03',19,'2024-05-28 09:04:05',37,NULL,NULL,0,'Billion himself.',NULL,NULL),
  (1358,'Deodorant',10,10,7,4,20,'2024-05-28 09:04:03',38,'2024-05-28 09:04:04',41,NULL,NULL,0,'A black.',NULL,NULL),
  (1359,'food',11,10,7,4,19,'2024-05-28 09:04:03',20,'2024-05-28 09:04:04',19,NULL,NULL,0,'Option another.',NULL,NULL),
  (1360,'Tents',13,10,7,4,49,'2024-05-28 09:04:03',38,'2024-05-28 09:04:04',10,NULL,NULL,0,'Key that energy.',NULL,NULL),
  (1361,'Candles',13,10,7,4,50,'2024-05-28 09:04:03',18,'2024-05-28 09:04:05',10,NULL,NULL,1,'Address.',NULL,NULL),
  (1362,'Inhalation device',15,10,7,4,26,'2024-05-28 09:04:03',20,'2024-05-28 09:04:05',10,NULL,NULL,0,'Number.',NULL,NULL),
  (1363,'shirts',8,9,22,4,78,'2024-05-28 09:04:03',38,'2024-05-28 09:04:03',18,NULL,NULL,1,'Instead maybe.',NULL,NULL),
  (1364,'Jackets',8,9,22,4,57,'2024-05-28 09:04:03',40,'2024-05-28 09:04:04',10,NULL,NULL,0,'While line.',NULL,NULL),
  (1365,'Trousers',8,9,22,4,65,'2024-05-28 09:04:03',19,'2024-05-28 09:04:04',18,NULL,NULL,0,'Director guy.',NULL,NULL),
  (1366,'Shoes',5,1,3,4,28,'2024-05-28 09:04:03',41,'2024-05-28 09:04:04',41,NULL,NULL,0,NULL,NULL,NULL),
  (1367,'Shoes',5,2,8,4,52,'2024-05-28 09:04:03',37,'2024-05-28 09:04:05',38,NULL,NULL,1,'Every.',NULL,NULL),
  (1368,'Shoes',5,6,6,4,18,'2024-05-28 09:04:03',40,'2024-05-28 09:04:05',18,NULL,NULL,1,'Mrs.',NULL,NULL),
  (1369,'Child clothes',12,10,17,4,0,'2024-05-28 09:04:03',20,'2024-05-28 09:04:03',10,NULL,NULL,0,NULL,'2024-05-28 09:04:03',NULL);
/*!40000 ALTER TABLE `products` ENABLE KEYS */;
UNLOCK TABLES;

--
-- Table structure for table `qr`
--

DROP TABLE IF EXISTS `qr`;
/*!40101 SET @saved_cs_client     = @@character_set_client */;
/*!40101 SET character_set_client = utf8 */;
CREATE TABLE `qr` (
  `id` int unsigned NOT NULL AUTO_INCREMENT,
  `code` varchar(255) DEFAULT NULL,
  `created` datetime DEFAULT NULL,
  `legacy` int NOT NULL DEFAULT '0',
  PRIMARY KEY (`id`),
  UNIQUE KEY `code_legacy_unique` (`code`,`legacy`)
) ENGINE=InnoDB AUTO_INCREMENT=100006743 DEFAULT CHARSET=utf8 ROW_FORMAT=DYNAMIC;
/*!40101 SET character_set_client = @saved_cs_client */;

--
-- Dumping data for table `qr`
--

LOCK TABLES `qr` WRITE;
/*!40000 ALTER TABLE `qr` DISABLE KEYS */;
INSERT INTO `qr` VALUES (100000000,'093f65e080a295f8076b1c5722a46aa2',NULL,0),(100000001,'44f683a84163b3523afe57c2e008bc8c',NULL,0),(100000002,'5a5ea04157ce4d020f65c3dd950f4fa3',NULL,0),(100000003,'5c829d1bf278615670dceeb9b3919ed2',NULL,0),(100000004,'4b382363fa161c111fa9ad2b335ceacd',NULL,0),(100000005,'b1cf83ae73adfce0d14dbe81b53cb96b',NULL,0),(100005943,'d9b1ab5169bd11f258df94aa57a82ef5','2024-05-28 09:04:05',0),(100005944,'5ff6179fd2e655559b7eb80acb47318a','2024-05-28 09:04:05',0),(100005945,'8ce223e33f3a8a9514e39954a648bb3a','2024-05-28 09:04:05',0),(100005946,'bce56b0e6abc3714c560ec5d9e6adfaa','2024-05-28 09:04:05',0),(100005947,'026996974aeb2fbe73f3e1c02b5fcef6','2024-05-28 09:04:05',0),(100005948,'a2567358fbf5abd7bc1cac3231037a0f','2024-05-28 09:04:05',0),(100005949,'0c9c0fc0c293005f22f8a0d1b130124a','2024-05-28 09:04:05',0),(100005950,'693b0f3fed894d769211028fb9a54694','2024-05-28 09:04:05',0),(100005951,'55fa638b5a2b32a88324a54dbd79583d','2024-05-28 09:04:05',0),(100005952,'e69598bd48564f8b599417bad65279ca','2024-05-28 09:04:05',0),(100005953,'7d67adc6978a9062440fde520cb3af94','2024-05-28 09:04:05',0),(100005954,'ea51bf6f5363fd419740ddb075181b49','2024-05-28 09:04:05',0),(100005955,'3dd81904769d213b1c83f392fe012e16','2024-05-28 09:04:05',0),(100005956,'cd9474dadab181adca58a75b9ade885c','2024-05-28 09:04:05',0),(100005957,'4f9de54ede63dac48b1373c18f2300e8','2024-05-28 09:04:05',0),(100005958,'5d30f4fd177c27363e76d9becf67164b','2024-05-28 09:04:05',0),(100005959,'e67b4a7c51a694a4857b11b2d73e2de3','2024-05-28 09:04:05',0),(100005960,'e461236ffde243113eb7d3d7806a5357','2024-05-28 09:04:05',0),(100005961,'d41d86067eb3e4e00dbca518162658b2','2024-05-28 09:04:05',0),(100005962,'dfd5e1a2c971564239bb7c5d48b0ce68','2024-05-28 09:04:05',0),(100005963,'ab809d5f50d3276efe7293b2e6d28741','2024-05-28 09:04:05',0),(100005964,'3f4e2a9f7b1eabd1445dc7045d31a3f5','2024-05-28 09:04:05',0),(100005965,'24bd3b4487d42bbb231da4db00d559c6','2024-05-28 09:04:05',0),(100005966,'7cae31612aa5c0d5130a674f8197f220','2024-05-28 09:04:05',0),(100005967,'c829f0102089d14f77a3556c860cdc43','2024-05-28 09:04:05',0),(100005968,'2839432b940f8427c3d70fb01f8816a8','2024-05-28 09:04:05',0),(100005969,'ad9c1d403102c23db7c1daba449c217a','2024-05-28 09:04:05',0),(100005970,'3a2f458d6d774e1f1ad30c2ac50948c4','2024-05-28 09:04:05',0),(100005971,'aa992a076071bb47431ed41d5e04406a','2024-05-28 09:04:05',0),(100005972,'4155590124ab58ab6ad8b9dd20b2572d','2024-05-28 09:04:05',0),(100005973,'60fd16d4b3596df6d7d919f8b31d0053','2024-05-28 09:04:05',0),(100005974,'7079888dbda304edde1a0e8ba319c0dd','2024-05-28 09:04:05',0),(100005975,'cd424ef11a8adf48beda4a593a915070','2024-05-28 09:04:05',0),(100005976,'100b72b47c20206ce461e9e63a639f39','2024-05-28 09:04:05',0),(100005977,'da1282db77200ecfbab415d17f76463b','2024-05-28 09:04:05',0),(100005978,'0d1cdc5c1291f08086b434271587d583','2024-05-28 09:04:05',0),(100005979,'03f84a381471c765874c4f86529e973e','2024-05-28 09:04:05',0),(100005980,'55a1ae917f054dacc4e5022a49a4687c','2024-05-28 09:04:05',0),(100005981,'e3a3f427534088bc075aa4e1fe784b58','2024-05-28 09:04:05',0),(100005982,'3af75ff1961b87658927a0f87c3cd9c3','2024-05-28 09:04:05',0),(100005983,'488660892ef80a4ef1f20ae0e620b0e1','2024-05-28 09:04:05',0),(100005984,'9e672c67edc972ff5116392331c3e69d','2024-05-28 09:04:05',0),(100005985,'c02ded23ea2b1b86663eea6219ecc1e9','2024-05-28 09:04:05',0),(100005986,'a5ad37b1b5e9c25f3d0a1ae6428c187f','2024-05-28 09:04:05',0),(100005987,'ce32b0352acc1bc44c601add7f711bc3','2024-05-28 09:04:05',0),(100005988,'34b19e9a4ddb99a56b339db912f6cf01','2024-05-28 09:04:05',0),(100005989,'518a0400be627cd5aa8c254fea20e78a','2024-05-28 09:04:05',0),(100005990,'9a7e5d266e88736a125a1e9011fa9e40','2024-05-28 09:04:05',0),(100005991,'d8a22c9d9248413d70c768d79985bb31','2024-05-28 09:04:05',0),(100005992,'602b3c6f8828f18c8f124784899e9218','2024-05-28 09:04:05',0),(100005993,'df9c48246cf2428faadd943c8bb7bd6d','2024-05-28 09:04:05',0),(100005994,'1031fed392537c282399aee32514f815','2024-05-28 09:04:06',0),(100005995,'403daa6fc2048b5319c9f01fffac484c','2024-05-28 09:04:06',0),(100005996,'4e0293ed5df9b282810026a159307322','2024-05-28 09:04:06',0),(100005997,'4d1805a0ac82159958a5ac91b07c9a85','2024-05-28 09:04:06',0),(100005998,'d05fe82a571830349da2b19496733bb3','2024-05-28 09:04:06',0),(100005999,'f22a430a90bd7bf89a6da998717334a5','2024-05-28 09:04:06',0),(100006000,'75102c4b721f8d96e5b46b0f06ba3567','2024-05-28 09:04:06',0),(100006001,'3827799df3eb5389f151dbd59db98413','2024-05-28 09:04:06',0),(100006002,'2366c3a436f95ddb3ffa884cca7c1f39','2024-05-28 09:04:06',0),(100006003,'66cb50cdd4d401e7d4294596d0379253','2024-05-28 09:04:06',0),(100006004,'4e95a54d0a452b14087c3c42185eff2d','2024-05-28 09:04:06',0),(100006005,'5ecfcde5315fecde93fdac52d7be911b','2024-05-28 09:04:06',0),(100006006,'0159bdee5ace105482989775c591f1af','2024-05-28 09:04:06',0),(100006007,'37d3f1a09a51ff71a308130cb016eff9','2024-05-28 09:04:06',0),(100006008,'646b83da624a0f52687e558c34a32d78','2024-05-28 09:04:06',0),(100006009,'a636e0896809462cc2c6822e769aaf30','2024-05-28 09:04:06',0),(100006010,'2474a869e5354ba9393b0d886970e657','2024-05-28 09:04:06',0),(100006011,'fb462e0e6965b6554a207fb1ef816e9c','2024-05-28 09:04:06',0),(100006012,'1c74d61f0435ab579078c5d059858409','2024-05-28 09:04:06',0),(100006013,'9f74396cd0a78a9cfde811fe7aa5dd25','2024-05-28 09:04:06',0),(100006014,'ba776e8151489b7a1d6cbc30dd88174b','2024-05-28 09:04:06',0),(100006015,'56c3fe5a1efd5c4351fba0dc4ddc7ecf','2024-05-28 09:04:06',0),(100006016,'dc27e789a3eda010588ee9afde07a1c5','2024-05-28 09:04:06',0),(100006017,'31f4b53deb3c4cd8c3ebba7501eb667b','2024-05-28 09:04:06',0),(100006018,'d1886c4557d59cc8a4b05a3b2253f131','2024-05-28 09:04:06',0),(100006019,'fc6eeaa6ee8c93e14b467635a282ae52','2024-05-28 09:04:06',0),(100006020,'d48ba29b87c82aab46eadf16e74415bf','2024-05-28 09:04:06',0),(100006021,'33b30dfd86ca60d731c07a419b3eaefb','2024-05-28 09:04:06',0),(100006022,'b96a4064cf1cf5458d54152c4c18bfed','2024-05-28 09:04:06',0),(100006023,'a3ec987336d1d045cf4216effadcce73','2024-05-28 09:04:06',0),(100006024,'fde87bdf14d50a27064a07b23fbc17fd','2024-05-28 09:04:06',0),(100006025,'c25f6e71a5b9fd7935f2a96bd05e82fb','2024-05-28 09:04:06',0),(100006026,'21c1d66021db7cd6a1ee6d7914076933','2024-05-28 09:04:06',0),(100006027,'5c74fe10694b31a514354965530a04b6','2024-05-28 09:04:06',0),(100006028,'c93699b578ccf1c27e1281202ce94339','2024-05-28 09:04:06',0),(100006029,'0a9b8ea33fcf276c71c20a349806f4e1','2024-05-28 09:04:06',0),(100006030,'ceefb34a22a6b98d17ed396a8bfd9448','2024-05-28 09:04:06',0),(100006031,'49cb1fcf11486c48b1dc01fb8126fcd3','2024-05-28 09:04:06',0),(100006032,'22cfc86e6d0e71696e4861f6388c44e5','2024-05-28 09:04:06',0),(100006033,'0fe632397ba792de4a0d22af6271fd65','2024-05-28 09:04:06',0),(100006034,'34d7743411bc5c78ed034701d70802d9','2024-05-28 09:04:06',0),(100006035,'5b8792f0f53205178b70c7562a44dcbe','2024-05-28 09:04:06',0),(100006036,'a3d3e5627ab107ef6636006f5e7b94cd','2024-05-28 09:04:06',0),(100006037,'0491c06c79a0a37fd926fabd505acb21','2024-05-28 09:04:06',0),(100006038,'e70c5fb96195eb86b599aafadfe64aac','2024-05-28 09:04:06',0),(100006039,'88dd9d5608d7b5a588dfeaa7d28ece89','2024-05-28 09:04:06',0),(100006040,'86b77a16b959355f23a24aa34114493c','2024-05-28 09:04:06',0),(100006041,'de126845d1b1ef0c9087a98da6346606','2024-05-28 09:04:06',0),(100006042,'5be59206794238b4082997c1711da95a','2024-05-28 09:04:06',0),(100006043,'27bd3a4233147382e90cfea3dc9ee9f3','2024-05-28 09:04:06',0),(100006044,'8b8350d49f0b15d4246cc253b2bfb1a7','2024-05-28 09:04:06',0),(100006045,'2f9ed9477ed4adfda07df6d21c273844','2024-05-28 09:04:06',0),(100006046,'35f97f972cd68d88bfda503c10724e12','2024-05-28 09:04:06',0),(100006047,'93f3945140cef9487397d452b7ea0de6','2024-05-28 09:04:06',0),(100006048,'d1de42e584e9d2f84d6c8ddf987870ed','2024-05-28 09:04:06',0),(100006049,'5edb2ff1665b004c54aef8d56731b391','2024-05-28 09:04:06',0),(100006050,'0d02be76903838383bf0cf5be699d2d6','2024-05-28 09:04:06',0),(100006051,'dec35994ba66c0fdf5f2d6079a66a28f','2024-05-28 09:04:06',0),(100006052,'dbcf7529ae501ee3ac716574d5fd1138','2024-05-28 09:04:06',0),(100006053,'7928e4d41f2a6db4db4df0e27dfe87c5','2024-05-28 09:04:06',0),(100006054,'1ca0fcdb114731af1adf78241639137f','2024-05-28 09:04:06',0),(100006055,'563b264d4dfe84dedde1b8748d26d14a','2024-05-28 09:04:06',0),(100006056,'93af755f78ca6d66812060ad382b3868','2024-05-28 09:04:06',0),(100006057,'ef5548f0867ccabbb0e23c1a9b99cc00','2024-05-28 09:04:06',0),(100006058,'aecb7604d04be8500f08bae456e575f6','2024-05-28 09:04:06',0),(100006059,'a52283d38037845c58ebd06a44720a4f','2024-05-28 09:04:06',0),(100006060,'a771cfff345375d308270b7c57524654','2024-05-28 09:04:06',0),(100006061,'8de565703554c22a839b04e2fc141c25','2024-05-28 09:04:06',0),(100006062,'5cb4879acac61311afa3ef22d900b2af','2024-05-28 09:04:06',0),(100006063,'aa652c8b6a05e3e865150b7fc9d8818b','2024-05-28 09:04:06',0),(100006064,'eaa63076d0d8b3373d272069ebf7f42d','2024-05-28 09:04:06',0),(100006065,'6345c392ba01fde3535e18bb7626a4d6','2024-05-28 09:04:06',0),(100006066,'6e1a119841dfdd23f05dfd9aa377c7d8','2024-05-28 09:04:06',0),(100006067,'a8fd7a3fbf1b9586853bececed1e7612','2024-05-28 09:04:06',0),(100006068,'1155e00db87ebd78f2997172dbe62e12','2024-05-28 09:04:06',0),(100006069,'09be88909a8de94f9e07c9d3ed30e2e2','2024-05-28 09:04:06',0),(100006070,'e69a850d7a948afb3028bdd88e5e9610','2024-05-28 09:04:06',0),(100006071,'5ff5fc5dd1a9b65632dcbe0da1e25e47','2024-05-28 09:04:06',0),(100006072,'e79d6d929a99270ca01bb22c00e95858','2024-05-28 09:04:06',0),(100006073,'0d5dae495e7c075e13280e744c7bd081','2024-05-28 09:04:06',0),(100006074,'f38c0ce28e6042574061d1b93f65ae91','2024-05-28 09:04:06',0),(100006075,'e1f10a2883684392f43a643a7e9b7043','2024-05-28 09:04:06',0),(100006076,'cc8574d03c43f33433341869c3008908','2024-05-28 09:04:06',0),(100006077,'22037585ebc39d48c2582ebb55330b6a','2024-05-28 09:04:06',0),(100006078,'b4a472158c8ee1be83defd706839dd58','2024-05-28 09:04:06',0),(100006079,'0ea5e03575ebd73a90463fa9d45ae311','2024-05-28 09:04:06',0),(100006080,'79db19331b807a43f5f2dbbfdc4ee97c','2024-05-28 09:04:06',0),(100006081,'e6d41dbb7f45abdb2bd408ff0904cf77','2024-05-28 09:04:06',0),(100006082,'0cbc99f374d0cd569317e3c875b1655f','2024-05-28 09:04:06',0),(100006083,'d226afce1a4518dd0697775daea6a563','2024-05-28 09:04:06',0),(100006084,'11ca40ece8d3f036472d6e3c73d474c8','2024-05-28 09:04:07',0),(100006085,'2f2158b3dabab5f3591129d278b67881','2024-05-28 09:04:07',0),(100006086,'2046902f68f3a227dca81bf5c3803578','2024-05-28 09:04:07',0),(100006087,'25ae0f2fc412972571e154a6d195c28c','2024-05-28 09:04:07',0),(100006088,'12574afe11f6738200da8d06be151061','2024-05-28 09:04:07',0),(100006089,'39e25cd85483a9443ddc6d16de148d93','2024-05-28 09:04:07',0),(100006090,'933cb5b5cf8177c1100eef6deab35484','2024-05-28 09:04:07',0),(100006091,'70a018e169604bce012e64462e9bc90c','2024-05-28 09:04:07',0),(100006092,'3f4172bd81962111ac36aff3acf0bcb0','2024-05-28 09:04:07',0),(100006093,'b7d446eefdbf11b8661b80ca49f0c8a5','2024-05-28 09:04:07',0),(100006094,'083c297c3de6396dad509f8018ac403d','2024-05-28 09:04:07',0),(100006095,'09f84cdbb6af748becb6d78607c5a1a1','2024-05-28 09:04:07',0),(100006096,'3979facdf4a8e254070af3eabbf92f8b','2024-05-28 09:04:07',0),(100006097,'b22a9e959efb3e9bfab8341aa4670401','2024-05-28 09:04:07',0),(100006098,'9e2c5299d7f2f5b9b26f656bb26b5479','2024-05-28 09:04:07',0),(100006099,'d5266caf163e4fe87b2a5fbb41149333','2024-05-28 09:04:07',0),(100006100,'a684460fb1f145e43b1e69d8425a3f40','2024-05-28 09:04:07',0),(100006101,'131fa4b16369a10b09ae0978d2be6988','2024-05-28 09:04:07',0),(100006102,'dcc5fe94bdde6818bb02a877c5202a83','2024-05-28 09:04:07',0),(100006103,'f9eb337125812fd288fea1057e0dee0d','2024-05-28 09:04:07',0),(100006104,'ff074cac723eeec14e67f003fe15bb66','2024-05-28 09:04:07',0),(100006105,'31ec381cb3b64551bc9ebc1042a036a7','2024-05-28 09:04:07',0),(100006106,'eded922025608bd200fbb2477449012b','2024-05-28 09:04:07',0),(100006107,'6077a77014d4db3a88bbe77f671c733f','2024-05-28 09:04:07',0),(100006108,'aeceafa92e5717761a87a4333abb85e4','2024-05-28 09:04:07',0),(100006109,'dd2c86a8407286398cb366b9150e6a91','2024-05-28 09:04:07',0),(100006110,'b37cfce7b6c80cf7a987ee1343ac3cd3','2024-05-28 09:04:07',0),(100006111,'469e76b8879eebc43a2bcf57c94d096c','2024-05-28 09:04:07',0),(100006112,'6b4da4d4250057383cd42f7146180033','2024-05-28 09:04:07',0),(100006113,'ec4e59266998e756b44c8df37f7c4c2c','2024-05-28 09:04:07',0),(100006114,'d350c4baecb67dc8d7eed34f15604510','2024-05-28 09:04:07',0),(100006115,'876d19171235982d7bd6cd7e30699592','2024-05-28 09:04:07',0),(100006116,'9d7f34fbea04de63b0acdfb874f3ef59','2024-05-28 09:04:07',0),(100006117,'217b0fdd812a4a2b75d6bab03f8134f2','2024-05-28 09:04:07',0),(100006118,'69691ec7749477066e4ba5dd85a5f88b','2024-05-28 09:04:07',0),(100006119,'466997c4c2b738f9cb534c20bac35d23','2024-05-28 09:04:07',0),(100006120,'3b73735cbae2b6dc9560deb8e46521da','2024-05-28 09:04:07',0),(100006121,'12927aa5a4cc69cef29d2ee86fbd39b2','2024-05-28 09:04:07',0),(100006122,'b333789f2c9d8d7a9905f99921d1c7c6','2024-05-28 09:04:07',0),(100006123,'c6d0023d54bebd18f4f26b8a1d3aa938','2024-05-28 09:04:07',0),(100006124,'761bad2c4c21fd264412594b0e4073bc','2024-05-28 09:04:07',0),(100006125,'3a4be0b4e644472f64583b85f5e85430','2024-05-28 09:04:07',0),(100006126,'d1b66e92d1eb709252e92d448c1ba51f','2024-05-28 09:04:07',0),(100006127,'e74e8e1e679630f1fa7207c63dbd7517','2024-05-28 09:04:07',0),(100006128,'a8497a9712831a5cb2dfd9b0f67adc59','2024-05-28 09:04:07',0),(100006129,'fe2262a10ee96e4c1842642d803c26bf','2024-05-28 09:04:07',0),(100006130,'ba9e870d69386bd19d780abadcc30dfd','2024-05-28 09:04:07',0),(100006131,'8607ca7e582fa6454a5d62c46d1ddb27','2024-05-28 09:04:07',0),(100006132,'92c13c2110f01b4b6d254d8571d2c48c','2024-05-28 09:04:07',0),(100006133,'07a46996caf3d29ad1f97d9237620440','2024-05-28 09:04:07',0),(100006134,'50b04e2fc8ae88fe410c6add7e2e331f','2024-05-28 09:04:07',0),(100006135,'574f1f4206c8a1e04ae8c06f6880f050','2024-05-28 09:04:07',0),(100006136,'2f383414359040afa17127aca6aebefa','2024-05-28 09:04:07',0),(100006137,'a513e7bd84fcb149152930b34f9f646a','2024-05-28 09:04:07',0),(100006138,'18ae710d958f7bacfd5207fc68c096dd','2024-05-28 09:04:07',0),(100006139,'d4588c72efd6aecd8dad2aab0c405245','2024-05-28 09:04:07',0),(100006140,'7498662065a45e0f22dc3c31dd91ca3a','2024-05-28 09:04:07',0),(100006141,'cf0feda0bffbdaef0aad26bc96706127','2024-05-28 09:04:07',0),(100006142,'f80e44d34a7b426036f896981acc6c97','2024-05-28 09:04:07',0),(100006143,'43a5cc79f8a80f8792fd6b3e68258628','2024-05-28 09:04:07',0),(100006144,'41c72b6b4cdc37ca08327c609106395e','2024-05-28 09:04:07',0),(100006145,'76cc52235a8e7020ae1c9b1baa464d4b','2024-05-28 09:04:07',0),(100006146,'e217ecbe9aa618442fce74d23edecd01','2024-05-28 09:04:07',0),(100006147,'bfd0b59fafaaf883a6aa032618d08db9','2024-05-28 09:04:07',0),(100006148,'900d8ed283c7a4ba589b66298f809fe3','2024-05-28 09:04:07',0),(100006149,'24a1e75e61447b415c556bb91beec08e','2024-05-28 09:04:07',0),(100006150,'c738d4e46abd8f19e05df2f2a8084988','2024-05-28 09:04:07',0),(100006151,'a7d247fcad62b5948b3c49fc2bf654cd','2024-05-28 09:04:07',0),(100006152,'aeeb769428f30929985cff5982845e4c','2024-05-28 09:04:07',0),(100006153,'513d68216626c4e78283afbf36b35248','2024-05-28 09:04:07',0),(100006154,'192a41306c7ffa6115ef67004018774c','2024-05-28 09:04:07',0),(100006155,'f7318ff8b0370102a85fccf6d6c00db6','2024-05-28 09:04:07',0),(100006156,'84648978c38a4a46ac43cd024e77764c','2024-05-28 09:04:07',0),(100006157,'54679bca00f5749423a04b93212fbd19','2024-05-28 09:04:07',0),(100006158,'7363efc4170a12be9cf9163d5296ea41','2024-05-28 09:04:07',0),(100006159,'fc73d5c0addf23b91e06261b38a7dc45','2024-05-28 09:04:07',0),(100006160,'3c5116246fdefb310e7af799eb6b8cde','2024-05-28 09:04:07',0),(100006161,'bce539bd55fdcb197ff5488438fba9d4','2024-05-28 09:04:07',0),(100006162,'f80021576ba6534a2e10ef8c01bb7cef','2024-05-28 09:04:07',0),(100006163,'7e19d00dc7b72ae6368a57b82fafdfb6','2024-05-28 09:04:07',0),(100006164,'02fde27c64011d17b6faa3d595b8239b','2024-05-28 09:04:07',0),(100006165,'2ae5219dd9f8a8bc600305364d79f573','2024-05-28 09:04:07',0),(100006166,'73529c6e89939ef0983e6e73b4c3dbf6','2024-05-28 09:04:07',0),(100006167,'343c9c934bbb063d73eb3e272c3078c1','2024-05-28 09:04:07',0),(100006168,'fe8397c3d01032339492d7ca9a767545','2024-05-28 09:04:07',0),(100006169,'60838809b49450c71770ab7cb00a7728','2024-05-28 09:04:07',0),(100006170,'884425dd784a9490ed1d1e0469734187','2024-05-28 09:04:07',0),(100006171,'e68b43cfa45b8577034bfaad576ea590','2024-05-28 09:04:07',0),(100006172,'72c0a3ac0cefb462816f0a3bc30252ba','2024-05-28 09:04:07',0),(100006173,'2489f77cec82bbf13cd886d4d0d0328d','2024-05-28 09:04:07',0),(100006174,'412ba2104fe5f7c98e3a55882d852f5d','2024-05-28 09:04:07',0),(100006175,'5e60c2ce6b279ac9f3ad1c92873103ec','2024-05-28 09:04:07',0),(100006176,'00d5c0e6492257a9f86203417071bbb6','2024-05-28 09:04:07',0),(100006177,'051dbe181bf9b989acbc791d40d22ffe','2024-05-28 09:04:07',0),(100006178,'4b3702a7add17b95fae33d97888de061','2024-05-28 09:04:07',0),(100006179,'58f11ef86fafd7f391e0766b90e6a608','2024-05-28 09:04:07',0),(100006180,'cb55b881ba03b6bf5065c729f67f0440','2024-05-28 09:04:07',0),(100006181,'fa613d779e4e7dc5992cde94cc1b8462','2024-05-28 09:04:07',0),(100006182,'4eb62bf4ccee8cdd571d1747c5965249','2024-05-28 09:04:07',0),(100006183,'e8ffb484b3990c14bcb5e123ce1675aa','2024-05-28 09:04:07',0),(100006184,'a6f53dcc6676bf65715ea8f9ebe22586','2024-05-28 09:04:07',0),(100006185,'a832c2e597a7dec7c1abfab5c766e988','2024-05-28 09:04:08',0),(100006186,'f214d7941d0a12bc9e358882edce3e7a','2024-05-28 09:04:08',0),(100006187,'448490bfcc7c1a5883c67ecd613b8186','2024-05-28 09:04:08',0),(100006188,'5b27a386fde3b229dd2bb4da17489a0e','2024-05-28 09:04:08',0),(100006189,'bcf29ba7df3082cead99bd54830ce75f','2024-05-28 09:04:08',0),(100006190,'60dc2c05ad8b49aca167776de3a9f12c','2024-05-28 09:04:08',0),(100006191,'d9e8788c480c7053ce11127433762dc0','2024-05-28 09:04:08',0),(100006192,'d7ba4a74dfd49da0b6b7d8bc8ed90938','2024-05-28 09:04:08',0),(100006193,'f4ce9f2cb180e2ee086e14962415a771','2024-05-28 09:04:08',0),(100006194,'4ceb5bdc69ad74096ec4417419e2fa5d','2024-05-28 09:04:08',0),(100006195,'2148d9025ee5456cb5ae14fa626294f0','2024-05-28 09:04:08',0),(100006196,'628f34ecc4c5d6d4f3435aab30e8d016','2024-05-28 09:04:08',0),(100006197,'8f5be64b7b45630f475f44b197383f38','2024-05-28 09:04:08',0),(100006198,'f347b0a67755a86ea025470bf1ab13aa','2024-05-28 09:04:08',0),(100006199,'d188f9be46f81c2e920cc09db6e21ba0','2024-05-28 09:04:08',0),(100006200,'dc4e8390a3155dcb5eb4070b1edc5a99','2024-05-28 09:04:08',0),(100006201,'69361b6923191d5c2f7bb55a3ba9d2e6','2024-05-28 09:04:08',0),(100006202,'6064dde56d0e5be62f74df4e05069ed4','2024-05-28 09:04:08',0),(100006203,'0ed0d3f342ec4778ba66c44710a77224','2024-05-28 09:04:08',0),(100006204,'c54fb625c91ff647e04eee6a883915d7','2024-05-28 09:04:08',0),(100006205,'f05d911d2f4c5a7b839d5c0e9332e010','2024-05-28 09:04:08',0),(100006206,'d08db4a964ed02c39ba386fbe64dad71','2024-05-28 09:04:08',0),(100006207,'3b83627efa68748607b70567c0476c46','2024-05-28 09:04:08',0),(100006208,'0124540e407bccda21fc5111cc28bf46','2024-05-28 09:04:08',0),(100006209,'4cc14347a67e6c1d3a926fc215f4d975','2024-05-28 09:04:08',0),(100006210,'9340299bf06643b8e18c456338116b5d','2024-05-28 09:04:08',0),(100006211,'6c0d1c2c003d1798c7d632777fb13a2d','2024-05-28 09:04:08',0),(100006212,'b817e78069a9d4825707a596c799180e','2024-05-28 09:04:08',0),(100006213,'f0a76a5b04fada4aa9b159d82efe32f2','2024-05-28 09:04:08',0),(100006214,'1a755edb5b98f735ca8f7374a02ff3b2','2024-05-28 09:04:08',0),(100006215,'f1cf9b0e2a62e812b64cc3155f1cf909','2024-05-28 09:04:08',0),(100006216,'01acb016a9dbe137cada989bc1bf657e','2024-05-28 09:04:08',0),(100006217,'a1caa1bad220369617f72a9a18a11a0d','2024-05-28 09:04:08',0),(100006218,'2b9b894682d3e8acbedc96db44ab1117','2024-05-28 09:04:08',0),(100006219,'1bc701a4eeedb9be1e56a85378891fec','2024-05-28 09:04:08',0),(100006220,'5c3f45e1327e366f0a1ef73a74142cc2','2024-05-28 09:04:08',0),(100006221,'31dd076a3d41538a493e821e9b743809','2024-05-28 09:04:08',0),(100006222,'b6620f849622316e44019caac5515193','2024-05-28 09:04:08',0),(100006223,'a31b28cc41a79276b668e1478fe9eb09','2024-05-28 09:04:08',0),(100006224,'5d2cbb536d54e5ba70ea8ce7a9c91dc6','2024-05-28 09:04:08',0),(100006225,'d9eb8954326aac8af2ecd9f7fb8f197a','2024-05-28 09:04:08',0),(100006226,'b9d94f61235d6c5f368721f61eb87319','2024-05-28 09:04:08',0),(100006227,'ec64a4379c4580cb6ab5ce46cf6693bf','2024-05-28 09:04:08',0),(100006228,'1f0c4eba14c79ffe3eb4cdeca0430b3d','2024-05-28 09:04:08',0),(100006229,'9a3c366aaa8e19d5e38637dba57e3f5c','2024-05-28 09:04:08',0),(100006230,'ba8be027f06562fe420c780bdb974706','2024-05-28 09:04:08',0),(100006231,'02fd7ce2473053d5293f1bfa96780100','2024-05-28 09:04:08',0),(100006232,'c9e7766de25b93cdd4ac5d2ad68fa64e','2024-05-28 09:04:08',0),(100006233,'ef916fc37c789cc670fdc317576c3086','2024-05-28 09:04:08',0),(100006234,'113ffef35b9501725458d0aefe16db17','2024-05-28 09:04:08',0),(100006235,'cb8ee17c38178d501f0da57f64a9a52f','2024-05-28 09:04:08',0),(100006236,'6d32cad0131866dfacb0cb58ed2c4612','2024-05-28 09:04:08',0),(100006237,'6c2397a7524b811ce328697b28c5521d','2024-05-28 09:04:08',0),(100006238,'cc7cddb9add507e5f594eee84f560872','2024-05-28 09:04:08',0),(100006239,'7f44e2f8a328bf9412b297a369a3efc2','2024-05-28 09:04:08',0),(100006240,'b889ae9ac4695950c390fd9318b95789','2024-05-28 09:04:08',0),(100006241,'807155ae0eecdc6ad75846494c0f1b8b','2024-05-28 09:04:08',0),(100006242,'72320d4848f244a977ed708b1ed91bbb','2024-05-28 09:04:08',0),(100006243,'0d833be6021a5a9f6f9c0dd5f41fa9d2','2024-05-28 09:04:08',0),(100006244,'5df5c01385c2385365240e91cefd4c43','2024-05-28 09:04:08',0),(100006245,'b8d209d2fffaa7fb3366f5c5a390e571','2024-05-28 09:04:08',0),(100006246,'60efb7bde8450c8705f742ab59d02364','2024-05-28 09:04:08',0),(100006247,'3bfcf9c180ce67c033c9d04ed2572ad9','2024-05-28 09:04:08',0),(100006248,'ce945fd081389fe66f1a7795ac48f6a7','2024-05-28 09:04:08',0),(100006249,'12b9f6536e50e577b46bd2b9713b82e1','2024-05-28 09:04:08',0),(100006250,'abe75339bf52c9dfb339a721b5a4c178','2024-05-28 09:04:08',0),(100006251,'27c0358d7dec0de3e9635c64cfce919a','2024-05-28 09:04:08',0),(100006252,'adf11b05ab418860522c25629bb99308','2024-05-28 09:04:08',0),(100006253,'6e2bcda04729e2900ec0246c9ee406c5','2024-05-28 09:04:08',0),(100006254,'139cd949fe5094426a791c231e157347','2024-05-28 09:04:08',0),(100006255,'3c99dee2afb69182438f51452d55dda9','2024-05-28 09:04:08',0),(100006256,'b8d2865e8629f4a07640613c7f7b1d7c','2024-05-28 09:04:08',0),(100006257,'5c68c030490536a7361b6bba4012a25b','2024-05-28 09:04:08',0),(100006258,'6ebabc14081a98ee1602548d1e44dfe3','2024-05-28 09:04:08',0),(100006259,'093d86abc481c93d1f665d075ff93de8','2024-05-28 09:04:08',0),(100006260,'dc3f8ab5a8a2effc151a7259f4d4c4e1','2024-05-28 09:04:08',0),(100006261,'0473011e6ab5307dcce0edb98601ae9d','2024-05-28 09:04:08',0),(100006262,'41af3692a86fac5d21d39f38d0a23daf','2024-05-28 09:04:08',0),(100006263,'7ada23255eac090907314d5139093fe6','2024-05-28 09:04:08',0),(100006264,'790324751a0771a9e6839cf5b5d4d68b','2024-05-28 09:04:08',0),(100006265,'8832a587623dcd6c35dbc12ea2b2af42','2024-05-28 09:04:08',0),(100006266,'9b8f005ae839cc66700c5c5c94f34596','2024-05-28 09:04:08',0),(100006267,'b262eccb7623c8c1090d1bffb103e6d3','2024-05-28 09:04:08',0),(100006268,'a4fd98fc79770efc4ecd332bb90d5f0c','2024-05-28 09:04:08',0),(100006269,'c7de3e6a553ad004d69252dca919332f','2024-05-28 09:04:08',0),(100006270,'183ce0a41f0952f0748a7fae3d5281fe','2024-05-28 09:04:08',0),(100006271,'fe76648dc5400aefc608fbab667c8f6c','2024-05-28 09:04:08',0),(100006272,'9ee396f67b690614092620bbdeed3374','2024-05-28 09:04:08',0),(100006273,'40dadb87426ec2defe62827d5ef82511','2024-05-28 09:04:08',0),(100006274,'729eeddc136b101a2a73f6b68478d54c','2024-05-28 09:04:08',0),(100006275,'8482d7829ac77cea3616a5e565931f64','2024-05-28 09:04:08',0),(100006276,'22979ffbaaa3e78ae30e91fb1c765a4d','2024-05-28 09:04:08',0),(100006277,'237698f665e4393a6cc12477fbd58cc4','2024-05-28 09:04:08',0),(100006278,'ec029fd9e4258fd1766ab0a61dd1b221','2024-05-28 09:04:08',0),(100006279,'626e691f1398c49a59ff6053f0ac7318','2024-05-28 09:04:08',0),(100006280,'4d4d5dd6f79d83e182ccd701b2b86535','2024-05-28 09:04:09',0),(100006281,'1c7d24d119aac5ce0328c9901729ca1a','2024-05-28 09:04:09',0),(100006282,'8f81531e239fd96c00f00e06b51a010c','2024-05-28 09:04:09',0),(100006283,'eae10ba0dc8093243bb0be0ea8c323b5','2024-05-28 09:04:09',0),(100006284,'ccb46737f647a7fd2fb16038296f9795','2024-05-28 09:04:09',0),(100006285,'e93fa1f5c28a9c75d881ddff610578e1','2024-05-28 09:04:09',0),(100006286,'13430ebf20036df203b6b686e024cdc4','2024-05-28 09:04:09',0),(100006287,'3466044113c392d3dc6a3280064c7c23','2024-05-28 09:04:09',0),(100006288,'0ce20cf10d8b54d17b4f2218002b7894','2024-05-28 09:04:09',0),(100006289,'c28a90c18e15dc9ea3809cb336d65313','2024-05-28 09:04:09',0),(100006290,'1378373ccb44d6a774afb1e17192f4cb','2024-05-28 09:04:09',0),(100006291,'22074c31e81941e6453a52a7dc0319d5','2024-05-28 09:04:09',0),(100006292,'f7feda37a65f7ae4b441db18cb445306','2024-05-28 09:04:09',0),(100006293,'0db59e5536ebd315affbbeeda7ed6d2f','2024-05-28 09:04:09',0),(100006294,'021856c4da92f5870a1eb2205e5c6e23','2024-05-28 09:04:09',0),(100006295,'2d816ad1a99f94c1f4efc3a4ce518afa','2024-05-28 09:04:09',0),(100006296,'25e947a60d7e77349e7924f036de516c','2024-05-28 09:04:09',0),(100006297,'fb97b0566768665f58dd5bb93726558f','2024-05-28 09:04:09',0),(100006298,'8775beea512940ed47ee26d973b836c6','2024-05-28 09:04:09',0),(100006299,'103252f494da94b9951867783ac10ed9','2024-05-28 09:04:09',0),(100006300,'f75fe773b20c0d16263e267363f5b492','2024-05-28 09:04:09',0),(100006301,'809973bd012c4e909f4487129d49561f','2024-05-28 09:04:09',0),(100006302,'9194e2916221523f440d87c9e6421ced','2024-05-28 09:04:09',0),(100006303,'a8942d4fa99088579cf90c4844a40edd','2024-05-28 09:04:09',0),(100006304,'e8307fc5dc004e4f2430e6551cdcbc0b','2024-05-28 09:04:09',0),(100006305,'3aa1bd6dfcbb4dabebee243f4cbdc244','2024-05-28 09:04:09',0),(100006306,'cfdac7bc9a2989ebdaadc611a056fce3','2024-05-28 09:04:09',0),(100006307,'ece6f1fac2c8d57820f57ab49897eef1','2024-05-28 09:04:09',0),(100006308,'96a3c83acb2c3a75568bc9d34f44b48d','2024-05-28 09:04:09',0),(100006309,'459c9de5937cbbd66a9fb5583e146915','2024-05-28 09:04:09',0),(100006310,'8c1f332bc9a2047e36f8ab8d99cef696','2024-05-28 09:04:09',0),(100006311,'297de08d9ed5c12b1eb542f45dd79edd','2024-05-28 09:04:09',0),(100006312,'38d83fb39f8a4d8ae0f79588f765c6ff','2024-05-28 09:04:09',0),(100006313,'bf41bd3bcddf7aaac367f6a494eb5bc1','2024-05-28 09:04:09',0),(100006314,'2b5e682b5e45ce63cc31bdadde4d4e62','2024-05-28 09:04:09',0),(100006315,'7b2727d543f5fe8615a7c7aacd28cf53','2024-05-28 09:04:09',0),(100006316,'70afa5bd5581548f7fa0734b81e4a878','2024-05-28 09:04:09',0),(100006317,'ec263e3cbd7e73bc674f19c83d2ec8a9','2024-05-28 09:04:09',0),(100006318,'31cf7399a9ac8de127919025a93c2d99','2024-05-28 09:04:09',0),(100006319,'c0736d825759731f296f58cd05317659','2024-05-28 09:04:09',0),(100006320,'62284d5cd11db6dc4014265ab8e81a9f','2024-05-28 09:04:09',0),(100006321,'55e332ca2cdde301d726f72140cc91bf','2024-05-28 09:04:09',0),(100006322,'ee38cd314c97eeb614841149d2881d35','2024-05-28 09:04:09',0),(100006323,'46c62ad6475aa0415f01c58448674d13','2024-05-28 09:04:09',0),(100006324,'b9e723da334027df605140c98c592026','2024-05-28 09:04:09',0),(100006325,'5ba9a9e553218e2554afbdee2c7a476d','2024-05-28 09:04:09',0),(100006326,'27e05904effa9d98cc75f76151bcbe62','2024-05-28 09:04:09',0),(100006327,'f22871f9b9ca958ab64cde16e3a59d83','2024-05-28 09:04:09',0),(100006328,'d51fdcf503a58ac6a0332ad4b756fbb9','2024-05-28 09:04:09',0),(100006329,'86e09c6499c79f526f6e6bf57410bf59','2024-05-28 09:04:09',0),(100006330,'53a26c02d20bd21f22a43267a9828dc0','2024-05-28 09:04:09',0),(100006331,'9044dd5fbedf4b12107523229a4ca9fd','2024-05-28 09:04:09',0),(100006332,'01e6781e4bd5c337f5bab94570e44c6d','2024-05-28 09:04:09',0),(100006333,'48db68b2139f9f44176c3ab5f617ccac','2024-05-28 09:04:09',0),(100006334,'84cb6536adde5a4caa631a2cd46a91df','2024-05-28 09:04:09',0),(100006335,'98056bd52f83843cccde2d1421b53f8b','2024-05-28 09:04:09',0),(100006336,'3c2f5fc2acd1b8686f27fcfd93936dd2','2024-05-28 09:04:09',0),(100006337,'da353f729ffd31b448f08714f524c1d1','2024-05-28 09:04:09',0),(100006338,'a8765faf7cd9d81372655346f5be64fd','2024-05-28 09:04:09',0),(100006339,'a4a66a0e6b6d1d7847edcce190662377','2024-05-28 09:04:09',0),(100006340,'18f5ad108a4390f4abeb49842ef3c6b9','2024-05-28 09:04:09',0),(100006341,'67c64e53d6ca054e477378e1b18b90c9','2024-05-28 09:04:09',0),(100006342,'d34374ce17eae889718f9b6520e79c0e','2024-05-28 09:04:09',0),(100006343,'2864bedd3301ae35bb4232c5fd34ce2e','2024-05-28 09:04:09',0),(100006344,'a5be47654c78c82a5a16985a434ba6d6','2024-05-28 09:04:09',0),(100006345,'5c17b3f096ea65f6273abd3d9c96e4f8','2024-05-28 09:04:09',0),(100006346,'94e4080f596c4ff95bb8060a52aa5aa1','2024-05-28 09:04:09',0),(100006347,'306ed64aab647b014f0bedf7f0b73ee4','2024-05-28 09:04:09',0),(100006348,'60881e41acb77c8fb9e39de0491f19a2','2024-05-28 09:04:09',0),(100006349,'af1b5a244756228c6c4688862b4cf376','2024-05-28 09:04:09',0),(100006350,'065c61fdf3e781a81ffdf4e7ab558cff','2024-05-28 09:04:09',0),(100006351,'42cf3aa2632281504968a903df650e72','2024-05-28 09:04:09',0),(100006352,'f230ff773f73180931118e3133ebfd1c','2024-05-28 09:04:09',0),(100006353,'0a73c62d9723dcb4780b25dbef1fe5e2','2024-05-28 09:04:09',0),(100006354,'a66ca79f644f02b228866b0305232073','2024-05-28 09:04:09',0),(100006355,'73025267bcad00b1369679d1c99d3bb0','2024-05-28 09:04:09',0),(100006356,'6db67067210fc08a2fd0b0fc0f455b89','2024-05-28 09:04:09',0),(100006357,'5d79c814d1c1b0388a4583d992e23092','2024-05-28 09:04:09',0),(100006358,'3eadc8ce5db72ae047041d9f25573ef1','2024-05-28 09:04:09',0),(100006359,'4786d4db06f86fb7a5f0b8d29b7e1b1f','2024-05-28 09:04:09',0),(100006360,'e83d1e67a3c37b6dede35a08aae2473c','2024-05-28 09:04:09',0),(100006361,'e066751fd325da5e5dbaad041ce90373','2024-05-28 09:04:09',0),(100006362,'c49d2bc8aa34ef77c20179a6ad001afb','2024-05-28 09:04:09',0),(100006363,'5cb60bfc13666a3d485b329fa9fe0362','2024-05-28 09:04:09',0),(100006364,'8b6be8495b54208a30b9b5d89780d891','2024-05-28 09:04:09',0),(100006365,'324801ed49a8d73ec00c9c54ac473c79','2024-05-28 09:04:09',0),(100006366,'fb222df3b2f364838de4e68a21ac992b','2024-05-28 09:04:09',0),(100006367,'496dd849723adc987fd528b5a99408ff','2024-05-28 09:04:09',0),(100006368,'bd0c0f5ea51efe99ab4608850a7f9dbb','2024-05-28 09:04:09',0),(100006369,'9e15fa1fd3ca03963ec0cb16f020bf85','2024-05-28 09:04:10',0),(100006370,'6fb3e0d5de568e9baac80a8976deb023','2024-05-28 09:04:10',0),(100006371,'61a174948aeb02e61552cd8b98d49644','2024-05-28 09:04:10',0),(100006372,'257131b922ab466d217acf664a6d474a','2024-05-28 09:04:10',0),(100006373,'3fd6d48486e75b1269d0cc045272bf8f','2024-05-28 09:04:10',0),(100006374,'fd5b52bc8e86a8b933e51d5770abe79a','2024-05-28 09:04:10',0),(100006375,'a8c4f6eff30e0a58e3efec5c24823343','2024-05-28 09:04:10',0),(100006376,'81a90ce4ac8ec693830cf99f9ed23c8b','2024-05-28 09:04:10',0),(100006377,'08a749274d4a15715536b7e1726b3b6b','2024-05-28 09:04:10',0),(100006378,'deeb88964146f0821f96bb4551d6c9e9','2024-05-28 09:04:10',0),(100006379,'550221c4b0042b6825525611fcb7a127','2024-05-28 09:04:10',0),(100006380,'476464659516468935b18dbc453d970d','2024-05-28 09:04:10',0),(100006381,'5cf8a3d6d13b2c508f24525393e61efd','2024-05-28 09:04:10',0),(100006382,'85438e6867b1d876a4acad1465b62b83','2024-05-28 09:04:10',0),(100006383,'7533a49701ac6769742610416fe90e70','2024-05-28 09:04:10',0),(100006384,'a35c3550aa55603c373fe132bb22dcad','2024-05-28 09:04:10',0),(100006385,'157a22e4ad4bf3697e9ec2b0530c8047','2024-05-28 09:04:10',0),(100006386,'25410fb08894b34c585497347523992e','2024-05-28 09:04:10',0),(100006387,'439a5a7ef5358ee865fc192e6c30efc1','2024-05-28 09:04:10',0),(100006388,'04508398e21891508288f9d64c250f1e','2024-05-28 09:04:10',0),(100006389,'d7c4021b120349a482b95fa9bf537deb','2024-05-28 09:04:10',0),(100006390,'6d816c841e672d8caec401e12a688f47','2024-05-28 09:04:10',0),(100006391,'4ca66349dcb9f226ffc702e85f1ba84e','2024-05-28 09:04:10',0),(100006392,'ebb488a43df5d4b8ffa3213ad29b8338','2024-05-28 09:04:10',0),(100006393,'db4a1efcadb2e9bfe2dba94f5f4c7d39','2024-05-28 09:04:10',0),(100006394,'61457b5935b6c5c06ed9747acdc4914d','2024-05-28 09:04:10',0),(100006395,'c8bff3ea6e54a35f8e70e27e38a62d39','2024-05-28 09:04:10',0),(100006396,'d871e6c7f0a6e74fea024427a6ee3381','2024-05-28 09:04:10',0),(100006397,'d8d256c6ecf3f8f240f49de802357ccc','2024-05-28 09:04:10',0),(100006398,'c11f322a253484c719933a876434e444','2024-05-28 09:04:10',0),(100006399,'bfa5960adba95617976f40a6b9616579','2024-05-28 09:04:10',0),(100006400,'7c2442e8877a48959b648e07d43edafb','2024-05-28 09:04:10',0),(100006401,'6cf85b1600a097df37f2505447ad2a8d','2024-05-28 09:04:10',0),(100006402,'c4fb04770733913ead0a768cd4f49416','2024-05-28 09:04:10',0),(100006403,'b3bd456e29c547383d97799ef64f9e1c','2024-05-28 09:04:10',0),(100006404,'f4935849bf02bb42a971ee42ab5f7fba','2024-05-28 09:04:10',0),(100006405,'648208f22b9ef9995960779af48c14ca','2024-05-28 09:04:10',0),(100006406,'975fc5cc5fb5e0c6e792be78a08c863c','2024-05-28 09:04:10',0),(100006407,'998ac0bb7e7202f7ddd9425497735917','2024-05-28 09:04:10',0),(100006408,'32870f5cc8f2ea9142ba04e82eceafe8','2024-05-28 09:04:10',0),(100006409,'acbbd182dea9db93f4b57b901595d4fa','2024-05-28 09:04:10',0),(100006410,'0c7907981c1163d2f52dac536198ed2b','2024-05-28 09:04:10',0),(100006411,'bea61e77dd603a957e6dee0247a52cc4','2024-05-28 09:04:10',0),(100006412,'4cca9c72a3bd756b202cf60996822f2d','2024-05-28 09:04:10',0),(100006413,'bc59d580dbdf4807fdb8a4107e0462e5','2024-05-28 09:04:10',0),(100006414,'ac975da484538440aff83f3ed46d22ba','2024-05-28 09:04:10',0),(100006415,'ddbc136e3c7c510e9fa4d5a3f581eaa9','2024-05-28 09:04:10',0),(100006416,'abcc794837e03bf1d0a9818d36eefb61','2024-05-28 09:04:10',0),(100006417,'c3bce0eace3c8076ec7416f60996de1a','2024-05-28 09:04:10',0),(100006418,'c9dda96f742a4b5589b4365cf2b7423b','2024-05-28 09:04:10',0),(100006419,'b8a3a0a78b8aeb43a0b19b70a8ac4b08','2024-05-28 09:04:10',0),(100006420,'93bafde19d219cd2059c565261e6dc87','2024-05-28 09:04:10',0),(100006421,'4bc47fad2b358273c09c90a8059b0b9d','2024-05-28 09:04:10',0),(100006422,'d7f14b696ba62395c0b7c09c9f9e10d1','2024-05-28 09:04:10',0),(100006423,'f830183a939e0691383298f3785a3041','2024-05-28 09:04:10',0),(100006424,'4f9befda67418330e02369b1639ca0f5','2024-05-28 09:04:10',0),(100006425,'7214759e4617f18102dabdf7edb250df','2024-05-28 09:04:10',0),(100006426,'e8653750dfa77fd6fa5bf23d925e966c','2024-05-28 09:04:10',0),(100006427,'923bb043a0e72f793f4c06554e590afc','2024-05-28 09:04:10',0),(100006428,'819a9375afe03845d1cbe925e83d6582','2024-05-28 09:04:10',0),(100006429,'1810406a8f2f5e7dff727200b2283f7b','2024-05-28 09:04:10',0),(100006430,'4c1b88897c66a0ac8defd99f2c8084b0','2024-05-28 09:04:10',0),(100006431,'7b09e99ceb96ff68117afbb43a96cf6a','2024-05-28 09:04:10',0),(100006432,'9f42ff9b2b99453a55ec71cc78d1181f','2024-05-28 09:04:10',0),(100006433,'56d179a2962725d1e198cd76696874a4','2024-05-28 09:04:10',0),(100006434,'6a41c4c73b58ca15142a0635cf1990dc','2024-05-28 09:04:10',0),(100006435,'4b475606ce2e850fc22991447b7dce39','2024-05-28 09:04:10',0),(100006436,'76734ca88b9ad00115b457a597ee621e','2024-05-28 09:04:10',0),(100006437,'166bd849c523ff9ec3d00ee5a8ee80ba','2024-05-28 09:04:10',0),(100006438,'ca12409e223f2c871cc67d685008b766','2024-05-28 09:04:10',0),(100006439,'077d0953c3c587823563e3ac8438ab3b','2024-05-28 09:04:10',0),(100006440,'859baede05d94fc601ec3acd4d47ba4a','2024-05-28 09:04:10',0),(100006441,'0f462da8ea44f93bcd82c07b283ee84e','2024-05-28 09:04:10',0),(100006442,'78f0b0a7ba43c1a5901dac4b73c1cf35','2024-05-28 09:04:10',0),(100006443,'04826abffdccccf64a23a920b853698b','2024-05-28 09:04:10',0),(100006444,'df741b55b91365e877f11567a70bd9a7','2024-05-28 09:04:10',0),(100006445,'70a02f0a7a4ece05d16c09ea53961d7d','2024-05-28 09:04:10',0),(100006446,'c7fae48b87f3935d52bf8f123e6c010d','2024-05-28 09:04:10',0),(100006447,'089ce84d7180e68b6153d949af90bfed','2024-05-28 09:04:10',0),(100006448,'0c8f73bad613644fbd429f00815fff32','2024-05-28 09:04:10',0),(100006449,'2293ff5c2c9d36ac9025aa6d201a7896','2024-05-28 09:04:10',0),(100006450,'fd18296cf4e28d4225e294b593f81856','2024-05-28 09:04:10',0),(100006451,'eb83f78159e256899e92a7c81da5251a','2024-05-28 09:04:10',0),(100006452,'7388c4b5a8e25028ec5d54077840b4e2','2024-05-28 09:04:10',0),(100006453,'ce62aa9b11c3a1fe0a2c34e852196846','2024-05-28 09:04:10',0),(100006454,'8cdf7afed76b398e1ec3afc95adffd3c','2024-05-28 09:04:10',0),(100006455,'c2499e673bddb15ddb751c5e5f691e6f','2024-05-28 09:04:10',0),(100006456,'592e160d318cd203053fa5be69fbff37','2024-05-28 09:04:10',0),(100006457,'c2de7589b00771bb325f0d63f0b9adc4','2024-05-28 09:04:10',0),(100006458,'a3f22cbf5e52ea40557d8c8117ece5d3','2024-05-28 09:04:10',0),(100006459,'815cd00dbc5044c220053d1fc9cb8d80','2024-05-28 09:04:10',0),(100006460,'81d626fc3ce87751392333313562bd8f','2024-05-28 09:04:10',0),(100006461,'6073c63f76caaa4d497cc956a1ff6659','2024-05-28 09:04:10',0),(100006462,'f8734a4e580fb381522e574b7ed49fa4','2024-05-28 09:04:10',0),(100006463,'6740e404f4c83e4625ab38a78dbd74a2','2024-05-28 09:04:10',0),(100006464,'b74b6b26b55c3487bb93b2341e8de4a3','2024-05-28 09:04:10',0),(100006465,'f0154ef9140a467c2db9920507bb90bc','2024-05-28 09:04:10',0),(100006466,'e3fde22c6dbd6bf033ca049bad04b9f5','2024-05-28 09:04:10',0),(100006467,'08a8dd845fa525850a7a3c99541772d7','2024-05-28 09:04:10',0),(100006468,'0e33fdaf4928ea4389fa249b1cdb992c','2024-05-28 09:04:10',0),(100006469,'ee25691f1e0e09aa0b555bbb5cd806c9','2024-05-28 09:04:10',0),(100006470,'9ff9f7b5c4ebbc3d9a227399e94dddca','2024-05-28 09:04:10',0),(100006471,'47b6dc43ff1d3da3a97f18583caaf676','2024-05-28 09:04:10',0),(100006472,'cac8ce238ae720fea28cf2bd4fa3be1f','2024-05-28 09:04:10',0),(100006473,'034b816e4fb5fc17818ecf02e1911e48','2024-05-28 09:04:10',0),(100006474,'befebd54ce957bf9f91a97407092b4fb','2024-05-28 09:04:10',0),(100006475,'552c37bda4e69bc08f06d7dc746e51d1','2024-05-28 09:04:10',0),(100006476,'59727c6c6275dad1efdc2288947ee859','2024-05-28 09:04:10',0),(100006477,'5d52bc8f1e037b6b8c7b04e2209fad47','2024-05-28 09:04:10',0),(100006478,'32ba1d34d6567e2afc998f19bf385480','2024-05-28 09:04:10',0),(100006479,'7115653b407b9d940001cdf84ee2ca11','2024-05-28 09:04:10',0),(100006480,'bd9fc01595d7f0d6afd9b14f68f6b294','2024-05-28 09:04:10',0),(100006481,'eae7dca82db532ee065032fdeb6985b9','2024-05-28 09:04:10',0),(100006482,'0f9d41b24e0cd1fa6b28fe4a94a8c8f1','2024-05-28 09:04:10',0),(100006483,'3a6ae92c534b1ea30cd3a357e1be3a16','2024-05-28 09:04:10',0),(100006484,'dfa93491d6e408b3fc2b24c7bdea0012','2024-05-28 09:04:10',0),(100006485,'ef2b969a85825d83e83bcce207f41277','2024-05-28 09:04:10',0),(100006486,'8000f1f3179f142f6588b11a3fecf57e','2024-05-28 09:04:10',0),(100006487,'d6c7d5e192beeebb09829950abb6ef26','2024-05-28 09:04:10',0),(100006488,'026442349a2f93891ffbd5a11e6e627d','2024-05-28 09:04:11',0),(100006489,'a0026742b3d3a3c6efd75800ed554c03','2024-05-28 09:04:11',0),(100006490,'22167c165ba7153eb3b6cf44a9925dcb','2024-05-28 09:04:11',0),(100006491,'59f7fa62519693ac756d5e97bba9d45f','2024-05-28 09:04:11',0),(100006492,'48830ccddf2dd737f9fbaf90c1e43c30','2024-05-28 09:04:11',0),(100006493,'1b2ab711c4c9251eefa0bb879857016f','2024-05-28 09:04:11',0),(100006494,'4da5d1251247b08f3662a0baeef43b50','2024-05-28 09:04:11',0),(100006495,'94fafec205f27ed3b64f3da77d73701e','2024-05-28 09:04:11',0),(100006496,'10fc01c8cbef824526b4d2200936600e','2024-05-28 09:04:11',0),(100006497,'87f9c82055b58cf3475cd16f93d994ac','2024-05-28 09:04:11',0),(100006498,'1951832cd375cb6375a8a3222bc1175f','2024-05-28 09:04:11',0),(100006499,'067128686edd55f473744dbfa757b213','2024-05-28 09:04:11',0),(100006500,'7d546c130ffea8899fb8a68b7fb06aff','2024-05-28 09:04:11',0),(100006501,'e740652c2d8c657ffc66081a9cab65ab','2024-05-28 09:04:11',0),(100006502,'38bca69d609cc0f2afa3a0abb6272b84','2024-05-28 09:04:11',0),(100006503,'8c446cf7dbbe7c15e5a07771854dccc0','2024-05-28 09:04:11',0),(100006504,'dabf6a0ff567ffc8d39dd1b471ab3c74','2024-05-28 09:04:11',0),(100006505,'8bfa298e93c01551ade035cffacafaed','2024-05-28 09:04:11',0),(100006506,'83f0028325667a277f495c5296c44360','2024-05-28 09:04:11',0),(100006507,'0c9997167a538c40cf0921f714d08a76','2024-05-28 09:04:11',0),(100006508,'7a8a594bff988d5ae2c40ae3df834e95','2024-05-28 09:04:11',0),(100006509,'83a0ddbc8b9096ab84017b7c7522af0f','2024-05-28 09:04:11',0),(100006510,'a9a65386754787931787cb74e19a6331','2024-05-28 09:04:11',0),(100006511,'6ae06a541377795382a1724b7975717b','2024-05-28 09:04:11',0),(100006512,'299f4d82720374bf0356ec5d1197813a','2024-05-28 09:04:11',0),(100006513,'ea96c8e1ff9c24babf3e313f68ed3ac4','2024-05-28 09:04:11',0),(100006514,'1ca07d97be4f3c40d98f3862df77bfc7','2024-05-28 09:04:11',0),(100006515,'947ce257bcd75130b6c728d53374a97c','2024-05-28 09:04:11',0),(100006516,'0e00282743c71d77cb5dc01c822185df','2024-05-28 09:04:11',0),(100006517,'d963a76f183b491e4b1b84b48fe3ca9d','2024-05-28 09:04:11',0),(100006518,'7c8dda12625b56dc55c237e5ba5e0061','2024-05-28 09:04:11',0),(100006519,'a2f27224d27ae10fb0f25f14cd5b60a8','2024-05-28 09:04:11',0),(100006520,'3ab729f5d4c4bf9bd73b1b7c07c82d5c','2024-05-28 09:04:11',0),(100006521,'10588a06e6184c0b4a3202b58b618645','2024-05-28 09:04:11',0),(100006522,'7ab8bacf5b8df2d749bd60795553ba19','2024-05-28 09:04:11',0),(100006523,'839e325b6afeaf53e945a5021cf45358','2024-05-28 09:04:11',0),(100006524,'fccf9bf3b452f561b7a2a4774f1481ac','2024-05-28 09:04:11',0),(100006525,'2fe6b78ebfda8e26d626cea566f47a7a','2024-05-28 09:04:11',0),(100006526,'14893f9979c1922888b880e21e8fe32a','2024-05-28 09:04:11',0),(100006527,'f1771dcdc34d669ae019b8e61ba7c14f','2024-05-28 09:04:11',0),(100006528,'91f68ba41dfe5fa2e41d9358920e1f6b','2024-05-28 09:04:11',0),(100006529,'ef7ae546ebb4252ca71bf25ab046a7ac','2024-05-28 09:04:11',0),(100006530,'b56f0e14cab92d0c5082c6b641f38973','2024-05-28 09:04:11',0),(100006531,'a5f7502c2f9433daed4a2241d3fe2d35','2024-05-28 09:04:11',0),(100006532,'47a7cc7ed265af86693daf7d49d0e593','2024-05-28 09:04:11',0),(100006533,'54a1550ca024740f9c8d0980159cff38','2024-05-28 09:04:11',0),(100006534,'ec6e7f2865698b5ddfb0c4ca753a10ac','2024-05-28 09:04:11',0),(100006535,'7256e86f782f9a9abff1be64635efe00','2024-05-28 09:04:11',0),(100006536,'ababde0c3425b5cdb81924a2213729ad','2024-05-28 09:04:11',0),(100006537,'434c7b38a7a2fd80c5dfadc7d59f8b46','2024-05-28 09:04:11',0),(100006538,'5d1f6bdc27dbdf211cee5ebf8c1fce6d','2024-05-28 09:04:11',0),(100006539,'c6d116e791993c53a42e63423893e259','2024-05-28 09:04:11',0),(100006540,'8c23b5594762d80ddfd3520fdbb2f04d','2024-05-28 09:04:11',0),(100006541,'72080706290f97922c5df60b0864b480','2024-05-28 09:04:11',0),(100006542,'56cddc85c83091640fadf5fbb0f0f29c','2024-05-28 09:04:11',0),(100006543,'36e37395fd30aeba6626bb24bf1b7c88','2024-05-28 09:04:11',0),(100006544,'8ce7573f8cc5e0afdc178d63541dc1af','2024-05-28 09:04:11',0),(100006545,'fc4e06e53e0966f4ed3353f502cddd51','2024-05-28 09:04:11',0),(100006546,'0dd2372da3f13c2ebc3970a69f079955','2024-05-28 09:04:11',0),(100006547,'79700cbb1abcb9876a64ca23fe07e85b','2024-05-28 09:04:11',0),(100006548,'0d383bc6208ae8b6f02fe3fd5803b144','2024-05-28 09:04:11',0),(100006549,'ffa0543df5fb3041e0685c3e1f9e5c98','2024-05-28 09:04:11',0),(100006550,'438d7d8d121fec65c99e1f5679d61417','2024-05-28 09:04:11',0),(100006551,'663c465478ba87e8fa10895925f986fd','2024-05-28 09:04:11',0),(100006552,'84283351d2fa36dcee5f2edb581c49cf','2024-05-28 09:04:11',0),(100006553,'a51f3a2be51317126064041e35e2bfd6','2024-05-28 09:04:11',0),(100006554,'4e985c23faec9b38dbc8163a87fef3ad','2024-05-28 09:04:11',0),(100006555,'d67ac3ee277175d5dd7becff6e4903fa','2024-05-28 09:04:11',0),(100006556,'16fee1c7579095a48e172fa85a787c3e','2024-05-28 09:04:11',0),(100006557,'533058a6904c15ec55ad36ce35c777d5','2024-05-28 09:04:11',0),(100006558,'fd490bafa15be43906fb9b61404dcf4a','2024-05-28 09:04:11',0),(100006559,'3184c26350b0cacb1c1bf2fe566cf564','2024-05-28 09:04:11',0),(100006560,'cf9e0ee3ae0a2dc74fd1564153ac651d','2024-05-28 09:04:11',0),(100006561,'49addc7d167fc78ed91c0c4ecfdc9fe0','2024-05-28 09:04:11',0),(100006562,'1b25ad85b40c929bc95d3241a1991662','2024-05-28 09:04:11',0),(100006563,'f25e0b13ac6de7694fdc84cba528989f','2024-05-28 09:04:11',0),(100006564,'33602b06c2fc07910d369c56265791a2','2024-05-28 09:04:11',0),(100006565,'96700b5010594a81b36ec1d77ba54ebc','2024-05-28 09:04:11',0),(100006566,'ff9b20c5fd2d45b2960f302886a5fc0c','2024-05-28 09:04:11',0),(100006567,'c4765f6d936d9fe06bc7d3fda4e15da9','2024-05-28 09:04:11',0),(100006568,'2364bc4a130b4d427e73859ecbbd7872','2024-05-28 09:04:11',0),(100006569,'b08941ff98cf561461dfa5f911389740','2024-05-28 09:04:11',0),(100006570,'bfede22c32d306857787c5d0e3ef8368','2024-05-28 09:04:11',0),(100006571,'e02d9894c82a197c0fe057ce7bdf9083','2024-05-28 09:04:11',0),(100006572,'b5623b19e894c14a562fb82112d614a0','2024-05-28 09:04:11',0),(100006573,'3e76f12766b529e1a4671f0f4188af3c','2024-05-28 09:04:11',0),(100006574,'f3d7312d15bc429a352458b0ac1f6850','2024-05-28 09:04:11',0),(100006575,'cb5552a8a92a707cb811ae097d128795','2024-05-28 09:04:11',0),(100006576,'f29ff54e9e002a43574f3050b6915de9','2024-05-28 09:04:11',0),(100006577,'c7c9691e8490695871eff25a7184a68d','2024-05-28 09:04:11',0),(100006578,'27249fcda97ba97a2efc6fc8df821cd7','2024-05-28 09:04:11',0),(100006579,'12dcca148f1941381744fed1c83c5817','2024-05-28 09:04:11',0),(100006580,'2ba2df0ca516dfcf2a2655e1633cdaf6','2024-05-28 09:04:11',0),(100006581,'1e663850f7fd30aa416a8422c1ec4d1a','2024-05-28 09:04:11',0),(100006582,'93fc372b702fc13fb4232c5a4248ebc1','2024-05-28 09:04:11',0),(100006583,'c4bfdfe0f60d7fedfee323a54bd0755b','2024-05-28 09:04:11',0),(100006584,'87d3acfc7a4c97618918d22670e7e387','2024-05-28 09:04:11',0),(100006585,'acb486a599210e9a36838c8888ffa552','2024-05-28 09:04:11',0),(100006586,'168526ab2e610412d192837cb20dff2e','2024-05-28 09:04:11',0),(100006587,'a9c2cf0aa48313aad592129dc7635ff5','2024-05-28 09:04:11',0),(100006588,'4adc653789ba3c99a7e0574a6b8b7fae','2024-05-28 09:04:11',0),(100006589,'573c82408fedf8ab8c94dfda59a9bd52','2024-05-28 09:04:11',0),(100006590,'fbba3dadd4c635fed68432585d61d0e9','2024-05-28 09:04:11',0),(100006591,'2824f9765cd22dc025b661c7f31f34d2','2024-05-28 09:04:12',0),(100006592,'4f0bdbf05e5bdd839375a544ab7483f1','2024-05-28 09:04:12',0),(100006593,'c21421e475d5a8d3ca13e77cba379129','2024-05-28 09:04:12',0),(100006594,'06bb9345168d729d54265430eb5848f6','2024-05-28 09:04:12',0),(100006595,'7717403867f0fa924d6d5d6c109243e3','2024-05-28 09:04:12',0),(100006596,'3ec5bf66046ba7599399d5e55657499a','2024-05-28 09:04:12',0),(100006597,'14a650c5713dfd79a2b560d31a06e46a','2024-05-28 09:04:12',0),(100006598,'104f582212ceb446ee4c23e0638c4c2c','2024-05-28 09:04:12',0),(100006599,'dab340de159cf6162a701a9a1b6023d2','2024-05-28 09:04:12',0),(100006600,'0e8493f9e3965abdcb20cc3f31e8efe1','2024-05-28 09:04:12',0),(100006601,'dc8b30c9ff5e50e29e049a070249a1c7','2024-05-28 09:04:12',0),(100006602,'b1459ef38faa29921e684fdfa2739d6b','2024-05-28 09:04:12',0),(100006603,'6703d48ce919a3fe1c0a4d9d06feb10c','2024-05-28 09:04:12',0),(100006604,'b45ba85c12953e5e7b9932c4cddac392','2024-05-28 09:04:12',0),(100006605,'c7a24f8d5884e48b136b7235cf541246','2024-05-28 09:04:12',0),(100006606,'582705537df045804474a3ba05cc8792','2024-05-28 09:04:12',0),(100006607,'cba7f5a8509350c2e337996a7ea0caae','2024-05-28 09:04:12',0),(100006608,'40049bb20db59f66756baadbe91c9f71','2024-05-28 09:04:12',0),(100006609,'02292cfdb2f54e0e496c56b764507fb3','2024-05-28 09:04:12',0),(100006610,'2be00cd8767ea3bf2920de42981de5fb','2024-05-28 09:04:12',0),(100006611,'3a4679aa92a5d4e2d09acd369d4d94d0','2024-05-28 09:04:12',0),(100006612,'b43edd52579b20fd2c5aa5046af99b24','2024-05-28 09:04:12',0),(100006613,'3223b02cdde92f245f3d64528cc1e584','2024-05-28 09:04:12',0),(100006614,'0316af6cbfbf5894911797a5eb78cd78','2024-05-28 09:04:12',0),(100006615,'ddba1dd61dcaa96d2f9a62530c968449','2024-05-28 09:04:12',0),(100006616,'2ca112d015a3f48b48f7544c34e68b65','2024-05-28 09:04:12',0),(100006617,'dcfc4dc59ef984d36ce697fa1237dc30','2024-05-28 09:04:12',0),(100006618,'2b3844fd33f2374902939f76eb3fbad7','2024-05-28 09:04:12',0),(100006619,'1d0ed8febeff9b607b4beb3e8bffa58a','2024-05-28 09:04:12',0),(100006620,'ab3dd38d93acc34d871e3b1114a69230','2024-05-28 09:04:12',0),(100006621,'f27c63e350c5f9e45a234bc3a54062e0','2024-05-28 09:04:12',0),(100006622,'0fa0098c91c9d2b1bf64956269fcc175','2024-05-28 09:04:12',0),(100006623,'f4ba0898b76efdc129d69580c14baeed','2024-05-28 09:04:12',0),(100006624,'4e6a9ba84a260e093c4375ab497eb5f5','2024-05-28 09:04:12',0),(100006625,'f64996cc86e5aa7fa5b33ef434ee475d','2024-05-28 09:04:12',0),(100006626,'68e0e5c67dfc5b7d9ae0a00a541df04a','2024-05-28 09:04:12',0),(100006627,'3900cc1b8a58b6e3740655bf4cb19747','2024-05-28 09:04:12',0),(100006628,'42629f4919bc1470641d9aee0428e894','2024-05-28 09:04:12',0),(100006629,'4e4a2663fb14af3113e4744587d3a33b','2024-05-28 09:04:12',0),(100006630,'c38af959830c7a396894cf394af039d9','2024-05-28 09:04:12',0),(100006631,'0ec2bb51621666fd67493ae879cdc000','2024-05-28 09:04:12',0),(100006632,'9c7ff7dd3f200a11b615a777031df905','2024-05-28 09:04:12',0),(100006633,'be1419e200e7b293fc95617dd160885b','2024-05-28 09:04:12',0),(100006634,'6ef1b37cc023b8892f188379a32eb8c3','2024-05-28 09:04:12',0),(100006635,'6247b593e864e04f4669928d8a5211bc','2024-05-28 09:04:12',0),(100006636,'07048185e1138df58e2ea5484ef995a7','2024-05-28 09:04:12',0),(100006637,'1d2ce3f93296b09e2518d43c2ebcc598','2024-05-28 09:04:12',0),(100006638,'cbf886e11ad2784ace9d52d588f696d5','2024-05-28 09:04:12',0),(100006639,'424e93ad30c9cf832a14fcf0b1fae6a7','2024-05-28 09:04:12',0),(100006640,'a71429fbde3095a04fd069b1ec0adb6d','2024-05-28 09:04:12',0),(100006641,'b7db6ce04254efa12a561a725e2f62b8','2024-05-28 09:04:12',0),(100006642,'4a46ecf64b8c3b17a8633a6a3810f99c','2024-05-28 09:04:12',0),(100006643,'6c0b86f64f1d9a9c9b883e51b5e88e78','2024-05-28 09:04:12',0),(100006644,'1adcaf44c05f4f66e482848596d1a5a5','2024-05-28 09:04:12',0),(100006645,'a6c4cfe97d266b5b3696695b8982502e','2024-05-28 09:04:12',0),(100006646,'c86fa34ab26fc7d14509e2387424a635','2024-05-28 09:04:13',0),(100006647,'cbbd85c76a48aadb37c2e41478ce8a44','2024-05-28 09:04:13',0),(100006648,'b94a7b38e63c190fe9c3b3ddaa343d03','2024-05-28 09:04:13',0),(100006649,'18cafc6f67ff520d7cb3c6cb683f5c03','2024-05-28 09:04:13',0),(100006650,'c267dfbbc6f4fc8486e65a2acf43a211','2024-05-28 09:04:13',0),(100006651,'c3a68a4a8b1c36b692df318dd96f1959','2024-05-28 09:04:13',0),(100006652,'ca8f4892ace56b4cddba91e6cfdadb03','2024-05-28 09:04:13',0),(100006653,'bbae99c12dc8372b306d5c1509798b92','2024-05-28 09:04:13',0),(100006654,'b655f8e6028ea91f2d765aa522577236','2024-05-28 09:04:13',0),(100006655,'fa17524682ed46d883e498a26c7cfd96','2024-05-28 09:04:13',0),(100006656,'fed2b3c1a84bf7d1b152db0866707c1e','2024-05-28 09:04:13',0),(100006657,'66dc8a9243a51a67e389f281bb50be55','2024-05-28 09:04:13',0),(100006658,'0395421cf526a41efe04209eaf026907','2024-05-28 09:04:13',0),(100006659,'615f0611da1c0ca2733a7566bab1190e','2024-05-28 09:04:13',0),(100006660,'02aab8f4b84d9c917c9ed5ff148c7776','2024-05-28 09:04:13',0),(100006661,'a1d4f2cf5cc87b49184a658a101e4a23','2024-05-28 09:04:13',0),(100006662,'038f4dbbdc6789d30589c91205fae062','2024-05-28 09:04:13',0),(100006663,'7b37ecefad253b9d992d5a3d7f232bbd','2024-05-28 09:04:13',0),(100006664,'71f1435fb256e1cc045c6942b0545883','2024-05-28 09:04:13',0),(100006665,'59d2459a00d292ad66aab9668046e2a9','2024-05-28 09:04:13',0),(100006666,'d17f976a1926fa3a769a9ad6ae5ba2e1','2024-05-28 09:04:13',0),(100006667,'a440a2f4ea64407048ba1132bab0a59c','2024-05-28 09:04:13',0),(100006668,'83b2d7ce5a033d6b012a20a58cf2ac26','2024-05-28 09:04:13',0),(100006669,'26291736aeb6699b132ba22a655480d8','2024-05-28 09:04:13',0),(100006670,'d782d36afe995d4cf85bdfcb1e20ff9b','2024-05-28 09:04:13',0),(100006671,'b649dcb25c9f30ed75b012ca2dd65371','2024-05-28 09:04:13',0),(100006672,'13218c53832810d0e30ee2cf1b580f88','2024-05-28 09:04:13',0),(100006673,'7c34b45c2f26c1107d4858f588a0cfab','2024-05-28 09:04:13',0),(100006674,'a9baad713b3abcbca0ed64045e310d7f','2024-05-28 09:04:13',0),(100006675,'1796bd43dac3bc831cfe79a61ac3aa5d','2024-05-28 09:04:13',0),(100006676,'297718bf01b931938f55918dd2469c87','2024-05-28 09:04:13',0),(100006677,'82f79c7ba5dbece325aa42f80a7475bb','2024-05-28 09:04:13',0),(100006678,'cb79300657dd063fbc705fedc04a55be','2024-05-28 09:04:13',0),(100006679,'cd5a26eccce5f0f37b5dacfd83478417','2024-05-28 09:04:13',0),(100006680,'aae3c05e3080bb939d90f33048e8d843','2024-05-28 09:04:13',0),(100006681,'40fc651037523a037a862694e006c1b6','2024-05-28 09:04:13',0),(100006682,'a7700018f215bc3f75691815db5282ee','2024-05-28 09:04:13',0),(100006683,'d84bdd47d80d7e4029e14123ff853eb8','2024-05-28 09:04:13',0),(100006684,'df7f79fc9976d3aaac7f0cbf71a34944','2024-05-28 09:04:13',0),(100006685,'66c693589747f3672bc1cf9279bd2d2c','2024-05-28 09:04:13',0),(100006686,'c7294b553c83cba5d71ed7bc4881bbcf','2024-05-28 09:04:13',0),(100006687,'f9ade63dfdafa119a793ac1a9d707a4c','2024-05-28 09:04:13',0),(100006688,'71e0e3dba80bf7d4b711100869d0ab10','2024-05-28 09:04:13',0),(100006689,'8b0e40b0fbf4a284ea5d932a09c51b7f','2024-05-28 09:04:13',0),(100006690,'35168f640bf3919bb3efc8431201f2df','2024-05-28 09:04:13',0),(100006691,'0ffe1165fc6f39821db44a19f50d7f2b','2024-05-28 09:04:13',0),(100006692,'c5e59e1ff8c3389e54fbe125efa9249a','2024-05-28 09:04:13',0),(100006693,'cf985add2d5474a21fe3cb8fe06937e2','2024-05-28 09:04:13',0),(100006694,'7d167a9d2f77c48130ec481cfb393850','2024-05-28 09:04:13',0),(100006695,'fa6152a63e0c33d9d5484c20f0782085','2024-05-28 09:04:13',0),(100006696,'31844bec98c3c0451a7760e4ba43b4a9','2024-05-28 09:04:13',0),(100006697,'165e63c4e481a581f7dfaedce22c29f7','2024-05-28 09:04:13',0),(100006698,'19d445194d55c2d6d0a6a9d0f13a1133','2024-05-28 09:04:13',0),(100006699,'34996ecb8b60498e00d4d9a2d71a827a','2024-05-28 09:04:13',0),(100006700,'3f111350e3a1bb3319470ecee3247d60','2024-05-28 09:04:13',0),(100006701,'15b4bfacbc31281e59dfe880739d5f5b','2024-05-28 09:04:13',0),(100006702,'98e4f8dc32b3979aec727ca59931940e','2024-05-28 09:04:13',0),(100006703,'0eee230d42d4ba1803f3a776f7ad23c7','2024-05-28 09:04:13',0),(100006704,'97af564155f54af113bc7da14644a4cb','2024-05-28 09:04:13',0),(100006705,'06bcfe658eb80a8914fcf2c4f93b3372','2024-05-28 09:04:13',0),(100006706,'beef3952280f6f4486f363f091bdd17f','2024-05-28 09:04:13',0),(100006707,'3e6e5f64275600248114020fe83fc256','2024-05-28 09:04:13',0),(100006708,'fb65703d4feb282ac3925a25c7f1081d','2024-05-28 09:04:13',0),(100006709,'dbda6331231eb95d07e93b90a3efb3bd','2024-05-28 09:04:13',0),(100006710,'f443223995ee9be0ca4c026b8902b280','2024-05-28 09:04:13',0),(100006711,'4a0e31561fa6065ca9f7f38f0d8fb22d','2024-05-28 09:04:13',0),(100006712,'4653ae8e8641eab640cc05abd42604cb','2024-05-28 09:04:13',0),(100006713,'1981fc2f969711dc621260b39a6bb2fa','2024-05-28 09:04:13',0),(100006714,'9ca536501a89e53b8e2b7393968073af','2024-05-28 09:04:13',0),(100006715,'35f149310fd95457353139329dd05e62','2024-05-28 09:04:13',0),(100006716,'3c8315f68b0e99d31e73fdc12623464d','2024-05-28 09:04:13',0),(100006717,'db55d5560e2d2c0e931791eef9b7bd50','2024-05-28 09:04:13',0),(100006718,'48f681d0c9fdd67c5a9658f0fe5e689d','2024-05-28 09:04:13',0),(100006719,'8d795aa39fff6d41a402d29dd7ddc409','2024-05-28 09:04:13',0),(100006720,'57925d96376d337fa3aaf72b2de2771f','2024-05-28 09:04:13',0),(100006721,'1ef4b20acb327d563656dc031779797c','2024-05-28 09:04:13',0),(100006722,'45ff9e5a009670bc1326e96a1b98d001','2024-05-28 09:04:13',0),(100006723,'c379c90f078443c7ed7fac75527af898','2024-05-28 09:04:13',0),(100006724,'198c728f8355e6c1a1bf894b92d26d90','2024-05-28 09:04:13',0),(100006725,'1a19cadec02bfe724ff9b426b62cc0be','2024-05-28 09:04:13',0),(100006726,'6d63331b7bbecc087152d89f2e33d918','2024-05-28 09:04:13',0),(100006727,'bc7e45ac3004fe41b4807bd03d6511e6','2024-05-28 09:04:13',0),(100006728,'1b46ff4d8399d481c1498b815605d868','2024-05-28 09:04:13',0),(100006729,'7971b1f3d2607ca2ecaa2303e3adf503','2024-05-28 09:04:13',0),(100006730,'5fc83141b177dd6743eb2e628e923b28','2024-05-28 09:04:13',0),(100006731,'5115583ec825c21015fd07017c8a087b','2024-05-28 09:04:13',0),(100006732,'72d461f44e76bb7435e2d1690f7c3bf0','2024-05-28 09:04:13',0),(100006733,'c88a3c7e9cd3b5bf37c092bf46583b5c','2024-05-28 09:04:13',0),(100006734,'363ed84706bc54c6b34494f72ffca22c','2024-05-28 09:04:13',0),(100006735,'4b759fdf9d0e6ecd49e1ddc44eb29b8f','2024-05-28 09:04:13',0),(100006736,'fd39b6c2d5a0f3a9d499c9c3c73b93cc','2024-05-28 09:04:13',0),(100006737,'a8b3b390ba7fc094149d33d065bb5306','2024-05-28 09:04:13',0),(100006738,'3b8ade99a756c0c505a9d60480f968a6','2024-05-28 09:04:13',0),(100006739,'6b82332c68daf4beacf7213a643fbc4e','2024-05-28 09:04:13',0),(100006740,'5ce81dcf901a158e62b31b52532e875c','2024-05-28 09:04:13',0),(100006741,'684e71747eb2896deaa596e74b1b5d04','2024-05-28 09:04:13',0),(100006742,'045d2de1a6e2a8b4c92f359bffe60db7','2024-05-28 09:04:13',0);
/*!40000 ALTER TABLE `qr` ENABLE KEYS */;
UNLOCK TABLES;

--
-- Table structure for table `shipment`
--

DROP TABLE IF EXISTS `shipment`;
/*!40101 SET @saved_cs_client     = @@character_set_client */;
/*!40101 SET character_set_client = utf8 */;
CREATE TABLE `shipment` (
  `id` int unsigned NOT NULL AUTO_INCREMENT,
  `source_base_id` int unsigned NOT NULL,
  `target_base_id` int unsigned NOT NULL,
  `transfer_agreement_id` int unsigned NOT NULL,
  `state` varchar(255) NOT NULL DEFAULT 'Preparing',
  `started_on` datetime NOT NULL,
  `started_by_id` int unsigned NOT NULL,
  `canceled_on` datetime DEFAULT NULL,
  `canceled_by_id` int unsigned DEFAULT NULL,
  `sent_on` datetime DEFAULT NULL,
  `sent_by_id` int unsigned DEFAULT NULL,
  `receiving_started_on` datetime DEFAULT NULL,
  `receiving_started_by_id` int unsigned DEFAULT NULL,
  `completed_on` datetime DEFAULT NULL,
  `completed_by_id` int unsigned DEFAULT NULL,
  PRIMARY KEY (`id`),
  KEY `shipment_source_base_id` (`source_base_id`),
  KEY `shipment_target_base_id` (`target_base_id`),
  KEY `shipment_transfer_agreement_id` (`transfer_agreement_id`),
  KEY `shipment_started_by_id` (`started_by_id`),
  KEY `shipment_canceled_by_id` (`canceled_by_id`),
  KEY `shipment_sent_by_id` (`sent_by_id`),
  KEY `shipment_completed_by_id` (`completed_by_id`),
  KEY `shipment_receiving_started_by_id` (`receiving_started_by_id`),
  CONSTRAINT `shipment_ibfk_1` FOREIGN KEY (`source_base_id`) REFERENCES `camps` (`id`) ON UPDATE CASCADE,
  CONSTRAINT `shipment_ibfk_2` FOREIGN KEY (`target_base_id`) REFERENCES `camps` (`id`) ON UPDATE CASCADE,
  CONSTRAINT `shipment_ibfk_3` FOREIGN KEY (`transfer_agreement_id`) REFERENCES `transfer_agreement` (`id`) ON UPDATE CASCADE,
  CONSTRAINT `shipment_ibfk_4` FOREIGN KEY (`started_by_id`) REFERENCES `cms_users` (`id`) ON UPDATE CASCADE,
  CONSTRAINT `shipment_ibfk_5` FOREIGN KEY (`canceled_by_id`) REFERENCES `cms_users` (`id`) ON DELETE SET NULL ON UPDATE CASCADE,
  CONSTRAINT `shipment_ibfk_6` FOREIGN KEY (`sent_by_id`) REFERENCES `cms_users` (`id`) ON DELETE SET NULL ON UPDATE CASCADE,
  CONSTRAINT `shipment_ibfk_7` FOREIGN KEY (`completed_by_id`) REFERENCES `cms_users` (`id`) ON DELETE SET NULL ON UPDATE CASCADE,
  CONSTRAINT `shipment_ibfk_8` FOREIGN KEY (`receiving_started_by_id`) REFERENCES `cms_users` (`id`) ON DELETE SET NULL ON UPDATE CASCADE
) ENGINE=InnoDB AUTO_INCREMENT=7 DEFAULT CHARSET=utf8 ROW_FORMAT=DYNAMIC;
/*!40101 SET character_set_client = @saved_cs_client */;

--
-- Dumping data for table `shipment`
--

LOCK TABLES `shipment` WRITE;
/*!40000 ALTER TABLE `shipment` DISABLE KEYS */;
INSERT INTO `shipment` VALUES
  (1,1,2,4,'Completed','2024-05-28 09:04:46',2,NULL,NULL,'2024-05-28 09:04:46',2,'2024-05-28 09:04:46',10,'2024-05-28 09:04:46',10),
  (2,1,2,4,'Canceled','2024-05-28 09:04:46',2,'2024-05-28 09:04:46',2,NULL,NULL,NULL,NULL,NULL,NULL),
  (3,2,1,4,'Lost','2024-05-28 09:04:46',10,NULL,NULL,'2024-05-28 09:04:46',10,NULL,NULL,'2024-05-28 09:04:46',10),
  (4,2,1,4,'Receiving','2024-05-28 09:04:46',10,NULL,NULL,'2024-05-28 09:04:46',10,'2024-05-28 09:04:46',10,NULL,NULL),
  (5,3,1,4,'Preparing','2024-05-28 09:04:46',10,NULL,NULL,NULL,NULL,NULL,NULL,NULL,NULL),
  (6,3,1,4,'Sent','2024-05-28 09:04:47',10,NULL,NULL,'2024-05-28 09:04:47',10,NULL,NULL,NULL,NULL);
/*!40000 ALTER TABLE `shipment` ENABLE KEYS */;
UNLOCK TABLES;

--
-- Table structure for table `shipment_detail`
--

DROP TABLE IF EXISTS `shipment_detail`;
/*!40101 SET @saved_cs_client     = @@character_set_client */;
/*!40101 SET character_set_client = utf8 */;
CREATE TABLE `shipment_detail` (
  `id` int unsigned NOT NULL AUTO_INCREMENT,
  `shipment_id` int unsigned NOT NULL,
  `box_id` int unsigned NOT NULL,
  `source_product_id` int unsigned NOT NULL,
  `target_product_id` int unsigned DEFAULT NULL,
  `source_quantity` int DEFAULT NULL,
  `target_quantity` int DEFAULT NULL,
  `source_size_id` int unsigned NOT NULL,
  `target_size_id` int unsigned DEFAULT NULL,
  `source_location_id` int unsigned NOT NULL,
  `target_location_id` int unsigned DEFAULT NULL,
  `created_on` datetime NOT NULL,
  `created_by_id` int unsigned NOT NULL,
  `lost_on` datetime DEFAULT NULL,
  `lost_by_id` int unsigned DEFAULT NULL,
  `received_on` datetime DEFAULT NULL,
  `received_by_id` int unsigned DEFAULT NULL,
  `removed_on` datetime DEFAULT NULL,
  `removed_by_id` int unsigned DEFAULT NULL,
  PRIMARY KEY (`id`),
  KEY `shipment_detail_shipment_id` (`shipment_id`),
  KEY `shipment_detail_box_id` (`box_id`),
  KEY `shipment_detail_source_product_id` (`source_product_id`),
  KEY `shipment_detail_target_product_id` (`target_product_id`),
  KEY `shipment_detail_source_location_id` (`source_location_id`),
  KEY `shipment_detail_target_location_id` (`target_location_id`),
  KEY `shipment_detail_created_by_id` (`created_by_id`),
  KEY `shipment_detail_deleted_by_id` (`removed_by_id`),
  KEY `lost_by_id` (`lost_by_id`),
  KEY `received_by_id` (`received_by_id`),
  KEY `source_size_id` (`source_size_id`),
  KEY `target_size_id` (`target_size_id`),
  CONSTRAINT `shipment_detail_ibfk_1` FOREIGN KEY (`shipment_id`) REFERENCES `shipment` (`id`) ON UPDATE CASCADE,
  CONSTRAINT `shipment_detail_ibfk_10` FOREIGN KEY (`received_by_id`) REFERENCES `cms_users` (`id`) ON DELETE SET NULL ON UPDATE CASCADE,
  CONSTRAINT `shipment_detail_ibfk_11` FOREIGN KEY (`source_size_id`) REFERENCES `sizes` (`id`) ON DELETE RESTRICT ON UPDATE CASCADE,
  CONSTRAINT `shipment_detail_ibfk_12` FOREIGN KEY (`target_size_id`) REFERENCES `sizes` (`id`) ON DELETE RESTRICT ON UPDATE CASCADE,
  CONSTRAINT `shipment_detail_ibfk_2` FOREIGN KEY (`box_id`) REFERENCES `stock` (`id`) ON UPDATE CASCADE,
  CONSTRAINT `shipment_detail_ibfk_3` FOREIGN KEY (`source_product_id`) REFERENCES `products` (`id`) ON UPDATE CASCADE,
  CONSTRAINT `shipment_detail_ibfk_4` FOREIGN KEY (`target_product_id`) REFERENCES `products` (`id`) ON UPDATE CASCADE,
  CONSTRAINT `shipment_detail_ibfk_5` FOREIGN KEY (`source_location_id`) REFERENCES `locations` (`id`) ON UPDATE CASCADE,
  CONSTRAINT `shipment_detail_ibfk_6` FOREIGN KEY (`target_location_id`) REFERENCES `locations` (`id`) ON UPDATE CASCADE,
  CONSTRAINT `shipment_detail_ibfk_7` FOREIGN KEY (`created_by_id`) REFERENCES `cms_users` (`id`) ON UPDATE CASCADE,
  CONSTRAINT `shipment_detail_ibfk_8` FOREIGN KEY (`removed_by_id`) REFERENCES `cms_users` (`id`) ON DELETE SET NULL ON UPDATE CASCADE,
  CONSTRAINT `shipment_detail_ibfk_9` FOREIGN KEY (`lost_by_id`) REFERENCES `cms_users` (`id`) ON DELETE SET NULL ON UPDATE CASCADE
) ENGINE=InnoDB AUTO_INCREMENT=38 DEFAULT CHARSET=utf8 ROW_FORMAT=DYNAMIC;
/*!40101 SET character_set_client = @saved_cs_client */;

--
-- Dumping data for table `shipment_detail`
--

LOCK TABLES `shipment_detail` WRITE;
/*!40000 ALTER TABLE `shipment_detail` DISABLE KEYS */;
INSERT INTO `shipment_detail` VALUES (1,1,100000471,1189,1240,929,929,68,68,100000036,100000044,'2024-05-28 09:04:46',2,'2024-05-28 09:04:46',10,'2024-05-28 09:04:46',10,NULL,NULL),(2,1,100000650,1210,1261,811,811,139,139,100000036,100000044,'2024-05-28 09:04:46',2,NULL,NULL,'2024-05-28 09:04:46',10,NULL,NULL),(3,1,100000687,1208,1259,946,946,68,68,100000036,100000042,'2024-05-28 09:04:46',2,NULL,NULL,'2024-05-28 09:04:46',10,NULL,NULL),(4,1,100000699,1193,NULL,927,NULL,68,NULL,100000036,NULL,'2024-05-28 09:04:46',2,NULL,NULL,NULL,NULL,'2024-05-28 09:04:46',2),(5,1,100000710,1211,NULL,326,NULL,139,NULL,100000037,NULL,'2024-05-28 09:04:46',2,NULL,NULL,NULL,NULL,'2024-05-28 09:04:46',2),(6,1,100000274,1210,1261,320,320,108,108,100000038,100000044,'2024-05-28 09:04:46',2,NULL,NULL,'2024-05-28 09:04:46',10,NULL,NULL),(7,1,100000275,1194,1245,385,385,52,52,100000038,100000044,'2024-05-28 09:04:46',2,NULL,NULL,'2024-05-28 09:04:46',10,NULL,NULL),(8,1,100000618,1179,1230,275,275,4,4,100000038,100000042,'2024-05-28 09:04:46',2,'2024-05-28 09:04:46',10,'2024-05-28 09:04:46',10,NULL,NULL),(9,2,100000287,1179,NULL,619,NULL,3,NULL,100000036,NULL,'2024-05-28 09:04:46',2,NULL,NULL,NULL,NULL,'2024-05-28 09:04:46',2),(10,2,100000317,1175,NULL,909,NULL,1,NULL,100000036,NULL,'2024-05-28 09:04:46',2,NULL,NULL,NULL,NULL,'2024-05-28 09:04:46',2),(11,2,100000489,1212,NULL,867,NULL,139,NULL,100000036,NULL,'2024-05-28 09:04:46',2,NULL,NULL,NULL,NULL,'2024-05-28 09:04:46',2),(12,2,100000579,1192,NULL,67,NULL,68,NULL,100000036,NULL,'2024-05-28 09:04:46',2,NULL,NULL,NULL,NULL,'2024-05-28 09:04:46',2),(13,2,100000583,1168,NULL,89,NULL,68,NULL,100000036,NULL,'2024-05-28 09:04:46',2,NULL,NULL,NULL,NULL,'2024-05-28 09:04:46',2),(14,2,100000388,1197,NULL,294,NULL,68,NULL,100000037,NULL,'2024-05-28 09:04:46',2,NULL,NULL,NULL,NULL,'2024-05-28 09:04:46',2),(15,2,100000543,1215,NULL,918,NULL,57,NULL,100000037,NULL,'2024-05-28 09:04:46',2,NULL,NULL,NULL,NULL,'2024-05-28 09:04:46',2),(16,2,100000301,1212,NULL,578,NULL,138,NULL,100000038,NULL,'2024-05-28 09:04:46',2,NULL,NULL,NULL,NULL,'2024-05-28 09:04:46',2),(17,2,100000412,1198,NULL,399,NULL,68,NULL,100000038,NULL,'2024-05-28 09:04:46',2,NULL,NULL,NULL,NULL,'2024-05-28 09:04:46',2),(18,3,100000806,1219,NULL,362,NULL,52,NULL,100000043,NULL,'2024-05-28 09:04:46',10,'2024-05-28 09:04:46',10,NULL,NULL,NULL,NULL),(19,3,100000785,1217,NULL,89,NULL,52,NULL,100000044,NULL,'2024-05-28 09:04:46',10,'2024-05-28 09:04:46',10,NULL,NULL,NULL,NULL),(20,3,100000801,1263,NULL,99,NULL,139,NULL,100000044,NULL,'2024-05-28 09:04:46',10,'2024-05-28 09:04:46',10,NULL,NULL,NULL,NULL),(21,4,100000802,1251,NULL,413,NULL,68,NULL,100000042,NULL,'2024-05-28 09:04:46',10,NULL,NULL,NULL,NULL,NULL,NULL),(22,4,100000774,1244,NULL,186,NULL,68,NULL,100000043,NULL,'2024-05-28 09:04:46',10,NULL,NULL,NULL,NULL,NULL,NULL),(23,4,100000805,1246,NULL,667,NULL,52,NULL,100000043,NULL,'2024-05-28 09:04:46',10,NULL,NULL,NULL,NULL,NULL,NULL),(24,4,100000752,1221,NULL,893,NULL,68,NULL,100000044,NULL,'2024-05-28 09:04:46',10,NULL,NULL,NULL,NULL,NULL,NULL),(25,4,100000783,1229,NULL,378,NULL,71,NULL,100000044,NULL,'2024-05-28 09:04:46',10,NULL,NULL,NULL,NULL,NULL,NULL),(26,4,100000794,1246,NULL,1,NULL,52,NULL,100000044,NULL,'2024-05-28 09:04:46',10,NULL,NULL,NULL,NULL,NULL,NULL),(27,4,100000833,1224,NULL,928,NULL,68,NULL,100000044,NULL,'2024-05-28 09:04:46',10,NULL,NULL,NULL,NULL,NULL,NULL),(28,5,100000872,1312,NULL,197,NULL,138,NULL,100000048,NULL,'2024-05-28 09:04:46',10,NULL,NULL,NULL,NULL,NULL,NULL),(29,5,100000854,1313,NULL,121,NULL,139,NULL,100000049,NULL,'2024-05-28 09:04:46',10,NULL,NULL,NULL,NULL,NULL,NULL),(30,5,100000903,1284,NULL,90,NULL,3,NULL,100000049,NULL,'2024-05-28 09:04:46',10,NULL,NULL,NULL,NULL,NULL,NULL),(31,5,100000928,1275,NULL,796,NULL,52,NULL,100000049,NULL,'2024-05-28 09:04:46',10,NULL,NULL,NULL,NULL,NULL,NULL),(32,5,100000932,1291,NULL,920,NULL,68,NULL,100000049,NULL,'2024-05-28 09:04:46',10,NULL,NULL,NULL,NULL,NULL,NULL),(33,5,100000938,1297,NULL,46,NULL,52,NULL,100000049,NULL,'2024-05-28 09:04:46',10,NULL,NULL,NULL,NULL,NULL,NULL),(34,5,100000855,1293,NULL,740,NULL,68,NULL,100000050,NULL,'2024-05-28 09:04:46',10,NULL,NULL,NULL,NULL,NULL,NULL),(35,6,100000848,1305,NULL,141,NULL,68,NULL,100000048,NULL,'2024-05-28 09:04:47',10,NULL,NULL,NULL,NULL,NULL,NULL),(36,6,100000945,1268,NULL,560,NULL,52,NULL,100000049,NULL,'2024-05-28 09:04:47',10,NULL,NULL,NULL,NULL,NULL,NULL),(37,6,100000930,1297,NULL,184,NULL,52,NULL,100000050,NULL,'2024-05-28 09:04:47',10,NULL,NULL,NULL,NULL,NULL,NULL);
/*!40000 ALTER TABLE `shipment_detail` ENABLE KEYS */;
UNLOCK TABLES;

--
-- Table structure for table `sizegroup`
--

DROP TABLE IF EXISTS `sizegroup`;
/*!40101 SET @saved_cs_client     = @@character_set_client */;
/*!40101 SET character_set_client = utf8 */;
CREATE TABLE `sizegroup` (
  `id` int unsigned NOT NULL AUTO_INCREMENT,
  `label` varchar(255) NOT NULL,
  `seq` int DEFAULT NULL,
  PRIMARY KEY (`id`)
) ENGINE=InnoDB AUTO_INCREMENT=28 DEFAULT CHARSET=utf8 ROW_FORMAT=DYNAMIC;
/*!40101 SET character_set_client = @saved_cs_client */;

--
-- Dumping data for table `sizegroup`
--

LOCK TABLES `sizegroup` WRITE;
/*!40000 ALTER TABLE `sizegroup` DISABLE KEYS */;
INSERT INTO `sizegroup` VALUES
(1,'XS, S, M, L, XL',1),
(2,'Baby by month (0-6, 7-12, 13-18, 19-24)',18),
(3,'Shoe sizes Female',40),
(4,'Children by year (2-3, 4-5, 6-8, 9-12, 13-15)',9),
(5,'S, M, L',2),
(6,'Mixed sizes',31),
(7,'One size',30),
(8,'Shoe sizes Male',50),
(9,'Shoe sizes children',60),
(12,'Diaper sizes',70),
(13,'Bra sizes',75),
(16,'Pack of 5-20, Pack of 21+, Bulk (100+)',80),
(17,'Children by year (2-5, 6-10, 11-15)',10),
(18,'Children by year (6-10, 11-15)',101),
(19,'Singlepack, Multipack',81),
(20,'Children by month (2-5)',100),
(21,'Baby by month (0-2, 3-6, 7-12, 13-18, 19-24)',19),
(22,'Baby by month (0-6, 7-24)',20),
(23,'Children by year (2-3, 4-5, 6-7, 8-9, 10-11, 12-13, 14-15)',11),(24,'Children by year (individual years)',12),
(25,'Children by year (0-2, 2-4, 5-7, 8-10, 11-13, 14-17)', 13),
(26,'All shoe sizes (<23-48)',61),
(27,'Sock sizes',62);
/*!40000 ALTER TABLE `sizegroup` ENABLE KEYS */;
UNLOCK TABLES;

--
-- Table structure for table `sizes`
--

DROP TABLE IF EXISTS `sizes`;
/*!40101 SET @saved_cs_client     = @@character_set_client */;
/*!40101 SET character_set_client = utf8 */;
CREATE TABLE `sizes` (
  `id` int unsigned NOT NULL AUTO_INCREMENT,
  `label` varchar(20) NOT NULL,
  `sizegroup_id` int unsigned DEFAULT NULL,
  `seq` int DEFAULT NULL,
  `created` datetime DEFAULT NULL,
  `created_by` int unsigned DEFAULT NULL,
  `modified` datetime DEFAULT NULL,
  `modified_by` int unsigned DEFAULT NULL,
  PRIMARY KEY (`id`),
  KEY `sizegroup_id` (`sizegroup_id`),
  KEY `created_by` (`created_by`),
  KEY `modified_by` (`modified_by`),
  CONSTRAINT `sizes_ibfk_4` FOREIGN KEY (`sizegroup_id`) REFERENCES `sizegroup` (`id`) ON UPDATE CASCADE,
  CONSTRAINT `sizes_ibfk_5` FOREIGN KEY (`created_by`) REFERENCES `cms_users` (`id`) ON DELETE SET NULL ON UPDATE CASCADE,
  CONSTRAINT `sizes_ibfk_6` FOREIGN KEY (`modified_by`) REFERENCES `cms_users` (`id`) ON DELETE SET NULL ON UPDATE CASCADE
) ENGINE=InnoDB AUTO_INCREMENT=203 DEFAULT CHARSET=utf8 ROW_FORMAT=DYNAMIC;
/*!40101 SET character_set_client = @saved_cs_client */;

--
-- Dumping data for table `sizes`
--

LOCK TABLES `sizes` WRITE;
/*!40000 ALTER TABLE `sizes` DISABLE KEYS */;
INSERT INTO `sizes` VALUES
(1,'S',1,1,NULL,NULL,NULL,NULL),
(2,'M',1,2,NULL,NULL,NULL,NULL),
(3,'L',1,3,NULL,NULL,NULL,NULL),
(4,'XL',1,4,NULL,NULL,NULL,NULL),
(5,'XS',1,5,NULL,NULL,NULL,NULL),
(10,'2-3 years',4,200,NULL,NULL,NULL,NULL),
(11,'4-5 years',4,201,NULL,NULL,NULL,NULL),
(12,'6-8 years',4,202,NULL,NULL,NULL,NULL),
(13,'9-12 years',4,203,NULL,NULL,NULL,NULL),
(14,'20',9,103,NULL,NULL,NULL,NULL),
(15,'21',9,104,NULL,NULL,NULL,NULL),
(16,'22',9,105,NULL,NULL,NULL,NULL),
(17,'23',9,106,NULL,NULL,NULL,NULL),
(18,'24',9,107,NULL,NULL,NULL,NULL),
(19,'25',9,108,NULL,NULL,NULL,NULL),
(20,'26',9,109,NULL,NULL,NULL,NULL),
(21,'27',9,110,NULL,NULL,NULL,NULL),
(22,'28',9,111,NULL,NULL,NULL,NULL),
(23,'29',9,112,NULL,NULL,NULL,NULL),
(24,'30',9,113,NULL,NULL,NULL,NULL),
(25,'31',9,114,NULL,NULL,NULL,NULL),
(26,'32',9,115,NULL,NULL,NULL,NULL),
(27,'33',9,116,NULL,NULL,NULL,NULL),
(28,'34',3,60,NULL,NULL,NULL,NULL),
(29,'35',3,61,NULL,NULL,NULL,NULL),
(30,'36',3,62,NULL,NULL,NULL,NULL),
(31,'37',3,63,NULL,NULL,NULL,NULL),
(32,'38',3,64,NULL,NULL,NULL,NULL),
(33,'39',3,65,NULL,NULL,NULL,NULL),
(34,'40',3,66,NULL,NULL,NULL,NULL),
(35,'41',3,67,NULL,NULL,NULL,NULL),
(36,'42 and bigger',3,68,NULL,NULL,NULL,NULL),
(43,'13-15 years',4,204,NULL,NULL,NULL,NULL),
(44,'19-24 months',21,214,NULL,NULL,NULL,NULL),
(45,'3-6 months',21,211,NULL,NULL,NULL,NULL),
(47,'7-12 months',21,212,NULL,NULL,NULL,NULL),
(48,'13-18 months',21,213,NULL,NULL,NULL,NULL),
(51,'19',9,102,NULL,NULL,NULL,NULL),
(52,'Mixed',6,200,NULL,NULL,NULL,NULL),
(53,'S',5,50,NULL,NULL,NULL,NULL),
(54,'M',5,51,NULL,NULL,NULL,NULL),
(55,'L',5,52,NULL,NULL,NULL,NULL),
(56,'38 and smaller',8,80,NULL,NULL,NULL,NULL),
(57,'39',8,81,NULL,NULL,NULL,NULL),
(58,'40',8,82,NULL,NULL,NULL,NULL),
(59,'41',8,83,NULL,NULL,NULL,NULL),
(60,'42',8,84,NULL,NULL,NULL,NULL),
(61,'43',8,85,NULL,NULL,NULL,NULL),
(62,'44',8,86,NULL,NULL,NULL,NULL),
(63,'45',8,87,NULL,NULL,NULL,NULL),
(64,'46 and bigger',8,88,NULL,NULL,NULL,NULL),
(65,'35',9,118,NULL,NULL,NULL,NULL),
(66,'36 and bigger',9,119,NULL,NULL,NULL,NULL),
(67,'34',9,117,NULL,NULL,NULL,NULL),
(68,'One size',7,300,NULL,NULL,NULL,NULL),
(69,'0-2 months',21,210,NULL,NULL,NULL,NULL),
(70,'Mixed',5,53,NULL,NULL,NULL,NULL),
(71,'Mixed',1,6,NULL,NULL,NULL,NULL),
(97,'All ages',21,216,NULL,NULL,NULL,NULL),
(103,'All ages',4,205,NULL,NULL,NULL,NULL),
(104,'Pack of 5-20',16,150,NULL,NULL,NULL,NULL),
(105,'Pack of 21+',16,151,NULL,NULL,NULL,NULL),
(106,'Bulk (100+)',16,152,NULL,NULL,NULL,NULL),
(108,'Newborn (< 4 kg)',12,130,NULL,NULL,NULL,NULL),
(109,'Size 1 (3-6 kg)',12,131,NULL,NULL,NULL,NULL),
(110,'Size 2 (5-8 kg)',12,132,NULL,NULL,NULL,NULL),
(111,'Size 3 (7-13 kg)',12,133,NULL,NULL,NULL,NULL),
(112,'Size 4 (9-17 kg)',12,134,NULL,NULL,NULL,NULL),
(113,'Size 5 (>12 kg)',12,135,NULL,NULL,NULL,NULL),
(114,'Size 6 (>16 kg)',12,136,NULL,NULL,NULL,NULL),
(115,'Kids (>19 kg)',12,137,NULL,NULL,NULL,NULL),
(116,'2-5 years',17,10,NULL,NULL,NULL,NULL),
(117,'6-10 years',17,11,NULL,NULL,NULL,NULL),
(118,'11-15 years',17,12,NULL,NULL,NULL,NULL),
(119,'0-6 months',2,40,NULL,NULL,NULL,NULL),
(120,'7-12 months',2,41,NULL,NULL,NULL,NULL),
(121,'13-18 months',2,42,NULL,NULL,NULL,NULL),
(122,'19-24 months',2,43,NULL,NULL,NULL,NULL),
(123,'All ages',2,44,NULL,NULL,NULL,NULL),
(124,'6-10 years',18,20,NULL,NULL,NULL,NULL),
(125,'11-15 years',18,21,NULL,NULL,NULL,NULL),
(126,'Singlepack',19,160,NULL,NULL,NULL,NULL),
(127,'Multipack',19,161,NULL,NULL,NULL,NULL),
(128,'17',9,100,NULL,NULL,NULL,NULL),
(129,'18',9,101,NULL,NULL,NULL,NULL),
(130,'2-5 years',20,30,NULL,NULL,NULL,NULL),
(131,'75B',13,170,NULL,NULL,NULL,NULL),
(132,'80B',13,171,NULL,NULL,NULL,NULL),
(133,'85B',13,172,NULL,NULL,NULL,NULL),
(134,'90b',13,173,NULL,NULL,NULL,NULL),
(135,'95B',13,174,NULL,NULL,NULL,NULL),
(136,'100C',13,175,NULL,NULL,NULL,NULL),
(137,'D+ (big)',13,176,NULL,NULL,NULL,NULL),
(138,'0-6 months',22,180,NULL,NULL,NULL,NULL),
(139,'7-24 months',22,181,NULL,NULL,NULL,NULL),
(140,'All ages',4,182,NULL,NULL,NULL,NULL),
(141,'2-3 years',23,200,NULL,NULL,NULL,NULL),
(142,'4-5 years',23,201,NULL,NULL,NULL,NULL),
(143,'6-7 years',23,202,NULL,NULL,NULL,NULL),
(144,'8-9 years',23,203,NULL,NULL,NULL,NULL),
(145,'10-11 years',23,201,NULL,NULL,NULL,NULL),
(146,'12-13 years',23,202,NULL,NULL,NULL,NULL),
(147,'14-15 years',23,203,NULL,NULL,NULL,NULL),
(148,'All ages',23,204,NULL,NULL,NULL,NULL),
(149,'2 years',24,210,NULL,NULL,NULL,NULL),
(150,'3 years',24,211,NULL,NULL,NULL,NULL),
(151,'4 years',24,212,NULL,NULL,NULL,NULL),
(152,'5 years',24,213,NULL,NULL,NULL,NULL),
(153,'6 years',24,214,NULL,NULL,NULL,NULL),
(154,'7 years',24,215,NULL,NULL,NULL,NULL),
(155,'8 years',24,216,NULL,NULL,NULL,NULL),
(156,'9 years',24,217,NULL,NULL,NULL,NULL),
(157,'10 years',24,218,NULL,NULL,NULL,NULL),
(158,'11 years',24,219,NULL,NULL,NULL,NULL),
(159,'12 years',24,220,NULL,NULL,NULL,NULL),
(160,'13 years',24,221,NULL,NULL,NULL,NULL),
(161,'14 years',24,222,NULL,NULL,NULL,NULL),
(162,'15 years',24,223,NULL,NULL,NULL,NULL),
(163,'All ages',24,234,NULL,NULL,NULL,NULL),
(164,'0-2 years',25,240,NULL,NULL,NULL,NULL),
(165,'2-4 years',25,241,NULL,NULL,NULL,NULL),
(166,'5-7 years',25,242,NULL,NULL,NULL,NULL),
(167,'8-10 years',25,243,NULL,NULL,NULL,NULL),
(168,'11-13 years',25,244,NULL,NULL,NULL,NULL),
(169,'14-17 years',25,245,NULL,NULL,NULL,NULL),
(170,'<23',26,250,NULL,NULL,NULL,NULL),
(171,'24',26,251,NULL,NULL,NULL,NULL),
(172,'25',26,252,NULL,NULL,NULL,NULL),
(173,'26',26,253,NULL,NULL,NULL,NULL),
(174,'27',26,254,NULL,NULL,NULL,NULL),
(175,'28',26,255,NULL,NULL,NULL,NULL),
(176,'29',26,256,NULL,NULL,NULL,NULL),
(177,'30',26,257,NULL,NULL,NULL,NULL),
(178,'31',26,258,NULL,NULL,NULL,NULL),
(179,'32',26,259,NULL,NULL,NULL,NULL),
(180,'33',26,260,NULL,NULL,NULL,NULL),
(181,'34',26,261,NULL,NULL,NULL,NULL),
(182,'35',26,262,NULL,NULL,NULL,NULL),
(183,'36',26,263,NULL,NULL,NULL,NULL),
(184,'37',26,264,NULL,NULL,NULL,NULL),
(185,'38',26,265,NULL,NULL,NULL,NULL),
(186,'39',26,266,NULL,NULL,NULL,NULL),
(187,'40',26,267,NULL,NULL,NULL,NULL),
(188,'41',26,268,NULL,NULL,NULL,NULL),
(189,'42',26,269,NULL,NULL,NULL,NULL),
(190,'43',26,270,NULL,NULL,NULL,NULL),
(191,'44',26,271,NULL,NULL,NULL,NULL),
(192,'45',26,272,NULL,NULL,NULL,NULL),
(193,'46',26,273,NULL,NULL,NULL,NULL),
(194,'47',26,274,NULL,NULL,NULL,NULL),
(195,'48',26,275,NULL,NULL,NULL,NULL),
(196,'19-22',27,276,NULL,NULL,NULL,NULL),
(197,'23-26',27,277,NULL,NULL,NULL,NULL),
(198,'27-30',27,278,NULL,NULL,NULL,NULL),
(199,'31-34',27,279,NULL,NULL,NULL,NULL),
(200,'35-38',27,280,NULL,NULL,NULL,NULL),
(201,'39-42',27,281,NULL,NULL,NULL,NULL),
(202,'43-46',27,282,NULL,NULL,NULL,NULL);
/*!40000 ALTER TABLE `sizes` ENABLE KEYS */;
UNLOCK TABLES;

--
-- Table structure for table `standard_product`
--

DROP TABLE IF EXISTS `standard_product`;
/*!40101 SET @saved_cs_client     = @@character_set_client */;
/*!40101 SET character_set_client = utf8 */;
CREATE TABLE `standard_product` (
  `id` int unsigned NOT NULL AUTO_INCREMENT,
  `name` varchar(255) NOT NULL,
  `category_id` int unsigned NOT NULL,
  `gender_id` int unsigned NOT NULL,
  `size_range_id` int unsigned NOT NULL,
  `version` int NOT NULL,
  `added_on` datetime NOT NULL,
  `added_by` int unsigned DEFAULT NULL,
  `deprecated_on` datetime DEFAULT NULL,
  `deprecated_by` int unsigned DEFAULT NULL,
  `preceded_by_product_id` int unsigned DEFAULT NULL,
  `superceded_by_product_id` int unsigned DEFAULT NULL,
  PRIMARY KEY (`id`),
  KEY `standard_product_category_id` (`category_id`),
  KEY `standard_product_gender_id` (`gender_id`),
  KEY `standard_product_size_range_id` (`size_range_id`),
  KEY `standard_product_added_by` (`added_by`),
  KEY `standard_product_deprecated_by` (`deprecated_by`),
  KEY `standard_product_preceded_by_product_id` (`preceded_by_product_id`),
  KEY `standard_product_superceded_by_product_id` (`superceded_by_product_id`),
  CONSTRAINT `standard_product_ibfk_1` FOREIGN KEY (`category_id`) REFERENCES `product_categories` (`id`) ON UPDATE CASCADE,
  CONSTRAINT `standard_product_ibfk_2` FOREIGN KEY (`gender_id`) REFERENCES `genders` (`id`) ON UPDATE CASCADE,
  CONSTRAINT `standard_product_ibfk_3` FOREIGN KEY (`size_range_id`) REFERENCES `sizegroup` (`id`) ON UPDATE CASCADE,
  CONSTRAINT `standard_product_ibfk_4` FOREIGN KEY (`added_by`) REFERENCES `cms_users` (`id`) ON DELETE SET NULL ON UPDATE CASCADE,
  CONSTRAINT `standard_product_ibfk_5` FOREIGN KEY (`deprecated_by`) REFERENCES `cms_users` (`id`) ON DELETE SET NULL ON UPDATE CASCADE,
  CONSTRAINT `standard_product_ibfk_6` FOREIGN KEY (`preceded_by_product_id`) REFERENCES `standard_product` (`id`) ON DELETE SET NULL ON UPDATE CASCADE,
  CONSTRAINT `standard_product_ibfk_7` FOREIGN KEY (`superceded_by_product_id`) REFERENCES `standard_product` (`id`) ON DELETE SET NULL ON UPDATE CASCADE
) ENGINE=InnoDB AUTO_INCREMENT=163 DEFAULT CHARSET=utf8 ROW_FORMAT=DYNAMIC;
/*!40101 SET character_set_client = @saved_cs_client */;

--
-- Dumping data for table `standard_product`
--

LOCK TABLES `standard_product` WRITE;
/*!40000 ALTER TABLE `standard_product` DISABLE KEYS */;
INSERT INTO `standard_product` VALUES
  (1,'Baby Bibs',8,9,6,1,'2024-05-28 09:03:20',1,NULL,NULL,NULL,NULL),
  (2,'Baby Blankets',8,9,6,1,'2024-05-28 09:03:20',1,NULL,NULL,NULL,NULL),
  (3,'Joggers',2,5,18,1,'2024-05-28 09:03:20',1,NULL,NULL,NULL,NULL),
  (4,'Leggings',1,5,18,1,'2024-05-28 09:03:20',1,NULL,NULL,NULL,NULL),
  (5,'Shorts',2,5,18,1,'2024-05-28 09:03:20',1,NULL,NULL,NULL,NULL),
  (6,'Trousers',2,5,18,1,'2024-05-28 09:03:20',1,NULL,NULL,NULL,NULL),
  (7,'Joggers',2,1,1,1,'2024-05-28 09:03:20',1,NULL,NULL,NULL,NULL),
  (8,'Shorts',2,1,1,1,'2024-05-28 09:03:20',1,NULL,NULL,NULL,NULL),
  (9,'Trousers',2,1,1,1,'2024-05-28 09:03:20',1,NULL,NULL,NULL,NULL),
  (10,'Joggers',2,4,18,1,'2024-05-28 09:03:20',1,NULL,NULL,NULL,NULL),
  (11,'Leggings',1,4,18,1,'2024-05-28 09:03:20',1,NULL,NULL,NULL,NULL),
  (12,'Shorts',2,4,18,1,'2024-05-28 09:03:20',1,NULL,NULL,NULL,NULL),
  (13,'Joggers',2,2,1,1,'2024-05-28 09:03:20',1,NULL,NULL,NULL,NULL),
  (14,'Shorts',2,2,1,1,'2024-05-28 09:03:20',1,NULL,NULL,NULL,NULL),
  (15,'Trousers',2,2,1,1,'2024-05-28 09:03:20',1,NULL,NULL,NULL,NULL),
  (16,'Baby Trousers',2,9,21,1,'2024-05-28 09:03:20',1,NULL,NULL,NULL,NULL),
  (17,'Summer Hats',12,5,6,1,'2024-05-28 09:03:20',1,NULL,NULL,NULL,NULL),
  (18,'Winter Hats',12,5,6,1,'2024-05-28 09:03:20',1,NULL,NULL,NULL,NULL),
  (19,'Abayas',12,1,6,1,'2024-05-28 09:03:20',1,NULL,NULL,NULL,NULL),
  (20,'Dresses / Skirts',12,1,1,1,'2024-05-28 09:03:20',1,NULL,NULL,NULL,NULL),
  (21,'Gloves',12,1,6,1,'2024-05-28 09:03:20',1,NULL,NULL,NULL,NULL),
  (22,'Hijabs ',12,1,6,1,'2024-05-28 09:03:20',1,NULL,NULL,NULL,NULL),
  (23,'Scarves',12,1,6,1,'2024-05-28 09:03:20',1,NULL,NULL,NULL,NULL),
  (24,'Summer Hats',12,1,6,1,'2024-05-28 09:03:20',1,NULL,NULL,NULL,NULL),
  (25,'Thick Socks',12,1,6,1,'2024-05-28 09:03:20',1,NULL,NULL,NULL,NULL),
  (26,'Thin Socks',12,1,6,1,'2024-05-28 09:03:20',1,NULL,NULL,NULL,NULL),
  (27,'Winter Hats',12,1,6,1,'2024-05-28 09:03:20',1,NULL,NULL,NULL,NULL),
  (28,'Trousers',2,4,18,1,'2024-05-28 09:03:20',1,NULL,NULL,NULL,NULL),
  (29,'Dresses / Skirts',12,4,18,1,'2024-05-28 09:03:20',1,NULL,NULL,NULL,NULL),
  (30,'Summer Hats',12,4,6,1,'2024-05-28 09:03:20',1,NULL,NULL,NULL,NULL),
  (31,'Scarves',12,2,6,1,'2024-05-28 09:03:20',1,NULL,NULL,NULL,NULL),
  (32,'Summer Hats',12,2,6,1,'2024-05-28 09:03:20',1,NULL,NULL,NULL,NULL),
  (33,'Thick Socks',12,2,6,1,'2024-05-28 09:03:20',1,NULL,NULL,NULL,NULL),
  (34,'Thin Socks',12,2,6,1,'2024-05-28 09:03:20',1,NULL,NULL,NULL,NULL),
  (35,'Winter Hats',12,2,6,1,'2024-05-28 09:03:20',1,NULL,NULL,NULL,NULL),
  (36,'Gloves',12,3,6,1,'2024-05-28 09:03:20',1,NULL,NULL,NULL,NULL),
  (37,'Baby Gloves',12,9,6,1,'2024-05-28 09:03:20',1,NULL,NULL,NULL,NULL),
  (38,'Baby Hats',12,9,6,1,'2024-05-28 09:03:20',1,NULL,NULL,NULL,NULL),
  (39,'Baby Onesies',12,9,21,1,'2024-05-28 09:03:20',1,NULL,NULL,NULL,NULL),
  (40,'Baby Rompers / Bodies',12,9,21,1,'2024-05-28 09:03:20',1,NULL,NULL,NULL,NULL),
  (41,'Baby Socks',12,9,6,1,'2024-05-28 09:03:20',1,NULL,NULL,NULL,NULL),
  (42,'Gloves',12,6,6,1,'2024-05-28 09:03:20',1,NULL,NULL,NULL,NULL),
  (43,'Scarves',12,6,6,1,'2024-05-28 09:03:20',1,NULL,NULL,NULL,NULL),
  (44,'Thick Socks',12,6,6,1,'2024-05-28 09:03:20',1,NULL,NULL,NULL,NULL),
  (45,'Thin Socks',12,6,6,1,'2024-05-28 09:03:20',1,NULL,NULL,NULL,NULL),
  (46,'Basins',11,10,6,1,'2024-05-28 09:03:20',1,NULL,NULL,NULL,NULL),
  (47,'Bleach',10,10,6,1,'2024-05-28 09:03:20',1,NULL,NULL,NULL,NULL),
  (48,'Bowls',11,10,6,1,'2024-05-28 09:03:20',1,NULL,NULL,NULL,NULL),
  (49,'Canned / Jarred Food',11,10,6,1,'2024-05-28 09:03:20',1,NULL,NULL,NULL,NULL),
  (50,'Dishes',11,10,6,1,'2024-05-28 09:03:20',1,NULL,NULL,NULL,NULL),
  (51,'Dry Food',11,10,6,1,'2024-05-28 09:03:20',1,NULL,NULL,NULL,NULL),
  (52,'Eating Utensils',11,10,6,1,'2024-05-28 09:03:20',1,NULL,NULL,NULL,NULL),
  (53,'Pots & pans',11,10,6,1,'2024-05-28 09:03:20',1,NULL,NULL,NULL,NULL),
  (54,'Sponges',11,10,6,1,'2024-05-28 09:03:20',1,NULL,NULL,NULL,NULL),
  (55,'Washing up liquid',11,10,6,1,'2024-05-28 09:03:20',1,NULL,NULL,NULL,NULL),
  (56,'Wooden cooking spoons',11,10,6,1,'2024-05-28 09:03:20',1,NULL,NULL,NULL,NULL),
  (57,'ASTM 1 Masks',10,10,6,1,'2024-05-28 09:03:20',1,NULL,NULL,NULL,NULL),
  (58,'ASTM 2 Masks ',10,10,6,1,'2024-05-28 09:03:20',1,NULL,NULL,NULL,NULL),
  (59,'ASTM 3/FFP2/FFP3/N95 Masks',10,10,6,1,'2024-05-28 09:03:20',1,NULL,NULL,NULL,NULL),
  (60,'Combs, Hair Ties, Brushes',10,10,6,1,'2024-05-28 09:03:20',1,NULL,NULL,NULL,NULL),
  (61,'Condoms',10,10,7,1,'2024-05-28 09:03:20',1,NULL,NULL,NULL,NULL),
  (62,'Deodorant',10,10,7,1,'2024-05-28 09:03:20',1,NULL,NULL,NULL,NULL),
  (63,'Disposable Gloves',10,10,6,1,'2024-05-28 09:03:20',1,NULL,NULL,NULL,NULL),
  (64,'Hand Sanitizer / Antibacterial Handgel',10,10,7,1,'2024-05-28 09:03:20',1,NULL,NULL,NULL,NULL),
  (65,'Isopropryl Alcohol',10,10,6,1,'2024-05-28 09:03:20',1,NULL,NULL,NULL,NULL),
  (66,'Lotion / Moisturizer',10,10,6,1,'2024-05-28 09:03:20',1,NULL,NULL,NULL,NULL),
  (67,'Makeup',10,10,6,1,'2024-05-28 09:03:20',1,NULL,NULL,NULL,NULL),
  (68,'Razors (Disposable)',10,10,7,1,'2024-05-28 09:03:20',1,NULL,NULL,NULL,NULL),
  (69,'Reusable Masks',10,10,6,1,'2024-05-28 09:03:20',1,NULL,NULL,NULL,NULL),
  (70,'Shampoo',10,10,6,1,'2024-05-28 09:03:20',1,NULL,NULL,NULL,NULL),
  (71,'Shaving Foam',10,10,6,1,'2024-05-28 09:03:20',1,NULL,NULL,NULL,NULL),
  (72,'Shower Gel',10,10,6,1,'2024-05-28 09:03:20',1,NULL,NULL,NULL,NULL),
  (73,'Soap',10,10,6,1,'2024-05-28 09:03:20',1,NULL,NULL,NULL,NULL),
  (74,'Sunscreen',10,10,6,1,'2024-05-28 09:03:20',1,NULL,NULL,NULL,NULL),
  (75,'Toothbrushes',10,10,19,1,'2024-05-28 09:03:20',1,NULL,NULL,NULL,NULL),
  (76,'Toothpaste',10,10,19,1,'2024-05-28 09:03:20',1,NULL,NULL,NULL,NULL),
  (77,'Wet Wipes / Baby Wipes',10,10,7,1,'2024-05-28 09:03:20',1,NULL,NULL,NULL,NULL),
  (78,'Sanitary Pads',10,1,6,1,'2024-05-28 09:03:20',1,NULL,NULL,NULL,NULL),
  (79,'Incontinence Pads',10,3,6,1,'2024-05-28 09:03:20',1,NULL,NULL,NULL,NULL),
  (80,'Diapers Size 0',10,9,12,1,'2024-05-28 09:03:20',1,NULL,NULL,NULL,NULL),
  (81,'Diapers Size 1',10,9,12,1,'2024-05-28 09:03:20',1,NULL,NULL,NULL,NULL),
  (82,'Diapers Size 2',10,9,12,1,'2024-05-28 09:03:20',1,NULL,NULL,NULL,NULL),
  (83,'Diapers Size 3',10,9,12,1,'2024-05-28 09:03:20',1,NULL,NULL,NULL,NULL),
  (84,'Diapers Size 4',10,9,12,1,'2024-05-28 09:03:20',1,NULL,NULL,NULL,NULL),
  (85,'Diapers Size 5',10,9,12,1,'2024-05-28 09:03:20',1,NULL,NULL,NULL,NULL),
  (86,'Diapers Size 6',10,9,12,1,'2024-05-28 09:03:20',1,NULL,NULL,NULL,NULL),
  (87,'Diapers, Unsized',10,9,6,1,'2024-05-28 09:03:20',1,NULL,NULL,NULL,NULL),
  (88,'Summer Jackets',6,5,18,1,'2024-05-28 09:03:20',1,NULL,NULL,NULL,NULL),
  (89,'Winter Jackets',6,5,18,1,'2024-05-28 09:03:20',1,NULL,NULL,NULL,NULL),
  (90,'Summer Jackets',6,1,1,1,'2024-05-28 09:03:20',1,NULL,NULL,NULL,NULL),
  (91,'Winter Jackets',6,1,1,1,'2024-05-28 09:03:20',1,NULL,NULL,NULL,NULL),
  (92,'Winter Hats',12,4,6,1,'2024-05-28 09:03:20',1,NULL,NULL,NULL,NULL),
  (93,'Summer Jackets',6,4,18,1,'2024-05-28 09:03:20',1,NULL,NULL,NULL,NULL),
  (94,'Summer Jackets',6,2,1,1,'2024-05-28 09:03:20',1,NULL,NULL,NULL,NULL),
  (95,'Winter Jackets',6,2,1,1,'2024-05-28 09:03:20',1,NULL,NULL,NULL,NULL),
  (96,'Misc. Outer Protective Gear',6,3,6,1,'2024-05-28 09:03:20',1,NULL,NULL,NULL,NULL),
  (97,'Baby Jackets / Outerwear',6,9,21,1,'2024-05-28 09:03:20',1,NULL,NULL,NULL,NULL),
  (98,'Misc. Outer Protective Gear',6,6,6,1,'2024-05-28 09:03:20',1,NULL,NULL,NULL,NULL),
  (99,'Backpacks',9,10,6,1,'2024-05-28 09:03:20',1,NULL,NULL,NULL,NULL),
  (100,'Suitcases and Bags',9,10,6,1,'2024-05-28 09:03:20',1,NULL,NULL,NULL,NULL),
  (101,'Toys',14,10,6,1,'2024-05-28 09:03:20',1,NULL,NULL,NULL,NULL),
  (102,'Umbrellas',20,10,6,1,'2024-05-28 09:03:20',1,NULL,NULL,NULL,NULL),
  (103,'Bedsheets',20,10,6,1,'2024-05-28 09:03:20',1,NULL,NULL,NULL,NULL),
  (104,'Blankets',20,10,6,1,'2024-05-28 09:03:20',1,NULL,NULL,NULL,NULL),
  (105,'Duvet Covers',20,10,6,1,'2024-05-28 09:03:20',1,NULL,NULL,NULL,NULL),
  (106,'Duvets',20,10,6,1,'2024-05-28 09:03:20',1,NULL,NULL,NULL,NULL),
  (107,'Pillowcases',20,10,6,1,'2024-05-28 09:03:20',1,NULL,NULL,NULL,NULL),
  (108,'Pillows',20,10,6,1,'2024-05-28 09:03:20',1,NULL,NULL,NULL,NULL),
  (109,'Sleeping Bags',20,10,6,1,'2024-05-28 09:03:20',1,NULL,NULL,NULL,NULL),
  (110,'Sleeping Mats',20,10,6,1,'2024-05-28 09:03:20',1,NULL,NULL,NULL,NULL),
  (111,'Tarps',20,10,6,1,'2024-05-28 09:03:20',1,NULL,NULL,NULL,NULL),
  (112,'Tents',20,10,6,1,'2024-05-28 09:03:20',1,NULL,NULL,NULL,NULL),
  (113,'Towels',20,10,6,1,'2024-05-28 09:03:20',1,NULL,NULL,NULL,NULL),
  (114,'Light Shoes',5,5,9,1,'2024-05-28 09:03:20',1,NULL,NULL,NULL,NULL),
  (115,'Practical Shoes',5,5,9,1,'2024-05-28 09:03:20',1,NULL,NULL,NULL,NULL),
  (116,'Sandals & Flip Flops',5,5,9,1,'2024-05-28 09:03:20',1,NULL,NULL,NULL,NULL),
  (117,'Light Shoes',5,1,3,1,'2024-05-28 09:03:20',1,NULL,NULL,NULL,NULL),
  (118,'Practical Shoes',5,1,3,1,'2024-05-28 09:03:20',1,NULL,NULL,NULL,NULL),
  (119,'Sandals & Flip Flops',5,1,3,1,'2024-05-28 09:03:20',1,NULL,NULL,NULL,NULL),
  (120,'Winter Jackets',6,4,18,1,'2024-05-28 09:03:20',1,NULL,NULL,NULL,NULL),
  (121,'Light Shoes',5,4,9,1,'2024-05-28 09:03:20',1,NULL,NULL,NULL,NULL),
  (122,'Practical Shoes',5,4,9,1,'2024-05-28 09:03:20',1,NULL,NULL,NULL,NULL),
  (123,'Light Shoes',5,2,8,1,'2024-05-28 09:03:20',1,NULL,NULL,NULL,NULL),
  (124,'Practical Shoes',5,2,8,1,'2024-05-28 09:03:20',1,NULL,NULL,NULL,NULL),
  (125,'Sandals & Flip Flops',5,2,8,1,'2024-05-28 09:03:20',1,NULL,NULL,NULL,NULL),
  (126,'Rubber Rain Boots',5,3,6,1,'2024-05-28 09:03:20',1,NULL,NULL,NULL,NULL),
  (127,'Baby Shoes',5,9,21,1,'2024-05-28 09:03:20',1,NULL,NULL,NULL,NULL),
  (128,'Rubber Rain Boots',5,6,6,1,'2024-05-28 09:03:20',1,NULL,NULL,NULL,NULL),
  (129,'Jumpers',3,5,18,1,'2024-05-28 09:03:20',1,NULL,NULL,NULL,NULL),
  (130,'Long Sleeve Tops',3,5,18,1,'2024-05-28 09:03:20',1,NULL,NULL,NULL,NULL),
  (131,'T-Shirts / Short Sleeves',3,5,18,1,'2024-05-28 09:03:20',1,NULL,NULL,NULL,NULL),
  (132,'Undershirts / Tank Tops',3,5,18,1,'2024-05-28 09:03:20',1,NULL,NULL,NULL,NULL),
  (133,'Bodywarmers / Sleeveless Jumpers',3,1,1,1,'2024-05-28 09:03:20',1,NULL,NULL,NULL,NULL),
  (134,'Jumpers',3,1,1,1,'2024-05-28 09:03:20',1,NULL,NULL,NULL,NULL),
  (135,'Long Sleeve Tops',3,1,1,1,'2024-05-28 09:03:20',1,NULL,NULL,NULL,NULL),
  (136,'T-Shirts / Short Sleeves',3,1,1,1,'2024-05-28 09:03:20',1,NULL,NULL,NULL,NULL),
  (137,'Undershirts / Tank Tops',3,1,1,1,'2024-05-28 09:03:20',1,NULL,NULL,NULL,NULL),
  (138,'Sandals & Flip Flops',5,4,9,1,'2024-05-28 09:03:20',1,NULL,NULL,NULL,NULL),
  (139,'Jumpers',3,4,18,1,'2024-05-28 09:03:20',1,NULL,NULL,NULL,NULL),
  (140,'Long Sleeve Tops',3,4,18,1,'2024-05-28 09:03:20',1,NULL,NULL,NULL,NULL),
  (141,'Bodywarmers / Sleeveless Jumpers',3,2,18,1,'2024-05-28 09:03:20',1,NULL,NULL,NULL,NULL),
  (142,'Jumpers',3,2,1,1,'2024-05-28 09:03:20',1,NULL,NULL,NULL,NULL),
  (143,'Long Sleeve Tops',3,2,1,1,'2024-05-28 09:03:20',1,NULL,NULL,NULL,NULL),
  (144,'T-Shirts / Short Sleeves',3,2,1,1,'2024-05-28 09:03:20',1,NULL,NULL,NULL,NULL),
  (145,'Undershirts / Tank Tops',3,2,1,1,'2024-05-28 09:03:20',1,NULL,NULL,NULL,NULL),
  (146,'Baby Jumpers',3,9,21,1,'2024-05-28 09:03:20',1,NULL,NULL,NULL,NULL),
  (147,'Baby Tops',3,9,21,1,'2024-05-28 09:03:20',1,NULL,NULL,NULL,NULL),
  (148,'Bodywarmers / Sleeveless Jumpers',3,6,18,1,'2024-05-28 09:03:20',1,NULL,NULL,NULL,NULL),
  (149,'Underwear',1,5,18,1,'2024-05-28 09:03:20',1,NULL,NULL,NULL,NULL),
  (150,'Bras',1,1,13,1,'2024-05-28 09:03:20',1,NULL,NULL,NULL,NULL),
  (151,'Leggings',1,1,1,1,'2024-05-28 09:03:20',1,NULL,NULL,NULL,NULL),
  (152,'Underwear',1,1,1,1,'2024-05-28 09:03:20',1,NULL,NULL,NULL,NULL),
  (153,'T-Shirts / Short Sleeves',3,4,18,1,'2024-05-28 09:03:20',1,NULL,NULL,NULL,NULL),
  (154,'Undershirts / Tank Tops',1,4,18,1,'2024-05-28 09:03:20',1,NULL,NULL,NULL,NULL),
  (155,'Underwear',1,4,18,1,'2024-05-28 09:03:20',1,NULL,NULL,NULL,NULL),
  (156,'Leggings',1,2,1,1,'2024-05-28 09:03:20',1,NULL,NULL,NULL,NULL),
  (157,'Underwear',1,2,1,1,'2024-05-28 09:03:20',1,NULL,NULL,NULL,NULL),
  (158,'Bottled water',19,10,19,1,'2024-05-28 09:03:20',1,NULL,NULL,NULL,NULL),
  (159,'Drinking Vessels',19,10,6,1,'2024-05-28 09:03:20',1,NULL,NULL,NULL,NULL),
  (160,'Water Storage Containers (>20L)',19,10,6,1,'2024-05-28 09:03:20',1,NULL,NULL,NULL,NULL),
  (161,'Water Storage Containers (<10L)',19,10,6,1,'2024-05-28 09:03:20',1,NULL,NULL,NULL,NULL),
  (162,'Water Storage Containers (10-20L)',19,10,6,1,'2024-05-28 09:03:20',1,NULL,NULL,NULL,NULL);
/*!40000 ALTER TABLE `standard_product` ENABLE KEYS */;
UNLOCK TABLES;

--
-- Table structure for table `stock`
--

DROP TABLE IF EXISTS `stock`;
/*!40101 SET @saved_cs_client     = @@character_set_client */;
/*!40101 SET character_set_client = utf8 */;
CREATE TABLE `stock` (
  `id` int unsigned NOT NULL AUTO_INCREMENT,
  `box_id` varchar(11) NOT NULL DEFAULT '',
  `product_id` int unsigned NOT NULL,
  `size_id` int unsigned NOT NULL,
  `items` int DEFAULT NULL,
  `location_id` int unsigned NOT NULL,
  `distro_event_id` int unsigned DEFAULT NULL,
  `qr_id` int unsigned DEFAULT NULL,
  `comments` text,
  `created` datetime DEFAULT NULL,
  `created_by` int unsigned DEFAULT NULL,
  `modified` datetime DEFAULT NULL,
  `modified_by` int unsigned DEFAULT NULL,
  `deleted` datetime NOT NULL DEFAULT '0000-00-00 00:00:00',
  `box_state_id` int unsigned NOT NULL DEFAULT '1',
  PRIMARY KEY (`id`),
  UNIQUE KEY `box_id_unique` (`box_id`),
  UNIQUE KEY `qr_id_unique` (`qr_id`),
  KEY `box_id` (`box_id`),
  KEY `location_id` (`location_id`),
  KEY `product_id` (`product_id`),
  KEY `size_id` (`size_id`),
  KEY `box_state_id` (`box_state_id`),
  KEY `created_by` (`created_by`),
  KEY `modified_by` (`modified_by`),
  KEY `distro_event_id` (`distro_event_id`),
  CONSTRAINT `stock_ibfk_10` FOREIGN KEY (`created_by`) REFERENCES `cms_users` (`id`) ON DELETE SET NULL ON UPDATE CASCADE,
  CONSTRAINT `stock_ibfk_11` FOREIGN KEY (`modified_by`) REFERENCES `cms_users` (`id`) ON DELETE SET NULL ON UPDATE CASCADE,
  CONSTRAINT `stock_ibfk_14` FOREIGN KEY (`location_id`) REFERENCES `locations` (`id`) ON DELETE RESTRICT ON UPDATE CASCADE,
  CONSTRAINT `stock_ibfk_15` FOREIGN KEY (`product_id`) REFERENCES `products` (`id`) ON DELETE RESTRICT ON UPDATE CASCADE,
  CONSTRAINT `stock_ibfk_16` FOREIGN KEY (`size_id`) REFERENCES `sizes` (`id`) ON DELETE RESTRICT ON UPDATE CASCADE,
  CONSTRAINT `stock_ibfk_17` FOREIGN KEY (`distro_event_id`) REFERENCES `distro_events` (`id`) ON DELETE RESTRICT ON UPDATE CASCADE,
  CONSTRAINT `stock_ibfk_3` FOREIGN KEY (`qr_id`) REFERENCES `qr` (`id`) ON DELETE RESTRICT ON UPDATE CASCADE,
  CONSTRAINT `stock_ibfk_9` FOREIGN KEY (`box_state_id`) REFERENCES `box_state` (`id`) ON DELETE RESTRICT ON UPDATE CASCADE
) ENGINE=InnoDB AUTO_INCREMENT=100001047 DEFAULT CHARSET=utf8 ROW_FORMAT=DYNAMIC;
/*!40101 SET character_set_client = @saved_cs_client */;

--
-- Dumping data for table `stock`
--

LOCK TABLES `stock` WRITE;
/*!40000 ALTER TABLE `stock` DISABLE KEYS */;
INSERT INTO `stock` VALUES (100000000,'328765',1163,68,50,100000002,NULL,100000000,'Cypress seed test box','2015-01-01 11:15:32',1,NULL,NULL,'0000-00-00 00:00:00',5),(100000001,'235563',1165,68,50,100000005,NULL,100000001,'50 dummy products','2019-09-29 18:15:32',1,NULL,NULL,'0000-00-00 00:00:00',5),(100000247,'82253651',1215,32,688,100000038,NULL,100006413,'Trade statement.','2024-05-28 09:04:14',23,'2024-05-28 09:04:14',23,'0000-00-00 00:00:00',1),(100000248,'55906176',1197,68,988,100000038,NULL,100006484,'','2024-05-28 09:04:14',2,'2024-05-28 09:04:14',2,'0000-00-00 00:00:00',1),(100000249,'35910348',1193,68,763,100000039,NULL,100006021,'Recently range.','2024-05-28 09:04:14',3,'2024-05-28 09:04:28',5,'0000-00-00 00:00:00',5),(100000250,'74456761',1207,68,870,100000037,NULL,100006197,'Together again when.','2024-05-28 09:04:14',6,'2024-05-28 09:04:14',6,'0000-00-00 00:00:00',1),(100000251,'49821901',1183,5,255,100000037,NULL,100006677,'Others role.','2024-05-28 09:04:14',4,'2024-05-28 09:04:14',4,'0000-00-00 00:00:00',1),(100000252,'07180447',1191,68,232,100000038,NULL,100005948,'','2024-05-28 09:04:14',2,'2024-05-28 09:04:26',6,'0000-00-00 00:00:00',1),(100000253,'98174552',1172,52,470,100000039,NULL,100006045,'Yet.','2024-05-28 09:04:14',2,'2024-05-28 09:04:28',24,'0000-00-00 00:00:00',5),(100000254,'64337709',1193,68,774,100000036,NULL,100006486,'','2024-05-28 09:04:14',25,'2024-05-28 09:04:14',25,'0000-00-00 00:00:00',1),(100000255,'15793085',1207,68,784,100000036,NULL,100006539,'','2024-05-28 09:04:14',4,'2024-05-28 09:04:14',4,'0000-00-00 00:00:00',1),(100000256,'40019144',1178,5,661,100000036,NULL,100006500,'','2024-05-28 09:04:14',8,'2024-05-28 09:04:26',5,'0000-00-00 00:00:00',1),(100000257,'71429724',1166,52,755,100000036,NULL,100006729,'Window.','2024-05-28 09:04:14',24,'2024-05-28 09:04:27',25,'0000-00-00 00:00:00',1),(100000258,'85692415',1175,4,522,100000040,NULL,100006239,'Arm.','2024-05-28 09:04:14',5,'2024-05-28 09:04:28',5,'0000-00-00 00:00:00',5),(100000259,'11456857',1170,52,599,100000036,NULL,100006617,'','2024-05-28 09:04:14',7,'2024-05-28 09:04:14',7,'0000-00-00 00:00:00',1),(100000260,'14860591',1211,109,504,100000038,NULL,100005995,'','2024-05-28 09:04:14',9,'2024-05-28 09:04:14',9,'0000-00-00 00:00:00',1),(100000261,'01696095',1171,52,519,100000038,NULL,100006506,'','2024-05-28 09:04:14',6,'2024-05-28 09:04:14',6,'0000-00-00 00:00:00',1),(100000262,'67550216',1199,118,980,100000038,NULL,100006374,'','2024-05-28 09:04:14',25,'2024-05-28 09:04:14',25,'0000-00-00 00:00:00',1),(100000263,'98683160',1177,5,519,100000040,NULL,100006482,'','2024-05-28 09:04:14',25,'2024-05-28 09:04:25',2,'0000-00-00 00:00:00',5),(100000264,'08721143',1206,68,868,100000038,NULL,100006738,'Century prepare.','2024-05-28 09:04:14',8,'2024-05-28 09:04:28',8,'0000-00-00 00:00:00',1),(100000265,'47900012',1187,68,121,100000038,NULL,100006022,'','2024-05-28 09:04:14',4,'2024-05-28 09:04:14',4,'0000-00-00 00:00:00',1),(100000266,'11309875',1183,1,661,100000036,NULL,100006415,'','2024-05-28 09:04:14',6,'2024-05-28 09:04:27',2,'0000-00-00 00:00:00',1),(100000267,'54915289',1180,5,989,100000037,NULL,100006217,'','2024-05-28 09:04:14',4,'2024-05-28 09:04:14',4,'0000-00-00 00:00:00',1),(100000268,'26437686',1192,68,12,100000038,NULL,100005954,'Physical investment art.','2024-05-28 09:04:14',5,'2024-05-28 09:04:27',9,'0000-00-00 00:00:00',1),(100000269,'10226497',1205,68,162,100000037,NULL,100005958,'','2024-05-28 09:04:14',5,'2024-05-28 09:04:14',5,'0000-00-00 00:00:00',1),(100000270,'29389667',1178,3,24,100000037,NULL,100006399,'','2024-05-28 09:04:14',8,'2024-05-28 09:04:14',8,'0000-00-00 00:00:00',1),(100000271,'66311518',1178,2,253,100000036,NULL,100006492,'Guess watch.','2024-05-28 09:04:14',23,'2024-05-28 09:04:14',23,'0000-00-00 00:00:00',1),(100000272,'77847752',1184,71,974,100000038,NULL,100006496,'','2024-05-28 09:04:14',9,'2024-05-28 09:04:27',5,'0000-00-00 00:00:00',1),(100000273,'72626836',1168,52,323,100000036,NULL,100006125,'Environmental image of.','2024-05-28 09:04:14',4,'2024-05-28 09:04:14',4,'0000-00-00 00:00:00',1),(100000274,'90030071',1261,108,320,100000044,NULL,100006427,'','2024-05-28 09:04:14',9,'2024-05-28 09:04:46',10,'0000-00-00 00:00:00',1),(100000275,'38733379',1245,52,385,100000044,NULL,100006466,'','2024-05-28 09:04:14',9,'2024-05-28 09:04:46',10,'0000-00-00 00:00:00',1),(100000276,'48908150',1174,1,51,100000037,NULL,100006560,'','2024-05-28 09:04:14',8,'2024-05-28 09:04:27',6,'0000-00-00 00:00:00',1),(100000277,'09208062',1191,68,121,100000036,NULL,100006068,'Happy author.','2024-05-28 09:04:14',9,'2024-05-28 09:04:14',9,'0000-00-00 00:00:00',1),(100000278,'76042637',1174,4,422,100000040,NULL,100006721,'','2024-05-28 09:04:14',7,'2024-05-28 09:04:25',25,'0000-00-00 00:00:00',5),(100000279,'15543308',1185,5,256,100000037,NULL,100006663,'Economic.','2024-05-28 09:04:14',9,'2024-05-28 09:04:27',24,'0000-00-00 00:00:00',1),(100000280,'80659317',1174,4,56,100000037,NULL,100006144,'','2024-05-28 09:04:14',8,'2024-05-28 09:04:14',8,'0000-00-00 00:00:00',1),(100000281,'87426574',1181,2,286,100000036,NULL,100006515,'Hair process church usually.','2024-05-28 09:04:14',9,'2024-05-28 09:04:14',9,'0000-00-00 00:00:00',1),(100000282,'28697718',1211,139,229,100000038,NULL,100006015,'Value responsibility.','2024-05-28 09:04:14',9,'2024-05-28 09:04:27',4,'0000-00-00 00:00:00',1),(100000283,'11705595',1171,52,243,100000040,NULL,100006590,'Ten story.','2024-05-28 09:04:14',8,'2024-05-28 09:04:25',23,'0000-00-00 00:00:00',5),(100000284,'89453199',1191,68,494,100000037,NULL,100006047,'','2024-05-28 09:04:14',23,'2024-05-28 09:04:14',23,'0000-00-00 00:00:00',1),(100000285,'23452007',1171,68,930,100000038,NULL,100006039,'','2024-05-28 09:04:14',23,'2024-05-28 09:04:14',23,'0000-00-00 00:00:00',1),(100000286,'11249761',1199,68,963,100000036,NULL,100006726,'','2024-05-28 09:04:15',4,'2024-05-28 09:04:15',4,'0000-00-00 00:00:00',1),(100000287,'53310120',1179,3,619,100000036,NULL,100006610,'','2024-05-28 09:04:15',2,'2024-05-28 09:04:46',2,'0000-00-00 00:00:00',1),(100000288,'60329351',1212,139,949,100000036,NULL,100006280,'','2024-05-28 09:04:15',9,'2024-05-28 09:04:15',9,'0000-00-00 00:00:00',1),(100000289,'75728452',1188,68,37,100000038,NULL,100006710,'Son agency information.','2024-05-28 09:04:15',7,'2024-05-28 09:04:15',7,'0000-00-00 00:00:00',1),(100000290,'10558549',1192,68,598,100000036,NULL,100006094,'','2024-05-28 09:04:15',24,'2024-05-28 09:04:15',24,'0000-00-00 00:00:00',1),(100000291,'35125545',1212,139,109,100000038,NULL,100006181,'Quite whole.','2024-05-28 09:04:15',23,'2024-05-28 09:04:15',23,'0000-00-00 00:00:00',1),(100000292,'01354826',1180,2,418,100000038,NULL,100006255,'','2024-05-28 09:04:15',6,'2024-05-28 09:04:27',7,'0000-00-00 00:00:00',1),(100000293,'79232076',1183,5,365,100000038,NULL,100006067,'','2024-05-28 09:04:15',3,'2024-05-28 09:04:15',3,'0000-00-00 00:00:00',1),(100000294,'04665122',1211,113,620,100000037,NULL,100006598,'','2024-05-28 09:04:15',23,'2024-05-28 09:04:15',23,'0000-00-00 00:00:00',1),(100000295,'51729410',1195,52,97,100000038,NULL,100006719,'Identify over.','2024-05-28 09:04:15',3,'2024-05-28 09:04:26',5,'0000-00-00 00:00:00',1),(100000296,'79623042',1171,52,678,100000038,NULL,100005969,'','2024-05-28 09:04:15',4,'2024-05-28 09:04:15',4,'0000-00-00 00:00:00',1),(100000297,'00712119',1190,68,146,100000038,NULL,100006364,'','2024-05-28 09:04:15',3,'2024-05-28 09:04:26',7,'0000-00-00 00:00:00',1),(100000298,'64478992',1175,71,8,100000038,NULL,100006341,'','2024-05-28 09:04:15',9,'2024-05-28 09:04:15',9,'0000-00-00 00:00:00',1),(100000299,'70900234',1213,34,175,100000040,NULL,100006071,'','2024-05-28 09:04:15',24,'2024-05-28 09:04:26',3,'0000-00-00 00:00:00',5),(100000300,'25368217',1173,52,161,100000038,NULL,100006697,'','2024-05-28 09:04:15',5,'2024-05-28 09:04:15',5,'0000-00-00 00:00:00',1),(100000301,'55091796',1212,138,578,100000038,NULL,100006387,'','2024-05-28 09:04:15',25,'2024-05-28 09:04:46',2,'0000-00-00 00:00:00',1),(100000302,'35868989',1184,3,89,100000036,NULL,100006195,'','2024-05-28 09:04:15',23,'2024-05-28 09:04:15',23,'0000-00-00 00:00:00',1),(100000303,'80985772',1206,68,86,100000036,NULL,100006152,'','2024-05-28 09:04:15',8,'2024-05-28 09:04:15',8,'0000-00-00 00:00:00',1),(100000304,'58770447',1197,52,47,100000039,NULL,100006253,'','2024-05-28 09:04:15',3,'2024-05-28 09:04:25',5,'0000-00-00 00:00:00',5),(100000305,'03205688',1179,71,911,100000036,NULL,100006640,'','2024-05-28 09:04:15',9,'2024-05-28 09:04:15',9,'0000-00-00 00:00:00',1),(100000306,'14649280',1168,52,43,100000036,NULL,100006487,'','2024-05-28 09:04:15',9,'2024-05-28 09:04:15',9,'0000-00-00 00:00:00',1),(100000307,'26540760',1202,68,948,100000038,NULL,100006370,'','2024-05-28 09:04:15',25,'2024-05-28 09:04:15',25,'0000-00-00 00:00:00',1),(100000308,'92040564',1178,4,738,100000036,NULL,100006093,'','2024-05-28 09:04:15',4,'2024-05-28 09:04:26',8,'0000-00-00 00:00:00',1),(100000309,'20074799',1215,18,960,100000037,NULL,100005960,'Reduce.','2024-05-28 09:04:15',4,'2024-05-28 09:04:28',9,'0000-00-00 00:00:00',1),(100000310,'55973841',1182,1,444,100000036,NULL,100005957,'Hair themselves.','2024-05-28 09:04:15',9,'2024-05-28 09:04:15',9,'0000-00-00 00:00:00',1),(100000311,'44054132',1200,68,139,100000037,NULL,100006463,'','2024-05-28 09:04:15',8,'2024-05-28 09:04:15',8,'0000-00-00 00:00:00',1),(100000312,'24745093',1213,30,138,100000038,NULL,100006489,'Change.','2024-05-28 09:04:15',4,'2024-05-28 09:04:27',25,'0000-00-00 00:00:00',1),(100000313,'63135788',1210,139,166,100000038,NULL,100006474,'Avoid hold produce.','2024-05-28 09:04:15',3,'2024-05-28 09:04:15',3,'0000-00-00 00:00:00',1),(100000314,'99401825',1197,52,248,100000037,NULL,100006259,'Floor bad item.','2024-05-28 09:04:15',25,'2024-05-28 09:04:15',25,'0000-00-00 00:00:00',1),(100000315,'42012597',1187,68,127,100000037,NULL,100005971,'','2024-05-28 09:04:15',2,'2024-05-28 09:04:26',2,'0000-00-00 00:00:00',1),(100000316,'15519409',1173,52,694,100000038,NULL,100006596,'Despite.','2024-05-28 09:04:15',4,'2024-05-28 09:04:28',4,'0000-00-00 00:00:00',1),(100000317,'53594045',1175,1,909,100000036,NULL,100006194,'Marriage exactly tell.','2024-05-28 09:04:15',4,'2024-05-28 09:04:46',2,'0000-00-00 00:00:00',1),(100000318,'04026916',1209,68,136,100000038,NULL,100006490,'','2024-05-28 09:04:15',7,'2024-05-28 09:04:15',7,'0000-00-00 00:00:00',1),(100000319,'02117533',1180,2,313,100000038,NULL,100006055,'Figure really.','2024-05-28 09:04:15',8,'2024-05-28 09:04:28',24,'0000-00-00 00:00:00',1),(100000320,'59354641',1185,5,129,100000038,NULL,100006406,'','2024-05-28 09:04:15',7,'2024-05-28 09:04:15',7,'0000-00-00 00:00:00',1),(100000321,'90291369',1204,68,432,100000038,NULL,100006491,'','2024-05-28 09:04:15',6,'2024-05-28 09:04:15',6,'0000-00-00 00:00:00',1),(100000322,'86209965',1180,71,937,100000036,NULL,100006714,'','2024-05-28 09:04:15',3,'2024-05-28 09:04:27',23,'0000-00-00 00:00:00',1),(100000323,'63871636',1202,68,975,100000038,NULL,100006585,'','2024-05-28 09:04:15',3,'2024-05-28 09:04:15',3,'0000-00-00 00:00:00',1),(100000324,'09019263',1202,68,543,100000036,NULL,100006402,'','2024-05-28 09:04:15',4,'2024-05-28 09:04:15',4,'0000-00-00 00:00:00',1),(100000325,'31265326',1169,52,337,100000038,NULL,100005983,'','2024-05-28 09:04:15',25,'2024-05-28 09:04:15',25,'0000-00-00 00:00:00',1),(100000326,'75157767',1171,52,823,100000039,NULL,100006060,'','2024-05-28 09:04:15',6,'2024-05-28 09:04:25',5,'0000-00-00 00:00:00',5),(100000327,'82820485',1214,34,335,100000038,NULL,100006386,'','2024-05-28 09:04:15',2,'2024-05-28 09:04:15',2,'0000-00-00 00:00:00',1),(100000328,'90301470',1182,4,184,100000037,NULL,100006681,'Human.','2024-05-28 09:04:15',7,'2024-05-28 09:04:28',4,'0000-00-00 00:00:00',1),(100000329,'89991651',1188,68,512,100000038,NULL,100005966,'','2024-05-28 09:04:15',2,'2024-05-28 09:04:15',2,'0000-00-00 00:00:00',1),(100000330,'12298960',1173,52,88,100000038,NULL,100006087,'','2024-05-28 09:04:16',2,'2024-05-28 09:04:16',2,'0000-00-00 00:00:00',1),(100000331,'36902569',1212,139,490,100000038,NULL,100005987,'','2024-05-28 09:04:16',5,'2024-05-28 09:04:27',4,'0000-00-00 00:00:00',1),(100000332,'88054724',1193,68,713,100000037,NULL,100006470,'','2024-05-28 09:04:16',2,'2024-05-28 09:04:16',2,'0000-00-00 00:00:00',1),(100000333,'79864408',1186,117,909,100000036,NULL,100006230,'','2024-05-28 09:04:16',4,'2024-05-28 09:04:16',4,'0000-00-00 00:00:00',1),(100000334,'62326070',1200,68,597,100000037,NULL,100006279,'Modern.','2024-05-28 09:04:16',25,'2024-05-28 09:04:28',25,'0000-00-00 00:00:00',1),(100000335,'84179879',1185,4,323,100000038,NULL,100006292,'','2024-05-28 09:04:16',4,'2024-05-28 09:04:16',4,'0000-00-00 00:00:00',1),(100000336,'00334159',1192,68,268,100000036,NULL,100006350,'','2024-05-28 09:04:16',25,'2024-05-28 09:04:16',25,'0000-00-00 00:00:00',1),(100000337,'56995726',1215,52,101,100000039,NULL,100006600,'Our bank seek.','2024-05-28 09:04:16',9,'2024-05-28 09:04:25',4,'0000-00-00 00:00:00',5),(100000338,'04376487',1198,68,38,100000040,NULL,100006114,'Interest once at.','2024-05-28 09:04:16',8,'2024-05-28 09:04:25',4,'0000-00-00 00:00:00',5),(100000339,'69137084',1212,139,812,100000037,NULL,100006303,'','2024-05-28 09:04:16',3,'2024-05-28 09:04:16',3,'0000-00-00 00:00:00',1),(100000340,'69137568',1200,68,23,100000037,NULL,100006012,'','2024-05-28 09:04:16',24,'2024-05-28 09:04:16',24,'0000-00-00 00:00:00',1),(100000341,'43855083',1189,68,646,100000039,NULL,100006048,'','2024-05-28 09:04:16',8,'2024-05-28 09:04:25',23,'0000-00-00 00:00:00',5),(100000342,'97280722',1215,60,836,100000036,NULL,100006737,'Glass.','2024-05-28 09:04:16',7,'2024-05-28 09:04:28',24,'0000-00-00 00:00:00',1),(100000343,'50819465',1214,15,982,100000040,NULL,100006203,'','2024-05-28 09:04:16',23,'2024-05-28 09:04:27',7,'0000-00-00 00:00:00',5),(100000344,'77672779',1206,68,20,100000038,NULL,100006623,'Difficult.','2024-05-28 09:04:16',7,'2024-05-28 09:04:28',4,'0000-00-00 00:00:00',1),(100000345,'25686533',1208,68,381,100000038,NULL,100006356,'','2024-05-28 09:04:16',5,'2024-05-28 09:04:16',5,'0000-00-00 00:00:00',1),(100000346,'21328292',1182,4,21,100000037,NULL,100006652,'','2024-05-28 09:04:16',9,'2024-05-28 09:04:16',9,'0000-00-00 00:00:00',1),(100000347,'09746674',1190,68,648,100000037,NULL,100006159,'','2024-05-28 09:04:16',24,'2024-05-28 09:04:16',24,'0000-00-00 00:00:00',1),(100000348,'64058968',1191,68,14,100000036,NULL,100006481,'','2024-05-28 09:04:16',3,'2024-05-28 09:04:16',3,'0000-00-00 00:00:00',1),(100000349,'86660596',1173,52,524,100000038,NULL,100006522,'','2024-05-28 09:04:16',8,'2024-05-28 09:04:16',8,'0000-00-00 00:00:00',1),(100000350,'78535820',1173,52,114,100000038,NULL,100006167,'','2024-05-28 09:04:16',2,'2024-05-28 09:04:16',2,'0000-00-00 00:00:00',1),(100000351,'85956638',1171,52,129,100000036,NULL,100006572,'','2024-05-28 09:04:16',4,'2024-05-28 09:04:16',4,'0000-00-00 00:00:00',1),(100000352,'08291536',1192,117,343,100000037,NULL,100006110,'','2024-05-28 09:04:16',3,'2024-05-28 09:04:16',3,'0000-00-00 00:00:00',1),(100000353,'85347220',1187,68,990,100000036,NULL,100006062,'Against week.','2024-05-28 09:04:16',23,'2024-05-28 09:04:16',23,'0000-00-00 00:00:00',1),(100000354,'96974512',1169,52,360,100000037,NULL,100006534,'','2024-05-28 09:04:16',7,'2024-05-28 09:04:27',4,'0000-00-00 00:00:00',1),(100000355,'70540014',1179,5,947,100000038,NULL,100006205,'','2024-05-28 09:04:16',6,'2024-05-28 09:04:16',6,'0000-00-00 00:00:00',1),(100000356,'39528192',1179,4,115,100000040,NULL,100005998,'','2024-05-28 09:04:16',23,'2024-05-28 09:04:26',8,'0000-00-00 00:00:00',5),(100000357,'37344255',1209,68,202,100000036,NULL,100006671,'','2024-05-28 09:04:16',23,'2024-05-28 09:04:26',8,'0000-00-00 00:00:00',1),(100000358,'94750585',1183,1,466,100000037,NULL,100006578,'','2024-05-28 09:04:16',3,'2024-05-28 09:04:16',3,'0000-00-00 00:00:00',1),(100000359,'44640408',1212,109,200,100000037,NULL,100006607,'Need drive.','2024-05-28 09:04:16',25,'2024-05-28 09:04:16',25,'0000-00-00 00:00:00',1),(100000360,'16783126',1187,68,247,100000038,NULL,100006027,'Some despite.','2024-05-28 09:04:16',9,'2024-05-28 09:04:16',9,'0000-00-00 00:00:00',1),(100000361,'88512894',1210,138,520,100000036,NULL,100006080,'','2024-05-28 09:04:16',25,'2024-05-28 09:04:27',9,'0000-00-00 00:00:00',1),(100000362,'28110011',1177,4,780,100000038,NULL,100006366,'','2024-05-28 09:04:16',5,'2024-05-28 09:04:27',7,'0000-00-00 00:00:00',1),(100000363,'07055487',1177,4,341,100000037,NULL,100005953,'','2024-05-28 09:04:16',8,'2024-05-28 09:04:16',8,'0000-00-00 00:00:00',1),(100000364,'00010223',1166,52,376,100000036,NULL,100006643,'','2024-05-28 09:04:16',25,'2024-05-28 09:04:16',25,'0000-00-00 00:00:00',1),(100000365,'17046314',1203,68,990,100000038,NULL,100005992,'','2024-05-28 09:04:16',8,'2024-05-28 09:04:16',8,'0000-00-00 00:00:00',1),(100000366,'88001910',1175,5,161,100000037,NULL,100006207,'End.','2024-05-28 09:04:16',25,'2024-05-28 09:04:16',25,'0000-00-00 00:00:00',1),(100000367,'27335596',1167,52,563,100000037,NULL,100006024,'Conference beyond.','2024-05-28 09:04:16',23,'2024-05-28 09:04:28',9,'0000-00-00 00:00:00',1),(100000368,'46911289',1170,52,190,100000040,NULL,100006467,'','2024-05-28 09:04:16',23,'2024-05-28 09:04:25',7,'0000-00-00 00:00:00',5),(100000369,'01682606',1203,68,4,100000036,NULL,100006192,'','2024-05-28 09:04:16',24,'2024-05-28 09:04:16',24,'0000-00-00 00:00:00',1),(100000370,'53693498',1177,2,863,100000037,NULL,100006224,'','2024-05-28 09:04:16',4,'2024-05-28 09:04:27',6,'0000-00-00 00:00:00',1),(100000371,'36559353',1196,52,847,100000040,NULL,100006468,'','2024-05-28 09:04:16',8,'2024-05-28 09:04:25',8,'0000-00-00 00:00:00',5),(100000372,'21193494',1209,68,410,100000038,NULL,100006390,'','2024-05-28 09:04:16',8,'2024-05-28 09:04:16',8,'0000-00-00 00:00:00',1),(100000373,'04628306',1200,68,673,100000039,NULL,100006088,'Word production.','2024-05-28 09:04:17',4,'2024-05-28 09:04:28',23,'0000-00-00 00:00:00',5),(100000374,'44706509',1171,52,254,100000038,NULL,100006113,'','2024-05-28 09:04:17',9,'2024-05-28 09:04:17',9,'0000-00-00 00:00:00',1),(100000375,'95749766',1176,3,899,100000037,NULL,100006553,'Full page else.','2024-05-28 09:04:17',25,'2024-05-28 09:04:17',25,'0000-00-00 00:00:00',1),(100000376,'53480427',1189,118,718,100000036,NULL,100006308,'','2024-05-28 09:04:17',3,'2024-05-28 09:04:17',3,'0000-00-00 00:00:00',1),(100000377,'49149991',1208,68,380,100000040,NULL,100005991,'Great past garden.','2024-05-28 09:04:17',5,'2024-05-28 09:04:26',2,'0000-00-00 00:00:00',5),(100000378,'71689744',1173,52,439,100000038,NULL,100006632,'Article kid.','2024-05-28 09:04:17',2,'2024-05-28 09:04:17',2,'0000-00-00 00:00:00',1),(100000379,'90740765',1188,68,52,100000037,NULL,100006705,'','2024-05-28 09:04:17',4,'2024-05-28 09:04:27',5,'0000-00-00 00:00:00',1),(100000380,'23834329',1182,5,131,100000037,NULL,100006017,'Once.','2024-05-28 09:04:17',6,'2024-05-28 09:04:28',8,'0000-00-00 00:00:00',1),(100000381,'46368418',1171,52,443,100000038,NULL,100006107,'Blue growth.','2024-05-28 09:04:17',23,'2024-05-28 09:04:26',8,'0000-00-00 00:00:00',1),(100000382,'92430821',1197,52,488,100000036,NULL,100006648,'','2024-05-28 09:04:17',24,'2024-05-28 09:04:26',6,'0000-00-00 00:00:00',1),(100000383,'90378407',1195,52,709,100000039,NULL,100006670,'','2024-05-28 09:04:17',4,'2024-05-28 09:04:26',2,'0000-00-00 00:00:00',5),(100000384,'96110167',1167,52,89,100000037,NULL,100006372,'Leg them new.','2024-05-28 09:04:17',3,'2024-05-28 09:04:26',25,'0000-00-00 00:00:00',1),(100000385,'42498833',1185,3,450,100000037,NULL,100006229,'','2024-05-28 09:04:17',3,'2024-05-28 09:04:27',3,'0000-00-00 00:00:00',1),(100000386,'65000668',1188,68,493,100000037,NULL,100006002,'','2024-05-28 09:04:17',5,'2024-05-28 09:04:17',5,'0000-00-00 00:00:00',1),(100000387,'21629976',1184,4,701,100000037,NULL,100006267,'Matter see.','2024-05-28 09:04:17',9,'2024-05-28 09:04:17',9,'0000-00-00 00:00:00',1),(100000388,'70720094',1197,68,294,100000037,NULL,100006020,'Condition instead easy how.','2024-05-28 09:04:17',9,'2024-05-28 09:04:46',2,'0000-00-00 00:00:00',1),(100000389,'85113566',1179,3,835,100000036,NULL,100006421,'','2024-05-28 09:04:17',8,'2024-05-28 09:04:17',8,'0000-00-00 00:00:00',1),(100000390,'82548201',1177,4,359,100000038,NULL,100006558,'','2024-05-28 09:04:17',9,'2024-05-28 09:04:17',9,'0000-00-00 00:00:00',1),(100000391,'34818466',1180,1,858,100000036,NULL,100006121,'','2024-05-28 09:04:17',6,'2024-05-28 09:04:17',6,'0000-00-00 00:00:00',1),(100000392,'26328425',1173,52,321,100000036,NULL,100006604,'Report feeling enough.','2024-05-28 09:04:17',5,'2024-05-28 09:04:17',5,'0000-00-00 00:00:00',1),(100000393,'24196802',1174,1,531,100000038,NULL,100006740,'','2024-05-28 09:04:17',4,'2024-05-28 09:04:17',4,'0000-00-00 00:00:00',1),(100000394,'11599164',1209,68,191,100000038,NULL,100006637,'Behind interesting.','2024-05-28 09:04:17',7,'2024-05-28 09:04:27',4,'0000-00-00 00:00:00',1),(100000395,'58277806',1188,68,913,100000036,NULL,100006347,'','2024-05-28 09:04:17',8,'2024-05-28 09:04:17',8,'0000-00-00 00:00:00',1),(100000396,'97956103',1200,68,62,100000037,NULL,100006635,'','2024-05-28 09:04:17',3,'2024-05-28 09:04:17',3,'0000-00-00 00:00:00',1),(100000397,'46425172',1185,2,866,100000036,NULL,100006063,'','2024-05-28 09:04:17',5,'2024-05-28 09:04:17',5,'0000-00-00 00:00:00',1),(100000398,'05051505',1195,52,415,100000036,NULL,100006051,'','2024-05-28 09:04:17',9,'2024-05-28 09:04:26',23,'0000-00-00 00:00:00',1),(100000399,'31956537',1186,68,556,100000038,NULL,100005993,'Building north last.','2024-05-28 09:04:17',7,'2024-05-28 09:04:17',7,'0000-00-00 00:00:00',1),(100000400,'31159835',1206,68,697,100000037,NULL,100006287,'','2024-05-28 09:04:17',25,'2024-05-28 09:04:17',25,'0000-00-00 00:00:00',1),(100000401,'96686115',1206,68,762,100000037,NULL,100006268,'However.','2024-05-28 09:04:17',4,'2024-05-28 09:04:17',4,'0000-00-00 00:00:00',1),(100000402,'24705691',1192,117,474,100000036,NULL,100006672,'','2024-05-28 09:04:17',7,'2024-05-28 09:04:17',7,'0000-00-00 00:00:00',1),(100000403,'82744510',1168,52,368,100000038,NULL,100006260,'','2024-05-28 09:04:17',25,'2024-05-28 09:04:17',25,'0000-00-00 00:00:00',1),(100000404,'22668350',1205,68,395,100000038,NULL,100005946,'','2024-05-28 09:04:17',23,'2024-05-28 09:04:17',23,'0000-00-00 00:00:00',1),(100000405,'16501369',1173,52,661,100000038,NULL,100006026,'Window simple tree.','2024-05-28 09:04:17',8,'2024-05-28 09:04:17',8,'0000-00-00 00:00:00',1),(100000406,'05147897',1209,68,985,100000037,NULL,100006050,'Small since.','2024-05-28 09:04:17',9,'2024-05-28 09:04:17',9,'0000-00-00 00:00:00',1),(100000407,'84373730',1171,52,2,100000038,NULL,100006605,'','2024-05-28 09:04:17',23,'2024-05-28 09:04:17',23,'0000-00-00 00:00:00',1),(100000408,'07548435',1201,68,295,100000037,NULL,100006162,'','2024-05-28 09:04:17',6,'2024-05-28 09:04:17',6,'0000-00-00 00:00:00',1),(100000409,'54754369',1211,110,165,100000036,NULL,100006128,'','2024-05-28 09:04:17',25,'2024-05-28 09:04:17',25,'0000-00-00 00:00:00',1),(100000410,'91288478',1200,68,84,100000040,NULL,100006226,'Produce gas clearly.','2024-05-28 09:04:17',24,'2024-05-28 09:04:26',9,'0000-00-00 00:00:00',5),(100000411,'95035061',1167,52,594,100000036,NULL,100006459,'','2024-05-28 09:04:17',4,'2024-05-28 09:04:17',4,'0000-00-00 00:00:00',1),(100000412,'53327111',1198,68,399,100000038,NULL,100006582,'','2024-05-28 09:04:17',25,'2024-05-28 09:04:46',2,'0000-00-00 00:00:00',1),(100000413,'86286068',1175,5,130,100000036,NULL,100006338,'','2024-05-28 09:04:17',9,'2024-05-28 09:04:17',9,'0000-00-00 00:00:00',1),(100000414,'51124095',1180,1,719,100000037,NULL,100006541,'Site church key.','2024-05-28 09:04:17',23,'2024-05-28 09:04:17',23,'0000-00-00 00:00:00',1),(100000415,'97923871',1206,68,112,100000038,NULL,100006480,'','2024-05-28 09:04:17',5,'2024-05-28 09:04:27',2,'0000-00-00 00:00:00',1),(100000416,'55850083',1189,68,566,100000037,NULL,100006625,'Opportunity.','2024-05-28 09:04:17',23,'2024-05-28 09:04:27',6,'0000-00-00 00:00:00',1),(100000417,'46845676',1201,68,772,100000036,NULL,100005989,'','2024-05-28 09:04:17',3,'2024-05-28 09:04:17',3,'0000-00-00 00:00:00',1),(100000418,'71556335',1208,68,720,100000036,NULL,100006742,'','2024-05-28 09:04:17',9,'2024-05-28 09:04:26',24,'0000-00-00 00:00:00',1),(100000419,'30031642',1178,3,925,100000037,NULL,100006501,'','2024-05-28 09:04:17',4,'2024-05-28 09:04:26',4,'0000-00-00 00:00:00',1),(100000420,'86390376',1177,4,461,100000038,NULL,100006525,'','2024-05-28 09:04:17',6,'2024-05-28 09:04:17',6,'0000-00-00 00:00:00',1),(100000421,'18618958',1189,68,27,100000037,NULL,100006037,'','2024-05-28 09:04:17',8,'2024-05-28 09:04:17',8,'0000-00-00 00:00:00',1),(100000422,'18014382',1196,52,636,100000039,NULL,100006344,'','2024-05-28 09:04:18',6,'2024-05-28 09:04:25',25,'0000-00-00 00:00:00',5),(100000423,'57313505',1181,4,324,100000040,NULL,100006150,'Pay for.','2024-05-28 09:04:18',8,'2024-05-28 09:04:26',25,'0000-00-00 00:00:00',5),(100000424,'14652009',1166,52,475,100000037,NULL,100006151,'','2024-05-28 09:04:18',8,'2024-05-28 09:04:18',8,'0000-00-00 00:00:00',1),(100000425,'76777715',1182,4,565,100000036,NULL,100006211,'Important will.','2024-05-28 09:04:18',23,'2024-05-28 09:04:28',6,'0000-00-00 00:00:00',1),(100000426,'06573826',1169,52,976,100000036,NULL,100006170,'North.','2024-05-28 09:04:18',23,'2024-05-28 09:04:27',9,'0000-00-00 00:00:00',1),(100000427,'91456400',1198,68,75,100000038,NULL,100006523,'','2024-05-28 09:04:18',5,'2024-05-28 09:04:18',5,'0000-00-00 00:00:00',1),(100000428,'11596942',1169,52,590,100000038,NULL,100005949,'Pretty close teacher.','2024-05-28 09:04:18',5,'2024-05-28 09:04:18',5,'0000-00-00 00:00:00',1),(100000429,'33320008',1184,4,498,100000037,NULL,100006284,'','2024-05-28 09:04:18',2,'2024-05-28 09:04:18',2,'0000-00-00 00:00:00',1),(100000430,'74959121',1189,68,538,100000037,NULL,100006225,'','2024-05-28 09:04:18',2,'2024-05-28 09:04:18',2,'0000-00-00 00:00:00',1),(100000431,'88048633',1201,68,130,100000036,NULL,100006228,'','2024-05-28 09:04:18',24,'2024-05-28 09:04:18',24,'0000-00-00 00:00:00',1),(100000432,'60510737',1166,52,254,100000037,NULL,100006394,'','2024-05-28 09:04:18',24,'2024-05-28 09:04:18',24,'0000-00-00 00:00:00',1),(100000433,'88989931',1183,3,269,100000040,NULL,100005963,'','2024-05-28 09:04:18',3,'2024-05-28 09:04:25',9,'0000-00-00 00:00:00',5),(100000434,'07377372',1206,68,669,100000036,NULL,100006661,'','2024-05-28 09:04:18',6,'2024-05-28 09:04:26',5,'0000-00-00 00:00:00',1),(100000435,'90105691',1196,52,335,100000036,NULL,100006575,'','2024-05-28 09:04:18',25,'2024-05-28 09:04:18',25,'0000-00-00 00:00:00',1),(100000436,'70747291',1205,68,994,100000037,NULL,100006311,'Market somebody.','2024-05-28 09:04:18',9,'2024-05-28 09:04:18',9,'0000-00-00 00:00:00',1),(100000437,'13058186',1199,68,188,100000038,NULL,100006694,'','2024-05-28 09:04:18',3,'2024-05-28 09:04:26',3,'0000-00-00 00:00:00',1),(100000438,'45229462',1181,4,617,100000038,NULL,100006252,'Include.','2024-05-28 09:04:18',9,'2024-05-28 09:04:18',9,'0000-00-00 00:00:00',1),(100000439,'52584023',1181,3,894,100000037,NULL,100006061,'','2024-05-28 09:04:18',8,'2024-05-28 09:04:26',23,'0000-00-00 00:00:00',1),(100000440,'73279863',1188,117,982,100000039,NULL,100005956,'','2024-05-28 09:04:18',4,'2024-05-28 09:04:25',8,'0000-00-00 00:00:00',5),(100000441,'92593611',1182,1,700,100000036,NULL,100006548,'','2024-05-28 09:04:18',23,'2024-05-28 09:04:18',23,'0000-00-00 00:00:00',1),(100000442,'89519014',1184,71,762,100000038,NULL,100006627,'','2024-05-28 09:04:18',2,'2024-05-28 09:04:27',3,'0000-00-00 00:00:00',1),(100000443,'33472246',1181,2,708,100000038,NULL,100006373,'','2024-05-28 09:04:18',2,'2024-05-28 09:04:18',2,'0000-00-00 00:00:00',1),(100000444,'88185486',1170,52,97,100000037,NULL,100006030,'','2024-05-28 09:04:18',25,'2024-05-28 09:04:18',25,'0000-00-00 00:00:00',1),(100000445,'47622422',1204,68,887,100000040,NULL,100006074,'Stop military all.','2024-05-28 09:04:18',2,'2024-05-28 09:04:26',2,'0000-00-00 00:00:00',5),(100000446,'16200343',1183,3,109,100000038,NULL,100006337,'','2024-05-28 09:04:18',8,'2024-05-28 09:04:26',5,'0000-00-00 00:00:00',1),(100000447,'02616162',1176,54,504,100000036,NULL,100006674,'','2024-05-28 09:04:18',3,'2024-05-28 09:04:18',3,'0000-00-00 00:00:00',1),(100000448,'27081707',1170,52,17,100000036,NULL,100006451,'','2024-05-28 09:04:18',23,'2024-05-28 09:04:27',23,'0000-00-00 00:00:00',1),(100000449,'92094918',1190,68,704,100000037,NULL,100006645,'','2024-05-28 09:04:18',9,'2024-05-28 09:04:27',23,'0000-00-00 00:00:00',1),(100000450,'08041202',1168,52,703,100000038,NULL,100006581,'','2024-05-28 09:04:18',23,'2024-05-28 09:04:18',23,'0000-00-00 00:00:00',1),(100000451,'76588936',1184,3,980,100000038,NULL,100006090,'Sound clearly.','2024-05-28 09:04:18',3,'2024-05-28 09:04:28',25,'0000-00-00 00:00:00',1),(100000452,'41350094',1178,5,154,100000037,NULL,100006059,'','2024-05-28 09:04:18',6,'2024-05-28 09:04:18',6,'0000-00-00 00:00:00',1),(100000453,'17126847',1206,68,103,100000036,NULL,100006004,'Threat painting happy.','2024-05-28 09:04:18',2,'2024-05-28 09:04:27',25,'0000-00-00 00:00:00',1),(100000454,'24840759',1202,68,963,100000038,NULL,100005978,'','2024-05-28 09:04:18',25,'2024-05-28 09:04:27',25,'0000-00-00 00:00:00',1),(100000455,'95376129',1197,52,83,100000036,NULL,100006101,'Candidate name.','2024-05-28 09:04:18',4,'2024-05-28 09:04:18',4,'0000-00-00 00:00:00',1),(100000456,'12852061',1214,64,954,100000038,NULL,100006736,'','2024-05-28 09:04:18',3,'2024-05-28 09:04:26',3,'0000-00-00 00:00:00',1),(100000457,'52911245',1172,68,925,100000036,NULL,100006118,'','2024-05-28 09:04:18',23,'2024-05-28 09:04:18',23,'0000-00-00 00:00:00',1),(100000458,'91328984',1179,4,236,100000038,NULL,100006153,'When difference deal.','2024-05-28 09:04:18',2,'2024-05-28 09:04:18',2,'0000-00-00 00:00:00',1),(100000459,'26809684',1214,15,244,100000036,NULL,100006086,'','2024-05-28 09:04:18',6,'2024-05-28 09:04:26',3,'0000-00-00 00:00:00',1),(100000460,'63064682',1213,31,487,100000038,NULL,100006384,'','2024-05-28 09:04:18',5,'2024-05-28 09:04:18',5,'0000-00-00 00:00:00',1),(100000461,'22214361',1194,52,539,100000036,NULL,100006044,'','2024-05-28 09:04:18',25,'2024-05-28 09:04:18',25,'0000-00-00 00:00:00',1),(100000462,'07740605',1214,60,768,100000036,NULL,100006023,'','2024-05-28 09:04:18',8,'2024-05-28 09:04:18',8,'0000-00-00 00:00:00',1),(100000463,'10509557',1167,52,903,100000039,NULL,100006095,'','2024-05-28 09:04:18',9,'2024-05-28 09:04:25',9,'0000-00-00 00:00:00',5),(100000464,'96487397',1167,52,785,100000036,NULL,100006431,'','2024-05-28 09:04:18',8,'2024-05-28 09:04:18',8,'0000-00-00 00:00:00',1),(100000465,'21390693',1192,116,80,100000039,NULL,100006362,'','2024-05-28 09:04:18',25,'2024-05-28 09:04:26',6,'0000-00-00 00:00:00',5),(100000466,'94995048',1195,52,603,100000040,NULL,100006647,'','2024-05-28 09:04:18',9,'2024-05-28 09:04:26',25,'0000-00-00 00:00:00',5),(100000467,'47317561',1183,2,530,100000038,NULL,100006660,'Left about.','2024-05-28 09:04:18',9,'2024-05-28 09:04:18',9,'0000-00-00 00:00:00',1),(100000468,'32911675',1190,68,698,100000037,NULL,100006155,'','2024-05-28 09:04:18',6,'2024-05-28 09:04:18',6,'0000-00-00 00:00:00',1),(100000469,'45482394',1177,4,869,100000038,NULL,100006105,'','2024-05-28 09:04:18',4,'2024-05-28 09:04:18',4,'0000-00-00 00:00:00',1),(100000470,'46664818',1183,71,869,100000038,NULL,100006566,'','2024-05-28 09:04:18',4,'2024-05-28 09:04:18',4,'0000-00-00 00:00:00',1),(100000471,'61585660',1240,68,929,100000044,NULL,100006029,'Allow American.','2024-05-28 09:04:19',25,'2024-05-28 09:04:46',10,'0000-00-00 00:00:00',8),(100000472,'68804123',1186,68,83,100000037,NULL,100006078,'','2024-05-28 09:04:19',25,'2024-05-28 09:04:19',25,'0000-00-00 00:00:00',1),(100000473,'35218623',1178,5,710,100000038,NULL,100006355,'New job letter.','2024-05-28 09:04:19',7,'2024-05-28 09:04:19',7,'0000-00-00 00:00:00',1),(100000474,'48304080',1197,52,190,100000038,NULL,100005970,'','2024-05-28 09:04:19',2,'2024-05-28 09:04:19',2,'0000-00-00 00:00:00',1),(100000475,'37093865',1205,68,83,100000037,NULL,100005996,'Look chance.','2024-05-28 09:04:19',3,'2024-05-28 09:04:27',9,'0000-00-00 00:00:00',1),(100000476,'48418892',1196,52,509,100000038,NULL,100005999,'','2024-05-28 09:04:19',4,'2024-05-28 09:04:19',4,'0000-00-00 00:00:00',1),(100000477,'99006074',1203,68,458,100000036,NULL,100006227,'','2024-05-28 09:04:19',2,'2024-05-28 09:04:26',24,'0000-00-00 00:00:00',1),(100000478,'26602584',1193,68,235,100000037,NULL,100006342,'Available believe religious light.','2024-05-28 09:04:19',9,'2024-05-28 09:04:27',8,'0000-00-00 00:00:00',1),(100000479,'27750332',1167,52,431,100000037,NULL,100006169,'','2024-05-28 09:04:19',5,'2024-05-28 09:04:19',5,'0000-00-00 00:00:00',1),(100000480,'51568135',1172,52,332,100000038,NULL,100006556,'','2024-05-28 09:04:19',3,'2024-05-28 09:04:19',3,'0000-00-00 00:00:00',1),(100000481,'76199403',1197,52,886,100000038,NULL,100006456,'','2024-05-28 09:04:19',5,'2024-05-28 09:04:19',5,'0000-00-00 00:00:00',1),(100000482,'81063037',1176,71,373,100000038,NULL,100006124,'','2024-05-28 09:04:19',4,'2024-05-28 09:04:26',8,'0000-00-00 00:00:00',1),(100000483,'06314128',1176,71,240,100000037,NULL,100006352,'','2024-05-28 09:04:19',3,'2024-05-28 09:04:19',3,'0000-00-00 00:00:00',1),(100000484,'16590666',1167,68,747,100000037,NULL,100006483,'','2024-05-28 09:04:19',3,'2024-05-28 09:04:19',3,'0000-00-00 00:00:00',1),(100000485,'46184039',1209,68,165,100000040,NULL,100006343,'','2024-05-28 09:04:19',24,'2024-05-28 09:04:26',7,'0000-00-00 00:00:00',5),(100000486,'80126217',1189,117,370,100000036,NULL,100005979,'','2024-05-28 09:04:19',24,'2024-05-28 09:04:19',24,'0000-00-00 00:00:00',1),(100000487,'92020304',1193,68,169,100000037,NULL,100006577,'','2024-05-28 09:04:19',6,'2024-05-28 09:04:19',6,'0000-00-00 00:00:00',1),(100000488,'00537356',1183,4,339,100000037,NULL,100006293,'','2024-05-28 09:04:19',6,'2024-05-28 09:04:19',6,'0000-00-00 00:00:00',1),(100000489,'05595169',1212,139,867,100000036,NULL,100006254,'','2024-05-28 09:04:19',3,'2024-05-28 09:04:46',2,'0000-00-00 00:00:00',1),(100000490,'34991800',1172,52,644,100000036,NULL,100006462,'','2024-05-28 09:04:19',23,'2024-05-28 09:04:19',23,'0000-00-00 00:00:00',1),(100000491,'16207084',1189,68,953,100000037,NULL,100006132,'','2024-05-28 09:04:19',2,'2024-05-28 09:04:19',2,'0000-00-00 00:00:00',1),(100000492,'05175904',1214,59,657,100000036,NULL,100006326,'','2024-05-28 09:04:19',9,'2024-05-28 09:04:19',9,'0000-00-00 00:00:00',1),(100000493,'54050712',1173,52,475,100000038,NULL,100006241,'','2024-05-28 09:04:19',5,'2024-05-28 09:04:26',5,'0000-00-00 00:00:00',1),(100000494,'85196040',1196,68,638,100000038,NULL,100006688,'','2024-05-28 09:04:19',25,'2024-05-28 09:04:19',25,'0000-00-00 00:00:00',1),(100000495,'45599851',1196,52,130,100000037,NULL,100006544,'Green seven.','2024-05-28 09:04:19',4,'2024-05-28 09:04:28',2,'0000-00-00 00:00:00',1),(100000496,'91897125',1169,52,74,100000037,NULL,100006404,'','2024-05-28 09:04:19',23,'2024-05-28 09:04:19',23,'0000-00-00 00:00:00',1),(100000497,'15917873',1181,71,201,100000038,NULL,100006098,'','2024-05-28 09:04:19',23,'2024-05-28 09:04:27',3,'0000-00-00 00:00:00',1),(100000498,'68042936',1175,3,671,100000038,NULL,100006115,'','2024-05-28 09:04:19',25,'2024-05-28 09:04:19',25,'0000-00-00 00:00:00',1),(100000499,'71072726',1205,68,578,100000036,NULL,100006733,'','2024-05-28 09:04:19',3,'2024-05-28 09:04:19',3,'0000-00-00 00:00:00',1),(100000500,'60125812',1200,68,220,100000037,NULL,100006079,'Place do agree sister.','2024-05-28 09:04:19',7,'2024-05-28 09:04:27',6,'0000-00-00 00:00:00',1),(100000501,'34650111',1197,52,675,100000037,NULL,100006606,'','2024-05-28 09:04:19',6,'2024-05-28 09:04:19',6,'0000-00-00 00:00:00',1),(100000502,'65978599',1207,68,161,100000036,NULL,100006475,'','2024-05-28 09:04:19',24,'2024-05-28 09:04:19',24,'0000-00-00 00:00:00',1),(100000503,'37206621',1179,5,343,100000038,NULL,100006156,'Reach partner list.','2024-05-28 09:04:19',3,'2024-05-28 09:04:19',3,'0000-00-00 00:00:00',1),(100000504,'15078850',1200,68,653,100000038,NULL,100006662,'','2024-05-28 09:04:19',4,'2024-05-28 09:04:19',4,'0000-00-00 00:00:00',1),(100000505,'25886451',1176,3,222,100000037,NULL,100006533,'','2024-05-28 09:04:19',8,'2024-05-28 09:04:19',8,'0000-00-00 00:00:00',1),(100000506,'07737534',1177,5,926,100000040,NULL,100006432,'','2024-05-28 09:04:19',24,'2024-05-28 09:04:25',8,'0000-00-00 00:00:00',5),(100000507,'47116793',1171,52,136,100000037,NULL,100006720,'','2024-05-28 09:04:19',24,'2024-05-28 09:04:19',24,'0000-00-00 00:00:00',1),(100000508,'51388011',1208,68,84,100000038,NULL,100006269,'','2024-05-28 09:04:19',7,'2024-05-28 09:04:27',3,'0000-00-00 00:00:00',1),(100000509,'10306440',1215,64,456,100000036,NULL,100006246,'','2024-05-28 09:04:19',5,'2024-05-28 09:04:19',5,'0000-00-00 00:00:00',1),(100000510,'80404648',1184,3,629,100000040,NULL,100006330,'Improve where to.','2024-05-28 09:04:19',7,'2024-05-28 09:04:25',6,'0000-00-00 00:00:00',5),(100000511,'33097767',1182,4,218,100000037,NULL,100006357,'Military teacher.','2024-05-28 09:04:19',23,'2024-05-28 09:04:19',23,'0000-00-00 00:00:00',1),(100000512,'63584960',1204,68,443,100000040,NULL,100006237,'','2024-05-28 09:04:19',25,'2024-05-28 09:04:25',8,'0000-00-00 00:00:00',5),(100000513,'20840440',1215,56,733,100000038,NULL,100005977,'','2024-05-28 09:04:19',8,'2024-05-28 09:04:19',8,'0000-00-00 00:00:00',1),(100000514,'26142468',1194,68,83,100000039,NULL,100005961,'','2024-05-28 09:04:19',7,'2024-05-28 09:04:27',25,'0000-00-00 00:00:00',5),(100000515,'51683935',1211,110,98,100000038,NULL,100006616,'','2024-05-28 09:04:19',23,'2024-05-28 09:04:19',23,'0000-00-00 00:00:00',1),(100000516,'83988579',1203,68,232,100000038,NULL,100006327,'','2024-05-28 09:04:19',4,'2024-05-28 09:04:19',4,'0000-00-00 00:00:00',1),(100000517,'75493573',1204,68,610,100000038,NULL,100006595,'','2024-05-28 09:04:19',5,'2024-05-28 09:04:27',3,'0000-00-00 00:00:00',1),(100000518,'44751126',1183,1,428,100000038,NULL,100006461,'Most hard step.','2024-05-28 09:04:19',23,'2024-05-28 09:04:19',23,'0000-00-00 00:00:00',1),(100000519,'25371210',1170,52,124,100000036,NULL,100006131,'Rate statement.','2024-05-28 09:04:19',9,'2024-05-28 09:04:19',9,'0000-00-00 00:00:00',1),(100000520,'05795601',1185,5,879,100000038,NULL,100006145,'','2024-05-28 09:04:19',5,'2024-05-28 09:04:19',5,'0000-00-00 00:00:00',1),(100000521,'26245744',1208,68,777,100000038,NULL,100006378,'','2024-05-28 09:04:20',6,'2024-05-28 09:04:20',6,'0000-00-00 00:00:00',1),(100000522,'72975653',1171,52,591,100000038,NULL,100006100,'','2024-05-28 09:04:20',7,'2024-05-28 09:04:27',23,'0000-00-00 00:00:00',1),(100000523,'90989675',1198,68,897,100000038,NULL,100006423,'','2024-05-28 09:04:20',5,'2024-05-28 09:04:20',5,'0000-00-00 00:00:00',1),(100000524,'46790805',1210,138,582,100000038,NULL,100006592,'','2024-05-28 09:04:20',2,'2024-05-28 09:04:20',2,'0000-00-00 00:00:00',1),(100000525,'61480263',1199,68,188,100000039,NULL,100006171,'','2024-05-28 09:04:20',25,'2024-05-28 09:04:25',25,'0000-00-00 00:00:00',5),(100000526,'74327265',1212,138,831,100000037,NULL,100006611,'','2024-05-28 09:04:20',5,'2024-05-28 09:04:20',5,'0000-00-00 00:00:00',1),(100000527,'65705307',1213,64,802,100000037,NULL,100006392,'Pm become.','2024-05-28 09:04:20',7,'2024-05-28 09:04:20',7,'0000-00-00 00:00:00',1),(100000528,'46297184',1169,68,569,100000038,NULL,100006570,'','2024-05-28 09:04:20',8,'2024-05-28 09:04:20',8,'0000-00-00 00:00:00',1),(100000529,'06336400',1170,68,274,100000038,NULL,100006507,'Hundred.','2024-05-28 09:04:20',24,'2024-05-28 09:04:28',24,'0000-00-00 00:00:00',1),(100000530,'34068878',1182,2,257,100000037,NULL,100006340,'','2024-05-28 09:04:20',9,'2024-05-28 09:04:20',9,'0000-00-00 00:00:00',1),(100000531,'52214387',1170,52,463,100000036,NULL,100006425,'','2024-05-28 09:04:20',6,'2024-05-28 09:04:20',6,'0000-00-00 00:00:00',1),(100000532,'24508512',1184,5,729,100000037,NULL,100006646,'Agency million.','2024-05-28 09:04:20',2,'2024-05-28 09:04:28',2,'0000-00-00 00:00:00',1),(100000533,'25982947',1202,68,726,100000037,NULL,100006664,'Serve price.','2024-05-28 09:04:20',8,'2024-05-28 09:04:20',8,'0000-00-00 00:00:00',1),(100000534,'33774600',1170,52,76,100000040,NULL,100006580,'Though at either.','2024-05-28 09:04:20',7,'2024-05-28 09:04:26',23,'0000-00-00 00:00:00',5),(100000535,'50038350',1197,52,939,100000038,NULL,100006552,'','2024-05-28 09:04:20',2,'2024-05-28 09:04:20',2,'0000-00-00 00:00:00',1),(100000536,'14186959',1196,52,601,100000036,NULL,100006511,'','2024-05-28 09:04:20',5,'2024-05-28 09:04:20',5,'0000-00-00 00:00:00',1),(100000537,'56073085',1171,52,200,100000037,NULL,100006049,'Result.','2024-05-28 09:04:20',24,'2024-05-28 09:04:28',6,'0000-00-00 00:00:00',1),(100000538,'90085970',1168,52,156,100000037,NULL,100006033,'','2024-05-28 09:04:20',3,'2024-05-28 09:04:26',25,'0000-00-00 00:00:00',1),(100000539,'30758327',1212,139,268,100000036,NULL,100006324,'','2024-05-28 09:04:20',3,'2024-05-28 09:04:20',3,'0000-00-00 00:00:00',1),(100000540,'87258886',1187,68,422,100000038,NULL,100006129,'','2024-05-28 09:04:20',6,'2024-05-28 09:04:20',6,'0000-00-00 00:00:00',1),(100000541,'24216712',1186,68,109,100000038,NULL,100005955,'','2024-05-28 09:04:20',25,'2024-05-28 09:04:20',25,'0000-00-00 00:00:00',1),(100000542,'02044294',1167,52,595,100000037,NULL,100006345,'And.','2024-05-28 09:04:20',25,'2024-05-28 09:04:28',4,'0000-00-00 00:00:00',1),(100000543,'57097860',1215,57,918,100000037,NULL,100006472,'','2024-05-28 09:04:20',6,'2024-05-28 09:04:46',2,'0000-00-00 00:00:00',1),(100000544,'42833680',1199,118,819,100000037,NULL,100006264,'','2024-05-28 09:04:20',24,'2024-05-28 09:04:20',24,'0000-00-00 00:00:00',1),(100000545,'72600400',1187,68,232,100000038,NULL,100006439,'','2024-05-28 09:04:20',9,'2024-05-28 09:04:20',9,'0000-00-00 00:00:00',1),(100000546,'00603212',1188,68,22,100000037,NULL,100006274,'','2024-05-28 09:04:20',8,'2024-05-28 09:04:27',24,'0000-00-00 00:00:00',1),(100000547,'98058653',1175,5,501,100000040,NULL,100006555,'','2024-05-28 09:04:20',4,'2024-05-28 09:04:25',4,'0000-00-00 00:00:00',5),(100000548,'78352310',1200,68,204,100000038,NULL,100006348,'','2024-05-28 09:04:20',9,'2024-05-28 09:04:20',9,'0000-00-00 00:00:00',1),(100000549,'07965977',1215,18,211,100000037,NULL,100006527,'','2024-05-28 09:04:20',3,'2024-05-28 09:04:20',3,'0000-00-00 00:00:00',1),(100000550,'20760770',1213,29,110,100000039,NULL,100005990,'','2024-05-28 09:04:20',4,'2024-05-28 09:04:26',5,'0000-00-00 00:00:00',5),(100000551,'87313745',1171,52,324,100000037,NULL,100006520,'','2024-05-28 09:04:20',24,'2024-05-28 09:04:20',24,'0000-00-00 00:00:00',1),(100000552,'75816341',1191,68,294,100000038,NULL,100006187,'','2024-05-28 09:04:20',2,'2024-05-28 09:04:26',25,'0000-00-00 00:00:00',1),(100000553,'01299679',1204,68,116,100000037,NULL,100006550,'','2024-05-28 09:04:20',8,'2024-05-28 09:04:20',8,'0000-00-00 00:00:00',1),(100000554,'95067972',1180,1,351,100000036,NULL,100006200,'','2024-05-28 09:04:20',5,'2024-05-28 09:04:20',5,'0000-00-00 00:00:00',1),(100000555,'56958335',1191,117,603,100000037,NULL,100006389,'','2024-05-28 09:04:20',25,'2024-05-28 09:04:20',25,'0000-00-00 00:00:00',1),(100000556,'68567555',1171,52,921,100000036,NULL,100006430,'','2024-05-28 09:04:20',25,'2024-05-28 09:04:20',25,'0000-00-00 00:00:00',1),(100000557,'24511509',1197,52,153,100000038,NULL,100006310,'Region imagine.','2024-05-28 09:04:20',25,'2024-05-28 09:04:20',25,'0000-00-00 00:00:00',1),(100000558,'09719630',1180,5,266,100000038,NULL,100005947,'','2024-05-28 09:04:20',8,'2024-05-28 09:04:20',8,'0000-00-00 00:00:00',1),(100000559,'87323828',1171,52,454,100000038,NULL,100006247,'','2024-05-28 09:04:20',25,'2024-05-28 09:04:20',25,'0000-00-00 00:00:00',1),(100000560,'67706849',1212,138,446,100000037,NULL,100006367,'','2024-05-28 09:04:20',8,'2024-05-28 09:04:20',8,'0000-00-00 00:00:00',1),(100000561,'16587058',1211,139,36,100000037,NULL,100006521,'Husband.','2024-05-28 09:04:20',8,'2024-05-28 09:04:28',7,'0000-00-00 00:00:00',1),(100000562,'93656039',1173,52,241,100000036,NULL,100006019,'','2024-05-28 09:04:20',5,'2024-05-28 09:04:20',5,'0000-00-00 00:00:00',1),(100000563,'58372334',1203,68,237,100000038,NULL,100006108,'Easy.','2024-05-28 09:04:20',23,'2024-05-28 09:04:28',5,'0000-00-00 00:00:00',1),(100000564,'31171069',1210,138,490,100000038,NULL,100006699,'','2024-05-28 09:04:20',2,'2024-05-28 09:04:27',2,'0000-00-00 00:00:00',1),(100000565,'83125929',1177,4,390,100000039,NULL,100006339,'','2024-05-28 09:04:20',6,'2024-05-28 09:04:25',23,'0000-00-00 00:00:00',5),(100000566,'24136707',1167,52,252,100000037,NULL,100006263,'','2024-05-28 09:04:20',2,'2024-05-28 09:04:20',2,'0000-00-00 00:00:00',1),(100000567,'80836567',1207,68,566,100000036,NULL,100006499,'Job environmental.','2024-05-28 09:04:21',3,'2024-05-28 09:04:27',23,'0000-00-00 00:00:00',1),(100000568,'95023194',1194,52,638,100000036,NULL,100006712,'','2024-05-28 09:04:21',3,'2024-05-28 09:04:21',3,'0000-00-00 00:00:00',1),(100000569,'99100703',1167,52,436,100000037,NULL,100006365,'','2024-05-28 09:04:21',23,'2024-05-28 09:04:27',9,'0000-00-00 00:00:00',1),(100000570,'46442217',1182,3,958,100000038,NULL,100006565,'','2024-05-28 09:04:21',5,'2024-05-28 09:04:21',5,'0000-00-00 00:00:00',1),(100000571,'84906555',1187,68,16,100000038,NULL,100006407,'','2024-05-28 09:04:21',3,'2024-05-28 09:04:21',3,'0000-00-00 00:00:00',1),(100000572,'58594579',1202,68,363,100000038,NULL,100005950,'','2024-05-28 09:04:21',4,'2024-05-28 09:04:21',4,'0000-00-00 00:00:00',1),(100000573,'61605434',1194,52,48,100000038,NULL,100006538,'','2024-05-28 09:04:21',8,'2024-05-28 09:04:21',8,'0000-00-00 00:00:00',1),(100000574,'28117746',1203,68,40,100000037,NULL,100006138,'','2024-05-28 09:04:21',4,'2024-05-28 09:04:21',4,'0000-00-00 00:00:00',1),(100000575,'23981253',1195,68,297,100000039,NULL,100006445,'','2024-05-28 09:04:21',23,'2024-05-28 09:04:25',24,'0000-00-00 00:00:00',5),(100000576,'15110671',1169,52,102,100000037,NULL,100006446,'','2024-05-28 09:04:21',25,'2024-05-28 09:04:27',9,'0000-00-00 00:00:00',1),(100000577,'52215796',1196,68,929,100000036,NULL,100005959,'','2024-05-28 09:04:21',24,'2024-05-28 09:04:21',24,'0000-00-00 00:00:00',1),(100000578,'26076136',1210,138,719,100000036,NULL,100006184,'Board entire.','2024-05-28 09:04:21',6,'2024-05-28 09:04:26',9,'0000-00-00 00:00:00',1),(100000579,'48828448',1192,68,67,100000036,NULL,100006038,'Particular.','2024-05-28 09:04:21',25,'2024-05-28 09:04:46',2,'0000-00-00 00:00:00',1),(100000580,'25471794',1201,68,193,100000037,NULL,100006173,'Light resource.','2024-05-28 09:04:21',24,'2024-05-28 09:04:26',6,'0000-00-00 00:00:00',1),(100000581,'70433502',1214,31,574,100000038,NULL,100005994,'','2024-05-28 09:04:21',5,'2024-05-28 09:04:21',5,'0000-00-00 00:00:00',1),(100000582,'14597982',1208,68,130,100000039,NULL,100006034,'','2024-05-28 09:04:21',9,'2024-05-28 09:04:25',6,'0000-00-00 00:00:00',5),(100000583,'52765187',1168,68,89,100000036,NULL,100006190,'','2024-05-28 09:04:21',2,'2024-05-28 09:04:46',2,'0000-00-00 00:00:00',1),(100000584,'09820804',1168,68,749,100000038,NULL,100006097,'Record.','2024-05-28 09:04:21',5,'2024-05-28 09:04:21',5,'0000-00-00 00:00:00',1),(100000585,'03861735',1213,59,292,100000038,NULL,100006285,'','2024-05-28 09:04:21',23,'2024-05-28 09:04:21',23,'0000-00-00 00:00:00',1),(100000586,'30507790',1181,2,515,100000038,NULL,100006711,'Hot.','2024-05-28 09:04:21',25,'2024-05-28 09:04:28',9,'0000-00-00 00:00:00',1),(100000587,'62257453',1215,33,627,100000039,NULL,100006436,'So.','2024-05-28 09:04:21',9,'2024-05-28 09:04:25',8,'0000-00-00 00:00:00',5),(100000588,'46160464',1198,68,233,100000037,NULL,100006016,'','2024-05-28 09:04:21',5,'2024-05-28 09:04:26',23,'0000-00-00 00:00:00',1),(100000589,'76474143',1171,52,811,100000036,NULL,100006709,'','2024-05-28 09:04:21',7,'2024-05-28 09:04:21',7,'0000-00-00 00:00:00',1),(100000590,'20899802',1193,116,577,100000037,NULL,100006417,'','2024-05-28 09:04:21',3,'2024-05-28 09:04:21',3,'0000-00-00 00:00:00',1),(100000591,'75513874',1203,68,675,100000037,NULL,100006613,'','2024-05-28 09:04:21',8,'2024-05-28 09:04:27',6,'0000-00-00 00:00:00',1),(100000592,'67797761',1167,52,909,100000038,NULL,100006622,'Board heart.','2024-05-28 09:04:21',25,'2024-05-28 09:04:27',6,'0000-00-00 00:00:00',1),(100000593,'43698024',1193,68,564,100000039,NULL,100006072,'','2024-05-28 09:04:21',9,'2024-05-28 09:04:25',6,'0000-00-00 00:00:00',5),(100000594,'72220072',1185,71,14,100000037,NULL,100006518,'','2024-05-28 09:04:21',24,'2024-05-28 09:04:27',4,'0000-00-00 00:00:00',1),(100000595,'14893077',1183,1,695,100000036,NULL,100005976,'Will whose ability.','2024-05-28 09:04:21',7,'2024-05-28 09:04:21',7,'0000-00-00 00:00:00',1),(100000596,'80885745',1177,71,189,100000038,NULL,100005962,'Allow red debate grow.','2024-05-28 09:04:21',23,'2024-05-28 09:04:21',23,'0000-00-00 00:00:00',1),(100000597,'38639103',1170,52,159,100000037,NULL,100006731,'Win.','2024-05-28 09:04:21',4,'2024-05-28 09:04:21',4,'0000-00-00 00:00:00',1),(100000598,'94505074',1200,68,233,100000037,NULL,100006717,'Though.','2024-05-28 09:04:21',4,'2024-05-28 09:04:28',25,'0000-00-00 00:00:00',1),(100000599,'69850625',1168,52,958,100000038,NULL,100006133,'Risk else.','2024-05-28 09:04:21',24,'2024-05-28 09:04:21',24,'0000-00-00 00:00:00',1),(100000600,'18678279',1183,3,811,100000037,NULL,100006569,'Game.','2024-05-28 09:04:21',6,'2024-05-28 09:04:21',6,'0000-00-00 00:00:00',1),(100000601,'22332908',1170,52,657,100000037,NULL,100006298,'','2024-05-28 09:04:21',2,'2024-05-28 09:04:21',2,'0000-00-00 00:00:00',1),(100000602,'16908798',1192,68,589,100000036,NULL,100005945,'Change world.','2024-05-28 09:04:21',5,'2024-05-28 09:04:21',5,'0000-00-00 00:00:00',1),(100000603,'49960165',1207,68,371,100000038,NULL,100006160,'','2024-05-28 09:04:21',3,'2024-05-28 09:04:21',3,'0000-00-00 00:00:00',1),(100000604,'82975627',1201,68,758,100000038,NULL,100006734,'','2024-05-28 09:04:21',6,'2024-05-28 09:04:21',6,'0000-00-00 00:00:00',1),(100000605,'90229453',1213,56,579,100000036,NULL,100006658,'','2024-05-28 09:04:21',9,'2024-05-28 09:04:21',9,'0000-00-00 00:00:00',1),(100000606,'94540962',1195,52,587,100000038,NULL,100006535,'','2024-05-28 09:04:21',7,'2024-05-28 09:04:21',7,'0000-00-00 00:00:00',1),(100000607,'22855913',1171,52,518,100000036,NULL,100006448,'','2024-05-28 09:04:21',24,'2024-05-28 09:04:21',24,'0000-00-00 00:00:00',1),(100000608,'47400289',1190,68,162,100000036,NULL,100005973,'Inside stop.','2024-05-28 09:04:21',7,'2024-05-28 09:04:28',5,'0000-00-00 00:00:00',1),(100000609,'00507472',1179,2,174,100000036,NULL,100006106,'','2024-05-28 09:04:21',9,'2024-05-28 09:04:21',9,'0000-00-00 00:00:00',1),(100000610,'47377969',1183,4,574,100000037,NULL,100006586,'Fall team west.','2024-05-28 09:04:21',6,'2024-05-28 09:04:26',24,'0000-00-00 00:00:00',1),(100000611,'19054440',1172,52,631,100000036,NULL,100006130,'','2024-05-28 09:04:21',3,'2024-05-28 09:04:21',3,'0000-00-00 00:00:00',1),(100000612,'49985989',1173,52,948,100000038,NULL,100006437,'','2024-05-28 09:04:22',9,'2024-05-28 09:04:22',9,'0000-00-00 00:00:00',1),(100000613,'42818148',1180,4,926,100000036,NULL,100006315,'','2024-05-28 09:04:22',3,'2024-05-28 09:04:22',3,'0000-00-00 00:00:00',1),(100000614,'70890152',1210,139,676,100000037,NULL,100006109,'','2024-05-28 09:04:22',9,'2024-05-28 09:04:26',24,'0000-00-00 00:00:00',1),(100000615,'63235381',1198,68,111,100000038,NULL,100006256,'','2024-05-28 09:04:22',2,'2024-05-28 09:04:22',2,'0000-00-00 00:00:00',1),(100000616,'66001161',1188,68,214,100000037,NULL,100006505,'Local official sure.','2024-05-28 09:04:22',3,'2024-05-28 09:04:22',3,'0000-00-00 00:00:00',1),(100000617,'57507695',1187,117,210,100000039,NULL,100006368,'','2024-05-28 09:04:22',24,'2024-05-28 09:04:27',23,'0000-00-00 00:00:00',5),(100000618,'04861496',1230,4,275,100000042,NULL,100006380,'Finally minute who.','2024-05-28 09:04:22',8,'2024-05-28 09:04:46',10,'0000-00-00 00:00:00',8),(100000619,'77401856',1184,3,915,100000037,NULL,100006465,'','2024-05-28 09:04:22',5,'2024-05-28 09:04:27',9,'0000-00-00 00:00:00',1),(100000620,'57872071',1201,68,331,100000038,NULL,100006545,'','2024-05-28 09:04:22',23,'2024-05-28 09:04:22',23,'0000-00-00 00:00:00',1),(100000621,'84720259',1191,68,868,100000037,NULL,100006678,'','2024-05-28 09:04:22',4,'2024-05-28 09:04:22',4,'0000-00-00 00:00:00',1),(100000622,'04114350',1173,52,878,100000036,NULL,100006547,'','2024-05-28 09:04:22',7,'2024-05-28 09:04:22',7,'0000-00-00 00:00:00',1),(100000623,'26454857',1200,68,858,100000036,NULL,100006708,'Every cultural better country.','2024-05-28 09:04:22',23,'2024-05-28 09:04:22',23,'0000-00-00 00:00:00',1),(100000624,'18706367',1207,68,541,100000037,NULL,100006573,'','2024-05-28 09:04:22',9,'2024-05-28 09:04:22',9,'0000-00-00 00:00:00',1),(100000625,'16580748',1170,52,841,100000037,NULL,100006179,'','2024-05-28 09:04:22',9,'2024-05-28 09:04:22',9,'0000-00-00 00:00:00',1),(100000626,'67144555',1206,68,472,100000036,NULL,100006707,'','2024-05-28 09:04:22',23,'2024-05-28 09:04:22',23,'0000-00-00 00:00:00',1),(100000627,'02601409',1190,68,197,100000037,NULL,100006735,'','2024-05-28 09:04:22',6,'2024-05-28 09:04:22',6,'0000-00-00 00:00:00',1),(100000628,'29626966',1169,52,989,100000036,NULL,100006137,'','2024-05-28 09:04:22',25,'2024-05-28 09:04:22',25,'0000-00-00 00:00:00',1),(100000629,'69762094',1209,68,443,100000038,NULL,100006601,'','2024-05-28 09:04:22',23,'2024-05-28 09:04:27',5,'0000-00-00 00:00:00',1),(100000630,'37118223',1177,71,777,100000036,NULL,100006599,'','2024-05-28 09:04:22',4,'2024-05-28 09:04:22',4,'0000-00-00 00:00:00',1),(100000631,'80787195',1211,139,750,100000038,NULL,100006041,'','2024-05-28 09:04:22',7,'2024-05-28 09:04:22',7,'0000-00-00 00:00:00',1),(100000632,'86405862',1178,3,127,100000036,NULL,100006537,'I.','2024-05-28 09:04:22',2,'2024-05-28 09:04:28',4,'0000-00-00 00:00:00',1),(100000633,'73962230',1202,68,966,100000038,NULL,100006401,'','2024-05-28 09:04:22',25,'2024-05-28 09:04:22',25,'0000-00-00 00:00:00',1),(100000634,'75526451',1184,2,48,100000036,NULL,100006476,'','2024-05-28 09:04:22',4,'2024-05-28 09:04:22',4,'0000-00-00 00:00:00',1),(100000635,'93836330',1210,138,798,100000037,NULL,100006510,'','2024-05-28 09:04:22',24,'2024-05-28 09:04:22',24,'0000-00-00 00:00:00',1),(100000636,'21759504',1203,68,776,100000036,NULL,100006420,'Resource.','2024-05-28 09:04:22',23,'2024-05-28 09:04:28',2,'0000-00-00 00:00:00',1),(100000637,'46525030',1169,52,255,100000036,NULL,100006000,'','2024-05-28 09:04:22',7,'2024-05-28 09:04:27',24,'0000-00-00 00:00:00',1),(100000638,'03582601',1188,116,493,100000038,NULL,100006302,'Themselves officer.','2024-05-28 09:04:22',2,'2024-05-28 09:04:27',23,'0000-00-00 00:00:00',1),(100000639,'66473888',1194,52,844,100000036,NULL,100005988,'Wrong successful meet.','2024-05-28 09:04:22',6,'2024-05-28 09:04:22',6,'0000-00-00 00:00:00',1),(100000640,'90289687',1172,52,551,100000036,NULL,100006568,'','2024-05-28 09:04:22',6,'2024-05-28 09:04:22',6,'0000-00-00 00:00:00',1),(100000641,'69760550',1170,52,61,100000038,NULL,100006316,'','2024-05-28 09:04:22',9,'2024-05-28 09:04:22',9,'0000-00-00 00:00:00',1),(100000642,'75012158',1209,68,85,100000038,NULL,100006233,'','2024-05-28 09:04:22',9,'2024-05-28 09:04:22',9,'0000-00-00 00:00:00',1),(100000643,'29457173',1199,68,312,100000036,NULL,100006504,'','2024-05-28 09:04:22',24,'2024-05-28 09:04:22',24,'0000-00-00 00:00:00',1),(100000644,'52974489',1195,52,189,100000038,NULL,100006636,'','2024-05-28 09:04:22',2,'2024-05-28 09:04:22',2,'0000-00-00 00:00:00',1),(100000645,'27823427',1177,71,130,100000038,NULL,100006614,'','2024-05-28 09:04:22',9,'2024-05-28 09:04:22',9,'0000-00-00 00:00:00',1),(100000646,'17491314',1175,3,73,100000038,NULL,100006453,'','2024-05-28 09:04:22',2,'2024-05-28 09:04:22',2,'0000-00-00 00:00:00',1),(100000647,'02258867',1205,68,246,100000036,NULL,100006306,'','2024-05-28 09:04:22',2,'2024-05-28 09:04:22',2,'0000-00-00 00:00:00',1),(100000648,'96396440',1179,3,706,100000040,NULL,100006208,'Too worker.','2024-05-28 09:04:23',2,'2024-05-28 09:04:26',4,'0000-00-00 00:00:00',5),(100000649,'96443595',1192,68,727,100000036,NULL,100006679,'','2024-05-28 09:04:23',5,'2024-05-28 09:04:23',5,'0000-00-00 00:00:00',1),(100000650,'60789483',1261,139,811,100000044,NULL,100006395,'Box quickly fund.','2024-05-28 09:04:23',6,'2024-05-28 09:04:46',10,'0000-00-00 00:00:00',1),(100000651,'04023108',1201,68,923,100000037,NULL,100006166,'','2024-05-28 09:04:23',2,'2024-05-28 09:04:23',2,'0000-00-00 00:00:00',1),(100000652,'56605480',1215,33,802,100000036,NULL,100006057,'Magazine.','2024-05-28 09:04:23',8,'2024-05-28 09:04:28',2,'0000-00-00 00:00:00',1),(100000653,'05101988',1212,139,52,100000037,NULL,100006288,'','2024-05-28 09:04:23',9,'2024-05-28 09:04:23',9,'0000-00-00 00:00:00',1),(100000654,'51828753',1189,68,359,100000038,NULL,100006416,'Current.','2024-05-28 09:04:23',2,'2024-05-28 09:04:23',2,'0000-00-00 00:00:00',1),(100000655,'22420525',1200,68,158,100000038,NULL,100006083,'','2024-05-28 09:04:23',4,'2024-05-28 09:04:23',4,'0000-00-00 00:00:00',1),(100000656,'88356484',1204,68,161,100000036,NULL,100006092,'Smile night between.','2024-05-28 09:04:23',3,'2024-05-28 09:04:23',3,'0000-00-00 00:00:00',1),(100000657,'52622577',1195,52,16,100000038,NULL,100006248,'','2024-05-28 09:04:23',6,'2024-05-28 09:04:23',6,'0000-00-00 00:00:00',1),(100000658,'03904124',1195,52,797,100000038,NULL,100006157,'','2024-05-28 09:04:23',4,'2024-05-28 09:04:23',4,'0000-00-00 00:00:00',1),(100000659,'20587107',1206,68,38,100000036,NULL,100006142,'','2024-05-28 09:04:23',23,'2024-05-28 09:04:23',23,'0000-00-00 00:00:00',1),(100000660,'26738325',1176,70,980,100000037,NULL,100006282,'','2024-05-28 09:04:23',23,'2024-05-28 09:04:23',23,'0000-00-00 00:00:00',1),(100000661,'99370780',1167,52,964,100000036,NULL,100006376,'','2024-05-28 09:04:23',4,'2024-05-28 09:04:23',4,'0000-00-00 00:00:00',1),(100000662,'29751380',1199,68,45,100000038,NULL,100006612,'','2024-05-28 09:04:23',24,'2024-05-28 09:04:23',24,'0000-00-00 00:00:00',1),(100000663,'01904523',1182,2,96,100000037,NULL,100006718,'','2024-05-28 09:04:23',2,'2024-05-28 09:04:23',2,'0000-00-00 00:00:00',1),(100000664,'48376224',1205,68,841,100000036,NULL,100006615,'','2024-05-28 09:04:23',8,'2024-05-28 09:04:27',3,'0000-00-00 00:00:00',1),(100000665,'62028873',1179,4,527,100000037,NULL,100006305,'','2024-05-28 09:04:23',23,'2024-05-28 09:04:23',23,'0000-00-00 00:00:00',1),(100000666,'51881991',1182,3,912,100000036,NULL,100006213,'Enter we.','2024-05-28 09:04:23',8,'2024-05-28 09:04:28',8,'0000-00-00 00:00:00',1),(100000667,'65928209',1183,2,631,100000038,NULL,100006085,'No upon.','2024-05-28 09:04:23',24,'2024-05-28 09:04:23',24,'0000-00-00 00:00:00',1),(100000668,'21067310',1168,52,474,100000036,NULL,100006218,'','2024-05-28 09:04:23',3,'2024-05-28 09:04:23',3,'0000-00-00 00:00:00',1),(100000669,'22588445',1180,3,849,100000038,NULL,100006693,'','2024-05-28 09:04:23',6,'2024-05-28 09:04:23',6,'0000-00-00 00:00:00',1),(100000670,'07528014',1187,117,75,100000036,NULL,100006009,'One individual boy.','2024-05-28 09:04:23',2,'2024-05-28 09:04:23',2,'0000-00-00 00:00:00',1),(100000671,'09562269',1206,68,461,100000037,NULL,100006223,'','2024-05-28 09:04:23',23,'2024-05-28 09:04:23',23,'0000-00-00 00:00:00',1),(100000672,'50325207',1200,68,132,100000036,NULL,100006163,'','2024-05-28 09:04:23',9,'2024-05-28 09:04:23',9,'0000-00-00 00:00:00',1),(100000673,'23924062',1171,52,214,100000038,NULL,100006644,'For national.','2024-05-28 09:04:23',9,'2024-05-28 09:04:23',9,'0000-00-00 00:00:00',1),(100000674,'83726878',1172,52,631,100000037,NULL,100006426,'Style.','2024-05-28 09:04:23',4,'2024-05-28 09:04:23',4,'0000-00-00 00:00:00',1),(100000675,'80612426',1177,4,709,100000037,NULL,100006323,'Tv husband my.','2024-05-28 09:04:23',4,'2024-05-28 09:04:23',4,'0000-00-00 00:00:00',1),(100000676,'02715160',1195,52,684,100000038,NULL,100006508,'Could set.','2024-05-28 09:04:23',24,'2024-05-28 09:04:28',2,'0000-00-00 00:00:00',1),(100000677,'04618625',1198,68,487,100000038,NULL,100006561,'','2024-05-28 09:04:23',8,'2024-05-28 09:04:27',2,'0000-00-00 00:00:00',1),(100000678,'52939036',1207,68,621,100000037,NULL,100006161,'','2024-05-28 09:04:23',25,'2024-05-28 09:04:23',25,'0000-00-00 00:00:00',1),(100000679,'29225776',1207,68,397,100000038,NULL,100005951,'','2024-05-28 09:04:23',7,'2024-05-28 09:04:23',7,'0000-00-00 00:00:00',1),(100000680,'34218332',1203,68,656,100000038,NULL,100006650,'','2024-05-28 09:04:23',8,'2024-05-28 09:04:23',8,'0000-00-00 00:00:00',1),(100000681,'31476993',1182,4,654,100000038,NULL,100006493,'','2024-05-28 09:04:23',9,'2024-05-28 09:04:23',9,'0000-00-00 00:00:00',1),(100000682,'82185175',1211,138,192,100000037,NULL,100006454,'Dark from.','2024-05-28 09:04:23',5,'2024-05-28 09:04:28',7,'0000-00-00 00:00:00',1),(100000683,'15939654',1167,52,808,100000036,NULL,100006682,'','2024-05-28 09:04:23',25,'2024-05-28 09:04:23',25,'0000-00-00 00:00:00',1),(100000684,'55385100',1195,68,572,100000037,NULL,100006082,'','2024-05-28 09:04:23',5,'2024-05-28 09:04:23',5,'0000-00-00 00:00:00',1),(100000685,'65038654',1193,68,712,100000036,NULL,100006361,'','2024-05-28 09:04:23',5,'2024-05-28 09:04:23',5,'0000-00-00 00:00:00',1),(100000686,'45647679',1201,68,881,100000038,NULL,100006001,'','2024-05-28 09:04:23',2,'2024-05-28 09:04:23',2,'0000-00-00 00:00:00',1),(100000687,'88271850',1259,68,946,100000042,NULL,100006294,'','2024-05-28 09:04:23',7,'2024-05-28 09:04:46',10,'0000-00-00 00:00:00',1),(100000688,'22730281',1197,52,634,100000036,NULL,100006434,'Run eight activity kind.','2024-05-28 09:04:23',6,'2024-05-28 09:04:23',6,'0000-00-00 00:00:00',1),(100000689,'37853078',1176,2,616,100000038,NULL,100006301,'Him.','2024-05-28 09:04:23',7,'2024-05-28 09:04:28',23,'0000-00-00 00:00:00',1),(100000690,'47976922',1180,3,486,100000037,NULL,100006331,'Until again hot.','2024-05-28 09:04:23',7,'2024-05-28 09:04:23',7,'0000-00-00 00:00:00',1),(100000691,'53725188',1210,139,562,100000037,NULL,100006089,'Fall.','2024-05-28 09:04:23',2,'2024-05-28 09:04:28',5,'0000-00-00 00:00:00',1),(100000692,'98054388',1198,116,231,100000038,NULL,100006524,'','2024-05-28 09:04:23',25,'2024-05-28 09:04:23',25,'0000-00-00 00:00:00',1),(100000693,'87965650',1168,68,660,100000036,NULL,100006221,'Receive significant.','2024-05-28 09:04:23',24,'2024-05-28 09:04:28',3,'0000-00-00 00:00:00',1),(100000694,'85408579',1214,27,575,100000037,NULL,100006209,'Safe whose fact.','2024-05-28 09:04:23',2,'2024-05-28 09:04:23',2,'0000-00-00 00:00:00',1),(100000695,'38666991',1198,68,323,100000040,NULL,100006725,'Remember father.','2024-05-28 09:04:23',24,'2024-05-28 09:04:25',4,'0000-00-00 00:00:00',5),(100000696,'97593620',1180,71,663,100000036,NULL,100006673,'Which hotel produce.','2024-05-28 09:04:24',6,'2024-05-28 09:04:24',6,'0000-00-00 00:00:00',1),(100000697,'89514320',1203,68,509,100000036,NULL,100006275,'','2024-05-28 09:04:24',3,'2024-05-28 09:04:24',3,'0000-00-00 00:00:00',1),(100000698,'13805532',1179,4,497,100000036,NULL,100006141,'Sell until.','2024-05-28 09:04:24',7,'2024-05-28 09:04:28',2,'0000-00-00 00:00:00',1),(100000699,'92430493',1193,68,927,100000036,NULL,100006028,'Woman matter floor.','2024-05-28 09:04:24',5,'2024-05-28 09:04:46',2,'0000-00-00 00:00:00',1),(100000700,'42231158',1172,52,514,100000036,NULL,100006013,'','2024-05-28 09:04:24',7,'2024-05-28 09:04:24',7,'0000-00-00 00:00:00',1),(100000701,'23758468',1192,68,976,100000037,NULL,100006258,'What next.','2024-05-28 09:04:24',3,'2024-05-28 09:04:24',3,'0000-00-00 00:00:00',1),(100000702,'41571435',1174,3,183,100000036,NULL,100006204,'','2024-05-28 09:04:24',8,'2024-05-28 09:04:24',8,'0000-00-00 00:00:00',1),(100000703,'19128307',1213,25,52,100000037,NULL,100006715,'','2024-05-28 09:04:24',3,'2024-05-28 09:04:24',3,'0000-00-00 00:00:00',1),(100000704,'16388225',1192,68,674,100000038,NULL,100006188,'Individual political foot.','2024-05-28 09:04:24',6,'2024-05-28 09:04:24',6,'0000-00-00 00:00:00',1),(100000705,'67754173',1187,68,927,100000036,NULL,100006608,'Involve offer go.','2024-05-28 09:04:24',3,'2024-05-28 09:04:24',3,'0000-00-00 00:00:00',1),(100000706,'26475388',1182,2,222,100000038,NULL,100005974,'','2024-05-28 09:04:24',5,'2024-05-28 09:04:24',5,'0000-00-00 00:00:00',1),(100000707,'92078161',1208,68,329,100000038,NULL,100006111,'','2024-05-28 09:04:24',4,'2024-05-28 09:04:24',4,'0000-00-00 00:00:00',1),(100000708,'47525715',1212,139,334,100000038,NULL,100006665,'','2024-05-28 09:04:24',4,'2024-05-28 09:04:24',4,'0000-00-00 00:00:00',1),(100000709,'86381046',1180,2,169,100000038,NULL,100006314,'Smile message lay.','2024-05-28 09:04:24',5,'2024-05-28 09:04:24',5,'0000-00-00 00:00:00',1),(100000710,'97787913',1211,139,326,100000037,NULL,100006136,'Key whatever environmental.','2024-05-28 09:04:24',8,'2024-05-28 09:04:46',2,'0000-00-00 00:00:00',1),(100000711,'81557455',1187,118,992,100000038,NULL,100006265,'','2024-05-28 09:04:24',4,'2024-05-28 09:04:24',4,'0000-00-00 00:00:00',1),(100000712,'40837641',1176,2,916,100000038,NULL,100005972,'Effort individual.','2024-05-28 09:04:24',9,'2024-05-28 09:04:26',3,'0000-00-00 00:00:00',1),(100000713,'31805398',1190,68,513,100000038,NULL,100006557,'','2024-05-28 09:04:24',8,'2024-05-28 09:04:24',8,'0000-00-00 00:00:00',1),(100000714,'40765233',1205,68,388,100000037,NULL,100006509,'','2024-05-28 09:04:24',8,'2024-05-28 09:04:24',8,'0000-00-00 00:00:00',1),(100000715,'29417039',1202,68,0,100000038,NULL,100005986,'','2024-05-28 09:04:24',8,'2024-05-28 09:04:26',23,'0000-00-00 00:00:00',1),(100000716,'70754367',1167,52,684,100000036,NULL,100006168,'See.','2024-05-28 09:04:24',6,'2024-05-28 09:04:28',5,'0000-00-00 00:00:00',1),(100000717,'40333607',1213,19,705,100000036,NULL,100006149,'','2024-05-28 09:04:24',5,'2024-05-28 09:04:24',5,'0000-00-00 00:00:00',1),(100000718,'09569824',1200,68,460,100000036,NULL,100006006,'','2024-05-28 09:04:24',23,'2024-05-28 09:04:24',23,'0000-00-00 00:00:00',1),(100000719,'30789074',1178,3,823,100000038,NULL,100006696,'Weight drop.','2024-05-28 09:04:24',25,'2024-05-28 09:04:27',7,'0000-00-00 00:00:00',1),(100000720,'83902548',1198,68,23,100000037,NULL,100006655,'','2024-05-28 09:04:24',9,'2024-05-28 09:04:24',9,'0000-00-00 00:00:00',1),(100000721,'26116176',1195,68,131,100000040,NULL,100006631,'','2024-05-28 09:04:24',25,'2024-05-28 09:04:26',25,'0000-00-00 00:00:00',5),(100000722,'62306696',1211,139,672,100000036,NULL,100006396,'','2024-05-28 09:04:24',3,'2024-05-28 09:04:24',3,'0000-00-00 00:00:00',1),(100000723,'46883659',1202,68,25,100000036,NULL,100006532,'','2024-05-28 09:04:24',7,'2024-05-28 09:04:27',7,'0000-00-00 00:00:00',1),(100000724,'49224070',1195,68,903,100000037,NULL,100006405,'Thus young.','2024-05-28 09:04:24',9,'2024-05-28 09:04:27',23,'0000-00-00 00:00:00',1),(100000725,'39383212',1176,4,522,100000036,NULL,100006597,'Face.','2024-05-28 09:04:24',3,'2024-05-28 09:04:28',6,'0000-00-00 00:00:00',1),(100000726,'69171749',1208,68,295,100000036,NULL,100006551,'Staff stuff.','2024-05-28 09:04:24',5,'2024-05-28 09:04:28',9,'0000-00-00 00:00:00',1),(100000727,'68187957',1170,52,691,100000037,NULL,100006706,'','2024-05-28 09:04:24',4,'2024-05-28 09:04:24',4,'0000-00-00 00:00:00',1),(100000728,'76885646',1204,68,755,100000038,NULL,100006381,'','2024-05-28 09:04:24',23,'2024-05-28 09:04:24',23,'0000-00-00 00:00:00',1),(100000729,'93713851',1193,116,289,100000038,NULL,100006723,'','2024-05-28 09:04:24',8,'2024-05-28 09:04:24',8,'0000-00-00 00:00:00',1),(100000730,'61583027',1215,35,38,100000036,NULL,100005975,'','2024-05-28 09:04:24',6,'2024-05-28 09:04:24',6,'0000-00-00 00:00:00',1),(100000731,'79135838',1206,68,521,100000037,NULL,100005984,'','2024-05-28 09:04:24',24,'2024-05-28 09:04:24',24,'0000-00-00 00:00:00',1),(100000732,'82137184',1186,68,676,100000038,NULL,100006064,'','2024-05-28 09:04:24',9,'2024-05-28 09:04:24',9,'0000-00-00 00:00:00',1),(100000733,'49844447',1169,52,653,100000036,NULL,100006175,'','2024-05-28 09:04:24',6,'2024-05-28 09:04:24',6,'0000-00-00 00:00:00',1),(100000734,'87357105',1191,117,639,100000036,NULL,100005952,'','2024-05-28 09:04:24',3,'2024-05-28 09:04:24',3,'0000-00-00 00:00:00',1),(100000735,'67591346',1199,68,633,100000038,NULL,100006469,'','2024-05-28 09:04:24',9,'2024-05-28 09:04:27',3,'0000-00-00 00:00:00',1),(100000736,'63477859',1215,30,283,100000039,NULL,100006127,'','2024-05-28 09:04:24',7,'2024-05-28 09:04:25',23,'0000-00-00 00:00:00',5),(100000737,'73148961',1205,68,201,100000038,NULL,100006300,'Page force street.','2024-05-28 09:04:24',5,'2024-05-28 09:04:24',5,'0000-00-00 00:00:00',1),(100000738,'92289825',1174,2,986,100000036,NULL,100006053,'','2024-05-28 09:04:24',25,'2024-05-28 09:04:24',25,'0000-00-00 00:00:00',1),(100000739,'18286361',1169,52,208,100000038,NULL,100006052,'Six.','2024-05-28 09:04:25',7,'2024-05-28 09:04:28',6,'0000-00-00 00:00:00',1),(100000740,'04273012',1173,68,779,100000036,NULL,100006123,'','2024-05-28 09:04:25',5,'2024-05-28 09:04:26',25,'0000-00-00 00:00:00',1),(100000741,'10465608',1202,68,299,100000036,NULL,100006502,'Plant audience.','2024-05-28 09:04:25',6,'2024-05-28 09:04:27',3,'0000-00-00 00:00:00',1),(100000742,'65451995',1177,1,288,100000039,NULL,100006295,'','2024-05-28 09:04:25',25,'2024-05-28 09:04:26',23,'0000-00-00 00:00:00',5),(100000743,'12492246',1189,68,440,100000039,NULL,100006443,'','2024-05-28 09:04:25',3,'2024-05-28 09:04:27',2,'0000-00-00 00:00:00',5),(100000744,'37437005',1187,68,108,100000037,NULL,100006398,'','2024-05-28 09:04:25',24,'2024-05-28 09:04:25',24,'0000-00-00 00:00:00',1),(100000745,'51430163',1194,52,355,100000037,NULL,100006297,'','2024-05-28 09:04:25',2,'2024-05-28 09:04:25',2,'0000-00-00 00:00:00',1),(100000746,'18949805',1210,114,570,100000037,NULL,100006353,'','2024-05-28 09:04:25',3,'2024-05-28 09:04:25',3,'0000-00-00 00:00:00',1),(100000747,'07135913',1220,52,722,100000046,NULL,100006084,'','2024-05-28 09:04:28',33,'2024-05-28 09:04:31',18,'0000-00-00 00:00:00',5),(100000748,'16803046',1249,68,428,100000046,NULL,100006069,'Of rule ago.','2024-05-28 09:04:28',16,'2024-05-28 09:04:32',31,'0000-00-00 00:00:00',5),(100000749,'24581307',1253,68,148,100000045,NULL,100006419,'','2024-05-28 09:04:28',33,'2024-05-28 09:04:32',31,'0000-00-00 00:00:00',5),(100000750,'02755889',1256,68,851,100000042,NULL,100006240,'','2024-05-28 09:04:28',11,'2024-05-28 09:04:28',11,'0000-00-00 00:00:00',1),(100000751,'90442588',1220,52,796,100000044,NULL,100006281,'','2024-05-28 09:04:28',10,'2024-05-28 09:04:28',10,'0000-00-00 00:00:00',1),(100000752,'09818991',1221,68,893,100000044,NULL,100006056,'Only.','2024-05-28 09:04:28',15,'2024-05-28 09:04:46',10,'0000-00-00 00:00:00',4),(100000753,'38863793',1233,71,690,100000042,NULL,100006146,'','2024-05-28 09:04:28',15,'2024-05-28 09:04:28',15,'0000-00-00 00:00:00',1),(100000754,'35268227',1264,65,964,100000042,NULL,100006385,'','2024-05-28 09:04:28',33,'2024-05-28 09:04:32',10,'0000-00-00 00:00:00',1),(100000755,'74587857',1217,52,82,100000042,NULL,100006512,'Team arrive.','2024-05-28 09:04:28',15,'2024-05-28 09:04:33',11,'0000-00-00 00:00:00',1),(100000756,'95304599',1263,114,888,100000045,NULL,100006178,'Never stage.','2024-05-28 09:04:28',17,'2024-05-28 09:04:33',33,'0000-00-00 00:00:00',5),(100000757,'77341545',1227,2,346,100000045,NULL,100006043,'','2024-05-28 09:04:28',16,'2024-05-28 09:04:32',15,'0000-00-00 00:00:00',5),(100000758,'62512856',1226,3,399,100000044,NULL,100006687,'','2024-05-28 09:04:28',10,'2024-05-28 09:04:28',10,'0000-00-00 00:00:00',1),(100000759,'88180867',1266,30,981,100000044,NULL,100006102,'Material scientist.','2024-05-28 09:04:28',17,'2024-05-28 09:04:33',17,'0000-00-00 00:00:00',1),(100000760,'91558802',1237,68,271,100000045,NULL,100006117,'Sort.','2024-05-28 09:04:29',16,'2024-05-28 09:04:33',17,'0000-00-00 00:00:00',5),(100000761,'57771559',1264,29,885,100000044,NULL,100006103,'Catch within.','2024-05-28 09:04:29',31,'2024-05-28 09:04:33',11,'0000-00-00 00:00:00',1),(100000762,'46645321',1258,68,342,100000046,NULL,100005981,'Huge.','2024-05-28 09:04:29',18,'2024-05-28 09:04:33',11,'0000-00-00 00:00:00',5),(100000763,'03369438',1235,3,670,100000045,NULL,100005968,'Direction agree.','2024-05-28 09:04:29',15,'2024-05-28 09:04:33',18,'0000-00-00 00:00:00',5),(100000764,'57581920',1254,68,612,100000042,NULL,100006562,'Career whom.','2024-05-28 09:04:29',33,'2024-05-28 09:04:29',33,'0000-00-00 00:00:00',1),(100000765,'28578931',1249,68,402,100000045,NULL,100006278,'Agent.','2024-05-28 09:04:29',17,'2024-05-28 09:04:33',15,'0000-00-00 00:00:00',5),(100000766,'58057694',1248,52,597,100000042,NULL,100006120,'','2024-05-28 09:04:29',31,'2024-05-28 09:04:29',31,'0000-00-00 00:00:00',1),(100000767,'36033466',1252,68,634,100000044,NULL,100005944,'','2024-05-28 09:04:29',33,'2024-05-28 09:04:32',15,'0000-00-00 00:00:00',1),(100000768,'61139962',1256,68,960,100000042,NULL,100006325,'Say financial.','2024-05-28 09:04:29',18,'2024-05-28 09:04:33',31,'0000-00-00 00:00:00',1),(100000769,'12457351',1245,52,677,100000046,NULL,100006135,'Budget.','2024-05-28 09:04:29',17,'2024-05-28 09:04:33',10,'0000-00-00 00:00:00',5),(100000770,'41721172',1229,1,679,100000045,NULL,100006244,'','2024-05-28 09:04:29',16,'2024-05-28 09:04:32',15,'0000-00-00 00:00:00',5),(100000771,'46523076',1260,68,250,100000045,NULL,100006332,'','2024-05-28 09:04:29',33,'2024-05-28 09:04:32',16,'0000-00-00 00:00:00',5),(100000772,'45111628',1249,68,541,100000042,NULL,100006620,'','2024-05-28 09:04:29',16,'2024-05-28 09:04:32',15,'0000-00-00 00:00:00',1),(100000773,'76905981',1217,52,990,100000046,NULL,100006018,'General mother billion.','2024-05-28 09:04:29',10,'2024-05-28 09:04:33',15,'0000-00-00 00:00:00',5),(100000774,'31910419',1244,68,186,100000043,NULL,100006656,'Measure.','2024-05-28 09:04:29',31,'2024-05-28 09:04:46',10,'0000-00-00 00:00:00',4),(100000775,'98030501',1253,68,838,100000045,NULL,100006546,'Political.','2024-05-28 09:04:29',18,'2024-05-28 09:04:33',31,'0000-00-00 00:00:00',5),(100000776,'15488699',1231,3,259,100000044,NULL,100006317,'','2024-05-28 09:04:29',10,'2024-05-28 09:04:32',10,'0000-00-00 00:00:00',1),(100000777,'26095561',1227,1,579,100000046,NULL,100006488,'','2024-05-28 09:04:29',11,'2024-05-28 09:04:32',11,'0000-00-00 00:00:00',5),(100000778,'74507457',1261,138,894,100000046,NULL,100006589,'One need.','2024-05-28 09:04:29',15,'2024-05-28 09:04:33',18,'0000-00-00 00:00:00',5),(100000779,'55751936',1230,5,992,100000043,NULL,100006371,'Leg tonight.','2024-05-28 09:04:29',31,'2024-05-28 09:04:33',15,'0000-00-00 00:00:00',1),(100000780,'47805478',1246,52,270,100000044,NULL,100006369,'Everybody.','2024-05-28 09:04:29',31,'2024-05-28 09:04:33',18,'0000-00-00 00:00:00',1),(100000781,'51340450',1227,3,919,100000042,NULL,100006641,'','2024-05-28 09:04:29',11,'2024-05-28 09:04:31',17,'0000-00-00 00:00:00',1),(100000782,'82335551',1232,4,953,100000046,NULL,100006683,'Final.','2024-05-28 09:04:29',31,'2024-05-28 09:04:33',33,'0000-00-00 00:00:00',5),(100000783,'90400088',1229,71,378,100000044,NULL,100006722,'','2024-05-28 09:04:29',10,'2024-05-28 09:04:46',10,'0000-00-00 00:00:00',4),(100000784,'00196097',1229,4,39,100000043,NULL,100006422,'','2024-05-28 09:04:29',10,'2024-05-28 09:04:32',11,'0000-00-00 00:00:00',1),(100000785,'67348637',1217,52,89,100000044,NULL,100006410,'Sit.','2024-05-28 09:04:29',16,'2024-05-28 09:04:46',10,'0000-00-00 00:00:00',8),(100000786,'87287629',1245,52,974,100000043,NULL,100006172,'','2024-05-28 09:04:29',18,'2024-05-28 09:04:31',18,'0000-00-00 00:00:00',1),(100000787,'03190041',1228,71,698,100000043,NULL,100006495,'Really on.','2024-05-28 09:04:29',15,'2024-05-28 09:04:33',17,'0000-00-00 00:00:00',1),(100000788,'03060396',1227,5,937,100000042,NULL,100006336,'','2024-05-28 09:04:29',18,'2024-05-28 09:04:31',10,'0000-00-00 00:00:00',1),(100000789,'48031860',1266,31,455,100000045,NULL,100006349,'Until economic peace.','2024-05-28 09:04:29',33,'2024-05-28 09:04:33',17,'0000-00-00 00:00:00',5),(100000790,'91826553',1254,68,639,100000044,NULL,100006728,'','2024-05-28 09:04:29',18,'2024-05-28 09:04:29',18,'0000-00-00 00:00:00',1),(100000791,'38248370',1247,52,117,100000043,NULL,100006669,'Civil per.','2024-05-28 09:04:29',33,'2024-05-28 09:04:33',15,'0000-00-00 00:00:00',1),(100000792,'22979917',1238,68,250,100000043,NULL,100006540,'Condition.','2024-05-28 09:04:29',31,'2024-05-28 09:04:33',15,'0000-00-00 00:00:00',1),(100000793,'58702803',1227,3,969,100000046,NULL,100006283,'My its.','2024-05-28 09:04:29',16,'2024-05-28 09:04:33',10,'0000-00-00 00:00:00',5),(100000794,'39945630',1246,52,1,100000044,NULL,100006473,'','2024-05-28 09:04:29',10,'2024-05-28 09:04:46',10,'0000-00-00 00:00:00',4),(100000795,'96330518',1236,71,702,100000046,NULL,100006411,'Country social.','2024-05-28 09:04:29',11,'2024-05-28 09:04:34',11,'0000-00-00 00:00:00',5),(100000796,'07629073',1240,68,412,100000045,NULL,100006549,'','2024-05-28 09:04:29',33,'2024-05-28 09:04:31',16,'0000-00-00 00:00:00',5),(100000797,'04567659',1241,68,932,100000044,NULL,100006391,'Blood meeting.','2024-05-28 09:04:29',18,'2024-05-28 09:04:33',33,'0000-00-00 00:00:00',1),(100000798,'52403382',1256,68,838,100000046,NULL,100006457,'Anything science.','2024-05-28 09:04:29',33,'2024-05-28 09:04:33',15,'0000-00-00 00:00:00',5),(100000799,'24858124',1236,3,639,100000043,NULL,100006444,'Ground entire.','2024-05-28 09:04:29',15,'2024-05-28 09:04:33',17,'0000-00-00 00:00:00',1),(100000800,'85039334',1220,52,870,100000046,NULL,100006174,'','2024-05-28 09:04:29',16,'2024-05-28 09:04:31',10,'0000-00-00 00:00:00',5),(100000801,'49679548',1263,139,99,100000044,NULL,100006322,'Seat street.','2024-05-28 09:04:29',11,'2024-05-28 09:04:46',10,'0000-00-00 00:00:00',8),(100000802,'28010260',1251,68,413,100000042,NULL,100006206,'Piece ten.','2024-05-28 09:04:29',10,'2024-05-28 09:04:46',10,'0000-00-00 00:00:00',4),(100000803,'86942331',1252,68,843,100000043,NULL,100006257,'Actually dinner.','2024-05-28 09:04:29',11,'2024-05-28 09:04:33',17,'0000-00-00 00:00:00',1),(100000804,'61777392',1263,139,493,100000046,NULL,100006185,'Employee significant color tell.','2024-05-28 09:04:29',31,'2024-05-28 09:04:33',16,'0000-00-00 00:00:00',5),(100000805,'92498406',1246,52,667,100000043,NULL,100006077,'Address board.','2024-05-28 09:04:29',10,'2024-05-28 09:04:46',10,'0000-00-00 00:00:00',4),(100000806,'04891872',1219,52,362,100000043,NULL,100005985,'','2024-05-28 09:04:30',18,'2024-05-28 09:04:46',10,'0000-00-00 00:00:00',8),(100000807,'30126828',1244,68,466,100000046,NULL,100006014,'Space seven.','2024-05-28 09:04:30',18,'2024-05-28 09:04:34',16,'0000-00-00 00:00:00',5),(100000808,'42791072',1221,68,131,100000043,NULL,100006119,'Either.','2024-05-28 09:04:30',18,'2024-05-28 09:04:34',31,'0000-00-00 00:00:00',1),(100000809,'34103658',1219,68,826,100000046,NULL,100006096,'Name.','2024-05-28 09:04:30',33,'2024-05-28 09:04:33',15,'0000-00-00 00:00:00',5),(100000810,'03703566',1237,117,839,100000042,NULL,100006471,'Leave ask represent option.','2024-05-28 09:04:30',15,'2024-05-28 09:04:30',15,'0000-00-00 00:00:00',1),(100000811,'90977752',1248,52,729,100000042,NULL,100006497,'','2024-05-28 09:04:30',17,'2024-05-28 09:04:31',33,'0000-00-00 00:00:00',1),(100000812,'11098084',1246,52,162,100000043,NULL,100006249,'','2024-05-28 09:04:30',16,'2024-05-28 09:04:32',17,'0000-00-00 00:00:00',1),(100000813,'91474993',1241,117,910,100000043,NULL,100006516,'','2024-05-28 09:04:30',16,'2024-05-28 09:04:33',11,'0000-00-00 00:00:00',1),(100000814,'53860363',1245,68,365,100000046,NULL,100006234,'','2024-05-28 09:04:30',15,'2024-05-28 09:04:32',18,'0000-00-00 00:00:00',5),(100000815,'55113278',1266,28,477,100000045,NULL,100006058,'','2024-05-28 09:04:30',11,'2024-05-28 09:04:31',10,'0000-00-00 00:00:00',5),(100000816,'52974182',1245,68,583,100000046,NULL,100006312,'','2024-05-28 09:04:30',18,'2024-05-28 09:04:32',18,'0000-00-00 00:00:00',5),(100000817,'91759066',1236,3,472,100000044,NULL,100006458,'','2024-05-28 09:04:30',11,'2024-05-28 09:04:32',16,'0000-00-00 00:00:00',1),(100000818,'02307924',1222,68,676,100000043,NULL,100006212,'','2024-05-28 09:04:30',10,'2024-05-28 09:04:32',17,'0000-00-00 00:00:00',1),(100000819,'44752325',1260,68,89,100000044,NULL,100006433,'Few be fight.','2024-05-28 09:04:30',15,'2024-05-28 09:04:33',31,'0000-00-00 00:00:00',1),(100000820,'30926381',1246,52,417,100000046,NULL,100006073,'Big.','2024-05-28 09:04:30',10,'2024-05-28 09:04:34',31,'0000-00-00 00:00:00',5),(100000821,'02550600',1242,68,832,100000042,NULL,100006351,'','2024-05-28 09:04:30',11,'2024-05-28 09:04:32',33,'0000-00-00 00:00:00',1),(100000822,'21794430',1227,3,729,100000043,NULL,100006447,'','2024-05-28 09:04:30',15,'2024-05-28 09:04:33',11,'0000-00-00 00:00:00',1),(100000823,'12875272',1266,57,911,100000046,NULL,100006526,'Still sister.','2024-05-28 09:04:30',33,'2024-05-28 09:04:33',15,'0000-00-00 00:00:00',5),(100000824,'84235212',1226,5,592,100000043,NULL,100006320,'','2024-05-28 09:04:30',11,'2024-05-28 09:04:30',11,'0000-00-00 00:00:00',1),(100000825,'77435336',1260,68,505,100000043,NULL,100006686,'','2024-05-28 09:04:30',33,'2024-05-28 09:04:30',33,'0000-00-00 00:00:00',1),(100000826,'15812126',1257,68,692,100000044,NULL,100006140,'','2024-05-28 09:04:30',16,'2024-05-28 09:04:33',18,'0000-00-00 00:00:00',1),(100000827,'83535439',1231,2,797,100000045,NULL,100006220,'Power.','2024-05-28 09:04:30',16,'2024-05-28 09:04:33',31,'0000-00-00 00:00:00',5),(100000828,'49111621',1257,68,157,100000045,NULL,100006460,'Ahead manage.','2024-05-28 09:04:30',18,'2024-05-28 09:04:31',17,'0000-00-00 00:00:00',5),(100000829,'23298873',1266,14,944,100000045,NULL,100006564,'','2024-05-28 09:04:30',33,'2024-05-28 09:04:32',31,'0000-00-00 00:00:00',5),(100000830,'17712404',1255,68,863,100000045,NULL,100006262,'Seat candidate customer.','2024-05-28 09:04:30',33,'2024-05-28 09:04:32',18,'0000-00-00 00:00:00',5),(100000831,'50150360',1243,68,295,100000046,NULL,100006441,'','2024-05-28 09:04:30',31,'2024-05-28 09:04:32',16,'0000-00-00 00:00:00',5),(100000832,'42306052',1228,71,825,100000044,NULL,100006528,'','2024-05-28 09:04:30',15,'2024-05-28 09:04:32',18,'0000-00-00 00:00:00',1),(100000833,'18528205',1224,68,928,100000044,NULL,100006235,'Try.','2024-05-28 09:04:30',18,'2024-05-28 09:04:46',10,'0000-00-00 00:00:00',4),(100000834,'03607190',1219,52,180,100000042,NULL,100006554,'Different.','2024-05-28 09:04:30',18,'2024-05-28 09:04:33',31,'0000-00-00 00:00:00',1),(100000835,'31579305',1265,18,255,100000046,NULL,100005964,'','2024-05-28 09:04:30',11,'2024-05-28 09:04:31',17,'0000-00-00 00:00:00',5),(100000836,'57718663',1220,52,229,100000042,NULL,100006639,'','2024-05-28 09:04:30',17,'2024-05-28 09:04:32',11,'0000-00-00 00:00:00',1),(100000837,'14263652',1218,52,254,100000042,NULL,100006065,'Into.','2024-05-28 09:04:30',18,'2024-05-28 09:04:33',15,'0000-00-00 00:00:00',1),(100000838,'83671329',1236,71,627,100000046,NULL,100006609,'','2024-05-28 09:04:30',15,'2024-05-28 09:04:31',15,'0000-00-00 00:00:00',5),(100000839,'71541362',1222,52,239,100000045,NULL,100006046,'Although toward report.','2024-05-28 09:04:30',18,'2024-05-28 09:04:32',11,'0000-00-00 00:00:00',5),(100000840,'78395381',1266,18,603,100000043,NULL,100006270,'','2024-05-28 09:04:30',31,'2024-05-28 09:04:32',31,'0000-00-00 00:00:00',1),(100000841,'58914902',1256,68,329,100000043,NULL,100006659,'Tend.','2024-05-28 09:04:30',18,'2024-05-28 09:04:33',11,'0000-00-00 00:00:00',1),(100000842,'30815958',1256,68,82,100000046,NULL,100006567,'','2024-05-28 09:04:30',15,'2024-05-28 09:04:32',18,'0000-00-00 00:00:00',5),(100000843,'07211547',1239,68,61,100000042,NULL,100006730,'More bar many.','2024-05-28 09:04:30',10,'2024-05-28 09:04:30',10,'0000-00-00 00:00:00',1),(100000844,'05100187',1259,68,80,100000046,NULL,100006379,'Sister win.','2024-05-28 09:04:30',10,'2024-05-28 09:04:33',33,'0000-00-00 00:00:00',5),(100000845,'97209898',1254,68,354,100000045,NULL,100006358,'Fund son.','2024-05-28 09:04:30',33,'2024-05-28 09:04:32',33,'0000-00-00 00:00:00',5),(100000846,'15912508',1247,52,627,100000042,NULL,100006630,'Body.','2024-05-28 09:04:30',11,'2024-05-28 09:04:33',10,'0000-00-00 00:00:00',1),(100000847,'51681856',1299,52,755,100000048,NULL,100006479,'Chance air.','2024-05-28 09:04:34',17,'2024-05-28 09:04:39',12,'0000-00-00 00:00:00',1),(100000848,'92389178',1305,68,141,100000048,NULL,100006739,'','2024-05-28 09:04:34',10,'2024-05-28 09:04:47',10,'0000-00-00 00:00:00',7),(100000849,'53201308',1304,68,347,100000052,NULL,100005997,'','2024-05-28 09:04:34',12,'2024-05-28 09:04:37',32,'0000-00-00 00:00:00',5),(100000850,'90615089',1316,35,71,100000051,NULL,100006319,'','2024-05-28 09:04:34',34,'2024-05-28 09:04:38',15,'0000-00-00 00:00:00',5),(100000851,'07060968',1302,68,430,100000049,NULL,100006588,'Section add.','2024-05-28 09:04:34',17,'2024-05-28 09:04:39',32,'0000-00-00 00:00:00',1),(100000852,'64193802',1293,68,97,100000050,NULL,100006587,'Join.','2024-05-28 09:04:34',10,'2024-05-28 09:04:39',16,'0000-00-00 00:00:00',1),(100000853,'59874911',1305,68,265,100000049,NULL,100006231,'Network perform prove.','2024-05-28 09:04:34',10,'2024-05-28 09:04:39',12,'0000-00-00 00:00:00',1),(100000854,'20675359',1313,139,121,100000049,NULL,100006531,'','2024-05-28 09:04:34',17,'2024-05-28 09:04:46',10,'0000-00-00 00:00:00',3),(100000855,'95551610',1293,68,740,100000050,NULL,100006621,'','2024-05-28 09:04:34',32,'2024-05-28 09:04:46',10,'0000-00-00 00:00:00',3),(100000856,'65808314',1285,2,778,100000052,NULL,100006183,'Personal get.','2024-05-28 09:04:34',17,'2024-05-28 09:04:39',15,'0000-00-00 00:00:00',5),(100000857,'36206888',1274,52,735,100000048,NULL,100006328,'','2024-05-28 09:04:34',17,'2024-05-28 09:04:38',12,'0000-00-00 00:00:00',1),(100000858,'82212370',1281,2,727,100000049,NULL,100006271,'','2024-05-28 09:04:34',18,'2024-05-28 09:04:38',18,'0000-00-00 00:00:00',1),(100000859,'93840151',1307,68,116,100000052,NULL,100006403,'Wind analysis.','2024-05-28 09:04:34',12,'2024-05-28 09:04:40',17,'0000-00-00 00:00:00',5),(100000860,'53831206',1292,68,927,100000050,NULL,100006215,'','2024-05-28 09:04:34',16,'2024-05-28 09:04:37',18,'0000-00-00 00:00:00',1),(100000861,'17627248',1284,3,312,100000050,NULL,100006727,'','2024-05-28 09:04:34',12,'2024-05-28 09:04:34',12,'0000-00-00 00:00:00',1),(100000862,'72984086',1276,5,916,100000049,NULL,100006333,'Order it west.','2024-05-28 09:04:34',12,'2024-05-28 09:04:34',12,'0000-00-00 00:00:00',1),(100000863,'55515947',1312,138,414,100000052,NULL,100006676,'Keep analysis not.','2024-05-28 09:04:34',17,'2024-05-28 09:04:39',18,'0000-00-00 00:00:00',5),(100000864,'09279404',1307,68,682,100000051,NULL,100006732,'Area high.','2024-05-28 09:04:34',12,'2024-05-28 09:04:39',32,'0000-00-00 00:00:00',5),(100000865,'84246829',1279,5,626,100000051,NULL,100006075,'','2024-05-28 09:04:34',34,'2024-05-28 09:04:39',10,'0000-00-00 00:00:00',5),(100000866,'31887278',1272,68,935,100000048,NULL,100006418,'Perform population.','2024-05-28 09:04:34',10,'2024-05-28 09:04:39',17,'0000-00-00 00:00:00',1),(100000867,'90192086',1273,52,636,100000051,NULL,100006164,'','2024-05-28 09:04:34',12,'2024-05-28 09:04:38',12,'0000-00-00 00:00:00',5),(100000868,'40020606',1300,68,89,100000048,NULL,100005980,'Same deal.','2024-05-28 09:04:34',12,'2024-05-28 09:04:39',12,'0000-00-00 00:00:00',1),(100000869,'42241856',1304,68,226,100000051,NULL,100006514,'','2024-05-28 09:04:34',32,'2024-05-28 09:04:37',34,'0000-00-00 00:00:00',5),(100000870,'49859334',1293,117,984,100000050,NULL,100006243,'Meet.','2024-05-28 09:04:34',15,'2024-05-28 09:04:39',17,'0000-00-00 00:00:00',1),(100000871,'12934402',1295,117,179,100000048,NULL,100006668,'','2024-05-28 09:04:34',17,'2024-05-28 09:04:34',17,'0000-00-00 00:00:00',1),(100000872,'07764569',1312,138,197,100000048,NULL,100006180,'','2024-05-28 09:04:34',10,'2024-05-28 09:04:46',10,'0000-00-00 00:00:00',3),(100000873,'50382556',1269,52,497,100000050,NULL,100006412,'','2024-05-28 09:04:34',34,'2024-05-28 09:04:38',15,'0000-00-00 00:00:00',1),(100000874,'40756983',1292,116,321,100000051,NULL,100006429,'','2024-05-28 09:04:34',17,'2024-05-28 09:04:38',18,'0000-00-00 00:00:00',5),(100000875,'93255833',1277,1,965,100000050,NULL,100006238,'Law my.','2024-05-28 09:04:34',12,'2024-05-28 09:04:39',10,'0000-00-00 00:00:00',1),(100000876,'63492428',1303,68,720,100000051,NULL,100006222,'Financial.','2024-05-28 09:04:34',16,'2024-05-28 09:04:39',16,'0000-00-00 00:00:00',5),(100000877,'91291239',1269,52,101,100000050,NULL,100006700,'','2024-05-28 09:04:34',32,'2024-05-28 09:04:34',32,'0000-00-00 00:00:00',1),(100000878,'53462742',1287,2,922,100000051,NULL,100006290,'','2024-05-28 09:04:34',18,'2024-05-28 09:04:38',15,'0000-00-00 00:00:00',5),(100000879,'24536494',1281,4,183,100000051,NULL,100006584,'Now.','2024-05-28 09:04:34',32,'2024-05-28 09:04:38',34,'0000-00-00 00:00:00',5),(100000880,'31876044',1295,68,413,100000052,NULL,100006634,'Situation customer.','2024-05-28 09:04:34',10,'2024-05-28 09:04:39',10,'0000-00-00 00:00:00',5),(100000881,'80289216',1317,59,7,100000051,NULL,100006397,'Personal as.','2024-05-28 09:04:34',10,'2024-05-28 09:04:39',16,'0000-00-00 00:00:00',5),(100000882,'27563236',1296,52,917,100000051,NULL,100006081,'','2024-05-28 09:04:34',17,'2024-05-28 09:04:37',18,'0000-00-00 00:00:00',5),(100000883,'63915470',1287,4,625,100000048,NULL,100006666,'Record around.','2024-05-28 09:04:34',17,'2024-05-28 09:04:39',18,'0000-00-00 00:00:00',1),(100000884,'38173223',1277,4,602,100000050,NULL,100006477,'Child act school.','2024-05-28 09:04:34',16,'2024-05-28 09:04:39',34,'0000-00-00 00:00:00',1),(100000885,'70345519',1277,5,816,100000051,NULL,100006529,'','2024-05-28 09:04:34',15,'2024-05-28 09:04:39',32,'0000-00-00 00:00:00',5),(100000886,'11438633',1272,52,581,100000052,NULL,100006201,'Allow able idea.','2024-05-28 09:04:34',15,'2024-05-28 09:04:37',17,'0000-00-00 00:00:00',5),(100000887,'99394091',1315,33,78,100000048,NULL,100006182,'Fill easy.','2024-05-28 09:04:34',10,'2024-05-28 09:04:39',10,'0000-00-00 00:00:00',1),(100000888,'74870999',1292,68,969,100000048,NULL,100006689,'','2024-05-28 09:04:34',10,'2024-05-28 09:04:38',17,'0000-00-00 00:00:00',1),(100000889,'83833525',1286,2,516,100000051,NULL,100006186,'','2024-05-28 09:04:34',34,'2024-05-28 09:04:37',34,'0000-00-00 00:00:00',5),(100000890,'86270005',1271,52,31,100000052,NULL,100006307,'','2024-05-28 09:04:34',32,'2024-05-28 09:04:38',10,'0000-00-00 00:00:00',5),(100000891,'20372203',1282,4,707,100000050,NULL,100006716,'Her.','2024-05-28 09:04:34',15,'2024-05-28 09:04:39',34,'0000-00-00 00:00:00',1),(100000892,'51621179',1304,68,642,100000050,NULL,100006321,'Former car in.','2024-05-28 09:04:34',10,'2024-05-28 09:04:38',10,'0000-00-00 00:00:00',1),(100000893,'36088456',1317,58,247,100000050,NULL,100006536,'Head.','2024-05-28 09:04:35',12,'2024-05-28 09:04:39',10,'0000-00-00 00:00:00',1),(100000894,'81327012',1308,68,422,100000051,NULL,100006629,'Along young.','2024-05-28 09:04:35',17,'2024-05-28 09:04:39',15,'0000-00-00 00:00:00',5),(100000895,'93730841',1272,52,888,100000048,NULL,100006619,'','2024-05-28 09:04:35',18,'2024-05-28 09:04:38',16,'0000-00-00 00:00:00',1),(100000896,'91380006',1302,68,306,100000051,NULL,100006435,'Floor.','2024-05-28 09:04:35',16,'2024-05-28 09:04:39',16,'0000-00-00 00:00:00',5),(100000897,'34963342',1316,52,51,100000048,NULL,100005967,'','2024-05-28 09:04:35',15,'2024-05-28 09:04:38',18,'0000-00-00 00:00:00',1),(100000898,'21234087',1316,32,583,100000049,NULL,100006424,'','2024-05-28 09:04:35',16,'2024-05-28 09:04:35',16,'0000-00-00 00:00:00',1),(100000899,'93049368',1312,138,688,100000051,NULL,100006104,'Southern administration single.','2024-05-28 09:04:35',34,'2024-05-28 09:04:36',12,'0000-00-00 00:00:00',5),(100000900,'86718269',1293,68,745,100000052,NULL,100006393,'','2024-05-28 09:04:35',18,'2024-05-28 09:04:37',18,'0000-00-00 00:00:00',5),(100000901,'66017921',1296,52,737,100000052,NULL,100006236,'Several sure.','2024-05-28 09:04:35',12,'2024-05-28 09:04:37',15,'0000-00-00 00:00:00',5),(100000902,'32307327',1295,68,911,100000052,NULL,100006360,'','2024-05-28 09:04:35',17,'2024-05-28 09:04:36',10,'0000-00-00 00:00:00',5),(100000903,'79083412',1284,3,90,100000049,NULL,100006304,'Group.','2024-05-28 09:04:35',18,'2024-05-28 09:04:46',10,'0000-00-00 00:00:00',3),(100000904,'69025841',1281,2,410,100000048,NULL,100006653,'','2024-05-28 09:04:35',15,'2024-05-28 09:04:38',17,'0000-00-00 00:00:00',1),(100000905,'61932150',1305,68,228,100000052,NULL,100006031,'','2024-05-28 09:04:35',12,'2024-05-28 09:04:37',17,'0000-00-00 00:00:00',5),(100000906,'00389236',1288,68,778,100000052,NULL,100006442,'Finish reveal.','2024-05-28 09:04:35',17,'2024-05-28 09:04:36',18,'0000-00-00 00:00:00',5),(100000907,'63386403',1292,68,134,100000049,NULL,100006498,'Consider market.','2024-05-28 09:04:35',32,'2024-05-28 09:04:38',32,'0000-00-00 00:00:00',1),(100000908,'31542663',1271,52,156,100000049,NULL,100006440,'Seem in sea.','2024-05-28 09:04:35',12,'2024-05-28 09:04:35',12,'0000-00-00 00:00:00',1),(100000909,'19031195',1312,138,985,100000051,NULL,100006139,'','2024-05-28 09:04:35',18,'2024-05-28 09:04:39',12,'0000-00-00 00:00:00',5),(100000910,'90799871',1311,68,99,100000051,NULL,100006291,'','2024-05-28 09:04:35',16,'2024-05-28 09:04:38',34,'0000-00-00 00:00:00',5),(100000911,'80718798',1298,52,137,100000051,NULL,100006513,'','2024-05-28 09:04:35',10,'2024-05-28 09:04:39',10,'0000-00-00 00:00:00',5),(100000912,'60071614',1290,68,84,100000049,NULL,100006695,'He within.','2024-05-28 09:04:35',18,'2024-05-28 09:04:39',18,'0000-00-00 00:00:00',1),(100000913,'57361529',1317,31,519,100000048,NULL,100006007,'Else we doctor.','2024-05-28 09:04:35',15,'2024-05-28 09:04:35',15,'0000-00-00 00:00:00',1),(100000914,'16896195',1312,115,750,100000052,NULL,100006667,'Song.','2024-05-28 09:04:35',10,'2024-05-28 09:04:39',16,'0000-00-00 00:00:00',5),(100000915,'82208497',1301,68,831,100000050,NULL,100006276,'Today wall adult.','2024-05-28 09:04:35',12,'2024-05-28 09:04:38',34,'0000-00-00 00:00:00',1),(100000916,'83349505',1280,2,535,100000052,NULL,100006147,'Time.','2024-05-28 09:04:35',15,'2024-05-28 09:04:39',34,'0000-00-00 00:00:00',5),(100000917,'30747311',1309,68,245,100000051,NULL,100006148,'Race might.','2024-05-28 09:04:35',16,'2024-05-28 09:04:39',17,'0000-00-00 00:00:00',5),(100000918,'71790018',1292,68,989,100000051,NULL,100006042,'Trip.','2024-05-28 09:04:35',12,'2024-05-28 09:04:39',12,'0000-00-00 00:00:00',5),(100000919,'33050550',1301,68,527,100000051,NULL,100006628,'','2024-05-28 09:04:35',10,'2024-05-28 09:04:38',32,'0000-00-00 00:00:00',5),(100000920,'65792340',1314,139,231,100000052,NULL,100006199,'Big three.','2024-05-28 09:04:35',32,'2024-05-28 09:04:36',34,'0000-00-00 00:00:00',5),(100000921,'19788911',1314,138,818,100000050,NULL,100006414,'Name collection.','2024-05-28 09:04:35',32,'2024-05-28 09:04:39',32,'0000-00-00 00:00:00',1),(100000922,'77891956',1296,52,738,100000050,NULL,100006005,'','2024-05-28 09:04:35',16,'2024-05-28 09:04:35',16,'0000-00-00 00:00:00',1),(100000923,'04723515',1310,68,462,100000048,NULL,100006559,'Require pattern.','2024-05-28 09:04:35',17,'2024-05-28 09:04:38',34,'0000-00-00 00:00:00',1),(100000924,'19657619',1292,68,461,100000052,NULL,100006036,'Born.','2024-05-28 09:04:35',18,'2024-05-28 09:04:39',12,'0000-00-00 00:00:00',5),(100000925,'75308224',1297,52,315,100000052,NULL,100006251,'Evening before.','2024-05-28 09:04:35',34,'2024-05-28 09:04:39',17,'0000-00-00 00:00:00',5),(100000926,'03243724',1312,138,623,100000049,NULL,100006191,'Prove.','2024-05-28 09:04:35',34,'2024-05-28 09:04:39',17,'0000-00-00 00:00:00',1),(100000927,'97480092',1283,4,330,100000049,NULL,100006261,'Beautiful animal.','2024-05-28 09:04:35',15,'2024-05-28 09:04:39',32,'0000-00-00 00:00:00',1),(100000928,'34561880',1275,52,796,100000049,NULL,100006452,'','2024-05-28 09:04:35',17,'2024-05-28 09:04:46',10,'0000-00-00 00:00:00',3),(100000929,'03564194',1287,4,409,100000051,NULL,100006309,'Specific rock soon.','2024-05-28 09:04:35',32,'2024-05-28 09:04:39',18,'0000-00-00 00:00:00',5),(100000930,'99650148',1297,52,184,100000050,NULL,100006701,'','2024-05-28 09:04:36',10,'2024-05-28 09:04:47',10,'0000-00-00 00:00:00',7),(100000931,'52721091',1284,4,498,100000049,NULL,100006638,'','2024-05-28 09:04:36',17,'2024-05-28 09:04:39',12,'0000-00-00 00:00:00',1),(100000932,'39872527',1291,68,920,100000049,NULL,100006542,'','2024-05-28 09:04:36',12,'2024-05-28 09:04:46',10,'0000-00-00 00:00:00',3),(100000933,'64555568',1270,52,175,100000051,NULL,100006377,'','2024-05-28 09:04:36',18,'2024-05-28 09:04:38',15,'0000-00-00 00:00:00',5),(100000934,'54294286',1315,36,896,100000049,NULL,100006400,'','2024-05-28 09:04:36',16,'2024-05-28 09:04:38',18,'0000-00-00 00:00:00',1),(100000935,'30046994',1310,68,650,100000051,NULL,100006011,'Action.','2024-05-28 09:04:36',32,'2024-05-28 09:04:39',18,'0000-00-00 00:00:00',5),(100000936,'64296453',1269,52,770,100000049,NULL,100006177,'Scientist analysis.','2024-05-28 09:04:36',15,'2024-05-28 09:04:39',16,'0000-00-00 00:00:00',1),(100000937,'43668924',1280,2,641,100000052,NULL,100006335,'Exactly.','2024-05-28 09:04:36',34,'2024-05-28 09:04:39',15,'0000-00-00 00:00:00',5),(100000938,'92887545',1297,52,46,100000049,NULL,100006579,'Drug.','2024-05-28 09:04:36',12,'2024-05-28 09:04:46',10,'0000-00-00 00:00:00',3),(100000939,'65497235',1295,68,821,100000049,NULL,100006383,'','2024-05-28 09:04:36',10,'2024-05-28 09:04:39',18,'0000-00-00 00:00:00',1),(100000940,'10022119',1273,68,581,100000050,NULL,100006680,'On human.','2024-05-28 09:04:36',32,'2024-05-28 09:04:39',10,'0000-00-00 00:00:00',1),(100000941,'02199440',1316,30,184,100000048,NULL,100005943,'Human box.','2024-05-28 09:04:36',18,'2024-05-28 09:04:39',32,'0000-00-00 00:00:00',1),(100000942,'57265946',1311,68,673,100000050,NULL,100006134,'Off television.','2024-05-28 09:04:36',17,'2024-05-28 09:04:39',34,'0000-00-00 00:00:00',1),(100000943,'84620390',1308,68,976,100000050,NULL,100006040,'Girl house.','2024-05-28 09:04:36',16,'2024-05-28 09:04:39',32,'0000-00-00 00:00:00',1),(100000944,'43258016',1307,68,230,100000051,NULL,100006193,'','2024-05-28 09:04:36',10,'2024-05-28 09:04:37',10,'0000-00-00 00:00:00',5),(100000945,'72820414',1268,52,560,100000049,NULL,100006675,'Often.','2024-05-28 09:04:36',32,'2024-05-28 09:04:47',10,'0000-00-00 00:00:00',7),(100000946,'18301138',1284,71,635,100000048,NULL,100006176,'State.','2024-05-28 09:04:36',34,'2024-05-28 09:04:39',12,'0000-00-00 00:00:00',1),(100000947,'77564925',1336,5,863,100000055,NULL,100006202,'','2024-05-28 09:04:40',18,'2024-05-28 09:04:45',38,'0000-00-00 00:00:00',1),(100000948,'93507768',1345,117,152,100000058,NULL,100006214,'Little likely.','2024-05-28 09:04:40',20,'2024-05-28 09:04:45',40,'0000-00-00 00:00:00',5),(100000949,'69074581',1363,114,895,100000054,NULL,100006741,'International.','2024-05-28 09:04:40',39,'2024-05-28 09:04:45',38,'0000-00-00 00:00:00',1),(100000950,'24942442',1334,71,925,100000054,NULL,100006299,'Recently.','2024-05-28 09:04:40',20,'2024-05-28 09:04:45',41,'0000-00-00 00:00:00',1),(100000951,'73649362',1355,68,416,100000057,NULL,100006003,'','2024-05-28 09:04:40',40,'2024-05-28 09:04:45',19,'0000-00-00 00:00:00',5),(100000952,'78285512',1336,4,668,100000056,NULL,100006210,'','2024-05-28 09:04:40',40,'2024-05-28 09:04:45',38,'0000-00-00 00:00:00',1),(100000953,'85064787',1338,4,549,100000056,NULL,100006626,'','2024-05-28 09:04:40',10,'2024-05-28 09:04:45',19,'0000-00-00 00:00:00',1),(100000954,'94673370',1322,52,255,100000054,NULL,100006449,'Do.','2024-05-28 09:04:40',41,'2024-05-28 09:04:45',37,'0000-00-00 00:00:00',1),(100000955,'59806776',1353,68,227,100000054,NULL,100006286,'','2024-05-28 09:04:40',41,'2024-05-28 09:04:44',18,'0000-00-00 00:00:00',1),(100000956,'08367821',1325,68,229,100000058,NULL,100006334,'','2024-05-28 09:04:40',10,'2024-05-28 09:04:42',18,'0000-00-00 00:00:00',5),(100000957,'10195366',1341,68,28,100000058,NULL,100006076,'','2024-05-28 09:04:40',19,'2024-05-28 09:04:45',10,'0000-00-00 00:00:00',5),(100000958,'30896456',1329,3,47,100000054,NULL,100006099,'','2024-05-28 09:04:40',10,'2024-05-28 09:04:40',10,'0000-00-00 00:00:00',1),(100000959,'75598565',1330,4,872,100000058,NULL,100006455,'With.','2024-05-28 09:04:40',37,'2024-05-28 09:04:46',20,'0000-00-00 00:00:00',5),(100000960,'48693378',1335,2,862,100000058,NULL,100006485,'Support.','2024-05-28 09:04:40',40,'2024-05-28 09:04:45',18,'0000-00-00 00:00:00',5),(100000961,'69789984',1359,68,36,100000056,NULL,100006070,'Record newspaper.','2024-05-28 09:04:40',39,'2024-05-28 09:04:45',41,'0000-00-00 00:00:00',1),(100000962,'93904893',1328,4,91,100000056,NULL,100006382,'','2024-05-28 09:04:40',19,'2024-05-28 09:04:44',18,'0000-00-00 00:00:00',1),(100000963,'50259135',1363,138,727,100000054,NULL,100006691,'Environment.','2024-05-28 09:04:40',20,'2024-05-28 09:04:45',10,'0000-00-00 00:00:00',1),(100000964,'76261631',1332,4,259,100000056,NULL,100006122,'','2024-05-28 09:04:40',40,'2024-05-28 09:04:44',37,'0000-00-00 00:00:00',1),(100000965,'15666072',1347,68,186,100000058,NULL,100006654,'','2024-05-28 09:04:40',40,'2024-05-28 09:04:43',37,'0000-00-00 00:00:00',5),(100000966,'30796317',1339,68,928,100000056,NULL,100006112,'Show.','2024-05-28 09:04:40',19,'2024-05-28 09:04:45',10,'0000-00-00 00:00:00',1),(100000967,'64086764',1325,68,261,100000057,NULL,100006272,'','2024-05-28 09:04:40',41,'2024-05-28 09:04:44',10,'0000-00-00 00:00:00',5),(100000968,'61080848',1322,52,992,100000054,NULL,100006690,'','2024-05-28 09:04:40',19,'2024-05-28 09:04:44',41,'0000-00-00 00:00:00',1),(100000969,'49671846',1332,4,983,100000058,NULL,100006703,'Event work since.','2024-05-28 09:04:40',38,'2024-05-28 09:04:44',40,'0000-00-00 00:00:00',5),(100000970,'07264418',1362,68,205,100000057,NULL,100006594,'Friend instead them.','2024-05-28 09:04:40',20,'2024-05-28 09:04:44',41,'0000-00-00 00:00:00',5),(100000971,'71867927',1361,68,153,100000056,NULL,100006054,'Eye week.','2024-05-28 09:04:40',39,'2024-05-28 09:04:44',18,'0000-00-00 00:00:00',1),(100000972,'06529799',1339,68,922,100000056,NULL,100006363,'','2024-05-28 09:04:40',10,'2024-05-28 09:04:44',39,'0000-00-00 00:00:00',1),(100000973,'81175617',1352,118,432,100000056,NULL,100006143,'Blue quickly factor.','2024-05-28 09:04:40',20,'2024-05-28 09:04:40',20,'0000-00-00 00:00:00',1),(100000974,'20886867',1333,1,182,100000058,NULL,100006543,'Phone painting.','2024-05-28 09:04:40',37,'2024-05-28 09:04:46',38,'0000-00-00 00:00:00',5),(100000975,'33276916',1320,52,234,100000055,NULL,100006503,'Pick effort.','2024-05-28 09:04:40',18,'2024-05-28 09:04:45',38,'0000-00-00 00:00:00',1),(100000976,'06317120',1320,52,772,100000056,NULL,100006685,'Change church.','2024-05-28 09:04:40',10,'2024-05-28 09:04:45',41,'0000-00-00 00:00:00',1),(100000977,'68769852',1352,116,666,100000057,NULL,100006066,'','2024-05-28 09:04:40',20,'2024-05-28 09:04:42',20,'0000-00-00 00:00:00',5),(100000978,'27387711',1364,139,4,100000057,NULL,100005982,'Conference material.','2024-05-28 09:04:40',18,'2024-05-28 09:04:42',38,'0000-00-00 00:00:00',5),(100000979,'94206587',1337,2,552,100000056,NULL,100006250,'Central plan.','2024-05-28 09:04:40',20,'2024-05-28 09:04:44',19,'0000-00-00 00:00:00',1),(100000980,'22537116',1338,4,752,100000056,NULL,100006408,'','2024-05-28 09:04:40',40,'2024-05-28 09:04:45',10,'0000-00-00 00:00:00',1),(100000981,'40771415',1328,2,442,100000054,NULL,100006571,'Especially.','2024-05-28 09:04:40',37,'2024-05-28 09:04:46',40,'0000-00-00 00:00:00',1),(100000982,'95593110',1330,70,976,100000054,NULL,100006409,'Site final.','2024-05-28 09:04:40',18,'2024-05-28 09:04:45',40,'0000-00-00 00:00:00',1),(100000983,'64483143',1324,52,792,100000055,NULL,100006603,'Hear country sell.','2024-05-28 09:04:40',37,'2024-05-28 09:04:45',38,'0000-00-00 00:00:00',1),(100000984,'95564388',1322,52,402,100000057,NULL,100006032,'','2024-05-28 09:04:40',39,'2024-05-28 09:04:43',39,'0000-00-00 00:00:00',5),(100000985,'91763109',1347,52,737,100000058,NULL,100006519,'Particular.','2024-05-28 09:04:40',38,'2024-05-28 09:04:45',20,'0000-00-00 00:00:00',5),(100000986,'02311952',1335,1,382,100000055,NULL,100006517,'','2024-05-28 09:04:40',41,'2024-05-28 09:04:40',41,'0000-00-00 00:00:00',1),(100000987,'21522742',1356,68,630,100000055,NULL,100006196,'Media note.','2024-05-28 09:04:40',41,'2024-05-28 09:04:40',41,'0000-00-00 00:00:00',1),(100000988,'20705673',1326,52,840,100000054,NULL,100006219,'','2024-05-28 09:04:40',18,'2024-05-28 09:04:44',20,'0000-00-00 00:00:00',1),(100000989,'74451613',1367,35,601,100000058,NULL,100006154,'Tv carry.','2024-05-28 09:04:40',37,'2024-05-28 09:04:45',40,'0000-00-00 00:00:00',5),(100000990,'83385841',1332,1,449,100000056,NULL,100006649,'Part.','2024-05-28 09:04:40',18,'2024-05-28 09:04:45',41,'0000-00-00 00:00:00',1),(100000991,'25972088',1323,52,277,100000057,NULL,100006724,'High manage.','2024-05-28 09:04:40',40,'2024-05-28 09:04:45',37,'0000-00-00 00:00:00',5),(100000992,'85417917',1363,139,300,100000054,NULL,100006704,'Age personal home.','2024-05-28 09:04:40',38,'2024-05-28 09:04:40',38,'0000-00-00 00:00:00',1),(100000993,'72188471',1321,52,257,100000054,NULL,100006651,'','2024-05-28 09:04:40',40,'2024-05-28 09:04:44',38,'0000-00-00 00:00:00',1),(100000994,'50992005',1327,54,154,100000058,NULL,100006010,'','2024-05-28 09:04:40',18,'2024-05-28 09:04:43',10,'0000-00-00 00:00:00',5),(100000995,'29776466',1355,68,624,100000054,NULL,100006494,'Rise.','2024-05-28 09:04:40',40,'2024-05-28 09:04:46',37,'0000-00-00 00:00:00',1),(100000996,'96442313',1344,68,866,100000055,NULL,100006189,'','2024-05-28 09:04:41',10,'2024-05-28 09:04:43',18,'0000-00-00 00:00:00',1),(100000997,'24973408',1365,115,37,100000055,NULL,100006025,'','2024-05-28 09:04:41',38,'2024-05-28 09:04:45',10,'0000-00-00 00:00:00',1),(100000998,'67486508',1329,53,545,100000056,NULL,100006388,'More know.','2024-05-28 09:04:41',38,'2024-05-28 09:04:45',20,'0000-00-00 00:00:00',1),(100000999,'22845503',1368,30,167,100000058,NULL,100006346,'','2024-05-28 09:04:41',38,'2024-05-28 09:04:42',39,'0000-00-00 00:00:00',5),(100001000,'48901902',1349,68,907,100000058,NULL,100006289,'Series.','2024-05-28 09:04:41',37,'2024-05-28 09:04:46',19,'0000-00-00 00:00:00',5),(100001001,'12798720',1325,68,6,100000056,NULL,100006478,'Generation end.','2024-05-28 09:04:41',41,'2024-05-28 09:04:44',10,'0000-00-00 00:00:00',1),(100001002,'41307582',1343,68,803,100000058,NULL,100006464,'','2024-05-28 09:04:41',41,'2024-05-28 09:04:42',37,'0000-00-00 00:00:00',5),(100001003,'81320239',1342,68,213,100000054,NULL,100006116,'','2024-05-28 09:04:41',19,'2024-05-28 09:04:44',40,'0000-00-00 00:00:00',1),(100001004,'86907609',1348,52,766,100000055,NULL,100006035,'Ever.','2024-05-28 09:04:41',18,'2024-05-28 09:04:45',37,'0000-00-00 00:00:00',1),(100001005,'52041916',1363,110,298,100000055,NULL,100006354,'College husband.','2024-05-28 09:04:41',40,'2024-05-28 09:04:45',40,'0000-00-00 00:00:00',1),(100001006,'49691577',1366,32,46,100000056,NULL,100006642,'','2024-05-28 09:04:41',41,'2024-05-28 09:04:44',41,'0000-00-00 00:00:00',1),(100001007,'28474063',1327,3,321,100000058,NULL,100006165,'Occur nature.','2024-05-28 09:04:41',41,'2024-05-28 09:04:45',10,'0000-00-00 00:00:00',5),(100001008,'73211858',1322,52,159,100000054,NULL,100006245,'Enough tend.','2024-05-28 09:04:41',37,'2024-05-28 09:04:46',20,'0000-00-00 00:00:00',1),(100001009,'28460764',1363,113,65,100000057,NULL,100006091,'Indicate.','2024-05-28 09:04:41',40,'2024-05-28 09:04:45',20,'0000-00-00 00:00:00',5),(100001010,'55304910',1345,117,218,100000054,NULL,100006713,'Participant ten.','2024-05-28 09:04:41',38,'2024-05-28 09:04:45',19,'0000-00-00 00:00:00',1),(100001011,'19339114',1349,52,26,100000054,NULL,100006375,'','2024-05-28 09:04:41',18,'2024-05-28 09:04:44',39,'0000-00-00 00:00:00',1),(100001012,'38057448',1344,118,445,100000055,NULL,100006313,'Carry.','2024-05-28 09:04:41',41,'2024-05-28 09:04:45',18,'0000-00-00 00:00:00',1),(100001013,'75042848',1336,4,638,100000057,NULL,100006242,'Stop.','2024-05-28 09:04:41',20,'2024-05-28 09:04:45',41,'0000-00-00 00:00:00',5),(100001014,'17646292',1328,3,113,100000058,NULL,100006318,'','2024-05-28 09:04:41',38,'2024-05-28 09:04:43',39,'0000-00-00 00:00:00',5),(100001015,'95371373',1355,68,688,100000058,NULL,100006266,'Student plan.','2024-05-28 09:04:41',20,'2024-05-28 09:04:45',39,'0000-00-00 00:00:00',5),(100001016,'78185507',1345,68,429,100000058,NULL,100006438,'','2024-05-28 09:04:41',37,'2024-05-28 09:04:42',18,'0000-00-00 00:00:00',5),(100001017,'63196981',1329,5,600,100000054,NULL,100006296,'','2024-05-28 09:04:41',40,'2024-05-28 09:04:44',19,'0000-00-00 00:00:00',1),(100001018,'26354523',1322,52,348,100000055,NULL,100006633,'','2024-05-28 09:04:41',10,'2024-05-28 09:04:45',18,'0000-00-00 00:00:00',1),(100001019,'49161206',1324,52,151,100000057,NULL,100006158,'','2024-05-28 09:04:41',38,'2024-05-28 09:04:44',20,'0000-00-00 00:00:00',5),(100001020,'54142710',1336,1,685,100000058,NULL,100006450,'Fast road.','2024-05-28 09:04:41',20,'2024-05-28 09:04:42',38,'0000-00-00 00:00:00',5),(100001021,'74645201',1332,5,24,100000058,NULL,100006698,'','2024-05-28 09:04:41',41,'2024-05-28 09:04:42',20,'0000-00-00 00:00:00',5),(100001022,'01920406',1320,52,400,100000054,NULL,100006273,'','2024-05-28 09:04:41',38,'2024-05-28 09:04:41',38,'0000-00-00 00:00:00',1),(100001023,'63451993',1333,1,119,100000057,NULL,100006216,'True.','2024-05-28 09:04:41',37,'2024-05-28 09:04:45',20,'0000-00-00 00:00:00',5),(100001024,'63335364',1348,52,748,100000058,NULL,100006684,'Approach.','2024-05-28 09:04:41',18,'2024-05-28 09:04:46',40,'0000-00-00 00:00:00',5),(100001025,'00357286',1321,52,960,100000058,NULL,100006563,'','2024-05-28 09:04:41',18,'2024-05-28 09:04:44',10,'0000-00-00 00:00:00',5),(100001026,'44328080',1325,52,774,100000056,NULL,100006602,'','2024-05-28 09:04:41',39,'2024-05-28 09:04:41',39,'0000-00-00 00:00:00',1),(100001027,'56667206',1341,116,504,100000057,NULL,100006126,'','2024-05-28 09:04:41',41,'2024-05-28 09:04:42',40,'0000-00-00 00:00:00',5),(100001028,'96784120',1332,3,508,100000057,NULL,100006702,'White as.','2024-05-28 09:04:41',41,'2024-05-28 09:04:45',20,'0000-00-00 00:00:00',5),(100001029,'10515882',1368,27,77,100000055,NULL,100006583,'Idea.','2024-05-28 09:04:41',37,'2024-05-28 09:04:45',18,'0000-00-00 00:00:00',1),(100001030,'32637407',1331,2,123,100000055,NULL,100006593,'Trouble region.','2024-05-28 09:04:41',39,'2024-05-28 09:04:44',20,'0000-00-00 00:00:00',1),(100001031,'27409529',1350,52,778,100000058,NULL,100006530,'Wife.','2024-05-28 09:04:41',19,'2024-05-28 09:04:45',10,'0000-00-00 00:00:00',5),(100001032,'64359434',1343,68,939,100000056,NULL,100006198,'','2024-05-28 09:04:41',10,'2024-05-28 09:04:44',37,'0000-00-00 00:00:00',1),(100001033,'22981089',1336,4,857,100000054,NULL,100006428,'Career.','2024-05-28 09:04:41',38,'2024-05-28 09:04:46',37,'0000-00-00 00:00:00',1),(100001034,'55945503',1323,52,796,100000058,NULL,100006692,'Should.','2024-05-28 09:04:41',40,'2024-05-28 09:04:45',41,'0000-00-00 00:00:00',5),(100001035,'03238140',1366,14,231,100000058,NULL,100006591,'','2024-05-28 09:04:41',19,'2024-05-28 09:04:44',20,'0000-00-00 00:00:00',5),(100001036,'65753309',1347,68,542,100000057,NULL,100006624,'','2024-05-28 09:04:41',37,'2024-05-28 09:04:43',37,'0000-00-00 00:00:00',5),(100001037,'16015111',1326,52,392,100000058,NULL,100006576,'','2024-05-28 09:04:41',19,'2024-05-28 09:04:42',39,'0000-00-00 00:00:00',5),(100001038,'35504018',1335,71,795,100000055,NULL,100006574,'','2024-05-28 09:04:41',40,'2024-05-28 09:04:44',41,'0000-00-00 00:00:00',1),(100001039,'11103001',1328,1,636,100000058,NULL,100006618,'','2024-05-28 09:04:41',10,'2024-05-28 09:04:43',10,'0000-00-00 00:00:00',5),(100001040,'49987395',1335,1,940,100000054,NULL,100006008,'Relationship research.','2024-05-28 09:04:41',10,'2024-05-28 09:04:45',18,'0000-00-00 00:00:00',1),(100001041,'81879488',1353,68,504,100000057,NULL,100006657,'','2024-05-28 09:04:41',37,'2024-05-28 09:04:45',40,'0000-00-00 00:00:00',5),(100001042,'22232181',1320,52,367,100000057,NULL,100006359,'American subject.','2024-05-28 09:04:41',18,'2024-05-28 09:04:45',39,'0000-00-00 00:00:00',5),(100001043,'43654243',1363,115,320,100000056,NULL,100006277,'','2024-05-28 09:04:42',41,'2024-05-28 09:04:42',41,'0000-00-00 00:00:00',1),(100001044,'62815895',1366,31,915,100000058,NULL,100005965,'','2024-05-28 09:04:42',40,'2024-05-28 09:04:43',41,'0000-00-00 00:00:00',5),(100001045,'05495843',1348,52,125,100000056,NULL,100006329,'','2024-05-28 09:04:42',39,'2024-05-28 09:04:45',20,'0000-00-00 00:00:00',1),(100001046,'04076854',1363,108,297,100000055,NULL,100006232,'','2024-05-28 09:04:42',10,'2024-05-28 09:04:43',18,'0000-00-00 00:00:00',1);
/*!40000 ALTER TABLE `stock` ENABLE KEYS */;
UNLOCK TABLES;

--
-- Table structure for table `tags`
--

DROP TABLE IF EXISTS `tags`;
/*!40101 SET @saved_cs_client     = @@character_set_client */;
/*!40101 SET character_set_client = utf8 */;
CREATE TABLE `tags` (
  `id` int unsigned NOT NULL AUTO_INCREMENT,
  `label` varchar(255) NOT NULL,
  `color` varchar(255) NOT NULL,
  `camp_id` int unsigned NOT NULL,
  `deleted` datetime DEFAULT NULL,
  `created` datetime DEFAULT NULL,
  `created_by` int unsigned DEFAULT NULL,
  `modified` datetime DEFAULT NULL,
  `modified_by` int unsigned DEFAULT NULL,
  `description` text NOT NULL,
  `type` varchar(255) DEFAULT 'People',
  `seq` int DEFAULT NULL,
  PRIMARY KEY (`id`),
  KEY `camp_id` (`camp_id`),
  KEY `created_by` (`created_by`),
  KEY `modified_by` (`modified_by`),
  KEY `tags_type_index` (`type`),
  CONSTRAINT `tags_ibfk_1` FOREIGN KEY (`camp_id`) REFERENCES `camps` (`id`) ON UPDATE CASCADE,
  CONSTRAINT `tags_ibfk_2` FOREIGN KEY (`created_by`) REFERENCES `cms_users` (`id`) ON DELETE SET NULL ON UPDATE CASCADE,
  CONSTRAINT `tags_ibfk_3` FOREIGN KEY (`modified_by`) REFERENCES `cms_users` (`id`) ON DELETE SET NULL ON UPDATE CASCADE
) ENGINE=InnoDB AUTO_INCREMENT=125 DEFAULT CHARSET=utf8;
/*!40101 SET character_set_client = @saved_cs_client */;

--
-- Dumping data for table `tags`
--

LOCK TABLES `tags` WRITE;
/*!40000 ALTER TABLE `tags` DISABLE KEYS */;
INSERT INTO `tags` VALUES (45,'up','#d31782',1,NULL,'2024-05-28 09:03:23',3,'2024-05-28 09:03:23',6,'Institution month create.','Stock',NULL),(46,'but','#be11c4',1,NULL,'2024-05-28 09:03:23',24,'2024-05-28 09:03:23',25,'Science themselves south instead.','Stock',NULL),(47,'more','#66b9e2',1,NULL,'2024-05-28 09:03:23',9,'2024-05-28 09:03:23',8,'Example vote.','All',NULL),(48,'part','#f4b2d2',1,NULL,'2024-05-28 09:03:23',7,'2024-05-28 09:03:23',24,'Onto box election family.','People',NULL),(49,'need','#ff14cc',1,'2024-05-28 09:03:23','2024-05-28 09:03:23',25,'2024-05-28 09:03:23',2,'Outside worry.','Stock',NULL),(50,'court','#f232df',1,'2024-05-28 09:03:23','2024-05-28 09:03:23',24,'2024-05-28 09:03:23',23,'Set design.','Stock',NULL),(51,'film','#e504f9',1,NULL,'2024-05-28 09:03:23',5,'2024-05-28 09:03:23',23,'Foot reach car.','Stock',NULL),(52,'be','#5a1c89',1,NULL,'2024-05-28 09:03:23',4,'2024-05-28 09:03:23',9,'Bit base.','Stock',NULL),(53,'lead','#a31d1f',1,NULL,'2024-05-28 09:03:23',24,'2024-05-28 09:03:23',4,'Bill author character Republican.','Stock',NULL),(54,'war','#d7b5fc',1,NULL,'2024-05-28 09:03:23',23,NULL,23,'Whether sister.','Stock',NULL),(55,'senior','#c0a2f2',1,NULL,'2024-05-28 09:03:23',25,'2024-05-28 09:03:23',3,'Ask treat left.','Stock',NULL),(56,'yard','#7eb5e5',1,NULL,'2024-05-28 09:03:23',6,'2024-05-28 09:03:23',3,'Attorney on than.','Stock',NULL),(57,'foot','#b808d3',1,NULL,'2024-05-28 09:03:23',8,'2024-05-28 09:03:23',3,'Market dinner shake school.','All',NULL),(58,'suddenly','#f2ad9d',1,NULL,'2024-05-28 09:03:23',7,'2024-05-28 09:03:23',2,'Idea war son.','All',NULL),(59,'country','#8cadea',1,NULL,'2024-05-28 09:03:23',23,'2024-05-28 09:03:23',7,'Wall community purpose dream.','People',NULL),(60,'game','#33a2f7',1,NULL,'2024-05-28 09:03:23',9,'2024-05-28 09:03:23',4,'Simply enough list.','People',NULL),(61,'responsibility','#e26f73',1,NULL,'2024-05-28 09:03:23',24,NULL,24,'Better third.','All',NULL),(62,'across','#99bdef',1,NULL,'2024-05-28 09:03:23',2,'2024-05-28 09:03:23',9,'Tonight seat language arrive.','Stock',NULL),(63,'reach','#7c81cc',1,NULL,'2024-05-28 09:03:23',7,'2024-05-28 09:03:23',25,'Every pick.','All',NULL),(64,'clear','#fcdea1',1,NULL,'2024-05-28 09:03:23',9,'2024-05-28 09:03:23',6,'Ground agent.','All',NULL),(65,'national','#8be87a',2,NULL,'2024-05-28 09:03:23',33,NULL,33,'Economic fast.','People',NULL),(66,'our','#9bf7a0',2,NULL,'2024-05-28 09:03:23',10,'2024-05-28 09:03:24',18,'Effort issue upon.','People',NULL),(67,'dark','#f7f0aa',2,NULL,'2024-05-28 09:03:23',11,'2024-05-28 09:03:24',11,'Perform kid describe drop.','People',NULL),(68,'see','#adbef4',2,NULL,'2024-05-28 09:03:23',31,'2024-05-28 09:03:24',31,'Woman never.','People',NULL),(69,'security','#90ef02',2,NULL,'2024-05-28 09:03:23',31,'2024-05-28 09:03:24',33,'Somebody something future.','People',NULL),(70,'pattern','#fcd1c2',2,NULL,'2024-05-28 09:03:23',33,'2024-05-28 09:03:24',16,'Yet beyond affect.','All',NULL),(71,'visit','#ffffb2',2,'2024-05-28 09:03:24','2024-05-28 09:03:23',16,NULL,11,'Forget.','All',NULL),(72,'try','#f2bc59',2,NULL,'2024-05-28 09:03:23',17,'2024-05-28 09:03:24',18,'Simply already scientist class.','Stock',NULL),(73,'board','#ccf4ff',2,NULL,'2024-05-28 09:03:23',16,'2024-05-28 09:03:24',18,'Total catch newspaper camera doctor.','People',NULL),(74,'half','#2f6a8e',2,NULL,'2024-05-28 09:03:23',15,'2024-05-28 09:03:24',11,'Light phone.','All',NULL),(75,'home','#2556aa',2,NULL,'2024-05-28 09:03:23',10,'2024-05-28 09:03:24',33,'Career per.','People',NULL),(76,'present','#7c43ba',2,'2024-05-28 09:03:24','2024-05-28 09:03:23',16,'2024-05-28 09:03:24',10,'Heavy.','All',NULL),(77,'sister','#e5547d',2,NULL,'2024-05-28 09:03:23',31,NULL,31,'Down include series.','People',NULL),(78,'letter','#168ff9',2,NULL,'2024-05-28 09:03:23',10,'2024-05-28 09:03:24',31,'Thank cup.','People',NULL),(79,'dream','#67840e',2,NULL,'2024-05-28 09:03:23',18,'2024-05-28 09:03:24',15,'Boy someone threat.','Stock',NULL),(80,'job','#f47302',2,NULL,'2024-05-28 09:03:23',16,'2024-05-28 09:03:24',18,'Doctor individual meeting.','All',NULL),(81,'player','#e2517d',2,NULL,'2024-05-28 09:03:23',17,'2024-05-28 09:03:24',17,'Something cultural entire.','People',NULL),(82,'as','#88f5f7',2,NULL,'2024-05-28 09:03:24',11,'2024-05-28 09:03:24',31,'Finally walk law subject.','All',NULL),(83,'agree','#e84366',2,NULL,'2024-05-28 09:03:24',18,'2024-05-28 09:03:24',11,'During data.','Stock',NULL),(84,'professor','#f392fc',2,NULL,'2024-05-28 09:03:24',10,'2024-05-28 09:03:24',33,'Involve method official trouble.','Stock',NULL),(85,'team','#0ea516',3,NULL,'2024-05-28 09:03:24',10,NULL,10,'Visit least check.','All',NULL),(86,'physical','#9f63ed',3,NULL,'2024-05-28 09:03:24',12,'2024-05-28 09:03:25',10,'Character rule concern.','People',NULL),(87,'use','#8fb733',3,'2024-05-28 09:03:25','2024-05-28 09:03:24',32,'2024-05-28 09:03:25',17,'Return cut agent catch head.','All',NULL),(88,'trial','#3ae0ab',3,NULL,'2024-05-28 09:03:24',34,'2024-05-28 09:03:25',17,'Language magazine yard.','All',NULL),(89,'feeling','#80d64f',3,NULL,'2024-05-28 09:03:24',34,'2024-05-28 09:03:25',16,'Teacher best.','People',NULL),(90,'past','#f4ad81',3,NULL,'2024-05-28 09:03:24',16,NULL,16,'Admit couple visit.','All',NULL),(91,'career','#e580af',3,NULL,'2024-05-28 09:03:24',10,'2024-05-28 09:03:24',15,'Military threat control.','Stock',NULL),(92,'institution','#66f24b',3,NULL,'2024-05-28 09:03:24',15,NULL,15,'Base according.','All',NULL),(93,'throw','#9e0e45',3,NULL,'2024-05-28 09:03:24',18,NULL,18,'Project however space.','Stock',NULL),(94,'western','#abfcf3',3,NULL,'2024-05-28 09:03:24',10,'2024-05-28 09:03:25',32,'Tree rich talk.','People',NULL),(95,'late','#f2077c',3,NULL,'2024-05-28 09:03:24',18,'2024-05-28 09:03:25',32,'Page myself.','People',NULL),(96,'person','#0e8742',3,NULL,'2024-05-28 09:03:24',32,NULL,32,'Growth method red.','People',NULL),(97,'indeed','#bf93f2',3,NULL,'2024-05-28 09:03:24',18,NULL,18,'Particular common course.','Stock',NULL),(98,'energy','#c0ef92',3,'2024-05-28 09:03:25','2024-05-28 09:03:24',34,NULL,12,'Beat.','All',NULL),(99,'player','#71fc3f',3,NULL,'2024-05-28 09:03:24',17,'2024-05-28 09:03:25',16,'Identify bar.','All',NULL),(100,'tell','#e572d0',3,NULL,'2024-05-28 09:03:24',17,'2024-05-28 09:03:25',15,'Very serve strong.','People',NULL),(101,'turn','#b6e2f9',3,NULL,'2024-05-28 09:03:24',34,'2024-05-28 09:03:25',34,'None song drop build.','All',NULL),(102,'store','#ce7d4a',3,NULL,'2024-05-28 09:03:24',10,'2024-05-28 09:03:24',15,'Direction plant them.','People',NULL),(103,'wrong','#83aa0f',3,NULL,'2024-05-28 09:03:24',32,'2024-05-28 09:03:25',16,'Team fight.','All',NULL),(104,'recognize','#d86193',3,NULL,'2024-05-28 09:03:24',18,'2024-05-28 09:03:24',34,'Bed and.','People',NULL),(105,'daughter','#2cd302',4,NULL,'2024-05-28 09:03:25',37,'2024-05-28 09:03:25',41,'Role seek.','People',NULL),(106,'approach','#058c3d',4,NULL,'2024-05-28 09:03:25',18,'2024-05-28 09:03:25',10,'According better someone.','All',NULL),(107,'enter','#6b71c6',4,NULL,'2024-05-28 09:03:25',18,'2024-05-28 09:03:25',20,'Sea necessary practice.','People',NULL),(108,'perhaps','#1b05aa',4,NULL,'2024-05-28 09:03:25',19,'2024-05-28 09:03:26',10,'Weight.','People',NULL),(109,'exactly','#f4dda6',4,NULL,'2024-05-28 09:03:25',19,'2024-05-28 09:03:25',39,'Support hundred edge hand.','Stock',NULL),(110,'across','#70f731',4,NULL,'2024-05-28 09:03:25',40,'2024-05-28 09:03:25',37,'Me bit wall really.','People',NULL),(111,'local','#45efab',4,NULL,'2024-05-28 09:03:25',38,NULL,38,'Build indicate subject.','Stock',NULL),(112,'Republican','#ce970c',4,'2024-05-28 09:03:26','2024-05-28 09:03:25',40,'2024-05-28 09:03:26',37,'Early without.','People',NULL),(113,'security','#15afaa',4,NULL,'2024-05-28 09:03:25',18,'2024-05-28 09:03:25',10,'Almost money tonight test.','All',NULL),(114,'control','#81efce',4,NULL,'2024-05-28 09:03:25',20,'2024-05-28 09:03:26',41,'Once room.','All',NULL),(115,'something','#5e1b91',4,NULL,'2024-05-28 09:03:25',41,'2024-05-28 09:03:25',20,'Manager though seat.','People',NULL),(116,'discover','#ed68e2',4,'2024-05-28 09:03:26','2024-05-28 09:03:25',37,'2024-05-28 09:03:26',40,'Dream serious.','Stock',NULL),(117,'office','#6af5fc',4,NULL,'2024-05-28 09:03:25',18,NULL,18,'Actually culture.','Stock',NULL),(118,'whom','#ff4ff6',4,NULL,'2024-05-28 09:03:25',37,'2024-05-28 09:03:25',39,'Record test garden.','Stock',NULL),(119,'long','#e8b492',4,NULL,'2024-05-28 09:03:25',37,NULL,37,'Tend explain go.','People',NULL),(120,'west','#0376b5',4,NULL,'2024-05-28 09:03:25',19,'2024-05-28 09:03:25',41,'Certainly follow.','All',NULL),(121,'half','#9f83d3',4,NULL,'2024-05-28 09:03:25',10,'2024-05-28 09:03:25',40,'Tax any store hotel.','All',NULL),(122,'but','#554cd3',4,NULL,'2024-05-28 09:03:25',18,'2024-05-28 09:03:25',39,'On now boy.','People',NULL),(123,'hear','#323f91',4,NULL,'2024-05-28 09:03:25',37,'2024-05-28 09:03:25',19,'Son performance good live line.','People',NULL),(124,'coach','#f70018',4,NULL,'2024-05-28 09:03:25',19,'2024-05-28 09:03:25',19,'Bill tough possible fear.','Stock',NULL);
/*!40000 ALTER TABLE `tags` ENABLE KEYS */;
UNLOCK TABLES;

--
-- Table structure for table `tags_relations`
--

DROP TABLE IF EXISTS `tags_relations`;
/*!40101 SET @saved_cs_client     = @@character_set_client */;
/*!40101 SET character_set_client = utf8 */;
CREATE TABLE `tags_relations` (
  `object_id` int unsigned NOT NULL,
  `object_type` varchar(255) NOT NULL DEFAULT 'People',
  `tag_id` int unsigned NOT NULL,
  PRIMARY KEY (`object_id`,`tag_id`,`object_type`),
  KEY `tag_id` (`tag_id`),
  CONSTRAINT `tags_relations_ibfk_4` FOREIGN KEY (`tag_id`) REFERENCES `tags` (`id`) ON DELETE CASCADE ON UPDATE CASCADE
) ENGINE=InnoDB DEFAULT CHARSET=utf8;
/*!40101 SET character_set_client = @saved_cs_client */;

--
-- Dumping data for table `tags_relations`
--

LOCK TABLES `tags_relations` WRITE;
/*!40000 ALTER TABLE `tags_relations` DISABLE KEYS */;
INSERT INTO `tags_relations` VALUES (100000254,'Stock',45),(100000269,'Stock',45),(100000297,'Stock',45),(100000301,'Stock',45),(100000350,'Stock',45),(100000409,'Stock',45),(100000428,'Stock',45),(100000449,'Stock',45),(100000454,'Stock',45),(100000460,'Stock',45),(100000474,'Stock',45),(100000476,'Stock',45),(100000498,'Stock',45),(100000526,'Stock',45),(100000535,'Stock',45),(100000546,'Stock',45),(100000580,'Stock',45),(100000584,'Stock',45),(100000587,'Stock',45),(100000589,'Stock',45),(100000611,'Stock',45),(100000632,'Stock',45),(100000641,'Stock',45),(100000654,'Stock',45),(100000667,'Stock',45),(100000668,'Stock',45),(100000670,'Stock',45),(100000699,'Stock',45),(100000706,'Stock',45),(100000268,'Stock',46),(100000278,'Stock',46),(100000286,'Stock',46),(100000303,'Stock',46),(100000333,'Stock',46),(100000339,'Stock',46),(100000347,'Stock',46),(100000354,'Stock',46),(100000367,'Stock',46),(100000378,'Stock',46),(100000380,'Stock',46),(100000394,'Stock',46),(100000395,'Stock',46),(100000406,'Stock',46),(100000409,'Stock',46),(100000513,'Stock',46),(100000514,'Stock',46),(100000528,'Stock',46),(100000537,'Stock',46),(100000552,'Stock',46),(100000581,'Stock',46),(100000624,'Stock',46),(100000630,'Stock',46),(100000643,'Stock',46),(100000678,'Stock',46),(100000686,'Stock',46),(100000706,'Stock',46),(100000707,'Stock',46),(100000716,'Stock',46),(100000736,'Stock',46),(100000251,'Stock',47),(100000254,'Stock',47),(100000260,'Stock',47),(100000287,'Stock',47),(100000295,'Stock',47),(100000302,'Stock',47),(100000303,'Stock',47),(100000312,'Stock',47),(100000313,'Stock',47),(100000326,'Stock',47),(100000327,'Stock',47),(100000337,'Stock',47),(100000354,'Stock',47),(100000377,'Stock',47),(100000397,'Stock',47),(100000401,'Stock',47),(100000410,'Stock',47),(100000413,'Stock',47),(100000427,'Stock',47),(100000433,'Stock',47),(100000437,'Stock',47),(100000440,'Stock',47),(100000448,'Stock',47),(100000460,'Stock',47),(100000480,'Stock',47),(100000494,'People',47),(100000509,'People',47),(100000510,'People',47),(100000518,'People',47),(100000524,'People',47),(100000529,'People',47),(100000531,'People',47),(100000534,'People',47),(100000543,'Stock',47),(100000553,'People',47),(100000569,'Stock',47),(100000601,'Stock',47),(100000609,'Stock',47),(100000646,'Stock',47),(100000651,'Stock',47),(100000670,'Stock',47),(100000682,'Stock',47),(100000697,'Stock',47),(100000708,'Stock',47),(100000714,'Stock',47),(100000731,'Stock',47),(100000740,'Stock',47),(100000486,'People',48),(100000496,'People',48),(100000500,'People',48),(100000514,'People',48),(100000525,'People',48),(100000532,'People',48),(100000551,'People',48),(100000562,'People',48),(100000248,'Stock',51),(100000250,'Stock',51),(100000287,'Stock',51),(100000312,'Stock',51),(100000316,'Stock',51),(100000337,'Stock',51),(100000345,'Stock',51),(100000357,'Stock',51),(100000358,'Stock',51),(100000377,'Stock',51),(100000389,'Stock',51),(100000407,'Stock',51),(100000409,'Stock',51),(100000429,'Stock',51),(100000434,'Stock',51),(100000443,'Stock',51),(100000452,'Stock',51),(100000475,'Stock',51),(100000489,'Stock',51),(100000491,'Stock',51),(100000501,'Stock',51),(100000503,'Stock',51),(100000535,'Stock',51),(100000541,'Stock',51),(100000547,'Stock',51),(100000554,'Stock',51),(100000559,'Stock',51),(100000571,'Stock',51),(100000585,'Stock',51),(100000601,'Stock',51),(100000615,'Stock',51),(100000643,'Stock',51),(100000661,'Stock',51),(100000677,'Stock',51),(100000699,'Stock',51),(100000737,'Stock',51),(100000281,'Stock',52),(100000315,'Stock',52),(100000320,'Stock',52),(100000333,'Stock',52),(100000340,'Stock',52),(100000365,'Stock',52),(100000378,'Stock',52),(100000403,'Stock',52),(100000412,'Stock',52),(100000427,'Stock',52),(100000458,'Stock',52),(100000472,'Stock',52),(100000486,'Stock',52),(100000501,'Stock',52),(100000506,'Stock',52),(100000514,'Stock',52),(100000515,'Stock',52),(100000517,'Stock',52),(100000527,'Stock',52),(100000546,'Stock',52),(100000552,'Stock',52),(100000561,'Stock',52),(100000562,'Stock',52),(100000564,'Stock',52),(100000571,'Stock',52),(100000572,'Stock',52),(100000589,'Stock',52),(100000602,'Stock',52),(100000620,'Stock',52),(100000623,'Stock',52),(100000659,'Stock',52),(100000667,'Stock',52),(100000708,'Stock',52),(100000731,'Stock',52),(100000740,'Stock',52),(100000250,'Stock',53),(100000286,'Stock',53),(100000299,'Stock',53),(100000316,'Stock',53),(100000331,'Stock',53),(100000347,'Stock',53),(100000348,'Stock',53),(100000380,'Stock',53),(100000399,'Stock',53),(100000407,'Stock',53),(100000423,'Stock',53),(100000426,'Stock',53),(100000440,'Stock',53),(100000485,'Stock',53),(100000489,'Stock',53),(100000505,'Stock',53),(100000506,'Stock',53),(100000517,'Stock',53),(100000534,'Stock',53),(100000543,'Stock',53),(100000546,'Stock',53),(100000557,'Stock',53),(100000576,'Stock',53),(100000666,'Stock',53),(100000671,'Stock',53),(100000693,'Stock',53),(100000744,'Stock',53),(100000260,'Stock',54),(100000277,'Stock',54),(100000292,'Stock',54),(100000317,'Stock',54),(100000320,'Stock',54),(100000330,'Stock',54),(100000335,'Stock',54),(100000373,'Stock',54),(100000382,'Stock',54),(100000383,'Stock',54),(100000387,'Stock',54),(100000398,'Stock',54),(100000448,'Stock',54),(100000466,'Stock',54),(100000474,'Stock',54),(100000495,'Stock',54),(100000496,'Stock',54),(100000503,'Stock',54),(100000514,'Stock',54),(100000515,'Stock',54),(100000599,'Stock',54),(100000600,'Stock',54),(100000609,'Stock',54),(100000611,'Stock',54),(100000633,'Stock',54),(100000639,'Stock',54),(100000644,'Stock',54),(100000653,'Stock',54),(100000657,'Stock',54),(100000685,'Stock',54),(100000706,'Stock',54),(100000727,'Stock',54),(100000733,'Stock',54),(100000740,'Stock',54),(100000287,'Stock',55),(100000310,'Stock',55),(100000335,'Stock',55),(100000360,'Stock',55),(100000383,'Stock',55),(100000403,'Stock',55),(100000406,'Stock',55),(100000421,'Stock',55),(100000427,'Stock',55),(100000435,'Stock',55),(100000478,'Stock',55),(100000495,'Stock',55),(100000496,'Stock',55),(100000506,'Stock',55),(100000528,'Stock',55),(100000529,'Stock',55),(100000539,'Stock',55),(100000541,'Stock',55),(100000545,'Stock',55),(100000558,'Stock',55),(100000564,'Stock',55),(100000580,'Stock',55),(100000581,'Stock',55),(100000612,'Stock',55),(100000615,'Stock',55),(100000637,'Stock',55),(100000654,'Stock',55),(100000659,'Stock',55),(100000666,'Stock',55),(100000673,'Stock',55),(100000681,'Stock',55),(100000707,'Stock',55),(100000713,'Stock',55),(100000720,'Stock',55),(100000725,'Stock',55),(100000269,'Stock',56),(100000297,'Stock',56),(100000313,'Stock',56),(100000327,'Stock',56),(100000329,'Stock',56),(100000357,'Stock',56),(100000398,'Stock',56),(100000414,'Stock',56),(100000434,'Stock',56),(100000435,'Stock',56),(100000443,'Stock',56),(100000448,'Stock',56),(100000479,'Stock',56),(100000480,'Stock',56),(100000485,'Stock',56),(100000488,'Stock',56),(100000539,'Stock',56),(100000569,'Stock',56),(100000589,'Stock',56),(100000596,'Stock',56),(100000620,'Stock',56),(100000635,'Stock',56),(100000643,'Stock',56),(100000644,'Stock',56),(100000673,'Stock',56),(100000686,'Stock',56),(100000720,'Stock',56),(100000731,'Stock',56),(100000736,'Stock',56),(100000266,'Stock',57),(100000312,'Stock',57),(100000351,'Stock',57),(100000373,'Stock',57),(100000380,'Stock',57),(100000382,'Stock',57),(100000383,'Stock',57),(100000387,'Stock',57),(100000398,'Stock',57),(100000454,'Stock',57),(100000464,'Stock',57),(100000486,'Stock',57),(100000487,'Stock',57),(100000497,'People',57),(100000503,'Stock',57),(100000509,'People',57),(100000512,'People',57),(100000514,'People',57),(100000515,'Stock',57),(100000519,'Stock',57),(100000523,'People',57),(100000528,'Stock',57),(100000531,'People',57),(100000534,'People',57),(100000538,'People',57),(100000539,'Stock',57),(100000545,'Stock',57),(100000554,'Stock',57),(100000559,'People',57),(100000561,'People',57),(100000562,'Stock',57),(100000572,'Stock',57),(100000596,'Stock',57),(100000617,'Stock',57),(100000646,'Stock',57),(100000673,'Stock',57),(100000675,'Stock',57),(100000678,'Stock',57),(100000684,'Stock',57),(100000702,'Stock',57),(100000727,'Stock',57),(100000733,'Stock',57),(100000266,'Stock',58),(100000329,'Stock',58),(100000332,'Stock',58),(100000339,'Stock',58),(100000357,'Stock',58),(100000413,'Stock',58),(100000433,'Stock',58),(100000459,'Stock',58),(100000466,'Stock',58),(100000488,'Stock',58),(100000496,'Stock',58),(100000509,'People',58),(100000516,'People',58),(100000528,'People',58),(100000529,'People',58),(100000538,'People',58),(100000547,'Stock',58),(100000557,'Stock',58),(100000560,'People',58),(100000563,'People',58),(100000584,'People',58),(100000584,'Stock',58),(100000585,'People',58),(100000585,'Stock',58),(100000600,'Stock',58),(100000632,'Stock',58),(100000639,'Stock',58),(100000641,'Stock',58),(100000648,'Stock',58),(100000655,'Stock',58),(100000667,'Stock',58),(100000668,'Stock',58),(100000694,'Stock',58),(100000711,'Stock',58),(100000716,'Stock',58),(100000732,'Stock',58),(100000490,'People',59),(100000496,'People',59),(100000505,'People',59),(100000514,'People',59),(100000528,'People',59),(100000529,'People',59),(100000556,'People',59),(100000576,'People',59),(100000496,'People',60),(100000497,'People',60),(100000498,'People',60),(100000505,'People',60),(100000523,'People',60),(100000542,'People',60),(100000555,'People',60),(100000561,'People',60),(100000562,'People',60),(100000565,'People',60),(100000576,'People',60),(100000584,'People',60),(100000250,'Stock',61),(100000266,'Stock',61),(100000269,'Stock',61),(100000293,'Stock',61),(100000299,'Stock',61),(100000315,'Stock',61),(100000323,'Stock',61),(100000325,'Stock',61),(100000329,'Stock',61),(100000345,'Stock',61),(100000386,'Stock',61),(100000423,'Stock',61),(100000459,'Stock',61),(100000461,'Stock',61),(100000476,'Stock',61),(100000490,'People',61),(100000494,'People',61),(100000498,'People',61),(100000521,'People',61),(100000523,'People',61),(100000526,'Stock',61),(100000532,'People',61),(100000559,'People',61),(100000560,'People',61),(100000561,'People',61),(100000576,'Stock',61),(100000585,'People',61),(100000619,'Stock',61),(100000620,'Stock',61),(100000651,'Stock',61),(100000657,'Stock',61),(100000658,'Stock',61),(100000682,'Stock',61),(100000685,'Stock',61),(100000686,'Stock',61),(100000691,'Stock',61),(100000707,'Stock',61),(100000251,'Stock',62),(100000264,'Stock',62),(100000268,'Stock',62),(100000299,'Stock',62),(100000303,'Stock',62),(100000334,'Stock',62),(100000365,'Stock',62),(100000378,'Stock',62),(100000410,'Stock',62),(100000416,'Stock',62),(100000421,'Stock',62),(100000444,'Stock',62),(100000457,'Stock',62),(100000458,'Stock',62),(100000474,'Stock',62),(100000519,'Stock',62),(100000547,'Stock',62),(100000554,'Stock',62),(100000559,'Stock',62),(100000569,'Stock',62),(100000570,'Stock',62),(100000584,'Stock',62),(100000586,'Stock',62),(100000624,'Stock',62),(100000641,'Stock',62),(100000658,'Stock',62),(100000661,'Stock',62),(100000691,'Stock',62),(100000713,'Stock',62),(100000714,'Stock',62),(100000735,'Stock',62),(100000301,'Stock',63),(100000313,'Stock',63),(100000315,'Stock',63),(100000317,'Stock',63),(100000320,'Stock',63),(100000323,'Stock',63),(100000340,'Stock',63),(100000387,'Stock',63),(100000389,'Stock',63),(100000394,'Stock',63),(100000397,'Stock',63),(100000412,'Stock',63),(100000419,'Stock',63),(100000437,'Stock',63),(100000458,'Stock',63),(100000480,'Stock',63),(100000489,'People',63),(100000490,'Stock',63),(100000501,'People',63),(100000501,'Stock',63),(100000519,'Stock',63),(100000534,'Stock',63),(100000535,'People',63),(100000570,'Stock',63),(100000579,'People',63),(100000587,'Stock',63),(100000601,'Stock',63),(100000612,'Stock',63),(100000624,'Stock',63),(100000632,'Stock',63),(100000646,'Stock',63),(100000699,'Stock',63),(100000745,'Stock',63),(100000332,'Stock',64),(100000348,'Stock',64),(100000354,'Stock',64),(100000367,'Stock',64),(100000382,'Stock',64),(100000413,'Stock',64),(100000438,'Stock',64),(100000443,'Stock',64),(100000460,'Stock',64),(100000466,'Stock',64),(100000478,'Stock',64),(100000486,'Stock',64),(100000490,'People',64),(100000495,'Stock',64),(100000497,'People',64),(100000510,'People',64),(100000512,'People',64),(100000517,'Stock',64),(100000518,'People',64),(100000527,'Stock',64),(100000531,'People',64),(100000535,'People',64),(100000535,'Stock',64),(100000541,'Stock',64),(100000547,'People',64),(100000553,'People',64),(100000556,'People',64),(100000557,'Stock',64),(100000559,'Stock',64),(100000560,'People',64),(100000561,'Stock',64),(100000562,'Stock',64),(100000564,'Stock',64),(100000571,'Stock',64),(100000580,'People',64),(100000609,'Stock',64),(100000612,'Stock',64),(100000623,'Stock',64),(100000651,'Stock',64),(100000690,'Stock',64),(100000693,'Stock',64),(100000697,'Stock',64),(100000703,'Stock',64),(100000718,'Stock',64),(100000719,'Stock',64),(100000729,'Stock',64),(100000745,'Stock',64),(100000746,'Stock',64),(100000787,'People',65),(100000813,'People',65),(100000792,'People',66),(100000810,'People',66),(100000811,'People',66),(100000787,'People',67),(100000804,'People',67),(100000794,'People',68),(100000802,'People',68),(100000807,'People',68),(100000810,'People',68),(100000816,'People',68),(100000824,'People',68),(100000822,'People',69),(100000824,'People',69),(100000761,'Stock',70),(100000762,'Stock',70),(100000774,'Stock',70),(100000777,'Stock',70),(100000781,'Stock',70),(100000789,'People',70),(100000799,'Stock',70),(100000804,'Stock',70),(100000807,'People',70),(100000808,'People',70),(100000825,'Stock',70),(100000837,'Stock',70),(100000839,'Stock',70),(100000842,'Stock',70),(100000761,'Stock',72),(100000773,'Stock',72),(100000779,'Stock',72),(100000780,'Stock',72),(100000792,'Stock',72),(100000810,'Stock',72),(100000819,'Stock',72),(100000827,'Stock',72),(100000838,'Stock',72),(100000841,'Stock',72),(100000842,'Stock',72),(100000846,'Stock',72),(100000789,'People',73),(100000795,'People',73),(100000804,'People',73),(100000818,'People',73),(100000750,'Stock',74),(100000752,'Stock',74),(100000758,'Stock',74),(100000765,'Stock',74),(100000775,'Stock',74),(100000777,'Stock',74),(100000779,'Stock',74),(100000799,'Stock',74),(100000809,'Stock',74),(100000822,'People',74),(100000823,'People',74),(100000839,'Stock',74),(100000793,'People',75),(100000808,'People',75),(100000818,'People',75),(100000808,'People',77),(100000819,'People',77),(100000795,'People',78),(100000797,'People',78),(100000813,'People',78),(100000748,'Stock',79),(100000780,'Stock',79),(100000786,'Stock',79),(100000790,'Stock',79),(100000803,'Stock',79),(100000808,'Stock',79),(100000809,'Stock',79),(100000810,'Stock',79),(100000837,'Stock',79),(100000838,'Stock',79),(100000841,'Stock',79),(100000846,'Stock',79),(100000750,'Stock',80),(100000753,'Stock',80),(100000761,'Stock',80),(100000776,'Stock',80),(100000777,'Stock',80),(100000779,'Stock',80),(100000784,'Stock',80),(100000803,'Stock',80),(100000808,'Stock',80),(100000815,'People',80),(100000816,'People',80),(100000818,'People',80),(100000825,'Stock',80),(100000834,'Stock',80),(100000787,'People',81),(100000813,'People',81),(100000822,'People',81),(100000753,'Stock',82),(100000765,'Stock',82),(100000769,'Stock',82),(100000771,'Stock',82),(100000773,'Stock',82),(100000775,'Stock',82),(100000789,'People',82),(100000792,'Stock',82),(100000794,'People',82),(100000797,'People',82),(100000802,'Stock',82),(100000808,'Stock',82),(100000812,'People',82),(100000820,'Stock',82),(100000822,'Stock',82),(100000837,'Stock',82),(100000758,'Stock',83),(100000762,'Stock',83),(100000765,'Stock',83),(100000769,'Stock',83),(100000776,'Stock',83),(100000790,'Stock',83),(100000802,'Stock',83),(100000803,'Stock',83),(100000813,'Stock',83),(100000820,'Stock',83),(100000827,'Stock',83),(100000834,'Stock',83),(100000839,'Stock',83),(100000841,'Stock',83),(100000842,'Stock',83),(100000845,'Stock',83),(100000747,'Stock',84),(100000762,'Stock',84),(100000769,'Stock',84),(100000771,'Stock',84),(100000776,'Stock',84),(100000780,'Stock',84),(100000784,'Stock',84),(100000793,'Stock',84),(100000794,'Stock',84),(100000795,'Stock',84),(100000802,'Stock',84),(100000811,'Stock',84),(100000813,'Stock',84),(100000819,'Stock',84),(100000820,'Stock',84),(100000822,'Stock',84),(100000825,'Stock',84),(100000838,'Stock',84),(100000846,'Stock',84),(100000861,'Stock',85),(100000867,'People',85),(100000875,'People',85),(100000882,'People',85),(100000882,'Stock',85),(100000884,'Stock',85),(100000885,'People',85),(100000889,'People',85),(100000905,'People',85),(100000908,'Stock',85),(100000918,'Stock',85),(100000933,'Stock',85),(100000939,'Stock',85),(100000945,'Stock',85),(100000880,'People',86),(100000849,'Stock',88),(100000850,'Stock',88),(100000859,'Stock',88),(100000865,'Stock',88),(100000869,'People',88),(100000872,'Stock',88),(100000874,'Stock',88),(100000885,'Stock',88),(100000892,'People',88),(100000897,'Stock',88),(100000909,'Stock',88),(100000918,'Stock',88),(100000920,'Stock',88),(100000922,'Stock',88),(100000923,'Stock',88),(100000925,'Stock',88),(100000896,'People',89),(100000855,'Stock',90),(100000872,'People',90),(100000872,'Stock',90),(100000883,'Stock',90),(100000885,'Stock',90),(100000892,'People',90),(100000925,'Stock',90),(100000926,'Stock',90),(100000934,'Stock',90),(100000935,'Stock',90),(100000940,'Stock',90),(100000862,'Stock',91),(100000879,'Stock',91),(100000882,'Stock',91),(100000888,'Stock',91),(100000891,'Stock',91),(100000894,'Stock',91),(100000898,'Stock',91),(100000906,'Stock',91),(100000918,'Stock',91),(100000929,'Stock',91),(100000931,'Stock',91),(100000861,'Stock',92),(100000867,'People',92),(100000877,'Stock',92),(100000880,'Stock',92),(100000885,'Stock',92),(100000889,'Stock',92),(100000898,'Stock',92),(100000901,'People',92),(100000915,'Stock',92),(100000922,'Stock',92),(100000926,'Stock',92),(100000933,'Stock',92),(100000939,'Stock',92),(100000847,'Stock',93),(100000850,'Stock',93),(100000867,'Stock',93),(100000883,'Stock',93),(100000889,'Stock',93),(100000894,'Stock',93),(100000902,'Stock',93),(100000906,'Stock',93),(100000908,'Stock',93),(100000935,'Stock',93),(100000869,'People',95),(100000880,'People',95),(100000890,'People',95),(100000873,'People',96),(100000881,'People',96),(100000896,'People',96),(100000901,'People',96),(100000850,'Stock',97),(100000862,'Stock',97),(100000867,'Stock',97),(100000883,'Stock',97),(100000887,'Stock',97),(100000920,'Stock',97),(100000926,'Stock',97),(100000930,'Stock',97),(100000940,'Stock',97),(100000874,'People',99),(100000874,'Stock',99),(100000875,'People',99),(100000876,'People',99),(100000881,'People',99),(100000881,'Stock',99),(100000882,'Stock',99),(100000895,'Stock',99),(100000896,'People',99),(100000897,'Stock',99),(100000901,'People',99),(100000909,'Stock',99),(100000923,'Stock',99),(100000931,'Stock',99),(100000945,'Stock',99),(100000882,'People',100),(100000870,'Stock',101),(100000874,'People',101),(100000877,'People',101),(100000882,'People',101),(100000902,'Stock',101),(100000903,'Stock',101),(100000906,'Stock',101),(100000923,'Stock',101),(100000929,'Stock',101),(100000930,'Stock',101),(100000939,'Stock',101),(100000940,'Stock',101),(100000866,'People',102),(100000880,'People',102),(100000905,'People',102),(100000847,'Stock',103),(100000849,'Stock',103),(100000855,'Stock',103),(100000861,'Stock',103),(100000862,'Stock',103),(100000867,'People',103),(100000872,'Stock',103),(100000874,'Stock',103),(100000875,'People',103),(100000889,'People',103),(100000889,'Stock',103),(100000891,'Stock',103),(100000895,'People',103),(100000902,'Stock',103),(100000903,'Stock',103),(100000920,'Stock',103),(100000922,'Stock',103),(100000931,'Stock',103),(100000943,'Stock',103),(100000874,'People',104),(100000961,'Stock',106),(100000974,'Stock',106),(100000986,'Stock',106),(100000993,'Stock',106),(100001005,'Stock',106),(100000947,'Stock',109),(100000949,'Stock',109),(100000951,'Stock',109),(100000956,'Stock',109),(100000961,'Stock',109),(100000989,'Stock',109),(100000996,'Stock',109),(100001002,'Stock',109),(100001014,'Stock',109),(100001024,'Stock',109),(100001025,'Stock',109),(100001042,'Stock',109),(100000956,'Stock',111),(100000960,'Stock',111),(100000970,'Stock',111),(100000985,'Stock',111),(100001002,'Stock',111),(100001003,'Stock',111),(100001022,'Stock',111),(100000947,'Stock',113),(100000972,'Stock',113),(100000985,'Stock',113),(100000991,'Stock',113),(100000993,'Stock',113),(100001005,'Stock',113),(100001019,'Stock',113),(100001026,'Stock',113),(100001032,'Stock',113),(100001043,'Stock',113),(100000960,'Stock',114),(100000984,'Stock',114),(100000989,'Stock',114),(100000994,'Stock',114),(100001019,'Stock',114),(100001022,'Stock',114),(100001023,'Stock',114),(100001024,'Stock',114),(100001025,'Stock',114),(100001031,'Stock',114),(100001032,'Stock',114),(100001036,'Stock',114),(100001037,'Stock',114),(100000948,'Stock',117),(100000949,'Stock',117),(100000970,'Stock',117),(100000985,'Stock',117),(100000998,'Stock',117),(100001011,'Stock',117),(100001021,'Stock',117),(100000955,'Stock',118),(100000964,'Stock',118),(100000974,'Stock',118),(100000978,'Stock',118),(100001011,'Stock',118),(100001016,'Stock',118),(100001019,'Stock',118),(100001024,'Stock',118),(100001032,'Stock',118),(100001037,'Stock',118),(100001043,'Stock',118),(100001046,'Stock',118),(100000986,'Stock',120),(100001015,'Stock',120),(100001023,'Stock',120),(100001037,'Stock',120),(100001038,'Stock',120),(100000956,'Stock',121),(100000968,'Stock',121),(100000973,'Stock',121),(100000984,'Stock',121),(100001014,'Stock',121),(100001015,'Stock',121),(100001023,'Stock',121),(100001031,'Stock',121),(100001038,'Stock',121),(100001041,'Stock',121),(100001043,'Stock',121),(100000948,'Stock',124),(100000950,'Stock',124),(100000960,'Stock',124),(100000961,'Stock',124),(100000962,'Stock',124),(100000970,'Stock',124),(100000972,'Stock',124),(100000994,'Stock',124),(100001022,'Stock',124),(100001025,'Stock',124),(100001041,'Stock',124);
/*!40000 ALTER TABLE `tags_relations` ENABLE KEYS */;
UNLOCK TABLES;

--
-- Table structure for table `tipofday`
--

DROP TABLE IF EXISTS `tipofday`;
/*!40101 SET @saved_cs_client     = @@character_set_client */;
/*!40101 SET character_set_client = utf8 */;
CREATE TABLE `tipofday` (
  `id` int unsigned NOT NULL AUTO_INCREMENT,
  `title` varchar(255) DEFAULT NULL,
  `content` text,
  PRIMARY KEY (`id`)
) ENGINE=InnoDB AUTO_INCREMENT=7 DEFAULT CHARSET=utf8 ROW_FORMAT=DYNAMIC;
/*!40101 SET character_set_client = @saved_cs_client */;

--
-- Dumping data for table `tipofday`
--

LOCK TABLES `tipofday` WRITE;
/*!40000 ALTER TABLE `tipofday` DISABLE KEYS */;
INSERT INTO `tipofday` VALUES (1,'Sorting lists','Most lists can be sorted anyway you like. Just click on the column title to sort the table on that column. Clicking another time on the same column will reverse the sort order.'),(2,'Undo a purchase','If a customer decides not to buy something after you made the purchase: check the item in the list of purchases and hit the red \'Delete\' button.'),(3,'Changing the amount of tokens','If you want to change the amount of tokens of a family/beneficiary, for example because you changed the amount of family members, you find the people in the \'Check-in\' section of the site, click the checkbox next to the family/beneficiary name and hit the \'Give tokens\' button. <br /><br /> You can enter an amount to be added to the family/beneficiary as a whole or an amount for each adult or child. And ofcourse, you can also enter a negative number.'),(4,'Mobile','Did you know that this Drop Shop system works perfectly on most smartphones? Just open \'https://market.drapenihavet.no\' in your browser.'),(5,'Quick purchase','If you want to quickly submit a form you can simply use the \'cmd + enter\' or \'ctrl + enter\' shortcut!'),(6,'Sorting','Did you know you that in a list you can sort multiple columns simultaneously by holding down the Shift key and clicking a second, third or even fourth column header!');
/*!40000 ALTER TABLE `tipofday` ENABLE KEYS */;
UNLOCK TABLES;

--
-- Table structure for table `transactions`
--

DROP TABLE IF EXISTS `transactions`;
/*!40101 SET @saved_cs_client     = @@character_set_client */;
/*!40101 SET character_set_client = utf8 */;
CREATE TABLE `transactions` (
  `id` int unsigned NOT NULL AUTO_INCREMENT,
  `people_id` int unsigned DEFAULT NULL,
  `product_id` int unsigned DEFAULT NULL,
  `count` int NOT NULL,
  `description` varchar(255) NOT NULL,
  `drops` int NOT NULL DEFAULT '0',
  `transaction_date` datetime NOT NULL,
  `user_id` int unsigned DEFAULT NULL,
  `created` datetime DEFAULT NULL,
  `created_by` int unsigned DEFAULT NULL,
  `modified` datetime DEFAULT NULL,
  `modified_by` int unsigned DEFAULT NULL,
  PRIMARY KEY (`id`),
  KEY `people_id` (`people_id`),
  KEY `transaction_date` (`transaction_date`),
  KEY `created_by` (`created_by`),
  KEY `modified_by` (`modified_by`),
  KEY `user_id` (`user_id`),
  KEY `product_id` (`product_id`),
  CONSTRAINT `transactions_ibfk_10` FOREIGN KEY (`people_id`) REFERENCES `people` (`id`) ON DELETE SET NULL ON UPDATE CASCADE,
  CONSTRAINT `transactions_ibfk_11` FOREIGN KEY (`product_id`) REFERENCES `products` (`id`) ON UPDATE CASCADE,
  CONSTRAINT `transactions_ibfk_7` FOREIGN KEY (`created_by`) REFERENCES `cms_users` (`id`) ON DELETE SET NULL ON UPDATE CASCADE,
  CONSTRAINT `transactions_ibfk_8` FOREIGN KEY (`modified_by`) REFERENCES `cms_users` (`id`) ON DELETE SET NULL ON UPDATE CASCADE,
  CONSTRAINT `transactions_ibfk_9` FOREIGN KEY (`user_id`) REFERENCES `cms_users` (`id`) ON DELETE SET NULL ON UPDATE CASCADE
) ENGINE=InnoDB AUTO_INCREMENT=100002276 DEFAULT CHARSET=utf8 ROW_FORMAT=DYNAMIC;
/*!40101 SET character_set_client = @saved_cs_client */;

--
-- Dumping data for table `transactions`
--

LOCK TABLES `transactions` WRITE;
/*!40000 ALTER TABLE `transactions` DISABLE KEYS */;
INSERT INTO `transactions` VALUES (100000000,100000002,1158,0,'',2147483647,'2019-09-02 00:00:00',1,NULL,NULL,NULL,NULL),(100000001,100000003,1161,0,'',2147483647,'2019-09-02 00:00:00',1,NULL,NULL,NULL,NULL),(100000002,100000004,1162,0,'',2147483647,'2019-09-02 00:00:00',1,NULL,NULL,NULL,NULL),(100001891,100000486,NULL,0,'',1000,'2024-05-28 09:04:47',23,NULL,NULL,NULL,NULL),(100001892,100000486,1186,2,'',-80,'2024-05-28 09:04:47',7,NULL,NULL,NULL,NULL),(100001893,100000486,1199,4,'',-116,'2024-05-28 09:04:47',3,NULL,NULL,NULL,NULL),(100001894,100000486,1208,5,'',-385,'2024-05-28 09:04:47',9,NULL,NULL,NULL,NULL),(100001895,100000487,NULL,0,'',1000,'2024-05-28 09:04:47',8,NULL,NULL,NULL,NULL),(100001896,100000487,1184,3,'',-39,'2024-05-28 09:04:47',4,NULL,NULL,NULL,NULL),(100001897,100000487,1176,1,'',-17,'2024-05-28 09:04:47',24,NULL,NULL,NULL,NULL),(100001898,100000488,NULL,0,'',1000,'2024-05-28 09:04:47',2,NULL,NULL,NULL,NULL),(100001899,100000488,1195,4,'',-272,'2024-05-28 09:04:47',6,NULL,NULL,NULL,NULL),(100001900,100000488,1215,4,'',-200,'2024-05-28 09:04:47',5,NULL,NULL,NULL,NULL),(100001901,100000488,1204,2,'',-140,'2024-05-28 09:04:47',8,NULL,NULL,NULL,NULL),(100001902,100000488,1195,4,'',-272,'2024-05-28 09:04:47',8,NULL,NULL,NULL,NULL),(100001903,100000489,NULL,0,'',1000,'2024-05-28 09:04:47',24,NULL,NULL,NULL,NULL),(100001904,100000489,1191,4,'',-244,'2024-05-28 09:04:47',6,NULL,NULL,NULL,NULL),(100001905,100000489,1176,1,'',-17,'2024-05-28 09:04:47',2,NULL,NULL,NULL,NULL),(100001906,100000490,NULL,0,'',1000,'2024-05-28 09:04:47',24,NULL,NULL,NULL,NULL),(100001907,100000490,1183,1,'',-57,'2024-05-28 09:04:47',9,NULL,NULL,NULL,NULL),(100001908,100000491,NULL,0,'',1000,'2024-05-28 09:04:47',23,NULL,NULL,NULL,NULL),(100001909,100000491,1184,2,'',-26,'2024-05-28 09:04:47',24,NULL,NULL,NULL,NULL),(100001910,100000491,1192,4,'',-132,'2024-05-28 09:04:47',23,NULL,NULL,NULL,NULL),(100001911,100000491,1190,1,'',-17,'2024-05-28 09:04:47',23,NULL,NULL,NULL,NULL),(100001912,100000491,1191,5,'',-305,'2024-05-28 09:04:47',9,NULL,NULL,NULL,NULL),(100001913,100000492,NULL,0,'',1000,'2024-05-28 09:04:47',9,NULL,NULL,NULL,NULL),(100001914,100000492,1189,1,'',-28,'2024-05-28 09:04:47',23,NULL,NULL,NULL,NULL),(100001915,100000492,1213,2,'',-86,'2024-05-28 09:04:47',25,NULL,NULL,NULL,NULL),(100001916,100000493,NULL,0,'',1000,'2024-05-28 09:04:47',8,NULL,NULL,NULL,NULL),(100001917,100000494,NULL,0,'',1000,'2024-05-28 09:04:47',2,NULL,NULL,NULL,NULL),(100001918,100000494,1183,2,'',-114,'2024-05-28 09:04:47',9,NULL,NULL,NULL,NULL),(100001919,100000494,1185,3,'',-267,'2024-05-28 09:04:47',8,NULL,NULL,NULL,NULL),(100001920,100000494,1176,3,'',-51,'2024-05-28 09:04:47',25,NULL,NULL,NULL,NULL),(100001921,100000494,1168,1,'',-18,'2024-05-28 09:04:47',3,NULL,NULL,NULL,NULL),(100001922,100000495,NULL,0,'',1000,'2024-05-28 09:04:47',4,NULL,NULL,NULL,NULL),(100001923,100000495,1172,2,'',-142,'2024-05-28 09:04:47',5,NULL,NULL,NULL,NULL),(100001924,100000495,1186,4,'',-160,'2024-05-28 09:04:47',9,NULL,NULL,NULL,NULL),(100001925,100000495,1170,5,'',-495,'2024-05-28 09:04:47',2,NULL,NULL,NULL,NULL),(100001926,100000496,NULL,0,'',1000,'2024-05-28 09:04:47',3,NULL,NULL,NULL,NULL),(100001927,100000497,NULL,0,'',1000,'2024-05-28 09:04:47',6,NULL,NULL,NULL,NULL),(100001928,100000497,1188,2,'',-86,'2024-05-28 09:04:47',8,NULL,NULL,NULL,NULL),(100001929,100000497,1215,4,'',-200,'2024-05-28 09:04:47',23,NULL,NULL,NULL,NULL),(100001930,100000497,1198,5,'',-405,'2024-05-28 09:04:47',7,NULL,NULL,NULL,NULL),(100001931,100000498,NULL,0,'',1000,'2024-05-28 09:04:47',3,NULL,NULL,NULL,NULL),(100001932,100000499,NULL,0,'',1000,'2024-05-28 09:04:47',9,NULL,NULL,NULL,NULL),(100001933,100000499,1194,1,'',-30,'2024-05-28 09:04:47',5,NULL,NULL,NULL,NULL),(100001934,100000499,1203,1,'',-74,'2024-05-28 09:04:47',8,NULL,NULL,NULL,NULL),(100001935,100000499,1200,2,'',-8,'2024-05-28 09:04:47',23,NULL,NULL,NULL,NULL),(100001936,100000500,NULL,0,'',1000,'2024-05-28 09:04:47',2,NULL,NULL,NULL,NULL),(100001937,100000500,1195,4,'',-272,'2024-05-28 09:04:47',2,NULL,NULL,NULL,NULL),(100001938,100000500,1203,1,'',-74,'2024-05-28 09:04:47',25,NULL,NULL,NULL,NULL),(100001939,100000500,1203,4,'',-296,'2024-05-28 09:04:47',9,NULL,NULL,NULL,NULL),(100001940,100000501,NULL,0,'',1000,'2024-05-28 09:04:47',8,NULL,NULL,NULL,NULL),(100001941,100000501,1189,3,'',-84,'2024-05-28 09:04:47',4,NULL,NULL,NULL,NULL),(100001942,100000501,1179,3,'',-231,'2024-05-28 09:04:47',7,NULL,NULL,NULL,NULL),(100001943,100000501,1174,1,'',-5,'2024-05-28 09:04:47',4,NULL,NULL,NULL,NULL),(100001944,100000502,NULL,0,'',1000,'2024-05-28 09:04:47',7,NULL,NULL,NULL,NULL),(100001945,100000502,1177,3,'',-297,'2024-05-28 09:04:47',9,NULL,NULL,NULL,NULL),(100001946,100000502,1212,2,'',-56,'2024-05-28 09:04:47',9,NULL,NULL,NULL,NULL),(100001947,100000502,1183,1,'',-57,'2024-05-28 09:04:47',24,NULL,NULL,NULL,NULL),(100001948,100000502,1169,4,'',-224,'2024-05-28 09:04:47',9,NULL,NULL,NULL,NULL),(100001949,100000503,NULL,0,'',1000,'2024-05-28 09:04:47',24,NULL,NULL,NULL,NULL),(100001950,100000504,NULL,0,'',1000,'2024-05-28 09:04:47',4,NULL,NULL,NULL,NULL),(100001951,100000505,NULL,0,'',1000,'2024-05-28 09:04:47',7,NULL,NULL,NULL,NULL),(100001952,100000506,NULL,0,'',1000,'2024-05-28 09:04:47',6,NULL,NULL,NULL,NULL),(100001953,100000506,1180,3,'',-285,'2024-05-28 09:04:47',8,NULL,NULL,NULL,NULL),(100001954,100000506,1195,1,'',-68,'2024-05-28 09:04:47',25,NULL,NULL,NULL,NULL),(100001955,100000506,1208,2,'',-154,'2024-05-28 09:04:47',23,NULL,NULL,NULL,NULL),(100001956,100000507,NULL,0,'',1000,'2024-05-28 09:04:47',9,NULL,NULL,NULL,NULL),(100001957,100000508,NULL,0,'',1000,'2024-05-28 09:04:47',8,NULL,NULL,NULL,NULL),(100001958,100000508,1186,3,'',-120,'2024-05-28 09:04:47',2,NULL,NULL,NULL,NULL),(100001959,100000508,1200,2,'',-8,'2024-05-28 09:04:47',9,NULL,NULL,NULL,NULL),(100001960,100000508,1213,3,'',-129,'2024-05-28 09:04:47',23,NULL,NULL,NULL,NULL),(100001961,100000508,1167,4,'',-384,'2024-05-28 09:04:47',6,NULL,NULL,NULL,NULL),(100001962,100000509,NULL,0,'',1000,'2024-05-28 09:04:48',24,NULL,NULL,NULL,NULL),(100001963,100000510,NULL,0,'',1000,'2024-05-28 09:04:48',5,NULL,NULL,NULL,NULL),(100001964,100000511,NULL,0,'',1000,'2024-05-28 09:04:48',5,NULL,NULL,NULL,NULL),(100001965,100000511,1166,4,'',-44,'2024-05-28 09:04:48',25,NULL,NULL,NULL,NULL),(100001966,100000511,1173,3,'',-69,'2024-05-28 09:04:48',6,NULL,NULL,NULL,NULL),(100001967,100000511,1189,5,'',-140,'2024-05-28 09:04:48',9,NULL,NULL,NULL,NULL),(100001968,100000512,NULL,0,'',1000,'2024-05-28 09:04:48',23,NULL,NULL,NULL,NULL),(100001969,100000513,NULL,0,'',1000,'2024-05-28 09:04:48',3,NULL,NULL,NULL,NULL),(100001970,100000513,1190,2,'',-34,'2024-05-28 09:04:48',3,NULL,NULL,NULL,NULL),(100001971,100000513,1206,1,'',-93,'2024-05-28 09:04:48',9,NULL,NULL,NULL,NULL),(100001972,100000514,NULL,0,'',1000,'2024-05-28 09:04:48',9,NULL,NULL,NULL,NULL),(100001973,100000514,1196,2,'',-52,'2024-05-28 09:04:48',4,NULL,NULL,NULL,NULL),(100001974,100000514,1179,5,'',-385,'2024-05-28 09:04:48',23,NULL,NULL,NULL,NULL),(100001975,100000515,NULL,0,'',1000,'2024-05-28 09:04:48',24,NULL,NULL,NULL,NULL),(100001976,100000515,1188,4,'',-172,'2024-05-28 09:04:48',3,NULL,NULL,NULL,NULL),(100001977,100000515,1190,2,'',-34,'2024-05-28 09:04:48',9,NULL,NULL,NULL,NULL),(100001978,100000515,1197,3,'',-6,'2024-05-28 09:04:48',23,NULL,NULL,NULL,NULL),(100001979,100000516,NULL,0,'',1000,'2024-05-28 09:04:48',23,NULL,NULL,NULL,NULL),(100001980,100000517,NULL,0,'',1000,'2024-05-28 09:04:48',9,NULL,NULL,NULL,NULL),(100001981,100000517,1179,1,'',-77,'2024-05-28 09:04:48',2,NULL,NULL,NULL,NULL),(100001982,100000517,1197,2,'',-4,'2024-05-28 09:04:48',23,NULL,NULL,NULL,NULL),(100001983,100000517,1194,1,'',-30,'2024-05-28 09:04:48',23,NULL,NULL,NULL,NULL),(100001984,100000518,NULL,0,'',1000,'2024-05-28 09:04:48',3,NULL,NULL,NULL,NULL),(100001985,100000518,1186,5,'',-200,'2024-05-28 09:04:48',23,NULL,NULL,NULL,NULL),(100001986,100000519,NULL,0,'',1000,'2024-05-28 09:04:48',5,NULL,NULL,NULL,NULL),(100001987,100000519,1204,3,'',-210,'2024-05-28 09:04:48',24,NULL,NULL,NULL,NULL),(100001988,100000520,NULL,0,'',1000,'2024-05-28 09:04:48',24,NULL,NULL,NULL,NULL),(100001989,100000520,1212,1,'',-28,'2024-05-28 09:04:48',3,NULL,NULL,NULL,NULL),(100001990,100000520,1183,1,'',-57,'2024-05-28 09:04:48',25,NULL,NULL,NULL,NULL),(100001991,100000520,1185,4,'',-356,'2024-05-28 09:04:48',4,NULL,NULL,NULL,NULL),(100001992,100000520,1193,4,'',-368,'2024-05-28 09:04:48',8,NULL,NULL,NULL,NULL),(100001993,100000521,NULL,0,'',1000,'2024-05-28 09:04:48',7,NULL,NULL,NULL,NULL),(100001994,100000521,1213,1,'',-43,'2024-05-28 09:04:48',25,NULL,NULL,NULL,NULL),(100001995,100000522,NULL,0,'',1000,'2024-05-28 09:04:48',3,NULL,NULL,NULL,NULL),(100001996,100000522,1191,4,'',-244,'2024-05-28 09:04:48',23,NULL,NULL,NULL,NULL),(100001997,100000523,NULL,0,'',1000,'2024-05-28 09:04:48',4,NULL,NULL,NULL,NULL),(100001998,100000523,1170,1,'',-99,'2024-05-28 09:04:48',6,NULL,NULL,NULL,NULL),(100001999,100000523,1186,1,'',-40,'2024-05-28 09:04:48',6,NULL,NULL,NULL,NULL),(100002000,100000524,NULL,0,'',1000,'2024-05-28 09:04:48',6,NULL,NULL,NULL,NULL),(100002001,100000525,NULL,0,'',1000,'2024-05-28 09:04:48',2,NULL,NULL,NULL,NULL),(100002002,100000525,1214,5,'',-180,'2024-05-28 09:04:48',3,NULL,NULL,NULL,NULL),(100002003,100000525,1199,5,'',-145,'2024-05-28 09:04:48',6,NULL,NULL,NULL,NULL),(100002004,100000526,NULL,0,'',1000,'2024-05-28 09:04:48',24,NULL,NULL,NULL,NULL),(100002005,100000526,1196,5,'',-130,'2024-05-28 09:04:48',4,NULL,NULL,NULL,NULL),(100002006,100000526,1214,5,'',-180,'2024-05-28 09:04:48',4,NULL,NULL,NULL,NULL),(100002007,100000527,NULL,0,'',1000,'2024-05-28 09:04:48',7,NULL,NULL,NULL,NULL),(100002008,100000528,NULL,0,'',1000,'2024-05-28 09:04:48',24,NULL,NULL,NULL,NULL),(100002009,100000528,1186,5,'',-200,'2024-05-28 09:04:48',25,NULL,NULL,NULL,NULL),(100002010,100000528,1168,4,'',-72,'2024-05-28 09:04:48',7,NULL,NULL,NULL,NULL),(100002011,100000529,NULL,0,'',1000,'2024-05-28 09:04:48',5,NULL,NULL,NULL,NULL),(100002012,100000530,NULL,0,'',1000,'2024-05-28 09:04:48',5,NULL,NULL,NULL,NULL),(100002013,100000530,1203,5,'',-370,'2024-05-28 09:04:48',25,NULL,NULL,NULL,NULL),(100002014,100000531,NULL,0,'',1000,'2024-05-28 09:04:48',8,NULL,NULL,NULL,NULL),(100002015,100000531,1214,4,'',-144,'2024-05-28 09:04:48',7,NULL,NULL,NULL,NULL),(100002016,100000531,1209,3,'',-24,'2024-05-28 09:04:48',7,NULL,NULL,NULL,NULL),(100002017,100000532,NULL,0,'',1000,'2024-05-28 09:04:48',2,NULL,NULL,NULL,NULL),(100002018,100000533,NULL,0,'',1000,'2024-05-28 09:04:48',3,NULL,NULL,NULL,NULL),(100002019,100000533,1212,2,'',-56,'2024-05-28 09:04:48',5,NULL,NULL,NULL,NULL),(100002020,100000533,1189,2,'',-56,'2024-05-28 09:04:48',5,NULL,NULL,NULL,NULL),(100002021,100000533,1182,5,'',-240,'2024-05-28 09:04:48',23,NULL,NULL,NULL,NULL),(100002022,100000533,1203,5,'',-370,'2024-05-28 09:04:48',25,NULL,NULL,NULL,NULL),(100002023,100000534,NULL,0,'',1000,'2024-05-28 09:04:49',7,NULL,NULL,NULL,NULL),(100002024,100000534,1181,1,'',-52,'2024-05-28 09:04:49',6,NULL,NULL,NULL,NULL),(100002025,100000534,1189,1,'',-28,'2024-05-28 09:04:49',4,NULL,NULL,NULL,NULL),(100002026,100000534,1196,5,'',-130,'2024-05-28 09:04:49',24,NULL,NULL,NULL,NULL),(100002027,100000534,1179,5,'',-385,'2024-05-28 09:04:49',8,NULL,NULL,NULL,NULL),(100002028,100000535,NULL,0,'',1000,'2024-05-28 09:04:49',6,NULL,NULL,NULL,NULL),(100002029,100000535,1203,4,'',-296,'2024-05-28 09:04:49',23,NULL,NULL,NULL,NULL),(100002030,100000535,1195,3,'',-204,'2024-05-28 09:04:49',6,NULL,NULL,NULL,NULL),(100002031,100000535,1190,1,'',-17,'2024-05-28 09:04:49',25,NULL,NULL,NULL,NULL),(100002032,100000536,NULL,0,'',1000,'2024-05-28 09:04:49',4,NULL,NULL,NULL,NULL),(100002033,100000536,1214,4,'',-144,'2024-05-28 09:04:49',2,NULL,NULL,NULL,NULL),(100002034,100000536,1188,2,'',-86,'2024-05-28 09:04:49',24,NULL,NULL,NULL,NULL),(100002035,100000536,1199,1,'',-29,'2024-05-28 09:04:49',25,NULL,NULL,NULL,NULL),(100002036,100000538,NULL,0,'',1000,'2024-05-28 09:04:49',23,NULL,NULL,NULL,NULL),(100002037,100000538,1188,5,'',-215,'2024-05-28 09:04:49',7,NULL,NULL,NULL,NULL),(100002038,100000538,1207,1,'',-8,'2024-05-28 09:04:49',9,NULL,NULL,NULL,NULL),(100002039,100000540,NULL,0,'',1000,'2024-05-28 09:04:49',25,NULL,NULL,NULL,NULL),(100002040,100000540,1212,3,'',-84,'2024-05-28 09:04:49',7,NULL,NULL,NULL,NULL),(100002041,100000540,1171,4,'',-360,'2024-05-28 09:04:49',24,NULL,NULL,NULL,NULL),(100002042,100000540,1168,3,'',-54,'2024-05-28 09:04:49',8,NULL,NULL,NULL,NULL),(100002043,100000540,1211,2,'',-150,'2024-05-28 09:04:49',8,NULL,NULL,NULL,NULL),(100002044,100000542,NULL,0,'',1000,'2024-05-28 09:04:49',25,NULL,NULL,NULL,NULL),(100002045,100000544,NULL,0,'',1000,'2024-05-28 09:04:49',9,NULL,NULL,NULL,NULL),(100002046,100000544,1193,5,'',-460,'2024-05-28 09:04:49',25,NULL,NULL,NULL,NULL),(100002047,100000544,1185,4,'',-356,'2024-05-28 09:04:49',2,NULL,NULL,NULL,NULL),(100002048,100000546,NULL,0,'',1000,'2024-05-28 09:04:49',9,NULL,NULL,NULL,NULL),(100002049,100000546,1211,1,'',-75,'2024-05-28 09:04:49',24,NULL,NULL,NULL,NULL),(100002050,100000548,NULL,0,'',1000,'2024-05-28 09:04:49',3,NULL,NULL,NULL,NULL),(100002051,100000548,1180,2,'',-190,'2024-05-28 09:04:49',24,NULL,NULL,NULL,NULL),(100002052,100000548,1207,1,'',-8,'2024-05-28 09:04:49',23,NULL,NULL,NULL,NULL),(100002053,100000548,1167,4,'',-384,'2024-05-28 09:04:49',24,NULL,NULL,NULL,NULL),(100002054,100000548,1204,4,'',-280,'2024-05-28 09:04:49',24,NULL,NULL,NULL,NULL),(100002055,100000550,NULL,0,'',1000,'2024-05-28 09:04:49',8,NULL,NULL,NULL,NULL),(100002056,100000550,1173,3,'',-69,'2024-05-28 09:04:49',24,NULL,NULL,NULL,NULL),(100002057,100000552,NULL,0,'',1000,'2024-05-28 09:04:49',6,NULL,NULL,NULL,NULL),(100002058,100000552,1202,1,'',-62,'2024-05-28 09:04:49',2,NULL,NULL,NULL,NULL),(100002059,100000552,1192,3,'',-99,'2024-05-28 09:04:49',7,NULL,NULL,NULL,NULL),(100002060,100000554,NULL,0,'',1000,'2024-05-28 09:04:49',4,NULL,NULL,NULL,NULL),(100002061,100000554,1167,3,'',-288,'2024-05-28 09:04:49',2,NULL,NULL,NULL,NULL),(100002062,100000554,1199,5,'',-145,'2024-05-28 09:04:49',24,NULL,NULL,NULL,NULL),(100002063,100000556,NULL,0,'',1000,'2024-05-28 09:04:49',7,NULL,NULL,NULL,NULL),(100002064,100000556,1168,5,'',-90,'2024-05-28 09:04:49',6,NULL,NULL,NULL,NULL),(100002065,100000558,NULL,0,'',1000,'2024-05-28 09:04:49',25,NULL,NULL,NULL,NULL),(100002066,100000558,1186,2,'',-80,'2024-05-28 09:04:49',25,NULL,NULL,NULL,NULL),(100002067,100000558,1185,3,'',-267,'2024-05-28 09:04:49',3,NULL,NULL,NULL,NULL),(100002068,100000560,NULL,0,'',1000,'2024-05-28 09:04:49',6,NULL,NULL,NULL,NULL),(100002069,100000560,1203,4,'',-296,'2024-05-28 09:04:49',8,NULL,NULL,NULL,NULL),(100002070,100000562,NULL,0,'',1000,'2024-05-28 09:04:49',24,NULL,NULL,NULL,NULL),(100002071,100000562,1187,3,'',-18,'2024-05-28 09:04:49',2,NULL,NULL,NULL,NULL),(100002072,100000564,NULL,0,'',1000,'2024-05-28 09:04:49',5,NULL,NULL,NULL,NULL),(100002073,100000564,1191,4,'',-244,'2024-05-28 09:04:49',7,NULL,NULL,NULL,NULL),(100002074,100000566,NULL,0,'',1000,'2024-05-28 09:04:49',25,NULL,NULL,NULL,NULL),(100002075,100000566,1188,1,'',-43,'2024-05-28 09:04:49',6,NULL,NULL,NULL,NULL),(100002076,100000566,1178,5,'',-150,'2024-05-28 09:04:49',24,NULL,NULL,NULL,NULL),(100002077,100000568,NULL,0,'',1000,'2024-05-28 09:04:49',23,NULL,NULL,NULL,NULL),(100002078,100000568,1186,1,'',-40,'2024-05-28 09:04:49',25,NULL,NULL,NULL,NULL),(100002079,100000570,NULL,0,'',1000,'2024-05-28 09:04:49',8,NULL,NULL,NULL,NULL),(100002080,100000570,1201,2,'',-166,'2024-05-28 09:04:49',7,NULL,NULL,NULL,NULL),(100002081,100000570,1205,2,'',-20,'2024-05-28 09:04:49',25,NULL,NULL,NULL,NULL),(100002082,100000570,1176,3,'',-51,'2024-05-28 09:04:49',7,NULL,NULL,NULL,NULL),(100002083,100000570,1175,2,'',-40,'2024-05-28 09:04:49',7,NULL,NULL,NULL,NULL),(100002084,100000572,NULL,0,'',1000,'2024-05-28 09:04:49',3,NULL,NULL,NULL,NULL),(100002085,100000572,1173,3,'',-69,'2024-05-28 09:04:49',7,NULL,NULL,NULL,NULL),(100002086,100000574,NULL,0,'',1000,'2024-05-28 09:04:49',5,NULL,NULL,NULL,NULL),(100002087,100000576,NULL,0,'',1000,'2024-05-28 09:04:49',8,NULL,NULL,NULL,NULL),(100002088,100000576,1171,3,'',-270,'2024-05-28 09:04:49',7,NULL,NULL,NULL,NULL),(100002089,100000576,1167,3,'',-288,'2024-05-28 09:04:49',5,NULL,NULL,NULL,NULL),(100002090,100000576,1206,3,'',-279,'2024-05-28 09:04:49',9,NULL,NULL,NULL,NULL),(100002091,100000578,NULL,0,'',1000,'2024-05-28 09:04:49',8,NULL,NULL,NULL,NULL),(100002092,100000580,NULL,0,'',1000,'2024-05-28 09:04:49',24,NULL,NULL,NULL,NULL),(100002093,100000580,1206,3,'',-279,'2024-05-28 09:04:49',2,NULL,NULL,NULL,NULL),(100002094,100000580,1170,4,'',-396,'2024-05-28 09:04:49',23,NULL,NULL,NULL,NULL),(100002095,100000580,1200,2,'',-8,'2024-05-28 09:04:49',2,NULL,NULL,NULL,NULL),(100002096,100000582,NULL,0,'',1000,'2024-05-28 09:04:49',6,NULL,NULL,NULL,NULL),(100002097,100000582,1169,5,'',-280,'2024-05-28 09:04:49',9,NULL,NULL,NULL,NULL),(100002098,100000582,1182,4,'',-192,'2024-05-28 09:04:49',5,NULL,NULL,NULL,NULL),(100002099,100000582,1200,1,'',-4,'2024-05-28 09:04:49',9,NULL,NULL,NULL,NULL),(100002100,100000584,NULL,0,'',1000,'2024-05-28 09:04:50',8,NULL,NULL,NULL,NULL),(100002101,100000584,1211,5,'',-375,'2024-05-28 09:04:50',9,NULL,NULL,NULL,NULL),(100002102,100000584,1213,5,'',-215,'2024-05-28 09:04:50',23,NULL,NULL,NULL,NULL),(100002103,100000786,NULL,0,'',1000,'2024-05-28 09:04:50',33,NULL,NULL,NULL,NULL),(100002104,100000786,1256,1,'',-58,'2024-05-28 09:04:50',33,NULL,NULL,NULL,NULL),(100002105,100000786,1234,1,'',-69,'2024-05-28 09:04:50',15,NULL,NULL,NULL,NULL),(100002106,100000786,1252,1,'',-2,'2024-05-28 09:04:50',16,NULL,NULL,NULL,NULL),(100002107,100000787,NULL,0,'',1000,'2024-05-28 09:04:50',18,NULL,NULL,NULL,NULL),(100002108,100000787,1264,1,'',-37,'2024-05-28 09:04:50',17,NULL,NULL,NULL,NULL),(100002109,100000787,1221,5,'',-300,'2024-05-28 09:04:50',17,NULL,NULL,NULL,NULL),(100002110,100000787,1228,5,'',-70,'2024-05-28 09:04:50',18,NULL,NULL,NULL,NULL),(100002111,100000787,1217,1,'',-48,'2024-05-28 09:04:50',15,NULL,NULL,NULL,NULL),(100002112,100000788,NULL,0,'',1000,'2024-05-28 09:04:50',11,NULL,NULL,NULL,NULL),(100002113,100000788,1236,3,'',-144,'2024-05-28 09:04:50',17,NULL,NULL,NULL,NULL),(100002114,100000788,1265,2,'',-84,'2024-05-28 09:04:50',16,NULL,NULL,NULL,NULL),(100002115,100000789,NULL,0,'',1000,'2024-05-28 09:04:50',16,NULL,NULL,NULL,NULL),(100002116,100000789,1220,5,'',-360,'2024-05-28 09:04:50',18,NULL,NULL,NULL,NULL),(100002117,100000790,NULL,0,'',1000,'2024-05-28 09:04:50',11,NULL,NULL,NULL,NULL),(100002118,100000790,1253,5,'',-25,'2024-05-28 09:04:50',33,NULL,NULL,NULL,NULL),(100002119,100000790,1257,2,'',-138,'2024-05-28 09:04:50',15,NULL,NULL,NULL,NULL),(100002120,100000790,1238,1,'',-42,'2024-05-28 09:04:50',31,NULL,NULL,NULL,NULL),(100002121,100000791,NULL,0,'',1000,'2024-05-28 09:04:50',11,NULL,NULL,NULL,NULL),(100002122,100000791,1251,5,'',-110,'2024-05-28 09:04:50',31,NULL,NULL,NULL,NULL),(100002123,100000791,1256,2,'',-116,'2024-05-28 09:04:50',11,NULL,NULL,NULL,NULL),(100002124,100000792,NULL,0,'',1000,'2024-05-28 09:04:50',33,NULL,NULL,NULL,NULL),(100002125,100000792,1264,1,'',-37,'2024-05-28 09:04:50',33,NULL,NULL,NULL,NULL),(100002126,100000793,NULL,0,'',1000,'2024-05-28 09:04:50',15,NULL,NULL,NULL,NULL),(100002127,100000793,1260,1,'',0,'2024-05-28 09:04:50',11,NULL,NULL,NULL,NULL),(100002128,100000793,1260,2,'',0,'2024-05-28 09:04:50',18,NULL,NULL,NULL,NULL),(100002129,100000794,NULL,0,'',1000,'2024-05-28 09:04:50',15,NULL,NULL,NULL,NULL),(100002130,100000794,1250,5,'',-105,'2024-05-28 09:04:50',31,NULL,NULL,NULL,NULL),(100002131,100000795,NULL,0,'',1000,'2024-05-28 09:04:50',18,NULL,NULL,NULL,NULL),(100002132,100000795,1226,4,'',-140,'2024-05-28 09:04:50',33,NULL,NULL,NULL,NULL),(100002133,100000795,1255,1,'',-80,'2024-05-28 09:04:50',15,NULL,NULL,NULL,NULL),(100002134,100000795,1258,2,'',-128,'2024-05-28 09:04:50',31,NULL,NULL,NULL,NULL),(100002135,100000795,1226,2,'',-70,'2024-05-28 09:04:50',16,NULL,NULL,NULL,NULL),(100002136,100000796,NULL,0,'',1000,'2024-05-28 09:04:50',11,NULL,NULL,NULL,NULL),(100002137,100000796,1227,3,'',-135,'2024-05-28 09:04:50',17,NULL,NULL,NULL,NULL),(100002138,100000796,1229,5,'',-405,'2024-05-28 09:04:50',11,NULL,NULL,NULL,NULL),(100002139,100000796,1233,4,'',-296,'2024-05-28 09:04:50',17,NULL,NULL,NULL,NULL),(100002140,100000796,1260,4,'',0,'2024-05-28 09:04:50',17,NULL,NULL,NULL,NULL),(100002141,100000797,NULL,0,'',1000,'2024-05-28 09:04:50',10,NULL,NULL,NULL,NULL),(100002142,100000797,1220,3,'',-216,'2024-05-28 09:04:50',15,NULL,NULL,NULL,NULL),(100002143,100000798,NULL,0,'',1000,'2024-05-28 09:04:50',31,NULL,NULL,NULL,NULL),(100002144,100000798,1260,5,'',0,'2024-05-28 09:04:50',33,NULL,NULL,NULL,NULL),(100002145,100000799,NULL,0,'',1000,'2024-05-28 09:04:50',10,NULL,NULL,NULL,NULL),(100002146,100000800,NULL,0,'',1000,'2024-05-28 09:04:50',31,NULL,NULL,NULL,NULL),(100002147,100000800,1253,1,'',-5,'2024-05-28 09:04:50',18,NULL,NULL,NULL,NULL),(100002148,100000801,NULL,0,'',1000,'2024-05-28 09:04:50',16,NULL,NULL,NULL,NULL),(100002149,100000802,NULL,0,'',1000,'2024-05-28 09:04:50',10,NULL,NULL,NULL,NULL),(100002150,100000802,1244,3,'',-297,'2024-05-28 09:04:50',17,NULL,NULL,NULL,NULL),(100002151,100000802,1230,3,'',-297,'2024-05-28 09:04:50',11,NULL,NULL,NULL,NULL),(100002152,100000803,NULL,0,'',1000,'2024-05-28 09:04:50',33,NULL,NULL,NULL,NULL),(100002153,100000803,1249,4,'',-88,'2024-05-28 09:04:50',15,NULL,NULL,NULL,NULL),(100002154,100000803,1265,5,'',-210,'2024-05-28 09:04:50',31,NULL,NULL,NULL,NULL),(100002155,100000803,1259,1,'',-70,'2024-05-28 09:04:50',16,NULL,NULL,NULL,NULL),(100002156,100000804,NULL,0,'',1000,'2024-05-28 09:04:50',10,NULL,NULL,NULL,NULL),(100002157,100000804,1251,1,'',-22,'2024-05-28 09:04:50',17,NULL,NULL,NULL,NULL),(100002158,100000804,1226,5,'',-175,'2024-05-28 09:04:50',11,NULL,NULL,NULL,NULL),(100002159,100000805,NULL,0,'',1000,'2024-05-28 09:04:50',16,NULL,NULL,NULL,NULL),(100002160,100000805,1239,3,'',-189,'2024-05-28 09:04:50',15,NULL,NULL,NULL,NULL),(100002161,100000806,NULL,0,'',1000,'2024-05-28 09:04:50',17,NULL,NULL,NULL,NULL),(100002162,100000806,1251,3,'',-66,'2024-05-28 09:04:50',33,NULL,NULL,NULL,NULL),(100002163,100000806,1237,3,'',-21,'2024-05-28 09:04:50',15,NULL,NULL,NULL,NULL),(100002164,100000806,1230,3,'',-297,'2024-05-28 09:04:50',15,NULL,NULL,NULL,NULL),(100002165,100000808,NULL,0,'',1000,'2024-05-28 09:04:50',15,NULL,NULL,NULL,NULL),(100002166,100000808,1252,5,'',-10,'2024-05-28 09:04:50',33,NULL,NULL,NULL,NULL),(100002167,100000808,1253,5,'',-25,'2024-05-28 09:04:50',31,NULL,NULL,NULL,NULL),(100002168,100000810,NULL,0,'',1000,'2024-05-28 09:04:50',31,NULL,NULL,NULL,NULL),(100002169,100000810,1254,5,'',-210,'2024-05-28 09:04:50',16,NULL,NULL,NULL,NULL),(100002170,100000810,1242,4,'',-200,'2024-05-28 09:04:50',11,NULL,NULL,NULL,NULL),(100002171,100000812,NULL,0,'',1000,'2024-05-28 09:04:50',16,NULL,NULL,NULL,NULL),(100002172,100000812,1255,5,'',-400,'2024-05-28 09:04:50',17,NULL,NULL,NULL,NULL),(100002173,100000814,NULL,0,'',1000,'2024-05-28 09:04:50',31,NULL,NULL,NULL,NULL),(100002174,100000814,1251,4,'',-88,'2024-05-28 09:04:50',11,NULL,NULL,NULL,NULL),(100002175,100000814,1249,4,'',-88,'2024-05-28 09:04:50',17,NULL,NULL,NULL,NULL),(100002176,100000814,1257,2,'',-138,'2024-05-28 09:04:50',15,NULL,NULL,NULL,NULL),(100002177,100000816,NULL,0,'',1000,'2024-05-28 09:04:50',16,NULL,NULL,NULL,NULL),(100002178,100000816,1254,3,'',-126,'2024-05-28 09:04:50',17,NULL,NULL,NULL,NULL),(100002179,100000818,NULL,0,'',1000,'2024-05-28 09:04:50',16,NULL,NULL,NULL,NULL),(100002180,100000818,1258,4,'',-256,'2024-05-28 09:04:50',17,NULL,NULL,NULL,NULL),(100002181,100000818,1223,4,'',-376,'2024-05-28 09:04:50',18,NULL,NULL,NULL,NULL),(100002182,100000820,NULL,0,'',1000,'2024-05-28 09:04:50',11,NULL,NULL,NULL,NULL),(100002183,100000820,1244,4,'',-396,'2024-05-28 09:04:50',10,NULL,NULL,NULL,NULL),(100002184,100000822,NULL,0,'',1000,'2024-05-28 09:04:50',11,NULL,NULL,NULL,NULL),(100002185,100000822,1238,3,'',-126,'2024-05-28 09:04:50',11,NULL,NULL,NULL,NULL),(100002186,100000822,1224,2,'',-34,'2024-05-28 09:04:50',17,NULL,NULL,NULL,NULL),(100002187,100000822,1246,1,'',-89,'2024-05-28 09:04:51',31,NULL,NULL,NULL,NULL),(100002188,100000824,NULL,0,'',1000,'2024-05-28 09:04:51',18,NULL,NULL,NULL,NULL),(100002189,100000824,1226,5,'',-175,'2024-05-28 09:04:51',11,NULL,NULL,NULL,NULL),(100002190,100000824,1250,5,'',-105,'2024-05-28 09:04:51',33,NULL,NULL,NULL,NULL),(100002191,100000824,1217,4,'',-192,'2024-05-28 09:04:51',11,NULL,NULL,NULL,NULL),(100002192,100000866,NULL,0,'',1000,'2024-05-28 09:04:51',18,NULL,NULL,NULL,NULL),(100002193,100000866,1293,2,'',-2,'2024-05-28 09:04:51',17,NULL,NULL,NULL,NULL),(100002194,100000866,1273,4,'',-144,'2024-05-28 09:04:51',12,NULL,NULL,NULL,NULL),(100002195,100000866,1278,1,'',-33,'2024-05-28 09:04:51',16,NULL,NULL,NULL,NULL),(100002196,100000867,NULL,0,'',1000,'2024-05-28 09:04:51',34,NULL,NULL,NULL,NULL),(100002197,100000867,1286,5,'',-120,'2024-05-28 09:04:51',15,NULL,NULL,NULL,NULL),(100002198,100000867,1291,5,'',-185,'2024-05-28 09:04:51',34,NULL,NULL,NULL,NULL),(100002199,100000867,1290,5,'',-415,'2024-05-28 09:04:51',32,NULL,NULL,NULL,NULL),(100002200,100000868,NULL,0,'',1000,'2024-05-28 09:04:51',18,NULL,NULL,NULL,NULL),(100002201,100000868,1272,3,'',-186,'2024-05-28 09:04:51',12,NULL,NULL,NULL,NULL),(100002202,100000869,NULL,0,'',1000,'2024-05-28 09:04:51',10,NULL,NULL,NULL,NULL),(100002203,100000869,1275,2,'',-154,'2024-05-28 09:04:51',17,NULL,NULL,NULL,NULL),(100002204,100000870,NULL,0,'',1000,'2024-05-28 09:04:51',15,NULL,NULL,NULL,NULL),(100002205,100000870,1314,4,'',-60,'2024-05-28 09:04:51',17,NULL,NULL,NULL,NULL),(100002206,100000871,NULL,0,'',1000,'2024-05-28 09:04:51',12,NULL,NULL,NULL,NULL),(100002207,100000871,1312,4,'',-364,'2024-05-28 09:04:51',15,NULL,NULL,NULL,NULL),(100002208,100000871,1316,3,'',-186,'2024-05-28 09:04:51',17,NULL,NULL,NULL,NULL),(100002209,100000872,NULL,0,'',1000,'2024-05-28 09:04:51',12,NULL,NULL,NULL,NULL),(100002210,100000872,1308,5,'',-360,'2024-05-28 09:04:51',32,NULL,NULL,NULL,NULL),(100002211,100000872,1299,2,'',-138,'2024-05-28 09:04:51',10,NULL,NULL,NULL,NULL),(100002212,100000872,1292,1,'',-99,'2024-05-28 09:04:51',32,NULL,NULL,NULL,NULL),(100002213,100000872,1301,1,'',-80,'2024-05-28 09:04:51',17,NULL,NULL,NULL,NULL),(100002214,100000873,NULL,0,'',1000,'2024-05-28 09:04:51',17,NULL,NULL,NULL,NULL),(100002215,100000873,1287,2,'',-134,'2024-05-28 09:04:51',18,NULL,NULL,NULL,NULL),(100002216,100000873,1308,3,'',-216,'2024-05-28 09:04:51',16,NULL,NULL,NULL,NULL),(100002217,100000873,1293,4,'',-4,'2024-05-28 09:04:51',10,NULL,NULL,NULL,NULL),(100002218,100000873,1291,1,'',-37,'2024-05-28 09:04:51',16,NULL,NULL,NULL,NULL),(100002219,100000874,NULL,0,'',1000,'2024-05-28 09:04:51',18,NULL,NULL,NULL,NULL),(100002220,100000874,1282,3,'',-78,'2024-05-28 09:04:51',34,NULL,NULL,NULL,NULL),(100002221,100000874,1283,1,'',-21,'2024-05-28 09:04:51',34,NULL,NULL,NULL,NULL),(100002222,100000875,NULL,0,'',1000,'2024-05-28 09:04:51',12,NULL,NULL,NULL,NULL),(100002223,100000875,1316,3,'',-186,'2024-05-28 09:04:51',34,NULL,NULL,NULL,NULL),(100002224,100000875,1269,5,'',-245,'2024-05-28 09:04:51',32,NULL,NULL,NULL,NULL),(100002225,100000875,1279,2,'',-106,'2024-05-28 09:04:51',16,NULL,NULL,NULL,NULL),(100002226,100000875,1312,2,'',-182,'2024-05-28 09:04:51',16,NULL,NULL,NULL,NULL),(100002227,100000876,NULL,0,'',1000,'2024-05-28 09:04:51',15,NULL,NULL,NULL,NULL),(100002228,100000877,NULL,0,'',1000,'2024-05-28 09:04:51',32,NULL,NULL,NULL,NULL),(100002229,100000878,NULL,0,'',1000,'2024-05-28 09:04:51',17,NULL,NULL,NULL,NULL),(100002230,100000878,1299,5,'',-345,'2024-05-28 09:04:51',16,NULL,NULL,NULL,NULL),(100002231,100000879,NULL,0,'',1000,'2024-05-28 09:04:51',10,NULL,NULL,NULL,NULL),(100002232,100000880,NULL,0,'',1000,'2024-05-28 09:04:51',32,NULL,NULL,NULL,NULL),(100002233,100000880,1296,3,'',-3,'2024-05-28 09:04:51',17,NULL,NULL,NULL,NULL),(100002234,100000881,NULL,0,'',1000,'2024-05-28 09:04:51',15,NULL,NULL,NULL,NULL),(100002235,100000882,NULL,0,'',1000,'2024-05-28 09:04:51',15,NULL,NULL,NULL,NULL),(100002236,100000882,1299,5,'',-345,'2024-05-28 09:04:51',18,NULL,NULL,NULL,NULL),(100002237,100000883,NULL,0,'',1000,'2024-05-28 09:04:51',12,NULL,NULL,NULL,NULL),(100002238,100000883,1308,2,'',-144,'2024-05-28 09:04:51',32,NULL,NULL,NULL,NULL),(100002239,100000883,1292,2,'',-198,'2024-05-28 09:04:51',16,NULL,NULL,NULL,NULL),(100002240,100000884,NULL,0,'',1000,'2024-05-28 09:04:51',15,NULL,NULL,NULL,NULL),(100002241,100000884,1313,5,'',-225,'2024-05-28 09:04:51',12,NULL,NULL,NULL,NULL),(100002242,100000884,1314,4,'',-60,'2024-05-28 09:04:51',15,NULL,NULL,NULL,NULL),(100002243,100000884,1285,2,'',-18,'2024-05-28 09:04:51',34,NULL,NULL,NULL,NULL),(100002244,100000885,NULL,0,'',1000,'2024-05-28 09:04:51',32,NULL,NULL,NULL,NULL),(100002245,100000885,1300,3,'',-138,'2024-05-28 09:04:51',18,NULL,NULL,NULL,NULL),(100002246,100000885,1289,1,'',-96,'2024-05-28 09:04:51',17,NULL,NULL,NULL,NULL),(100002247,100000885,1289,5,'',-480,'2024-05-28 09:04:51',18,NULL,NULL,NULL,NULL),(100002248,100000886,NULL,0,'',1000,'2024-05-28 09:04:51',12,NULL,NULL,NULL,NULL),(100002249,100000886,1314,3,'',-45,'2024-05-28 09:04:51',16,NULL,NULL,NULL,NULL),(100002250,100000886,1311,5,'',-325,'2024-05-28 09:04:51',10,NULL,NULL,NULL,NULL),(100002251,100000886,1290,5,'',-415,'2024-05-28 09:04:51',15,NULL,NULL,NULL,NULL),(100002252,100000888,NULL,0,'',1000,'2024-05-28 09:04:51',32,NULL,NULL,NULL,NULL),(100002253,100000888,1299,3,'',-207,'2024-05-28 09:04:51',10,NULL,NULL,NULL,NULL),(100002254,100000890,NULL,0,'',1000,'2024-05-28 09:04:51',16,NULL,NULL,NULL,NULL),(100002255,100000890,1301,1,'',-80,'2024-05-28 09:04:51',34,NULL,NULL,NULL,NULL),(100002256,100000892,NULL,0,'',1000,'2024-05-28 09:04:51',18,NULL,NULL,NULL,NULL),(100002257,100000892,1281,5,'',-480,'2024-05-28 09:04:51',16,NULL,NULL,NULL,NULL),(100002258,100000892,1310,1,'',-54,'2024-05-28 09:04:51',34,NULL,NULL,NULL,NULL),(100002259,100000894,NULL,0,'',1000,'2024-05-28 09:04:51',18,NULL,NULL,NULL,NULL),(100002260,100000894,1301,1,'',-80,'2024-05-28 09:04:51',12,NULL,NULL,NULL,NULL),(100002261,100000894,1308,1,'',-72,'2024-05-28 09:04:51',16,NULL,NULL,NULL,NULL),(100002262,100000894,1295,5,'',-390,'2024-05-28 09:04:51',32,NULL,NULL,NULL,NULL),(100002263,100000896,NULL,0,'',1000,'2024-05-28 09:04:51',34,NULL,NULL,NULL,NULL),(100002264,100000898,NULL,0,'',1000,'2024-05-28 09:04:52',12,NULL,NULL,NULL,NULL),(100002265,100000898,1270,3,'',-144,'2024-05-28 09:04:52',12,NULL,NULL,NULL,NULL),(100002266,100000900,NULL,0,'',1000,'2024-05-28 09:04:52',17,NULL,NULL,NULL,NULL),(100002267,100000900,1299,4,'',-276,'2024-05-28 09:04:52',32,NULL,NULL,NULL,NULL),(100002268,100000900,1283,5,'',-105,'2024-05-28 09:04:52',10,NULL,NULL,NULL,NULL),(100002269,100000900,1296,1,'',-1,'2024-05-28 09:04:52',32,NULL,NULL,NULL,NULL),(100002270,100000900,1297,5,'',-45,'2024-05-28 09:04:52',17,NULL,NULL,NULL,NULL),(100002271,100000902,NULL,0,'',1000,'2024-05-28 09:04:52',34,NULL,NULL,NULL,NULL),(100002272,100000902,1277,2,'',-136,'2024-05-28 09:04:52',12,NULL,NULL,NULL,NULL),(100002273,100000902,1285,4,'',-36,'2024-05-28 09:04:52',17,NULL,NULL,NULL,NULL),(100002274,100000904,NULL,0,'',1000,'2024-05-28 09:04:52',17,NULL,NULL,NULL,NULL),(100002275,100000904,1308,4,'',-288,'2024-05-28 09:04:52',16,NULL,NULL,NULL,NULL);
/*!40000 ALTER TABLE `transactions` ENABLE KEYS */;
UNLOCK TABLES;

--
-- Table structure for table `transfer_agreement`
--

DROP TABLE IF EXISTS `transfer_agreement`;
/*!40101 SET @saved_cs_client     = @@character_set_client */;
/*!40101 SET character_set_client = utf8 */;
CREATE TABLE `transfer_agreement` (
  `id` int unsigned NOT NULL AUTO_INCREMENT,
  `source_organisation_id` int unsigned NOT NULL,
  `target_organisation_id` int unsigned NOT NULL,
  `state` varchar(255) NOT NULL DEFAULT 'UnderReview',
  `type` varchar(255) NOT NULL,
  `requested_on` datetime NOT NULL,
  `requested_by` int unsigned NOT NULL,
  `accepted_on` datetime DEFAULT NULL,
  `accepted_by` int unsigned DEFAULT NULL,
  `terminated_on` datetime DEFAULT NULL,
  `terminated_by` int unsigned DEFAULT NULL,
  `valid_from` datetime NOT NULL,
  `valid_until` datetime DEFAULT NULL,
  `comment` text,
  PRIMARY KEY (`id`),
  KEY `transfer_agreement_source_organisation_id` (`source_organisation_id`),
  KEY `transfer_agreement_target_organisation_id` (`target_organisation_id`),
  KEY `transfer_agreement_requested_by` (`requested_by`),
  KEY `transfer_agreement_accepted_by` (`accepted_by`),
  KEY `transfer_agreement_terminated_by` (`terminated_by`),
  CONSTRAINT `transfer_agreement_ibfk_1` FOREIGN KEY (`source_organisation_id`) REFERENCES `organisations` (`id`) ON UPDATE CASCADE,
  CONSTRAINT `transfer_agreement_ibfk_2` FOREIGN KEY (`target_organisation_id`) REFERENCES `organisations` (`id`) ON UPDATE CASCADE,
  CONSTRAINT `transfer_agreement_ibfk_3` FOREIGN KEY (`requested_by`) REFERENCES `cms_users` (`id`) ON UPDATE CASCADE,
  CONSTRAINT `transfer_agreement_ibfk_4` FOREIGN KEY (`accepted_by`) REFERENCES `cms_users` (`id`) ON DELETE SET NULL ON UPDATE CASCADE,
  CONSTRAINT `transfer_agreement_ibfk_5` FOREIGN KEY (`terminated_by`) REFERENCES `cms_users` (`id`) ON DELETE SET NULL ON UPDATE CASCADE
) ENGINE=InnoDB AUTO_INCREMENT=6 DEFAULT CHARSET=utf8 ROW_FORMAT=DYNAMIC;
/*!40101 SET character_set_client = @saved_cs_client */;

--
-- Dumping data for table `transfer_agreement`
--

LOCK TABLES `transfer_agreement` WRITE;
/*!40000 ALTER TABLE `transfer_agreement` DISABLE KEYS */;
INSERT INTO `transfer_agreement` VALUES
  (1,100000000,100000001,'Accepted','Bidirectional','2024-01-01 12:34:56',100000001,'2024-01-05 00:00:00',100000000,NULL,NULL,'2024-01-01 12:34:56',NULL,'test'),
  (2,1,2,'Rejected','Bidirectional','2024-05-28 09:04:13',2,NULL,NULL,'2024-05-28 09:04:14',10,'2024-05-28 09:04:14',NULL,NULL),
  (3,2,1,'Canceled','Bidirectional','2024-05-28 09:04:14',10,'2024-05-28 09:04:14',2,'2024-05-28 09:04:14',2,'2024-05-28 09:04:14',NULL,NULL),
  (4,1,2,'Accepted','Bidirectional','2024-05-28 09:04:14',2,'2024-05-28 09:04:14',10,NULL,NULL,'2024-05-28 09:04:14',NULL,NULL),
  (5,2,1,'UnderReview','Bidirectional','2024-05-28 09:04:14',10,NULL,NULL,NULL,NULL,'2024-05-28 09:04:14',NULL,NULL);
/*!40000 ALTER TABLE `transfer_agreement` ENABLE KEYS */;
UNLOCK TABLES;

--
-- Table structure for table `transfer_agreement_detail`
--

DROP TABLE IF EXISTS `transfer_agreement_detail`;
/*!40101 SET @saved_cs_client     = @@character_set_client */;
/*!40101 SET character_set_client = utf8 */;
CREATE TABLE `transfer_agreement_detail` (
  `id` int unsigned NOT NULL AUTO_INCREMENT,
  `transfer_agreement_id` int unsigned NOT NULL,
  `source_base_id` int unsigned DEFAULT NULL,
  `target_base_id` int unsigned DEFAULT NULL,
  PRIMARY KEY (`id`),
  KEY `transfer_agreement_detail_transfer_agreement_id` (`transfer_agreement_id`),
  KEY `transfer_agreement_detail_source_base_id` (`source_base_id`),
  KEY `transfer_agreement_detail_target_base_id` (`target_base_id`),
  CONSTRAINT `transfer_agreement_detail_ibfk_1` FOREIGN KEY (`transfer_agreement_id`) REFERENCES `transfer_agreement` (`id`) ON UPDATE CASCADE,
  CONSTRAINT `transfer_agreement_detail_ibfk_2` FOREIGN KEY (`source_base_id`) REFERENCES `camps` (`id`) ON UPDATE CASCADE,
  CONSTRAINT `transfer_agreement_detail_ibfk_3` FOREIGN KEY (`target_base_id`) REFERENCES `camps` (`id`) ON UPDATE CASCADE
) ENGINE=InnoDB AUTO_INCREMENT=12 DEFAULT CHARSET=utf8 ROW_FORMAT=DYNAMIC;
/*!40101 SET character_set_client = @saved_cs_client */;

--
-- Dumping data for table `transfer_agreement_detail`
--

LOCK TABLES `transfer_agreement_detail` WRITE;
/*!40000 ALTER TABLE `transfer_agreement_detail` DISABLE KEYS */;
INSERT INTO `transfer_agreement_detail` VALUES (1,1,100000000,100000001),(2,2,1,2),(3,2,1,3),(4,2,1,4),(5,3,2,1),(6,3,4,1),(7,4,1,2),(8,4,1,3),(9,5,2,1),(10,5,3,1),(11,5,4,1);
/*!40000 ALTER TABLE `transfer_agreement_detail` ENABLE KEYS */;
UNLOCK TABLES;

--
-- Table structure for table `translate`
--

DROP TABLE IF EXISTS `translate`;
/*!40101 SET @saved_cs_client     = @@character_set_client */;
/*!40101 SET character_set_client = utf8 */;
CREATE TABLE `translate` (
  `id` int unsigned NOT NULL AUTO_INCREMENT,
  `category_id` int unsigned DEFAULT NULL,
  `type` varchar(20) NOT NULL,
  `code` varchar(255) DEFAULT '',
  `description` varchar(255) DEFAULT NULL,
  `nl` text NOT NULL,
  `en` text NOT NULL,
  `fr` text NOT NULL,
  `hidden` tinyint NOT NULL DEFAULT '0',
  `created` datetime DEFAULT NULL,
  `created_by` int unsigned DEFAULT NULL,
  `modified` datetime DEFAULT NULL,
  `modified_by` int unsigned DEFAULT NULL,
  `deleted` datetime NOT NULL,
  PRIMARY KEY (`id`),
  KEY `category_id` (`category_id`),
  KEY `created_by` (`created_by`),
  KEY `modified_by` (`modified_by`),
  CONSTRAINT `translate_ibfk_3` FOREIGN KEY (`category_id`) REFERENCES `translate_categories` (`id`) ON UPDATE CASCADE,
  CONSTRAINT `translate_ibfk_4` FOREIGN KEY (`created_by`) REFERENCES `cms_users` (`id`) ON DELETE SET NULL ON UPDATE CASCADE,
  CONSTRAINT `translate_ibfk_5` FOREIGN KEY (`modified_by`) REFERENCES `cms_users` (`id`) ON DELETE SET NULL ON UPDATE CASCADE
) ENGINE=InnoDB AUTO_INCREMENT=914 DEFAULT CHARSET=utf8 ROW_FORMAT=DYNAMIC;
/*!40101 SET character_set_client = @saved_cs_client */;

--
-- Dumping data for table `translate`
--

LOCK TABLES `translate` WRITE;
/*!40000 ALTER TABLE `translate` DISABLE KEYS */;
INSERT INTO `translate` VALUES (485,13,'text','cms_login_email',NULL,'e-mailadres','E-mail address','',1,NULL,NULL,NULL,NULL,'0000-00-00 00:00:00'),(486,13,'text','cms_login_password','','Wachtwoord','Password','',1,NULL,NULL,NULL,NULL,'0000-00-00 00:00:00'),(487,13,'text','cms_login_submit',NULL,'Log in','Log in','',1,NULL,NULL,NULL,NULL,'0000-00-00 00:00:00'),(488,13,'text','cms_login_autologin',NULL,'onthoud mij','Remember me','',1,NULL,NULL,NULL,NULL,'0000-00-00 00:00:00'),(489,13,'text','cms_login_error_wrongpassword',NULL,'Wachtwoord is niet correct','Wrong password','',1,NULL,NULL,NULL,NULL,'0000-00-00 00:00:00'),(490,13,'text','cms_login_error_usernotfound',NULL,'Een gebruiker met dit e-mailadres is niet gevonden.','A user with this e-mail address is not found','Utilisateur introuvable',1,NULL,NULL,NULL,NULL,'0000-00-00 00:00:00'),(491,13,'text','cms_login_pagetitle',NULL,'Inloggen','Login','connexion',0,NULL,NULL,NULL,NULL,'0000-00-00 00:00:00'),(492,13,'text','cms_menu_settings','','Instellingen','Settings','',0,NULL,NULL,NULL,NULL,'0000-00-00 00:00:00'),(493,13,'text','cms_menu_logout','','Uitloggen','Logout','',0,NULL,NULL,NULL,NULL,'0000-00-00 00:00:00'),(494,13,'text','cms_form_submit','','Opslaan en sluiten','Save and close','',0,NULL,NULL,NULL,NULL,'0000-00-00 00:00:00'),(496,13,'text','cms_form_createdby','','Gemaakt door','Created by','',0,NULL,NULL,NULL,NULL,'0000-00-00 00:00:00'),(497,13,'text','cms_form_ondate','','op','on','',0,NULL,NULL,NULL,NULL,'0000-00-00 00:00:00'),(498,13,'text','cms_form_history_modified',NULL,'Gewijzigd door','Modified by','',0,NULL,NULL,NULL,NULL,'0000-00-00 00:00:00'),(499,13,'text','cms_form_charactersleft',NULL,'tekens over van %n','characters left from %n','',0,NULL,NULL,NULL,NULL,'0000-00-00 00:00:00'),(500,13,'text','cms_list_add',NULL,'Nieuw','New item','',0,NULL,NULL,NULL,NULL,'0000-00-00 00:00:00'),(501,13,'text','cms_list_delete',NULL,'Verwijderen','Delete','',0,NULL,NULL,NULL,NULL,'0000-00-00 00:00:00'),(502,13,'text','cms_list_hide',NULL,'Verbergen','Hide','',0,NULL,NULL,NULL,NULL,'0000-00-00 00:00:00'),(503,13,'text','cms_list_show',NULL,'Tonen','Show','',0,NULL,NULL,NULL,NULL,'0000-00-00 00:00:00'),(504,13,'text','cms_settings_category',NULL,'Categorie','Category','',0,NULL,NULL,NULL,NULL,'0000-00-00 00:00:00'),(505,13,'text','cms_users_naam','','Naam','Name','',0,NULL,NULL,NULL,NULL,'0000-00-00 00:00:00'),(506,13,'text','cms_users_email','','E-mail','E-mail','',0,NULL,NULL,NULL,NULL,'0000-00-00 00:00:00'),(507,13,'text','cms_users_lastlogin',NULL,'Laatste login','Last login','',0,NULL,NULL,NULL,NULL,'0000-00-00 00:00:00'),(508,13,'text','cms_users_new',NULL,'Nieuwe gebruiker','New user','',0,NULL,NULL,NULL,NULL,'0000-00-00 00:00:00'),(509,13,'text','cms_users_password','','Wachtwoord','Password','',0,NULL,NULL,NULL,NULL,'0000-00-00 00:00:00'),(510,13,'text','cms_users_access',NULL,'Beschikbare functies','Available functions','',0,NULL,NULL,NULL,NULL,'0000-00-00 00:00:00'),(511,13,'text','cms_settings_value',NULL,'Waarde','Value','',0,NULL,NULL,NULL,NULL,'0000-00-00 00:00:00'),(512,13,'text','cms_settings_code',NULL,'Code','Code','',0,NULL,NULL,NULL,NULL,'0000-00-00 00:00:00'),(513,0,'text','cms_settings','','Instellingen','Global Settings','',0,NULL,NULL,NULL,NULL,'0000-00-00 00:00:00'),(514,13,'text','cms_settings_new',NULL,'Nieuwe instelling','New setting','',0,NULL,NULL,NULL,NULL,'0000-00-00 00:00:00'),(515,13,'text','cms_settings_hidden',NULL,'Verborgen','Hidden','',0,NULL,NULL,NULL,NULL,'0000-00-00 00:00:00'),(516,13,'text','cms_settings_type',NULL,'Type','Type','',0,NULL,NULL,NULL,NULL,'0000-00-00 00:00:00'),(517,13,'text','cms_field_text',NULL,'Tekstregel','Line of text','',0,NULL,NULL,NULL,NULL,'0000-00-00 00:00:00'),(518,13,'text','cms_field_textarea',NULL,'Tekstveld','Textarea','',0,NULL,NULL,NULL,NULL,'0000-00-00 00:00:00'),(519,13,'text','cms_field_checkbox',NULL,'Checkbox','Checkbox','',0,NULL,NULL,NULL,NULL,'0000-00-00 00:00:00'),(520,13,'text','cms_translates',NULL,'Teksten','Texts','',0,NULL,NULL,NULL,NULL,'0000-00-00 00:00:00'),(521,13,'text','cms_translate_description',NULL,'Beschrijving','Description','',0,NULL,NULL,NULL,NULL,'0000-00-00 00:00:00'),(522,13,'text','cms_translate_code',NULL,'Code','Code','',0,NULL,NULL,NULL,NULL,'0000-00-00 00:00:00'),(523,13,'text','cms_translate_new',NULL,'Nieuwe tekst','New text','',0,NULL,NULL,NULL,NULL,'0000-00-00 00:00:00'),(524,13,'text','cms_users','','Gebruikers','User Management','',0,NULL,NULL,NULL,NULL,'0000-00-00 00:00:00'),(525,13,'text','cms_user','','Gebruiker','User','',0,NULL,NULL,NULL,NULL,'0000-00-00 00:00:00'),(526,13,'text','cms_setting',NULL,'instelling','setting','',0,NULL,NULL,NULL,NULL,'0000-00-00 00:00:00'),(527,13,'text','cms_translate',NULL,'tekst','text','',0,NULL,NULL,NULL,NULL,'0000-00-00 00:00:00'),(528,13,'text','cms_form_new',NULL,'Nieuw','New','',0,NULL,NULL,NULL,NULL,'0000-00-00 00:00:00'),(529,13,'text','cms_form_edit','','Wijzig','Edit','',0,NULL,NULL,NULL,NULL,'0000-00-00 00:00:00'),(530,13,'text','cms_translate_type',NULL,'Type','Type','',0,NULL,NULL,NULL,NULL,'0000-00-00 00:00:00'),(531,13,'text','cms_login_repeatpassword','','Herhaal wachtwoord','Repeat password','',0,NULL,NULL,NULL,NULL,'0000-00-00 00:00:00'),(532,13,'text','cms_login_forgotpassword',NULL,'Wachtwoord vergeten?','Forgot Password?','',0,NULL,NULL,NULL,NULL,'0000-00-00 00:00:00'),(533,13,'text','cms_reset_pagetitle',NULL,'Reset wachtwoord','Reset Password','',0,NULL,NULL,NULL,NULL,'0000-00-00 00:00:00'),(534,13,'text','cms_reset_submit',NULL,'Reset','Reset','',0,NULL,NULL,NULL,NULL,'0000-00-00 00:00:00'),(535,13,'text','cms_functions',NULL,'CMS Functies','CMS Functions','',1,NULL,NULL,NULL,NULL,'0000-00-00 00:00:00'),(536,13,'text','cms_function',NULL,'CMS Functie','CMS Function','',0,NULL,NULL,NULL,NULL,'0000-00-00 00:00:00'),(537,13,'text','cms_function_include',NULL,'Bestand','File','',1,NULL,NULL,NULL,NULL,'0000-00-00 00:00:00'),(538,13,'text','cms_function_users',NULL,'Beschikbaar voor deze gebruikers','Available voor these users','',1,NULL,NULL,NULL,NULL,'0000-00-00 00:00:00'),(539,13,'text','cms_form_cancel','','Annuleren','Cancel','',1,NULL,NULL,NULL,NULL,'0000-00-00 00:00:00'),(542,13,'text','cms_email_salutation',NULL,'Beste','Dear','',0,NULL,NULL,NULL,NULL,'0000-00-00 00:00:00'),(543,13,'textarea','cms_email_boilerplate','','Deze e-mail is verstuurd vanuit','You\'ve received this email because you were created an account for Boxtribute through {orgname}. If you think you got this email by mistake, please contact us at [mailto:helpme@boxtribute.org]. ','',0,NULL,NULL,NULL,NULL,'0000-00-00 00:00:00'),(544,13,'textarea','cms_reset_mail','','Je hebt aangegeven dat je een nieuw wachtwoord wilt instellen voor het CMS op {sitename}.<br /><br />\r\n<a href=\"{link}\">Klik hier om een nieuw wachtwoord in te stellen</a><br /><br />\r\nHeb je geen nieuw wachtwoord aangevraagd, dan hoef je geen actie te ondernemen.\r\n','You have requested a new password for {sitename}.<br /><br />\r\n<a href=\"{link}\">Click here to enter a new password</a><br /><br />\r\nIf you didn\'t requested this yourself, you don\'t have to do anything.','',0,NULL,NULL,NULL,NULL,'0000-00-00 00:00:00'),(545,13,'text','cms_reset2_pagetitle',NULL,'Kies een nieuw wachtwoord','Choose a new password','',0,NULL,NULL,NULL,NULL,'0000-00-00 00:00:00'),(546,13,'text','cms_reset2_description',NULL,'Kies een wachtwoord dat niet te gemakkelijk is te raden. Niet je postcode, geboortedatum, de naam van je partner of combinaties van dat soort gegevens. Een goed wachtwoord bevat minimaal acht willekeurige letters, cijfers en leestekens.','Choose a password that is not too easy to guess. Don\'t use your zipcode, date of birth, the name of your spouse or combinations of this kind of data. A good password contains of a minimum of eight characters, numbers or punctuations.','',0,NULL,NULL,NULL,NULL,'0000-00-00 00:00:00'),(547,13,'text','cms_reset2_submit',NULL,'Opslaan','Save','',0,NULL,NULL,NULL,NULL,'0000-00-00 00:00:00'),(548,13,'text','cms_list_selectall',NULL,'Selecteer alle items','Select all items','',0,NULL,NULL,NULL,NULL,'0000-00-00 00:00:00'),(549,13,'text','cms_settings_category',NULL,'Categorie','Category','',0,NULL,NULL,NULL,NULL,'0000-00-00 00:00:00'),(551,13,'text','cms_reset_description',NULL,'Als je je wachtwoord niet meer weet, vul dan hier je e-mailadres in. Je krijgt dan direct een mail toegestuurd met daarin de mogelijkheid een nieuw wachtwoord aan te maken.','If you can\'t remember your password, please fill in your e-mail address. You will receive an email with a link to create a new password.','',0,NULL,NULL,NULL,NULL,'0000-00-00 00:00:00'),(556,13,'text','cms_form_selectplaceholder',NULL,'Maak een keuze','Please select','Faire un choix',1,NULL,NULL,NULL,NULL,'0000-00-00 00:00:00'),(557,13,'text','cms_field_wysiwyg',NULL,'TinyMCE','TinyMCE','',0,NULL,NULL,NULL,NULL,'2017-04-10 19:54:00'),(558,13,'text','cms_settings_enabled',NULL,'Ingeschakeld','Enabled','',0,NULL,NULL,NULL,NULL,'0000-00-00 00:00:00'),(559,13,'text','cms_field_select',NULL,'Menu','Menu','',0,NULL,NULL,NULL,NULL,'0000-00-00 00:00:00'),(560,13,'text','cms_settings_options',NULL,'Keuzes','Options','',0,NULL,NULL,NULL,NULL,'0000-00-00 00:00:00'),(562,13,'text','cms_reset_notmatching',NULL,'De wachtwoorden zijn niet gelijk','The passwords do not match','',0,NULL,NULL,NULL,NULL,'0000-00-00 00:00:00'),(563,13,'text','cms_reset_tooshort',NULL,'Het wachtwoord is te kort','The password is not long enough','',0,NULL,NULL,NULL,NULL,'0000-00-00 00:00:00'),(564,13,'text','cms_list_copy',NULL,'Kopiren','Copy','',0,NULL,NULL,NULL,NULL,'0000-00-00 00:00:00'),(566,13,'text','cms_list_confirm_title','','Weet je het zeker?','Are you sure?','',0,NULL,NULL,NULL,NULL,'0000-00-00 00:00:00'),(567,13,'text','cms_list_confirm_ok',NULL,'OK','OK','',0,NULL,NULL,NULL,NULL,'0000-00-00 00:00:00'),(568,13,'text','cms_list_confirm_cancel','','Annuleren','Cancel','',0,NULL,NULL,NULL,NULL,'0000-00-00 00:00:00'),(572,13,'text','cms_list_copysuccess',NULL,'Er is een kopie gemaakt van de geselecteerde rij(en)','A copy of the row(s) has been made','',0,NULL,NULL,NULL,NULL,'0000-00-00 00:00:00'),(578,13,'text','cms_list_deletesuccess',NULL,'Onderdeel verwijderd','Item deleted','',0,NULL,NULL,NULL,NULL,'0000-00-00 00:00:00'),(579,13,'text','cms_list_deleteerror',NULL,'De geselecteerde onderdelen (of een deel ervan) konden niet worden verwijderd.','The selected items (or some of them) could not be deleted.','',0,NULL,NULL,NULL,NULL,'0000-00-00 00:00:00'),(584,13,'text','cms_users_settings','','Persoonlijke instellingen','Personal settings','',0,NULL,NULL,NULL,NULL,'0000-00-00 00:00:00'),(586,13,'text','cms_error',NULL,'Sorry, er is iets foutgegaan','Sorry, something went wrong','',0,NULL,NULL,NULL,NULL,'0000-00-00 00:00:00'),(595,13,'text','cms_error_pleasereport',NULL,'Laatste login','Last login','',0,NULL,NULL,NULL,NULL,'0000-00-00 00:00:00'),(600,13,'text','cms_error404',NULL,'De pagina die je probeert te openen bestaat niet.','The page you have requested does not exist.','',0,NULL,NULL,NULL,NULL,'0000-00-00 00:00:00'),(622,13,'text','tooltip_menutitle',NULL,'Deze titel wordt gebruikt als er in een menu naar deze pagina wordt verwezen. Hoe korter hoe beter.','This title is used when refering to this item in a menu. The shorter the better.','',0,NULL,NULL,NULL,NULL,'0000-00-00 00:00:00'),(625,13,'text','tooltip_pagetitle',NULL,'Dit is de titel bovenaan de pagina. Deze titel is erg belangrijk voor zoekmachines, gebruik dus de meest relevante trefwoorden.','This is the title on top of the page. This title is very important for search engines, so use the most important keywords here.','',0,NULL,NULL,NULL,NULL,'0000-00-00 00:00:00'),(626,13,'text','tooltip_windowtitle',NULL,'Deze tekst komt terug in de titelbalk van de browser. Voor de beste indexering gebruik je hier weer andere keywords dan in de paginatitel. De lengte van deze tekst is idealiter niet langer dan 64 tekens, inclusief de naam van de website.','This title will be visible in the title bar of the browser. For the best search engine results, use other keywords than you did in the pagetitle. This title should be no more than 64 characters, including the name of the website.','',0,NULL,NULL,NULL,NULL,'0000-00-00 00:00:00'),(627,13,'text','tooltip_metadescription',NULL,'Geef voor Google een beschrijving van deze pagina in maximaal 155 tekens. Een volzin is beter dan een reeks trefwoorden.','Google desires a short description of the page, to show in the search results. Stay within 155 characters.','',0,NULL,NULL,NULL,NULL,'0000-00-00 00:00:00'),(628,13,'text','cms_settings_language','','Taal','Language','',0,NULL,NULL,NULL,NULL,'0000-00-00 00:00:00'),(629,13,'text','cms_form_save',NULL,'Opslaan','Save','',0,NULL,NULL,NULL,NULL,'0000-00-00 00:00:00'),(630,13,'text','cms_form_modifiedby_copy',NULL,'Laatst gewijzigd door','Last modified by','',0,NULL,NULL,NULL,NULL,'2017-04-10 19:54:00'),(637,13,'text','cms_users_sendlogin',NULL,'Stuur inloggegevens','Send login data','',0,NULL,NULL,NULL,NULL,'0000-00-00 00:00:00'),(638,13,'text','cms_form_selectroot',NULL,'Beginpunt','Root','Faire un choix',1,NULL,NULL,NULL,NULL,'0000-00-00 00:00:00'),(641,13,'text','cms_form_choosefile',NULL,'Kies bestand','Choose file','',0,NULL,NULL,NULL,NULL,'0000-00-00 00:00:00'),(642,13,'text','cms_form_chooseimage',NULL,'Kies afbeelding','Choose image','',0,NULL,NULL,NULL,NULL,'2017-04-10 19:54:00'),(643,13,'text','cms_form_viewfile',NULL,'Bekijk bestand','View file','',0,NULL,NULL,NULL,NULL,'0000-00-00 00:00:00'),(649,13,'text','tooltip_url','','Als je de URL leeg laat, maakt het systeem automatisch een goeie url voor je pagina. Je kan de URL veranderen door dit veld te ontgrendelen. Realiseer je wel dat door het veranderen van een URL bestaande verwijzingen naar deze pagina kunnen verdwijnen.','If you leave this field empty, the system will fill it in for you. If you want to change a value, you can unlock this field and do so. But realise that this can result in broken links.','',0,NULL,NULL,NULL,NULL,'0000-00-00 00:00:00'),(654,13,'text','cms_list_showhidesuccess',NULL,'Tonen/verbergen succesvol','','',0,NULL,NULL,NULL,NULL,'0000-00-00 00:00:00'),(655,13,'text','cms_reset_mailsubject',NULL,'Nieuw wachtwoord','New password','',0,NULL,NULL,NULL,NULL,'0000-00-00 00:00:00'),(656,13,'textarea','cms_sendlogin_mail','','Hierbij ontvang je een wachtwoord om in te loggen op het systeem van {sitename}.<br /><br /> Je nieuwe wachtwoord is <strong>{password}</strong><br /><br /> Let op: Het systeem maakt onderscheid tussen hoofd- en kleine letters.<br /><br /> Als je bent ingelogd kan je het wachtwoord zelf wijzigen, door op je naam te klikken in de rechterbovenhoek en dan voor \'Instellingen\' te kiezen. Kies dan wel voor een niet al te makkelijk te raden password van minimaal acht tekens.','{user} from <strong>{orgname}</strong> has set you up with a Boxtribute account! <br/><br/> Please use this email address and the password below to log in to Boxtribute ({sitename}) through your browser. <strong>If you are an iOS user, we recommend you use Safari.</strong> <br /><br /> Your password is <strong>{password}</strong><br /><br /> We encourage you to update your password to something secure and memorable by logging in, clicking on your name in the upper right corner and choosing \'Settings\'. <br /> <br /> <strong>Need help getting started?</strong> <br /><br /> - Check our manual (boxwise.freshdesk.com), or  <br /> - Message us through facebook (facebook.com/boxtribute), or  <br /> - Write us an email (helpme@boxtribute.org) <br /><br /> The Boxtribute Team ','',0,NULL,NULL,NULL,NULL,'0000-00-00 00:00:00'),(657,13,'text','cms_sendlogin_mailsubject','','Nieuw wachtwoord','Welcome to Boxtribute!','',0,NULL,NULL,NULL,NULL,'0000-00-00 00:00:00'),(658,13,'text','cms_sendlogin_confirm',NULL,'De logingegevens zijn verstuurd.','Within a few minutes you will receive an e-mail with further instructions to reset your password.','',0,NULL,NULL,NULL,NULL,'0000-00-00 00:00:00'),(660,13,'text','cms_email_signature','','Met veel liefde...','Much love...','',0,NULL,NULL,NULL,NULL,'0000-00-00 00:00:00'),(661,13,'text','buytickets',NULL,'Koop kaarten voor deze voorstelling','','',0,NULL,NULL,NULL,NULL,'0000-00-00 00:00:00'),(662,13,'text','cms_form_changefile',NULL,'Wijzig bestand','Change file','',0,NULL,NULL,NULL,NULL,'0000-00-00 00:00:00'),(663,13,'text','cms_form_changeimage',NULL,'Wijzig afbeelding','Change image','',0,NULL,NULL,NULL,NULL,'2017-04-10 19:54:00'),(664,13,'text','cms_form_delete',NULL,'Verwijderen','Delete','',0,NULL,NULL,NULL,NULL,'0000-00-00 00:00:00'),(665,13,'text','cms_form_wipe','','Wissen','Wipe','',0,NULL,NULL,NULL,NULL,'0000-00-00 00:00:00'),(666,13,'text','cms_form_file_deletesuccess',NULL,'bestand verwijderd','File removed','',0,NULL,NULL,NULL,NULL,'0000-00-00 00:00:00'),(667,13,'text','cms_form_file_deletefailure',NULL,'Er is iets mis gegaan in het verwijderen van het bestand','An error occurred while trying to remove the file','',0,NULL,NULL,NULL,NULL,'0000-00-00 00:00:00'),(675,13,'text','cms_form_deletefileconfirmation',NULL,'Het bestand wordt uit dit item verwijderd. Weet je het zeker? (Het originele bestand blijft beschikbaar in de filemanager)','The file will be deleted. Are you sure? (The original file remains in the file manager)','',0,NULL,NULL,NULL,NULL,'2017-04-10 19:54:00'),(676,13,'text','cms_form_changefile_msg',NULL,'Het bestand wordt pas bewaard nadat je op &quot;opslaan&quot; geklikt hebt.','The file will be saved after clicking &quot;save&quot;.','',0,NULL,NULL,NULL,NULL,'0000-00-00 00:00:00'),(677,13,'text','cms_form_changeimage_msg',NULL,'De afbeelding wordt pas bewaard nadat je op &quot;opslaan&quot; geklikt hebt.','The image will be saved after clicking &quot;save&quot;.','',0,NULL,NULL,NULL,NULL,'2017-04-10 19:54:00'),(679,13,'text','cms_users_loginas',NULL,'Inloggen als deze gebruiker','Login as this user','',0,NULL,NULL,NULL,NULL,'0000-00-00 00:00:00'),(680,13,'text','cms_menu_exitloginas',NULL,'Terug naar %user%','Back to %user%','',0,NULL,NULL,NULL,NULL,'0000-00-00 00:00:00'),(681,13,'text','cms_list_copyfailure',NULL,'Kopie kon niet worden gemaakt','A copy could not been made','',0,NULL,NULL,NULL,NULL,'0000-00-00 00:00:00'),(682,13,'text','cms_list_copy_suffix',NULL,'(kopie)','(copy)','',0,NULL,NULL,NULL,NULL,'0000-00-00 00:00:00'),(683,13,'text','cms_reset_success',NULL,'Je wachtwoord is aangepast','Your password has been changed','',0,NULL,NULL,NULL,NULL,'0000-00-00 00:00:00'),(684,13,'text','cms_users_email_tooltip',NULL,'Je emailadres is tevens je loginnaam','Your e-mail address is also your loginname','',0,NULL,NULL,NULL,NULL,'0000-00-00 00:00:00'),(685,13,'text','cms_users_password_change',NULL,'Wachtwoord aanpassen','Change password','',0,NULL,NULL,NULL,NULL,'0000-00-00 00:00:00'),(686,13,'text','cms_users_password_tooltip',NULL,'Vul hier tweemaal het nieuwe wachtwoord in. Het wachtwoord moet minimaal 8 tekens lang zijn en bestaat ideaal uit een combinatie van letters (groot en klein), cijfers en/of leestekens. Het wachtwoord mag niet te makkelijk te raden zijn.','Please fill in the new password twice. The password should consist of letters (small and capital), numbers and/or punctuation. The password should at least be 8 characters long. Please do not use a password that is easily gueassable.','',0,NULL,NULL,NULL,NULL,'0000-00-00 00:00:00'),(687,13,'text','cms_settings_description',NULL,'Beschrijving','Description','',0,NULL,NULL,NULL,NULL,'0000-00-00 00:00:00'),(688,13,'text','cms_form_createdunknown','','onbekend','unknown','',0,NULL,NULL,NULL,NULL,'0000-00-00 00:00:00'),(689,13,'text','tooltip_url_locked',NULL,'Voor deze pagina kan je de URL zelf niet aanpassen.','For this page, you are not allowed to change the URL.','',0,NULL,NULL,NULL,NULL,'0000-00-00 00:00:00'),(690,13,'text','cms_form_view_modified','','Bekijk bewerkgeschiedenis','View edit history','',0,NULL,NULL,NULL,NULL,'0000-00-00 00:00:00'),(691,13,'text','cms_form_modifiedby','','Laatst gewijzigd door','Last modified by','',0,NULL,NULL,NULL,NULL,'0000-00-00 00:00:00'),(692,13,'text','cms_form_history_nodata',NULL,'Geen wijzigingen gevonden','No changes found','',0,NULL,NULL,NULL,NULL,'0000-00-00 00:00:00'),(693,13,'text','cms_login_error_adminonly',NULL,'Geen toegang - gebruik het CMS op de live-versie van de website!','No access - please use the CMS on the live website','',0,NULL,NULL,NULL,NULL,'0000-00-00 00:00:00'),(695,13,'text','cms_list_showhidesuccess',NULL,'Tonen/verbergen succesvol','Succesfully hidden/shown','',0,NULL,NULL,NULL,NULL,'0000-00-00 00:00:00'),(696,13,'text','cms_translate_categorychanged',NULL,'De items zijn verplaatst naar een nieuwe categorie','The items have been moved to a new category','',0,NULL,NULL,NULL,NULL,'0000-00-00 00:00:00'),(697,13,'text','cms_list_notexistingdo',NULL,'Deze functie is niet beschikbaar','This function is not available','',0,NULL,NULL,NULL,NULL,'0000-00-00 00:00:00'),(698,13,'text','cms_brokenlinks_url',NULL,'Broken link','Broken link','',0,NULL,NULL,NULL,NULL,'0000-00-00 00:00:00'),(699,13,'text','cms_brokenlinks_location',NULL,'Gevonden op','Found at','',0,NULL,NULL,NULL,NULL,'0000-00-00 00:00:00'),(700,13,'text','cms_brokenlinks_error',NULL,'Foutcode','Error','',0,NULL,NULL,NULL,NULL,'0000-00-00 00:00:00'),(867,13,'text','site_name','','Drop App','Drop App','',0,NULL,NULL,NULL,NULL,'0000-00-00 00:00:00'),(868,13,'text','adults','','Volwassenen','Adults','',0,NULL,NULL,NULL,NULL,'0000-00-00 00:00:00'),(869,13,'text','children','','kinderen','children','',0,NULL,NULL,NULL,NULL,'0000-00-00 00:00:00'),(870,13,'text','container','','Container','Container','',0,NULL,NULL,NULL,NULL,'0000-00-00 00:00:00'),(871,13,'text','coins','','Tokens','Tokens','',0,NULL,NULL,NULL,NULL,'0000-00-00 00:00:00'),(872,13,'text','purchases','','Aankopen','Purchases','',0,NULL,NULL,NULL,NULL,'0000-00-00 00:00:00'),(873,13,'text','transactions','','Transacties','Transactions','',0,NULL,NULL,NULL,NULL,'0000-00-00 00:00:00'),(874,13,'text','product','','Product','Product','',0,NULL,NULL,NULL,NULL,'0000-00-00 00:00:00'),(875,13,'text','size','','Maat','Size','',0,NULL,NULL,NULL,NULL,'0000-00-00 00:00:00'),(876,13,'text','note','','Opmerking','Note','',0,NULL,NULL,NULL,NULL,'0000-00-00 00:00:00'),(877,13,'text','handled_by','','Afgehandeld door','Handled by','',0,NULL,NULL,NULL,NULL,'0000-00-00 00:00:00'),(878,13,'text','date','','Datum','Date','',0,NULL,NULL,NULL,NULL,'0000-00-00 00:00:00'),(879,13,'text','Monday','','Maandag','Monday','',0,NULL,NULL,NULL,NULL,'0000-00-00 00:00:00'),(880,13,'text','Tuesday','','Dinsdag','Tuesday','',0,NULL,NULL,NULL,NULL,'0000-00-00 00:00:00'),(881,13,'text','Wednesday','','Woensdag','Wednesday','',0,NULL,NULL,NULL,NULL,'0000-00-00 00:00:00'),(882,13,'text','Thursday','','Donderdag','Thursday','',0,NULL,NULL,NULL,NULL,'0000-00-00 00:00:00'),(883,13,'text','Friday','','Vrijdag','Friday','',0,NULL,NULL,NULL,NULL,'0000-00-00 00:00:00'),(884,13,'text','Saturday','','Zaterdag','Saturday','',0,NULL,NULL,NULL,NULL,'0000-00-00 00:00:00'),(885,13,'text','Sunday','','Zondag','Sunday','',0,NULL,NULL,NULL,NULL,'0000-00-00 00:00:00'),(886,13,'text','January','month','januari','January','',0,NULL,NULL,NULL,NULL,'0000-00-00 00:00:00'),(887,13,'text','February','month','februari','February','',0,NULL,NULL,NULL,NULL,'0000-00-00 00:00:00'),(888,13,'text','March','month','maart','March','',0,NULL,NULL,NULL,NULL,'0000-00-00 00:00:00'),(889,13,'text','April','month','april','April','',0,NULL,NULL,NULL,NULL,'0000-00-00 00:00:00'),(890,13,'text','May','month','mei','May','',0,NULL,NULL,NULL,NULL,'0000-00-00 00:00:00'),(891,13,'text','June','month','juni','June','',0,NULL,NULL,NULL,NULL,'0000-00-00 00:00:00'),(892,13,'text','July','month','juli','July','',0,NULL,NULL,NULL,NULL,'0000-00-00 00:00:00'),(893,13,'text','August','month','augustus','August','',0,NULL,NULL,NULL,NULL,'0000-00-00 00:00:00'),(894,13,'text','September','month','september','September','',0,NULL,NULL,NULL,NULL,'0000-00-00 00:00:00'),(895,13,'text','October','month','oktober','October','',0,NULL,NULL,NULL,NULL,'0000-00-00 00:00:00'),(896,13,'text','November','month','november','November','',0,NULL,NULL,NULL,NULL,'0000-00-00 00:00:00'),(897,13,'text','December','month','december','December','',0,NULL,NULL,NULL,NULL,'0000-00-00 00:00:00'),(898,13,'text','amount','','Hoeveelheid','Amount','',0,NULL,NULL,NULL,NULL,'0000-00-00 00:00:00'),(899,13,'text','firstname','','Voornaam','First name','First name',0,NULL,NULL,NULL,NULL,'0000-00-00 00:00:00'),(900,13,'text','lastname','','Achternaam','Last name','Last name',0,NULL,NULL,NULL,NULL,'0000-00-00 00:00:00'),(901,13,'text','cms_list_undelete',NULL,'Herstellen','Recover','',0,NULL,NULL,NULL,NULL,'0000-00-00 00:00:00'),(902,13,'text','cms_list_undeleteerror',NULL,'De geselecteerde onderdelen (of een deel ervan) konden niet worden hersteld.','The selected items (or some of them) could not be recovered.','',0,NULL,NULL,NULL,NULL,'0000-00-00 00:00:00'),(903,13,'text','cms_list_undeletesuccess',NULL,'Onderdeel hersteld','Item recovered','',0,NULL,NULL,NULL,NULL,'0000-00-00 00:00:00'),(904,13,'text','cms_list_extendsuccess',NULL,'Vervaldatum item verlengd','Item expiration extended','',0,NULL,NULL,NULL,NULL,'0000-00-00 00:00:00'),(905,13,'text','cms_list_extenderror',NULL,'Geen van de geselecteerde items kon worden verlengd','None of the selected items could be extended','',0,NULL,NULL,NULL,NULL,'0000-00-00 00:00:00'),(906,0,'text','bag_for_three','The color of a bag of vegetables for three persons','','Blue','',0,NULL,NULL,NULL,NULL,'0000-00-00 00:00:00'),(907,0,'text','bag_for_one','The color of a bag of vegetables for one persons','','Yellow','',0,NULL,NULL,NULL,NULL,'0000-00-00 00:00:00'),(908,0,'textarea','bicycle-rules','Rules for bicycle renting to be printed on the back of the Certificate','','Bikes are only available for beneficiaries of Nea Kavala. / You can only borrow a bike when you have succesfully finished the training and have signed the contract with us / To borrow a bike you hand over this certificate, you will get it back after returning the bike / You are responsible for your own safety and to bring back the bike in a clean and good state / You have to be 18 years old minimum to be able to borrow a bike. / At all times, bikes need to be back on the same day before 19:30. After 16:30 we will not start a new borrowing period. / The maximum borrowing period is three hours. / If you not follow these rules, we can ban you for two weeks and if you repeatedly not follow the rules we can ban you permanently.','',0,NULL,NULL,NULL,NULL,'0000-00-00 00:00:00'),(909,0,'text','listtitle_bread','Food list for bread','','Bread','',0,NULL,NULL,NULL,NULL,'0000-00-00 00:00:00'),(910,0,'text','listtitle_dryfood','Food list for dry food','','Dry Food','',0,NULL,NULL,NULL,NULL,'0000-00-00 00:00:00'),(911,0,'text','listtitle_vegetables','Food list for vegetables','','Vegetables','',0,NULL,NULL,NULL,NULL,'0000-00-00 00:00:00'),(912,0,'textarea','workshop-rules','Rules for workshop access','','Workshop access is only available for beneficiaries of Nea Kavala. / You can access the workshop when you have succesfully finished the training and have signed the contract with us / To get access to the workshop and use tools you show us this card, you will get it back after returning the tools and leaving the workshop  / You are responsible for your own safety and to return all tools in a clean and good state / You have to be 16 years old minimum. / Always return all the tools before closing time of the workshop (17:00) / If you not follow these rules, we can ban you for two weeks and if you repeatedly not follow the rules we can ban you permanently.','',0,NULL,NULL,NULL,NULL,'0000-00-00 00:00:00'),(913,0,'text','site_name','','','Boxtribute','',0,NULL,NULL,NULL,NULL,'0000-00-00 00:00:00');
/*!40000 ALTER TABLE `translate` ENABLE KEYS */;
UNLOCK TABLES;

--
-- Table structure for table `translate_categories`
--

DROP TABLE IF EXISTS `translate_categories`;
/*!40101 SET @saved_cs_client     = @@character_set_client */;
/*!40101 SET character_set_client = utf8 */;
CREATE TABLE `translate_categories` (
  `id` int unsigned NOT NULL AUTO_INCREMENT,
  `name` varchar(255) DEFAULT NULL,
  PRIMARY KEY (`id`)
) ENGINE=InnoDB AUTO_INCREMENT=14 DEFAULT CHARSET=utf8 ROW_FORMAT=DYNAMIC;
/*!40101 SET character_set_client = @saved_cs_client */;

--
-- Dumping data for table `translate_categories`
--

LOCK TABLES `translate_categories` WRITE;
/*!40000 ALTER TABLE `translate_categories` DISABLE KEYS */;
INSERT INTO `translate_categories` VALUES (0,'something else'),(13,'text');
/*!40000 ALTER TABLE `translate_categories` ENABLE KEYS */;
UNLOCK TABLES;

--
-- Table structure for table `units`
--

DROP TABLE IF EXISTS `units`;
/*!40101 SET @saved_cs_client     = @@character_set_client */;
/*!40101 SET character_set_client = utf8 */;
CREATE TABLE `units` (
  `id` int NOT NULL AUTO_INCREMENT,
  `label` varchar(20) NOT NULL,
  `longlabel` varchar(255) DEFAULT NULL,
  `seq` int DEFAULT NULL,
  `created` datetime DEFAULT NULL,
  `created_by` int unsigned DEFAULT NULL,
  `modified` datetime DEFAULT NULL,
  `modified_by` int unsigned DEFAULT NULL,
  PRIMARY KEY (`id`),
  KEY `created_by` (`created_by`),
  KEY `modified_by` (`modified_by`),
  CONSTRAINT `units_ibfk_1` FOREIGN KEY (`created_by`) REFERENCES `cms_users` (`id`) ON DELETE SET NULL ON UPDATE CASCADE,
  CONSTRAINT `units_ibfk_2` FOREIGN KEY (`modified_by`) REFERENCES `cms_users` (`id`) ON DELETE SET NULL ON UPDATE CASCADE
) ENGINE=InnoDB AUTO_INCREMENT=5 DEFAULT CHARSET=utf8 ROW_FORMAT=DYNAMIC;
/*!40101 SET character_set_client = @saved_cs_client */;

--
-- Dumping data for table `units`
--

LOCK TABLES `units` WRITE;
/*!40000 ALTER TABLE `units` DISABLE KEYS */;
INSERT INTO `units` VALUES (1,'liter','liter',3,NULL,NULL,NULL,NULL),(2,'kg','kilogram',2,NULL,NULL,NULL,NULL),(3,'g','gram',1,NULL,NULL,NULL,NULL),(4,'piece','piece',4,NULL,NULL,NULL,NULL);
/*!40000 ALTER TABLE `units` ENABLE KEYS */;
UNLOCK TABLES;

--
-- Table structure for table `x_people_languages`
--

DROP TABLE IF EXISTS `x_people_languages`;
/*!40101 SET @saved_cs_client     = @@character_set_client */;
/*!40101 SET character_set_client = utf8 */;
CREATE TABLE `x_people_languages` (
  `people_id` int unsigned NOT NULL,
  `language_id` int unsigned NOT NULL,
  UNIQUE KEY `people_language_unique` (`people_id`,`language_id`),
  KEY `language_id` (`language_id`),
  CONSTRAINT `x_people_languages_ibfk_2` FOREIGN KEY (`language_id`) REFERENCES `languages` (`id`) ON DELETE CASCADE ON UPDATE CASCADE,
  CONSTRAINT `x_people_languages_ibfk_3` FOREIGN KEY (`people_id`) REFERENCES `people` (`id`) ON DELETE CASCADE ON UPDATE CASCADE
) ENGINE=InnoDB DEFAULT CHARSET=utf8 ROW_FORMAT=DYNAMIC;
/*!40101 SET character_set_client = @saved_cs_client */;

--
-- Dumping data for table `x_people_languages`
--

LOCK TABLES `x_people_languages` WRITE;
/*!40000 ALTER TABLE `x_people_languages` DISABLE KEYS */;
INSERT INTO `x_people_languages` VALUES (100000486,1),(100000488,1),(100000489,1),(100000497,1),(100000501,1),(100000503,1),(100000504,1),(100000507,1),(100000515,1),(100000518,1),(100000520,1),(100000521,1),(100000529,1),(100000531,1),(100000537,1),(100000538,1),(100000541,1),(100000551,1),(100000552,1),(100000553,1),(100000554,1),(100000555,1),(100000558,1),(100000560,1),(100000562,1),(100000565,1),(100000568,1),(100000572,1),(100000576,1),(100000577,1),(100000582,1),(100000583,1),(100000584,1),(100000786,1),(100000788,1),(100000791,1),(100000793,1),(100000797,1),(100000800,1),(100000801,1),(100000811,1),(100000816,1),(100000817,1),(100000818,1),(100000866,1),(100000869,1),(100000870,1),(100000874,1),(100000876,1),(100000891,1),(100000894,1),(100000902,1),(100000903,1),(100000487,2),(100000491,2),(100000492,2),(100000493,2),(100000495,2),(100000497,2),(100000500,2),(100000503,2),(100000505,2),(100000506,2),(100000509,2),(100000511,2),(100000515,2),(100000516,2),(100000517,2),(100000519,2),(100000521,2),(100000522,2),(100000524,2),(100000526,2),(100000528,2),(100000539,2),(100000543,2),(100000546,2),(100000555,2),(100000556,2),(100000558,2),(100000564,2),(100000566,2),(100000567,2),(100000575,2),(100000582,2),(100000583,2),(100000793,2),(100000800,2),(100000804,2),(100000805,2),(100000806,2),(100000807,2),(100000809,2),(100000810,2),(100000815,2),(100000816,2),(100000818,2),(100000819,2),(100000821,2),(100000825,2),(100000870,2),(100000871,2),(100000880,2),(100000882,2),(100000887,2),(100000888,2),(100000889,2),(100000892,2),(100000893,2),(100000895,2),(100000901,2),(100000904,2),(100000487,3),(100000491,3),(100000493,3),(100000496,3),(100000498,3),(100000502,3),(100000505,3),(100000508,3),(100000510,3),(100000525,3),(100000527,3),(100000528,3),(100000530,3),(100000533,3),(100000535,3),(100000537,3),(100000541,3),(100000545,3),(100000547,3),(100000549,3),(100000552,3),(100000554,3),(100000557,3),(100000561,3),(100000563,3),(100000564,3),(100000566,3),(100000567,3),(100000568,3),(100000569,3),(100000570,3),(100000571,3),(100000574,3),(100000575,3),(100000576,3),(100000579,3),(100000580,3),(100000581,3),(100000788,3),(100000789,3),(100000790,3),(100000794,3),(100000795,3),(100000796,3),(100000801,3),(100000802,3),(100000803,3),(100000805,3),(100000806,3),(100000808,3),(100000813,3),(100000823,3),(100000824,3),(100000867,3),(100000874,3),(100000877,3),(100000881,3),(100000882,3),(100000884,3),(100000885,3),(100000886,3),(100000887,3),(100000888,3),(100000889,3),(100000890,3),(100000892,3),(100000895,3),(100000897,3),(100000899,3),(100000900,3),(100000901,3),(100000905,3),(100000489,4),(100000490,4),(100000496,4),(100000507,4),(100000509,4),(100000512,4),(100000518,4),(100000522,4),(100000524,4),(100000527,4),(100000530,4),(100000534,4),(100000536,4),(100000539,4),(100000542,4),(100000544,4),(100000547,4),(100000548,4),(100000549,4),(100000551,4),(100000559,4),(100000560,4),(100000563,4),(100000570,4),(100000572,4),(100000574,4),(100000578,4),(100000585,4),(100000786,4),(100000787,4),(100000789,4),(100000790,4),(100000791,4),(100000798,4),(100000799,4),(100000810,4),(100000812,4),(100000814,4),(100000815,4),(100000820,4),(100000821,4),(100000867,4),(100000869,4),(100000873,4),(100000875,4),(100000877,4),(100000883,4),(100000885,4),(100000890,4),(100000891,4),(100000896,4),(100000902,4),(100000903,4),(100000904,4),(100000905,4),(100000490,5),(100000492,5),(100000494,5),(100000495,5),(100000499,5),(100000504,5),(100000506,5),(100000510,5),(100000511,5),(100000513,5),(100000514,5),(100000516,5),(100000517,5),(100000520,5),(100000523,5),(100000525,5),(100000526,5),(100000529,5),(100000532,5),(100000533,5),(100000534,5),(100000540,5),(100000545,5),(100000546,5),(100000550,5),(100000553,5),(100000557,5),(100000562,5),(100000565,5),(100000573,5),(100000578,5),(100000585,5),(100000792,5),(100000795,5),(100000798,5),(100000799,5),(100000802,5),(100000803,5),(100000807,5),(100000809,5),(100000811,5),(100000813,5),(100000820,5),(100000822,5),(100000824,5),(100000866,5),(100000868,5),(100000872,5),(100000873,5),(100000875,5),(100000876,5),(100000878,5),(100000879,5),(100000881,5),(100000883,5),(100000884,5),(100000894,5),(100000896,5),(100000897,5),(100000898,5),(100000899,5),(100000486,6),(100000488,6),(100000494,6),(100000498,6),(100000499,6),(100000500,6),(100000501,6),(100000502,6),(100000508,6),(100000512,6),(100000513,6),(100000514,6),(100000519,6),(100000523,6),(100000531,6),(100000532,6),(100000535,6),(100000536,6),(100000538,6),(100000540,6),(100000542,6),(100000543,6),(100000544,6),(100000548,6),(100000550,6),(100000556,6),(100000559,6),(100000561,6),(100000569,6),(100000571,6),(100000573,6),(100000577,6),(100000579,6),(100000580,6),(100000581,6),(100000584,6),(100000787,6),(100000792,6),(100000794,6),(100000796,6),(100000797,6),(100000804,6),(100000808,6),(100000812,6),(100000814,6),(100000817,6),(100000819,6),(100000822,6),(100000823,6),(100000825,6),(100000868,6),(100000871,6),(100000872,6),(100000878,6),(100000879,6),(100000880,6),(100000886,6),(100000893,6),(100000898,6),(100000900,6);
/*!40000 ALTER TABLE `x_people_languages` ENABLE KEYS */;
UNLOCK TABLES;

--
-- Dumping routines for database 'dropapp_dev'
--
/*!40103 SET TIME_ZONE=@OLD_TIME_ZONE */;

/*!40101 SET SQL_MODE=@OLD_SQL_MODE */;
/*!40014 SET FOREIGN_KEY_CHECKS=@OLD_FOREIGN_KEY_CHECKS */;
/*!40014 SET UNIQUE_CHECKS=@OLD_UNIQUE_CHECKS */;
/*!40101 SET CHARACTER_SET_CLIENT=@OLD_CHARACTER_SET_CLIENT */;
/*!40101 SET CHARACTER_SET_RESULTS=@OLD_CHARACTER_SET_RESULTS */;
/*!40101 SET COLLATION_CONNECTION=@OLD_COLLATION_CONNECTION */;
/*!40111 SET SQL_NOTES=@OLD_SQL_NOTES */;

-- Dump completed on 2024-05-28 11:06:26
