-- MySQL dump 10.16  Distrib 10.1.48-MariaDB, for debian-linux-gnu (x86_64)
--
-- Host: 127.0.0.1    Database: dropapp_staging
-- ------------------------------------------------------
-- Server version	8.0.18-google

/*!40101 SET @OLD_CHARACTER_SET_CLIENT=@@CHARACTER_SET_CLIENT */;
/*!40101 SET @OLD_CHARACTER_SET_RESULTS=@@CHARACTER_SET_RESULTS */;
/*!40101 SET @OLD_COLLATION_CONNECTION=@@COLLATION_CONNECTION */;
/*!40101 SET NAMES utf8mb4 */;
/*!40103 SET @OLD_TIME_ZONE=@@TIME_ZONE */;
/*!40103 SET TIME_ZONE='+00:00' */;
/*!40014 SET @OLD_UNIQUE_CHECKS=@@UNIQUE_CHECKS, UNIQUE_CHECKS=0 */;
/*!40014 SET @OLD_FOREIGN_KEY_CHECKS=@@FOREIGN_KEY_CHECKS, FOREIGN_KEY_CHECKS=0 */;
/*!40101 SET @OLD_SQL_MODE=@@SQL_MODE, SQL_MODE='NO_AUTO_VALUE_ON_ZERO' */;
/*!40111 SET @OLD_SQL_NOTES=@@SQL_NOTES, SQL_NOTES=0 */;

--
-- Table structure for table `borrow_categories`
--

DROP TABLE IF EXISTS `borrow_categories`;
/*!40101 SET @saved_cs_client     = @@character_set_client */;
/*!40101 SET character_set_client = utf8 */;
CREATE TABLE `borrow_categories` (
  `id` int(11) unsigned NOT NULL AUTO_INCREMENT,
  `label` varchar(255) DEFAULT NULL,
  PRIMARY KEY (`id`)
) ENGINE=InnoDB DEFAULT CHARSET=utf8 ROW_FORMAT=DYNAMIC;
/*!40101 SET character_set_client = @saved_cs_client */;

--
-- Dumping data for table `borrow_categories`
--

LOCK TABLES `borrow_categories` WRITE;
/*!40000 ALTER TABLE `borrow_categories` DISABLE KEYS */;
/*!40000 ALTER TABLE `borrow_categories` ENABLE KEYS */;
UNLOCK TABLES;

--
-- Table structure for table `borrow_items`
--

DROP TABLE IF EXISTS `borrow_items`;
/*!40101 SET @saved_cs_client     = @@character_set_client */;
/*!40101 SET character_set_client = utf8 */;
CREATE TABLE `borrow_items` (
  `id` int(11) unsigned NOT NULL AUTO_INCREMENT,
  `label` varchar(255) DEFAULT NULL,
  `deleted` tinyint(4) NOT NULL DEFAULT '0',
  `category_id` int(11) unsigned DEFAULT NULL,
  `visible` tinyint(4) NOT NULL DEFAULT '0',
  `comment` text NOT NULL,
  `created` datetime DEFAULT NULL,
  `created_by` int(11) unsigned DEFAULT NULL,
  `modified` datetime DEFAULT NULL,
  `modified_by` int(11) unsigned DEFAULT NULL,
  `location_id` int(11) unsigned NOT NULL,
  PRIMARY KEY (`id`),
  KEY `category_id` (`category_id`),
  KEY `location_id` (`location_id`),
  KEY `created_by` (`created_by`),
  KEY `modified_by` (`modified_by`),
  CONSTRAINT `borrow_items_ibfk_3` FOREIGN KEY (`category_id`) REFERENCES `borrow_categories` (`id`) ON UPDATE CASCADE,
  CONSTRAINT `borrow_items_ibfk_4` FOREIGN KEY (`location_id`) REFERENCES `borrow_locations` (`id`) ON UPDATE CASCADE,
  CONSTRAINT `borrow_items_ibfk_5` FOREIGN KEY (`created_by`) REFERENCES `cms_users` (`id`) ON DELETE SET NULL ON UPDATE CASCADE,
  CONSTRAINT `borrow_items_ibfk_6` FOREIGN KEY (`modified_by`) REFERENCES `cms_users` (`id`) ON DELETE SET NULL ON UPDATE CASCADE
) ENGINE=InnoDB DEFAULT CHARSET=utf8 ROW_FORMAT=DYNAMIC;
/*!40101 SET character_set_client = @saved_cs_client */;

--
-- Dumping data for table `borrow_items`
--

LOCK TABLES `borrow_items` WRITE;
/*!40000 ALTER TABLE `borrow_items` DISABLE KEYS */;
/*!40000 ALTER TABLE `borrow_items` ENABLE KEYS */;
UNLOCK TABLES;

--
-- Table structure for table `borrow_locations`
--

DROP TABLE IF EXISTS `borrow_locations`;
/*!40101 SET @saved_cs_client     = @@character_set_client */;
/*!40101 SET character_set_client = utf8 */;
CREATE TABLE `borrow_locations` (
  `id` int(11) unsigned NOT NULL AUTO_INCREMENT,
  `camp_id` int(11) unsigned NOT NULL,
  `location` varchar(255) DEFAULT NULL,
  PRIMARY KEY (`id`),
  KEY `camp_id` (`camp_id`),
  CONSTRAINT `borrow_locations_ibfk_1` FOREIGN KEY (`camp_id`) REFERENCES `camps` (`id`) ON UPDATE CASCADE
) ENGINE=InnoDB DEFAULT CHARSET=utf8 ROW_FORMAT=DYNAMIC;
/*!40101 SET character_set_client = @saved_cs_client */;

--
-- Dumping data for table `borrow_locations`
--

LOCK TABLES `borrow_locations` WRITE;
/*!40000 ALTER TABLE `borrow_locations` DISABLE KEYS */;
/*!40000 ALTER TABLE `borrow_locations` ENABLE KEYS */;
UNLOCK TABLES;

--
-- Table structure for table `borrow_transactions`
--

DROP TABLE IF EXISTS `borrow_transactions`;
/*!40101 SET @saved_cs_client     = @@character_set_client */;
/*!40101 SET character_set_client = utf8 */;
CREATE TABLE `borrow_transactions` (
  `id` int(11) unsigned NOT NULL AUTO_INCREMENT,
  `transaction_date` datetime DEFAULT NULL,
  `bicycle_id` int(11) unsigned NOT NULL,
  `people_id` int(11) unsigned DEFAULT NULL,
  `status` varchar(5) DEFAULT NULL,
  `created` datetime DEFAULT NULL,
  `created_by` int(11) unsigned DEFAULT NULL,
  `modified` datetime DEFAULT NULL,
  `modified_by` int(11) unsigned DEFAULT NULL,
  `lights` tinyint(4) NOT NULL DEFAULT '0',
  `helmet` tinyint(4) NOT NULL DEFAULT '0',
  `location_id` int(11) unsigned DEFAULT NULL,
  PRIMARY KEY (`id`),
  KEY `location_id` (`location_id`),
  KEY `bicycle_id` (`bicycle_id`),
  KEY `created_by` (`created_by`),
  KEY `modified_by` (`modified_by`),
  KEY `people_id` (`people_id`),
  CONSTRAINT `borrow_transactions_ibfk_3` FOREIGN KEY (`location_id`) REFERENCES `borrow_locations` (`id`) ON UPDATE CASCADE,
  CONSTRAINT `borrow_transactions_ibfk_4` FOREIGN KEY (`bicycle_id`) REFERENCES `borrow_items` (`id`) ON UPDATE CASCADE,
  CONSTRAINT `borrow_transactions_ibfk_6` FOREIGN KEY (`created_by`) REFERENCES `cms_users` (`id`) ON DELETE SET NULL ON UPDATE CASCADE,
  CONSTRAINT `borrow_transactions_ibfk_7` FOREIGN KEY (`modified_by`) REFERENCES `cms_users` (`id`) ON DELETE SET NULL ON UPDATE CASCADE,
  CONSTRAINT `borrow_transactions_ibfk_8` FOREIGN KEY (`people_id`) REFERENCES `people` (`id`) ON DELETE SET NULL ON UPDATE CASCADE
) ENGINE=InnoDB DEFAULT CHARSET=utf8 ROW_FORMAT=DYNAMIC;
/*!40101 SET character_set_client = @saved_cs_client */;

--
-- Dumping data for table `borrow_transactions`
--

LOCK TABLES `borrow_transactions` WRITE;
/*!40000 ALTER TABLE `borrow_transactions` DISABLE KEYS */;
/*!40000 ALTER TABLE `borrow_transactions` ENABLE KEYS */;
UNLOCK TABLES;

--
-- Table structure for table `box_state`
--

DROP TABLE IF EXISTS `box_state`;
/*!40101 SET @saved_cs_client     = @@character_set_client */;
/*!40101 SET character_set_client = utf8 */;
CREATE TABLE `box_state` (
  `id` int(11) unsigned NOT NULL AUTO_INCREMENT,
  `label` varchar(20) NOT NULL,
  PRIMARY KEY (`id`),
  UNIQUE KEY `label` (`label`)
) ENGINE=InnoDB AUTO_INCREMENT=7 DEFAULT CHARSET=utf8;
/*!40101 SET character_set_client = @saved_cs_client */;

--
-- Dumping data for table `box_state`
--

LOCK TABLES `box_state` WRITE;
/*!40000 ALTER TABLE `box_state` DISABLE KEYS */;
INSERT INTO `box_state` VALUES (5,'Donated'),(1,'Instock'),(2,'Lost'),(3,'Ordered'),(4,'Picked'),(6,'Scrap');
/*!40000 ALTER TABLE `box_state` ENABLE KEYS */;
UNLOCK TABLES;

--
-- Table structure for table `camps`
--

DROP TABLE IF EXISTS `camps`;
/*!40101 SET @saved_cs_client     = @@character_set_client */;
/*!40101 SET character_set_client = utf8 */;
CREATE TABLE `camps` (
  `id` int(11) unsigned NOT NULL AUTO_INCREMENT,
  `idcard` tinyint(4) NOT NULL DEFAULT '0',
  `laundry` tinyint(4) NOT NULL DEFAULT '0',
  `laundry_cyclestart` date DEFAULT '2019-01-01',
  `market` tinyint(4) NOT NULL DEFAULT '1',
  `maxfooddrops_adult` int(11) DEFAULT '25',
  `maxfooddrops_child` int(11) DEFAULT '25',
  `modified` datetime DEFAULT NULL,
  `modified_by` int(11) unsigned DEFAULT NULL,
  `name` varchar(255) DEFAULT NULL,
  `organisation_id` int(11) unsigned NOT NULL,
  `schedulebreak` varchar(255) NOT NULL DEFAULT '1',
  `schedulebreakduration` varchar(255) NOT NULL DEFAULT '1',
  `schedulebreakstart` varchar(255) NOT NULL DEFAULT '13:00',
  `schedulestart` varchar(255) NOT NULL DEFAULT '11:00',
  `schedulestop` varchar(255) NOT NULL DEFAULT '17:00',
  `scheduletimeslot` varchar(255) NOT NULL DEFAULT '0.5',
  `seq` int(11) NOT NULL,
  `workshop` tinyint(4) NOT NULL DEFAULT '0',
  `adult_age` int(11) NOT NULL DEFAULT '15',
  `bicycle` tinyint(4) NOT NULL DEFAULT '0',
  `bicycle_closingtime` varchar(255) DEFAULT '17:30',
  `bicycle_closingtime_saturday` varchar(255) DEFAULT '16:30',
  `bicyclerenttime` int(11) NOT NULL DEFAULT '120',
  `created` datetime DEFAULT NULL,
  `created_by` int(11) unsigned DEFAULT NULL,
  `currencyname` varchar(255) NOT NULL DEFAULT 'Tokens',
  `cyclestart` datetime DEFAULT '2019-01-01 00:00:00',
  `daystokeepdeletedpersons` int(11) DEFAULT '9999',
  `delete_inactive_users` int(11) NOT NULL DEFAULT '30',
  `deleted` datetime DEFAULT NULL,
  `dropcapadult` int(11) NOT NULL DEFAULT '99999',
  `dropcapchild` int(11) NOT NULL DEFAULT '99999',
  `dropsperadult` varchar(255) NOT NULL DEFAULT '100',
  `dropsperchild` varchar(255) NOT NULL DEFAULT '100',
  `extraportion` tinyint(4) DEFAULT '0',
  `familyidentifier` varchar(255) NOT NULL DEFAULT 'Container',
  `food` tinyint(4) NOT NULL DEFAULT '0',
  `resettokens` tinyint(1) DEFAULT '0',
  `beneficiaryisregistered` tinyint(1) NOT NULL DEFAULT '1',
  `beneficiaryisvolunteer` tinyint(1) NOT NULL DEFAULT '1',
  `separateshopandwhproducts` tinyint(1) NOT NULL DEFAULT '0',
  PRIMARY KEY (`id`),
  KEY `organisation_id` (`organisation_id`),
  KEY `created_by` (`created_by`),
  KEY `modified_by` (`modified_by`),
  CONSTRAINT `camps_ibfk_1` FOREIGN KEY (`organisation_id`) REFERENCES `organisations` (`id`) ON UPDATE CASCADE,
  CONSTRAINT `camps_ibfk_2` FOREIGN KEY (`created_by`) REFERENCES `cms_users` (`id`) ON DELETE SET NULL ON UPDATE CASCADE,
  CONSTRAINT `camps_ibfk_3` FOREIGN KEY (`modified_by`) REFERENCES `cms_users` (`id`) ON DELETE SET NULL ON UPDATE CASCADE
) ENGINE=InnoDB AUTO_INCREMENT=100000002 DEFAULT CHARSET=utf8 ROW_FORMAT=DYNAMIC;
/*!40101 SET character_set_client = @saved_cs_client */;

--
-- Dumping data for table `camps`
--

LOCK TABLES `camps` WRITE;
/*!40000 ALTER TABLE `camps` DISABLE KEYS */;
INSERT INTO `camps` VALUES (1,0,0,'2019-01-01',1,25,25,NULL,NULL,'Lesvos',1,'0','1','2019-08-27 13:00:00','2019-08-27 11:00:00','2019-08-27 17:00:00','0.5',1,0,15,0,'17:30','16:30',120,NULL,NULL,'Tokens','2019-01-01 00:00:00',9999,8,NULL,99999,99999,'100','100',0,'Refugee / Case ID',0,0,1,1,0),(2,0,0,'2019-01-01',0,25,25,NULL,NULL,'Thessaloniki',2,'0','1','13:00','9:00','15:00','0.25',2,0,15,0,'17:30','16:30',120,NULL,NULL,'points','2019-11-05 09:13:11',9999,9999,NULL,99999,99999,'100','50',0,'Family ID',0,1,1,1,0),(3,0,0,'2019-01-01',1,25,25,NULL,NULL,'Samos',2,'0','1.5','2019-10-14 13:30:00','2019-10-14 10:30:00','2019-10-14 17:00:00','0.5',4,0,0,0,'17:30','16:30',120,NULL,NULL,'Tokens','2019-01-06 22:18:10',60,9999,NULL,500,300,'150','130',1,'Household',0,0,1,1,0),(4,0,0,'2019-01-01',0,25,25,NULL,NULL,'Athens',2,'0','1','13:00','9:00','15:00','0.25',5,0,15,0,'17:30','16:30',120,NULL,NULL,'points','2019-11-05 09:13:11',9999,9999,NULL,99999,99999,'100','50',0,'Family ID',0,1,1,1,0),(100000000,1,0,'2019-01-01',1,25,25,'2019-09-05 13:48:34',1,'TestBase',100000000,'1','1','2019-09-05 13:00:00','2019-09-05 11:00:00','2019-09-05 17:00:00','0.5',3,0,15,0,'2019-09-05 17:30:00','2019-09-05 16:30:00',120,'2019-07-10 08:06:22',1,'Tokens','2019-01-01 00:00:00',9999,99999,NULL,99999,99999,'100','100',0,'Refugee ID',0,0,1,1,0),(100000001,1,0,'2019-01-01',1,25,25,'2019-09-05 13:48:34',1,'DummyTestBaseWithBoxes',100000001,'1','1','2019-09-05 13:00:00','2019-09-05 11:00:00','2019-09-05 17:00:00','0.5',3,0,15,0,'2019-09-05 17:30:00','2019-09-05 16:30:00',120,'2019-07-10 08:06:22',1,'Tokens','2019-01-01 00:00:00',9999,30,NULL,99999,99999,'100','100',0,'Refugee ID',0,0,1,1,0);
/*!40000 ALTER TABLE `camps` ENABLE KEYS */;
UNLOCK TABLES;

--
-- Table structure for table `cms_functions`
--

DROP TABLE IF EXISTS `cms_functions`;
/*!40101 SET @saved_cs_client     = @@character_set_client */;
/*!40101 SET character_set_client = utf8 */;
CREATE TABLE `cms_functions` (
  `id` int(11) unsigned NOT NULL AUTO_INCREMENT,
  `parent_id` int(11) unsigned DEFAULT NULL,
  `title_en` varchar(255) NOT NULL DEFAULT '',
  `include` varchar(255) NOT NULL DEFAULT '',
  `seq` int(11) NOT NULL DEFAULT '0',
  `created` datetime DEFAULT NULL,
  `created_by` int(11) unsigned DEFAULT NULL,
  `modified` datetime DEFAULT NULL,
  `modified_by` int(11) unsigned DEFAULT NULL,
  `alert` int(11) NOT NULL DEFAULT '0',
  `adminonly` tinyint(4) NOT NULL DEFAULT '0',
  `visible` tinyint(4) NOT NULL,
  `allusers` tinyint(4) NOT NULL DEFAULT '0',
  `allcamps` tinyint(4) NOT NULL DEFAULT '0',
  `action_permissions` varchar(255) DEFAULT NULL,
  PRIMARY KEY (`id`),
  KEY `parent_id` (`parent_id`),
  KEY `created_by` (`created_by`),
  KEY `modified_by` (`modified_by`),
  CONSTRAINT `cms_functions_ibfk_3` FOREIGN KEY (`parent_id`) REFERENCES `cms_functions` (`id`) ON DELETE SET NULL ON UPDATE CASCADE,
  CONSTRAINT `cms_functions_ibfk_4` FOREIGN KEY (`created_by`) REFERENCES `cms_users` (`id`) ON DELETE SET NULL ON UPDATE CASCADE,
  CONSTRAINT `cms_functions_ibfk_5` FOREIGN KEY (`modified_by`) REFERENCES `cms_users` (`id`) ON DELETE SET NULL ON UPDATE CASCADE
) ENGINE=InnoDB AUTO_INCREMENT=163 DEFAULT CHARSET=utf8 ROW_FORMAT=DYNAMIC;
/*!40101 SET character_set_client = @saved_cs_client */;

--
-- Dumping data for table `cms_functions`
--

LOCK TABLES `cms_functions` WRITE;
/*!40000 ALTER TABLE `cms_functions` DISABLE KEYS */;
INSERT INTO `cms_functions` VALUES (35,NULL,'Free Shop','',3,NULL,NULL,NULL,NULL,0,0,1,0,0,NULL),(42,NULL,'Admin','',8,NULL,NULL,NULL,NULL,0,0,1,0,0,NULL),(43,42,'Manage Users','cms_users',20,NULL,NULL,NULL,NULL,0,0,1,0,1,'manage_volunteers,manage_coordinators,manage_admins'),(44,155,'Settings','cms_settings',25,NULL,NULL,NULL,NULL,0,1,1,0,1,'be_god'),(45,155,'Texts','cms_translate',26,NULL,NULL,NULL,NULL,0,1,1,0,1,'be_god'),(50,155,'Manage menu functions','cms_functions',24,NULL,NULL,NULL,NULL,0,1,1,0,1,'be_god'),(67,42,'Manage products','products',18,NULL,NULL,NULL,NULL,0,0,1,0,0,'manage_products'),(87,35,'Checkout','check_out',7,NULL,NULL,NULL,NULL,0,0,1,0,0,'checkout_beneficiaries'),(90,99,'Manage boxes','stock',2,NULL,NULL,NULL,NULL,0,0,1,0,0,'manage_inventory'),(92,35,'Give tokens <span>to</span> all','give2all',10,NULL,NULL,NULL,NULL,0,0,1,0,0,'manage_tokens'),(96,128,'Sales reports','sales_list',16,NULL,NULL,NULL,NULL,0,0,1,0,0,'list_sales'),(99,NULL,'Inventory','',1,NULL,NULL,NULL,NULL,0,0,1,0,0,NULL),(102,128,'Fancy graphs (<span>beta</span>)','fancygraphs',17,NULL,NULL,NULL,NULL,0,0,1,0,0,'view_beneficiary_graph'),(110,35,'Stockroom','container-stock',8,NULL,NULL,NULL,NULL,0,0,1,0,0,'view_stockroom'),(111,35,'Generate market schedule','market_schedule',9,NULL,NULL,NULL,NULL,0,0,1,0,0,'generate_market_schedule'),(112,99,'Print box labels','qr',1,NULL,NULL,NULL,NULL,0,0,1,0,0,'create_label'),(113,NULL,'Actions','',7,NULL,NULL,NULL,NULL,0,0,1,0,0,NULL),(115,42,'Edit Warehouses','locations',19,NULL,NULL,NULL,NULL,0,0,1,0,0,'manage_warehouses'),(116,110,'Containers List','printed_list_containers',2,NULL,NULL,NULL,NULL,0,0,1,1,0,'view_stockroom'),(118,161,'Manage beneficiaries','people',5,NULL,NULL,NULL,NULL,0,0,1,0,0,'manage_beneficiaries'),(121,NULL,'Hidden menu items','',10,NULL,NULL,NULL,NULL,0,0,0,1,0,NULL),(123,121,'Start page','start',27,NULL,NULL,NULL,NULL,0,0,0,1,0,'view_start_page'),(124,92,'Give tokens <span>to</span> selected families','give',3,NULL,NULL,NULL,NULL,0,0,1,1,0,'be_god'),(125,121,'User profile','cms_profile',28,NULL,NULL,NULL,NULL,0,0,0,1,0,'be_user'),(126,121,'Exit login as','exitloginas',29,NULL,NULL,NULL,NULL,0,0,0,1,0,NULL),(127,96,'Sales List Download','sales_list_download',9,NULL,NULL,NULL,NULL,0,0,1,1,0,'list_sales'),(128,NULL,'Insight','',6,NULL,NULL,NULL,NULL,0,0,1,0,0,NULL),(130,35,'Lists','food_lists',11,NULL,NULL,NULL,NULL,0,0,1,0,0,NULL),(131,NULL,'Services','',4,NULL,NULL,NULL,NULL,0,0,1,0,0,NULL),(132,131,'Bicycles / Sport','borrow',13,NULL,NULL,NULL,NULL,0,0,1,0,0,NULL),(140,132,'Borrow edit','borrowedititem',6,NULL,NULL,NULL,NULL,0,0,1,1,0,NULL),(144,132,'Borrow history ','borrowhistory',7,NULL,NULL,NULL,NULL,0,0,1,1,0,NULL),(145,148,'Library titles (<span>beta</span>)','library_inventory',14,NULL,NULL,NULL,NULL,0,0,1,0,0,'manage_books'),(146,148,'Lent out (<span>beta</span>)','library',15,NULL,NULL,NULL,NULL,0,0,1,0,0,'lend_books'),(147,146,'Library history','libraryhistory',8,NULL,NULL,NULL,NULL,0,0,1,1,0,'lend_books'),(148,NULL,'Library','',5,NULL,NULL,NULL,NULL,0,0,1,0,0,NULL),(149,131,'Laundry','laundry',12,NULL,NULL,NULL,NULL,0,0,1,0,0,NULL),(150,118,'All Residents export','people_export',1,NULL,NULL,NULL,NULL,0,0,1,1,0,'manage_beneficiaries'),(151,149,'Laundry No show','laundry_noshow',4,NULL,NULL,NULL,NULL,0,0,1,1,0,NULL),(152,149,'Laundry start new cycle','laundry_startcycle',5,NULL,NULL,NULL,NULL,0,0,1,1,0,NULL),(154,155,'Organisations','organisations',23,NULL,NULL,NULL,NULL,0,1,1,0,1,'manage_organizations,be_god'),(155,NULL,'Boxtribute Gods','',9,NULL,NULL,NULL,NULL,0,1,1,0,0,NULL),(156,42,'User groups','cms_usergroups',21,NULL,NULL,NULL,NULL,0,0,1,0,1,'be_god'),(157,155,'Bases','camps',22,NULL,NULL,NULL,NULL,0,1,1,0,1,'manage_base,be_god'),(158,161,'Add beneficiary','people_add',4,NULL,NULL,NULL,NULL,0,0,1,0,0,'create_beneficiaries'),(160,99,'Stock Overview (<span>beta</span>)','stock_overview',3,NULL,NULL,NULL,NULL,0,0,1,0,0,'view_inventory'),(161,NULL,'Beneficiaries','',2,NULL,NULL,NULL,NULL,0,0,1,0,0,NULL),(162,42,'Manage tags','tags',6,NULL,NULL,NULL,NULL,0,0,1,0,0,'manage_tags');
/*!40000 ALTER TABLE `cms_functions` ENABLE KEYS */;
UNLOCK TABLES;

--
-- Table structure for table `cms_functions_camps`
--

DROP TABLE IF EXISTS `cms_functions_camps`;
/*!40101 SET @saved_cs_client     = @@character_set_client */;
/*!40101 SET character_set_client = utf8 */;
CREATE TABLE `cms_functions_camps` (
  `cms_functions_id` int(11) unsigned NOT NULL,
  `camps_id` int(11) unsigned NOT NULL,
  UNIQUE KEY `functions_camps_unique` (`cms_functions_id`,`camps_id`),
  KEY `cms_functions_id` (`cms_functions_id`),
  KEY `camps_id` (`camps_id`),
  CONSTRAINT `cms_functions_camps_ibfk_2` FOREIGN KEY (`camps_id`) REFERENCES `camps` (`id`) ON DELETE CASCADE ON UPDATE CASCADE,
  CONSTRAINT `cms_functions_camps_ibfk_3` FOREIGN KEY (`cms_functions_id`) REFERENCES `cms_functions` (`id`) ON DELETE CASCADE ON UPDATE CASCADE
) ENGINE=InnoDB DEFAULT CHARSET=utf8 ROW_FORMAT=DYNAMIC;
/*!40101 SET character_set_client = @saved_cs_client */;

--
-- Dumping data for table `cms_functions_camps`
--

LOCK TABLES `cms_functions_camps` WRITE;
/*!40000 ALTER TABLE `cms_functions_camps` DISABLE KEYS */;
INSERT INTO `cms_functions_camps` VALUES (43,1),(43,2),(43,3),(43,4),(43,100000000),(43,100000001),(67,1),(67,2),(67,3),(67,4),(67,100000000),(67,100000001),(87,1),(87,2),(87,3),(87,4),(87,100000000),(87,100000001),(90,1),(90,2),(90,3),(90,4),(90,100000000),(90,100000001),(92,1),(92,2),(92,3),(92,4),(92,100000000),(92,100000001),(96,1),(96,2),(96,3),(96,4),(96,100000000),(96,100000001),(102,1),(102,2),(102,3),(102,4),(102,100000000),(102,100000001),(110,1),(110,2),(110,3),(110,4),(110,100000000),(110,100000001),(111,1),(111,3),(111,100000000),(112,1),(112,2),(112,3),(112,4),(112,100000000),(112,100000001),(115,1),(115,2),(115,3),(115,4),(115,100000000),(115,100000001),(118,1),(118,2),(118,3),(118,4),(118,100000000),(118,100000001),(123,1),(123,2),(123,3),(123,4),(123,100000000),(123,100000001),(125,1),(125,2),(125,3),(125,4),(125,100000000),(125,100000001),(130,1),(130,3),(145,1),(146,1),(158,1),(158,2),(158,3),(158,4),(158,100000000),(158,100000001),(160,1),(160,2),(160,3),(160,4),(160,100000000),(160,100000001),(162,1),(162,2),(162,3),(162,4),(162,100000000),(162,100000001);
/*!40000 ALTER TABLE `cms_functions_camps` ENABLE KEYS */;
UNLOCK TABLES;

--
-- Table structure for table `cms_settings`
--

DROP TABLE IF EXISTS `cms_settings`;
/*!40101 SET @saved_cs_client     = @@character_set_client */;
/*!40101 SET character_set_client = utf8 */;
CREATE TABLE `cms_settings` (
  `id` int(11) unsigned NOT NULL AUTO_INCREMENT,
  `category_id` int(11) unsigned NOT NULL,
  `type` varchar(20) DEFAULT NULL,
  `code` varchar(255) NOT NULL,
  `description` varchar(255) DEFAULT NULL,
  `options` varchar(255) DEFAULT NULL,
  `value` text,
  `hidden` tinyint(4) NOT NULL DEFAULT '0',
  `created` datetime DEFAULT NULL,
  `created_by` int(11) unsigned DEFAULT NULL,
  `modified` datetime DEFAULT NULL,
  `modified_by` int(11) unsigned DEFAULT NULL,
  PRIMARY KEY (`id`),
  UNIQUE KEY `code` (`code`),
  KEY `created_by` (`created_by`),
  KEY `modified_by` (`modified_by`),
  CONSTRAINT `cms_settings_ibfk_1` FOREIGN KEY (`created_by`) REFERENCES `cms_users` (`id`) ON DELETE SET NULL ON UPDATE CASCADE,
  CONSTRAINT `cms_settings_ibfk_2` FOREIGN KEY (`modified_by`) REFERENCES `cms_users` (`id`) ON DELETE SET NULL ON UPDATE CASCADE
) ENGINE=InnoDB AUTO_INCREMENT=139 DEFAULT CHARSET=utf8 ROW_FORMAT=DYNAMIC;
/*!40101 SET character_set_client = @saved_cs_client */;

--
-- Dumping data for table `cms_settings`
--

LOCK TABLES `cms_settings` WRITE;
/*!40000 ALTER TABLE `cms_settings` DISABLE KEYS */;
INSERT INTO `cms_settings` VALUES (83,1,'select','cms_language','Language used for CMS interface','en=English','en',1,NULL,NULL,NULL,NULL),(86,1,'text','mail_sender','Sender address for e-mails sent by Boxtribute','','hello@boxtribute.org',1,NULL,NULL,NULL,NULL),(87,1,'text','mail_sender_name','Sender name for e-mails sent by Boxtribute','','Boxtribute',1,NULL,NULL,NULL,NULL),(92,1,'text','apple-mobile-web-app-title','Title for Apple Mobile Web App','','Boxtribute',1,NULL,NULL,NULL,NULL),(137,1,'text','dailyroutine','Last date the daily routine did run','','2019-06-26',1,NULL,NULL,NULL,NULL),(138,1,'text','installed','Date and time of installation and first run','','2016-23-11 9:00:00',1,NULL,NULL,NULL,NULL);
/*!40000 ALTER TABLE `cms_settings` ENABLE KEYS */;
UNLOCK TABLES;

--
-- Table structure for table `cms_usergroups`
--

DROP TABLE IF EXISTS `cms_usergroups`;
/*!40101 SET @saved_cs_client     = @@character_set_client */;
/*!40101 SET character_set_client = utf8 */;
CREATE TABLE `cms_usergroups` (
  `id` int(11) unsigned NOT NULL AUTO_INCREMENT,
  `label` varchar(255) NOT NULL,
  `created` datetime DEFAULT NULL,
  `created_by` int(11) unsigned DEFAULT NULL,
  `modified` datetime DEFAULT NULL,
  `modified_by` int(11) unsigned DEFAULT NULL,
  `organisation_id` int(11) unsigned NOT NULL,
  `userlevel` int(11) unsigned NOT NULL,
  `allow_laundry_startcycle` tinyint(4) NOT NULL DEFAULT '0',
  `allow_laundry_block` tinyint(4) NOT NULL DEFAULT '0',
  `allow_borrow_adddelete` tinyint(4) NOT NULL,
  `deleted` datetime DEFAULT NULL,
  PRIMARY KEY (`id`),
  KEY `organisation_id` (`organisation_id`),
  KEY `userlevel` (`userlevel`),
  KEY `created_by` (`created_by`),
  KEY `modified_by` (`modified_by`),
  CONSTRAINT `cms_usergroups_ibfk_1` FOREIGN KEY (`organisation_id`) REFERENCES `organisations` (`id`) ON UPDATE CASCADE,
  CONSTRAINT `cms_usergroups_ibfk_2` FOREIGN KEY (`userlevel`) REFERENCES `cms_usergroups_levels` (`id`) ON UPDATE CASCADE,
  CONSTRAINT `cms_usergroups_ibfk_3` FOREIGN KEY (`created_by`) REFERENCES `cms_users` (`id`) ON DELETE SET NULL ON UPDATE CASCADE,
  CONSTRAINT `cms_usergroups_ibfk_4` FOREIGN KEY (`modified_by`) REFERENCES `cms_users` (`id`) ON DELETE SET NULL ON UPDATE CASCADE
) ENGINE=InnoDB AUTO_INCREMENT=100004258 DEFAULT CHARSET=utf8 ROW_FORMAT=DYNAMIC;
/*!40101 SET character_set_client = @saved_cs_client */;

--
-- Dumping data for table `cms_usergroups`
--

LOCK TABLES `cms_usergroups` WRITE;
/*!40000 ALTER TABLE `cms_usergroups` DISABLE KEYS */;
INSERT INTO `cms_usergroups` VALUES (1,'Head of Operations',NULL,NULL,NULL,NULL,1,1,0,0,0,NULL),(2,'Coordinator',NULL,NULL,NULL,NULL,1,2,0,0,0,NULL),(3,'WH Volunteer',NULL,NULL,NULL,NULL,1,3,0,0,0,NULL),(4,'Free Shop Volunteer',NULL,NULL,NULL,NULL,1,3,0,0,0,NULL),(5,'Library Volunteer',NULL,NULL,NULL,NULL,1,3,0,0,0,NULL),(6,'Volunteer',NULL,NULL,NULL,NULL,1,3,0,0,0,NULL),(10,'Head of Operations',NULL,NULL,NULL,NULL,2,1,0,0,0,NULL),(11,'Thessa Coordinator',NULL,NULL,NULL,NULL,2,2,0,0,0,NULL),(12,'Samos Coordinator',NULL,NULL,NULL,NULL,2,2,0,0,0,NULL),(13,'Thessa Volunteer',NULL,NULL,NULL,NULL,2,3,0,0,0,NULL),(14,'Samos Volunteer',NULL,NULL,NULL,NULL,2,3,0,0,0,NULL),(15,'Coordinator',NULL,NULL,NULL,NULL,2,2,0,0,0,NULL),(16,'Volunteer',NULL,NULL,NULL,NULL,2,3,0,0,0,NULL),(17,'Base Athens - Coordinator',NULL,NULL,NULL,NULL,2,2,0,0,0,NULL),(18,'Base Athens - Volunteer',NULL,NULL,NULL,NULL,2,3,0,0,0,NULL),(19,'Base Athens - Volunteer (Warehouse)',NULL,NULL,NULL,NULL,2,2,0,0,0,NULL),(20,'Base Athens - Volunteer (Free Shop)',NULL,NULL,NULL,NULL,2,2,0,0,0,NULL),(21,'Base Athens - Label Creation',NULL,NULL,NULL,NULL,2,2,0,0,0,NULL),(100000000,'Base TestBase - Volunteer','2019-07-10 08:06:53',1,NULL,NULL,100000000,3,0,0,0,NULL),(100000001,'Base TestBase - Coordinator','2019-07-10 08:07:15',1,NULL,NULL,100000000,2,0,0,0,NULL),(100000002,'Head of Operations','2019-07-10 08:07:44',1,NULL,NULL,100000000,1,0,0,0,NULL),(100000003,'TestUserGroup_NoPermissions','2019-07-10 08:06:53',1,NULL,NULL,100000000,3,0,0,0,NULL),(100004234,'Base Lesvos - Coordinator','2022-11-10 00:45:00',NULL,NULL,NULL,1,2,0,0,0,NULL),(100004235,'Base Lesvos - Volunteer','2022-11-10 00:45:00',NULL,NULL,NULL,1,3,0,0,0,NULL),(100004236,'Base Lesvos - Volunteer (Warehouse)','2022-11-10 00:45:00',NULL,NULL,NULL,1,3,0,0,0,NULL),(100004237,'Base Lesvos - Volunteer (Free Shop)','2022-11-10 00:45:00',NULL,NULL,NULL,1,3,0,0,0,NULL),(100004238,'Base Lesvos - Label Creation','2022-11-10 00:45:00',NULL,NULL,NULL,1,3,0,0,0,NULL),(100004239,'Base Samos - Coordinator','2022-11-10 00:45:37',NULL,NULL,NULL,2,2,0,0,0,NULL),(100004240,'Base Samos - Volunteer','2022-11-10 00:45:37',NULL,NULL,NULL,2,3,0,0,0,NULL),(100004241,'Base Samos - Volunteer (Warehouse)','2022-11-10 00:45:37',NULL,NULL,NULL,2,3,0,0,0,NULL),(100004242,'Base Samos - Volunteer (Free Shop)','2022-11-10 00:45:37',NULL,NULL,NULL,2,3,0,0,0,NULL),(100004243,'Base Samos - Label Creation','2022-11-10 00:45:37',NULL,NULL,NULL,2,3,0,0,0,NULL),(100004244,'Base Thessaloniki - Coordinator','2022-11-10 00:45:53',NULL,NULL,NULL,2,2,0,0,0,NULL),(100004245,'Base Thessaloniki - Volunteer','2022-11-10 00:45:53',NULL,NULL,NULL,2,3,0,0,0,NULL),(100004246,'Base Thessaloniki - Volunteer (Warehouse)','2022-11-10 00:45:53',NULL,NULL,NULL,2,3,0,0,0,NULL),(100004247,'Base Thessaloniki - Volunteer (Free Shop)','2022-11-10 00:45:53',NULL,NULL,NULL,2,3,0,0,0,NULL),(100004248,'Base Thessaloniki - Label Creation','2022-11-10 00:45:53',NULL,NULL,NULL,2,3,0,0,0,NULL),(100004249,'Base TestBase - Volunteer (Warehouse)','2022-11-10 00:46:10',NULL,NULL,NULL,100000000,3,0,0,0,NULL),(100004250,'Base TestBase - Volunteer (Free Shop)','2022-11-10 00:46:10',NULL,NULL,NULL,100000000,3,0,0,0,NULL),(100004251,'Base TestBase - Label Creation','2022-11-10 00:46:10',NULL,NULL,NULL,100000000,3,0,0,0,NULL),(100004252,'Head of Operations','2022-11-10 00:46:26',NULL,NULL,NULL,100000001,1,0,0,0,NULL),(100004253,'Base DummyTestBaseWithBoxes - Coordinator','2022-11-10 00:46:26',NULL,NULL,NULL,100000001,2,0,0,0,NULL),(100004254,'Base DummyTestBaseWithBoxes - Volunteer','2022-11-10 00:46:26',NULL,NULL,NULL,100000001,3,0,0,0,NULL),(100004255,'Base DummyTestBaseWithBoxes - Volunteer (Warehouse)','2022-11-10 00:46:26',NULL,NULL,NULL,100000001,3,0,0,0,NULL),(100004256,'Base DummyTestBaseWithBoxes - Volunteer (Free Shop)','2022-11-10 00:46:26',NULL,NULL,NULL,100000001,3,0,0,0,NULL),(100004257,'Base DummyTestBaseWithBoxes - Label Creation','2022-11-10 00:46:26',NULL,NULL,NULL,100000001,3,0,0,0,NULL);
/*!40000 ALTER TABLE `cms_usergroups` ENABLE KEYS */;
UNLOCK TABLES;

--
-- Table structure for table `cms_usergroups_camps`
--

DROP TABLE IF EXISTS `cms_usergroups_camps`;
/*!40101 SET @saved_cs_client     = @@character_set_client */;
/*!40101 SET character_set_client = utf8 */;
CREATE TABLE `cms_usergroups_camps` (
  `camp_id` int(11) unsigned NOT NULL,
  `cms_usergroups_id` int(11) unsigned NOT NULL,
  UNIQUE KEY `usergroups_camps_unique` (`camp_id`,`cms_usergroups_id`),
  KEY `cms_usergroups_id` (`cms_usergroups_id`),
  KEY `camp_id` (`camp_id`),
  CONSTRAINT `cms_usergroups_camps_ibfk_1` FOREIGN KEY (`cms_usergroups_id`) REFERENCES `cms_usergroups` (`id`) ON DELETE CASCADE ON UPDATE CASCADE,
  CONSTRAINT `cms_usergroups_camps_ibfk_2` FOREIGN KEY (`camp_id`) REFERENCES `camps` (`id`) ON DELETE CASCADE ON UPDATE CASCADE
) ENGINE=InnoDB DEFAULT CHARSET=utf8 ROW_FORMAT=DYNAMIC;
/*!40101 SET character_set_client = @saved_cs_client */;

--
-- Dumping data for table `cms_usergroups_camps`
--

LOCK TABLES `cms_usergroups_camps` WRITE;
/*!40000 ALTER TABLE `cms_usergroups_camps` DISABLE KEYS */;
INSERT INTO `cms_usergroups_camps` VALUES (1,1),(1,2),(1,3),(1,4),(1,5),(1,6),(2,10),(3,10),(4,10),(2,11),(3,12),(2,13),(3,14),(2,15),(3,15),(2,16),(3,16),(4,17),(4,18),(4,19),(4,20),(4,21),(100000000,100000000),(100000000,100000001),(100000000,100000002),(100000000,100000003),(1,100004234),(1,100004235),(1,100004236),(1,100004237),(1,100004238),(3,100004239),(3,100004240),(3,100004241),(3,100004242),(3,100004243),(2,100004244),(2,100004245),(2,100004246),(2,100004247),(2,100004248),(100000000,100004249),(100000000,100004250),(100000000,100004251),(100000001,100004252),(100000001,100004253),(100000001,100004254),(100000001,100004255),(100000001,100004256),(100000001,100004257);
/*!40000 ALTER TABLE `cms_usergroups_camps` ENABLE KEYS */;
UNLOCK TABLES;

--
-- Table structure for table `cms_usergroups_functions`
--

DROP TABLE IF EXISTS `cms_usergroups_functions`;
/*!40101 SET @saved_cs_client     = @@character_set_client */;
/*!40101 SET character_set_client = utf8 */;
CREATE TABLE `cms_usergroups_functions` (
  `cms_functions_id` int(11) unsigned NOT NULL,
  `cms_usergroups_id` int(11) unsigned NOT NULL,
  UNIQUE KEY `usergroups_functions_unique` (`cms_functions_id`,`cms_usergroups_id`),
  KEY `cms_usergroups_id` (`cms_usergroups_id`),
  KEY `cms_functions_id` (`cms_functions_id`),
  CONSTRAINT `cms_usergroups_functions_ibfk_1` FOREIGN KEY (`cms_usergroups_id`) REFERENCES `cms_usergroups` (`id`) ON DELETE CASCADE ON UPDATE CASCADE,
  CONSTRAINT `cms_usergroups_functions_ibfk_2` FOREIGN KEY (`cms_functions_id`) REFERENCES `cms_functions` (`id`) ON DELETE CASCADE ON UPDATE CASCADE
) ENGINE=InnoDB DEFAULT CHARSET=utf8 ROW_FORMAT=DYNAMIC;
/*!40101 SET character_set_client = @saved_cs_client */;

--
-- Dumping data for table `cms_usergroups_functions`
--

LOCK TABLES `cms_usergroups_functions` WRITE;
/*!40000 ALTER TABLE `cms_usergroups_functions` DISABLE KEYS */;
INSERT INTO `cms_usergroups_functions` VALUES (43,1),(67,1),(87,1),(90,1),(92,1),(96,1),(102,1),(110,1),(111,1),(112,1),(115,1),(118,1),(123,1),(125,1),(130,1),(145,1),(146,1),(156,1),(158,1),(160,1),(162,1),(43,2),(67,2),(87,2),(90,2),(92,2),(96,2),(102,2),(110,2),(111,2),(112,2),(115,2),(118,2),(130,2),(145,2),(146,2),(158,2),(160,2),(162,2),(90,3),(110,3),(112,3),(160,3),(87,4),(96,4),(102,4),(110,4),(118,4),(130,4),(158,4),(102,5),(118,5),(145,5),(146,5),(87,6),(90,6),(96,6),(102,6),(110,6),(112,6),(118,6),(130,6),(145,6),(146,6),(158,6),(160,6),(43,10),(67,10),(87,10),(90,10),(92,10),(96,10),(102,10),(110,10),(111,10),(112,10),(115,10),(118,10),(123,10),(125,10),(130,10),(156,10),(158,10),(160,10),(162,10),(43,11),(67,11),(90,11),(110,11),(112,11),(115,11),(160,11),(43,12),(67,12),(87,12),(92,12),(96,12),(102,12),(110,12),(111,12),(118,12),(130,12),(158,12),(162,12),(90,13),(110,13),(112,13),(160,13),(87,14),(96,14),(102,14),(110,14),(118,14),(130,14),(158,14),(43,15),(67,15),(87,15),(90,15),(92,15),(96,15),(102,15),(110,15),(111,15),(112,15),(115,15),(118,15),(130,15),(158,15),(160,15),(162,15),(87,16),(90,16),(96,16),(102,16),(110,16),(112,16),(118,16),(130,16),(158,16),(160,16),(43,17),(67,17),(87,17),(90,17),(92,17),(96,17),(102,17),(110,17),(112,17),(115,17),(118,17),(123,17),(125,17),(158,17),(160,17),(162,17),(87,18),(90,18),(96,18),(102,18),(110,18),(112,18),(118,18),(123,18),(125,18),(158,18),(160,18),(90,19),(110,19),(112,19),(123,19),(125,19),(160,19),(87,20),(96,20),(102,20),(110,20),(118,20),(123,20),(125,20),(158,20),(112,21),(125,21),(87,100000000),(90,100000000),(96,100000000),(102,100000000),(110,100000000),(112,100000000),(118,100000000),(123,100000000),(125,100000000),(158,100000000),(160,100000000),(43,100000001),(67,100000001),(87,100000001),(90,100000001),(92,100000001),(96,100000001),(102,100000001),(110,100000001),(111,100000001),(112,100000001),(115,100000001),(118,100000001),(123,100000001),(125,100000001),(156,100000001),(158,100000001),(160,100000001),(162,100000001),(43,100000002),(67,100000002),(87,100000002),(90,100000002),(92,100000002),(96,100000002),(102,100000002),(110,100000002),(111,100000002),(112,100000002),(115,100000002),(118,100000002),(123,100000002),(125,100000002),(156,100000002),(158,100000002),(160,100000002),(162,100000002),(43,100004234),(67,100004234),(87,100004234),(90,100004234),(92,100004234),(96,100004234),(102,100004234),(110,100004234),(112,100004234),(115,100004234),(118,100004234),(123,100004234),(125,100004234),(158,100004234),(160,100004234),(162,100004234),(87,100004235),(90,100004235),(96,100004235),(102,100004235),(110,100004235),(112,100004235),(118,100004235),(123,100004235),(125,100004235),(158,100004235),(160,100004235),(90,100004236),(110,100004236),(112,100004236),(123,100004236),(125,100004236),(160,100004236),(87,100004237),(96,100004237),(102,100004237),(110,100004237),(118,100004237),(123,100004237),(125,100004237),(158,100004237),(112,100004238),(125,100004238),(43,100004239),(67,100004239),(87,100004239),(90,100004239),(92,100004239),(96,100004239),(102,100004239),(110,100004239),(112,100004239),(115,100004239),(118,100004239),(123,100004239),(125,100004239),(158,100004239),(160,100004239),(162,100004239),(87,100004240),(90,100004240),(96,100004240),(102,100004240),(110,100004240),(112,100004240),(118,100004240),(123,100004240),(125,100004240),(158,100004240),(160,100004240),(90,100004241),(110,100004241),(112,100004241),(123,100004241),(125,100004241),(160,100004241),(87,100004242),(96,100004242),(102,100004242),(110,100004242),(118,100004242),(123,100004242),(125,100004242),(158,100004242),(112,100004243),(125,100004243),(43,100004244),(67,100004244),(87,100004244),(90,100004244),(92,100004244),(96,100004244),(102,100004244),(110,100004244),(112,100004244),(115,100004244),(118,100004244),(123,100004244),(125,100004244),(158,100004244),(160,100004244),(162,100004244),(87,100004245),(90,100004245),(96,100004245),(102,100004245),(110,100004245),(112,100004245),(118,100004245),(123,100004245),(125,100004245),(158,100004245),(160,100004245),(90,100004246),(110,100004246),(112,100004246),(123,100004246),(125,100004246),(160,100004246),(87,100004247),(96,100004247),(102,100004247),(110,100004247),(118,100004247),(123,100004247),(125,100004247),(158,100004247),(112,100004248),(125,100004248),(90,100004249),(110,100004249),(112,100004249),(123,100004249),(125,100004249),(160,100004249),(87,100004250),(96,100004250),(102,100004250),(110,100004250),(118,100004250),(123,100004250),(125,100004250),(158,100004250),(112,100004251),(125,100004251),(43,100004252),(67,100004252),(87,100004252),(90,100004252),(92,100004252),(96,100004252),(102,100004252),(110,100004252),(112,100004252),(115,100004252),(118,100004252),(123,100004252),(125,100004252),(158,100004252),(160,100004252),(162,100004252),(43,100004253),(67,100004253),(87,100004253),(90,100004253),(92,100004253),(96,100004253),(102,100004253),(110,100004253),(112,100004253),(115,100004253),(118,100004253),(123,100004253),(125,100004253),(158,100004253),(160,100004253),(162,100004253),(87,100004254),(90,100004254),(96,100004254),(102,100004254),(110,100004254),(112,100004254),(118,100004254),(123,100004254),(125,100004254),(158,100004254),(160,100004254),(90,100004255),(110,100004255),(112,100004255),(123,100004255),(125,100004255),(160,100004255),(87,100004256),(96,100004256),(102,100004256),(110,100004256),(118,100004256),(123,100004256),(125,100004256),(158,100004256),(112,100004257),(125,100004257);
/*!40000 ALTER TABLE `cms_usergroups_functions` ENABLE KEYS */;
UNLOCK TABLES;

--
-- Table structure for table `cms_usergroups_levels`
--

DROP TABLE IF EXISTS `cms_usergroups_levels`;
/*!40101 SET @saved_cs_client     = @@character_set_client */;
/*!40101 SET character_set_client = utf8 */;
CREATE TABLE `cms_usergroups_levels` (
  `id` int(11) unsigned NOT NULL AUTO_INCREMENT,
  `level` int(11) DEFAULT NULL,
  `label` varchar(255) NOT NULL,
  `shortlabel` varchar(20) DEFAULT NULL,
  PRIMARY KEY (`id`)
) ENGINE=InnoDB AUTO_INCREMENT=4 DEFAULT CHARSET=utf8 ROW_FORMAT=DYNAMIC;
/*!40101 SET character_set_client = @saved_cs_client */;

--
-- Dumping data for table `cms_usergroups_levels`
--

LOCK TABLES `cms_usergroups_levels` WRITE;
/*!40000 ALTER TABLE `cms_usergroups_levels` DISABLE KEYS */;
INSERT INTO `cms_usergroups_levels` VALUES (1,100,'Admin user - in charge of an organisation','Admin'),(2,10,'Coordinator - in charge of a base','Coordinator'),(3,5,'User - regular volunteer/employee','User');
/*!40000 ALTER TABLE `cms_usergroups_levels` ENABLE KEYS */;
UNLOCK TABLES;

--
-- Table structure for table `cms_usergroups_roles`
--

DROP TABLE IF EXISTS `cms_usergroups_roles`;
/*!40101 SET @saved_cs_client     = @@character_set_client */;
/*!40101 SET character_set_client = utf8 */;
CREATE TABLE `cms_usergroups_roles` (
  `cms_usergroups_id` int(11) unsigned NOT NULL,
  `auth0_role_id` varchar(255) NOT NULL,
  `auth0_role_name` varchar(255) NOT NULL,
  UNIQUE KEY `cms_usergroups_id_2` (`cms_usergroups_id`,`auth0_role_id`),
  KEY `cms_usergroups_id` (`cms_usergroups_id`),
  CONSTRAINT `cms_usergroups_roles_ibfk_1` FOREIGN KEY (`cms_usergroups_id`) REFERENCES `cms_usergroups` (`id`) ON DELETE CASCADE ON UPDATE CASCADE
) ENGINE=InnoDB DEFAULT CHARSET=utf8;
/*!40101 SET character_set_client = @saved_cs_client */;

--
-- Dumping data for table `cms_usergroups_roles`
--

LOCK TABLES `cms_usergroups_roles` WRITE;
/*!40000 ALTER TABLE `cms_usergroups_roles` DISABLE KEYS */;
INSERT INTO `cms_usergroups_roles` VALUES (1,'rol_I49URaIyhBnMQHJQ','administrator'),(10,'rol_I49URaIyhBnMQHJQ','administrator'),(17,'rol_9R5O6UJiGJpuTGD5','base_4_coordinator'),(18,'rol_RUqIRfh5nKTFme9z','base_4_warehouse_volunteer'),(18,'rol_vxlRm59SSUuETdrC','base_4_free_shop_volunteer'),(19,'rol_RUqIRfh5nKTFme9z','base_4_warehouse_volunteer'),(20,'rol_vxlRm59SSUuETdrC','base_4_free_shop_volunteer'),(21,'rol_X2TyZ4GHxjukAAQk','base_4_label_creation'),(100000000,'rol_7syKQNdCCteg5BDi','base_100000000_warehouse_volunteer'),(100000000,'rol_R19NxnEOO3iGctqc','base_100000000_free_shop_volunteer'),(100000001,'rol_tcBvcFXhVekggU8H','base_100000000_coordinator'),(100000002,'rol_I49URaIyhBnMQHJQ','administrator'),(100004234,'rol_V4nNNkYco84WlMRT','base_1_coordinator'),(100004235,'rol_cUiwTC7Hjda6ZRt0','base_1_free_shop_volunteer'),(100004235,'rol_zF0wNUwB8gFbGrVJ','base_1_warehouse_volunteer'),(100004236,'rol_zF0wNUwB8gFbGrVJ','base_1_warehouse_volunteer'),(100004237,'rol_cUiwTC7Hjda6ZRt0','base_1_free_shop_volunteer'),(100004238,'rol_rH3ypspbLKPpv5Hv','base_1_label_creation'),(100004239,'rol_uW12dtjMiwyHvE7A','base_3_coordinator'),(100004240,'rol_cxgyk1fs8zocqJYM','base_3_warehouse_volunteer'),(100004240,'rol_XxJvcFSHa3As9xs5','base_3_free_shop_volunteer'),(100004241,'rol_cxgyk1fs8zocqJYM','base_3_warehouse_volunteer'),(100004242,'rol_XxJvcFSHa3As9xs5','base_3_free_shop_volunteer'),(100004243,'rol_zRCKpXBedneXHxlb','base_3_label_creation'),(100004244,'rol_5xjOjvRSch83q8RV','base_2_coordinator'),(100004245,'rol_0QGJMfQZEIhw52H9','base_2_warehouse_volunteer'),(100004245,'rol_GPN3nIYLVgKfRG8M','base_2_free_shop_volunteer'),(100004246,'rol_0QGJMfQZEIhw52H9','base_2_warehouse_volunteer'),(100004247,'rol_GPN3nIYLVgKfRG8M','base_2_free_shop_volunteer'),(100004248,'rol_JQgq1dTehqfmWOnm','base_2_label_creation'),(100004249,'rol_7syKQNdCCteg5BDi','base_100000000_warehouse_volunteer'),(100004250,'rol_R19NxnEOO3iGctqc','base_100000000_free_shop_volunteer'),(100004251,'rol_3jwyihkX503dI2XI','base_100000000_label_creation'),(100004252,'rol_I49URaIyhBnMQHJQ','administrator'),(100004253,'rol_Fv2c7Mzh2Njr2pp0','base_100000001_coordinator'),(100004254,'rol_17GcfmcO6kQ94zYZ','base_100000001_warehouse_volunteer'),(100004254,'rol_76CagkHaSRsHNosv','base_100000001_free_shop_volunteer'),(100004255,'rol_17GcfmcO6kQ94zYZ','base_100000001_warehouse_volunteer'),(100004256,'rol_76CagkHaSRsHNosv','base_100000001_free_shop_volunteer'),(100004257,'rol_yqMsT3EmaLymy8ez','base_100000001_label_creation');
/*!40000 ALTER TABLE `cms_usergroups_roles` ENABLE KEYS */;
UNLOCK TABLES;

--
-- Table structure for table `cms_users`
--

DROP TABLE IF EXISTS `cms_users`;
/*!40101 SET @saved_cs_client     = @@character_set_client */;
/*!40101 SET character_set_client = utf8 */;
CREATE TABLE `cms_users` (
  `id` int(11) unsigned NOT NULL AUTO_INCREMENT,
  `pass` varchar(40) CHARACTER SET utf8 COLLATE utf8_general_ci NOT NULL DEFAULT '',
  `naam` varchar(100) CHARACTER SET utf8 COLLATE utf8_general_ci NOT NULL DEFAULT '',
  `email` varchar(255) CHARACTER SET utf8 COLLATE utf8_general_ci DEFAULT NULL,
  `is_admin` tinyint(4) NOT NULL DEFAULT '0',
  `lastlogin` datetime NOT NULL,
  `lastaction` datetime NOT NULL,
  `created` datetime DEFAULT NULL,
  `created_by` int(11) unsigned DEFAULT NULL,
  `modified` datetime DEFAULT NULL,
  `modified_by` int(11) unsigned DEFAULT NULL,
  `resetpassword` varchar(255) CHARACTER SET utf8 COLLATE utf8_bin DEFAULT NULL,
  `language` int(11) unsigned DEFAULT NULL,
  `deleted` datetime NOT NULL,
  `cms_usergroups_id` int(11) unsigned DEFAULT NULL,
  `valid_firstday` date DEFAULT NULL,
  `valid_lastday` date DEFAULT NULL,
  PRIMARY KEY (`id`),
  UNIQUE KEY `email` (`email`),
  KEY `cms_usergroups_id` (`cms_usergroups_id`),
  KEY `language` (`language`),
  KEY `created_by` (`created_by`),
  KEY `modified_by` (`modified_by`),
  CONSTRAINT `cms_users_ibfk_2` FOREIGN KEY (`cms_usergroups_id`) REFERENCES `cms_usergroups` (`id`) ON UPDATE CASCADE,
  CONSTRAINT `cms_users_ibfk_3` FOREIGN KEY (`language`) REFERENCES `languages` (`id`) ON UPDATE CASCADE,
  CONSTRAINT `cms_users_ibfk_4` FOREIGN KEY (`created_by`) REFERENCES `cms_users` (`id`) ON DELETE SET NULL ON UPDATE CASCADE,
  CONSTRAINT `cms_users_ibfk_5` FOREIGN KEY (`modified_by`) REFERENCES `cms_users` (`id`) ON DELETE SET NULL ON UPDATE CASCADE
) ENGINE=InnoDB AUTO_INCREMENT=100000364 DEFAULT CHARSET=utf8 COLLATE=utf8_bin ROW_FORMAT=DYNAMIC;
/*!40101 SET character_set_client = @saved_cs_client */;

--
-- Dumping data for table `cms_users`
--

LOCK TABLES `cms_users` WRITE;
/*!40000 ALTER TABLE `cms_users` DISABLE KEYS */;
INSERT INTO `cms_users` VALUES (1,'bf13b44feae208fc808b1d6b2266edb7','some admin','some.admin@boxtribute.org',1,'0000-00-00 00:00:00','0000-00-00 00:00:00',NULL,NULL,NULL,NULL,'',2,'0000-00-00 00:00:00',NULL,NULL,NULL),(2,'bf13b44feae208fc808b1d6b2266edb7','Jane Doe','jane.doe@boxaid.co',0,'0000-00-00 00:00:00','0000-00-00 00:00:00',NULL,NULL,NULL,NULL,NULL,2,'0000-00-00 00:00:00',1,'0000-00-00','0000-00-00'),(3,'bf13b44feae208fc808b1d6b2266edb7','Joe Doe','joe.doe@boxaid.co',0,'0000-00-00 00:00:00','0000-00-00 00:00:00',NULL,NULL,NULL,NULL,NULL,2,'0000-00-00 00:00:00',2,'0000-00-00','0000-00-00'),(4,'bf13b44feae208fc808b1d6b2266edb7','Volunteer','stagingenv_volunteer@boxtribute.org',0,'0000-00-00 00:00:00','0000-00-00 00:00:00',NULL,NULL,NULL,NULL,NULL,2,'0000-00-00 00:00:00',3,'0000-00-00','0000-00-00'),(5,'bf13b44feae208fc808b1d6b2266edb7','Coordinator','stagingenv_coordinator@boxtribute.org',0,'0000-00-00 00:00:00','0000-00-00 00:00:00',NULL,NULL,NULL,NULL,NULL,2,'0000-00-00 00:00:00',2,'0000-00-00','0000-00-00'),(6,'bf13b44feae208fc808b1d6b2266edb7','Head of Operations','stagingenv_headofops@boxtribute.org',0,'0000-00-00 00:00:00','0000-00-00 00:00:00',NULL,NULL,NULL,NULL,NULL,2,'0000-00-00 00:00:00',1,'0000-00-00','0000-00-00'),(7,'bf13b44feae208fc808b1d6b2266edb7','Dev Volunteer','dev_volunteer@boxaid.org',0,'0000-00-00 00:00:00','0000-00-00 00:00:00',NULL,NULL,NULL,NULL,NULL,2,'0000-00-00 00:00:00',3,'0000-00-00','0000-00-00'),(8,'bf13b44feae208fc808b1d6b2266edb7','Dev Coordinator','dev_coordinator@boxaid.org',0,'0000-00-00 00:00:00','0000-00-00 00:00:00',NULL,NULL,NULL,NULL,NULL,2,'0000-00-00 00:00:00',2,'0000-00-00','0000-00-00'),(9,'bf13b44feae208fc808b1d6b2266edb7','Dev Head of Operations','dev_headofops@boxaid.org',0,'0000-00-00 00:00:00','0000-00-00 00:00:00',NULL,NULL,NULL,NULL,NULL,2,'0000-00-00 00:00:00',1,'0000-00-00','0000-00-00'),(10,'bf13b44feae208fc808b1d6b2266edb7','Jane Doe','jane.doe@boxcare.co',0,'0000-00-00 00:00:00','0000-00-00 00:00:00',NULL,NULL,NULL,NULL,NULL,2,'0000-00-00 00:00:00',10,'0000-00-00','0000-00-00'),(11,'bf13b44feae208fc808b1d6b2266edb7','Joe Doe','joe.doe@boxcare.co',0,'0000-00-00 00:00:00','0000-00-00 00:00:00',NULL,NULL,NULL,NULL,NULL,2,'0000-00-00 00:00:00',11,'0000-00-00','0000-00-00'),(12,'bf13b44feae208fc808b1d6b2266edb7','Sam Sample','sam.sample@boxcare.co',0,'0000-00-00 00:00:00','0000-00-00 00:00:00',NULL,NULL,NULL,NULL,NULL,2,'0000-00-00 00:00:00',12,'0000-00-00','0000-00-00'),(15,'bf13b44feae208fc808b1d6b2266edb7','Joe Bloggs','joe.bloggs@boxcare.co',0,'0000-00-00 00:00:00','0000-00-00 00:00:00',NULL,NULL,NULL,NULL,NULL,2,'0000-00-00 00:00:00',15,'0000-00-00','0000-00-00'),(16,'bf13b44feae208fc808b1d6b2266edb7','Dev Volunteer','dev_volunteer@boxcare.org',0,'0000-00-00 00:00:00','0000-00-00 00:00:00',NULL,NULL,NULL,NULL,NULL,2,'0000-00-00 00:00:00',16,'0000-00-00','0000-00-00'),(17,'bf13b44feae208fc808b1d6b2266edb7','Dev Coordinator','dev_coordinator@boxcare.org',0,'0000-00-00 00:00:00','0000-00-00 00:00:00',NULL,NULL,NULL,NULL,NULL,2,'0000-00-00 00:00:00',15,'0000-00-00','0000-00-00'),(18,'bf13b44feae208fc808b1d6b2266edb7','Dev Head of Operations','dev_headofops@boxcare.org',0,'0000-00-00 00:00:00','0000-00-00 00:00:00',NULL,NULL,NULL,NULL,NULL,2,'0000-00-00 00:00:00',10,'0000-00-00','0000-00-00'),(19,'bf13b44feae208fc808b1d6b2266edb7','Another Dev Volunteer','another_dev_volunteer@boxcare.org',0,'0000-00-00 00:00:00','0000-00-00 00:00:00',NULL,NULL,NULL,NULL,NULL,2,'0000-00-00 00:00:00',18,'0000-00-00','0000-00-00'),(20,'bf13b44feae208fc808b1d6b2266edb7','Another Dev Coordinator','another_dev_coordinatorr@boxcare.org',0,'0000-00-00 00:00:00','0000-00-00 00:00:00',NULL,NULL,NULL,NULL,NULL,2,'0000-00-00 00:00:00',17,'0000-00-00','0000-00-00'),(100000000,'bf13b44feae208fc808b1d6b2266edb7','BrowserTestUser_Admin','admin@admin.co',0,'0000-00-00 00:00:00','0000-00-00 00:00:00','2019-07-10 08:10:40',1,NULL,NULL,NULL,2,'0000-00-00 00:00:00',100000002,'0000-00-00','0000-00-00'),(100000001,'bf13b44feae208fc808b1d6b2266edb7','BrowserTestUser_Coordinator','coordinator@coordinator.co',0,'0000-00-00 00:00:00','0000-00-00 00:00:00','2019-07-10 08:11:08',1,NULL,NULL,NULL,2,'0000-00-00 00:00:00',100000001,'0000-00-00','0000-00-00'),(100000002,'bf13b44feae208fc808b1d6b2266edb7','BrowserTestUser_User','user@user.co',0,'0000-00-00 00:00:00','0000-00-00 00:00:00','2019-07-10 08:11:31',1,NULL,NULL,NULL,2,'0000-00-00 00:00:00',100000000,'0000-00-00','0000-00-00'),(100000003,'bf13b44feae208fc808b1d6b2266edb7','NotActived','notactivated@notactivated.com',0,'0000-00-00 00:00:00','0000-00-00 00:00:00','2019-07-10 08:14:35',1,NULL,NULL,NULL,2,'0000-00-00 00:00:00',100000000,'2119-07-20','2119-07-31'),(100000004,'bf13b44feae208fc808b1d6b2266edb7','Expired User','expired@expired.co',0,'0000-00-00 00:00:00','0000-00-00 00:00:00','2019-07-10 08:14:58',1,NULL,NULL,NULL,2,'0000-00-00 00:00:00',100000000,'2019-07-01','2019-07-09'),(100000005,'bf13b44feae208fc808b1d6b2266edb7','Deleted User','deleted@deleted.co.deleted.100000005',0,'0000-00-00 00:00:00','0000-00-00 00:00:00','2019-07-10 08:15:42',1,'2019-07-10 08:15:50',1,NULL,2,'2019-07-10 08:15:50',100000000,'0000-00-00','0000-00-00'),(100000006,'bf13b44feae208fc808b1d6b2266edb7','BrowserTestUser_UserWithNoPermissions','nopermissions@nopermissions.co',0,'0000-00-00 00:00:00','0000-00-00 00:00:00','2019-07-10 08:11:31',1,NULL,NULL,NULL,2,'0000-00-00 00:00:00',100000003,'0000-00-00','0000-00-00'),(100000007,'bf13b44feae208fc808b1d6b2266edb7','BrowserTestUser_DeactivateTest','deactivatetest@deactivatetest.co',0,'0000-00-00 00:00:00','0000-00-00 00:00:00','2019-07-10 08:11:31',1,NULL,NULL,NULL,2,'0000-00-00 00:00:00',100000000,'0000-00-00','0000-00-00'),(100000008,'bf13b44feae208fc808b1d6b2266edb7','BrowserTestUser_Pending','pending@pending.co',0,'0000-00-00 00:00:00','0000-00-00 00:00:00','2019-07-10 08:11:31',1,NULL,NULL,NULL,2,'0000-00-00 00:00:00',100000000,'2022-12-20','2023-12-20'),(100000009,'bf13b44feae208fc808b1d6b2266edb7','Deleted Coordinator','deleted_coordinator@deleted.co.deleted.100000009',0,'0000-00-00 00:00:00','0000-00-00 00:00:00','2019-07-10 08:15:42',1,'2019-07-10 08:15:50',1,NULL,2,'2019-07-10 08:15:50',100000001,'2018-05-26','2019-05-26'),(100000010,'bf13b44feae208fc808b1d6b2266edb7','Deleted Admin','deleted_admin@deleted.co.deleted.100000010',0,'0000-00-00 00:00:00','0000-00-00 00:00:00','2019-07-10 08:15:42',1,'2019-07-10 08:15:50',1,NULL,2,'2019-07-10 08:15:50',100000002,'0000-00-00','0000-00-00'),(100000011,'bf13b44feae208fc808b1d6b2266edb7','Expired Coordinator','expired_coordinator@expired.co',0,'0000-00-00 00:00:00','0000-00-00 00:00:00','2019-07-10 08:14:58',1,NULL,NULL,NULL,2,'0000-00-00 00:00:00',100000001,'2017-04-11','2017-05-28'),(100000012,'bf13b44feae208fc808b1d6b2266edb7','Expired Admin','expired_admin@expired.co',0,'0000-00-00 00:00:00','0000-00-00 00:00:00','2019-07-10 08:14:58',1,NULL,NULL,NULL,2,'0000-00-00 00:00:00',100000002,'2017-04-11','2017-05-28');
/*!40000 ALTER TABLE `cms_users` ENABLE KEYS */;
UNLOCK TABLES;

--
-- Table structure for table `distro_events`
--

DROP TABLE IF EXISTS `distro_events`;
/*!40101 SET @saved_cs_client     = @@character_set_client */;
/*!40101 SET character_set_client = utf8 */;
CREATE TABLE `distro_events` (
  `id` int(11) unsigned NOT NULL AUTO_INCREMENT,
  `name` varchar(255) DEFAULT NULL,
  `planned_start_date_time` datetime NOT NULL,
  `planned_end_date_time` datetime NOT NULL,
  `location_id` int(11) unsigned NOT NULL,
  `distro_event_tracking_group_id` int(11) unsigned DEFAULT NULL,
  `state` varchar(255) NOT NULL DEFAULT 'Planning',
  `created_on` datetime NOT NULL,
  `created_by` int(11) unsigned DEFAULT NULL,
  `deleted_on` datetime DEFAULT NULL,
  `modified_on` datetime DEFAULT NULL,
  `modified_by` int(11) unsigned DEFAULT NULL,
  PRIMARY KEY (`id`),
  KEY `distro_events_planned_start_date_time` (`planned_start_date_time`),
  KEY `distro_events_planned_end_date_time` (`planned_end_date_time`),
  KEY `distro_events_state` (`state`),
  KEY `distro_events_modified_on` (`modified_on`),
  KEY `distro_events_created_on` (`created_on`),
  KEY `distro_events_deleted_on` (`deleted_on`),
  KEY `location_id` (`location_id`),
  KEY `created_by` (`created_by`),
  KEY `modified_by` (`modified_by`),
  KEY `distro_event_tracking_group_id` (`distro_event_tracking_group_id`),
  CONSTRAINT `distro_events_ibfk_1` FOREIGN KEY (`location_id`) REFERENCES `locations` (`id`) ON DELETE RESTRICT ON UPDATE CASCADE,
  CONSTRAINT `distro_events_ibfk_2` FOREIGN KEY (`created_by`) REFERENCES `cms_users` (`id`) ON DELETE SET NULL ON UPDATE CASCADE,
  CONSTRAINT `distro_events_ibfk_3` FOREIGN KEY (`modified_by`) REFERENCES `cms_users` (`id`) ON DELETE SET NULL ON UPDATE CASCADE,
  CONSTRAINT `distro_events_ibfk_4` FOREIGN KEY (`distro_event_tracking_group_id`) REFERENCES `distro_events_tracking_groups` (`id`) ON DELETE RESTRICT ON UPDATE CASCADE
) ENGINE=InnoDB DEFAULT CHARSET=utf8 ROW_FORMAT=DYNAMIC;
/*!40101 SET character_set_client = @saved_cs_client */;

--
-- Dumping data for table `distro_events`
--

LOCK TABLES `distro_events` WRITE;
/*!40000 ALTER TABLE `distro_events` DISABLE KEYS */;
/*!40000 ALTER TABLE `distro_events` ENABLE KEYS */;
UNLOCK TABLES;

--
-- Table structure for table `distro_events_tracking_logs`
--

DROP TABLE IF EXISTS `distro_events_tracking_logs`;
/*!40101 SET @saved_cs_client     = @@character_set_client */;
/*!40101 SET character_set_client = utf8 */;
CREATE TABLE `distro_events_tracking_logs` (
  `id` int(11) unsigned NOT NULL AUTO_INCREMENT,
  `product_id` int(11) unsigned NOT NULL,
  `number_of_items` int(11) NOT NULL,
  `size_id` int(11) unsigned NOT NULL,
  `location_id` int(11) unsigned DEFAULT NULL,
  `flow_direction` varchar(255) DEFAULT NULL,
  `distro_event_tracking_group_id` int(11) unsigned DEFAULT NULL,
  `date` datetime NOT NULL,
  `details` text,
  PRIMARY KEY (`id`),
  KEY `distro_events_tracking_logs_date` (`date`),
  KEY `product_id` (`product_id`),
  KEY `size_id` (`size_id`),
  KEY `distro_events_tracking_logs_flow_direction` (`flow_direction`),
  KEY `location_id` (`location_id`),
  KEY `distro_event_tracking_group_id` (`distro_event_tracking_group_id`),
  CONSTRAINT `distro_events_tracking_logs_ibfk_2` FOREIGN KEY (`product_id`) REFERENCES `products` (`id`) ON DELETE RESTRICT ON UPDATE CASCADE,
  CONSTRAINT `distro_events_tracking_logs_ibfk_3` FOREIGN KEY (`size_id`) REFERENCES `sizes` (`id`) ON DELETE RESTRICT ON UPDATE CASCADE,
  CONSTRAINT `distro_events_tracking_logs_ibfk_4` FOREIGN KEY (`location_id`) REFERENCES `locations` (`id`) ON DELETE RESTRICT ON UPDATE CASCADE,
  CONSTRAINT `distro_events_tracking_logs_ibfk_5` FOREIGN KEY (`distro_event_tracking_group_id`) REFERENCES `distro_events_tracking_groups` (`id`) ON DELETE RESTRICT ON UPDATE CASCADE
) ENGINE=InnoDB DEFAULT CHARSET=utf8 ROW_FORMAT=DYNAMIC;
/*!40101 SET character_set_client = @saved_cs_client */;

--
-- Dumping data for table `distro_events_tracking_logs`
--

LOCK TABLES `distro_events_tracking_logs` WRITE;
/*!40000 ALTER TABLE `distro_events_tracking_logs` DISABLE KEYS */;
/*!40000 ALTER TABLE `distro_events_tracking_logs` ENABLE KEYS */;
UNLOCK TABLES;

--
-- Table structure for table `distro_events_packing_list_entries`
--

DROP TABLE IF EXISTS `distro_events_packing_list_entries`;
/*!40101 SET @saved_cs_client     = @@character_set_client */;
/*!40101 SET character_set_client = utf8 */;
CREATE TABLE `distro_events_packing_list_entries` (
  `id` int(11) unsigned NOT NULL AUTO_INCREMENT,
  `product_id` int(11) unsigned NOT NULL,
  `number_of_items` int(11) NOT NULL,
  `size_id` int(11) unsigned NOT NULL,
  `distro_event_id` int(11) unsigned NOT NULL,
  `state` varchar(255) NOT NULL,
  `created_on` datetime NOT NULL,
  `created_by` int(11) unsigned DEFAULT NULL,
  `modified_on` datetime DEFAULT NULL,
  `modified_by` int(11) unsigned DEFAULT NULL,
  PRIMARY KEY (`id`),
  KEY `distro_events_packing_list_entries_state` (`state`),
  KEY `distro_events_packing_list_entries_created_on` (`created_on`),
  KEY `distro_events_packing_list_entries_modified_on` (`modified_on`),
  KEY `distro_event_id` (`distro_event_id`),
  KEY `product_id` (`product_id`),
  KEY `size_id` (`size_id`),
  KEY `created_by` (`created_by`),
  KEY `modified_by` (`modified_by`),
  CONSTRAINT `distro_events_packing_list_entries_ibfk_1` FOREIGN KEY (`distro_event_id`) REFERENCES `distro_events` (`id`) ON DELETE RESTRICT ON UPDATE CASCADE,
  CONSTRAINT `distro_events_packing_list_entries_ibfk_2` FOREIGN KEY (`product_id`) REFERENCES `products` (`id`) ON DELETE RESTRICT ON UPDATE CASCADE,
  CONSTRAINT `distro_events_packing_list_entries_ibfk_3` FOREIGN KEY (`size_id`) REFERENCES `sizes` (`id`) ON DELETE RESTRICT ON UPDATE CASCADE,
  CONSTRAINT `distro_events_packing_list_entries_ibfk_4` FOREIGN KEY (`created_by`) REFERENCES `cms_users` (`id`) ON DELETE SET NULL ON UPDATE CASCADE,
  CONSTRAINT `distro_events_packing_list_entries_ibfk_5` FOREIGN KEY (`modified_by`) REFERENCES `cms_users` (`id`) ON DELETE SET NULL ON UPDATE CASCADE
) ENGINE=InnoDB DEFAULT CHARSET=utf8 ROW_FORMAT=DYNAMIC;
/*!40101 SET character_set_client = @saved_cs_client */;

--
-- Dumping data for table `distro_events_packing_list_entries`
--

LOCK TABLES `distro_events_packing_list_entries` WRITE;
/*!40000 ALTER TABLE `distro_events_packing_list_entries` DISABLE KEYS */;
/*!40000 ALTER TABLE `distro_events_packing_list_entries` ENABLE KEYS */;
UNLOCK TABLES;

--
-- Table structure for table `distro_events_unboxed_item_collections`
--

DROP TABLE IF EXISTS `distro_events_unboxed_item_collections`;
/*!40101 SET @saved_cs_client     = @@character_set_client */;
/*!40101 SET character_set_client = utf8 */;
CREATE TABLE `distro_events_unboxed_item_collections` (
  `id` int(11) unsigned NOT NULL AUTO_INCREMENT,
  `product_id` int(11) unsigned NOT NULL,
  `number_of_items` int(11) NOT NULL,
  `size_id` int(11) unsigned NOT NULL,
  `distro_event_id` int(11) unsigned NOT NULL,
  `location_id` int(11) unsigned NOT NULL,
  `box_state_id` int(11) unsigned NOT NULL DEFAULT '1',
  `comments` varchar(255) DEFAULT NULL,
  `created_on` datetime NOT NULL,
  `created_by` int(11) unsigned DEFAULT NULL,
  `modified_on` datetime DEFAULT NULL,
  `modified_by` int(11) unsigned DEFAULT NULL,
  PRIMARY KEY (`id`),
  KEY `distro_events_unboxed_item_collections_created_on` (`created_on`),
  KEY `distro_events_unboxed_item_collections_modified_on` (`modified_on`),
  KEY `distro_event_id` (`distro_event_id`),
  KEY `product_id` (`product_id`),
  KEY `box_state_id` (`box_state_id`),
  KEY `size_id` (`size_id`),
  KEY `location_id` (`location_id`),
  KEY `created_by` (`created_by`),
  KEY `modified_by` (`modified_by`),
  CONSTRAINT `distro_events_unboxed_item_collections_ibfk_1` FOREIGN KEY (`distro_event_id`) REFERENCES `distro_events` (`id`) ON DELETE RESTRICT ON UPDATE CASCADE,
  CONSTRAINT `distro_events_unboxed_item_collections_ibfk_2` FOREIGN KEY (`product_id`) REFERENCES `products` (`id`) ON DELETE RESTRICT ON UPDATE CASCADE,
  CONSTRAINT `distro_events_unboxed_item_collections_ibfk_3` FOREIGN KEY (`box_state_id`) REFERENCES `box_state` (`id`) ON DELETE RESTRICT ON UPDATE CASCADE,
  CONSTRAINT `distro_events_unboxed_item_collections_ibfk_4` FOREIGN KEY (`size_id`) REFERENCES `sizes` (`id`) ON DELETE RESTRICT ON UPDATE CASCADE,
  CONSTRAINT `distro_events_unboxed_item_collections_ibfk_5` FOREIGN KEY (`location_id`) REFERENCES `locations` (`id`) ON DELETE RESTRICT ON UPDATE CASCADE,
  CONSTRAINT `distro_events_unboxed_item_collections_ibfk_6` FOREIGN KEY (`created_by`) REFERENCES `cms_users` (`id`) ON DELETE SET NULL ON UPDATE CASCADE,
  CONSTRAINT `distro_events_unboxed_item_collections_ibfk_7` FOREIGN KEY (`modified_by`) REFERENCES `cms_users` (`id`) ON DELETE SET NULL ON UPDATE CASCADE
) ENGINE=InnoDB DEFAULT CHARSET=utf8 ROW_FORMAT=DYNAMIC;
/*!40101 SET character_set_client = @saved_cs_client */;

--
-- Dumping data for table `distro_events_unboxed_item_collections`
--

LOCK TABLES `distro_events_unboxed_item_collections` WRITE;
/*!40000 ALTER TABLE `distro_events_unboxed_item_collections` DISABLE KEYS */;
/*!40000 ALTER TABLE `distro_events_unboxed_item_collections` ENABLE KEYS */;
UNLOCK TABLES;
/*!40103 SET TIME_ZONE=@OLD_TIME_ZONE */;

--
-- Table structure for table `distro_events_tracking_groups`
--

DROP TABLE IF EXISTS `distro_events_tracking_groups`;
/*!40101 SET @saved_cs_client     = @@character_set_client */;
/*!40101 SET character_set_client = utf8 */;
CREATE TABLE `distro_events_tracking_groups` (
  `id` int(11) unsigned NOT NULL AUTO_INCREMENT,
  `group_name` varchar(255) DEFAULT NULL,
  `base_id` int(11) unsigned NOT NULL,
  `state` varchar(255) NOT NULL DEFAULT 'In Progress',
  `created_on` datetime NOT NULL,
  `created_by` int(11) unsigned DEFAULT NULL,
  `modified_on` datetime DEFAULT NULL,
  `modified_by` int(11) unsigned DEFAULT NULL,
  PRIMARY KEY (`id`),
  KEY `distro_events_tracking_groups_state` (`state`),
  KEY `distro_events_tracking_groups_created_on` (`created_on`),
  KEY `distro_events_tracking_groups_modified_on` (`modified_on`),
  KEY `base_id` (`base_id`),
  KEY `created_by` (`created_by`),
  KEY `modified_by` (`modified_by`),
  CONSTRAINT `distro_events_tracking_groups_ibfk_1` FOREIGN KEY (`base_id`) REFERENCES `camps` (`id`) ON DELETE RESTRICT ON UPDATE CASCADE,
  CONSTRAINT `distro_events_tracking_groups_ibfk_2` FOREIGN KEY (`created_by`) REFERENCES `cms_users` (`id`) ON DELETE SET NULL ON UPDATE CASCADE,
  CONSTRAINT `distro_events_tracking_groups_ibfk_3` FOREIGN KEY (`modified_by`) REFERENCES `cms_users` (`id`) ON DELETE SET NULL ON UPDATE CASCADE
) ENGINE=InnoDB DEFAULT CHARSET=utf8 ROW_FORMAT=DYNAMIC;
/*!40101 SET character_set_client = @saved_cs_client */;

--
-- Dumping data for table `distro_events_tracking_groups`
--

LOCK TABLES `distro_events_tracking_groups` WRITE;
/*!40000 ALTER TABLE `distro_events_tracking_groups` DISABLE KEYS */;
/*!40000 ALTER TABLE `distro_events_tracking_groups` ENABLE KEYS */;
UNLOCK TABLES;

--
-- Table structure for table `genders`
--

DROP TABLE IF EXISTS `genders`;
/*!40101 SET @saved_cs_client     = @@character_set_client */;
/*!40101 SET character_set_client = utf8 */;
CREATE TABLE `genders` (
  `id` int(11) unsigned NOT NULL AUTO_INCREMENT,
  `label` varchar(20) NOT NULL,
  `shortlabel` varchar(255) DEFAULT NULL,
  `seq` int(11) DEFAULT NULL,
  `created` datetime DEFAULT NULL,
  `created_by` int(11) unsigned DEFAULT NULL,
  `modified` datetime DEFAULT NULL,
  `modified_by` int(11) unsigned DEFAULT NULL,
  `male` tinyint(1) NOT NULL DEFAULT '0',
  `female` tinyint(1) NOT NULL DEFAULT '0',
  `adult` tinyint(1) NOT NULL DEFAULT '0',
  `child` tinyint(1) NOT NULL DEFAULT '0',
  `baby` tinyint(1) NOT NULL DEFAULT '0',
  `color` varchar(20) NOT NULL,
  PRIMARY KEY (`id`),
  KEY `created_by` (`created_by`),
  KEY `modified_by` (`modified_by`),
  CONSTRAINT `genders_ibfk_1` FOREIGN KEY (`created_by`) REFERENCES `cms_users` (`id`) ON DELETE SET NULL ON UPDATE CASCADE,
  CONSTRAINT `genders_ibfk_2` FOREIGN KEY (`modified_by`) REFERENCES `cms_users` (`id`) ON DELETE SET NULL ON UPDATE CASCADE
) ENGINE=InnoDB AUTO_INCREMENT=14 DEFAULT CHARSET=utf8 ROW_FORMAT=DYNAMIC;
/*!40101 SET character_set_client = @saved_cs_client */;

--
-- Dumping data for table `genders`
--

LOCK TABLES `genders` WRITE;
/*!40000 ALTER TABLE `genders` DISABLE KEYS */;
INSERT INTO `genders` VALUES (1,'Female','Female',1,NULL,NULL,NULL,NULL,0,1,1,0,0,'0'),(2,'Male','Male',2,NULL,NULL,NULL,NULL,1,0,1,0,0,'0'),(3,'Unisex Adult','Unisex',3,NULL,NULL,NULL,NULL,1,1,1,0,0,'0'),(4,'Girl','Girl',4,NULL,NULL,NULL,NULL,0,1,0,1,0,'0'),(5,'Boy','Boy',5,NULL,NULL,NULL,NULL,1,0,0,1,0,'0'),(6,'Unisex Kid','Kid',7,NULL,NULL,NULL,NULL,1,1,0,1,0,'0'),(9,'Unisex Baby','Baby',8,NULL,NULL,NULL,NULL,1,1,0,0,0,'1'),(10,'-',NULL,0,NULL,NULL,NULL,NULL,1,1,1,1,1,'1'),(12,'Teen Girl','Girl',4,NULL,NULL,NULL,NULL,0,1,1,0,0,'0'),(13,'Teen Boy','Boy',5,NULL,NULL,NULL,NULL,1,0,1,0,0,'0');
/*!40000 ALTER TABLE `genders` ENABLE KEYS */;
UNLOCK TABLES;

--
-- Table structure for table `history`
--

DROP TABLE IF EXISTS `history`;
/*!40101 SET @saved_cs_client     = @@character_set_client */;
/*!40101 SET character_set_client = utf8 */;
CREATE TABLE `history` (
  `id` int(11) unsigned NOT NULL AUTO_INCREMENT,
  `tablename` varchar(255) DEFAULT NULL,
  `record_id` int(11) DEFAULT NULL,
  `changes` text,
  `user_id` int(11) unsigned DEFAULT NULL,
  `ip` varchar(20) DEFAULT NULL,
  `changedate` datetime DEFAULT NULL,
  `from_int` int(11) DEFAULT NULL,
  `to_int` int(11) DEFAULT NULL,
  `from_float` float DEFAULT NULL,
  `to_float` float DEFAULT NULL,
  PRIMARY KEY (`id`),
  KEY `user_id` (`user_id`),
  KEY `recordid_changedate_composite_index` (`record_id`,`changedate`),
  KEY `tablename_recordid_changedate_composite_index` (`tablename`,`record_id`,`changedate`),
  CONSTRAINT `history_ibfk_1` FOREIGN KEY (`user_id`) REFERENCES `cms_users` (`id`) ON DELETE SET NULL ON UPDATE CASCADE
) ENGINE=InnoDB AUTO_INCREMENT=30918 DEFAULT CHARSET=utf8 ROW_FORMAT=DYNAMIC;
/*!40101 SET character_set_client = @saved_cs_client */;

--
-- Dumping data for table `history`
--

LOCK TABLES `history` WRITE;
/*!40000 ALTER TABLE `history` DISABLE KEYS */;
/*!40000 ALTER TABLE `history` ENABLE KEYS */;
UNLOCK TABLES;

--
-- Table structure for table `itemsout`
--

DROP TABLE IF EXISTS `itemsout`;
/*!40101 SET @saved_cs_client     = @@character_set_client */;
/*!40101 SET character_set_client = utf8 */;
CREATE TABLE `itemsout` (
  `id` int(11) unsigned NOT NULL AUTO_INCREMENT,
  `product_id` int(11) unsigned DEFAULT NULL,
  `size_id` int(11) unsigned DEFAULT NULL,
  `count` int(11) DEFAULT NULL,
  `movedate` datetime DEFAULT NULL,
  `from_location` int(11) unsigned DEFAULT NULL,
  `to_location` int(11) unsigned DEFAULT NULL,
  PRIMARY KEY (`id`),
  KEY `from_location` (`from_location`),
  KEY `to_location` (`to_location`),
  KEY `product_id` (`product_id`),
  KEY `size_id` (`size_id`),
  CONSTRAINT `itemsout_ibfk_5` FOREIGN KEY (`from_location`) REFERENCES `locations` (`id`) ON DELETE SET NULL ON UPDATE CASCADE,
  CONSTRAINT `itemsout_ibfk_6` FOREIGN KEY (`to_location`) REFERENCES `locations` (`id`) ON DELETE SET NULL ON UPDATE CASCADE,
  CONSTRAINT `itemsout_ibfk_7` FOREIGN KEY (`product_id`) REFERENCES `products` (`id`) ON DELETE SET NULL ON UPDATE CASCADE,
  CONSTRAINT `itemsout_ibfk_8` FOREIGN KEY (`size_id`) REFERENCES `sizes` (`id`) ON DELETE SET NULL ON UPDATE CASCADE
) ENGINE=InnoDB AUTO_INCREMENT=43 DEFAULT CHARSET=utf8 ROW_FORMAT=DYNAMIC;
/*!40101 SET character_set_client = @saved_cs_client */;

--
-- Dumping data for table `itemsout`
--

LOCK TABLES `itemsout` WRITE;
/*!40000 ALTER TABLE `itemsout` DISABLE KEYS */;
INSERT INTO `itemsout` VALUES (1,57,125,32,'2021-10-08 11:29:53',4,5),(2,37,119,55,'2021-10-08 11:30:16',4,6),(3,37,119,47,'2021-10-08 11:45:53',6,100000007),(4,145,4,64,'2021-10-08 11:56:07',1,6),(5,48,68,26,'2021-11-10 14:34:30',5,100000007),(6,124,68,20,'2022-02-18 20:39:51',9,4),(7,222,68,21,'2022-02-18 20:44:04',16,6),(8,62,17,31,'2022-04-08 18:04:11',4,1),(9,204,52,47,'2022-04-08 19:04:43',6,1),(10,194,68,58,'2022-04-08 18:13:25',7,1),(11,194,68,58,'2022-04-08 18:14:03',1,4),(12,73,64,42,'2022-04-08 18:17:28',10,1),(13,204,52,47,'2022-04-09 09:34:39',6,1),(14,57,125,32,'2022-04-09 15:34:04',4,7),(15,37,119,55,'2022-04-09 15:34:04',4,7),(16,206,52,56,'2022-04-09 15:34:05',4,7),(17,217,68,90,'2022-04-09 15:34:05',4,7),(18,57,125,32,'2022-04-13 13:02:16',4,3),(19,57,125,32,'2022-05-04 14:41:28',4,1),(20,37,119,55,'2022-05-04 14:42:04',4,3),(21,206,52,56,'2022-05-04 14:42:20',4,3),(22,217,68,90,'2022-05-04 14:42:44',4,2),(23,46,3,71,'2022-05-04 14:42:53',4,5),(24,57,125,32,'2022-05-07 21:40:20',4,6),(25,57,125,32,'2022-05-07 21:47:46',6,1),(26,37,119,55,'2022-05-26 11:34:16',4,10),(27,52,121,75,'2022-07-16 14:42:21',7,2),(28,138,71,15,'2022-07-16 20:10:26',6,8),(29,17,1,7,'2022-07-17 14:39:02',4,5),(30,17,1,7,'2022-07-17 14:39:32',5,2),(31,17,1,7,'2022-07-17 14:39:50',2,3),(32,17,1,7,'2022-07-17 14:40:01',3,1),(33,17,3,7,'2022-07-17 14:47:28',1,4),(34,73,63,94,'2022-07-17 14:39:10',2,4),(35,73,63,94,'2022-07-17 14:41:14',4,13),(36,73,63,94,'2022-07-17 14:41:23',13,6),(37,23,68,4,'2022-07-22 20:28:46',8,2),(38,132,54,82,'2022-08-20 11:56:01',13,1),(39,132,54,82,'2022-08-20 11:56:29',1,3),(40,14,2,66,'2022-09-22 14:11:33',5,4),(41,14,2,66,'2022-09-28 14:06:52',5,4),(42,128,68,17,'2022-09-29 12:51:58',6,1);
/*!40000 ALTER TABLE `itemsout` ENABLE KEYS */;
UNLOCK TABLES;

--
-- Table structure for table `languages`
--

DROP TABLE IF EXISTS `languages`;
/*!40101 SET @saved_cs_client     = @@character_set_client */;
/*!40101 SET character_set_client = utf8 */;
CREATE TABLE `languages` (
  `id` int(11) unsigned NOT NULL AUTO_INCREMENT,
  `visible` tinyint(4) NOT NULL DEFAULT '1',
  `code` varchar(255) DEFAULT NULL,
  `locale` varchar(255) DEFAULT NULL,
  `name` varchar(255) DEFAULT NULL,
  `strftime_dateformat` varchar(255) DEFAULT NULL,
  `smarty_dateformat` varchar(255) DEFAULT NULL,
  `seq` int(11) DEFAULT NULL,
  `rtl` tinyint(4) NOT NULL,
  PRIMARY KEY (`id`)
) ENGINE=InnoDB AUTO_INCREMENT=17 DEFAULT CHARSET=utf8 ROW_FORMAT=DYNAMIC;
/*!40101 SET character_set_client = @saved_cs_client */;

--
-- Dumping data for table `languages`
--

LOCK TABLES `languages` WRITE;
/*!40000 ALTER TABLE `languages` DISABLE KEYS */;
INSERT INTO `languages` VALUES (1,0,'nl','nl_NL','Dutch','%A %e %B %Y','%A %e %B %Y',1,0),(2,1,'en','en_GB','English','%A %B %e %Y','%A %B %e %Y',2,0),(3,1,'fr','fr_FR','French','%A %B %e %Y','%A %B %e %Y',4,0),(4,0,'de','de_DE','German','%A %e. %B %Y','%A %e. %B %Y',3,0),(5,1,'ar','ar_AE','Arabic','%A %e. %B %Y','%A %e. %B %Y',5,1),(6,1,'ckb','ckb_TR','Sorani / Central Kurdish','%A %e. %B %Y','%A %e. %B %Y',6,1),(8,1,NULL,NULL,'Urdu','%A %B %e %Y','%A %B %e %Y',7,1),(9,1,NULL,NULL,'Kurmanji / Northern Kurdish',NULL,NULL,9,0),(10,1,NULL,NULL,'Farsi',NULL,NULL,10,1),(11,1,NULL,NULL,'Pashto',NULL,NULL,11,1),(12,1,NULL,NULL,'Tigrinya',NULL,NULL,12,0),(13,1,NULL,NULL,'Amharic',NULL,NULL,13,0),(14,1,NULL,NULL,'Lingala',NULL,NULL,15,0),(15,1,NULL,NULL,'Somali',NULL,NULL,15,0),(16,1,NULL,NULL,'Dari',NULL,NULL,16,0);
/*!40000 ALTER TABLE `languages` ENABLE KEYS */;
UNLOCK TABLES;

--
-- Table structure for table `laundry_appointments`
--

DROP TABLE IF EXISTS `laundry_appointments`;
/*!40101 SET @saved_cs_client     = @@character_set_client */;
/*!40101 SET character_set_client = utf8 */;
CREATE TABLE `laundry_appointments` (
  `id` int(11) unsigned NOT NULL AUTO_INCREMENT,
  `cyclestart` date DEFAULT NULL,
  `timeslot` int(11) unsigned NOT NULL,
  `people_id` int(11) unsigned DEFAULT NULL,
  `created` datetime DEFAULT NULL,
  `created_by` int(11) unsigned DEFAULT NULL,
  `modified` datetime DEFAULT NULL,
  `modified_by` int(11) unsigned DEFAULT NULL,
  `noshow` tinyint(4) NOT NULL DEFAULT '0',
  `dropoff` tinyint(4) NOT NULL DEFAULT '0',
  `collected` tinyint(4) NOT NULL DEFAULT '0',
  `comment` text NOT NULL,
  PRIMARY KEY (`id`),
  KEY `timeslot` (`timeslot`),
  KEY `created_by` (`created_by`),
  KEY `modified_by` (`modified_by`),
  KEY `people_id` (`people_id`),
  CONSTRAINT `laundry_appointments_ibfk_3` FOREIGN KEY (`timeslot`) REFERENCES `laundry_slots` (`id`) ON UPDATE CASCADE,
  CONSTRAINT `laundry_appointments_ibfk_5` FOREIGN KEY (`created_by`) REFERENCES `cms_users` (`id`) ON DELETE SET NULL ON UPDATE CASCADE,
  CONSTRAINT `laundry_appointments_ibfk_6` FOREIGN KEY (`modified_by`) REFERENCES `cms_users` (`id`) ON DELETE SET NULL ON UPDATE CASCADE,
  CONSTRAINT `laundry_appointments_ibfk_7` FOREIGN KEY (`people_id`) REFERENCES `people` (`id`) ON DELETE SET NULL ON UPDATE CASCADE
) ENGINE=InnoDB DEFAULT CHARSET=utf8 ROW_FORMAT=DYNAMIC;
/*!40101 SET character_set_client = @saved_cs_client */;

--
-- Dumping data for table `laundry_appointments`
--

LOCK TABLES `laundry_appointments` WRITE;
/*!40000 ALTER TABLE `laundry_appointments` DISABLE KEYS */;
/*!40000 ALTER TABLE `laundry_appointments` ENABLE KEYS */;
UNLOCK TABLES;

--
-- Table structure for table `laundry_machines`
--

DROP TABLE IF EXISTS `laundry_machines`;
/*!40101 SET @saved_cs_client     = @@character_set_client */;
/*!40101 SET character_set_client = utf8 */;
CREATE TABLE `laundry_machines` (
  `id` int(11) unsigned NOT NULL AUTO_INCREMENT,
  `label` varchar(255) DEFAULT NULL,
  `station` int(11) unsigned NOT NULL,
  PRIMARY KEY (`id`),
  KEY `station` (`station`),
  CONSTRAINT `laundry_machines_ibfk_1` FOREIGN KEY (`station`) REFERENCES `laundry_stations` (`id`) ON UPDATE CASCADE
) ENGINE=InnoDB DEFAULT CHARSET=utf8 ROW_FORMAT=DYNAMIC;
/*!40101 SET character_set_client = @saved_cs_client */;

--
-- Dumping data for table `laundry_machines`
--

LOCK TABLES `laundry_machines` WRITE;
/*!40000 ALTER TABLE `laundry_machines` DISABLE KEYS */;
/*!40000 ALTER TABLE `laundry_machines` ENABLE KEYS */;
UNLOCK TABLES;

--
-- Table structure for table `laundry_slots`
--

DROP TABLE IF EXISTS `laundry_slots`;
/*!40101 SET @saved_cs_client     = @@character_set_client */;
/*!40101 SET character_set_client = utf8 */;
CREATE TABLE `laundry_slots` (
  `id` int(11) unsigned NOT NULL AUTO_INCREMENT,
  `day` tinyint(4) DEFAULT NULL,
  `time` int(11) unsigned NOT NULL,
  `machine` int(11) unsigned NOT NULL,
  PRIMARY KEY (`id`),
  KEY `machine` (`machine`),
  KEY `time` (`time`),
  CONSTRAINT `laundry_slots_ibfk_1` FOREIGN KEY (`machine`) REFERENCES `laundry_machines` (`id`) ON UPDATE CASCADE,
  CONSTRAINT `laundry_slots_ibfk_2` FOREIGN KEY (`time`) REFERENCES `laundry_times` (`id`) ON UPDATE CASCADE
) ENGINE=InnoDB DEFAULT CHARSET=utf8 ROW_FORMAT=DYNAMIC;
/*!40101 SET character_set_client = @saved_cs_client */;

--
-- Dumping data for table `laundry_slots`
--

LOCK TABLES `laundry_slots` WRITE;
/*!40000 ALTER TABLE `laundry_slots` DISABLE KEYS */;
/*!40000 ALTER TABLE `laundry_slots` ENABLE KEYS */;
UNLOCK TABLES;

--
-- Table structure for table `laundry_stations`
--

DROP TABLE IF EXISTS `laundry_stations`;
/*!40101 SET @saved_cs_client     = @@character_set_client */;
/*!40101 SET character_set_client = utf8 */;
CREATE TABLE `laundry_stations` (
  `id` int(11) unsigned NOT NULL AUTO_INCREMENT,
  `label` varchar(50) DEFAULT NULL,
  `access` varchar(255) NOT NULL DEFAULT 'TRUE',
  `camp_id` int(11) unsigned NOT NULL,
  PRIMARY KEY (`id`),
  KEY `camp_id` (`camp_id`),
  CONSTRAINT `laundry_stations_ibfk_1` FOREIGN KEY (`camp_id`) REFERENCES `camps` (`id`) ON UPDATE CASCADE
) ENGINE=InnoDB DEFAULT CHARSET=utf8 ROW_FORMAT=DYNAMIC;
/*!40101 SET character_set_client = @saved_cs_client */;

--
-- Dumping data for table `laundry_stations`
--

LOCK TABLES `laundry_stations` WRITE;
/*!40000 ALTER TABLE `laundry_stations` DISABLE KEYS */;
/*!40000 ALTER TABLE `laundry_stations` ENABLE KEYS */;
UNLOCK TABLES;

--
-- Table structure for table `laundry_times`
--

DROP TABLE IF EXISTS `laundry_times`;
/*!40101 SET @saved_cs_client     = @@character_set_client */;
/*!40101 SET character_set_client = utf8 */;
CREATE TABLE `laundry_times` (
  `id` int(11) unsigned NOT NULL AUTO_INCREMENT,
  `label` varchar(20) DEFAULT NULL,
  PRIMARY KEY (`id`)
) ENGINE=InnoDB DEFAULT CHARSET=utf8 ROW_FORMAT=DYNAMIC;
/*!40101 SET character_set_client = @saved_cs_client */;

--
-- Dumping data for table `laundry_times`
--

LOCK TABLES `laundry_times` WRITE;
/*!40000 ALTER TABLE `laundry_times` DISABLE KEYS */;
/*!40000 ALTER TABLE `laundry_times` ENABLE KEYS */;
UNLOCK TABLES;

--
-- Table structure for table `library`
--

DROP TABLE IF EXISTS `library`;
/*!40101 SET @saved_cs_client     = @@character_set_client */;
/*!40101 SET character_set_client = utf8 */;
CREATE TABLE `library` (
  `id` int(11) unsigned NOT NULL AUTO_INCREMENT,
  `code` varchar(255) DEFAULT NULL,
  `booktitle_en` varchar(255) DEFAULT NULL,
  `booktitle_ar` varchar(255) DEFAULT NULL,
  `author` varchar(255) DEFAULT NULL,
  `type_id` int(11) unsigned DEFAULT NULL,
  `deleted` tinyint(4) NOT NULL DEFAULT '0',
  `visible` tinyint(4) NOT NULL DEFAULT '0',
  `comment` text NOT NULL,
  `created` datetime DEFAULT NULL,
  `created_by` int(11) unsigned DEFAULT NULL,
  `modified` datetime DEFAULT NULL,
  `modified_by` int(11) unsigned DEFAULT NULL,
  `camp_id` int(11) unsigned NOT NULL,
  PRIMARY KEY (`id`),
  KEY `camp_id` (`camp_id`),
  KEY `type_id` (`type_id`),
  KEY `created_by` (`created_by`),
  KEY `modified_by` (`modified_by`),
  CONSTRAINT `library_ibfk_1` FOREIGN KEY (`camp_id`) REFERENCES `camps` (`id`) ON UPDATE CASCADE,
  CONSTRAINT `library_ibfk_4` FOREIGN KEY (`type_id`) REFERENCES `library_type` (`id`) ON UPDATE CASCADE,
  CONSTRAINT `library_ibfk_5` FOREIGN KEY (`created_by`) REFERENCES `cms_users` (`id`) ON DELETE SET NULL ON UPDATE CASCADE,
  CONSTRAINT `library_ibfk_6` FOREIGN KEY (`modified_by`) REFERENCES `cms_users` (`id`) ON DELETE SET NULL ON UPDATE CASCADE
) ENGINE=InnoDB AUTO_INCREMENT=101 DEFAULT CHARSET=utf8 ROW_FORMAT=DYNAMIC;
/*!40101 SET character_set_client = @saved_cs_client */;

--
-- Dumping data for table `library`
--

LOCK TABLES `library` WRITE;
/*!40000 ALTER TABLE `library` DISABLE KEYS */;
INSERT INTO `library` VALUES (1,'82016562','Versatile user-facing intranet',NULL,'Marks, Lang and Johnson',1,0,1,'',NULL,NULL,NULL,NULL,1),(2,'15442666','Diverse disintermediate framework',NULL,'Predovic Group',1,0,0,'',NULL,NULL,NULL,NULL,1),(3,'62113380','Digitized homogeneous neural-net',NULL,'Kunze, Langosh and McGlynn',1,0,0,'',NULL,NULL,NULL,NULL,1),(4,'78533516','Re-engineered bifurcated hub',NULL,'Jakubowski-Cormier',2,0,0,'',NULL,NULL,NULL,NULL,1),(5,'02609621','Object-based neutral application',NULL,'Marvin, Torphy and Boyer',1,0,0,'',NULL,NULL,NULL,NULL,1),(6,'49428971','Persistent global conglomeration',NULL,'Breitenberg PLC',1,0,1,'',NULL,NULL,NULL,NULL,1),(7,'34982624','Stand-alone interactive middleware',NULL,'Lesch Group',1,0,0,'',NULL,NULL,NULL,NULL,1),(8,'79308977','Networked multi-state methodology',NULL,'Schimmel-Zboncak',1,0,0,'',NULL,NULL,NULL,NULL,1),(9,'84026415','Switchable neutral solution',NULL,'Kuhic, Kuphal and Schaden',1,0,1,'',NULL,NULL,NULL,NULL,1),(10,'66363651','Public-key local policy',NULL,'Dickinson-Kerluke',2,0,1,'',NULL,NULL,NULL,NULL,1),(11,'46784247','Multi-lateral didactic time-frame',NULL,'Koch, Schultz and Bode',2,0,1,'',NULL,NULL,NULL,NULL,1),(12,'82288464','Decentralized incremental leverage',NULL,'Balistreri, Gaylord and Rosenbaum',1,0,0,'',NULL,NULL,NULL,NULL,1),(13,'88830377','Adaptive 6thgeneration toolset',NULL,'Dietrich-Prosacco',2,0,0,'',NULL,NULL,NULL,NULL,1),(14,'23931138','Multi-tiered stable time-frame',NULL,'Mayer LLC',1,0,0,'',NULL,NULL,NULL,NULL,1),(15,'24063418','Automated actuating website',NULL,'Luettgen, Larkin and Kuvalis',2,0,0,'',NULL,NULL,NULL,NULL,1),(16,'55363389','Re-engineered full-range function',NULL,'Cummerata-Walter',1,0,0,'',NULL,NULL,NULL,NULL,1),(17,'37921057','Re-contextualized 24/7 forecast',NULL,'Sauer, Gleichner and Nader',1,0,0,'',NULL,NULL,NULL,NULL,1),(18,'96919897','Horizontal multi-state infrastructure',NULL,'Farrell-Kunze',2,0,0,'',NULL,NULL,NULL,NULL,1),(19,'17619615','Profound fresh-thinking hierarchy',NULL,'Wiza-Olson',2,0,0,'',NULL,NULL,NULL,NULL,1),(20,'31325851','Versatile web-enabled model',NULL,'Bayer, Hauck and Schneider',1,0,0,'',NULL,NULL,NULL,NULL,1),(21,'57873060','Synergized even-keeled groupware',NULL,'Schaden-Sipes',2,0,0,'',NULL,NULL,NULL,NULL,1),(22,'03695760','Robust logistical blockchain',NULL,'Stroman-McCullough',2,0,0,'',NULL,NULL,NULL,NULL,1),(23,'19885193','Configurable interactive frame',NULL,'Schaefer Ltd',2,0,1,'',NULL,NULL,NULL,NULL,1),(24,'79822053','Profit-focused leadingedge policy',NULL,'Bosco, Ward and McDermott',2,0,1,'',NULL,NULL,NULL,NULL,1),(25,'07996313','Integrated web-enabled challenge',NULL,'Hodkiewicz, Tremblay and Dare',2,0,1,'',NULL,NULL,NULL,NULL,1),(26,'46781819','Multi-tiered eco-centric hierarchy',NULL,'Gutkowski-Reilly',2,0,1,'',NULL,NULL,NULL,NULL,1),(27,'81764419','Operative background solution',NULL,'Schaden Ltd',2,0,1,'',NULL,NULL,NULL,NULL,1),(28,'09289628','Focused secondary circuit',NULL,'Turcotte-Thompson',1,0,0,'',NULL,NULL,NULL,NULL,1),(29,'78739369','Open-source non-volatile paradigm',NULL,'Wisozk-Lockman',1,0,1,'',NULL,NULL,NULL,NULL,1),(30,'27543788','Visionary systematic throughput',NULL,'Rutherford-Hartmann',2,0,0,'',NULL,NULL,NULL,NULL,1),(31,'16146655','Robust bandwidth-monitored service-desk',NULL,'Reichel and Sons',2,0,0,'',NULL,NULL,NULL,NULL,1),(32,'62327237','Secured non-volatile algorithm',NULL,'Farrell LLC',1,0,0,'',NULL,NULL,NULL,NULL,1),(33,'91011947','Advanced 4thgeneration approach',NULL,'Howell-McKenzie',1,0,1,'',NULL,NULL,NULL,NULL,1),(34,'81946532','Upgradable uniform alliance',NULL,'Mohr-Auer',1,0,1,'',NULL,NULL,NULL,NULL,1),(35,'79745567','Assimilated bandwidth-monitored parallelism',NULL,'Zemlak-Hintz',2,0,1,'',NULL,NULL,NULL,NULL,1),(36,'40928494','Innovative zerotolerance time-frame',NULL,'Little-Hessel',1,0,1,'',NULL,NULL,NULL,NULL,1),(37,'42536727','Multi-tiered grid-enabled customerloyalty',NULL,'Romaguera-Ledner',1,0,0,'',NULL,NULL,NULL,NULL,1),(38,'26037738','De-engineered client-server knowledgeuser',NULL,'Quigley Inc',2,0,0,'',NULL,NULL,NULL,NULL,1),(39,'22033413','Visionary human-resource capability',NULL,'Romaguera, O\'Reilly and Hahn',1,0,0,'',NULL,NULL,NULL,NULL,1),(40,'74837397','Cross-group bifurcated capability',NULL,'West-Stanton',2,0,1,'',NULL,NULL,NULL,NULL,1),(41,'73660057','Realigned homogeneous website',NULL,'Bailey and Sons',2,0,1,'',NULL,NULL,NULL,NULL,1),(42,'89334652','Grass-roots multi-state capability',NULL,'Bartoletti and Sons',2,0,1,'',NULL,NULL,NULL,NULL,1),(43,'36827954','Centralized motivating knowledgebase',NULL,'Block Group',2,0,0,'',NULL,NULL,NULL,NULL,1),(44,'49548839','Innovative hybrid algorithm',NULL,'Sauer, Zulauf and Mayer',1,0,1,'',NULL,NULL,NULL,NULL,1),(45,'43235018','Operative bandwidth-monitored knowledgebase',NULL,'Eichmann Inc',2,0,0,'',NULL,NULL,NULL,NULL,1),(46,'31189835','User-centric encompassing protocol',NULL,'Cole-Johnson',2,0,0,'',NULL,NULL,NULL,NULL,1),(47,'79674539','Compatible bandwidth-monitored conglomeration',NULL,'Collins, O\'Kon and Gottlieb',2,0,1,'',NULL,NULL,NULL,NULL,1),(48,'18962024','Centralized client-driven neural-net',NULL,'Franecki PLC',2,0,0,'',NULL,NULL,NULL,NULL,1),(49,'75650025','Automated optimal array',NULL,'Kemmer, Wiza and Erdman',1,0,0,'',NULL,NULL,NULL,NULL,1),(50,'04732877','Extended secondary orchestration',NULL,'Fay Inc',2,0,1,'',NULL,NULL,NULL,NULL,1),(51,'76589737','Intuitive modular budgetarymanagement',NULL,'Daniel-Bergstrom',2,0,0,'',NULL,NULL,NULL,NULL,1),(52,'01323702','Polarised 24hour blockchain',NULL,'Hoeger, Marquardt and Shanahan',1,0,1,'',NULL,NULL,NULL,NULL,1),(53,'81377237','Multi-layered dedicated database',NULL,'Pouros-O\'Conner',1,0,0,'',NULL,NULL,NULL,NULL,1),(54,'24625357','Robust regional core',NULL,'Lindgren Inc',2,0,0,'',NULL,NULL,NULL,NULL,1),(55,'74950355','Operative object-oriented benchmark',NULL,'Lesch-Monahan',2,0,1,'',NULL,NULL,NULL,NULL,1),(56,'17572415','Virtual uniform pricingstructure',NULL,'Schiller, Mayer and Jones',2,0,0,'',NULL,NULL,NULL,NULL,1),(57,'08737915','Synchronised non-volatile moderator',NULL,'Nikolaus, Schuster and Harvey',1,0,1,'',NULL,NULL,NULL,NULL,1),(58,'11021858','User-centric zerodefect benchmark',NULL,'Larson-Larson',2,0,1,'',NULL,NULL,NULL,NULL,1),(59,'84093387','Monitored object-oriented protocol',NULL,'Kuhlman, Skiles and Huels',1,0,1,'',NULL,NULL,NULL,NULL,1),(60,'63708639','Function-based maximized access',NULL,'Ziemann-Hickle',1,0,0,'',NULL,NULL,NULL,NULL,1),(61,'69415258','Operative didactic matrices',NULL,'Wilkinson, Bechtelar and Reilly',2,0,0,'',NULL,NULL,NULL,NULL,1),(62,'64093864','Advanced upward-trending project',NULL,'Wunsch-Nolan',1,0,0,'',NULL,NULL,NULL,NULL,1),(63,'43213313','Configurable discrete challenge',NULL,'Leffler PLC',2,0,1,'',NULL,NULL,NULL,NULL,1),(64,'48930123','Distributed demand-driven encryption',NULL,'Friesen-Kerluke',1,0,0,'',NULL,NULL,NULL,NULL,1),(65,'87128314','Total value-added algorithm',NULL,'Nader, Parisian and Boyer',2,0,1,'',NULL,NULL,NULL,NULL,1),(66,'42811589','User-centric logistical frame',NULL,'Gislason and Sons',1,0,0,'',NULL,NULL,NULL,NULL,1),(67,'74517787','Decentralized bandwidth-monitored groupware',NULL,'Wiza and Sons',2,0,0,'',NULL,NULL,NULL,NULL,1),(68,'74582976','Business-focused transitional infrastructure',NULL,'Brekke-Douglas',1,0,0,'',NULL,NULL,NULL,NULL,1),(69,'28578208','Synergistic grid-enabled database',NULL,'Littel, Kertzmann and Eichmann',1,0,1,'',NULL,NULL,NULL,NULL,1),(70,'18969771','Ameliorated cohesive GraphicalUserInterface',NULL,'Collins Inc',2,0,0,'',NULL,NULL,NULL,NULL,1),(71,'90280016','Networked real-time neural-net',NULL,'Brown, Hermiston and Grady',2,0,0,'',NULL,NULL,NULL,NULL,1),(72,'54502512','Decentralized hybrid portal',NULL,'Johns, Jast and Weber',2,0,0,'',NULL,NULL,NULL,NULL,1),(73,'65695760','Realigned needs-based localareanetwork',NULL,'Prosacco-Heathcote',2,0,1,'',NULL,NULL,NULL,NULL,1),(74,'03660591','Polarised radical groupware',NULL,'Keeling Group',2,0,0,'',NULL,NULL,NULL,NULL,1),(75,'97385752','Automated holistic matrix',NULL,'Moore-Ryan',1,0,0,'',NULL,NULL,NULL,NULL,1),(76,'99441890','Universal national focusgroup',NULL,'Hettinger, Boyer and Leannon',2,0,1,'',NULL,NULL,NULL,NULL,1),(77,'55932738','Cross-group dedicated artificialintelligence',NULL,'Schneider PLC',2,0,1,'',NULL,NULL,NULL,NULL,1),(78,'53439253','Multi-layered modular initiative',NULL,'Veum and Sons',1,0,0,'',NULL,NULL,NULL,NULL,1),(79,'95681863','Triple-buffered impactful concept',NULL,'Greenholt-Barton',2,0,0,'',NULL,NULL,NULL,NULL,1),(80,'06849443','Pre-emptive 24/7 collaboration',NULL,'Cormier-Ruecker',1,0,1,'',NULL,NULL,NULL,NULL,1),(81,'07569470','Expanded systematic functionalities',NULL,'Donnelly-Denesik',2,0,0,'',NULL,NULL,NULL,NULL,1),(82,'08842312','Operative secondary approach',NULL,'Padberg, Bailey and Langosh',2,0,1,'',NULL,NULL,NULL,NULL,1),(83,'48945349','Versatile incremental methodology',NULL,'Crooks Inc',2,0,0,'',NULL,NULL,NULL,NULL,1),(84,'59900573','Quality-focused demand-driven internetsolution',NULL,'Schaden LLC',1,0,1,'',NULL,NULL,NULL,NULL,1),(85,'25583830','Universal dynamic utilisation',NULL,'Zemlak Group',1,0,0,'',NULL,NULL,NULL,NULL,1),(86,'11978824','Innovative contextually-based extranet',NULL,'Effertz Ltd',1,0,0,'',NULL,NULL,NULL,NULL,1),(87,'10195055','Stand-alone didactic internetsolution',NULL,'Farrell LLC',1,0,1,'',NULL,NULL,NULL,NULL,1),(88,'22048516','Triple-buffered regional time-frame',NULL,'Towne-Bechtelar',1,0,1,'',NULL,NULL,NULL,NULL,1),(89,'26356037','Quality-focused radical forecast',NULL,'Funk, Leuschke and Nienow',1,0,1,'',NULL,NULL,NULL,NULL,1),(90,'32314540','Function-based optimizing superstructure',NULL,'Vandervort-Weber',2,0,1,'',NULL,NULL,NULL,NULL,1),(91,'83624919','User-centric fault-tolerant hierarchy',NULL,'Beatty, Roob and Rutherford',1,0,0,'',NULL,NULL,NULL,NULL,1),(92,'16108356','Future-proofed 3rdgeneration model',NULL,'McDermott LLC',1,0,0,'',NULL,NULL,NULL,NULL,1),(93,'12586080','Quality-focused zerotolerance knowledgebase',NULL,'Gerlach-Moore',1,0,1,'',NULL,NULL,NULL,NULL,1),(94,'70692860','Secured motivating capacity',NULL,'Pacocha, Lubowitz and Reichel',2,0,1,'',NULL,NULL,NULL,NULL,1),(95,'05445585','Synchronised 5thgeneration challenge',NULL,'Nicolas Ltd',1,0,0,'',NULL,NULL,NULL,NULL,1),(96,'75725426','Progressive background hardware',NULL,'Bauch, McClure and Grant',1,0,0,'',NULL,NULL,NULL,NULL,1),(97,'60684585','Up-sized scalable leverage',NULL,'Greenholt-Thiel',2,0,0,'',NULL,NULL,NULL,NULL,1),(98,'56918526','Reverse-engineered context-sensitive access',NULL,'Dicki, Corkery and Konopelski',1,0,0,'',NULL,NULL,NULL,NULL,1),(99,'43509249','Sharable bifurcated processimprovement',NULL,'Mitchell, Lubowitz and O\'Kon',2,0,1,'',NULL,NULL,NULL,NULL,1),(100,'13562960','Automated bandwidth-monitored localareanetwork',NULL,'Senger and Sons',1,0,1,'',NULL,NULL,NULL,NULL,1);
/*!40000 ALTER TABLE `library` ENABLE KEYS */;
UNLOCK TABLES;

--
-- Table structure for table `library_transactions`
--

DROP TABLE IF EXISTS `library_transactions`;
/*!40101 SET @saved_cs_client     = @@character_set_client */;
/*!40101 SET character_set_client = utf8 */;
CREATE TABLE `library_transactions` (
  `id` int(11) unsigned NOT NULL AUTO_INCREMENT,
  `transaction_date` datetime DEFAULT NULL,
  `book_id` int(11) DEFAULT NULL,
  `people_id` int(11) unsigned DEFAULT NULL,
  `status` varchar(5) DEFAULT NULL,
  `created` datetime DEFAULT NULL,
  `created_by` int(11) unsigned DEFAULT NULL,
  `modified` datetime DEFAULT NULL,
  `modified_by` int(11) unsigned DEFAULT NULL,
  `comment` text NOT NULL,
  PRIMARY KEY (`id`),
  KEY `created_by` (`created_by`),
  KEY `modified_by` (`modified_by`),
  KEY `people_id` (`people_id`),
  CONSTRAINT `library_transactions_ibfk_4` FOREIGN KEY (`created_by`) REFERENCES `cms_users` (`id`) ON DELETE SET NULL ON UPDATE CASCADE,
  CONSTRAINT `library_transactions_ibfk_5` FOREIGN KEY (`modified_by`) REFERENCES `cms_users` (`id`) ON DELETE SET NULL ON UPDATE CASCADE,
  CONSTRAINT `library_transactions_ibfk_6` FOREIGN KEY (`people_id`) REFERENCES `people` (`id`) ON DELETE SET NULL ON UPDATE CASCADE
) ENGINE=InnoDB DEFAULT CHARSET=utf8 ROW_FORMAT=DYNAMIC;
/*!40101 SET character_set_client = @saved_cs_client */;

--
-- Dumping data for table `library_transactions`
--

LOCK TABLES `library_transactions` WRITE;
/*!40000 ALTER TABLE `library_transactions` DISABLE KEYS */;
/*!40000 ALTER TABLE `library_transactions` ENABLE KEYS */;
UNLOCK TABLES;

--
-- Table structure for table `library_type`
--

DROP TABLE IF EXISTS `library_type`;
/*!40101 SET @saved_cs_client     = @@character_set_client */;
/*!40101 SET character_set_client = utf8 */;
CREATE TABLE `library_type` (
  `id` int(11) unsigned NOT NULL AUTO_INCREMENT,
  `label` varchar(255) DEFAULT NULL,
  `camp_id` int(11) unsigned NOT NULL,
  PRIMARY KEY (`id`),
  KEY `camp_id` (`camp_id`),
  CONSTRAINT `library_type_ibfk_1` FOREIGN KEY (`camp_id`) REFERENCES `camps` (`id`) ON UPDATE CASCADE
) ENGINE=InnoDB AUTO_INCREMENT=3 DEFAULT CHARSET=utf8 ROW_FORMAT=DYNAMIC;
/*!40101 SET character_set_client = @saved_cs_client */;

--
-- Dumping data for table `library_type`
--

LOCK TABLES `library_type` WRITE;
/*!40000 ALTER TABLE `library_type` DISABLE KEYS */;
INSERT INTO `library_type` VALUES (1,'Books',1),(2,'Magazines',1);
/*!40000 ALTER TABLE `library_type` ENABLE KEYS */;
UNLOCK TABLES;

--
-- Table structure for table `locations`
--

DROP TABLE IF EXISTS `locations`;
/*!40101 SET @saved_cs_client     = @@character_set_client */;
/*!40101 SET character_set_client = utf8 */;
CREATE TABLE `locations` (
  `id` int(11) unsigned NOT NULL AUTO_INCREMENT,
  `label` varchar(20) NOT NULL,
  `camp_id` int(11) unsigned NOT NULL,
  `seq` int(11) DEFAULT NULL,
  `created` datetime DEFAULT NULL,
  `created_by` int(11) unsigned DEFAULT NULL,
  `modified` datetime DEFAULT NULL,
  `modified_by` int(11) unsigned DEFAULT NULL,
  `visible` tinyint(4) NOT NULL DEFAULT '1',
  `container_stock` tinyint(4) NOT NULL DEFAULT '0',
  `is_market` tinyint(4) NOT NULL DEFAULT '0',
  `is_donated` tinyint(4) NOT NULL DEFAULT '0',
  `is_lost` tinyint(4) NOT NULL DEFAULT '0',
  `type` varchar(20) NOT NULL DEFAULT 'Warehouse',
  `latitude` double DEFAULT NULL,
  `longitude` double DEFAULT NULL,
  `description` varchar(255) DEFAULT NULL,
  `deleted` datetime DEFAULT NULL,
  `is_scrap` tinyint(1) NOT NULL DEFAULT '0',
  `box_state_id` int(11) unsigned NOT NULL DEFAULT '1',
  PRIMARY KEY (`id`),
  KEY `camp_id` (`camp_id`),
  KEY `box_state_id` (`box_state_id`),
  KEY `created_by` (`created_by`),
  KEY `modified_by` (`modified_by`),
  KEY `locations_type_index` (`type`),
  KEY `locations_latitude_index` (`latitude`),
  KEY `locations_longitude_index` (`longitude`),
  CONSTRAINT `locations_ibfk_1` FOREIGN KEY (`camp_id`) REFERENCES `camps` (`id`) ON UPDATE CASCADE,
  CONSTRAINT `locations_ibfk_4` FOREIGN KEY (`box_state_id`) REFERENCES `box_state` (`id`) ON UPDATE CASCADE,
  CONSTRAINT `locations_ibfk_5` FOREIGN KEY (`box_state_id`) REFERENCES `box_state` (`id`) ON UPDATE CASCADE,
  CONSTRAINT `locations_ibfk_6` FOREIGN KEY (`created_by`) REFERENCES `cms_users` (`id`) ON DELETE SET NULL ON UPDATE CASCADE,
  CONSTRAINT `locations_ibfk_7` FOREIGN KEY (`modified_by`) REFERENCES `cms_users` (`id`) ON DELETE SET NULL ON UPDATE CASCADE
) ENGINE=InnoDB AUTO_INCREMENT=100000036 DEFAULT CHARSET=utf8 ROW_FORMAT=DYNAMIC;
/*!40101 SET character_set_client = @saved_cs_client */;

--
-- Dumping data for table `locations`
--

LOCK TABLES `locations` WRITE;
/*!40000 ALTER TABLE `locations` DISABLE KEYS */;
INSERT INTO `locations` VALUES (1,'Shop',1,1,NULL,NULL,NULL,NULL,0,0,1,0,0,'Warehouse',NULL,NULL,NULL,NULL,0,5),(2,'LOST',1,2,NULL,NULL,NULL,NULL,0,0,0,0,1,'Warehouse',NULL,NULL,NULL,NULL,0,2),(3,'SCRAP',1,3,NULL,NULL,NULL,NULL,0,0,0,0,0,'Warehouse',NULL,NULL,NULL,NULL,1,6),(4,'Stockroom',1,4,NULL,NULL,NULL,NULL,1,1,0,0,0,'Warehouse',NULL,NULL,NULL,NULL,0,1),(5,'WH',1,5,NULL,NULL,NULL,NULL,1,0,0,0,0,'Warehouse',NULL,NULL,NULL,NULL,0,1),(6,'WH Women',1,6,NULL,NULL,NULL,NULL,1,0,0,0,0,'Warehouse',NULL,NULL,NULL,NULL,0,1),(7,'WH Men',1,7,NULL,NULL,NULL,NULL,1,0,0,0,0,'Warehouse',NULL,NULL,NULL,NULL,0,1),(8,'WH Children',1,8,NULL,NULL,NULL,NULL,1,0,0,0,0,'Warehouse',NULL,NULL,NULL,NULL,0,1),(9,'WH Babies',1,9,NULL,NULL,NULL,NULL,1,0,0,0,0,'Warehouse',NULL,NULL,NULL,NULL,0,1),(10,'WH Shoes',1,10,NULL,NULL,NULL,NULL,1,0,0,0,0,'Warehouse',NULL,NULL,NULL,NULL,0,1),(11,'WH New arrivals',1,11,NULL,NULL,NULL,NULL,1,0,0,0,0,'Warehouse',NULL,NULL,NULL,NULL,0,1),(12,'WH Hygiene',1,12,NULL,NULL,NULL,NULL,1,0,0,0,0,'Warehouse',NULL,NULL,NULL,NULL,0,1),(13,'WH Seasonal',1,12,NULL,NULL,NULL,NULL,1,0,0,0,0,'Warehouse',NULL,NULL,NULL,NULL,0,1),(14,'LOST',2,14,NULL,NULL,NULL,NULL,0,0,0,0,1,'Warehouse',NULL,NULL,NULL,NULL,0,2),(15,'SCRAP',2,15,NULL,NULL,NULL,NULL,0,0,0,0,0,'Warehouse',NULL,NULL,NULL,NULL,1,6),(16,'Stockroom',2,16,NULL,NULL,NULL,NULL,1,1,0,0,0,'Warehouse',NULL,NULL,NULL,NULL,0,1),(17,'WH1',2,17,NULL,NULL,NULL,NULL,1,0,0,0,0,'Warehouse',NULL,NULL,NULL,NULL,0,1),(18,'WH2',2,18,NULL,NULL,NULL,NULL,1,0,0,0,0,'Warehouse',NULL,NULL,NULL,NULL,0,1),(19,'Shop',3,19,NULL,NULL,NULL,NULL,0,0,1,0,0,'Warehouse',NULL,NULL,NULL,NULL,0,5),(20,'LOST',3,20,NULL,NULL,NULL,NULL,0,0,0,0,1,'Warehouse',NULL,NULL,NULL,NULL,0,2),(21,'SCRAP',3,21,NULL,NULL,NULL,NULL,0,0,0,0,0,'Warehouse',NULL,NULL,NULL,NULL,1,6),(22,'Stockroom',3,21,NULL,NULL,NULL,NULL,1,1,0,0,0,'Warehouse',NULL,NULL,NULL,NULL,0,1),(100000000,'TestShop',100000000,NULL,NULL,NULL,NULL,NULL,0,0,1,0,0,'Warehouse',NULL,NULL,NULL,NULL,0,5),(100000001,'TestLOST',100000000,NULL,NULL,NULL,NULL,NULL,0,0,0,0,1,'Warehouse',NULL,NULL,NULL,NULL,0,2),(100000002,'TestDonated',100000000,NULL,NULL,NULL,NULL,NULL,0,0,0,1,0,'Warehouse',NULL,NULL,NULL,NULL,0,5),(100000003,'TestWarehouse',100000000,NULL,NULL,NULL,NULL,NULL,1,0,0,0,0,'Warehouse',NULL,NULL,NULL,NULL,0,1),(100000004,'TestStockroom',100000000,NULL,NULL,NULL,NULL,NULL,1,1,0,0,0,'Warehouse',NULL,NULL,NULL,NULL,0,1),(100000005,'TestDummyLocation',100000001,NULL,NULL,NULL,NULL,NULL,0,0,1,0,0,'Warehouse',NULL,NULL,NULL,NULL,0,5),(100000006,'TestSCRAP',100000000,NULL,NULL,NULL,NULL,NULL,0,0,0,0,0,'Warehouse',NULL,NULL,NULL,NULL,1,6);
/*!40000 ALTER TABLE `locations` ENABLE KEYS */;
UNLOCK TABLES;

--
-- Table structure for table `log`
--

DROP TABLE IF EXISTS `log`;
/*!40101 SET @saved_cs_client     = @@character_set_client */;
/*!40101 SET character_set_client = utf8 */;
CREATE TABLE `log` (
  `id` int(11) unsigned NOT NULL AUTO_INCREMENT,
  `logdate` datetime DEFAULT NULL,
  `content` text,
  `ip` varchar(255) DEFAULT NULL,
  `user` varchar(255) DEFAULT NULL,
  PRIMARY KEY (`id`)
) ENGINE=InnoDB DEFAULT CHARSET=utf8 ROW_FORMAT=DYNAMIC;
/*!40101 SET character_set_client = @saved_cs_client */;

--
-- Dumping data for table `log`
--

LOCK TABLES `log` WRITE;
/*!40000 ALTER TABLE `log` DISABLE KEYS */;
/*!40000 ALTER TABLE `log` ENABLE KEYS */;
UNLOCK TABLES;

--
-- Table structure for table `numbers`
--

DROP TABLE IF EXISTS `numbers`;
/*!40101 SET @saved_cs_client     = @@character_set_client */;
/*!40101 SET character_set_client = utf8 */;
CREATE TABLE `numbers` (
  `value` int(11) NOT NULL AUTO_INCREMENT,
  `label` varchar(20) NOT NULL,
  PRIMARY KEY (`value`)
) ENGINE=InnoDB AUTO_INCREMENT=11 DEFAULT CHARSET=utf8 ROW_FORMAT=DYNAMIC;
/*!40101 SET character_set_client = @saved_cs_client */;

--
-- Dumping data for table `numbers`
--

LOCK TABLES `numbers` WRITE;
/*!40000 ALTER TABLE `numbers` DISABLE KEYS */;
INSERT INTO `numbers` VALUES (0,'none'),(1,'one'),(2,'two'),(3,'three'),(4,'four'),(5,'five'),(6,'six'),(7,'seven'),(8,'eight'),(9,'nine'),(10,'ten');
/*!40000 ALTER TABLE `numbers` ENABLE KEYS */;
UNLOCK TABLES;

--
-- Table structure for table `organisations`
--

DROP TABLE IF EXISTS `organisations`;
/*!40101 SET @saved_cs_client     = @@character_set_client */;
/*!40101 SET character_set_client = utf8 */;
CREATE TABLE `organisations` (
  `id` int(11) unsigned NOT NULL AUTO_INCREMENT,
  `label` varchar(255) NOT NULL,
  `created` datetime DEFAULT NULL,
  `created_by` int(11) unsigned DEFAULT NULL,
  `deleted` datetime DEFAULT NULL,
  `modified` datetime DEFAULT NULL,
  `modified_by` int(11) unsigned DEFAULT NULL,
  PRIMARY KEY (`id`),
  KEY `created_by` (`created_by`),
  KEY `modified_by` (`modified_by`),
  CONSTRAINT `organisations_ibfk_1` FOREIGN KEY (`created_by`) REFERENCES `cms_users` (`id`) ON DELETE SET NULL ON UPDATE CASCADE,
  CONSTRAINT `organisations_ibfk_2` FOREIGN KEY (`modified_by`) REFERENCES `cms_users` (`id`) ON DELETE SET NULL ON UPDATE CASCADE
) ENGINE=InnoDB AUTO_INCREMENT=100000006 DEFAULT CHARSET=utf8 ROW_FORMAT=DYNAMIC;
/*!40101 SET character_set_client = @saved_cs_client */;

--
-- Dumping data for table `organisations`
--

LOCK TABLES `organisations` WRITE;
/*!40000 ALTER TABLE `organisations` DISABLE KEYS */;
INSERT INTO `organisations` VALUES (1,'BoxAid',NULL,NULL,NULL,NULL,NULL),(2,'BoxCare',NULL,NULL,NULL,NULL,NULL),(100000000,'TestOrganisation','2019-07-10 08:05:56',1,NULL,NULL,NULL),(100000001,'DummyTestOrgWithBoxes','2019-09-29 08:05:56',1,NULL,NULL,NULL);
/*!40000 ALTER TABLE `organisations` ENABLE KEYS */;
UNLOCK TABLES;

--
-- Table structure for table `people`
--

DROP TABLE IF EXISTS `people`;
/*!40101 SET @saved_cs_client     = @@character_set_client */;
/*!40101 SET character_set_client = utf8 */;
CREATE TABLE `people` (
  `id` int(11) unsigned NOT NULL AUTO_INCREMENT,
  `parent_id` int(11) unsigned DEFAULT NULL,
  `seq` int(11) NOT NULL,
  `firstname` varchar(255) NOT NULL DEFAULT '',
  `lastname` varchar(255) NOT NULL DEFAULT '',
  `date_of_birth` date DEFAULT NULL,
  `gender` varchar(255) NOT NULL DEFAULT '',
  `family_id` int(11) NOT NULL,
  `visible` int(11) NOT NULL DEFAULT '1',
  `created` datetime DEFAULT NULL,
  `created_by` int(11) unsigned DEFAULT NULL,
  `modified` datetime DEFAULT NULL,
  `modified_by` int(11) unsigned DEFAULT NULL,
  `url` int(11) DEFAULT NULL,
  `container` varchar(255) NOT NULL DEFAULT '',
  `tent` varchar(255) NOT NULL DEFAULT '',
  `email` varchar(255) NOT NULL DEFAULT '',
  `pass` varchar(255) NOT NULL DEFAULT '',
  `language` int(11) NOT NULL DEFAULT '5',
  `resetpassword` varchar(255) DEFAULT NULL,
  `comments` text,
  `workshoptraining` int(11) NOT NULL DEFAULT '0',
  `workshopsupervisor` int(11) NOT NULL DEFAULT '0',
  `phone` varchar(255) DEFAULT NULL,
  `bicycletraining` int(11) NOT NULL DEFAULT '0',
  `camp_id` int(11) unsigned NOT NULL,
  `deleted` datetime NOT NULL,
  `extraportion` int(11) NOT NULL DEFAULT '0',
  `notregistered` tinyint(4) NOT NULL DEFAULT '0',
  `workshopban` date DEFAULT NULL,
  `bicycleban` date DEFAULT NULL,
  `bicyclebancomment` text NOT NULL,
  `workshopbancomment` text NOT NULL,
  `volunteer` tinyint(4) NOT NULL DEFAULT '0',
  `laundryblock` tinyint(4) NOT NULL DEFAULT '0',
  `laundrycomment` varchar(255) DEFAULT NULL,
  `approvalsigned` tinyint(4) NOT NULL DEFAULT '0',
  `signaturefield` text,
  `date_of_signature` datetime NOT NULL DEFAULT '0000-00-00 00:00:00',
  PRIMARY KEY (`id`),
  KEY `parent_id` (`parent_id`),
  KEY `container` (`container`),
  KEY `camp_id` (`camp_id`),
  KEY `created_by` (`created_by`),
  KEY `modified_by` (`modified_by`),
  CONSTRAINT `people_ibfk_1` FOREIGN KEY (`camp_id`) REFERENCES `camps` (`id`) ON UPDATE CASCADE,
  CONSTRAINT `people_ibfk_5` FOREIGN KEY (`created_by`) REFERENCES `cms_users` (`id`) ON DELETE SET NULL ON UPDATE CASCADE,
  CONSTRAINT `people_ibfk_6` FOREIGN KEY (`modified_by`) REFERENCES `cms_users` (`id`) ON DELETE SET NULL ON UPDATE CASCADE,
  CONSTRAINT `people_ibfk_7` FOREIGN KEY (`parent_id`) REFERENCES `people` (`id`) ON DELETE SET NULL ON UPDATE CASCADE
) ENGINE=InnoDB AUTO_INCREMENT=100000484 DEFAULT CHARSET=utf8 ROW_FORMAT=DYNAMIC;
/*!40101 SET character_set_client = @saved_cs_client */;

--
-- Dumping data for table `people`
--

LOCK TABLES `people` WRITE;
/*!40000 ALTER TABLE `people` DISABLE KEYS */;
INSERT INTO `people` VALUES (1,NULL,0,'Ardith','Halvorson','1966-03-01','F',0,1,'2022-05-10 00:30:01',NULL,NULL,NULL,NULL,'4371','','','',5,NULL,NULL,0,0,NULL,0,1,'0000-00-00 00:00:00',0,0,NULL,NULL,'','',0,0,NULL,0,NULL,'0000-00-00 00:00:00'),(2,1,0,'Marshall','Halvorson','2018-03-17','M',0,1,'2022-05-10 00:30:01',NULL,NULL,NULL,NULL,'4371','','','',5,NULL,NULL,0,0,NULL,0,1,'0000-00-00 00:00:00',0,0,NULL,NULL,'','',0,0,NULL,0,NULL,'0000-00-00 00:00:00'),(3,NULL,0,'Ezra','Beier','1948-09-30','M',0,1,'2022-05-10 00:30:01',NULL,NULL,NULL,NULL,'1703','','','',5,NULL,NULL,0,0,NULL,0,1,'0000-00-00 00:00:00',0,0,NULL,NULL,'','',0,0,NULL,0,NULL,'0000-00-00 00:00:00'),(4,3,0,'Laurel','Beier','2010-04-24','M',0,1,'2022-05-10 00:30:01',NULL,NULL,NULL,NULL,'1703','','','',5,NULL,NULL,0,0,NULL,0,1,'0000-00-00 00:00:00',0,0,NULL,NULL,'','',0,0,NULL,0,NULL,'0000-00-00 00:00:00'),(5,3,0,'Juanita','Beier','2020-03-13','F',0,1,'2022-05-10 00:30:01',NULL,NULL,NULL,NULL,'1703','','','',5,NULL,NULL,0,0,NULL,0,1,'0000-00-00 00:00:00',0,0,NULL,NULL,'','',0,0,NULL,0,NULL,'0000-00-00 00:00:00'),(6,NULL,0,'Joel','Koss','1991-11-03','M',0,1,'2022-05-10 00:30:01',NULL,NULL,NULL,NULL,'2907','','','',5,NULL,NULL,0,0,NULL,0,1,'0000-00-00 00:00:00',0,0,NULL,NULL,'','',0,0,NULL,0,NULL,'0000-00-00 00:00:00'),(7,6,0,'Meghan','Koss','2021-05-23','F',0,1,'2022-05-10 00:30:01',NULL,NULL,NULL,NULL,'2907','','','',5,NULL,NULL,0,0,NULL,0,1,'0000-00-00 00:00:00',0,0,NULL,NULL,'','',0,0,NULL,0,NULL,'0000-00-00 00:00:00'),(8,6,0,'Tre','Koss','2008-07-07','M',0,1,'2022-05-10 00:30:01',NULL,NULL,NULL,NULL,'2907','','','',5,NULL,NULL,0,0,NULL,0,1,'0000-00-00 00:00:00',0,0,NULL,NULL,'','',0,0,NULL,0,NULL,'0000-00-00 00:00:00'),(9,NULL,0,'Amalia','Kub','1951-08-23','F',0,1,'2022-05-10 00:30:01',NULL,NULL,NULL,NULL,'2595','','','',5,NULL,NULL,0,0,NULL,0,1,'0000-00-00 00:00:00',0,0,NULL,NULL,'','',0,0,NULL,0,NULL,'0000-00-00 00:00:00'),(10,9,0,'Elva','Kub','2012-12-02','F',0,1,'2022-05-10 00:30:01',NULL,NULL,NULL,NULL,'2595','','','',5,NULL,NULL,0,0,NULL,0,1,'0000-00-00 00:00:00',0,0,NULL,NULL,'','',0,0,NULL,0,NULL,'0000-00-00 00:00:00'),(11,9,0,'Orval','Kub','2009-02-05','M',0,1,'2022-05-10 00:30:01',NULL,NULL,NULL,NULL,'2595','','','',5,NULL,NULL,0,0,NULL,0,1,'0000-00-00 00:00:00',0,0,NULL,NULL,'','',0,0,NULL,0,NULL,'0000-00-00 00:00:00'),(12,NULL,0,'Alessandra','Gerhold','1997-06-27','F',0,1,'2022-05-10 00:30:01',NULL,NULL,NULL,NULL,'2414','','','',5,NULL,NULL,0,0,NULL,0,1,'0000-00-00 00:00:00',0,0,NULL,NULL,'','',0,0,NULL,0,NULL,'0000-00-00 00:00:00'),(13,12,0,'Maximilian','Gerhold','2012-05-09','M',0,1,'2022-05-10 00:30:01',NULL,NULL,NULL,NULL,'2414','','','',5,NULL,NULL,0,0,NULL,0,1,'0000-00-00 00:00:00',0,0,NULL,NULL,'','',0,0,NULL,0,NULL,'0000-00-00 00:00:00'),(14,12,0,'Alta','Gerhold','2014-10-22','F',0,1,'2022-05-10 00:30:01',NULL,NULL,NULL,NULL,'2414','','','',5,NULL,NULL,0,0,NULL,0,1,'0000-00-00 00:00:00',0,0,NULL,NULL,'','',0,0,NULL,0,NULL,'0000-00-00 00:00:00'),(15,12,0,'Cassidy','Gerhold','2012-12-24','F',0,1,'2022-05-10 00:30:01',NULL,NULL,NULL,NULL,'2414','','','',5,NULL,NULL,0,0,NULL,0,1,'0000-00-00 00:00:00',0,0,NULL,NULL,'','',0,0,NULL,0,NULL,'0000-00-00 00:00:00'),(16,NULL,0,'Amanda','Price','1951-11-29','F',0,1,'2022-05-10 00:30:01',NULL,NULL,NULL,NULL,'8342','','','',5,NULL,NULL,0,0,NULL,0,1,'0000-00-00 00:00:00',0,0,NULL,NULL,'','',0,0,NULL,0,NULL,'0000-00-00 00:00:00'),(17,16,0,'Elijah','Price','2008-12-29','M',0,1,'2022-05-10 00:30:01',NULL,NULL,NULL,NULL,'8342','','','',5,NULL,NULL,0,0,NULL,0,1,'0000-00-00 00:00:00',0,0,NULL,NULL,'','',0,0,NULL,0,NULL,'0000-00-00 00:00:00'),(18,NULL,0,'Kaitlin','Daugherty','1980-04-27','F',0,1,'2022-05-10 00:30:01',NULL,NULL,NULL,NULL,'6341','','','',5,NULL,NULL,0,0,NULL,0,1,'0000-00-00 00:00:00',0,0,NULL,NULL,'','',0,0,NULL,0,NULL,'0000-00-00 00:00:00'),(19,NULL,0,'Rocio','Heller','1954-07-25','M',0,1,'2022-05-10 00:30:01',NULL,NULL,NULL,NULL,'3250','','','',5,NULL,NULL,0,0,NULL,0,1,'0000-00-00 00:00:00',0,0,NULL,NULL,'','',0,0,NULL,0,NULL,'0000-00-00 00:00:00'),(20,19,0,'Earl','Heller','2011-05-04','M',0,1,'2022-05-10 00:30:01',NULL,NULL,NULL,NULL,'3250','','','',5,NULL,NULL,0,0,NULL,0,1,'0000-00-00 00:00:00',0,0,NULL,NULL,'','',0,0,NULL,0,NULL,'0000-00-00 00:00:00'),(21,NULL,0,'Amanda','Hoppe','1959-02-03','F',0,1,'2022-05-10 00:30:01',NULL,NULL,NULL,NULL,'3852','','','',5,NULL,NULL,0,0,NULL,0,1,'0000-00-00 00:00:00',0,0,NULL,NULL,'','',0,0,NULL,0,NULL,'0000-00-00 00:00:00'),(22,21,0,'Carlie','Hoppe','2020-07-31','F',0,1,'2022-05-10 00:30:01',NULL,NULL,NULL,NULL,'3852','','','',5,NULL,NULL,0,0,NULL,0,1,'0000-00-00 00:00:00',0,0,NULL,NULL,'','',0,0,NULL,0,NULL,'0000-00-00 00:00:00'),(23,21,0,'Allene','Hoppe','2017-06-18','F',0,1,'2022-05-10 00:30:01',NULL,NULL,NULL,NULL,'3852','','','',5,NULL,NULL,0,0,NULL,0,1,'0000-00-00 00:00:00',0,0,NULL,NULL,'','',0,0,NULL,0,NULL,'0000-00-00 00:00:00'),(24,21,0,'Frederique','Hoppe','2015-11-11','F',0,1,'2022-05-10 00:30:01',NULL,NULL,NULL,NULL,'3852','','','',5,NULL,NULL,0,0,NULL,0,1,'0000-00-00 00:00:00',0,0,NULL,NULL,'','',0,0,NULL,0,NULL,'0000-00-00 00:00:00'),(25,21,0,'Celestine','Hoppe','2012-06-12','F',0,1,'2022-05-10 00:30:01',NULL,NULL,NULL,NULL,'3852','','','',5,NULL,NULL,0,0,NULL,0,1,'0000-00-00 00:00:00',0,0,NULL,NULL,'','',0,0,NULL,0,NULL,'0000-00-00 00:00:00'),(26,NULL,0,'Jerel','Wisoky','1979-04-01','M',0,1,'2022-05-10 00:30:01',NULL,NULL,NULL,NULL,'8686','','','',5,NULL,NULL,0,0,NULL,0,1,'0000-00-00 00:00:00',0,0,NULL,NULL,'','',0,0,NULL,0,NULL,'0000-00-00 00:00:00'),(27,26,0,'Emmett','Wisoky','2008-01-24','M',0,1,'2022-05-10 00:30:01',NULL,NULL,NULL,NULL,'8686','','','',5,NULL,NULL,0,0,NULL,0,1,'0000-00-00 00:00:00',0,0,NULL,NULL,'','',0,0,NULL,0,NULL,'0000-00-00 00:00:00'),(28,NULL,0,'Keenan','Shanahan','1968-04-21','M',0,1,'2022-05-10 00:30:01',NULL,NULL,NULL,NULL,'9395','','','',5,NULL,NULL,0,0,NULL,0,1,'0000-00-00 00:00:00',0,0,NULL,NULL,'','',0,0,NULL,0,NULL,'0000-00-00 00:00:00'),(29,28,0,'Marilyne','Shanahan','2009-12-17','F',0,1,'2022-05-10 00:30:01',NULL,NULL,NULL,NULL,'9395','','','',5,NULL,NULL,0,0,NULL,0,1,'0000-00-00 00:00:00',0,0,NULL,NULL,'','',0,0,NULL,0,NULL,'0000-00-00 00:00:00'),(30,28,0,'Demetrius','Shanahan','2021-06-18','M',0,1,'2022-05-10 00:30:01',NULL,NULL,NULL,NULL,'9395','','','',5,NULL,NULL,0,0,NULL,0,1,'0000-00-00 00:00:00',0,0,NULL,NULL,'','',0,0,NULL,0,NULL,'0000-00-00 00:00:00'),(31,28,0,'Eleanore','Shanahan','2011-08-21','F',0,1,'2022-05-10 00:30:01',NULL,NULL,NULL,NULL,'9395','','','',5,NULL,NULL,0,0,NULL,0,1,'0000-00-00 00:00:00',0,0,NULL,NULL,'','',0,0,NULL,0,NULL,'0000-00-00 00:00:00'),(32,NULL,0,'Velva','Schuppe','1960-10-23','F',0,1,'2022-05-10 00:30:01',NULL,NULL,NULL,NULL,'6926','','','',5,NULL,NULL,0,0,NULL,0,1,'0000-00-00 00:00:00',0,0,NULL,NULL,'','',0,0,NULL,0,NULL,'0000-00-00 00:00:00'),(33,32,0,'Wilmer','Schuppe','2014-06-09','M',0,1,'2022-05-10 00:30:01',NULL,NULL,NULL,NULL,'6926','','','',5,NULL,NULL,0,0,NULL,0,1,'0000-00-00 00:00:00',0,0,NULL,NULL,'','',0,0,NULL,0,NULL,'0000-00-00 00:00:00'),(34,NULL,0,'Nannie','Ryan','1961-09-26','F',0,1,'2022-05-10 00:30:01',NULL,NULL,NULL,NULL,'6021','','','',5,NULL,NULL,0,0,NULL,0,1,'0000-00-00 00:00:00',0,0,NULL,NULL,'','',0,0,NULL,0,NULL,'0000-00-00 00:00:00'),(35,NULL,0,'Destinee','Marvin','1994-06-25','F',0,1,'2022-05-10 00:30:01',NULL,NULL,NULL,NULL,'2184','','','',5,NULL,NULL,0,0,NULL,0,1,'0000-00-00 00:00:00',0,0,NULL,NULL,'','',0,0,NULL,0,NULL,'0000-00-00 00:00:00'),(36,NULL,0,'Margarita','Baumbach','1957-10-11','F',0,1,'2022-05-10 00:30:01',NULL,NULL,NULL,NULL,'1347','','','',5,NULL,NULL,0,0,NULL,0,1,'0000-00-00 00:00:00',0,0,NULL,NULL,'','',0,0,NULL,0,NULL,'0000-00-00 00:00:00'),(37,NULL,0,'Pat','Welch','1960-06-06','F',0,1,'2022-05-10 00:30:01',NULL,NULL,NULL,NULL,'8057','','','',5,NULL,NULL,0,0,NULL,0,1,'0000-00-00 00:00:00',0,0,NULL,NULL,'','',0,0,NULL,0,NULL,'0000-00-00 00:00:00'),(38,NULL,0,'Bessie','Boehm','1951-09-17','F',0,1,'2022-05-10 00:30:01',NULL,NULL,NULL,NULL,'3633','','','',5,NULL,NULL,0,0,NULL,0,1,'0000-00-00 00:00:00',0,0,NULL,NULL,'','',0,0,NULL,0,NULL,'0000-00-00 00:00:00'),(39,38,0,'Raul','Boehm','2010-04-13','M',0,1,'2022-05-10 00:30:01',NULL,NULL,NULL,NULL,'3633','','','',5,NULL,NULL,0,0,NULL,0,1,'0000-00-00 00:00:00',0,0,NULL,NULL,'','',0,0,NULL,0,NULL,'0000-00-00 00:00:00'),(40,38,0,'Elza','Boehm','2018-03-28','F',0,1,'2022-05-10 00:30:01',NULL,NULL,NULL,NULL,'3633','','','',5,NULL,NULL,0,0,NULL,0,1,'0000-00-00 00:00:00',0,0,NULL,NULL,'','',0,0,NULL,0,NULL,'0000-00-00 00:00:00'),(41,38,0,'Justice','Boehm','2014-03-21','M',0,1,'2022-05-10 00:30:01',NULL,NULL,NULL,NULL,'3633','','','',5,NULL,NULL,0,0,NULL,0,1,'0000-00-00 00:00:00',0,0,NULL,NULL,'','',0,0,NULL,0,NULL,'0000-00-00 00:00:00'),(42,NULL,0,'Joan','Runolfsdottir','2005-01-05','M',0,1,'2022-05-10 00:30:01',NULL,NULL,NULL,NULL,'9223','','','',5,NULL,NULL,0,0,NULL,0,1,'0000-00-00 00:00:00',0,0,NULL,NULL,'','',0,0,NULL,0,NULL,'0000-00-00 00:00:00'),(43,42,0,'Cheyanne','Runolfsdottir','2019-03-02','F',0,1,'2022-05-10 00:30:01',NULL,NULL,NULL,NULL,'9223','','','',5,NULL,NULL,0,0,NULL,0,1,'0000-00-00 00:00:00',0,0,NULL,NULL,'','',0,0,NULL,0,NULL,'0000-00-00 00:00:00'),(44,NULL,0,'Kianna','Lesch','1969-11-09','F',0,1,'2022-05-10 00:30:01',NULL,NULL,NULL,NULL,'6768','','','',5,NULL,NULL,0,0,NULL,0,1,'0000-00-00 00:00:00',0,0,NULL,NULL,'','',0,0,NULL,0,NULL,'0000-00-00 00:00:00'),(45,44,0,'Margot','Lesch','2018-09-23','F',0,1,'2022-05-10 00:30:01',NULL,NULL,NULL,NULL,'6768','','','',5,NULL,NULL,0,0,NULL,0,1,'0000-00-00 00:00:00',0,0,NULL,NULL,'','',0,0,NULL,0,NULL,'0000-00-00 00:00:00'),(46,NULL,0,'Lillian','Lynch','1997-04-03','F',0,1,'2022-05-10 00:30:01',NULL,NULL,NULL,NULL,'8778','','','',5,NULL,NULL,0,0,NULL,0,1,'2022-05-23 20:49:39',0,0,NULL,NULL,'','',0,0,NULL,0,NULL,'0000-00-00 00:00:00'),(47,46,0,'Odessa','Lynch','2014-01-28','F',0,1,'2022-05-10 00:30:01',NULL,NULL,NULL,NULL,'8778','','','',5,NULL,NULL,0,0,NULL,0,1,'2022-05-23 20:49:39',0,0,NULL,NULL,'','',0,0,NULL,0,NULL,'0000-00-00 00:00:00'),(48,46,0,'Elinor','Lynch','2013-10-26','F',0,1,'2022-05-10 00:30:01',NULL,NULL,NULL,NULL,'8778','','','',5,NULL,NULL,0,0,NULL,0,1,'2022-05-23 20:49:39',0,0,NULL,NULL,'','',0,0,NULL,0,NULL,'0000-00-00 00:00:00'),(49,NULL,0,'Elza','Emmerich','1997-06-07','F',0,1,'2022-05-10 00:30:01',NULL,NULL,NULL,NULL,'8064','','','',5,NULL,NULL,0,0,NULL,0,1,'0000-00-00 00:00:00',0,0,NULL,NULL,'','',0,0,NULL,0,NULL,'0000-00-00 00:00:00'),(50,NULL,0,'Deondre','Bashirian','1958-09-16','M',0,1,'2022-05-10 00:30:01',NULL,NULL,NULL,NULL,'5252','','','',5,NULL,NULL,0,0,NULL,0,1,'0000-00-00 00:00:00',0,0,NULL,NULL,'','',0,0,NULL,0,NULL,'0000-00-00 00:00:00'),(51,NULL,0,'Evelyn','Heaney','1993-09-27','F',0,1,'2022-05-10 00:30:01',NULL,NULL,NULL,NULL,'8827','','','',5,NULL,NULL,0,0,NULL,0,1,'0000-00-00 00:00:00',0,0,NULL,NULL,'','',0,0,NULL,0,NULL,'0000-00-00 00:00:00'),(52,51,0,'Yasmin','Heaney','2007-12-10','F',0,1,'2022-05-10 00:30:01',NULL,NULL,NULL,NULL,'8827','','','',5,NULL,NULL,0,0,NULL,0,1,'0000-00-00 00:00:00',0,0,NULL,NULL,'','',0,0,NULL,0,NULL,'0000-00-00 00:00:00'),(53,51,0,'Herman','Heaney','2018-01-26','M',0,1,'2022-05-10 00:30:01',NULL,NULL,NULL,NULL,'8827','','','',5,NULL,NULL,0,0,NULL,0,1,'0000-00-00 00:00:00',0,0,NULL,NULL,'','',0,0,NULL,0,NULL,'0000-00-00 00:00:00'),(54,51,0,'Broderick','Heaney','2015-08-21','M',0,1,'2022-05-10 00:30:01',NULL,NULL,NULL,NULL,'8827','','','',5,NULL,NULL,0,0,NULL,0,1,'0000-00-00 00:00:00',0,0,NULL,NULL,'','',0,0,NULL,0,NULL,'0000-00-00 00:00:00'),(55,51,0,'Merle','Heaney','2018-03-11','M',0,1,'2022-05-10 00:30:01',NULL,NULL,NULL,NULL,'8827','','','',5,NULL,NULL,0,0,NULL,0,1,'0000-00-00 00:00:00',0,0,NULL,NULL,'','',0,0,NULL,0,NULL,'0000-00-00 00:00:00'),(56,51,0,'Marc','Heaney','2021-09-05','M',0,1,'2022-05-10 00:30:01',NULL,NULL,NULL,NULL,'8827','','','',5,NULL,NULL,0,0,NULL,0,1,'0000-00-00 00:00:00',0,0,NULL,NULL,'','',0,0,NULL,0,NULL,'0000-00-00 00:00:00'),(57,51,0,'Amara','Heaney','2015-06-09','F',0,1,'2022-05-10 00:30:01',NULL,NULL,NULL,NULL,'8827','','','',5,NULL,NULL,0,0,NULL,0,1,'0000-00-00 00:00:00',0,0,NULL,NULL,'','',0,0,NULL,0,NULL,'0000-00-00 00:00:00'),(58,NULL,0,'Mattie','Erdman','2004-09-24','F',0,1,'2022-05-10 00:30:01',NULL,NULL,NULL,NULL,'4057','','','',5,NULL,NULL,0,0,NULL,0,1,'0000-00-00 00:00:00',0,0,NULL,NULL,'','',0,0,NULL,0,NULL,'0000-00-00 00:00:00'),(59,58,0,'Arlie','Erdman','2014-02-05','F',0,1,'2022-05-10 00:30:01',NULL,NULL,NULL,NULL,'4057','','','',5,NULL,NULL,0,0,NULL,0,1,'0000-00-00 00:00:00',0,0,NULL,NULL,'','',0,0,NULL,0,NULL,'0000-00-00 00:00:00'),(60,NULL,0,'Arvel','Gusikowski','1961-04-16','M',0,1,'2022-05-10 00:30:01',NULL,NULL,NULL,NULL,'2913','','','',5,NULL,NULL,0,0,NULL,0,1,'0000-00-00 00:00:00',0,0,NULL,NULL,'','',0,0,NULL,0,NULL,'0000-00-00 00:00:00'),(61,60,0,'Boyd','Gusikowski','2010-08-20','M',0,1,'2022-05-10 00:30:01',NULL,NULL,NULL,NULL,'2913','','','',5,NULL,NULL,0,0,NULL,0,1,'0000-00-00 00:00:00',0,0,NULL,NULL,'','',0,0,NULL,0,NULL,'0000-00-00 00:00:00'),(62,60,0,'Renee','Gusikowski','2014-02-18','F',0,1,'2022-05-10 00:30:01',NULL,NULL,NULL,NULL,'2913','','','',5,NULL,NULL,0,0,NULL,0,1,'0000-00-00 00:00:00',0,0,NULL,NULL,'','',0,0,NULL,0,NULL,'0000-00-00 00:00:00'),(63,60,0,'Rita','Gusikowski','2018-05-01','F',0,1,'2022-05-10 00:30:01',NULL,NULL,NULL,NULL,'2913','','','',5,NULL,NULL,0,0,NULL,0,1,'0000-00-00 00:00:00',0,0,NULL,NULL,'','',0,0,NULL,0,NULL,'0000-00-00 00:00:00'),(64,60,0,'Charity','Gusikowski','2016-10-07','F',0,1,'2022-05-10 00:30:01',NULL,NULL,NULL,NULL,'2913','','','',5,NULL,NULL,0,0,NULL,0,1,'0000-00-00 00:00:00',0,0,NULL,NULL,'','',0,0,NULL,0,NULL,'0000-00-00 00:00:00'),(65,60,0,'Manley','Gusikowski','2018-05-08','M',0,1,'2022-05-10 00:30:01',NULL,NULL,NULL,NULL,'2913','','','',5,NULL,NULL,0,0,NULL,0,1,'0000-00-00 00:00:00',0,0,NULL,NULL,'','',0,0,NULL,0,NULL,'0000-00-00 00:00:00'),(66,60,0,'Emelie','Gusikowski','2014-03-25','F',0,1,'2022-05-10 00:30:01',NULL,NULL,NULL,NULL,'2913','','','',5,NULL,NULL,0,0,NULL,0,1,'0000-00-00 00:00:00',0,0,NULL,NULL,'','',0,0,NULL,0,NULL,'0000-00-00 00:00:00'),(67,60,0,'Kavon','Gusikowski','2020-05-13','F',0,1,'2022-05-10 00:30:01',NULL,NULL,NULL,NULL,'2913','','','',5,NULL,NULL,0,0,NULL,0,1,'0000-00-00 00:00:00',0,0,NULL,NULL,'','',0,0,NULL,0,NULL,'0000-00-00 00:00:00'),(68,NULL,0,'Emely','Ankunding','1983-01-07','F',0,1,'2022-05-10 00:30:01',NULL,NULL,NULL,NULL,'7794','','','',5,NULL,NULL,0,0,NULL,0,1,'0000-00-00 00:00:00',0,0,NULL,NULL,'','',0,0,NULL,0,NULL,'0000-00-00 00:00:00'),(69,68,0,'Issac','Ankunding','2010-03-14','M',0,1,'2022-05-10 00:30:01',NULL,NULL,NULL,NULL,'7794','','','',5,NULL,NULL,0,0,NULL,0,1,'0000-00-00 00:00:00',0,0,NULL,NULL,'','',0,0,NULL,0,NULL,'0000-00-00 00:00:00'),(70,68,0,'Nellie','Ankunding','2010-05-14','F',0,1,'2022-05-10 00:30:01',NULL,NULL,NULL,NULL,'7794','','','',5,NULL,NULL,0,0,NULL,0,1,'0000-00-00 00:00:00',0,0,NULL,NULL,'','',0,0,NULL,0,NULL,'0000-00-00 00:00:00'),(71,68,0,'Claud','Ankunding','2018-08-10','M',0,1,'2022-05-10 00:30:01',NULL,NULL,NULL,NULL,'7794','','','',5,NULL,NULL,0,0,NULL,0,1,'0000-00-00 00:00:00',0,0,NULL,NULL,'','',0,0,NULL,0,NULL,'0000-00-00 00:00:00'),(72,68,0,'Cade','Ankunding','2017-07-13','M',0,1,'2022-05-10 00:30:01',NULL,NULL,NULL,NULL,'7794','','','',5,NULL,NULL,0,0,NULL,0,1,'0000-00-00 00:00:00',0,0,NULL,NULL,'','',0,0,NULL,0,NULL,'0000-00-00 00:00:00'),(73,NULL,0,'Vicky','Casper','1959-07-03','F',0,1,'2022-05-10 00:30:01',NULL,NULL,NULL,NULL,'7024','','','',5,NULL,NULL,0,0,NULL,0,1,'0000-00-00 00:00:00',0,0,NULL,NULL,'','',0,0,NULL,0,NULL,'0000-00-00 00:00:00'),(74,73,0,'Beatrice','Casper','2008-06-06','F',0,1,'2022-05-10 00:30:01',NULL,NULL,NULL,NULL,'7024','','','',5,NULL,NULL,0,0,NULL,0,1,'0000-00-00 00:00:00',0,0,NULL,NULL,'','',0,0,NULL,0,NULL,'0000-00-00 00:00:00'),(75,73,0,'Rusty','Casper','2021-03-04','M',0,1,'2022-05-10 00:30:01',NULL,NULL,NULL,NULL,'7024','','','',5,NULL,NULL,0,0,NULL,0,1,'0000-00-00 00:00:00',0,0,NULL,NULL,'','',0,0,NULL,0,NULL,'0000-00-00 00:00:00'),(76,73,0,'Rebecca','Casper','2018-08-01','F',0,1,'2022-05-10 00:30:01',NULL,NULL,NULL,NULL,'7024','','','',5,NULL,NULL,0,0,NULL,0,1,'0000-00-00 00:00:00',0,0,NULL,NULL,'','',0,0,NULL,0,NULL,'0000-00-00 00:00:00'),(77,NULL,0,'Cora','Reinger','1967-03-26','F',0,1,'2022-05-10 00:30:01',NULL,NULL,NULL,NULL,'2304','','','',5,NULL,NULL,0,0,NULL,0,1,'0000-00-00 00:00:00',0,0,NULL,NULL,'','',0,0,NULL,0,NULL,'0000-00-00 00:00:00'),(78,77,0,'Teresa','Reinger','2010-04-17','F',0,1,'2022-05-10 00:30:01',NULL,NULL,NULL,NULL,'2304','','','',5,NULL,NULL,0,0,NULL,0,1,'0000-00-00 00:00:00',0,0,NULL,NULL,'','',0,0,NULL,0,NULL,'0000-00-00 00:00:00'),(79,77,0,'Icie','Reinger','2014-10-13','F',0,1,'2022-05-10 00:30:01',NULL,NULL,NULL,NULL,'2304','','','',5,NULL,NULL,0,0,NULL,0,1,'0000-00-00 00:00:00',0,0,NULL,NULL,'','',0,0,NULL,0,NULL,'0000-00-00 00:00:00'),(80,77,0,'Jarred','Reinger','2022-03-06','M',0,1,'2022-05-10 00:30:01',NULL,NULL,NULL,NULL,'2304','','','',5,NULL,NULL,0,0,NULL,0,1,'0000-00-00 00:00:00',0,0,NULL,NULL,'','',0,0,NULL,0,NULL,'0000-00-00 00:00:00'),(81,77,0,'Claude','Reinger','2017-05-07','M',0,1,'2022-05-10 00:30:01',NULL,NULL,NULL,NULL,'2304','','','',5,NULL,NULL,0,0,NULL,0,1,'0000-00-00 00:00:00',0,0,NULL,NULL,'','',0,0,NULL,0,NULL,'0000-00-00 00:00:00'),(82,NULL,0,'Gust','O\'Hara','1966-09-30','M',0,1,'2022-05-10 00:30:01',NULL,NULL,NULL,NULL,'6354','','','',5,NULL,NULL,0,0,NULL,0,1,'0000-00-00 00:00:00',0,0,NULL,NULL,'','',0,0,NULL,0,NULL,'0000-00-00 00:00:00'),(83,82,0,'Vena','O\'Hara','2017-10-04','F',0,1,'2022-05-10 00:30:01',NULL,NULL,NULL,NULL,'6354','','','',5,NULL,NULL,0,0,NULL,0,1,'0000-00-00 00:00:00',0,0,NULL,NULL,'','',0,0,NULL,0,NULL,'0000-00-00 00:00:00'),(84,NULL,0,'Della','Funk','1954-05-06','F',0,1,'2022-05-10 00:30:01',NULL,NULL,NULL,NULL,'4877','','','',5,NULL,NULL,0,0,NULL,0,1,'0000-00-00 00:00:00',0,0,NULL,NULL,'','',0,0,NULL,0,NULL,'0000-00-00 00:00:00'),(85,84,0,'Leta','Funk','2020-10-08','F',0,1,'2022-05-10 00:30:01',NULL,NULL,NULL,NULL,'4877','','','',5,NULL,NULL,0,0,NULL,0,1,'0000-00-00 00:00:00',0,0,NULL,NULL,'','',0,0,NULL,0,NULL,'0000-00-00 00:00:00'),(86,84,0,'Ursula','Funk','2021-06-17','F',0,1,'2022-05-10 00:30:01',NULL,NULL,NULL,NULL,'4877','','','',5,NULL,NULL,0,0,NULL,0,1,'0000-00-00 00:00:00',0,0,NULL,NULL,'','',0,0,NULL,0,NULL,'0000-00-00 00:00:00'),(87,NULL,0,'Abner','Stoltenberg','1947-08-30','M',0,1,'2022-05-10 00:30:01',NULL,NULL,NULL,NULL,'5833','','','',5,NULL,NULL,0,0,NULL,0,1,'0000-00-00 00:00:00',0,0,NULL,NULL,'','',0,0,NULL,0,NULL,'0000-00-00 00:00:00'),(88,87,0,'Kariane','Stoltenberg','2019-07-18','F',0,1,'2022-05-10 00:30:01',NULL,NULL,NULL,NULL,'5833','','','',5,NULL,NULL,0,0,NULL,0,1,'0000-00-00 00:00:00',0,0,NULL,NULL,'','',0,0,NULL,0,NULL,'0000-00-00 00:00:00'),(89,87,0,'Donavon','Stoltenberg','2010-10-07','M',0,1,'2022-05-10 00:30:01',NULL,NULL,NULL,NULL,'5833','','','',5,NULL,NULL,0,0,NULL,0,1,'0000-00-00 00:00:00',0,0,NULL,NULL,'','',0,0,NULL,0,NULL,'0000-00-00 00:00:00'),(90,NULL,0,'Keegan','Wunsch','1966-10-24','M',0,1,'2022-05-10 00:30:01',NULL,NULL,NULL,NULL,'1364','','','',5,NULL,NULL,0,0,NULL,0,1,'0000-00-00 00:00:00',0,0,NULL,NULL,'','',0,0,NULL,0,NULL,'0000-00-00 00:00:00'),(91,90,0,'Bertha','Wunsch','2008-06-14','M',0,1,'2022-05-10 00:30:01',NULL,NULL,NULL,NULL,'1364','','','',5,NULL,NULL,0,0,NULL,0,1,'0000-00-00 00:00:00',0,0,NULL,NULL,'','',0,0,NULL,0,NULL,'0000-00-00 00:00:00'),(92,90,0,'Tremaine','Wunsch','2014-11-09','M',0,1,'2022-05-10 00:30:01',NULL,NULL,NULL,NULL,'1364','','','',5,NULL,NULL,0,0,NULL,0,1,'0000-00-00 00:00:00',0,0,NULL,NULL,'','',0,0,NULL,0,NULL,'0000-00-00 00:00:00'),(93,NULL,0,'Elvie','Schmitt','1987-06-06','F',0,1,'2022-05-10 00:30:01',NULL,NULL,NULL,NULL,'7534','','','',5,NULL,NULL,0,0,NULL,0,1,'0000-00-00 00:00:00',0,0,NULL,NULL,'','',0,0,NULL,0,NULL,'0000-00-00 00:00:00'),(94,93,0,'Amari','Schmitt','2013-04-13','M',0,1,'2022-05-10 00:30:01',NULL,NULL,NULL,NULL,'7534','','','',5,NULL,NULL,0,0,NULL,0,1,'0000-00-00 00:00:00',0,0,NULL,NULL,'','',0,0,NULL,0,NULL,'0000-00-00 00:00:00'),(95,NULL,0,'Rosetta','Lesch','1984-07-01','F',0,1,'2022-05-10 00:30:01',NULL,NULL,NULL,NULL,'3890','','','',5,NULL,NULL,0,0,NULL,0,1,'0000-00-00 00:00:00',0,0,NULL,NULL,'','',0,0,NULL,0,NULL,'0000-00-00 00:00:00'),(96,95,0,'Felicity','Lesch','2021-01-16','F',0,1,'2022-05-10 00:30:01',NULL,NULL,NULL,NULL,'3890','','','',5,NULL,NULL,0,0,NULL,0,1,'0000-00-00 00:00:00',0,0,NULL,NULL,'','',0,0,NULL,0,NULL,'0000-00-00 00:00:00'),(97,NULL,0,'Lupe','Jones','1999-12-19','F',0,1,'2022-05-10 00:30:01',NULL,NULL,NULL,NULL,'9659','','','',5,NULL,NULL,0,0,NULL,0,1,'2022-06-06 01:20:53',0,0,NULL,NULL,'','',0,0,NULL,0,NULL,'0000-00-00 00:00:00'),(98,NULL,0,'Nichole','Ortiz','1963-02-03','F',0,1,'2022-05-10 00:30:01',NULL,NULL,NULL,NULL,'2633','','','',5,NULL,NULL,0,0,NULL,0,1,'0000-00-00 00:00:00',0,0,NULL,NULL,'','',0,0,NULL,0,NULL,'0000-00-00 00:00:00'),(99,98,0,'Leda','Ortiz','2019-03-25','F',0,1,'2022-05-10 00:30:01',NULL,NULL,NULL,NULL,'2633','','','',5,NULL,NULL,0,0,NULL,0,1,'0000-00-00 00:00:00',0,0,NULL,NULL,'','',0,0,NULL,0,NULL,'0000-00-00 00:00:00'),(100,98,0,'Mekhi','Ortiz','2019-08-20','M',0,1,'2022-05-10 00:30:01',NULL,NULL,NULL,NULL,'2633','','','',5,NULL,NULL,0,0,NULL,0,1,'0000-00-00 00:00:00',0,0,NULL,NULL,'','',0,0,NULL,0,NULL,'0000-00-00 00:00:00'),(101,98,0,'Earnestine','Ortiz','2018-10-16','F',0,1,'2022-05-10 00:30:01',NULL,NULL,NULL,NULL,'2633','','','',5,NULL,NULL,0,0,NULL,0,1,'0000-00-00 00:00:00',0,0,NULL,NULL,'','',0,0,NULL,0,NULL,'0000-00-00 00:00:00'),(102,98,0,'Jarrod','Ortiz','2010-03-28','M',0,1,'2022-05-10 00:30:01',NULL,NULL,NULL,NULL,'2633','','','',5,NULL,NULL,0,0,NULL,0,1,'0000-00-00 00:00:00',0,0,NULL,NULL,'','',0,0,NULL,0,NULL,'0000-00-00 00:00:00'),(103,NULL,0,'Houston','Kirlin','1996-02-11','M',0,1,'2022-05-10 00:30:01',NULL,NULL,NULL,NULL,'9699','','','',5,NULL,NULL,0,0,NULL,0,1,'0000-00-00 00:00:00',0,0,NULL,NULL,'','',0,0,NULL,0,NULL,'0000-00-00 00:00:00'),(104,103,0,'Samantha','Kirlin','2014-08-21','F',0,1,'2022-05-10 00:30:01',NULL,NULL,NULL,NULL,'9699','','','',5,NULL,NULL,0,0,NULL,0,1,'0000-00-00 00:00:00',0,0,NULL,NULL,'','',0,0,NULL,0,NULL,'0000-00-00 00:00:00'),(105,103,0,'Erick','Kirlin','2022-05-01','M',0,1,'2022-05-10 00:30:01',NULL,NULL,NULL,NULL,'9699','','','',5,NULL,NULL,0,0,NULL,0,1,'0000-00-00 00:00:00',0,0,NULL,NULL,'','',0,0,NULL,0,NULL,'0000-00-00 00:00:00'),(106,103,0,'Cara','Kirlin','2017-10-16','F',0,1,'2022-05-10 00:30:01',NULL,NULL,NULL,NULL,'9699','','','',5,NULL,NULL,0,0,NULL,0,1,'0000-00-00 00:00:00',0,0,NULL,NULL,'','',0,0,NULL,0,NULL,'0000-00-00 00:00:00'),(107,NULL,0,'Emie','Schneider','1978-02-27','F',0,1,'2022-05-10 00:30:01',NULL,NULL,NULL,NULL,'6404','','','',5,NULL,NULL,0,0,NULL,0,1,'0000-00-00 00:00:00',0,0,NULL,NULL,'','',0,0,NULL,0,NULL,'0000-00-00 00:00:00'),(108,NULL,0,'Mohammed','Blick','1982-11-26','M',0,1,'2022-05-10 00:30:01',NULL,NULL,NULL,NULL,'7939','','','',5,NULL,NULL,0,0,NULL,0,1,'0000-00-00 00:00:00',0,0,NULL,NULL,'','',0,0,NULL,0,NULL,'0000-00-00 00:00:00'),(109,108,0,'Gaylord','Blick','2014-09-20','M',0,1,'2022-05-10 00:30:01',NULL,NULL,NULL,NULL,'7939','','','',5,NULL,NULL,0,0,NULL,0,1,'0000-00-00 00:00:00',0,0,NULL,NULL,'','',0,0,NULL,0,NULL,'0000-00-00 00:00:00'),(110,NULL,0,'Alejandrin','Breitenberg','1963-02-21','M',0,1,'2022-05-10 00:30:01',NULL,NULL,NULL,NULL,'3600','','','',5,NULL,NULL,0,0,NULL,0,1,'0000-00-00 00:00:00',0,0,NULL,NULL,'','',0,0,NULL,0,NULL,'0000-00-00 00:00:00'),(111,NULL,0,'Sibyl','Wiza','1962-09-06','F',0,1,'2022-05-10 00:30:01',NULL,NULL,NULL,NULL,'7541','','','',5,NULL,NULL,0,0,NULL,0,1,'0000-00-00 00:00:00',0,0,NULL,NULL,'','',0,0,NULL,0,NULL,'0000-00-00 00:00:00'),(112,NULL,0,'Mikayla','Ebert','1974-08-13','F',0,1,'2022-05-10 00:30:01',NULL,NULL,NULL,NULL,'1063','','','',5,NULL,NULL,0,0,NULL,0,1,'0000-00-00 00:00:00',0,0,NULL,NULL,'','',0,0,NULL,0,NULL,'0000-00-00 00:00:00'),(113,NULL,0,'Vivian','Pollich','1965-01-28','F',0,1,'2022-05-10 00:30:01',NULL,NULL,NULL,NULL,'8131','','','',5,NULL,NULL,0,0,NULL,0,1,'0000-00-00 00:00:00',0,0,NULL,NULL,'','',0,0,NULL,0,NULL,'0000-00-00 00:00:00'),(114,113,0,'Rosetta','Pollich','2019-11-17','F',0,1,'2022-05-10 00:30:01',NULL,NULL,NULL,NULL,'8131','','','',5,NULL,NULL,0,0,NULL,0,1,'0000-00-00 00:00:00',0,0,NULL,NULL,'','',0,0,NULL,0,NULL,'0000-00-00 00:00:00'),(115,NULL,0,'Greg','Abbott','1992-10-05','M',0,1,'2022-05-10 00:30:01',NULL,NULL,NULL,NULL,'9728','','','',5,NULL,NULL,0,0,NULL,0,1,'0000-00-00 00:00:00',0,0,NULL,NULL,'','',0,0,NULL,0,NULL,'0000-00-00 00:00:00'),(116,NULL,0,'Joseph','Bartoletti','1959-05-24','M',0,1,'2022-05-10 00:30:01',NULL,NULL,NULL,NULL,'9431','','','',5,NULL,NULL,0,0,NULL,0,1,'0000-00-00 00:00:00',0,0,NULL,NULL,'','',0,0,NULL,0,NULL,'0000-00-00 00:00:00'),(117,NULL,0,'Vickie','Green','1953-07-15','F',0,1,'2022-05-10 00:30:01',NULL,NULL,NULL,NULL,'8833','','','',5,NULL,NULL,0,0,NULL,0,1,'0000-00-00 00:00:00',0,0,NULL,NULL,'','',0,0,NULL,0,NULL,'0000-00-00 00:00:00'),(118,NULL,0,'Jarvis','Bechtelar','1980-06-29','M',0,1,'2022-05-10 00:30:01',NULL,NULL,NULL,NULL,'5417','','','',5,NULL,NULL,0,0,NULL,0,1,'0000-00-00 00:00:00',0,0,NULL,NULL,'','',0,0,NULL,0,NULL,'0000-00-00 00:00:00'),(119,NULL,0,'Gilberto','Wyman','1987-10-25','M',0,1,'2022-05-10 00:30:01',NULL,NULL,NULL,NULL,'3403','','','',5,NULL,NULL,0,0,NULL,0,1,'0000-00-00 00:00:00',0,0,NULL,NULL,'','',0,0,NULL,0,NULL,'0000-00-00 00:00:00'),(120,119,0,'Carlee','Wyman','2008-03-06','F',0,1,'2022-05-10 00:30:01',NULL,NULL,NULL,NULL,'3403','','','',5,NULL,NULL,0,0,NULL,0,1,'0000-00-00 00:00:00',0,0,NULL,NULL,'','',0,0,NULL,0,NULL,'0000-00-00 00:00:00'),(121,119,0,'Rosamond','Wyman','2019-01-09','F',0,1,'2022-05-10 00:30:01',NULL,NULL,NULL,NULL,'3403','','','',5,NULL,NULL,0,0,NULL,0,1,'0000-00-00 00:00:00',0,0,NULL,NULL,'','',0,0,NULL,0,NULL,'0000-00-00 00:00:00'),(122,NULL,0,'Abdiel','Kirlin','2007-03-18','M',0,1,'2022-05-10 00:30:01',NULL,NULL,NULL,NULL,'3113','','','',5,NULL,NULL,0,0,NULL,0,1,'0000-00-00 00:00:00',0,0,NULL,NULL,'','',0,0,NULL,0,NULL,'0000-00-00 00:00:00'),(123,122,0,'Doris','Kirlin','2009-05-27','M',0,1,'2022-05-10 00:30:01',NULL,NULL,NULL,NULL,'3113','','','',5,NULL,NULL,0,0,NULL,0,1,'0000-00-00 00:00:00',0,0,NULL,NULL,'','',0,0,NULL,0,NULL,'0000-00-00 00:00:00'),(124,NULL,0,'Dedrick','Bosco','1993-12-04','M',0,1,'2022-05-10 00:30:01',NULL,NULL,NULL,NULL,'9321','','','',5,NULL,NULL,0,0,NULL,0,1,'0000-00-00 00:00:00',0,0,NULL,NULL,'','',0,0,NULL,0,NULL,'0000-00-00 00:00:00'),(125,124,0,'Kraig','Bosco','2014-06-17','M',0,1,'2022-05-10 00:30:01',NULL,NULL,NULL,NULL,'9321','','','',5,NULL,NULL,0,0,NULL,0,1,'0000-00-00 00:00:00',0,0,NULL,NULL,'','',0,0,NULL,0,NULL,'0000-00-00 00:00:00'),(126,124,0,'Ike','Bosco','2015-12-20','M',0,1,'2022-05-10 00:30:01',NULL,NULL,NULL,NULL,'9321','','','',5,NULL,NULL,0,0,NULL,0,1,'0000-00-00 00:00:00',0,0,NULL,NULL,'','',0,0,NULL,0,NULL,'0000-00-00 00:00:00'),(127,124,0,'Maggie','Bosco','2020-11-09','F',0,1,'2022-05-10 00:30:01',NULL,NULL,NULL,NULL,'9321','','','',5,NULL,NULL,0,0,NULL,0,1,'0000-00-00 00:00:00',0,0,NULL,NULL,'','',0,0,NULL,0,NULL,'0000-00-00 00:00:00'),(128,124,0,'Erich','Bosco','2022-02-27','M',0,1,'2022-05-10 00:30:01',NULL,NULL,NULL,NULL,'9321','','','',5,NULL,NULL,0,0,NULL,0,1,'0000-00-00 00:00:00',0,0,NULL,NULL,'','',0,0,NULL,0,NULL,'0000-00-00 00:00:00'),(129,NULL,0,'Marjolaine','Reynolds','1950-12-15','F',0,1,'2022-05-10 00:30:01',NULL,NULL,NULL,NULL,'9585','','','',5,NULL,NULL,0,0,NULL,0,1,'0000-00-00 00:00:00',0,0,NULL,NULL,'','',0,0,NULL,0,NULL,'0000-00-00 00:00:00'),(130,129,0,'Martina','Reynolds','2018-09-21','F',0,1,'2022-05-10 00:30:01',NULL,NULL,NULL,NULL,'9585','','','',5,NULL,NULL,0,0,NULL,0,1,'0000-00-00 00:00:00',0,0,NULL,NULL,'','',0,0,NULL,0,NULL,'0000-00-00 00:00:00'),(131,NULL,0,'Casey','Rau','1996-09-09','M',0,1,'2022-05-10 00:30:01',NULL,NULL,NULL,NULL,'1727','','','',5,NULL,NULL,0,0,NULL,0,1,'0000-00-00 00:00:00',0,0,NULL,NULL,'','',0,0,NULL,0,NULL,'0000-00-00 00:00:00'),(132,NULL,0,'Arvilla','Konopelski','1985-08-09','F',0,1,'2022-05-10 00:30:01',NULL,NULL,NULL,NULL,'5451','','','',5,NULL,NULL,0,0,NULL,0,1,'0000-00-00 00:00:00',0,0,NULL,NULL,'','',0,0,NULL,0,NULL,'0000-00-00 00:00:00'),(133,NULL,0,'Dangelo','Bashirian','1965-05-15','M',0,1,'2022-05-10 00:30:01',NULL,NULL,NULL,NULL,'7284','','','',5,NULL,NULL,0,0,NULL,0,1,'0000-00-00 00:00:00',0,0,NULL,NULL,'','',0,0,NULL,0,NULL,'0000-00-00 00:00:00'),(134,NULL,0,'Robert','Hand','1980-08-18','M',0,1,'2022-05-10 00:30:01',NULL,NULL,NULL,NULL,'4889','','','',5,NULL,NULL,0,0,NULL,0,1,'0000-00-00 00:00:00',0,0,NULL,NULL,'','',0,0,NULL,0,NULL,'0000-00-00 00:00:00'),(135,134,0,'Florencio','Hand','2012-01-27','M',0,1,'2022-05-10 00:30:01',NULL,NULL,NULL,NULL,'4889','','','',5,NULL,NULL,0,0,NULL,0,1,'0000-00-00 00:00:00',0,0,NULL,NULL,'','',0,0,NULL,0,NULL,'0000-00-00 00:00:00'),(136,134,0,'Lea','Hand','2016-04-09','F',0,1,'2022-05-10 00:30:01',NULL,NULL,NULL,NULL,'4889','','','',5,NULL,NULL,0,0,NULL,0,1,'0000-00-00 00:00:00',0,0,NULL,NULL,'','',0,0,NULL,0,NULL,'0000-00-00 00:00:00'),(137,134,0,'Scot','Hand','2017-01-08','M',0,1,'2022-05-10 00:30:01',NULL,NULL,NULL,NULL,'4889','','','',5,NULL,NULL,0,0,NULL,0,1,'0000-00-00 00:00:00',0,0,NULL,NULL,'','',0,0,NULL,0,NULL,'0000-00-00 00:00:00'),(138,134,0,'Delores','Hand','2018-01-14','F',0,1,'2022-05-10 00:30:01',NULL,NULL,NULL,NULL,'4889','','','',5,NULL,NULL,0,0,NULL,0,1,'0000-00-00 00:00:00',0,0,NULL,NULL,'','',0,0,NULL,0,NULL,'0000-00-00 00:00:00'),(139,NULL,0,'Albin','Nienow','1976-01-07','M',0,1,'2022-05-10 00:30:01',NULL,NULL,NULL,NULL,'7714','','','',5,NULL,NULL,0,0,NULL,0,1,'0000-00-00 00:00:00',0,0,NULL,NULL,'','',0,0,NULL,0,NULL,'0000-00-00 00:00:00'),(140,NULL,0,'Coy','Keebler','1990-04-25','M',0,1,'2022-05-10 00:30:01',NULL,NULL,NULL,NULL,'4071','','','',5,NULL,NULL,0,0,NULL,0,1,'0000-00-00 00:00:00',0,0,NULL,NULL,'','',0,0,NULL,0,NULL,'0000-00-00 00:00:00'),(141,140,0,'Miguel','Keebler','2018-05-03','M',0,1,'2022-05-10 00:30:01',NULL,NULL,NULL,NULL,'4071','','','',5,NULL,NULL,0,0,NULL,0,1,'0000-00-00 00:00:00',0,0,NULL,NULL,'','',0,0,NULL,0,NULL,'0000-00-00 00:00:00'),(142,140,0,'Fidel','Keebler','2019-02-03','M',0,1,'2022-05-10 00:30:01',NULL,NULL,NULL,NULL,'4071','','','',5,NULL,NULL,0,0,NULL,0,1,'0000-00-00 00:00:00',0,0,NULL,NULL,'','',0,0,NULL,0,NULL,'0000-00-00 00:00:00'),(143,140,0,'Darren','Keebler','2013-09-14','M',0,1,'2022-05-10 00:30:01',NULL,NULL,NULL,NULL,'4071','','','',5,NULL,NULL,0,0,NULL,0,1,'0000-00-00 00:00:00',0,0,NULL,NULL,'','',0,0,NULL,0,NULL,'0000-00-00 00:00:00'),(144,140,0,'Heloise','Keebler','2020-08-14','F',0,1,'2022-05-10 00:30:01',NULL,NULL,NULL,NULL,'4071','','','',5,NULL,NULL,0,0,NULL,0,1,'0000-00-00 00:00:00',0,0,NULL,NULL,'','',0,0,NULL,0,NULL,'0000-00-00 00:00:00'),(145,NULL,0,'Derrick','Herzog','1959-06-05','M',0,1,'2022-05-10 00:30:01',NULL,NULL,NULL,NULL,'2167','','','',5,NULL,NULL,0,0,NULL,0,1,'0000-00-00 00:00:00',0,0,NULL,NULL,'','',0,0,NULL,0,NULL,'0000-00-00 00:00:00'),(146,145,0,'Angela','Herzog','2019-01-17','F',0,1,'2022-05-10 00:30:01',NULL,NULL,NULL,NULL,'2167','','','',5,NULL,NULL,0,0,NULL,0,1,'0000-00-00 00:00:00',0,0,NULL,NULL,'','',0,0,NULL,0,NULL,'0000-00-00 00:00:00'),(147,145,0,'Brady','Herzog','2013-07-18','M',0,1,'2022-05-10 00:30:01',NULL,NULL,NULL,NULL,'2167','','','',5,NULL,NULL,0,0,NULL,0,1,'0000-00-00 00:00:00',0,0,NULL,NULL,'','',0,0,NULL,0,NULL,'0000-00-00 00:00:00'),(148,145,0,'Pedro','Herzog','2010-05-16','M',0,1,'2022-05-10 00:30:01',NULL,NULL,NULL,NULL,'2167','','','',5,NULL,NULL,0,0,NULL,0,1,'0000-00-00 00:00:00',0,0,NULL,NULL,'','',0,0,NULL,0,NULL,'0000-00-00 00:00:00'),(149,NULL,0,'Dasia','Johns','2001-02-17','F',0,1,'2022-05-10 00:30:01',NULL,NULL,NULL,NULL,'8461','','','',5,NULL,NULL,0,0,NULL,0,1,'0000-00-00 00:00:00',0,0,NULL,NULL,'','',0,0,NULL,0,NULL,'0000-00-00 00:00:00'),(150,149,0,'Madisyn','Johns','2015-02-18','F',0,1,'2022-05-10 00:30:01',NULL,NULL,NULL,NULL,'8461','','','',5,NULL,NULL,0,0,NULL,0,1,'0000-00-00 00:00:00',0,0,NULL,NULL,'','',0,0,NULL,0,NULL,'0000-00-00 00:00:00'),(151,149,0,'Noe','Johns','2014-07-05','M',0,1,'2022-05-10 00:30:01',NULL,NULL,NULL,NULL,'8461','','','',5,NULL,NULL,0,0,NULL,0,1,'0000-00-00 00:00:00',0,0,NULL,NULL,'','',0,0,NULL,0,NULL,'0000-00-00 00:00:00'),(152,149,0,'Benedict','Johns','2009-09-08','M',0,1,'2022-05-10 00:30:01',NULL,NULL,NULL,NULL,'8461','','','',5,NULL,NULL,0,0,NULL,0,1,'0000-00-00 00:00:00',0,0,NULL,NULL,'','',0,0,NULL,0,NULL,'0000-00-00 00:00:00'),(153,NULL,0,'Kirsten','Legros','2005-07-09','F',0,1,'2022-05-10 00:30:01',NULL,NULL,NULL,NULL,'9201','','','',5,NULL,NULL,0,0,NULL,0,1,'2022-08-21 23:18:30',0,0,NULL,NULL,'','',0,0,NULL,0,NULL,'0000-00-00 00:00:00'),(154,NULL,0,'Yasmin','O\'Conner','1949-04-28','F',0,1,'2022-05-10 00:30:01',NULL,NULL,NULL,NULL,'3831','','','',5,NULL,NULL,0,0,NULL,0,1,'0000-00-00 00:00:00',0,0,NULL,NULL,'','',0,0,NULL,0,NULL,'0000-00-00 00:00:00'),(155,154,0,'Eda','O\'Conner','2013-08-24','F',0,1,'2022-05-10 00:30:01',NULL,NULL,NULL,NULL,'3831','','','',5,NULL,NULL,0,0,NULL,0,1,'0000-00-00 00:00:00',0,0,NULL,NULL,'','',0,0,NULL,0,NULL,'0000-00-00 00:00:00'),(156,154,0,'Ernie','O\'Conner','2020-01-09','M',0,1,'2022-05-10 00:30:01',NULL,NULL,NULL,NULL,'3831','','','',5,NULL,NULL,0,0,NULL,0,1,'0000-00-00 00:00:00',0,0,NULL,NULL,'','',0,0,NULL,0,NULL,'0000-00-00 00:00:00'),(157,NULL,0,'Shaun','Bins','1980-12-27','M',0,1,'2022-05-10 00:30:01',NULL,NULL,NULL,NULL,'7842','','','',5,NULL,NULL,0,0,NULL,0,1,'0000-00-00 00:00:00',0,0,NULL,NULL,'','',0,0,NULL,0,NULL,'0000-00-00 00:00:00'),(158,157,0,'Lucio','Bins','2016-08-31','M',0,1,'2022-05-10 00:30:01',NULL,NULL,NULL,NULL,'7842','','','',5,NULL,NULL,0,0,NULL,0,1,'0000-00-00 00:00:00',0,0,NULL,NULL,'','',0,0,NULL,0,NULL,'0000-00-00 00:00:00'),(159,NULL,0,'Shanny','Powlowski','1991-12-11','F',0,1,'2022-05-10 00:30:01',NULL,NULL,NULL,NULL,'4489','','','',5,NULL,NULL,0,0,NULL,0,1,'0000-00-00 00:00:00',0,0,NULL,NULL,'','',0,0,NULL,0,NULL,'0000-00-00 00:00:00'),(160,159,0,'Martina','Powlowski','2010-06-08','F',0,1,'2022-05-10 00:30:01',NULL,NULL,NULL,NULL,'4489','','','',5,NULL,NULL,0,0,NULL,0,1,'0000-00-00 00:00:00',0,0,NULL,NULL,'','',0,0,NULL,0,NULL,'0000-00-00 00:00:00'),(161,159,0,'Freddy','Powlowski','2021-02-12','M',0,1,'2022-05-10 00:30:01',NULL,NULL,NULL,NULL,'4489','','','',5,NULL,NULL,0,0,NULL,0,1,'0000-00-00 00:00:00',0,0,NULL,NULL,'','',0,0,NULL,0,NULL,'0000-00-00 00:00:00'),(162,NULL,0,'Rahsaan','Grimes','1989-03-31','F',0,1,'2022-05-10 00:30:01',NULL,NULL,NULL,NULL,'3551','','','',5,NULL,NULL,0,0,NULL,0,1,'0000-00-00 00:00:00',0,0,NULL,NULL,'','',0,0,NULL,0,NULL,'0000-00-00 00:00:00'),(163,162,0,'Brandy','Grimes','2021-11-13','F',0,1,'2022-05-10 00:30:01',NULL,NULL,NULL,NULL,'3551','','','',5,NULL,NULL,0,0,NULL,0,1,'0000-00-00 00:00:00',0,0,NULL,NULL,'','',0,0,NULL,0,NULL,'0000-00-00 00:00:00'),(164,162,0,'Earlene','Grimes','2011-12-20','F',0,1,'2022-05-10 00:30:01',NULL,NULL,NULL,NULL,'3551','','','',5,NULL,NULL,0,0,NULL,0,1,'0000-00-00 00:00:00',0,0,NULL,NULL,'','',0,0,NULL,0,NULL,'0000-00-00 00:00:00'),(165,NULL,0,'Deon','Turcotte','2005-06-08','M',0,1,'2022-05-10 00:30:01',NULL,NULL,NULL,NULL,'2335','','','',5,NULL,NULL,0,0,NULL,0,1,'0000-00-00 00:00:00',0,0,NULL,NULL,'','',0,0,NULL,0,NULL,'0000-00-00 00:00:00'),(166,165,0,'Marcus','Turcotte','2018-08-10','M',0,1,'2022-05-10 00:30:01',NULL,NULL,NULL,NULL,'2335','','','',5,NULL,NULL,0,0,NULL,0,1,'0000-00-00 00:00:00',0,0,NULL,NULL,'','',0,0,NULL,0,NULL,'0000-00-00 00:00:00'),(167,165,0,'Jailyn','Turcotte','2017-12-05','F',0,1,'2022-05-10 00:30:01',NULL,NULL,NULL,NULL,'2335','','','',5,NULL,NULL,0,0,NULL,0,1,'0000-00-00 00:00:00',0,0,NULL,NULL,'','',0,0,NULL,0,NULL,'0000-00-00 00:00:00'),(168,NULL,0,'Sister','Connelly','1947-11-08','F',0,1,'2022-05-10 00:30:01',NULL,NULL,NULL,NULL,'2426','','','',5,NULL,NULL,0,0,NULL,0,1,'0000-00-00 00:00:00',0,0,NULL,NULL,'','',0,0,NULL,0,NULL,'0000-00-00 00:00:00'),(169,168,0,'Keagan','Connelly','2008-01-25','M',0,1,'2022-05-10 00:30:01',NULL,NULL,NULL,NULL,'2426','','','',5,NULL,NULL,0,0,NULL,0,1,'0000-00-00 00:00:00',0,0,NULL,NULL,'','',0,0,NULL,0,NULL,'0000-00-00 00:00:00'),(170,168,0,'Ansel','Connelly','2009-05-12','M',0,1,'2022-05-10 00:30:01',NULL,NULL,NULL,NULL,'2426','','','',5,NULL,NULL,0,0,NULL,0,1,'0000-00-00 00:00:00',0,0,NULL,NULL,'','',0,0,NULL,0,NULL,'0000-00-00 00:00:00'),(171,168,0,'Elinor','Connelly','2020-05-12','F',0,1,'2022-05-10 00:30:01',NULL,NULL,NULL,NULL,'2426','','','',5,NULL,NULL,0,0,NULL,0,1,'0000-00-00 00:00:00',0,0,NULL,NULL,'','',0,0,NULL,0,NULL,'0000-00-00 00:00:00'),(172,168,0,'Declan','Connelly','2008-01-27','M',0,1,'2022-05-10 00:30:01',NULL,NULL,NULL,NULL,'2426','','','',5,NULL,NULL,0,0,NULL,0,1,'0000-00-00 00:00:00',0,0,NULL,NULL,'','',0,0,NULL,0,NULL,'0000-00-00 00:00:00'),(173,NULL,0,'Shana','Kilback','2003-06-09','F',0,1,'2022-05-10 00:30:01',NULL,NULL,NULL,NULL,'9023','','','',5,NULL,NULL,0,0,NULL,0,1,'0000-00-00 00:00:00',0,0,NULL,NULL,'','',0,0,NULL,0,NULL,'0000-00-00 00:00:00'),(174,173,0,'Melissa','Kilback','2010-03-13','F',0,1,'2022-05-10 00:30:01',NULL,NULL,NULL,NULL,'9023','','','',5,NULL,NULL,0,0,NULL,0,1,'0000-00-00 00:00:00',0,0,NULL,NULL,'','',0,0,NULL,0,NULL,'0000-00-00 00:00:00'),(175,NULL,0,'Wellington','Lowe','1991-06-09','M',0,1,'2022-05-10 00:30:01',NULL,NULL,NULL,NULL,'8774','','','',5,NULL,NULL,0,0,NULL,0,1,'0000-00-00 00:00:00',0,0,NULL,NULL,'','',0,0,NULL,0,NULL,'0000-00-00 00:00:00'),(176,175,0,'Scotty','Lowe','2015-10-29','M',0,1,'2022-05-10 00:30:01',NULL,NULL,NULL,NULL,'8774','','','',5,NULL,NULL,0,0,NULL,0,1,'0000-00-00 00:00:00',0,0,NULL,NULL,'','',0,0,NULL,0,NULL,'0000-00-00 00:00:00'),(177,NULL,0,'Ben','Boyle','1977-02-23','M',0,1,'2022-05-10 00:30:01',NULL,NULL,NULL,NULL,'3842','','','',5,NULL,NULL,0,0,NULL,0,1,'0000-00-00 00:00:00',0,0,NULL,NULL,'','',0,0,NULL,0,NULL,'0000-00-00 00:00:00'),(178,177,0,'Keven','Boyle','2012-02-10','M',0,1,'2022-05-10 00:30:01',NULL,NULL,NULL,NULL,'3842','','','',5,NULL,NULL,0,0,NULL,0,1,'0000-00-00 00:00:00',0,0,NULL,NULL,'','',0,0,NULL,0,NULL,'0000-00-00 00:00:00'),(179,NULL,0,'Bud','Schmitt','2004-06-04','M',0,1,'2022-05-10 00:30:01',NULL,NULL,NULL,NULL,'5169','','','',5,NULL,NULL,0,0,NULL,0,1,'2022-08-08 08:39:50',0,0,NULL,NULL,'','',0,0,NULL,0,NULL,'0000-00-00 00:00:00'),(180,179,0,'Florida','Schmitt','2011-05-01','F',0,1,'2022-05-10 00:30:01',NULL,NULL,NULL,NULL,'5169','','','',5,NULL,NULL,0,0,NULL,0,1,'2022-08-08 08:39:50',0,0,NULL,NULL,'','',0,0,NULL,0,NULL,'0000-00-00 00:00:00'),(181,179,0,'Ilene','Schmitt','2022-02-05','F',0,1,'2022-05-10 00:30:01',NULL,NULL,NULL,NULL,'5169','','','',5,NULL,NULL,0,0,NULL,0,1,'2022-08-08 08:39:50',0,0,NULL,NULL,'','',0,0,NULL,0,NULL,'0000-00-00 00:00:00'),(182,NULL,0,'Brisa','Kuhlman','1993-10-06','F',0,1,'2022-05-10 00:30:01',NULL,NULL,NULL,NULL,'8472','','','',5,NULL,NULL,0,0,NULL,0,1,'0000-00-00 00:00:00',0,0,NULL,NULL,'','',0,0,NULL,0,NULL,'0000-00-00 00:00:00'),(183,NULL,0,'Faustino','Ortiz','1949-01-16','M',0,1,'2022-05-10 00:30:01',NULL,NULL,NULL,NULL,'2485','','','',5,NULL,NULL,0,0,NULL,0,1,'0000-00-00 00:00:00',0,0,NULL,NULL,'','',0,0,NULL,0,NULL,'0000-00-00 00:00:00'),(184,NULL,0,'Abdullah','Zulauf','1955-03-17','M',0,1,'2022-05-10 00:30:01',NULL,NULL,NULL,NULL,'3742','','','',5,NULL,NULL,0,0,NULL,0,1,'0000-00-00 00:00:00',0,0,NULL,NULL,'','',0,0,NULL,0,NULL,'0000-00-00 00:00:00'),(185,184,0,'Dayton','Zulauf','2016-06-23','M',0,1,'2022-05-10 00:30:01',NULL,NULL,NULL,NULL,'3742','','','',5,NULL,NULL,0,0,NULL,0,1,'0000-00-00 00:00:00',0,0,NULL,NULL,'','',0,0,NULL,0,NULL,'0000-00-00 00:00:00'),(186,NULL,0,'Colleen','Wisozk','1965-05-20','F',0,1,'2022-05-10 00:30:01',NULL,NULL,NULL,NULL,'5151','','','',5,NULL,NULL,0,0,NULL,0,1,'0000-00-00 00:00:00',0,0,NULL,NULL,'','',0,0,NULL,0,NULL,'0000-00-00 00:00:00'),(187,186,0,'Kaley','Wisozk','2019-06-09','M',0,1,'2022-05-10 00:30:01',NULL,NULL,NULL,NULL,'5151','','','',5,NULL,NULL,0,0,NULL,0,1,'0000-00-00 00:00:00',0,0,NULL,NULL,'','',0,0,NULL,0,NULL,'0000-00-00 00:00:00'),(188,NULL,0,'Macy','Swift','1956-11-11','F',0,1,'2022-05-10 00:30:01',NULL,NULL,NULL,NULL,'7713','','','',5,NULL,NULL,0,0,NULL,0,1,'0000-00-00 00:00:00',0,0,NULL,NULL,'','',0,0,NULL,0,NULL,'0000-00-00 00:00:00'),(189,NULL,0,'Derick','Hettinger','1976-06-19','M',0,1,'2022-05-10 00:30:01',NULL,NULL,NULL,NULL,'3429','','','',5,NULL,NULL,0,0,NULL,0,1,'0000-00-00 00:00:00',0,0,NULL,NULL,'','',0,0,NULL,0,NULL,'0000-00-00 00:00:00'),(190,189,0,'Kyle','Hettinger','2020-06-26','M',0,1,'2022-05-10 00:30:01',NULL,NULL,NULL,NULL,'3429','','','',5,NULL,NULL,0,0,NULL,0,1,'0000-00-00 00:00:00',0,0,NULL,NULL,'','',0,0,NULL,0,NULL,'0000-00-00 00:00:00'),(191,189,0,'Ashtyn','Hettinger','2013-03-17','F',0,1,'2022-05-10 00:30:01',NULL,NULL,NULL,NULL,'3429','','','',5,NULL,NULL,0,0,NULL,0,1,'0000-00-00 00:00:00',0,0,NULL,NULL,'','',0,0,NULL,0,NULL,'0000-00-00 00:00:00'),(192,189,0,'Demarco','Hettinger','2013-12-15','M',0,1,'2022-05-10 00:30:01',NULL,NULL,NULL,NULL,'3429','','','',5,NULL,NULL,0,0,NULL,0,1,'0000-00-00 00:00:00',0,0,NULL,NULL,'','',0,0,NULL,0,NULL,'0000-00-00 00:00:00'),(193,NULL,0,'Otho','Reilly','1976-11-27','M',0,1,'2022-05-10 00:30:01',NULL,NULL,NULL,NULL,'8754','','','',5,NULL,NULL,0,0,NULL,0,1,'0000-00-00 00:00:00',0,0,NULL,NULL,'','',0,0,NULL,0,NULL,'0000-00-00 00:00:00'),(194,193,0,'Bella','Reilly','2018-08-23','F',0,1,'2022-05-10 00:30:01',NULL,NULL,NULL,NULL,'8754','','','',5,NULL,NULL,0,0,NULL,0,1,'0000-00-00 00:00:00',0,0,NULL,NULL,'','',0,0,NULL,0,NULL,'0000-00-00 00:00:00'),(195,193,0,'Name','Reilly','2012-11-11','F',0,1,'2022-05-10 00:30:01',NULL,NULL,NULL,NULL,'8754','','','',5,NULL,NULL,0,0,NULL,0,1,'0000-00-00 00:00:00',0,0,NULL,NULL,'','',0,0,NULL,0,NULL,'0000-00-00 00:00:00'),(196,193,0,'Rosie','Reilly','2019-01-10','F',0,1,'2022-05-10 00:30:01',NULL,NULL,NULL,NULL,'8754','','','',5,NULL,NULL,0,0,NULL,0,1,'0000-00-00 00:00:00',0,0,NULL,NULL,'','',0,0,NULL,0,NULL,'0000-00-00 00:00:00'),(197,193,0,'Hester','Reilly','2018-09-04','M',0,1,'2022-05-10 00:30:01',NULL,NULL,NULL,NULL,'8754','','','',5,NULL,NULL,0,0,NULL,0,1,'0000-00-00 00:00:00',0,0,NULL,NULL,'','',0,0,NULL,0,NULL,'0000-00-00 00:00:00'),(198,193,0,'Eduardo','Reilly','2009-11-08','M',0,1,'2022-05-10 00:30:01',NULL,NULL,NULL,NULL,'8754','','','',5,NULL,NULL,0,0,NULL,0,1,'0000-00-00 00:00:00',0,0,NULL,NULL,'','',0,0,NULL,0,NULL,'0000-00-00 00:00:00'),(199,NULL,0,'Claudia','Cartwright','1955-06-08','F',0,1,'2022-05-10 00:30:01',NULL,NULL,NULL,NULL,'2559','','','',5,NULL,NULL,0,0,NULL,0,1,'0000-00-00 00:00:00',0,0,NULL,NULL,'','',0,0,NULL,0,NULL,'0000-00-00 00:00:00'),(200,199,0,'Hortense','Cartwright','2021-01-01','F',0,1,'2022-05-10 00:30:01',NULL,NULL,NULL,NULL,'2559','','','',5,NULL,NULL,0,0,NULL,0,1,'0000-00-00 00:00:00',0,0,NULL,NULL,'','',0,0,NULL,0,NULL,'0000-00-00 00:00:00'),(201,NULL,0,'Wilber','Borer','1975-07-08','M',0,1,'2022-05-10 00:30:01',NULL,NULL,NULL,NULL,'6687','','','',5,NULL,NULL,0,0,NULL,0,1,'0000-00-00 00:00:00',0,0,NULL,NULL,'','',0,0,NULL,0,NULL,'0000-00-00 00:00:00'),(202,NULL,0,'Josephine','Olson','1969-04-21','F',0,1,'2022-05-10 00:30:01',NULL,NULL,NULL,NULL,'9406','','','',5,NULL,NULL,0,0,NULL,0,1,'0000-00-00 00:00:00',0,0,NULL,NULL,'','',0,0,NULL,0,NULL,'0000-00-00 00:00:00'),(203,202,0,'Eveline','Olson','2016-03-26','F',0,1,'2022-05-10 00:30:01',NULL,NULL,NULL,NULL,'9406','','','',5,NULL,NULL,0,0,NULL,0,1,'0000-00-00 00:00:00',0,0,NULL,NULL,'','',0,0,NULL,0,NULL,'0000-00-00 00:00:00'),(204,202,0,'Justina','Olson','2009-07-04','F',0,1,'2022-05-10 00:30:01',NULL,NULL,NULL,NULL,'9406','','','',5,NULL,NULL,0,0,NULL,0,1,'0000-00-00 00:00:00',0,0,NULL,NULL,'','',0,0,NULL,0,NULL,'0000-00-00 00:00:00'),(205,NULL,0,'Oren','Oberbrunner','1951-02-27','M',0,1,'2022-05-10 00:30:01',NULL,NULL,NULL,NULL,'4515','','','',5,NULL,NULL,0,0,NULL,0,1,'0000-00-00 00:00:00',0,0,NULL,NULL,'','',0,0,NULL,0,NULL,'0000-00-00 00:00:00'),(206,NULL,0,'Lawrence','Kling','1984-04-07','M',0,1,'2022-05-10 00:30:01',NULL,NULL,NULL,NULL,'1693','','','',5,NULL,NULL,0,0,NULL,0,1,'0000-00-00 00:00:00',0,0,NULL,NULL,'','',0,0,NULL,0,NULL,'0000-00-00 00:00:00'),(207,206,0,'Constance','Kling','2020-12-21','F',0,1,'2022-05-10 00:30:01',NULL,NULL,NULL,NULL,'1693','','','',5,NULL,NULL,0,0,NULL,0,1,'0000-00-00 00:00:00',0,0,NULL,NULL,'','',0,0,NULL,0,NULL,'0000-00-00 00:00:00'),(208,206,0,'Trenton','Kling','2015-01-25','M',0,1,'2022-05-10 00:30:01',NULL,NULL,NULL,NULL,'1693','','','',5,NULL,NULL,0,0,NULL,0,1,'0000-00-00 00:00:00',0,0,NULL,NULL,'','',0,0,NULL,0,NULL,'0000-00-00 00:00:00'),(209,NULL,0,'Syble','Carroll','1943-08-01','F',0,1,'2022-05-10 00:30:01',NULL,NULL,NULL,NULL,'3281','','','',5,NULL,NULL,0,0,NULL,0,1,'0000-00-00 00:00:00',0,0,NULL,NULL,'','',0,0,NULL,0,NULL,'0000-00-00 00:00:00'),(210,209,0,'Rosamond','Carroll','2013-07-11','F',0,1,'2022-05-10 00:30:01',NULL,NULL,NULL,NULL,'3281','','','',5,NULL,NULL,0,0,NULL,0,1,'0000-00-00 00:00:00',0,0,NULL,NULL,'','',0,0,NULL,0,NULL,'0000-00-00 00:00:00'),(211,NULL,0,'Adelia','Lindgren','1960-03-17','F',0,1,'2022-05-10 00:30:01',NULL,NULL,NULL,NULL,'8550','','','',5,NULL,NULL,0,0,NULL,0,1,'0000-00-00 00:00:00',0,0,NULL,NULL,'','',0,0,NULL,0,NULL,'0000-00-00 00:00:00'),(212,211,0,'Davonte','Lindgren','2009-02-28','M',0,1,'2022-05-10 00:30:01',NULL,NULL,NULL,NULL,'8550','','','',5,NULL,NULL,0,0,NULL,0,1,'0000-00-00 00:00:00',0,0,NULL,NULL,'','',0,0,NULL,0,NULL,'0000-00-00 00:00:00'),(213,NULL,0,'Henri','Hickle','1981-10-16','M',0,1,'2022-05-10 00:30:01',NULL,NULL,NULL,NULL,'3616','','','',5,NULL,NULL,0,0,NULL,0,1,'0000-00-00 00:00:00',0,0,NULL,NULL,'','',0,0,NULL,0,NULL,'0000-00-00 00:00:00'),(214,213,0,'Angelo','Hickle','2021-12-14','M',0,1,'2022-05-10 00:30:01',NULL,NULL,NULL,NULL,'3616','','','',5,NULL,NULL,0,0,NULL,0,1,'0000-00-00 00:00:00',0,0,NULL,NULL,'','',0,0,NULL,0,NULL,'0000-00-00 00:00:00'),(215,213,0,'Rudy','Hickle','2011-09-05','M',0,1,'2022-05-10 00:30:01',NULL,NULL,NULL,NULL,'3616','','','',5,NULL,NULL,0,0,NULL,0,1,'0000-00-00 00:00:00',0,0,NULL,NULL,'','',0,0,NULL,0,NULL,'0000-00-00 00:00:00'),(216,213,0,'Garret','Hickle','2021-09-09','M',0,1,'2022-05-10 00:30:01',NULL,NULL,NULL,NULL,'3616','','','',5,NULL,NULL,0,0,NULL,0,1,'0000-00-00 00:00:00',0,0,NULL,NULL,'','',0,0,NULL,0,NULL,'0000-00-00 00:00:00'),(217,NULL,0,'Maximo','Heathcote','1961-12-09','M',0,1,'2022-05-10 00:30:01',NULL,NULL,NULL,NULL,'6714','','','',5,NULL,NULL,0,0,NULL,0,1,'0000-00-00 00:00:00',0,0,NULL,NULL,'','',0,0,NULL,0,NULL,'0000-00-00 00:00:00'),(218,217,0,'Casper','Heathcote','2012-10-05','M',0,1,'2022-05-10 00:30:01',NULL,NULL,NULL,NULL,'6714','','','',5,NULL,NULL,0,0,NULL,0,1,'0000-00-00 00:00:00',0,0,NULL,NULL,'','',0,0,NULL,0,NULL,'0000-00-00 00:00:00'),(219,217,0,'Hulda','Heathcote','2016-01-09','F',0,1,'2022-05-10 00:30:01',NULL,NULL,NULL,NULL,'6714','','','',5,NULL,NULL,0,0,NULL,0,1,'0000-00-00 00:00:00',0,0,NULL,NULL,'','',0,0,NULL,0,NULL,'0000-00-00 00:00:00'),(220,NULL,0,'Alison','Klocko','1960-02-09','F',0,1,'2022-05-10 00:30:01',NULL,NULL,NULL,NULL,'4984','','','',5,NULL,NULL,0,0,NULL,0,1,'0000-00-00 00:00:00',0,0,NULL,NULL,'','',0,0,NULL,0,NULL,'0000-00-00 00:00:00'),(221,220,0,'Dameon','Klocko','2012-12-17','M',0,1,'2022-05-10 00:30:01',NULL,NULL,NULL,NULL,'4984','','','',5,NULL,NULL,0,0,NULL,0,1,'0000-00-00 00:00:00',0,0,NULL,NULL,'','',0,0,NULL,0,NULL,'0000-00-00 00:00:00'),(222,NULL,0,'Tianna','Considine','1943-10-04','F',0,1,'2022-05-10 00:30:01',NULL,NULL,NULL,NULL,'3101','','','',5,NULL,NULL,0,0,NULL,0,1,'0000-00-00 00:00:00',0,0,NULL,NULL,'','',0,0,NULL,0,NULL,'0000-00-00 00:00:00'),(223,NULL,0,'Olen','Cronin','1970-04-28','M',0,1,'2022-05-10 00:30:01',NULL,NULL,NULL,NULL,'9503','','','',5,NULL,NULL,0,0,NULL,0,1,'0000-00-00 00:00:00',0,0,NULL,NULL,'','',0,0,NULL,0,NULL,'0000-00-00 00:00:00'),(224,NULL,0,'Mittie','Carter','1987-04-15','F',0,1,'2022-05-10 00:30:01',NULL,NULL,NULL,NULL,'6003','','','',5,NULL,NULL,0,0,NULL,0,1,'0000-00-00 00:00:00',0,0,NULL,NULL,'','',0,0,NULL,0,NULL,'0000-00-00 00:00:00'),(225,224,0,'Micheal','Carter','2022-04-21','M',0,1,'2022-05-10 00:30:01',NULL,NULL,NULL,NULL,'6003','','','',5,NULL,NULL,0,0,NULL,0,1,'0000-00-00 00:00:00',0,0,NULL,NULL,'','',0,0,NULL,0,NULL,'0000-00-00 00:00:00'),(226,224,0,'Alessandra','Carter','2011-04-07','F',0,1,'2022-05-10 00:30:01',NULL,NULL,NULL,NULL,'6003','','','',5,NULL,NULL,0,0,NULL,0,1,'0000-00-00 00:00:00',0,0,NULL,NULL,'','',0,0,NULL,0,NULL,'0000-00-00 00:00:00'),(227,224,0,'Garrison','Carter','2008-01-07','M',0,1,'2022-05-10 00:30:01',NULL,NULL,NULL,NULL,'6003','','','',5,NULL,NULL,0,0,NULL,0,1,'0000-00-00 00:00:00',0,0,NULL,NULL,'','',0,0,NULL,0,NULL,'0000-00-00 00:00:00'),(228,NULL,0,'Gaetano','Gottlieb','1944-01-11','M',0,1,'2022-05-10 00:30:01',NULL,NULL,NULL,NULL,'6942','','','',5,NULL,NULL,0,0,NULL,0,1,'0000-00-00 00:00:00',0,0,NULL,NULL,'','',0,0,NULL,0,NULL,'0000-00-00 00:00:00'),(229,228,0,'Imani','Gottlieb','2010-07-15','M',0,1,'2022-05-10 00:30:01',NULL,NULL,NULL,NULL,'6942','','','',5,NULL,NULL,0,0,NULL,0,1,'0000-00-00 00:00:00',0,0,NULL,NULL,'','',0,0,NULL,0,NULL,'0000-00-00 00:00:00'),(230,228,0,'Raphael','Gottlieb','2022-09-30','M',0,1,'2022-05-10 00:30:01',NULL,NULL,NULL,NULL,'6942','','','',5,NULL,NULL,0,0,NULL,0,1,'0000-00-00 00:00:00',0,0,NULL,NULL,'','',0,0,NULL,0,NULL,'0000-00-00 00:00:00'),(231,228,0,'Jarrell','Gottlieb','2011-01-30','M',0,1,'2022-05-10 00:30:01',NULL,NULL,NULL,NULL,'6942','','','',5,NULL,NULL,0,0,NULL,0,1,'0000-00-00 00:00:00',0,0,NULL,NULL,'','',0,0,NULL,0,NULL,'0000-00-00 00:00:00'),(232,228,0,'Kaycee','Gottlieb','2016-07-25','F',0,1,'2022-05-10 00:30:01',NULL,NULL,NULL,NULL,'6942','','','',5,NULL,NULL,0,0,NULL,0,1,'0000-00-00 00:00:00',0,0,NULL,NULL,'','',0,0,NULL,0,NULL,'0000-00-00 00:00:00'),(233,NULL,0,'Regan','Runolfsdottir','1946-04-21','M',0,1,'2022-05-10 00:30:01',NULL,NULL,NULL,NULL,'7692','','','',5,NULL,NULL,0,0,NULL,0,1,'0000-00-00 00:00:00',0,0,NULL,NULL,'','',0,0,NULL,0,NULL,'0000-00-00 00:00:00'),(234,NULL,0,'Ross','Von','1950-09-23','M',0,1,'2022-05-10 00:30:01',NULL,NULL,NULL,NULL,'6302','','','',5,NULL,NULL,0,0,NULL,0,1,'0000-00-00 00:00:00',0,0,NULL,NULL,'','',0,0,NULL,0,NULL,'0000-00-00 00:00:00'),(235,234,0,'Romaine','Von','2020-09-18','F',0,1,'2022-05-10 00:30:01',NULL,NULL,NULL,NULL,'6302','','','',5,NULL,NULL,0,0,NULL,0,1,'0000-00-00 00:00:00',0,0,NULL,NULL,'','',0,0,NULL,0,NULL,'0000-00-00 00:00:00'),(236,NULL,0,'Raoul','Bins','1959-08-22','M',0,1,'2022-05-10 00:30:01',NULL,NULL,NULL,NULL,'5782','','','',5,NULL,NULL,0,0,NULL,0,1,'0000-00-00 00:00:00',0,0,NULL,NULL,'','',0,0,NULL,0,NULL,'0000-00-00 00:00:00'),(237,236,0,'Stan','Bins','2012-05-16','M',0,1,'2022-05-10 00:30:01',NULL,NULL,NULL,NULL,'5782','','','',5,NULL,NULL,0,0,NULL,0,1,'0000-00-00 00:00:00',0,0,NULL,NULL,'','',0,0,NULL,0,NULL,'0000-00-00 00:00:00'),(238,NULL,0,'Keanu','Hammes','1975-01-09','M',0,1,'2022-05-10 00:30:01',NULL,NULL,NULL,NULL,'4184','','','',5,NULL,NULL,0,0,NULL,0,1,'0000-00-00 00:00:00',0,0,NULL,NULL,'','',0,0,NULL,0,NULL,'0000-00-00 00:00:00'),(239,NULL,0,'Constantin','Graham','1981-10-01','M',0,1,'2022-05-10 00:30:01',NULL,NULL,NULL,NULL,'8170','','','',5,NULL,NULL,0,0,NULL,0,1,'0000-00-00 00:00:00',0,0,NULL,NULL,'','',0,0,NULL,0,NULL,'0000-00-00 00:00:00'),(240,239,0,'Aimee','Graham','2008-09-04','F',0,1,'2022-05-10 00:30:01',NULL,NULL,NULL,NULL,'8170','','','',5,NULL,NULL,0,0,NULL,0,1,'0000-00-00 00:00:00',0,0,NULL,NULL,'','',0,0,NULL,0,NULL,'0000-00-00 00:00:00'),(241,239,0,'Damon','Graham','2018-12-29','M',0,1,'2022-05-10 00:30:01',NULL,NULL,NULL,NULL,'8170','','','',5,NULL,NULL,0,0,NULL,0,1,'0000-00-00 00:00:00',0,0,NULL,NULL,'','',0,0,NULL,0,NULL,'0000-00-00 00:00:00'),(242,239,0,'Jaquelin','Graham','2019-05-02','F',0,1,'2022-05-10 00:30:01',NULL,NULL,NULL,NULL,'8170','','','',5,NULL,NULL,0,0,NULL,0,1,'0000-00-00 00:00:00',0,0,NULL,NULL,'','',0,0,NULL,0,NULL,'0000-00-00 00:00:00'),(243,239,0,'Pietro','Graham','2018-12-17','M',0,1,'2022-05-10 00:30:01',NULL,NULL,NULL,NULL,'8170','','','',5,NULL,NULL,0,0,NULL,0,1,'0000-00-00 00:00:00',0,0,NULL,NULL,'','',0,0,NULL,0,NULL,'0000-00-00 00:00:00'),(244,NULL,0,'Emanuel','Mraz','1972-12-07','M',0,1,'2022-05-10 00:30:01',NULL,NULL,NULL,NULL,'3965','','','',5,NULL,NULL,0,0,NULL,0,1,'0000-00-00 00:00:00',0,0,NULL,NULL,'','',0,0,NULL,0,NULL,'0000-00-00 00:00:00'),(245,NULL,0,'Tracy','Bruen','1955-05-28','F',0,1,'2022-05-10 00:30:01',NULL,NULL,NULL,NULL,'5358','','','',5,NULL,NULL,0,0,NULL,0,1,'0000-00-00 00:00:00',0,0,NULL,NULL,'','',0,0,NULL,0,NULL,'0000-00-00 00:00:00'),(246,NULL,0,'Michale','Auer','1977-02-24','M',0,1,'2022-05-10 00:30:01',NULL,NULL,NULL,NULL,'5893','','','',5,NULL,NULL,0,0,NULL,0,1,'0000-00-00 00:00:00',0,0,NULL,NULL,'','',0,0,NULL,0,NULL,'0000-00-00 00:00:00'),(247,246,0,'Nicholaus','Auer','2014-05-28','M',0,1,'2022-05-10 00:30:01',NULL,NULL,NULL,NULL,'5893','','','',5,NULL,NULL,0,0,NULL,0,1,'0000-00-00 00:00:00',0,0,NULL,NULL,'','',0,0,NULL,0,NULL,'0000-00-00 00:00:00'),(248,NULL,0,'Dean','Grimes','1990-07-20','M',0,1,'2022-05-10 00:30:01',NULL,NULL,NULL,NULL,'8382','','','',5,NULL,NULL,0,0,NULL,0,1,'0000-00-00 00:00:00',0,0,NULL,NULL,'','',0,0,NULL,0,NULL,'0000-00-00 00:00:00'),(249,248,0,'Joesph','Grimes','2010-11-05','M',0,1,'2022-05-10 00:30:01',NULL,NULL,NULL,NULL,'8382','','','',5,NULL,NULL,0,0,NULL,0,1,'0000-00-00 00:00:00',0,0,NULL,NULL,'','',0,0,NULL,0,NULL,'0000-00-00 00:00:00'),(250,248,0,'Eden','Grimes','2021-01-11','F',0,1,'2022-05-10 00:30:01',NULL,NULL,NULL,NULL,'8382','','','',5,NULL,NULL,0,0,NULL,0,1,'0000-00-00 00:00:00',0,0,NULL,NULL,'','',0,0,NULL,0,NULL,'0000-00-00 00:00:00'),(251,248,0,'Kendall','Grimes','2011-07-09','M',0,1,'2022-05-10 00:30:01',NULL,NULL,NULL,NULL,'8382','','','',5,NULL,NULL,0,0,NULL,0,1,'0000-00-00 00:00:00',0,0,NULL,NULL,'','',0,0,NULL,0,NULL,'0000-00-00 00:00:00'),(252,248,0,'Shayna','Grimes','2012-12-28','F',0,1,'2022-05-10 00:30:01',NULL,NULL,NULL,NULL,'8382','','','',5,NULL,NULL,0,0,NULL,0,1,'0000-00-00 00:00:00',0,0,NULL,NULL,'','',0,0,NULL,0,NULL,'0000-00-00 00:00:00'),(253,NULL,0,'Sabryna','Murray','2000-05-20','F',0,1,'2022-05-10 00:30:01',NULL,NULL,NULL,NULL,'3934','','','',5,NULL,NULL,0,0,NULL,0,1,'0000-00-00 00:00:00',0,0,NULL,NULL,'','',0,0,NULL,0,NULL,'0000-00-00 00:00:00'),(254,253,0,'Madaline','Murray','2015-04-29','F',0,1,'2022-05-10 00:30:01',NULL,NULL,NULL,NULL,'3934','','','',5,NULL,NULL,0,0,NULL,0,1,'0000-00-00 00:00:00',0,0,NULL,NULL,'','',0,0,NULL,0,NULL,'0000-00-00 00:00:00'),(255,NULL,0,'Oswald','Gibson','1998-01-14','M',0,1,'2022-05-10 00:30:01',NULL,NULL,NULL,NULL,'9638','','','',5,NULL,NULL,0,0,NULL,0,1,'0000-00-00 00:00:00',0,0,NULL,NULL,'','',0,0,NULL,0,NULL,'0000-00-00 00:00:00'),(256,NULL,0,'Elsa','O\'Reilly','1955-05-10','F',0,1,'2022-05-10 00:30:01',NULL,NULL,NULL,NULL,'3999','','','',5,NULL,NULL,0,0,NULL,0,1,'0000-00-00 00:00:00',0,0,NULL,NULL,'','',0,0,NULL,0,NULL,'0000-00-00 00:00:00'),(257,NULL,0,'Adrian','Bechtelar','1990-04-05','M',0,1,'2022-05-10 00:30:01',NULL,NULL,NULL,NULL,'7558','','','',5,NULL,NULL,0,0,NULL,0,1,'0000-00-00 00:00:00',0,0,NULL,NULL,'','',0,0,NULL,0,NULL,'0000-00-00 00:00:00'),(258,257,0,'Rosemarie','Bechtelar','2010-11-01','F',0,1,'2022-05-10 00:30:01',NULL,NULL,NULL,NULL,'7558','','','',5,NULL,NULL,0,0,NULL,0,1,'0000-00-00 00:00:00',0,0,NULL,NULL,'','',0,0,NULL,0,NULL,'0000-00-00 00:00:00'),(259,NULL,0,'Brandt','Waelchi','1961-01-30','M',0,1,'2022-05-10 00:30:01',NULL,NULL,NULL,NULL,'9462','','','',5,NULL,NULL,0,0,NULL,0,1,'0000-00-00 00:00:00',0,0,NULL,NULL,'','',0,0,NULL,0,NULL,'0000-00-00 00:00:00'),(260,259,0,'Shany','Waelchi','2008-12-19','F',0,1,'2022-05-10 00:30:01',NULL,NULL,NULL,NULL,'9462','','','',5,NULL,NULL,0,0,NULL,0,1,'0000-00-00 00:00:00',0,0,NULL,NULL,'','',0,0,NULL,0,NULL,'0000-00-00 00:00:00'),(261,259,0,'Lamar','Waelchi','2014-06-02','M',0,1,'2022-05-10 00:30:01',NULL,NULL,NULL,NULL,'9462','','','',5,NULL,NULL,0,0,NULL,0,1,'0000-00-00 00:00:00',0,0,NULL,NULL,'','',0,0,NULL,0,NULL,'0000-00-00 00:00:00'),(262,259,0,'Elmo','Waelchi','2015-08-01','M',0,1,'2022-05-10 00:30:01',NULL,NULL,NULL,NULL,'9462','','','',5,NULL,NULL,0,0,NULL,0,1,'0000-00-00 00:00:00',0,0,NULL,NULL,'','',0,0,NULL,0,NULL,'0000-00-00 00:00:00'),(263,259,0,'Ulices','Waelchi','2014-06-14','M',0,1,'2022-05-10 00:30:01',NULL,NULL,NULL,NULL,'9462','','','',5,NULL,NULL,0,0,NULL,0,1,'0000-00-00 00:00:00',0,0,NULL,NULL,'','',0,0,NULL,0,NULL,'0000-00-00 00:00:00'),(264,NULL,0,'Emilie','Ernser','1978-05-21','F',0,1,'2022-05-10 00:30:01',NULL,NULL,NULL,NULL,'2505','','','',5,NULL,NULL,0,0,NULL,0,1,'0000-00-00 00:00:00',0,0,NULL,NULL,'','',0,0,NULL,0,NULL,'0000-00-00 00:00:00'),(265,264,0,'Frank','Ernser','2022-04-30','M',0,1,'2022-05-10 00:30:01',NULL,NULL,NULL,NULL,'2505','','','',5,NULL,NULL,0,0,NULL,0,1,'0000-00-00 00:00:00',0,0,NULL,NULL,'','',0,0,NULL,0,NULL,'0000-00-00 00:00:00'),(266,264,0,'Arden','Ernser','2009-02-15','M',0,1,'2022-05-10 00:30:01',NULL,NULL,NULL,NULL,'2505','','','',5,NULL,NULL,0,0,NULL,0,1,'0000-00-00 00:00:00',0,0,NULL,NULL,'','',0,0,NULL,0,NULL,'0000-00-00 00:00:00'),(267,264,0,'Savanah','Ernser','2022-10-22','F',0,1,'2022-05-10 00:30:01',NULL,NULL,NULL,NULL,'2505','','','',5,NULL,NULL,0,0,NULL,0,1,'0000-00-00 00:00:00',0,0,NULL,NULL,'','',0,0,NULL,0,NULL,'0000-00-00 00:00:00'),(268,264,0,'Amy','Ernser','2015-06-24','F',0,1,'2022-05-10 00:30:01',NULL,NULL,NULL,NULL,'2505','','','',5,NULL,NULL,0,0,NULL,0,1,'0000-00-00 00:00:00',0,0,NULL,NULL,'','',0,0,NULL,0,NULL,'0000-00-00 00:00:00'),(269,NULL,0,'Tyler','Wyman','1993-03-04','M',0,1,'2022-05-10 00:30:01',NULL,NULL,NULL,NULL,'9647','','','',5,NULL,NULL,0,0,NULL,0,1,'0000-00-00 00:00:00',0,0,NULL,NULL,'','',0,0,NULL,0,NULL,'0000-00-00 00:00:00'),(270,269,0,'Dino','Wyman','2010-11-14','M',0,1,'2022-05-10 00:30:01',NULL,NULL,NULL,NULL,'9647','','','',5,NULL,NULL,0,0,NULL,0,1,'0000-00-00 00:00:00',0,0,NULL,NULL,'','',0,0,NULL,0,NULL,'0000-00-00 00:00:00'),(271,NULL,0,'Alvera','Daugherty','1999-04-21','F',0,1,'2022-05-10 00:30:01',NULL,NULL,NULL,NULL,'1863','','','',5,NULL,NULL,0,0,NULL,0,1,'0000-00-00 00:00:00',0,0,NULL,NULL,'','',0,0,NULL,0,NULL,'0000-00-00 00:00:00'),(272,271,0,'Malachi','Daugherty','2008-07-01','M',0,1,'2022-05-10 00:30:01',NULL,NULL,NULL,NULL,'1863','','','',5,NULL,NULL,0,0,NULL,0,1,'0000-00-00 00:00:00',0,0,NULL,NULL,'','',0,0,NULL,0,NULL,'0000-00-00 00:00:00'),(273,NULL,0,'Leo','Keebler','1993-08-16','M',0,1,'2022-05-10 00:30:01',NULL,NULL,NULL,NULL,'4075','','','',5,NULL,NULL,0,0,NULL,0,1,'0000-00-00 00:00:00',0,0,NULL,NULL,'','',0,0,NULL,0,NULL,'0000-00-00 00:00:00'),(274,273,0,'Cordell','Keebler','2018-03-13','M',0,1,'2022-05-10 00:30:01',NULL,NULL,NULL,NULL,'4075','','','',5,NULL,NULL,0,0,NULL,0,1,'0000-00-00 00:00:00',0,0,NULL,NULL,'','',0,0,NULL,0,NULL,'0000-00-00 00:00:00'),(275,273,0,'Donavon','Keebler','2020-12-08','M',0,1,'2022-05-10 00:30:01',NULL,NULL,NULL,NULL,'4075','','','',5,NULL,NULL,0,0,NULL,0,1,'0000-00-00 00:00:00',0,0,NULL,NULL,'','',0,0,NULL,0,NULL,'0000-00-00 00:00:00'),(276,NULL,0,'Cleve','Cronin','1969-08-23','M',0,1,'2022-05-10 00:30:01',NULL,NULL,NULL,NULL,'9668','','','',5,NULL,NULL,0,0,NULL,0,1,'0000-00-00 00:00:00',0,0,NULL,NULL,'','',0,0,NULL,0,NULL,'0000-00-00 00:00:00'),(277,276,0,'Aditya','Cronin','2010-10-27','F',0,1,'2022-05-10 00:30:01',NULL,NULL,NULL,NULL,'9668','','','',5,NULL,NULL,0,0,NULL,0,1,'0000-00-00 00:00:00',0,0,NULL,NULL,'','',0,0,NULL,0,NULL,'0000-00-00 00:00:00'),(278,276,0,'Ernestine','Cronin','2017-07-16','F',0,1,'2022-05-10 00:30:01',NULL,NULL,NULL,NULL,'9668','','','',5,NULL,NULL,0,0,NULL,0,1,'0000-00-00 00:00:00',0,0,NULL,NULL,'','',0,0,NULL,0,NULL,'0000-00-00 00:00:00'),(279,NULL,0,'Eileen','Sawayn','1971-12-26','F',0,1,'2022-05-10 00:30:01',NULL,NULL,NULL,NULL,'1992','','','',5,NULL,NULL,0,0,NULL,0,1,'0000-00-00 00:00:00',0,0,NULL,NULL,'','',0,0,NULL,0,NULL,'0000-00-00 00:00:00'),(280,NULL,0,'Jamie','Crona','1961-06-19','M',0,1,'2022-05-10 00:30:01',NULL,NULL,NULL,NULL,'3177','','','',5,NULL,NULL,0,0,NULL,0,1,'0000-00-00 00:00:00',0,0,NULL,NULL,'','',0,0,NULL,0,NULL,'0000-00-00 00:00:00'),(281,280,0,'Branson','Crona','2022-05-06','M',0,1,'2022-05-10 00:30:01',NULL,NULL,NULL,NULL,'3177','','','',5,NULL,NULL,0,0,NULL,0,1,'0000-00-00 00:00:00',0,0,NULL,NULL,'','',0,0,NULL,0,NULL,'0000-00-00 00:00:00'),(282,NULL,0,'Gerardo','Pfannerstill','1986-10-23','M',0,1,'2022-05-10 00:30:01',NULL,NULL,NULL,NULL,'1711','','','',5,NULL,NULL,0,0,NULL,0,1,'0000-00-00 00:00:00',0,0,NULL,NULL,'','',0,0,NULL,0,NULL,'0000-00-00 00:00:00'),(283,282,0,'Jalyn','Pfannerstill','2019-11-24','F',0,1,'2022-05-10 00:30:01',NULL,NULL,NULL,NULL,'1711','','','',5,NULL,NULL,0,0,NULL,0,1,'0000-00-00 00:00:00',0,0,NULL,NULL,'','',0,0,NULL,0,NULL,'0000-00-00 00:00:00'),(284,282,0,'Randi','Pfannerstill','2013-05-09','M',0,1,'2022-05-10 00:30:01',NULL,NULL,NULL,NULL,'1711','','','',5,NULL,NULL,0,0,NULL,0,1,'0000-00-00 00:00:00',0,0,NULL,NULL,'','',0,0,NULL,0,NULL,'0000-00-00 00:00:00'),(285,282,0,'Rebeka','Pfannerstill','2011-06-29','F',0,1,'2022-05-10 00:30:01',NULL,NULL,NULL,NULL,'1711','','','',5,NULL,NULL,0,0,NULL,0,1,'0000-00-00 00:00:00',0,0,NULL,NULL,'','',0,0,NULL,0,NULL,'0000-00-00 00:00:00'),(286,NULL,0,'Jeffery','Anderson','1995-08-22','M',0,1,'2022-05-10 00:30:01',NULL,NULL,NULL,NULL,'5425','','','',5,NULL,NULL,0,0,NULL,0,1,'0000-00-00 00:00:00',0,0,NULL,NULL,'','',0,0,NULL,0,NULL,'0000-00-00 00:00:00'),(287,286,0,'Abagail','Anderson','2009-06-01','F',0,1,'2022-05-10 00:30:01',NULL,NULL,NULL,NULL,'5425','','','',5,NULL,NULL,0,0,NULL,0,1,'0000-00-00 00:00:00',0,0,NULL,NULL,'','',0,0,NULL,0,NULL,'0000-00-00 00:00:00'),(288,NULL,0,'Joy','Jenkins','1951-07-30','F',0,1,'2022-05-10 00:30:01',NULL,NULL,NULL,NULL,'8799','','','',5,NULL,NULL,0,0,NULL,0,1,'0000-00-00 00:00:00',0,0,NULL,NULL,'','',0,0,NULL,0,NULL,'0000-00-00 00:00:00'),(289,288,0,'Ricardo','Jenkins','2021-10-25','M',0,1,'2022-05-10 00:30:01',NULL,NULL,NULL,NULL,'8799','','','',5,NULL,NULL,0,0,NULL,0,1,'0000-00-00 00:00:00',0,0,NULL,NULL,'','',0,0,NULL,0,NULL,'0000-00-00 00:00:00'),(290,288,0,'Emmalee','Jenkins','2012-01-24','F',0,1,'2022-05-10 00:30:01',NULL,NULL,NULL,NULL,'8799','','','',5,NULL,NULL,0,0,NULL,0,1,'0000-00-00 00:00:00',0,0,NULL,NULL,'','',0,0,NULL,0,NULL,'0000-00-00 00:00:00'),(291,288,0,'Troy','Jenkins','2015-10-03','M',0,1,'2022-05-10 00:30:01',NULL,NULL,NULL,NULL,'8799','','','',5,NULL,NULL,0,0,NULL,0,1,'0000-00-00 00:00:00',0,0,NULL,NULL,'','',0,0,NULL,0,NULL,'0000-00-00 00:00:00'),(292,288,0,'Gudrun','Jenkins','2018-04-05','F',0,1,'2022-05-10 00:30:01',NULL,NULL,NULL,NULL,'8799','','','',5,NULL,NULL,0,0,NULL,0,1,'0000-00-00 00:00:00',0,0,NULL,NULL,'','',0,0,NULL,0,NULL,'0000-00-00 00:00:00'),(293,NULL,0,'Kaylee','Turner','1969-02-20','F',0,1,'2022-05-10 00:30:01',NULL,NULL,NULL,NULL,'8388','','','',5,NULL,NULL,0,0,NULL,0,1,'0000-00-00 00:00:00',0,0,NULL,NULL,'','',0,0,NULL,0,NULL,'0000-00-00 00:00:00'),(294,293,0,'Omer','Turner','2017-01-12','M',0,1,'2022-05-10 00:30:01',NULL,NULL,NULL,NULL,'8388','','','',5,NULL,NULL,0,0,NULL,0,1,'0000-00-00 00:00:00',0,0,NULL,NULL,'','',0,0,NULL,0,NULL,'0000-00-00 00:00:00'),(295,293,0,'Dianna','Turner','2020-02-25','F',0,1,'2022-05-10 00:30:01',NULL,NULL,NULL,NULL,'8388','','','',5,NULL,NULL,0,0,NULL,0,1,'0000-00-00 00:00:00',0,0,NULL,NULL,'','',0,0,NULL,0,NULL,'0000-00-00 00:00:00'),(296,293,0,'Marisa','Turner','2015-10-05','F',0,1,'2022-05-10 00:30:01',NULL,NULL,NULL,NULL,'8388','','','',5,NULL,NULL,0,0,NULL,0,1,'0000-00-00 00:00:00',0,0,NULL,NULL,'','',0,0,NULL,0,NULL,'0000-00-00 00:00:00'),(297,NULL,0,'Cleveland','Mayert','1991-12-10','M',0,1,'2022-05-10 00:30:01',NULL,NULL,NULL,NULL,'2216','','','',5,NULL,NULL,0,0,NULL,0,1,'0000-00-00 00:00:00',0,0,NULL,NULL,'','',0,0,NULL,0,NULL,'0000-00-00 00:00:00'),(298,297,0,'Ryleigh','Mayert','2009-03-22','M',0,1,'2022-05-10 00:30:01',NULL,NULL,NULL,NULL,'2216','','','',5,NULL,NULL,0,0,NULL,0,1,'0000-00-00 00:00:00',0,0,NULL,NULL,'','',0,0,NULL,0,NULL,'0000-00-00 00:00:00'),(299,297,0,'Leo','Mayert','2019-10-15','M',0,1,'2022-05-10 00:30:01',NULL,NULL,NULL,NULL,'2216','','','',5,NULL,NULL,0,0,NULL,0,1,'0000-00-00 00:00:00',0,0,NULL,NULL,'','',0,0,NULL,0,NULL,'0000-00-00 00:00:00'),(300,NULL,0,'Eldon','Wisoky','1989-04-02','M',0,1,'2022-05-10 00:30:01',NULL,NULL,NULL,NULL,'2475','','','',5,NULL,NULL,0,0,NULL,0,1,'0000-00-00 00:00:00',0,0,NULL,NULL,'','',0,0,NULL,0,NULL,'0000-00-00 00:00:00'),(301,300,0,'Albina','Wisoky','2021-04-11','F',0,1,'2022-05-10 00:30:01',NULL,NULL,NULL,NULL,'2475','','','',5,NULL,NULL,0,0,NULL,0,1,'0000-00-00 00:00:00',0,0,NULL,NULL,'','',0,0,NULL,0,NULL,'0000-00-00 00:00:00'),(302,300,0,'Bailey','Wisoky','2010-08-06','M',0,1,'2022-05-10 00:30:01',NULL,NULL,NULL,NULL,'2475','','','',5,NULL,NULL,0,0,NULL,0,1,'0000-00-00 00:00:00',0,0,NULL,NULL,'','',0,0,NULL,0,NULL,'0000-00-00 00:00:00'),(303,NULL,0,'Claire','Douglas','1951-01-03','F',0,1,'2022-05-10 00:30:01',NULL,NULL,NULL,NULL,'7793','','','',5,NULL,NULL,0,0,NULL,0,1,'0000-00-00 00:00:00',0,0,NULL,NULL,'','',0,0,NULL,0,NULL,'0000-00-00 00:00:00'),(304,303,0,'Clarabelle','Douglas','2009-06-15','F',0,1,'2022-05-10 00:30:01',NULL,NULL,NULL,NULL,'7793','','','',5,NULL,NULL,0,0,NULL,0,1,'0000-00-00 00:00:00',0,0,NULL,NULL,'','',0,0,NULL,0,NULL,'0000-00-00 00:00:00'),(305,303,0,'Jarret','Douglas','2017-07-02','M',0,1,'2022-05-10 00:30:01',NULL,NULL,NULL,NULL,'7793','','','',5,NULL,NULL,0,0,NULL,0,1,'0000-00-00 00:00:00',0,0,NULL,NULL,'','',0,0,NULL,0,NULL,'0000-00-00 00:00:00'),(306,303,0,'Newell','Douglas','2013-06-12','M',0,1,'2022-05-10 00:30:01',NULL,NULL,NULL,NULL,'7793','','','',5,NULL,NULL,0,0,NULL,0,1,'0000-00-00 00:00:00',0,0,NULL,NULL,'','',0,0,NULL,0,NULL,'0000-00-00 00:00:00'),(307,303,0,'Abbey','Douglas','2017-12-03','F',0,1,'2022-05-10 00:30:01',NULL,NULL,NULL,NULL,'7793','','','',5,NULL,NULL,0,0,NULL,0,1,'0000-00-00 00:00:00',0,0,NULL,NULL,'','',0,0,NULL,0,NULL,'0000-00-00 00:00:00'),(308,303,0,'Zackary','Douglas','2009-03-03','M',0,1,'2022-05-10 00:30:01',NULL,NULL,NULL,NULL,'7793','','','',5,NULL,NULL,0,0,NULL,0,1,'0000-00-00 00:00:00',0,0,NULL,NULL,'','',0,0,NULL,0,NULL,'0000-00-00 00:00:00'),(309,303,0,'Madelynn','Douglas','2015-03-26','F',0,1,'2022-05-10 00:30:01',NULL,NULL,NULL,NULL,'7793','','','',5,NULL,NULL,0,0,NULL,0,1,'0000-00-00 00:00:00',0,0,NULL,NULL,'','',0,0,NULL,0,NULL,'0000-00-00 00:00:00'),(310,NULL,0,'Janice','Feest','1978-01-17','F',0,1,'2022-05-10 00:30:01',NULL,NULL,NULL,NULL,'1109','','','',5,NULL,NULL,0,0,NULL,0,1,'0000-00-00 00:00:00',0,0,NULL,NULL,'','',0,0,NULL,0,NULL,'0000-00-00 00:00:00'),(311,NULL,0,'Ezra','Keebler','1948-12-18','M',0,1,'2022-05-10 00:30:01',NULL,NULL,NULL,NULL,'5398','','','',5,NULL,NULL,0,0,NULL,0,1,'0000-00-00 00:00:00',0,0,NULL,NULL,'','',0,0,NULL,0,NULL,'0000-00-00 00:00:00'),(312,NULL,0,'Elfrieda','Welch','1995-03-04','F',0,1,'2022-05-10 00:30:01',NULL,NULL,NULL,NULL,'6538','','','',5,NULL,NULL,0,0,NULL,0,1,'0000-00-00 00:00:00',0,0,NULL,NULL,'','',0,0,NULL,0,NULL,'0000-00-00 00:00:00'),(313,312,0,'Alejandrin','Welch','2017-03-11','M',0,1,'2022-05-10 00:30:01',NULL,NULL,NULL,NULL,'6538','','','',5,NULL,NULL,0,0,NULL,0,1,'0000-00-00 00:00:00',0,0,NULL,NULL,'','',0,0,NULL,0,NULL,'0000-00-00 00:00:00'),(314,312,0,'Jermain','Welch','2020-09-24','M',0,1,'2022-05-10 00:30:01',NULL,NULL,NULL,NULL,'6538','','','',5,NULL,NULL,0,0,NULL,0,1,'0000-00-00 00:00:00',0,0,NULL,NULL,'','',0,0,NULL,0,NULL,'0000-00-00 00:00:00'),(315,312,0,'Lon','Welch','2015-06-03','M',0,1,'2022-05-10 00:30:01',NULL,NULL,NULL,NULL,'6538','','','',5,NULL,NULL,0,0,NULL,0,1,'0000-00-00 00:00:00',0,0,NULL,NULL,'','',0,0,NULL,0,NULL,'0000-00-00 00:00:00'),(316,NULL,0,'Alessandro','McDermott','1964-04-02','M',0,1,'2022-05-10 00:30:01',NULL,NULL,NULL,NULL,'7868','','','',5,NULL,NULL,0,0,NULL,0,1,'0000-00-00 00:00:00',0,0,NULL,NULL,'','',0,0,NULL,0,NULL,'0000-00-00 00:00:00'),(317,NULL,0,'Lucious','Brakus','2000-09-23','M',0,1,'2022-05-10 00:30:01',NULL,NULL,NULL,NULL,'4657','','','',5,NULL,NULL,0,0,NULL,0,1,'0000-00-00 00:00:00',0,0,NULL,NULL,'','',0,0,NULL,0,NULL,'0000-00-00 00:00:00'),(318,NULL,0,'Ayana','Mayer','1994-08-31','F',0,1,'2022-05-10 00:30:01',NULL,NULL,NULL,NULL,'6023','','','',5,NULL,NULL,0,0,NULL,0,1,'0000-00-00 00:00:00',0,0,NULL,NULL,'','',0,0,NULL,0,NULL,'0000-00-00 00:00:00'),(319,NULL,0,'Winona','Feil','1946-09-06','F',0,1,'2022-05-10 00:30:01',NULL,NULL,NULL,NULL,'1792','','','',5,NULL,NULL,0,0,NULL,0,1,'2022-10-28 00:26:27',0,0,NULL,NULL,'','',0,0,NULL,0,NULL,'0000-00-00 00:00:00'),(320,NULL,0,'Christiana','Smith','1956-05-31','F',0,1,'2022-05-10 00:30:01',NULL,NULL,NULL,NULL,'4437','','','',5,NULL,NULL,0,0,NULL,0,1,'0000-00-00 00:00:00',0,0,NULL,NULL,'','',0,0,NULL,0,NULL,'0000-00-00 00:00:00'),(321,NULL,0,'Fausto','Mueller','1969-11-01','M',0,1,'2022-05-10 00:30:01',NULL,NULL,NULL,NULL,'8067','','','',5,NULL,NULL,0,0,NULL,0,1,'0000-00-00 00:00:00',0,0,NULL,NULL,'','',0,0,NULL,0,NULL,'0000-00-00 00:00:00'),(322,321,0,'Nathanael','Mueller','2013-10-19','M',0,1,'2022-05-10 00:30:01',NULL,NULL,NULL,NULL,'8067','','','',5,NULL,NULL,0,0,NULL,0,1,'0000-00-00 00:00:00',0,0,NULL,NULL,'','',0,0,NULL,0,NULL,'0000-00-00 00:00:00'),(323,321,0,'Trycia','Mueller','2014-09-14','F',0,1,'2022-05-10 00:30:01',NULL,NULL,NULL,NULL,'8067','','','',5,NULL,NULL,0,0,NULL,0,1,'0000-00-00 00:00:00',0,0,NULL,NULL,'','',0,0,NULL,0,NULL,'0000-00-00 00:00:00'),(324,321,0,'Rosamond','Mueller','2016-07-22','F',0,1,'2022-05-10 00:30:01',NULL,NULL,NULL,NULL,'8067','','','',5,NULL,NULL,0,0,NULL,0,1,'0000-00-00 00:00:00',0,0,NULL,NULL,'','',0,0,NULL,0,NULL,'0000-00-00 00:00:00'),(325,321,0,'Clovis','Mueller','2019-05-05','M',0,1,'2022-05-10 00:30:01',NULL,NULL,NULL,NULL,'8067','','','',5,NULL,NULL,0,0,NULL,0,1,'0000-00-00 00:00:00',0,0,NULL,NULL,'','',0,0,NULL,0,NULL,'0000-00-00 00:00:00'),(326,NULL,0,'Houston','Lehner','1962-03-21','M',0,1,'2022-05-10 00:30:01',NULL,NULL,NULL,NULL,'4821','','','',5,NULL,NULL,0,0,NULL,0,1,'0000-00-00 00:00:00',0,0,NULL,NULL,'','',0,0,NULL,0,NULL,'0000-00-00 00:00:00'),(327,NULL,0,'Elta','Mraz','1967-10-25','F',0,1,'2022-05-10 00:30:01',NULL,NULL,NULL,NULL,'8374','','','',5,NULL,NULL,0,0,NULL,0,1,'0000-00-00 00:00:00',0,0,NULL,NULL,'','',0,0,NULL,0,NULL,'0000-00-00 00:00:00'),(328,327,0,'Neil','Mraz','2013-04-30','M',0,1,'2022-05-10 00:30:01',NULL,NULL,NULL,NULL,'8374','','','',5,NULL,NULL,0,0,NULL,0,1,'0000-00-00 00:00:00',0,0,NULL,NULL,'','',0,0,NULL,0,NULL,'0000-00-00 00:00:00'),(329,NULL,0,'Kip','Osinski','1948-03-11','M',0,1,'2022-05-10 00:30:01',NULL,NULL,NULL,NULL,'6801','','','',5,NULL,NULL,0,0,NULL,0,1,'0000-00-00 00:00:00',0,0,NULL,NULL,'','',0,0,NULL,0,NULL,'0000-00-00 00:00:00'),(330,NULL,0,'Neha','Keebler','2003-12-14','F',0,1,'2022-05-10 00:30:01',NULL,NULL,NULL,NULL,'7700','','','',5,NULL,NULL,0,0,NULL,0,1,'0000-00-00 00:00:00',0,0,NULL,NULL,'','',0,0,NULL,0,NULL,'0000-00-00 00:00:00'),(331,NULL,0,'Sigurd','McKenzie','1943-09-14','M',0,1,'2022-05-10 00:30:01',NULL,NULL,NULL,NULL,'5849','','','',5,NULL,NULL,0,0,NULL,0,1,'0000-00-00 00:00:00',0,0,NULL,NULL,'','',0,0,NULL,0,NULL,'0000-00-00 00:00:00'),(332,331,0,'Althea','McKenzie','2016-02-18','F',0,1,'2022-05-10 00:30:01',NULL,NULL,NULL,NULL,'5849','','','',5,NULL,NULL,0,0,NULL,0,1,'0000-00-00 00:00:00',0,0,NULL,NULL,'','',0,0,NULL,0,NULL,'0000-00-00 00:00:00'),(333,331,0,'Margarete','McKenzie','2022-11-05','F',0,1,'2022-05-10 00:30:01',NULL,NULL,NULL,NULL,'5849','','','',5,NULL,NULL,0,0,NULL,0,1,'0000-00-00 00:00:00',0,0,NULL,NULL,'','',0,0,NULL,0,NULL,'0000-00-00 00:00:00'),(334,NULL,0,'Elliott','Runte','1947-04-17','M',0,1,'2022-05-10 00:30:01',NULL,NULL,NULL,NULL,'8717','','','',5,NULL,NULL,0,0,NULL,0,1,'0000-00-00 00:00:00',0,0,NULL,NULL,'','',0,0,NULL,0,NULL,'0000-00-00 00:00:00'),(335,334,0,'Nia','Runte','2008-03-18','F',0,1,'2022-05-10 00:30:01',NULL,NULL,NULL,NULL,'8717','','','',5,NULL,NULL,0,0,NULL,0,1,'0000-00-00 00:00:00',0,0,NULL,NULL,'','',0,0,NULL,0,NULL,'0000-00-00 00:00:00'),(336,NULL,0,'Elisabeth','Bartoletti','1988-08-19','F',0,1,'2022-05-10 00:30:01',NULL,NULL,NULL,NULL,'9985','','','',5,NULL,NULL,0,0,NULL,0,1,'0000-00-00 00:00:00',0,0,NULL,NULL,'','',0,0,NULL,0,NULL,'0000-00-00 00:00:00'),(337,336,0,'Llewellyn','Bartoletti','2019-02-17','M',0,1,'2022-05-10 00:30:01',NULL,NULL,NULL,NULL,'9985','','','',5,NULL,NULL,0,0,NULL,0,1,'0000-00-00 00:00:00',0,0,NULL,NULL,'','',0,0,NULL,0,NULL,'0000-00-00 00:00:00'),(338,NULL,0,'Corine','Quigley','1987-12-29','F',0,1,'2022-05-10 00:30:01',NULL,NULL,NULL,NULL,'7447','','','',5,NULL,NULL,0,0,NULL,0,1,'0000-00-00 00:00:00',0,0,NULL,NULL,'','',0,0,NULL,0,NULL,'0000-00-00 00:00:00'),(339,NULL,0,'Nettie','Satterfield','1953-12-12','F',0,1,'2022-05-10 00:30:01',NULL,NULL,NULL,NULL,'8705','','','',5,NULL,NULL,0,0,NULL,0,1,'0000-00-00 00:00:00',0,0,NULL,NULL,'','',0,0,NULL,0,NULL,'0000-00-00 00:00:00'),(340,NULL,0,'Kailyn','Brakus','1993-05-26','F',0,1,'2022-05-10 00:30:01',NULL,NULL,NULL,NULL,'7111','','','',5,NULL,NULL,0,0,NULL,0,1,'0000-00-00 00:00:00',0,0,NULL,NULL,'','',0,0,NULL,0,NULL,'0000-00-00 00:00:00'),(341,340,0,'Amie','Brakus','2014-10-21','F',0,1,'2022-05-10 00:30:01',NULL,NULL,NULL,NULL,'7111','','','',5,NULL,NULL,0,0,NULL,0,1,'0000-00-00 00:00:00',0,0,NULL,NULL,'','',0,0,NULL,0,NULL,'0000-00-00 00:00:00'),(342,NULL,0,'Shawna','Parker','1961-06-04','F',0,1,'2022-05-10 00:30:01',NULL,NULL,NULL,NULL,'4668','','','',5,NULL,NULL,0,0,NULL,0,1,'0000-00-00 00:00:00',0,0,NULL,NULL,'','',0,0,NULL,0,NULL,'0000-00-00 00:00:00'),(343,342,0,'Lily','Parker','2016-03-09','F',0,1,'2022-05-10 00:30:01',NULL,NULL,NULL,NULL,'4668','','','',5,NULL,NULL,0,0,NULL,0,1,'0000-00-00 00:00:00',0,0,NULL,NULL,'','',0,0,NULL,0,NULL,'0000-00-00 00:00:00'),(344,342,0,'Sim','Parker','2010-09-12','M',0,1,'2022-05-10 00:30:01',NULL,NULL,NULL,NULL,'4668','','','',5,NULL,NULL,0,0,NULL,0,1,'0000-00-00 00:00:00',0,0,NULL,NULL,'','',0,0,NULL,0,NULL,'0000-00-00 00:00:00'),(345,342,0,'Zane','Parker','2011-05-07','M',0,1,'2022-05-10 00:30:01',NULL,NULL,NULL,NULL,'4668','','','',5,NULL,NULL,0,0,NULL,0,1,'0000-00-00 00:00:00',0,0,NULL,NULL,'','',0,0,NULL,0,NULL,'0000-00-00 00:00:00'),(346,342,0,'Emmanuelle','Parker','2021-08-30','F',0,1,'2022-05-10 00:30:01',NULL,NULL,NULL,NULL,'4668','','','',5,NULL,NULL,0,0,NULL,0,1,'0000-00-00 00:00:00',0,0,NULL,NULL,'','',0,0,NULL,0,NULL,'0000-00-00 00:00:00'),(347,342,0,'Nicolas','Parker','2022-01-11','M',0,1,'2022-05-10 00:30:01',NULL,NULL,NULL,NULL,'4668','','','',5,NULL,NULL,0,0,NULL,0,1,'0000-00-00 00:00:00',0,0,NULL,NULL,'','',0,0,NULL,0,NULL,'0000-00-00 00:00:00'),(348,342,0,'Casimir','Parker','2010-10-10','M',0,1,'2022-05-10 00:30:01',NULL,NULL,NULL,NULL,'4668','','','',5,NULL,NULL,0,0,NULL,0,1,'0000-00-00 00:00:00',0,0,NULL,NULL,'','',0,0,NULL,0,NULL,'0000-00-00 00:00:00'),(349,342,0,'Loyal','Parker','2014-07-17','M',0,1,'2022-05-10 00:30:01',NULL,NULL,NULL,NULL,'4668','','','',5,NULL,NULL,0,0,NULL,0,1,'0000-00-00 00:00:00',0,0,NULL,NULL,'','',0,0,NULL,0,NULL,'0000-00-00 00:00:00'),(350,342,0,'Lavonne','Parker','2010-04-20','F',0,1,'2022-05-10 00:30:01',NULL,NULL,NULL,NULL,'4668','','','',5,NULL,NULL,0,0,NULL,0,1,'0000-00-00 00:00:00',0,0,NULL,NULL,'','',0,0,NULL,0,NULL,'0000-00-00 00:00:00'),(351,342,0,'Kamren','Parker','2008-12-28','M',0,1,'2022-05-10 00:30:01',NULL,NULL,NULL,NULL,'4668','','','',5,NULL,NULL,0,0,NULL,0,1,'0000-00-00 00:00:00',0,0,NULL,NULL,'','',0,0,NULL,0,NULL,'0000-00-00 00:00:00'),(352,342,0,'Makenzie','Parker','2010-02-15','F',0,1,'2022-05-10 00:30:01',NULL,NULL,NULL,NULL,'4668','','','',5,NULL,NULL,0,0,NULL,0,1,'0000-00-00 00:00:00',0,0,NULL,NULL,'','',0,0,NULL,0,NULL,'0000-00-00 00:00:00'),(353,NULL,0,'Roderick','Baumbach','1983-05-20','M',0,1,'2022-05-10 00:30:01',NULL,NULL,NULL,NULL,'9696','','','',5,NULL,NULL,0,0,NULL,0,1,'0000-00-00 00:00:00',0,0,NULL,NULL,'','',0,0,NULL,0,NULL,'0000-00-00 00:00:00'),(354,353,0,'Vladimir','Baumbach','2010-01-23','M',0,1,'2022-05-10 00:30:01',NULL,NULL,NULL,NULL,'9696','','','',5,NULL,NULL,0,0,NULL,0,1,'0000-00-00 00:00:00',0,0,NULL,NULL,'','',0,0,NULL,0,NULL,'0000-00-00 00:00:00'),(355,353,0,'Serenity','Baumbach','2013-03-25','F',0,1,'2022-05-10 00:30:01',NULL,NULL,NULL,NULL,'9696','','','',5,NULL,NULL,0,0,NULL,0,1,'0000-00-00 00:00:00',0,0,NULL,NULL,'','',0,0,NULL,0,NULL,'0000-00-00 00:00:00'),(356,353,0,'Kristian','Baumbach','2018-07-09','M',0,1,'2022-05-10 00:30:01',NULL,NULL,NULL,NULL,'9696','','','',5,NULL,NULL,0,0,NULL,0,1,'0000-00-00 00:00:00',0,0,NULL,NULL,'','',0,0,NULL,0,NULL,'0000-00-00 00:00:00'),(357,353,0,'Dion','Baumbach','2020-02-13','M',0,1,'2022-05-10 00:30:01',NULL,NULL,NULL,NULL,'9696','','','',5,NULL,NULL,0,0,NULL,0,1,'0000-00-00 00:00:00',0,0,NULL,NULL,'','',0,0,NULL,0,NULL,'0000-00-00 00:00:00'),(358,353,0,'Leonor','Baumbach','2018-07-08','F',0,1,'2022-05-10 00:30:01',NULL,NULL,NULL,NULL,'9696','','','',5,NULL,NULL,0,0,NULL,0,1,'0000-00-00 00:00:00',0,0,NULL,NULL,'','',0,0,NULL,0,NULL,'0000-00-00 00:00:00'),(359,353,0,'Nadia','Baumbach','2022-07-01','F',0,1,'2022-05-10 00:30:01',NULL,NULL,NULL,NULL,'9696','','','',5,NULL,NULL,0,0,NULL,0,1,'0000-00-00 00:00:00',0,0,NULL,NULL,'','',0,0,NULL,0,NULL,'0000-00-00 00:00:00'),(360,NULL,0,'Ena','Rutherford','1962-12-07','F',0,1,'2022-05-10 00:30:01',NULL,NULL,NULL,NULL,'2440','','','',5,NULL,NULL,0,0,NULL,0,1,'0000-00-00 00:00:00',0,0,NULL,NULL,'','',0,0,NULL,0,NULL,'0000-00-00 00:00:00'),(361,360,0,'Pedro','Rutherford','2013-04-23','M',0,1,'2022-05-10 00:30:01',NULL,NULL,NULL,NULL,'2440','','','',5,NULL,NULL,0,0,NULL,0,1,'0000-00-00 00:00:00',0,0,NULL,NULL,'','',0,0,NULL,0,NULL,'0000-00-00 00:00:00'),(362,360,0,'Laurie','Rutherford','2008-10-16','F',0,1,'2022-05-10 00:30:01',NULL,NULL,NULL,NULL,'2440','','','',5,NULL,NULL,0,0,NULL,0,1,'0000-00-00 00:00:00',0,0,NULL,NULL,'','',0,0,NULL,0,NULL,'0000-00-00 00:00:00'),(363,360,0,'Ray','Rutherford','2009-05-26','M',0,1,'2022-05-10 00:30:01',NULL,NULL,NULL,NULL,'2440','','','',5,NULL,NULL,0,0,NULL,0,1,'0000-00-00 00:00:00',0,0,NULL,NULL,'','',0,0,NULL,0,NULL,'0000-00-00 00:00:00'),(364,360,0,'Emiliano','Rutherford','2011-08-07','M',0,1,'2022-05-10 00:30:01',NULL,NULL,NULL,NULL,'2440','','','',5,NULL,NULL,0,0,NULL,0,1,'0000-00-00 00:00:00',0,0,NULL,NULL,'','',0,0,NULL,0,NULL,'0000-00-00 00:00:00'),(365,NULL,0,'Emilio','Goyette','1953-12-18','M',0,1,'2022-05-10 00:30:01',NULL,NULL,NULL,NULL,'1731','','','',5,NULL,NULL,0,0,NULL,0,1,'2022-06-01 05:30:01',0,0,NULL,NULL,'','',0,0,NULL,0,NULL,'0000-00-00 00:00:00'),(366,NULL,0,'Tom','Daniel','1985-03-08','M',0,1,'2022-05-10 00:30:01',NULL,NULL,NULL,NULL,'3810','','','',5,NULL,NULL,0,0,NULL,0,1,'0000-00-00 00:00:00',0,0,NULL,NULL,'','',0,0,NULL,0,NULL,'0000-00-00 00:00:00'),(367,366,0,'Nelda','Daniel','2021-12-10','F',0,1,'2022-05-10 00:30:01',NULL,NULL,NULL,NULL,'3810','','','',5,NULL,NULL,0,0,NULL,0,1,'0000-00-00 00:00:00',0,0,NULL,NULL,'','',0,0,NULL,0,NULL,'0000-00-00 00:00:00'),(368,NULL,0,'Hanna','Kohler','1965-03-20','F',0,1,'2022-05-10 00:30:01',NULL,NULL,NULL,NULL,'1408','','','',5,NULL,NULL,0,0,NULL,0,1,'0000-00-00 00:00:00',0,0,NULL,NULL,'','',0,0,NULL,0,NULL,'0000-00-00 00:00:00'),(369,NULL,0,'Jeremie','Kuhn','1952-01-25','M',0,1,'2022-05-10 00:30:01',NULL,NULL,NULL,NULL,'7407','','','',5,NULL,NULL,0,0,NULL,0,1,'0000-00-00 00:00:00',0,0,NULL,NULL,'','',0,0,NULL,0,NULL,'0000-00-00 00:00:00'),(370,369,0,'Parker','Kuhn','2015-07-06','M',0,1,'2022-05-10 00:30:01',NULL,NULL,NULL,NULL,'7407','','','',5,NULL,NULL,0,0,NULL,0,1,'0000-00-00 00:00:00',0,0,NULL,NULL,'','',0,0,NULL,0,NULL,'0000-00-00 00:00:00'),(371,NULL,0,'Letitia','Renner','1974-07-02','F',0,1,'2022-05-10 00:30:01',NULL,NULL,NULL,NULL,'3777','','','',5,NULL,NULL,0,0,NULL,0,1,'0000-00-00 00:00:00',0,0,NULL,NULL,'','',0,0,NULL,0,NULL,'0000-00-00 00:00:00'),(372,NULL,0,'Lenora','Abernathy','1979-12-18','F',0,1,'2022-05-10 00:30:01',NULL,NULL,NULL,NULL,'9933','','','',5,NULL,NULL,0,0,NULL,0,1,'0000-00-00 00:00:00',0,0,NULL,NULL,'','',0,0,NULL,0,NULL,'0000-00-00 00:00:00'),(373,372,0,'Melyssa','Abernathy','2008-06-19','F',0,1,'2022-05-10 00:30:01',NULL,NULL,NULL,NULL,'9933','','','',5,NULL,NULL,0,0,NULL,0,1,'0000-00-00 00:00:00',0,0,NULL,NULL,'','',0,0,NULL,0,NULL,'0000-00-00 00:00:00'),(374,NULL,0,'Weldon','Kuphal','1985-10-14','M',0,1,'2022-05-10 00:30:01',NULL,NULL,NULL,NULL,'4545','','','',5,NULL,NULL,0,0,NULL,0,1,'0000-00-00 00:00:00',0,0,NULL,NULL,'','',0,0,NULL,0,NULL,'0000-00-00 00:00:00'),(375,NULL,0,'Anderson','McCullough','1991-03-18','M',0,1,'2022-05-10 00:30:01',NULL,NULL,NULL,NULL,'9042','','','',5,NULL,NULL,0,0,NULL,0,1,'0000-00-00 00:00:00',0,0,NULL,NULL,'','',0,0,NULL,0,NULL,'0000-00-00 00:00:00'),(376,375,0,'Kari','McCullough','2008-02-15','F',0,1,'2022-05-10 00:30:01',NULL,NULL,NULL,NULL,'9042','','','',5,NULL,NULL,0,0,NULL,0,1,'0000-00-00 00:00:00',0,0,NULL,NULL,'','',0,0,NULL,0,NULL,'0000-00-00 00:00:00'),(377,NULL,0,'Kiarra','O\'Keefe','1960-11-24','F',0,1,'2022-05-10 00:30:01',NULL,NULL,NULL,NULL,'8785','','','',5,NULL,NULL,0,0,NULL,0,1,'0000-00-00 00:00:00',0,0,NULL,NULL,'','',0,0,NULL,0,NULL,'0000-00-00 00:00:00'),(378,NULL,0,'Aglae','Sauer','1984-04-20','F',0,1,'2022-05-10 00:30:01',NULL,NULL,NULL,NULL,'2716','','','',5,NULL,NULL,0,0,NULL,0,1,'0000-00-00 00:00:00',0,0,NULL,NULL,'','',0,0,NULL,0,NULL,'0000-00-00 00:00:00'),(379,378,0,'Mona','Sauer','2018-11-24','F',0,1,'2022-05-10 00:30:01',NULL,NULL,NULL,NULL,'2716','','','',5,NULL,NULL,0,0,NULL,0,1,'0000-00-00 00:00:00',0,0,NULL,NULL,'','',0,0,NULL,0,NULL,'0000-00-00 00:00:00'),(380,378,0,'Nova','Sauer','2018-03-25','F',0,1,'2022-05-10 00:30:01',NULL,NULL,NULL,NULL,'2716','','','',5,NULL,NULL,0,0,NULL,0,1,'0000-00-00 00:00:00',0,0,NULL,NULL,'','',0,0,NULL,0,NULL,'0000-00-00 00:00:00'),(381,378,0,'Clarabelle','Sauer','2013-04-24','F',0,1,'2022-05-10 00:30:01',NULL,NULL,NULL,NULL,'2716','','','',5,NULL,NULL,0,0,NULL,0,1,'0000-00-00 00:00:00',0,0,NULL,NULL,'','',0,0,NULL,0,NULL,'0000-00-00 00:00:00'),(382,NULL,0,'Miracle','Gutmann','1962-04-21','F',0,1,'2022-05-10 00:30:01',NULL,NULL,NULL,NULL,'9682','','','',5,NULL,NULL,0,0,NULL,0,1,'0000-00-00 00:00:00',0,0,NULL,NULL,'','',0,0,NULL,0,NULL,'0000-00-00 00:00:00'),(383,382,0,'Sincere','Gutmann','2009-06-22','F',0,1,'2022-05-10 00:30:01',NULL,NULL,NULL,NULL,'9682','','','',5,NULL,NULL,0,0,NULL,0,1,'0000-00-00 00:00:00',0,0,NULL,NULL,'','',0,0,NULL,0,NULL,'0000-00-00 00:00:00'),(384,382,0,'Frances','Gutmann','2010-05-03','F',0,1,'2022-05-10 00:30:01',NULL,NULL,NULL,NULL,'9682','','','',5,NULL,NULL,0,0,NULL,0,1,'0000-00-00 00:00:00',0,0,NULL,NULL,'','',0,0,NULL,0,NULL,'0000-00-00 00:00:00'),(385,NULL,0,'Ernest','Hansen','1984-07-15','M',0,1,'2022-05-10 00:30:01',NULL,NULL,NULL,NULL,'8598','','','',5,NULL,NULL,0,0,NULL,0,1,'0000-00-00 00:00:00',0,0,NULL,NULL,'','',0,0,NULL,0,NULL,'0000-00-00 00:00:00'),(386,NULL,0,'Dameon','Gutkowski','1981-08-31','M',0,1,'2022-05-10 00:30:01',NULL,NULL,NULL,NULL,'2779','','','',5,NULL,NULL,0,0,NULL,0,1,'0000-00-00 00:00:00',0,0,NULL,NULL,'','',0,0,NULL,0,NULL,'0000-00-00 00:00:00'),(387,NULL,0,'Lela','Balistreri','1975-02-21','F',0,1,'2022-05-10 00:30:01',NULL,NULL,NULL,NULL,'6289','','','',5,NULL,NULL,0,0,NULL,0,1,'0000-00-00 00:00:00',0,0,NULL,NULL,'','',0,0,NULL,0,NULL,'0000-00-00 00:00:00'),(388,387,0,'Tressie','Balistreri','2021-05-01','F',0,1,'2022-05-10 00:30:01',NULL,NULL,NULL,NULL,'6289','','','',5,NULL,NULL,0,0,NULL,0,1,'0000-00-00 00:00:00',0,0,NULL,NULL,'','',0,0,NULL,0,NULL,'0000-00-00 00:00:00'),(389,387,0,'Shayne','Balistreri','2019-12-13','M',0,1,'2022-05-10 00:30:01',NULL,NULL,NULL,NULL,'6289','','','',5,NULL,NULL,0,0,NULL,0,1,'0000-00-00 00:00:00',0,0,NULL,NULL,'','',0,0,NULL,0,NULL,'0000-00-00 00:00:00'),(390,NULL,0,'Josie','Sanford','2000-03-09','F',0,1,'2022-05-10 00:30:01',NULL,NULL,NULL,NULL,'1451','','','',5,NULL,NULL,0,0,NULL,0,1,'0000-00-00 00:00:00',0,0,NULL,NULL,'','',0,0,NULL,0,NULL,'0000-00-00 00:00:00'),(391,390,0,'Magnolia','Sanford','2020-12-11','F',0,1,'2022-05-10 00:30:01',NULL,NULL,NULL,NULL,'1451','','','',5,NULL,NULL,0,0,NULL,0,1,'0000-00-00 00:00:00',0,0,NULL,NULL,'','',0,0,NULL,0,NULL,'0000-00-00 00:00:00'),(392,390,0,'Selina','Sanford','2018-07-28','F',0,1,'2022-05-10 00:30:01',NULL,NULL,NULL,NULL,'1451','','','',5,NULL,NULL,0,0,NULL,0,1,'0000-00-00 00:00:00',0,0,NULL,NULL,'','',0,0,NULL,0,NULL,'0000-00-00 00:00:00'),(393,390,0,'Howell','Sanford','2010-01-25','M',0,1,'2022-05-10 00:30:01',NULL,NULL,NULL,NULL,'1451','','','',5,NULL,NULL,0,0,NULL,0,1,'0000-00-00 00:00:00',0,0,NULL,NULL,'','',0,0,NULL,0,NULL,'0000-00-00 00:00:00'),(394,NULL,0,'Florida','McClure','1971-09-13','F',0,1,'2022-05-10 00:30:01',NULL,NULL,NULL,NULL,'1567','','','',5,NULL,NULL,0,0,NULL,0,1,'0000-00-00 00:00:00',0,0,NULL,NULL,'','',0,0,NULL,0,NULL,'0000-00-00 00:00:00'),(395,NULL,0,'Hallie','Mann','1965-01-24','F',0,1,'2022-05-10 00:30:01',NULL,NULL,NULL,NULL,'7217','','','',5,NULL,NULL,0,0,NULL,0,1,'0000-00-00 00:00:00',0,0,NULL,NULL,'','',0,0,NULL,0,NULL,'0000-00-00 00:00:00'),(396,395,0,'Kobe','Mann','2013-09-29','M',0,1,'2022-05-10 00:30:01',NULL,NULL,NULL,NULL,'7217','','','',5,NULL,NULL,0,0,NULL,0,1,'0000-00-00 00:00:00',0,0,NULL,NULL,'','',0,0,NULL,0,NULL,'0000-00-00 00:00:00'),(397,NULL,0,'Cathy','Medhurst','1987-05-27','F',0,1,'2022-05-10 00:30:01',NULL,NULL,NULL,NULL,'2327','','','',5,NULL,NULL,0,0,NULL,0,1,'0000-00-00 00:00:00',0,0,NULL,NULL,'','',0,0,NULL,0,NULL,'0000-00-00 00:00:00'),(398,NULL,0,'Angie','Feeney','1951-11-01','F',0,1,'2022-05-10 00:30:01',NULL,NULL,NULL,NULL,'7369','','','',5,NULL,NULL,0,0,NULL,0,1,'0000-00-00 00:00:00',0,0,NULL,NULL,'','',0,0,NULL,0,NULL,'0000-00-00 00:00:00'),(399,398,0,'Wyman','Feeney','2019-03-02','M',0,1,'2022-05-10 00:30:01',NULL,NULL,NULL,NULL,'7369','','','',5,NULL,NULL,0,0,NULL,0,1,'0000-00-00 00:00:00',0,0,NULL,NULL,'','',0,0,NULL,0,NULL,'0000-00-00 00:00:00'),(400,398,0,'Webster','Feeney','2008-02-09','M',0,1,'2022-05-10 00:30:01',NULL,NULL,NULL,NULL,'7369','','','',5,NULL,NULL,0,0,NULL,0,1,'0000-00-00 00:00:00',0,0,NULL,NULL,'','',0,0,NULL,0,NULL,'0000-00-00 00:00:00'),(401,NULL,0,'Zita','Hirthe','1949-08-19','F',0,1,'2022-05-10 00:30:01',NULL,NULL,NULL,NULL,'1631','','','',5,NULL,NULL,0,0,NULL,0,1,'2022-08-03 02:41:11',0,0,NULL,NULL,'','',0,0,NULL,0,NULL,'0000-00-00 00:00:00'),(402,NULL,0,'Jerry','Cummings','1964-11-19','M',0,1,'2022-05-10 00:30:01',NULL,NULL,NULL,NULL,'1881','','','',5,NULL,NULL,0,0,NULL,0,1,'0000-00-00 00:00:00',0,0,NULL,NULL,'','',0,0,NULL,0,NULL,'0000-00-00 00:00:00'),(403,402,0,'Hilda','Cummings','2017-11-18','F',0,1,'2022-05-10 00:30:01',NULL,NULL,NULL,NULL,'1881','','','',5,NULL,NULL,0,0,NULL,0,1,'0000-00-00 00:00:00',0,0,NULL,NULL,'','',0,0,NULL,0,NULL,'0000-00-00 00:00:00'),(404,402,0,'Hollis','Cummings','2011-08-01','M',0,1,'2022-05-10 00:30:01',NULL,NULL,NULL,NULL,'1881','','','',5,NULL,NULL,0,0,NULL,0,1,'0000-00-00 00:00:00',0,0,NULL,NULL,'','',0,0,NULL,0,NULL,'0000-00-00 00:00:00'),(405,402,0,'Zachariah','Cummings','2010-11-04','M',0,1,'2022-05-10 00:30:01',NULL,NULL,NULL,NULL,'1881','','','',5,NULL,NULL,0,0,NULL,0,1,'0000-00-00 00:00:00',0,0,NULL,NULL,'','',0,0,NULL,0,NULL,'0000-00-00 00:00:00'),(406,NULL,0,'Rick','Robel','1957-08-03','M',0,1,'2022-05-10 00:30:01',NULL,NULL,NULL,NULL,'7250','','','',5,NULL,NULL,0,0,NULL,0,1,'0000-00-00 00:00:00',0,0,NULL,NULL,'','',0,0,NULL,0,NULL,'0000-00-00 00:00:00'),(407,406,0,'Benedict','Robel','2018-05-22','M',0,1,'2022-05-10 00:30:01',NULL,NULL,NULL,NULL,'7250','','','',5,NULL,NULL,0,0,NULL,0,1,'0000-00-00 00:00:00',0,0,NULL,NULL,'','',0,0,NULL,0,NULL,'0000-00-00 00:00:00'),(408,406,0,'Talon','Robel','2021-07-24','M',0,1,'2022-05-10 00:30:01',NULL,NULL,NULL,NULL,'7250','','','',5,NULL,NULL,0,0,NULL,0,1,'0000-00-00 00:00:00',0,0,NULL,NULL,'','',0,0,NULL,0,NULL,'0000-00-00 00:00:00'),(409,406,0,'Bridgette','Robel','2015-10-08','F',0,1,'2022-05-10 00:30:01',NULL,NULL,NULL,NULL,'7250','','','',5,NULL,NULL,0,0,NULL,0,1,'0000-00-00 00:00:00',0,0,NULL,NULL,'','',0,0,NULL,0,NULL,'0000-00-00 00:00:00'),(410,NULL,0,'Talon','Cruickshank','1974-01-07','M',0,1,'2022-05-10 00:30:01',NULL,NULL,NULL,NULL,'2998','','','',5,NULL,NULL,0,0,NULL,0,1,'0000-00-00 00:00:00',0,0,NULL,NULL,'','',0,0,NULL,0,NULL,'0000-00-00 00:00:00'),(411,NULL,0,'Magali','Kuvalis','1978-05-04','F',0,1,'2022-05-10 00:30:01',NULL,NULL,NULL,NULL,'7230','','','',5,NULL,NULL,0,0,NULL,0,1,'0000-00-00 00:00:00',0,0,NULL,NULL,'','',0,0,NULL,0,NULL,'0000-00-00 00:00:00'),(412,NULL,0,'Loma','Torphy','1943-07-27','F',0,1,'2022-05-10 00:30:01',NULL,NULL,NULL,NULL,'9860','','','',5,NULL,NULL,0,0,NULL,0,1,'0000-00-00 00:00:00',0,0,NULL,NULL,'','',0,0,NULL,0,NULL,'0000-00-00 00:00:00'),(413,NULL,0,'Darrell','Johns','2002-04-20','M',0,1,'2022-05-10 00:30:01',NULL,NULL,NULL,NULL,'6570','','','',5,NULL,NULL,0,0,NULL,0,1,'0000-00-00 00:00:00',0,0,NULL,NULL,'','',0,0,NULL,0,NULL,'0000-00-00 00:00:00'),(414,NULL,0,'Chanel','Macejkovic','1981-08-25','F',0,1,'2022-05-10 00:30:01',NULL,NULL,NULL,NULL,'2501','','','',5,NULL,NULL,0,0,NULL,0,1,'0000-00-00 00:00:00',0,0,NULL,NULL,'','',0,0,NULL,0,NULL,'0000-00-00 00:00:00'),(415,414,0,'Hailey','Macejkovic','2013-08-18','M',0,1,'2022-05-10 00:30:01',NULL,NULL,NULL,NULL,'2501','','','',5,NULL,NULL,0,0,NULL,0,1,'0000-00-00 00:00:00',0,0,NULL,NULL,'','',0,0,NULL,0,NULL,'0000-00-00 00:00:00'),(416,414,0,'Rosemary','Macejkovic','2020-08-03','F',0,1,'2022-05-10 00:30:01',NULL,NULL,NULL,NULL,'2501','','','',5,NULL,NULL,0,0,NULL,0,1,'0000-00-00 00:00:00',0,0,NULL,NULL,'','',0,0,NULL,0,NULL,'0000-00-00 00:00:00'),(417,NULL,0,'Mackenzie','Parker','1982-05-16','M',0,1,'2022-05-10 00:30:01',NULL,NULL,NULL,NULL,'2883','','','',5,NULL,NULL,0,0,NULL,0,1,'0000-00-00 00:00:00',0,0,NULL,NULL,'','',0,0,NULL,0,NULL,'0000-00-00 00:00:00'),(418,417,0,'Carli','Parker','2019-06-02','F',0,1,'2022-05-10 00:30:01',NULL,NULL,NULL,NULL,'2883','','','',5,NULL,NULL,0,0,NULL,0,1,'0000-00-00 00:00:00',0,0,NULL,NULL,'','',0,0,NULL,0,NULL,'0000-00-00 00:00:00'),(419,417,0,'Misty','Parker','2017-10-16','F',0,1,'2022-05-10 00:30:01',NULL,NULL,NULL,NULL,'2883','','','',5,NULL,NULL,0,0,NULL,0,1,'0000-00-00 00:00:00',0,0,NULL,NULL,'','',0,0,NULL,0,NULL,'0000-00-00 00:00:00'),(420,417,0,'Vernie','Parker','2017-03-08','F',0,1,'2022-05-10 00:30:01',NULL,NULL,NULL,NULL,'2883','','','',5,NULL,NULL,0,0,NULL,0,1,'0000-00-00 00:00:00',0,0,NULL,NULL,'','',0,0,NULL,0,NULL,'0000-00-00 00:00:00'),(421,417,0,'Alf','Parker','2020-04-17','M',0,1,'2022-05-10 00:30:01',NULL,NULL,NULL,NULL,'2883','','','',5,NULL,NULL,0,0,NULL,0,1,'0000-00-00 00:00:00',0,0,NULL,NULL,'','',0,0,NULL,0,NULL,'0000-00-00 00:00:00'),(422,NULL,0,'Hassie','Champlin','1990-04-09','F',0,1,'2022-05-10 00:30:01',NULL,NULL,NULL,NULL,'1617','','','',5,NULL,NULL,0,0,NULL,0,1,'0000-00-00 00:00:00',0,0,NULL,NULL,'','',0,0,NULL,0,NULL,'0000-00-00 00:00:00'),(423,422,0,'Dakota','Champlin','2009-03-31','F',0,1,'2022-05-10 00:30:01',NULL,NULL,NULL,NULL,'1617','','','',5,NULL,NULL,0,0,NULL,0,1,'0000-00-00 00:00:00',0,0,NULL,NULL,'','',0,0,NULL,0,NULL,'0000-00-00 00:00:00'),(424,422,0,'Gust','Champlin','2013-02-02','M',0,1,'2022-05-10 00:30:01',NULL,NULL,NULL,NULL,'1617','','','',5,NULL,NULL,0,0,NULL,0,1,'0000-00-00 00:00:00',0,0,NULL,NULL,'','',0,0,NULL,0,NULL,'0000-00-00 00:00:00'),(425,422,0,'Shyanne','Champlin','2010-12-29','F',0,1,'2022-05-10 00:30:01',NULL,NULL,NULL,NULL,'1617','','','',5,NULL,NULL,0,0,NULL,0,1,'0000-00-00 00:00:00',0,0,NULL,NULL,'','',0,0,NULL,0,NULL,'0000-00-00 00:00:00'),(426,NULL,0,'Edythe','Blanda','1983-01-24','F',0,1,'2022-05-10 00:30:01',NULL,NULL,NULL,NULL,'4181','','','',5,NULL,NULL,0,0,NULL,0,1,'0000-00-00 00:00:00',0,0,NULL,NULL,'','',0,0,NULL,0,NULL,'0000-00-00 00:00:00'),(427,426,0,'Franco','Blanda','2009-02-12','M',0,1,'2022-05-10 00:30:01',NULL,NULL,NULL,NULL,'4181','','','',5,NULL,NULL,0,0,NULL,0,1,'0000-00-00 00:00:00',0,0,NULL,NULL,'','',0,0,NULL,0,NULL,'0000-00-00 00:00:00'),(428,426,0,'Marietta','Blanda','2015-09-05','F',0,1,'2022-05-10 00:30:01',NULL,NULL,NULL,NULL,'4181','','','',5,NULL,NULL,0,0,NULL,0,1,'0000-00-00 00:00:00',0,0,NULL,NULL,'','',0,0,NULL,0,NULL,'0000-00-00 00:00:00'),(429,NULL,0,'Eduardo','Jenkins','1994-12-18','M',0,1,'2022-05-10 00:30:01',NULL,NULL,NULL,NULL,'5231','','','',5,NULL,NULL,0,0,NULL,0,1,'0000-00-00 00:00:00',0,0,NULL,NULL,'','',0,0,NULL,0,NULL,'0000-00-00 00:00:00'),(430,429,0,'Maribel','Jenkins','2011-08-18','F',0,1,'2022-05-10 00:30:01',NULL,NULL,NULL,NULL,'5231','','','',5,NULL,NULL,0,0,NULL,0,1,'0000-00-00 00:00:00',0,0,NULL,NULL,'','',0,0,NULL,0,NULL,'0000-00-00 00:00:00'),(431,NULL,0,'Garfield','Langosh','1947-08-04','M',0,1,'2022-05-10 00:30:01',NULL,NULL,NULL,NULL,'1584','','','',5,NULL,NULL,0,0,NULL,0,1,'0000-00-00 00:00:00',0,0,NULL,NULL,'','',0,0,NULL,0,NULL,'0000-00-00 00:00:00'),(432,NULL,0,'Nestor','Bechtelar','1966-05-02','M',0,1,'2022-05-10 00:30:01',NULL,NULL,NULL,NULL,'6097','','','',5,NULL,NULL,0,0,NULL,0,1,'0000-00-00 00:00:00',0,0,NULL,NULL,'','',0,0,NULL,0,NULL,'0000-00-00 00:00:00'),(433,NULL,0,'Garret','Olson','1947-04-29','M',0,1,'2022-05-10 00:30:01',NULL,NULL,NULL,NULL,'7942','','','',5,NULL,NULL,0,0,NULL,0,1,'0000-00-00 00:00:00',0,0,NULL,NULL,'','',0,0,NULL,0,NULL,'0000-00-00 00:00:00'),(434,433,0,'Theron','Olson','2015-01-08','M',0,1,'2022-05-10 00:30:01',NULL,NULL,NULL,NULL,'7942','','','',5,NULL,NULL,0,0,NULL,0,1,'0000-00-00 00:00:00',0,0,NULL,NULL,'','',0,0,NULL,0,NULL,'0000-00-00 00:00:00'),(435,433,0,'Kadin','Olson','2011-05-01','M',0,1,'2022-05-10 00:30:01',NULL,NULL,NULL,NULL,'7942','','','',5,NULL,NULL,0,0,NULL,0,1,'0000-00-00 00:00:00',0,0,NULL,NULL,'','',0,0,NULL,0,NULL,'0000-00-00 00:00:00'),(436,433,0,'Vernon','Olson','2017-03-31','M',0,1,'2022-05-10 00:30:01',NULL,NULL,NULL,NULL,'7942','','','',5,NULL,NULL,0,0,NULL,0,1,'0000-00-00 00:00:00',0,0,NULL,NULL,'','',0,0,NULL,0,NULL,'0000-00-00 00:00:00'),(437,NULL,0,'Florida','Gibson','1959-02-27','F',0,1,'2022-05-10 00:30:01',NULL,NULL,NULL,NULL,'4206','','','',5,NULL,NULL,0,0,NULL,0,1,'0000-00-00 00:00:00',0,0,NULL,NULL,'','',0,0,NULL,0,NULL,'0000-00-00 00:00:00'),(438,NULL,0,'Joanne','Lemke','1969-05-12','F',0,1,'2022-05-10 00:30:01',NULL,NULL,NULL,NULL,'3125','','','',5,NULL,NULL,0,0,NULL,0,1,'0000-00-00 00:00:00',0,0,NULL,NULL,'','',0,0,NULL,0,NULL,'0000-00-00 00:00:00'),(439,438,0,'Aubrey','Lemke','2010-04-16','F',0,1,'2022-05-10 00:30:01',NULL,NULL,NULL,NULL,'3125','','','',5,NULL,NULL,0,0,NULL,0,1,'0000-00-00 00:00:00',0,0,NULL,NULL,'','',0,0,NULL,0,NULL,'0000-00-00 00:00:00'),(440,NULL,0,'Newton','Buckridge','2007-02-02','M',0,1,'2022-05-10 00:30:01',NULL,NULL,NULL,NULL,'3863','','','',5,NULL,NULL,0,0,NULL,0,1,'2022-02-17 20:33:34',0,0,NULL,NULL,'','',0,0,NULL,0,NULL,'0000-00-00 00:00:00'),(441,440,0,'Sigurd','Buckridge','2018-04-01','M',0,1,'2022-05-10 00:30:01',NULL,NULL,NULL,NULL,'3863','','','',5,NULL,NULL,0,0,NULL,0,1,'2022-02-17 20:33:34',0,0,NULL,NULL,'','',0,0,NULL,0,NULL,'0000-00-00 00:00:00'),(442,440,0,'Mallie','Buckridge','2018-12-26','F',0,1,'2022-05-10 00:30:01',NULL,NULL,NULL,NULL,'3863','','','',5,NULL,NULL,0,0,NULL,0,1,'2022-02-17 20:33:34',0,0,NULL,NULL,'','',0,0,NULL,0,NULL,'0000-00-00 00:00:00'),(443,440,0,'Jesus','Buckridge','2009-06-07','M',0,1,'2022-05-10 00:30:01',NULL,NULL,NULL,NULL,'3863','','','',5,NULL,NULL,0,0,NULL,0,1,'2022-02-17 20:33:34',0,0,NULL,NULL,'','',0,0,NULL,0,NULL,'0000-00-00 00:00:00'),(444,NULL,0,'Yesenia','Romaguera','1950-01-26','F',0,1,'2022-05-10 00:30:01',NULL,NULL,NULL,NULL,'4322','','','',5,NULL,NULL,0,0,NULL,0,1,'0000-00-00 00:00:00',0,0,NULL,NULL,'','',0,0,NULL,0,NULL,'0000-00-00 00:00:00'),(445,444,0,'Orpha','Romaguera','2018-04-03','F',0,1,'2022-05-10 00:30:01',NULL,NULL,NULL,NULL,'4322','','','',5,NULL,NULL,0,0,NULL,0,1,'0000-00-00 00:00:00',0,0,NULL,NULL,'','',0,0,NULL,0,NULL,'0000-00-00 00:00:00'),(446,444,0,'Peter','Romaguera','2016-01-25','M',0,1,'2022-05-10 00:30:01',NULL,NULL,NULL,NULL,'4322','','','',5,NULL,NULL,0,0,NULL,0,1,'0000-00-00 00:00:00',0,0,NULL,NULL,'','',0,0,NULL,0,NULL,'0000-00-00 00:00:00'),(447,444,0,'Dolly','Romaguera','2012-02-21','F',0,1,'2022-05-10 00:30:01',NULL,NULL,NULL,NULL,'4322','','','',5,NULL,NULL,0,0,NULL,0,1,'0000-00-00 00:00:00',0,0,NULL,NULL,'','',0,0,NULL,0,NULL,'0000-00-00 00:00:00'),(448,444,0,'Lionel','Romaguera','2016-11-29','M',0,1,'2022-05-10 00:30:01',NULL,NULL,NULL,NULL,'4322','','','',5,NULL,NULL,0,0,NULL,0,1,'0000-00-00 00:00:00',0,0,NULL,NULL,'','',0,0,NULL,0,NULL,'0000-00-00 00:00:00'),(449,NULL,0,'Alicia','Howell','1988-03-19','F',0,1,'2022-05-10 00:30:01',NULL,NULL,NULL,NULL,'5597','','','',5,NULL,NULL,0,0,NULL,0,1,'0000-00-00 00:00:00',0,0,NULL,NULL,'','',0,0,NULL,0,NULL,'0000-00-00 00:00:00'),(450,NULL,0,'Bernard','Walsh','1953-06-25','M',0,1,'2022-05-10 00:30:01',NULL,NULL,NULL,NULL,'2522','','','',5,NULL,NULL,0,0,NULL,0,1,'0000-00-00 00:00:00',0,0,NULL,NULL,'','',0,0,NULL,0,NULL,'0000-00-00 00:00:00'),(451,NULL,0,'Everette','Stehr','1963-07-22','F',0,1,'2022-05-10 00:30:01',NULL,NULL,NULL,NULL,'8840','','','',5,NULL,NULL,0,0,NULL,0,1,'0000-00-00 00:00:00',0,0,NULL,NULL,'','',0,0,NULL,0,NULL,'0000-00-00 00:00:00'),(452,451,0,'Callie','Stehr','2016-06-07','F',0,1,'2022-05-10 00:30:01',NULL,NULL,NULL,NULL,'8840','','','',5,NULL,NULL,0,0,NULL,0,1,'0000-00-00 00:00:00',0,0,NULL,NULL,'','',0,0,NULL,0,NULL,'0000-00-00 00:00:00'),(453,451,0,'Santos','Stehr','2016-09-23','M',0,1,'2022-05-10 00:30:01',NULL,NULL,NULL,NULL,'8840','','','',5,NULL,NULL,0,0,NULL,0,1,'0000-00-00 00:00:00',0,0,NULL,NULL,'','',0,0,NULL,0,NULL,'0000-00-00 00:00:00'),(454,451,0,'Gino','Stehr','2008-03-18','M',0,1,'2022-05-10 00:30:01',NULL,NULL,NULL,NULL,'8840','','','',5,NULL,NULL,0,0,NULL,0,1,'0000-00-00 00:00:00',0,0,NULL,NULL,'','',0,0,NULL,0,NULL,'0000-00-00 00:00:00'),(455,NULL,0,'Jayden','Bergnaum','1946-11-03','M',0,1,'2022-05-10 00:30:01',NULL,NULL,NULL,NULL,'3573','','','',5,NULL,NULL,0,0,NULL,0,1,'0000-00-00 00:00:00',0,0,NULL,NULL,'','',0,0,NULL,0,NULL,'0000-00-00 00:00:00'),(456,455,0,'Heber','Bergnaum','2018-03-25','M',0,1,'2022-05-10 00:30:01',NULL,NULL,NULL,NULL,'3573','','','',5,NULL,NULL,0,0,NULL,0,1,'0000-00-00 00:00:00',0,0,NULL,NULL,'','',0,0,NULL,0,NULL,'0000-00-00 00:00:00'),(457,455,0,'Hipolito','Bergnaum','2017-05-29','M',0,1,'2022-05-10 00:30:01',NULL,NULL,NULL,NULL,'3573','','','',5,NULL,NULL,0,0,NULL,0,1,'0000-00-00 00:00:00',0,0,NULL,NULL,'','',0,0,NULL,0,NULL,'0000-00-00 00:00:00'),(458,455,0,'Myriam','Bergnaum','2009-10-17','F',0,1,'2022-05-10 00:30:01',NULL,NULL,NULL,NULL,'3573','','','',5,NULL,NULL,0,0,NULL,0,1,'0000-00-00 00:00:00',0,0,NULL,NULL,'','',0,0,NULL,0,NULL,'0000-00-00 00:00:00'),(459,NULL,0,'Bella','Casper','1963-12-08','F',0,1,'2022-05-10 00:30:01',NULL,NULL,NULL,NULL,'2950','','','',5,NULL,NULL,0,0,NULL,0,1,'0000-00-00 00:00:00',0,0,NULL,NULL,'','',0,0,NULL,0,NULL,'0000-00-00 00:00:00'),(460,459,0,'Zita','Casper','2016-04-13','F',0,1,'2022-05-10 00:30:01',NULL,NULL,NULL,NULL,'2950','','','',5,NULL,NULL,0,0,NULL,0,1,'0000-00-00 00:00:00',0,0,NULL,NULL,'','',0,0,NULL,0,NULL,'0000-00-00 00:00:00'),(461,459,0,'Ada','Casper','2013-07-01','F',0,1,'2022-05-10 00:30:01',NULL,NULL,NULL,NULL,'2950','','','',5,NULL,NULL,0,0,NULL,0,1,'0000-00-00 00:00:00',0,0,NULL,NULL,'','',0,0,NULL,0,NULL,'0000-00-00 00:00:00'),(462,NULL,0,'Danyka','Brekke','2002-06-28','F',0,1,'2022-05-10 00:30:01',NULL,NULL,NULL,NULL,'9214','','','',5,NULL,NULL,0,0,NULL,0,1,'0000-00-00 00:00:00',0,0,NULL,NULL,'','',0,0,NULL,0,NULL,'0000-00-00 00:00:00'),(463,462,0,'Yadira','Brekke','2012-12-04','F',0,1,'2022-05-10 00:30:01',NULL,NULL,NULL,NULL,'9214','','','',5,NULL,NULL,0,0,NULL,0,1,'0000-00-00 00:00:00',0,0,NULL,NULL,'','',0,0,NULL,0,NULL,'0000-00-00 00:00:00'),(464,462,0,'Sterling','Brekke','2015-12-29','M',0,1,'2022-05-10 00:30:01',NULL,NULL,NULL,NULL,'9214','','','',5,NULL,NULL,0,0,NULL,0,1,'0000-00-00 00:00:00',0,0,NULL,NULL,'','',0,0,NULL,0,NULL,'0000-00-00 00:00:00'),(465,462,0,'Edmond','Brekke','2008-03-25','M',0,1,'2022-05-10 00:30:01',NULL,NULL,NULL,NULL,'9214','','','',5,NULL,NULL,0,0,NULL,0,1,'0000-00-00 00:00:00',0,0,NULL,NULL,'','',0,0,NULL,0,NULL,'0000-00-00 00:00:00'),(466,NULL,0,'Clement','D\'Amore','1957-07-12','M',0,1,'2022-05-10 00:30:01',NULL,NULL,NULL,NULL,'3512','','','',5,NULL,NULL,0,0,NULL,0,1,'0000-00-00 00:00:00',0,0,NULL,NULL,'','',0,0,NULL,0,NULL,'0000-00-00 00:00:00'),(467,466,0,'Eden','D\'Amore','2010-07-07','F',0,1,'2022-05-10 00:30:01',NULL,NULL,NULL,NULL,'3512','','','',5,NULL,NULL,0,0,NULL,0,1,'0000-00-00 00:00:00',0,0,NULL,NULL,'','',0,0,NULL,0,NULL,'0000-00-00 00:00:00'),(468,466,0,'Quinton','D\'Amore','2010-12-09','M',0,1,'2022-05-10 00:30:01',NULL,NULL,NULL,NULL,'3512','','','',5,NULL,NULL,0,0,NULL,0,1,'0000-00-00 00:00:00',0,0,NULL,NULL,'','',0,0,NULL,0,NULL,'0000-00-00 00:00:00'),(469,466,0,'Adrain','D\'Amore','2008-04-06','M',0,1,'2022-05-10 00:30:01',NULL,NULL,NULL,NULL,'3512','','','',5,NULL,NULL,0,0,NULL,0,1,'0000-00-00 00:00:00',0,0,NULL,NULL,'','',0,0,NULL,0,NULL,'0000-00-00 00:00:00'),(470,466,0,'Austyn','D\'Amore','2011-12-20','M',0,1,'2022-05-10 00:30:01',NULL,NULL,NULL,NULL,'3512','','','',5,NULL,NULL,0,0,NULL,0,1,'0000-00-00 00:00:00',0,0,NULL,NULL,'','',0,0,NULL,0,NULL,'0000-00-00 00:00:00'),(471,NULL,0,'Julius','Purdy','1995-10-26','M',0,1,'2022-05-10 00:30:01',NULL,NULL,NULL,NULL,'7543','','','',5,NULL,NULL,0,0,NULL,0,1,'0000-00-00 00:00:00',0,0,NULL,NULL,'','',0,0,NULL,0,NULL,'0000-00-00 00:00:00'),(472,NULL,0,'Bernita','Ritchie','1958-04-28','F',0,1,'2022-05-10 00:30:01',NULL,NULL,NULL,NULL,'1527','','','',5,NULL,NULL,0,0,NULL,0,1,'0000-00-00 00:00:00',0,0,NULL,NULL,'','',0,0,NULL,0,NULL,'0000-00-00 00:00:00'),(473,472,0,'Royce','Ritchie','2022-07-31','M',0,1,'2022-05-10 00:30:01',NULL,NULL,NULL,NULL,'1527','','','',5,NULL,NULL,0,0,NULL,0,1,'0000-00-00 00:00:00',0,0,NULL,NULL,'','',0,0,NULL,0,NULL,'0000-00-00 00:00:00'),(474,472,0,'Thaddeus','Ritchie','2018-02-23','M',0,1,'2022-05-10 00:30:01',NULL,NULL,NULL,NULL,'1527','','','',5,NULL,NULL,0,0,NULL,0,1,'0000-00-00 00:00:00',0,0,NULL,NULL,'','',0,0,NULL,0,NULL,'0000-00-00 00:00:00'),(475,NULL,0,'Malvina','Rogahn','1967-07-02','F',0,1,'2022-05-10 00:30:01',NULL,NULL,NULL,NULL,'7100','','','',5,NULL,NULL,0,0,NULL,0,1,'0000-00-00 00:00:00',0,0,NULL,NULL,'','',0,0,NULL,0,NULL,'0000-00-00 00:00:00'),(476,475,0,'Ross','Rogahn','2020-05-11','M',0,1,'2022-05-10 00:30:01',NULL,NULL,NULL,NULL,'7100','','','',5,NULL,NULL,0,0,NULL,0,1,'0000-00-00 00:00:00',0,0,NULL,NULL,'','',0,0,NULL,0,NULL,'0000-00-00 00:00:00'),(477,475,0,'Lempi','Rogahn','2018-02-01','F',0,1,'2022-05-10 00:30:01',NULL,NULL,NULL,NULL,'7100','','','',5,NULL,NULL,0,0,NULL,0,1,'0000-00-00 00:00:00',0,0,NULL,NULL,'','',0,0,NULL,0,NULL,'0000-00-00 00:00:00'),(478,NULL,0,'Lora','Ward','1956-09-13','F',0,1,'2022-05-10 00:30:01',NULL,NULL,NULL,NULL,'8000','','','',5,NULL,NULL,0,0,NULL,0,1,'0000-00-00 00:00:00',0,0,NULL,NULL,'','',0,0,NULL,0,NULL,'0000-00-00 00:00:00'),(479,478,0,'Rashawn','Ward','2010-04-22','M',0,1,'2022-05-10 00:30:01',NULL,NULL,NULL,NULL,'8000','','','',5,NULL,NULL,0,0,NULL,0,1,'0000-00-00 00:00:00',0,0,NULL,NULL,'','',0,0,NULL,0,NULL,'0000-00-00 00:00:00'),(480,478,0,'Hank','Ward','2009-11-20','M',0,1,'2022-05-10 00:30:01',NULL,NULL,NULL,NULL,'8000','','','',5,NULL,NULL,0,0,NULL,0,1,'0000-00-00 00:00:00',0,0,NULL,NULL,'','',0,0,NULL,0,NULL,'0000-00-00 00:00:00'),(481,478,0,'Elinor','Ward','2010-08-20','F',0,1,'2022-05-10 00:30:01',NULL,NULL,NULL,NULL,'8000','','','',5,NULL,NULL,0,0,NULL,0,1,'0000-00-00 00:00:00',0,0,NULL,NULL,'','',0,0,NULL,0,NULL,'0000-00-00 00:00:00'),(482,NULL,0,'Dillon','Rutherford','2005-07-30','M',0,1,'2022-05-10 00:30:01',NULL,NULL,NULL,NULL,'8612','','','',5,NULL,NULL,0,0,NULL,0,1,'0000-00-00 00:00:00',0,0,NULL,NULL,'','',0,0,NULL,0,NULL,'0000-00-00 00:00:00'),(483,NULL,0,'Price','Borer','1971-11-06','M',0,1,'2022-05-10 00:30:01',NULL,NULL,NULL,NULL,'4786','','','',5,NULL,NULL,0,0,NULL,0,1,'0000-00-00 00:00:00',0,0,NULL,NULL,'','',0,0,NULL,0,NULL,'0000-00-00 00:00:00'),(484,483,0,'Nasir','Borer','2019-08-14','M',0,1,'2022-05-10 00:30:01',NULL,NULL,NULL,NULL,'4786','','','',5,NULL,NULL,0,0,NULL,0,1,'0000-00-00 00:00:00',0,0,NULL,NULL,'','',0,0,NULL,0,NULL,'0000-00-00 00:00:00'),(485,NULL,0,'Rubie','Cormier','1974-05-14','F',0,1,'2022-05-10 00:30:01',NULL,NULL,NULL,NULL,'3406','','','',5,NULL,NULL,0,0,NULL,0,1,'0000-00-00 00:00:00',0,0,NULL,NULL,'','',0,0,NULL,0,NULL,'0000-00-00 00:00:00'),(486,NULL,0,'Presley','Huels','1983-07-07','M',0,1,'2022-05-10 00:30:01',NULL,NULL,NULL,NULL,'4554','','','',5,NULL,NULL,0,0,NULL,0,1,'0000-00-00 00:00:00',0,0,NULL,NULL,'','',0,0,NULL,0,NULL,'0000-00-00 00:00:00'),(487,486,0,'Annabell','Huels','2011-10-21','F',0,1,'2022-05-10 00:30:01',NULL,NULL,NULL,NULL,'4554','','','',5,NULL,NULL,0,0,NULL,0,1,'0000-00-00 00:00:00',0,0,NULL,NULL,'','',0,0,NULL,0,NULL,'0000-00-00 00:00:00'),(488,486,0,'Ryley','Huels','2009-10-03','M',0,1,'2022-05-10 00:30:01',NULL,NULL,NULL,NULL,'4554','','','',5,NULL,NULL,0,0,NULL,0,1,'0000-00-00 00:00:00',0,0,NULL,NULL,'','',0,0,NULL,0,NULL,'0000-00-00 00:00:00'),(489,NULL,0,'Elvie','Konopelski','1974-03-28','F',0,1,'2022-05-10 00:30:01',NULL,NULL,NULL,NULL,'3695','','','',5,NULL,NULL,0,0,NULL,0,1,'0000-00-00 00:00:00',0,0,NULL,NULL,'','',0,0,NULL,0,NULL,'0000-00-00 00:00:00'),(490,489,0,'Conrad','Konopelski','2010-04-02','M',0,1,'2022-05-10 00:30:01',NULL,NULL,NULL,NULL,'3695','','','',5,NULL,NULL,0,0,NULL,0,1,'0000-00-00 00:00:00',0,0,NULL,NULL,'','',0,0,NULL,0,NULL,'0000-00-00 00:00:00'),(491,489,0,'Cleve','Konopelski','2013-07-11','M',0,1,'2022-05-10 00:30:01',NULL,NULL,NULL,NULL,'3695','','','',5,NULL,NULL,0,0,NULL,0,1,'0000-00-00 00:00:00',0,0,NULL,NULL,'','',0,0,NULL,0,NULL,'0000-00-00 00:00:00'),(492,NULL,0,'Dean','Stoltenberg','1966-07-07','M',0,1,'2022-05-10 00:30:01',NULL,NULL,NULL,NULL,'3107','','','',5,NULL,NULL,0,0,NULL,0,1,'0000-00-00 00:00:00',0,0,NULL,NULL,'','',0,0,NULL,0,NULL,'0000-00-00 00:00:00'),(493,492,0,'Cristopher','Stoltenberg','2010-06-02','M',0,1,'2022-05-10 00:30:01',NULL,NULL,NULL,NULL,'3107','','','',5,NULL,NULL,0,0,NULL,0,1,'0000-00-00 00:00:00',0,0,NULL,NULL,'','',0,0,NULL,0,NULL,'0000-00-00 00:00:00'),(494,NULL,0,'Rudy','Ruecker','1992-04-19','M',0,1,'2022-05-10 00:30:01',NULL,NULL,NULL,NULL,'7372','','','',5,NULL,NULL,0,0,NULL,0,1,'0000-00-00 00:00:00',0,0,NULL,NULL,'','',0,0,NULL,0,NULL,'0000-00-00 00:00:00'),(495,494,0,'Joshua','Ruecker','2013-04-28','M',0,1,'2022-05-10 00:30:01',NULL,NULL,NULL,NULL,'7372','','','',5,NULL,NULL,0,0,NULL,0,1,'0000-00-00 00:00:00',0,0,NULL,NULL,'','',0,0,NULL,0,NULL,'0000-00-00 00:00:00'),(496,494,0,'Deborah','Ruecker','2018-05-16','F',0,1,'2022-05-10 00:30:01',NULL,NULL,NULL,NULL,'7372','','','',5,NULL,NULL,0,0,NULL,0,1,'0000-00-00 00:00:00',0,0,NULL,NULL,'','',0,0,NULL,0,NULL,'0000-00-00 00:00:00'),(497,NULL,0,'Max','Smitham','1944-10-29','M',0,1,'2022-05-10 00:30:01',NULL,NULL,NULL,NULL,'1697','','','',5,NULL,NULL,0,0,NULL,0,1,'0000-00-00 00:00:00',0,0,NULL,NULL,'','',0,0,NULL,0,NULL,'0000-00-00 00:00:00'),(498,NULL,0,'Donald','Kirlin','1965-12-26','M',0,1,'2022-05-10 00:30:01',NULL,NULL,NULL,NULL,'4244','','','',5,NULL,NULL,0,0,NULL,0,1,'0000-00-00 00:00:00',0,0,NULL,NULL,'','',0,0,NULL,0,NULL,'0000-00-00 00:00:00'),(499,NULL,0,'Willie','Swaniawski','1981-03-28','F',0,1,'2022-05-10 00:30:01',NULL,NULL,NULL,NULL,'6549','','','',5,NULL,NULL,0,0,NULL,0,1,'0000-00-00 00:00:00',0,0,NULL,NULL,'','',0,0,NULL,0,NULL,'0000-00-00 00:00:00'),(500,NULL,0,'Kadin','Walsh','1965-12-16','M',0,1,'2022-05-10 00:30:01',NULL,NULL,NULL,NULL,'2605','','','',5,NULL,NULL,0,0,NULL,0,1,'0000-00-00 00:00:00',0,0,NULL,NULL,'','',0,0,NULL,0,NULL,'0000-00-00 00:00:00'),(501,NULL,0,'Adrian','Swift','1995-04-23','M',0,1,'2022-05-10 00:30:01',NULL,NULL,NULL,NULL,'2318','','','',5,NULL,NULL,0,0,NULL,0,1,'0000-00-00 00:00:00',0,0,NULL,NULL,'','',0,0,NULL,0,NULL,'0000-00-00 00:00:00'),(502,501,0,'Leta','Swift','2009-01-02','F',0,1,'2022-05-10 00:30:01',NULL,NULL,NULL,NULL,'2318','','','',5,NULL,NULL,0,0,NULL,0,1,'0000-00-00 00:00:00',0,0,NULL,NULL,'','',0,0,NULL,0,NULL,'0000-00-00 00:00:00'),(503,NULL,0,'Dorris','Conroy','1968-02-08','F',0,1,'2022-05-10 00:30:01',NULL,NULL,NULL,NULL,'5869','','','',5,NULL,NULL,0,0,NULL,0,1,'0000-00-00 00:00:00',0,0,NULL,NULL,'','',0,0,NULL,0,NULL,'0000-00-00 00:00:00'),(504,503,0,'Triston','Conroy','2012-03-28','M',0,1,'2022-05-10 00:30:01',NULL,NULL,NULL,NULL,'5869','','','',5,NULL,NULL,0,0,NULL,0,1,'0000-00-00 00:00:00',0,0,NULL,NULL,'','',0,0,NULL,0,NULL,'0000-00-00 00:00:00'),(505,NULL,0,'Eugenia','Runte','2000-12-13','F',0,1,'2022-05-10 00:30:01',NULL,NULL,NULL,NULL,'8097','','','',5,NULL,NULL,0,0,NULL,0,1,'0000-00-00 00:00:00',0,0,NULL,NULL,'','',0,0,NULL,0,NULL,'0000-00-00 00:00:00'),(506,505,0,'Luther','Runte','2020-05-29','M',0,1,'2022-05-10 00:30:01',NULL,NULL,NULL,NULL,'8097','','','',5,NULL,NULL,0,0,NULL,0,1,'0000-00-00 00:00:00',0,0,NULL,NULL,'','',0,0,NULL,0,NULL,'0000-00-00 00:00:00'),(507,505,0,'Lucio','Runte','2012-05-21','M',0,1,'2022-05-10 00:30:01',NULL,NULL,NULL,NULL,'8097','','','',5,NULL,NULL,0,0,NULL,0,1,'0000-00-00 00:00:00',0,0,NULL,NULL,'','',0,0,NULL,0,NULL,'0000-00-00 00:00:00'),(508,NULL,0,'Dean','Stamm','1990-07-06','M',0,1,'2022-05-10 00:30:01',NULL,NULL,NULL,NULL,'8628','','','',5,NULL,NULL,0,0,NULL,0,1,'0000-00-00 00:00:00',0,0,NULL,NULL,'','',0,0,NULL,0,NULL,'0000-00-00 00:00:00'),(509,NULL,0,'Jeffery','Thompson','1970-05-18','M',0,1,'2022-05-10 00:30:01',NULL,NULL,NULL,NULL,'2060','','','',5,NULL,NULL,0,0,NULL,0,1,'0000-00-00 00:00:00',0,0,NULL,NULL,'','',0,0,NULL,0,NULL,'0000-00-00 00:00:00'),(510,NULL,0,'Barton','Hammes','2007-05-26','M',0,1,'2022-05-10 00:30:01',NULL,NULL,NULL,NULL,'2521','','','',5,NULL,NULL,0,0,NULL,0,1,'0000-00-00 00:00:00',0,0,NULL,NULL,'','',0,0,NULL,0,NULL,'0000-00-00 00:00:00'),(511,510,0,'Lacy','Hammes','2021-06-28','F',0,1,'2022-05-10 00:30:01',NULL,NULL,NULL,NULL,'2521','','','',5,NULL,NULL,0,0,NULL,0,1,'0000-00-00 00:00:00',0,0,NULL,NULL,'','',0,0,NULL,0,NULL,'0000-00-00 00:00:00'),(512,NULL,0,'Alden','Lakin','1983-12-12','M',0,1,'2022-05-10 00:30:01',NULL,NULL,NULL,NULL,'4251','','','',5,NULL,NULL,0,0,NULL,0,1,'0000-00-00 00:00:00',0,0,NULL,NULL,'','',0,0,NULL,0,NULL,'0000-00-00 00:00:00'),(513,NULL,0,'Selmer','Wintheiser','1950-03-04','M',0,1,'2022-05-10 00:30:01',NULL,NULL,NULL,NULL,'8736','','','',5,NULL,NULL,0,0,NULL,0,1,'0000-00-00 00:00:00',0,0,NULL,NULL,'','',0,0,NULL,0,NULL,'0000-00-00 00:00:00'),(514,513,0,'Yoshiko','Wintheiser','2022-10-11','F',0,1,'2022-05-10 00:30:01',NULL,NULL,NULL,NULL,'8736','','','',5,NULL,NULL,0,0,NULL,0,1,'0000-00-00 00:00:00',0,0,NULL,NULL,'','',0,0,NULL,0,NULL,'0000-00-00 00:00:00'),(515,513,0,'Marvin','Wintheiser','2019-01-19','M',0,1,'2022-05-10 00:30:01',NULL,NULL,NULL,NULL,'8736','','','',5,NULL,NULL,0,0,NULL,0,1,'0000-00-00 00:00:00',0,0,NULL,NULL,'','',0,0,NULL,0,NULL,'0000-00-00 00:00:00'),(516,NULL,0,'Leda','Tremblay','1961-12-31','F',0,1,'2022-05-10 00:30:01',NULL,NULL,NULL,NULL,'6712','','','',5,NULL,NULL,0,0,NULL,0,1,'0000-00-00 00:00:00',0,0,NULL,NULL,'','',0,0,NULL,0,NULL,'0000-00-00 00:00:00'),(517,516,0,'Elliot','Tremblay','2022-09-15','M',0,1,'2022-05-10 00:30:01',NULL,NULL,NULL,NULL,'6712','','','',5,NULL,NULL,0,0,NULL,0,1,'0000-00-00 00:00:00',0,0,NULL,NULL,'','',0,0,NULL,0,NULL,'0000-00-00 00:00:00'),(518,NULL,0,'Gardner','Bosco','2003-10-15','M',0,1,'2022-05-10 00:30:01',NULL,NULL,NULL,NULL,'8574','','','',5,NULL,NULL,0,0,NULL,0,1,'0000-00-00 00:00:00',0,0,NULL,NULL,'','',0,0,NULL,0,NULL,'0000-00-00 00:00:00'),(519,518,0,'Gina','Bosco','2018-03-26','F',0,1,'2022-05-10 00:30:01',NULL,NULL,NULL,NULL,'8574','','','',5,NULL,NULL,0,0,NULL,0,1,'0000-00-00 00:00:00',0,0,NULL,NULL,'','',0,0,NULL,0,NULL,'0000-00-00 00:00:00'),(520,NULL,0,'Newell','Schmitt','1988-01-13','M',0,1,'2022-05-10 00:30:01',NULL,NULL,NULL,NULL,'1555','','','',5,NULL,NULL,0,0,NULL,0,1,'0000-00-00 00:00:00',0,0,NULL,NULL,'','',0,0,NULL,0,NULL,'0000-00-00 00:00:00'),(521,NULL,0,'Gillian','Mraz','1997-10-09','M',0,1,'2022-05-10 00:30:01',NULL,NULL,NULL,NULL,'1689','','','',5,NULL,NULL,0,0,NULL,0,1,'0000-00-00 00:00:00',0,0,NULL,NULL,'','',0,0,NULL,0,NULL,'0000-00-00 00:00:00'),(522,521,0,'Mabelle','Mraz','2010-11-15','F',0,1,'2022-05-10 00:30:01',NULL,NULL,NULL,NULL,'1689','','','',5,NULL,NULL,0,0,NULL,0,1,'0000-00-00 00:00:00',0,0,NULL,NULL,'','',0,0,NULL,0,NULL,'0000-00-00 00:00:00'),(523,NULL,0,'Helga','Brekke','1995-05-11','F',0,1,'2022-05-10 00:30:01',NULL,NULL,NULL,NULL,'1967','','','',5,NULL,NULL,0,0,NULL,0,1,'0000-00-00 00:00:00',0,0,NULL,NULL,'','',0,0,NULL,0,NULL,'0000-00-00 00:00:00'),(524,NULL,0,'Telly','Lemke','1990-12-22','F',0,1,'2022-05-10 00:30:01',NULL,NULL,NULL,NULL,'8756','','','',5,NULL,NULL,0,0,NULL,0,1,'0000-00-00 00:00:00',0,0,NULL,NULL,'','',0,0,NULL,0,NULL,'0000-00-00 00:00:00'),(525,NULL,0,'Oleta','Koch','1999-10-27','F',0,1,'2022-05-10 00:30:01',NULL,NULL,NULL,NULL,'6980','','','',5,NULL,NULL,0,0,NULL,0,1,'0000-00-00 00:00:00',0,0,NULL,NULL,'','',0,0,NULL,0,NULL,'0000-00-00 00:00:00'),(526,NULL,0,'Veda','Block','1987-08-20','F',0,1,'2022-05-10 00:30:01',NULL,NULL,NULL,NULL,'3603','','','',5,NULL,NULL,0,0,NULL,0,1,'0000-00-00 00:00:00',0,0,NULL,NULL,'','',0,0,NULL,0,NULL,'0000-00-00 00:00:00'),(527,526,0,'Kenya','Block','2009-01-08','F',0,1,'2022-05-10 00:30:01',NULL,NULL,NULL,NULL,'3603','','','',5,NULL,NULL,0,0,NULL,0,1,'0000-00-00 00:00:00',0,0,NULL,NULL,'','',0,0,NULL,0,NULL,'0000-00-00 00:00:00'),(528,526,0,'Olaf','Block','2018-07-22','M',0,1,'2022-05-10 00:30:01',NULL,NULL,NULL,NULL,'3603','','','',5,NULL,NULL,0,0,NULL,0,1,'0000-00-00 00:00:00',0,0,NULL,NULL,'','',0,0,NULL,0,NULL,'0000-00-00 00:00:00'),(529,NULL,0,'Rosanna','Grant','1946-06-28','F',0,1,'2022-05-10 00:30:01',NULL,NULL,NULL,NULL,'9256','','','',5,NULL,NULL,0,0,NULL,0,1,'0000-00-00 00:00:00',0,0,NULL,NULL,'','',0,0,NULL,0,NULL,'0000-00-00 00:00:00'),(530,529,0,'Orie','Grant','2018-01-18','F',0,1,'2022-05-10 00:30:01',NULL,NULL,NULL,NULL,'9256','','','',5,NULL,NULL,0,0,NULL,0,1,'0000-00-00 00:00:00',0,0,NULL,NULL,'','',0,0,NULL,0,NULL,'0000-00-00 00:00:00'),(531,529,0,'Francesca','Grant','2020-08-06','F',0,1,'2022-05-10 00:30:01',NULL,NULL,NULL,NULL,'9256','','','',5,NULL,NULL,0,0,NULL,0,1,'0000-00-00 00:00:00',0,0,NULL,NULL,'','',0,0,NULL,0,NULL,'0000-00-00 00:00:00'),(532,529,0,'Pedro','Grant','2020-12-04','M',0,1,'2022-05-10 00:30:01',NULL,NULL,NULL,NULL,'9256','','','',5,NULL,NULL,0,0,NULL,0,1,'0000-00-00 00:00:00',0,0,NULL,NULL,'','',0,0,NULL,0,NULL,'0000-00-00 00:00:00'),(533,529,0,'Margot','Grant','2013-09-09','F',0,1,'2022-05-10 00:30:01',NULL,NULL,NULL,NULL,'9256','','','',5,NULL,NULL,0,0,NULL,0,1,'0000-00-00 00:00:00',0,0,NULL,NULL,'','',0,0,NULL,0,NULL,'0000-00-00 00:00:00'),(534,529,0,'Leonor','Grant','2019-12-14','F',0,1,'2022-05-10 00:30:01',NULL,NULL,NULL,NULL,'9256','','','',5,NULL,NULL,0,0,NULL,0,1,'0000-00-00 00:00:00',0,0,NULL,NULL,'','',0,0,NULL,0,NULL,'0000-00-00 00:00:00'),(535,529,0,'Isabell','Grant','2010-11-28','F',0,1,'2022-05-10 00:30:01',NULL,NULL,NULL,NULL,'9256','','','',5,NULL,NULL,0,0,NULL,0,1,'0000-00-00 00:00:00',0,0,NULL,NULL,'','',0,0,NULL,0,NULL,'0000-00-00 00:00:00'),(536,529,0,'Kasandra','Grant','2012-11-06','F',0,1,'2022-05-10 00:30:01',NULL,NULL,NULL,NULL,'9256','','','',5,NULL,NULL,0,0,NULL,0,1,'0000-00-00 00:00:00',0,0,NULL,NULL,'','',0,0,NULL,0,NULL,'0000-00-00 00:00:00'),(537,NULL,0,'Sallie','Nikolaus','1982-01-22','F',0,1,'2022-05-10 00:30:01',NULL,NULL,NULL,NULL,'7292','','','',5,NULL,NULL,0,0,NULL,0,1,'0000-00-00 00:00:00',0,0,NULL,NULL,'','',0,0,NULL,0,NULL,'0000-00-00 00:00:00'),(538,NULL,0,'Coralie','Breitenberg','1967-12-13','F',0,1,'2022-05-10 00:30:01',NULL,NULL,NULL,NULL,'8841','','','',5,NULL,NULL,0,0,NULL,0,1,'0000-00-00 00:00:00',0,0,NULL,NULL,'','',0,0,NULL,0,NULL,'0000-00-00 00:00:00'),(539,NULL,0,'Jerad','Nienow','1973-03-30','M',0,1,'2022-05-10 00:30:01',NULL,NULL,NULL,NULL,'4245','','','',5,NULL,NULL,0,0,NULL,0,1,'0000-00-00 00:00:00',0,0,NULL,NULL,'','',0,0,NULL,0,NULL,'0000-00-00 00:00:00'),(540,539,0,'Ericka','Nienow','2016-12-28','F',0,1,'2022-05-10 00:30:01',NULL,NULL,NULL,NULL,'4245','','','',5,NULL,NULL,0,0,NULL,0,1,'0000-00-00 00:00:00',0,0,NULL,NULL,'','',0,0,NULL,0,NULL,'0000-00-00 00:00:00'),(541,539,0,'Jackie','Nienow','2012-05-21','F',0,1,'2022-05-10 00:30:01',NULL,NULL,NULL,NULL,'4245','','','',5,NULL,NULL,0,0,NULL,0,1,'0000-00-00 00:00:00',0,0,NULL,NULL,'','',0,0,NULL,0,NULL,'0000-00-00 00:00:00'),(542,NULL,0,'Stanford','Huels','1946-11-07','M',0,1,'2022-05-10 00:30:01',NULL,NULL,NULL,NULL,'4513','','','',5,NULL,NULL,0,0,NULL,0,1,'0000-00-00 00:00:00',0,0,NULL,NULL,'','',0,0,NULL,0,NULL,'0000-00-00 00:00:00'),(543,NULL,0,'Jazmyn','Graham','1973-03-16','F',0,1,'2022-05-10 00:30:01',NULL,NULL,NULL,NULL,'8642','','','',5,NULL,NULL,0,0,NULL,0,1,'0000-00-00 00:00:00',0,0,NULL,NULL,'','',0,0,NULL,0,NULL,'0000-00-00 00:00:00'),(544,NULL,0,'Octavia','Fritsch','1970-02-02','F',0,1,'2022-05-10 00:30:01',NULL,NULL,NULL,NULL,'5726','','','',5,NULL,NULL,0,0,NULL,0,1,'0000-00-00 00:00:00',0,0,NULL,NULL,'','',0,0,NULL,0,NULL,'0000-00-00 00:00:00'),(545,544,0,'Sarai','Fritsch','2010-06-18','F',0,1,'2022-05-10 00:30:01',NULL,NULL,NULL,NULL,'5726','','','',5,NULL,NULL,0,0,NULL,0,1,'0000-00-00 00:00:00',0,0,NULL,NULL,'','',0,0,NULL,0,NULL,'0000-00-00 00:00:00'),(546,NULL,0,'Freida','Swift','2000-09-28','F',0,1,'2022-05-10 00:30:01',NULL,NULL,NULL,NULL,'9466','','','',5,NULL,NULL,0,0,NULL,0,1,'0000-00-00 00:00:00',0,0,NULL,NULL,'','',0,0,NULL,0,NULL,'0000-00-00 00:00:00'),(547,546,0,'Hailey','Swift','2009-10-09','M',0,1,'2022-05-10 00:30:01',NULL,NULL,NULL,NULL,'9466','','','',5,NULL,NULL,0,0,NULL,0,1,'0000-00-00 00:00:00',0,0,NULL,NULL,'','',0,0,NULL,0,NULL,'0000-00-00 00:00:00'),(548,NULL,0,'Cleo','Kreiger','1949-12-03','M',0,1,'2022-05-10 00:30:01',NULL,NULL,NULL,NULL,'1464','','','',5,NULL,NULL,0,0,NULL,0,1,'0000-00-00 00:00:00',0,0,NULL,NULL,'','',0,0,NULL,0,NULL,'0000-00-00 00:00:00'),(549,548,0,'Hubert','Kreiger','2012-10-11','M',0,1,'2022-05-10 00:30:01',NULL,NULL,NULL,NULL,'1464','','','',5,NULL,NULL,0,0,NULL,0,1,'0000-00-00 00:00:00',0,0,NULL,NULL,'','',0,0,NULL,0,NULL,'0000-00-00 00:00:00'),(550,548,0,'Horacio','Kreiger','2020-09-23','M',0,1,'2022-05-10 00:30:01',NULL,NULL,NULL,NULL,'1464','','','',5,NULL,NULL,0,0,NULL,0,1,'0000-00-00 00:00:00',0,0,NULL,NULL,'','',0,0,NULL,0,NULL,'0000-00-00 00:00:00'),(551,548,0,'Eldred','Kreiger','2015-07-03','M',0,1,'2022-05-10 00:30:01',NULL,NULL,NULL,NULL,'1464','','','',5,NULL,NULL,0,0,NULL,0,1,'0000-00-00 00:00:00',0,0,NULL,NULL,'','',0,0,NULL,0,NULL,'0000-00-00 00:00:00'),(552,548,0,'Lexi','Kreiger','2018-12-30','F',0,1,'2022-05-10 00:30:01',NULL,NULL,NULL,NULL,'1464','','','',5,NULL,NULL,0,0,NULL,0,1,'0000-00-00 00:00:00',0,0,NULL,NULL,'','',0,0,NULL,0,NULL,'0000-00-00 00:00:00'),(553,NULL,0,'Lucio','Heller','1968-08-03','M',0,1,'2022-05-10 00:30:01',NULL,NULL,NULL,NULL,'8161','','','',5,NULL,NULL,0,0,NULL,0,1,'2022-03-15 01:34:14',0,0,NULL,NULL,'','',0,0,NULL,0,NULL,'0000-00-00 00:00:00'),(554,553,0,'Meggie','Heller','2012-04-23','F',0,1,'2022-05-10 00:30:01',NULL,NULL,NULL,NULL,'8161','','','',5,NULL,NULL,0,0,NULL,0,1,'2022-03-15 01:34:14',0,0,NULL,NULL,'','',0,0,NULL,0,NULL,'0000-00-00 00:00:00'),(555,NULL,0,'Austin','Herzog','1944-02-22','M',0,1,'2022-05-10 00:30:01',NULL,NULL,NULL,NULL,'3793','','','',5,NULL,NULL,0,0,NULL,0,1,'0000-00-00 00:00:00',0,0,NULL,NULL,'','',0,0,NULL,0,NULL,'0000-00-00 00:00:00'),(556,NULL,0,'Calista','Frami','1957-02-12','F',0,1,'2022-05-10 00:30:01',NULL,NULL,NULL,NULL,'4066','','','',5,NULL,NULL,0,0,NULL,0,1,'0000-00-00 00:00:00',0,0,NULL,NULL,'','',0,0,NULL,0,NULL,'0000-00-00 00:00:00'),(557,556,0,'Louie','Frami','2015-08-15','M',0,1,'2022-05-10 00:30:01',NULL,NULL,NULL,NULL,'4066','','','',5,NULL,NULL,0,0,NULL,0,1,'0000-00-00 00:00:00',0,0,NULL,NULL,'','',0,0,NULL,0,NULL,'0000-00-00 00:00:00'),(558,556,0,'Eusebio','Frami','2008-09-09','M',0,1,'2022-05-10 00:30:01',NULL,NULL,NULL,NULL,'4066','','','',5,NULL,NULL,0,0,NULL,0,1,'0000-00-00 00:00:00',0,0,NULL,NULL,'','',0,0,NULL,0,NULL,'0000-00-00 00:00:00'),(559,NULL,0,'Gerson','Little','1993-08-22','M',0,1,'2022-05-10 00:30:01',NULL,NULL,NULL,NULL,'8593','','','',5,NULL,NULL,0,0,NULL,0,1,'0000-00-00 00:00:00',0,0,NULL,NULL,'','',0,0,NULL,0,NULL,'0000-00-00 00:00:00'),(560,559,0,'Priscilla','Little','2015-03-30','F',0,1,'2022-05-10 00:30:01',NULL,NULL,NULL,NULL,'8593','','','',5,NULL,NULL,0,0,NULL,0,1,'0000-00-00 00:00:00',0,0,NULL,NULL,'','',0,0,NULL,0,NULL,'0000-00-00 00:00:00'),(561,559,0,'Nelda','Little','2017-10-04','F',0,1,'2022-05-10 00:30:01',NULL,NULL,NULL,NULL,'8593','','','',5,NULL,NULL,0,0,NULL,0,1,'0000-00-00 00:00:00',0,0,NULL,NULL,'','',0,0,NULL,0,NULL,'0000-00-00 00:00:00'),(562,NULL,0,'Danika','Ruecker','2007-04-02','F',0,1,'2022-05-10 00:30:01',NULL,NULL,NULL,NULL,'8830','','','',5,NULL,NULL,0,0,NULL,0,1,'0000-00-00 00:00:00',0,0,NULL,NULL,'','',0,0,NULL,0,NULL,'0000-00-00 00:00:00'),(563,NULL,0,'Clarabelle','Hermann','1962-12-07','F',0,1,'2022-05-10 00:30:01',NULL,NULL,NULL,NULL,'7751','','','',5,NULL,NULL,0,0,NULL,0,1,'0000-00-00 00:00:00',0,0,NULL,NULL,'','',0,0,NULL,0,NULL,'0000-00-00 00:00:00'),(564,NULL,0,'Holden','Williamson','1943-08-27','M',0,1,'2022-05-10 00:30:01',NULL,NULL,NULL,NULL,'3466','','','',5,NULL,NULL,0,0,NULL,0,1,'0000-00-00 00:00:00',0,0,NULL,NULL,'','',0,0,NULL,0,NULL,'0000-00-00 00:00:00'),(565,564,0,'Wilber','Williamson','2016-03-11','M',0,1,'2022-05-10 00:30:01',NULL,NULL,NULL,NULL,'3466','','','',5,NULL,NULL,0,0,NULL,0,1,'0000-00-00 00:00:00',0,0,NULL,NULL,'','',0,0,NULL,0,NULL,'0000-00-00 00:00:00'),(566,564,0,'Delaney','Williamson','2015-11-01','M',0,1,'2022-05-10 00:30:01',NULL,NULL,NULL,NULL,'3466','','','',5,NULL,NULL,0,0,NULL,0,1,'0000-00-00 00:00:00',0,0,NULL,NULL,'','',0,0,NULL,0,NULL,'0000-00-00 00:00:00'),(567,564,0,'Stevie','Williamson','2013-05-17','M',0,1,'2022-05-10 00:30:01',NULL,NULL,NULL,NULL,'3466','','','',5,NULL,NULL,0,0,NULL,0,1,'0000-00-00 00:00:00',0,0,NULL,NULL,'','',0,0,NULL,0,NULL,'0000-00-00 00:00:00'),(568,564,0,'Aracely','Williamson','2007-12-31','F',0,1,'2022-05-10 00:30:01',NULL,NULL,NULL,NULL,'3466','','','',5,NULL,NULL,0,0,NULL,0,1,'0000-00-00 00:00:00',0,0,NULL,NULL,'','',0,0,NULL,0,NULL,'0000-00-00 00:00:00'),(569,564,0,'Jedidiah','Williamson','2019-04-25','M',0,1,'2022-05-10 00:30:01',NULL,NULL,NULL,NULL,'3466','','','',5,NULL,NULL,0,0,NULL,0,1,'0000-00-00 00:00:00',0,0,NULL,NULL,'','',0,0,NULL,0,NULL,'0000-00-00 00:00:00'),(570,564,0,'Wilton','Williamson','2022-05-02','M',0,1,'2022-05-10 00:30:01',NULL,NULL,NULL,NULL,'3466','','','',5,NULL,NULL,0,0,NULL,0,1,'0000-00-00 00:00:00',0,0,NULL,NULL,'','',0,0,NULL,0,NULL,'0000-00-00 00:00:00'),(571,564,0,'Mohammad','Williamson','2018-05-29','M',0,1,'2022-05-10 00:30:01',NULL,NULL,NULL,NULL,'3466','','','',5,NULL,NULL,0,0,NULL,0,1,'0000-00-00 00:00:00',0,0,NULL,NULL,'','',0,0,NULL,0,NULL,'0000-00-00 00:00:00'),(572,564,0,'Derek','Williamson','2011-09-26','M',0,1,'2022-05-10 00:30:01',NULL,NULL,NULL,NULL,'3466','','','',5,NULL,NULL,0,0,NULL,0,1,'0000-00-00 00:00:00',0,0,NULL,NULL,'','',0,0,NULL,0,NULL,'0000-00-00 00:00:00'),(573,564,0,'Jacinto','Williamson','2015-11-11','M',0,1,'2022-05-10 00:30:01',NULL,NULL,NULL,NULL,'3466','','','',5,NULL,NULL,0,0,NULL,0,1,'0000-00-00 00:00:00',0,0,NULL,NULL,'','',0,0,NULL,0,NULL,'0000-00-00 00:00:00'),(574,564,0,'Claire','Williamson','2007-11-12','F',0,1,'2022-05-10 00:30:01',NULL,NULL,NULL,NULL,'3466','','','',5,NULL,NULL,0,0,NULL,0,1,'0000-00-00 00:00:00',0,0,NULL,NULL,'','',0,0,NULL,0,NULL,'0000-00-00 00:00:00'),(575,564,0,'Kamron','Williamson','2011-01-29','M',0,1,'2022-05-10 00:30:01',NULL,NULL,NULL,NULL,'3466','','','',5,NULL,NULL,0,0,NULL,0,1,'0000-00-00 00:00:00',0,0,NULL,NULL,'','',0,0,NULL,0,NULL,'0000-00-00 00:00:00'),(576,NULL,0,'Mariah','Hansen','1943-01-07','F',0,1,'2022-05-10 00:30:01',NULL,NULL,NULL,NULL,'5662','','','',5,NULL,NULL,0,0,NULL,0,1,'2022-05-21 04:20:56',0,0,NULL,NULL,'','',0,0,NULL,0,NULL,'0000-00-00 00:00:00'),(577,576,0,'Mohamed','Hansen','2015-03-08','M',0,1,'2022-05-10 00:30:01',NULL,NULL,NULL,NULL,'5662','','','',5,NULL,NULL,0,0,NULL,0,1,'2022-05-21 04:20:56',0,0,NULL,NULL,'','',0,0,NULL,0,NULL,'0000-00-00 00:00:00'),(578,NULL,0,'Bethany','Beatty','1996-08-14','F',0,1,'2022-05-10 00:30:01',NULL,NULL,NULL,NULL,'5722','','','',5,NULL,NULL,0,0,NULL,0,1,'0000-00-00 00:00:00',0,0,NULL,NULL,'','',0,0,NULL,0,NULL,'0000-00-00 00:00:00'),(579,NULL,0,'Laura','Hessel','1996-08-05','F',0,1,'2022-05-10 00:30:01',NULL,NULL,NULL,NULL,'4587','','','',5,NULL,NULL,0,0,NULL,0,1,'0000-00-00 00:00:00',0,0,NULL,NULL,'','',0,0,NULL,0,NULL,'0000-00-00 00:00:00'),(580,579,0,'Abbigail','Hessel','2021-04-18','F',0,1,'2022-05-10 00:30:01',NULL,NULL,NULL,NULL,'4587','','','',5,NULL,NULL,0,0,NULL,0,1,'0000-00-00 00:00:00',0,0,NULL,NULL,'','',0,0,NULL,0,NULL,'0000-00-00 00:00:00'),(581,NULL,0,'Mitchel','Schroeder','1945-12-26','M',0,1,'2022-05-10 00:30:01',NULL,NULL,NULL,NULL,'7069','','','',5,NULL,NULL,0,0,NULL,0,1,'0000-00-00 00:00:00',0,0,NULL,NULL,'','',0,0,NULL,0,NULL,'0000-00-00 00:00:00'),(582,581,0,'Friedrich','Schroeder','2009-09-07','M',0,1,'2022-05-10 00:30:01',NULL,NULL,NULL,NULL,'7069','','','',5,NULL,NULL,0,0,NULL,0,1,'0000-00-00 00:00:00',0,0,NULL,NULL,'','',0,0,NULL,0,NULL,'0000-00-00 00:00:00'),(583,581,0,'Reynold','Schroeder','2016-02-24','M',0,1,'2022-05-10 00:30:01',NULL,NULL,NULL,NULL,'7069','','','',5,NULL,NULL,0,0,NULL,0,1,'0000-00-00 00:00:00',0,0,NULL,NULL,'','',0,0,NULL,0,NULL,'0000-00-00 00:00:00'),(584,581,0,'Rhett','Schroeder','2017-01-17','M',0,1,'2022-05-10 00:30:01',NULL,NULL,NULL,NULL,'7069','','','',5,NULL,NULL,0,0,NULL,0,1,'0000-00-00 00:00:00',0,0,NULL,NULL,'','',0,0,NULL,0,NULL,'0000-00-00 00:00:00'),(585,NULL,0,'Ladarius','Quitzon','1972-01-21','M',0,1,'2022-05-10 00:30:01',NULL,NULL,NULL,NULL,'4741','','','',5,NULL,NULL,0,0,NULL,0,1,'0000-00-00 00:00:00',0,0,NULL,NULL,'','',0,0,NULL,0,NULL,'0000-00-00 00:00:00'),(586,585,0,'Lea','Quitzon','2018-10-24','F',0,1,'2022-05-10 00:30:01',NULL,NULL,NULL,NULL,'4741','','','',5,NULL,NULL,0,0,NULL,0,1,'0000-00-00 00:00:00',0,0,NULL,NULL,'','',0,0,NULL,0,NULL,'0000-00-00 00:00:00'),(587,585,0,'Giovani','Quitzon','2018-04-19','M',0,1,'2022-05-10 00:30:01',NULL,NULL,NULL,NULL,'4741','','','',5,NULL,NULL,0,0,NULL,0,1,'0000-00-00 00:00:00',0,0,NULL,NULL,'','',0,0,NULL,0,NULL,'0000-00-00 00:00:00'),(588,585,0,'Alejandrin','Quitzon','2022-02-01','M',0,1,'2022-05-10 00:30:01',NULL,NULL,NULL,NULL,'4741','','','',5,NULL,NULL,0,0,NULL,0,1,'0000-00-00 00:00:00',0,0,NULL,NULL,'','',0,0,NULL,0,NULL,'0000-00-00 00:00:00'),(589,585,0,'Rowan','Quitzon','2015-02-04','M',0,1,'2022-05-10 00:30:01',NULL,NULL,NULL,NULL,'4741','','','',5,NULL,NULL,0,0,NULL,0,1,'0000-00-00 00:00:00',0,0,NULL,NULL,'','',0,0,NULL,0,NULL,'0000-00-00 00:00:00'),(590,NULL,0,'Dario','Hills','1955-08-21','M',0,1,'2022-05-10 00:30:01',NULL,NULL,NULL,NULL,'3421','','','',5,NULL,NULL,0,0,NULL,0,1,'0000-00-00 00:00:00',0,0,NULL,NULL,'','',0,0,NULL,0,NULL,'0000-00-00 00:00:00'),(591,NULL,0,'Lynn','Funk','1985-06-09','F',0,1,'2022-05-10 00:30:01',NULL,NULL,NULL,NULL,'4221','','','',5,NULL,NULL,0,0,NULL,0,1,'0000-00-00 00:00:00',0,0,NULL,NULL,'','',0,0,NULL,0,NULL,'0000-00-00 00:00:00'),(592,NULL,0,'Rey','Legros','1976-08-10','M',0,1,'2022-05-10 00:30:01',NULL,NULL,NULL,NULL,'8254','','','',5,NULL,NULL,0,0,NULL,0,1,'0000-00-00 00:00:00',0,0,NULL,NULL,'','',0,0,NULL,0,NULL,'0000-00-00 00:00:00'),(593,592,0,'Stephanie','Legros','2012-10-27','F',0,1,'2022-05-10 00:30:01',NULL,NULL,NULL,NULL,'8254','','','',5,NULL,NULL,0,0,NULL,0,1,'0000-00-00 00:00:00',0,0,NULL,NULL,'','',0,0,NULL,0,NULL,'0000-00-00 00:00:00'),(594,NULL,0,'Fernando','Schumm','2005-04-12','M',0,1,'2022-05-10 00:30:01',NULL,NULL,NULL,NULL,'2301','','','',5,NULL,NULL,0,0,NULL,0,1,'0000-00-00 00:00:00',0,0,NULL,NULL,'','',0,0,NULL,0,NULL,'0000-00-00 00:00:00'),(595,594,0,'Tomasa','Schumm','2014-08-12','F',0,1,'2022-05-10 00:30:01',NULL,NULL,NULL,NULL,'2301','','','',5,NULL,NULL,0,0,NULL,0,1,'0000-00-00 00:00:00',0,0,NULL,NULL,'','',0,0,NULL,0,NULL,'0000-00-00 00:00:00'),(596,594,0,'Amelia','Schumm','2012-10-11','F',0,1,'2022-05-10 00:30:01',NULL,NULL,NULL,NULL,'2301','','','',5,NULL,NULL,0,0,NULL,0,1,'0000-00-00 00:00:00',0,0,NULL,NULL,'','',0,0,NULL,0,NULL,'0000-00-00 00:00:00'),(597,594,0,'Daphnee','Schumm','2010-08-10','F',0,1,'2022-05-10 00:30:01',NULL,NULL,NULL,NULL,'2301','','','',5,NULL,NULL,0,0,NULL,0,1,'0000-00-00 00:00:00',0,0,NULL,NULL,'','',0,0,NULL,0,NULL,'0000-00-00 00:00:00'),(598,594,0,'Brenda','Schumm','2021-03-03','F',0,1,'2022-05-10 00:30:01',NULL,NULL,NULL,NULL,'2301','','','',5,NULL,NULL,0,0,NULL,0,1,'0000-00-00 00:00:00',0,0,NULL,NULL,'','',0,0,NULL,0,NULL,'0000-00-00 00:00:00'),(599,594,0,'Rae','Schumm','2012-08-10','F',0,1,'2022-05-10 00:30:01',NULL,NULL,NULL,NULL,'2301','','','',5,NULL,NULL,0,0,NULL,0,1,'0000-00-00 00:00:00',0,0,NULL,NULL,'','',0,0,NULL,0,NULL,'0000-00-00 00:00:00'),(600,594,0,'Kevon','Schumm','2013-12-08','M',0,1,'2022-05-10 00:30:01',NULL,NULL,NULL,NULL,'2301','','','',5,NULL,NULL,0,0,NULL,0,1,'0000-00-00 00:00:00',0,0,NULL,NULL,'','',0,0,NULL,0,NULL,'0000-00-00 00:00:00'),(601,594,0,'Gage','Schumm','2016-05-15','M',0,1,'2022-05-10 00:30:01',NULL,NULL,NULL,NULL,'2301','','','',5,NULL,NULL,0,0,NULL,0,1,'0000-00-00 00:00:00',0,0,NULL,NULL,'','',0,0,NULL,0,NULL,'0000-00-00 00:00:00'),(602,NULL,0,'Claudia','Pfannerstill','1967-01-17','F',0,1,'2022-05-10 00:30:01',NULL,NULL,NULL,NULL,'9265','','','',5,NULL,NULL,0,0,NULL,0,1,'0000-00-00 00:00:00',0,0,NULL,NULL,'','',0,0,NULL,0,NULL,'0000-00-00 00:00:00'),(603,602,0,'Travis','Pfannerstill','2014-02-16','M',0,1,'2022-05-10 00:30:01',NULL,NULL,NULL,NULL,'9265','','','',5,NULL,NULL,0,0,NULL,0,1,'0000-00-00 00:00:00',0,0,NULL,NULL,'','',0,0,NULL,0,NULL,'0000-00-00 00:00:00'),(604,602,0,'Morris','Pfannerstill','2019-07-20','M',0,1,'2022-05-10 00:30:01',NULL,NULL,NULL,NULL,'9265','','','',5,NULL,NULL,0,0,NULL,0,1,'0000-00-00 00:00:00',0,0,NULL,NULL,'','',0,0,NULL,0,NULL,'0000-00-00 00:00:00'),(605,NULL,0,'Hortense','Veum','2006-12-20','F',0,1,'2022-05-10 00:30:01',NULL,NULL,NULL,NULL,'5174','','','',5,NULL,NULL,0,0,NULL,0,1,'0000-00-00 00:00:00',0,0,NULL,NULL,'','',0,0,NULL,0,NULL,'0000-00-00 00:00:00'),(606,NULL,0,'Marilyne','Beier','2000-05-17','F',0,1,'2022-05-10 00:30:01',NULL,NULL,NULL,NULL,'9672','','','',5,NULL,NULL,0,0,NULL,0,1,'0000-00-00 00:00:00',0,0,NULL,NULL,'','',0,0,NULL,0,NULL,'0000-00-00 00:00:00'),(607,NULL,0,'Mathilde','Carter','1983-03-05','F',0,1,'2022-05-10 00:30:01',NULL,NULL,NULL,NULL,'6361','','','',5,NULL,NULL,0,0,NULL,0,1,'0000-00-00 00:00:00',0,0,NULL,NULL,'','',0,0,NULL,0,NULL,'0000-00-00 00:00:00'),(608,NULL,0,'Karine','Ward','1954-01-12','F',0,1,'2022-05-10 00:30:01',NULL,NULL,NULL,NULL,'8041','','','',5,NULL,NULL,0,0,NULL,0,1,'0000-00-00 00:00:00',0,0,NULL,NULL,'','',0,0,NULL,0,NULL,'0000-00-00 00:00:00'),(609,608,0,'Caden','Ward','2010-04-15','M',0,1,'2022-05-10 00:30:01',NULL,NULL,NULL,NULL,'8041','','','',5,NULL,NULL,0,0,NULL,0,1,'0000-00-00 00:00:00',0,0,NULL,NULL,'','',0,0,NULL,0,NULL,'0000-00-00 00:00:00'),(610,NULL,0,'Brendon','Willms','1954-02-21','M',0,1,'2022-05-10 00:30:01',NULL,NULL,NULL,NULL,'5572','','','',5,NULL,NULL,0,0,NULL,0,1,'0000-00-00 00:00:00',0,0,NULL,NULL,'','',0,0,NULL,0,NULL,'0000-00-00 00:00:00'),(611,NULL,0,'Eunice','Predovic','2000-01-03','F',0,1,'2022-05-10 00:30:01',NULL,NULL,NULL,NULL,'3645','','','',5,NULL,NULL,0,0,NULL,0,1,'0000-00-00 00:00:00',0,0,NULL,NULL,'','',0,0,NULL,0,NULL,'0000-00-00 00:00:00'),(612,NULL,0,'Rashawn','Cartwright','1976-07-29','M',0,1,'2022-05-10 00:30:01',NULL,NULL,NULL,NULL,'5718','','','',5,NULL,NULL,0,0,NULL,0,1,'0000-00-00 00:00:00',0,0,NULL,NULL,'','',0,0,NULL,0,NULL,'0000-00-00 00:00:00'),(613,612,0,'Haley','Cartwright','2012-06-03','M',0,1,'2022-05-10 00:30:01',NULL,NULL,NULL,NULL,'5718','','','',5,NULL,NULL,0,0,NULL,0,1,'0000-00-00 00:00:00',0,0,NULL,NULL,'','',0,0,NULL,0,NULL,'0000-00-00 00:00:00'),(614,NULL,0,'Donnie','Herman','1996-04-19','M',0,1,'2022-05-10 00:30:01',NULL,NULL,NULL,NULL,'3786','','','',5,NULL,NULL,0,0,NULL,0,1,'0000-00-00 00:00:00',0,0,NULL,NULL,'','',0,0,NULL,0,NULL,'0000-00-00 00:00:00'),(615,614,0,'Davin','Herman','2012-02-24','M',0,1,'2022-05-10 00:30:01',NULL,NULL,NULL,NULL,'3786','','','',5,NULL,NULL,0,0,NULL,0,1,'0000-00-00 00:00:00',0,0,NULL,NULL,'','',0,0,NULL,0,NULL,'0000-00-00 00:00:00'),(616,614,0,'Thurman','Herman','2008-07-17','M',0,1,'2022-05-10 00:30:01',NULL,NULL,NULL,NULL,'3786','','','',5,NULL,NULL,0,0,NULL,0,1,'0000-00-00 00:00:00',0,0,NULL,NULL,'','',0,0,NULL,0,NULL,'0000-00-00 00:00:00'),(617,614,0,'Everett','Herman','2019-09-19','M',0,1,'2022-05-10 00:30:01',NULL,NULL,NULL,NULL,'3786','','','',5,NULL,NULL,0,0,NULL,0,1,'0000-00-00 00:00:00',0,0,NULL,NULL,'','',0,0,NULL,0,NULL,'0000-00-00 00:00:00'),(618,614,0,'Josh','Herman','2021-03-15','M',0,1,'2022-05-10 00:30:01',NULL,NULL,NULL,NULL,'3786','','','',5,NULL,NULL,0,0,NULL,0,1,'0000-00-00 00:00:00',0,0,NULL,NULL,'','',0,0,NULL,0,NULL,'0000-00-00 00:00:00'),(619,NULL,0,'Name','Heaney','1982-10-13','F',0,1,'2022-05-10 00:30:01',NULL,NULL,NULL,NULL,'5054','','','',5,NULL,NULL,0,0,NULL,0,1,'0000-00-00 00:00:00',0,0,NULL,NULL,'','',0,0,NULL,0,NULL,'0000-00-00 00:00:00'),(620,619,0,'Perry','Heaney','2013-11-22','M',0,1,'2022-05-10 00:30:01',NULL,NULL,NULL,NULL,'5054','','','',5,NULL,NULL,0,0,NULL,0,1,'0000-00-00 00:00:00',0,0,NULL,NULL,'','',0,0,NULL,0,NULL,'0000-00-00 00:00:00'),(621,619,0,'Velda','Heaney','2015-09-25','F',0,1,'2022-05-10 00:30:01',NULL,NULL,NULL,NULL,'5054','','','',5,NULL,NULL,0,0,NULL,0,1,'0000-00-00 00:00:00',0,0,NULL,NULL,'','',0,0,NULL,0,NULL,'0000-00-00 00:00:00'),(622,619,0,'Annabelle','Heaney','2013-07-14','F',0,1,'2022-05-10 00:30:01',NULL,NULL,NULL,NULL,'5054','','','',5,NULL,NULL,0,0,NULL,0,1,'0000-00-00 00:00:00',0,0,NULL,NULL,'','',0,0,NULL,0,NULL,'0000-00-00 00:00:00'),(623,NULL,0,'Rafael','Kunze','1949-03-28','M',0,1,'2022-05-10 00:30:01',NULL,NULL,NULL,NULL,'2325','','','',5,NULL,NULL,0,0,NULL,0,1,'0000-00-00 00:00:00',0,0,NULL,NULL,'','',0,0,NULL,0,NULL,'0000-00-00 00:00:00'),(624,623,0,'Nicholaus','Kunze','2012-08-21','M',0,1,'2022-05-10 00:30:01',NULL,NULL,NULL,NULL,'2325','','','',5,NULL,NULL,0,0,NULL,0,1,'0000-00-00 00:00:00',0,0,NULL,NULL,'','',0,0,NULL,0,NULL,'0000-00-00 00:00:00'),(625,NULL,0,'Michaela','Jones','1992-09-25','F',0,1,'2022-05-10 00:30:01',NULL,NULL,NULL,NULL,'2282','','','',5,NULL,NULL,0,0,NULL,0,1,'0000-00-00 00:00:00',0,0,NULL,NULL,'','',0,0,NULL,0,NULL,'0000-00-00 00:00:00'),(626,NULL,0,'Carli','Streich','1967-05-17','F',0,1,'2022-05-10 00:30:01',NULL,NULL,NULL,NULL,'6453','','','',5,NULL,NULL,0,0,NULL,0,1,'0000-00-00 00:00:00',0,0,NULL,NULL,'','',0,0,NULL,0,NULL,'0000-00-00 00:00:00'),(627,626,0,'Madaline','Streich','2015-12-10','F',0,1,'2022-05-10 00:30:01',NULL,NULL,NULL,NULL,'6453','','','',5,NULL,NULL,0,0,NULL,0,1,'0000-00-00 00:00:00',0,0,NULL,NULL,'','',0,0,NULL,0,NULL,'0000-00-00 00:00:00'),(628,626,0,'Tate','Streich','2013-01-11','M',0,1,'2022-05-10 00:30:01',NULL,NULL,NULL,NULL,'6453','','','',5,NULL,NULL,0,0,NULL,0,1,'0000-00-00 00:00:00',0,0,NULL,NULL,'','',0,0,NULL,0,NULL,'0000-00-00 00:00:00'),(629,626,0,'Linda','Streich','2010-04-29','F',0,1,'2022-05-10 00:30:01',NULL,NULL,NULL,NULL,'6453','','','',5,NULL,NULL,0,0,NULL,0,1,'0000-00-00 00:00:00',0,0,NULL,NULL,'','',0,0,NULL,0,NULL,'0000-00-00 00:00:00'),(630,NULL,0,'Deonte','Kirlin','1950-05-06','M',0,1,'2022-05-10 00:30:01',NULL,NULL,NULL,NULL,'2983','','','',5,NULL,NULL,0,0,NULL,0,1,'0000-00-00 00:00:00',0,0,NULL,NULL,'','',0,0,NULL,0,NULL,'0000-00-00 00:00:00'),(631,630,0,'Minnie','Kirlin','2016-05-07','F',0,1,'2022-05-10 00:30:01',NULL,NULL,NULL,NULL,'2983','','','',5,NULL,NULL,0,0,NULL,0,1,'0000-00-00 00:00:00',0,0,NULL,NULL,'','',0,0,NULL,0,NULL,'0000-00-00 00:00:00'),(632,630,0,'Myrtis','Kirlin','2019-05-23','F',0,1,'2022-05-10 00:30:01',NULL,NULL,NULL,NULL,'2983','','','',5,NULL,NULL,0,0,NULL,0,1,'0000-00-00 00:00:00',0,0,NULL,NULL,'','',0,0,NULL,0,NULL,'0000-00-00 00:00:00'),(633,NULL,0,'Dwight','Stokes','2001-11-27','M',0,1,'2022-05-10 00:30:01',NULL,NULL,NULL,NULL,'1183','','','',5,NULL,NULL,0,0,NULL,0,1,'0000-00-00 00:00:00',0,0,NULL,NULL,'','',0,0,NULL,0,NULL,'0000-00-00 00:00:00'),(634,633,0,'Eleonore','Stokes','2011-10-30','F',0,1,'2022-05-10 00:30:01',NULL,NULL,NULL,NULL,'1183','','','',5,NULL,NULL,0,0,NULL,0,1,'0000-00-00 00:00:00',0,0,NULL,NULL,'','',0,0,NULL,0,NULL,'0000-00-00 00:00:00'),(635,NULL,0,'Alfred','Mills','1996-12-10','M',0,1,'2022-05-10 00:30:01',NULL,NULL,NULL,NULL,'8870','','','',5,NULL,NULL,0,0,NULL,0,1,'0000-00-00 00:00:00',0,0,NULL,NULL,'','',0,0,NULL,0,NULL,'0000-00-00 00:00:00'),(636,635,0,'Rachael','Mills','2021-08-15','F',0,1,'2022-05-10 00:30:01',NULL,NULL,NULL,NULL,'8870','','','',5,NULL,NULL,0,0,NULL,0,1,'0000-00-00 00:00:00',0,0,NULL,NULL,'','',0,0,NULL,0,NULL,'0000-00-00 00:00:00'),(637,635,0,'Marielle','Mills','2022-03-01','F',0,1,'2022-05-10 00:30:01',NULL,NULL,NULL,NULL,'8870','','','',5,NULL,NULL,0,0,NULL,0,1,'0000-00-00 00:00:00',0,0,NULL,NULL,'','',0,0,NULL,0,NULL,'0000-00-00 00:00:00'),(638,NULL,0,'Marilyne','Hettinger','2003-12-20','F',0,1,'2022-05-10 00:30:01',NULL,NULL,NULL,NULL,'6600','','','',5,NULL,NULL,0,0,NULL,0,1,'0000-00-00 00:00:00',0,0,NULL,NULL,'','',0,0,NULL,0,NULL,'0000-00-00 00:00:00'),(639,NULL,0,'Cristina','Brekke','1993-04-18','M',0,1,'2022-05-10 00:30:01',NULL,NULL,NULL,NULL,'7464','','','',5,NULL,NULL,0,0,NULL,0,1,'0000-00-00 00:00:00',0,0,NULL,NULL,'','',0,0,NULL,0,NULL,'0000-00-00 00:00:00'),(640,NULL,0,'Estelle','Grimes','1977-10-26','F',0,1,'2022-05-10 00:30:01',NULL,NULL,NULL,NULL,'8563','','','',5,NULL,NULL,0,0,NULL,0,1,'0000-00-00 00:00:00',0,0,NULL,NULL,'','',0,0,NULL,0,NULL,'0000-00-00 00:00:00'),(641,640,0,'Cali','Grimes','2020-09-17','F',0,1,'2022-05-10 00:30:01',NULL,NULL,NULL,NULL,'8563','','','',5,NULL,NULL,0,0,NULL,0,1,'0000-00-00 00:00:00',0,0,NULL,NULL,'','',0,0,NULL,0,NULL,'0000-00-00 00:00:00'),(642,NULL,0,'Addison','Rice','1987-07-12','F',0,1,'2022-05-10 00:30:01',NULL,NULL,NULL,NULL,'1135','','','',5,NULL,NULL,0,0,NULL,0,1,'0000-00-00 00:00:00',0,0,NULL,NULL,'','',0,0,NULL,0,NULL,'0000-00-00 00:00:00'),(643,642,0,'Nash','Rice','2014-01-15','M',0,1,'2022-05-10 00:30:01',NULL,NULL,NULL,NULL,'1135','','','',5,NULL,NULL,0,0,NULL,0,1,'0000-00-00 00:00:00',0,0,NULL,NULL,'','',0,0,NULL,0,NULL,'0000-00-00 00:00:00'),(644,642,0,'Elmore','Rice','2007-12-11','M',0,1,'2022-05-10 00:30:01',NULL,NULL,NULL,NULL,'1135','','','',5,NULL,NULL,0,0,NULL,0,1,'0000-00-00 00:00:00',0,0,NULL,NULL,'','',0,0,NULL,0,NULL,'0000-00-00 00:00:00'),(645,642,0,'Meagan','Rice','2008-12-25','F',0,1,'2022-05-10 00:30:01',NULL,NULL,NULL,NULL,'1135','','','',5,NULL,NULL,0,0,NULL,0,1,'0000-00-00 00:00:00',0,0,NULL,NULL,'','',0,0,NULL,0,NULL,'0000-00-00 00:00:00'),(646,NULL,0,'Kaci','Lakin','1996-02-28','F',0,1,'2022-05-10 00:30:01',NULL,NULL,NULL,NULL,'2337','','','',5,NULL,NULL,0,0,NULL,0,1,'0000-00-00 00:00:00',0,0,NULL,NULL,'','',0,0,NULL,0,NULL,'0000-00-00 00:00:00'),(647,NULL,0,'Faustino','Romaguera','1954-02-23','M',0,1,'2022-05-10 00:30:01',NULL,NULL,NULL,NULL,'1772','','','',5,NULL,NULL,0,0,NULL,0,1,'0000-00-00 00:00:00',0,0,NULL,NULL,'','',0,0,NULL,0,NULL,'0000-00-00 00:00:00'),(648,647,0,'Alek','Romaguera','2009-11-02','M',0,1,'2022-05-10 00:30:01',NULL,NULL,NULL,NULL,'1772','','','',5,NULL,NULL,0,0,NULL,0,1,'0000-00-00 00:00:00',0,0,NULL,NULL,'','',0,0,NULL,0,NULL,'0000-00-00 00:00:00'),(649,647,0,'Jaren','Romaguera','2010-09-02','M',0,1,'2022-05-10 00:30:01',NULL,NULL,NULL,NULL,'1772','','','',5,NULL,NULL,0,0,NULL,0,1,'0000-00-00 00:00:00',0,0,NULL,NULL,'','',0,0,NULL,0,NULL,'0000-00-00 00:00:00'),(650,647,0,'Jean','Romaguera','2020-11-17','M',0,1,'2022-05-10 00:30:01',NULL,NULL,NULL,NULL,'1772','','','',5,NULL,NULL,0,0,NULL,0,1,'0000-00-00 00:00:00',0,0,NULL,NULL,'','',0,0,NULL,0,NULL,'0000-00-00 00:00:00'),(651,647,0,'Jaylon','Romaguera','2012-03-06','M',0,1,'2022-05-10 00:30:01',NULL,NULL,NULL,NULL,'1772','','','',5,NULL,NULL,0,0,NULL,0,1,'0000-00-00 00:00:00',0,0,NULL,NULL,'','',0,0,NULL,0,NULL,'0000-00-00 00:00:00'),(652,NULL,0,'Coby','Bins','1962-01-19','M',0,1,'2022-05-10 00:30:01',NULL,NULL,NULL,NULL,'7274','','','',5,NULL,NULL,0,0,NULL,0,1,'0000-00-00 00:00:00',0,0,NULL,NULL,'','',0,0,NULL,0,NULL,'0000-00-00 00:00:00'),(653,652,0,'Ashton','Bins','2020-01-27','M',0,1,'2022-05-10 00:30:01',NULL,NULL,NULL,NULL,'7274','','','',5,NULL,NULL,0,0,NULL,0,1,'0000-00-00 00:00:00',0,0,NULL,NULL,'','',0,0,NULL,0,NULL,'0000-00-00 00:00:00'),(654,652,0,'Margaret','Bins','2019-10-07','F',0,1,'2022-05-10 00:30:01',NULL,NULL,NULL,NULL,'7274','','','',5,NULL,NULL,0,0,NULL,0,1,'0000-00-00 00:00:00',0,0,NULL,NULL,'','',0,0,NULL,0,NULL,'0000-00-00 00:00:00'),(655,NULL,0,'Joy','Mayert','1997-04-22','F',0,1,'2022-05-10 00:30:01',NULL,NULL,NULL,NULL,'9787','','','',5,NULL,NULL,0,0,NULL,0,1,'0000-00-00 00:00:00',0,0,NULL,NULL,'','',0,0,NULL,0,NULL,'0000-00-00 00:00:00'),(656,655,0,'Laury','Mayert','2017-06-09','F',0,1,'2022-05-10 00:30:01',NULL,NULL,NULL,NULL,'9787','','','',5,NULL,NULL,0,0,NULL,0,1,'0000-00-00 00:00:00',0,0,NULL,NULL,'','',0,0,NULL,0,NULL,'0000-00-00 00:00:00'),(657,655,0,'Jennyfer','Mayert','2018-08-05','F',0,1,'2022-05-10 00:30:01',NULL,NULL,NULL,NULL,'9787','','','',5,NULL,NULL,0,0,NULL,0,1,'0000-00-00 00:00:00',0,0,NULL,NULL,'','',0,0,NULL,0,NULL,'0000-00-00 00:00:00'),(658,655,0,'Zachariah','Mayert','2016-05-26','M',0,1,'2022-05-10 00:30:01',NULL,NULL,NULL,NULL,'9787','','','',5,NULL,NULL,0,0,NULL,0,1,'0000-00-00 00:00:00',0,0,NULL,NULL,'','',0,0,NULL,0,NULL,'0000-00-00 00:00:00'),(659,NULL,0,'Stan','Walter','1972-03-19','M',0,1,'2022-05-10 00:30:01',NULL,NULL,NULL,NULL,'7254','','','',5,NULL,NULL,0,0,NULL,0,1,'0000-00-00 00:00:00',0,0,NULL,NULL,'','',0,0,NULL,0,NULL,'0000-00-00 00:00:00'),(660,NULL,0,'Jayne','Pagac','1971-10-26','F',0,1,'2022-05-10 00:30:01',NULL,NULL,NULL,NULL,'5478','','','',5,NULL,NULL,0,0,NULL,0,1,'0000-00-00 00:00:00',0,0,NULL,NULL,'','',0,0,NULL,0,NULL,'0000-00-00 00:00:00'),(661,NULL,0,'Christophe','McGlynn','1980-02-18','M',0,1,'2022-05-10 00:30:01',NULL,NULL,NULL,NULL,'5022','','','',5,NULL,NULL,0,0,NULL,0,1,'0000-00-00 00:00:00',0,0,NULL,NULL,'','',0,0,NULL,0,NULL,'0000-00-00 00:00:00'),(662,661,0,'Clementina','McGlynn','2009-02-20','F',0,1,'2022-05-10 00:30:01',NULL,NULL,NULL,NULL,'5022','','','',5,NULL,NULL,0,0,NULL,0,1,'0000-00-00 00:00:00',0,0,NULL,NULL,'','',0,0,NULL,0,NULL,'0000-00-00 00:00:00'),(663,661,0,'Odell','McGlynn','2010-08-01','M',0,1,'2022-05-10 00:30:01',NULL,NULL,NULL,NULL,'5022','','','',5,NULL,NULL,0,0,NULL,0,1,'0000-00-00 00:00:00',0,0,NULL,NULL,'','',0,0,NULL,0,NULL,'0000-00-00 00:00:00'),(664,661,0,'Hortense','McGlynn','2011-12-13','F',0,1,'2022-05-10 00:30:01',NULL,NULL,NULL,NULL,'5022','','','',5,NULL,NULL,0,0,NULL,0,1,'0000-00-00 00:00:00',0,0,NULL,NULL,'','',0,0,NULL,0,NULL,'0000-00-00 00:00:00'),(665,661,0,'Mattie','McGlynn','2013-10-19','F',0,1,'2022-05-10 00:30:01',NULL,NULL,NULL,NULL,'5022','','','',5,NULL,NULL,0,0,NULL,0,1,'0000-00-00 00:00:00',0,0,NULL,NULL,'','',0,0,NULL,0,NULL,'0000-00-00 00:00:00'),(666,661,0,'Emmanuel','McGlynn','2016-05-31','M',0,1,'2022-05-10 00:30:01',NULL,NULL,NULL,NULL,'5022','','','',5,NULL,NULL,0,0,NULL,0,1,'0000-00-00 00:00:00',0,0,NULL,NULL,'','',0,0,NULL,0,NULL,'0000-00-00 00:00:00'),(667,NULL,0,'Valentin','Kiehn','1993-08-25','M',0,1,'2022-05-10 00:30:01',NULL,NULL,NULL,NULL,'2578','','','',5,NULL,NULL,0,0,NULL,0,1,'0000-00-00 00:00:00',0,0,NULL,NULL,'','',0,0,NULL,0,NULL,'0000-00-00 00:00:00'),(668,667,0,'Alek','Kiehn','2021-12-10','M',0,1,'2022-05-10 00:30:01',NULL,NULL,NULL,NULL,'2578','','','',5,NULL,NULL,0,0,NULL,0,1,'0000-00-00 00:00:00',0,0,NULL,NULL,'','',0,0,NULL,0,NULL,'0000-00-00 00:00:00'),(669,NULL,0,'Jarrod','Hammes','1999-06-01','M',0,1,'2022-05-10 00:30:01',NULL,NULL,NULL,NULL,'5127','','','',5,NULL,NULL,0,0,NULL,0,1,'0000-00-00 00:00:00',0,0,NULL,NULL,'','',0,0,NULL,0,NULL,'0000-00-00 00:00:00'),(670,NULL,0,'Roberta','Friesen','1984-01-05','F',0,1,'2022-05-10 00:30:01',NULL,NULL,NULL,NULL,'3751','','','',5,NULL,NULL,0,0,NULL,0,1,'0000-00-00 00:00:00',0,0,NULL,NULL,'','',0,0,NULL,0,NULL,'0000-00-00 00:00:00'),(671,NULL,0,'Zelma','Renner','1964-11-28','F',0,1,'2022-05-10 00:30:01',NULL,NULL,NULL,NULL,'9436','','','',5,NULL,NULL,0,0,NULL,0,1,'0000-00-00 00:00:00',0,0,NULL,NULL,'','',0,0,NULL,0,NULL,'0000-00-00 00:00:00'),(672,NULL,0,'Nikita','Murazik','1992-08-07','F',0,1,'2022-05-10 00:30:01',NULL,NULL,NULL,NULL,'3674','','','',5,NULL,NULL,0,0,NULL,0,1,'0000-00-00 00:00:00',0,0,NULL,NULL,'','',0,0,NULL,0,NULL,'0000-00-00 00:00:00'),(673,672,0,'Brendan','Murazik','2009-12-31','M',0,1,'2022-05-10 00:30:01',NULL,NULL,NULL,NULL,'3674','','','',5,NULL,NULL,0,0,NULL,0,1,'0000-00-00 00:00:00',0,0,NULL,NULL,'','',0,0,NULL,0,NULL,'0000-00-00 00:00:00'),(674,NULL,0,'Terrance','Altenwerth','1989-03-23','M',0,1,'2022-05-10 00:30:01',NULL,NULL,NULL,NULL,'8572','','','',5,NULL,NULL,0,0,NULL,0,1,'2022-04-13 16:03:16',0,0,NULL,NULL,'','',0,0,NULL,0,NULL,'0000-00-00 00:00:00'),(675,NULL,0,'Tyra','Cassin','1973-03-24','F',0,1,'2022-05-10 00:30:01',NULL,NULL,NULL,NULL,'6408','','','',5,NULL,NULL,0,0,NULL,0,1,'0000-00-00 00:00:00',0,0,NULL,NULL,'','',0,0,NULL,0,NULL,'0000-00-00 00:00:00'),(676,675,0,'Vern','Cassin','2014-02-07','M',0,1,'2022-05-10 00:30:01',NULL,NULL,NULL,NULL,'6408','','','',5,NULL,NULL,0,0,NULL,0,1,'0000-00-00 00:00:00',0,0,NULL,NULL,'','',0,0,NULL,0,NULL,'0000-00-00 00:00:00'),(677,675,0,'Dina','Cassin','2017-11-17','F',0,1,'2022-05-10 00:30:01',NULL,NULL,NULL,NULL,'6408','','','',5,NULL,NULL,0,0,NULL,0,1,'0000-00-00 00:00:00',0,0,NULL,NULL,'','',0,0,NULL,0,NULL,'0000-00-00 00:00:00'),(678,675,0,'Laila','Cassin','2013-12-18','F',0,1,'2022-05-10 00:30:01',NULL,NULL,NULL,NULL,'6408','','','',5,NULL,NULL,0,0,NULL,0,1,'0000-00-00 00:00:00',0,0,NULL,NULL,'','',0,0,NULL,0,NULL,'0000-00-00 00:00:00'),(679,675,0,'Nicholaus','Cassin','2016-01-21','M',0,1,'2022-05-10 00:30:01',NULL,NULL,NULL,NULL,'6408','','','',5,NULL,NULL,0,0,NULL,0,1,'0000-00-00 00:00:00',0,0,NULL,NULL,'','',0,0,NULL,0,NULL,'0000-00-00 00:00:00'),(680,675,0,'Mary','Cassin','2009-06-13','F',0,1,'2022-05-10 00:30:01',NULL,NULL,NULL,NULL,'6408','','','',5,NULL,NULL,0,0,NULL,0,1,'0000-00-00 00:00:00',0,0,NULL,NULL,'','',0,0,NULL,0,NULL,'0000-00-00 00:00:00'),(681,NULL,0,'Euna','Feeney','1970-06-10','F',0,1,'2022-05-10 00:30:01',NULL,NULL,NULL,NULL,'2065','','','',5,NULL,NULL,0,0,NULL,0,1,'0000-00-00 00:00:00',0,0,NULL,NULL,'','',0,0,NULL,0,NULL,'0000-00-00 00:00:00'),(682,681,0,'Merle','Feeney','2017-08-15','M',0,1,'2022-05-10 00:30:01',NULL,NULL,NULL,NULL,'2065','','','',5,NULL,NULL,0,0,NULL,0,1,'0000-00-00 00:00:00',0,0,NULL,NULL,'','',0,0,NULL,0,NULL,'0000-00-00 00:00:00'),(683,681,0,'Brody','Feeney','2009-05-16','M',0,1,'2022-05-10 00:30:01',NULL,NULL,NULL,NULL,'2065','','','',5,NULL,NULL,0,0,NULL,0,1,'0000-00-00 00:00:00',0,0,NULL,NULL,'','',0,0,NULL,0,NULL,'0000-00-00 00:00:00'),(684,NULL,0,'Janet','Gaylord','1963-01-28','F',0,1,'2022-05-10 00:30:01',NULL,NULL,NULL,NULL,'1439','','','',5,NULL,NULL,0,0,NULL,0,1,'0000-00-00 00:00:00',0,0,NULL,NULL,'','',0,0,NULL,0,NULL,'0000-00-00 00:00:00'),(685,684,0,'Madisen','Gaylord','2014-04-22','M',0,1,'2022-05-10 00:30:01',NULL,NULL,NULL,NULL,'1439','','','',5,NULL,NULL,0,0,NULL,0,1,'0000-00-00 00:00:00',0,0,NULL,NULL,'','',0,0,NULL,0,NULL,'0000-00-00 00:00:00'),(686,684,0,'Monty','Gaylord','2015-12-09','M',0,1,'2022-05-10 00:30:01',NULL,NULL,NULL,NULL,'1439','','','',5,NULL,NULL,0,0,NULL,0,1,'0000-00-00 00:00:00',0,0,NULL,NULL,'','',0,0,NULL,0,NULL,'0000-00-00 00:00:00'),(687,NULL,0,'Immanuel','King','1989-06-03','M',0,1,'2022-05-10 00:30:01',NULL,NULL,NULL,NULL,'3213','','','',5,NULL,NULL,0,0,NULL,0,1,'0000-00-00 00:00:00',0,0,NULL,NULL,'','',0,0,NULL,0,NULL,'0000-00-00 00:00:00'),(688,687,0,'Makayla','King','2017-09-12','F',0,1,'2022-05-10 00:30:01',NULL,NULL,NULL,NULL,'3213','','','',5,NULL,NULL,0,0,NULL,0,1,'0000-00-00 00:00:00',0,0,NULL,NULL,'','',0,0,NULL,0,NULL,'0000-00-00 00:00:00'),(689,687,0,'Cristian','King','2019-04-06','M',0,1,'2022-05-10 00:30:01',NULL,NULL,NULL,NULL,'3213','','','',5,NULL,NULL,0,0,NULL,0,1,'0000-00-00 00:00:00',0,0,NULL,NULL,'','',0,0,NULL,0,NULL,'0000-00-00 00:00:00'),(690,NULL,0,'Ismael','Schinner','1974-01-21','M',0,1,'2022-05-10 00:30:01',NULL,NULL,NULL,NULL,'5553','','','',5,NULL,NULL,0,0,NULL,0,1,'0000-00-00 00:00:00',0,0,NULL,NULL,'','',0,0,NULL,0,NULL,'0000-00-00 00:00:00'),(691,690,0,'Victoria','Schinner','2021-05-03','F',0,1,'2022-05-10 00:30:01',NULL,NULL,NULL,NULL,'5553','','','',5,NULL,NULL,0,0,NULL,0,1,'0000-00-00 00:00:00',0,0,NULL,NULL,'','',0,0,NULL,0,NULL,'0000-00-00 00:00:00'),(692,690,0,'Vella','Schinner','2022-09-21','F',0,1,'2022-05-10 00:30:01',NULL,NULL,NULL,NULL,'5553','','','',5,NULL,NULL,0,0,NULL,0,1,'0000-00-00 00:00:00',0,0,NULL,NULL,'','',0,0,NULL,0,NULL,'0000-00-00 00:00:00'),(693,690,0,'Alba','Schinner','2007-12-31','F',0,1,'2022-05-10 00:30:01',NULL,NULL,NULL,NULL,'5553','','','',5,NULL,NULL,0,0,NULL,0,1,'0000-00-00 00:00:00',0,0,NULL,NULL,'','',0,0,NULL,0,NULL,'0000-00-00 00:00:00'),(694,NULL,0,'Deborah','Cruickshank','2003-04-03','F',0,1,'2022-05-10 00:30:01',NULL,NULL,NULL,NULL,'2264','','','',5,NULL,NULL,0,0,NULL,0,1,'0000-00-00 00:00:00',0,0,NULL,NULL,'','',0,0,NULL,0,NULL,'0000-00-00 00:00:00'),(695,694,0,'General','Cruickshank','2018-04-06','M',0,1,'2022-05-10 00:30:01',NULL,NULL,NULL,NULL,'2264','','','',5,NULL,NULL,0,0,NULL,0,1,'0000-00-00 00:00:00',0,0,NULL,NULL,'','',0,0,NULL,0,NULL,'0000-00-00 00:00:00'),(696,NULL,0,'Landen','Abernathy','1999-04-29','M',0,1,'2022-05-10 00:30:01',NULL,NULL,NULL,NULL,'9731','','','',5,NULL,NULL,0,0,NULL,0,1,'0000-00-00 00:00:00',0,0,NULL,NULL,'','',0,0,NULL,0,NULL,'0000-00-00 00:00:00'),(697,696,0,'Claudia','Abernathy','2021-10-12','F',0,1,'2022-05-10 00:30:01',NULL,NULL,NULL,NULL,'9731','','','',5,NULL,NULL,0,0,NULL,0,1,'0000-00-00 00:00:00',0,0,NULL,NULL,'','',0,0,NULL,0,NULL,'0000-00-00 00:00:00'),(698,696,0,'Neha','Abernathy','2015-12-03','F',0,1,'2022-05-10 00:30:01',NULL,NULL,NULL,NULL,'9731','','','',5,NULL,NULL,0,0,NULL,0,1,'0000-00-00 00:00:00',0,0,NULL,NULL,'','',0,0,NULL,0,NULL,'0000-00-00 00:00:00'),(699,696,0,'Taya','Abernathy','2009-06-03','F',0,1,'2022-05-10 00:30:01',NULL,NULL,NULL,NULL,'9731','','','',5,NULL,NULL,0,0,NULL,0,1,'0000-00-00 00:00:00',0,0,NULL,NULL,'','',0,0,NULL,0,NULL,'0000-00-00 00:00:00'),(700,696,0,'Tomas','Abernathy','2020-06-08','M',0,1,'2022-05-10 00:30:01',NULL,NULL,NULL,NULL,'9731','','','',5,NULL,NULL,0,0,NULL,0,1,'0000-00-00 00:00:00',0,0,NULL,NULL,'','',0,0,NULL,0,NULL,'0000-00-00 00:00:00'),(701,696,0,'Walton','Abernathy','2010-02-21','M',0,1,'2022-05-10 00:30:01',NULL,NULL,NULL,NULL,'9731','','','',5,NULL,NULL,0,0,NULL,0,1,'0000-00-00 00:00:00',0,0,NULL,NULL,'','',0,0,NULL,0,NULL,'0000-00-00 00:00:00'),(702,696,0,'Zackary','Abernathy','2021-08-06','M',0,1,'2022-05-10 00:30:01',NULL,NULL,NULL,NULL,'9731','','','',5,NULL,NULL,0,0,NULL,0,1,'0000-00-00 00:00:00',0,0,NULL,NULL,'','',0,0,NULL,0,NULL,'0000-00-00 00:00:00'),(703,696,0,'Charlie','Abernathy','2015-03-27','M',0,1,'2022-05-10 00:30:01',NULL,NULL,NULL,NULL,'9731','','','',5,NULL,NULL,0,0,NULL,0,1,'0000-00-00 00:00:00',0,0,NULL,NULL,'','',0,0,NULL,0,NULL,'0000-00-00 00:00:00'),(704,NULL,0,'Mariela','Stanton','1948-08-03','F',0,1,'2022-05-10 00:30:01',NULL,NULL,NULL,NULL,'2254','','','',5,NULL,NULL,0,0,NULL,0,1,'0000-00-00 00:00:00',0,0,NULL,NULL,'','',0,0,NULL,0,NULL,'0000-00-00 00:00:00'),(705,NULL,0,'Sylvia','Howe','1983-12-23','F',0,1,'2022-05-10 00:30:01',NULL,NULL,NULL,NULL,'9136','','','',5,NULL,NULL,0,0,NULL,0,1,'0000-00-00 00:00:00',0,0,NULL,NULL,'','',0,0,NULL,0,NULL,'0000-00-00 00:00:00'),(706,705,0,'Damaris','Howe','2010-11-11','F',0,1,'2022-05-10 00:30:01',NULL,NULL,NULL,NULL,'9136','','','',5,NULL,NULL,0,0,NULL,0,1,'0000-00-00 00:00:00',0,0,NULL,NULL,'','',0,0,NULL,0,NULL,'0000-00-00 00:00:00'),(707,705,0,'Carolyne','Howe','2016-07-24','F',0,1,'2022-05-10 00:30:01',NULL,NULL,NULL,NULL,'9136','','','',5,NULL,NULL,0,0,NULL,0,1,'0000-00-00 00:00:00',0,0,NULL,NULL,'','',0,0,NULL,0,NULL,'0000-00-00 00:00:00'),(708,705,0,'Kariane','Howe','2019-10-14','F',0,1,'2022-05-10 00:30:01',NULL,NULL,NULL,NULL,'9136','','','',5,NULL,NULL,0,0,NULL,0,1,'0000-00-00 00:00:00',0,0,NULL,NULL,'','',0,0,NULL,0,NULL,'0000-00-00 00:00:00'),(709,NULL,0,'Narciso','Bruen','1973-08-12','M',0,1,'2022-05-10 00:30:01',NULL,NULL,NULL,NULL,'7852','','','',5,NULL,NULL,0,0,NULL,0,1,'0000-00-00 00:00:00',0,0,NULL,NULL,'','',0,0,NULL,0,NULL,'0000-00-00 00:00:00'),(710,NULL,0,'Elnora','Goodwin','1971-10-25','F',0,1,'2022-05-10 00:30:01',NULL,NULL,NULL,NULL,'5227','','','',5,NULL,NULL,0,0,NULL,0,1,'0000-00-00 00:00:00',0,0,NULL,NULL,'','',0,0,NULL,0,NULL,'0000-00-00 00:00:00'),(711,NULL,0,'Twila','Friesen','1949-12-04','F',0,1,'2022-05-10 00:30:01',NULL,NULL,NULL,NULL,'5656','','','',5,NULL,NULL,0,0,NULL,0,1,'0000-00-00 00:00:00',0,0,NULL,NULL,'','',0,0,NULL,0,NULL,'0000-00-00 00:00:00'),(712,NULL,0,'Mathew','Sauer','1948-02-24','M',0,1,'2022-05-10 00:30:01',NULL,NULL,NULL,NULL,'3476','','','',5,NULL,NULL,0,0,NULL,0,1,'0000-00-00 00:00:00',0,0,NULL,NULL,'','',0,0,NULL,0,NULL,'0000-00-00 00:00:00'),(713,712,0,'Adrien','Sauer','2010-03-31','M',0,1,'2022-05-10 00:30:01',NULL,NULL,NULL,NULL,'3476','','','',5,NULL,NULL,0,0,NULL,0,1,'0000-00-00 00:00:00',0,0,NULL,NULL,'','',0,0,NULL,0,NULL,'0000-00-00 00:00:00'),(714,NULL,0,'Thurman','Dickens','1992-08-09','M',0,1,'2022-05-10 00:30:01',NULL,NULL,NULL,NULL,'4705','','','',5,NULL,NULL,0,0,NULL,0,1,'0000-00-00 00:00:00',0,0,NULL,NULL,'','',0,0,NULL,0,NULL,'0000-00-00 00:00:00'),(715,714,0,'Melyssa','Dickens','2013-09-17','F',0,1,'2022-05-10 00:30:01',NULL,NULL,NULL,NULL,'4705','','','',5,NULL,NULL,0,0,NULL,0,1,'0000-00-00 00:00:00',0,0,NULL,NULL,'','',0,0,NULL,0,NULL,'0000-00-00 00:00:00'),(716,NULL,0,'Carlos','Hudson','1972-10-18','M',0,1,'2022-05-10 00:30:01',NULL,NULL,NULL,NULL,'1925','','','',5,NULL,NULL,0,0,NULL,0,1,'0000-00-00 00:00:00',0,0,NULL,NULL,'','',0,0,NULL,0,NULL,'0000-00-00 00:00:00'),(717,NULL,0,'Heloise','Goldner','1977-08-28','F',0,1,'2022-05-10 00:30:01',NULL,NULL,NULL,NULL,'9424','','','',5,NULL,NULL,0,0,NULL,0,1,'0000-00-00 00:00:00',0,0,NULL,NULL,'','',0,0,NULL,0,NULL,'0000-00-00 00:00:00'),(718,717,0,'Eladio','Goldner','2014-11-28','M',0,1,'2022-05-10 00:30:01',NULL,NULL,NULL,NULL,'9424','','','',5,NULL,NULL,0,0,NULL,0,1,'0000-00-00 00:00:00',0,0,NULL,NULL,'','',0,0,NULL,0,NULL,'0000-00-00 00:00:00'),(719,NULL,0,'Sincere','Thiel','1980-08-26','F',0,1,'2022-05-10 00:30:01',NULL,NULL,NULL,NULL,'6935','','','',5,NULL,NULL,0,0,NULL,0,1,'0000-00-00 00:00:00',0,0,NULL,NULL,'','',0,0,NULL,0,NULL,'0000-00-00 00:00:00'),(720,NULL,0,'Maya','Gislason','1991-05-06','F',0,1,'2022-05-10 00:30:01',NULL,NULL,NULL,NULL,'9747','','','',5,NULL,NULL,0,0,NULL,0,1,'2022-04-12 01:25:23',0,0,NULL,NULL,'','',0,0,NULL,0,NULL,'0000-00-00 00:00:00'),(721,720,0,'Wilber','Gislason','2014-07-21','M',0,1,'2022-05-10 00:30:01',NULL,NULL,NULL,NULL,'9747','','','',5,NULL,NULL,0,0,NULL,0,1,'2022-04-12 01:25:23',0,0,NULL,NULL,'','',0,0,NULL,0,NULL,'0000-00-00 00:00:00'),(722,NULL,0,'Jacinto','Bruen','1981-05-23','M',0,1,'2022-05-10 00:30:01',NULL,NULL,NULL,NULL,'5606','','','',5,NULL,NULL,0,0,NULL,0,1,'0000-00-00 00:00:00',0,0,NULL,NULL,'','',0,0,NULL,0,NULL,'0000-00-00 00:00:00'),(723,NULL,0,'Susanna','Labadie','1971-11-10','F',0,1,'2022-05-10 00:30:01',NULL,NULL,NULL,NULL,'3652','','','',5,NULL,NULL,0,0,NULL,0,1,'0000-00-00 00:00:00',0,0,NULL,NULL,'','',0,0,NULL,0,NULL,'0000-00-00 00:00:00'),(724,NULL,0,'Germaine','Kihn','1979-10-13','F',0,1,'2022-05-10 00:30:01',NULL,NULL,NULL,NULL,'6913','','','',5,NULL,NULL,0,0,NULL,0,1,'0000-00-00 00:00:00',0,0,NULL,NULL,'','',0,0,NULL,0,NULL,'0000-00-00 00:00:00'),(725,NULL,0,'Jeffry','Bergnaum','1997-09-30','M',0,1,'2022-05-10 00:30:01',NULL,NULL,NULL,NULL,'2029','','','',5,NULL,NULL,0,0,NULL,0,1,'0000-00-00 00:00:00',0,0,NULL,NULL,'','',0,0,NULL,0,NULL,'0000-00-00 00:00:00'),(726,725,0,'Gabriella','Bergnaum','2019-08-14','F',0,1,'2022-05-10 00:30:01',NULL,NULL,NULL,NULL,'2029','','','',5,NULL,NULL,0,0,NULL,0,1,'0000-00-00 00:00:00',0,0,NULL,NULL,'','',0,0,NULL,0,NULL,'0000-00-00 00:00:00'),(727,725,0,'Olaf','Bergnaum','2009-06-12','M',0,1,'2022-05-10 00:30:01',NULL,NULL,NULL,NULL,'2029','','','',5,NULL,NULL,0,0,NULL,0,1,'0000-00-00 00:00:00',0,0,NULL,NULL,'','',0,0,NULL,0,NULL,'0000-00-00 00:00:00'),(728,725,0,'Marie','Bergnaum','2015-05-05','F',0,1,'2022-05-10 00:30:01',NULL,NULL,NULL,NULL,'2029','','','',5,NULL,NULL,0,0,NULL,0,1,'0000-00-00 00:00:00',0,0,NULL,NULL,'','',0,0,NULL,0,NULL,'0000-00-00 00:00:00'),(729,725,0,'Ivah','Bergnaum','2022-08-30','F',0,1,'2022-05-10 00:30:01',NULL,NULL,NULL,NULL,'2029','','','',5,NULL,NULL,0,0,NULL,0,1,'0000-00-00 00:00:00',0,0,NULL,NULL,'','',0,0,NULL,0,NULL,'0000-00-00 00:00:00'),(730,NULL,0,'Mohammed','Mosciski','1984-06-06','M',0,1,'2022-05-10 00:30:01',NULL,NULL,NULL,NULL,'3682','','','',5,NULL,NULL,0,0,NULL,0,1,'2022-07-25 00:27:17',0,0,NULL,NULL,'','',0,0,NULL,0,NULL,'0000-00-00 00:00:00'),(731,730,0,'Lorenz','Mosciski','2010-12-22','M',0,1,'2022-05-10 00:30:01',NULL,NULL,NULL,NULL,'3682','','','',5,NULL,NULL,0,0,NULL,0,1,'2022-07-25 00:27:17',0,0,NULL,NULL,'','',0,0,NULL,0,NULL,'0000-00-00 00:00:00'),(732,NULL,0,'Hillary','Zulauf','1964-11-12','F',0,1,'2022-05-10 00:30:01',NULL,NULL,NULL,NULL,'1201','','','',5,NULL,NULL,0,0,NULL,0,1,'0000-00-00 00:00:00',0,0,NULL,NULL,'','',0,0,NULL,0,NULL,'0000-00-00 00:00:00'),(733,732,0,'Christa','Zulauf','2017-08-07','F',0,1,'2022-05-10 00:30:01',NULL,NULL,NULL,NULL,'1201','','','',5,NULL,NULL,0,0,NULL,0,1,'0000-00-00 00:00:00',0,0,NULL,NULL,'','',0,0,NULL,0,NULL,'0000-00-00 00:00:00'),(734,732,0,'Terrill','Zulauf','2017-06-17','M',0,1,'2022-05-10 00:30:01',NULL,NULL,NULL,NULL,'1201','','','',5,NULL,NULL,0,0,NULL,0,1,'0000-00-00 00:00:00',0,0,NULL,NULL,'','',0,0,NULL,0,NULL,'0000-00-00 00:00:00'),(735,732,0,'Tyreek','Zulauf','2008-03-07','M',0,1,'2022-05-10 00:30:01',NULL,NULL,NULL,NULL,'1201','','','',5,NULL,NULL,0,0,NULL,0,1,'0000-00-00 00:00:00',0,0,NULL,NULL,'','',0,0,NULL,0,NULL,'0000-00-00 00:00:00'),(736,NULL,0,'Evie','Fay','1980-12-03','F',0,1,'2022-05-10 00:30:01',NULL,NULL,NULL,NULL,'5494','','','',5,NULL,NULL,0,0,NULL,0,1,'0000-00-00 00:00:00',0,0,NULL,NULL,'','',0,0,NULL,0,NULL,'0000-00-00 00:00:00'),(737,736,0,'Dandre','Fay','2010-11-16','F',0,1,'2022-05-10 00:30:01',NULL,NULL,NULL,NULL,'5494','','','',5,NULL,NULL,0,0,NULL,0,1,'0000-00-00 00:00:00',0,0,NULL,NULL,'','',0,0,NULL,0,NULL,'0000-00-00 00:00:00'),(738,NULL,0,'Janae','Thiel','2006-05-31','F',0,1,'2022-05-10 00:30:01',NULL,NULL,NULL,NULL,'7893','','','',5,NULL,NULL,0,0,NULL,0,1,'0000-00-00 00:00:00',0,0,NULL,NULL,'','',0,0,NULL,0,NULL,'0000-00-00 00:00:00'),(739,738,0,'Berenice','Thiel','2015-03-28','F',0,1,'2022-05-10 00:30:01',NULL,NULL,NULL,NULL,'7893','','','',5,NULL,NULL,0,0,NULL,0,1,'0000-00-00 00:00:00',0,0,NULL,NULL,'','',0,0,NULL,0,NULL,'0000-00-00 00:00:00'),(740,738,0,'Vinnie','Thiel','2015-11-28','M',0,1,'2022-05-10 00:30:01',NULL,NULL,NULL,NULL,'7893','','','',5,NULL,NULL,0,0,NULL,0,1,'0000-00-00 00:00:00',0,0,NULL,NULL,'','',0,0,NULL,0,NULL,'0000-00-00 00:00:00'),(741,NULL,0,'Bell','VonRueden','2001-03-28','M',0,1,'2022-05-10 00:30:01',NULL,NULL,NULL,NULL,'4615','','','',5,NULL,NULL,0,0,NULL,0,1,'0000-00-00 00:00:00',0,0,NULL,NULL,'','',0,0,NULL,0,NULL,'0000-00-00 00:00:00'),(742,NULL,0,'Ari','Anderson','2000-03-16','M',0,1,'2022-05-10 00:30:01',NULL,NULL,NULL,NULL,'5361','','','',5,NULL,NULL,0,0,NULL,0,1,'0000-00-00 00:00:00',0,0,NULL,NULL,'','',0,0,NULL,0,NULL,'0000-00-00 00:00:00'),(743,742,0,'Maynard','Anderson','2012-06-18','M',0,1,'2022-05-10 00:30:01',NULL,NULL,NULL,NULL,'5361','','','',5,NULL,NULL,0,0,NULL,0,1,'0000-00-00 00:00:00',0,0,NULL,NULL,'','',0,0,NULL,0,NULL,'0000-00-00 00:00:00'),(744,NULL,0,'Tiara','Beatty','1956-11-08','F',0,1,'2022-05-10 00:30:01',NULL,NULL,NULL,NULL,'1956','','','',5,NULL,NULL,0,0,NULL,0,1,'0000-00-00 00:00:00',0,0,NULL,NULL,'','',0,0,NULL,0,NULL,'0000-00-00 00:00:00'),(745,NULL,0,'Colin','Bailey','1989-05-08','M',0,1,'2022-05-10 00:30:01',NULL,NULL,NULL,NULL,'3000','','','',5,NULL,NULL,0,0,NULL,0,1,'0000-00-00 00:00:00',0,0,NULL,NULL,'','',0,0,NULL,0,NULL,'0000-00-00 00:00:00'),(746,745,0,'Cade','Bailey','2021-11-19','M',0,1,'2022-05-10 00:30:01',NULL,NULL,NULL,NULL,'3000','','','',5,NULL,NULL,0,0,NULL,0,1,'0000-00-00 00:00:00',0,0,NULL,NULL,'','',0,0,NULL,0,NULL,'0000-00-00 00:00:00'),(747,NULL,0,'Blaze','Osinski','2007-05-07','M',0,1,'2022-05-10 00:30:01',NULL,NULL,NULL,NULL,'6771','','','',5,NULL,NULL,0,0,NULL,0,1,'0000-00-00 00:00:00',0,0,NULL,NULL,'','',0,0,NULL,0,NULL,'0000-00-00 00:00:00'),(748,747,0,'Carter','Osinski','2018-06-19','M',0,1,'2022-05-10 00:30:01',NULL,NULL,NULL,NULL,'6771','','','',5,NULL,NULL,0,0,NULL,0,1,'0000-00-00 00:00:00',0,0,NULL,NULL,'','',0,0,NULL,0,NULL,'0000-00-00 00:00:00'),(749,747,0,'Julia','Osinski','2018-07-28','F',0,1,'2022-05-10 00:30:01',NULL,NULL,NULL,NULL,'6771','','','',5,NULL,NULL,0,0,NULL,0,1,'0000-00-00 00:00:00',0,0,NULL,NULL,'','',0,0,NULL,0,NULL,'0000-00-00 00:00:00'),(750,747,0,'Delfina','Osinski','2012-10-23','F',0,1,'2022-05-10 00:30:01',NULL,NULL,NULL,NULL,'6771','','','',5,NULL,NULL,0,0,NULL,0,1,'0000-00-00 00:00:00',0,0,NULL,NULL,'','',0,0,NULL,0,NULL,'0000-00-00 00:00:00'),(751,747,0,'Kiley','Osinski','2012-09-03','M',0,1,'2022-05-10 00:30:01',NULL,NULL,NULL,NULL,'6771','','','',5,NULL,NULL,0,0,NULL,0,1,'0000-00-00 00:00:00',0,0,NULL,NULL,'','',0,0,NULL,0,NULL,'0000-00-00 00:00:00'),(752,NULL,0,'June','Heathcote','1968-06-13','F',0,1,'2022-05-10 00:30:01',NULL,NULL,NULL,NULL,'7900','','','',5,NULL,NULL,0,0,NULL,0,1,'0000-00-00 00:00:00',0,0,NULL,NULL,'','',0,0,NULL,0,NULL,'0000-00-00 00:00:00'),(753,752,0,'Tyrel','Heathcote','2010-08-02','M',0,1,'2022-05-10 00:30:01',NULL,NULL,NULL,NULL,'7900','','','',5,NULL,NULL,0,0,NULL,0,1,'0000-00-00 00:00:00',0,0,NULL,NULL,'','',0,0,NULL,0,NULL,'0000-00-00 00:00:00'),(754,752,0,'Cody','Heathcote','2020-02-03','M',0,1,'2022-05-10 00:30:01',NULL,NULL,NULL,NULL,'7900','','','',5,NULL,NULL,0,0,NULL,0,1,'0000-00-00 00:00:00',0,0,NULL,NULL,'','',0,0,NULL,0,NULL,'0000-00-00 00:00:00'),(755,752,0,'Jarod','Heathcote','2020-01-03','M',0,1,'2022-05-10 00:30:01',NULL,NULL,NULL,NULL,'7900','','','',5,NULL,NULL,0,0,NULL,0,1,'0000-00-00 00:00:00',0,0,NULL,NULL,'','',0,0,NULL,0,NULL,'0000-00-00 00:00:00'),(756,752,0,'Bernhard','Heathcote','2009-07-13','M',0,1,'2022-05-10 00:30:01',NULL,NULL,NULL,NULL,'7900','','','',5,NULL,NULL,0,0,NULL,0,1,'0000-00-00 00:00:00',0,0,NULL,NULL,'','',0,0,NULL,0,NULL,'0000-00-00 00:00:00'),(757,NULL,0,'Bud','Keebler','1954-12-10','M',0,1,'2022-05-10 00:30:01',NULL,NULL,NULL,NULL,'1941','','','',5,NULL,NULL,0,0,NULL,0,1,'0000-00-00 00:00:00',0,0,NULL,NULL,'','',0,0,NULL,0,NULL,'0000-00-00 00:00:00'),(758,757,0,'Sedrick','Keebler','2012-02-10','M',0,1,'2022-05-10 00:30:01',NULL,NULL,NULL,NULL,'1941','','','',5,NULL,NULL,0,0,NULL,0,1,'0000-00-00 00:00:00',0,0,NULL,NULL,'','',0,0,NULL,0,NULL,'0000-00-00 00:00:00'),(759,757,0,'Frederic','Keebler','2008-11-28','M',0,1,'2022-05-10 00:30:01',NULL,NULL,NULL,NULL,'1941','','','',5,NULL,NULL,0,0,NULL,0,1,'0000-00-00 00:00:00',0,0,NULL,NULL,'','',0,0,NULL,0,NULL,'0000-00-00 00:00:00'),(760,NULL,0,'Myah','O\'Conner','1944-12-04','F',0,1,'2022-05-10 00:30:01',NULL,NULL,NULL,NULL,'7671','','','',5,NULL,NULL,0,0,NULL,0,1,'0000-00-00 00:00:00',0,0,NULL,NULL,'','',0,0,NULL,0,NULL,'0000-00-00 00:00:00'),(761,760,0,'Carlie','O\'Conner','2011-06-29','F',0,1,'2022-05-10 00:30:01',NULL,NULL,NULL,NULL,'7671','','','',5,NULL,NULL,0,0,NULL,0,1,'0000-00-00 00:00:00',0,0,NULL,NULL,'','',0,0,NULL,0,NULL,'0000-00-00 00:00:00'),(762,760,0,'Julian','O\'Conner','2013-01-21','M',0,1,'2022-05-10 00:30:01',NULL,NULL,NULL,NULL,'7671','','','',5,NULL,NULL,0,0,NULL,0,1,'0000-00-00 00:00:00',0,0,NULL,NULL,'','',0,0,NULL,0,NULL,'0000-00-00 00:00:00'),(763,760,0,'Adriana','O\'Conner','2008-11-03','F',0,1,'2022-05-10 00:30:01',NULL,NULL,NULL,NULL,'7671','','','',5,NULL,NULL,0,0,NULL,0,1,'0000-00-00 00:00:00',0,0,NULL,NULL,'','',0,0,NULL,0,NULL,'0000-00-00 00:00:00'),(764,760,0,'Grady','O\'Conner','2008-12-23','M',0,1,'2022-05-10 00:30:01',NULL,NULL,NULL,NULL,'7671','','','',5,NULL,NULL,0,0,NULL,0,1,'0000-00-00 00:00:00',0,0,NULL,NULL,'','',0,0,NULL,0,NULL,'0000-00-00 00:00:00'),(765,NULL,0,'Jack','Hickle','1958-10-14','M',0,1,'2022-05-10 00:30:01',NULL,NULL,NULL,NULL,'3342','','','',5,NULL,NULL,0,0,NULL,0,1,'0000-00-00 00:00:00',0,0,NULL,NULL,'','',0,0,NULL,0,NULL,'0000-00-00 00:00:00'),(766,765,0,'Eric','Hickle','2021-07-30','M',0,1,'2022-05-10 00:30:01',NULL,NULL,NULL,NULL,'3342','','','',5,NULL,NULL,0,0,NULL,0,1,'0000-00-00 00:00:00',0,0,NULL,NULL,'','',0,0,NULL,0,NULL,'0000-00-00 00:00:00'),(767,765,0,'Sallie','Hickle','2014-10-18','F',0,1,'2022-05-10 00:30:01',NULL,NULL,NULL,NULL,'3342','','','',5,NULL,NULL,0,0,NULL,0,1,'0000-00-00 00:00:00',0,0,NULL,NULL,'','',0,0,NULL,0,NULL,'0000-00-00 00:00:00'),(768,765,0,'Twila','Hickle','2020-08-27','F',0,1,'2022-05-10 00:30:01',NULL,NULL,NULL,NULL,'3342','','','',5,NULL,NULL,0,0,NULL,0,1,'0000-00-00 00:00:00',0,0,NULL,NULL,'','',0,0,NULL,0,NULL,'0000-00-00 00:00:00'),(769,NULL,0,'Clarissa','Quitzon','1956-03-23','F',0,1,'2022-05-10 00:30:01',NULL,NULL,NULL,NULL,'5519','','','',5,NULL,NULL,0,0,NULL,0,1,'0000-00-00 00:00:00',0,0,NULL,NULL,'','',0,0,NULL,0,NULL,'0000-00-00 00:00:00'),(770,769,0,'Marcel','Quitzon','2012-09-04','M',0,1,'2022-05-10 00:30:01',NULL,NULL,NULL,NULL,'5519','','','',5,NULL,NULL,0,0,NULL,0,1,'0000-00-00 00:00:00',0,0,NULL,NULL,'','',0,0,NULL,0,NULL,'0000-00-00 00:00:00'),(771,769,0,'Trevion','Quitzon','2014-12-22','M',0,1,'2022-05-10 00:30:01',NULL,NULL,NULL,NULL,'5519','','','',5,NULL,NULL,0,0,NULL,0,1,'0000-00-00 00:00:00',0,0,NULL,NULL,'','',0,0,NULL,0,NULL,'0000-00-00 00:00:00'),(772,NULL,0,'Esther','Gerlach','1944-08-10','F',0,1,'2022-05-10 00:30:01',NULL,NULL,NULL,NULL,'9419','','','',5,NULL,NULL,0,0,NULL,0,1,'0000-00-00 00:00:00',0,0,NULL,NULL,'','',0,0,NULL,0,NULL,'0000-00-00 00:00:00'),(773,772,0,'Stephania','Gerlach','2022-11-10','F',0,1,'2022-05-10 00:30:01',NULL,NULL,NULL,NULL,'9419','','','',5,NULL,NULL,0,0,NULL,0,1,'0000-00-00 00:00:00',0,0,NULL,NULL,'','',0,0,NULL,0,NULL,'0000-00-00 00:00:00'),(774,NULL,0,'Porter','Bailey','1978-05-07','M',0,1,'2022-05-10 00:30:01',NULL,NULL,NULL,NULL,'3574','','','',5,NULL,NULL,0,0,NULL,0,1,'0000-00-00 00:00:00',0,0,NULL,NULL,'','',0,0,NULL,0,NULL,'0000-00-00 00:00:00'),(775,NULL,0,'Kaitlyn','Rice','1949-12-28','F',0,1,'2022-05-10 00:30:01',NULL,NULL,NULL,NULL,'2092','','','',5,NULL,NULL,0,0,NULL,0,1,'0000-00-00 00:00:00',0,0,NULL,NULL,'','',0,0,NULL,0,NULL,'0000-00-00 00:00:00'),(776,775,0,'Gregg','Rice','2010-08-18','M',0,1,'2022-05-10 00:30:01',NULL,NULL,NULL,NULL,'2092','','','',5,NULL,NULL,0,0,NULL,0,1,'0000-00-00 00:00:00',0,0,NULL,NULL,'','',0,0,NULL,0,NULL,'0000-00-00 00:00:00'),(777,775,0,'Durward','Rice','2008-09-19','M',0,1,'2022-05-10 00:30:01',NULL,NULL,NULL,NULL,'2092','','','',5,NULL,NULL,0,0,NULL,0,1,'0000-00-00 00:00:00',0,0,NULL,NULL,'','',0,0,NULL,0,NULL,'0000-00-00 00:00:00'),(778,775,0,'Joe','Rice','2014-03-14','M',0,1,'2022-05-10 00:30:01',NULL,NULL,NULL,NULL,'2092','','','',5,NULL,NULL,0,0,NULL,0,1,'0000-00-00 00:00:00',0,0,NULL,NULL,'','',0,0,NULL,0,NULL,'0000-00-00 00:00:00'),(779,NULL,0,'Maritza','Cassin','1952-10-17','F',0,1,'2022-05-10 00:30:01',NULL,NULL,NULL,NULL,'5491','','','',5,NULL,NULL,0,0,NULL,0,1,'0000-00-00 00:00:00',0,0,NULL,NULL,'','',0,0,NULL,0,NULL,'0000-00-00 00:00:00'),(780,779,0,'Monserrat','Cassin','2016-10-27','M',0,1,'2022-05-10 00:30:01',NULL,NULL,NULL,NULL,'5491','','','',5,NULL,NULL,0,0,NULL,0,1,'0000-00-00 00:00:00',0,0,NULL,NULL,'','',0,0,NULL,0,NULL,'0000-00-00 00:00:00'),(781,NULL,0,'Ludie','Morar','1988-02-07','F',0,1,'2022-05-10 00:30:01',NULL,NULL,NULL,NULL,'3781','','','',5,NULL,NULL,0,0,NULL,0,1,'0000-00-00 00:00:00',0,0,NULL,NULL,'','',0,0,NULL,0,NULL,'0000-00-00 00:00:00'),(782,NULL,0,'Russ','Ratke','1988-09-25','M',0,1,'2022-05-10 00:30:01',NULL,NULL,NULL,NULL,'2224','','','',5,NULL,NULL,0,0,NULL,0,1,'0000-00-00 00:00:00',0,0,NULL,NULL,'','',0,0,NULL,0,NULL,'0000-00-00 00:00:00'),(783,NULL,0,'Leila','Funk','1986-05-07','F',0,1,'2022-05-10 00:30:01',NULL,NULL,NULL,NULL,'9258','','','',5,NULL,NULL,0,0,NULL,0,1,'0000-00-00 00:00:00',0,0,NULL,NULL,'','',0,0,NULL,0,NULL,'0000-00-00 00:00:00'),(784,783,0,'Misael','Funk','2019-04-06','M',0,1,'2022-05-10 00:30:01',NULL,NULL,NULL,NULL,'9258','','','',5,NULL,NULL,0,0,NULL,0,1,'0000-00-00 00:00:00',0,0,NULL,NULL,'','',0,0,NULL,0,NULL,'0000-00-00 00:00:00'),(785,NULL,0,'Consuelo','Bergnaum','1990-11-28','M',0,1,'2022-05-10 00:30:01',NULL,NULL,NULL,NULL,'3227','','','',5,NULL,NULL,0,0,NULL,0,1,'0000-00-00 00:00:00',0,0,NULL,NULL,'','',0,0,NULL,0,NULL,'0000-00-00 00:00:00'),(786,NULL,0,'Vivian','Wilkinson','1945-12-21','F',0,1,'2022-05-10 00:30:01',NULL,NULL,NULL,NULL,'2001','','','',5,NULL,NULL,0,0,NULL,0,1,'0000-00-00 00:00:00',0,0,NULL,NULL,'','',0,0,NULL,0,NULL,'0000-00-00 00:00:00'),(787,786,0,'Hailey','Wilkinson','2009-05-12','M',0,1,'2022-05-10 00:30:01',NULL,NULL,NULL,NULL,'2001','','','',5,NULL,NULL,0,0,NULL,0,1,'0000-00-00 00:00:00',0,0,NULL,NULL,'','',0,0,NULL,0,NULL,'0000-00-00 00:00:00'),(788,NULL,0,'Rozella','Fisher','1974-03-25','F',0,1,'2022-05-10 00:30:01',NULL,NULL,NULL,NULL,'8613','','','',5,NULL,NULL,0,0,NULL,0,1,'0000-00-00 00:00:00',0,0,NULL,NULL,'','',0,0,NULL,0,NULL,'0000-00-00 00:00:00'),(789,NULL,0,'Natasha','Wolf','2001-06-20','F',0,1,'2022-05-10 00:30:01',NULL,NULL,NULL,NULL,'4632','','','',5,NULL,NULL,0,0,NULL,0,1,'0000-00-00 00:00:00',0,0,NULL,NULL,'','',0,0,NULL,0,NULL,'0000-00-00 00:00:00'),(790,789,0,'Casey','Wolf','2017-11-10','M',0,1,'2022-05-10 00:30:01',NULL,NULL,NULL,NULL,'4632','','','',5,NULL,NULL,0,0,NULL,0,1,'0000-00-00 00:00:00',0,0,NULL,NULL,'','',0,0,NULL,0,NULL,'0000-00-00 00:00:00'),(791,NULL,0,'Tierra','Willms','1953-04-15','F',0,1,'2022-05-10 00:30:01',NULL,NULL,NULL,NULL,'3554','','','',5,NULL,NULL,0,0,NULL,0,1,'0000-00-00 00:00:00',0,0,NULL,NULL,'','',0,0,NULL,0,NULL,'0000-00-00 00:00:00'),(792,791,0,'Weston','Willms','2011-03-26','M',0,1,'2022-05-10 00:30:01',NULL,NULL,NULL,NULL,'3554','','','',5,NULL,NULL,0,0,NULL,0,1,'0000-00-00 00:00:00',0,0,NULL,NULL,'','',0,0,NULL,0,NULL,'0000-00-00 00:00:00'),(793,791,0,'Cristal','Willms','2018-02-07','F',0,1,'2022-05-10 00:30:01',NULL,NULL,NULL,NULL,'3554','','','',5,NULL,NULL,0,0,NULL,0,1,'0000-00-00 00:00:00',0,0,NULL,NULL,'','',0,0,NULL,0,NULL,'0000-00-00 00:00:00'),(794,791,0,'Rene','Willms','2014-03-24','M',0,1,'2022-05-10 00:30:01',NULL,NULL,NULL,NULL,'3554','','','',5,NULL,NULL,0,0,NULL,0,1,'0000-00-00 00:00:00',0,0,NULL,NULL,'','',0,0,NULL,0,NULL,'0000-00-00 00:00:00'),(795,NULL,0,'Brittany','Windler','1967-10-09','F',0,1,'2022-05-10 00:30:01',NULL,NULL,NULL,NULL,'2723','','','',5,NULL,NULL,0,0,NULL,0,1,'0000-00-00 00:00:00',0,0,NULL,NULL,'','',0,0,NULL,0,NULL,'0000-00-00 00:00:00'),(796,NULL,0,'Joyce','Stracke','1980-02-02','F',0,1,'2022-05-10 00:30:01',NULL,NULL,NULL,NULL,'9954','','','',5,NULL,NULL,0,0,NULL,0,1,'0000-00-00 00:00:00',0,0,NULL,NULL,'','',0,0,NULL,0,NULL,'0000-00-00 00:00:00'),(797,796,0,'Alexie','Stracke','2016-08-08','M',0,1,'2022-05-10 00:30:01',NULL,NULL,NULL,NULL,'9954','','','',5,NULL,NULL,0,0,NULL,0,1,'0000-00-00 00:00:00',0,0,NULL,NULL,'','',0,0,NULL,0,NULL,'0000-00-00 00:00:00'),(798,NULL,0,'Leila','Nicolas','1980-09-25','F',0,1,'2022-05-10 00:30:01',NULL,NULL,NULL,NULL,'2725','','','',5,NULL,NULL,0,0,NULL,0,1,'0000-00-00 00:00:00',0,0,NULL,NULL,'','',0,0,NULL,0,NULL,'0000-00-00 00:00:00'),(799,798,0,'Donald','Nicolas','2019-10-03','M',0,1,'2022-05-10 00:30:01',NULL,NULL,NULL,NULL,'2725','','','',5,NULL,NULL,0,0,NULL,0,1,'0000-00-00 00:00:00',0,0,NULL,NULL,'','',0,0,NULL,0,NULL,'0000-00-00 00:00:00'),(800,798,0,'Corine','Nicolas','2011-01-13','F',0,1,'2022-05-10 00:30:01',NULL,NULL,NULL,NULL,'2725','','','',5,NULL,NULL,0,0,NULL,0,1,'0000-00-00 00:00:00',0,0,NULL,NULL,'','',0,0,NULL,0,NULL,'0000-00-00 00:00:00'),(801,798,0,'Tyrese','Nicolas','2012-11-12','M',0,1,'2022-05-10 00:30:01',NULL,NULL,NULL,NULL,'2725','','','',5,NULL,NULL,0,0,NULL,0,1,'0000-00-00 00:00:00',0,0,NULL,NULL,'','',0,0,NULL,0,NULL,'0000-00-00 00:00:00'),(802,798,0,'Verna','Nicolas','2019-10-15','F',0,1,'2022-05-10 00:30:01',NULL,NULL,NULL,NULL,'2725','','','',5,NULL,NULL,0,0,NULL,0,1,'0000-00-00 00:00:00',0,0,NULL,NULL,'','',0,0,NULL,0,NULL,'0000-00-00 00:00:00'),(803,798,0,'Vinnie','Nicolas','2008-03-27','M',0,1,'2022-05-10 00:30:01',NULL,NULL,NULL,NULL,'2725','','','',5,NULL,NULL,0,0,NULL,0,1,'0000-00-00 00:00:00',0,0,NULL,NULL,'','',0,0,NULL,0,NULL,'0000-00-00 00:00:00'),(804,798,0,'Ida','Nicolas','2009-02-13','F',0,1,'2022-05-10 00:30:01',NULL,NULL,NULL,NULL,'2725','','','',5,NULL,NULL,0,0,NULL,0,1,'0000-00-00 00:00:00',0,0,NULL,NULL,'','',0,0,NULL,0,NULL,'0000-00-00 00:00:00'),(805,798,0,'Mariano','Nicolas','2009-11-10','M',0,1,'2022-05-10 00:30:01',NULL,NULL,NULL,NULL,'2725','','','',5,NULL,NULL,0,0,NULL,0,1,'0000-00-00 00:00:00',0,0,NULL,NULL,'','',0,0,NULL,0,NULL,'0000-00-00 00:00:00'),(806,798,0,'Rosalinda','Nicolas','2010-07-29','F',0,1,'2022-05-10 00:30:01',NULL,NULL,NULL,NULL,'2725','','','',5,NULL,NULL,0,0,NULL,0,1,'0000-00-00 00:00:00',0,0,NULL,NULL,'','',0,0,NULL,0,NULL,'0000-00-00 00:00:00'),(807,NULL,0,'Faye','Torp','1993-07-05','F',0,1,'2022-05-10 00:30:01',NULL,NULL,NULL,NULL,'8082','','','',5,NULL,NULL,0,0,NULL,0,1,'0000-00-00 00:00:00',0,0,NULL,NULL,'','',0,0,NULL,0,NULL,'0000-00-00 00:00:00'),(808,807,0,'Mauricio','Torp','2014-12-26','M',0,1,'2022-05-10 00:30:01',NULL,NULL,NULL,NULL,'8082','','','',5,NULL,NULL,0,0,NULL,0,1,'0000-00-00 00:00:00',0,0,NULL,NULL,'','',0,0,NULL,0,NULL,'0000-00-00 00:00:00'),(809,807,0,'Madalyn','Torp','2019-02-01','F',0,1,'2022-05-10 00:30:01',NULL,NULL,NULL,NULL,'8082','','','',5,NULL,NULL,0,0,NULL,0,1,'0000-00-00 00:00:00',0,0,NULL,NULL,'','',0,0,NULL,0,NULL,'0000-00-00 00:00:00'),(810,807,0,'Lauriane','Torp','2015-05-17','F',0,1,'2022-05-10 00:30:01',NULL,NULL,NULL,NULL,'8082','','','',5,NULL,NULL,0,0,NULL,0,1,'0000-00-00 00:00:00',0,0,NULL,NULL,'','',0,0,NULL,0,NULL,'0000-00-00 00:00:00'),(811,807,0,'Alyson','Torp','2017-01-25','F',0,1,'2022-05-10 00:30:01',NULL,NULL,NULL,NULL,'8082','','','',5,NULL,NULL,0,0,NULL,0,1,'0000-00-00 00:00:00',0,0,NULL,NULL,'','',0,0,NULL,0,NULL,'0000-00-00 00:00:00'),(812,807,0,'Maya','Torp','2020-12-24','F',0,1,'2022-05-10 00:30:01',NULL,NULL,NULL,NULL,'8082','','','',5,NULL,NULL,0,0,NULL,0,1,'0000-00-00 00:00:00',0,0,NULL,NULL,'','',0,0,NULL,0,NULL,'0000-00-00 00:00:00'),(813,807,0,'Neva','Torp','2012-09-02','F',0,1,'2022-05-10 00:30:01',NULL,NULL,NULL,NULL,'8082','','','',5,NULL,NULL,0,0,NULL,0,1,'0000-00-00 00:00:00',0,0,NULL,NULL,'','',0,0,NULL,0,NULL,'0000-00-00 00:00:00'),(814,807,0,'Selina','Torp','2010-09-20','F',0,1,'2022-05-10 00:30:01',NULL,NULL,NULL,NULL,'8082','','','',5,NULL,NULL,0,0,NULL,0,1,'0000-00-00 00:00:00',0,0,NULL,NULL,'','',0,0,NULL,0,NULL,'0000-00-00 00:00:00'),(815,807,0,'Jany','Torp','2022-05-07','F',0,1,'2022-05-10 00:30:01',NULL,NULL,NULL,NULL,'8082','','','',5,NULL,NULL,0,0,NULL,0,1,'0000-00-00 00:00:00',0,0,NULL,NULL,'','',0,0,NULL,0,NULL,'0000-00-00 00:00:00'),(816,807,0,'Earnestine','Torp','2015-05-23','F',0,1,'2022-05-10 00:30:01',NULL,NULL,NULL,NULL,'8082','','','',5,NULL,NULL,0,0,NULL,0,1,'0000-00-00 00:00:00',0,0,NULL,NULL,'','',0,0,NULL,0,NULL,'0000-00-00 00:00:00'),(817,807,0,'Lewis','Torp','2016-06-26','M',0,1,'2022-05-10 00:30:01',NULL,NULL,NULL,NULL,'8082','','','',5,NULL,NULL,0,0,NULL,0,1,'0000-00-00 00:00:00',0,0,NULL,NULL,'','',0,0,NULL,0,NULL,'0000-00-00 00:00:00'),(818,NULL,0,'Ricardo','Robel','1970-09-05','M',0,1,'2022-05-10 00:30:01',NULL,NULL,NULL,NULL,'4633','','','',5,NULL,NULL,0,0,NULL,0,1,'0000-00-00 00:00:00',0,0,NULL,NULL,'','',0,0,NULL,0,NULL,'0000-00-00 00:00:00'),(819,818,0,'Verna','Robel','2009-04-19','F',0,1,'2022-05-10 00:30:01',NULL,NULL,NULL,NULL,'4633','','','',5,NULL,NULL,0,0,NULL,0,1,'0000-00-00 00:00:00',0,0,NULL,NULL,'','',0,0,NULL,0,NULL,'0000-00-00 00:00:00'),(820,NULL,0,'Hortense','Lockman','1965-02-18','F',0,1,'2022-05-10 00:30:01',NULL,NULL,NULL,NULL,'5701','','','',5,NULL,NULL,0,0,NULL,0,1,'0000-00-00 00:00:00',0,0,NULL,NULL,'','',0,0,NULL,0,NULL,'0000-00-00 00:00:00'),(821,820,0,'Garret','Lockman','2009-11-15','M',0,1,'2022-05-10 00:30:01',NULL,NULL,NULL,NULL,'5701','','','',5,NULL,NULL,0,0,NULL,0,1,'0000-00-00 00:00:00',0,0,NULL,NULL,'','',0,0,NULL,0,NULL,'0000-00-00 00:00:00'),(822,820,0,'Sonny','Lockman','2009-07-15','M',0,1,'2022-05-10 00:30:01',NULL,NULL,NULL,NULL,'5701','','','',5,NULL,NULL,0,0,NULL,0,1,'0000-00-00 00:00:00',0,0,NULL,NULL,'','',0,0,NULL,0,NULL,'0000-00-00 00:00:00'),(823,NULL,0,'Dasia','Zulauf','1976-04-21','F',0,1,'2022-05-10 00:30:01',NULL,NULL,NULL,NULL,'3284','','','',5,NULL,NULL,0,0,NULL,0,1,'2022-08-08 11:22:57',0,0,NULL,NULL,'','',0,0,NULL,0,NULL,'0000-00-00 00:00:00'),(824,NULL,0,'Yvette','Ernser','1960-07-14','F',0,1,'2022-05-10 00:30:01',NULL,NULL,NULL,NULL,'6438','','','',5,NULL,NULL,0,0,NULL,0,1,'0000-00-00 00:00:00',0,0,NULL,NULL,'','',0,0,NULL,0,NULL,'0000-00-00 00:00:00'),(825,NULL,0,'Evalyn','Sipes','1958-06-04','F',0,1,'2022-05-10 00:30:01',NULL,NULL,NULL,NULL,'6521','','','',5,NULL,NULL,0,0,NULL,0,1,'0000-00-00 00:00:00',0,0,NULL,NULL,'','',0,0,NULL,0,NULL,'0000-00-00 00:00:00'),(826,825,0,'Lily','Sipes','2012-05-07','F',0,1,'2022-05-10 00:30:01',NULL,NULL,NULL,NULL,'6521','','','',5,NULL,NULL,0,0,NULL,0,1,'0000-00-00 00:00:00',0,0,NULL,NULL,'','',0,0,NULL,0,NULL,'0000-00-00 00:00:00'),(827,825,0,'Rosemarie','Sipes','2020-05-16','F',0,1,'2022-05-10 00:30:01',NULL,NULL,NULL,NULL,'6521','','','',5,NULL,NULL,0,0,NULL,0,1,'0000-00-00 00:00:00',0,0,NULL,NULL,'','',0,0,NULL,0,NULL,'0000-00-00 00:00:00'),(828,NULL,0,'Clotilde','Paucek','1993-02-20','F',0,1,'2022-05-10 00:30:01',NULL,NULL,NULL,NULL,'7236','','','',5,NULL,NULL,0,0,NULL,0,1,'0000-00-00 00:00:00',0,0,NULL,NULL,'','',0,0,NULL,0,NULL,'0000-00-00 00:00:00'),(829,828,0,'Fabian','Paucek','2019-01-15','M',0,1,'2022-05-10 00:30:01',NULL,NULL,NULL,NULL,'7236','','','',5,NULL,NULL,0,0,NULL,0,1,'0000-00-00 00:00:00',0,0,NULL,NULL,'','',0,0,NULL,0,NULL,'0000-00-00 00:00:00'),(830,NULL,0,'Erich','Huels','1990-11-04','M',0,1,'2022-05-10 00:30:01',NULL,NULL,NULL,NULL,'1050','','','',5,NULL,NULL,0,0,NULL,0,1,'0000-00-00 00:00:00',0,0,NULL,NULL,'','',0,0,NULL,0,NULL,'0000-00-00 00:00:00'),(831,NULL,0,'Mazie','Zemlak','1986-11-22','F',0,1,'2022-05-10 00:30:01',NULL,NULL,NULL,NULL,'5978','','','',5,NULL,NULL,0,0,NULL,0,1,'0000-00-00 00:00:00',0,0,NULL,NULL,'','',0,0,NULL,0,NULL,'0000-00-00 00:00:00'),(832,NULL,0,'Kaya','Jones','1966-03-30','F',0,1,'2022-05-10 00:30:01',NULL,NULL,NULL,NULL,'1873','','','',5,NULL,NULL,0,0,NULL,0,1,'0000-00-00 00:00:00',0,0,NULL,NULL,'','',0,0,NULL,0,NULL,'0000-00-00 00:00:00'),(833,832,0,'Brionna','Jones','2020-12-15','F',0,1,'2022-05-10 00:30:01',NULL,NULL,NULL,NULL,'1873','','','',5,NULL,NULL,0,0,NULL,0,1,'0000-00-00 00:00:00',0,0,NULL,NULL,'','',0,0,NULL,0,NULL,'0000-00-00 00:00:00'),(834,832,0,'Marcia','Jones','2014-03-30','F',0,1,'2022-05-10 00:30:01',NULL,NULL,NULL,NULL,'1873','','','',5,NULL,NULL,0,0,NULL,0,1,'0000-00-00 00:00:00',0,0,NULL,NULL,'','',0,0,NULL,0,NULL,'0000-00-00 00:00:00'),(835,NULL,0,'Elna','Ebert','1959-10-05','F',0,1,'2022-05-10 00:30:01',NULL,NULL,NULL,NULL,'9360','','','',5,NULL,NULL,0,0,NULL,0,1,'0000-00-00 00:00:00',0,0,NULL,NULL,'','',0,0,NULL,0,NULL,'0000-00-00 00:00:00'),(836,835,0,'Evie','Ebert','2015-12-26','F',0,1,'2022-05-10 00:30:01',NULL,NULL,NULL,NULL,'9360','','','',5,NULL,NULL,0,0,NULL,0,1,'0000-00-00 00:00:00',0,0,NULL,NULL,'','',0,0,NULL,0,NULL,'0000-00-00 00:00:00'),(837,NULL,0,'Dawson','Aufderhar','1976-11-24','M',0,1,'2022-05-10 00:30:01',NULL,NULL,NULL,NULL,'1282','','','',5,NULL,NULL,0,0,NULL,0,1,'0000-00-00 00:00:00',0,0,NULL,NULL,'','',0,0,NULL,0,NULL,'0000-00-00 00:00:00'),(838,837,0,'Kaley','Aufderhar','2019-02-17','M',0,1,'2022-05-10 00:30:01',NULL,NULL,NULL,NULL,'1282','','','',5,NULL,NULL,0,0,NULL,0,1,'0000-00-00 00:00:00',0,0,NULL,NULL,'','',0,0,NULL,0,NULL,'0000-00-00 00:00:00'),(839,837,0,'Sofia','Aufderhar','2010-05-28','M',0,1,'2022-05-10 00:30:01',NULL,NULL,NULL,NULL,'1282','','','',5,NULL,NULL,0,0,NULL,0,1,'0000-00-00 00:00:00',0,0,NULL,NULL,'','',0,0,NULL,0,NULL,'0000-00-00 00:00:00'),(840,837,0,'Lisette','Aufderhar','2010-05-26','F',0,1,'2022-05-10 00:30:01',NULL,NULL,NULL,NULL,'1282','','','',5,NULL,NULL,0,0,NULL,0,1,'0000-00-00 00:00:00',0,0,NULL,NULL,'','',0,0,NULL,0,NULL,'0000-00-00 00:00:00'),(841,NULL,0,'Adonis','Weimann','1945-11-17','M',0,1,'2022-05-10 00:30:01',NULL,NULL,NULL,NULL,'3678','','','',5,NULL,NULL,0,0,NULL,0,1,'0000-00-00 00:00:00',0,0,NULL,NULL,'','',0,0,NULL,0,NULL,'0000-00-00 00:00:00'),(842,841,0,'Freeman','Weimann','2019-08-15','M',0,1,'2022-05-10 00:30:01',NULL,NULL,NULL,NULL,'3678','','','',5,NULL,NULL,0,0,NULL,0,1,'0000-00-00 00:00:00',0,0,NULL,NULL,'','',0,0,NULL,0,NULL,'0000-00-00 00:00:00'),(843,841,0,'Clifton','Weimann','2012-05-09','M',0,1,'2022-05-10 00:30:01',NULL,NULL,NULL,NULL,'3678','','','',5,NULL,NULL,0,0,NULL,0,1,'0000-00-00 00:00:00',0,0,NULL,NULL,'','',0,0,NULL,0,NULL,'0000-00-00 00:00:00'),(844,841,0,'Karli','Weimann','2017-12-09','F',0,1,'2022-05-10 00:30:01',NULL,NULL,NULL,NULL,'3678','','','',5,NULL,NULL,0,0,NULL,0,1,'0000-00-00 00:00:00',0,0,NULL,NULL,'','',0,0,NULL,0,NULL,'0000-00-00 00:00:00'),(845,841,0,'Jon','Weimann','2009-06-07','M',0,1,'2022-05-10 00:30:01',NULL,NULL,NULL,NULL,'3678','','','',5,NULL,NULL,0,0,NULL,0,1,'0000-00-00 00:00:00',0,0,NULL,NULL,'','',0,0,NULL,0,NULL,'0000-00-00 00:00:00'),(846,841,0,'George','Weimann','2017-07-18','M',0,1,'2022-05-10 00:30:01',NULL,NULL,NULL,NULL,'3678','','','',5,NULL,NULL,0,0,NULL,0,1,'0000-00-00 00:00:00',0,0,NULL,NULL,'','',0,0,NULL,0,NULL,'0000-00-00 00:00:00'),(847,841,0,'Natalia','Weimann','2021-12-06','F',0,1,'2022-05-10 00:30:01',NULL,NULL,NULL,NULL,'3678','','','',5,NULL,NULL,0,0,NULL,0,1,'0000-00-00 00:00:00',0,0,NULL,NULL,'','',0,0,NULL,0,NULL,'0000-00-00 00:00:00'),(848,841,0,'Gracie','Weimann','2009-05-20','F',0,1,'2022-05-10 00:30:01',NULL,NULL,NULL,NULL,'3678','','','',5,NULL,NULL,0,0,NULL,0,1,'0000-00-00 00:00:00',0,0,NULL,NULL,'','',0,0,NULL,0,NULL,'0000-00-00 00:00:00'),(849,841,0,'Charley','Weimann','2012-08-02','M',0,1,'2022-05-10 00:30:01',NULL,NULL,NULL,NULL,'3678','','','',5,NULL,NULL,0,0,NULL,0,1,'0000-00-00 00:00:00',0,0,NULL,NULL,'','',0,0,NULL,0,NULL,'0000-00-00 00:00:00'),(850,841,0,'Lonzo','Weimann','2016-12-11','M',0,1,'2022-05-10 00:30:01',NULL,NULL,NULL,NULL,'3678','','','',5,NULL,NULL,0,0,NULL,0,1,'0000-00-00 00:00:00',0,0,NULL,NULL,'','',0,0,NULL,0,NULL,'0000-00-00 00:00:00'),(851,NULL,0,'Zackery','Kshlerin','1983-06-15','M',0,1,'2022-05-10 00:30:01',NULL,NULL,NULL,NULL,'5073','','','',5,NULL,NULL,0,0,NULL,0,1,'0000-00-00 00:00:00',0,0,NULL,NULL,'','',0,0,NULL,0,NULL,'0000-00-00 00:00:00'),(852,NULL,0,'Joel','Heaney','1998-01-05','M',0,1,'2022-05-10 00:30:01',NULL,NULL,NULL,NULL,'3730','','','',5,NULL,NULL,0,0,NULL,0,1,'0000-00-00 00:00:00',0,0,NULL,NULL,'','',0,0,NULL,0,NULL,'0000-00-00 00:00:00'),(853,852,0,'Gerson','Heaney','2019-07-10','M',0,1,'2022-05-10 00:30:01',NULL,NULL,NULL,NULL,'3730','','','',5,NULL,NULL,0,0,NULL,0,1,'0000-00-00 00:00:00',0,0,NULL,NULL,'','',0,0,NULL,0,NULL,'0000-00-00 00:00:00'),(854,852,0,'Garland','Heaney','2020-10-19','M',0,1,'2022-05-10 00:30:01',NULL,NULL,NULL,NULL,'3730','','','',5,NULL,NULL,0,0,NULL,0,1,'0000-00-00 00:00:00',0,0,NULL,NULL,'','',0,0,NULL,0,NULL,'0000-00-00 00:00:00'),(855,852,0,'Megane','Heaney','2020-06-02','F',0,1,'2022-05-10 00:30:01',NULL,NULL,NULL,NULL,'3730','','','',5,NULL,NULL,0,0,NULL,0,1,'0000-00-00 00:00:00',0,0,NULL,NULL,'','',0,0,NULL,0,NULL,'0000-00-00 00:00:00'),(856,NULL,0,'Laurie','Dicki','1956-01-09','F',0,1,'2022-05-10 00:30:01',NULL,NULL,NULL,NULL,'6443','','','',5,NULL,NULL,0,0,NULL,0,1,'0000-00-00 00:00:00',0,0,NULL,NULL,'','',0,0,NULL,0,NULL,'0000-00-00 00:00:00'),(857,856,0,'Jany','Dicki','2022-02-19','F',0,1,'2022-05-10 00:30:01',NULL,NULL,NULL,NULL,'6443','','','',5,NULL,NULL,0,0,NULL,0,1,'0000-00-00 00:00:00',0,0,NULL,NULL,'','',0,0,NULL,0,NULL,'0000-00-00 00:00:00'),(858,856,0,'Kade','Dicki','2008-07-12','M',0,1,'2022-05-10 00:30:01',NULL,NULL,NULL,NULL,'6443','','','',5,NULL,NULL,0,0,NULL,0,1,'0000-00-00 00:00:00',0,0,NULL,NULL,'','',0,0,NULL,0,NULL,'0000-00-00 00:00:00'),(859,NULL,0,'Austyn','Kuhlman','1954-03-09','M',0,1,'2022-05-10 00:30:01',NULL,NULL,NULL,NULL,'9836','','','',5,NULL,NULL,0,0,NULL,0,1,'0000-00-00 00:00:00',0,0,NULL,NULL,'','',0,0,NULL,0,NULL,'0000-00-00 00:00:00'),(860,NULL,0,'Camron','Thiel','1952-02-09','M',0,1,'2022-05-10 00:30:01',NULL,NULL,NULL,NULL,'3029','','','',5,NULL,NULL,0,0,NULL,0,1,'0000-00-00 00:00:00',0,0,NULL,NULL,'','',0,0,NULL,0,NULL,'0000-00-00 00:00:00'),(861,NULL,0,'Sarai','Balistreri','1988-10-12','F',0,1,'2022-05-10 00:30:01',NULL,NULL,NULL,NULL,'9272','','','',5,NULL,NULL,0,0,NULL,0,1,'0000-00-00 00:00:00',0,0,NULL,NULL,'','',0,0,NULL,0,NULL,'0000-00-00 00:00:00'),(862,NULL,0,'Gerda','Schmidt','1966-07-02','F',0,1,'2022-05-10 00:30:01',NULL,NULL,NULL,NULL,'3349','','','',5,NULL,NULL,0,0,NULL,0,1,'0000-00-00 00:00:00',0,0,NULL,NULL,'','',0,0,NULL,0,NULL,'0000-00-00 00:00:00'),(863,862,0,'Ana','Schmidt','2014-01-12','F',0,1,'2022-05-10 00:30:01',NULL,NULL,NULL,NULL,'3349','','','',5,NULL,NULL,0,0,NULL,0,1,'0000-00-00 00:00:00',0,0,NULL,NULL,'','',0,0,NULL,0,NULL,'0000-00-00 00:00:00'),(864,862,0,'Golda','Schmidt','2010-07-30','F',0,1,'2022-05-10 00:30:01',NULL,NULL,NULL,NULL,'3349','','','',5,NULL,NULL,0,0,NULL,0,1,'0000-00-00 00:00:00',0,0,NULL,NULL,'','',0,0,NULL,0,NULL,'0000-00-00 00:00:00'),(865,862,0,'Abbie','Schmidt','2018-09-18','F',0,1,'2022-05-10 00:30:01',NULL,NULL,NULL,NULL,'3349','','','',5,NULL,NULL,0,0,NULL,0,1,'0000-00-00 00:00:00',0,0,NULL,NULL,'','',0,0,NULL,0,NULL,'0000-00-00 00:00:00'),(866,NULL,0,'Haylie','Sipes','1955-05-19','F',0,1,'2022-05-10 00:30:01',NULL,NULL,NULL,NULL,'1176','','','',5,NULL,NULL,0,0,NULL,0,1,'0000-00-00 00:00:00',0,0,NULL,NULL,'','',0,0,NULL,0,NULL,'0000-00-00 00:00:00'),(867,866,0,'Ashley','Sipes','2016-07-09','F',0,1,'2022-05-10 00:30:01',NULL,NULL,NULL,NULL,'1176','','','',5,NULL,NULL,0,0,NULL,0,1,'0000-00-00 00:00:00',0,0,NULL,NULL,'','',0,0,NULL,0,NULL,'0000-00-00 00:00:00'),(868,NULL,0,'Chase','Schinner','1962-10-21','M',0,1,'2022-05-10 00:30:01',NULL,NULL,NULL,NULL,'5601','','','',5,NULL,NULL,0,0,NULL,0,1,'0000-00-00 00:00:00',0,0,NULL,NULL,'','',0,0,NULL,0,NULL,'0000-00-00 00:00:00'),(869,868,0,'Manuel','Schinner','2011-01-16','M',0,1,'2022-05-10 00:30:01',NULL,NULL,NULL,NULL,'5601','','','',5,NULL,NULL,0,0,NULL,0,1,'0000-00-00 00:00:00',0,0,NULL,NULL,'','',0,0,NULL,0,NULL,'0000-00-00 00:00:00'),(870,NULL,0,'Salma','Roob','1942-11-10','F',0,1,'2022-05-10 00:30:01',NULL,NULL,NULL,NULL,'1375','','','',5,NULL,NULL,0,0,NULL,0,1,'0000-00-00 00:00:00',0,0,NULL,NULL,'','',0,0,NULL,0,NULL,'0000-00-00 00:00:00'),(871,NULL,0,'Terence','Nikolaus','1978-07-02','M',0,1,'2022-05-10 00:30:01',NULL,NULL,NULL,NULL,'3762','','','',5,NULL,NULL,0,0,NULL,0,1,'0000-00-00 00:00:00',0,0,NULL,NULL,'','',0,0,NULL,0,NULL,'0000-00-00 00:00:00'),(872,NULL,0,'Xzavier','Feil','1982-05-17','M',0,1,'2022-05-10 00:30:01',NULL,NULL,NULL,NULL,'5332','','','',5,NULL,NULL,0,0,NULL,0,1,'0000-00-00 00:00:00',0,0,NULL,NULL,'','',0,0,NULL,0,NULL,'0000-00-00 00:00:00'),(873,872,0,'Mozelle','Feil','2012-02-11','F',0,1,'2022-05-10 00:30:01',NULL,NULL,NULL,NULL,'5332','','','',5,NULL,NULL,0,0,NULL,0,1,'0000-00-00 00:00:00',0,0,NULL,NULL,'','',0,0,NULL,0,NULL,'0000-00-00 00:00:00'),(874,872,0,'Thora','Feil','2012-11-01','F',0,1,'2022-05-10 00:30:01',NULL,NULL,NULL,NULL,'5332','','','',5,NULL,NULL,0,0,NULL,0,1,'0000-00-00 00:00:00',0,0,NULL,NULL,'','',0,0,NULL,0,NULL,'0000-00-00 00:00:00'),(875,NULL,0,'Cassandre','McKenzie','1963-12-12','F',0,1,'2022-05-10 00:30:01',NULL,NULL,NULL,NULL,'6938','','','',5,NULL,NULL,0,0,NULL,0,1,'0000-00-00 00:00:00',0,0,NULL,NULL,'','',0,0,NULL,0,NULL,'0000-00-00 00:00:00'),(876,875,0,'Dedric','McKenzie','2009-07-03','M',0,1,'2022-05-10 00:30:01',NULL,NULL,NULL,NULL,'6938','','','',5,NULL,NULL,0,0,NULL,0,1,'0000-00-00 00:00:00',0,0,NULL,NULL,'','',0,0,NULL,0,NULL,'0000-00-00 00:00:00'),(877,875,0,'Florence','McKenzie','2019-10-15','F',0,1,'2022-05-10 00:30:01',NULL,NULL,NULL,NULL,'6938','','','',5,NULL,NULL,0,0,NULL,0,1,'0000-00-00 00:00:00',0,0,NULL,NULL,'','',0,0,NULL,0,NULL,'0000-00-00 00:00:00'),(878,875,0,'Edyth','McKenzie','2009-10-11','F',0,1,'2022-05-10 00:30:01',NULL,NULL,NULL,NULL,'6938','','','',5,NULL,NULL,0,0,NULL,0,1,'0000-00-00 00:00:00',0,0,NULL,NULL,'','',0,0,NULL,0,NULL,'0000-00-00 00:00:00'),(879,875,0,'Darian','McKenzie','2018-03-18','M',0,1,'2022-05-10 00:30:01',NULL,NULL,NULL,NULL,'6938','','','',5,NULL,NULL,0,0,NULL,0,1,'0000-00-00 00:00:00',0,0,NULL,NULL,'','',0,0,NULL,0,NULL,'0000-00-00 00:00:00'),(880,875,0,'Katheryn','McKenzie','2008-11-13','F',0,1,'2022-05-10 00:30:01',NULL,NULL,NULL,NULL,'6938','','','',5,NULL,NULL,0,0,NULL,0,1,'0000-00-00 00:00:00',0,0,NULL,NULL,'','',0,0,NULL,0,NULL,'0000-00-00 00:00:00'),(881,875,0,'Leonard','McKenzie','2016-04-13','M',0,1,'2022-05-10 00:30:01',NULL,NULL,NULL,NULL,'6938','','','',5,NULL,NULL,0,0,NULL,0,1,'0000-00-00 00:00:00',0,0,NULL,NULL,'','',0,0,NULL,0,NULL,'0000-00-00 00:00:00'),(882,875,0,'Porter','McKenzie','2017-09-23','M',0,1,'2022-05-10 00:30:01',NULL,NULL,NULL,NULL,'6938','','','',5,NULL,NULL,0,0,NULL,0,1,'0000-00-00 00:00:00',0,0,NULL,NULL,'','',0,0,NULL,0,NULL,'0000-00-00 00:00:00'),(883,NULL,0,'Rosie','Rath','1982-05-07','F',0,1,'2022-05-10 00:30:01',NULL,NULL,NULL,NULL,'5953','','','',5,NULL,NULL,0,0,NULL,0,1,'0000-00-00 00:00:00',0,0,NULL,NULL,'','',0,0,NULL,0,NULL,'0000-00-00 00:00:00'),(884,NULL,0,'May','Ritchie','2003-05-02','F',0,1,'2022-05-10 00:30:01',NULL,NULL,NULL,NULL,'1024','','','',5,NULL,NULL,0,0,NULL,0,1,'0000-00-00 00:00:00',0,0,NULL,NULL,'','',0,0,NULL,0,NULL,'0000-00-00 00:00:00'),(885,NULL,0,'Lucius','Hegmann','1949-11-26','M',0,1,'2022-05-10 00:30:01',NULL,NULL,NULL,NULL,'3622','','','',5,NULL,NULL,0,0,NULL,0,1,'0000-00-00 00:00:00',0,0,NULL,NULL,'','',0,0,NULL,0,NULL,'0000-00-00 00:00:00'),(886,885,0,'Ollie','Hegmann','2022-03-03','F',0,1,'2022-05-10 00:30:01',NULL,NULL,NULL,NULL,'3622','','','',5,NULL,NULL,0,0,NULL,0,1,'0000-00-00 00:00:00',0,0,NULL,NULL,'','',0,0,NULL,0,NULL,'0000-00-00 00:00:00'),(887,NULL,0,'Hermann','Jacobi','1946-07-17','M',0,1,'2022-05-10 00:30:01',NULL,NULL,NULL,NULL,'5190','','','',5,NULL,NULL,0,0,NULL,0,1,'0000-00-00 00:00:00',0,0,NULL,NULL,'','',0,0,NULL,0,NULL,'0000-00-00 00:00:00'),(888,887,0,'Delaney','Jacobi','2015-03-20','M',0,1,'2022-05-10 00:30:01',NULL,NULL,NULL,NULL,'5190','','','',5,NULL,NULL,0,0,NULL,0,1,'0000-00-00 00:00:00',0,0,NULL,NULL,'','',0,0,NULL,0,NULL,'0000-00-00 00:00:00'),(889,NULL,0,'Sierra','Frami','1967-09-28','F',0,1,'2022-05-10 00:30:01',NULL,NULL,NULL,NULL,'6432','','','',5,NULL,NULL,0,0,NULL,0,1,'0000-00-00 00:00:00',0,0,NULL,NULL,'','',0,0,NULL,0,NULL,'0000-00-00 00:00:00'),(890,889,0,'Sigrid','Frami','2015-05-05','M',0,1,'2022-05-10 00:30:01',NULL,NULL,NULL,NULL,'6432','','','',5,NULL,NULL,0,0,NULL,0,1,'0000-00-00 00:00:00',0,0,NULL,NULL,'','',0,0,NULL,0,NULL,'0000-00-00 00:00:00'),(891,889,0,'Alysson','Frami','2019-09-23','F',0,1,'2022-05-10 00:30:01',NULL,NULL,NULL,NULL,'6432','','','',5,NULL,NULL,0,0,NULL,0,1,'0000-00-00 00:00:00',0,0,NULL,NULL,'','',0,0,NULL,0,NULL,'0000-00-00 00:00:00'),(892,889,0,'Michael','Frami','2021-07-10','M',0,1,'2022-05-10 00:30:01',NULL,NULL,NULL,NULL,'6432','','','',5,NULL,NULL,0,0,NULL,0,1,'0000-00-00 00:00:00',0,0,NULL,NULL,'','',0,0,NULL,0,NULL,'0000-00-00 00:00:00'),(893,889,0,'Jaron','Frami','2012-08-18','M',0,1,'2022-05-10 00:30:01',NULL,NULL,NULL,NULL,'6432','','','',5,NULL,NULL,0,0,NULL,0,1,'0000-00-00 00:00:00',0,0,NULL,NULL,'','',0,0,NULL,0,NULL,'0000-00-00 00:00:00'),(894,889,0,'Derrick','Frami','2009-10-11','M',0,1,'2022-05-10 00:30:01',NULL,NULL,NULL,NULL,'6432','','','',5,NULL,NULL,0,0,NULL,0,1,'0000-00-00 00:00:00',0,0,NULL,NULL,'','',0,0,NULL,0,NULL,'0000-00-00 00:00:00'),(895,889,0,'Jewell','Frami','2009-09-23','F',0,1,'2022-05-10 00:30:01',NULL,NULL,NULL,NULL,'6432','','','',5,NULL,NULL,0,0,NULL,0,1,'0000-00-00 00:00:00',0,0,NULL,NULL,'','',0,0,NULL,0,NULL,'0000-00-00 00:00:00'),(896,NULL,0,'Patrick','Jacobi','1980-04-02','M',0,1,'2022-05-10 00:30:01',NULL,NULL,NULL,NULL,'6769','','','',5,NULL,NULL,0,0,NULL,0,1,'0000-00-00 00:00:00',0,0,NULL,NULL,'','',0,0,NULL,0,NULL,'0000-00-00 00:00:00'),(897,896,0,'Claudine','Jacobi','2018-01-15','F',0,1,'2022-05-10 00:30:01',NULL,NULL,NULL,NULL,'6769','','','',5,NULL,NULL,0,0,NULL,0,1,'0000-00-00 00:00:00',0,0,NULL,NULL,'','',0,0,NULL,0,NULL,'0000-00-00 00:00:00'),(898,896,0,'Alexandre','Jacobi','2014-06-29','M',0,1,'2022-05-10 00:30:01',NULL,NULL,NULL,NULL,'6769','','','',5,NULL,NULL,0,0,NULL,0,1,'0000-00-00 00:00:00',0,0,NULL,NULL,'','',0,0,NULL,0,NULL,'0000-00-00 00:00:00'),(899,896,0,'Unique','Jacobi','2019-06-29','M',0,1,'2022-05-10 00:30:01',NULL,NULL,NULL,NULL,'6769','','','',5,NULL,NULL,0,0,NULL,0,1,'0000-00-00 00:00:00',0,0,NULL,NULL,'','',0,0,NULL,0,NULL,'0000-00-00 00:00:00'),(900,NULL,0,'Carmen','Towne','1943-02-03','F',0,1,'2022-05-10 00:30:01',NULL,NULL,NULL,NULL,'9134','','','',5,NULL,NULL,0,0,NULL,0,1,'0000-00-00 00:00:00',0,0,NULL,NULL,'','',0,0,NULL,0,NULL,'0000-00-00 00:00:00'),(901,900,0,'Conrad','Towne','2011-03-07','M',0,1,'2022-05-10 00:30:01',NULL,NULL,NULL,NULL,'9134','','','',5,NULL,NULL,0,0,NULL,0,1,'0000-00-00 00:00:00',0,0,NULL,NULL,'','',0,0,NULL,0,NULL,'0000-00-00 00:00:00'),(902,900,0,'Marisa','Towne','2016-02-06','F',0,1,'2022-05-10 00:30:01',NULL,NULL,NULL,NULL,'9134','','','',5,NULL,NULL,0,0,NULL,0,1,'0000-00-00 00:00:00',0,0,NULL,NULL,'','',0,0,NULL,0,NULL,'0000-00-00 00:00:00'),(903,NULL,0,'Anya','Kris','1983-12-15','F',0,1,'2022-05-10 00:30:01',NULL,NULL,NULL,NULL,'1990','','','',5,NULL,NULL,0,0,NULL,0,1,'0000-00-00 00:00:00',0,0,NULL,NULL,'','',0,0,NULL,0,NULL,'0000-00-00 00:00:00'),(904,NULL,0,'Harmony','Keebler','1950-10-04','F',0,1,'2022-05-10 00:30:01',NULL,NULL,NULL,NULL,'9778','','','',5,NULL,NULL,0,0,NULL,0,1,'0000-00-00 00:00:00',0,0,NULL,NULL,'','',0,0,NULL,0,NULL,'0000-00-00 00:00:00'),(905,904,0,'Destini','Keebler','2022-04-29','F',0,1,'2022-05-10 00:30:01',NULL,NULL,NULL,NULL,'9778','','','',5,NULL,NULL,0,0,NULL,0,1,'0000-00-00 00:00:00',0,0,NULL,NULL,'','',0,0,NULL,0,NULL,'0000-00-00 00:00:00'),(906,NULL,0,'Heidi','Hilpert','1977-02-21','F',0,1,'2022-05-10 00:30:01',NULL,NULL,NULL,NULL,'4495','','','',5,NULL,NULL,0,0,NULL,0,1,'0000-00-00 00:00:00',0,0,NULL,NULL,'','',0,0,NULL,0,NULL,'0000-00-00 00:00:00'),(907,906,0,'Shanon','Hilpert','2015-08-28','F',0,1,'2022-05-10 00:30:01',NULL,NULL,NULL,NULL,'4495','','','',5,NULL,NULL,0,0,NULL,0,1,'0000-00-00 00:00:00',0,0,NULL,NULL,'','',0,0,NULL,0,NULL,'0000-00-00 00:00:00'),(908,906,0,'Valentin','Hilpert','2014-07-03','M',0,1,'2022-05-10 00:30:01',NULL,NULL,NULL,NULL,'4495','','','',5,NULL,NULL,0,0,NULL,0,1,'0000-00-00 00:00:00',0,0,NULL,NULL,'','',0,0,NULL,0,NULL,'0000-00-00 00:00:00'),(909,906,0,'Edythe','Hilpert','2008-07-16','F',0,1,'2022-05-10 00:30:01',NULL,NULL,NULL,NULL,'4495','','','',5,NULL,NULL,0,0,NULL,0,1,'0000-00-00 00:00:00',0,0,NULL,NULL,'','',0,0,NULL,0,NULL,'0000-00-00 00:00:00'),(910,NULL,0,'Ubaldo','Conroy','1943-03-03','M',0,1,'2022-05-10 00:30:01',NULL,NULL,NULL,NULL,'8679','','','',5,NULL,NULL,0,0,NULL,0,1,'0000-00-00 00:00:00',0,0,NULL,NULL,'','',0,0,NULL,0,NULL,'0000-00-00 00:00:00'),(911,NULL,0,'Mac','Kihn','1977-05-28','M',0,1,'2022-05-10 00:30:01',NULL,NULL,NULL,NULL,'5309','','','',5,NULL,NULL,0,0,NULL,0,1,'0000-00-00 00:00:00',0,0,NULL,NULL,'','',0,0,NULL,0,NULL,'0000-00-00 00:00:00'),(912,911,0,'Peyton','Kihn','2009-03-28','M',0,1,'2022-05-10 00:30:01',NULL,NULL,NULL,NULL,'5309','','','',5,NULL,NULL,0,0,NULL,0,1,'0000-00-00 00:00:00',0,0,NULL,NULL,'','',0,0,NULL,0,NULL,'0000-00-00 00:00:00'),(913,NULL,0,'Kelvin','Pacocha','1986-10-28','M',0,1,'2022-05-10 00:30:01',NULL,NULL,NULL,NULL,'9822','','','',5,NULL,NULL,0,0,NULL,0,1,'0000-00-00 00:00:00',0,0,NULL,NULL,'','',0,0,NULL,0,NULL,'0000-00-00 00:00:00'),(914,NULL,0,'Gudrun','Harber','1989-02-10','F',0,1,'2022-05-10 00:30:01',NULL,NULL,NULL,NULL,'6026','','','',5,NULL,NULL,0,0,NULL,0,1,'0000-00-00 00:00:00',0,0,NULL,NULL,'','',0,0,NULL,0,NULL,'0000-00-00 00:00:00'),(915,NULL,0,'Electa','Roberts','1987-02-27','F',0,1,'2022-05-10 00:30:01',NULL,NULL,NULL,NULL,'6566','','','',5,NULL,NULL,0,0,NULL,0,1,'0000-00-00 00:00:00',0,0,NULL,NULL,'','',0,0,NULL,0,NULL,'0000-00-00 00:00:00'),(916,915,0,'Cathryn','Roberts','2016-05-03','F',0,1,'2022-05-10 00:30:01',NULL,NULL,NULL,NULL,'6566','','','',5,NULL,NULL,0,0,NULL,0,1,'0000-00-00 00:00:00',0,0,NULL,NULL,'','',0,0,NULL,0,NULL,'0000-00-00 00:00:00'),(917,NULL,0,'Myron','Lowe','1957-07-07','M',0,1,'2022-05-10 00:30:01',NULL,NULL,NULL,NULL,'8124','','','',5,NULL,NULL,0,0,NULL,0,1,'0000-00-00 00:00:00',0,0,NULL,NULL,'','',0,0,NULL,0,NULL,'0000-00-00 00:00:00'),(918,NULL,0,'Brycen','Cassin','2003-08-20','M',0,1,'2022-05-10 00:30:01',NULL,NULL,NULL,NULL,'5799','','','',5,NULL,NULL,0,0,NULL,0,1,'0000-00-00 00:00:00',0,0,NULL,NULL,'','',0,0,NULL,0,NULL,'0000-00-00 00:00:00'),(919,918,0,'Neoma','Cassin','2010-05-20','F',0,1,'2022-05-10 00:30:01',NULL,NULL,NULL,NULL,'5799','','','',5,NULL,NULL,0,0,NULL,0,1,'0000-00-00 00:00:00',0,0,NULL,NULL,'','',0,0,NULL,0,NULL,'0000-00-00 00:00:00'),(920,918,0,'Orlando','Cassin','2019-11-29','M',0,1,'2022-05-10 00:30:01',NULL,NULL,NULL,NULL,'5799','','','',5,NULL,NULL,0,0,NULL,0,1,'0000-00-00 00:00:00',0,0,NULL,NULL,'','',0,0,NULL,0,NULL,'0000-00-00 00:00:00'),(921,NULL,0,'Rosalind','Keeling','1953-08-09','F',0,1,'2022-05-10 00:30:01',NULL,NULL,NULL,NULL,'5927','','','',5,NULL,NULL,0,0,NULL,0,1,'0000-00-00 00:00:00',0,0,NULL,NULL,'','',0,0,NULL,0,NULL,'0000-00-00 00:00:00'),(922,921,0,'Esta','Keeling','2013-03-29','F',0,1,'2022-05-10 00:30:01',NULL,NULL,NULL,NULL,'5927','','','',5,NULL,NULL,0,0,NULL,0,1,'0000-00-00 00:00:00',0,0,NULL,NULL,'','',0,0,NULL,0,NULL,'0000-00-00 00:00:00'),(923,921,0,'Vito','Keeling','2010-02-14','M',0,1,'2022-05-10 00:30:01',NULL,NULL,NULL,NULL,'5927','','','',5,NULL,NULL,0,0,NULL,0,1,'0000-00-00 00:00:00',0,0,NULL,NULL,'','',0,0,NULL,0,NULL,'0000-00-00 00:00:00'),(924,921,0,'Adelia','Keeling','2007-12-10','F',0,1,'2022-05-10 00:30:01',NULL,NULL,NULL,NULL,'5927','','','',5,NULL,NULL,0,0,NULL,0,1,'0000-00-00 00:00:00',0,0,NULL,NULL,'','',0,0,NULL,0,NULL,'0000-00-00 00:00:00'),(925,NULL,0,'Briana','Bednar','1944-08-24','F',0,1,'2022-05-10 00:30:01',NULL,NULL,NULL,NULL,'5955','','','',5,NULL,NULL,0,0,NULL,0,1,'0000-00-00 00:00:00',0,0,NULL,NULL,'','',0,0,NULL,0,NULL,'0000-00-00 00:00:00'),(926,925,0,'Keegan','Bednar','2012-12-05','M',0,1,'2022-05-10 00:30:01',NULL,NULL,NULL,NULL,'5955','','','',5,NULL,NULL,0,0,NULL,0,1,'0000-00-00 00:00:00',0,0,NULL,NULL,'','',0,0,NULL,0,NULL,'0000-00-00 00:00:00'),(927,NULL,0,'Una','Lebsack','1981-09-24','F',0,1,'2022-05-10 00:30:01',NULL,NULL,NULL,NULL,'9352','','','',5,NULL,NULL,0,0,NULL,0,1,'0000-00-00 00:00:00',0,0,NULL,NULL,'','',0,0,NULL,0,NULL,'0000-00-00 00:00:00'),(928,927,0,'Savanna','Lebsack','2016-09-08','F',0,1,'2022-05-10 00:30:01',NULL,NULL,NULL,NULL,'9352','','','',5,NULL,NULL,0,0,NULL,0,1,'0000-00-00 00:00:00',0,0,NULL,NULL,'','',0,0,NULL,0,NULL,'0000-00-00 00:00:00'),(929,NULL,0,'Cara','Stoltenberg','1989-11-21','F',0,1,'2022-05-10 00:30:01',NULL,NULL,NULL,NULL,'6539','','','',5,NULL,NULL,0,0,NULL,0,1,'0000-00-00 00:00:00',0,0,NULL,NULL,'','',0,0,NULL,0,NULL,'0000-00-00 00:00:00'),(930,929,0,'Michel','Stoltenberg','2010-10-06','M',0,1,'2022-05-10 00:30:01',NULL,NULL,NULL,NULL,'6539','','','',5,NULL,NULL,0,0,NULL,0,1,'0000-00-00 00:00:00',0,0,NULL,NULL,'','',0,0,NULL,0,NULL,'0000-00-00 00:00:00'),(931,NULL,0,'Alda','Moen','1998-11-08','F',0,1,'2022-05-10 00:30:01',NULL,NULL,NULL,NULL,'2488','','','',5,NULL,NULL,0,0,NULL,0,1,'0000-00-00 00:00:00',0,0,NULL,NULL,'','',0,0,NULL,0,NULL,'0000-00-00 00:00:00'),(932,NULL,0,'Tremaine','Schiller','1981-09-29','M',0,1,'2022-05-10 00:30:01',NULL,NULL,NULL,NULL,'2594','','','',5,NULL,NULL,0,0,NULL,0,1,'2021-12-11 18:25:41',0,0,NULL,NULL,'','',0,0,NULL,0,NULL,'0000-00-00 00:00:00'),(933,932,0,'Abraham','Schiller','2018-07-23','M',0,1,'2022-05-10 00:30:01',NULL,NULL,NULL,NULL,'2594','','','',5,NULL,NULL,0,0,NULL,0,1,'2021-12-11 18:25:41',0,0,NULL,NULL,'','',0,0,NULL,0,NULL,'0000-00-00 00:00:00'),(934,932,0,'Raoul','Schiller','2018-07-15','M',0,1,'2022-05-10 00:30:01',NULL,NULL,NULL,NULL,'2594','','','',5,NULL,NULL,0,0,NULL,0,1,'2021-12-11 18:25:41',0,0,NULL,NULL,'','',0,0,NULL,0,NULL,'0000-00-00 00:00:00'),(935,932,0,'Arch','Schiller','2022-10-08','M',0,1,'2022-05-10 00:30:01',NULL,NULL,NULL,NULL,'2594','','','',5,NULL,NULL,0,0,NULL,0,1,'2021-12-11 18:25:41',0,0,NULL,NULL,'','',0,0,NULL,0,NULL,'0000-00-00 00:00:00'),(936,NULL,0,'Madaline','Mohr','1957-07-24','F',0,1,'2022-05-10 00:30:01',NULL,NULL,NULL,NULL,'6245','','','',5,NULL,NULL,0,0,NULL,0,1,'0000-00-00 00:00:00',0,0,NULL,NULL,'','',0,0,NULL,0,NULL,'0000-00-00 00:00:00'),(937,936,0,'Berenice','Mohr','2009-08-28','F',0,1,'2022-05-10 00:30:01',NULL,NULL,NULL,NULL,'6245','','','',5,NULL,NULL,0,0,NULL,0,1,'0000-00-00 00:00:00',0,0,NULL,NULL,'','',0,0,NULL,0,NULL,'0000-00-00 00:00:00'),(938,NULL,0,'Alexis','Kling','1942-12-16','M',0,1,'2022-05-10 00:30:01',NULL,NULL,NULL,NULL,'8825','','','',5,NULL,NULL,0,0,NULL,0,1,'0000-00-00 00:00:00',0,0,NULL,NULL,'','',0,0,NULL,0,NULL,'0000-00-00 00:00:00'),(939,NULL,0,'Lera','Conroy','1946-08-26','F',0,1,'2022-05-10 00:30:01',NULL,NULL,NULL,NULL,'8023','','','',5,NULL,NULL,0,0,NULL,0,1,'0000-00-00 00:00:00',0,0,NULL,NULL,'','',0,0,NULL,0,NULL,'0000-00-00 00:00:00'),(940,939,0,'Ken','Conroy','2009-06-21','M',0,1,'2022-05-10 00:30:01',NULL,NULL,NULL,NULL,'8023','','','',5,NULL,NULL,0,0,NULL,0,1,'0000-00-00 00:00:00',0,0,NULL,NULL,'','',0,0,NULL,0,NULL,'0000-00-00 00:00:00'),(941,NULL,0,'Tanner','Doyle','1965-12-19','M',0,1,'2022-05-10 00:30:01',NULL,NULL,NULL,NULL,'5192','','','',5,NULL,NULL,0,0,NULL,0,1,'0000-00-00 00:00:00',0,0,NULL,NULL,'','',0,0,NULL,0,NULL,'0000-00-00 00:00:00'),(942,941,0,'Chanelle','Doyle','2011-09-29','F',0,1,'2022-05-10 00:30:01',NULL,NULL,NULL,NULL,'5192','','','',5,NULL,NULL,0,0,NULL,0,1,'0000-00-00 00:00:00',0,0,NULL,NULL,'','',0,0,NULL,0,NULL,'0000-00-00 00:00:00'),(943,NULL,0,'Marcos','Moen','1979-05-11','M',0,1,'2022-05-10 00:30:01',NULL,NULL,NULL,NULL,'6359','','','',5,NULL,NULL,0,0,NULL,0,1,'2022-02-15 07:53:47',0,0,NULL,NULL,'','',0,0,NULL,0,NULL,'0000-00-00 00:00:00'),(944,NULL,0,'Anjali','Ritchie','1986-12-29','F',0,1,'2022-05-10 00:30:01',NULL,NULL,NULL,NULL,'5384','','','',5,NULL,NULL,0,0,NULL,0,1,'0000-00-00 00:00:00',0,0,NULL,NULL,'','',0,0,NULL,0,NULL,'0000-00-00 00:00:00'),(945,944,0,'Wilhelmine','Ritchie','2018-03-29','F',0,1,'2022-05-10 00:30:01',NULL,NULL,NULL,NULL,'5384','','','',5,NULL,NULL,0,0,NULL,0,1,'0000-00-00 00:00:00',0,0,NULL,NULL,'','',0,0,NULL,0,NULL,'0000-00-00 00:00:00'),(946,944,0,'Macie','Ritchie','2017-07-26','F',0,1,'2022-05-10 00:30:01',NULL,NULL,NULL,NULL,'5384','','','',5,NULL,NULL,0,0,NULL,0,1,'0000-00-00 00:00:00',0,0,NULL,NULL,'','',0,0,NULL,0,NULL,'0000-00-00 00:00:00'),(947,944,0,'Jamal','Ritchie','2009-09-13','M',0,1,'2022-05-10 00:30:01',NULL,NULL,NULL,NULL,'5384','','','',5,NULL,NULL,0,0,NULL,0,1,'0000-00-00 00:00:00',0,0,NULL,NULL,'','',0,0,NULL,0,NULL,'0000-00-00 00:00:00'),(948,NULL,0,'Micheal','Deckow','1960-01-17','M',0,1,'2022-05-10 00:30:01',NULL,NULL,NULL,NULL,'3888','','','',5,NULL,NULL,0,0,NULL,0,1,'0000-00-00 00:00:00',0,0,NULL,NULL,'','',0,0,NULL,0,NULL,'0000-00-00 00:00:00'),(949,948,0,'Eriberto','Deckow','2018-04-22','M',0,1,'2022-05-10 00:30:01',NULL,NULL,NULL,NULL,'3888','','','',5,NULL,NULL,0,0,NULL,0,1,'0000-00-00 00:00:00',0,0,NULL,NULL,'','',0,0,NULL,0,NULL,'0000-00-00 00:00:00'),(950,948,0,'Elnora','Deckow','2009-12-12','F',0,1,'2022-05-10 00:30:01',NULL,NULL,NULL,NULL,'3888','','','',5,NULL,NULL,0,0,NULL,0,1,'0000-00-00 00:00:00',0,0,NULL,NULL,'','',0,0,NULL,0,NULL,'0000-00-00 00:00:00'),(951,948,0,'Darrick','Deckow','2009-06-20','M',0,1,'2022-05-10 00:30:01',NULL,NULL,NULL,NULL,'3888','','','',5,NULL,NULL,0,0,NULL,0,1,'0000-00-00 00:00:00',0,0,NULL,NULL,'','',0,0,NULL,0,NULL,'0000-00-00 00:00:00'),(952,948,0,'Tony','Deckow','2016-12-09','M',0,1,'2022-05-10 00:30:01',NULL,NULL,NULL,NULL,'3888','','','',5,NULL,NULL,0,0,NULL,0,1,'0000-00-00 00:00:00',0,0,NULL,NULL,'','',0,0,NULL,0,NULL,'0000-00-00 00:00:00'),(953,948,0,'Omari','Deckow','2015-06-05','M',0,1,'2022-05-10 00:30:01',NULL,NULL,NULL,NULL,'3888','','','',5,NULL,NULL,0,0,NULL,0,1,'0000-00-00 00:00:00',0,0,NULL,NULL,'','',0,0,NULL,0,NULL,'0000-00-00 00:00:00'),(954,NULL,0,'Jaquelin','McLaughlin','2002-11-30','F',0,1,'2022-05-10 00:30:01',NULL,NULL,NULL,NULL,'3390','','','',5,NULL,NULL,0,0,NULL,0,1,'0000-00-00 00:00:00',0,0,NULL,NULL,'','',0,0,NULL,0,NULL,'0000-00-00 00:00:00'),(955,954,0,'Courtney','McLaughlin','2021-12-01','F',0,1,'2022-05-10 00:30:01',NULL,NULL,NULL,NULL,'3390','','','',5,NULL,NULL,0,0,NULL,0,1,'0000-00-00 00:00:00',0,0,NULL,NULL,'','',0,0,NULL,0,NULL,'0000-00-00 00:00:00'),(956,954,0,'Jennings','McLaughlin','2013-09-06','M',0,1,'2022-05-10 00:30:01',NULL,NULL,NULL,NULL,'3390','','','',5,NULL,NULL,0,0,NULL,0,1,'0000-00-00 00:00:00',0,0,NULL,NULL,'','',0,0,NULL,0,NULL,'0000-00-00 00:00:00'),(957,NULL,0,'Alexander','Lesch','1991-04-20','M',0,1,'2022-05-10 00:30:01',NULL,NULL,NULL,NULL,'9574','','','',5,NULL,NULL,0,0,NULL,0,1,'0000-00-00 00:00:00',0,0,NULL,NULL,'','',0,0,NULL,0,NULL,'0000-00-00 00:00:00'),(958,957,0,'Katlyn','Lesch','2011-05-26','F',0,1,'2022-05-10 00:30:01',NULL,NULL,NULL,NULL,'9574','','','',5,NULL,NULL,0,0,NULL,0,1,'0000-00-00 00:00:00',0,0,NULL,NULL,'','',0,0,NULL,0,NULL,'0000-00-00 00:00:00'),(959,957,0,'Kayli','Lesch','2016-02-06','F',0,1,'2022-05-10 00:30:01',NULL,NULL,NULL,NULL,'9574','','','',5,NULL,NULL,0,0,NULL,0,1,'0000-00-00 00:00:00',0,0,NULL,NULL,'','',0,0,NULL,0,NULL,'0000-00-00 00:00:00'),(960,957,0,'Jamal','Lesch','2012-03-22','M',0,1,'2022-05-10 00:30:01',NULL,NULL,NULL,NULL,'9574','','','',5,NULL,NULL,0,0,NULL,0,1,'0000-00-00 00:00:00',0,0,NULL,NULL,'','',0,0,NULL,0,NULL,'0000-00-00 00:00:00'),(961,957,0,'Christop','Lesch','2012-11-08','M',0,1,'2022-05-10 00:30:01',NULL,NULL,NULL,NULL,'9574','','','',5,NULL,NULL,0,0,NULL,0,1,'0000-00-00 00:00:00',0,0,NULL,NULL,'','',0,0,NULL,0,NULL,'0000-00-00 00:00:00'),(962,957,0,'Celestino','Lesch','2018-05-13','M',0,1,'2022-05-10 00:30:01',NULL,NULL,NULL,NULL,'9574','','','',5,NULL,NULL,0,0,NULL,0,1,'0000-00-00 00:00:00',0,0,NULL,NULL,'','',0,0,NULL,0,NULL,'0000-00-00 00:00:00'),(963,NULL,0,'Tevin','Steuber','1999-01-28','M',0,1,'2022-05-10 00:30:01',NULL,NULL,NULL,NULL,'4137','','','',5,NULL,NULL,0,0,NULL,0,1,'0000-00-00 00:00:00',0,0,NULL,NULL,'','',0,0,NULL,0,NULL,'0000-00-00 00:00:00'),(964,963,0,'Nellie','Steuber','2009-06-12','F',0,1,'2022-05-10 00:30:01',NULL,NULL,NULL,NULL,'4137','','','',5,NULL,NULL,0,0,NULL,0,1,'0000-00-00 00:00:00',0,0,NULL,NULL,'','',0,0,NULL,0,NULL,'0000-00-00 00:00:00'),(965,NULL,0,'Zora','Hammes','1964-10-12','F',0,1,'2022-05-10 00:30:01',NULL,NULL,NULL,NULL,'1032','','','',5,NULL,NULL,0,0,NULL,0,1,'0000-00-00 00:00:00',0,0,NULL,NULL,'','',0,0,NULL,0,NULL,'0000-00-00 00:00:00'),(966,965,0,'Okey','Hammes','2016-05-19','M',0,1,'2022-05-10 00:30:01',NULL,NULL,NULL,NULL,'1032','','','',5,NULL,NULL,0,0,NULL,0,1,'0000-00-00 00:00:00',0,0,NULL,NULL,'','',0,0,NULL,0,NULL,'0000-00-00 00:00:00'),(967,965,0,'Misty','Hammes','2017-06-05','F',0,1,'2022-05-10 00:30:01',NULL,NULL,NULL,NULL,'1032','','','',5,NULL,NULL,0,0,NULL,0,1,'0000-00-00 00:00:00',0,0,NULL,NULL,'','',0,0,NULL,0,NULL,'0000-00-00 00:00:00'),(968,965,0,'Deanna','Hammes','2013-10-29','F',0,1,'2022-05-10 00:30:01',NULL,NULL,NULL,NULL,'1032','','','',5,NULL,NULL,0,0,NULL,0,1,'0000-00-00 00:00:00',0,0,NULL,NULL,'','',0,0,NULL,0,NULL,'0000-00-00 00:00:00'),(969,965,0,'Katrine','Hammes','2014-01-19','F',0,1,'2022-05-10 00:30:01',NULL,NULL,NULL,NULL,'1032','','','',5,NULL,NULL,0,0,NULL,0,1,'0000-00-00 00:00:00',0,0,NULL,NULL,'','',0,0,NULL,0,NULL,'0000-00-00 00:00:00'),(970,NULL,0,'Laurie','Huel','1979-03-07','F',0,1,'2022-05-10 00:30:01',NULL,NULL,NULL,NULL,'3646','','','',5,NULL,NULL,0,0,NULL,0,1,'0000-00-00 00:00:00',0,0,NULL,NULL,'','',0,0,NULL,0,NULL,'0000-00-00 00:00:00'),(971,970,0,'Dixie','Huel','2016-12-04','F',0,1,'2022-05-10 00:30:01',NULL,NULL,NULL,NULL,'3646','','','',5,NULL,NULL,0,0,NULL,0,1,'0000-00-00 00:00:00',0,0,NULL,NULL,'','',0,0,NULL,0,NULL,'0000-00-00 00:00:00'),(972,NULL,0,'Jeffrey','Deckow','1971-10-03','M',0,1,'2022-05-10 00:30:01',NULL,NULL,NULL,NULL,'7101','','','',5,NULL,NULL,0,0,NULL,0,1,'0000-00-00 00:00:00',0,0,NULL,NULL,'','',0,0,NULL,0,NULL,'0000-00-00 00:00:00'),(973,972,0,'Oral','Deckow','2014-07-24','M',0,1,'2022-05-10 00:30:01',NULL,NULL,NULL,NULL,'7101','','','',5,NULL,NULL,0,0,NULL,0,1,'0000-00-00 00:00:00',0,0,NULL,NULL,'','',0,0,NULL,0,NULL,'0000-00-00 00:00:00'),(974,NULL,0,'Ahmad','Gislason','2005-12-15','M',0,1,'2022-05-10 00:30:01',NULL,NULL,NULL,NULL,'6110','','','',5,NULL,NULL,0,0,NULL,0,1,'0000-00-00 00:00:00',0,0,NULL,NULL,'','',0,0,NULL,0,NULL,'0000-00-00 00:00:00'),(975,974,0,'Nestor','Gislason','2014-10-14','M',0,1,'2022-05-10 00:30:01',NULL,NULL,NULL,NULL,'6110','','','',5,NULL,NULL,0,0,NULL,0,1,'0000-00-00 00:00:00',0,0,NULL,NULL,'','',0,0,NULL,0,NULL,'0000-00-00 00:00:00'),(976,974,0,'Tatyana','Gislason','2017-11-07','F',0,1,'2022-05-10 00:30:01',NULL,NULL,NULL,NULL,'6110','','','',5,NULL,NULL,0,0,NULL,0,1,'0000-00-00 00:00:00',0,0,NULL,NULL,'','',0,0,NULL,0,NULL,'0000-00-00 00:00:00'),(977,974,0,'Rhoda','Gislason','2021-01-28','F',0,1,'2022-05-10 00:30:01',NULL,NULL,NULL,NULL,'6110','','','',5,NULL,NULL,0,0,NULL,0,1,'0000-00-00 00:00:00',0,0,NULL,NULL,'','',0,0,NULL,0,NULL,'0000-00-00 00:00:00'),(978,NULL,0,'Anita','Gutmann','1946-10-01','F',0,1,'2022-05-10 00:30:01',NULL,NULL,NULL,NULL,'7986','','','',5,NULL,NULL,0,0,NULL,0,1,'0000-00-00 00:00:00',0,0,NULL,NULL,'','',0,0,NULL,0,NULL,'0000-00-00 00:00:00'),(979,978,0,'Emilie','Gutmann','2013-08-23','F',0,1,'2022-05-10 00:30:01',NULL,NULL,NULL,NULL,'7986','','','',5,NULL,NULL,0,0,NULL,0,1,'0000-00-00 00:00:00',0,0,NULL,NULL,'','',0,0,NULL,0,NULL,'0000-00-00 00:00:00'),(980,978,0,'Robert','Gutmann','2011-02-05','M',0,1,'2022-05-10 00:30:01',NULL,NULL,NULL,NULL,'7986','','','',5,NULL,NULL,0,0,NULL,0,1,'0000-00-00 00:00:00',0,0,NULL,NULL,'','',0,0,NULL,0,NULL,'0000-00-00 00:00:00'),(981,978,0,'Larry','Gutmann','2014-10-08','M',0,1,'2022-05-10 00:30:01',NULL,NULL,NULL,NULL,'7986','','','',5,NULL,NULL,0,0,NULL,0,1,'0000-00-00 00:00:00',0,0,NULL,NULL,'','',0,0,NULL,0,NULL,'0000-00-00 00:00:00'),(982,978,0,'Chester','Gutmann','2012-12-18','M',0,1,'2022-05-10 00:30:01',NULL,NULL,NULL,NULL,'7986','','','',5,NULL,NULL,0,0,NULL,0,1,'0000-00-00 00:00:00',0,0,NULL,NULL,'','',0,0,NULL,0,NULL,'0000-00-00 00:00:00'),(983,978,0,'Kaitlin','Gutmann','2015-08-28','F',0,1,'2022-05-10 00:30:01',NULL,NULL,NULL,NULL,'7986','','','',5,NULL,NULL,0,0,NULL,0,1,'0000-00-00 00:00:00',0,0,NULL,NULL,'','',0,0,NULL,0,NULL,'0000-00-00 00:00:00'),(984,978,0,'Marques','Gutmann','2011-08-24','M',0,1,'2022-05-10 00:30:01',NULL,NULL,NULL,NULL,'7986','','','',5,NULL,NULL,0,0,NULL,0,1,'0000-00-00 00:00:00',0,0,NULL,NULL,'','',0,0,NULL,0,NULL,'0000-00-00 00:00:00'),(985,978,0,'Vanessa','Gutmann','2012-04-18','F',0,1,'2022-05-10 00:30:01',NULL,NULL,NULL,NULL,'7986','','','',5,NULL,NULL,0,0,NULL,0,1,'0000-00-00 00:00:00',0,0,NULL,NULL,'','',0,0,NULL,0,NULL,'0000-00-00 00:00:00'),(986,978,0,'Jermain','Gutmann','2017-06-28','M',0,1,'2022-05-10 00:30:01',NULL,NULL,NULL,NULL,'7986','','','',5,NULL,NULL,0,0,NULL,0,1,'0000-00-00 00:00:00',0,0,NULL,NULL,'','',0,0,NULL,0,NULL,'0000-00-00 00:00:00'),(987,978,0,'Estrella','Gutmann','2020-02-15','F',0,1,'2022-05-10 00:30:01',NULL,NULL,NULL,NULL,'7986','','','',5,NULL,NULL,0,0,NULL,0,1,'0000-00-00 00:00:00',0,0,NULL,NULL,'','',0,0,NULL,0,NULL,'0000-00-00 00:00:00'),(988,978,0,'Teresa','Gutmann','2022-03-22','F',0,1,'2022-05-10 00:30:01',NULL,NULL,NULL,NULL,'7986','','','',5,NULL,NULL,0,0,NULL,0,1,'0000-00-00 00:00:00',0,0,NULL,NULL,'','',0,0,NULL,0,NULL,'0000-00-00 00:00:00'),(989,NULL,0,'Jarvis','Rice','1984-02-01','M',0,1,'2022-05-10 00:30:01',NULL,NULL,NULL,NULL,'8208','','','',5,NULL,NULL,0,0,NULL,0,1,'0000-00-00 00:00:00',0,0,NULL,NULL,'','',0,0,NULL,0,NULL,'0000-00-00 00:00:00'),(990,989,0,'Hellen','Rice','2012-04-15','F',0,1,'2022-05-10 00:30:01',NULL,NULL,NULL,NULL,'8208','','','',5,NULL,NULL,0,0,NULL,0,1,'0000-00-00 00:00:00',0,0,NULL,NULL,'','',0,0,NULL,0,NULL,'0000-00-00 00:00:00'),(991,989,0,'Julia','Rice','2019-11-08','F',0,1,'2022-05-10 00:30:01',NULL,NULL,NULL,NULL,'8208','','','',5,NULL,NULL,0,0,NULL,0,1,'0000-00-00 00:00:00',0,0,NULL,NULL,'','',0,0,NULL,0,NULL,'0000-00-00 00:00:00'),(992,989,0,'Dawn','Rice','2009-02-01','F',0,1,'2022-05-10 00:30:01',NULL,NULL,NULL,NULL,'8208','','','',5,NULL,NULL,0,0,NULL,0,1,'0000-00-00 00:00:00',0,0,NULL,NULL,'','',0,0,NULL,0,NULL,'0000-00-00 00:00:00'),(993,989,0,'Amy','Rice','2014-01-24','F',0,1,'2022-05-10 00:30:01',NULL,NULL,NULL,NULL,'8208','','','',5,NULL,NULL,0,0,NULL,0,1,'0000-00-00 00:00:00',0,0,NULL,NULL,'','',0,0,NULL,0,NULL,'0000-00-00 00:00:00'),(994,989,0,'Arne','Rice','2018-09-04','M',0,1,'2022-05-10 00:30:01',NULL,NULL,NULL,NULL,'8208','','','',5,NULL,NULL,0,0,NULL,0,1,'0000-00-00 00:00:00',0,0,NULL,NULL,'','',0,0,NULL,0,NULL,'0000-00-00 00:00:00'),(995,NULL,0,'Giuseppe','Skiles','1944-10-26','M',0,1,'2022-05-10 00:30:01',NULL,NULL,NULL,NULL,'7673','','','',5,NULL,NULL,0,0,NULL,0,1,'0000-00-00 00:00:00',0,0,NULL,NULL,'','',0,0,NULL,0,NULL,'0000-00-00 00:00:00'),(996,995,0,'Kiarra','Skiles','2020-10-11','F',0,1,'2022-05-10 00:30:01',NULL,NULL,NULL,NULL,'7673','','','',5,NULL,NULL,0,0,NULL,0,1,'0000-00-00 00:00:00',0,0,NULL,NULL,'','',0,0,NULL,0,NULL,'0000-00-00 00:00:00'),(997,NULL,0,'Giles','Fahey','1961-11-06','M',0,1,'2022-05-10 00:30:01',NULL,NULL,NULL,NULL,'7358','','','',5,NULL,NULL,0,0,NULL,0,1,'0000-00-00 00:00:00',0,0,NULL,NULL,'','',0,0,NULL,0,NULL,'0000-00-00 00:00:00'),(998,997,0,'Jillian','Fahey','2013-08-15','M',0,1,'2022-05-10 00:30:01',NULL,NULL,NULL,NULL,'7358','','','',5,NULL,NULL,0,0,NULL,0,1,'0000-00-00 00:00:00',0,0,NULL,NULL,'','',0,0,NULL,0,NULL,'0000-00-00 00:00:00'),(999,997,0,'Theron','Fahey','2012-11-04','M',0,1,'2022-05-10 00:30:01',NULL,NULL,NULL,NULL,'7358','','','',5,NULL,NULL,0,0,NULL,0,1,'0000-00-00 00:00:00',0,0,NULL,NULL,'','',0,0,NULL,0,NULL,'0000-00-00 00:00:00'),(1000,NULL,0,'Muhammad','Walker','1992-10-04','M',0,1,'2022-05-10 00:30:01',NULL,NULL,NULL,NULL,'7089','','','',5,NULL,NULL,0,0,NULL,0,1,'0000-00-00 00:00:00',0,0,NULL,NULL,'','',0,0,NULL,0,NULL,'0000-00-00 00:00:00'),(100000001,NULL,0,'User','WithoutTokens','1980-07-10','',0,1,'2019-09-02 00:00:00',NULL,NULL,NULL,NULL,'001','','','',5,NULL,NULL,0,0,NULL,0,100000000,'0000-00-00 00:00:00',0,0,NULL,NULL,'','',0,0,NULL,1,NULL,'2019-09-02 00:00:00'),(100000002,NULL,0,'Conor','McGregor','1980-07-10','',0,1,'2019-09-02 00:00:00',NULL,NULL,NULL,NULL,'002','','','',5,NULL,NULL,0,0,NULL,0,100000000,'0000-00-00 00:00:00',0,0,NULL,NULL,'','',0,0,NULL,1,NULL,'2019-09-02 00:00:00'),(100000003,NULL,0,'Garry','Tonon','1985-07-10','',0,1,'2019-09-01 00:00:00',NULL,NULL,NULL,NULL,'003','','','',5,NULL,NULL,0,0,NULL,0,100000000,'0000-00-00 00:00:00',0,0,NULL,NULL,'','',0,0,NULL,1,NULL,'2019-09-02 00:00:00'),(100000004,NULL,0,'Kron','Gracie','1978-07-10','',0,1,'2019-09-02 00:00:00',NULL,NULL,NULL,NULL,'004','','','',5,NULL,NULL,0,0,NULL,0,100000000,'0000-00-00 00:00:00',0,0,NULL,NULL,'','',0,0,NULL,1,NULL,'2019-09-02 00:00:00'),(100000005,NULL,0,'User','WithoutApproval','1978-07-10','',0,1,'2019-09-02 00:00:00',NULL,NULL,NULL,NULL,'004','','','',5,NULL,NULL,0,0,NULL,0,100000000,'0000-00-00 00:00:00',0,0,NULL,NULL,'','',0,0,NULL,0,NULL,'0000-00-00 00:00:00'),(100000006,NULL,0,'DeactivatedBeneficiary','DeactivatedBeneficiary','1978-07-10','',0,1,'2019-09-02 00:00:00',NULL,NULL,NULL,NULL,'004','','','',5,NULL,NULL,0,0,NULL,0,100000000,'2019-10-25 11:01:30',0,0,NULL,NULL,'','',0,0,NULL,1,NULL,'2019-09-02 00:00:00'),(100000484,NULL,1,'some','one',NULL,'',0,1,NULL,NULL,NULL,NULL,NULL,'','','','',5,NULL,NULL,0,0,NULL,0,3,'2022-11-10 09:29:10',0,0,NULL,NULL,'','',0,0,NULL,0,NULL,'0000-00-00 00:00:00'),(100000485,NULL,1,'some','one',NULL,'',0,1,NULL,NULL,NULL,NULL,NULL,'','','','',5,NULL,NULL,0,0,NULL,0,4,'2022-11-10 09:29:34',0,0,NULL,NULL,'','',0,0,NULL,0,NULL,'0000-00-00 00:00:00');
/*!40000 ALTER TABLE `people` ENABLE KEYS */;
UNLOCK TABLES;

--
-- Table structure for table `phinxlog`
--

DROP TABLE IF EXISTS `phinxlog`;
/*!40101 SET @saved_cs_client     = @@character_set_client */;
/*!40101 SET character_set_client = utf8 */;
CREATE TABLE `phinxlog` (
  `version` bigint(20) NOT NULL,
  `migration_name` varchar(100) DEFAULT NULL,
  `start_time` timestamp NULL DEFAULT NULL,
  `end_time` timestamp NULL DEFAULT NULL,
  `breakpoint` tinyint(1) NOT NULL DEFAULT '0',
  PRIMARY KEY (`version`)
) ENGINE=InnoDB DEFAULT CHARSET=utf8;
/*!40101 SET character_set_client = @saved_cs_client */;

--
-- Dumping data for table `phinxlog`
--

LOCK TABLES `phinxlog` WRITE;
/*!40000 ALTER TABLE `phinxlog` DISABLE KEYS */;
INSERT INTO `phinxlog` VALUES (20190610113824,'InitialSchema','2021-06-18 15:51:32','2021-06-18 15:51:38',0),(20190612100627,'AddStationToLaundry','2021-06-18 15:51:38','2021-06-18 15:51:38',0),(20190613211018,'NewUserMgmt','2021-06-18 15:51:38','2021-06-18 15:51:40',0),(20190613224510,'UsergroupsLevels','2021-06-18 15:51:40','2021-06-18 15:51:41',0),(20190614143640,'AddOrganisationColumn','2021-06-18 15:51:41','2021-06-18 15:51:41',0),(20190616152410,'AfterRotterdamSprint','2021-06-18 15:51:41','2021-06-18 15:51:42',0),(20190621183422,'AddCurrencyName','2021-06-18 15:51:42','2021-06-18 15:51:42',0),(20190622184117,'AddOrganizationIdsToCmsUsersTable','2021-06-18 15:51:42','2021-06-18 15:51:43',0),(20190623073649,'MakeOrganisationInCmsUsersForeignKey','2021-06-18 15:51:43','2021-06-18 15:51:44',0),(20190623100406,'AddDeletedColumnToUsergroups','2021-06-18 15:51:44','2021-06-18 15:51:44',0),(20190623123844,'AddForeignKeysInUserMgmt','2021-06-18 15:51:44','2021-06-18 15:51:46',0),(20190623140300,'AddDeletedColumnToOrganisations','2021-06-18 15:51:46','2021-06-18 15:51:48',0),(20190701120113,'FixUsergroupsForeignKey','2021-06-18 15:51:48','2021-06-18 15:51:49',0),(20190703082355,'AddProductForeignKeys','2021-06-18 15:51:49','2021-06-18 15:51:49',0),(20190703090715,'AddParentIdInProductCategories','2021-06-18 15:51:49','2021-06-18 15:51:50',0),(20190703145717,'CleanUpProductsTable','2021-06-18 15:51:50','2021-06-18 15:51:50',0),(20190703153854,'AllowNullForProductDeletedTable','2021-06-18 15:51:50','2021-06-18 15:51:51',0),(20190721142832,'AddSignatureDateInPeople','2021-06-18 15:51:51','2021-06-18 15:51:51',0),(20190725174628,'AddResettokensColumnToBases','2021-06-18 15:51:51','2021-06-18 15:51:51',0),(20190912133947,'ForeignKeyCamps','2021-06-18 15:51:51','2021-06-18 15:51:53',0),(20190923101044,'ForeignKeysUsers','2021-06-18 15:51:53','2021-06-18 15:51:54',0),(20190923105735,'ForeignKeysLanguage','2021-06-18 15:51:54','2021-06-18 15:51:55',0),(20190923140058,'ForeignKeyLocations','2021-06-18 15:51:55','2021-06-18 15:51:55',0),(20190924152152,'UsersCreatedModified','2021-06-18 15:51:56','2021-06-18 15:51:58',0),(20190925105800,'ForeignKeyLaundryTables','2021-06-18 15:51:58','2021-06-18 15:51:59',0),(20190925135319,'ForeignKeysLibraryTables','2021-06-18 15:51:59','2021-06-18 15:52:00',0),(20190927155724,'ForeignKeyBorrowTables','2021-06-18 15:52:00','2021-06-18 15:52:01',0),(20190930225021,'ForeignKeyQr','2021-06-18 15:52:01','2021-06-18 15:52:02',0),(20191001093637,'ForeignKeyPeopleId','2021-06-18 15:52:02','2021-06-18 15:52:03',0),(20191001141152,'ForeignKeySizes','2021-06-18 15:52:03','2021-06-18 15:52:04',0),(20191001145902,'ForeignKeyProduct','2021-06-18 15:52:04','2021-06-18 15:52:05',0),(20191005183100,'ForeignKeyRemainder','2021-06-18 15:52:05','2021-06-18 15:52:06',0),(20191005183200,'ForeignKeyCmsFunctions','2021-06-18 15:52:06','2021-06-18 15:52:06',0),(20191013180000,'ItemsOutNullable','2021-06-18 15:52:06','2021-06-18 15:52:07',0),(20191019131459,'ChangeCrossReferenceDeleteRuleToCascade','2021-06-18 15:52:07','2021-06-18 15:52:07',0),(20191019134931,'ChangeFkInProductsToCamps','2021-06-18 15:52:07','2021-06-18 15:52:08',0),(20191019135153,'ChangeFkInSizesToSizegroup','2021-06-18 15:52:08','2021-06-18 15:52:08',0),(20191021155925,'AddFkForLocationInStockTable','2021-06-18 15:52:08','2021-06-18 15:52:09',0),(20191023152307,'ChangeCollationAndEncodingToUtf8','2021-06-18 15:52:09','2021-06-18 15:52:11',0),(20191024152307,'AddMissingFKs','2021-06-18 15:52:11','2021-06-18 15:52:13',0),(20191027225630,'AddDeletedColumnToLocations','2021-06-18 15:52:13','2021-06-18 15:52:13',0),(20191028074813,'AddLegacyColumnToQrTable','2021-06-18 15:52:13','2021-06-18 15:52:13',0),(20191105181657,'AddUniqueConstraintStockBoxid','2021-06-18 15:52:13','2021-06-18 15:52:14',0),(20191105181704,'AddUniqueConstraintQrCodeLegacy','2021-06-18 15:52:14','2021-06-18 15:52:14',0),(20191202131340,'AdultAgeInCampsTableNotNull','2021-06-18 15:52:14','2021-06-18 15:52:14',0),(20191202135024,'UserIdInTransactionsNullable','2021-06-18 15:52:14','2021-06-18 15:52:15',0),(20191211131857,'MakePeopleIdInTransactionTableNullable','2021-06-18 15:52:15','2021-06-18 15:52:15',0),(20200202170149,'SetVisibleDefaultToOneInLocationsTable','2021-06-18 15:52:15','2021-06-18 15:52:15',0),(20200203194629,'MakeUserIdNullableInHistoryTable','2021-06-18 15:52:16','2021-06-18 15:52:16',0),(20200206100256,'AddIsScrapFlagToLocationsTable','2021-06-18 15:52:16','2021-06-18 15:52:16',0),(20200313200406,'RemoveNeededItems','2021-06-18 15:52:16','2021-06-18 15:52:17',0),(20200608185725,'AddBoxState','2021-06-18 15:52:17','2021-06-18 15:52:19',0),(20200706220401,'DropOrganisationIdFromCmsUsers','2021-06-18 15:52:19','2021-06-18 15:52:19',0),(20200706225754,'AddCompositeUniqueIndexForCrossReferenceTables','2021-06-18 15:52:19','2021-06-18 15:52:20',0),(20200824171337,'AddTagTable','2021-06-18 15:52:20','2021-06-18 15:52:20',0),(20200824185532,'CreatePeopleTagCrossReference','2021-06-18 15:52:21','2021-06-18 15:52:21',0),(20200923172713,'AddTagDescription','2021-06-18 15:52:21','2021-06-18 15:52:21',0),(20201213100955,'UpdateDeleteConstraintForTags','2021-06-18 15:52:21','2021-06-18 15:52:22',0),(20210130175622,'AddSettingsForBases','2021-06-18 15:52:22','2021-06-18 15:52:22',0),(20210314130614,'UniqueConstraintQrIdInStockTable','2021-06-18 15:52:22','2021-06-18 15:52:23',0),(20210822075141,'MakeBoxStateIdUnsigned','2021-08-23 07:33:09','2021-08-23 07:33:11',0),(20210823063551,'MakeCmsFunctionsIdUnsigned','2021-08-23 07:33:11','2021-08-23 07:33:14',0),(20210823064211,'MakeCmsUsersIdUnsigned','2021-08-23 07:33:14','2021-08-23 07:33:33',0),(20210823064828,'MakeGenderIdUnsigned','2021-08-23 07:33:33','2021-08-23 07:33:34',0),(20210823065128,'MakeLocationIdUnsigned','2021-08-23 07:33:34','2021-08-23 07:33:36',0),(20210823065359,'MakePeopleIdUnsigned','2021-08-23 07:33:36','2021-08-23 07:33:42',0),(20210823065917,'MakeProductIdUnsigned','2021-08-23 07:33:42','2021-08-23 07:33:45',0),(20210823070205,'MakeSizeIdUnsigned','2021-08-23 07:33:45','2021-08-23 07:33:47',0),(20210823070448,'MakeTagIdUnsigned','2021-08-23 07:33:47','2021-08-23 07:33:48',0),(20210823070632,'MakeTransactionIdUnsigned','2021-08-23 07:33:48','2021-08-23 07:33:49',0),(20220205073523,'AddActionPermissionsToCmsFunctions','2022-04-23 14:10:32','2022-04-23 14:10:33',0),(20220205084503,'AddCmsUserGroupsRoles','2022-04-23 14:10:33','2022-04-23 14:10:33',0),(20220513080431,'AddTypeToTags','2022-06-09 13:30:56','2022-06-09 13:30:57',0),(20220513124241,'AlterPeopleTagsToTagsRelations','2022-06-09 13:30:57','2022-06-09 13:30:58',0),(20220515130043,'RenamePeopleIdtoObjectIdinTagsRelations','2022-06-09 13:30:58','2022-06-09 13:30:58',0),(20220515130202,'AddObjectTypeInTagsRelations','2022-06-09 13:30:58','2022-06-09 13:30:59',0),(20220602091709,'AddSeqToTags','2022-06-09 13:30:59','2022-06-09 13:30:59',0),(20220604164558,'MakeCommentFieldsNullable','2022-06-09 14:29:13','2022-06-09 14:29:14',0),(20220604165328,'RemoveUnderscoreColumns','2022-06-09 14:29:14','2022-06-09 14:29:15',0),(20220604182719,'MakeItemsInStockNullable','2022-06-09 14:29:15','2022-06-09 14:29:15',0),(20220604184037,'MakeLabelFieldsNotNullable','2022-06-09 14:29:15','2022-06-09 14:29:17',0),(20220604185546,'RemovePortionColumnInSizes','2022-06-09 14:29:17','2022-06-09 14:29:17',0),(20220605061343,'DropProductCategoryIdForeignKey','2022-06-17 10:30:50','2022-06-17 10:30:51',0),(20220605064416,'MakeProductCategoryIdNotNullable','2022-06-17 10:30:51','2022-06-17 10:30:52',0),(20220605064603,'AddProductCategoryIdForeignKey','2022-06-17 10:30:52','2022-06-17 10:30:52',0),(20220605074604,'DropProductSizegroupIdForeignKey','2022-06-17 10:30:53','2022-06-17 10:30:53',0),(20220605074623,'MakeProductSizegroupIdNotNullable','2022-06-17 10:30:53','2022-06-17 10:30:54',0),(20220605074638,'AddProductSizegroupIdForeignKey','2022-06-17 10:30:54','2022-06-17 10:30:54',0),(20220605075347,'DropProductCampIdForeignKey','2022-06-17 10:30:55','2022-06-17 10:30:55',0),(20220605075402,'MakeProductCampIdNotNullable','2022-06-17 10:30:55','2022-06-17 10:30:56',0),(20220605075413,'AddProductCampIdForeignKey','2022-06-17 10:30:56','2022-06-17 10:30:56',0),(20220605081726,'DropProductAmountneededColumn','2022-06-17 10:30:56','2022-06-17 10:30:57',0),(20220605084444,'CreateComposteIndexOnHistoryTable','2022-06-09 14:00:12','2022-06-09 14:00:12',0),(20220701094045,'AddTransferAgreementTable','2022-07-05 10:38:40','2022-07-05 10:38:41',0),(20220701094049,'AddTransferAgreementDetailTable','2022-07-05 10:38:41','2022-07-05 10:38:41',0),(20220701094148,'AddShipmentTable','2022-07-05 10:38:41','2022-07-05 10:38:42',0),(20220701094153,'AddShipmentDetailTable','2022-07-05 10:38:42','2022-07-05 10:38:43',0),(20220722085453,'DirstroEventsTable','2022-07-24 11:37:51','2022-07-24 11:37:52',0),(20220723052618,'DirstroEventsPackingListEntries','2022-07-24 11:37:52','2022-07-24 11:37:52',0),(20220723060012,'DirstroEventsUnboxedItemCollections','2022-07-24 11:37:53','2022-07-24 11:37:53',0),(20220723061731,'DirstroEventsOutflowLogs','2022-07-24 11:37:53','2022-07-24 11:37:54',0),(20220723063203,'AddDistroEventsColumnsToLocations','2022-07-24 11:37:54','2022-07-24 11:37:55',0),(20220723064611,'AddDistroEventsToStock','2022-07-24 11:37:55','2022-07-24 11:37:56',0),(20220822172951,'DistroEventsTrackingGroups','2022-08-23 17:12:57','2022-08-23 17:12:58',0),(20220822175013,'AddDistroEventTrackingGroupIdColumn','2022-08-23 17:12:58','2022-08-23 17:12:59',0),(20220822182632,'DropDistroEventIdForeignKey','2022-08-23 17:12:59','2022-08-23 17:13:00',0),(20220822183629,'AddFlowDirection','2022-08-23 17:13:00','2022-08-23 17:13:01',0),(20220822191744,'RenameDistroEventsOutflowLogs','2022-08-23 17:13:01','2022-08-23 17:13:02',0),(20220822191943,'AddDistroEventTrackingGroupIdForeignKey','2022-08-23 17:13:02','2022-08-23 17:13:02',0);
/*!40000 ALTER TABLE `phinxlog` ENABLE KEYS */;
UNLOCK TABLES;

--
-- Table structure for table `product_categories`
--

DROP TABLE IF EXISTS `product_categories`;
/*!40101 SET @saved_cs_client     = @@character_set_client */;
/*!40101 SET character_set_client = utf8 */;
CREATE TABLE `product_categories` (
  `id` int(11) unsigned NOT NULL AUTO_INCREMENT,
  `label` varchar(255) NOT NULL,
  `seq` int(11) NOT NULL DEFAULT '0',
  `parent_id` int(11) unsigned DEFAULT NULL,
  PRIMARY KEY (`id`),
  KEY `parent_id` (`parent_id`),
  CONSTRAINT `product_categories_ibfk_1` FOREIGN KEY (`parent_id`) REFERENCES `product_categories` (`id`) ON UPDATE CASCADE
) ENGINE=InnoDB AUTO_INCREMENT=21 DEFAULT CHARSET=utf8 ROW_FORMAT=DYNAMIC;
/*!40101 SET character_set_client = @saved_cs_client */;

--
-- Dumping data for table `product_categories`
--

LOCK TABLES `product_categories` WRITE;
/*!40000 ALTER TABLE `product_categories` DISABLE KEYS */;
INSERT INTO `product_categories` VALUES (1,'Underwear / Nightwear',11,12),(2,'Bottoms',12,12),(3,'Tops',13,12),(4,'Accessories',14,12),(5,'Shoes',15,12),(6,'Jackets / Outerwear',16,12),(7,'Skirts/Dresses',17,12),(8,'Baby',18,12),(9,'Other',6,NULL),(10,'Hygiene',2,NULL),(11,'Food & Kitchen',3,NULL),(12,'Clothing',1,NULL),(13,'Equipment',4,NULL),(14,'Toys & Games',41,13),(15,'Medication',5,9),(18,'Books & Stationery',42,13),(19,'Water',43,NULL),(20,'Shelter',44,NULL);
/*!40000 ALTER TABLE `product_categories` ENABLE KEYS */;
UNLOCK TABLES;

--
-- Table structure for table `products`
--

DROP TABLE IF EXISTS `products`;
/*!40101 SET @saved_cs_client     = @@character_set_client */;
/*!40101 SET character_set_client = utf8 */;
CREATE TABLE `products` (
  `id` int(11) unsigned NOT NULL AUTO_INCREMENT,
  `name` varchar(255) NOT NULL,
  `category_id` int(11) unsigned NOT NULL,
  `gender_id` int(11) unsigned NOT NULL,
  `sizegroup_id` int(11) unsigned NOT NULL,
  `camp_id` int(11) unsigned NOT NULL,
  `value` int(11) NOT NULL DEFAULT '0',
  `created` datetime DEFAULT NULL,
  `created_by` int(11) unsigned DEFAULT NULL,
  `modified` datetime DEFAULT NULL,
  `modified_by` int(11) unsigned DEFAULT NULL,
  `maxperadult` int(11) DEFAULT NULL,
  `maxperchild` int(11) DEFAULT NULL,
  `stockincontainer` tinyint(4) NOT NULL DEFAULT '0',
  `comments` varchar(255) DEFAULT NULL,
  `deleted` datetime DEFAULT NULL,
  PRIMARY KEY (`id`),
  KEY `category_id` (`category_id`),
  KEY `sizegroup_id` (`sizegroup_id`),
  KEY `camp_id` (`camp_id`),
  KEY `created_by` (`created_by`),
  KEY `modified_by` (`modified_by`),
  KEY `gender_id` (`gender_id`),
  CONSTRAINT `products_ibfk_10` FOREIGN KEY (`gender_id`) REFERENCES `genders` (`id`) ON UPDATE CASCADE,
  CONSTRAINT `products_ibfk_11` FOREIGN KEY (`category_id`) REFERENCES `product_categories` (`id`) ON DELETE RESTRICT ON UPDATE CASCADE,
  CONSTRAINT `products_ibfk_12` FOREIGN KEY (`sizegroup_id`) REFERENCES `sizegroup` (`id`) ON DELETE RESTRICT ON UPDATE CASCADE,
  CONSTRAINT `products_ibfk_13` FOREIGN KEY (`camp_id`) REFERENCES `camps` (`id`) ON DELETE RESTRICT ON UPDATE CASCADE,
  CONSTRAINT `products_ibfk_8` FOREIGN KEY (`created_by`) REFERENCES `cms_users` (`id`) ON DELETE SET NULL ON UPDATE CASCADE,
  CONSTRAINT `products_ibfk_9` FOREIGN KEY (`modified_by`) REFERENCES `cms_users` (`id`) ON DELETE SET NULL ON UPDATE CASCADE
) ENGINE=InnoDB AUTO_INCREMENT=1166 DEFAULT CHARSET=utf8 ROW_FORMAT=DYNAMIC;
/*!40101 SET character_set_client = @saved_cs_client */;

--
-- Dumping data for table `products`
--

LOCK TABLES `products` WRITE;
/*!40000 ALTER TABLE `products` DISABLE KEYS */;
INSERT INTO `products` VALUES (1,'Winter Jackets',6,2,1,1,0,NULL,NULL,NULL,NULL,0,0,1,'','0000-00-00 00:00:00'),(2,'Winter Jackets',6,1,1,1,0,NULL,NULL,NULL,NULL,0,0,1,'','0000-00-00 00:00:00'),(3,'Sweater / Jumper',3,2,1,1,0,NULL,NULL,NULL,NULL,NULL,NULL,1,'','0000-00-00 00:00:00'),(4,'Sweater / Jumper',3,1,1,1,0,NULL,NULL,NULL,NULL,NULL,NULL,1,'','0000-00-00 00:00:00'),(5,'Jeans',2,1,1,1,0,NULL,NULL,NULL,NULL,NULL,NULL,1,'','0000-00-00 00:00:00'),(6,'Jeans',2,2,1,1,0,NULL,NULL,NULL,NULL,NULL,NULL,1,'','0000-00-00 00:00:00'),(7,'Trousers',2,1,1,1,0,NULL,NULL,NULL,NULL,NULL,NULL,1,'','0000-00-00 00:00:00'),(8,'Trousers',2,2,1,1,0,NULL,NULL,NULL,NULL,NULL,NULL,1,'','0000-00-00 00:00:00'),(9,'Trousers',2,5,18,1,0,NULL,NULL,NULL,NULL,NULL,NULL,1,'Pants that cover the knee and can reach down to ankles. Not sports sweatpants.','0000-00-00 00:00:00'),(10,'Trousers',2,4,18,1,0,NULL,NULL,NULL,NULL,NULL,NULL,1,'Pants that cover the knee and can reach down to ankles. Not sports sweatpants. Not skirts.','0000-00-00 00:00:00'),(11,'Sweater / Jumper',3,5,18,1,0,NULL,NULL,NULL,NULL,NULL,NULL,1,'Pullovers, cardigans, hoodies.','0000-00-00 00:00:00'),(12,'Sweater / Jumper',3,4,18,1,0,NULL,NULL,NULL,NULL,NULL,NULL,1,'Pullovers, cardigans, hoodies.','0000-00-00 00:00:00'),(13,'T-shirt - Short Sleeves',3,1,1,1,0,NULL,NULL,NULL,NULL,0,0,1,'Base layer - Tops with sleeves that cover the shoulders and can reach up to but not covering the elbow.','0000-00-00 00:00:00'),(14,'T-shirt - Short Sleeves',3,2,1,1,0,NULL,NULL,NULL,NULL,0,0,1,'Base layer - Tops with sleeves that cover the shoulders and can reach up to but not covering the elbow.','0000-00-00 00:00:00'),(15,'Short Sleeves',3,5,17,1,0,NULL,NULL,NULL,NULL,0,0,1,'Base layer - Tops with sleeves that cover the shoulders and can reach up to but not covering the elbow.','0000-00-00 00:00:00'),(16,'Short Sleeves',3,4,17,1,0,NULL,NULL,NULL,NULL,0,0,1,'Base layer - Tops with sleeves that cover the shoulders and can reach up to but not covering the elbow.','0000-00-00 00:00:00'),(17,'Sport / Sweatpants',2,1,1,1,0,NULL,NULL,NULL,NULL,NULL,NULL,0,'Sport, tracksuit, cropped pants, joggers (below knee). Not shorts or leggings.','0000-00-00 00:00:00'),(18,'Sport / Sweatpants',2,2,1,1,0,NULL,NULL,NULL,NULL,NULL,NULL,0,'Sport, tracksuit, cropped pants, joggers (below knee). Not shorts or leggings.','0000-00-00 00:00:00'),(19,'Long Sleeves',3,1,1,1,0,NULL,NULL,NULL,NULL,NULL,NULL,1,'Base layer - Tops with sleeves that cover the elbow and can reach the wrists.','0000-00-00 00:00:00'),(20,'Long Sleeves',3,2,1,1,0,NULL,NULL,NULL,NULL,NULL,NULL,1,'Base layer - Tops with sleeves that cover the elbow and can reach the wrists.','0000-00-00 00:00:00'),(21,'Long Sleeves',3,4,18,1,0,NULL,NULL,NULL,NULL,NULL,NULL,1,'Base layer - Tops with sleeves that cover the elbow and can reach the wrists.','0000-00-00 00:00:00'),(22,'Long Sleeves',3,5,18,1,0,NULL,NULL,NULL,NULL,NULL,NULL,1,'Base layer - Tops with sleeves that cover the elbow and can reach the wrists.','0000-00-00 00:00:00'),(23,'Hijab',4,1,7,1,0,NULL,NULL,NULL,NULL,NULL,NULL,1,'','0000-00-00 00:00:00'),(24,'Winter Hat',4,6,7,1,0,NULL,NULL,NULL,NULL,NULL,NULL,0,'Winter, Beanie','0000-00-00 00:00:00'),(25,'Scarf',4,6,7,1,0,NULL,NULL,NULL,NULL,NULL,NULL,0,'','0000-00-00 00:00:00'),(26,'Winter Socks',1,3,6,1,0,NULL,NULL,NULL,NULL,NULL,NULL,0,'','0000-00-00 00:00:00'),(27,'Summer Scarf',4,1,7,1,0,NULL,NULL,NULL,NULL,0,0,0,'No Hijabs. Hijabs have a proper category.','0000-00-00 00:00:00'),(28,'Gloves',4,3,7,1,0,NULL,NULL,NULL,NULL,NULL,NULL,0,'','0000-00-00 00:00:00'),(29,'Underwear',1,4,18,1,0,NULL,NULL,NULL,NULL,NULL,NULL,1,'','0000-00-00 00:00:00'),(30,'Nightwear / Pyjamas',1,6,17,1,0,NULL,NULL,NULL,NULL,0,0,1,'Pyjamas, sleepwear.','0000-00-00 00:00:00'),(31,'Jackets',6,1,1,1,0,NULL,NULL,NULL,NULL,0,0,1,'','0000-00-00 00:00:00'),(32,'Jacket',6,2,1,1,0,NULL,NULL,NULL,NULL,0,0,1,'','0000-00-00 00:00:00'),(33,'Winter Shoes',5,1,3,1,0,NULL,NULL,NULL,NULL,NULL,NULL,0,'','0000-00-00 00:00:00'),(34,'Winter Shoes',5,2,8,1,0,NULL,NULL,NULL,NULL,NULL,NULL,0,'','0000-00-00 00:00:00'),(35,'Winter Hat',4,3,7,1,0,NULL,NULL,NULL,NULL,NULL,NULL,0,'Winter; Beanie','0000-00-00 00:00:00'),(36,'Rompers / Sleepers',8,9,2,1,0,NULL,NULL,NULL,NULL,NULL,NULL,1,'One-piece with long sleeves and long legs. Sleepers will cover feet.','0000-00-00 00:00:00'),(37,'Bottoms',8,9,2,1,0,NULL,NULL,NULL,NULL,NULL,NULL,1,'Leggings, joggers, shorts, bloomers.','0000-00-00 00:00:00'),(38,'Winter Shoes',5,6,9,1,0,NULL,NULL,NULL,NULL,NULL,NULL,0,'Leisure boots, warm shoes. Not rain boots.','0000-00-00 00:00:00'),(39,'Socks',1,2,6,1,0,NULL,NULL,NULL,NULL,NULL,NULL,1,'','0000-00-00 00:00:00'),(40,'Underwear',1,5,18,1,0,NULL,NULL,NULL,NULL,NULL,NULL,1,'Kids under ages 2-5 have a unisex category.','0000-00-00 00:00:00'),(41,'Winter Coat / Jacket',6,6,17,1,0,NULL,NULL,NULL,NULL,NULL,NULL,0,'Outerwear - warm, winter jackets or coats.','0000-00-00 00:00:00'),(42,'Socks',8,9,6,1,0,NULL,NULL,NULL,NULL,NULL,NULL,0,'','0000-00-00 00:00:00'),(43,'Socks',1,1,6,1,0,NULL,NULL,NULL,NULL,NULL,NULL,1,'','0000-00-00 00:00:00'),(44,'Belt',4,3,7,1,0,NULL,NULL,NULL,NULL,NULL,NULL,1,'','0000-00-00 00:00:00'),(45,'Bra',1,1,6,1,0,NULL,NULL,NULL,NULL,NULL,NULL,1,'','0000-00-00 00:00:00'),(46,'Underwear',1,1,1,1,0,NULL,NULL,NULL,NULL,NULL,NULL,1,'','0000-00-00 00:00:00'),(47,'Underwear',1,2,1,1,0,NULL,NULL,NULL,NULL,NULL,NULL,1,'','0000-00-00 00:00:00'),(48,'Gloves',4,6,7,1,0,NULL,NULL,NULL,NULL,NULL,NULL,0,'','0000-00-00 00:00:00'),(49,'Socks',1,6,6,1,0,NULL,NULL,NULL,NULL,NULL,NULL,1,'Not winter socks.','0000-00-00 00:00:00'),(50,'Bib',4,9,7,1,0,NULL,NULL,NULL,NULL,NULL,NULL,0,'','0000-00-00 00:00:00'),(51,'Reusable Sanitary Pads',10,1,7,1,0,NULL,NULL,NULL,NULL,NULL,NULL,0,'','0000-00-00 00:00:00'),(52,'Top',8,9,2,1,0,NULL,NULL,NULL,NULL,NULL,NULL,1,'','0000-00-00 00:00:00'),(53,'Baby Carrier',13,9,7,1,0,NULL,NULL,NULL,NULL,NULL,NULL,0,'','0000-00-00 00:00:00'),(54,'Towels',13,10,7,1,0,NULL,NULL,NULL,NULL,NULL,NULL,1,'','0000-00-00 00:00:00'),(55,'Nightwear / Pyjamas',1,1,1,1,0,NULL,NULL,NULL,NULL,0,0,1,'','0000-00-00 00:00:00'),(56,'Winter Scarf',4,3,7,1,0,NULL,NULL,NULL,NULL,0,0,1,'','0000-00-00 00:00:00'),(57,'Sport / Sweatpants',2,5,18,1,0,NULL,NULL,NULL,NULL,NULL,NULL,0,'Joggers, tracksuit bottoms.','0000-00-00 00:00:00'),(58,'Shorts',2,2,1,1,0,NULL,NULL,NULL,NULL,NULL,NULL,1,'','0000-00-00 00:00:00'),(59,'Summer Hat & Caps',4,3,7,1,0,NULL,NULL,NULL,NULL,NULL,NULL,1,'','0000-00-00 00:00:00'),(60,'Sandals & Flip Flops',5,1,3,1,0,NULL,NULL,NULL,NULL,NULL,NULL,1,'Flip Flop, Croc','0000-00-00 00:00:00'),(61,'Sandals & Flip Flops',5,2,8,1,0,NULL,NULL,NULL,NULL,NULL,NULL,0,'Flip Flop, Croc','0000-00-00 00:00:00'),(62,'Sandals & Flip Flops',5,6,9,1,0,NULL,NULL,NULL,NULL,NULL,NULL,1,'Flip Flops, crocs, strappy sandals.','0000-00-00 00:00:00'),(63,'Shorts',2,5,18,1,0,NULL,NULL,NULL,NULL,NULL,NULL,1,'Shorts that reveal the knees. ','0000-00-00 00:00:00'),(64,'Belt',4,6,7,1,0,NULL,NULL,NULL,NULL,NULL,NULL,1,'','0000-00-00 00:00:00'),(65,'Winter Hat',4,9,7,1,0,NULL,NULL,NULL,NULL,NULL,NULL,0,'Winter, Beanie','0000-00-00 00:00:00'),(66,'Gloves',4,9,7,1,0,NULL,NULL,NULL,NULL,NULL,NULL,0,'','0000-00-00 00:00:00'),(67,'Sleeping Bag',13,10,6,1,0,NULL,NULL,NULL,NULL,NULL,NULL,0,'','0000-00-00 00:00:00'),(68,'Rubber / Rain Boots',5,3,3,1,0,NULL,NULL,NULL,NULL,NULL,NULL,0,'Wellies','0000-00-00 00:00:00'),(69,'Rubber / Rain Boots',5,6,9,1,0,NULL,NULL,NULL,NULL,NULL,NULL,0,'Rainproof boots, wellingtons.','0000-00-00 00:00:00'),(70,'Hat & Caps Summer',4,6,7,1,0,NULL,NULL,NULL,NULL,0,0,1,'Cap','0000-00-00 00:00:00'),(71,'Nightwear / Pyjamas',1,2,1,1,0,NULL,NULL,NULL,NULL,NULL,NULL,1,'','0000-00-00 00:00:00'),(72,'Shoes',5,1,3,1,0,NULL,NULL,NULL,NULL,0,0,1,'Shoes not covering the ankle.','0000-00-00 00:00:00'),(73,'Shoes',5,2,8,1,0,NULL,NULL,NULL,NULL,0,0,1,'Shoes not covering the ankle.','0000-00-00 00:00:00'),(74,'Shoes',5,6,9,1,0,NULL,NULL,NULL,NULL,0,0,1,'Shoes not covering the ankle.','0000-00-00 00:00:00'),(75,'Hat & Caps Summer',4,9,7,1,0,NULL,NULL,NULL,NULL,0,0,1,'Cap','0000-00-00 00:00:00'),(76,'Baby Stroller / Pram',13,9,7,1,0,NULL,NULL,NULL,NULL,NULL,NULL,0,'Baby trolley','0000-00-00 00:00:00'),(77,'Winter Socks',1,6,6,1,0,NULL,NULL,NULL,NULL,NULL,NULL,0,'Thick, wool socks.','0000-00-00 00:00:00'),(78,'Tie',4,2,7,1,0,NULL,NULL,NULL,NULL,NULL,NULL,0,'','0000-00-00 00:00:00'),(79,'Sport / Sweatpants',2,4,18,1,0,NULL,NULL,NULL,NULL,NULL,NULL,0,'Joggers, tracksuit bottoms.','0000-00-00 00:00:00'),(80,'Pillow',13,10,7,1,0,NULL,NULL,NULL,NULL,NULL,NULL,0,'','0000-00-00 00:00:00'),(81,'Pillow Cases',13,10,7,1,0,NULL,NULL,NULL,NULL,NULL,NULL,0,'','0000-00-00 00:00:00'),(82,'Broom',13,10,7,1,0,NULL,NULL,NULL,NULL,NULL,NULL,0,'','0000-00-00 00:00:00'),(83,'Hair Accessories',4,10,6,1,0,NULL,NULL,NULL,NULL,NULL,NULL,1,'','0000-00-00 00:00:00'),(84,'Toy Small',14,6,7,1,0,NULL,NULL,NULL,NULL,NULL,NULL,0,'','0000-00-00 00:00:00'),(85,'Toy Medium',14,6,7,1,0,NULL,NULL,NULL,NULL,NULL,NULL,0,'','0000-00-00 00:00:00'),(86,'Toy Large',14,6,7,1,0,NULL,NULL,NULL,NULL,NULL,NULL,0,'','0000-00-00 00:00:00'),(87,'Accessories (Other)',4,10,6,1,0,NULL,NULL,NULL,NULL,NULL,NULL,0,'Catch-all for jewellery, watches, ','0000-00-00 00:00:00'),(88,'Diapers / Nappies',10,9,12,1,0,NULL,NULL,NULL,NULL,NULL,NULL,1,'','0000-00-00 00:00:00'),(89,'Hand / Body Soap',10,10,7,1,0,NULL,NULL,NULL,NULL,NULL,NULL,1,'','0000-00-00 00:00:00'),(90,'Sleeping Masks',4,10,7,1,0,NULL,NULL,NULL,NULL,NULL,NULL,0,'','0000-00-00 00:00:00'),(91,'Earplugs',10,3,7,1,0,NULL,NULL,NULL,NULL,NULL,NULL,0,'','0000-00-00 00:00:00'),(92,'Toothbrush',10,10,7,1,0,NULL,NULL,NULL,NULL,NULL,NULL,1,'','0000-00-00 00:00:00'),(93,'Toothpaste',10,10,7,1,0,NULL,NULL,NULL,NULL,NULL,NULL,1,'','0000-00-00 00:00:00'),(94,'Sunscreen',10,10,7,1,0,NULL,NULL,NULL,NULL,NULL,NULL,1,'','0000-00-00 00:00:00'),(95,'Razors',10,3,7,1,0,NULL,NULL,NULL,NULL,NULL,NULL,0,'','0000-00-00 00:00:00'),(96,'Baby Wipes',10,9,7,1,0,NULL,NULL,NULL,NULL,NULL,NULL,0,'','0000-00-00 00:00:00'),(97,'Shampoo',10,10,5,1,0,NULL,NULL,NULL,NULL,NULL,NULL,1,'S is <=100 ml travel size; L is >500 ml family size','0000-00-00 00:00:00'),(98,'Shower Gel',10,10,7,1,0,NULL,NULL,NULL,NULL,NULL,NULL,0,'','0000-00-00 00:00:00'),(99,'Maternity Top',3,1,1,1,0,NULL,NULL,NULL,NULL,NULL,NULL,1,'Pregnancy wear tops.','0000-00-00 00:00:00'),(100,'Maternity Bottoms',2,1,1,1,0,NULL,NULL,NULL,NULL,NULL,NULL,1,'Pregnancy wear bottoms.','0000-00-00 00:00:00'),(101,'Tank Top / Sleeveless Top',3,1,1,1,0,NULL,NULL,NULL,NULL,0,0,1,'Base layer - Tank, strappy or strapless tops that reveal the shoulders.','0000-00-00 00:00:00'),(102,'Mosquito Repellent',10,10,7,1,0,NULL,NULL,NULL,NULL,NULL,NULL,0,'','0000-00-00 00:00:00'),(103,'Condoms',10,2,6,1,0,NULL,NULL,NULL,NULL,NULL,NULL,0,'','0000-00-00 00:00:00'),(104,'Sheet',13,9,7,1,0,NULL,NULL,NULL,NULL,NULL,NULL,1,'','0000-00-00 00:00:00'),(105,'Onesie / Bodysuit (No Legs)',8,9,2,1,0,NULL,NULL,NULL,NULL,NULL,NULL,1,'One-piece, babygrow without legs. For one pieces with legs, use Rompers / Sleepers.','0000-00-00 00:00:00'),(106,'Small Towels',10,3,7,1,0,NULL,NULL,NULL,NULL,NULL,NULL,1,'','0000-00-00 00:00:00'),(107,'Laundry Soap',10,10,7,1,0,NULL,NULL,NULL,NULL,NULL,NULL,0,'','0000-00-00 00:00:00'),(108,'Talcum Powder',10,3,7,1,0,NULL,NULL,NULL,NULL,NULL,NULL,0,'','0000-00-00 00:00:00'),(109,'Pacifier',10,9,7,1,0,NULL,NULL,NULL,NULL,NULL,NULL,0,'','0000-00-00 00:00:00'),(110,'Body Sponge',10,3,6,1,0,NULL,NULL,NULL,NULL,NULL,NULL,0,'','0000-00-00 00:00:00'),(111,'Shaving Cream',10,3,6,1,0,NULL,NULL,NULL,NULL,NULL,NULL,0,'','0000-00-00 00:00:00'),(112,'Baby Cream',10,9,6,1,0,NULL,NULL,NULL,NULL,NULL,NULL,0,'','0000-00-00 00:00:00'),(113,'Duvet',13,10,7,1,0,NULL,NULL,NULL,NULL,NULL,NULL,0,'Thick winter bed cover, usually requiring a  duvet cover.','0000-00-00 00:00:00'),(114,'Plastic Cutlery',13,10,7,1,0,NULL,NULL,NULL,NULL,NULL,NULL,0,'','0000-00-00 00:00:00'),(115,'Suitcase',13,10,7,1,0,NULL,NULL,NULL,NULL,NULL,NULL,0,'','0000-00-00 00:00:00'),(116,'Reusable Diapers',10,9,6,1,0,NULL,NULL,NULL,NULL,NULL,NULL,0,'','0000-00-00 00:00:00'),(117,'Notebook',18,10,7,1,0,NULL,NULL,NULL,NULL,NULL,NULL,0,'','0000-00-00 00:00:00'),(118,'Plastic Bag',13,10,7,1,0,NULL,NULL,NULL,NULL,NULL,NULL,0,'','0000-00-00 00:00:00'),(119,'Football',13,10,6,1,0,NULL,NULL,NULL,NULL,NULL,NULL,0,'','0000-00-00 00:00:00'),(120,'Backpack',13,10,7,1,0,NULL,NULL,NULL,NULL,NULL,NULL,1,'','0000-00-00 00:00:00'),(121,'Table',13,10,5,1,0,NULL,NULL,NULL,NULL,NULL,NULL,0,'','0000-00-00 00:00:00'),(122,'Chopping Board',13,10,5,1,0,NULL,NULL,NULL,NULL,NULL,NULL,0,'','0000-00-00 00:00:00'),(123,'Fishing Kit',13,10,7,1,0,NULL,NULL,NULL,NULL,NULL,NULL,0,'','0000-00-00 00:00:00'),(124,'Baby Bath',13,9,7,1,0,NULL,NULL,NULL,NULL,NULL,NULL,0,'','0000-00-00 00:00:00'),(125,'Textbook',18,10,7,1,0,NULL,NULL,NULL,NULL,NULL,NULL,0,'','0000-00-00 00:00:00'),(126,'Chess Set',14,10,7,1,0,NULL,NULL,NULL,NULL,NULL,NULL,0,'','0000-00-00 00:00:00'),(127,'Water Bottle',13,10,7,1,0,NULL,NULL,NULL,NULL,NULL,NULL,0,'','0000-00-00 00:00:00'),(128,'Umbrella',13,10,7,1,0,NULL,NULL,NULL,NULL,NULL,NULL,0,'','0000-00-00 00:00:00'),(129,'Folder',18,3,7,1,0,NULL,NULL,NULL,NULL,NULL,NULL,0,'','0000-00-00 00:00:00'),(130,'Tank Top',3,2,1,1,0,NULL,NULL,NULL,NULL,0,0,1,'Base layer - Tops that reveal the shoulders - tank tops, muscle Ts','0000-00-00 00:00:00'),(131,'Shoes',5,9,9,1,0,NULL,NULL,NULL,NULL,NULL,NULL,1,'','0000-00-00 00:00:00'),(132,'Blanket',13,3,5,1,0,NULL,NULL,NULL,NULL,NULL,NULL,0,'','0000-00-00 00:00:00'),(133,'Blanket',13,9,5,1,0,NULL,NULL,NULL,NULL,NULL,NULL,0,'','0000-00-00 00:00:00'),(134,'Sports Top',3,1,1,1,0,NULL,NULL,NULL,NULL,NULL,NULL,0,'Sports shirts (short and long sleeves) and tank tops. Not jackets.','0000-00-00 00:00:00'),(135,'Sports Top',3,2,1,1,0,NULL,NULL,NULL,NULL,NULL,NULL,0,'Sports shirts (short and long sleeves) and tank tops. Not jackets.','0000-00-00 00:00:00'),(136,'Fanny Pack / Bum Bag',13,10,6,1,0,NULL,NULL,NULL,NULL,NULL,NULL,1,'','0000-00-00 00:00:00'),(137,'Camisoles And Slips',1,1,1,1,0,NULL,NULL,NULL,NULL,NULL,NULL,0,'Thin light undergarment to wear for sleep or underneath a top or skirt. Camisoles are sleeveless, strappey tops made of think soft material. Slips are similar but long like dresses.','0000-00-00 00:00:00'),(138,'Leggings',2,1,1,1,0,NULL,NULL,NULL,NULL,NULL,NULL,1,'Cropped or full length leggings. Not tights.','0000-00-00 00:00:00'),(139,'Leggings',2,2,1,1,0,NULL,NULL,NULL,NULL,NULL,NULL,0,'Cropped or full length leggings. Usually sports for men.','0000-00-00 00:00:00'),(140,'Sports Shorts',2,1,1,1,0,NULL,NULL,NULL,NULL,NULL,NULL,0,'Sport shorts (above knee).','0000-00-00 00:00:00'),(141,'Sports Shorts',2,2,1,1,0,NULL,NULL,NULL,NULL,NULL,NULL,1,'Sport shorts (above knee).','0000-00-00 00:00:00'),(142,'Shorts',2,1,1,1,0,NULL,NULL,NULL,NULL,NULL,NULL,0,'Bottoms with short legs that reveal the knees.','0000-00-00 00:00:00'),(143,'Long Skirt',7,1,1,1,0,NULL,NULL,NULL,NULL,NULL,NULL,1,'Skirts that cover the knees. Can reach ankles.','0000-00-00 00:00:00'),(144,'Short Skirt',7,1,1,1,0,NULL,NULL,NULL,NULL,NULL,NULL,1,'Skirts that reveal the knees. Not dresses.','0000-00-00 00:00:00'),(145,'Long Dress',7,1,1,1,0,NULL,NULL,NULL,NULL,NULL,NULL,1,'Dresses that cover the knees. Can reach ankles. Mixed sleeves.','0000-00-00 00:00:00'),(146,'Short Dress',7,1,1,1,0,NULL,NULL,NULL,NULL,NULL,NULL,1,'Dresses that reveal the knees. Mixed sleeves.','0000-00-00 00:00:00'),(147,'Skirt',7,4,17,1,0,NULL,NULL,NULL,NULL,NULL,NULL,1,'Skirts long and short','0000-00-00 00:00:00'),(148,'Shorts',2,4,18,1,0,NULL,NULL,NULL,NULL,NULL,NULL,0,'Shorts that reveal the knees. ','0000-00-00 00:00:00'),(149,'Sanitary Pads (Light)',10,1,16,1,0,NULL,NULL,NULL,NULL,NULL,NULL,1,'Pantyliners, Absorbancy: 1 drop','0000-00-00 00:00:00'),(150,'Sanitary Pads (Medium)',10,1,16,1,0,NULL,NULL,NULL,NULL,NULL,NULL,1,'Absorbancy: 2-3 drops','0000-00-00 00:00:00'),(151,'Sanitary Pads (Heavy)',10,1,16,1,0,NULL,NULL,NULL,NULL,NULL,NULL,1,'Absorbancy: 4+ drops and night/sleep','0000-00-00 00:00:00'),(152,'Sanitary Pads (Assorted)',10,1,16,1,0,NULL,NULL,NULL,NULL,NULL,NULL,1,'Mixed bundle','0000-00-00 00:00:00'),(153,'Incontinence Pads (Assorted)',10,10,6,1,0,NULL,NULL,NULL,NULL,NULL,NULL,0,'','0000-00-00 00:00:00'),(154,'Body Lotion',10,3,5,1,0,NULL,NULL,NULL,NULL,0,0,1,'S is <=100 ml travel size; L is >500 ml family size','0000-00-00 00:00:00'),(155,'Body Lotion',10,6,5,1,0,NULL,NULL,NULL,NULL,0,0,0,'S is <=100 ml travel size; L is >500 ml family size','0000-00-00 00:00:00'),(156,'Shampoo',10,6,5,1,0,NULL,NULL,NULL,NULL,0,0,0,'S is <=100 ml travel size; L is >500 ml family size','0000-00-00 00:00:00'),(157,'Shower Gel For Children',10,6,5,1,0,NULL,NULL,NULL,NULL,NULL,NULL,0,'','0000-00-00 00:00:00'),(158,'Toothbrush And Toothpaste Set',10,10,19,1,0,NULL,NULL,NULL,NULL,NULL,NULL,0,'','0000-00-00 00:00:00'),(159,'Deodorant',10,2,6,1,0,NULL,NULL,NULL,NULL,NULL,NULL,1,'','0000-00-00 00:00:00'),(160,'Deodorant',10,1,6,1,0,NULL,NULL,NULL,NULL,NULL,NULL,1,'','0000-00-00 00:00:00'),(161,'Diapers / Nappies',10,6,12,1,0,NULL,NULL,NULL,NULL,0,0,0,'','0000-00-00 00:00:00'),(162,'Maternity Pads',10,1,6,1,0,NULL,NULL,NULL,NULL,NULL,NULL,0,'','0000-00-00 00:00:00'),(163,'Tights',1,4,6,1,0,NULL,NULL,NULL,NULL,NULL,NULL,0,'','0000-00-00 00:00:00'),(164,'Tights',1,1,6,1,0,NULL,NULL,NULL,NULL,NULL,NULL,0,'','0000-00-00 00:00:00'),(165,'Bottoms - Trousers / Shorts',2,6,20,1,0,NULL,NULL,NULL,NULL,0,0,1,'All pantleg bottoms - long or short','0000-00-00 00:00:00'),(166,'Light Coat / Jacket',6,6,17,1,0,NULL,NULL,NULL,NULL,NULL,NULL,1,'Outerwear - light summer outerwear. Even light rain jackets.','0000-00-00 00:00:00'),(167,'Dress',7,4,17,1,0,NULL,NULL,NULL,NULL,NULL,NULL,0,'Dresses long or short.','0000-00-00 00:00:00'),(168,'Underwear',1,6,20,1,0,NULL,NULL,NULL,NULL,NULL,NULL,0,'','0000-00-00 00:00:00'),(169,'Sweater / Jumper',3,6,20,1,0,NULL,NULL,NULL,NULL,NULL,NULL,1,'Pullovers, cardigans, hoodies.','0000-00-00 00:00:00'),(170,'Top Girls',3,6,20,1,0,NULL,NULL,NULL,NULL,0,0,1,' ','0000-00-00 00:00:00'),(171,'Long Sleeves',3,6,20,1,0,NULL,NULL,NULL,NULL,NULL,NULL,1,'Base layer - Tops with sleeves that cover the shoulders and can reach up to but not covering the elbow.','0000-00-00 00:00:00'),(172,'Handbag',13,1,6,1,0,NULL,NULL,NULL,NULL,NULL,NULL,1,'','0000-00-00 00:00:00'),(173,'Food (General)',11,10,6,1,0,NULL,NULL,NULL,NULL,NULL,NULL,0,'In general, R4R do not handle food but on occasion will receive and pass on.','0000-00-00 00:00:00'),(174,'Medication (General)',15,10,6,1,0,NULL,NULL,NULL,NULL,NULL,NULL,0,'','0000-00-00 00:00:00'),(175,'Winter Jacket',6,1,1,1,0,NULL,NULL,NULL,NULL,0,0,1,'Thick winter jackets ','0000-00-00 00:00:00'),(176,'Winter Jacket',6,2,1,1,0,NULL,NULL,NULL,NULL,0,0,1,'Thick jackets for winter ','0000-00-00 00:00:00'),(177,'Bags',4,3,7,1,0,NULL,NULL,NULL,NULL,0,0,1,'','0000-00-00 00:00:00'),(178,'Winter Hats',4,10,7,1,0,NULL,NULL,NULL,NULL,0,0,1,'Thick hats for wintertime','2019-07-16 13:00:11'),(179,'Bottoms ',12,4,20,1,0,NULL,NULL,NULL,NULL,0,0,1,'','0000-00-00 00:00:00'),(180,'Top Boys',12,6,20,1,0,NULL,NULL,NULL,NULL,0,0,1,'','0000-00-00 00:00:00'),(181,'Top Girls (18-24 months) ',12,4,7,1,0,NULL,NULL,NULL,NULL,0,0,1,'','0000-00-00 00:00:00'),(182,'Short Sleeves (2-5 years)',12,4,20,1,0,NULL,NULL,NULL,NULL,0,0,0,'',NULL),(183,'Bottoms Girl (18-24 Months) ',12,4,2,1,0,NULL,NULL,NULL,NULL,0,0,0,'',NULL),(184,'Rain Coat',12,1,1,1,0,NULL,NULL,NULL,NULL,0,0,1,'',NULL),(185,'Rain Coat',12,2,1,1,0,NULL,NULL,NULL,NULL,0,0,1,'',NULL),(186,'Vest/waistcoat ',12,2,1,1,0,NULL,NULL,NULL,NULL,0,0,1,'',NULL),(187,'Winter jacket sleeveless',12,2,1,1,0,NULL,NULL,NULL,NULL,0,0,1,'',NULL),(188,'Winter jacket sleeveless',12,1,1,1,0,NULL,NULL,NULL,NULL,0,0,1,'',NULL),(189,'Winter Coat',12,2,1,1,0,NULL,NULL,NULL,NULL,0,0,0,'',NULL),(190,'Winter Coat Female ',12,1,1,1,0,NULL,NULL,NULL,NULL,0,0,0,'',NULL),(191,'Jacket Sleeveless ',12,6,17,1,0,NULL,NULL,NULL,NULL,0,0,0,'',NULL),(192,'Winter Jacket 0-6 Months',12,9,7,1,0,NULL,NULL,NULL,NULL,0,0,0,'',NULL),(193,'Winter Jacket 6-12 Months ',12,9,7,1,0,NULL,NULL,NULL,NULL,0,0,0,'',NULL),(194,'Winter Jacket 12-18 Months',12,9,7,1,0,NULL,NULL,NULL,NULL,0,0,0,'',NULL),(195,'Winter Jacket 18-24 months',12,5,7,1,0,NULL,NULL,NULL,NULL,0,0,0,'',NULL),(196,'Winter Jacket 18-24 Months ',12,4,7,1,0,NULL,NULL,NULL,NULL,0,0,0,'',NULL),(197,'Jumpers ',12,9,6,1,0,NULL,NULL,NULL,NULL,0,0,0,'',NULL),(198,'Jacket Vests',12,6,20,1,0,NULL,NULL,NULL,NULL,0,0,0,'',NULL),(199,'Jumper Vests',12,6,20,1,0,NULL,NULL,NULL,NULL,0,0,0,'',NULL),(200,'Sleepers ',12,6,6,1,0,NULL,NULL,NULL,NULL,0,0,0,'',NULL),(201,'Tights ',12,9,7,1,0,NULL,NULL,NULL,NULL,0,0,0,'',NULL),(202,'Sleepers',12,3,8,1,0,NULL,NULL,NULL,NULL,0,0,0,'',NULL),(203,'Slippers ',12,6,9,1,0,NULL,NULL,NULL,NULL,0,0,0,'',NULL),(204,'Clothing Pack',12,2,6,1,0,NULL,NULL,NULL,NULL,0,0,0,'FOR SHOP USE ONLY - this is to help with checkout with the new shop structure; the pack contains, from September 13, 2019: 1 trousers, 1 t shirt, 1 long sleeve, 1 jumper, 1 socks, 1 underwear\r\n\r\nFrom October 7th -reserved for children up to the age of 18 ',NULL),(205,'Clothing Pack',12,1,6,1,0,NULL,NULL,NULL,NULL,0,0,0,'FOR SHOP USE ONLY - Female pack break down, from September 13, 2019:\r\n1 underwear, 1 socks, 1 bra, 1 trousers, 1 t shirt, 1 tank top, 1 long sleeve shirt, 1 jumper, 1 scarf, 1 dress OR skirt\r\nOctober 7-11th\r\n1 of- t shirt, long sleeve, jumper, trousers, u',NULL),(206,'Clothing Pack',12,9,6,1,0,NULL,NULL,NULL,NULL,0,0,0,'FOR SHOP USE ONLY - Baby pack breakdown from September 13, 2019:\r\nAges 0-2:1 onesie, 1 top, 1 bottom, 1 jumper, 1 hat, 1 bib, 1 blanket, 1 socks\r\n\r\nFrom October 7-11\r\n2 onesies, 1 jumper, 1 coat, 1 bib, 1 top, 1 trousers, 1 hat, 1 blanket, 1 socks\r\n\r\nFrom',NULL),(207,'Clothing Pack',12,6,6,1,0,NULL,NULL,NULL,NULL,0,0,0,'FOR SHOP USE ONLY - Breakdown of pack from September 13, 2019:\r\n Female over the age of 2: 1 underwear, 1 socks,1 trousers, 1 t shirt, 1 tank top, 1 long sleeve shirt, 1 jumper, 1 dress OR skirt\r\nFrom October 7-\r\n1 of: socks, underwear, t shirt, long slee',NULL),(208,'Hygiene pack ',10,10,19,1,0,NULL,NULL,NULL,NULL,0,0,0,'FOR SHOP USE ONLY - Breakdown of packs: from September 13, 2019:\r\nMulti = family - contents:\r\n1 soap/2 people OR 1 shower gel/ 3 people\r\n1 toothbrush/ each person\r\n1 big toothpaste/2 people or 1 small/ each person\r\n1 body lotion/ each person\r\n1 toothbrush',NULL),(209,'Isomats',9,10,6,1,0,NULL,NULL,NULL,NULL,0,0,0,'',NULL),(210,'Top 0-2 Months',12,9,7,1,0,NULL,NULL,NULL,NULL,0,0,0,'',NULL),(211,'Bottom 0-2 Months ',12,9,7,1,0,NULL,NULL,NULL,NULL,0,0,0,'',NULL),(212,'Onesies 0-2 Months ',12,9,7,1,0,NULL,NULL,NULL,NULL,0,0,0,'',NULL),(213,'Top 2-6 Months ',12,9,7,1,0,NULL,NULL,NULL,NULL,0,0,0,'',NULL),(214,'Bottoms 2-6 Months ',12,9,7,1,0,NULL,NULL,NULL,NULL,0,0,0,'',NULL),(215,'Onesies 2-6 Months ',12,9,7,1,0,NULL,NULL,NULL,NULL,0,0,0,'',NULL),(216,'Short Sleeves (2-5Years) ',12,5,20,1,0,NULL,NULL,NULL,NULL,0,0,0,'',NULL),(217,'Top Boys (18-24 months)',12,5,7,1,0,NULL,NULL,NULL,NULL,0,0,0,'','2019-10-04 16:16:52'),(218,'Summer Scarf',12,1,7,1,0,NULL,NULL,NULL,NULL,0,0,0,'Summer scarf - no hijab. Hijabs have a proper category.','2019-10-04 16:34:38'),(219,'Summer Scarf',12,2,7,1,0,NULL,NULL,NULL,NULL,0,0,0,'',NULL),(220,'Vegetable bags',11,10,7,2,40,NULL,NULL,NULL,NULL,0,0,1,'','0000-00-00 00:00:00'),(221,'Flour (1kg)',11,10,7,2,30,NULL,NULL,NULL,NULL,0,0,1,'','0000-00-00 00:00:00'),(222,'Rice (500g)',11,10,7,2,15,NULL,NULL,NULL,NULL,NULL,NULL,1,NULL,'2019-08-13 08:36:26'),(223,'Rice (1kg)',11,10,7,2,25,NULL,NULL,NULL,NULL,0,0,0,'','0000-00-00 00:00:00'),(224,'Milk (1l)',11,10,7,2,30,NULL,NULL,NULL,NULL,0,0,1,'','0000-00-00 00:00:00'),(225,'Beans (400g)',11,10,7,2,15,NULL,NULL,NULL,NULL,NULL,NULL,1,NULL,'0000-00-00 00:00:00'),(226,'Chickpeas (500g)',11,10,7,2,15,NULL,NULL,NULL,NULL,NULL,NULL,1,NULL,'0000-00-00 00:00:00'),(227,'Chickpeas (1kg)',11,10,7,2,30,NULL,NULL,NULL,NULL,NULL,NULL,1,NULL,'0000-00-00 00:00:00'),(228,'Pasta (500g)',11,10,7,2,5,NULL,NULL,NULL,NULL,NULL,NULL,1,NULL,'0000-00-00 00:00:00'),(229,'Chai (100g)',11,10,7,2,10,NULL,NULL,NULL,NULL,NULL,NULL,1,NULL,'0000-00-00 00:00:00'),(230,'Salt',11,10,7,2,15,NULL,NULL,NULL,NULL,NULL,NULL,1,NULL,'0000-00-00 00:00:00'),(231,'Baby Food',11,9,7,2,20,NULL,NULL,NULL,NULL,0,1,1,NULL,'0000-00-00 00:00:00'),(232,'Eggs',11,10,7,2,5,NULL,NULL,NULL,NULL,4,4,1,NULL,'0000-00-00 00:00:00'),(233,'Toothbrush',10,10,7,2,5,NULL,NULL,NULL,NULL,NULL,NULL,1,NULL,'0000-00-00 00:00:00'),(234,'Toothpaste',10,10,7,2,15,NULL,NULL,NULL,NULL,0,0,1,'','0000-00-00 00:00:00'),(235,'Shampoo',10,10,7,2,25,NULL,NULL,NULL,NULL,NULL,NULL,1,NULL,'0000-00-00 00:00:00'),(236,'Soap',10,10,7,2,10,NULL,NULL,NULL,NULL,2,2,1,NULL,'0000-00-00 00:00:00'),(237,'Tissues',10,10,7,2,5,NULL,NULL,NULL,NULL,NULL,NULL,1,NULL,'0000-00-00 00:00:00'),(238,'Washing powder',10,10,7,2,30,NULL,NULL,NULL,NULL,1,1,1,NULL,'0000-00-00 00:00:00'),(239,'Sanitary pads',10,10,7,2,0,NULL,NULL,NULL,NULL,NULL,NULL,1,NULL,'0000-00-00 00:00:00'),(240,'Razors',10,10,7,2,10,NULL,NULL,NULL,NULL,0,0,1,'','0000-00-00 00:00:00'),(241,'Wet Wipes',10,10,7,2,25,NULL,NULL,NULL,NULL,0,1,1,NULL,'0000-00-00 00:00:00'),(242,'Adult Diapers',10,10,7,2,0,NULL,NULL,NULL,NULL,0,1,1,NULL,'0000-00-00 00:00:00'),(243,'Diapers Size 1',10,10,7,2,25,NULL,NULL,NULL,NULL,0,0,1,'','0000-00-00 00:00:00'),(244,'Yoga Mats',13,10,7,2,0,NULL,NULL,NULL,NULL,NULL,NULL,1,NULL,'0000-00-00 00:00:00'),(245,'Sardines',11,10,7,2,20,NULL,NULL,NULL,NULL,0,0,0,'',NULL),(246,'Jacket Thick',1,1,6,2,0,NULL,NULL,NULL,NULL,2,2,0,NULL,NULL),(247,'Jumper Thin',1,1,6,2,0,NULL,NULL,NULL,NULL,2,2,0,NULL,NULL),(248,'Jumper Thick',1,1,6,2,0,NULL,NULL,NULL,NULL,2,2,0,NULL,NULL),(249,'Trousers',1,1,6,2,0,NULL,NULL,NULL,NULL,2,2,0,NULL,NULL),(250,'Leggings',1,1,6,2,0,NULL,NULL,NULL,NULL,2,2,0,NULL,NULL),(251,'Bras',1,1,6,2,0,NULL,NULL,NULL,NULL,0,0,0,'',NULL),(252,'Underwear',1,1,6,2,0,NULL,NULL,NULL,NULL,6,6,0,NULL,NULL),(253,'Dresses/ Skirts',1,1,6,2,0,NULL,NULL,NULL,NULL,2,2,0,NULL,NULL),(254,'Shortsleeve',1,1,6,2,0,NULL,NULL,NULL,NULL,2,2,0,NULL,NULL),(255,'Longsleeve',1,1,6,2,0,NULL,NULL,NULL,NULL,2,2,0,NULL,NULL),(256,'Socks',1,1,6,2,0,NULL,NULL,NULL,NULL,6,6,0,NULL,NULL),(257,'Jacket Thin',1,2,6,2,0,NULL,NULL,NULL,NULL,2,2,0,NULL,NULL),(258,'Jacket Thick',1,2,6,2,0,NULL,NULL,NULL,NULL,2,2,0,NULL,NULL),(259,'Jumper Thin',1,2,6,2,0,NULL,NULL,NULL,NULL,2,2,0,NULL,NULL),(260,'Jumper Thick',1,2,6,2,0,NULL,NULL,NULL,NULL,2,2,0,NULL,NULL),(261,'Trousers',1,2,6,2,0,NULL,NULL,NULL,NULL,2,2,0,NULL,NULL),(262,'Leggings',1,2,6,2,0,NULL,NULL,NULL,NULL,2,2,0,NULL,NULL),(263,'Socks',1,2,6,2,0,NULL,NULL,NULL,NULL,6,6,0,NULL,NULL),(264,'Underwear',1,2,6,2,0,NULL,NULL,NULL,NULL,6,6,0,NULL,NULL),(265,'Shorts  ',1,2,6,2,0,NULL,NULL,NULL,NULL,2,2,0,NULL,NULL),(266,'Shortsleeve',1,2,6,2,0,NULL,NULL,NULL,NULL,2,2,0,NULL,NULL),(267,'Sweatpants',1,2,6,2,0,NULL,NULL,NULL,NULL,1,1,0,NULL,NULL),(268,'Longsleeve',1,2,6,2,0,NULL,NULL,NULL,NULL,2,2,0,NULL,NULL),(269,'Gloves',1,3,6,2,0,NULL,NULL,NULL,NULL,1,1,0,NULL,NULL),(270,'Winter hats',1,1,6,2,0,NULL,NULL,NULL,NULL,1,1,0,NULL,NULL),(271,'Winter hats',1,2,6,2,0,NULL,NULL,NULL,NULL,1,1,0,NULL,NULL),(272,'Summer hats',1,1,6,2,0,NULL,NULL,NULL,NULL,1,1,0,NULL,NULL),(273,'Summer hats',1,2,6,2,0,NULL,NULL,NULL,NULL,1,1,0,NULL,NULL),(274,'Jacket Thin',1,4,6,2,0,NULL,NULL,NULL,NULL,2,2,0,NULL,NULL),(275,'Jacket Thick',1,4,6,2,0,NULL,NULL,NULL,NULL,2,2,0,NULL,NULL),(276,'Jumper Thin',1,4,6,2,0,NULL,NULL,NULL,NULL,2,2,0,NULL,NULL),(277,'Jumper Thick',1,4,6,2,0,NULL,NULL,NULL,NULL,2,2,0,NULL,NULL),(278,'Trousers',1,4,6,2,0,NULL,NULL,NULL,NULL,2,2,0,NULL,NULL),(279,'Leggings',1,4,6,2,0,NULL,NULL,NULL,NULL,2,2,0,NULL,NULL),(280,'Bras',1,4,6,2,0,NULL,NULL,NULL,NULL,0,0,0,'',NULL),(281,'Underwear',1,4,6,2,0,NULL,NULL,NULL,NULL,6,6,0,NULL,NULL),(282,'Dresses/ Skirts',1,4,6,2,0,NULL,NULL,NULL,NULL,2,2,0,NULL,NULL),(283,'Shortsleeve',1,4,6,2,0,NULL,NULL,NULL,NULL,2,2,0,NULL,NULL),(284,'Longsleeve',1,4,6,2,0,NULL,NULL,NULL,NULL,2,2,0,NULL,NULL),(285,'Socks',1,4,6,2,0,NULL,NULL,NULL,NULL,6,6,0,NULL,NULL),(286,'Jacket Thin',1,5,6,2,0,NULL,NULL,NULL,NULL,2,2,0,NULL,NULL),(287,'Jacket Thick',1,5,6,2,0,NULL,NULL,NULL,NULL,2,2,0,NULL,NULL),(288,'Jumper Thin',1,5,6,2,0,NULL,NULL,NULL,NULL,2,2,0,NULL,NULL),(289,'Jumper Thick',1,5,6,2,0,NULL,NULL,NULL,NULL,2,2,0,NULL,NULL),(290,'Trousers',1,5,6,2,0,NULL,NULL,NULL,NULL,2,2,0,NULL,NULL),(291,'Leggings',1,5,6,2,0,NULL,NULL,NULL,NULL,2,2,0,NULL,NULL),(292,'Socks',1,5,6,2,0,NULL,NULL,NULL,NULL,6,6,0,NULL,NULL),(293,'Underwear',1,5,6,2,0,NULL,NULL,NULL,NULL,6,6,0,NULL,NULL),(294,'Shorts  ',1,5,6,2,0,NULL,NULL,NULL,NULL,2,2,0,NULL,NULL),(295,'Shortsleeve',1,5,6,2,0,NULL,NULL,NULL,NULL,2,2,0,NULL,NULL),(296,'Sweatpants',1,5,6,2,0,NULL,NULL,NULL,NULL,1,1,0,NULL,NULL),(297,'Longsleeve',1,5,6,2,0,NULL,NULL,NULL,NULL,2,2,0,NULL,NULL),(298,'Gloves',1,6,6,2,0,NULL,NULL,NULL,NULL,1,1,0,NULL,NULL),(299,'Winter hats',1,4,6,2,0,NULL,NULL,NULL,NULL,1,1,0,NULL,NULL),(300,'Winter hats',1,5,6,2,0,NULL,NULL,NULL,NULL,1,1,0,NULL,NULL),(301,'Summer hats',1,4,6,2,0,NULL,NULL,NULL,NULL,1,1,0,NULL,NULL),(302,'Summer hats',1,5,6,2,0,NULL,NULL,NULL,NULL,1,1,0,NULL,NULL),(303,'Onesie thin',1,9,2,2,0,NULL,NULL,NULL,NULL,2,2,0,NULL,NULL),(304,'Onesie thick',1,9,2,2,0,NULL,NULL,NULL,NULL,2,2,0,NULL,NULL),(305,'Top thick',1,9,2,2,0,NULL,NULL,NULL,NULL,2,2,0,NULL,NULL),(306,'Top thin',1,9,2,2,0,NULL,NULL,NULL,NULL,2,2,0,NULL,NULL),(307,'Socks',1,9,2,2,0,NULL,NULL,NULL,NULL,4,4,0,NULL,NULL),(308,'Jacket',1,9,2,2,0,NULL,NULL,NULL,NULL,2,2,0,NULL,NULL),(309,'Bottom',1,9,2,2,0,NULL,NULL,NULL,NULL,2,2,0,NULL,NULL),(310,'Winter hats',1,9,2,2,0,NULL,NULL,NULL,NULL,1,1,0,NULL,NULL),(311,'Summer hats',1,9,2,2,0,NULL,NULL,NULL,NULL,1,1,0,NULL,NULL),(312,'Gloves',1,9,2,2,0,NULL,NULL,NULL,NULL,1,1,1,NULL,NULL),(313,'Sleeping bag',4,10,6,2,0,NULL,NULL,NULL,NULL,1,1,1,NULL,NULL),(314,'Tent',4,10,6,2,0,NULL,NULL,NULL,NULL,1,1,1,NULL,NULL),(315,'Blanket',4,10,7,2,0,NULL,NULL,NULL,NULL,1,1,1,NULL,NULL),(316,'Duvet',4,10,7,2,0,NULL,NULL,NULL,NULL,1,1,0,NULL,NULL),(317,'Soap',3,10,7,2,0,NULL,NULL,NULL,NULL,2,2,0,NULL,NULL),(318,'Shampoo',3,10,7,2,0,NULL,NULL,NULL,NULL,2,2,0,NULL,NULL),(319,'Razors',3,10,7,2,0,NULL,NULL,NULL,NULL,2,0,0,NULL,NULL),(320,'Diapers',3,9,12,2,0,NULL,NULL,NULL,NULL,12,0,0,NULL,'2019-08-27 17:16:35'),(321,'Shower gel',3,10,7,2,0,NULL,NULL,NULL,NULL,1,1,0,NULL,NULL),(322,'Sanitary pads',3,1,7,2,0,NULL,NULL,NULL,NULL,12,12,0,NULL,NULL),(323,'Adult diapers',3,3,12,2,0,NULL,NULL,NULL,NULL,12,0,0,NULL,NULL),(324,'Jacket Thin',1,1,6,2,0,NULL,NULL,NULL,NULL,2,2,0,NULL,NULL),(325,'Rice 500g',11,10,7,2,15,NULL,NULL,NULL,NULL,0,0,1,'',NULL),(326,'Tinned Tomatoes',11,10,7,2,0,NULL,NULL,NULL,NULL,0,0,1,'For New arrivals only',NULL),(327,'Jumper',12,4,6,2,0,NULL,NULL,NULL,NULL,0,0,0,'',NULL),(328,'Jumper',12,1,6,2,0,NULL,NULL,NULL,NULL,0,0,0,'',NULL),(329,'Jumper',12,2,6,2,0,NULL,NULL,NULL,NULL,0,0,0,'',NULL),(330,'Jumper ',12,5,6,2,0,NULL,NULL,NULL,NULL,0,0,0,'',NULL),(331,'Rainponchos',12,3,6,2,0,NULL,NULL,NULL,NULL,0,0,0,'',NULL),(332,'Rainponchos',12,6,6,2,0,NULL,NULL,NULL,NULL,0,0,0,'',NULL),(333,'Hats',12,6,6,2,0,NULL,NULL,NULL,NULL,0,0,0,'',NULL),(334,'Scarves',12,6,6,2,0,NULL,NULL,NULL,NULL,0,0,0,'',NULL),(335,'Jumpers',12,6,6,2,0,NULL,NULL,NULL,NULL,0,0,0,'',NULL),(336,'Shortsleeve',12,6,6,2,0,NULL,NULL,NULL,NULL,0,0,0,'',NULL),(337,'Socks',12,6,6,2,0,NULL,NULL,NULL,NULL,0,0,0,'',NULL),(338,'Trousers ',12,6,6,2,0,NULL,NULL,NULL,NULL,0,0,0,'',NULL),(339,'Longsleeve',12,6,6,2,0,NULL,NULL,NULL,NULL,0,0,0,'',NULL),(340,'Tights',12,6,6,2,0,NULL,NULL,NULL,NULL,0,0,0,'',NULL),(341,'Pyjamas',12,6,6,2,0,NULL,NULL,NULL,NULL,0,0,0,'',NULL),(342,'Snowsuits',12,6,6,2,0,NULL,NULL,NULL,NULL,0,0,0,'',NULL),(343,'Ski underwear',12,6,6,2,0,NULL,NULL,NULL,NULL,0,0,0,'',NULL),(344,'Snow trousers',12,1,6,2,0,NULL,NULL,NULL,NULL,0,0,0,'',NULL),(345,'Snow trousers',12,2,6,2,0,NULL,NULL,NULL,NULL,0,0,0,'',NULL),(346,'Snow trousers ',12,4,6,2,0,NULL,NULL,NULL,NULL,0,0,0,'',NULL),(347,'Snow trousers',12,5,6,2,0,NULL,NULL,NULL,NULL,0,0,0,'',NULL),(348,'Pyjamas',12,1,6,2,0,NULL,NULL,NULL,NULL,0,0,0,'',NULL),(349,'Pyjamas',12,2,6,2,0,NULL,NULL,NULL,NULL,0,0,0,'',NULL),(350,'Robes',12,6,6,2,0,NULL,NULL,NULL,NULL,0,0,0,'',NULL),(351,'Shorts',12,4,6,2,0,NULL,NULL,NULL,NULL,0,0,0,'',NULL),(352,'Shorts',12,1,6,2,0,NULL,NULL,NULL,NULL,0,0,0,'',NULL),(353,'Baby bibs',12,9,6,2,0,NULL,NULL,NULL,NULL,0,0,0,'',NULL),(354,'Jacket ',12,4,6,2,0,NULL,NULL,NULL,NULL,0,0,0,'',NULL),(355,'Jacket',12,5,6,2,0,NULL,NULL,NULL,NULL,0,0,0,'',NULL),(356,'Jacket',12,1,6,2,0,NULL,NULL,NULL,NULL,0,0,0,'',NULL),(357,'Jacket',12,2,6,2,0,NULL,NULL,NULL,NULL,0,0,0,'',NULL),(358,'Jacket',12,6,6,2,0,NULL,NULL,NULL,NULL,0,0,0,'',NULL),(359,'Diapers Size 2',10,10,7,2,25,NULL,NULL,NULL,NULL,0,0,1,'',NULL),(360,'Diapers Size 3',10,10,7,2,25,NULL,NULL,NULL,NULL,0,0,1,'',NULL),(361,'Diapers Size 4',10,10,7,2,25,NULL,NULL,NULL,NULL,0,0,1,'',NULL),(362,'Diapers Size 4',10,10,7,2,25,NULL,NULL,NULL,NULL,0,0,1,'','2019-08-21 13:25:30'),(363,'Diapers Size 4',10,10,7,2,25,NULL,NULL,NULL,NULL,0,0,1,'','2019-08-21 13:23:58'),(364,'Diapers Size 5',10,10,7,2,25,NULL,NULL,NULL,NULL,0,0,1,'',NULL),(365,'Diapers Size 6',10,10,7,2,25,NULL,NULL,NULL,NULL,0,0,1,'',NULL),(366,'Snow trousers ',12,6,6,2,0,NULL,NULL,NULL,NULL,0,0,0,'',NULL),(367,'Leggings',12,6,6,2,0,NULL,NULL,NULL,NULL,0,0,0,'',NULL),(368,'Winter hats',12,6,6,2,0,NULL,NULL,NULL,NULL,0,0,0,'',NULL),(369,'Pyjamas',12,5,6,2,0,NULL,NULL,NULL,NULL,0,0,0,'',NULL),(370,'Hats',12,5,6,2,0,NULL,NULL,NULL,NULL,0,0,0,'',NULL),(371,'Rain trousers ',12,5,6,2,0,NULL,NULL,NULL,NULL,0,0,0,'',NULL),(372,'Snowsuit',12,5,6,2,0,NULL,NULL,NULL,NULL,0,0,0,'',NULL),(373,'Rain trousers',12,6,6,2,0,NULL,NULL,NULL,NULL,0,0,0,'',NULL),(374,'Coats',12,5,6,2,0,NULL,NULL,NULL,NULL,0,0,0,'',NULL),(375,'Robes',12,1,6,2,0,NULL,NULL,NULL,NULL,0,0,0,'',NULL),(376,'Scarf',12,2,6,2,0,NULL,NULL,NULL,NULL,0,0,0,'',NULL),(377,'Ponchos',12,1,6,2,0,NULL,NULL,NULL,NULL,0,0,0,'',NULL),(378,'Scarves ',12,1,6,2,0,NULL,NULL,NULL,NULL,0,0,0,'',NULL),(379,'Shoes',12,2,6,2,0,NULL,NULL,NULL,NULL,0,0,0,'',NULL),(380,'Shoes',12,1,6,2,0,NULL,NULL,NULL,NULL,0,0,0,'',NULL),(381,'Shoes',12,4,6,2,0,NULL,NULL,NULL,NULL,0,0,0,'',NULL),(382,'Shoes',12,5,6,2,0,NULL,NULL,NULL,NULL,0,0,0,'',NULL),(383,'Shoes',12,6,6,2,0,NULL,NULL,NULL,NULL,0,0,0,'',NULL),(384,'Baby carrier',8,9,7,2,0,NULL,NULL,NULL,NULL,0,0,0,'',NULL),(385,'Tent',13,10,6,2,0,NULL,NULL,NULL,NULL,0,0,0,'',NULL),(386,'Pillows',9,10,6,2,0,NULL,NULL,NULL,NULL,0,0,0,'',NULL),(387,'Bedding set',9,3,6,2,0,NULL,NULL,NULL,NULL,0,0,0,'',NULL),(388,'Towel',9,3,6,2,0,NULL,NULL,NULL,NULL,0,0,0,'',NULL),(389,'Baby Jumper',12,9,6,2,0,NULL,NULL,NULL,NULL,0,0,0,'',NULL),(390,'Baby Onesie ',12,9,6,2,0,NULL,NULL,NULL,NULL,0,0,0,'',NULL),(391,'Top',12,9,6,2,0,NULL,NULL,NULL,NULL,0,0,0,'',NULL),(392,'baby hats',9,9,6,2,0,NULL,NULL,NULL,NULL,0,0,0,'',NULL),(393,'baby socks',9,9,6,2,0,NULL,NULL,NULL,NULL,0,0,0,'',NULL),(394,'baby socks',9,9,6,2,0,NULL,NULL,NULL,NULL,0,0,0,'','2019-09-22 14:17:41'),(395,'baby towels',9,9,6,2,0,NULL,NULL,NULL,NULL,0,0,1,'',NULL),(396,'baby toys',9,9,6,2,0,NULL,NULL,NULL,NULL,0,0,0,'',NULL),(397,'baby shoes',9,9,6,2,0,NULL,NULL,NULL,NULL,0,0,0,'',NULL),(398,'baby scarves',9,9,6,2,0,NULL,NULL,NULL,NULL,0,0,0,'',NULL),(399,'baby gloves',9,9,6,2,0,NULL,NULL,NULL,NULL,0,0,1,'',NULL),(400,'Folding Beds',13,10,7,2,0,NULL,NULL,NULL,NULL,0,0,0,'',NULL),(401,'Tarps',13,10,6,2,0,NULL,NULL,NULL,NULL,0,0,0,'',NULL),(402,'Bags',13,10,6,2,0,NULL,NULL,NULL,NULL,0,0,0,'',NULL),(403,'Shampoo',10,10,6,2,0,NULL,NULL,NULL,NULL,0,0,1,'',NULL),(404,'Sleeping Mats (UNHCR)',9,10,7,2,0,NULL,NULL,NULL,NULL,0,0,0,'',NULL),(405,'Tampons',10,1,6,2,0,NULL,NULL,NULL,NULL,0,0,0,'',NULL),(406,'Shower Gel',10,10,6,2,15,NULL,NULL,NULL,NULL,0,0,1,'',NULL),(407,'WD JACKET',12,10,6,2,30,NULL,NULL,NULL,NULL,0,0,0,'',NULL),(408,'WD JUMPERS',12,10,6,2,20,NULL,NULL,NULL,NULL,0,0,0,'',NULL),(409,'WD BLANKETS',12,10,7,2,40,NULL,NULL,NULL,NULL,0,0,0,'',NULL),(410,'WD SCARVES',12,10,6,2,20,NULL,NULL,NULL,NULL,0,0,0,'',NULL),(411,'WD HATS',12,10,7,2,10,NULL,NULL,NULL,NULL,0,0,0,'',NULL),(412,'WD GLOVES',12,10,7,2,10,NULL,NULL,NULL,NULL,0,0,0,'',NULL),(413,'WD SOCKS',12,10,6,2,5,NULL,NULL,NULL,NULL,0,0,0,'',NULL),(414,'WD BABY CLOTHES',12,10,6,2,20,NULL,NULL,NULL,NULL,0,0,0,'',NULL),(415,'Vegetable bags',11,10,7,3,40,NULL,NULL,NULL,NULL,0,0,1,'','0000-00-00 00:00:00'),(416,'Flour (1kg)',11,10,7,3,30,NULL,NULL,NULL,NULL,0,0,1,'','0000-00-00 00:00:00'),(417,'Rice (500g)',11,10,7,3,15,NULL,NULL,NULL,NULL,NULL,NULL,1,NULL,'2019-08-13 08:36:26'),(418,'Rice (1kg)',11,10,7,3,25,NULL,NULL,NULL,NULL,0,0,0,'','0000-00-00 00:00:00'),(419,'Milk (1l)',11,10,7,3,30,NULL,NULL,NULL,NULL,0,0,1,'','0000-00-00 00:00:00'),(420,'Beans (400g)',11,10,7,3,15,NULL,NULL,NULL,NULL,NULL,NULL,1,NULL,'0000-00-00 00:00:00'),(421,'Chickpeas (500g)',11,10,7,3,15,NULL,NULL,NULL,NULL,NULL,NULL,1,NULL,'0000-00-00 00:00:00'),(422,'Chickpeas (1kg)',11,10,7,3,30,NULL,NULL,NULL,NULL,NULL,NULL,1,NULL,'0000-00-00 00:00:00'),(423,'Pasta (500g)',11,10,7,3,5,NULL,NULL,NULL,NULL,NULL,NULL,1,NULL,'0000-00-00 00:00:00'),(424,'Chai (100g)',11,10,7,3,10,NULL,NULL,NULL,NULL,NULL,NULL,1,NULL,'0000-00-00 00:00:00'),(425,'Salt',11,10,7,3,15,NULL,NULL,NULL,NULL,NULL,NULL,1,NULL,'0000-00-00 00:00:00'),(426,'Baby Food',11,9,7,3,20,NULL,NULL,NULL,NULL,0,1,1,NULL,'0000-00-00 00:00:00'),(427,'Eggs',11,10,7,3,5,NULL,NULL,NULL,NULL,4,4,1,NULL,'0000-00-00 00:00:00'),(428,'Toothbrush',10,10,7,3,5,NULL,NULL,NULL,NULL,NULL,NULL,1,NULL,'0000-00-00 00:00:00'),(429,'Toothpaste',10,10,7,3,15,NULL,NULL,NULL,NULL,0,0,1,'','0000-00-00 00:00:00'),(430,'Shampoo',10,10,7,3,25,NULL,NULL,NULL,NULL,NULL,NULL,1,NULL,'0000-00-00 00:00:00'),(431,'Soap',10,10,7,3,10,NULL,NULL,NULL,NULL,2,2,1,NULL,'0000-00-00 00:00:00'),(432,'Tissues',10,10,7,3,5,NULL,NULL,NULL,NULL,NULL,NULL,1,NULL,'0000-00-00 00:00:00'),(433,'Washing powder',10,10,7,3,30,NULL,NULL,NULL,NULL,1,1,1,NULL,'0000-00-00 00:00:00'),(434,'Sanitary pads',10,10,7,3,0,NULL,NULL,NULL,NULL,NULL,NULL,1,NULL,'0000-00-00 00:00:00'),(435,'Razors',10,10,7,3,10,NULL,NULL,NULL,NULL,0,0,1,'','0000-00-00 00:00:00'),(436,'Wet Wipes',10,10,7,3,25,NULL,NULL,NULL,NULL,0,1,1,NULL,'0000-00-00 00:00:00'),(437,'Adult Diapers',10,10,7,3,0,NULL,NULL,NULL,NULL,0,1,1,NULL,'0000-00-00 00:00:00'),(438,'Diapers Size 1',10,10,7,3,25,NULL,NULL,NULL,NULL,0,0,1,'','0000-00-00 00:00:00'),(439,'Yoga Mats',13,10,7,3,0,NULL,NULL,NULL,NULL,NULL,NULL,1,NULL,'0000-00-00 00:00:00'),(440,'Sardines',11,10,7,3,20,NULL,NULL,NULL,NULL,0,0,0,'',NULL),(441,'Jacket Thick',1,1,6,3,0,NULL,NULL,NULL,NULL,2,2,0,NULL,NULL),(442,'Jumper Thin',1,1,6,3,0,NULL,NULL,NULL,NULL,2,2,0,NULL,NULL),(443,'Jumper Thick',1,1,6,3,0,NULL,NULL,NULL,NULL,2,2,0,NULL,NULL),(444,'Trousers',1,1,6,3,0,NULL,NULL,NULL,NULL,2,2,0,NULL,NULL),(445,'Leggings',1,1,6,3,0,NULL,NULL,NULL,NULL,2,2,0,NULL,NULL),(446,'Bras',1,1,6,3,0,NULL,NULL,NULL,NULL,0,0,0,'',NULL),(447,'Underwear',1,1,6,3,0,NULL,NULL,NULL,NULL,6,6,0,NULL,NULL),(448,'Dresses/ Skirts',1,1,6,3,0,NULL,NULL,NULL,NULL,2,2,0,NULL,NULL),(449,'Shortsleeve',1,1,6,3,0,NULL,NULL,NULL,NULL,2,2,0,NULL,NULL),(450,'Longsleeve',1,1,6,3,0,NULL,NULL,NULL,NULL,2,2,0,NULL,NULL),(451,'Socks',1,1,6,3,0,NULL,NULL,NULL,NULL,6,6,0,NULL,NULL),(452,'Jacket Thin',1,2,6,3,0,NULL,NULL,NULL,NULL,2,2,0,NULL,NULL),(453,'Jacket Thick',1,2,6,3,0,NULL,NULL,NULL,NULL,2,2,0,NULL,NULL),(454,'Jumper Thin',1,2,6,3,0,NULL,NULL,NULL,NULL,2,2,0,NULL,NULL),(455,'Jumper Thick',1,2,6,3,0,NULL,NULL,NULL,NULL,2,2,0,NULL,NULL),(456,'Trousers',1,2,6,3,0,NULL,NULL,NULL,NULL,2,2,0,NULL,NULL),(457,'Leggings',1,2,6,3,0,NULL,NULL,NULL,NULL,2,2,0,NULL,NULL),(458,'Socks',1,2,6,3,0,NULL,NULL,NULL,NULL,6,6,0,NULL,NULL),(459,'Underwear',1,2,6,3,0,NULL,NULL,NULL,NULL,6,6,0,NULL,NULL),(460,'Shorts  ',1,2,6,3,0,NULL,NULL,NULL,NULL,2,2,0,NULL,NULL),(461,'Shortsleeve',1,2,6,3,0,NULL,NULL,NULL,NULL,2,2,0,NULL,NULL),(462,'Sweatpants',1,2,6,3,0,NULL,NULL,NULL,NULL,1,1,0,NULL,NULL),(463,'Longsleeve',1,2,6,3,0,NULL,NULL,NULL,NULL,2,2,0,NULL,NULL),(464,'Gloves',1,3,6,3,0,NULL,NULL,NULL,NULL,1,1,0,NULL,NULL),(465,'Winter hats',1,1,6,3,0,NULL,NULL,NULL,NULL,1,1,0,NULL,NULL),(466,'Winter hats',1,2,6,3,0,NULL,NULL,NULL,NULL,1,1,0,NULL,NULL),(467,'Summer hats',1,1,6,3,0,NULL,NULL,NULL,NULL,1,1,0,NULL,NULL),(468,'Summer hats',1,2,6,3,0,NULL,NULL,NULL,NULL,1,1,0,NULL,NULL),(469,'Jacket Thin',1,4,6,3,0,NULL,NULL,NULL,NULL,2,2,0,NULL,NULL),(470,'Jacket Thick',1,4,6,3,0,NULL,NULL,NULL,NULL,2,2,0,NULL,NULL),(471,'Jumper Thin',1,4,6,3,0,NULL,NULL,NULL,NULL,2,2,0,NULL,NULL),(472,'Jumper Thick',1,4,6,3,0,NULL,NULL,NULL,NULL,2,2,0,NULL,NULL),(473,'Trousers',1,4,6,3,0,NULL,NULL,NULL,NULL,2,2,0,NULL,NULL),(474,'Leggings',1,4,6,3,0,NULL,NULL,NULL,NULL,2,2,0,NULL,NULL),(475,'Bras',1,4,6,3,0,NULL,NULL,NULL,NULL,0,0,0,'',NULL),(476,'Underwear',1,4,6,3,0,NULL,NULL,NULL,NULL,6,6,0,NULL,NULL),(477,'Dresses/ Skirts',1,4,6,3,0,NULL,NULL,NULL,NULL,2,2,0,NULL,NULL),(478,'Shortsleeve',1,4,6,3,0,NULL,NULL,NULL,NULL,2,2,0,NULL,NULL),(479,'Longsleeve',1,4,6,3,0,NULL,NULL,NULL,NULL,2,2,0,NULL,NULL),(480,'Socks',1,4,6,3,0,NULL,NULL,NULL,NULL,6,6,0,NULL,NULL),(481,'Jacket Thin',1,5,6,3,0,NULL,NULL,NULL,NULL,2,2,0,NULL,NULL),(482,'Jacket Thick',1,5,6,3,0,NULL,NULL,NULL,NULL,2,2,0,NULL,NULL),(483,'Jumper Thin',1,5,6,3,0,NULL,NULL,NULL,NULL,2,2,0,NULL,NULL),(484,'Jumper Thick',1,5,6,3,0,NULL,NULL,NULL,NULL,2,2,0,NULL,NULL),(485,'Trousers',1,5,6,3,0,NULL,NULL,NULL,NULL,2,2,0,NULL,NULL),(486,'Leggings',1,5,6,3,0,NULL,NULL,NULL,NULL,2,2,0,NULL,NULL),(487,'Socks',1,5,6,3,0,NULL,NULL,NULL,NULL,6,6,0,NULL,NULL),(488,'Underwear',1,5,6,3,0,NULL,NULL,NULL,NULL,6,6,0,NULL,NULL),(489,'Shorts  ',1,5,6,3,0,NULL,NULL,NULL,NULL,2,2,0,NULL,NULL),(490,'Shortsleeve',1,5,6,3,0,NULL,NULL,NULL,NULL,2,2,0,NULL,NULL),(491,'Sweatpants',1,5,6,3,0,NULL,NULL,NULL,NULL,1,1,0,NULL,NULL),(492,'Longsleeve',1,5,6,3,0,NULL,NULL,NULL,NULL,2,2,0,NULL,NULL),(493,'Gloves',1,6,6,3,0,NULL,NULL,NULL,NULL,1,1,0,NULL,NULL),(494,'Winter hats',1,4,6,3,0,NULL,NULL,NULL,NULL,1,1,0,NULL,NULL),(495,'Winter hats',1,5,6,3,0,NULL,NULL,NULL,NULL,1,1,0,NULL,NULL),(496,'Summer hats',1,4,6,3,0,NULL,NULL,NULL,NULL,1,1,0,NULL,NULL),(497,'Summer hats',1,5,6,3,0,NULL,NULL,NULL,NULL,1,1,0,NULL,NULL),(498,'Onesie thin',1,9,2,3,0,NULL,NULL,NULL,NULL,2,2,0,NULL,NULL),(499,'Onesie thick',1,9,2,3,0,NULL,NULL,NULL,NULL,2,2,0,NULL,NULL),(500,'Top thick',1,9,2,3,0,NULL,NULL,NULL,NULL,2,2,0,NULL,NULL),(501,'Top thin',1,9,2,3,0,NULL,NULL,NULL,NULL,2,2,0,NULL,NULL),(502,'Socks',1,9,2,3,0,NULL,NULL,NULL,NULL,4,4,0,NULL,NULL),(503,'Jacket',1,9,2,3,0,NULL,NULL,NULL,NULL,2,2,0,NULL,NULL),(504,'Bottom',1,9,2,3,0,NULL,NULL,NULL,NULL,2,2,0,NULL,NULL),(505,'Winter hats',1,9,2,3,0,NULL,NULL,NULL,NULL,1,1,0,NULL,NULL),(506,'Summer hats',1,9,2,3,0,NULL,NULL,NULL,NULL,1,1,0,NULL,NULL),(507,'Gloves',1,9,2,3,0,NULL,NULL,NULL,NULL,1,1,1,NULL,NULL),(508,'Sleeping bag',4,10,6,3,0,NULL,NULL,NULL,NULL,1,1,1,NULL,NULL),(509,'Tent',4,10,6,3,0,NULL,NULL,NULL,NULL,1,1,1,NULL,NULL),(510,'Blanket',4,10,7,3,0,NULL,NULL,NULL,NULL,1,1,1,NULL,NULL),(511,'Duvet',4,10,7,3,0,NULL,NULL,NULL,NULL,1,1,0,NULL,NULL),(512,'Soap',3,10,7,3,0,NULL,NULL,NULL,NULL,2,2,0,NULL,NULL),(513,'Shampoo',3,10,7,3,0,NULL,NULL,NULL,NULL,2,2,0,NULL,NULL),(514,'Razors',3,10,7,3,0,NULL,NULL,NULL,NULL,2,0,0,NULL,NULL),(515,'Diapers',3,9,12,3,0,NULL,NULL,NULL,NULL,12,0,0,NULL,'2019-08-27 17:16:35'),(516,'Shower gel',3,10,7,3,0,NULL,NULL,NULL,NULL,1,1,0,NULL,NULL),(517,'Sanitary pads',3,1,7,3,0,NULL,NULL,NULL,NULL,12,12,0,NULL,NULL),(518,'Adult diapers',3,3,12,3,0,NULL,NULL,NULL,NULL,12,0,0,NULL,NULL),(519,'Jacket Thin',1,1,6,3,0,NULL,NULL,NULL,NULL,2,2,0,NULL,NULL),(520,'Rice 500g',11,10,7,3,15,NULL,NULL,NULL,NULL,0,0,1,'',NULL),(521,'Tinned Tomatoes',11,10,7,3,0,NULL,NULL,NULL,NULL,0,0,1,'For New arrivals only',NULL),(522,'Jumper',12,4,6,3,0,NULL,NULL,NULL,NULL,0,0,0,'',NULL),(523,'Jumper',12,1,6,3,0,NULL,NULL,NULL,NULL,0,0,0,'',NULL),(524,'Jumper',12,2,6,3,0,NULL,NULL,NULL,NULL,0,0,0,'',NULL),(525,'Jumper ',12,5,6,3,0,NULL,NULL,NULL,NULL,0,0,0,'',NULL),(526,'Rainponchos',12,3,6,3,0,NULL,NULL,NULL,NULL,0,0,0,'',NULL),(527,'Rainponchos',12,6,6,3,0,NULL,NULL,NULL,NULL,0,0,0,'',NULL),(528,'Hats',12,6,6,3,0,NULL,NULL,NULL,NULL,0,0,0,'',NULL),(529,'Scarves',12,6,6,3,0,NULL,NULL,NULL,NULL,0,0,0,'',NULL),(530,'Jumpers',12,6,6,3,0,NULL,NULL,NULL,NULL,0,0,0,'',NULL),(531,'Shortsleeve',12,6,6,3,0,NULL,NULL,NULL,NULL,0,0,0,'',NULL),(532,'Socks',12,6,6,3,0,NULL,NULL,NULL,NULL,0,0,0,'',NULL),(533,'Trousers ',12,6,6,3,0,NULL,NULL,NULL,NULL,0,0,0,'',NULL),(534,'Longsleeve',12,6,6,3,0,NULL,NULL,NULL,NULL,0,0,0,'',NULL),(535,'Tights',12,6,6,3,0,NULL,NULL,NULL,NULL,0,0,0,'',NULL),(536,'Pyjamas',12,6,6,3,0,NULL,NULL,NULL,NULL,0,0,0,'',NULL),(537,'Snowsuits',12,6,6,3,0,NULL,NULL,NULL,NULL,0,0,0,'',NULL),(538,'Ski underwear',12,6,6,3,0,NULL,NULL,NULL,NULL,0,0,0,'',NULL),(539,'Snow trousers',12,1,6,3,0,NULL,NULL,NULL,NULL,0,0,0,'',NULL),(540,'Snow trousers',12,2,6,3,0,NULL,NULL,NULL,NULL,0,0,0,'',NULL),(541,'Snow trousers ',12,4,6,3,0,NULL,NULL,NULL,NULL,0,0,0,'',NULL),(542,'Snow trousers',12,5,6,3,0,NULL,NULL,NULL,NULL,0,0,0,'',NULL),(543,'Pyjamas',12,1,6,3,0,NULL,NULL,NULL,NULL,0,0,0,'',NULL),(544,'Pyjamas',12,2,6,3,0,NULL,NULL,NULL,NULL,0,0,0,'',NULL),(545,'Robes',12,6,6,3,0,NULL,NULL,NULL,NULL,0,0,0,'',NULL),(546,'Shorts',12,4,6,3,0,NULL,NULL,NULL,NULL,0,0,0,'',NULL),(547,'Shorts',12,1,6,3,0,NULL,NULL,NULL,NULL,0,0,0,'',NULL),(548,'Baby bibs',12,9,6,3,0,NULL,NULL,NULL,NULL,0,0,0,'',NULL),(549,'Jacket ',12,4,6,3,0,NULL,NULL,NULL,NULL,0,0,0,'',NULL),(550,'Jacket',12,5,6,3,0,NULL,NULL,NULL,NULL,0,0,0,'',NULL),(551,'Jacket',12,1,6,3,0,NULL,NULL,NULL,NULL,0,0,0,'',NULL),(552,'Jacket',12,2,6,3,0,NULL,NULL,NULL,NULL,0,0,0,'',NULL),(553,'Jacket',12,6,6,3,0,NULL,NULL,NULL,NULL,0,0,0,'',NULL),(554,'Diapers Size 2',10,10,7,3,25,NULL,NULL,NULL,NULL,0,0,1,'',NULL),(555,'Diapers Size 3',10,10,7,3,25,NULL,NULL,NULL,NULL,0,0,1,'',NULL),(556,'Diapers Size 4',10,10,7,3,25,NULL,NULL,NULL,NULL,0,0,1,'',NULL),(557,'Diapers Size 4',10,10,7,3,25,NULL,NULL,NULL,NULL,0,0,1,'','2019-08-21 13:25:30'),(558,'Diapers Size 4',10,10,7,3,25,NULL,NULL,NULL,NULL,0,0,1,'','2019-08-21 13:23:58'),(559,'Diapers Size 5',10,10,7,3,25,NULL,NULL,NULL,NULL,0,0,1,'',NULL),(560,'Diapers Size 6',10,10,7,3,25,NULL,NULL,NULL,NULL,0,0,1,'',NULL),(561,'Snow trousers ',12,6,6,3,0,NULL,NULL,NULL,NULL,0,0,0,'',NULL),(562,'Leggings',12,6,6,3,0,NULL,NULL,NULL,NULL,0,0,0,'',NULL),(563,'Winter hats',12,6,6,3,0,NULL,NULL,NULL,NULL,0,0,0,'',NULL),(564,'Pyjamas',12,5,6,3,0,NULL,NULL,NULL,NULL,0,0,0,'',NULL),(565,'Hats',12,5,6,3,0,NULL,NULL,NULL,NULL,0,0,0,'',NULL),(566,'Rain trousers ',12,5,6,3,0,NULL,NULL,NULL,NULL,0,0,0,'',NULL),(567,'Snowsuit',12,5,6,3,0,NULL,NULL,NULL,NULL,0,0,0,'',NULL),(568,'Rain trousers',12,6,6,3,0,NULL,NULL,NULL,NULL,0,0,0,'',NULL),(569,'Coats',12,5,6,3,0,NULL,NULL,NULL,NULL,0,0,0,'',NULL),(570,'Robes',12,1,6,3,0,NULL,NULL,NULL,NULL,0,0,0,'',NULL),(571,'Scarf',12,2,6,3,0,NULL,NULL,NULL,NULL,0,0,0,'',NULL),(572,'Ponchos',12,1,6,3,0,NULL,NULL,NULL,NULL,0,0,0,'',NULL),(573,'Scarves ',12,1,6,3,0,NULL,NULL,NULL,NULL,0,0,0,'',NULL),(574,'Shoes',12,2,6,3,0,NULL,NULL,NULL,NULL,0,0,0,'',NULL),(575,'Shoes',12,1,6,3,0,NULL,NULL,NULL,NULL,0,0,0,'',NULL),(576,'Shoes',12,4,6,3,0,NULL,NULL,NULL,NULL,0,0,0,'',NULL),(577,'Shoes',12,5,6,3,0,NULL,NULL,NULL,NULL,0,0,0,'',NULL),(578,'Shoes',12,6,6,3,0,NULL,NULL,NULL,NULL,0,0,0,'',NULL),(579,'Baby carrier',8,9,7,3,0,NULL,NULL,NULL,NULL,0,0,0,'',NULL),(580,'Tent',13,10,6,3,0,NULL,NULL,NULL,NULL,0,0,0,'',NULL),(581,'Pillows',9,10,6,3,0,NULL,NULL,NULL,NULL,0,0,0,'',NULL),(582,'Bedding set',9,3,6,3,0,NULL,NULL,NULL,NULL,0,0,0,'',NULL),(583,'Towel',9,3,6,3,0,NULL,NULL,NULL,NULL,0,0,0,'',NULL),(584,'Baby Jumper',12,9,6,3,0,NULL,NULL,NULL,NULL,0,0,0,'',NULL),(585,'Baby Onesie ',12,9,6,3,0,NULL,NULL,NULL,NULL,0,0,0,'',NULL),(586,'Top',12,9,6,3,0,NULL,NULL,NULL,NULL,0,0,0,'',NULL),(587,'baby hats',9,9,6,3,0,NULL,NULL,NULL,NULL,0,0,0,'',NULL),(588,'baby socks',9,9,6,3,0,NULL,NULL,NULL,NULL,0,0,0,'',NULL),(589,'baby socks',9,9,6,3,0,NULL,NULL,NULL,NULL,0,0,0,'','2019-09-22 14:17:41'),(590,'baby towels',9,9,6,3,0,NULL,NULL,NULL,NULL,0,0,1,'',NULL),(591,'baby toys',9,9,6,3,0,NULL,NULL,NULL,NULL,0,0,0,'',NULL),(592,'baby shoes',9,9,6,3,0,NULL,NULL,NULL,NULL,0,0,0,'',NULL),(593,'baby scarves',9,9,6,3,0,NULL,NULL,NULL,NULL,0,0,0,'',NULL),(594,'baby gloves',9,9,6,3,0,NULL,NULL,NULL,NULL,0,0,1,'',NULL),(595,'Folding Beds',13,10,7,3,0,NULL,NULL,NULL,NULL,0,0,0,'',NULL),(596,'Tarps',13,10,6,3,0,NULL,NULL,NULL,NULL,0,0,0,'',NULL),(597,'Bags',13,10,6,3,0,NULL,NULL,NULL,NULL,0,0,0,'',NULL),(598,'Shampoo',10,10,6,3,0,NULL,NULL,NULL,NULL,0,0,1,'',NULL),(599,'Sleeping Mats (UNHCR)',9,10,7,3,0,NULL,NULL,NULL,NULL,0,0,0,'',NULL),(600,'Tampons',10,1,6,3,0,NULL,NULL,NULL,NULL,0,0,0,'',NULL),(601,'Shower Gel',10,10,6,3,15,NULL,NULL,NULL,NULL,0,0,1,'',NULL),(602,'WD JACKET',12,10,6,3,30,NULL,NULL,NULL,NULL,0,0,0,'',NULL),(603,'WD JUMPERS',12,10,6,3,20,NULL,NULL,NULL,NULL,0,0,0,'',NULL),(604,'WD BLANKETS',12,10,7,3,40,NULL,NULL,NULL,NULL,0,0,0,'',NULL),(605,'WD SCARVES',12,10,6,3,20,NULL,NULL,NULL,NULL,0,0,0,'',NULL),(606,'WD HATS',12,10,7,3,10,NULL,NULL,NULL,NULL,0,0,0,'',NULL),(607,'WD GLOVES',12,10,7,3,10,NULL,NULL,NULL,NULL,0,0,0,'',NULL),(608,'WD SOCKS',12,10,6,3,5,NULL,NULL,NULL,NULL,0,0,0,'',NULL),(609,'WD BABY CLOTHES',12,10,6,3,20,NULL,NULL,NULL,NULL,0,0,0,'',NULL),(1158,'Jeans',2,1,5,100000000,50,'2019-09-05 13:54:40',1,NULL,NULL,0,0,1,'',NULL),(1159,'T-Shirts',3,2,1,100000000,30,'2019-09-05 13:55:10',1,NULL,NULL,0,0,1,'',NULL),(1160,'Trainers',5,6,9,100000000,100,'2019-09-05 13:55:49',1,NULL,NULL,0,0,1,'',NULL),(1161,'Sleeping Bag',9,3,7,100000000,100,'2019-09-05 13:56:23',1,NULL,NULL,0,0,0,'',NULL),(1162,'Diapers',8,9,12,100000000,0,'2019-09-05 13:56:46',1,NULL,NULL,0,0,0,'',NULL),(1163,'Shampoo (100ml)',10,10,7,100000000,20,'2019-09-05 13:57:31',1,NULL,NULL,0,0,1,'',NULL),(1164,'Rice (1kg)',11,10,7,100000000,25,'2019-09-05 13:57:59',1,NULL,NULL,0,0,1,'',NULL),(1165,'DummyProduct',2,1,5,100000001,50,'2019-09-05 13:54:40',1,NULL,NULL,0,0,1,'',NULL);
/*!40000 ALTER TABLE `products` ENABLE KEYS */;
UNLOCK TABLES;

--
-- Table structure for table `qr`
--

DROP TABLE IF EXISTS `qr`;
/*!40101 SET @saved_cs_client     = @@character_set_client */;
/*!40101 SET character_set_client = utf8 */;
CREATE TABLE `qr` (
  `id` int(11) unsigned NOT NULL AUTO_INCREMENT,
  `code` varchar(255) DEFAULT NULL,
  `created` datetime DEFAULT NULL,
  `legacy` int(11) NOT NULL DEFAULT '0',
  PRIMARY KEY (`id`),
  UNIQUE KEY `code_legacy_unique` (`code`,`legacy`)
) ENGINE=InnoDB AUTO_INCREMENT=100005943 DEFAULT CHARSET=utf8 ROW_FORMAT=DYNAMIC;
/*!40101 SET character_set_client = @saved_cs_client */;

--
-- Dumping data for table `qr`
--

LOCK TABLES `qr` WRITE;
/*!40000 ALTER TABLE `qr` DISABLE KEYS */;
INSERT INTO `qr` VALUES (1,'64c62f37960b6ccdc48f58924f1786b',NULL,0),(2,'126b9e196655feeb66fecdd243fe46e',NULL,0),(3,'51922b15598148ef0a97d30245f2595',NULL,0),(4,'16a057897ed901090b9073aad521a0b',NULL,0),(5,'a5fc91bec26064d8be05b5780df38e6',NULL,0),(6,'537dd0989b12593b8622bc5745d0262',NULL,0),(7,'4f7c7e803ab151e7c03a3c7cd135212',NULL,0),(8,'eb902dab5f0aa444646b4974b59c71f',NULL,0),(9,'62fa76abdc99b26b8d102a3f3ddac34',NULL,0),(10,'db842b7d23f63c935fed99a079b4cfd',NULL,0),(11,'47a6d5d2983c7dc93c5df91acfca867',NULL,0),(12,'2b952bcc940ad1be7fe8a4c879f46c7',NULL,0),(13,'89f95a3e411db5ce6a8e3c2923dbae2',NULL,0),(14,'c4b555e5ff355096ed8735646266176',NULL,0),(15,'68ac7745f6cb0fa59aec2f4158864cf',NULL,0),(16,'b9f1a01f22de0c0934161052f56a197',NULL,0),(17,'80b6294a66386b9470709067c88ae35',NULL,0),(18,'050241b14af342d7fd3cd2870729b96',NULL,0),(19,'99c92504019489f01c06af1299e5afb',NULL,0),(20,'ea3d9c03dba38d5c2d689d6ab051c43',NULL,0),(21,'964cf211e16f8b8ca1a8283b25d05b9',NULL,0),(22,'992beeb1f2bd9298fae051fe38c6950',NULL,0),(23,'62742e049c516bb78848e6dc19126e9',NULL,0),(24,'01472cc641476755b1942f3d4cfd12d',NULL,0),(25,'fa7d2dab0ec5c84326bbddea86a8613',NULL,0),(26,'2b4c768d4041a1c5ee8081bac917722',NULL,0),(27,'c4f389c34eb9e30a8931573ae356f26',NULL,0),(28,'2a8f7e6f768961f6c4cbef471b66011',NULL,0),(29,'0cbcd78dffa948883fa3ea92521361d',NULL,0),(30,'3b7cdb6898ceb98716a8e943580a65f',NULL,0),(31,'33a1b1993d2ecf38ee327c1706e646d',NULL,0),(32,'2c9989e3d8c124084b5183c9622f86c',NULL,0),(33,'392203dcaba1ef88ca6f103f2bfcbf7',NULL,0),(34,'9c4146772d90bcccfea8cfdfb9192ef',NULL,0),(35,'e17a36dc515d79384ab45020f9dcd55',NULL,0),(36,'1e3f650584ec390472b3e82cb3281de',NULL,0),(37,'ce55176f84205a0e13ac0cb7e42def3',NULL,0),(38,'b95d24e63ec8be6a814e2892672194e',NULL,0),(39,'ee29059a8ff6de8260d713727373d83',NULL,0),(40,'5d2cb39e777c093c2b76ac9c7637300',NULL,0),(41,'63ed1304fee0a58f9879200f507899a',NULL,0),(42,'f74a425724d93c7e39efa9dfef0165a',NULL,0),(43,'15225f9a2a6b0dbd13808ccbb772252',NULL,0),(44,'4dafd6548dff4cd50f8b6ffc0cdf1f9',NULL,0),(45,'0456dab3a5786c1464abf9526e2ab6e',NULL,0),(46,'d3d4800de9545d4cdd680fa693e0157',NULL,0),(47,'362ec669a30776b352e0658858a129a',NULL,0),(48,'92d7585333b5eba96a9d8c75643eb06',NULL,0),(49,'720c27649c1808f1104ea4fdb393f5b',NULL,0),(50,'983b87857e3ab72242ae8d9c5d9b45e',NULL,0),(51,'8276f612571ef245bc5a69bece64b21',NULL,0),(52,'dbad8d40a2cb4b2d4454ab72a47c20b',NULL,0),(53,'2d7048b2ed9d06984a17d78e98c95db',NULL,0),(54,'204c94014cae7a2b4a0ea2b79d0430c',NULL,0),(55,'171daaab545853723aad793100d077d',NULL,0),(56,'679357fdab21de8308f347e21dc6cdc',NULL,0),(57,'b5caae7537be3e81e01ba1b6f31846c',NULL,0),(58,'4d68f87ac8ec6b62184ca2a1bb2e98a',NULL,0),(59,'c9446db238cbe42559a41debdfce787',NULL,0),(60,'9298f21eb4a0acf567d5102543ace9c',NULL,0),(61,'1db45c4e4e6acfbfaec86622bdf7f86',NULL,0),(62,'c56fc332ba8f08910632f4b8a2349a8',NULL,0),(63,'fd74a2596174e32437a0fcb9f8b3aae',NULL,0),(64,'376e355e4549e2897805a8c3b24a957',NULL,0),(65,'4e08c8041d21be4c0676cf8fe428e46',NULL,0),(66,'37c65e36422526ecae41a701ac79823',NULL,0),(67,'fcb68859d0e77553a9fcc29df0f3dbb',NULL,0),(68,'94b03a9645703250a11c8698ffb54f3',NULL,0),(69,'c23d71d3277d73f278b3d873c21c962',NULL,0),(70,'2e9cc31e6c3c1d27d4b010a0ef211ed',NULL,0),(71,'49f34f9e3994bf8ee8356e60e85012d',NULL,0),(72,'2d03c079fcbc42a56df52f7c6245119',NULL,0),(73,'9957b8d323a34a69796e4c5f65785f3',NULL,0),(74,'733a93aaa96288b92fa3bb3ad46a4ff',NULL,0),(75,'3615a77d68416fbb502b8786be0a512',NULL,0),(76,'bd0f93eb0c0a8ec81cc97a0bd4af049',NULL,0),(77,'f40cf069680797a3ff30913caf5ae74',NULL,0),(78,'aa53384d43fd0ecb13f933a66ce6c5f',NULL,0),(79,'76ab8cfc3dcc8a2608934e7e22600f8',NULL,0),(80,'a0a087fb6b6dddfc32ada478dd23101',NULL,0),(81,'4aa76059a1b50a75af071107a653f79',NULL,0),(82,'84e0b3d247e6c5b7daab6a05dd07bab',NULL,0),(83,'ff88c38af631e49f30edd70b17b6e11',NULL,0),(84,'32f75a2766b9c6a469e0e8d7797bd0c',NULL,0),(85,'88f01ddb71176e3adfefa70fb49b87d',NULL,0),(86,'01086e3fa5bffc7070ec2edb7833b22',NULL,0),(87,'3e81799984b3c0824f24e9e770eef1d',NULL,0),(88,'cbaeade2a840e7e4b72483e0455a118',NULL,0),(89,'091e93d4a84d71a39a5b151b0082818',NULL,0),(90,'69500e0e93d915c288ce9e321929b62',NULL,0),(91,'640565d105d828860a684406ece51cf',NULL,0),(92,'109bbda81a9bd5cd568b1cf0d68eb60',NULL,0),(93,'3dbda3d31adea615aeaac5f8659a9b4',NULL,0),(94,'6a074a8151c68c5490fc6bc066041b0',NULL,0),(95,'be82ef63711296e5308cc1f1c400873',NULL,0),(96,'c8e27ad45ea099be7ea0dd2982de827',NULL,0),(97,'b8c6fe3493c3d89461ec2ca3dff042c',NULL,0),(98,'271d8aea9d9efac6993cc111a395d40',NULL,0),(99,'a6538d3712d4771083fd10abb30a84c',NULL,0),(100,'5f6d37f32a390272c7e93faedf7983d',NULL,0),(101,'74136efa1e00ca89470596fd83a7c50',NULL,0),(102,'456085d5c009b5fce5b7e7c59f350f9',NULL,0),(103,'c4fb657979c23ace8344783e3f67c6b',NULL,0),(104,'4aabea7b320ed692b3da901aef5ecba',NULL,0),(105,'6f4aedb223c713c718ad56ff4fe0094',NULL,0),(106,'f52e2da6b8f822a2b21a48e201559d5',NULL,0),(107,'ae7d105436e03a45272ab7c6ca87f5c',NULL,0),(108,'bc6309cfc1f2824c3080681f85618f8',NULL,0),(109,'8d6091423139dae86d795e239e770f3',NULL,0),(110,'6dcb08ccf7dcee8f95d0d899fe15c99',NULL,0),(111,'efc0e219079adc81c12a49bb5046a47',NULL,0),(112,'93664db5ae838d99ee493678ec926cc',NULL,0),(113,'2c14840c686581d421d428ab045740d',NULL,0),(114,'7915cec45d408e802f065883a177d37',NULL,0),(115,'70c9b56eb0c729109406220723609f3',NULL,0),(116,'f655854fbbb0ea3d9ffdb40ca80890e',NULL,0),(117,'d8ca50ea437996dadd35c4ecd930aab',NULL,0),(118,'addcdf6b52c46ffdee0a54cdf78c7f6',NULL,0),(119,'3d92f14359e923abfdd9b97d151a17d',NULL,0),(120,'e61b300e5be022c31ae8121a6ba6577',NULL,0),(121,'7a88d2ecbd1ef72e60d193a0b74f973',NULL,0),(122,'9ab3b87a8d82db2f0a25af56c72f309',NULL,0),(123,'64fea1c82c4d4cf526a1d0b36b1754b',NULL,0),(124,'f29198f75fd88d04228e969abd32b85',NULL,0),(125,'67cb9437446752c6dc8608299da90d0',NULL,0),(126,'6908058af856bdd9a5adab5d031d906',NULL,0),(127,'8989d789a559b985a32eb45fa327e9e',NULL,0),(128,'bf2c4ea00486a5dc2487955870f3a4e',NULL,0),(129,'3200a32b1245b8f14ae0dd95e9d3955',NULL,0),(130,'c6c5b76c1fa17c1bddd3ae22343331d',NULL,0),(131,'acf58b5db6a0d23d40991b0965cfb58',NULL,0),(132,'81669a38dcc3225553361634b7998aa',NULL,0),(133,'a03537c7cf6d1b3cd3ec10a64273ba4',NULL,0),(134,'7dc10df92a8870509fcf1e18d644623',NULL,0),(135,'14e33c4bfa4efdc10085891a66c71f3',NULL,0),(136,'5146864383eb0122ae91942f95f3275',NULL,0),(137,'b3c65d031148edb32f6db39fd6164f6',NULL,0),(138,'bbc217ae3fec847672efc3aa5d4b738',NULL,0),(139,'81f40fd322cc4cdf4b16ad8730d9a9d',NULL,0),(140,'c2aa2dd16f59c4db2a04bf749908b83',NULL,0),(141,'35f8639865739be5ba6758ee9b1387c',NULL,0),(142,'3952fbb390b57744ecba6cd0eec120b',NULL,0),(143,'49e9f86d6c4b1b008a4457791c0a707',NULL,0),(144,'f2bd16c19581f39d7d45b91443df3dd',NULL,0),(145,'72766141e62fc5db39dff03eb967c53',NULL,0),(146,'53b381c3177a3a8ddef68b0e2508edb',NULL,0),(147,'153a990dc2b836d6095d423f91152d6',NULL,0),(148,'b2404069e4b464f7262774198cdf95d',NULL,0),(149,'ca3d70dc65b38b13bc1b6a4019db5ed',NULL,0),(150,'5270f60f5d67bf40e16f204d5b406c8',NULL,0),(151,'3558a53a21fb7b782a5d623e0f10016',NULL,0),(152,'23c472aa43b0ee201b64a9201b8096c',NULL,0),(153,'4afea3f5c1bdd47ac815f54fab0d485',NULL,0),(154,'085a91cc8ebffbe22c212735e42cb5f',NULL,0),(155,'733b6a7093e2b80e3ba260cee0e3fbf',NULL,0),(156,'4e073830d5bbd124ffae2515e6b5cc3',NULL,0),(157,'3c748fee862321b463c5a5ed02318ff',NULL,0),(158,'a101c115ae161ccc163d9a14d8292f1',NULL,0),(159,'33a223e6afe233847801321c7b80b4e',NULL,0),(160,'19cee63635c9f5d65a54c63fdd42ac9',NULL,0),(161,'2935a6096ee87d920ef0ef97e4818c3',NULL,0),(162,'7923006f730e15c79637bd003cb959f',NULL,0),(163,'eb326fa09ced6cdf3689e5433805828',NULL,0),(164,'17894e8d73a613dc14553d050e79761',NULL,0),(165,'1dd17513071799ea1f9794ad8edcc14',NULL,0),(166,'9d0ccd8f442f7de4c240a70c661f563',NULL,0),(167,'ac18760982c7698ee8bcfa966858a79',NULL,0),(168,'ab6a9d51d2bcc9f143ae0fbd83e6acf',NULL,0),(169,'3555a5268d7ad7ad6b751fc8a51a5e1',NULL,0),(170,'78968376eb650e4cf5f2a1186e5cd82',NULL,0),(171,'5ec36f94722712de5ed1e4f830ab98e',NULL,0),(172,'3e7cf5e5b69580f954d2a3f0729429e',NULL,0),(173,'c06bff9531c490d8da0026b5615f69b',NULL,0),(174,'3a566500b13dc34eb7f406a475afec0',NULL,0),(175,'502da5d247abeaa93452ac302ff26f8',NULL,0),(176,'897f37a21d8804f16f19f1d0e8aabfc',NULL,0),(177,'27344dd0c6e68964b6ea66f48d0dd3c',NULL,0),(178,'83ae0bea3e0dbff862e508a618b91ab',NULL,0),(179,'ffc06f139b27779bf4c29bee4c3a4ed',NULL,0),(180,'5496986cec830d066b69e1f2434c00b',NULL,0),(181,'1bc299f1bcab6a6ec904b62db7487bf',NULL,0),(182,'7ae39c0f4899f130d546de062f26a13',NULL,0),(183,'8714bd9ee3de7fd20d28e3bf1ef4e3b',NULL,0),(184,'71ad86a7726df97704fb796e8f4dc69',NULL,0),(185,'d5515f7c604da2147232e399d146864',NULL,0),(186,'0f706813e430ecc76fafe14f0e2e318',NULL,0),(187,'a754dbe20e5447e0104370ef60ba411',NULL,0),(188,'1ce3d9c42fa3aa3c32bd542b386c744',NULL,0),(189,'7ba46954c10c439e2712a2cef90ed65',NULL,0),(190,'c671c5cbe56fcbab911a84fad65b19c',NULL,0),(191,'0417f1011427f78e2b12acbceaf00df',NULL,0),(192,'35e0dea529be83666f7f6fa4a515dd2',NULL,0),(193,'56de72da461372b7fb4d391be768216',NULL,0),(194,'f0d637fbbb804d95bfd56ec184b1b12',NULL,0),(195,'76e26b5544c974f542c05f19fc82abf',NULL,0),(196,'1084e70d67111b086436889ee8c24dc',NULL,0),(197,'9feec51ea9eb3dd8691bf1cfc1c2c01',NULL,0),(198,'a65f398459d5975ab966ce4fbf019b7',NULL,0),(199,'c515a8ef20a5b92be9496e0055ee05a',NULL,0),(200,'d220479a6c758782a3ea51d4fdb2850',NULL,0),(201,'1bfea8b29f4dae50771f0ea3c976442',NULL,0),(202,'68181958259a9d713d52bac5975309f',NULL,0),(203,'4886ad0661d6f40dd6a2279b8fad65f',NULL,0),(204,'ed9fc43fb926b12f2447d79a3f59ab4',NULL,0),(205,'86783e1d8e1be6578f5a66aba6e9226',NULL,0),(206,'816397cf3ec3d1548a651c7675e1602',NULL,0),(207,'9438a5b54ccc9ba288ea68b5bb4d59f',NULL,0),(208,'b18f1cbcc10c20bfefbcc9936e32e6c',NULL,0),(209,'02a4e41fb93cda7a7d9a21bdbd0cdd9',NULL,0),(210,'e8a9bd434669bec07b93b91a3eb36f6',NULL,0),(211,'2bfdccf466ae5079fbd7e6c4c3a7d79',NULL,0),(212,'3a891b9476dd7f6b6c4a8bca8f41910',NULL,0),(213,'bf067fd9081d70376c2d2b1cc37e7ed',NULL,0),(214,'9181aaee1b3e2739aacd50159e47bb5',NULL,0),(215,'35bc02aea875fbb4494a4f4119d92b7',NULL,0),(216,'1ecb1dd476a64ca682aeca0c93fe1a7',NULL,0),(217,'8a9198dfeaeedbf8a7d3c9fbd3dee30',NULL,0),(218,'b617912724b4fe323e6fbc7761d5eba',NULL,0),(219,'919edc3a5a6849a755bb6c1ea3bf3f7',NULL,0),(220,'1ba1cfb2a1e7ebb2f93651771868e56',NULL,0),(221,'3dccbc487628733bf7d6ef0a1fb17fc',NULL,0),(222,'e27c7d3770120ad6a83bf52b61a80e5',NULL,0),(223,'276ba20bf541924f3bdbf71cd621d5d',NULL,0),(224,'b07a4c9a154afcde849c3e80c83c428',NULL,0),(225,'f78544e0d9c57d2e11bc9477a4c5881',NULL,0),(226,'7886cef9a20fd40fdb3ba05f86c3ac9',NULL,0),(227,'87db67167d980ad27bdc4a39a09d087',NULL,0),(228,'23050c6f6fb9d1fba41e7930a4f9718',NULL,0),(229,'1c842d34b2b4d446e2b40e3a719ab5e',NULL,0),(230,'795f496d1753abb923845c43316947e',NULL,0),(231,'6a77c0b01f22244bb20b768d3418827',NULL,0),(232,'e7b43e21b05a2fb399aee44e269e960',NULL,0),(233,'ba69e482303c9a03c78b9445ff5120a',NULL,0),(234,'deb3a422f7486ff460db60b9d6d3351',NULL,0),(235,'057f36206a0722b30046a174e744162',NULL,0),(236,'8364427eafa540c64166cd7e4e75e72',NULL,0),(237,'ba76b96a5cda2254a10d5371f895644',NULL,0),(238,'bd96c0bab96026ad041ad57a6bd4080',NULL,0),(239,'fae6b25b190a374d3bb02a66b42815e',NULL,0),(240,'58843668a000cc9294c3ada0be41d94',NULL,0),(241,'67cdaf13f82e9acece7bf1641ff7ab1',NULL,0),(242,'3950b6efd20485f11f109af01580dfb',NULL,0),(243,'1dec8a0901e0554befc805e6e5a0efd',NULL,0),(244,'fee9d7b11d664786db023e863f94575',NULL,0),(245,'5fb571f435954423dbc1b9dac052334',NULL,0),(246,'edd858365ae529db7ec8694cac87d35',NULL,0),(247,'92c4898e3836bda5ea1c9909132b2ee',NULL,0),(248,'efed841b86358a8d28a3c4d57eeee46',NULL,0),(249,'df54b43de6ed1cd4b5042a94d98a0d7',NULL,0),(250,'5b12be3ddcebc1459b48b522c14c600',NULL,0),(251,'0cbe878b5d443a96f271d39903c3f8c',NULL,0),(252,'9660ff4d48374a33a469083485c712c',NULL,0),(253,'049cda8cbf195e884fbce249e777500',NULL,0),(254,'fbbd185d0c80d388334f676b4d491dc',NULL,0),(255,'cb93918d50649c2c2f666d655c0ad4b',NULL,0),(256,'368a87d74bd37f15a248b36ba7ffff7',NULL,0),(257,'699f5952d827b5c4945f6f0913d0322',NULL,0),(258,'84726814358fca68d87a6b5e73b1d33',NULL,0),(259,'2eb857606c13bbb5b8572d6bcfd3be4',NULL,0),(260,'3fcf16a1188116398dd859b91634604',NULL,0),(261,'4c69da3d4315390df34d8b2662b6a55',NULL,0),(262,'179d6b26898a99d6d8132a7b471acf2',NULL,0),(263,'32a5c00218acc38e8154030485f0fe5',NULL,0),(264,'a2e2ffdb7cf76060b78878daeaef4a1',NULL,0),(265,'ab13504f05d379100dab0da9495b157',NULL,0),(266,'821f33eeab7c6f62bdc0e4e46d19dd2',NULL,0),(267,'b828d5d2285296332fc2d82bb949079',NULL,0),(268,'3893db2cfcd20e49d1ecfb6276c6e33',NULL,0),(269,'dc3f9a9684739baa4629685dd9eef4d',NULL,0),(270,'d034c6d7ec67b5395937d6a5d9f6e74',NULL,0),(271,'38864ad7413d2a6eb6c5f1a46bd6712',NULL,0),(272,'f4e74b0c0b6efeed6552c6ce68b122a',NULL,0),(273,'cd6364efda390b870dcf609ab445d1c',NULL,0),(274,'6ea31555ace01e70e56d53a403c5398',NULL,0),(275,'7800ad82d150368e592229d499ae1ee',NULL,0),(276,'996c0ad3dfe9b51426d63855a38d446',NULL,0),(277,'c6f0aa04d84523e615117c5f1ddce97',NULL,0),(278,'792c8847e1d94ecf6abd294459cceec',NULL,0),(279,'020dd600c8e7638bd3e7f41a891efb3',NULL,0),(280,'4a928d80562114b35204ffb3f132859',NULL,0),(281,'623933379e9fe14c1d28156eec8df74',NULL,0),(282,'185e9ba69fde87e5bbe224b38e743d6',NULL,0),(283,'4c74d175c0d99c0011f059aa2811900',NULL,0),(284,'9594c317b049cabbc5598519e10dd19',NULL,0),(285,'81bcf1d9014d1c910efe95bce4cf74a',NULL,0),(286,'d464c370a620617a2436f408ee34151',NULL,0),(287,'6d5cc44ab95f87050c6fcdf1e2a8679',NULL,0),(288,'fdd8f2d237a4b1ec57264c2d40174ef',NULL,0),(289,'d65bf4f9620e2ef3b933370dcf8f7ad',NULL,0),(290,'f498ee66f72245c227600b0b4c69e39',NULL,0),(291,'4ab9f4fad785592c7edd51676aee1b2',NULL,0),(292,'655c9b740c63e238a67f4e5e29ee691',NULL,0),(293,'cd66e06a4a9ce908250459e6679dcaa',NULL,0),(294,'b0ace6130b12f3a7e76035e24881b8c',NULL,0),(295,'eedcf318d8a5bf65ce3f8185a9f3dbe',NULL,0),(296,'2b91403b4e3331381a3d2efe4b6a3da',NULL,0),(297,'6ba5a02f873fbe00b704c8c64ae5f80',NULL,0),(298,'1f4a3ce69ee1ad35fca9f4f9f735914',NULL,0),(299,'3764965402de2731c6e7b2cc97e1265',NULL,0),(300,'784792951c43c3bd33d5197b74fd1ae',NULL,0),(301,'b7b9191552a241fabd3690ed27f60e0',NULL,0),(302,'b35d952b0349593a7efea03102d1310',NULL,0),(303,'ac199e7ed054d8964e352dd652810c1',NULL,0),(304,'24f7a2b9f80745b55003cecc12ea8f2',NULL,0),(305,'f7dc7e4fa77bdebeabfe616368c50fa',NULL,0),(306,'e1351a18cc8ee863a472730edf0b770',NULL,0),(307,'c7eab76f313d402a9042f12cf8e5291',NULL,0),(308,'626ea88e6789d509366945036f48ff2',NULL,0),(309,'837af24bd6cd96bc025daad206c8245',NULL,0),(310,'47953d137e0e783082cfdcc746c8c3b',NULL,0),(311,'a22b186d6669fb7791143401ba35161',NULL,0),(312,'f32cfd506ed87b2b8ec195e6bb38195',NULL,0),(313,'97ed0095136fcf396731be858e4e791',NULL,0),(314,'55e45a88793722de8aea587b7323895',NULL,0),(315,'6e88fe8d110efcce3428892a5e831f2',NULL,0),(316,'5406461bc95e22516b8c2e2f7c3a8dc',NULL,0),(317,'230b3eda6843210b08e1e1c14a6f6f4',NULL,0),(318,'0b9f9b3cdcf0fa69b19bffe6d70effd',NULL,0),(319,'db2efb10789fcb9b6ac3fb900fcdceb',NULL,0),(320,'50013d3bbdf8e4427d61cf1e286cd8d',NULL,0),(321,'9cbdb750c02538e41ebc14877fe3e93',NULL,0),(322,'54654b2d5accf679541c8b21bd060af',NULL,0),(323,'a58facd1a1edaef2e74891e1affd46b',NULL,0),(324,'7e0ee420e72253c22b5dfc2a004d04e',NULL,0),(325,'f09aac8e8981a0cb35c1525d58a3cc9',NULL,0),(326,'98b0696d77ad6f7f6f87d2932c09a63',NULL,0),(327,'f06dc48e3af34a958890a305cb369c4',NULL,0),(328,'b310f5c14ae7a3388920fb78b3a7821',NULL,0),(329,'692a4ded2caea2ac4f7a59c4421c401',NULL,0),(330,'0bd3a5a4bc33eb15dfa4a341bd862a8',NULL,0),(331,'4d619aa54eec0f90ddfb8584145b18a',NULL,0),(332,'73ed742c1dca5943feca75231d5d0b4',NULL,0),(333,'98419b7c269bc27274ea7dcca76d28a',NULL,0),(334,'e3a1dd6fd0536199934b984c79874d3',NULL,0),(335,'e066a9285805cb1b6b66b3c0996e5f9',NULL,0),(336,'dfd6e4fffe1c048421e0ccafd5a6d1c',NULL,0),(337,'d6c9c6dfff0996ea1a8db509319030c',NULL,0),(338,'225097bab00c5f5c43ddd1830a404ad',NULL,0),(339,'f21aa1d59ef0d8f09cbb00f8854da15',NULL,0),(340,'004f5208c65ca4d73942b07b05f90df',NULL,0),(341,'f0ab25e867bc4edd800c3b84689d90d',NULL,0),(342,'2b5c9f31d658485da985ea7fd035dbd',NULL,0),(343,'a35a03b211a05ece4ef5918ae5d64c5',NULL,0),(344,'46bea7fb07239b03cde32be1010fee1',NULL,0),(345,'4f1fadca039d55ad482989f0ab6cb2e',NULL,0),(346,'a0b7a1b14454d8c1cbd4d118f170fd4',NULL,0),(347,'27e0e766692bbba6b6711ad4a47efaa',NULL,0),(348,'c13ea985a2e8a9ed4c19de4a496ff95',NULL,0),(349,'26a22da87b2ceb0b9ceb13ee859c79c',NULL,0),(350,'2312ec1a93eb453bb25550c91ac241f',NULL,0),(351,'ca0e643507aeb3ed4c40ea7bcfd6519',NULL,0),(352,'9a57a8a434cc1a0ec141e25d772dc23',NULL,0),(353,'305d5d7cc00ab1d98a700b21ccfb156',NULL,0),(354,'039ce2d0289d961daa18b716df9aacd',NULL,0),(355,'e86443dc769f6e773dbe38d2d2fc39f',NULL,0),(356,'78da83b419f19b8db08178c52799535',NULL,0),(357,'71059ff9500fd581f3ed6fb5ba08db1',NULL,0),(358,'e553dec3505375cad9e25e0b0394d24',NULL,0),(359,'900c42ce4dd3d9bf7ed83ed6e3e95e4',NULL,0),(360,'b6ff308e45c3897db5466137fe05ec3',NULL,0),(361,'08873b5409487365660b6c39fa0cd17',NULL,0),(362,'b0a98db9929bb6e7e874ab1557ba89c',NULL,0),(363,'2b016c5a13a5095e80bbc5433110d9b',NULL,0),(364,'14ef34b3ded518562de62c41a9a4272',NULL,0),(365,'d4a51498f339dd4827d940781628714',NULL,0),(366,'cc100ef6478d751d9111ac63e4e232b',NULL,0),(367,'cb43c17a1a81c0f9ee345b2eba831da',NULL,0),(368,'c1f9e8abcdb8a2eda8a7f4aa64715b4',NULL,0),(369,'37375c6e720f9e6607fa811900f21ac',NULL,0),(370,'4a55adbebe56462e8e9d934a42c0eed',NULL,0),(371,'e1a7b77659796d9d4a0b55f1486e9f8',NULL,0),(372,'b4d1243149637a75377c94c56fcf2f6',NULL,0),(373,'8eb8bde8bfd88a02aac213780820151',NULL,0),(374,'014cc92a68327574a4bcc1c7f7a1e02',NULL,0),(375,'8770eb703971bf7023d40a73abcbf0c',NULL,0),(376,'8d0ffd3d7317d6d15f985237ab2de80',NULL,0),(377,'d7b688265b4e18579d0166c81a1d2a3',NULL,0),(378,'a011fa1b030b745014b4c4f5bffd5a8',NULL,0),(379,'859f1e2ab08784d0b37a3106770949a',NULL,0),(380,'5c3482224f3e32a2e3305969621d203',NULL,0),(381,'f460bade94423c7fbb362e5b815fb6f',NULL,0),(382,'fd1cd1d6560f33b5ef4932a3e43fedf',NULL,0),(383,'6db6ec55963fa1568b4598e447155b6',NULL,0),(384,'1c5b7cc86183d98a5a3fdd883fca5ab',NULL,0),(385,'8cca96f77926defbadc008fb1151451',NULL,0),(386,'db7d84b5c65d6b9ec11e73c2398e31f',NULL,0),(387,'fcd4b63209f77aeaed10082ff37d1c2',NULL,0),(388,'4402e5093bfbe170cbc794b719d24bb',NULL,0),(389,'3b0d11ac5823a4912b4cb78251f0d40',NULL,0),(390,'f65e7576a8315dcb23e65b2752973ea',NULL,0),(391,'30b518c60e6dbbff0f845e5a3dcaf1f',NULL,0),(392,'4a1ad096c4165e4eeeae221589f97aa',NULL,0),(393,'991d55650db64312062aad0bc684854',NULL,0),(394,'c78acb47bbafc8ab81da12d6de14faf',NULL,0),(395,'75dce95077c7681642473e0a324f42b',NULL,0),(396,'b9caecd34db5fc6fbf899fa8cbdbd61',NULL,0),(397,'6a56dbe158932e07baa2d8d58d61cd0',NULL,0),(398,'866faec631b1829747a8a9e8e858f41',NULL,0),(399,'e771a4a5b86119573b47c076d189256',NULL,0),(400,'b62ca62f4cde9a18fa568f24a2ad210',NULL,0),(401,'73d9007354411469d66f49951ead64a',NULL,0),(402,'07cbdb464aa955c6942dccfeca652a8',NULL,0),(403,'ee616588adf04cc2e8b392ca23557d8',NULL,0),(404,'e872354167df487927d319aec5c48b9',NULL,0),(405,'24d36da1208292b6ee78fdd8fef1c8e',NULL,0),(406,'a6fe641401645e05d4f6970a8daff80',NULL,0),(407,'8cd77d494a2e99b912810bfee9bc26a',NULL,0),(408,'015ab020ae2802e65cf3af6eb93f2aa',NULL,0),(409,'76421537b34f86df7f31ec9c7382948',NULL,0),(410,'af8641e671c67d9e25fbc36877c58a4',NULL,0),(411,'e1c0bea7a1fde1e2f1bae56bf8e03d4',NULL,0),(412,'73e1da2f8143098d55663cb66e8f9a4',NULL,0),(413,'5aafdfa200529fc26cdad2e7315eaf8',NULL,0),(414,'325c96aeb522f9f54e57bf1fce81c21',NULL,0),(415,'e9181c3961e97f0203e85cd378ddac0',NULL,0),(416,'40c888ce1dcd74866933d648bdfa610',NULL,0),(417,'6846123829eeaa11c75bdf1d124dd37',NULL,0),(418,'e683f47df231ae3ac3007d4dba25258',NULL,0),(419,'2bbe1dbb534d6ab11eda046f5b298af',NULL,0),(420,'2536af1c9b7083966036da751f3c66f',NULL,0),(421,'3eacba183f714a1222e484ad23feef8',NULL,0),(422,'7bb0cd38e2e65e76e66acf72d04d407',NULL,0),(423,'268d169b603e8dd731669424f281039',NULL,0),(424,'ce9e5c1654072feae26e39a6a573edd',NULL,0),(425,'60dfa8c101b271619965bd85ffa555c',NULL,0),(426,'22966683847dbaf07f9a7e9826a1711',NULL,0),(427,'d3d45a0e98e99808e82d7347e86e114',NULL,0),(428,'f8ef6df7958563604c4e21ab5f95d70',NULL,0),(429,'b5ef55c21a7ead3cca8d62bcd7d0c38',NULL,0),(430,'d2934d01df0b80c4ee45ca8635a6b02',NULL,0),(431,'03b66472efd67ec70374acc296a6daa',NULL,0),(432,'ef42e906ab07e84ea1b1762d1394307',NULL,0),(433,'ed87b3f36e4efa1dbcefbe1856efd0b',NULL,0),(434,'e07dc34a67686539eb29709a3055114',NULL,0),(435,'f3f7308e3dc03de89720fc219268c6d',NULL,0),(436,'1dd25a20c6a1e3c652eb070c0433228',NULL,0),(437,'637a09fce173b71b143eea717689aca',NULL,0),(438,'e9dac94bff31d6b2effffc37e1fee89',NULL,0),(439,'45725ba9502d4a45c53a7af8275e941',NULL,0),(440,'dc171a5009a2632656f8810ec641b12',NULL,0),(441,'c3d0de911aa795f0e294b51baa9ce54',NULL,0),(442,'d8d7595447381909334da3aef9888f1',NULL,0),(443,'8ed696816af0db0158807c37997d470',NULL,0),(444,'82e8615ca356267fa78c87b47eac391',NULL,0),(445,'e8315b97fe5b29c453ea86b23d11731',NULL,0),(446,'39dde132d101c42523e59f4a4974f34',NULL,0),(447,'74ede7b7a6f16638d0f7d1dca3a401b',NULL,0),(448,'8586d3da48e8460241b665e8aad249b',NULL,0),(449,'5f226ba2dccbd6ef95fd2d1fa437239',NULL,0),(450,'5f387d8772a986e563c5f5d5c3152ff',NULL,0),(451,'ca535594e821ff8c9d12ba0401fc207',NULL,0),(452,'908f963108e1344889933fa738a796f',NULL,0),(453,'6b8fdcd7ed7ecf2db93eb284b9e190c',NULL,0),(454,'3132577d90bd471fdc873d92d3e0622',NULL,0),(455,'101380c97a4000e50e515468fbb7c85',NULL,0),(456,'6c2cb59bdcb1509449088a5903c627a',NULL,0),(457,'78d81a6e8df5b85e42342092f5c8edb',NULL,0),(458,'7917d2fc1f154264ddee672677896c7',NULL,0),(459,'1abe7837e7e86ccb9c3f3a021d28428',NULL,0),(460,'f524981aeb32eb0300cbb0dd6d60f19',NULL,0),(461,'aee8cbc4e09f203770e06e0a2842ebe',NULL,0),(462,'5909b3abaef701f3c3ab82df01d370d',NULL,0),(463,'f78f56948fae151ec7559f5c73241dd',NULL,0),(464,'cd732b14c343e2eb5fc88c9fbc2e52f',NULL,0),(465,'a43bba43ef2519e2fa83a9b45242526',NULL,0),(466,'79d98746e5508a6f4006196b3d3ae5e',NULL,0),(467,'07b50e70eed6750d87ce387395caf77',NULL,0),(468,'58d32bde9bd282b71bc3e87a2f0043a',NULL,0),(469,'3ed5bd97d9cce6344448cc274c2cc45',NULL,0),(470,'72678125071122dc1935039a05fe264',NULL,0),(471,'851c742a5c376a72def3c90e2f19f48',NULL,0),(472,'ff337fb1508d8db18edf074182807e1',NULL,0),(473,'7e9f781bc64bc69a0279c846cd7dc64',NULL,0),(474,'76cf9285cd86b797f5700a5b7fdc0b7',NULL,0),(475,'dbbdb3dd6b5801a3785d72ca529a146',NULL,0),(476,'059fd8d23e34bb70aba08df22208369',NULL,0),(477,'e9a6c7a2e665d3c89d181ac60cf9963',NULL,0),(478,'9a1c778d5a3fa38259cd747400f0718',NULL,0),(479,'598494e469edda58ea7531241610c42',NULL,0),(480,'ee91fa5657ce31d01c4971615d15b13',NULL,0),(481,'651288fc6c11a3fae01f504e9ae96cd',NULL,0),(482,'93898b94a0d5b7ace2995b24203086a',NULL,0),(483,'523a4dd5ca0eaf67ccd18d1089f9b74',NULL,0),(484,'44795fce21c2cc4284a2d8a37849a57',NULL,0),(485,'159ae9627f4b78e18cc4173fd5df4fb',NULL,0),(486,'72f1d09192754fd84a6ea27e990b44c',NULL,0),(487,'3c2d0d7130f4c3936bee2da6c03df27',NULL,0),(488,'374d3dd29c2411fa185f886b736fc12',NULL,0),(489,'7df62079acb8143d95a786822ace88e',NULL,0),(490,'f6fd0c78d6a3e2b288ce12a730f7a3f',NULL,0),(491,'099ecb738ce324ba5893154274ed4ec',NULL,0),(492,'d8d33d938f2f1be5ced3a91210e8c31',NULL,0),(493,'b418adcc5121285f349736f444d256b',NULL,0),(494,'172b6215e06065952336736b4b19d0b',NULL,0),(495,'e6cfb79d2c27fc71682a216fe657182',NULL,0),(496,'c9248a21b64bf28a8e7dc5f5d834dd7',NULL,0),(497,'86b3dab1b29885330aa5b08120cfd18',NULL,0),(498,'c1dc30a7b026e718ccd0e7943a4e1be',NULL,0),(499,'302187836571ea72867135bada245d1',NULL,0),(500,'77072c51477a637f48e698ac4f220e8',NULL,0),(501,'f90ccaabbe909721ad7078f45949a71',NULL,0),(502,'d71c16dcb2a81cea285da792423bf6f',NULL,0),(503,'6c74f328baf910838fc469de696bdfd',NULL,0),(504,'cf00ba1a82fe06cafeec85bec2ccb74',NULL,0),(505,'b6dadeedd7041c78e05256a76abe889',NULL,0),(506,'be4f18169519d54e9c6c197066d045d',NULL,0),(507,'7f6abdc4f99491388132cfba0529827',NULL,0),(508,'5cd4cbc64241b0aebdfdb2e796d0e59',NULL,0),(509,'89e10020d2261a245570ce18913b045',NULL,0),(510,'38e55c38ebd8079f399f274c2f79666',NULL,0),(511,'72a5c26df56758959007bc3a3e923e3',NULL,0),(512,'87da4847c7537171a9f5fa2db19d969',NULL,0),(513,'a7fe5cbefdfb01fb9f4629eeb90e0fe',NULL,0),(514,'fb532aacd233e59cc991d848a8b6ae6',NULL,0),(515,'636d6252d09dfc6e75d52539a9719f9',NULL,0),(516,'710198bc45e8d78bfd95340c5a43dff',NULL,0),(517,'54d42eb57560c456f5fab1c73d7489e',NULL,0),(518,'afb73c8c49a26ca99759730da834450',NULL,0),(519,'99dbd58c371c3cb24b99d3f7f79345e',NULL,0),(520,'ec60150fda3f4716e475e58dc93d6f2',NULL,0),(521,'d6912cc6d071f7dabdaa8515c5f6c7b',NULL,0),(522,'c19d24d51f7a20377e1bdad228bbb23',NULL,0),(523,'d5f8a35237fde78e3b8c8b4f59a7067',NULL,0),(524,'a1f3c4a51359bf7cec8e5a75463f449',NULL,0),(525,'ab678c37cffd1c7f3eb0b677b5ec1c6',NULL,0),(526,'5fb12a666aed96354f1e89f51911759',NULL,0),(527,'941e0e956d37e6aab579551d784bd27',NULL,0),(528,'a0f411de26712af9a47b7b70eb6c5d0',NULL,0),(529,'4d1aa5b575e51bf2ff0c75f6a9762cb',NULL,0),(530,'66a93229879b105cca05e366068883a',NULL,0),(531,'62a15a7633333a9441b111f61a403ea',NULL,0),(532,'0b71edc698d68a7eae11df7c0c33fe3',NULL,0),(533,'de46fd356f5a822dbec0f6dc6977b05',NULL,0),(534,'c2951b6faa0e4ef2a1c34d5bda5970f',NULL,0),(535,'734583a4f98a9848e9fff89471e8f0b',NULL,0),(536,'b13a4b691734b17ca5d6dc9b509b323',NULL,0),(537,'5afc78826e6e30f370602ca57ce30fc',NULL,0),(538,'2d2f991225e84c3618c664d0f725bd5',NULL,0),(539,'00ca501331699907c6eddb06674dc13',NULL,0),(540,'f976d0d17ba8e3b885685cf75603df6',NULL,0),(541,'8f1d8335cd2c4c122096065bf18e5e0',NULL,0),(542,'ae7de1553a3a3f2c8ae1cd7c6f3eaac',NULL,0),(543,'cfe1c325af5ce6bfce4f6da6c484d36',NULL,0),(544,'dffa00d6a2d74428b84a9109ed3c061',NULL,0),(545,'5dd5c8bee9360faf9df3ea6cee46b3d',NULL,0),(546,'ac7ef15b9d30297c8fef01cd2569566',NULL,0),(547,'95643b9eb23769afc7c6b92e33d9392',NULL,0),(548,'58c6509af70e4d2f58e1e4c8bc33f28',NULL,0),(549,'966ddd42b7f15586adbe30f0b6934d8',NULL,0),(550,'4e4b81a67e3e724e44c24b9b7000506',NULL,0),(551,'01c1b8c27c26d5914f1af3dfb203ba1',NULL,0),(552,'7da83ebe4dfc3304596049626763947',NULL,0),(553,'7d908b42a0f023b13b8722cade0d112',NULL,0),(554,'a89467126e0efe7d619c0b297c8d2af',NULL,0),(555,'62495e2d15da830f0b30cf41aacfd73',NULL,0),(556,'5c805261b45f6fbcc012bab661ed552',NULL,0),(557,'997199409aaf6b8ace442ade7dfc055',NULL,0),(558,'a36912603f40bc65460764b3156795e',NULL,0),(559,'393f3b08be86157b02a2f38577f5ea1',NULL,0),(560,'12ca5164854e9f1b1ac8fb7c67eb3c9',NULL,0),(561,'3740f77fc319b2158b2a6a5470fca5f',NULL,0),(562,'2979c828ed342e884b3c6c3e34c51f9',NULL,0),(563,'a3adfcd45019d56755b7532cb61ed0c',NULL,0),(564,'cf8030c39b9c089b4c6c1fc3fe3cba1',NULL,0),(565,'7ffd2f2298eceb1983eff1287cc25e1',NULL,0),(566,'8de985194ec89c335ad6d98e60f0a0e',NULL,0),(567,'daa3728187e95c87b0d933a3b671143',NULL,0),(568,'e316f1a8cda26e838b3149b06711a80',NULL,0),(569,'570ce1d5cc2261c32030c15d8e17247',NULL,0),(570,'33d62344c33cfa7f4d918d75e8eb394',NULL,0),(571,'9c111b3b443f219a27d7b78b3fb7a7c',NULL,0),(572,'152980cd4544308b0c1502306112919',NULL,0),(573,'da2ba9b7affaa3817bbe7b91ff558b1',NULL,0),(574,'067a303ce01ef0f84710191af5d3838',NULL,0),(575,'d785707fb2fb2f450414c62337bb822',NULL,0),(576,'3c0062e0a0196cd5013e291a681f337',NULL,0),(577,'5c7edc3822bb98b6fa7c010ce6d59b4',NULL,0),(578,'80cb50c2d3a692441a2cc071cba69db',NULL,0),(579,'c6a9739e4e63923b76bc28cfc8608c2',NULL,0),(580,'e8ef3389371fff55edfdda550b4ed06',NULL,0),(581,'236d5b18bb3c8aaa38ef0242788c2c0',NULL,0),(582,'75e65a7df023c7360eb78b01907e50e',NULL,0),(583,'88efebdc6c137654111dd1adc8d0fc0',NULL,0),(584,'e0126965a90cd5811648c5e668eb3b3',NULL,0),(585,'842ee8daad2beb55e7449a32f45dd84',NULL,0),(586,'8a97eb0e4f06f3e5ce4bc0bcd93b229',NULL,0),(587,'0150fe163672ffcbb11344c6d67f428',NULL,0),(588,'4d5f5748d6b5eaa771f780f7f8b2b22',NULL,0),(589,'f71de5ca7849bc04bd945aca67bdf22',NULL,0),(590,'def4c25f7663094f8e8c6faff2972e8',NULL,0),(591,'2f1eb1a4b238cdf2ad40c7c80a53783',NULL,0),(592,'ede1c42f47201b87d08e8949e7895d7',NULL,0),(593,'69b2ff276280e0f7531312cd882f328',NULL,0),(594,'c2708f00fbcd5cf87dafdc027abaf33',NULL,0),(595,'e6fd2b1eef0ce77f755b8fcac0bdf77',NULL,0),(596,'52c04a19934f5678722121200965731',NULL,0),(597,'63d4c14cb27e0ca4dafe0cd3eaa9dcd',NULL,0),(598,'ea00634f073a378a61a9bcd0bed7611',NULL,0),(599,'9f89d008f222669e4b01a348023d6c4',NULL,0),(600,'dff17cd788238dc5ab49529cc6a8fa0',NULL,0),(601,'1b3cc8f1252ac6f743dd029a05134c1',NULL,0),(602,'a76821534f6d72ebf1590f49a887962',NULL,0),(603,'a53084c50b323827be548c86275c5aa',NULL,0),(604,'46421b47a27146cd71bcace0188d7ff',NULL,0),(605,'68bb7aa3ebf180afa1acaa4ebb6d224',NULL,0),(606,'ad96e168f05e871c5a2160ad25ca586',NULL,0),(607,'c1f7d575f070f18ba3e1d54722979f4',NULL,0),(608,'be47a7e0eeee5adc1344bf54f32c552',NULL,0),(609,'d42ddcd10111ea124b873a5fc0c6abc',NULL,0),(610,'0530116efb6050e85dee97a16a78c57',NULL,0),(611,'6dc5369e3a174bdceb10f3cd85c7dbb',NULL,0),(612,'fd3fe9526338691dff158e05365f54f',NULL,0),(613,'677292da979e17723cd40bf549eaba8',NULL,0),(614,'23e6fe0e6d09ffbc845fcc30ab6aff6',NULL,0),(615,'6d90f169d309ee2a0b32d13837dd8e1',NULL,0),(616,'ec4fc3ffc91d9dfe7d89bf7ceaa16ae',NULL,0),(617,'cb600224f157451b03e4bae9ff84a03',NULL,0),(618,'c68f6567ac8884c4a9464220ac0be1a',NULL,0),(619,'af645f6feadba4f16477243cf195b27',NULL,0),(620,'36ecfb0a76a780a3b46eabe27ff32bb',NULL,0),(621,'43babd082419967d82c1a8be87e2460',NULL,0),(622,'361c8fd9fc821074d237ce5622e209c',NULL,0),(623,'518ecf674a9408e5d9048dbf354fbe3',NULL,0),(624,'29b78c4485a7f303c148ce1c809fd29',NULL,0),(625,'ebce06dce1270d2e0aa82a62ea17f56',NULL,0),(626,'da169f0d3fd00fb28e6ea6cd8757747',NULL,0),(627,'e7231c208462d951968e5434d0383a0',NULL,0),(628,'9e27a975341b4fe1adf494dabe37230',NULL,0),(629,'bb6a65d2574e037b742503794bb46fa',NULL,0),(630,'ddf28edffab47b36fda95fd376b16aa',NULL,0),(631,'1569e8aa14004a52c37a3402444a3a1',NULL,0),(632,'45783278964df7ea315438e993a8b88',NULL,0),(633,'ba90af49844fa96f0131447c6d2bee6',NULL,0),(634,'6dc325990aa0b47c7a1c0754a62edf5',NULL,0),(635,'d1d1284c475aa8c6193b13cda5d2766',NULL,0),(636,'36b79b5f4a4cd7b41d6f3e66ca6b232',NULL,0),(637,'47919d3b553d4871666093c5067a630',NULL,0),(638,'6b7e6cec121d3fe0065b8495f6ec083',NULL,0),(639,'57bb1bcb62df93e57bd785aa63a80fa',NULL,0),(640,'489889a8aceeece78240a821d5c923c',NULL,0),(641,'1a8c477a18d523575932ea7488b5f8f',NULL,0),(642,'e5506684cd009f59d0a08849e908d31',NULL,0),(643,'3a383a7b0f34c0d57c803ee1198fe84',NULL,0),(644,'dcbff7f6e43d3d386a04aa95bbb6651',NULL,0),(645,'58333f74ef45b2d6f84b9d24ef69441',NULL,0),(646,'b4bf765d27684acccdbc7cb3d4d2c97',NULL,0),(647,'d5830183fbb589a2032e43d47c33f23',NULL,0),(648,'dd923bc4e719486c61d461c06b02102',NULL,0),(649,'33c78cc1f5be3e81375d88571cfc735',NULL,0),(650,'030ea53aae98c48ede10cf43e59d051',NULL,0),(651,'d6d57afc86935116ab699aac8e0ee9d',NULL,0),(652,'a0acdc26098b8b2c9d5f7c627883ec4',NULL,0),(653,'318dc39c479691cf7b788ed8f9e8dda',NULL,0),(654,'a38615b41a340a9e3ac4b6587dc6422',NULL,0),(655,'652cb328cf5fea469dbf127c788e8ca',NULL,0),(656,'8b12f70f2819d192a24ee09eb229964',NULL,0),(657,'a58acd841104b4c809573b8b33ae390',NULL,0),(658,'6ba6f77e2691845d2a43060acde700b',NULL,0),(659,'05918dafdd4953c0322c87e6ff9bfdf',NULL,0),(660,'c9e1cc2f6dba3db692d76aa59d8fbbc',NULL,0),(661,'884393bbefc11696e44fefd48cde7d2',NULL,0),(662,'26f9e10059f5f374c2ad82ff23117a1',NULL,0),(663,'2043bb1f367b135a68ca4d56b56fd4f',NULL,0),(664,'49494b5520f7043795d926f00233bbe',NULL,0),(665,'67ba4c495046f4e15245aecdd37f891',NULL,0),(666,'45f4fb6b1d17c6c0fad4a30276748f4',NULL,0),(667,'1a542f69089ffbbf48339a2d337a0ff',NULL,0),(668,'7067d91149757ebd96afaf0fe48e7cc',NULL,0),(669,'d343def5c83a7955c49a20af85ba876',NULL,0),(670,'e736ad31250e9e5418f7e6a88d2bcf5',NULL,0),(671,'c53407e3a39b5d5abce4224b73bcc43',NULL,0),(672,'6d47c1da428539b8f962e841ae662ab',NULL,0),(673,'2e75313b702ddc292bfe8f5ff842987',NULL,0),(674,'ca78eba8f0442315e75551cae23702a',NULL,0),(675,'019d156512c55966f01fd72bae0302a',NULL,0),(676,'3fdb575a8a91d30eee0a490efc304d6',NULL,0),(677,'adb6a4dfb4e52457e1dc82314a93641',NULL,0),(678,'4edb8a913c5828cdbf4100e550013a4',NULL,0),(679,'b60619728aa7f4bb73d1350f38b1c01',NULL,0),(680,'8b54e8a48d14b66bd3ee1167ab13311',NULL,0),(681,'e428c86bb0c4cce37ca2ddf3e4fe439',NULL,0),(682,'8db45f44943cfcdb95e2bca12633af4',NULL,0),(683,'c4d6f945915c489d5266feaffd9f72e',NULL,0),(684,'9cc35c789765ab5b5272bdaee383a4b',NULL,0),(685,'0d989a3343935bf4e2eedb5a1a49bad',NULL,0),(686,'0be2c191fa7462fd0c9cc5ba0817669',NULL,0),(687,'a5e474065c81b7b3365a245e0415fe5',NULL,0),(688,'85ef0f112191ce544870a424e1c68a7',NULL,0),(689,'59f1e6d114e007ca335665327ae8bbf',NULL,0),(690,'6e1ea558494b6a56dad9c38f4c91b59',NULL,0),(691,'d5459f095540329064054aa6029c984',NULL,0),(692,'6343c1c44a6927f7b150bf4c4a31f4e',NULL,0),(693,'dcdaa329d141a78cffe9c6b8dd96c21',NULL,0),(694,'d3eeecf1a4fe71d597d21a15b32c441',NULL,0),(695,'8219a77d7783e518a1476ed071813bc',NULL,0),(696,'a73b3a018044a857ac0e0aa893cd258',NULL,0),(697,'a75de64176c8d8adec455fd9b6f2a48',NULL,0),(698,'289f75d692b802396c5aaf523bb9ba1',NULL,0),(699,'0071ec695d3c501859ddee05993de7c',NULL,0),(700,'398a89acfc9c2aa7bb460ec8f77ed64',NULL,0),(701,'ac4c5600594bc39b6f089a8de832eb8',NULL,0),(702,'d8f9451d6f3d98ae1a496e9ea8fffa4',NULL,0),(703,'3cd15e93a6651a69b72501afda80026',NULL,0),(704,'b755835d8fbdd9f194edbd22ec08805',NULL,0),(705,'9d4c721140794253bafea8c4a01000e',NULL,0),(706,'ae342666811f81a23a73a4a032f90bc',NULL,0),(707,'0a7beace38705953c18440d44045212',NULL,0),(708,'e73c97dce3d5df049600afc333bb664',NULL,0),(709,'f6727a3c264fd865b215f93ae189add',NULL,0),(710,'a47809c847b11f175c8f66a56d82833',NULL,0),(711,'c7eb347fc5a79338f073236785143d6',NULL,0),(712,'802b23ca2ef1ac83d7666e7fa371f5f',NULL,0),(713,'7166bbebebc3d801946f8ac9b1216bf',NULL,0),(714,'b05de75894de6dda07a9bd7018d03ca',NULL,0),(715,'50cf75affc2fe24acd3bba9cc74940c',NULL,0),(716,'937aa4db3fc6d5c50641fb07137e928',NULL,0),(717,'145c69b745b36fafdb1a3ad184f73de',NULL,0),(718,'b7abf7116809fd3e8a90cd38097b229',NULL,0),(719,'9b5341fed4b6d5e1cfbcfc29bd32f01',NULL,0),(720,'fd4d3b9ca80fb65ff6fb552f4e0f34c',NULL,0),(721,'2bc31dd0d5999df038d7684b6e39b24',NULL,0),(722,'6a79753d7a0e0891c05b5c6415ed165',NULL,0),(723,'fca469872271b3b16a1c736de76cead',NULL,0),(724,'8845d0efc899d9551fe86d241c80419',NULL,0),(725,'01ce421ce4e7eb5a760ea605736a1c7',NULL,0),(726,'57e5197c8451fd851609212c7579f82',NULL,0),(727,'c16bae811eeeacc2608e938d26b8c2f',NULL,0),(728,'65d3022a944cb861d61d5669461af3b',NULL,0),(729,'9ff5854b6ee51d6ff08fdd3b42b4a8c',NULL,0),(730,'9fdccc6dd63c5484a43884f2e0633d1',NULL,0),(731,'b635b9deff41a78aefdc3c89a6cd44a',NULL,0),(732,'9d1de7ec477ef02379d7ba915243e28',NULL,0),(733,'3e68b22e90d96f1b0c48d70bf0cb9d1',NULL,0),(734,'4ac1164e17840f5ec7e56f59c341583',NULL,0),(735,'9627242265f5a7f3a1db910eb18410f',NULL,0),(736,'7c8c4f8b25b8a217a8b760414f7f9b2',NULL,0),(737,'4836fdf80f65b3e95726d6507cd73c1',NULL,0),(738,'2c0233c2c3c5999ca57ea1063efd838',NULL,0),(739,'2aa6d191575c3e4406dc7e30276b48f',NULL,0),(740,'4a525ec272f7b6318bd5726aa2ecc1f',NULL,0),(741,'dbddd056b3b93b34a63cbcd71cbfdd7',NULL,0),(742,'a2594fa392b54c7672b2bda0bee3395',NULL,0),(743,'4cf1c6b8df28a42d7d3d716722f22a7',NULL,0),(744,'9b88588041ceb3f878e1e1f1e4fd297',NULL,0),(745,'c69cdefd8f501e3e5433403c3862ade',NULL,0),(746,'e024affd75623eca2579ad99467ac20',NULL,0),(747,'5df0e15adf7d4867363b9e079177f16',NULL,0),(748,'0e32696ed96fbc4b8c71f92aaf95600',NULL,0),(749,'73bd1b2a08b150a20616db8780ca0ee',NULL,0),(750,'7031f71dcd4cf11f179f2277941f758',NULL,0),(751,'c43ab9447c777a80f58e65066d2e1ab',NULL,0),(752,'705855199ae87df7eed615c041fd666',NULL,0),(753,'033fd9137a8c9dc014ddae19ed62169',NULL,0),(754,'60bbf1d3af58df4d72fc5989ca32c27',NULL,0),(755,'b472ffb21efc80f456a1279e13e6667',NULL,0),(756,'fee17bc3aaa6f951d103b7750971af2',NULL,0),(757,'1758e62c647fa3bd23a2beae85bb04e',NULL,0),(758,'ebfcd63a8ba2304727d22d22fd53769',NULL,0),(759,'081e20cca20e4a701bcc2f02c2f68ee',NULL,0),(760,'30690f695f36de5ee61ad048af35492',NULL,0),(761,'61e45d008b2320bae96d82a8ebf862c',NULL,0),(762,'6f6ba2b4be068d20f32cb99e613a326',NULL,0),(763,'1b0ee6941eec1bc155cd1f57010b805',NULL,0),(764,'930070a1f0a7e5279e0bf54192cfc2c',NULL,0),(765,'29f7821df78e59883d3899a23cb9f2d',NULL,0),(766,'d2de3bb756e1e0a478b44611279111f',NULL,0),(767,'0aa518e984c0081e3be09f96af10ef0',NULL,0),(768,'522af7d62f74bc2117acb47179f2324',NULL,0),(769,'6a6d3721af07bef53ea1398c179d276',NULL,0),(770,'9224435474373d10f6d6178d97b2860',NULL,0),(771,'7feab5fbd7ca94b519073ad7d7fd3a4',NULL,0),(772,'1bf30d91d4af048b5f6703b2ac9ecae',NULL,0),(773,'1e713212cc84eb9b71620ebd8896b78',NULL,0),(774,'5ecbf8453bc4942149eb4bff2a887d0',NULL,0),(775,'e001103823d1064ed1a7a6cde58ed68',NULL,0),(776,'3d1c9b0236c9b1ea24c842a0a73a07c',NULL,0),(777,'18cf5fcb5a5451bb19eebcdea2e4516',NULL,0),(778,'b269a55b2f290ed446293eb721fc3da',NULL,0),(779,'2586f5af943550aa8f90aeab23947c5',NULL,0),(780,'ee9d367b8a136112248281068c0e23a',NULL,0),(781,'30d09a5c88d437ba2fdefb5efb9d8bd',NULL,0),(782,'4cb2df6d28bf70c13e27c83f6bb18c5',NULL,0),(783,'926f523884dfab10febd290f2c346b7',NULL,0),(784,'0d2f5102f9f9c39e02b9ad644b9c016',NULL,0),(785,'0114d9b0983eb8692e0c0edb3c77cc2',NULL,0),(786,'3183c8853fd4986c82adee8c4da7e26',NULL,0),(787,'46985d9e6d5a244cf683bacdb7d0f33',NULL,0),(788,'2f1a3770094c149aaa7656e4e3da30a',NULL,0),(789,'303a46274e4dcd3137fb09e15ac29a3',NULL,0),(790,'cd843ebabe8f4aa3b43d0365d27defd',NULL,0),(791,'12c90a25cd8acd89e65a70507f322ec',NULL,0),(792,'ad6f5e212bfb61b3a2a108af469a38b',NULL,0),(793,'8f52a4d215a66edffb68d128913ddc7',NULL,0),(794,'388d955745b07093bf5f989b2f80817',NULL,0),(795,'1efb9f5633ebf01645934bd509d93e2',NULL,0),(796,'2280c3c633b821f1444104739cd1e6a',NULL,0),(797,'b373467a1b4aadd3c6174af3a7f5264',NULL,0),(798,'4e10e8ff6727eb512c3399e99551449',NULL,0),(799,'e07774746d65ba8a6dee5a1dbef78ce',NULL,0),(800,'b820260dc15f64e4382bc81f5b38f00',NULL,0),(801,'9c8ecf3dfd5155f837e81f5263cc4f5',NULL,0),(802,'a306125c35913bfd83151cd148b22ec',NULL,0),(803,'0af9ec1a97906cf1cac5f50617a687b',NULL,0),(804,'144051402c65825eb3f9a3795080ea9',NULL,0),(805,'1017219eebf24e9d2c6b3db61ad56a1',NULL,0),(806,'04e7e4e8cb9bb1085b22bdf984346d1',NULL,0),(807,'432816ddd55b591bb199a1a3c7be25c',NULL,0),(808,'5ceca96e7c3badfb5d4dcfe4aec67ba',NULL,0),(809,'0c740ca07381ff0b0823b1219440faf',NULL,0),(810,'1e5cfb2437bd07b9e5aa895770faacc',NULL,0),(811,'29fe9eb1d66478bac98bac83fb0edd4',NULL,0),(812,'8c90d9332f03d2f2f7f35f8eaf635f5',NULL,0),(813,'d7424733cd6cf221c10d983199ec619',NULL,0),(814,'0baa4d2e22b460df9a41eb22f2906a3',NULL,0),(815,'17e8cddd3ec0d5c23d7502cd1cfa788',NULL,0),(816,'7da83287e446a18af859f233fa6cad0',NULL,0),(817,'5726134c56f100ac9277a6adaaee566',NULL,0),(818,'c6ce5ac50ba95f180d8582d2f7fba53',NULL,0),(819,'534716769e7ac590e1e0cab58a37050',NULL,0),(820,'396c8e9a6828feb176c44bca61d673b',NULL,0),(821,'a1744c3a76fbaedd0219beb5816f3bc',NULL,0),(822,'82ddb5254f25a27c5639549a79805be',NULL,0),(823,'e5e7aa20a5549f36158d9229ba8809a',NULL,0),(824,'0192c4b21274dddc62d60718501a69e',NULL,0),(825,'7a771d7039604ca392cf80f3f35f5c1',NULL,0),(826,'dc3b42ae49943c321b0a8065bbfd46e',NULL,0),(827,'95687916776e29c78b983c728bef267',NULL,0),(828,'abf8231afc361da611c15752f8e7422',NULL,0),(829,'c2f27a163f10d397044148578811bd0',NULL,0),(830,'c49b223fd51b0642113e80bcf89e873',NULL,0),(831,'e1a3fcd0585142c78785de4f27a8bfc',NULL,0),(832,'630d926728a107d92e15f3652459618',NULL,0),(833,'509264ca19135bdc57b314247ddb207',NULL,0),(834,'a20cc64b2cac6ac56eeb887d9f420c1',NULL,0),(835,'517fada1910741b31d2d7edfb50aa5c',NULL,0),(836,'c4261bb3f2ad599d471a4e112723f79',NULL,0),(837,'29c4ff6f83a0a5272e11061b16b812b',NULL,0),(838,'8cf0bbc3aa528458985a36c84d25540',NULL,0),(839,'ca33b71c1a9fd72d0391ef2b9a619ab',NULL,0),(840,'a9238e71d3075c9d1139d130e6bda86',NULL,0),(841,'565033d1b939262f626ebe01c7c626f',NULL,0),(842,'9f9defc0d8fa9a47776d3b88861e2ce',NULL,0),(843,'e62ecca2d4035022feb6fb0a1dd9caf',NULL,0),(844,'163489a58cf5647d8e5aac8e52d0728',NULL,0),(845,'ce5289fd69b0718252b3b6981a3f6ec',NULL,0),(846,'9cb7bddfa9756220c5b6d190605112d',NULL,0),(847,'5b2bd97d53dc68ac996b5d3b692e0b4',NULL,0),(848,'1c72bf707b1e28d2056cfd4564cd116',NULL,0),(849,'b2dff96b22ba100973fd9c6fb998927',NULL,0),(850,'b16e71ee9f155e199f55c402848325d',NULL,0),(851,'ab1d2ccbcf394ee4533f69baae90f31',NULL,0),(852,'3005b62b36059bd56abf9543189ce1e',NULL,0),(853,'3215335d36b3b0bf7ab8bc13dd09d33',NULL,0),(854,'0570c62099fe4472351d26acb165fbe',NULL,0),(855,'e7362f9bf7659e94bb16229693da9c0',NULL,0),(856,'584101e64c3cc08de9dd20fd460eaf4',NULL,0),(857,'fa121e92c9be95ff1535a7053edc0a1',NULL,0),(858,'913e6d976532079ef0366be3cc36956',NULL,0),(859,'5958da00ca643563d6755eacbb609fd',NULL,0),(860,'5637ad8e5505ab37761518d8ebe109e',NULL,0),(861,'7038eb0e28cda768e43c66fb2a8686c',NULL,0),(862,'030b1997e41105e0dedf33e20bdf787',NULL,0),(863,'3b4e66f21146cd0f6c503c79379b14e',NULL,0),(864,'d3c5d0d51d257fd1b8092d1098e379c',NULL,0),(865,'559ce403b7c9ce493c1676db06e736e',NULL,0),(866,'d0653be15769e4bf37d49578c6cdb06',NULL,0),(867,'0b4b74b7f4cf7a86e741f9d4200eadc',NULL,0),(868,'869d8ef45dd17b8c63bbe12bc40c905',NULL,0),(869,'9afe0268036100521b4fe75e53ea5bd',NULL,0),(870,'633cc39f83dabebdff8b896767bddfe',NULL,0),(871,'1cd0e70cc711d6ffb069aa4566669db',NULL,0),(872,'98ab9009f8c4feb9862c13c253f13dc',NULL,0),(873,'36f14f4493b872ed8042a722cc8aaf7',NULL,0),(874,'52adf1b5a058161da6aafa96d086333',NULL,0),(875,'13c07e52063358305e6cbd74bdb5722',NULL,0),(876,'58553dede4cd74a3d1bb44d28f019c4',NULL,0),(877,'e654ef928b339fd5862d93c0b69c15a',NULL,0),(878,'41eb2d30115e60e0ca73401272fd199',NULL,0),(879,'0755dfbbd4331760f388e3459408ae3',NULL,0),(880,'4eb522bd98e44c85e74f47a06b07706',NULL,0),(881,'b88bddc353c40645132ef6b7eeb6b73',NULL,0),(882,'8e6c9679f98378a72bb7d1c135afd4f',NULL,0),(883,'2bcb3f95300c5ecdf0ff768eb3735b5',NULL,0),(884,'1c33405c653f36b35aa9ece251946eb',NULL,0),(885,'4cd4c5fb501f374bf531515b9c352d1',NULL,0),(886,'0502cf8ff09289db2debd7aa11aa751',NULL,0),(887,'715e51e7ebf7246dc202f5bcdcb28f4',NULL,0),(888,'cf9d11c233e240f7bccb77672485f18',NULL,0),(889,'194b4044e382c25790920adb2949480',NULL,0),(890,'d74b480fdbafaa6f7717fed4087ec73',NULL,0),(891,'4925e7b7fedf1cd669b8e3c9168a18f',NULL,0),(892,'fbd408027fc02ab5d146ac5fb94fc34',NULL,0),(893,'0c36054b5f5ac39b2a2554581bbe79b',NULL,0),(894,'51319fd22fef8f0bd96d95cf9648898',NULL,0),(895,'8ee9188c7487e60d23e56ec1d795e32',NULL,0),(896,'e98b6959f261a150b3bfa0c31954e67',NULL,0),(897,'cc3b9bbdf589f516903f59340b4b382',NULL,0),(898,'7b17ca183ebf6a5568527831198a93f',NULL,0),(899,'8a2082e3cad2dd1999c7fee1ddeaf14',NULL,0),(900,'7933c510e153d98399463be4e0477ab',NULL,0),(901,'3806ed699387887c78d36d31502716d',NULL,0),(902,'7e287989d6b6fab5659f4c2d81c634d',NULL,0),(903,'081b35a7a4c9719d56028026bb04580',NULL,0),(904,'2607f06ff1749604b4d8178a47b1f07',NULL,0),(905,'9a66622810f804d2501e2f7d71b0c68',NULL,0),(906,'b612c67026c0f62a20ae659443a83ab',NULL,0),(907,'8564c813491ab3fd4431eece9737d90',NULL,0),(908,'2f6d9e3381e384788db89b94afe617e',NULL,0),(909,'065e89e9df10af96032f10c36f99699',NULL,0),(910,'3ff89a9f31274ee6372be422d380a2a',NULL,0),(911,'4f55924ebb4fc5a897307c715d0d6f4',NULL,0),(912,'76b43859ba402a659747ad09c8d0528',NULL,0),(913,'ae92bfcc03dd0ef3e53f6a9a5f2f412',NULL,0),(914,'d825d36f438144e3099d48dc8d5c47c',NULL,0),(915,'52f60c16a98099e2e6bd1f600e723c2',NULL,0),(916,'77fc17e0fa51fcdf02f4efedb5225a9',NULL,0),(917,'a10119c7268d31346f809c56f05ca30',NULL,0),(918,'8fb460a024542d5bab28ce01919e9bb',NULL,0),(919,'d6377305ce8daac3fd496242b8a1d52',NULL,0),(920,'2e93d1222ebe185331801642470e3bb',NULL,0),(921,'3d23d299b5a4ddce35655da635513fd',NULL,0),(922,'8bef0e837061992af6d1b4b771552ff',NULL,0),(923,'3095c568e8a50ea6c2598633890f75c',NULL,0),(924,'ab520e4d0e051100d8d301d12f01a86',NULL,0),(925,'644e2c1dcedea6ca28144ba0eed2aa7',NULL,0),(926,'ee31a1c891042ff83fe1e4117b7f4e0',NULL,0),(927,'149cd10018888b2871707b7e7df2e9e',NULL,0),(928,'03727fc6712dd6c7717d7a151733a76',NULL,0),(929,'34ccc40512ec83910d1482e221301df',NULL,0),(930,'85651c8170ae74bbb4ffca8cae1bd4d',NULL,0),(931,'ee37a1e62727e17ea49f766c30af9c9',NULL,0),(932,'28c9d405280037a21c3892810e12cf9',NULL,0),(933,'542a6928768ca65842d8f70ffc5c21b',NULL,0),(934,'e71d6d2a0edbdbac334385be16b0b1c',NULL,0),(935,'8b3e8768a158efb3263d1b8aa6dd75a',NULL,0),(936,'e851b7c65d43c0b34ab9ef6b84709b6',NULL,0),(937,'cb2393080bb0fc1d1abf7341f1cba9a',NULL,0),(938,'ee8e8f1f11592dfc91ba623f5e417f1',NULL,0),(939,'07fb837480c454f62fc78a13631bb6d',NULL,0),(940,'efb3ddda5039b26582b2f1a11812974',NULL,0),(941,'533cd8792c3487d782db8a632f03bf4',NULL,0),(942,'cbaee610ffe5489745b0848776c054c',NULL,0),(943,'730ea8cfa00d6c0c273cb0e92814b8d',NULL,0),(944,'1ab91531fc63b754a28a2d7ebe08683',NULL,0),(945,'e53e9cd65f775170b940eebe829c5cc',NULL,0),(946,'f16847d7c31b521ab8ab34f3f72bebc',NULL,0),(947,'8a34435bea4a257d8b127861672172e',NULL,0),(948,'e8e658bceba3190bd225481d88936ab',NULL,0),(949,'3fda3560af9a202c3ae3e8c1cb1230b',NULL,0),(950,'016252805278d0bf0df8f1121dec1b0',NULL,0),(951,'5c659b0776a9f945b8c398eecbab780',NULL,0),(952,'38ca76fa4188e87b2b86e3381ac721d',NULL,0),(953,'62aac796b704528348abcee714970b6',NULL,0),(954,'6969de5f9b635a24485e8bf10eba4bf',NULL,0),(955,'cb92e7a9c7eb375577b52e42fca1c55',NULL,0),(956,'15b5f3a555cf42099687927fe0bd90e',NULL,0),(957,'a961dae5aa08bb1db7391b0f079fa34',NULL,0),(958,'be5bf928d77f83068c5b7e399b179b3',NULL,0),(959,'7db404d27f7175b30ca9054a2093841',NULL,0),(960,'180e5609fcd8c8f004623224b90409a',NULL,0),(961,'64b79b2fe009fbfd50fdd376b4456e0',NULL,0),(962,'bde82fa10df25aac4510603625ccaca',NULL,0),(963,'0fdef03f4cedc9255bf08eb71c7df46',NULL,0),(964,'e7611a0c679187f847722453d2012f7',NULL,0),(965,'fa8d7be802083dcf9b41aab240b4b52',NULL,0),(966,'93e5df0b3e8c393c6ae71a1ac971439',NULL,0),(967,'3643c7f732fd6052fd9d799384a9140',NULL,0),(968,'c0b5c4e20e4af2a887ac80a27a62ce1',NULL,0),(969,'53e40966eefb0c8126eec1338a7b99f',NULL,0),(970,'dae7edb4049217f61b26ee6a43ec95f',NULL,0),(971,'657083fb6d4e79e841ae6bb380d2070',NULL,0),(972,'86d87023e696cfe49d63f8a84ce47e7',NULL,0),(973,'bb3f499b07aaafb2a8f3695d935424b',NULL,0),(974,'fbc59a5935155179579b0f93fa98034',NULL,0),(975,'da3e5f6e8d4933013a3afdcdd781ea1',NULL,0),(976,'e940633daf6a827e9a37cce4be89e0a',NULL,0),(977,'b22c1a879c37a5ee12e5ca98f33da63',NULL,0),(978,'7ab7fc0174e893ce7fbf62accae618d',NULL,0),(979,'ffbc64cc013ceef1564904be6c2d348',NULL,0),(980,'cb413fd000376e4ecd4fc800c228ac0',NULL,0),(981,'477b5453121ad207d4ebca4a306c01e',NULL,0),(982,'73e8c822c96c09dd23ff0da9d37ac60',NULL,0),(983,'7a71fcb9a067b6db5d12b41d5d99101',NULL,0),(984,'2546134e45ddc9a010a4d00193d8807',NULL,0),(985,'60f1f27d7959df15176e261349aef17',NULL,0),(986,'f0b1bd3b6dc184f56f7dd0858a60932',NULL,0),(987,'5955f66a20013606a4e4cf400b8832d',NULL,0),(988,'bcbcee672b3e7958b61e617bb4b995c',NULL,0),(989,'fa45c459126da9ac3ddacaa49385152',NULL,0),(990,'854009f35f6c7cb9f4f395dba68b38d',NULL,0),(991,'3cf4ee3821b741d48cf2fd7ce18849a',NULL,0),(992,'c4699f54c71e88f5d64e505d6fb8822',NULL,0),(993,'2c719eb94e161cf2128513b1bc5ec01',NULL,0),(994,'18e623ea05b0419a9d71a035cce851b',NULL,0),(995,'0ccfa47442557074de6f2d4dad1211d',NULL,0),(996,'5ad0c7209ebe7ff2d19b2f26dcfdee9',NULL,0),(997,'b4b8798e4661659d452827d9074dad6',NULL,0),(998,'0e68c3b056c270e6cfb67ee0bacab46',NULL,0),(999,'7623718f577246abf0c6c015497f844',NULL,0),(1000,'943bd1f2f42b7f3e9741627282f3d6d',NULL,0),(100000000,'093f65e080a295f8076b1c5722a46aa2',NULL,0),(100000001,'44f683a84163b3523afe57c2e008bc8c',NULL,0),(100000002,'5a5ea04157ce4d020f65c3dd950f4fa3',NULL,0),(100000003,'5c829d1bf278615670dceeb9b3919ed2',NULL,0),(100000004,'4b382363fa161c111fa9ad2b335ceacd',NULL,0),(100000005,'b1cf83ae73adfce0d14dbe81b53cb96b',NULL,0);
/*!40000 ALTER TABLE `qr` ENABLE KEYS */;
UNLOCK TABLES;

--
-- Table structure for table `shipment`
--

DROP TABLE IF EXISTS `shipment`;
/*!40101 SET @saved_cs_client     = @@character_set_client */;
/*!40101 SET character_set_client = utf8 */;
CREATE TABLE `shipment` (
  `id` int(11) unsigned NOT NULL AUTO_INCREMENT,
  `source_base_id` int(11) unsigned NOT NULL,
  `target_base_id` int(11) unsigned NOT NULL,
  `transfer_agreement_id` int(11) unsigned NOT NULL,
  `state` varchar(255) NOT NULL DEFAULT 'Preparing',
  `started_on` datetime NOT NULL,
  `started_by_id` int(11) unsigned NOT NULL,
  `canceled_on` datetime DEFAULT NULL,
  `canceled_by_id` int(11) unsigned DEFAULT NULL,
  `sent_on` datetime DEFAULT NULL,
  `sent_by_id` int(11) unsigned DEFAULT NULL,
  `completed_on` datetime DEFAULT NULL,
  `completed_by_id` int(11) unsigned DEFAULT NULL,
  PRIMARY KEY (`id`),
  KEY `shipment_source_base_id` (`source_base_id`),
  KEY `shipment_target_base_id` (`target_base_id`),
  KEY `shipment_transfer_agreement_id` (`transfer_agreement_id`),
  KEY `shipment_started_by_id` (`started_by_id`),
  KEY `shipment_canceled_by_id` (`canceled_by_id`),
  KEY `shipment_sent_by_id` (`sent_by_id`),
  KEY `shipment_completed_by_id` (`completed_by_id`),
  CONSTRAINT `shipment_ibfk_1` FOREIGN KEY (`source_base_id`) REFERENCES `camps` (`id`) ON UPDATE CASCADE,
  CONSTRAINT `shipment_ibfk_2` FOREIGN KEY (`target_base_id`) REFERENCES `camps` (`id`) ON UPDATE CASCADE,
  CONSTRAINT `shipment_ibfk_3` FOREIGN KEY (`transfer_agreement_id`) REFERENCES `transfer_agreement` (`id`) ON UPDATE CASCADE,
  CONSTRAINT `shipment_ibfk_4` FOREIGN KEY (`started_by_id`) REFERENCES `cms_users` (`id`) ON UPDATE CASCADE,
  CONSTRAINT `shipment_ibfk_5` FOREIGN KEY (`canceled_by_id`) REFERENCES `cms_users` (`id`) ON DELETE SET NULL ON UPDATE CASCADE,
  CONSTRAINT `shipment_ibfk_6` FOREIGN KEY (`sent_by_id`) REFERENCES `cms_users` (`id`) ON DELETE SET NULL ON UPDATE CASCADE,
  CONSTRAINT `shipment_ibfk_7` FOREIGN KEY (`completed_by_id`) REFERENCES `cms_users` (`id`) ON DELETE SET NULL ON UPDATE CASCADE
) ENGINE=InnoDB DEFAULT CHARSET=utf8 ROW_FORMAT=DYNAMIC;
/*!40101 SET character_set_client = @saved_cs_client */;

--
-- Dumping data for table `shipment`
--

LOCK TABLES `shipment` WRITE;
/*!40000 ALTER TABLE `shipment` DISABLE KEYS */;
/*!40000 ALTER TABLE `shipment` ENABLE KEYS */;
UNLOCK TABLES;

--
-- Table structure for table `shipment_detail`
--

DROP TABLE IF EXISTS `shipment_detail`;
/*!40101 SET @saved_cs_client     = @@character_set_client */;
/*!40101 SET character_set_client = utf8 */;
CREATE TABLE `shipment_detail` (
  `id` int(11) unsigned NOT NULL AUTO_INCREMENT,
  `shipment_id` int(11) unsigned NOT NULL,
  `box_id` int(11) unsigned NOT NULL,
  `source_product_id` int(11) unsigned NOT NULL,
  `target_product_id` int(11) unsigned DEFAULT NULL,
  `source_location_id` int(11) unsigned NOT NULL,
  `target_location_id` int(11) unsigned DEFAULT NULL,
  `created_on` datetime NOT NULL,
  `created_by_id` int(11) unsigned NOT NULL,
  `deleted_on` datetime DEFAULT NULL,
  `deleted_by_id` int(11) unsigned DEFAULT NULL,
  PRIMARY KEY (`id`),
  KEY `shipment_detail_shipment_id` (`shipment_id`),
  KEY `shipment_detail_box_id` (`box_id`),
  KEY `shipment_detail_source_product_id` (`source_product_id`),
  KEY `shipment_detail_target_product_id` (`target_product_id`),
  KEY `shipment_detail_source_location_id` (`source_location_id`),
  KEY `shipment_detail_target_location_id` (`target_location_id`),
  KEY `shipment_detail_created_by_id` (`created_by_id`),
  KEY `shipment_detail_deleted_by_id` (`deleted_by_id`),
  CONSTRAINT `shipment_detail_ibfk_1` FOREIGN KEY (`shipment_id`) REFERENCES `shipment` (`id`) ON UPDATE CASCADE,
  CONSTRAINT `shipment_detail_ibfk_2` FOREIGN KEY (`box_id`) REFERENCES `stock` (`id`) ON UPDATE CASCADE,
  CONSTRAINT `shipment_detail_ibfk_3` FOREIGN KEY (`source_product_id`) REFERENCES `products` (`id`) ON UPDATE CASCADE,
  CONSTRAINT `shipment_detail_ibfk_4` FOREIGN KEY (`target_product_id`) REFERENCES `products` (`id`) ON UPDATE CASCADE,
  CONSTRAINT `shipment_detail_ibfk_5` FOREIGN KEY (`source_location_id`) REFERENCES `locations` (`id`) ON UPDATE CASCADE,
  CONSTRAINT `shipment_detail_ibfk_6` FOREIGN KEY (`target_location_id`) REFERENCES `locations` (`id`) ON UPDATE CASCADE,
  CONSTRAINT `shipment_detail_ibfk_7` FOREIGN KEY (`created_by_id`) REFERENCES `cms_users` (`id`) ON UPDATE CASCADE,
  CONSTRAINT `shipment_detail_ibfk_8` FOREIGN KEY (`deleted_by_id`) REFERENCES `cms_users` (`id`) ON DELETE SET NULL ON UPDATE CASCADE
) ENGINE=InnoDB DEFAULT CHARSET=utf8 ROW_FORMAT=DYNAMIC;
/*!40101 SET character_set_client = @saved_cs_client */;

--
-- Dumping data for table `shipment_detail`
--

LOCK TABLES `shipment_detail` WRITE;
/*!40000 ALTER TABLE `shipment_detail` DISABLE KEYS */;
/*!40000 ALTER TABLE `shipment_detail` ENABLE KEYS */;
UNLOCK TABLES;

--
-- Table structure for table `sizegroup`
--

DROP TABLE IF EXISTS `sizegroup`;
/*!40101 SET @saved_cs_client     = @@character_set_client */;
/*!40101 SET character_set_client = utf8 */;
CREATE TABLE `sizegroup` (
  `id` int(11) unsigned NOT NULL AUTO_INCREMENT,
  `label` varchar(255) NOT NULL,
  `seq` int(11) DEFAULT NULL,
  PRIMARY KEY (`id`)
) ENGINE=InnoDB AUTO_INCREMENT=25 DEFAULT CHARSET=utf8 ROW_FORMAT=DYNAMIC;
/*!40101 SET character_set_client = @saved_cs_client */;

--
-- Dumping data for table `sizegroup`
--

LOCK TABLES `sizegroup` WRITE;
/*!40000 ALTER TABLE `sizegroup` DISABLE KEYS */;
INSERT INTO `sizegroup` VALUES (1,'XS, S, M, L, XL',1),(2,'Baby by month (0-6, 7-12, 13-18, 19-24)',20),(3,'Shoe sizes Female',40),(4,'Children by year (2-3, 4-5, 6-8, 9-12, 13-15)',9),(5,'S, M, L',2),(6,'Mixed sizes',31),(7,'One size',30),(8,'Shoe sizes Male',50),(9,'Shoe sizes children',60),(12,'Diaper sizes',70),(13,'Bra sizes',75),(16,'Pack of 5-20, Pack of 21+, Bulk (100+)',80),(17,'Children by year (2-5, 6-10, 11-15)',10),(18,'Children by year (6-10, 11-15)',101),(19,'Singlepack, Multipack',81),(20,'Children by month (2-5)',100),(21,'Baby by month (0-2, 3-6, 7-12, 13-18, 19-24)',19),(22,'Baby by month (0-6, 7-24)',20),(23,'Children by year (2-3, 4-5, 6-7, 8-9, 10-11, 12-13, 14-15)',11),(24,'Children by year (individual years)',12);
/*!40000 ALTER TABLE `sizegroup` ENABLE KEYS */;
UNLOCK TABLES;

--
-- Table structure for table `sizes`
--

DROP TABLE IF EXISTS `sizes`;
/*!40101 SET @saved_cs_client     = @@character_set_client */;
/*!40101 SET character_set_client = utf8 */;
CREATE TABLE `sizes` (
  `id` int(11) unsigned NOT NULL AUTO_INCREMENT,
  `label` varchar(20) NOT NULL,
  `sizegroup_id` int(11) unsigned DEFAULT NULL,
  `seq` int(11) DEFAULT NULL,
  `created` datetime DEFAULT NULL,
  `created_by` int(11) unsigned DEFAULT NULL,
  `modified` datetime DEFAULT NULL,
  `modified_by` int(11) unsigned DEFAULT NULL,
  PRIMARY KEY (`id`),
  KEY `sizegroup_id` (`sizegroup_id`),
  KEY `created_by` (`created_by`),
  KEY `modified_by` (`modified_by`),
  CONSTRAINT `sizes_ibfk_4` FOREIGN KEY (`sizegroup_id`) REFERENCES `sizegroup` (`id`) ON UPDATE CASCADE,
  CONSTRAINT `sizes_ibfk_5` FOREIGN KEY (`created_by`) REFERENCES `cms_users` (`id`) ON DELETE SET NULL ON UPDATE CASCADE,
  CONSTRAINT `sizes_ibfk_6` FOREIGN KEY (`modified_by`) REFERENCES `cms_users` (`id`) ON DELETE SET NULL ON UPDATE CASCADE
) ENGINE=InnoDB AUTO_INCREMENT=164 DEFAULT CHARSET=utf8 ROW_FORMAT=DYNAMIC;
/*!40101 SET character_set_client = @saved_cs_client */;

--
-- Dumping data for table `sizes`
--

LOCK TABLES `sizes` WRITE;
/*!40000 ALTER TABLE `sizes` DISABLE KEYS */;
INSERT INTO `sizes` VALUES (1,'S',1,1,NULL,NULL,NULL,NULL),(2,'M',1,2,NULL,NULL,NULL,NULL),(3,'L',1,3,NULL,NULL,NULL,NULL),(4,'XL',1,4,NULL,NULL,NULL,NULL),(5,'XS',1,5,NULL,NULL,NULL,NULL),(10,'2-3 years',4,200,NULL,NULL,NULL,NULL),(11,'4-5 years',4,201,NULL,NULL,NULL,NULL),(12,'6-8 years',4,202,NULL,NULL,NULL,NULL),(13,'9-12 years',4,203,NULL,NULL,NULL,NULL),(14,'20',9,103,NULL,NULL,NULL,NULL),(15,'21',9,104,NULL,NULL,NULL,NULL),(16,'22',9,105,NULL,NULL,NULL,NULL),(17,'23',9,106,NULL,NULL,NULL,NULL),(18,'24',9,107,NULL,NULL,NULL,NULL),(19,'25',9,108,NULL,NULL,NULL,NULL),(20,'26',9,109,NULL,NULL,NULL,NULL),(21,'27',9,110,NULL,NULL,NULL,NULL),(22,'28',9,111,NULL,NULL,NULL,NULL),(23,'29',9,112,NULL,NULL,NULL,NULL),(24,'30',9,113,NULL,NULL,NULL,NULL),(25,'31',9,114,NULL,NULL,NULL,NULL),(26,'32',9,115,NULL,NULL,NULL,NULL),(27,'33',9,116,NULL,NULL,NULL,NULL),(28,'34',3,60,NULL,NULL,NULL,NULL),(29,'35',3,61,NULL,NULL,NULL,NULL),(30,'36',3,62,NULL,NULL,NULL,NULL),(31,'37',3,63,NULL,NULL,NULL,NULL),(32,'38',3,64,NULL,NULL,NULL,NULL),(33,'39',3,65,NULL,NULL,NULL,NULL),(34,'40',3,66,NULL,NULL,NULL,NULL),(35,'41',3,67,NULL,NULL,NULL,NULL),(36,'42 and bigger',3,68,NULL,NULL,NULL,NULL),(43,'13-15 years',4,204,NULL,NULL,NULL,NULL),(44,'19-24 months',21,214,NULL,NULL,NULL,NULL),(45,'3-6 months',21,211,NULL,NULL,NULL,NULL),(47,'7-12 months',21,212,NULL,NULL,NULL,NULL),(48,'13-18 months',21,213,NULL,NULL,NULL,NULL),(51,'19',9,102,NULL,NULL,NULL,NULL),(52,'Mixed',6,200,NULL,NULL,NULL,NULL),(53,'S',5,50,NULL,NULL,NULL,NULL),(54,'M',5,51,NULL,NULL,NULL,NULL),(55,'L',5,52,NULL,NULL,NULL,NULL),(56,'38 and smaller',8,80,NULL,NULL,NULL,NULL),(57,'39',8,81,NULL,NULL,NULL,NULL),(58,'40',8,82,NULL,NULL,NULL,NULL),(59,'41',8,83,NULL,NULL,NULL,NULL),(60,'42',8,84,NULL,NULL,NULL,NULL),(61,'43',8,85,NULL,NULL,NULL,NULL),(62,'44',8,86,NULL,NULL,NULL,NULL),(63,'45',8,87,NULL,NULL,NULL,NULL),(64,'46 and bigger',8,88,NULL,NULL,NULL,NULL),(65,'35',9,118,NULL,NULL,NULL,NULL),(66,'36 and bigger',9,119,NULL,NULL,NULL,NULL),(67,'34',9,117,NULL,NULL,NULL,NULL),(68,'One size',7,300,NULL,NULL,NULL,NULL),(69,'0-2 months',21,210,NULL,NULL,NULL,NULL),(70,'Mixed',5,53,NULL,NULL,NULL,NULL),(71,'Mixed',1,6,NULL,NULL,NULL,NULL),(97,'All ages',21,216,NULL,NULL,NULL,NULL),(103,'All ages',4,205,NULL,NULL,NULL,NULL),(104,'Pack of 5-20',16,150,NULL,NULL,NULL,NULL),(105,'Pack of 21+',16,151,NULL,NULL,NULL,NULL),(106,'Bulk (100+)',16,152,NULL,NULL,NULL,NULL),(108,'Newborn (< 4 kg)',12,130,NULL,NULL,NULL,NULL),(109,'Size 1 (3-6 kg)',12,131,NULL,NULL,NULL,NULL),(110,'Size 2 (5-8 kg)',12,132,NULL,NULL,NULL,NULL),(111,'Size 3 (7-13 kg)',12,133,NULL,NULL,NULL,NULL),(112,'Size 4 (9-17 kg)',12,134,NULL,NULL,NULL,NULL),(113,'Size 5 (>12 kg)',12,135,NULL,NULL,NULL,NULL),(114,'Size 6 (>16 kg)',12,136,NULL,NULL,NULL,NULL),(115,'Kids (>19 kg)',12,137,NULL,NULL,NULL,NULL),(116,'2-5 years',17,10,NULL,NULL,NULL,NULL),(117,'6-10 years',17,11,NULL,NULL,NULL,NULL),(118,'11-15 years',17,12,NULL,NULL,NULL,NULL),(119,'0-6 months',2,40,NULL,NULL,NULL,NULL),(120,'7-12 months',2,41,NULL,NULL,NULL,NULL),(121,'13-18 months',2,42,NULL,NULL,NULL,NULL),(122,'19-24 months',2,43,NULL,NULL,NULL,NULL),(123,'All ages',2,44,NULL,NULL,NULL,NULL),(124,'6-10 years',18,20,NULL,NULL,NULL,NULL),(125,'11-15 years',18,21,NULL,NULL,NULL,NULL),(126,'Singlepack',19,160,NULL,NULL,NULL,NULL),(127,'Multipack',19,161,NULL,NULL,NULL,NULL),(128,'17',9,100,NULL,NULL,NULL,NULL),(129,'18',9,101,NULL,NULL,NULL,NULL),(130,'2-5 years',20,30,NULL,NULL,NULL,NULL),(131,'75B',13,170,NULL,NULL,NULL,NULL),(132,'80B',13,171,NULL,NULL,NULL,NULL),(133,'85B',13,172,NULL,NULL,NULL,NULL),(134,'90b',13,173,NULL,NULL,NULL,NULL),(135,'95B',13,174,NULL,NULL,NULL,NULL),(136,'100C',13,175,NULL,NULL,NULL,NULL),(137,'D+ (big)',13,176,NULL,NULL,NULL,NULL),(138,'0-6 months',22,180,NULL,NULL,NULL,NULL),(139,'7-24 months',22,181,NULL,NULL,NULL,NULL),(140,'All ages',4,182,NULL,NULL,NULL,NULL),(141,'2-3 years',23,200,NULL,NULL,NULL,NULL),(142,'4-5 years',23,201,NULL,NULL,NULL,NULL),(143,'6-7 years',23,202,NULL,NULL,NULL,NULL),(144,'8-9 years',23,203,NULL,NULL,NULL,NULL),(145,'10-11 years',23,201,NULL,NULL,NULL,NULL),(146,'12-13 years',23,202,NULL,NULL,NULL,NULL),(147,'14-15 years',23,203,NULL,NULL,NULL,NULL),(148,'All ages',23,204,NULL,NULL,NULL,NULL),(149,'2 years',24,210,NULL,NULL,NULL,NULL),(150,'3 years',24,211,NULL,NULL,NULL,NULL),(151,'4 years',24,212,NULL,NULL,NULL,NULL),(152,'5 years',24,213,NULL,NULL,NULL,NULL),(153,'6 years',24,214,NULL,NULL,NULL,NULL),(154,'7 years',24,215,NULL,NULL,NULL,NULL),(155,'8 years',24,216,NULL,NULL,NULL,NULL),(156,'9 years',24,217,NULL,NULL,NULL,NULL),(157,'10 years',24,218,NULL,NULL,NULL,NULL),(158,'11 years',24,219,NULL,NULL,NULL,NULL),(159,'12 years',24,220,NULL,NULL,NULL,NULL),(160,'13 years',24,221,NULL,NULL,NULL,NULL),(161,'14 years',24,222,NULL,NULL,NULL,NULL),(162,'15 years',24,223,NULL,NULL,NULL,NULL),(163,'All ages',24,234,NULL,NULL,NULL,NULL);
/*!40000 ALTER TABLE `sizes` ENABLE KEYS */;
UNLOCK TABLES;

--
-- Table structure for table `stock`
--

DROP TABLE IF EXISTS `stock`;
/*!40101 SET @saved_cs_client     = @@character_set_client */;
/*!40101 SET character_set_client = utf8 */;
CREATE TABLE `stock` (
  `id` int(11) unsigned NOT NULL AUTO_INCREMENT,
  `box_id` varchar(11) NOT NULL DEFAULT '',
  `product_id` int(11) unsigned NOT NULL,
  `size_id` int(11) unsigned NOT NULL,
  `items` int(11) DEFAULT NULL,
  `location_id` int(11) unsigned NOT NULL,
  `distro_event_id` int(11) unsigned DEFAULT NULL,
  `qr_id` int(11) unsigned DEFAULT NULL,
  `comments` text,
  `created` datetime DEFAULT NULL,
  `created_by` int(11) unsigned DEFAULT NULL,
  `modified` datetime DEFAULT NULL,
  `modified_by` int(11) unsigned DEFAULT NULL,
  `ordered` datetime DEFAULT NULL,
  `ordered_by` int(11) unsigned DEFAULT NULL,
  `picked` int(11) DEFAULT NULL,
  `picked_by` int(11) unsigned DEFAULT NULL,
  `deleted` datetime NOT NULL DEFAULT '0000-00-00 00:00:00',
  `box_state_id` int(11) unsigned NOT NULL DEFAULT '1',
  PRIMARY KEY (`id`),
  UNIQUE KEY `box_id_unique` (`box_id`),
  UNIQUE KEY `qr_id_unique` (`qr_id`),
  KEY `box_id` (`box_id`),
  KEY `location_id` (`location_id`),
  KEY `product_id` (`product_id`),
  KEY `size_id` (`size_id`),
  KEY `box_state_id` (`box_state_id`),
  KEY `created_by` (`created_by`),
  KEY `modified_by` (`modified_by`),
  KEY `ordered_by` (`ordered_by`),
  KEY `picked_by` (`picked_by`),
  KEY `distro_event_id` (`distro_event_id`),
  CONSTRAINT `stock_ibfk_10` FOREIGN KEY (`created_by`) REFERENCES `cms_users` (`id`) ON DELETE SET NULL ON UPDATE CASCADE,
  CONSTRAINT `stock_ibfk_11` FOREIGN KEY (`modified_by`) REFERENCES `cms_users` (`id`) ON DELETE SET NULL ON UPDATE CASCADE,
  CONSTRAINT `stock_ibfk_12` FOREIGN KEY (`ordered_by`) REFERENCES `cms_users` (`id`) ON DELETE SET NULL ON UPDATE CASCADE,
  CONSTRAINT `stock_ibfk_13` FOREIGN KEY (`picked_by`) REFERENCES `cms_users` (`id`) ON DELETE SET NULL ON UPDATE CASCADE,
  CONSTRAINT `stock_ibfk_14` FOREIGN KEY (`location_id`) REFERENCES `locations` (`id`) ON UPDATE CASCADE,
  CONSTRAINT `stock_ibfk_15` FOREIGN KEY (`product_id`) REFERENCES `products` (`id`) ON UPDATE CASCADE,
  CONSTRAINT `stock_ibfk_16` FOREIGN KEY (`size_id`) REFERENCES `sizes` (`id`) ON UPDATE CASCADE,
  CONSTRAINT `stock_ibfk_17` FOREIGN KEY (`distro_event_id`) REFERENCES `distro_events` (`id`) ON DELETE RESTRICT ON UPDATE CASCADE,
  CONSTRAINT `stock_ibfk_3` FOREIGN KEY (`qr_id`) REFERENCES `qr` (`id`) ON UPDATE CASCADE,
  CONSTRAINT `stock_ibfk_9` FOREIGN KEY (`box_state_id`) REFERENCES `box_state` (`id`) ON UPDATE CASCADE
) ENGINE=InnoDB AUTO_INCREMENT=100000247 DEFAULT CHARSET=utf8 ROW_FORMAT=DYNAMIC;
/*!40101 SET character_set_client = @saved_cs_client */;

--
-- Dumping data for table `stock`
--

LOCK TABLES `stock` WRITE;
/*!40000 ALTER TABLE `stock` DISABLE KEYS */;
INSERT INTO `stock` VALUES (1,'923563',441,52,65,21,NULL,1,NULL,NULL,NULL,NULL,NULL,NULL,NULL,NULL,NULL,'0000-00-00 00:00:00',6),(2,'234307',529,52,65,20,NULL,2,NULL,NULL,NULL,NULL,NULL,NULL,NULL,NULL,NULL,'0000-00-00 00:00:00',2),(3,'432006',329,52,76,14,NULL,3,NULL,NULL,NULL,NULL,NULL,NULL,NULL,NULL,NULL,'0000-00-00 00:00:00',2),(4,'303430',465,52,92,21,NULL,4,NULL,NULL,NULL,NULL,NULL,NULL,NULL,NULL,NULL,'0000-00-00 00:00:00',6),(5,'472358',307,121,78,15,NULL,5,NULL,NULL,NULL,NULL,NULL,NULL,NULL,NULL,NULL,'0000-00-00 00:00:00',6),(6,'982597',440,68,41,19,NULL,6,NULL,NULL,NULL,NULL,NULL,NULL,NULL,NULL,NULL,'0000-00-00 00:00:00',5),(7,'502784',337,52,70,15,NULL,7,NULL,NULL,NULL,NULL,NULL,NULL,NULL,NULL,NULL,'0000-00-00 00:00:00',6),(8,'115855',373,52,23,16,NULL,8,NULL,NULL,NULL,NULL,NULL,NULL,NULL,NULL,NULL,'0000-00-00 00:00:00',1),(9,'482479',484,52,48,19,NULL,9,NULL,NULL,NULL,NULL,NULL,NULL,NULL,NULL,NULL,'0000-00-00 00:00:00',5),(10,'477832',220,68,60,18,NULL,10,NULL,NULL,NULL,NULL,NULL,NULL,NULL,NULL,NULL,'0000-00-00 00:00:00',1),(11,'577402',468,52,62,21,NULL,11,NULL,NULL,NULL,NULL,NULL,NULL,NULL,NULL,NULL,'0000-00-00 00:00:00',6),(12,'426136',514,68,83,19,NULL,12,NULL,NULL,NULL,NULL,NULL,NULL,NULL,NULL,NULL,'0000-00-00 00:00:00',5),(13,'958825',14,2,66,5,NULL,13,NULL,NULL,NULL,NULL,NULL,NULL,NULL,NULL,NULL,'0000-00-00 00:00:00',1),(14,'740334',14,3,43,2,NULL,14,NULL,NULL,NULL,NULL,NULL,NULL,NULL,NULL,NULL,'0000-00-00 00:00:00',2),(15,'973226',437,68,22,21,NULL,15,NULL,NULL,NULL,NULL,NULL,NULL,NULL,NULL,NULL,'0000-00-00 00:00:00',6),(16,'812014',609,52,74,21,NULL,16,NULL,NULL,NULL,NULL,NULL,'2022-03-22 00:00:00',NULL,NULL,NULL,'0000-00-00 00:00:00',3),(17,'245353',347,52,79,17,NULL,17,NULL,NULL,NULL,NULL,NULL,NULL,NULL,NULL,NULL,'0000-00-00 00:00:00',1),(18,'227319',138,71,15,6,NULL,18,NULL,NULL,NULL,NULL,NULL,NULL,NULL,NULL,NULL,'0000-00-00 00:00:00',1),(19,'483079',388,52,11,17,NULL,19,NULL,NULL,NULL,NULL,NULL,NULL,NULL,NULL,NULL,'0000-00-00 00:00:00',1),(20,'265849',52,121,75,7,NULL,20,NULL,NULL,NULL,NULL,NULL,NULL,NULL,NULL,NULL,'0000-00-00 00:00:00',1),(21,'666576',118,68,60,7,NULL,21,NULL,NULL,NULL,NULL,NULL,NULL,NULL,NULL,NULL,'0000-00-00 00:00:00',1),(22,'218785',395,52,63,16,NULL,22,NULL,NULL,NULL,NULL,NULL,NULL,NULL,NULL,NULL,'0000-00-00 00:00:00',1),(23,'615817',398,52,30,16,NULL,23,NULL,NULL,NULL,NULL,NULL,NULL,NULL,NULL,NULL,'0000-00-00 00:00:00',1),(24,'712907',66,68,56,6,NULL,24,NULL,NULL,NULL,NULL,NULL,NULL,NULL,NULL,NULL,'0000-00-00 00:00:00',1),(25,'398030',123,68,21,1,NULL,25,NULL,NULL,NULL,NULL,NULL,NULL,NULL,NULL,NULL,'0000-00-00 00:00:00',5),(26,'735600',511,68,91,21,NULL,26,NULL,NULL,NULL,NULL,NULL,NULL,NULL,NULL,NULL,'0000-00-00 00:00:00',6),(27,'555401',122,55,47,3,NULL,27,NULL,NULL,NULL,NULL,NULL,NULL,NULL,NULL,NULL,'0000-00-00 00:00:00',6),(28,'810265',570,52,98,19,NULL,28,NULL,NULL,NULL,NULL,NULL,NULL,NULL,NULL,NULL,'0000-00-00 00:00:00',5),(29,'794406',495,52,76,22,NULL,29,NULL,NULL,NULL,NULL,NULL,NULL,NULL,NULL,NULL,'0000-00-00 00:00:00',1),(30,'411730',311,119,74,16,NULL,30,NULL,NULL,NULL,NULL,NULL,NULL,NULL,NULL,NULL,'0000-00-00 00:00:00',1),(31,'430762',526,52,97,20,NULL,31,NULL,NULL,NULL,NULL,NULL,NULL,NULL,NULL,NULL,'0000-00-00 00:00:00',2),(32,'669301',505,122,62,19,NULL,32,NULL,NULL,NULL,NULL,NULL,NULL,NULL,NULL,NULL,'0000-00-00 00:00:00',5),(33,'930109',180,130,45,3,NULL,33,NULL,NULL,NULL,NULL,NULL,NULL,NULL,NULL,NULL,'0000-00-00 00:00:00',6),(34,'695097',165,130,97,2,NULL,34,NULL,NULL,NULL,NULL,NULL,NULL,NULL,NULL,NULL,'0000-00-00 00:00:00',2),(35,'199404',342,52,89,18,NULL,35,NULL,NULL,NULL,NULL,NULL,NULL,NULL,NULL,NULL,'0000-00-00 00:00:00',1),(36,'973893',1,2,82,13,NULL,36,NULL,NULL,NULL,NULL,NULL,NULL,NULL,NULL,NULL,'0000-00-00 00:00:00',1),(37,'800618',606,68,48,21,NULL,37,NULL,NULL,NULL,NULL,NULL,NULL,NULL,NULL,NULL,'0000-00-00 00:00:00',6),(38,'646306',436,68,70,19,NULL,38,NULL,NULL,NULL,NULL,NULL,NULL,NULL,NULL,NULL,'0000-00-00 00:00:00',5),(39,'583196',483,52,83,22,NULL,39,NULL,NULL,NULL,NULL,NULL,NULL,NULL,NULL,NULL,'0000-00-00 00:00:00',1),(40,'977539',298,52,36,14,NULL,40,NULL,NULL,NULL,NULL,NULL,NULL,NULL,NULL,NULL,'0000-00-00 00:00:00',2),(41,'778383',359,68,38,14,NULL,41,NULL,NULL,NULL,NULL,NULL,NULL,NULL,NULL,NULL,'0000-00-00 00:00:00',2),(42,'588949',466,52,97,22,NULL,42,NULL,NULL,NULL,NULL,NULL,NULL,NULL,NULL,NULL,'0000-00-00 00:00:00',1),(43,'897176',486,52,21,21,NULL,43,NULL,NULL,NULL,NULL,NULL,NULL,NULL,NULL,NULL,'0000-00-00 00:00:00',6),(44,'842963',487,52,76,22,NULL,44,NULL,NULL,NULL,NULL,NULL,NULL,NULL,NULL,NULL,'0000-00-00 00:00:00',1),(45,'802328',149,104,27,10,NULL,45,NULL,NULL,NULL,NULL,NULL,NULL,NULL,NULL,NULL,'0000-00-00 00:00:00',1),(46,'174473',47,3,1,3,NULL,46,NULL,NULL,NULL,NULL,NULL,NULL,NULL,NULL,NULL,'0000-00-00 00:00:00',6),(47,'614068',214,68,2,8,NULL,47,NULL,NULL,NULL,NULL,NULL,NULL,NULL,NULL,NULL,'0000-00-00 00:00:00',1),(48,'166929',245,68,70,15,NULL,48,NULL,NULL,NULL,NULL,NULL,NULL,NULL,NULL,NULL,'0000-00-00 00:00:00',6),(49,'762706',97,53,79,6,NULL,49,NULL,NULL,NULL,NULL,NULL,NULL,NULL,NULL,NULL,'0000-00-00 00:00:00',1),(50,'659259',194,68,64,5,NULL,50,NULL,NULL,NULL,NULL,NULL,NULL,NULL,NULL,NULL,'0000-00-00 00:00:00',1),(51,'675928',141,4,27,5,NULL,51,NULL,NULL,NULL,NULL,NULL,NULL,NULL,NULL,NULL,'0000-00-00 00:00:00',1),(52,'366656',430,68,39,19,NULL,52,NULL,NULL,NULL,NULL,NULL,NULL,NULL,NULL,NULL,'0000-00-00 00:00:00',5),(53,'104793',381,52,65,18,NULL,53,NULL,NULL,NULL,NULL,NULL,NULL,NULL,NULL,NULL,'0000-00-00 00:00:00',1),(54,'551413',146,2,23,4,NULL,54,NULL,NULL,NULL,NULL,NULL,NULL,NULL,NULL,NULL,'0000-00-00 00:00:00',1),(55,'457869',246,52,77,18,NULL,55,NULL,NULL,NULL,NULL,NULL,NULL,NULL,NULL,NULL,'0000-00-00 00:00:00',1),(56,'614569',19,2,62,1,NULL,56,NULL,NULL,NULL,NULL,NULL,NULL,NULL,NULL,NULL,'0000-00-00 00:00:00',5),(57,'338150',436,68,15,21,NULL,57,NULL,NULL,NULL,NULL,NULL,NULL,NULL,NULL,NULL,'0000-00-00 00:00:00',6),(58,'189123',347,52,31,14,NULL,58,NULL,NULL,NULL,NULL,NULL,NULL,NULL,NULL,NULL,'0000-00-00 00:00:00',2),(59,'654165',579,68,46,20,NULL,59,NULL,NULL,NULL,NULL,NULL,NULL,NULL,NULL,NULL,'0000-00-00 00:00:00',2),(60,'222076',583,52,60,21,NULL,60,NULL,NULL,NULL,NULL,NULL,NULL,NULL,NULL,NULL,'0000-00-00 00:00:00',6),(61,'629029',241,68,2,16,NULL,61,NULL,NULL,NULL,NULL,NULL,NULL,NULL,NULL,NULL,'0000-00-00 00:00:00',1),(62,'719700',330,52,75,16,NULL,62,NULL,NULL,NULL,NULL,NULL,NULL,NULL,NULL,NULL,'0000-00-00 00:00:00',1),(63,'797921',541,52,48,20,NULL,63,NULL,NULL,NULL,NULL,NULL,NULL,NULL,NULL,NULL,'0000-00-00 00:00:00',2),(64,'193781',87,52,60,12,NULL,64,NULL,NULL,NULL,NULL,NULL,NULL,NULL,NULL,NULL,'0000-00-00 00:00:00',1),(65,'996723',398,52,44,16,NULL,65,NULL,NULL,NULL,NULL,NULL,NULL,NULL,NULL,NULL,'0000-00-00 00:00:00',1),(66,'965063',145,3,37,13,NULL,66,NULL,NULL,NULL,NULL,NULL,NULL,NULL,NULL,NULL,'0000-00-00 00:00:00',1),(67,'551096',516,68,93,20,NULL,67,NULL,NULL,NULL,NULL,NULL,NULL,NULL,NULL,NULL,'0000-00-00 00:00:00',2),(68,'911650',194,68,55,5,NULL,68,NULL,NULL,NULL,NULL,NULL,NULL,NULL,NULL,NULL,'0000-00-00 00:00:00',1),(69,'621679',8,5,62,5,NULL,69,NULL,NULL,NULL,NULL,NULL,NULL,NULL,NULL,NULL,'0000-00-00 00:00:00',1),(70,'878803',533,52,86,19,NULL,70,NULL,NULL,NULL,NULL,NULL,NULL,NULL,NULL,NULL,'0000-00-00 00:00:00',5),(71,'777672',117,68,73,9,NULL,71,NULL,NULL,NULL,NULL,NULL,NULL,NULL,NULL,NULL,'0000-00-00 00:00:00',1),(72,'810449',132,55,65,1,NULL,72,NULL,NULL,NULL,NULL,NULL,NULL,NULL,NULL,NULL,'0000-00-00 00:00:00',5),(73,'773549',132,70,26,13,NULL,73,NULL,NULL,NULL,NULL,NULL,NULL,NULL,NULL,NULL,'0000-00-00 00:00:00',1),(74,'978748',517,68,85,19,NULL,74,NULL,NULL,NULL,NULL,NULL,NULL,NULL,NULL,NULL,'0000-00-00 00:00:00',5),(75,'834050',132,54,82,13,NULL,75,NULL,NULL,NULL,NULL,NULL,NULL,NULL,NULL,NULL,'0000-00-00 00:00:00',1),(76,'890737',59,68,94,6,NULL,76,NULL,NULL,NULL,NULL,NULL,NULL,NULL,NULL,NULL,'0000-00-00 00:00:00',1),(77,'804677',356,52,52,15,NULL,77,NULL,NULL,NULL,NULL,NULL,NULL,NULL,NULL,NULL,'0000-00-00 00:00:00',6),(78,'105144',185,71,56,3,NULL,78,NULL,NULL,NULL,NULL,NULL,NULL,NULL,NULL,NULL,'0000-00-00 00:00:00',6),(79,'827117',127,68,36,8,NULL,79,NULL,NULL,NULL,NULL,NULL,NULL,NULL,NULL,NULL,'0000-00-00 00:00:00',1),(80,'705629',106,68,52,1,NULL,80,NULL,NULL,NULL,NULL,NULL,NULL,NULL,NULL,NULL,'0000-00-00 00:00:00',5),(81,'322866',346,52,12,15,NULL,81,NULL,NULL,NULL,NULL,NULL,NULL,NULL,NULL,NULL,'0000-00-00 00:00:00',6),(82,'588519',128,68,17,6,NULL,82,NULL,NULL,NULL,NULL,NULL,NULL,NULL,NULL,NULL,'0000-00-00 00:00:00',1),(83,'606268',257,52,31,18,NULL,83,NULL,NULL,NULL,NULL,NULL,NULL,NULL,NULL,NULL,'0000-00-00 00:00:00',1),(84,'162157',77,52,42,7,NULL,84,NULL,NULL,NULL,NULL,NULL,NULL,NULL,NULL,NULL,'0000-00-00 00:00:00',1),(85,'824763',397,52,17,14,NULL,85,NULL,NULL,NULL,NULL,NULL,NULL,NULL,NULL,NULL,'0000-00-00 00:00:00',2),(86,'479944',373,52,6,16,NULL,86,NULL,NULL,NULL,NULL,NULL,NULL,NULL,NULL,NULL,'0000-00-00 00:00:00',1),(87,'924230',372,52,36,17,NULL,87,NULL,NULL,NULL,NULL,NULL,NULL,NULL,NULL,NULL,'0000-00-00 00:00:00',1),(88,'992333',36,122,51,12,NULL,88,NULL,NULL,NULL,NULL,NULL,NULL,NULL,NULL,NULL,'0000-00-00 00:00:00',1),(89,'364906',572,52,35,20,NULL,89,NULL,NULL,NULL,NULL,NULL,NULL,NULL,NULL,NULL,'0000-00-00 00:00:00',2),(90,'942424',289,52,79,17,NULL,90,NULL,NULL,NULL,NULL,NULL,NULL,NULL,NULL,NULL,'0000-00-00 00:00:00',1),(91,'596053',158,126,12,8,NULL,91,NULL,NULL,NULL,NULL,NULL,NULL,NULL,NULL,NULL,'0000-00-00 00:00:00',1),(92,'655614',132,55,8,1,NULL,92,NULL,NULL,NULL,NULL,NULL,NULL,NULL,NULL,NULL,'0000-00-00 00:00:00',5),(93,'729102',420,68,34,22,NULL,93,NULL,NULL,NULL,NULL,NULL,NULL,NULL,NULL,NULL,'0000-00-00 00:00:00',1),(94,'209985',112,52,88,7,NULL,94,NULL,NULL,NULL,NULL,NULL,NULL,NULL,NULL,NULL,'0000-00-00 00:00:00',1),(95,'499316',34,64,36,13,NULL,95,NULL,NULL,NULL,NULL,NULL,NULL,NULL,NULL,NULL,'0000-00-00 00:00:00',1),(96,'395312',320,111,38,17,NULL,96,NULL,NULL,NULL,NULL,NULL,NULL,NULL,NULL,NULL,'0000-00-00 00:00:00',1),(97,'379460',473,52,76,20,NULL,97,NULL,NULL,NULL,NULL,NULL,NULL,NULL,NULL,NULL,'0000-00-00 00:00:00',2),(98,'727065',369,52,2,18,NULL,98,NULL,NULL,NULL,NULL,NULL,NULL,NULL,NULL,NULL,'0000-00-00 00:00:00',1),(99,'277226',240,68,56,16,NULL,99,NULL,NULL,NULL,NULL,NULL,NULL,NULL,NULL,NULL,'0000-00-00 00:00:00',1),(100,'953965',440,68,96,22,NULL,100,NULL,NULL,NULL,NULL,NULL,NULL,NULL,NULL,NULL,'0000-00-00 00:00:00',1),(101,'335192',530,52,36,21,NULL,101,NULL,NULL,NULL,NULL,NULL,'2022-02-26 00:00:00',NULL,NULL,NULL,'0000-00-00 00:00:00',3),(102,'749154',320,108,77,17,NULL,102,NULL,NULL,NULL,NULL,NULL,NULL,NULL,NULL,NULL,'0000-00-00 00:00:00',1),(103,'594133',256,52,65,14,NULL,103,NULL,NULL,NULL,NULL,NULL,NULL,NULL,NULL,NULL,'0000-00-00 00:00:00',2),(104,'187229',241,68,2,14,NULL,104,NULL,NULL,NULL,NULL,NULL,NULL,NULL,NULL,NULL,'0000-00-00 00:00:00',2),(105,'571868',528,52,67,19,NULL,105,NULL,NULL,NULL,NULL,NULL,NULL,NULL,NULL,NULL,'0000-00-00 00:00:00',5),(106,'344876',336,52,2,16,NULL,106,NULL,NULL,NULL,NULL,NULL,NULL,NULL,NULL,NULL,'0000-00-00 00:00:00',1),(107,'619688',53,68,38,6,NULL,107,NULL,NULL,NULL,NULL,NULL,NULL,NULL,NULL,NULL,'0000-00-00 00:00:00',1),(108,'860211',399,52,48,14,NULL,108,NULL,NULL,NULL,NULL,NULL,NULL,NULL,NULL,NULL,'0000-00-00 00:00:00',2),(109,'297258',268,52,95,18,NULL,109,NULL,NULL,NULL,NULL,NULL,NULL,NULL,NULL,NULL,'0000-00-00 00:00:00',1),(110,'451546',91,68,5,7,NULL,110,NULL,NULL,NULL,NULL,NULL,NULL,NULL,NULL,NULL,'0000-00-00 00:00:00',1),(111,'555177',17,1,7,4,NULL,111,NULL,NULL,NULL,NULL,NULL,NULL,NULL,NULL,NULL,'0000-00-00 00:00:00',1),(112,'722524',66,68,37,12,NULL,112,NULL,NULL,NULL,NULL,NULL,NULL,NULL,NULL,NULL,'0000-00-00 00:00:00',1),(113,'933844',361,68,23,17,NULL,113,NULL,NULL,NULL,NULL,NULL,NULL,NULL,NULL,NULL,'0000-00-00 00:00:00',1),(114,'924619',190,5,62,7,NULL,114,NULL,NULL,NULL,NULL,NULL,'2022-11-08 00:00:00',NULL,NULL,NULL,'0000-00-00 00:00:00',3),(115,'943521',241,68,28,15,NULL,115,NULL,NULL,NULL,NULL,NULL,NULL,NULL,NULL,NULL,'0000-00-00 00:00:00',6),(116,'751755',90,68,34,3,NULL,116,NULL,NULL,NULL,NULL,NULL,NULL,NULL,NULL,NULL,'0000-00-00 00:00:00',6),(117,'418724',469,52,13,21,NULL,117,NULL,NULL,NULL,NULL,NULL,NULL,NULL,NULL,NULL,'0000-00-00 00:00:00',6),(118,'621488',221,68,32,18,NULL,118,NULL,NULL,NULL,NULL,NULL,NULL,NULL,NULL,NULL,'0000-00-00 00:00:00',1),(119,'136944',305,120,26,17,NULL,119,NULL,NULL,NULL,NULL,NULL,NULL,NULL,NULL,NULL,'0000-00-00 00:00:00',1),(120,'795252',216,130,11,8,NULL,120,NULL,NULL,NULL,NULL,NULL,NULL,NULL,NULL,NULL,'0000-00-00 00:00:00',1),(121,'309481',33,35,80,11,NULL,121,NULL,NULL,NULL,NULL,NULL,NULL,NULL,NULL,NULL,'0000-00-00 00:00:00',1),(122,'220141',160,52,7,6,NULL,122,NULL,NULL,NULL,NULL,NULL,NULL,NULL,NULL,NULL,'0000-00-00 00:00:00',1),(123,'107642',255,52,7,16,NULL,123,NULL,NULL,NULL,NULL,NULL,NULL,NULL,NULL,NULL,'0000-00-00 00:00:00',1),(124,'290153',389,52,76,16,NULL,124,NULL,NULL,NULL,NULL,NULL,NULL,NULL,NULL,NULL,'0000-00-00 00:00:00',1),(125,'622634',504,123,63,19,NULL,125,NULL,NULL,NULL,NULL,NULL,NULL,NULL,NULL,NULL,'0000-00-00 00:00:00',5),(126,'615810',214,68,94,7,NULL,126,NULL,NULL,NULL,NULL,NULL,NULL,NULL,NULL,NULL,'0000-00-00 00:00:00',1),(127,'868612',114,68,60,11,NULL,127,NULL,NULL,NULL,NULL,NULL,NULL,NULL,NULL,NULL,'0000-00-00 00:00:00',1),(128,'428951',244,68,10,15,NULL,128,NULL,NULL,NULL,NULL,NULL,NULL,NULL,NULL,NULL,'0000-00-00 00:00:00',6),(129,'423112',414,52,94,16,NULL,129,NULL,NULL,NULL,NULL,NULL,NULL,NULL,NULL,NULL,'0000-00-00 00:00:00',1),(130,'679668',598,52,88,19,NULL,130,NULL,NULL,NULL,NULL,NULL,NULL,NULL,NULL,NULL,'0000-00-00 00:00:00',5),(131,'175790',294,52,21,15,NULL,131,NULL,NULL,NULL,NULL,NULL,NULL,NULL,NULL,NULL,'0000-00-00 00:00:00',6),(132,'997180',355,52,68,14,NULL,132,NULL,NULL,NULL,NULL,NULL,NULL,NULL,NULL,NULL,'0000-00-00 00:00:00',2),(133,'625046',429,68,70,21,NULL,133,NULL,NULL,NULL,NULL,NULL,NULL,NULL,NULL,NULL,'0000-00-00 00:00:00',6),(134,'912037',367,52,5,14,NULL,134,NULL,NULL,NULL,NULL,NULL,NULL,NULL,NULL,NULL,'0000-00-00 00:00:00',2),(135,'955130',194,68,79,10,NULL,135,NULL,NULL,NULL,NULL,NULL,NULL,NULL,NULL,NULL,'0000-00-00 00:00:00',1),(136,'647853',232,68,78,17,NULL,136,NULL,NULL,NULL,NULL,NULL,NULL,NULL,NULL,NULL,'0000-00-00 00:00:00',1),(137,'946892',137,4,54,1,NULL,137,NULL,NULL,NULL,NULL,NULL,NULL,NULL,NULL,NULL,'0000-00-00 00:00:00',5),(138,'450422',412,68,41,14,NULL,138,NULL,NULL,NULL,NULL,NULL,NULL,NULL,NULL,NULL,'0000-00-00 00:00:00',2),(139,'141643',356,52,90,16,NULL,139,NULL,NULL,NULL,NULL,NULL,NULL,NULL,NULL,NULL,'0000-00-00 00:00:00',1),(140,'908546',337,52,94,15,NULL,140,NULL,NULL,NULL,NULL,NULL,NULL,NULL,NULL,NULL,'0000-00-00 00:00:00',6),(141,'571781',572,52,50,19,NULL,141,NULL,NULL,NULL,NULL,NULL,NULL,NULL,NULL,NULL,'0000-00-00 00:00:00',5),(142,'182791',410,52,26,18,NULL,142,NULL,NULL,NULL,NULL,NULL,NULL,NULL,NULL,NULL,'0000-00-00 00:00:00',1),(143,'697666',246,52,99,15,NULL,143,NULL,NULL,NULL,NULL,NULL,NULL,NULL,NULL,NULL,'0000-00-00 00:00:00',6),(144,'999763',227,68,54,17,NULL,144,NULL,NULL,NULL,NULL,NULL,NULL,NULL,NULL,NULL,'0000-00-00 00:00:00',1),(145,'994669',376,52,57,15,NULL,145,NULL,NULL,NULL,NULL,NULL,NULL,NULL,NULL,NULL,'0000-00-00 00:00:00',6),(146,'489160',134,1,33,5,NULL,146,NULL,NULL,NULL,NULL,NULL,NULL,NULL,NULL,NULL,'0000-00-00 00:00:00',1),(147,'745413',561,52,11,19,NULL,147,NULL,NULL,NULL,NULL,NULL,NULL,NULL,NULL,NULL,'0000-00-00 00:00:00',5),(148,'801933',383,52,39,17,NULL,148,NULL,NULL,NULL,NULL,NULL,NULL,NULL,NULL,NULL,'0000-00-00 00:00:00',1),(149,'888558',118,68,2,3,NULL,149,NULL,NULL,NULL,NULL,NULL,NULL,NULL,NULL,NULL,'0000-00-00 00:00:00',6),(150,'147514',55,4,92,12,NULL,150,NULL,NULL,NULL,NULL,NULL,NULL,NULL,NULL,NULL,'0000-00-00 00:00:00',1),(151,'513021',85,68,69,2,NULL,151,NULL,NULL,NULL,NULL,NULL,NULL,NULL,NULL,NULL,'0000-00-00 00:00:00',2),(152,'678118',590,52,95,20,NULL,152,NULL,NULL,NULL,NULL,NULL,NULL,NULL,NULL,NULL,'0000-00-00 00:00:00',2),(153,'103249',304,121,53,18,NULL,153,NULL,NULL,NULL,NULL,NULL,NULL,NULL,NULL,NULL,'0000-00-00 00:00:00',1),(154,'459912',202,62,89,12,NULL,154,NULL,NULL,NULL,NULL,NULL,NULL,NULL,NULL,NULL,'0000-00-00 00:00:00',1),(155,'275378',305,123,25,14,NULL,155,NULL,NULL,NULL,NULL,NULL,NULL,NULL,NULL,NULL,'0000-00-00 00:00:00',2),(156,'682119',489,52,29,22,NULL,156,NULL,NULL,NULL,NULL,NULL,NULL,NULL,NULL,NULL,'0000-00-00 00:00:00',1),(157,'470091',11,125,18,9,NULL,157,NULL,NULL,NULL,NULL,NULL,NULL,NULL,NULL,NULL,'0000-00-00 00:00:00',1),(158,'167272',499,120,65,19,NULL,158,NULL,NULL,NULL,NULL,NULL,NULL,NULL,NULL,NULL,'0000-00-00 00:00:00',5),(159,'149051',524,52,10,21,NULL,159,NULL,NULL,NULL,NULL,NULL,NULL,NULL,NULL,NULL,'0000-00-00 00:00:00',6),(160,'392254',274,52,89,16,NULL,160,NULL,NULL,NULL,NULL,NULL,NULL,NULL,NULL,NULL,'0000-00-00 00:00:00',1),(161,'575266',607,68,39,19,NULL,161,NULL,NULL,NULL,NULL,NULL,NULL,NULL,NULL,NULL,'0000-00-00 00:00:00',5),(162,'644010',425,68,53,20,NULL,162,NULL,NULL,NULL,NULL,NULL,NULL,NULL,NULL,NULL,'0000-00-00 00:00:00',2),(163,'976787',584,52,43,22,NULL,163,NULL,NULL,NULL,NULL,NULL,NULL,NULL,NULL,NULL,'0000-00-00 00:00:00',1),(164,'934276',143,5,27,3,NULL,164,NULL,NULL,NULL,NULL,NULL,NULL,NULL,NULL,NULL,'0000-00-00 00:00:00',6),(165,'939310',427,68,52,22,NULL,165,NULL,NULL,NULL,NULL,NULL,NULL,NULL,NULL,NULL,'0000-00-00 00:00:00',1),(166,'504570',345,52,88,18,NULL,166,NULL,NULL,NULL,NULL,NULL,NULL,NULL,NULL,NULL,'0000-00-00 00:00:00',1),(167,'980227',457,52,78,21,NULL,167,NULL,NULL,NULL,NULL,NULL,NULL,NULL,NULL,NULL,'0000-00-00 00:00:00',6),(168,'197300',167,116,62,12,NULL,168,NULL,NULL,NULL,NULL,NULL,NULL,NULL,NULL,NULL,'0000-00-00 00:00:00',1),(169,'813766',176,1,58,2,NULL,169,NULL,NULL,NULL,NULL,NULL,NULL,NULL,NULL,NULL,'0000-00-00 00:00:00',2),(170,'206976',549,52,83,19,NULL,170,NULL,NULL,NULL,NULL,NULL,NULL,NULL,NULL,NULL,'0000-00-00 00:00:00',5),(171,'462195',87,52,38,3,NULL,171,NULL,NULL,NULL,NULL,NULL,NULL,NULL,NULL,NULL,'0000-00-00 00:00:00',6),(172,'612098',65,68,77,9,NULL,172,NULL,NULL,NULL,NULL,NULL,NULL,NULL,NULL,NULL,'0000-00-00 00:00:00',1),(173,'548607',419,68,49,19,NULL,173,NULL,NULL,NULL,NULL,NULL,NULL,NULL,NULL,NULL,'0000-00-00 00:00:00',5),(174,'488832',225,68,71,17,NULL,174,NULL,NULL,NULL,NULL,NULL,NULL,NULL,NULL,NULL,'0000-00-00 00:00:00',1),(175,'926173',469,52,7,21,NULL,175,NULL,NULL,NULL,NULL,NULL,NULL,NULL,NULL,NULL,'0000-00-00 00:00:00',6),(176,'892484',465,52,60,19,NULL,176,NULL,NULL,NULL,NULL,NULL,NULL,NULL,NULL,NULL,'0000-00-00 00:00:00',5),(177,'712804',240,68,56,18,NULL,177,NULL,NULL,NULL,NULL,NULL,NULL,NULL,NULL,NULL,'0000-00-00 00:00:00',1),(178,'100069',218,68,67,5,NULL,178,NULL,NULL,NULL,NULL,NULL,NULL,NULL,NULL,NULL,'0000-00-00 00:00:00',1),(179,'641375',483,52,64,20,NULL,179,NULL,NULL,NULL,NULL,NULL,NULL,NULL,NULL,NULL,'0000-00-00 00:00:00',2),(180,'477166',328,52,81,15,NULL,180,NULL,NULL,NULL,NULL,NULL,NULL,NULL,NULL,NULL,'0000-00-00 00:00:00',6),(181,'841017',445,52,54,22,NULL,181,NULL,NULL,NULL,NULL,NULL,NULL,NULL,NULL,NULL,'0000-00-00 00:00:00',1),(182,'350439',465,52,39,21,NULL,182,NULL,NULL,NULL,NULL,NULL,NULL,NULL,NULL,NULL,'0000-00-00 00:00:00',6),(183,'168422',93,68,32,7,NULL,183,NULL,NULL,NULL,NULL,NULL,NULL,NULL,NULL,NULL,'0000-00-00 00:00:00',1),(184,'424451',404,68,49,16,NULL,184,NULL,NULL,NULL,NULL,NULL,NULL,NULL,NULL,NULL,'0000-00-00 00:00:00',1),(185,'551898',210,68,85,5,NULL,185,NULL,NULL,NULL,NULL,NULL,NULL,NULL,NULL,NULL,'0000-00-00 00:00:00',1),(186,'994852',352,52,10,18,NULL,186,NULL,NULL,NULL,NULL,NULL,NULL,NULL,NULL,NULL,'0000-00-00 00:00:00',1),(187,'577898',158,126,56,9,NULL,187,NULL,NULL,NULL,NULL,NULL,NULL,NULL,NULL,NULL,'0000-00-00 00:00:00',1),(188,'260309',367,52,41,16,NULL,188,NULL,NULL,NULL,NULL,NULL,NULL,NULL,NULL,NULL,'0000-00-00 00:00:00',1),(189,'955869',483,52,64,22,NULL,189,NULL,NULL,NULL,NULL,NULL,NULL,NULL,NULL,NULL,'0000-00-00 00:00:00',1),(190,'977229',512,68,61,22,NULL,190,NULL,NULL,NULL,NULL,NULL,NULL,NULL,NULL,NULL,'0000-00-00 00:00:00',1),(191,'884645',470,52,22,20,NULL,191,NULL,NULL,NULL,NULL,NULL,NULL,NULL,NULL,NULL,'0000-00-00 00:00:00',2),(192,'434225',443,52,48,22,NULL,192,NULL,NULL,NULL,NULL,NULL,NULL,NULL,NULL,NULL,'0000-00-00 00:00:00',1),(193,'113202',165,130,32,4,NULL,193,NULL,NULL,NULL,NULL,NULL,NULL,NULL,NULL,NULL,'0000-00-00 00:00:00',1),(194,'484093',270,52,24,15,NULL,194,NULL,NULL,NULL,NULL,NULL,NULL,NULL,NULL,NULL,'0000-00-00 00:00:00',6),(195,'354582',325,68,45,18,NULL,195,NULL,NULL,NULL,NULL,NULL,NULL,NULL,NULL,NULL,'0000-00-00 00:00:00',1),(196,'496267',502,121,30,22,NULL,196,NULL,NULL,NULL,NULL,NULL,NULL,NULL,NULL,NULL,'0000-00-00 00:00:00',1),(197,'144692',136,52,94,10,NULL,197,NULL,NULL,NULL,NULL,NULL,NULL,NULL,NULL,NULL,'0000-00-00 00:00:00',1),(198,'536274',251,52,85,18,NULL,198,NULL,NULL,NULL,NULL,NULL,NULL,NULL,NULL,NULL,'0000-00-00 00:00:00',1),(199,'792026',78,68,83,4,NULL,199,NULL,NULL,NULL,NULL,NULL,NULL,NULL,NULL,NULL,'0000-00-00 00:00:00',1),(200,'524556',366,52,86,17,NULL,200,NULL,NULL,NULL,NULL,NULL,NULL,NULL,NULL,NULL,'0000-00-00 00:00:00',1),(201,'665610',385,52,81,15,NULL,201,NULL,NULL,NULL,NULL,NULL,NULL,NULL,NULL,NULL,'0000-00-00 00:00:00',6),(202,'434851',429,68,68,20,NULL,202,NULL,NULL,NULL,NULL,NULL,NULL,NULL,NULL,NULL,'0000-00-00 00:00:00',2),(203,'464431',263,52,25,14,NULL,203,NULL,NULL,NULL,NULL,NULL,NULL,NULL,NULL,NULL,'0000-00-00 00:00:00',2),(204,'974946',264,52,13,15,NULL,204,NULL,NULL,NULL,NULL,NULL,NULL,NULL,NULL,NULL,'0000-00-00 00:00:00',6),(205,'671963',346,52,8,17,NULL,205,NULL,NULL,NULL,NULL,NULL,NULL,NULL,NULL,NULL,'0000-00-00 00:00:00',1),(206,'465996',149,105,57,3,NULL,206,NULL,NULL,NULL,NULL,NULL,NULL,NULL,NULL,NULL,'0000-00-00 00:00:00',6),(207,'630521',541,52,100,21,NULL,207,NULL,NULL,NULL,NULL,NULL,NULL,NULL,NULL,NULL,'0000-00-00 00:00:00',6),(208,'124758',154,53,84,9,NULL,208,NULL,NULL,NULL,NULL,NULL,NULL,NULL,NULL,NULL,'0000-00-00 00:00:00',1),(209,'360952',464,52,67,20,NULL,209,NULL,NULL,NULL,NULL,NULL,NULL,NULL,NULL,NULL,'0000-00-00 00:00:00',2),(210,'903273',424,68,71,21,NULL,210,NULL,NULL,NULL,NULL,NULL,NULL,NULL,NULL,NULL,'0000-00-00 00:00:00',6),(211,'940027',298,52,25,15,NULL,211,NULL,NULL,NULL,NULL,NULL,NULL,NULL,NULL,NULL,'0000-00-00 00:00:00',6),(212,'852834',220,68,66,14,NULL,212,NULL,NULL,NULL,NULL,NULL,NULL,NULL,NULL,NULL,'0000-00-00 00:00:00',2),(213,'173402',572,52,64,19,NULL,213,NULL,NULL,NULL,NULL,NULL,NULL,NULL,NULL,NULL,'0000-00-00 00:00:00',5),(214,'327470',241,68,27,18,NULL,214,NULL,NULL,NULL,NULL,NULL,NULL,NULL,NULL,NULL,'0000-00-00 00:00:00',1),(215,'901193',208,126,99,11,NULL,215,NULL,NULL,NULL,NULL,NULL,NULL,NULL,NULL,NULL,'0000-00-00 00:00:00',1),(216,'491890',285,52,11,14,NULL,216,NULL,NULL,NULL,NULL,NULL,NULL,NULL,NULL,NULL,'0000-00-00 00:00:00',2),(217,'732662',308,121,43,18,NULL,217,NULL,NULL,NULL,NULL,NULL,NULL,NULL,NULL,NULL,'0000-00-00 00:00:00',1),(218,'604564',316,68,3,14,NULL,218,NULL,NULL,NULL,NULL,NULL,NULL,NULL,NULL,NULL,'0000-00-00 00:00:00',2),(219,'372640',418,68,88,19,NULL,219,NULL,NULL,NULL,NULL,NULL,NULL,NULL,NULL,NULL,'0000-00-00 00:00:00',5),(220,'547270',448,52,93,21,NULL,220,NULL,NULL,NULL,NULL,NULL,NULL,NULL,NULL,NULL,'0000-00-00 00:00:00',6),(221,'513799',192,68,25,5,NULL,221,NULL,NULL,NULL,NULL,NULL,NULL,NULL,NULL,NULL,'0000-00-00 00:00:00',1),(222,'537144',112,52,92,7,NULL,222,NULL,NULL,NULL,NULL,NULL,NULL,NULL,NULL,NULL,'0000-00-00 00:00:00',1),(223,'478277',413,52,4,18,NULL,223,NULL,NULL,NULL,NULL,NULL,'2022-04-15 00:00:00',NULL,NULL,NULL,'0000-00-00 00:00:00',3),(224,'345844',404,68,37,15,NULL,224,NULL,NULL,NULL,NULL,NULL,NULL,NULL,NULL,NULL,'0000-00-00 00:00:00',6),(225,'979331',107,68,59,1,NULL,225,NULL,NULL,NULL,NULL,NULL,NULL,NULL,NULL,NULL,'0000-00-00 00:00:00',5),(226,'482081',534,52,56,21,NULL,226,NULL,NULL,NULL,NULL,NULL,NULL,NULL,NULL,NULL,'0000-00-00 00:00:00',6),(227,'950957',414,52,29,18,NULL,227,NULL,NULL,NULL,NULL,NULL,NULL,NULL,NULL,NULL,'0000-00-00 00:00:00',1),(228,'467375',359,68,56,16,NULL,228,NULL,NULL,NULL,NULL,NULL,'2021-11-18 00:00:00',NULL,NULL,NULL,'0000-00-00 00:00:00',3),(229,'314691',504,120,28,21,NULL,229,NULL,NULL,NULL,NULL,NULL,NULL,NULL,NULL,NULL,'0000-00-00 00:00:00',6),(230,'205541',120,68,58,8,NULL,230,NULL,NULL,NULL,NULL,NULL,NULL,NULL,NULL,NULL,'0000-00-00 00:00:00',1),(231,'264498',589,52,12,19,NULL,231,NULL,NULL,NULL,NULL,NULL,NULL,NULL,NULL,NULL,'0000-00-00 00:00:00',5),(232,'720411',150,106,97,13,NULL,232,NULL,NULL,NULL,NULL,NULL,NULL,NULL,NULL,NULL,'0000-00-00 00:00:00',1),(233,'727618',105,121,50,7,NULL,233,NULL,NULL,NULL,NULL,NULL,NULL,NULL,NULL,NULL,'0000-00-00 00:00:00',1),(234,'554277',553,52,25,19,NULL,234,NULL,NULL,NULL,NULL,NULL,NULL,NULL,NULL,NULL,'0000-00-00 00:00:00',5),(235,'837293',568,52,8,19,NULL,235,NULL,NULL,NULL,NULL,NULL,NULL,NULL,NULL,NULL,'0000-00-00 00:00:00',5),(236,'399717',349,52,72,16,NULL,236,NULL,NULL,NULL,NULL,NULL,NULL,NULL,NULL,NULL,'0000-00-00 00:00:00',1),(237,'351484',97,54,56,7,NULL,237,NULL,NULL,NULL,NULL,NULL,NULL,NULL,NULL,NULL,'0000-00-00 00:00:00',1),(238,'500055',280,52,35,16,NULL,238,NULL,NULL,NULL,NULL,NULL,NULL,NULL,NULL,NULL,'0000-00-00 00:00:00',1),(239,'913214',192,68,7,8,NULL,239,NULL,NULL,NULL,NULL,NULL,NULL,NULL,NULL,NULL,'0000-00-00 00:00:00',1),(240,'856451',390,52,58,18,NULL,240,NULL,NULL,NULL,NULL,NULL,NULL,NULL,NULL,NULL,'0000-00-00 00:00:00',1),(241,'857770',573,52,69,21,NULL,241,NULL,NULL,NULL,NULL,NULL,NULL,NULL,NULL,NULL,'0000-00-00 00:00:00',6),(242,'973499',17,4,51,2,NULL,242,NULL,NULL,NULL,NULL,NULL,NULL,NULL,NULL,NULL,'0000-00-00 00:00:00',2),(243,'439420',418,68,78,19,NULL,243,NULL,NULL,NULL,NULL,NULL,NULL,NULL,NULL,NULL,'0000-00-00 00:00:00',5),(244,'315059',95,68,92,1,NULL,244,NULL,NULL,NULL,NULL,NULL,NULL,NULL,NULL,NULL,'0000-00-00 00:00:00',5),(245,'996652',260,52,17,18,NULL,245,NULL,NULL,NULL,NULL,NULL,NULL,NULL,NULL,NULL,'0000-00-00 00:00:00',1),(246,'556837',566,52,100,19,NULL,246,NULL,NULL,NULL,NULL,NULL,NULL,NULL,NULL,NULL,'0000-00-00 00:00:00',5),(247,'917502',17,4,19,11,NULL,247,NULL,NULL,NULL,NULL,NULL,NULL,NULL,NULL,NULL,'0000-00-00 00:00:00',1),(248,'193491',375,52,47,17,NULL,248,NULL,NULL,NULL,NULL,NULL,NULL,NULL,NULL,NULL,'0000-00-00 00:00:00',1),(249,'390714',504,122,45,22,NULL,249,NULL,NULL,NULL,NULL,NULL,NULL,NULL,NULL,NULL,'0000-00-00 00:00:00',1),(250,'142787',295,52,54,14,NULL,250,NULL,NULL,NULL,NULL,NULL,NULL,NULL,NULL,NULL,'0000-00-00 00:00:00',2),(251,'575890',597,52,51,22,NULL,251,NULL,NULL,NULL,NULL,NULL,NULL,NULL,NULL,NULL,'0000-00-00 00:00:00',1),(252,'246562',346,52,88,16,NULL,252,NULL,NULL,NULL,NULL,NULL,NULL,NULL,NULL,NULL,'0000-00-00 00:00:00',1),(253,'924609',423,68,86,20,NULL,253,NULL,NULL,NULL,NULL,NULL,NULL,NULL,NULL,NULL,'0000-00-00 00:00:00',2),(254,'329230',563,52,94,22,NULL,254,NULL,NULL,NULL,NULL,NULL,NULL,NULL,NULL,NULL,'0000-00-00 00:00:00',1),(255,'939192',91,68,16,5,NULL,255,NULL,NULL,NULL,NULL,NULL,NULL,NULL,NULL,NULL,'0000-00-00 00:00:00',1),(256,'975537',114,68,60,12,NULL,256,NULL,NULL,NULL,NULL,NULL,NULL,NULL,NULL,NULL,'0000-00-00 00:00:00',1),(257,'948611',184,2,81,2,NULL,257,NULL,NULL,NULL,NULL,NULL,NULL,NULL,NULL,NULL,'0000-00-00 00:00:00',2),(258,'389922',432,68,48,22,NULL,258,NULL,NULL,NULL,NULL,NULL,NULL,NULL,NULL,NULL,'0000-00-00 00:00:00',1),(259,'529926',158,126,12,12,NULL,259,NULL,NULL,NULL,NULL,NULL,NULL,NULL,NULL,NULL,'0000-00-00 00:00:00',1),(260,'683713',302,52,64,16,NULL,260,NULL,NULL,NULL,NULL,NULL,NULL,NULL,NULL,NULL,'0000-00-00 00:00:00',1),(261,'318098',203,14,52,2,NULL,261,NULL,NULL,NULL,NULL,NULL,NULL,NULL,NULL,NULL,'0000-00-00 00:00:00',2),(262,'951254',504,119,57,20,NULL,262,NULL,NULL,NULL,NULL,NULL,NULL,NULL,NULL,NULL,'0000-00-00 00:00:00',2),(263,'897136',276,52,12,18,NULL,263,NULL,NULL,NULL,NULL,NULL,NULL,NULL,NULL,NULL,'0000-00-00 00:00:00',1),(264,'804060',20,5,25,3,NULL,264,NULL,NULL,NULL,NULL,NULL,NULL,NULL,NULL,NULL,'0000-00-00 00:00:00',6),(265,'752212',1,5,81,1,NULL,265,NULL,NULL,NULL,NULL,NULL,NULL,NULL,NULL,NULL,'0000-00-00 00:00:00',5),(266,'436529',310,123,22,14,NULL,266,NULL,NULL,NULL,NULL,NULL,NULL,NULL,NULL,NULL,'0000-00-00 00:00:00',2),(267,'130929',419,68,98,20,NULL,267,NULL,NULL,NULL,NULL,NULL,NULL,NULL,NULL,NULL,'0000-00-00 00:00:00',2),(268,'244246',306,123,44,18,NULL,268,NULL,NULL,NULL,NULL,NULL,NULL,NULL,NULL,NULL,'0000-00-00 00:00:00',1),(269,'282084',287,52,31,14,NULL,269,NULL,NULL,NULL,NULL,NULL,NULL,NULL,NULL,NULL,'0000-00-00 00:00:00',2),(270,'158877',515,110,98,20,NULL,270,NULL,NULL,NULL,NULL,NULL,NULL,NULL,NULL,NULL,'0000-00-00 00:00:00',2),(271,'115348',590,52,41,21,NULL,271,NULL,NULL,NULL,NULL,NULL,'2022-05-05 00:00:00',NULL,NULL,NULL,'0000-00-00 00:00:00',3),(272,'658845',213,68,88,7,NULL,272,NULL,NULL,NULL,NULL,NULL,NULL,NULL,NULL,NULL,'0000-00-00 00:00:00',1),(273,'169154',344,52,41,15,NULL,273,NULL,NULL,NULL,NULL,NULL,NULL,NULL,NULL,NULL,'0000-00-00 00:00:00',6),(274,'242620',606,68,61,19,NULL,274,NULL,NULL,NULL,NULL,NULL,NULL,NULL,NULL,NULL,'0000-00-00 00:00:00',5),(275,'678207',189,4,89,6,NULL,275,NULL,NULL,NULL,NULL,NULL,NULL,NULL,NULL,NULL,'0000-00-00 00:00:00',1),(276,'182677',234,68,53,18,NULL,276,NULL,NULL,NULL,NULL,NULL,NULL,NULL,NULL,NULL,'0000-00-00 00:00:00',1),(277,'671680',583,52,95,20,NULL,277,NULL,NULL,NULL,NULL,NULL,NULL,NULL,NULL,NULL,'0000-00-00 00:00:00',2),(278,'376702',252,52,61,18,NULL,278,NULL,NULL,NULL,NULL,NULL,NULL,NULL,NULL,NULL,'0000-00-00 00:00:00',1),(279,'642859',417,68,91,22,NULL,279,NULL,NULL,NULL,NULL,NULL,NULL,NULL,NULL,NULL,'0000-00-00 00:00:00',1),(280,'826560',206,52,64,7,NULL,280,NULL,NULL,NULL,NULL,NULL,NULL,NULL,NULL,NULL,'0000-00-00 00:00:00',1),(281,'973270',254,52,73,15,NULL,281,NULL,NULL,NULL,NULL,NULL,NULL,NULL,NULL,NULL,'0000-00-00 00:00:00',6),(282,'916907',171,130,31,2,NULL,282,NULL,NULL,NULL,NULL,NULL,NULL,NULL,NULL,NULL,'0000-00-00 00:00:00',2),(283,'108985',294,52,60,17,NULL,283,NULL,NULL,NULL,NULL,NULL,NULL,NULL,NULL,NULL,'0000-00-00 00:00:00',1),(284,'214922',496,52,73,19,NULL,284,NULL,NULL,NULL,NULL,NULL,NULL,NULL,NULL,NULL,'0000-00-00 00:00:00',5),(285,'802418',203,22,66,1,NULL,285,NULL,NULL,NULL,NULL,NULL,NULL,NULL,NULL,NULL,'0000-00-00 00:00:00',5),(286,'258854',300,52,14,18,NULL,286,NULL,NULL,NULL,NULL,NULL,NULL,NULL,NULL,NULL,'0000-00-00 00:00:00',1),(287,'870400',26,52,54,9,NULL,287,NULL,NULL,NULL,NULL,NULL,NULL,NULL,NULL,NULL,'0000-00-00 00:00:00',1),(288,'333991',250,52,80,14,NULL,288,NULL,NULL,NULL,NULL,NULL,NULL,NULL,NULL,NULL,'0000-00-00 00:00:00',2),(289,'172229',48,68,70,3,NULL,289,NULL,NULL,NULL,NULL,NULL,NULL,NULL,NULL,NULL,'0000-00-00 00:00:00',6),(290,'610809',44,68,51,11,NULL,290,NULL,NULL,NULL,NULL,NULL,NULL,NULL,NULL,NULL,'0000-00-00 00:00:00',1),(291,'438188',116,52,56,10,NULL,291,NULL,NULL,NULL,NULL,NULL,NULL,NULL,NULL,NULL,'0000-00-00 00:00:00',1),(292,'708053',359,68,30,17,NULL,292,NULL,NULL,NULL,NULL,NULL,NULL,NULL,NULL,NULL,'0000-00-00 00:00:00',1),(293,'753691',198,130,93,9,NULL,293,NULL,NULL,NULL,NULL,NULL,NULL,NULL,NULL,NULL,'0000-00-00 00:00:00',1),(294,'217894',109,68,35,7,NULL,294,NULL,NULL,NULL,NULL,NULL,NULL,NULL,NULL,NULL,'0000-00-00 00:00:00',1),(295,'477942',486,52,9,22,NULL,295,NULL,NULL,NULL,NULL,NULL,NULL,NULL,NULL,NULL,'0000-00-00 00:00:00',1),(296,'991402',514,68,45,21,NULL,296,NULL,NULL,NULL,NULL,NULL,NULL,NULL,NULL,NULL,'0000-00-00 00:00:00',6),(297,'585046',16,117,47,1,NULL,297,NULL,NULL,NULL,NULL,NULL,'2022-03-10 00:00:00',NULL,NULL,NULL,'0000-00-00 00:00:00',3),(298,'447084',67,52,27,2,NULL,298,NULL,NULL,NULL,NULL,NULL,NULL,NULL,NULL,NULL,'0000-00-00 00:00:00',2),(299,'990245',594,52,47,21,NULL,299,NULL,NULL,NULL,NULL,NULL,NULL,NULL,NULL,NULL,'0000-00-00 00:00:00',6),(300,'620820',203,14,73,8,NULL,300,NULL,NULL,NULL,NULL,NULL,NULL,NULL,NULL,NULL,'0000-00-00 00:00:00',1),(301,'943808',342,52,27,15,NULL,301,NULL,NULL,NULL,NULL,NULL,NULL,NULL,NULL,NULL,'0000-00-00 00:00:00',6),(302,'318008',4,2,92,2,NULL,302,NULL,NULL,NULL,NULL,NULL,NULL,NULL,NULL,NULL,'0000-00-00 00:00:00',2),(303,'181337',218,68,65,3,NULL,303,NULL,NULL,NULL,NULL,NULL,NULL,NULL,NULL,NULL,'0000-00-00 00:00:00',6),(304,'190773',153,52,27,2,NULL,304,NULL,NULL,NULL,NULL,NULL,NULL,NULL,NULL,NULL,'0000-00-00 00:00:00',2),(305,'486053',597,52,23,20,NULL,305,NULL,NULL,NULL,NULL,NULL,NULL,NULL,NULL,NULL,'0000-00-00 00:00:00',2),(306,'684328',309,121,93,15,NULL,306,NULL,NULL,NULL,NULL,NULL,NULL,NULL,NULL,NULL,'0000-00-00 00:00:00',6),(307,'743692',541,52,28,21,NULL,307,NULL,NULL,NULL,NULL,NULL,NULL,NULL,NULL,NULL,'0000-00-00 00:00:00',6),(308,'286207',540,52,48,22,NULL,308,NULL,NULL,NULL,NULL,NULL,NULL,NULL,NULL,NULL,'0000-00-00 00:00:00',1),(309,'857056',478,52,75,22,NULL,309,NULL,NULL,NULL,NULL,NULL,NULL,NULL,NULL,NULL,'0000-00-00 00:00:00',1),(310,'478893',164,52,20,12,NULL,310,NULL,NULL,NULL,NULL,NULL,NULL,NULL,NULL,NULL,'0000-00-00 00:00:00',1),(311,'115584',42,52,22,1,NULL,311,NULL,NULL,NULL,NULL,NULL,'2022-08-01 00:00:00',NULL,NULL,NULL,'0000-00-00 00:00:00',3),(312,'195294',350,52,94,17,NULL,312,NULL,NULL,NULL,NULL,NULL,NULL,NULL,NULL,NULL,'0000-00-00 00:00:00',1),(313,'501400',555,68,43,22,NULL,313,NULL,NULL,NULL,NULL,NULL,NULL,NULL,NULL,NULL,'0000-00-00 00:00:00',1),(314,'398063',413,52,39,16,NULL,314,NULL,NULL,NULL,NULL,NULL,NULL,NULL,NULL,NULL,'0000-00-00 00:00:00',1),(315,'116423',236,68,90,14,NULL,315,NULL,NULL,NULL,NULL,NULL,NULL,NULL,NULL,NULL,'0000-00-00 00:00:00',2),(316,'733414',514,68,24,20,NULL,316,NULL,NULL,NULL,NULL,NULL,NULL,NULL,NULL,NULL,'0000-00-00 00:00:00',2),(317,'661222',6,71,81,13,NULL,317,NULL,NULL,NULL,NULL,NULL,NULL,NULL,NULL,NULL,'0000-00-00 00:00:00',1),(318,'779222',401,52,71,17,NULL,318,NULL,NULL,NULL,NULL,NULL,NULL,NULL,NULL,NULL,'0000-00-00 00:00:00',1),(319,'328414',556,68,41,20,NULL,319,NULL,NULL,NULL,NULL,NULL,NULL,NULL,NULL,NULL,'0000-00-00 00:00:00',2),(320,'196066',129,68,93,3,NULL,320,NULL,NULL,NULL,NULL,NULL,NULL,NULL,NULL,NULL,'0000-00-00 00:00:00',6),(321,'931502',223,68,33,14,NULL,321,NULL,NULL,NULL,NULL,NULL,NULL,NULL,NULL,NULL,'0000-00-00 00:00:00',2),(322,'511125',130,1,95,8,NULL,322,NULL,NULL,NULL,NULL,NULL,NULL,NULL,NULL,NULL,'0000-00-00 00:00:00',1),(323,'319094',38,18,49,6,NULL,323,NULL,NULL,NULL,NULL,NULL,NULL,NULL,NULL,NULL,'0000-00-00 00:00:00',1),(324,'133646',532,52,19,21,NULL,324,NULL,NULL,NULL,NULL,NULL,NULL,NULL,NULL,NULL,'0000-00-00 00:00:00',6),(325,'239717',541,52,77,22,NULL,325,NULL,NULL,NULL,NULL,NULL,NULL,NULL,NULL,NULL,'0000-00-00 00:00:00',1),(326,'267001',605,52,70,19,NULL,326,NULL,NULL,NULL,NULL,NULL,NULL,NULL,NULL,NULL,'0000-00-00 00:00:00',5),(327,'947785',153,52,16,4,NULL,327,NULL,NULL,NULL,NULL,NULL,NULL,NULL,NULL,NULL,'0000-00-00 00:00:00',1),(328,'966620',514,68,25,21,NULL,328,NULL,NULL,NULL,NULL,NULL,NULL,NULL,NULL,NULL,'0000-00-00 00:00:00',6),(329,'870737',544,52,55,19,NULL,329,NULL,NULL,NULL,NULL,NULL,NULL,NULL,NULL,NULL,'0000-00-00 00:00:00',5),(330,'946423',193,68,15,4,NULL,330,NULL,NULL,NULL,NULL,NULL,NULL,NULL,NULL,NULL,'0000-00-00 00:00:00',1),(331,'270177',207,52,7,7,NULL,331,NULL,NULL,NULL,NULL,NULL,NULL,NULL,NULL,NULL,'0000-00-00 00:00:00',1),(332,'410452',98,68,25,10,NULL,332,NULL,NULL,NULL,NULL,NULL,NULL,NULL,NULL,NULL,'0000-00-00 00:00:00',1),(333,'725395',84,68,74,8,NULL,333,NULL,NULL,NULL,NULL,NULL,NULL,NULL,NULL,NULL,'0000-00-00 00:00:00',1),(334,'262024',383,52,7,14,NULL,334,NULL,NULL,NULL,NULL,NULL,NULL,NULL,NULL,NULL,'0000-00-00 00:00:00',2),(335,'776182',256,52,45,16,NULL,335,NULL,NULL,NULL,NULL,NULL,NULL,NULL,NULL,NULL,'0000-00-00 00:00:00',1),(336,'761488',418,68,100,22,NULL,336,NULL,NULL,NULL,NULL,NULL,NULL,NULL,NULL,NULL,'0000-00-00 00:00:00',1),(337,'957965',145,3,60,10,NULL,337,NULL,NULL,NULL,NULL,NULL,NULL,NULL,NULL,NULL,'0000-00-00 00:00:00',1),(338,'151995',529,52,36,22,NULL,338,NULL,NULL,NULL,NULL,NULL,NULL,NULL,NULL,NULL,'0000-00-00 00:00:00',1),(339,'225074',32,71,82,2,NULL,339,NULL,NULL,NULL,NULL,NULL,NULL,NULL,NULL,NULL,'0000-00-00 00:00:00',2),(340,'992645',462,52,53,20,NULL,340,NULL,NULL,NULL,NULL,NULL,NULL,NULL,NULL,NULL,'0000-00-00 00:00:00',2),(341,'978791',339,52,79,14,NULL,341,NULL,NULL,NULL,NULL,NULL,NULL,NULL,NULL,NULL,'0000-00-00 00:00:00',2),(342,'658825',527,52,68,20,NULL,342,NULL,NULL,NULL,NULL,NULL,NULL,NULL,NULL,NULL,'0000-00-00 00:00:00',2),(343,'732679',339,52,28,18,NULL,343,NULL,NULL,NULL,NULL,NULL,NULL,NULL,NULL,NULL,'0000-00-00 00:00:00',1),(344,'788498',217,68,1,4,NULL,344,NULL,NULL,NULL,NULL,NULL,NULL,NULL,NULL,NULL,'0000-00-00 00:00:00',1),(345,'281782',211,68,69,10,NULL,345,NULL,NULL,NULL,NULL,NULL,NULL,NULL,NULL,NULL,'0000-00-00 00:00:00',1),(346,'581548',34,56,75,4,NULL,346,NULL,NULL,NULL,NULL,NULL,NULL,NULL,NULL,NULL,'0000-00-00 00:00:00',1),(347,'634714',196,68,67,2,NULL,347,NULL,NULL,NULL,NULL,NULL,NULL,NULL,NULL,NULL,'0000-00-00 00:00:00',2),(348,'102005',515,114,6,19,NULL,348,NULL,NULL,NULL,NULL,NULL,NULL,NULL,NULL,NULL,'0000-00-00 00:00:00',5),(349,'750974',354,52,91,14,NULL,349,NULL,NULL,NULL,NULL,NULL,NULL,NULL,NULL,NULL,'0000-00-00 00:00:00',2),(350,'300814',35,68,35,12,NULL,350,NULL,NULL,NULL,NULL,NULL,NULL,NULL,NULL,NULL,'0000-00-00 00:00:00',1),(351,'182081',279,52,62,18,NULL,351,NULL,NULL,NULL,NULL,NULL,NULL,NULL,NULL,NULL,'0000-00-00 00:00:00',1),(352,'790571',231,68,6,14,NULL,352,NULL,NULL,NULL,NULL,NULL,NULL,NULL,NULL,NULL,'0000-00-00 00:00:00',2),(353,'364926',105,120,55,5,NULL,353,NULL,NULL,NULL,NULL,NULL,NULL,NULL,NULL,NULL,'0000-00-00 00:00:00',1),(354,'463940',477,52,28,20,NULL,354,NULL,NULL,NULL,NULL,NULL,NULL,NULL,NULL,NULL,'0000-00-00 00:00:00',2),(355,'271017',603,52,4,20,NULL,355,NULL,NULL,NULL,NULL,NULL,NULL,NULL,NULL,NULL,'0000-00-00 00:00:00',2),(356,'946847',23,68,6,2,NULL,356,NULL,NULL,NULL,NULL,NULL,NULL,NULL,NULL,NULL,'0000-00-00 00:00:00',2),(357,'898489',222,68,65,18,NULL,357,NULL,NULL,NULL,NULL,NULL,NULL,NULL,NULL,NULL,'0000-00-00 00:00:00',1),(358,'573244',354,52,11,15,NULL,358,NULL,NULL,NULL,NULL,NULL,NULL,NULL,NULL,NULL,'0000-00-00 00:00:00',6),(359,'484313',97,55,14,7,NULL,359,NULL,NULL,NULL,NULL,NULL,NULL,NULL,NULL,NULL,'0000-00-00 00:00:00',1),(360,'807001',307,121,59,18,NULL,360,NULL,NULL,NULL,NULL,NULL,NULL,NULL,NULL,NULL,'0000-00-00 00:00:00',1),(361,'566014',597,52,72,19,NULL,361,NULL,NULL,NULL,NULL,NULL,NULL,NULL,NULL,NULL,'0000-00-00 00:00:00',5),(362,'616461',485,52,74,22,NULL,362,NULL,NULL,NULL,NULL,NULL,NULL,NULL,NULL,NULL,'0000-00-00 00:00:00',1),(363,'945709',404,68,3,16,NULL,363,NULL,NULL,NULL,NULL,NULL,NULL,NULL,NULL,NULL,'0000-00-00 00:00:00',1),(364,'287817',579,68,27,19,NULL,364,NULL,NULL,NULL,NULL,NULL,NULL,NULL,NULL,NULL,'0000-00-00 00:00:00',5),(365,'124166',429,68,67,21,NULL,365,NULL,NULL,NULL,NULL,NULL,NULL,NULL,NULL,NULL,'0000-00-00 00:00:00',6),(366,'699360',475,52,1,21,NULL,366,NULL,NULL,NULL,NULL,NULL,NULL,NULL,NULL,NULL,'0000-00-00 00:00:00',6),(367,'518336',338,52,52,18,NULL,367,NULL,NULL,NULL,NULL,NULL,NULL,NULL,NULL,NULL,'0000-00-00 00:00:00',1),(368,'503097',195,68,35,13,NULL,368,NULL,NULL,NULL,NULL,NULL,NULL,NULL,NULL,NULL,'0000-00-00 00:00:00',1),(369,'961811',331,52,33,14,NULL,369,NULL,NULL,NULL,NULL,NULL,NULL,NULL,NULL,NULL,'0000-00-00 00:00:00',2),(370,'480303',224,68,98,17,NULL,370,NULL,NULL,NULL,NULL,NULL,NULL,NULL,NULL,NULL,'0000-00-00 00:00:00',1),(371,'621390',78,68,42,5,NULL,371,NULL,NULL,NULL,NULL,NULL,NULL,NULL,NULL,NULL,'0000-00-00 00:00:00',1),(372,'789845',423,68,15,20,NULL,372,NULL,NULL,NULL,NULL,NULL,NULL,NULL,NULL,NULL,'0000-00-00 00:00:00',2),(373,'666190',370,52,79,14,NULL,373,NULL,NULL,NULL,NULL,NULL,NULL,NULL,NULL,NULL,'0000-00-00 00:00:00',2),(374,'468486',148,124,69,3,NULL,374,NULL,NULL,NULL,NULL,NULL,NULL,NULL,NULL,NULL,'0000-00-00 00:00:00',6),(375,'252361',101,2,8,9,NULL,375,NULL,NULL,NULL,NULL,NULL,NULL,NULL,NULL,NULL,'0000-00-00 00:00:00',1),(376,'107609',495,52,6,20,NULL,376,NULL,NULL,NULL,NULL,NULL,NULL,NULL,NULL,NULL,'0000-00-00 00:00:00',2),(377,'903793',76,68,27,3,NULL,377,NULL,NULL,NULL,NULL,NULL,NULL,NULL,NULL,NULL,'0000-00-00 00:00:00',6),(378,'920886',53,68,7,12,NULL,378,NULL,NULL,NULL,NULL,NULL,NULL,NULL,NULL,NULL,'0000-00-00 00:00:00',1),(379,'546929',326,68,20,16,NULL,379,NULL,NULL,NULL,NULL,NULL,NULL,NULL,NULL,NULL,'0000-00-00 00:00:00',1),(380,'185192',302,52,93,16,NULL,380,NULL,NULL,NULL,NULL,NULL,NULL,NULL,NULL,NULL,'0000-00-00 00:00:00',1),(381,'726616',233,68,15,14,NULL,381,NULL,NULL,NULL,NULL,NULL,NULL,NULL,NULL,NULL,'0000-00-00 00:00:00',2),(382,'307807',314,52,93,14,NULL,382,NULL,NULL,NULL,NULL,NULL,NULL,NULL,NULL,NULL,'0000-00-00 00:00:00',2),(383,'456743',494,52,92,20,NULL,383,NULL,NULL,NULL,NULL,NULL,NULL,NULL,NULL,NULL,'0000-00-00 00:00:00',2),(384,'895346',412,68,4,14,NULL,384,NULL,NULL,NULL,NULL,NULL,NULL,NULL,NULL,NULL,'0000-00-00 00:00:00',2),(385,'695316',574,52,29,22,NULL,385,NULL,NULL,NULL,NULL,NULL,NULL,NULL,NULL,NULL,'0000-00-00 00:00:00',1),(386,'716419',52,123,84,5,NULL,386,NULL,NULL,NULL,NULL,NULL,NULL,NULL,NULL,NULL,'0000-00-00 00:00:00',1),(387,'110484',270,52,70,16,NULL,387,NULL,NULL,NULL,NULL,NULL,NULL,NULL,NULL,NULL,'0000-00-00 00:00:00',1),(388,'269775',289,52,11,15,NULL,388,NULL,NULL,NULL,NULL,NULL,NULL,NULL,NULL,NULL,'0000-00-00 00:00:00',6),(389,'170253',311,122,63,15,NULL,389,NULL,NULL,NULL,NULL,NULL,NULL,NULL,NULL,NULL,'0000-00-00 00:00:00',6),(390,'538535',110,52,5,10,NULL,390,NULL,NULL,NULL,NULL,NULL,NULL,NULL,NULL,NULL,'0000-00-00 00:00:00',1),(391,'266465',11,124,77,7,NULL,391,NULL,NULL,NULL,NULL,NULL,NULL,NULL,NULL,NULL,'0000-00-00 00:00:00',1),(392,'999195',578,52,72,20,NULL,392,NULL,NULL,NULL,NULL,NULL,NULL,NULL,NULL,NULL,'0000-00-00 00:00:00',2),(393,'799834',329,52,62,16,NULL,393,NULL,NULL,NULL,NULL,NULL,NULL,NULL,NULL,NULL,'0000-00-00 00:00:00',1),(394,'584319',269,52,13,15,NULL,394,NULL,NULL,NULL,NULL,NULL,NULL,NULL,NULL,NULL,'0000-00-00 00:00:00',6),(395,'869562',416,68,45,20,NULL,395,NULL,NULL,NULL,NULL,NULL,NULL,NULL,NULL,NULL,'0000-00-00 00:00:00',2),(396,'926284',209,52,81,13,NULL,396,NULL,NULL,NULL,NULL,NULL,NULL,NULL,NULL,NULL,'0000-00-00 00:00:00',1),(397,'289119',27,68,98,9,NULL,397,NULL,NULL,NULL,NULL,NULL,NULL,NULL,NULL,NULL,'0000-00-00 00:00:00',1),(398,'468688',42,52,84,8,NULL,398,NULL,NULL,NULL,NULL,NULL,NULL,NULL,NULL,NULL,'0000-00-00 00:00:00',1),(399,'328951',380,52,89,14,NULL,399,NULL,NULL,NULL,NULL,NULL,NULL,NULL,NULL,NULL,'0000-00-00 00:00:00',2),(400,'123430',533,52,44,21,NULL,400,NULL,NULL,NULL,NULL,NULL,NULL,NULL,NULL,NULL,'0000-00-00 00:00:00',6),(401,'835456',376,52,6,18,NULL,401,NULL,NULL,NULL,NULL,NULL,NULL,NULL,NULL,NULL,'0000-00-00 00:00:00',1),(402,'293809',388,52,87,15,NULL,402,NULL,NULL,NULL,NULL,NULL,NULL,NULL,NULL,NULL,'0000-00-00 00:00:00',6),(403,'345326',553,52,67,21,NULL,403,NULL,NULL,NULL,NULL,NULL,NULL,NULL,NULL,NULL,'0000-00-00 00:00:00',6),(404,'505594',541,52,59,19,NULL,404,NULL,NULL,NULL,NULL,NULL,NULL,NULL,NULL,NULL,'0000-00-00 00:00:00',5),(405,'418195',428,68,32,20,NULL,405,NULL,NULL,NULL,NULL,NULL,NULL,NULL,NULL,NULL,'0000-00-00 00:00:00',2),(406,'795083',68,28,14,7,NULL,406,NULL,NULL,NULL,NULL,NULL,NULL,NULL,NULL,NULL,'0000-00-00 00:00:00',1),(407,'481661',292,52,5,17,NULL,407,NULL,NULL,NULL,NULL,NULL,NULL,NULL,NULL,NULL,'0000-00-00 00:00:00',1),(408,'884700',429,68,72,19,NULL,408,NULL,NULL,NULL,NULL,NULL,NULL,NULL,NULL,NULL,'0000-00-00 00:00:00',5),(409,'252536',386,52,100,15,NULL,409,NULL,NULL,NULL,NULL,NULL,NULL,NULL,NULL,NULL,'0000-00-00 00:00:00',6),(410,'346435',301,52,62,15,NULL,410,NULL,NULL,NULL,NULL,NULL,NULL,NULL,NULL,NULL,'0000-00-00 00:00:00',6),(411,'447190',151,105,30,3,NULL,411,NULL,NULL,NULL,NULL,NULL,NULL,NULL,NULL,NULL,'0000-00-00 00:00:00',6),(412,'223975',185,71,98,12,NULL,412,NULL,NULL,NULL,NULL,NULL,NULL,NULL,NULL,NULL,'0000-00-00 00:00:00',1),(413,'763975',251,52,67,14,NULL,413,NULL,NULL,NULL,NULL,NULL,NULL,NULL,NULL,NULL,'0000-00-00 00:00:00',2),(414,'208615',458,52,15,19,NULL,414,NULL,NULL,NULL,NULL,NULL,NULL,NULL,NULL,NULL,'0000-00-00 00:00:00',5),(415,'145588',502,120,64,21,NULL,415,NULL,NULL,NULL,NULL,NULL,NULL,NULL,NULL,NULL,'0000-00-00 00:00:00',6),(416,'868490',185,2,5,2,NULL,416,NULL,NULL,NULL,NULL,NULL,NULL,NULL,NULL,NULL,'0000-00-00 00:00:00',2),(417,'533339',53,68,71,1,NULL,417,NULL,NULL,NULL,NULL,NULL,NULL,NULL,NULL,NULL,'0000-00-00 00:00:00',5),(418,'516042',375,52,16,16,NULL,418,NULL,NULL,NULL,NULL,NULL,NULL,NULL,NULL,NULL,'0000-00-00 00:00:00',1),(419,'881809',191,117,51,6,NULL,419,NULL,NULL,NULL,NULL,NULL,NULL,NULL,NULL,NULL,'0000-00-00 00:00:00',1),(420,'572825',77,52,17,10,NULL,420,NULL,NULL,NULL,NULL,NULL,NULL,NULL,NULL,NULL,'0000-00-00 00:00:00',1),(421,'287529',409,68,38,14,NULL,421,NULL,NULL,NULL,NULL,NULL,NULL,NULL,NULL,NULL,'0000-00-00 00:00:00',2),(422,'165910',326,68,5,15,NULL,422,NULL,NULL,NULL,NULL,NULL,NULL,NULL,NULL,NULL,'0000-00-00 00:00:00',6),(423,'529316',282,52,53,14,NULL,423,NULL,NULL,NULL,NULL,NULL,NULL,NULL,NULL,NULL,'0000-00-00 00:00:00',2),(424,'394638',492,52,89,20,NULL,424,NULL,NULL,NULL,NULL,NULL,NULL,NULL,NULL,NULL,'0000-00-00 00:00:00',2),(425,'622430',14,3,81,13,NULL,425,NULL,NULL,NULL,NULL,NULL,'2022-09-26 00:00:00',NULL,NULL,NULL,'0000-00-00 00:00:00',3),(426,'594740',433,68,60,22,NULL,426,NULL,NULL,NULL,NULL,NULL,NULL,NULL,NULL,NULL,'0000-00-00 00:00:00',1),(427,'212513',27,68,34,6,NULL,427,NULL,NULL,NULL,NULL,NULL,NULL,NULL,NULL,NULL,'0000-00-00 00:00:00',1),(428,'439920',424,68,56,21,NULL,428,NULL,NULL,NULL,NULL,NULL,NULL,NULL,NULL,NULL,'0000-00-00 00:00:00',6),(429,'576442',308,121,91,14,NULL,429,NULL,NULL,NULL,NULL,NULL,NULL,NULL,NULL,NULL,'0000-00-00 00:00:00',2),(430,'791830',28,68,62,7,NULL,430,NULL,NULL,NULL,NULL,NULL,NULL,NULL,NULL,NULL,'0000-00-00 00:00:00',1),(431,'569127',19,71,26,9,NULL,431,NULL,NULL,NULL,NULL,NULL,NULL,NULL,NULL,NULL,'0000-00-00 00:00:00',1),(432,'146210',342,52,18,18,NULL,432,NULL,NULL,NULL,NULL,NULL,NULL,NULL,NULL,NULL,'0000-00-00 00:00:00',1),(433,'316945',448,52,67,19,NULL,433,NULL,NULL,NULL,NULL,NULL,NULL,NULL,NULL,NULL,'0000-00-00 00:00:00',5),(434,'920274',606,68,46,20,NULL,434,NULL,NULL,NULL,NULL,NULL,NULL,NULL,NULL,NULL,'0000-00-00 00:00:00',2),(435,'243599',499,122,62,19,NULL,435,NULL,NULL,NULL,NULL,NULL,NULL,NULL,NULL,NULL,'0000-00-00 00:00:00',5),(436,'724940',141,5,84,10,NULL,436,NULL,NULL,NULL,NULL,NULL,NULL,NULL,NULL,NULL,'0000-00-00 00:00:00',1),(437,'632819',365,68,67,16,NULL,437,NULL,NULL,NULL,NULL,NULL,NULL,NULL,NULL,NULL,'0000-00-00 00:00:00',1),(438,'475317',528,52,46,19,NULL,438,NULL,NULL,NULL,NULL,NULL,NULL,NULL,NULL,NULL,'0000-00-00 00:00:00',5),(439,'185334',427,68,23,20,NULL,439,NULL,NULL,NULL,NULL,NULL,NULL,NULL,NULL,NULL,'0000-00-00 00:00:00',2),(440,'133798',256,52,16,16,NULL,440,NULL,NULL,NULL,NULL,NULL,NULL,NULL,NULL,NULL,'0000-00-00 00:00:00',1),(441,'132117',569,52,21,20,NULL,441,NULL,NULL,NULL,NULL,NULL,NULL,NULL,NULL,NULL,'0000-00-00 00:00:00',2),(442,'619420',315,68,2,15,NULL,442,NULL,NULL,NULL,NULL,NULL,NULL,NULL,NULL,NULL,'0000-00-00 00:00:00',6),(443,'339888',503,120,28,22,NULL,443,NULL,NULL,NULL,NULL,NULL,NULL,NULL,NULL,NULL,'0000-00-00 00:00:00',1),(444,'398447',495,52,9,20,NULL,444,NULL,NULL,NULL,NULL,NULL,NULL,NULL,NULL,NULL,'0000-00-00 00:00:00',2),(445,'927224',489,52,5,20,NULL,445,NULL,NULL,NULL,NULL,NULL,NULL,NULL,NULL,NULL,'0000-00-00 00:00:00',2),(446,'923854',128,68,19,2,NULL,446,NULL,NULL,NULL,NULL,NULL,NULL,NULL,NULL,NULL,'0000-00-00 00:00:00',2),(447,'869015',366,52,54,18,NULL,447,NULL,NULL,NULL,NULL,NULL,NULL,NULL,NULL,NULL,'0000-00-00 00:00:00',1),(448,'429184',200,52,12,7,NULL,448,NULL,NULL,NULL,NULL,NULL,NULL,NULL,NULL,NULL,'0000-00-00 00:00:00',1),(449,'122840',554,68,72,19,NULL,449,NULL,NULL,NULL,NULL,NULL,NULL,NULL,NULL,NULL,'0000-00-00 00:00:00',5),(450,'969175',389,52,14,18,NULL,450,NULL,NULL,NULL,NULL,NULL,NULL,NULL,NULL,NULL,'0000-00-00 00:00:00',1),(451,'749288',274,52,15,15,NULL,451,NULL,NULL,NULL,NULL,NULL,NULL,NULL,NULL,NULL,'0000-00-00 00:00:00',6),(452,'343835',25,68,15,3,NULL,452,NULL,NULL,NULL,NULL,NULL,NULL,NULL,NULL,NULL,'0000-00-00 00:00:00',6),(453,'926112',103,52,32,9,NULL,453,NULL,NULL,NULL,NULL,NULL,NULL,NULL,NULL,NULL,'0000-00-00 00:00:00',1),(454,'133906',87,52,58,2,NULL,454,NULL,NULL,NULL,NULL,NULL,NULL,NULL,NULL,NULL,'0000-00-00 00:00:00',2),(455,'491267',30,118,17,9,NULL,455,NULL,NULL,NULL,NULL,NULL,NULL,NULL,NULL,NULL,'0000-00-00 00:00:00',1),(456,'979089',84,68,7,3,NULL,456,NULL,NULL,NULL,NULL,NULL,NULL,NULL,NULL,NULL,'0000-00-00 00:00:00',6),(457,'582943',523,52,39,22,NULL,457,NULL,NULL,NULL,NULL,NULL,NULL,NULL,NULL,NULL,'0000-00-00 00:00:00',1),(458,'106413',568,52,31,19,NULL,458,NULL,NULL,NULL,NULL,NULL,NULL,NULL,NULL,NULL,'0000-00-00 00:00:00',5),(459,'748189',43,52,9,5,NULL,459,NULL,NULL,NULL,NULL,NULL,NULL,NULL,NULL,NULL,'0000-00-00 00:00:00',1),(460,'510600',189,5,29,7,NULL,460,NULL,NULL,NULL,NULL,NULL,NULL,NULL,NULL,NULL,'0000-00-00 00:00:00',1),(461,'127829',83,52,12,5,NULL,461,NULL,NULL,NULL,NULL,NULL,NULL,NULL,NULL,NULL,'0000-00-00 00:00:00',1),(462,'217055',314,52,26,15,NULL,462,NULL,NULL,NULL,NULL,NULL,NULL,NULL,NULL,NULL,'0000-00-00 00:00:00',6),(463,'623613',373,52,5,17,NULL,463,NULL,NULL,NULL,NULL,NULL,NULL,NULL,NULL,NULL,'0000-00-00 00:00:00',1),(464,'189886',59,68,81,13,NULL,464,NULL,NULL,NULL,NULL,NULL,NULL,NULL,NULL,NULL,'0000-00-00 00:00:00',1),(465,'797377',78,68,96,13,NULL,465,NULL,NULL,NULL,NULL,NULL,NULL,NULL,NULL,NULL,'0000-00-00 00:00:00',1),(466,'345840',223,68,55,18,NULL,466,NULL,NULL,NULL,NULL,NULL,NULL,NULL,NULL,NULL,'0000-00-00 00:00:00',1),(467,'347943',197,52,17,4,NULL,467,NULL,NULL,NULL,NULL,NULL,NULL,NULL,NULL,NULL,'0000-00-00 00:00:00',1),(468,'322188',491,52,24,21,NULL,468,NULL,NULL,NULL,NULL,NULL,NULL,NULL,NULL,NULL,'0000-00-00 00:00:00',6),(469,'825988',143,3,37,3,NULL,469,NULL,NULL,NULL,NULL,NULL,NULL,NULL,NULL,NULL,'0000-00-00 00:00:00',6),(470,'793665',324,52,2,15,NULL,470,NULL,NULL,NULL,NULL,NULL,NULL,NULL,NULL,NULL,'0000-00-00 00:00:00',6),(471,'183238',528,52,6,22,NULL,471,NULL,NULL,NULL,NULL,NULL,NULL,NULL,NULL,NULL,'0000-00-00 00:00:00',1),(472,'587062',260,52,51,16,NULL,472,NULL,NULL,NULL,NULL,NULL,NULL,NULL,NULL,NULL,'0000-00-00 00:00:00',1),(473,'809986',524,52,20,22,NULL,473,NULL,NULL,NULL,NULL,NULL,NULL,NULL,NULL,NULL,'0000-00-00 00:00:00',1),(474,'940970',476,52,87,19,NULL,474,NULL,NULL,NULL,NULL,NULL,NULL,NULL,NULL,NULL,'0000-00-00 00:00:00',5),(475,'138470',196,68,83,3,NULL,475,NULL,NULL,NULL,NULL,NULL,NULL,NULL,NULL,NULL,'0000-00-00 00:00:00',6),(476,'698940',562,52,16,19,NULL,476,NULL,NULL,NULL,NULL,NULL,NULL,NULL,NULL,NULL,'0000-00-00 00:00:00',5),(477,'137560',384,68,28,15,NULL,477,NULL,NULL,NULL,NULL,NULL,NULL,NULL,NULL,NULL,'0000-00-00 00:00:00',6),(478,'841518',372,52,70,14,NULL,478,NULL,NULL,NULL,NULL,NULL,NULL,NULL,NULL,NULL,'0000-00-00 00:00:00',2),(479,'114166',602,52,64,22,NULL,479,NULL,NULL,NULL,NULL,NULL,NULL,NULL,NULL,NULL,'0000-00-00 00:00:00',1),(480,'295606',82,68,35,9,NULL,480,NULL,NULL,NULL,NULL,NULL,NULL,NULL,NULL,NULL,'0000-00-00 00:00:00',1),(481,'361677',473,52,51,22,NULL,481,NULL,NULL,NULL,NULL,NULL,NULL,NULL,NULL,NULL,'0000-00-00 00:00:00',1),(482,'107334',37,119,55,4,NULL,482,NULL,NULL,NULL,NULL,NULL,NULL,NULL,NULL,NULL,'0000-00-00 00:00:00',1),(483,'819834',342,52,66,17,NULL,483,NULL,NULL,NULL,NULL,NULL,NULL,NULL,NULL,NULL,'0000-00-00 00:00:00',1),(484,'609035',598,52,32,22,NULL,484,NULL,NULL,NULL,NULL,NULL,NULL,NULL,NULL,NULL,'0000-00-00 00:00:00',1),(485,'941112',426,68,30,22,NULL,485,NULL,NULL,NULL,NULL,NULL,NULL,NULL,NULL,NULL,'0000-00-00 00:00:00',1),(486,'113708',434,68,28,20,NULL,486,NULL,NULL,NULL,NULL,NULL,NULL,NULL,NULL,NULL,'0000-00-00 00:00:00',2),(487,'760579',185,2,43,1,NULL,487,NULL,NULL,NULL,NULL,NULL,NULL,NULL,NULL,NULL,'0000-00-00 00:00:00',5),(488,'875362',450,52,99,20,NULL,488,NULL,NULL,NULL,NULL,NULL,NULL,NULL,NULL,NULL,'0000-00-00 00:00:00',2),(489,'426313',109,68,57,10,NULL,489,NULL,NULL,NULL,NULL,NULL,NULL,NULL,NULL,NULL,'0000-00-00 00:00:00',1),(490,'128115',519,52,55,21,NULL,490,NULL,NULL,NULL,NULL,NULL,NULL,NULL,NULL,NULL,'0000-00-00 00:00:00',6),(491,'721835',427,68,30,19,NULL,491,NULL,NULL,NULL,NULL,NULL,NULL,NULL,NULL,NULL,'0000-00-00 00:00:00',5),(492,'501353',485,52,25,20,NULL,492,NULL,NULL,NULL,NULL,NULL,NULL,NULL,NULL,NULL,'0000-00-00 00:00:00',2),(493,'385115',416,68,96,20,NULL,493,NULL,NULL,NULL,NULL,NULL,NULL,NULL,NULL,NULL,'0000-00-00 00:00:00',2),(494,'169473',547,52,24,20,NULL,494,NULL,NULL,NULL,NULL,NULL,NULL,NULL,NULL,NULL,'0000-00-00 00:00:00',2),(495,'588698',23,68,4,8,NULL,495,NULL,NULL,NULL,NULL,NULL,NULL,NULL,NULL,NULL,'0000-00-00 00:00:00',1),(496,'208331',140,5,25,5,NULL,496,NULL,NULL,NULL,NULL,NULL,NULL,NULL,NULL,NULL,'0000-00-00 00:00:00',1),(497,'414391',318,68,61,15,NULL,497,NULL,NULL,NULL,NULL,NULL,NULL,NULL,NULL,NULL,'0000-00-00 00:00:00',6),(498,'394788',416,68,65,22,NULL,498,NULL,NULL,NULL,NULL,NULL,NULL,NULL,NULL,NULL,'0000-00-00 00:00:00',1),(499,'569002',526,52,5,19,NULL,499,NULL,NULL,NULL,NULL,NULL,NULL,NULL,NULL,NULL,'0000-00-00 00:00:00',5),(500,'596670',390,52,14,16,NULL,500,NULL,NULL,NULL,NULL,NULL,NULL,NULL,NULL,NULL,'0000-00-00 00:00:00',1),(501,'553379',501,122,51,21,NULL,501,NULL,NULL,NULL,NULL,NULL,NULL,NULL,NULL,NULL,'0000-00-00 00:00:00',6),(502,'496555',283,52,27,14,NULL,502,NULL,NULL,NULL,NULL,NULL,NULL,NULL,NULL,NULL,'0000-00-00 00:00:00',2),(503,'164217',340,52,46,14,NULL,503,NULL,NULL,NULL,NULL,NULL,NULL,NULL,NULL,NULL,'0000-00-00 00:00:00',2),(504,'688947',493,52,66,22,NULL,504,NULL,NULL,NULL,NULL,NULL,NULL,NULL,NULL,NULL,'0000-00-00 00:00:00',1),(505,'896986',213,68,19,1,NULL,505,NULL,NULL,NULL,NULL,NULL,NULL,NULL,NULL,NULL,'0000-00-00 00:00:00',5),(506,'933447',251,52,67,14,NULL,506,NULL,NULL,NULL,NULL,NULL,NULL,NULL,NULL,NULL,'0000-00-00 00:00:00',2),(507,'574851',600,52,58,22,NULL,507,NULL,NULL,NULL,NULL,NULL,NULL,NULL,NULL,NULL,'0000-00-00 00:00:00',1),(508,'661120',360,68,4,15,NULL,508,NULL,NULL,NULL,NULL,NULL,NULL,NULL,NULL,NULL,'0000-00-00 00:00:00',6),(509,'404105',608,52,13,22,NULL,509,NULL,NULL,NULL,NULL,NULL,NULL,NULL,NULL,NULL,'0000-00-00 00:00:00',1),(510,'982739',349,52,51,17,NULL,510,NULL,NULL,NULL,NULL,NULL,NULL,NULL,NULL,NULL,'0000-00-00 00:00:00',1),(511,'242160',562,52,3,22,NULL,511,NULL,NULL,NULL,NULL,NULL,NULL,NULL,NULL,NULL,'0000-00-00 00:00:00',1),(512,'648934',540,52,25,22,NULL,512,NULL,NULL,NULL,NULL,NULL,NULL,NULL,NULL,NULL,'0000-00-00 00:00:00',1),(513,'691655',346,52,15,14,NULL,513,NULL,NULL,NULL,NULL,NULL,NULL,NULL,NULL,NULL,'0000-00-00 00:00:00',2),(514,'836555',365,68,77,18,NULL,514,NULL,NULL,NULL,NULL,NULL,NULL,NULL,NULL,NULL,'0000-00-00 00:00:00',1),(515,'930172',504,120,75,21,NULL,515,NULL,NULL,NULL,NULL,NULL,NULL,NULL,NULL,NULL,'0000-00-00 00:00:00',6),(516,'243192',36,119,50,9,NULL,516,NULL,NULL,NULL,NULL,NULL,NULL,NULL,NULL,NULL,'0000-00-00 00:00:00',1),(517,'478144',104,68,8,6,NULL,517,NULL,NULL,NULL,NULL,NULL,NULL,NULL,NULL,NULL,'0000-00-00 00:00:00',1),(518,'494285',40,124,44,13,NULL,518,NULL,NULL,NULL,NULL,NULL,NULL,NULL,NULL,NULL,'0000-00-00 00:00:00',1),(519,'728544',444,52,18,19,NULL,519,NULL,NULL,NULL,NULL,NULL,NULL,NULL,NULL,NULL,'0000-00-00 00:00:00',5),(520,'736844',32,3,89,7,NULL,520,NULL,NULL,NULL,NULL,NULL,NULL,NULL,NULL,NULL,'0000-00-00 00:00:00',1),(521,'644553',582,52,79,19,NULL,521,NULL,NULL,NULL,NULL,NULL,NULL,NULL,NULL,NULL,'0000-00-00 00:00:00',5),(522,'235524',256,52,70,16,NULL,522,NULL,NULL,NULL,NULL,NULL,NULL,NULL,NULL,NULL,'0000-00-00 00:00:00',1),(523,'263920',39,52,87,13,NULL,523,NULL,NULL,NULL,NULL,NULL,NULL,NULL,NULL,NULL,'0000-00-00 00:00:00',1),(524,'883195',586,52,42,21,NULL,524,NULL,NULL,NULL,NULL,NULL,'2021-11-15 00:00:00',NULL,NULL,NULL,'0000-00-00 00:00:00',3),(525,'495301',248,52,83,17,NULL,525,NULL,NULL,NULL,NULL,NULL,NULL,NULL,NULL,NULL,'0000-00-00 00:00:00',1),(526,'161688',253,52,66,18,NULL,526,NULL,NULL,NULL,NULL,NULL,NULL,NULL,NULL,NULL,'0000-00-00 00:00:00',1),(527,'691240',520,68,33,21,NULL,527,NULL,NULL,NULL,NULL,NULL,NULL,NULL,NULL,NULL,'0000-00-00 00:00:00',6),(528,'918427',318,68,50,16,NULL,528,NULL,NULL,NULL,NULL,NULL,NULL,NULL,NULL,NULL,'0000-00-00 00:00:00',1),(529,'976669',425,68,24,21,NULL,529,NULL,NULL,NULL,NULL,NULL,NULL,NULL,NULL,NULL,'0000-00-00 00:00:00',6),(530,'762791',401,52,47,15,NULL,530,NULL,NULL,NULL,NULL,NULL,NULL,NULL,NULL,NULL,'0000-00-00 00:00:00',6),(531,'187675',11,125,80,7,NULL,531,NULL,NULL,NULL,NULL,NULL,NULL,NULL,NULL,NULL,'0000-00-00 00:00:00',1),(532,'735162',457,52,64,22,NULL,532,NULL,NULL,NULL,NULL,NULL,NULL,NULL,NULL,NULL,'0000-00-00 00:00:00',1),(533,'366579',455,52,1,19,NULL,533,NULL,NULL,NULL,NULL,NULL,NULL,NULL,NULL,NULL,'0000-00-00 00:00:00',5),(534,'604360',400,68,90,15,NULL,534,NULL,NULL,NULL,NULL,NULL,NULL,NULL,NULL,NULL,'0000-00-00 00:00:00',6),(535,'422051',450,52,49,22,NULL,535,NULL,NULL,NULL,NULL,NULL,NULL,NULL,NULL,NULL,'0000-00-00 00:00:00',1),(536,'756965',25,68,98,1,NULL,536,NULL,NULL,NULL,NULL,NULL,NULL,NULL,NULL,NULL,'0000-00-00 00:00:00',5),(537,'707748',493,52,97,20,NULL,537,NULL,NULL,NULL,NULL,NULL,NULL,NULL,NULL,NULL,'0000-00-00 00:00:00',2),(538,'944303',538,52,10,22,NULL,538,NULL,NULL,NULL,NULL,NULL,NULL,NULL,NULL,NULL,'0000-00-00 00:00:00',1),(539,'989446',310,123,68,14,NULL,539,NULL,NULL,NULL,NULL,NULL,NULL,NULL,NULL,NULL,'0000-00-00 00:00:00',2),(540,'494670',277,52,67,15,NULL,540,NULL,NULL,NULL,NULL,NULL,NULL,NULL,NULL,NULL,'0000-00-00 00:00:00',6),(541,'177892',109,68,23,1,NULL,541,NULL,NULL,NULL,NULL,NULL,NULL,NULL,NULL,NULL,'0000-00-00 00:00:00',5),(542,'680627',273,52,8,17,NULL,542,NULL,NULL,NULL,NULL,NULL,NULL,NULL,NULL,NULL,'0000-00-00 00:00:00',1),(543,'103998',19,2,10,11,NULL,543,NULL,NULL,NULL,NULL,NULL,NULL,NULL,NULL,NULL,'0000-00-00 00:00:00',1),(544,'413142',228,68,64,14,NULL,544,NULL,NULL,NULL,NULL,NULL,NULL,NULL,NULL,NULL,'0000-00-00 00:00:00',2),(545,'535618',170,130,57,2,NULL,545,NULL,NULL,NULL,NULL,NULL,NULL,NULL,NULL,NULL,'0000-00-00 00:00:00',2),(546,'344626',41,116,37,6,NULL,546,NULL,NULL,NULL,NULL,NULL,NULL,NULL,NULL,NULL,'0000-00-00 00:00:00',1),(547,'930956',291,52,27,14,NULL,547,NULL,NULL,NULL,NULL,NULL,NULL,NULL,NULL,NULL,'0000-00-00 00:00:00',2),(548,'592282',481,52,24,21,NULL,548,NULL,NULL,NULL,NULL,NULL,NULL,NULL,NULL,NULL,'0000-00-00 00:00:00',6),(549,'198720',560,68,82,22,NULL,549,NULL,NULL,NULL,NULL,NULL,NULL,NULL,NULL,NULL,'0000-00-00 00:00:00',1),(550,'261043',596,52,18,22,NULL,550,NULL,NULL,NULL,NULL,NULL,NULL,NULL,NULL,NULL,'0000-00-00 00:00:00',1),(551,'381792',435,68,10,19,NULL,551,NULL,NULL,NULL,NULL,NULL,'2022-10-09 00:00:00',NULL,NULL,NULL,'0000-00-00 00:00:00',3),(552,'868688',467,52,68,22,NULL,552,NULL,NULL,NULL,NULL,NULL,NULL,NULL,NULL,NULL,'0000-00-00 00:00:00',1),(553,'155502',388,52,13,16,NULL,553,NULL,NULL,NULL,NULL,NULL,NULL,NULL,NULL,NULL,'0000-00-00 00:00:00',1),(554,'324758',126,68,78,10,NULL,554,NULL,NULL,NULL,NULL,NULL,NULL,NULL,NULL,NULL,'0000-00-00 00:00:00',1),(555,'886780',407,52,47,15,NULL,555,NULL,NULL,NULL,NULL,NULL,NULL,NULL,NULL,NULL,'0000-00-00 00:00:00',6),(556,'102487',159,52,9,9,NULL,556,NULL,NULL,NULL,NULL,NULL,NULL,NULL,NULL,NULL,'0000-00-00 00:00:00',1),(557,'264393',395,52,75,14,NULL,557,NULL,NULL,NULL,NULL,NULL,'2022-03-12 00:00:00',NULL,NULL,NULL,'0000-00-00 00:00:00',3),(558,'820980',515,108,18,22,NULL,558,NULL,NULL,NULL,NULL,NULL,NULL,NULL,NULL,NULL,'0000-00-00 00:00:00',1),(559,'390615',14,1,1,10,NULL,559,NULL,NULL,NULL,NULL,NULL,NULL,NULL,NULL,NULL,'0000-00-00 00:00:00',1),(560,'601508',162,52,17,12,NULL,560,NULL,NULL,NULL,NULL,NULL,NULL,NULL,NULL,NULL,'0000-00-00 00:00:00',1),(561,'235018',382,52,72,16,NULL,561,NULL,NULL,NULL,NULL,NULL,NULL,NULL,NULL,NULL,'0000-00-00 00:00:00',1),(562,'180399',481,52,19,21,NULL,562,NULL,NULL,NULL,NULL,NULL,NULL,NULL,NULL,NULL,'0000-00-00 00:00:00',6),(563,'806553',206,52,56,4,NULL,563,NULL,NULL,NULL,NULL,NULL,NULL,NULL,NULL,NULL,'0000-00-00 00:00:00',1),(564,'594438',526,52,58,20,NULL,564,NULL,NULL,NULL,NULL,NULL,NULL,NULL,NULL,NULL,'0000-00-00 00:00:00',2),(565,'122599',217,68,90,4,NULL,565,NULL,NULL,NULL,NULL,NULL,NULL,NULL,NULL,NULL,'0000-00-00 00:00:00',1),(566,'686786',429,68,28,22,NULL,566,NULL,NULL,NULL,NULL,NULL,NULL,NULL,NULL,NULL,'0000-00-00 00:00:00',1),(567,'338924',597,52,22,20,NULL,567,NULL,NULL,NULL,NULL,NULL,NULL,NULL,NULL,NULL,'0000-00-00 00:00:00',2),(568,'641299',373,52,8,18,NULL,568,NULL,NULL,NULL,NULL,NULL,NULL,NULL,NULL,NULL,'0000-00-00 00:00:00',1),(569,'572070',335,52,30,18,NULL,569,NULL,NULL,NULL,NULL,NULL,NULL,NULL,NULL,NULL,'0000-00-00 00:00:00',1),(570,'191077',134,71,99,4,NULL,570,NULL,NULL,NULL,NULL,NULL,NULL,NULL,NULL,NULL,'0000-00-00 00:00:00',1),(571,'660486',590,52,10,19,NULL,571,NULL,NULL,NULL,NULL,NULL,NULL,NULL,NULL,NULL,'0000-00-00 00:00:00',5),(572,'679487',423,68,10,20,NULL,572,NULL,NULL,NULL,NULL,NULL,NULL,NULL,NULL,NULL,'0000-00-00 00:00:00',2),(573,'817376',554,68,3,19,NULL,573,NULL,NULL,NULL,NULL,NULL,NULL,NULL,NULL,NULL,'0000-00-00 00:00:00',5),(574,'234797',564,52,49,22,NULL,574,NULL,NULL,NULL,NULL,NULL,NULL,NULL,NULL,NULL,'0000-00-00 00:00:00',1),(575,'222483',538,52,12,20,NULL,575,NULL,NULL,NULL,NULL,NULL,NULL,NULL,NULL,NULL,'0000-00-00 00:00:00',2),(576,'535161',249,52,98,16,NULL,576,NULL,NULL,NULL,NULL,NULL,NULL,NULL,NULL,NULL,'0000-00-00 00:00:00',1),(577,'567846',124,68,41,6,NULL,577,NULL,NULL,NULL,NULL,NULL,NULL,NULL,NULL,NULL,'0000-00-00 00:00:00',1),(578,'845758',375,52,38,18,NULL,578,NULL,NULL,NULL,NULL,NULL,NULL,NULL,NULL,NULL,'0000-00-00 00:00:00',1),(579,'591207',513,68,92,22,NULL,579,NULL,NULL,NULL,NULL,NULL,NULL,NULL,NULL,NULL,'0000-00-00 00:00:00',1),(580,'502657',584,52,1,22,NULL,580,NULL,NULL,NULL,NULL,NULL,NULL,NULL,NULL,NULL,'0000-00-00 00:00:00',1),(581,'256038',73,63,94,2,NULL,581,NULL,NULL,NULL,NULL,NULL,NULL,NULL,NULL,NULL,'0000-00-00 00:00:00',2),(582,'936443',464,52,37,22,NULL,582,NULL,NULL,NULL,NULL,NULL,NULL,NULL,NULL,NULL,'0000-00-00 00:00:00',1),(583,'808684',138,1,22,4,NULL,583,NULL,NULL,NULL,NULL,NULL,NULL,NULL,NULL,NULL,'0000-00-00 00:00:00',1),(584,'322526',316,68,96,14,NULL,584,NULL,NULL,NULL,NULL,NULL,NULL,NULL,NULL,NULL,'0000-00-00 00:00:00',2),(585,'418929',464,52,9,21,NULL,585,NULL,NULL,NULL,NULL,NULL,NULL,NULL,NULL,NULL,'0000-00-00 00:00:00',6),(586,'420263',223,68,9,17,NULL,586,NULL,NULL,NULL,NULL,NULL,NULL,NULL,NULL,NULL,'0000-00-00 00:00:00',1),(587,'180697',474,52,25,20,NULL,587,NULL,NULL,NULL,NULL,NULL,NULL,NULL,NULL,NULL,'0000-00-00 00:00:00',2),(588,'772719',535,52,15,22,NULL,588,NULL,NULL,NULL,NULL,NULL,NULL,NULL,NULL,NULL,'0000-00-00 00:00:00',1),(589,'206171',217,68,95,8,NULL,589,NULL,NULL,NULL,NULL,NULL,NULL,NULL,NULL,NULL,'0000-00-00 00:00:00',1),(590,'135107',388,52,6,16,NULL,590,NULL,NULL,NULL,NULL,NULL,NULL,NULL,NULL,NULL,'0000-00-00 00:00:00',1),(591,'998332',249,52,45,15,NULL,591,NULL,NULL,NULL,NULL,NULL,NULL,NULL,NULL,NULL,'0000-00-00 00:00:00',6),(592,'460418',90,68,88,11,NULL,592,NULL,NULL,NULL,NULL,NULL,NULL,NULL,NULL,NULL,'0000-00-00 00:00:00',1),(593,'135711',475,52,45,20,NULL,593,NULL,NULL,NULL,NULL,NULL,NULL,NULL,NULL,NULL,'0000-00-00 00:00:00',2),(594,'685655',378,52,33,16,NULL,594,NULL,NULL,NULL,NULL,NULL,NULL,NULL,NULL,NULL,'0000-00-00 00:00:00',1),(595,'695326',403,52,72,14,NULL,595,NULL,NULL,NULL,NULL,NULL,NULL,NULL,NULL,NULL,'0000-00-00 00:00:00',2),(596,'847019',225,68,2,16,NULL,596,NULL,NULL,NULL,NULL,NULL,NULL,NULL,NULL,NULL,'0000-00-00 00:00:00',1),(597,'824368',304,121,27,14,NULL,597,NULL,NULL,NULL,NULL,NULL,NULL,NULL,NULL,NULL,'0000-00-00 00:00:00',2),(598,'183918',578,52,75,19,NULL,598,NULL,NULL,NULL,NULL,NULL,NULL,NULL,NULL,NULL,'0000-00-00 00:00:00',5),(599,'238957',24,68,43,9,NULL,599,NULL,NULL,NULL,NULL,NULL,NULL,NULL,NULL,NULL,'0000-00-00 00:00:00',1),(600,'384707',269,52,90,16,NULL,600,NULL,NULL,NULL,NULL,NULL,NULL,NULL,NULL,NULL,'0000-00-00 00:00:00',1),(601,'134804',14,4,25,13,NULL,601,NULL,NULL,NULL,NULL,NULL,NULL,NULL,NULL,NULL,'0000-00-00 00:00:00',1),(602,'746655',55,3,75,10,NULL,602,NULL,NULL,NULL,NULL,NULL,NULL,NULL,NULL,NULL,'0000-00-00 00:00:00',1),(603,'619255',409,68,91,14,NULL,603,NULL,NULL,NULL,NULL,NULL,NULL,NULL,NULL,NULL,'0000-00-00 00:00:00',2),(604,'517737',111,52,43,11,NULL,604,NULL,NULL,NULL,NULL,NULL,NULL,NULL,NULL,NULL,'0000-00-00 00:00:00',1),(605,'315681',555,68,65,20,NULL,605,NULL,NULL,NULL,NULL,NULL,NULL,NULL,NULL,NULL,'0000-00-00 00:00:00',2),(606,'874129',414,52,1,16,NULL,606,NULL,NULL,NULL,NULL,NULL,NULL,NULL,NULL,NULL,'0000-00-00 00:00:00',1),(607,'655428',220,68,68,17,NULL,607,NULL,NULL,NULL,NULL,NULL,NULL,NULL,NULL,NULL,'0000-00-00 00:00:00',1),(608,'508010',539,52,88,20,NULL,608,NULL,NULL,NULL,NULL,NULL,NULL,NULL,NULL,NULL,'0000-00-00 00:00:00',2),(609,'655719',133,54,40,2,NULL,609,NULL,NULL,NULL,NULL,NULL,NULL,NULL,NULL,NULL,'0000-00-00 00:00:00',2),(610,'371568',1,3,82,12,NULL,610,NULL,NULL,NULL,NULL,NULL,NULL,NULL,NULL,NULL,'0000-00-00 00:00:00',1),(611,'504227',46,4,43,3,NULL,611,NULL,NULL,NULL,NULL,NULL,NULL,NULL,NULL,NULL,'0000-00-00 00:00:00',6),(612,'563811',235,68,49,17,NULL,612,NULL,NULL,NULL,NULL,NULL,NULL,NULL,NULL,NULL,'0000-00-00 00:00:00',1),(613,'533064',157,53,24,11,NULL,613,NULL,NULL,NULL,NULL,NULL,NULL,NULL,NULL,NULL,'0000-00-00 00:00:00',1),(614,'543596',605,52,68,20,NULL,614,NULL,NULL,NULL,NULL,NULL,NULL,NULL,NULL,NULL,'0000-00-00 00:00:00',2),(615,'367183',117,68,96,3,NULL,615,NULL,NULL,NULL,NULL,NULL,NULL,NULL,NULL,NULL,'0000-00-00 00:00:00',6),(616,'749073',383,52,43,14,NULL,616,NULL,NULL,NULL,NULL,NULL,NULL,NULL,NULL,NULL,'0000-00-00 00:00:00',2),(617,'388649',535,52,90,19,NULL,617,NULL,NULL,NULL,NULL,NULL,NULL,NULL,NULL,NULL,'0000-00-00 00:00:00',5),(618,'161451',337,52,50,14,NULL,618,NULL,NULL,NULL,NULL,NULL,NULL,NULL,NULL,NULL,'0000-00-00 00:00:00',2),(619,'573495',378,52,10,16,NULL,619,NULL,NULL,NULL,NULL,NULL,NULL,NULL,NULL,NULL,'0000-00-00 00:00:00',1),(620,'509236',338,52,72,16,NULL,620,NULL,NULL,NULL,NULL,NULL,NULL,NULL,NULL,NULL,'0000-00-00 00:00:00',1),(621,'692880',73,59,15,1,NULL,621,NULL,NULL,NULL,NULL,NULL,NULL,NULL,NULL,NULL,'0000-00-00 00:00:00',5),(622,'447246',186,71,33,4,NULL,622,NULL,NULL,NULL,NULL,NULL,NULL,NULL,NULL,NULL,'0000-00-00 00:00:00',1),(623,'386961',526,52,23,21,NULL,623,NULL,NULL,NULL,NULL,NULL,NULL,NULL,NULL,NULL,'0000-00-00 00:00:00',6),(624,'564147',412,68,68,18,NULL,624,NULL,NULL,NULL,NULL,NULL,NULL,NULL,NULL,NULL,'0000-00-00 00:00:00',1),(625,'475599',110,52,33,1,NULL,625,NULL,NULL,NULL,NULL,NULL,NULL,NULL,NULL,NULL,'0000-00-00 00:00:00',5),(626,'462115',213,68,16,2,NULL,626,NULL,NULL,NULL,NULL,NULL,'2022-10-04 00:00:00',NULL,NULL,NULL,'0000-00-00 00:00:00',3),(627,'376329',14,5,21,8,NULL,627,NULL,NULL,NULL,NULL,NULL,NULL,NULL,NULL,NULL,'0000-00-00 00:00:00',1),(628,'419042',491,52,51,20,NULL,628,NULL,NULL,NULL,NULL,NULL,NULL,NULL,NULL,NULL,'0000-00-00 00:00:00',2),(629,'450079',192,68,64,9,NULL,629,NULL,NULL,NULL,NULL,NULL,NULL,NULL,NULL,NULL,'0000-00-00 00:00:00',1),(630,'347044',1,5,73,6,NULL,630,NULL,NULL,NULL,NULL,NULL,NULL,NULL,NULL,NULL,'0000-00-00 00:00:00',1),(631,'588447',108,68,10,7,NULL,631,NULL,NULL,NULL,NULL,NULL,NULL,NULL,NULL,NULL,'0000-00-00 00:00:00',1),(632,'557614',457,52,5,21,NULL,632,NULL,NULL,NULL,NULL,NULL,NULL,NULL,NULL,NULL,'0000-00-00 00:00:00',6),(633,'544214',408,52,73,16,NULL,633,NULL,NULL,NULL,NULL,NULL,NULL,NULL,NULL,NULL,'0000-00-00 00:00:00',1),(634,'813060',69,14,68,7,NULL,634,NULL,NULL,NULL,NULL,NULL,NULL,NULL,NULL,NULL,'0000-00-00 00:00:00',1),(635,'333364',501,120,4,21,NULL,635,NULL,NULL,NULL,NULL,NULL,NULL,NULL,NULL,NULL,'0000-00-00 00:00:00',6),(636,'579993',587,52,38,20,NULL,636,NULL,NULL,NULL,NULL,NULL,NULL,NULL,NULL,NULL,'0000-00-00 00:00:00',2),(637,'625781',482,52,97,21,NULL,637,NULL,NULL,NULL,NULL,NULL,NULL,NULL,NULL,NULL,'0000-00-00 00:00:00',6),(638,'157127',504,123,59,20,NULL,638,NULL,NULL,NULL,NULL,NULL,NULL,NULL,NULL,NULL,'0000-00-00 00:00:00',2),(639,'994305',194,68,58,7,NULL,639,NULL,NULL,NULL,NULL,NULL,NULL,NULL,NULL,NULL,'0000-00-00 00:00:00',1),(640,'694804',554,68,41,22,NULL,640,NULL,NULL,NULL,NULL,NULL,NULL,NULL,NULL,NULL,'0000-00-00 00:00:00',1),(641,'383588',599,68,52,19,NULL,641,NULL,NULL,NULL,NULL,NULL,NULL,NULL,NULL,NULL,'0000-00-00 00:00:00',5),(642,'247614',279,52,80,18,NULL,642,NULL,NULL,NULL,NULL,NULL,NULL,NULL,NULL,NULL,'0000-00-00 00:00:00',1),(643,'743274',46,3,71,4,NULL,643,NULL,NULL,NULL,NULL,NULL,NULL,NULL,NULL,NULL,'0000-00-00 00:00:00',1),(644,'457109',172,52,95,11,NULL,644,NULL,NULL,NULL,NULL,NULL,NULL,NULL,NULL,NULL,'0000-00-00 00:00:00',1),(645,'553317',273,52,22,16,NULL,645,NULL,NULL,NULL,NULL,NULL,NULL,NULL,NULL,NULL,'0000-00-00 00:00:00',1),(646,'839505',176,5,58,6,NULL,646,NULL,NULL,NULL,NULL,NULL,NULL,NULL,NULL,NULL,'0000-00-00 00:00:00',1),(647,'797842',465,52,85,21,NULL,647,NULL,NULL,NULL,NULL,NULL,NULL,NULL,NULL,NULL,'0000-00-00 00:00:00',6),(648,'146657',254,52,56,14,NULL,648,NULL,NULL,NULL,NULL,NULL,NULL,NULL,NULL,NULL,'0000-00-00 00:00:00',2),(649,'713297',378,52,52,18,NULL,649,NULL,NULL,NULL,NULL,NULL,NULL,NULL,NULL,NULL,'0000-00-00 00:00:00',1),(650,'525526',179,130,91,11,NULL,650,NULL,NULL,NULL,NULL,NULL,NULL,NULL,NULL,NULL,'0000-00-00 00:00:00',1),(651,'947533',258,52,29,16,NULL,651,NULL,NULL,NULL,NULL,NULL,NULL,NULL,NULL,NULL,'0000-00-00 00:00:00',1),(652,'395568',181,68,47,12,NULL,652,NULL,NULL,NULL,NULL,NULL,NULL,NULL,NULL,NULL,'0000-00-00 00:00:00',1),(653,'380071',131,26,37,12,NULL,653,NULL,NULL,NULL,NULL,NULL,NULL,NULL,NULL,NULL,'0000-00-00 00:00:00',1),(654,'647063',383,52,2,16,NULL,654,NULL,NULL,NULL,NULL,NULL,NULL,NULL,NULL,NULL,'0000-00-00 00:00:00',1),(655,'817293',353,52,63,16,NULL,655,NULL,NULL,NULL,NULL,NULL,NULL,NULL,NULL,NULL,'0000-00-00 00:00:00',1),(656,'953175',467,52,40,22,NULL,656,NULL,NULL,NULL,NULL,NULL,NULL,NULL,NULL,NULL,'0000-00-00 00:00:00',1),(657,'415396',398,52,67,17,NULL,657,NULL,NULL,NULL,NULL,NULL,NULL,NULL,NULL,NULL,'0000-00-00 00:00:00',1),(658,'511544',311,119,96,14,NULL,658,NULL,NULL,NULL,NULL,NULL,NULL,NULL,NULL,NULL,'0000-00-00 00:00:00',2),(659,'511745',584,52,9,20,NULL,659,NULL,NULL,NULL,NULL,NULL,NULL,NULL,NULL,NULL,'0000-00-00 00:00:00',2),(660,'903685',99,3,67,6,NULL,660,NULL,NULL,NULL,NULL,NULL,NULL,NULL,NULL,NULL,'0000-00-00 00:00:00',1),(661,'281613',70,68,92,3,NULL,661,NULL,NULL,NULL,NULL,NULL,NULL,NULL,NULL,NULL,'0000-00-00 00:00:00',6),(662,'607312',587,52,6,22,NULL,662,NULL,NULL,NULL,NULL,NULL,NULL,NULL,NULL,NULL,'0000-00-00 00:00:00',1),(663,'681605',431,68,40,19,NULL,663,NULL,NULL,NULL,NULL,NULL,NULL,NULL,NULL,NULL,'0000-00-00 00:00:00',5),(664,'125156',184,71,92,10,NULL,664,NULL,NULL,NULL,NULL,NULL,NULL,NULL,NULL,NULL,'0000-00-00 00:00:00',1),(665,'281699',317,68,100,14,NULL,665,NULL,NULL,NULL,NULL,NULL,NULL,NULL,NULL,NULL,'0000-00-00 00:00:00',2),(666,'369203',524,52,43,20,NULL,666,NULL,NULL,NULL,NULL,NULL,NULL,NULL,NULL,NULL,'0000-00-00 00:00:00',2),(667,'512516',338,52,67,14,NULL,667,NULL,NULL,NULL,NULL,NULL,NULL,NULL,NULL,NULL,'0000-00-00 00:00:00',2),(668,'917216',469,52,79,19,NULL,668,NULL,NULL,NULL,NULL,NULL,NULL,NULL,NULL,NULL,'0000-00-00 00:00:00',5),(669,'298201',372,52,9,17,NULL,669,NULL,NULL,NULL,NULL,NULL,NULL,NULL,NULL,NULL,'0000-00-00 00:00:00',1),(670,'119373',302,52,41,18,NULL,670,NULL,NULL,NULL,NULL,NULL,NULL,NULL,NULL,NULL,'0000-00-00 00:00:00',1),(671,'400280',570,52,12,19,NULL,671,NULL,NULL,NULL,NULL,NULL,NULL,NULL,NULL,NULL,'0000-00-00 00:00:00',5),(672,'434644',286,52,67,17,NULL,672,NULL,NULL,NULL,NULL,NULL,NULL,NULL,NULL,NULL,'0000-00-00 00:00:00',1),(673,'679276',234,68,4,15,NULL,673,NULL,NULL,NULL,NULL,NULL,NULL,NULL,NULL,NULL,'0000-00-00 00:00:00',6),(674,'306110',21,124,17,13,NULL,674,NULL,NULL,NULL,NULL,NULL,NULL,NULL,NULL,NULL,'0000-00-00 00:00:00',1),(675,'391869',324,52,16,16,NULL,675,NULL,NULL,NULL,NULL,NULL,NULL,NULL,NULL,NULL,'0000-00-00 00:00:00',1),(676,'213362',181,68,56,4,NULL,676,NULL,NULL,NULL,NULL,NULL,NULL,NULL,NULL,NULL,'0000-00-00 00:00:00',1),(677,'441848',193,68,66,11,NULL,677,NULL,NULL,NULL,NULL,NULL,NULL,NULL,NULL,NULL,'0000-00-00 00:00:00',1),(678,'931718',538,52,36,21,NULL,678,NULL,NULL,NULL,NULL,NULL,NULL,NULL,NULL,NULL,'0000-00-00 00:00:00',6),(679,'442356',59,68,14,5,NULL,679,NULL,NULL,NULL,NULL,NULL,NULL,NULL,NULL,NULL,'0000-00-00 00:00:00',1),(680,'525446',404,68,10,15,NULL,680,NULL,NULL,NULL,NULL,NULL,NULL,NULL,NULL,NULL,'0000-00-00 00:00:00',6),(681,'267265',572,52,12,21,NULL,681,NULL,NULL,NULL,NULL,NULL,NULL,NULL,NULL,NULL,'0000-00-00 00:00:00',6),(682,'377685',319,68,75,17,NULL,682,NULL,NULL,NULL,NULL,NULL,NULL,NULL,NULL,NULL,'0000-00-00 00:00:00',1),(683,'997178',204,52,47,6,NULL,683,NULL,NULL,NULL,NULL,NULL,NULL,NULL,NULL,NULL,'0000-00-00 00:00:00',1),(684,'645724',238,68,28,18,NULL,684,NULL,NULL,NULL,NULL,NULL,NULL,NULL,NULL,NULL,'0000-00-00 00:00:00',1),(685,'578371',25,68,66,6,NULL,685,NULL,NULL,NULL,NULL,NULL,NULL,NULL,NULL,NULL,'0000-00-00 00:00:00',1),(686,'743111',6,71,34,3,NULL,686,NULL,NULL,NULL,NULL,NULL,NULL,NULL,NULL,NULL,'0000-00-00 00:00:00',6),(687,'478437',421,68,19,19,NULL,687,NULL,NULL,NULL,NULL,NULL,NULL,NULL,NULL,NULL,'0000-00-00 00:00:00',5),(688,'334896',608,52,37,19,NULL,688,NULL,NULL,NULL,NULL,NULL,NULL,NULL,NULL,NULL,'0000-00-00 00:00:00',5),(689,'242635',486,52,8,20,NULL,689,NULL,NULL,NULL,NULL,NULL,NULL,NULL,NULL,NULL,'0000-00-00 00:00:00',2),(690,'326911',538,52,51,22,NULL,690,NULL,NULL,NULL,NULL,NULL,NULL,NULL,NULL,NULL,'0000-00-00 00:00:00',1),(691,'330093',513,68,97,20,NULL,691,NULL,NULL,NULL,NULL,NULL,NULL,NULL,NULL,NULL,'0000-00-00 00:00:00',2),(692,'982657',426,68,69,21,NULL,692,NULL,NULL,NULL,NULL,NULL,NULL,NULL,NULL,NULL,'0000-00-00 00:00:00',6),(693,'936642',529,52,37,22,NULL,693,NULL,NULL,NULL,NULL,NULL,NULL,NULL,NULL,NULL,'0000-00-00 00:00:00',1),(694,'848787',221,68,7,14,NULL,694,NULL,NULL,NULL,NULL,NULL,NULL,NULL,NULL,NULL,'0000-00-00 00:00:00',2),(695,'532414',139,71,48,4,NULL,695,NULL,NULL,NULL,NULL,NULL,NULL,NULL,NULL,NULL,'0000-00-00 00:00:00',1),(696,'297306',62,128,74,11,NULL,696,NULL,NULL,NULL,NULL,NULL,NULL,NULL,NULL,NULL,'0000-00-00 00:00:00',1),(697,'482373',428,68,91,22,NULL,697,NULL,NULL,NULL,NULL,NULL,NULL,NULL,NULL,NULL,'0000-00-00 00:00:00',1),(698,'934710',315,68,33,15,NULL,698,NULL,NULL,NULL,NULL,NULL,NULL,NULL,NULL,NULL,'0000-00-00 00:00:00',6),(699,'342814',568,52,5,22,NULL,699,NULL,NULL,NULL,NULL,NULL,NULL,NULL,NULL,NULL,'0000-00-00 00:00:00',1),(700,'614108',192,68,49,7,NULL,700,NULL,NULL,NULL,NULL,NULL,NULL,NULL,NULL,NULL,'0000-00-00 00:00:00',1),(701,'956990',338,52,82,18,NULL,701,NULL,NULL,NULL,NULL,NULL,NULL,NULL,NULL,NULL,'0000-00-00 00:00:00',1),(702,'663131',445,52,86,22,NULL,702,NULL,NULL,NULL,NULL,NULL,NULL,NULL,NULL,NULL,'0000-00-00 00:00:00',1),(703,'559230',79,124,65,10,NULL,703,NULL,NULL,NULL,NULL,NULL,NULL,NULL,NULL,NULL,'0000-00-00 00:00:00',1),(704,'886956',464,52,78,19,NULL,704,NULL,NULL,NULL,NULL,NULL,NULL,NULL,NULL,NULL,'0000-00-00 00:00:00',5),(705,'816153',560,68,1,19,NULL,705,NULL,NULL,NULL,NULL,NULL,NULL,NULL,NULL,NULL,'0000-00-00 00:00:00',5),(706,'860519',523,52,59,21,NULL,706,NULL,NULL,NULL,NULL,NULL,NULL,NULL,NULL,NULL,'0000-00-00 00:00:00',6),(707,'683325',137,3,98,8,NULL,707,NULL,NULL,NULL,NULL,NULL,NULL,NULL,NULL,NULL,'0000-00-00 00:00:00',1),(708,'312807',135,71,66,9,NULL,708,NULL,NULL,NULL,NULL,NULL,NULL,NULL,NULL,NULL,'0000-00-00 00:00:00',1),(709,'624967',50,68,81,8,NULL,709,NULL,NULL,NULL,NULL,NULL,NULL,NULL,NULL,NULL,'0000-00-00 00:00:00',1),(710,'410644',406,52,88,16,NULL,710,NULL,NULL,NULL,NULL,NULL,NULL,NULL,NULL,NULL,'0000-00-00 00:00:00',1),(711,'573496',87,52,47,3,NULL,711,NULL,NULL,NULL,NULL,NULL,NULL,NULL,NULL,NULL,'0000-00-00 00:00:00',6),(712,'384072',453,52,94,21,NULL,712,NULL,NULL,NULL,NULL,NULL,NULL,NULL,NULL,NULL,'0000-00-00 00:00:00',6),(713,'848089',344,52,1,15,NULL,713,NULL,NULL,NULL,NULL,NULL,NULL,NULL,NULL,NULL,'0000-00-00 00:00:00',6),(714,'971146',11,124,57,1,NULL,714,NULL,NULL,NULL,NULL,NULL,NULL,NULL,NULL,NULL,'0000-00-00 00:00:00',5),(715,'113695',511,68,2,22,NULL,715,NULL,NULL,NULL,NULL,NULL,NULL,NULL,NULL,NULL,'0000-00-00 00:00:00',1),(716,'564042',478,52,15,21,NULL,716,NULL,NULL,NULL,NULL,NULL,NULL,NULL,NULL,NULL,'0000-00-00 00:00:00',6),(717,'118160',124,68,65,3,NULL,717,NULL,NULL,NULL,NULL,NULL,'2022-08-24 00:00:00',NULL,NULL,NULL,'0000-00-00 00:00:00',3),(718,'274020',493,52,70,20,NULL,718,NULL,NULL,NULL,NULL,NULL,NULL,NULL,NULL,NULL,'0000-00-00 00:00:00',2),(719,'677461',147,118,15,11,NULL,719,NULL,NULL,NULL,NULL,NULL,NULL,NULL,NULL,NULL,'0000-00-00 00:00:00',1),(720,'792558',317,68,77,14,NULL,720,NULL,NULL,NULL,NULL,NULL,NULL,NULL,NULL,NULL,'0000-00-00 00:00:00',2),(721,'249580',185,4,21,8,NULL,721,NULL,NULL,NULL,NULL,NULL,NULL,NULL,NULL,NULL,'0000-00-00 00:00:00',1),(722,'206858',223,68,40,15,NULL,722,NULL,NULL,NULL,NULL,NULL,NULL,NULL,NULL,NULL,'0000-00-00 00:00:00',6),(723,'724600',186,2,4,1,NULL,723,NULL,NULL,NULL,NULL,NULL,NULL,NULL,NULL,NULL,'0000-00-00 00:00:00',5),(724,'181674',375,52,93,16,NULL,724,NULL,NULL,NULL,NULL,NULL,NULL,NULL,NULL,NULL,'0000-00-00 00:00:00',1),(725,'797471',416,68,48,19,NULL,725,NULL,NULL,NULL,NULL,NULL,NULL,NULL,NULL,NULL,'0000-00-00 00:00:00',5),(726,'723714',145,3,94,9,NULL,726,NULL,NULL,NULL,NULL,NULL,NULL,NULL,NULL,NULL,'0000-00-00 00:00:00',1),(727,'606479',366,52,69,17,NULL,727,NULL,NULL,NULL,NULL,NULL,'2021-12-07 00:00:00',NULL,NULL,NULL,'0000-00-00 00:00:00',3),(728,'280438',439,68,94,22,NULL,728,NULL,NULL,NULL,NULL,NULL,NULL,NULL,NULL,NULL,'0000-00-00 00:00:00',1),(729,'396178',502,121,66,20,NULL,729,NULL,NULL,NULL,NULL,NULL,NULL,NULL,NULL,NULL,'0000-00-00 00:00:00',2),(730,'882037',506,120,47,19,NULL,730,NULL,NULL,NULL,NULL,NULL,NULL,NULL,NULL,NULL,'0000-00-00 00:00:00',5),(731,'405724',546,52,52,19,NULL,731,NULL,NULL,NULL,NULL,NULL,NULL,NULL,NULL,NULL,'0000-00-00 00:00:00',5),(732,'442642',17,1,6,11,NULL,732,NULL,NULL,NULL,NULL,NULL,NULL,NULL,NULL,NULL,'0000-00-00 00:00:00',1),(733,'101616',13,4,23,7,NULL,733,NULL,NULL,NULL,NULL,NULL,NULL,NULL,NULL,NULL,'0000-00-00 00:00:00',1),(734,'226946',369,52,68,15,NULL,734,NULL,NULL,NULL,NULL,NULL,NULL,NULL,NULL,NULL,'0000-00-00 00:00:00',6),(735,'210882',47,4,20,1,NULL,735,NULL,NULL,NULL,NULL,NULL,NULL,NULL,NULL,NULL,'0000-00-00 00:00:00',5),(736,'561884',320,115,78,16,NULL,736,NULL,NULL,NULL,NULL,NULL,NULL,NULL,NULL,NULL,'0000-00-00 00:00:00',1),(737,'404798',400,68,13,18,NULL,737,NULL,NULL,NULL,NULL,NULL,NULL,NULL,NULL,NULL,'0000-00-00 00:00:00',1),(738,'861036',6,1,46,12,NULL,738,NULL,NULL,NULL,NULL,NULL,NULL,NULL,NULL,NULL,'0000-00-00 00:00:00',1),(739,'993787',391,52,17,15,NULL,739,NULL,NULL,NULL,NULL,NULL,NULL,NULL,NULL,NULL,'0000-00-00 00:00:00',6),(740,'810354',264,52,74,14,NULL,740,NULL,NULL,NULL,NULL,NULL,NULL,NULL,NULL,NULL,'0000-00-00 00:00:00',2),(741,'976418',551,52,67,21,NULL,741,NULL,NULL,NULL,NULL,NULL,NULL,NULL,NULL,NULL,'0000-00-00 00:00:00',6),(742,'104560',152,105,76,11,NULL,742,NULL,NULL,NULL,NULL,NULL,NULL,NULL,NULL,NULL,'0000-00-00 00:00:00',1),(743,'595931',191,118,81,2,NULL,743,NULL,NULL,NULL,NULL,NULL,NULL,NULL,NULL,NULL,'0000-00-00 00:00:00',2),(744,'954438',417,68,34,21,NULL,744,NULL,NULL,NULL,NULL,NULL,NULL,NULL,NULL,NULL,'0000-00-00 00:00:00',6),(745,'243279',558,68,57,20,NULL,745,NULL,NULL,NULL,NULL,NULL,NULL,NULL,NULL,NULL,'0000-00-00 00:00:00',2),(746,'998452',458,52,26,22,NULL,746,NULL,NULL,NULL,NULL,NULL,NULL,NULL,NULL,NULL,'0000-00-00 00:00:00',1),(747,'811565',28,68,91,2,NULL,747,NULL,NULL,NULL,NULL,NULL,NULL,NULL,NULL,NULL,'0000-00-00 00:00:00',2),(748,'798109',272,52,67,17,NULL,748,NULL,NULL,NULL,NULL,NULL,NULL,NULL,NULL,NULL,'0000-00-00 00:00:00',1),(749,'585644',253,52,97,18,NULL,749,NULL,NULL,NULL,NULL,NULL,NULL,NULL,NULL,NULL,'0000-00-00 00:00:00',1),(750,'173094',271,52,54,14,NULL,750,NULL,NULL,NULL,NULL,NULL,NULL,NULL,NULL,NULL,'0000-00-00 00:00:00',2),(751,'141471',525,52,96,19,NULL,751,NULL,NULL,NULL,NULL,NULL,NULL,NULL,NULL,NULL,'0000-00-00 00:00:00',5),(752,'876049',505,120,68,19,NULL,752,NULL,NULL,NULL,NULL,NULL,NULL,NULL,NULL,NULL,'0000-00-00 00:00:00',5),(753,'941129',280,52,87,16,NULL,753,NULL,NULL,NULL,NULL,NULL,NULL,NULL,NULL,NULL,'0000-00-00 00:00:00',1),(754,'368340',170,130,9,6,NULL,754,NULL,NULL,NULL,NULL,NULL,NULL,NULL,NULL,NULL,'0000-00-00 00:00:00',1),(755,'874884',127,68,98,9,NULL,755,NULL,NULL,NULL,NULL,NULL,NULL,NULL,NULL,NULL,'0000-00-00 00:00:00',1),(756,'584908',601,52,57,19,NULL,756,NULL,NULL,NULL,NULL,NULL,NULL,NULL,NULL,NULL,'0000-00-00 00:00:00',5),(757,'465739',596,52,79,21,NULL,757,NULL,NULL,NULL,NULL,NULL,NULL,NULL,NULL,NULL,'0000-00-00 00:00:00',6),(758,'508029',602,52,45,20,NULL,758,NULL,NULL,NULL,NULL,NULL,'2022-06-26 00:00:00',NULL,NULL,NULL,'0000-00-00 00:00:00',3),(759,'677089',485,52,6,20,NULL,759,NULL,NULL,NULL,NULL,NULL,NULL,NULL,NULL,NULL,'0000-00-00 00:00:00',2),(760,'326120',463,52,76,19,NULL,760,NULL,NULL,NULL,NULL,NULL,NULL,NULL,NULL,NULL,'0000-00-00 00:00:00',5),(761,'189496',340,52,6,14,NULL,761,NULL,NULL,NULL,NULL,NULL,NULL,NULL,NULL,NULL,'0000-00-00 00:00:00',2),(762,'634598',372,52,51,17,NULL,762,NULL,NULL,NULL,NULL,NULL,NULL,NULL,NULL,NULL,'0000-00-00 00:00:00',1),(763,'904723',246,52,100,15,NULL,763,NULL,NULL,NULL,NULL,NULL,NULL,NULL,NULL,NULL,'0000-00-00 00:00:00',6),(764,'308863',131,17,85,4,NULL,764,NULL,NULL,NULL,NULL,NULL,NULL,NULL,NULL,NULL,'0000-00-00 00:00:00',1),(765,'667049',533,52,53,22,NULL,765,NULL,NULL,NULL,NULL,NULL,NULL,NULL,NULL,NULL,'0000-00-00 00:00:00',1),(766,'355751',157,55,22,10,NULL,766,NULL,NULL,NULL,NULL,NULL,NULL,NULL,NULL,NULL,'0000-00-00 00:00:00',1),(767,'180375',334,52,53,16,NULL,767,NULL,NULL,NULL,NULL,NULL,NULL,NULL,NULL,NULL,'0000-00-00 00:00:00',1),(768,'178058',238,68,92,14,NULL,768,NULL,NULL,NULL,NULL,NULL,NULL,NULL,NULL,NULL,'0000-00-00 00:00:00',2),(769,'678543',386,52,39,15,NULL,769,NULL,NULL,NULL,NULL,NULL,NULL,NULL,NULL,NULL,'0000-00-00 00:00:00',6),(770,'850888',398,52,86,14,NULL,770,NULL,NULL,NULL,NULL,NULL,NULL,NULL,NULL,NULL,'0000-00-00 00:00:00',2),(771,'562650',239,68,12,14,NULL,771,NULL,NULL,NULL,NULL,NULL,NULL,NULL,NULL,NULL,'0000-00-00 00:00:00',2),(772,'593602',531,52,90,20,NULL,772,NULL,NULL,NULL,NULL,NULL,NULL,NULL,NULL,NULL,'0000-00-00 00:00:00',2),(773,'236765',222,68,21,16,NULL,773,NULL,NULL,NULL,NULL,NULL,NULL,NULL,NULL,NULL,'0000-00-00 00:00:00',1),(774,'339392',451,52,87,20,NULL,774,NULL,NULL,NULL,NULL,NULL,NULL,NULL,NULL,NULL,'0000-00-00 00:00:00',2),(775,'355803',350,52,7,15,NULL,775,NULL,NULL,NULL,NULL,NULL,NULL,NULL,NULL,NULL,'0000-00-00 00:00:00',6),(776,'624148',328,52,57,14,NULL,776,NULL,NULL,NULL,NULL,NULL,NULL,NULL,NULL,NULL,'0000-00-00 00:00:00',2),(777,'751464',62,22,92,3,NULL,777,NULL,NULL,NULL,NULL,NULL,NULL,NULL,NULL,NULL,'0000-00-00 00:00:00',6),(778,'505249',255,52,18,17,NULL,778,NULL,NULL,NULL,NULL,NULL,NULL,NULL,NULL,NULL,'0000-00-00 00:00:00',1),(779,'162276',446,52,70,22,NULL,779,NULL,NULL,NULL,NULL,NULL,NULL,NULL,NULL,NULL,'0000-00-00 00:00:00',1),(780,'848692',356,52,34,17,NULL,780,NULL,NULL,NULL,NULL,NULL,NULL,NULL,NULL,NULL,'0000-00-00 00:00:00',1),(781,'649396',438,68,29,21,NULL,781,NULL,NULL,NULL,NULL,NULL,NULL,NULL,NULL,NULL,'0000-00-00 00:00:00',6),(782,'738032',94,68,3,3,NULL,782,NULL,NULL,NULL,NULL,NULL,NULL,NULL,NULL,NULL,'0000-00-00 00:00:00',6),(783,'655888',284,52,95,15,NULL,783,NULL,NULL,NULL,NULL,NULL,NULL,NULL,NULL,NULL,'0000-00-00 00:00:00',6),(784,'481377',525,52,80,21,NULL,784,NULL,NULL,NULL,NULL,NULL,NULL,NULL,NULL,NULL,'0000-00-00 00:00:00',6),(785,'366711',79,125,82,7,NULL,785,NULL,NULL,NULL,NULL,NULL,NULL,NULL,NULL,NULL,'0000-00-00 00:00:00',1),(786,'724608',604,68,96,22,NULL,786,NULL,NULL,NULL,NULL,NULL,NULL,NULL,NULL,NULL,'0000-00-00 00:00:00',1),(787,'472044',482,52,97,19,NULL,787,NULL,NULL,NULL,NULL,NULL,NULL,NULL,NULL,NULL,'0000-00-00 00:00:00',5),(788,'716155',14,71,92,8,NULL,788,NULL,NULL,NULL,NULL,NULL,NULL,NULL,NULL,NULL,'0000-00-00 00:00:00',1),(789,'576789',39,52,70,9,NULL,789,NULL,NULL,NULL,NULL,NULL,NULL,NULL,NULL,NULL,'0000-00-00 00:00:00',1),(790,'928975',266,52,68,16,NULL,790,NULL,NULL,NULL,NULL,NULL,NULL,NULL,NULL,NULL,'0000-00-00 00:00:00',1),(791,'720992',7,3,60,13,NULL,791,NULL,NULL,NULL,NULL,NULL,NULL,NULL,NULL,NULL,'0000-00-00 00:00:00',1),(792,'373003',473,52,62,22,NULL,792,NULL,NULL,NULL,NULL,NULL,NULL,NULL,NULL,NULL,'0000-00-00 00:00:00',1),(793,'522857',145,4,19,3,NULL,793,NULL,NULL,NULL,NULL,NULL,NULL,NULL,NULL,NULL,'0000-00-00 00:00:00',6),(794,'790303',61,62,1,5,NULL,794,NULL,NULL,NULL,NULL,NULL,NULL,NULL,NULL,NULL,'0000-00-00 00:00:00',1),(795,'497877',225,68,40,14,NULL,795,NULL,NULL,NULL,NULL,NULL,NULL,NULL,NULL,NULL,'0000-00-00 00:00:00',2),(796,'112405',189,5,7,8,NULL,796,NULL,NULL,NULL,NULL,NULL,NULL,NULL,NULL,NULL,'0000-00-00 00:00:00',1),(797,'559708',427,68,10,22,NULL,797,NULL,NULL,NULL,NULL,NULL,NULL,NULL,NULL,NULL,'0000-00-00 00:00:00',1),(798,'606823',479,52,94,22,NULL,798,NULL,NULL,NULL,NULL,NULL,NULL,NULL,NULL,NULL,'0000-00-00 00:00:00',1),(799,'450926',179,130,53,9,NULL,799,NULL,NULL,NULL,NULL,NULL,NULL,NULL,NULL,NULL,'0000-00-00 00:00:00',1),(800,'410074',89,68,82,11,NULL,800,NULL,NULL,NULL,NULL,NULL,NULL,NULL,NULL,NULL,'0000-00-00 00:00:00',1),(100000000,'328765',1163,68,50,100000002,NULL,100000000,'Cypress seed test box','2015-01-01 11:15:32',1,NULL,NULL,NULL,NULL,NULL,NULL,'0000-00-00 00:00:00',1),(100000001,'235563',1165,68,50,100000005,NULL,100000001,'50 dummy products','2019-09-29 18:15:32',1,NULL,NULL,NULL,NULL,NULL,NULL,'0000-00-00 00:00:00',1);
/*!40000 ALTER TABLE `stock` ENABLE KEYS */;
UNLOCK TABLES;

--
-- Table structure for table `tags`
--

DROP TABLE IF EXISTS `tags`;
/*!40101 SET @saved_cs_client     = @@character_set_client */;
/*!40101 SET character_set_client = utf8 */;
CREATE TABLE `tags` (
  `id` int(11) unsigned NOT NULL AUTO_INCREMENT,
  `label` varchar(255) NOT NULL,
  `color` varchar(255) NOT NULL,
  `camp_id` int(11) unsigned NOT NULL,
  `deleted` datetime DEFAULT NULL,
  `created` datetime DEFAULT NULL,
  `created_by` int(11) unsigned DEFAULT NULL,
  `modified` datetime DEFAULT NULL,
  `modified_by` int(11) unsigned DEFAULT NULL,
  `description` text NOT NULL,
  `type` varchar(255) DEFAULT 'People',
  `seq` int(11) DEFAULT NULL,
  PRIMARY KEY (`id`),
  KEY `camp_id` (`camp_id`),
  KEY `created_by` (`created_by`),
  KEY `modified_by` (`modified_by`),
  KEY `tags_type_index` (`type`),
  CONSTRAINT `tags_ibfk_1` FOREIGN KEY (`camp_id`) REFERENCES `camps` (`id`) ON UPDATE CASCADE,
  CONSTRAINT `tags_ibfk_2` FOREIGN KEY (`created_by`) REFERENCES `cms_users` (`id`) ON DELETE SET NULL ON UPDATE CASCADE,
  CONSTRAINT `tags_ibfk_3` FOREIGN KEY (`modified_by`) REFERENCES `cms_users` (`id`) ON DELETE SET NULL ON UPDATE CASCADE
) ENGINE=InnoDB AUTO_INCREMENT=45 DEFAULT CHARSET=utf8;
/*!40101 SET character_set_client = @saved_cs_client */;

--
-- Dumping data for table `tags`
--

LOCK TABLES `tags` WRITE;
/*!40000 ALTER TABLE `tags` DISABLE KEYS */;
/*!40000 ALTER TABLE `tags` ENABLE KEYS */;
UNLOCK TABLES;

--
-- Table structure for table `tags_relations`
--

DROP TABLE IF EXISTS `tags_relations`;
/*!40101 SET @saved_cs_client     = @@character_set_client */;
/*!40101 SET character_set_client = utf8 */;
CREATE TABLE `tags_relations` (
  `object_id` int(11) unsigned NOT NULL,
  `object_type` varchar(255) DEFAULT 'People',
  `tag_id` int(11) unsigned NOT NULL,
  PRIMARY KEY (`object_id`,`tag_id`),
  KEY `tag_id` (`tag_id`),
  CONSTRAINT `tags_relations_ibfk_4` FOREIGN KEY (`tag_id`) REFERENCES `tags` (`id`) ON DELETE CASCADE ON UPDATE CASCADE
) ENGINE=InnoDB DEFAULT CHARSET=utf8;
/*!40101 SET character_set_client = @saved_cs_client */;

--
-- Dumping data for table `tags_relations`
--

LOCK TABLES `tags_relations` WRITE;
/*!40000 ALTER TABLE `tags_relations` DISABLE KEYS */;
/*!40000 ALTER TABLE `tags_relations` ENABLE KEYS */;
UNLOCK TABLES;

--
-- Table structure for table `tipofday`
--

DROP TABLE IF EXISTS `tipofday`;
/*!40101 SET @saved_cs_client     = @@character_set_client */;
/*!40101 SET character_set_client = utf8 */;
CREATE TABLE `tipofday` (
  `id` int(11) unsigned NOT NULL AUTO_INCREMENT,
  `title` varchar(255) DEFAULT NULL,
  `content` text,
  PRIMARY KEY (`id`)
) ENGINE=InnoDB AUTO_INCREMENT=7 DEFAULT CHARSET=utf8 ROW_FORMAT=DYNAMIC;
/*!40101 SET character_set_client = @saved_cs_client */;

--
-- Dumping data for table `tipofday`
--

LOCK TABLES `tipofday` WRITE;
/*!40000 ALTER TABLE `tipofday` DISABLE KEYS */;
INSERT INTO `tipofday` VALUES (1,'Sorting lists','Most lists can be sorted anyway you like. Just click on the column title to sort the table on that column. Clicking another time on the same column will reverse the sort order.'),(2,'Undo a purchase','If a customer decides not to buy something after you made the purchase: check the item in the list of purchases and hit the red \'Delete\' button.'),(3,'Changing the amount of tokens','If you want to change the amount of tokens of a family/beneficiary, for example because you changed the amount of family members, you find the people in the \'Check-in\' section of the site, click the checkbox next to the family/beneficiary name and hit the \'Give tokens\' button. <br /><br /> You can enter an amount to be added to the family/beneficiary as a whole or an amount for each adult or child. And ofcourse, you can also enter a negative number.'),(4,'Mobile','Did you know that this Drop Shop system works perfectly on most smartphones? Just open \'https://market.drapenihavet.no\' in your browser.'),(5,'Quick purchase','If you want to quickly submit a form you can simply use the \'cmd + enter\' or \'ctrl + enter\' shortcut!'),(6,'Sorting','Did you know you that in a list you can sort multiple columns simultaneously by holding down the Shift key and clicking a second, third or even fourth column header!');
/*!40000 ALTER TABLE `tipofday` ENABLE KEYS */;
UNLOCK TABLES;

--
-- Table structure for table `transactions`
--

DROP TABLE IF EXISTS `transactions`;
/*!40101 SET @saved_cs_client     = @@character_set_client */;
/*!40101 SET character_set_client = utf8 */;
CREATE TABLE `transactions` (
  `id` int(11) unsigned NOT NULL AUTO_INCREMENT,
  `people_id` int(11) unsigned DEFAULT NULL,
  `product_id` int(11) unsigned DEFAULT NULL,
  `count` int(11) NOT NULL,
  `description` varchar(255) NOT NULL,
  `drops` int(11) NOT NULL DEFAULT '0',
  `transaction_date` datetime NOT NULL,
  `user_id` int(11) unsigned DEFAULT NULL,
  `created` datetime DEFAULT NULL,
  `created_by` int(11) unsigned DEFAULT NULL,
  `modified` datetime DEFAULT NULL,
  `modified_by` int(11) unsigned DEFAULT NULL,
  PRIMARY KEY (`id`),
  KEY `people_id` (`people_id`),
  KEY `transaction_date` (`transaction_date`),
  KEY `created_by` (`created_by`),
  KEY `modified_by` (`modified_by`),
  KEY `user_id` (`user_id`),
  KEY `product_id` (`product_id`),
  CONSTRAINT `transactions_ibfk_10` FOREIGN KEY (`people_id`) REFERENCES `people` (`id`) ON DELETE SET NULL ON UPDATE CASCADE,
  CONSTRAINT `transactions_ibfk_11` FOREIGN KEY (`product_id`) REFERENCES `products` (`id`) ON UPDATE CASCADE,
  CONSTRAINT `transactions_ibfk_7` FOREIGN KEY (`created_by`) REFERENCES `cms_users` (`id`) ON DELETE SET NULL ON UPDATE CASCADE,
  CONSTRAINT `transactions_ibfk_8` FOREIGN KEY (`modified_by`) REFERENCES `cms_users` (`id`) ON DELETE SET NULL ON UPDATE CASCADE,
  CONSTRAINT `transactions_ibfk_9` FOREIGN KEY (`user_id`) REFERENCES `cms_users` (`id`) ON DELETE SET NULL ON UPDATE CASCADE
) ENGINE=InnoDB AUTO_INCREMENT=100001891 DEFAULT CHARSET=utf8 ROW_FORMAT=DYNAMIC;
/*!40101 SET character_set_client = @saved_cs_client */;

--
-- Dumping data for table `transactions`
--

LOCK TABLES `transactions` WRITE;
/*!40000 ALTER TABLE `transactions` DISABLE KEYS */;
INSERT INTO `transactions` VALUES (1,1,109,5,'',0,'2022-11-07 15:20:33',1,NULL,NULL,NULL,NULL),(2,1,219,5,'',0,'2022-10-18 06:31:02',1,NULL,NULL,NULL,NULL),(3,1,182,4,'',0,'2022-10-31 08:02:09',1,NULL,NULL,NULL,NULL),(4,3,15,1,'',0,'2022-10-25 02:19:09',1,NULL,NULL,NULL,NULL),(5,3,51,4,'',0,'2022-10-17 13:14:47',1,NULL,NULL,NULL,NULL),(6,6,184,5,'',0,'2022-10-29 14:21:58',1,NULL,NULL,NULL,NULL),(7,6,32,4,'',0,'2022-11-08 05:07:03',1,NULL,NULL,NULL,NULL),(8,6,131,5,'',0,'2022-10-29 00:58:39',1,NULL,NULL,NULL,NULL),(9,6,100,1,'',0,'2022-10-15 00:39:07',1,NULL,NULL,NULL,NULL),(10,6,190,5,'',0,'2022-11-04 07:27:50',1,NULL,NULL,NULL,NULL),(11,6,142,4,'',0,'2022-10-19 05:40:12',1,NULL,NULL,NULL,NULL),(12,9,159,1,'',0,'2022-10-19 23:00:50',1,NULL,NULL,NULL,NULL),(13,9,208,2,'',0,'2022-11-05 03:12:51',1,NULL,NULL,NULL,NULL),(14,12,141,2,'',0,'2022-10-23 04:43:17',1,NULL,NULL,NULL,NULL),(15,12,215,1,'',0,'2022-10-20 00:30:07',1,NULL,NULL,NULL,NULL),(16,12,118,2,'',0,'2022-10-26 15:46:31',1,NULL,NULL,NULL,NULL),(17,16,13,1,'',0,'2022-10-22 03:28:48',1,NULL,NULL,NULL,NULL),(18,16,19,3,'',0,'2022-11-08 14:23:33',1,NULL,NULL,NULL,NULL),(19,16,14,4,'',0,'2022-10-23 23:54:24',1,NULL,NULL,NULL,NULL),(20,16,178,2,'',0,'2022-10-17 05:35:34',1,NULL,NULL,NULL,NULL),(21,16,136,2,'',0,'2022-10-29 18:48:57',1,NULL,NULL,NULL,NULL),(22,16,148,5,'',0,'2022-11-02 21:53:04',1,NULL,NULL,NULL,NULL),(23,18,74,2,'',0,'2022-10-16 22:23:11',1,NULL,NULL,NULL,NULL),(24,18,163,1,'',0,'2022-10-16 10:14:45',1,NULL,NULL,NULL,NULL),(25,18,180,2,'',0,'2022-11-01 06:41:37',1,NULL,NULL,NULL,NULL),(26,18,213,1,'',0,'2022-10-15 23:55:06',1,NULL,NULL,NULL,NULL),(27,18,125,1,'',0,'2022-10-15 10:19:46',1,NULL,NULL,NULL,NULL),(28,18,15,3,'',0,'2022-10-26 06:38:37',1,NULL,NULL,NULL,NULL),(29,18,191,1,'',0,'2022-10-25 13:43:24',1,NULL,NULL,NULL,NULL),(30,18,91,3,'',0,'2022-10-21 22:40:05',1,NULL,NULL,NULL,NULL),(31,19,20,3,'',0,'2022-11-01 16:59:43',1,NULL,NULL,NULL,NULL),(32,19,196,2,'',0,'2022-10-20 23:49:19',1,NULL,NULL,NULL,NULL),(33,19,191,5,'',0,'2022-10-17 04:48:35',1,NULL,NULL,NULL,NULL),(34,19,183,1,'',0,'2022-10-30 10:10:56',1,NULL,NULL,NULL,NULL),(35,21,39,1,'',0,'2022-11-08 02:36:05',1,NULL,NULL,NULL,NULL),(36,21,10,2,'',0,'2022-11-01 08:11:00',1,NULL,NULL,NULL,NULL),(37,21,170,1,'',0,'2022-11-09 10:18:32',1,NULL,NULL,NULL,NULL),(38,21,60,1,'',0,'2022-11-05 00:59:09',1,NULL,NULL,NULL,NULL),(39,26,28,2,'',0,'2022-10-25 04:37:00',1,NULL,NULL,NULL,NULL),(40,26,70,5,'',0,'2022-10-13 11:13:29',1,NULL,NULL,NULL,NULL),(41,26,160,3,'',0,'2022-10-25 10:54:50',1,NULL,NULL,NULL,NULL),(42,26,190,1,'',0,'2022-11-09 10:34:08',1,NULL,NULL,NULL,NULL),(43,26,66,4,'',0,'2022-10-19 13:42:56',1,NULL,NULL,NULL,NULL),(44,26,157,3,'',0,'2022-10-16 07:43:29',1,NULL,NULL,NULL,NULL),(45,28,119,1,'',0,'2022-10-21 05:06:50',1,NULL,NULL,NULL,NULL),(46,28,157,3,'',0,'2022-10-12 21:39:57',1,NULL,NULL,NULL,NULL),(47,28,140,5,'',0,'2022-10-26 05:46:00',1,NULL,NULL,NULL,NULL),(48,28,62,4,'',0,'2022-10-18 11:08:52',1,NULL,NULL,NULL,NULL),(49,28,16,1,'',0,'2022-10-24 08:52:19',1,NULL,NULL,NULL,NULL),(50,32,52,4,'',0,'2022-10-23 14:03:29',1,NULL,NULL,NULL,NULL),(51,32,162,5,'',0,'2022-11-08 14:09:22',1,NULL,NULL,NULL,NULL),(52,34,15,5,'',0,'2022-11-07 07:22:36',1,NULL,NULL,NULL,NULL),(53,35,79,3,'',0,'2022-10-24 09:38:32',1,NULL,NULL,NULL,NULL),(54,35,87,1,'',0,'2022-10-13 23:48:24',1,NULL,NULL,NULL,NULL),(55,35,160,5,'',0,'2022-10-20 02:11:04',1,NULL,NULL,NULL,NULL),(56,36,162,1,'',0,'2022-10-11 08:45:09',1,NULL,NULL,NULL,NULL),(57,36,20,5,'',0,'2022-11-02 08:44:41',1,NULL,NULL,NULL,NULL),(58,36,54,1,'',0,'2022-10-25 19:13:11',1,NULL,NULL,NULL,NULL),(59,36,85,3,'',0,'2022-11-06 20:42:36',1,NULL,NULL,NULL,NULL),(60,36,2,5,'',0,'2022-10-19 08:15:45',1,NULL,NULL,NULL,NULL),(61,37,24,2,'',0,'2022-10-30 22:31:58',1,NULL,NULL,NULL,NULL),(62,37,111,1,'',0,'2022-10-30 07:02:58',1,NULL,NULL,NULL,NULL),(63,37,28,4,'',0,'2022-10-17 01:25:31',1,NULL,NULL,NULL,NULL),(64,37,135,5,'',0,'2022-10-17 07:18:23',1,NULL,NULL,NULL,NULL),(65,37,155,5,'',0,'2022-10-27 17:32:04',1,NULL,NULL,NULL,NULL),(66,37,47,4,'',0,'2022-11-05 09:47:49',1,NULL,NULL,NULL,NULL),(67,37,26,3,'',0,'2022-11-01 13:58:45',1,NULL,NULL,NULL,NULL),(68,37,99,5,'',0,'2022-11-02 12:42:18',1,NULL,NULL,NULL,NULL),(69,37,26,1,'',0,'2022-10-13 13:10:26',1,NULL,NULL,NULL,NULL),(70,38,21,3,'',0,'2022-10-11 23:56:51',1,NULL,NULL,NULL,NULL),(71,38,194,4,'',0,'2022-10-19 12:51:47',1,NULL,NULL,NULL,NULL),(72,38,141,5,'',0,'2022-11-06 12:53:03',1,NULL,NULL,NULL,NULL),(73,38,174,2,'',0,'2022-10-28 21:13:56',1,NULL,NULL,NULL,NULL),(74,38,44,3,'',0,'2022-10-17 12:54:28',1,NULL,NULL,NULL,NULL),(75,38,162,4,'',0,'2022-10-30 21:28:07',1,NULL,NULL,NULL,NULL),(76,38,52,3,'',0,'2022-10-21 12:34:46',1,NULL,NULL,NULL,NULL),(77,38,183,3,'',0,'2022-10-30 20:22:15',1,NULL,NULL,NULL,NULL),(78,44,47,1,'',0,'2022-10-29 11:16:24',1,NULL,NULL,NULL,NULL),(79,44,166,5,'',0,'2022-10-27 07:50:27',1,NULL,NULL,NULL,NULL),(80,44,60,2,'',0,'2022-10-16 01:44:09',1,NULL,NULL,NULL,NULL),(81,44,211,3,'',0,'2022-10-24 07:01:02',1,NULL,NULL,NULL,NULL),(82,44,53,2,'',0,'2022-10-26 10:31:44',1,NULL,NULL,NULL,NULL),(83,44,106,3,'',0,'2022-10-27 06:03:46',1,NULL,NULL,NULL,NULL),(84,44,131,4,'',0,'2022-11-02 10:19:56',1,NULL,NULL,NULL,NULL),(85,44,84,1,'',0,'2022-10-30 07:07:13',1,NULL,NULL,NULL,NULL),(86,44,27,3,'',0,'2022-10-24 03:33:53',1,NULL,NULL,NULL,NULL),(87,44,182,1,'',0,'2022-11-08 15:40:11',1,NULL,NULL,NULL,NULL),(88,46,209,5,'',0,'2022-11-03 22:17:03',1,NULL,NULL,NULL,NULL),(89,46,174,5,'',0,'2022-11-02 09:08:43',1,NULL,NULL,NULL,NULL),(90,46,103,2,'',0,'2022-10-18 04:07:15',1,NULL,NULL,NULL,NULL),(91,46,2,5,'',0,'2022-11-02 08:52:09',1,NULL,NULL,NULL,NULL),(92,46,67,3,'',0,'2022-11-09 08:26:01',1,NULL,NULL,NULL,NULL),(93,49,14,5,'',0,'2022-10-31 10:24:16',1,NULL,NULL,NULL,NULL),(94,49,164,3,'',0,'2022-10-17 09:50:34',1,NULL,NULL,NULL,NULL),(95,49,84,5,'',0,'2022-10-24 00:14:22',1,NULL,NULL,NULL,NULL),(96,49,146,1,'',0,'2022-10-24 09:20:45',1,NULL,NULL,NULL,NULL),(97,49,209,1,'',0,'2022-11-07 20:48:13',1,NULL,NULL,NULL,NULL),(98,49,56,2,'',0,'2022-10-16 17:27:46',1,NULL,NULL,NULL,NULL),(99,49,153,4,'',0,'2022-11-01 18:32:29',1,NULL,NULL,NULL,NULL),(100,50,127,3,'',0,'2022-10-20 09:36:00',1,NULL,NULL,NULL,NULL),(101,50,45,1,'',0,'2022-10-15 23:50:53',1,NULL,NULL,NULL,NULL),(102,50,76,1,'',0,'2022-10-20 07:36:12',1,NULL,NULL,NULL,NULL),(103,51,156,5,'',0,'2022-11-09 19:16:17',1,NULL,NULL,NULL,NULL),(104,51,76,1,'',0,'2022-11-10 02:06:54',1,NULL,NULL,NULL,NULL),(105,58,155,4,'',0,'2022-10-23 22:38:24',1,NULL,NULL,NULL,NULL),(106,60,161,3,'',0,'2022-10-13 17:29:26',1,NULL,NULL,NULL,NULL),(107,60,2,1,'',0,'2022-10-24 22:09:11',1,NULL,NULL,NULL,NULL),(108,60,39,4,'',0,'2022-11-07 14:24:19',1,NULL,NULL,NULL,NULL),(109,60,89,3,'',0,'2022-10-14 06:46:35',1,NULL,NULL,NULL,NULL),(110,60,17,4,'',0,'2022-11-05 07:40:51',1,NULL,NULL,NULL,NULL),(111,60,4,4,'',0,'2022-11-01 02:08:19',1,NULL,NULL,NULL,NULL),(112,60,51,3,'',0,'2022-10-27 08:43:38',1,NULL,NULL,NULL,NULL),(113,60,113,3,'',0,'2022-11-03 02:08:20',1,NULL,NULL,NULL,NULL),(114,68,147,1,'',0,'2022-10-26 07:14:08',1,NULL,NULL,NULL,NULL),(115,68,14,4,'',0,'2022-10-22 00:29:34',1,NULL,NULL,NULL,NULL),(116,68,57,5,'',0,'2022-10-12 17:55:53',1,NULL,NULL,NULL,NULL),(117,68,10,3,'',0,'2022-11-04 06:04:30',1,NULL,NULL,NULL,NULL),(118,73,72,5,'',0,'2022-10-25 11:11:17',1,NULL,NULL,NULL,NULL),(119,73,75,3,'',0,'2022-11-09 22:53:53',1,NULL,NULL,NULL,NULL),(120,73,162,5,'',0,'2022-11-05 17:02:40',1,NULL,NULL,NULL,NULL),(121,73,189,4,'',0,'2022-10-11 11:41:37',1,NULL,NULL,NULL,NULL),(122,73,39,5,'',0,'2022-10-12 22:12:17',1,NULL,NULL,NULL,NULL),(123,73,28,3,'',0,'2022-10-18 16:46:55',1,NULL,NULL,NULL,NULL),(124,73,54,2,'',0,'2022-10-14 12:18:58',1,NULL,NULL,NULL,NULL),(125,77,133,1,'',0,'2022-10-26 00:55:04',1,NULL,NULL,NULL,NULL),(126,77,130,1,'',0,'2022-10-18 11:26:06',1,NULL,NULL,NULL,NULL),(127,77,106,3,'',0,'2022-11-08 20:12:54',1,NULL,NULL,NULL,NULL),(128,77,162,4,'',0,'2022-11-02 20:43:10',1,NULL,NULL,NULL,NULL),(129,77,76,5,'',0,'2022-10-25 14:33:22',1,NULL,NULL,NULL,NULL),(130,82,135,5,'',0,'2022-11-04 12:12:51',1,NULL,NULL,NULL,NULL),(131,82,42,2,'',0,'2022-10-15 02:37:41',1,NULL,NULL,NULL,NULL),(132,82,107,3,'',0,'2022-10-28 22:33:55',1,NULL,NULL,NULL,NULL),(133,82,182,1,'',0,'2022-10-14 15:57:43',1,NULL,NULL,NULL,NULL),(134,82,141,2,'',0,'2022-10-25 03:06:35',1,NULL,NULL,NULL,NULL),(135,84,95,4,'',0,'2022-11-03 21:23:16',1,NULL,NULL,NULL,NULL),(136,84,201,1,'',0,'2022-11-01 16:59:09',1,NULL,NULL,NULL,NULL),(137,84,17,1,'',0,'2022-11-02 13:50:46',1,NULL,NULL,NULL,NULL),(138,84,137,1,'',0,'2022-10-13 07:03:29',1,NULL,NULL,NULL,NULL),(139,84,111,1,'',0,'2022-10-31 18:18:55',1,NULL,NULL,NULL,NULL),(140,84,206,2,'',0,'2022-10-30 21:07:11',1,NULL,NULL,NULL,NULL),(141,84,62,2,'',0,'2022-10-16 04:03:04',1,NULL,NULL,NULL,NULL),(142,84,76,4,'',0,'2022-11-06 12:26:02',1,NULL,NULL,NULL,NULL),(143,84,167,2,'',0,'2022-10-21 19:01:44',1,NULL,NULL,NULL,NULL),(144,87,164,2,'',0,'2022-10-20 08:04:35',1,NULL,NULL,NULL,NULL),(145,87,187,3,'',0,'2022-11-08 22:17:55',1,NULL,NULL,NULL,NULL),(146,87,23,1,'',0,'2022-10-21 11:38:05',1,NULL,NULL,NULL,NULL),(147,87,74,4,'',0,'2022-10-19 08:03:53',1,NULL,NULL,NULL,NULL),(148,87,87,4,'',0,'2022-11-05 14:42:30',1,NULL,NULL,NULL,NULL),(149,90,169,4,'',0,'2022-10-28 04:12:36',1,NULL,NULL,NULL,NULL),(150,90,141,2,'',0,'2022-10-21 04:34:07',1,NULL,NULL,NULL,NULL),(151,90,59,3,'',0,'2022-10-21 06:14:38',1,NULL,NULL,NULL,NULL),(152,90,11,1,'',0,'2022-11-02 05:10:43',1,NULL,NULL,NULL,NULL),(153,90,196,1,'',0,'2022-11-01 17:14:04',1,NULL,NULL,NULL,NULL),(154,90,208,1,'',0,'2022-11-08 10:58:05',1,NULL,NULL,NULL,NULL),(155,93,189,2,'',0,'2022-11-01 02:15:12',1,NULL,NULL,NULL,NULL),(156,93,81,2,'',0,'2022-10-31 20:36:20',1,NULL,NULL,NULL,NULL),(157,93,145,4,'',0,'2022-10-21 01:46:26',1,NULL,NULL,NULL,NULL),(158,93,74,4,'',0,'2022-11-08 22:32:42',1,NULL,NULL,NULL,NULL),(159,93,177,2,'',0,'2022-10-19 14:24:22',1,NULL,NULL,NULL,NULL),(160,93,12,2,'',0,'2022-10-21 13:37:03',1,NULL,NULL,NULL,NULL),(161,95,187,2,'',0,'2022-11-03 04:53:07',1,NULL,NULL,NULL,NULL),(162,95,131,5,'',0,'2022-10-22 17:47:39',1,NULL,NULL,NULL,NULL),(163,98,69,5,'',0,'2022-10-14 04:49:50',1,NULL,NULL,NULL,NULL),(164,98,65,3,'',0,'2022-10-27 05:13:42',1,NULL,NULL,NULL,NULL),(165,98,114,4,'',0,'2022-10-19 16:27:21',1,NULL,NULL,NULL,NULL),(166,98,111,4,'',0,'2022-10-16 00:30:16',1,NULL,NULL,NULL,NULL),(167,98,205,4,'',0,'2022-10-15 00:51:08',1,NULL,NULL,NULL,NULL),(168,98,184,5,'',0,'2022-11-03 14:52:21',1,NULL,NULL,NULL,NULL),(169,98,22,2,'',0,'2022-11-01 03:28:33',1,NULL,NULL,NULL,NULL),(170,98,114,4,'',0,'2022-11-04 07:29:07',1,NULL,NULL,NULL,NULL),(171,98,11,4,'',0,'2022-10-19 11:37:21',1,NULL,NULL,NULL,NULL),(172,98,176,2,'',0,'2022-11-06 12:55:14',1,NULL,NULL,NULL,NULL),(173,103,35,2,'',0,'2022-10-16 13:17:03',1,NULL,NULL,NULL,NULL),(174,103,40,3,'',0,'2022-10-21 04:38:40',1,NULL,NULL,NULL,NULL),(175,103,89,5,'',0,'2022-11-08 06:45:05',1,NULL,NULL,NULL,NULL),(176,103,96,5,'',0,'2022-10-19 19:43:25',1,NULL,NULL,NULL,NULL),(177,107,192,3,'',0,'2022-10-30 04:33:51',1,NULL,NULL,NULL,NULL),(178,107,201,5,'',0,'2022-10-25 12:38:34',1,NULL,NULL,NULL,NULL),(179,108,73,4,'',0,'2022-10-22 06:07:40',1,NULL,NULL,NULL,NULL),(180,108,138,3,'',0,'2022-10-31 19:54:33',1,NULL,NULL,NULL,NULL),(181,108,51,2,'',0,'2022-10-31 16:54:46',1,NULL,NULL,NULL,NULL),(182,108,57,4,'',0,'2022-10-18 16:06:57',1,NULL,NULL,NULL,NULL),(183,108,124,2,'',0,'2022-11-01 15:00:39',1,NULL,NULL,NULL,NULL),(184,108,51,1,'',0,'2022-10-26 22:58:09',1,NULL,NULL,NULL,NULL),(185,108,33,2,'',0,'2022-11-04 12:58:44',1,NULL,NULL,NULL,NULL),(186,110,84,1,'',0,'2022-11-06 20:25:23',1,NULL,NULL,NULL,NULL),(187,110,60,2,'',0,'2022-10-16 16:39:43',1,NULL,NULL,NULL,NULL),(188,110,71,1,'',0,'2022-10-17 19:09:37',1,NULL,NULL,NULL,NULL),(189,110,213,1,'',0,'2022-10-26 10:54:19',1,NULL,NULL,NULL,NULL),(190,110,216,5,'',0,'2022-10-14 07:10:56',1,NULL,NULL,NULL,NULL),(191,110,160,1,'',0,'2022-10-19 02:54:59',1,NULL,NULL,NULL,NULL),(192,110,68,2,'',0,'2022-10-24 00:10:20',1,NULL,NULL,NULL,NULL),(193,110,86,2,'',0,'2022-11-03 00:58:25',1,NULL,NULL,NULL,NULL),(194,110,149,3,'',0,'2022-11-02 13:55:14',1,NULL,NULL,NULL,NULL),(195,110,204,4,'',0,'2022-10-29 22:49:00',1,NULL,NULL,NULL,NULL),(196,111,213,2,'',0,'2022-11-08 22:57:50',1,NULL,NULL,NULL,NULL),(197,111,154,4,'',0,'2022-11-02 02:34:32',1,NULL,NULL,NULL,NULL),(198,111,98,1,'',0,'2022-10-25 17:04:46',1,NULL,NULL,NULL,NULL),(199,111,176,2,'',0,'2022-10-29 16:31:29',1,NULL,NULL,NULL,NULL),(200,112,2,2,'',0,'2022-10-14 17:13:13',1,NULL,NULL,NULL,NULL),(201,112,101,1,'',0,'2022-10-13 19:13:41',1,NULL,NULL,NULL,NULL),(202,112,146,2,'',0,'2022-10-17 23:35:25',1,NULL,NULL,NULL,NULL),(203,113,56,3,'',0,'2022-10-21 22:22:00',1,NULL,NULL,NULL,NULL),(204,113,83,3,'',0,'2022-10-25 07:04:18',1,NULL,NULL,NULL,NULL),(205,113,134,2,'',0,'2022-11-08 09:35:56',1,NULL,NULL,NULL,NULL),(206,113,82,5,'',0,'2022-10-29 12:35:35',1,NULL,NULL,NULL,NULL),(207,113,77,4,'',0,'2022-11-04 05:36:54',1,NULL,NULL,NULL,NULL),(208,113,18,4,'',0,'2022-10-19 23:49:54',1,NULL,NULL,NULL,NULL),(209,113,105,2,'',0,'2022-10-23 16:24:38',1,NULL,NULL,NULL,NULL),(210,113,18,3,'',0,'2022-10-29 07:46:53',1,NULL,NULL,NULL,NULL),(211,115,119,4,'',0,'2022-11-05 04:37:41',1,NULL,NULL,NULL,NULL),(212,115,3,2,'',0,'2022-10-20 01:40:44',1,NULL,NULL,NULL,NULL),(213,115,136,2,'',0,'2022-10-18 18:03:16',1,NULL,NULL,NULL,NULL),(214,115,182,4,'',0,'2022-10-23 08:29:37',1,NULL,NULL,NULL,NULL),(215,115,43,5,'',0,'2022-10-14 04:14:17',1,NULL,NULL,NULL,NULL),(216,115,151,3,'',0,'2022-10-28 06:07:59',1,NULL,NULL,NULL,NULL),(217,116,201,3,'',0,'2022-11-08 16:11:01',1,NULL,NULL,NULL,NULL),(218,116,189,3,'',0,'2022-10-12 12:03:45',1,NULL,NULL,NULL,NULL),(219,116,204,5,'',0,'2022-11-01 11:26:09',1,NULL,NULL,NULL,NULL),(220,116,54,5,'',0,'2022-10-16 06:15:32',1,NULL,NULL,NULL,NULL),(221,116,12,3,'',0,'2022-10-12 05:58:01',1,NULL,NULL,NULL,NULL),(222,116,8,5,'',0,'2022-10-22 15:15:28',1,NULL,NULL,NULL,NULL),(223,116,189,4,'',0,'2022-10-13 04:23:36',1,NULL,NULL,NULL,NULL),(224,116,70,3,'',0,'2022-11-06 11:53:19',1,NULL,NULL,NULL,NULL),(225,117,200,5,'',0,'2022-10-14 17:05:50',1,NULL,NULL,NULL,NULL),(226,117,102,4,'',0,'2022-10-20 08:40:44',1,NULL,NULL,NULL,NULL),(227,117,17,2,'',0,'2022-10-29 22:26:05',1,NULL,NULL,NULL,NULL),(228,117,13,1,'',0,'2022-10-14 17:30:41',1,NULL,NULL,NULL,NULL),(229,117,57,4,'',0,'2022-10-20 07:19:16',1,NULL,NULL,NULL,NULL),(230,117,46,5,'',0,'2022-10-17 06:18:50',1,NULL,NULL,NULL,NULL),(231,117,166,2,'',0,'2022-10-25 18:05:08',1,NULL,NULL,NULL,NULL),(232,117,22,4,'',0,'2022-10-30 21:39:04',1,NULL,NULL,NULL,NULL),(233,118,110,1,'',0,'2022-11-06 19:24:52',1,NULL,NULL,NULL,NULL),(234,118,194,1,'',0,'2022-10-29 19:31:07',1,NULL,NULL,NULL,NULL),(235,118,24,1,'',0,'2022-10-15 19:50:32',1,NULL,NULL,NULL,NULL),(236,118,204,1,'',0,'2022-10-23 05:23:20',1,NULL,NULL,NULL,NULL),(237,118,217,5,'',0,'2022-11-08 00:34:42',1,NULL,NULL,NULL,NULL),(238,118,82,2,'',0,'2022-10-21 14:22:26',1,NULL,NULL,NULL,NULL),(239,118,78,3,'',0,'2022-10-19 03:29:25',1,NULL,NULL,NULL,NULL),(240,119,66,5,'',0,'2022-10-21 05:00:07',1,NULL,NULL,NULL,NULL),(241,119,29,4,'',0,'2022-10-23 09:03:07',1,NULL,NULL,NULL,NULL),(242,119,18,2,'',0,'2022-10-31 23:00:16',1,NULL,NULL,NULL,NULL),(243,119,67,5,'',0,'2022-10-14 18:24:32',1,NULL,NULL,NULL,NULL),(244,119,92,5,'',0,'2022-10-22 07:07:42',1,NULL,NULL,NULL,NULL),(245,119,81,1,'',0,'2022-11-02 12:45:13',1,NULL,NULL,NULL,NULL),(246,119,95,2,'',0,'2022-10-25 02:55:17',1,NULL,NULL,NULL,NULL),(247,119,168,1,'',0,'2022-11-09 15:51:25',1,NULL,NULL,NULL,NULL),(248,119,155,2,'',0,'2022-10-25 18:28:04',1,NULL,NULL,NULL,NULL),(249,122,44,2,'',0,'2022-11-06 07:29:53',1,NULL,NULL,NULL,NULL),(250,122,180,3,'',0,'2022-11-09 23:11:46',1,NULL,NULL,NULL,NULL),(251,122,152,5,'',0,'2022-10-24 12:38:08',1,NULL,NULL,NULL,NULL),(252,122,206,5,'',0,'2022-10-22 07:15:06',1,NULL,NULL,NULL,NULL),(253,122,197,4,'',0,'2022-10-17 02:18:18',1,NULL,NULL,NULL,NULL),(254,122,176,1,'',0,'2022-10-20 08:58:50',1,NULL,NULL,NULL,NULL),(255,124,54,4,'',0,'2022-10-25 19:33:39',1,NULL,NULL,NULL,NULL),(256,124,88,3,'',0,'2022-11-03 15:42:59',1,NULL,NULL,NULL,NULL),(257,124,5,3,'',0,'2022-11-02 16:18:52',1,NULL,NULL,NULL,NULL),(258,124,26,5,'',0,'2022-11-08 08:51:44',1,NULL,NULL,NULL,NULL),(259,124,125,3,'',0,'2022-10-31 02:26:20',1,NULL,NULL,NULL,NULL),(260,124,20,3,'',0,'2022-11-01 16:18:26',1,NULL,NULL,NULL,NULL),(261,124,183,5,'',0,'2022-11-06 23:33:32',1,NULL,NULL,NULL,NULL),(262,124,86,2,'',0,'2022-10-21 15:35:53',1,NULL,NULL,NULL,NULL),(263,124,156,5,'',0,'2022-11-04 07:14:10',1,NULL,NULL,NULL,NULL),(264,124,56,5,'',0,'2022-10-14 19:31:50',1,NULL,NULL,NULL,NULL),(265,129,20,1,'',0,'2022-11-08 23:14:44',1,NULL,NULL,NULL,NULL),(266,129,121,1,'',0,'2022-10-26 05:06:44',1,NULL,NULL,NULL,NULL),(267,131,64,5,'',0,'2022-11-04 10:09:13',1,NULL,NULL,NULL,NULL),(268,131,9,3,'',0,'2022-10-20 01:44:10',1,NULL,NULL,NULL,NULL),(269,132,167,2,'',0,'2022-10-28 22:49:15',1,NULL,NULL,NULL,NULL),(270,132,202,4,'',0,'2022-10-26 22:10:06',1,NULL,NULL,NULL,NULL),(271,132,163,3,'',0,'2022-10-11 14:51:47',1,NULL,NULL,NULL,NULL),(272,132,134,3,'',0,'2022-11-09 00:49:45',1,NULL,NULL,NULL,NULL),(273,132,150,5,'',0,'2022-11-02 05:01:38',1,NULL,NULL,NULL,NULL),(274,132,127,5,'',0,'2022-10-31 04:20:36',1,NULL,NULL,NULL,NULL),(275,133,54,2,'',0,'2022-10-23 01:41:07',1,NULL,NULL,NULL,NULL),(276,133,3,5,'',0,'2022-10-31 17:23:09',1,NULL,NULL,NULL,NULL),(277,133,218,5,'',0,'2022-10-19 06:16:07',1,NULL,NULL,NULL,NULL),(278,133,95,3,'',0,'2022-10-12 12:16:00',1,NULL,NULL,NULL,NULL),(279,133,200,3,'',0,'2022-11-07 01:08:50',1,NULL,NULL,NULL,NULL),(280,133,117,5,'',0,'2022-10-29 13:49:41',1,NULL,NULL,NULL,NULL),(281,133,33,5,'',0,'2022-10-18 20:07:05',1,NULL,NULL,NULL,NULL),(282,133,153,1,'',0,'2022-10-19 01:18:52',1,NULL,NULL,NULL,NULL),(283,133,165,1,'',0,'2022-10-14 15:41:31',1,NULL,NULL,NULL,NULL),(284,134,54,3,'',0,'2022-11-06 22:48:22',1,NULL,NULL,NULL,NULL),(285,134,101,1,'',0,'2022-10-24 21:42:56',1,NULL,NULL,NULL,NULL),(286,139,218,5,'',0,'2022-10-21 05:39:30',1,NULL,NULL,NULL,NULL),(287,140,91,5,'',0,'2022-10-27 13:24:37',1,NULL,NULL,NULL,NULL),(288,140,30,1,'',0,'2022-10-18 18:51:03',1,NULL,NULL,NULL,NULL),(289,140,124,3,'',0,'2022-10-13 13:55:37',1,NULL,NULL,NULL,NULL),(290,140,186,2,'',0,'2022-10-26 06:42:58',1,NULL,NULL,NULL,NULL),(291,140,16,3,'',0,'2022-11-08 21:35:08',1,NULL,NULL,NULL,NULL),(292,140,179,4,'',0,'2022-10-27 02:58:02',1,NULL,NULL,NULL,NULL),(293,140,208,4,'',0,'2022-10-13 23:24:38',1,NULL,NULL,NULL,NULL),(294,140,6,4,'',0,'2022-10-12 00:26:19',1,NULL,NULL,NULL,NULL),(295,140,152,1,'',0,'2022-10-19 11:07:50',1,NULL,NULL,NULL,NULL),(296,140,206,3,'',0,'2022-11-02 15:21:34',1,NULL,NULL,NULL,NULL),(297,149,114,3,'',0,'2022-10-19 22:23:38',1,NULL,NULL,NULL,NULL),(298,149,101,4,'',0,'2022-10-30 19:07:25',1,NULL,NULL,NULL,NULL),(299,149,2,4,'',0,'2022-11-03 22:03:39',1,NULL,NULL,NULL,NULL),(300,149,165,5,'',0,'2022-11-05 19:54:07',1,NULL,NULL,NULL,NULL),(301,153,164,4,'',0,'2022-10-31 13:25:57',1,NULL,NULL,NULL,NULL),(302,153,68,3,'',0,'2022-11-01 02:12:44',1,NULL,NULL,NULL,NULL),(303,153,126,1,'',0,'2022-10-25 22:42:49',1,NULL,NULL,NULL,NULL),(304,153,153,3,'',0,'2022-10-23 23:41:59',1,NULL,NULL,NULL,NULL),(305,153,27,2,'',0,'2022-10-21 05:51:59',1,NULL,NULL,NULL,NULL),(306,153,58,4,'',0,'2022-11-02 11:23:38',1,NULL,NULL,NULL,NULL),(307,153,150,2,'',0,'2022-10-30 02:50:14',1,NULL,NULL,NULL,NULL),(308,153,10,4,'',0,'2022-11-09 04:12:11',1,NULL,NULL,NULL,NULL),(309,154,50,2,'',0,'2022-10-15 03:21:00',1,NULL,NULL,NULL,NULL),(310,154,82,4,'',0,'2022-10-16 12:09:15',1,NULL,NULL,NULL,NULL),(311,154,74,5,'',0,'2022-10-28 02:58:37',1,NULL,NULL,NULL,NULL),(312,154,32,2,'',0,'2022-11-06 08:06:37',1,NULL,NULL,NULL,NULL),(313,154,208,2,'',0,'2022-10-29 19:09:48',1,NULL,NULL,NULL,NULL),(314,154,78,2,'',0,'2022-10-17 15:09:46',1,NULL,NULL,NULL,NULL),(315,157,83,1,'',0,'2022-11-04 12:23:43',1,NULL,NULL,NULL,NULL),(316,157,50,3,'',0,'2022-10-30 20:53:10',1,NULL,NULL,NULL,NULL),(317,157,113,5,'',0,'2022-10-24 21:09:42',1,NULL,NULL,NULL,NULL),(318,157,163,3,'',0,'2022-10-14 11:36:09',1,NULL,NULL,NULL,NULL),(319,157,54,4,'',0,'2022-10-24 10:21:46',1,NULL,NULL,NULL,NULL),(320,157,77,1,'',0,'2022-10-30 09:05:38',1,NULL,NULL,NULL,NULL),(321,157,57,5,'',0,'2022-11-08 04:06:45',1,NULL,NULL,NULL,NULL),(322,157,199,5,'',0,'2022-10-25 16:16:11',1,NULL,NULL,NULL,NULL),(323,157,178,5,'',0,'2022-10-21 05:09:14',1,NULL,NULL,NULL,NULL),(324,159,71,3,'',0,'2022-11-06 16:56:16',1,NULL,NULL,NULL,NULL),(325,159,218,5,'',0,'2022-10-11 20:55:39',1,NULL,NULL,NULL,NULL),(326,159,197,3,'',0,'2022-11-06 20:45:26',1,NULL,NULL,NULL,NULL),(327,159,57,5,'',0,'2022-10-27 03:58:56',1,NULL,NULL,NULL,NULL),(328,159,186,5,'',0,'2022-10-19 23:50:20',1,NULL,NULL,NULL,NULL),(329,162,197,3,'',0,'2022-11-04 08:03:18',1,NULL,NULL,NULL,NULL),(330,165,204,2,'',0,'2022-11-01 20:47:47',1,NULL,NULL,NULL,NULL),(331,168,198,2,'',0,'2022-10-23 08:55:12',1,NULL,NULL,NULL,NULL),(332,168,53,5,'',0,'2022-11-06 12:13:54',1,NULL,NULL,NULL,NULL),(333,168,79,3,'',0,'2022-10-28 07:23:40',1,NULL,NULL,NULL,NULL),(334,173,126,3,'',0,'2022-10-15 06:37:34',1,NULL,NULL,NULL,NULL),(335,173,207,5,'',0,'2022-10-21 20:36:01',1,NULL,NULL,NULL,NULL),(336,173,16,3,'',0,'2022-10-14 15:36:47',1,NULL,NULL,NULL,NULL),(337,173,136,4,'',0,'2022-10-24 04:13:43',1,NULL,NULL,NULL,NULL),(338,173,6,2,'',0,'2022-10-20 11:51:00',1,NULL,NULL,NULL,NULL),(339,173,187,4,'',0,'2022-10-16 21:03:20',1,NULL,NULL,NULL,NULL),(340,173,144,4,'',0,'2022-10-29 13:48:49',1,NULL,NULL,NULL,NULL),(341,175,176,1,'',0,'2022-10-28 14:50:16',1,NULL,NULL,NULL,NULL),(342,175,85,5,'',0,'2022-10-21 11:30:05',1,NULL,NULL,NULL,NULL),(343,175,120,4,'',0,'2022-10-14 04:25:33',1,NULL,NULL,NULL,NULL),(344,177,156,1,'',0,'2022-11-05 04:29:15',1,NULL,NULL,NULL,NULL),(345,177,147,2,'',0,'2022-10-29 15:17:09',1,NULL,NULL,NULL,NULL),(346,177,94,1,'',0,'2022-11-04 00:30:19',1,NULL,NULL,NULL,NULL),(347,177,93,1,'',0,'2022-10-25 14:21:14',1,NULL,NULL,NULL,NULL),(348,177,32,1,'',0,'2022-10-13 14:16:42',1,NULL,NULL,NULL,NULL),(349,177,55,5,'',0,'2022-11-09 23:21:48',1,NULL,NULL,NULL,NULL),(350,177,194,5,'',0,'2022-11-03 16:26:59',1,NULL,NULL,NULL,NULL),(351,179,117,1,'',0,'2022-11-03 08:03:30',1,NULL,NULL,NULL,NULL),(352,179,176,3,'',0,'2022-10-29 01:15:29',1,NULL,NULL,NULL,NULL),(353,179,112,1,'',0,'2022-10-12 02:22:32',1,NULL,NULL,NULL,NULL),(354,179,173,4,'',0,'2022-10-12 07:33:09',1,NULL,NULL,NULL,NULL),(355,179,128,5,'',0,'2022-10-15 22:32:23',1,NULL,NULL,NULL,NULL),(356,179,216,3,'',0,'2022-11-06 11:43:48',1,NULL,NULL,NULL,NULL),(357,179,40,4,'',0,'2022-10-15 06:50:24',1,NULL,NULL,NULL,NULL),(358,179,119,2,'',0,'2022-10-20 13:36:28',1,NULL,NULL,NULL,NULL),(359,179,195,3,'',0,'2022-10-18 20:22:05',1,NULL,NULL,NULL,NULL),(360,183,73,2,'',0,'2022-11-07 21:56:32',1,NULL,NULL,NULL,NULL),(361,183,178,4,'',0,'2022-10-15 03:43:06',1,NULL,NULL,NULL,NULL),(362,183,138,1,'',0,'2022-11-03 12:25:48',1,NULL,NULL,NULL,NULL),(363,183,69,3,'',0,'2022-11-08 04:43:52',1,NULL,NULL,NULL,NULL),(364,184,128,3,'',0,'2022-11-02 13:59:20',1,NULL,NULL,NULL,NULL),(365,184,106,4,'',0,'2022-10-24 00:47:36',1,NULL,NULL,NULL,NULL),(366,184,105,5,'',0,'2022-10-21 09:09:46',1,NULL,NULL,NULL,NULL),(367,184,27,1,'',0,'2022-11-04 05:21:45',1,NULL,NULL,NULL,NULL),(368,186,193,3,'',0,'2022-10-31 00:57:52',1,NULL,NULL,NULL,NULL),(369,186,63,5,'',0,'2022-11-07 14:28:24',1,NULL,NULL,NULL,NULL),(370,186,193,2,'',0,'2022-11-08 08:18:42',1,NULL,NULL,NULL,NULL),(371,186,132,2,'',0,'2022-11-08 09:07:25',1,NULL,NULL,NULL,NULL),(372,186,106,4,'',0,'2022-10-12 20:28:36',1,NULL,NULL,NULL,NULL),(373,186,104,5,'',0,'2022-11-04 02:07:39',1,NULL,NULL,NULL,NULL),(374,186,104,5,'',0,'2022-10-27 07:23:22',1,NULL,NULL,NULL,NULL),(375,186,73,5,'',0,'2022-10-28 21:01:28',1,NULL,NULL,NULL,NULL),(376,186,81,1,'',0,'2022-10-18 06:29:43',1,NULL,NULL,NULL,NULL),(377,186,163,2,'',0,'2022-10-14 22:08:01',1,NULL,NULL,NULL,NULL),(378,188,143,2,'',0,'2022-10-26 20:41:25',1,NULL,NULL,NULL,NULL),(379,189,145,5,'',0,'2022-11-06 00:19:42',1,NULL,NULL,NULL,NULL),(380,189,47,4,'',0,'2022-10-19 14:21:03',1,NULL,NULL,NULL,NULL),(381,189,37,1,'',0,'2022-10-13 22:32:18',1,NULL,NULL,NULL,NULL),(382,189,217,1,'',0,'2022-10-30 17:13:14',1,NULL,NULL,NULL,NULL),(383,189,100,4,'',0,'2022-10-31 06:43:15',1,NULL,NULL,NULL,NULL),(384,189,211,3,'',0,'2022-10-18 21:18:41',1,NULL,NULL,NULL,NULL),(385,189,81,3,'',0,'2022-10-25 00:05:06',1,NULL,NULL,NULL,NULL),(386,189,70,3,'',0,'2022-10-20 01:43:10',1,NULL,NULL,NULL,NULL),(387,189,146,1,'',0,'2022-10-23 21:26:02',1,NULL,NULL,NULL,NULL),(388,193,216,4,'',0,'2022-11-08 08:15:53',1,NULL,NULL,NULL,NULL),(389,193,193,1,'',0,'2022-10-24 12:34:37',1,NULL,NULL,NULL,NULL),(390,193,50,3,'',0,'2022-10-13 07:52:01',1,NULL,NULL,NULL,NULL),(391,193,181,5,'',0,'2022-11-06 22:34:37',1,NULL,NULL,NULL,NULL),(392,199,121,5,'',0,'2022-10-15 22:13:29',1,NULL,NULL,NULL,NULL),(393,199,143,4,'',0,'2022-10-21 01:31:03',1,NULL,NULL,NULL,NULL),(394,201,120,2,'',0,'2022-10-13 06:37:24',1,NULL,NULL,NULL,NULL),(395,201,54,5,'',0,'2022-11-02 20:38:02',1,NULL,NULL,NULL,NULL),(396,201,34,4,'',0,'2022-11-01 19:37:47',1,NULL,NULL,NULL,NULL),(397,201,47,5,'',0,'2022-11-02 09:35:41',1,NULL,NULL,NULL,NULL),(398,201,92,5,'',0,'2022-11-05 17:30:51',1,NULL,NULL,NULL,NULL),(399,202,114,5,'',0,'2022-10-12 05:07:33',1,NULL,NULL,NULL,NULL),(400,202,150,1,'',0,'2022-10-20 12:11:59',1,NULL,NULL,NULL,NULL),(401,202,107,3,'',0,'2022-10-12 11:48:04',1,NULL,NULL,NULL,NULL),(402,202,147,5,'',0,'2022-10-11 06:38:14',1,NULL,NULL,NULL,NULL),(403,202,53,1,'',0,'2022-10-17 16:48:07',1,NULL,NULL,NULL,NULL),(404,202,183,5,'',0,'2022-10-23 08:19:53',1,NULL,NULL,NULL,NULL),(405,205,112,1,'',0,'2022-11-05 20:22:18',1,NULL,NULL,NULL,NULL),(406,205,202,3,'',0,'2022-11-08 17:23:55',1,NULL,NULL,NULL,NULL),(407,205,78,3,'',0,'2022-10-27 15:49:11',1,NULL,NULL,NULL,NULL),(408,205,198,5,'',0,'2022-10-28 04:22:55',1,NULL,NULL,NULL,NULL),(409,205,201,1,'',0,'2022-10-21 10:07:59',1,NULL,NULL,NULL,NULL),(410,205,35,2,'',0,'2022-11-06 23:54:05',1,NULL,NULL,NULL,NULL),(411,206,84,3,'',0,'2022-10-22 21:47:33',1,NULL,NULL,NULL,NULL),(412,206,102,3,'',0,'2022-10-26 12:44:45',1,NULL,NULL,NULL,NULL),(413,206,24,4,'',0,'2022-10-11 15:16:21',1,NULL,NULL,NULL,NULL),(414,206,126,2,'',0,'2022-11-08 12:11:36',1,NULL,NULL,NULL,NULL),(415,206,11,4,'',0,'2022-10-16 06:24:48',1,NULL,NULL,NULL,NULL),(416,209,171,5,'',0,'2022-10-20 18:07:16',1,NULL,NULL,NULL,NULL),(417,209,73,1,'',0,'2022-10-13 13:21:40',1,NULL,NULL,NULL,NULL),(418,209,32,1,'',0,'2022-11-02 16:17:53',1,NULL,NULL,NULL,NULL),(419,209,17,4,'',0,'2022-10-20 07:54:42',1,NULL,NULL,NULL,NULL),(420,209,59,3,'',0,'2022-11-05 21:17:38',1,NULL,NULL,NULL,NULL),(421,209,187,2,'',0,'2022-11-01 20:43:43',1,NULL,NULL,NULL,NULL),(422,211,196,4,'',0,'2022-10-20 03:43:18',1,NULL,NULL,NULL,NULL),(423,211,69,1,'',0,'2022-10-12 19:42:28',1,NULL,NULL,NULL,NULL),(424,211,115,1,'',0,'2022-10-19 22:19:30',1,NULL,NULL,NULL,NULL),(425,211,173,4,'',0,'2022-10-31 19:14:58',1,NULL,NULL,NULL,NULL),(426,211,130,5,'',0,'2022-10-23 08:50:19',1,NULL,NULL,NULL,NULL),(427,211,32,3,'',0,'2022-11-08 18:03:07',1,NULL,NULL,NULL,NULL),(428,211,128,4,'',0,'2022-10-30 09:41:44',1,NULL,NULL,NULL,NULL),(429,211,172,1,'',0,'2022-11-01 19:24:53',1,NULL,NULL,NULL,NULL),(430,213,147,1,'',0,'2022-11-03 18:38:26',1,NULL,NULL,NULL,NULL),(431,213,63,3,'',0,'2022-11-04 02:07:55',1,NULL,NULL,NULL,NULL),(432,213,90,3,'',0,'2022-10-28 22:43:51',1,NULL,NULL,NULL,NULL),(433,213,171,4,'',0,'2022-10-24 23:20:53',1,NULL,NULL,NULL,NULL),(434,213,155,4,'',0,'2022-10-18 23:55:01',1,NULL,NULL,NULL,NULL),(435,213,68,2,'',0,'2022-10-14 14:23:59',1,NULL,NULL,NULL,NULL),(436,217,157,2,'',0,'2022-10-13 03:27:37',1,NULL,NULL,NULL,NULL),(437,217,76,2,'',0,'2022-10-11 22:07:05',1,NULL,NULL,NULL,NULL),(438,217,31,5,'',0,'2022-10-29 23:22:37',1,NULL,NULL,NULL,NULL),(439,220,119,4,'',0,'2022-10-28 16:38:02',1,NULL,NULL,NULL,NULL),(440,220,218,3,'',0,'2022-10-11 19:20:00',1,NULL,NULL,NULL,NULL),(441,220,171,3,'',0,'2022-10-25 16:40:58',1,NULL,NULL,NULL,NULL),(442,220,26,2,'',0,'2022-10-17 21:27:03',1,NULL,NULL,NULL,NULL),(443,220,32,5,'',0,'2022-11-02 10:43:35',1,NULL,NULL,NULL,NULL),(444,220,71,2,'',0,'2022-10-23 14:36:48',1,NULL,NULL,NULL,NULL),(445,220,82,4,'',0,'2022-11-05 13:14:26',1,NULL,NULL,NULL,NULL),(446,220,115,3,'',0,'2022-11-02 18:13:29',1,NULL,NULL,NULL,NULL),(447,220,208,1,'',0,'2022-10-14 06:45:14',1,NULL,NULL,NULL,NULL),(448,222,48,5,'',0,'2022-10-16 23:52:35',1,NULL,NULL,NULL,NULL),(449,222,121,1,'',0,'2022-10-15 23:17:51',1,NULL,NULL,NULL,NULL),(450,222,81,2,'',0,'2022-10-23 23:37:23',1,NULL,NULL,NULL,NULL),(451,222,29,4,'',0,'2022-10-14 00:49:30',1,NULL,NULL,NULL,NULL),(452,222,103,3,'',0,'2022-10-28 18:16:17',1,NULL,NULL,NULL,NULL),(453,222,38,1,'',0,'2022-10-15 02:05:39',1,NULL,NULL,NULL,NULL),(454,223,50,5,'',0,'2022-10-14 18:22:45',1,NULL,NULL,NULL,NULL),(455,223,177,4,'',0,'2022-11-07 00:25:08',1,NULL,NULL,NULL,NULL),(456,223,146,4,'',0,'2022-10-11 04:26:08',1,NULL,NULL,NULL,NULL),(457,223,48,5,'',0,'2022-11-02 09:10:02',1,NULL,NULL,NULL,NULL),(458,223,162,4,'',0,'2022-10-23 16:44:36',1,NULL,NULL,NULL,NULL),(459,224,50,5,'',0,'2022-10-30 13:35:55',1,NULL,NULL,NULL,NULL),(460,224,171,4,'',0,'2022-11-08 21:20:08',1,NULL,NULL,NULL,NULL),(461,228,63,4,'',0,'2022-11-01 23:33:25',1,NULL,NULL,NULL,NULL),(462,228,126,4,'',0,'2022-10-23 19:31:33',1,NULL,NULL,NULL,NULL),(463,228,165,1,'',0,'2022-11-09 01:37:35',1,NULL,NULL,NULL,NULL),(464,228,2,4,'',0,'2022-11-06 15:57:28',1,NULL,NULL,NULL,NULL),(465,233,182,5,'',0,'2022-11-04 09:15:14',1,NULL,NULL,NULL,NULL),(466,233,37,1,'',0,'2022-11-02 05:30:37',1,NULL,NULL,NULL,NULL),(467,233,33,1,'',0,'2022-11-09 03:38:25',1,NULL,NULL,NULL,NULL),(468,233,218,2,'',0,'2022-11-07 08:39:32',1,NULL,NULL,NULL,NULL),(469,234,92,4,'',0,'2022-10-16 03:13:49',1,NULL,NULL,NULL,NULL),(470,234,13,3,'',0,'2022-11-08 09:34:55',1,NULL,NULL,NULL,NULL),(471,234,89,2,'',0,'2022-10-11 12:42:33',1,NULL,NULL,NULL,NULL),(472,234,101,3,'',0,'2022-11-04 05:53:19',1,NULL,NULL,NULL,NULL),(473,234,54,5,'',0,'2022-10-19 06:35:07',1,NULL,NULL,NULL,NULL),(474,234,161,2,'',0,'2022-11-01 08:13:16',1,NULL,NULL,NULL,NULL),(475,234,199,4,'',0,'2022-10-24 19:46:12',1,NULL,NULL,NULL,NULL),(476,234,169,5,'',0,'2022-10-12 15:08:09',1,NULL,NULL,NULL,NULL),(477,236,21,2,'',0,'2022-11-07 08:13:05',1,NULL,NULL,NULL,NULL),(478,236,1,5,'',0,'2022-10-14 13:22:59',1,NULL,NULL,NULL,NULL),(479,236,57,4,'',0,'2022-10-15 02:10:28',1,NULL,NULL,NULL,NULL),(480,236,72,5,'',0,'2022-10-17 22:01:25',1,NULL,NULL,NULL,NULL),(481,244,32,2,'',0,'2022-11-02 04:09:17',1,NULL,NULL,NULL,NULL),(482,244,143,3,'',0,'2022-11-01 18:25:54',1,NULL,NULL,NULL,NULL),(483,244,111,3,'',0,'2022-10-29 21:59:43',1,NULL,NULL,NULL,NULL),(484,244,94,5,'',0,'2022-11-02 17:19:41',1,NULL,NULL,NULL,NULL),(485,244,166,1,'',0,'2022-10-13 00:58:34',1,NULL,NULL,NULL,NULL),(486,244,158,4,'',0,'2022-10-23 08:06:45',1,NULL,NULL,NULL,NULL),(487,244,175,1,'',0,'2022-10-26 10:14:59',1,NULL,NULL,NULL,NULL),(488,245,187,2,'',0,'2022-10-30 12:26:40',1,NULL,NULL,NULL,NULL),(489,245,108,5,'',0,'2022-11-05 23:41:58',1,NULL,NULL,NULL,NULL),(490,245,98,2,'',0,'2022-10-15 07:39:20',1,NULL,NULL,NULL,NULL),(491,245,68,2,'',0,'2022-10-24 03:15:09',1,NULL,NULL,NULL,NULL),(492,245,52,5,'',0,'2022-10-22 01:53:45',1,NULL,NULL,NULL,NULL),(493,245,27,1,'',0,'2022-10-20 03:37:28',1,NULL,NULL,NULL,NULL),(494,245,31,4,'',0,'2022-11-04 01:18:31',1,NULL,NULL,NULL,NULL),(495,245,34,2,'',0,'2022-10-16 10:18:23',1,NULL,NULL,NULL,NULL),(496,246,13,5,'',0,'2022-10-20 14:46:37',1,NULL,NULL,NULL,NULL),(497,246,60,5,'',0,'2022-10-26 04:23:02',1,NULL,NULL,NULL,NULL),(498,246,74,5,'',0,'2022-10-28 02:11:48',1,NULL,NULL,NULL,NULL),(499,246,114,3,'',0,'2022-10-19 15:35:52',1,NULL,NULL,NULL,NULL),(500,246,205,5,'',0,'2022-10-25 04:31:14',1,NULL,NULL,NULL,NULL),(501,246,48,4,'',0,'2022-10-29 04:31:44',1,NULL,NULL,NULL,NULL),(502,246,39,5,'',0,'2022-10-23 08:38:04',1,NULL,NULL,NULL,NULL),(503,246,166,3,'',0,'2022-10-25 21:04:19',1,NULL,NULL,NULL,NULL),(504,248,20,1,'',0,'2022-10-16 08:14:46',1,NULL,NULL,NULL,NULL),(505,248,103,5,'',0,'2022-10-20 12:03:57',1,NULL,NULL,NULL,NULL),(506,248,107,4,'',0,'2022-10-14 09:20:48',1,NULL,NULL,NULL,NULL),(507,253,100,4,'',0,'2022-10-25 20:47:36',1,NULL,NULL,NULL,NULL),(508,253,9,3,'',0,'2022-10-22 17:52:38',1,NULL,NULL,NULL,NULL),(509,253,142,4,'',0,'2022-11-02 04:37:20',1,NULL,NULL,NULL,NULL),(510,253,186,1,'',0,'2022-10-19 12:24:37',1,NULL,NULL,NULL,NULL),(511,253,154,2,'',0,'2022-10-29 09:06:00',1,NULL,NULL,NULL,NULL),(512,253,124,5,'',0,'2022-11-01 20:29:06',1,NULL,NULL,NULL,NULL),(513,253,102,3,'',0,'2022-10-23 04:25:48',1,NULL,NULL,NULL,NULL),(514,255,79,3,'',0,'2022-10-29 20:29:28',1,NULL,NULL,NULL,NULL),(515,255,136,3,'',0,'2022-10-31 15:20:46',1,NULL,NULL,NULL,NULL),(516,255,71,5,'',0,'2022-10-13 06:58:11',1,NULL,NULL,NULL,NULL),(517,255,191,3,'',0,'2022-11-08 04:15:57',1,NULL,NULL,NULL,NULL),(518,255,110,3,'',0,'2022-10-31 05:00:34',1,NULL,NULL,NULL,NULL),(519,255,101,5,'',0,'2022-10-25 14:21:09',1,NULL,NULL,NULL,NULL),(520,255,159,1,'',0,'2022-10-17 15:59:50',1,NULL,NULL,NULL,NULL),(521,255,116,1,'',0,'2022-11-02 09:51:38',1,NULL,NULL,NULL,NULL),(522,255,71,2,'',0,'2022-10-31 10:38:00',1,NULL,NULL,NULL,NULL),(523,255,91,1,'',0,'2022-10-15 17:08:56',1,NULL,NULL,NULL,NULL),(524,256,62,3,'',0,'2022-11-08 07:24:49',1,NULL,NULL,NULL,NULL),(525,256,41,4,'',0,'2022-10-31 03:12:35',1,NULL,NULL,NULL,NULL),(526,256,94,2,'',0,'2022-10-15 15:10:53',1,NULL,NULL,NULL,NULL),(527,256,56,3,'',0,'2022-11-04 05:00:35',1,NULL,NULL,NULL,NULL),(528,257,128,5,'',0,'2022-10-21 21:09:00',1,NULL,NULL,NULL,NULL),(529,257,4,1,'',0,'2022-10-29 19:39:25',1,NULL,NULL,NULL,NULL),(530,257,180,1,'',0,'2022-10-14 11:47:26',1,NULL,NULL,NULL,NULL),(531,259,91,5,'',0,'2022-10-20 22:31:03',1,NULL,NULL,NULL,NULL),(532,259,75,4,'',0,'2022-11-08 18:51:33',1,NULL,NULL,NULL,NULL),(533,259,3,3,'',0,'2022-10-11 07:10:44',1,NULL,NULL,NULL,NULL),(534,259,110,4,'',0,'2022-11-06 10:17:32',1,NULL,NULL,NULL,NULL),(535,264,20,5,'',0,'2022-11-07 20:33:07',1,NULL,NULL,NULL,NULL),(536,269,30,2,'',0,'2022-11-04 03:16:13',1,NULL,NULL,NULL,NULL),(537,269,115,2,'',0,'2022-10-17 05:10:57',1,NULL,NULL,NULL,NULL),(538,269,199,1,'',0,'2022-10-17 14:26:33',1,NULL,NULL,NULL,NULL),(539,269,36,4,'',0,'2022-10-23 05:02:03',1,NULL,NULL,NULL,NULL),(540,269,196,4,'',0,'2022-10-29 14:18:53',1,NULL,NULL,NULL,NULL),(541,269,77,2,'',0,'2022-11-01 15:40:03',1,NULL,NULL,NULL,NULL),(542,269,60,1,'',0,'2022-10-29 01:11:32',1,NULL,NULL,NULL,NULL),(543,269,36,4,'',0,'2022-10-28 23:43:59',1,NULL,NULL,NULL,NULL),(544,269,187,2,'',0,'2022-10-20 07:30:39',1,NULL,NULL,NULL,NULL),(545,271,128,1,'',0,'2022-10-23 02:29:31',1,NULL,NULL,NULL,NULL),(546,271,164,3,'',0,'2022-11-08 07:58:01',1,NULL,NULL,NULL,NULL),(547,271,4,1,'',0,'2022-11-01 06:41:27',1,NULL,NULL,NULL,NULL),(548,271,62,4,'',0,'2022-11-04 02:18:41',1,NULL,NULL,NULL,NULL),(549,271,24,2,'',0,'2022-11-08 01:24:48',1,NULL,NULL,NULL,NULL),(550,271,192,5,'',0,'2022-10-24 04:39:56',1,NULL,NULL,NULL,NULL),(551,271,184,2,'',0,'2022-10-25 09:59:28',1,NULL,NULL,NULL,NULL),(552,271,171,2,'',0,'2022-10-24 14:08:09',1,NULL,NULL,NULL,NULL),(553,271,151,5,'',0,'2022-10-11 12:53:42',1,NULL,NULL,NULL,NULL),(554,271,88,1,'',0,'2022-11-03 01:30:22',1,NULL,NULL,NULL,NULL),(555,273,202,3,'',0,'2022-10-11 17:26:37',1,NULL,NULL,NULL,NULL),(556,273,87,2,'',0,'2022-10-27 22:46:36',1,NULL,NULL,NULL,NULL),(557,273,105,5,'',0,'2022-11-05 03:13:19',1,NULL,NULL,NULL,NULL),(558,273,20,5,'',0,'2022-11-06 22:46:07',1,NULL,NULL,NULL,NULL),(559,273,118,3,'',0,'2022-10-30 22:54:13',1,NULL,NULL,NULL,NULL),(560,273,208,5,'',0,'2022-10-31 17:32:41',1,NULL,NULL,NULL,NULL),(561,273,76,5,'',0,'2022-10-20 09:44:06',1,NULL,NULL,NULL,NULL),(562,273,63,3,'',0,'2022-10-28 11:07:44',1,NULL,NULL,NULL,NULL),(563,273,50,5,'',0,'2022-10-11 11:18:51',1,NULL,NULL,NULL,NULL),(564,276,107,2,'',0,'2022-11-08 08:44:17',1,NULL,NULL,NULL,NULL),(565,276,38,2,'',0,'2022-10-24 01:34:03',1,NULL,NULL,NULL,NULL),(566,276,73,1,'',0,'2022-10-19 21:34:50',1,NULL,NULL,NULL,NULL),(567,276,114,3,'',0,'2022-10-19 01:30:38',1,NULL,NULL,NULL,NULL),(568,276,30,4,'',0,'2022-10-13 11:48:52',1,NULL,NULL,NULL,NULL),(569,276,136,1,'',0,'2022-10-24 11:52:10',1,NULL,NULL,NULL,NULL),(570,279,88,4,'',0,'2022-10-30 09:22:39',1,NULL,NULL,NULL,NULL),(571,279,97,2,'',0,'2022-10-29 20:59:51',1,NULL,NULL,NULL,NULL),(572,279,45,1,'',0,'2022-10-15 05:23:19',1,NULL,NULL,NULL,NULL),(573,280,18,2,'',0,'2022-10-28 15:58:47',1,NULL,NULL,NULL,NULL),(574,282,215,1,'',0,'2022-10-25 09:29:26',1,NULL,NULL,NULL,NULL),(575,282,43,1,'',0,'2022-10-29 06:15:49',1,NULL,NULL,NULL,NULL),(576,282,146,5,'',0,'2022-10-17 18:02:37',1,NULL,NULL,NULL,NULL),(577,282,125,5,'',0,'2022-11-01 15:33:26',1,NULL,NULL,NULL,NULL),(578,282,214,2,'',0,'2022-10-17 14:32:58',1,NULL,NULL,NULL,NULL),(579,282,61,1,'',0,'2022-10-11 16:43:01',1,NULL,NULL,NULL,NULL),(580,286,116,2,'',0,'2022-10-18 22:09:18',1,NULL,NULL,NULL,NULL),(581,286,82,2,'',0,'2022-10-22 18:44:44',1,NULL,NULL,NULL,NULL),(582,286,75,3,'',0,'2022-11-09 13:53:39',1,NULL,NULL,NULL,NULL),(583,286,30,4,'',0,'2022-10-23 04:17:16',1,NULL,NULL,NULL,NULL),(584,288,106,2,'',0,'2022-10-12 08:49:16',1,NULL,NULL,NULL,NULL),(585,288,17,4,'',0,'2022-10-29 21:33:07',1,NULL,NULL,NULL,NULL),(586,288,160,5,'',0,'2022-11-06 20:54:05',1,NULL,NULL,NULL,NULL),(587,288,111,4,'',0,'2022-11-07 12:22:06',1,NULL,NULL,NULL,NULL),(588,293,195,3,'',0,'2022-10-21 22:27:49',1,NULL,NULL,NULL,NULL),(589,293,29,1,'',0,'2022-11-09 08:29:03',1,NULL,NULL,NULL,NULL),(590,293,86,1,'',0,'2022-11-01 13:43:55',1,NULL,NULL,NULL,NULL),(591,293,19,2,'',0,'2022-10-16 04:25:15',1,NULL,NULL,NULL,NULL),(592,293,32,1,'',0,'2022-10-16 04:01:50',1,NULL,NULL,NULL,NULL),(593,293,170,1,'',0,'2022-10-21 09:33:52',1,NULL,NULL,NULL,NULL),(594,293,127,2,'',0,'2022-10-30 11:15:54',1,NULL,NULL,NULL,NULL),(595,293,152,2,'',0,'2022-10-25 02:51:15',1,NULL,NULL,NULL,NULL),(596,293,41,3,'',0,'2022-10-15 21:34:20',1,NULL,NULL,NULL,NULL),(597,293,163,1,'',0,'2022-10-25 02:30:58',1,NULL,NULL,NULL,NULL),(598,297,217,1,'',0,'2022-10-26 03:39:00',1,NULL,NULL,NULL,NULL),(599,300,131,1,'',0,'2022-11-08 08:43:47',1,NULL,NULL,NULL,NULL),(600,300,90,5,'',0,'2022-10-17 12:38:27',1,NULL,NULL,NULL,NULL),(601,300,2,1,'',0,'2022-10-31 18:04:35',1,NULL,NULL,NULL,NULL),(602,300,181,3,'',0,'2022-10-18 17:24:27',1,NULL,NULL,NULL,NULL),(603,300,184,5,'',0,'2022-10-29 05:44:13',1,NULL,NULL,NULL,NULL),(604,300,119,2,'',0,'2022-10-25 01:11:30',1,NULL,NULL,NULL,NULL),(605,300,76,4,'',0,'2022-10-31 18:45:47',1,NULL,NULL,NULL,NULL),(606,303,126,5,'',0,'2022-10-15 04:06:02',1,NULL,NULL,NULL,NULL),(607,303,130,4,'',0,'2022-10-26 17:32:46',1,NULL,NULL,NULL,NULL),(608,310,156,5,'',0,'2022-10-17 16:14:37',1,NULL,NULL,NULL,NULL),(609,311,113,1,'',0,'2022-11-08 19:32:51',1,NULL,NULL,NULL,NULL),(610,311,78,4,'',0,'2022-10-17 21:22:39',1,NULL,NULL,NULL,NULL),(611,311,32,1,'',0,'2022-10-28 06:15:42',1,NULL,NULL,NULL,NULL),(612,311,89,3,'',0,'2022-11-05 20:23:01',1,NULL,NULL,NULL,NULL),(613,311,17,4,'',0,'2022-10-12 23:42:53',1,NULL,NULL,NULL,NULL),(614,311,171,4,'',0,'2022-10-13 19:58:43',1,NULL,NULL,NULL,NULL),(615,311,32,2,'',0,'2022-10-13 14:56:47',1,NULL,NULL,NULL,NULL),(616,316,106,2,'',0,'2022-10-11 10:31:58',1,NULL,NULL,NULL,NULL),(617,316,7,3,'',0,'2022-11-08 16:18:22',1,NULL,NULL,NULL,NULL),(618,317,95,1,'',0,'2022-10-16 07:13:01',1,NULL,NULL,NULL,NULL),(619,317,172,1,'',0,'2022-10-15 23:40:42',1,NULL,NULL,NULL,NULL),(620,317,150,2,'',0,'2022-10-29 02:37:24',1,NULL,NULL,NULL,NULL),(621,317,129,1,'',0,'2022-11-04 12:25:56',1,NULL,NULL,NULL,NULL),(622,317,144,1,'',0,'2022-11-01 23:18:11',1,NULL,NULL,NULL,NULL),(623,318,17,4,'',0,'2022-10-23 03:20:00',1,NULL,NULL,NULL,NULL),(624,318,103,2,'',0,'2022-10-29 02:49:17',1,NULL,NULL,NULL,NULL),(625,318,27,1,'',0,'2022-10-17 05:21:16',1,NULL,NULL,NULL,NULL),(626,318,9,4,'',0,'2022-10-19 11:31:59',1,NULL,NULL,NULL,NULL),(627,318,83,3,'',0,'2022-10-28 12:32:54',1,NULL,NULL,NULL,NULL),(628,318,126,5,'',0,'2022-10-26 23:10:53',1,NULL,NULL,NULL,NULL),(629,318,125,2,'',0,'2022-11-08 12:37:00',1,NULL,NULL,NULL,NULL),(630,319,144,1,'',0,'2022-11-02 20:04:34',1,NULL,NULL,NULL,NULL),(631,319,18,2,'',0,'2022-10-11 06:44:53',1,NULL,NULL,NULL,NULL),(632,319,110,5,'',0,'2022-10-18 21:40:37',1,NULL,NULL,NULL,NULL),(633,319,82,4,'',0,'2022-10-23 10:31:27',1,NULL,NULL,NULL,NULL),(634,319,216,2,'',0,'2022-11-10 00:45:46',1,NULL,NULL,NULL,NULL),(635,319,11,2,'',0,'2022-11-01 17:25:37',1,NULL,NULL,NULL,NULL),(636,319,115,2,'',0,'2022-10-18 15:15:14',1,NULL,NULL,NULL,NULL),(637,319,135,3,'',0,'2022-11-06 14:05:36',1,NULL,NULL,NULL,NULL),(638,320,1,2,'',0,'2022-10-19 06:31:51',1,NULL,NULL,NULL,NULL),(639,320,25,5,'',0,'2022-10-25 22:14:14',1,NULL,NULL,NULL,NULL),(640,320,66,4,'',0,'2022-10-24 19:31:52',1,NULL,NULL,NULL,NULL),(641,320,40,5,'',0,'2022-11-01 07:29:53',1,NULL,NULL,NULL,NULL),(642,320,166,5,'',0,'2022-10-26 12:22:39',1,NULL,NULL,NULL,NULL),(643,320,25,2,'',0,'2022-10-24 07:13:59',1,NULL,NULL,NULL,NULL),(644,320,74,1,'',0,'2022-10-27 22:32:19',1,NULL,NULL,NULL,NULL),(645,320,103,4,'',0,'2022-10-25 08:30:31',1,NULL,NULL,NULL,NULL),(646,320,168,5,'',0,'2022-11-06 03:41:53',1,NULL,NULL,NULL,NULL),(647,320,45,3,'',0,'2022-10-14 14:49:38',1,NULL,NULL,NULL,NULL),(648,321,125,4,'',0,'2022-11-02 02:36:52',1,NULL,NULL,NULL,NULL),(649,321,157,1,'',0,'2022-11-08 04:28:24',1,NULL,NULL,NULL,NULL),(650,321,43,4,'',0,'2022-10-30 04:58:10',1,NULL,NULL,NULL,NULL),(651,321,72,2,'',0,'2022-10-31 02:07:10',1,NULL,NULL,NULL,NULL),(652,321,9,3,'',0,'2022-10-27 21:06:44',1,NULL,NULL,NULL,NULL),(653,321,192,1,'',0,'2022-10-25 05:12:08',1,NULL,NULL,NULL,NULL),(654,326,115,2,'',0,'2022-10-31 16:41:34',1,NULL,NULL,NULL,NULL),(655,327,46,3,'',0,'2022-10-27 02:04:43',1,NULL,NULL,NULL,NULL),(656,329,50,5,'',0,'2022-10-18 05:50:01',1,NULL,NULL,NULL,NULL),(657,329,42,2,'',0,'2022-11-05 07:01:10',1,NULL,NULL,NULL,NULL),(658,329,190,1,'',0,'2022-10-15 19:25:13',1,NULL,NULL,NULL,NULL),(659,329,134,3,'',0,'2022-10-24 05:40:47',1,NULL,NULL,NULL,NULL),(660,329,55,2,'',0,'2022-10-20 21:37:06',1,NULL,NULL,NULL,NULL),(661,330,111,4,'',0,'2022-10-27 00:34:15',1,NULL,NULL,NULL,NULL),(662,330,128,3,'',0,'2022-10-28 12:47:39',1,NULL,NULL,NULL,NULL),(663,330,219,1,'',0,'2022-11-07 06:02:03',1,NULL,NULL,NULL,NULL),(664,330,164,1,'',0,'2022-10-27 02:37:27',1,NULL,NULL,NULL,NULL),(665,331,217,1,'',0,'2022-10-17 08:23:48',1,NULL,NULL,NULL,NULL),(666,331,84,1,'',0,'2022-10-23 23:53:26',1,NULL,NULL,NULL,NULL),(667,331,186,4,'',0,'2022-10-19 19:39:29',1,NULL,NULL,NULL,NULL),(668,331,51,5,'',0,'2022-10-16 12:22:25',1,NULL,NULL,NULL,NULL),(669,331,3,1,'',0,'2022-10-23 10:54:54',1,NULL,NULL,NULL,NULL),(670,334,170,3,'',0,'2022-11-03 23:58:28',1,NULL,NULL,NULL,NULL),(671,334,185,4,'',0,'2022-10-21 04:53:20',1,NULL,NULL,NULL,NULL),(672,336,119,4,'',0,'2022-10-31 10:47:17',1,NULL,NULL,NULL,NULL),(673,336,97,4,'',0,'2022-10-20 20:05:22',1,NULL,NULL,NULL,NULL),(674,336,90,3,'',0,'2022-10-19 18:22:30',1,NULL,NULL,NULL,NULL),(675,336,119,4,'',0,'2022-10-25 22:25:32',1,NULL,NULL,NULL,NULL),(676,338,169,1,'',0,'2022-10-19 08:41:52',1,NULL,NULL,NULL,NULL),(677,338,97,4,'',0,'2022-10-25 03:17:59',1,NULL,NULL,NULL,NULL),(678,338,13,2,'',0,'2022-10-30 00:32:13',1,NULL,NULL,NULL,NULL),(679,338,50,2,'',0,'2022-10-28 04:55:22',1,NULL,NULL,NULL,NULL),(680,338,37,3,'',0,'2022-10-27 19:05:54',1,NULL,NULL,NULL,NULL),(681,338,201,3,'',0,'2022-10-13 09:30:22',1,NULL,NULL,NULL,NULL),(682,338,172,5,'',0,'2022-10-28 21:27:33',1,NULL,NULL,NULL,NULL),(683,339,165,3,'',0,'2022-10-22 05:02:42',1,NULL,NULL,NULL,NULL),(684,339,39,4,'',0,'2022-10-17 15:38:15',1,NULL,NULL,NULL,NULL),(685,339,150,4,'',0,'2022-10-20 06:16:19',1,NULL,NULL,NULL,NULL),(686,339,173,4,'',0,'2022-11-03 09:09:01',1,NULL,NULL,NULL,NULL),(687,339,37,1,'',0,'2022-10-30 05:13:49',1,NULL,NULL,NULL,NULL),(688,339,3,2,'',0,'2022-10-24 08:19:49',1,NULL,NULL,NULL,NULL),(689,339,157,3,'',0,'2022-10-11 13:12:05',1,NULL,NULL,NULL,NULL),(690,340,133,3,'',0,'2022-10-24 21:11:29',1,NULL,NULL,NULL,NULL),(691,340,166,3,'',0,'2022-11-05 21:27:44',1,NULL,NULL,NULL,NULL),(692,340,103,4,'',0,'2022-11-05 06:14:36',1,NULL,NULL,NULL,NULL),(693,342,4,2,'',0,'2022-10-12 20:28:11',1,NULL,NULL,NULL,NULL),(694,342,92,4,'',0,'2022-11-05 21:36:14',1,NULL,NULL,NULL,NULL),(695,342,91,4,'',0,'2022-11-03 11:33:19',1,NULL,NULL,NULL,NULL),(696,342,209,1,'',0,'2022-10-21 16:51:31',1,NULL,NULL,NULL,NULL),(697,342,53,3,'',0,'2022-10-25 07:31:08',1,NULL,NULL,NULL,NULL),(698,342,209,2,'',0,'2022-11-09 02:43:22',1,NULL,NULL,NULL,NULL),(699,342,45,2,'',0,'2022-11-03 08:02:16',1,NULL,NULL,NULL,NULL),(700,353,98,2,'',0,'2022-10-25 22:40:23',1,NULL,NULL,NULL,NULL),(701,360,75,3,'',0,'2022-11-03 22:38:08',1,NULL,NULL,NULL,NULL),(702,360,9,5,'',0,'2022-11-05 05:42:02',1,NULL,NULL,NULL,NULL),(703,360,172,4,'',0,'2022-10-19 20:17:09',1,NULL,NULL,NULL,NULL),(704,360,84,2,'',0,'2022-11-03 20:44:51',1,NULL,NULL,NULL,NULL),(705,360,208,3,'',0,'2022-10-24 22:30:05',1,NULL,NULL,NULL,NULL),(706,360,219,3,'',0,'2022-10-16 08:41:34',1,NULL,NULL,NULL,NULL),(707,365,115,2,'',0,'2022-10-13 08:14:36',1,NULL,NULL,NULL,NULL),(708,368,147,3,'',0,'2022-11-08 01:05:15',1,NULL,NULL,NULL,NULL),(709,368,137,2,'',0,'2022-10-20 15:15:14',1,NULL,NULL,NULL,NULL),(710,368,73,3,'',0,'2022-10-19 15:12:57',1,NULL,NULL,NULL,NULL),(711,368,104,4,'',0,'2022-10-15 03:44:03',1,NULL,NULL,NULL,NULL),(712,368,113,2,'',0,'2022-10-23 11:22:35',1,NULL,NULL,NULL,NULL),(713,368,205,4,'',0,'2022-10-27 23:37:47',1,NULL,NULL,NULL,NULL),(714,368,131,4,'',0,'2022-10-13 04:31:38',1,NULL,NULL,NULL,NULL),(715,368,38,3,'',0,'2022-10-27 19:48:53',1,NULL,NULL,NULL,NULL),(716,369,108,2,'',0,'2022-10-31 22:23:02',1,NULL,NULL,NULL,NULL),(717,371,192,2,'',0,'2022-10-22 14:03:00',1,NULL,NULL,NULL,NULL),(718,371,157,3,'',0,'2022-10-24 04:30:36',1,NULL,NULL,NULL,NULL),(719,371,148,5,'',0,'2022-11-06 19:18:33',1,NULL,NULL,NULL,NULL),(720,371,195,1,'',0,'2022-10-25 16:16:54',1,NULL,NULL,NULL,NULL),(721,371,119,1,'',0,'2022-10-30 07:51:21',1,NULL,NULL,NULL,NULL),(722,371,149,2,'',0,'2022-10-17 05:37:42',1,NULL,NULL,NULL,NULL),(723,371,28,1,'',0,'2022-10-27 16:31:57',1,NULL,NULL,NULL,NULL),(724,371,1,1,'',0,'2022-11-01 17:19:23',1,NULL,NULL,NULL,NULL),(725,372,7,5,'',0,'2022-10-21 05:49:09',1,NULL,NULL,NULL,NULL),(726,372,186,2,'',0,'2022-10-18 23:37:47',1,NULL,NULL,NULL,NULL),(727,372,95,4,'',0,'2022-11-01 15:16:19',1,NULL,NULL,NULL,NULL),(728,372,217,5,'',0,'2022-11-05 10:27:10',1,NULL,NULL,NULL,NULL),(729,372,100,3,'',0,'2022-11-06 07:46:16',1,NULL,NULL,NULL,NULL),(730,374,93,4,'',0,'2022-10-18 05:33:57',1,NULL,NULL,NULL,NULL),(731,374,137,5,'',0,'2022-11-01 19:30:07',1,NULL,NULL,NULL,NULL),(732,374,157,3,'',0,'2022-10-29 12:58:13',1,NULL,NULL,NULL,NULL),(733,374,107,1,'',0,'2022-10-15 08:32:01',1,NULL,NULL,NULL,NULL),(734,374,119,3,'',0,'2022-10-29 10:38:09',1,NULL,NULL,NULL,NULL),(735,374,179,4,'',0,'2022-10-12 16:49:25',1,NULL,NULL,NULL,NULL),(736,374,214,3,'',0,'2022-10-17 22:33:55',1,NULL,NULL,NULL,NULL),(737,374,212,4,'',0,'2022-11-07 01:54:58',1,NULL,NULL,NULL,NULL),(738,374,133,2,'',0,'2022-10-15 02:44:11',1,NULL,NULL,NULL,NULL),(739,375,103,1,'',0,'2022-11-06 08:53:13',1,NULL,NULL,NULL,NULL),(740,375,51,4,'',0,'2022-10-25 18:13:58',1,NULL,NULL,NULL,NULL),(741,375,92,2,'',0,'2022-11-03 23:17:13',1,NULL,NULL,NULL,NULL),(742,375,192,1,'',0,'2022-10-12 00:07:08',1,NULL,NULL,NULL,NULL),(743,375,88,5,'',0,'2022-11-02 16:41:03',1,NULL,NULL,NULL,NULL),(744,375,7,2,'',0,'2022-10-13 19:13:25',1,NULL,NULL,NULL,NULL),(745,375,22,5,'',0,'2022-11-04 20:28:28',1,NULL,NULL,NULL,NULL),(746,375,219,5,'',0,'2022-11-09 01:42:00',1,NULL,NULL,NULL,NULL),(747,377,215,5,'',0,'2022-10-27 22:57:29',1,NULL,NULL,NULL,NULL),(748,377,162,3,'',0,'2022-11-03 10:01:55',1,NULL,NULL,NULL,NULL),(749,377,45,4,'',0,'2022-10-22 09:03:50',1,NULL,NULL,NULL,NULL),(750,377,51,3,'',0,'2022-10-21 22:50:54',1,NULL,NULL,NULL,NULL),(751,377,72,5,'',0,'2022-10-18 09:24:09',1,NULL,NULL,NULL,NULL),(752,377,134,2,'',0,'2022-11-08 17:51:38',1,NULL,NULL,NULL,NULL),(753,377,50,2,'',0,'2022-11-08 16:25:52',1,NULL,NULL,NULL,NULL),(754,377,16,2,'',0,'2022-10-23 01:50:28',1,NULL,NULL,NULL,NULL),(755,377,2,3,'',0,'2022-10-13 06:40:26',1,NULL,NULL,NULL,NULL),(756,382,172,4,'',0,'2022-11-01 03:06:28',1,NULL,NULL,NULL,NULL),(757,382,70,3,'',0,'2022-10-31 20:13:33',1,NULL,NULL,NULL,NULL),(758,382,66,1,'',0,'2022-11-03 20:27:56',1,NULL,NULL,NULL,NULL),(759,382,202,5,'',0,'2022-11-04 21:31:07',1,NULL,NULL,NULL,NULL),(760,382,50,1,'',0,'2022-11-01 04:27:07',1,NULL,NULL,NULL,NULL),(761,382,153,5,'',0,'2022-10-14 19:35:28',1,NULL,NULL,NULL,NULL),(762,382,122,5,'',0,'2022-11-05 04:04:24',1,NULL,NULL,NULL,NULL),(763,382,201,5,'',0,'2022-11-04 10:21:41',1,NULL,NULL,NULL,NULL),(764,385,115,4,'',0,'2022-11-07 20:52:42',1,NULL,NULL,NULL,NULL),(765,385,165,3,'',0,'2022-11-03 01:32:55',1,NULL,NULL,NULL,NULL),(766,385,145,4,'',0,'2022-10-25 09:19:44',1,NULL,NULL,NULL,NULL),(767,385,148,4,'',0,'2022-10-12 13:32:42',1,NULL,NULL,NULL,NULL),(768,385,164,2,'',0,'2022-10-19 10:56:35',1,NULL,NULL,NULL,NULL),(769,385,42,5,'',0,'2022-10-18 00:07:24',1,NULL,NULL,NULL,NULL),(770,386,19,2,'',0,'2022-10-14 01:05:49',1,NULL,NULL,NULL,NULL),(771,386,187,3,'',0,'2022-10-16 17:26:39',1,NULL,NULL,NULL,NULL),(772,386,180,1,'',0,'2022-11-08 07:01:51',1,NULL,NULL,NULL,NULL),(773,386,208,5,'',0,'2022-10-23 16:31:46',1,NULL,NULL,NULL,NULL),(774,386,189,4,'',0,'2022-10-15 03:46:49',1,NULL,NULL,NULL,NULL),(775,386,200,1,'',0,'2022-10-13 21:30:43',1,NULL,NULL,NULL,NULL),(776,386,153,5,'',0,'2022-11-08 16:28:08',1,NULL,NULL,NULL,NULL),(777,387,49,3,'',0,'2022-10-18 16:32:54',1,NULL,NULL,NULL,NULL),(778,387,116,5,'',0,'2022-11-08 20:18:35',1,NULL,NULL,NULL,NULL),(779,387,213,1,'',0,'2022-10-11 08:52:11',1,NULL,NULL,NULL,NULL),(780,387,109,2,'',0,'2022-11-05 19:11:49',1,NULL,NULL,NULL,NULL),(781,387,208,3,'',0,'2022-10-22 10:28:53',1,NULL,NULL,NULL,NULL),(782,390,192,4,'',0,'2022-11-03 04:52:09',1,NULL,NULL,NULL,NULL),(783,390,86,4,'',0,'2022-11-08 03:08:59',1,NULL,NULL,NULL,NULL),(784,390,151,4,'',0,'2022-10-26 23:55:52',1,NULL,NULL,NULL,NULL),(785,390,115,4,'',0,'2022-11-10 00:15:43',1,NULL,NULL,NULL,NULL),(786,390,111,3,'',0,'2022-10-23 06:19:59',1,NULL,NULL,NULL,NULL),(787,390,39,5,'',0,'2022-11-05 19:16:53',1,NULL,NULL,NULL,NULL),(788,390,87,4,'',0,'2022-10-25 11:52:25',1,NULL,NULL,NULL,NULL),(789,390,186,2,'',0,'2022-10-17 13:38:45',1,NULL,NULL,NULL,NULL),(790,390,130,5,'',0,'2022-11-02 01:53:55',1,NULL,NULL,NULL,NULL),(791,390,18,4,'',0,'2022-11-09 15:57:51',1,NULL,NULL,NULL,NULL),(792,394,164,4,'',0,'2022-10-22 00:17:04',1,NULL,NULL,NULL,NULL),(793,394,14,3,'',0,'2022-10-22 20:22:03',1,NULL,NULL,NULL,NULL),(794,394,105,3,'',0,'2022-10-24 05:22:10',1,NULL,NULL,NULL,NULL),(795,394,134,1,'',0,'2022-10-12 20:37:26',1,NULL,NULL,NULL,NULL),(796,394,149,2,'',0,'2022-10-25 16:18:39',1,NULL,NULL,NULL,NULL),(797,395,137,2,'',0,'2022-10-25 23:46:55',1,NULL,NULL,NULL,NULL),(798,395,131,5,'',0,'2022-10-12 21:07:14',1,NULL,NULL,NULL,NULL),(799,395,36,5,'',0,'2022-10-14 20:04:09',1,NULL,NULL,NULL,NULL),(800,395,183,4,'',0,'2022-10-13 15:50:04',1,NULL,NULL,NULL,NULL),(801,395,129,2,'',0,'2022-11-02 13:46:24',1,NULL,NULL,NULL,NULL),(802,395,115,5,'',0,'2022-10-12 07:47:37',1,NULL,NULL,NULL,NULL),(803,395,169,5,'',0,'2022-11-05 20:19:30',1,NULL,NULL,NULL,NULL),(804,395,190,1,'',0,'2022-11-01 14:19:34',1,NULL,NULL,NULL,NULL),(805,397,47,1,'',0,'2022-10-25 17:24:38',1,NULL,NULL,NULL,NULL),(806,397,204,2,'',0,'2022-10-26 23:47:39',1,NULL,NULL,NULL,NULL),(807,397,8,5,'',0,'2022-10-21 14:45:02',1,NULL,NULL,NULL,NULL),(808,397,22,1,'',0,'2022-10-31 07:47:20',1,NULL,NULL,NULL,NULL),(809,397,182,3,'',0,'2022-10-13 09:14:12',1,NULL,NULL,NULL,NULL),(810,397,130,2,'',0,'2022-10-27 08:17:52',1,NULL,NULL,NULL,NULL),(811,398,129,2,'',0,'2022-10-11 10:28:08',1,NULL,NULL,NULL,NULL),(812,398,63,5,'',0,'2022-10-30 18:32:44',1,NULL,NULL,NULL,NULL),(813,398,128,1,'',0,'2022-10-20 14:33:03',1,NULL,NULL,NULL,NULL),(814,398,149,2,'',0,'2022-10-15 16:24:04',1,NULL,NULL,NULL,NULL),(815,398,91,3,'',0,'2022-11-01 15:51:08',1,NULL,NULL,NULL,NULL),(816,398,10,5,'',0,'2022-11-05 19:43:19',1,NULL,NULL,NULL,NULL),(817,398,154,1,'',0,'2022-11-07 20:20:52',1,NULL,NULL,NULL,NULL),(818,398,169,4,'',0,'2022-10-29 15:19:18',1,NULL,NULL,NULL,NULL),(819,398,83,5,'',0,'2022-10-25 12:51:45',1,NULL,NULL,NULL,NULL),(820,398,187,1,'',0,'2022-10-25 14:46:03',1,NULL,NULL,NULL,NULL),(821,401,65,1,'',0,'2022-11-07 18:21:32',1,NULL,NULL,NULL,NULL),(822,401,175,3,'',0,'2022-11-01 16:02:32',1,NULL,NULL,NULL,NULL),(823,401,22,2,'',0,'2022-11-02 13:51:40',1,NULL,NULL,NULL,NULL),(824,401,202,3,'',0,'2022-10-15 03:22:22',1,NULL,NULL,NULL,NULL),(825,401,147,5,'',0,'2022-11-07 21:47:14',1,NULL,NULL,NULL,NULL),(826,401,50,4,'',0,'2022-10-17 09:47:46',1,NULL,NULL,NULL,NULL),(827,401,209,5,'',0,'2022-10-20 20:00:01',1,NULL,NULL,NULL,NULL),(828,402,80,3,'',0,'2022-10-11 08:31:35',1,NULL,NULL,NULL,NULL),(829,402,84,2,'',0,'2022-11-06 10:42:25',1,NULL,NULL,NULL,NULL),(830,402,136,4,'',0,'2022-11-09 03:03:42',1,NULL,NULL,NULL,NULL),(831,402,146,4,'',0,'2022-11-05 08:57:22',1,NULL,NULL,NULL,NULL),(832,406,37,5,'',0,'2022-11-01 07:06:11',1,NULL,NULL,NULL,NULL),(833,406,13,2,'',0,'2022-11-09 03:46:46',1,NULL,NULL,NULL,NULL),(834,406,105,4,'',0,'2022-11-02 22:46:29',1,NULL,NULL,NULL,NULL),(835,406,23,4,'',0,'2022-10-27 05:48:43',1,NULL,NULL,NULL,NULL),(836,406,37,1,'',0,'2022-10-16 22:32:17',1,NULL,NULL,NULL,NULL),(837,406,128,1,'',0,'2022-11-06 10:39:08',1,NULL,NULL,NULL,NULL),(838,406,208,1,'',0,'2022-10-20 01:43:30',1,NULL,NULL,NULL,NULL),(839,406,108,3,'',0,'2022-10-26 04:56:47',1,NULL,NULL,NULL,NULL),(840,406,174,4,'',0,'2022-10-11 11:08:53',1,NULL,NULL,NULL,NULL),(841,412,189,2,'',0,'2022-10-21 20:15:43',1,NULL,NULL,NULL,NULL),(842,412,16,3,'',0,'2022-11-01 12:17:16',1,NULL,NULL,NULL,NULL),(843,412,130,2,'',0,'2022-10-25 18:32:29',1,NULL,NULL,NULL,NULL),(844,412,113,3,'',0,'2022-10-12 08:45:37',1,NULL,NULL,NULL,NULL),(845,412,143,5,'',0,'2022-10-15 05:05:32',1,NULL,NULL,NULL,NULL),(846,412,32,4,'',0,'2022-10-31 05:54:42',1,NULL,NULL,NULL,NULL),(847,412,57,1,'',0,'2022-10-16 00:38:30',1,NULL,NULL,NULL,NULL),(848,413,197,4,'',0,'2022-10-31 10:38:26',1,NULL,NULL,NULL,NULL),(849,413,10,1,'',0,'2022-10-14 07:30:48',1,NULL,NULL,NULL,NULL),(850,414,212,5,'',0,'2022-11-05 14:16:40',1,NULL,NULL,NULL,NULL),(851,414,191,3,'',0,'2022-10-27 06:22:30',1,NULL,NULL,NULL,NULL),(852,414,131,5,'',0,'2022-11-05 13:50:26',1,NULL,NULL,NULL,NULL),(853,414,85,3,'',0,'2022-10-20 09:19:18',1,NULL,NULL,NULL,NULL),(854,414,117,2,'',0,'2022-11-07 07:30:39',1,NULL,NULL,NULL,NULL),(855,414,119,3,'',0,'2022-10-13 01:13:58',1,NULL,NULL,NULL,NULL),(856,414,196,1,'',0,'2022-10-15 21:31:08',1,NULL,NULL,NULL,NULL),(857,414,43,2,'',0,'2022-10-30 10:36:10',1,NULL,NULL,NULL,NULL),(858,422,180,2,'',0,'2022-10-11 04:32:04',1,NULL,NULL,NULL,NULL),(859,426,19,3,'',0,'2022-10-22 08:23:06',1,NULL,NULL,NULL,NULL),(860,426,143,3,'',0,'2022-10-17 16:42:09',1,NULL,NULL,NULL,NULL),(861,426,42,5,'',0,'2022-10-15 09:34:50',1,NULL,NULL,NULL,NULL),(862,429,173,2,'',0,'2022-10-28 13:34:26',1,NULL,NULL,NULL,NULL),(863,429,141,3,'',0,'2022-10-17 20:49:01',1,NULL,NULL,NULL,NULL),(864,429,90,5,'',0,'2022-11-07 11:25:14',1,NULL,NULL,NULL,NULL),(865,429,135,5,'',0,'2022-10-28 10:10:58',1,NULL,NULL,NULL,NULL),(866,429,37,1,'',0,'2022-10-24 05:55:27',1,NULL,NULL,NULL,NULL),(867,431,187,1,'',0,'2022-10-17 11:39:05',1,NULL,NULL,NULL,NULL),(868,432,47,1,'',0,'2022-11-07 22:12:45',1,NULL,NULL,NULL,NULL),(869,432,69,4,'',0,'2022-11-03 11:20:24',1,NULL,NULL,NULL,NULL),(870,432,114,1,'',0,'2022-10-15 14:08:43',1,NULL,NULL,NULL,NULL),(871,432,47,5,'',0,'2022-10-18 17:43:14',1,NULL,NULL,NULL,NULL),(872,432,140,3,'',0,'2022-10-26 16:28:06',1,NULL,NULL,NULL,NULL),(873,432,40,2,'',0,'2022-11-02 13:43:25',1,NULL,NULL,NULL,NULL),(874,432,22,1,'',0,'2022-10-31 12:45:52',1,NULL,NULL,NULL,NULL),(875,432,30,4,'',0,'2022-11-05 21:55:04',1,NULL,NULL,NULL,NULL),(876,432,48,1,'',0,'2022-10-18 00:19:01',1,NULL,NULL,NULL,NULL),(877,433,142,4,'',0,'2022-11-03 23:01:39',1,NULL,NULL,NULL,NULL),(878,433,102,2,'',0,'2022-10-29 06:50:19',1,NULL,NULL,NULL,NULL),(879,433,164,1,'',0,'2022-11-01 05:53:07',1,NULL,NULL,NULL,NULL),(880,433,26,4,'',0,'2022-10-12 12:14:31',1,NULL,NULL,NULL,NULL),(881,433,210,5,'',0,'2022-10-12 19:07:03',1,NULL,NULL,NULL,NULL),(882,433,128,3,'',0,'2022-11-04 20:11:02',1,NULL,NULL,NULL,NULL),(883,433,154,2,'',0,'2022-11-05 21:23:55',1,NULL,NULL,NULL,NULL),(884,433,57,2,'',0,'2022-10-28 05:38:28',1,NULL,NULL,NULL,NULL),(885,433,139,4,'',0,'2022-10-12 18:49:34',1,NULL,NULL,NULL,NULL),(886,433,21,4,'',0,'2022-10-24 06:05:08',1,NULL,NULL,NULL,NULL),(887,437,116,4,'',0,'2022-10-24 00:03:21',1,NULL,NULL,NULL,NULL),(888,437,121,5,'',0,'2022-11-05 17:11:05',1,NULL,NULL,NULL,NULL),(889,437,86,5,'',0,'2022-10-31 15:11:18',1,NULL,NULL,NULL,NULL),(890,437,163,2,'',0,'2022-10-25 01:38:19',1,NULL,NULL,NULL,NULL),(891,437,111,4,'',0,'2022-11-07 14:51:06',1,NULL,NULL,NULL,NULL),(892,437,57,4,'',0,'2022-10-21 21:26:28',1,NULL,NULL,NULL,NULL),(893,438,69,5,'',0,'2022-11-07 11:12:06',1,NULL,NULL,NULL,NULL),(894,438,125,4,'',0,'2022-10-12 07:04:18',1,NULL,NULL,NULL,NULL),(895,438,188,2,'',0,'2022-11-04 09:51:54',1,NULL,NULL,NULL,NULL),(896,438,6,4,'',0,'2022-10-14 10:55:02',1,NULL,NULL,NULL,NULL),(897,438,58,1,'',0,'2022-10-19 17:50:55',1,NULL,NULL,NULL,NULL),(898,438,201,1,'',0,'2022-10-25 22:00:11',1,NULL,NULL,NULL,NULL),(899,438,41,4,'',0,'2022-11-06 17:29:08',1,NULL,NULL,NULL,NULL),(900,438,92,4,'',0,'2022-10-13 20:28:26',1,NULL,NULL,NULL,NULL),(901,440,125,3,'',0,'2022-11-09 00:23:54',1,NULL,NULL,NULL,NULL),(902,440,8,2,'',0,'2022-10-27 02:15:07',1,NULL,NULL,NULL,NULL),(903,440,131,3,'',0,'2022-10-31 23:20:39',1,NULL,NULL,NULL,NULL),(904,440,205,1,'',0,'2022-10-17 06:19:57',1,NULL,NULL,NULL,NULL),(905,440,48,4,'',0,'2022-10-25 01:32:16',1,NULL,NULL,NULL,NULL),(906,440,215,3,'',0,'2022-10-23 15:38:16',1,NULL,NULL,NULL,NULL),(907,444,213,5,'',0,'2022-10-29 20:23:50',1,NULL,NULL,NULL,NULL),(908,444,66,3,'',0,'2022-10-20 02:07:14',1,NULL,NULL,NULL,NULL),(909,444,168,1,'',0,'2022-10-12 18:49:55',1,NULL,NULL,NULL,NULL),(910,449,58,1,'',0,'2022-10-29 06:54:41',1,NULL,NULL,NULL,NULL),(911,449,157,5,'',0,'2022-10-17 00:53:12',1,NULL,NULL,NULL,NULL),(912,449,185,5,'',0,'2022-10-13 14:07:22',1,NULL,NULL,NULL,NULL),(913,449,110,3,'',0,'2022-10-27 21:14:08',1,NULL,NULL,NULL,NULL),(914,449,208,2,'',0,'2022-10-22 02:43:21',1,NULL,NULL,NULL,NULL),(915,450,142,1,'',0,'2022-10-23 17:11:33',1,NULL,NULL,NULL,NULL),(916,450,141,5,'',0,'2022-11-05 19:21:55',1,NULL,NULL,NULL,NULL),(917,450,189,2,'',0,'2022-10-26 10:23:35',1,NULL,NULL,NULL,NULL),(918,451,167,3,'',0,'2022-10-20 23:53:19',1,NULL,NULL,NULL,NULL),(919,451,71,3,'',0,'2022-10-19 14:46:25',1,NULL,NULL,NULL,NULL),(920,451,23,3,'',0,'2022-10-30 02:59:07',1,NULL,NULL,NULL,NULL),(921,451,118,2,'',0,'2022-10-16 04:47:59',1,NULL,NULL,NULL,NULL),(922,455,87,1,'',0,'2022-10-29 03:01:55',1,NULL,NULL,NULL,NULL),(923,455,52,1,'',0,'2022-10-25 12:23:21',1,NULL,NULL,NULL,NULL),(924,455,34,1,'',0,'2022-10-19 16:14:00',1,NULL,NULL,NULL,NULL),(925,455,160,5,'',0,'2022-10-24 04:29:54',1,NULL,NULL,NULL,NULL),(926,455,159,1,'',0,'2022-11-05 22:17:03',1,NULL,NULL,NULL,NULL),(927,455,114,3,'',0,'2022-10-28 04:42:06',1,NULL,NULL,NULL,NULL),(928,459,110,4,'',0,'2022-10-22 19:49:38',1,NULL,NULL,NULL,NULL),(929,462,6,3,'',0,'2022-10-25 05:08:50',1,NULL,NULL,NULL,NULL),(930,462,40,1,'',0,'2022-11-02 16:41:31',1,NULL,NULL,NULL,NULL),(931,466,19,3,'',0,'2022-10-20 10:07:25',1,NULL,NULL,NULL,NULL),(932,466,176,4,'',0,'2022-10-27 19:46:15',1,NULL,NULL,NULL,NULL),(933,466,187,4,'',0,'2022-10-26 15:37:35',1,NULL,NULL,NULL,NULL),(934,466,25,4,'',0,'2022-10-19 14:11:53',1,NULL,NULL,NULL,NULL),(935,466,194,1,'',0,'2022-10-27 05:20:24',1,NULL,NULL,NULL,NULL),(936,466,194,1,'',0,'2022-10-23 22:32:49',1,NULL,NULL,NULL,NULL),(937,466,216,1,'',0,'2022-10-31 00:27:02',1,NULL,NULL,NULL,NULL),(938,466,74,1,'',0,'2022-11-02 07:07:50',1,NULL,NULL,NULL,NULL),(939,466,29,4,'',0,'2022-10-15 01:07:07',1,NULL,NULL,NULL,NULL),(940,466,169,4,'',0,'2022-10-13 02:26:06',1,NULL,NULL,NULL,NULL),(941,471,60,2,'',0,'2022-10-22 20:36:40',1,NULL,NULL,NULL,NULL),(942,471,149,3,'',0,'2022-10-11 15:02:39',1,NULL,NULL,NULL,NULL),(943,471,8,1,'',0,'2022-10-26 15:08:56',1,NULL,NULL,NULL,NULL),(944,471,66,4,'',0,'2022-11-04 11:46:56',1,NULL,NULL,NULL,NULL),(945,471,143,4,'',0,'2022-10-14 20:43:46',1,NULL,NULL,NULL,NULL),(946,471,216,2,'',0,'2022-10-21 01:00:08',1,NULL,NULL,NULL,NULL),(947,471,4,2,'',0,'2022-11-04 03:04:29',1,NULL,NULL,NULL,NULL),(948,475,117,1,'',0,'2022-11-03 04:28:07',1,NULL,NULL,NULL,NULL),(949,475,47,5,'',0,'2022-10-17 10:57:03',1,NULL,NULL,NULL,NULL),(950,475,96,4,'',0,'2022-10-13 07:08:18',1,NULL,NULL,NULL,NULL),(951,475,133,1,'',0,'2022-11-01 07:56:37',1,NULL,NULL,NULL,NULL),(952,475,36,2,'',0,'2022-11-03 18:56:51',1,NULL,NULL,NULL,NULL),(953,475,206,2,'',0,'2022-11-03 19:41:30',1,NULL,NULL,NULL,NULL),(954,475,50,3,'',0,'2022-10-28 18:22:20',1,NULL,NULL,NULL,NULL),(955,475,108,2,'',0,'2022-10-24 17:45:41',1,NULL,NULL,NULL,NULL),(956,475,36,5,'',0,'2022-10-27 10:29:43',1,NULL,NULL,NULL,NULL),(957,478,99,3,'',0,'2022-10-20 03:42:40',1,NULL,NULL,NULL,NULL),(958,478,29,5,'',0,'2022-10-31 23:47:56',1,NULL,NULL,NULL,NULL),(959,478,173,2,'',0,'2022-10-13 18:13:12',1,NULL,NULL,NULL,NULL),(960,478,2,5,'',0,'2022-10-15 06:29:17',1,NULL,NULL,NULL,NULL),(961,482,172,1,'',0,'2022-10-30 17:59:50',1,NULL,NULL,NULL,NULL),(962,482,105,5,'',0,'2022-10-12 16:02:55',1,NULL,NULL,NULL,NULL),(963,483,179,2,'',0,'2022-10-30 10:41:55',1,NULL,NULL,NULL,NULL),(964,485,208,1,'',0,'2022-10-30 05:32:18',1,NULL,NULL,NULL,NULL),(965,485,28,5,'',0,'2022-10-21 13:48:21',1,NULL,NULL,NULL,NULL),(966,485,27,4,'',0,'2022-10-29 00:14:51',1,NULL,NULL,NULL,NULL),(967,485,60,1,'',0,'2022-10-27 00:55:19',1,NULL,NULL,NULL,NULL),(968,485,212,5,'',0,'2022-10-23 09:08:47',1,NULL,NULL,NULL,NULL),(969,485,193,4,'',0,'2022-10-12 19:53:16',1,NULL,NULL,NULL,NULL),(970,485,158,3,'',0,'2022-11-08 00:18:19',1,NULL,NULL,NULL,NULL),(971,485,136,2,'',0,'2022-10-12 19:45:08',1,NULL,NULL,NULL,NULL),(972,489,80,1,'',0,'2022-10-15 22:21:46',1,NULL,NULL,NULL,NULL),(973,489,71,4,'',0,'2022-10-31 06:20:04',1,NULL,NULL,NULL,NULL),(974,489,200,3,'',0,'2022-10-12 05:55:56',1,NULL,NULL,NULL,NULL),(975,489,196,5,'',0,'2022-11-06 23:27:21',1,NULL,NULL,NULL,NULL),(976,489,18,4,'',0,'2022-11-02 14:03:59',1,NULL,NULL,NULL,NULL),(977,489,195,3,'',0,'2022-11-05 15:57:49',1,NULL,NULL,NULL,NULL),(978,489,85,2,'',0,'2022-10-14 22:37:27',1,NULL,NULL,NULL,NULL),(979,489,138,4,'',0,'2022-11-06 17:12:28',1,NULL,NULL,NULL,NULL),(980,492,173,1,'',0,'2022-10-29 06:51:49',1,NULL,NULL,NULL,NULL),(981,492,61,5,'',0,'2022-11-06 03:31:27',1,NULL,NULL,NULL,NULL),(982,494,112,2,'',0,'2022-11-01 00:43:58',1,NULL,NULL,NULL,NULL),(983,494,70,4,'',0,'2022-10-30 21:28:35',1,NULL,NULL,NULL,NULL),(984,494,173,5,'',0,'2022-10-20 09:46:14',1,NULL,NULL,NULL,NULL),(985,494,173,2,'',0,'2022-11-04 13:01:19',1,NULL,NULL,NULL,NULL),(986,494,52,1,'',0,'2022-10-30 04:33:50',1,NULL,NULL,NULL,NULL),(987,494,112,2,'',0,'2022-10-18 20:08:48',1,NULL,NULL,NULL,NULL),(988,494,17,4,'',0,'2022-10-18 14:47:16',1,NULL,NULL,NULL,NULL),(989,494,69,5,'',0,'2022-10-15 19:17:06',1,NULL,NULL,NULL,NULL),(990,494,213,2,'',0,'2022-10-21 09:52:38',1,NULL,NULL,NULL,NULL),(991,497,174,2,'',0,'2022-10-31 09:42:58',1,NULL,NULL,NULL,NULL),(992,497,201,2,'',0,'2022-10-25 02:33:28',1,NULL,NULL,NULL,NULL),(993,497,21,1,'',0,'2022-10-29 10:25:06',1,NULL,NULL,NULL,NULL),(994,497,181,3,'',0,'2022-11-06 22:41:14',1,NULL,NULL,NULL,NULL),(995,497,14,5,'',0,'2022-11-03 21:59:35',1,NULL,NULL,NULL,NULL),(996,497,128,5,'',0,'2022-11-09 23:51:20',1,NULL,NULL,NULL,NULL),(997,497,24,1,'',0,'2022-10-19 07:33:37',1,NULL,NULL,NULL,NULL),(998,497,105,4,'',0,'2022-10-16 02:18:40',1,NULL,NULL,NULL,NULL),(999,498,5,3,'',0,'2022-10-20 14:38:26',1,NULL,NULL,NULL,NULL),(1000,498,190,2,'',0,'2022-11-04 22:56:49',1,NULL,NULL,NULL,NULL),(1001,498,120,3,'',0,'2022-10-21 01:03:27',1,NULL,NULL,NULL,NULL),(1002,498,1,1,'',0,'2022-10-15 13:26:16',1,NULL,NULL,NULL,NULL),(1003,499,52,4,'',0,'2022-10-14 05:02:34',1,NULL,NULL,NULL,NULL),(1004,499,96,4,'',0,'2022-10-25 15:05:48',1,NULL,NULL,NULL,NULL),(1005,500,86,4,'',0,'2022-10-19 06:53:35',1,NULL,NULL,NULL,NULL),(1006,500,81,4,'',0,'2022-10-17 09:25:25',1,NULL,NULL,NULL,NULL),(1007,500,188,4,'',0,'2022-10-14 07:32:36',1,NULL,NULL,NULL,NULL),(1008,500,106,1,'',0,'2022-10-26 05:57:06',1,NULL,NULL,NULL,NULL),(1009,500,172,4,'',0,'2022-10-27 22:45:07',1,NULL,NULL,NULL,NULL),(1010,500,31,5,'',0,'2022-10-16 11:43:41',1,NULL,NULL,NULL,NULL),(1011,500,148,5,'',0,'2022-10-18 12:18:31',1,NULL,NULL,NULL,NULL),(1012,500,207,1,'',0,'2022-10-12 13:04:48',1,NULL,NULL,NULL,NULL),(1013,500,214,4,'',0,'2022-11-04 06:34:32',1,NULL,NULL,NULL,NULL),(1014,501,156,4,'',0,'2022-11-01 10:22:10',1,NULL,NULL,NULL,NULL),(1015,501,89,3,'',0,'2022-10-20 21:07:14',1,NULL,NULL,NULL,NULL),(1016,501,176,4,'',0,'2022-10-13 20:17:21',1,NULL,NULL,NULL,NULL),(1017,501,177,3,'',0,'2022-10-19 23:59:36',1,NULL,NULL,NULL,NULL),(1018,501,120,5,'',0,'2022-10-27 13:30:41',1,NULL,NULL,NULL,NULL),(1019,503,144,2,'',0,'2022-11-07 14:17:05',1,NULL,NULL,NULL,NULL),(1020,503,186,2,'',0,'2022-10-12 19:05:26',1,NULL,NULL,NULL,NULL),(1021,503,127,4,'',0,'2022-10-13 00:45:50',1,NULL,NULL,NULL,NULL),(1022,503,71,3,'',0,'2022-10-11 13:57:49',1,NULL,NULL,NULL,NULL),(1023,503,43,2,'',0,'2022-11-02 11:39:50',1,NULL,NULL,NULL,NULL),(1024,505,18,2,'',0,'2022-11-08 20:58:31',1,NULL,NULL,NULL,NULL),(1025,505,58,4,'',0,'2022-11-03 11:14:37',1,NULL,NULL,NULL,NULL),(1026,505,187,3,'',0,'2022-10-26 01:50:49',1,NULL,NULL,NULL,NULL),(1027,505,182,3,'',0,'2022-10-14 17:50:33',1,NULL,NULL,NULL,NULL),(1028,505,155,5,'',0,'2022-11-08 11:01:57',1,NULL,NULL,NULL,NULL),(1029,505,139,2,'',0,'2022-11-03 01:47:03',1,NULL,NULL,NULL,NULL),(1030,505,117,1,'',0,'2022-10-24 11:10:38',1,NULL,NULL,NULL,NULL),(1031,508,53,3,'',0,'2022-10-11 15:53:58',1,NULL,NULL,NULL,NULL),(1032,508,211,5,'',0,'2022-10-31 18:42:41',1,NULL,NULL,NULL,NULL),(1033,508,177,4,'',0,'2022-10-17 23:23:32',1,NULL,NULL,NULL,NULL),(1034,508,193,4,'',0,'2022-10-17 20:01:28',1,NULL,NULL,NULL,NULL),(1035,508,169,4,'',0,'2022-11-09 21:32:08',1,NULL,NULL,NULL,NULL),(1036,508,219,3,'',0,'2022-11-03 04:36:41',1,NULL,NULL,NULL,NULL),(1037,508,138,2,'',0,'2022-11-06 10:15:22',1,NULL,NULL,NULL,NULL),(1038,510,119,5,'',0,'2022-11-08 23:39:51',1,NULL,NULL,NULL,NULL),(1039,510,168,2,'',0,'2022-11-04 15:07:35',1,NULL,NULL,NULL,NULL),(1040,510,41,5,'',0,'2022-10-25 02:45:10',1,NULL,NULL,NULL,NULL),(1041,516,7,1,'',0,'2022-10-13 16:00:49',1,NULL,NULL,NULL,NULL),(1042,516,15,4,'',0,'2022-10-26 15:59:55',1,NULL,NULL,NULL,NULL),(1043,516,60,5,'',0,'2022-10-19 04:48:32',1,NULL,NULL,NULL,NULL),(1044,518,60,5,'',0,'2022-11-03 18:04:05',1,NULL,NULL,NULL,NULL),(1045,521,6,2,'',0,'2022-11-07 18:28:35',1,NULL,NULL,NULL,NULL),(1046,521,173,5,'',0,'2022-10-11 20:34:56',1,NULL,NULL,NULL,NULL),(1047,521,96,1,'',0,'2022-10-15 01:40:49',1,NULL,NULL,NULL,NULL),(1048,521,112,1,'',0,'2022-10-27 14:28:19',1,NULL,NULL,NULL,NULL),(1049,521,197,2,'',0,'2022-11-03 14:15:43',1,NULL,NULL,NULL,NULL),(1050,521,179,5,'',0,'2022-11-01 00:57:53',1,NULL,NULL,NULL,NULL),(1051,521,202,5,'',0,'2022-10-24 03:20:29',1,NULL,NULL,NULL,NULL),(1052,521,6,1,'',0,'2022-10-29 19:41:07',1,NULL,NULL,NULL,NULL),(1053,523,100,1,'',0,'2022-11-01 15:55:48',1,NULL,NULL,NULL,NULL),(1054,523,143,4,'',0,'2022-10-18 17:53:36',1,NULL,NULL,NULL,NULL),(1055,524,42,1,'',0,'2022-10-28 19:04:43',1,NULL,NULL,NULL,NULL),(1056,524,32,3,'',0,'2022-10-22 23:03:09',1,NULL,NULL,NULL,NULL),(1057,524,155,1,'',0,'2022-11-02 10:58:19',1,NULL,NULL,NULL,NULL),(1058,524,50,1,'',0,'2022-10-22 21:46:50',1,NULL,NULL,NULL,NULL),(1059,524,100,2,'',0,'2022-10-11 04:48:44',1,NULL,NULL,NULL,NULL),(1060,524,124,1,'',0,'2022-11-02 07:21:08',1,NULL,NULL,NULL,NULL),(1061,525,103,3,'',0,'2022-11-03 23:31:00',1,NULL,NULL,NULL,NULL),(1062,525,41,1,'',0,'2022-10-17 14:11:33',1,NULL,NULL,NULL,NULL),(1063,525,18,5,'',0,'2022-11-05 09:56:51',1,NULL,NULL,NULL,NULL),(1064,525,14,1,'',0,'2022-10-31 20:33:57',1,NULL,NULL,NULL,NULL),(1065,525,27,4,'',0,'2022-10-16 13:59:46',1,NULL,NULL,NULL,NULL),(1066,525,213,3,'',0,'2022-10-13 21:04:10',1,NULL,NULL,NULL,NULL),(1067,525,219,3,'',0,'2022-10-12 23:28:17',1,NULL,NULL,NULL,NULL),(1068,525,86,1,'',0,'2022-10-17 12:18:30',1,NULL,NULL,NULL,NULL),(1069,526,187,4,'',0,'2022-10-20 05:11:59',1,NULL,NULL,NULL,NULL),(1070,526,137,4,'',0,'2022-11-05 01:28:19',1,NULL,NULL,NULL,NULL),(1071,526,51,4,'',0,'2022-11-08 00:48:44',1,NULL,NULL,NULL,NULL),(1072,526,34,5,'',0,'2022-10-24 09:31:01',1,NULL,NULL,NULL,NULL),(1073,526,205,3,'',0,'2022-11-02 18:54:17',1,NULL,NULL,NULL,NULL),(1074,529,146,5,'',0,'2022-10-13 00:49:03',1,NULL,NULL,NULL,NULL),(1075,529,172,4,'',0,'2022-10-16 13:10:56',1,NULL,NULL,NULL,NULL),(1076,529,39,3,'',0,'2022-10-26 18:33:06',1,NULL,NULL,NULL,NULL),(1077,537,26,4,'',0,'2022-11-02 12:06:38',1,NULL,NULL,NULL,NULL),(1078,537,153,5,'',0,'2022-10-25 22:42:17',1,NULL,NULL,NULL,NULL),(1079,537,79,1,'',0,'2022-11-08 16:33:51',1,NULL,NULL,NULL,NULL),(1080,537,57,2,'',0,'2022-10-26 22:25:46',1,NULL,NULL,NULL,NULL),(1081,537,112,2,'',0,'2022-11-05 09:28:26',1,NULL,NULL,NULL,NULL),(1082,538,146,4,'',0,'2022-10-18 04:39:21',1,NULL,NULL,NULL,NULL),(1083,538,167,1,'',0,'2022-10-23 02:26:21',1,NULL,NULL,NULL,NULL),(1084,538,41,3,'',0,'2022-10-22 04:17:33',1,NULL,NULL,NULL,NULL),(1085,538,16,3,'',0,'2022-10-11 15:35:31',1,NULL,NULL,NULL,NULL),(1086,539,33,3,'',0,'2022-10-21 10:02:58',1,NULL,NULL,NULL,NULL),(1087,539,105,4,'',0,'2022-10-21 22:19:54',1,NULL,NULL,NULL,NULL),(1088,539,9,1,'',0,'2022-11-04 07:16:17',1,NULL,NULL,NULL,NULL),(1089,539,41,5,'',0,'2022-10-22 09:02:30',1,NULL,NULL,NULL,NULL),(1090,539,83,4,'',0,'2022-11-06 17:46:49',1,NULL,NULL,NULL,NULL),(1091,539,21,3,'',0,'2022-10-20 12:11:18',1,NULL,NULL,NULL,NULL),(1092,539,170,2,'',0,'2022-10-22 17:10:50',1,NULL,NULL,NULL,NULL),(1093,539,77,5,'',0,'2022-10-30 17:52:34',1,NULL,NULL,NULL,NULL),(1094,539,209,4,'',0,'2022-11-01 00:29:47',1,NULL,NULL,NULL,NULL),(1095,539,84,2,'',0,'2022-10-17 09:01:50',1,NULL,NULL,NULL,NULL),(1096,542,209,1,'',0,'2022-10-20 06:56:15',1,NULL,NULL,NULL,NULL),(1097,542,95,2,'',0,'2022-10-30 12:09:48',1,NULL,NULL,NULL,NULL),(1098,542,2,3,'',0,'2022-10-22 10:21:57',1,NULL,NULL,NULL,NULL),(1099,542,187,1,'',0,'2022-10-19 14:35:36',1,NULL,NULL,NULL,NULL),(1100,542,31,3,'',0,'2022-10-17 00:14:39',1,NULL,NULL,NULL,NULL),(1101,542,41,2,'',0,'2022-10-25 13:36:52',1,NULL,NULL,NULL,NULL),(1102,542,159,4,'',0,'2022-10-30 05:58:28',1,NULL,NULL,NULL,NULL),(1103,542,174,3,'',0,'2022-11-01 18:06:31',1,NULL,NULL,NULL,NULL),(1104,542,216,4,'',0,'2022-10-24 14:28:59',1,NULL,NULL,NULL,NULL),(1105,543,82,4,'',0,'2022-10-31 23:56:34',1,NULL,NULL,NULL,NULL),(1106,543,20,4,'',0,'2022-10-28 14:53:23',1,NULL,NULL,NULL,NULL),(1107,543,4,4,'',0,'2022-10-25 05:53:53',1,NULL,NULL,NULL,NULL),(1108,544,57,4,'',0,'2022-11-02 15:17:41',1,NULL,NULL,NULL,NULL),(1109,544,75,2,'',0,'2022-11-05 03:41:15',1,NULL,NULL,NULL,NULL),(1110,546,76,5,'',0,'2022-11-06 11:00:51',1,NULL,NULL,NULL,NULL),(1111,546,169,1,'',0,'2022-10-23 14:06:28',1,NULL,NULL,NULL,NULL),(1112,546,218,5,'',0,'2022-11-02 06:01:53',1,NULL,NULL,NULL,NULL),(1113,546,167,1,'',0,'2022-11-01 01:55:23',1,NULL,NULL,NULL,NULL),(1114,546,32,2,'',0,'2022-11-03 11:33:11',1,NULL,NULL,NULL,NULL),(1115,546,106,2,'',0,'2022-11-09 20:34:09',1,NULL,NULL,NULL,NULL),(1116,548,4,4,'',0,'2022-11-09 03:41:21',1,NULL,NULL,NULL,NULL),(1117,548,204,4,'',0,'2022-11-04 23:09:23',1,NULL,NULL,NULL,NULL),(1118,548,59,2,'',0,'2022-10-17 15:22:26',1,NULL,NULL,NULL,NULL),(1119,548,45,1,'',0,'2022-10-24 13:03:47',1,NULL,NULL,NULL,NULL),(1120,548,58,5,'',0,'2022-10-15 04:45:49',1,NULL,NULL,NULL,NULL),(1121,548,206,4,'',0,'2022-10-31 21:00:09',1,NULL,NULL,NULL,NULL),(1122,553,195,5,'',0,'2022-11-02 10:06:11',1,NULL,NULL,NULL,NULL),(1123,553,193,5,'',0,'2022-10-24 16:25:21',1,NULL,NULL,NULL,NULL),(1124,553,5,3,'',0,'2022-10-11 11:30:44',1,NULL,NULL,NULL,NULL),(1125,553,178,3,'',0,'2022-10-18 21:28:47',1,NULL,NULL,NULL,NULL),(1126,553,127,3,'',0,'2022-11-08 00:22:52',1,NULL,NULL,NULL,NULL),(1127,553,43,1,'',0,'2022-11-04 23:14:04',1,NULL,NULL,NULL,NULL),(1128,553,118,1,'',0,'2022-11-02 19:07:06',1,NULL,NULL,NULL,NULL),(1129,553,97,3,'',0,'2022-11-01 06:20:29',1,NULL,NULL,NULL,NULL),(1130,553,39,1,'',0,'2022-11-07 19:09:59',1,NULL,NULL,NULL,NULL),(1131,559,64,3,'',0,'2022-10-27 13:09:23',1,NULL,NULL,NULL,NULL),(1132,559,124,4,'',0,'2022-10-12 13:44:33',1,NULL,NULL,NULL,NULL),(1133,559,188,3,'',0,'2022-11-02 08:59:24',1,NULL,NULL,NULL,NULL),(1134,559,50,5,'',0,'2022-10-15 16:07:23',1,NULL,NULL,NULL,NULL),(1135,559,157,4,'',0,'2022-10-12 12:22:31',1,NULL,NULL,NULL,NULL),(1136,559,172,1,'',0,'2022-10-15 02:31:33',1,NULL,NULL,NULL,NULL),(1137,559,157,4,'',0,'2022-10-18 17:38:21',1,NULL,NULL,NULL,NULL),(1138,559,189,1,'',0,'2022-11-01 16:50:46',1,NULL,NULL,NULL,NULL),(1139,559,40,1,'',0,'2022-11-05 02:02:34',1,NULL,NULL,NULL,NULL),(1140,559,210,1,'',0,'2022-10-15 10:56:47',1,NULL,NULL,NULL,NULL),(1141,562,219,1,'',0,'2022-10-12 05:30:06',1,NULL,NULL,NULL,NULL),(1142,562,198,5,'',0,'2022-10-13 02:42:07',1,NULL,NULL,NULL,NULL),(1143,562,161,1,'',0,'2022-11-04 12:46:20',1,NULL,NULL,NULL,NULL),(1144,562,177,1,'',0,'2022-11-08 17:43:55',1,NULL,NULL,NULL,NULL),(1145,562,100,1,'',0,'2022-11-04 10:54:50',1,NULL,NULL,NULL,NULL),(1146,562,155,4,'',0,'2022-11-05 15:46:26',1,NULL,NULL,NULL,NULL),(1147,562,157,3,'',0,'2022-10-31 10:18:40',1,NULL,NULL,NULL,NULL),(1148,562,191,2,'',0,'2022-11-08 05:05:57',1,NULL,NULL,NULL,NULL),(1149,563,154,3,'',0,'2022-11-05 23:12:15',1,NULL,NULL,NULL,NULL),(1150,563,113,5,'',0,'2022-10-15 22:41:45',1,NULL,NULL,NULL,NULL),(1151,563,157,5,'',0,'2022-10-24 14:10:20',1,NULL,NULL,NULL,NULL),(1152,563,188,1,'',0,'2022-10-12 02:13:23',1,NULL,NULL,NULL,NULL),(1153,563,120,3,'',0,'2022-10-11 07:41:21',1,NULL,NULL,NULL,NULL),(1154,564,122,5,'',0,'2022-10-25 04:44:41',1,NULL,NULL,NULL,NULL),(1155,564,177,4,'',0,'2022-10-29 20:11:39',1,NULL,NULL,NULL,NULL),(1156,564,214,1,'',0,'2022-11-08 11:20:41',1,NULL,NULL,NULL,NULL),(1157,576,190,4,'',0,'2022-10-28 12:19:09',1,NULL,NULL,NULL,NULL),(1158,576,90,5,'',0,'2022-10-18 22:54:06',1,NULL,NULL,NULL,NULL),(1159,576,73,5,'',0,'2022-10-12 17:21:14',1,NULL,NULL,NULL,NULL),(1160,576,37,3,'',0,'2022-10-28 00:53:20',1,NULL,NULL,NULL,NULL),(1161,576,140,4,'',0,'2022-10-13 16:38:06',1,NULL,NULL,NULL,NULL),(1162,578,65,4,'',0,'2022-10-25 19:30:02',1,NULL,NULL,NULL,NULL),(1163,578,142,5,'',0,'2022-10-15 13:29:15',1,NULL,NULL,NULL,NULL),(1164,578,35,4,'',0,'2022-10-12 19:42:28',1,NULL,NULL,NULL,NULL),(1165,578,81,5,'',0,'2022-10-14 20:45:04',1,NULL,NULL,NULL,NULL),(1166,578,48,3,'',0,'2022-10-26 12:52:12',1,NULL,NULL,NULL,NULL),(1167,578,68,5,'',0,'2022-10-11 13:44:31',1,NULL,NULL,NULL,NULL),(1168,578,43,3,'',0,'2022-10-21 08:23:09',1,NULL,NULL,NULL,NULL),(1169,578,91,3,'',0,'2022-10-31 14:23:48',1,NULL,NULL,NULL,NULL),(1170,578,200,1,'',0,'2022-11-06 02:56:50',1,NULL,NULL,NULL,NULL),(1171,578,31,3,'',0,'2022-10-20 04:57:21',1,NULL,NULL,NULL,NULL),(1172,579,132,2,'',0,'2022-10-17 15:04:23',1,NULL,NULL,NULL,NULL),(1173,579,174,2,'',0,'2022-10-17 16:59:31',1,NULL,NULL,NULL,NULL),(1174,579,53,2,'',0,'2022-10-17 08:08:33',1,NULL,NULL,NULL,NULL),(1175,579,1,1,'',0,'2022-10-14 19:16:51',1,NULL,NULL,NULL,NULL),(1176,579,79,5,'',0,'2022-11-09 02:52:23',1,NULL,NULL,NULL,NULL),(1177,579,81,2,'',0,'2022-11-09 03:08:05',1,NULL,NULL,NULL,NULL),(1178,579,118,4,'',0,'2022-11-02 23:42:38',1,NULL,NULL,NULL,NULL),(1179,579,187,5,'',0,'2022-10-18 16:56:16',1,NULL,NULL,NULL,NULL),(1180,579,91,1,'',0,'2022-10-28 10:41:24',1,NULL,NULL,NULL,NULL),(1181,581,60,1,'',0,'2022-10-24 12:08:18',1,NULL,NULL,NULL,NULL),(1182,590,215,3,'',0,'2022-10-18 07:02:11',1,NULL,NULL,NULL,NULL),(1183,590,19,4,'',0,'2022-10-23 14:36:54',1,NULL,NULL,NULL,NULL),(1184,591,153,1,'',0,'2022-11-02 01:55:27',1,NULL,NULL,NULL,NULL),(1185,591,155,4,'',0,'2022-11-08 14:21:56',1,NULL,NULL,NULL,NULL),(1186,591,148,1,'',0,'2022-11-03 10:21:03',1,NULL,NULL,NULL,NULL),(1187,591,62,2,'',0,'2022-11-05 19:10:50',1,NULL,NULL,NULL,NULL),(1188,591,213,1,'',0,'2022-10-26 06:47:03',1,NULL,NULL,NULL,NULL),(1189,591,49,5,'',0,'2022-11-07 03:49:58',1,NULL,NULL,NULL,NULL),(1190,591,129,2,'',0,'2022-11-05 23:36:02',1,NULL,NULL,NULL,NULL),(1191,591,18,2,'',0,'2022-11-01 15:36:35',1,NULL,NULL,NULL,NULL),(1192,591,198,1,'',0,'2022-11-02 07:01:22',1,NULL,NULL,NULL,NULL),(1193,591,154,4,'',0,'2022-10-31 13:44:59',1,NULL,NULL,NULL,NULL),(1194,592,154,3,'',0,'2022-10-31 21:07:42',1,NULL,NULL,NULL,NULL),(1195,592,79,3,'',0,'2022-10-12 05:56:08',1,NULL,NULL,NULL,NULL),(1196,592,21,3,'',0,'2022-10-12 13:12:07',1,NULL,NULL,NULL,NULL),(1197,592,4,3,'',0,'2022-10-18 02:11:56',1,NULL,NULL,NULL,NULL),(1198,592,74,1,'',0,'2022-10-15 21:38:58',1,NULL,NULL,NULL,NULL),(1199,592,216,2,'',0,'2022-10-17 08:17:30',1,NULL,NULL,NULL,NULL),(1200,592,106,1,'',0,'2022-11-05 05:07:01',1,NULL,NULL,NULL,NULL),(1201,592,62,5,'',0,'2022-10-14 07:22:09',1,NULL,NULL,NULL,NULL),(1202,592,198,1,'',0,'2022-10-17 09:17:50',1,NULL,NULL,NULL,NULL),(1203,594,60,1,'',0,'2022-11-02 19:20:27',1,NULL,NULL,NULL,NULL),(1204,605,85,4,'',0,'2022-11-06 15:21:58',1,NULL,NULL,NULL,NULL),(1205,605,90,3,'',0,'2022-10-28 18:01:06',1,NULL,NULL,NULL,NULL),(1206,605,14,2,'',0,'2022-10-17 21:24:42',1,NULL,NULL,NULL,NULL),(1207,606,38,4,'',0,'2022-10-13 16:31:19',1,NULL,NULL,NULL,NULL),(1208,607,14,5,'',0,'2022-11-09 17:36:45',1,NULL,NULL,NULL,NULL),(1209,607,207,3,'',0,'2022-11-01 20:00:56',1,NULL,NULL,NULL,NULL),(1210,607,166,2,'',0,'2022-10-12 09:53:22',1,NULL,NULL,NULL,NULL),(1211,607,148,2,'',0,'2022-11-03 00:01:29',1,NULL,NULL,NULL,NULL),(1212,607,114,2,'',0,'2022-10-13 20:12:31',1,NULL,NULL,NULL,NULL),(1213,608,101,4,'',0,'2022-10-22 19:57:12',1,NULL,NULL,NULL,NULL),(1214,608,123,2,'',0,'2022-10-21 13:23:30',1,NULL,NULL,NULL,NULL),(1215,608,189,4,'',0,'2022-10-18 17:01:12',1,NULL,NULL,NULL,NULL),(1216,608,110,5,'',0,'2022-10-18 13:09:03',1,NULL,NULL,NULL,NULL),(1217,608,212,2,'',0,'2022-11-09 14:36:07',1,NULL,NULL,NULL,NULL),(1218,608,191,1,'',0,'2022-11-05 21:43:20',1,NULL,NULL,NULL,NULL),(1219,610,130,2,'',0,'2022-10-24 08:09:10',1,NULL,NULL,NULL,NULL),(1220,610,132,1,'',0,'2022-11-06 15:29:27',1,NULL,NULL,NULL,NULL),(1221,610,46,5,'',0,'2022-10-17 22:37:16',1,NULL,NULL,NULL,NULL),(1222,610,146,5,'',0,'2022-10-24 21:52:20',1,NULL,NULL,NULL,NULL),(1223,610,46,3,'',0,'2022-10-28 09:38:28',1,NULL,NULL,NULL,NULL),(1224,611,85,1,'',0,'2022-10-13 18:26:59',1,NULL,NULL,NULL,NULL),(1225,611,25,5,'',0,'2022-11-01 00:30:19',1,NULL,NULL,NULL,NULL),(1226,611,32,2,'',0,'2022-11-01 12:42:46',1,NULL,NULL,NULL,NULL),(1227,611,113,2,'',0,'2022-10-24 06:11:40',1,NULL,NULL,NULL,NULL),(1228,611,189,5,'',0,'2022-11-09 19:06:31',1,NULL,NULL,NULL,NULL),(1229,611,121,1,'',0,'2022-11-03 15:29:14',1,NULL,NULL,NULL,NULL),(1230,611,192,2,'',0,'2022-10-25 00:10:18',1,NULL,NULL,NULL,NULL),(1231,611,148,3,'',0,'2022-10-29 17:27:16',1,NULL,NULL,NULL,NULL),(1232,612,166,1,'',0,'2022-10-21 12:25:30',1,NULL,NULL,NULL,NULL),(1233,612,89,3,'',0,'2022-11-03 13:40:19',1,NULL,NULL,NULL,NULL),(1234,612,15,3,'',0,'2022-11-03 20:02:05',1,NULL,NULL,NULL,NULL),(1235,612,67,5,'',0,'2022-11-09 15:23:15',1,NULL,NULL,NULL,NULL),(1236,612,215,3,'',0,'2022-11-09 02:46:39',1,NULL,NULL,NULL,NULL),(1237,612,76,5,'',0,'2022-11-04 13:54:12',1,NULL,NULL,NULL,NULL),(1238,614,90,1,'',0,'2022-11-06 02:26:19',1,NULL,NULL,NULL,NULL),(1239,614,13,1,'',0,'2022-10-26 12:31:33',1,NULL,NULL,NULL,NULL),(1240,614,88,1,'',0,'2022-10-13 00:26:47',1,NULL,NULL,NULL,NULL),(1241,614,153,1,'',0,'2022-10-28 20:23:44',1,NULL,NULL,NULL,NULL),(1242,614,171,5,'',0,'2022-10-17 01:12:12',1,NULL,NULL,NULL,NULL),(1243,614,138,4,'',0,'2022-10-27 18:20:09',1,NULL,NULL,NULL,NULL),(1244,614,177,5,'',0,'2022-10-16 14:46:16',1,NULL,NULL,NULL,NULL),(1245,614,162,1,'',0,'2022-10-31 13:04:40',1,NULL,NULL,NULL,NULL),(1246,614,19,1,'',0,'2022-10-11 14:33:47',1,NULL,NULL,NULL,NULL),(1247,619,64,3,'',0,'2022-10-19 16:25:34',1,NULL,NULL,NULL,NULL),(1248,619,217,1,'',0,'2022-11-07 12:36:47',1,NULL,NULL,NULL,NULL),(1249,619,88,3,'',0,'2022-10-27 11:49:48',1,NULL,NULL,NULL,NULL),(1250,623,4,2,'',0,'2022-11-04 23:02:18',1,NULL,NULL,NULL,NULL),(1251,623,88,4,'',0,'2022-10-13 08:21:33',1,NULL,NULL,NULL,NULL),(1252,623,24,3,'',0,'2022-10-18 07:49:04',1,NULL,NULL,NULL,NULL),(1253,623,122,4,'',0,'2022-11-05 18:08:46',1,NULL,NULL,NULL,NULL),(1254,623,78,5,'',0,'2022-10-18 09:14:43',1,NULL,NULL,NULL,NULL),(1255,625,180,1,'',0,'2022-11-04 14:55:13',1,NULL,NULL,NULL,NULL),(1256,625,141,5,'',0,'2022-11-08 07:21:37',1,NULL,NULL,NULL,NULL),(1257,626,160,5,'',0,'2022-11-06 03:06:01',1,NULL,NULL,NULL,NULL),(1258,626,70,1,'',0,'2022-10-30 04:27:28',1,NULL,NULL,NULL,NULL),(1259,626,89,3,'',0,'2022-10-31 19:44:52',1,NULL,NULL,NULL,NULL),(1260,626,19,5,'',0,'2022-11-05 07:08:10',1,NULL,NULL,NULL,NULL),(1261,626,182,3,'',0,'2022-10-14 01:20:55',1,NULL,NULL,NULL,NULL),(1262,626,155,2,'',0,'2022-10-17 04:44:23',1,NULL,NULL,NULL,NULL),(1263,630,122,3,'',0,'2022-11-02 22:21:13',1,NULL,NULL,NULL,NULL),(1264,633,116,4,'',0,'2022-10-13 06:21:12',1,NULL,NULL,NULL,NULL),(1265,633,58,2,'',0,'2022-10-21 00:58:21',1,NULL,NULL,NULL,NULL),(1266,635,129,5,'',0,'2022-11-09 23:08:14',1,NULL,NULL,NULL,NULL),(1267,635,50,4,'',0,'2022-11-04 23:58:13',1,NULL,NULL,NULL,NULL),(1268,635,106,4,'',0,'2022-10-14 01:16:02',1,NULL,NULL,NULL,NULL),(1269,635,55,2,'',0,'2022-10-28 03:24:25',1,NULL,NULL,NULL,NULL),(1270,635,116,1,'',0,'2022-11-06 07:12:45',1,NULL,NULL,NULL,NULL),(1271,635,38,2,'',0,'2022-10-19 06:03:07',1,NULL,NULL,NULL,NULL),(1272,635,85,3,'',0,'2022-10-13 14:11:47',1,NULL,NULL,NULL,NULL),(1273,635,54,5,'',0,'2022-11-10 01:54:23',1,NULL,NULL,NULL,NULL),(1274,635,48,2,'',0,'2022-10-25 22:26:24',1,NULL,NULL,NULL,NULL),(1275,638,154,1,'',0,'2022-10-23 22:11:35',1,NULL,NULL,NULL,NULL),(1276,638,100,3,'',0,'2022-10-18 22:43:21',1,NULL,NULL,NULL,NULL),(1277,638,132,1,'',0,'2022-10-24 14:58:37',1,NULL,NULL,NULL,NULL),(1278,638,80,4,'',0,'2022-10-12 18:01:58',1,NULL,NULL,NULL,NULL),(1279,638,211,2,'',0,'2022-10-18 00:35:47',1,NULL,NULL,NULL,NULL),(1280,639,148,5,'',0,'2022-10-15 21:21:45',1,NULL,NULL,NULL,NULL),(1281,639,119,4,'',0,'2022-10-17 09:00:11',1,NULL,NULL,NULL,NULL),(1282,639,106,3,'',0,'2022-10-21 03:59:46',1,NULL,NULL,NULL,NULL),(1283,639,31,3,'',0,'2022-10-15 02:29:36',1,NULL,NULL,NULL,NULL),(1284,639,14,1,'',0,'2022-10-19 05:51:56',1,NULL,NULL,NULL,NULL),(1285,639,98,5,'',0,'2022-11-08 17:06:43',1,NULL,NULL,NULL,NULL),(1286,639,26,3,'',0,'2022-11-08 21:19:15',1,NULL,NULL,NULL,NULL),(1287,639,145,4,'',0,'2022-10-16 14:20:33',1,NULL,NULL,NULL,NULL),(1288,639,154,2,'',0,'2022-10-24 20:53:57',1,NULL,NULL,NULL,NULL),(1289,640,29,1,'',0,'2022-11-04 18:19:12',1,NULL,NULL,NULL,NULL),(1290,640,94,3,'',0,'2022-10-30 06:13:48',1,NULL,NULL,NULL,NULL),(1291,640,163,2,'',0,'2022-11-07 06:51:24',1,NULL,NULL,NULL,NULL),(1292,640,143,4,'',0,'2022-10-15 07:37:06',1,NULL,NULL,NULL,NULL),(1293,642,167,2,'',0,'2022-10-21 10:33:38',1,NULL,NULL,NULL,NULL),(1294,642,101,2,'',0,'2022-10-19 15:57:42',1,NULL,NULL,NULL,NULL),(1295,642,66,2,'',0,'2022-10-30 10:42:42',1,NULL,NULL,NULL,NULL),(1296,642,215,4,'',0,'2022-10-25 07:10:32',1,NULL,NULL,NULL,NULL),(1297,642,199,4,'',0,'2022-10-12 17:36:16',1,NULL,NULL,NULL,NULL),(1298,642,164,1,'',0,'2022-10-27 07:46:12',1,NULL,NULL,NULL,NULL),(1299,642,120,2,'',0,'2022-11-09 23:38:00',1,NULL,NULL,NULL,NULL),(1300,642,98,2,'',0,'2022-10-31 10:48:29',1,NULL,NULL,NULL,NULL),(1301,642,19,1,'',0,'2022-10-28 23:56:14',1,NULL,NULL,NULL,NULL),(1302,646,146,3,'',0,'2022-10-12 14:52:25',1,NULL,NULL,NULL,NULL),(1303,647,155,3,'',0,'2022-10-28 01:35:05',1,NULL,NULL,NULL,NULL),(1304,652,167,2,'',0,'2022-10-26 00:04:37',1,NULL,NULL,NULL,NULL),(1305,652,89,3,'',0,'2022-11-08 05:15:06',1,NULL,NULL,NULL,NULL),(1306,652,125,1,'',0,'2022-10-18 21:31:34',1,NULL,NULL,NULL,NULL),(1307,652,100,5,'',0,'2022-10-29 13:45:02',1,NULL,NULL,NULL,NULL),(1308,655,85,3,'',0,'2022-10-25 10:07:38',1,NULL,NULL,NULL,NULL),(1309,655,43,2,'',0,'2022-10-26 07:17:08',1,NULL,NULL,NULL,NULL),(1310,655,37,1,'',0,'2022-10-21 04:07:09',1,NULL,NULL,NULL,NULL),(1311,655,71,2,'',0,'2022-10-22 16:58:26',1,NULL,NULL,NULL,NULL),(1312,655,182,3,'',0,'2022-10-29 18:50:02',1,NULL,NULL,NULL,NULL),(1313,655,9,5,'',0,'2022-10-15 17:43:56',1,NULL,NULL,NULL,NULL),(1314,655,7,4,'',0,'2022-10-29 02:20:32',1,NULL,NULL,NULL,NULL),(1315,655,60,3,'',0,'2022-10-26 12:14:37',1,NULL,NULL,NULL,NULL),(1316,655,26,4,'',0,'2022-11-03 03:19:22',1,NULL,NULL,NULL,NULL),(1317,655,218,3,'',0,'2022-10-17 10:50:01',1,NULL,NULL,NULL,NULL),(1318,659,212,4,'',0,'2022-10-17 21:18:21',1,NULL,NULL,NULL,NULL),(1319,659,208,2,'',0,'2022-11-01 03:00:55',1,NULL,NULL,NULL,NULL),(1320,659,93,2,'',0,'2022-11-01 03:51:08',1,NULL,NULL,NULL,NULL),(1321,659,119,5,'',0,'2022-11-07 18:17:58',1,NULL,NULL,NULL,NULL),(1322,659,162,2,'',0,'2022-10-23 15:55:36',1,NULL,NULL,NULL,NULL),(1323,659,84,2,'',0,'2022-11-09 13:10:29',1,NULL,NULL,NULL,NULL),(1324,659,62,5,'',0,'2022-10-20 21:56:44',1,NULL,NULL,NULL,NULL),(1325,659,88,1,'',0,'2022-10-24 00:18:50',1,NULL,NULL,NULL,NULL),(1326,659,58,2,'',0,'2022-10-21 15:41:19',1,NULL,NULL,NULL,NULL),(1327,659,190,3,'',0,'2022-10-31 00:59:56',1,NULL,NULL,NULL,NULL),(1328,660,206,3,'',0,'2022-10-28 15:02:42',1,NULL,NULL,NULL,NULL),(1329,660,186,2,'',0,'2022-11-03 00:37:02',1,NULL,NULL,NULL,NULL),(1330,660,176,3,'',0,'2022-10-13 18:44:18',1,NULL,NULL,NULL,NULL),(1331,660,146,5,'',0,'2022-11-03 01:20:04',1,NULL,NULL,NULL,NULL),(1332,660,60,4,'',0,'2022-10-12 22:57:22',1,NULL,NULL,NULL,NULL),(1333,660,96,3,'',0,'2022-10-23 03:15:02',1,NULL,NULL,NULL,NULL),(1334,661,197,5,'',0,'2022-11-07 15:38:47',1,NULL,NULL,NULL,NULL),(1335,667,173,5,'',0,'2022-10-11 22:21:01',1,NULL,NULL,NULL,NULL),(1336,669,38,1,'',0,'2022-11-07 08:43:29',1,NULL,NULL,NULL,NULL),(1337,670,61,1,'',0,'2022-11-02 07:25:44',1,NULL,NULL,NULL,NULL),(1338,670,63,3,'',0,'2022-11-08 19:06:44',1,NULL,NULL,NULL,NULL),(1339,670,181,1,'',0,'2022-10-19 13:28:43',1,NULL,NULL,NULL,NULL),(1340,670,198,3,'',0,'2022-11-10 01:05:32',1,NULL,NULL,NULL,NULL),(1341,670,136,1,'',0,'2022-10-11 17:05:27',1,NULL,NULL,NULL,NULL),(1342,670,62,5,'',0,'2022-11-02 20:31:02',1,NULL,NULL,NULL,NULL),(1343,671,148,2,'',0,'2022-10-31 09:38:04',1,NULL,NULL,NULL,NULL),(1344,671,201,2,'',0,'2022-11-04 12:13:33',1,NULL,NULL,NULL,NULL),(1345,671,198,4,'',0,'2022-10-21 10:06:52',1,NULL,NULL,NULL,NULL),(1346,671,173,5,'',0,'2022-10-17 03:20:34',1,NULL,NULL,NULL,NULL),(1347,671,124,3,'',0,'2022-11-09 21:23:59',1,NULL,NULL,NULL,NULL),(1348,671,123,5,'',0,'2022-10-30 04:13:31',1,NULL,NULL,NULL,NULL),(1349,671,118,2,'',0,'2022-10-29 14:26:57',1,NULL,NULL,NULL,NULL),(1350,671,1,4,'',0,'2022-11-06 12:47:30',1,NULL,NULL,NULL,NULL),(1351,671,202,1,'',0,'2022-10-29 08:20:41',1,NULL,NULL,NULL,NULL),(1352,672,206,3,'',0,'2022-11-07 21:37:57',1,NULL,NULL,NULL,NULL),(1353,672,86,4,'',0,'2022-11-08 09:36:07',1,NULL,NULL,NULL,NULL),(1354,672,199,1,'',0,'2022-11-02 09:32:55',1,NULL,NULL,NULL,NULL),(1355,674,69,3,'',0,'2022-11-01 14:53:35',1,NULL,NULL,NULL,NULL),(1356,674,122,1,'',0,'2022-10-25 10:24:34',1,NULL,NULL,NULL,NULL),(1357,674,200,4,'',0,'2022-11-05 02:37:31',1,NULL,NULL,NULL,NULL),(1358,674,9,1,'',0,'2022-10-14 09:11:38',1,NULL,NULL,NULL,NULL),(1359,674,206,3,'',0,'2022-11-08 12:10:25',1,NULL,NULL,NULL,NULL),(1360,674,124,1,'',0,'2022-10-18 06:38:06',1,NULL,NULL,NULL,NULL),(1361,674,164,3,'',0,'2022-10-29 01:43:10',1,NULL,NULL,NULL,NULL),(1362,675,166,2,'',0,'2022-10-27 11:19:09',1,NULL,NULL,NULL,NULL),(1363,675,90,4,'',0,'2022-10-16 21:39:38',1,NULL,NULL,NULL,NULL),(1364,675,109,5,'',0,'2022-11-04 22:18:51',1,NULL,NULL,NULL,NULL),(1365,675,122,3,'',0,'2022-10-31 14:14:33',1,NULL,NULL,NULL,NULL),(1366,675,193,2,'',0,'2022-10-14 12:22:21',1,NULL,NULL,NULL,NULL),(1367,675,98,5,'',0,'2022-10-16 03:29:51',1,NULL,NULL,NULL,NULL),(1368,681,173,4,'',0,'2022-10-31 04:14:15',1,NULL,NULL,NULL,NULL),(1369,681,187,1,'',0,'2022-11-05 07:43:00',1,NULL,NULL,NULL,NULL),(1370,684,193,3,'',0,'2022-10-12 07:44:44',1,NULL,NULL,NULL,NULL),(1371,684,98,4,'',0,'2022-10-21 15:03:58',1,NULL,NULL,NULL,NULL),(1372,684,37,1,'',0,'2022-10-22 22:52:06',1,NULL,NULL,NULL,NULL),(1373,684,45,1,'',0,'2022-11-03 09:51:14',1,NULL,NULL,NULL,NULL),(1374,684,182,3,'',0,'2022-10-29 01:01:44',1,NULL,NULL,NULL,NULL),(1375,687,95,3,'',0,'2022-10-20 09:44:20',1,NULL,NULL,NULL,NULL),(1376,687,22,3,'',0,'2022-10-16 01:50:07',1,NULL,NULL,NULL,NULL),(1377,687,67,2,'',0,'2022-10-29 09:01:43',1,NULL,NULL,NULL,NULL),(1378,687,21,4,'',0,'2022-10-17 17:54:05',1,NULL,NULL,NULL,NULL),(1379,690,106,4,'',0,'2022-10-21 15:10:45',1,NULL,NULL,NULL,NULL),(1380,690,201,1,'',0,'2022-11-05 14:08:44',1,NULL,NULL,NULL,NULL),(1381,690,162,5,'',0,'2022-10-27 09:21:08',1,NULL,NULL,NULL,NULL),(1382,690,190,5,'',0,'2022-10-16 07:02:48',1,NULL,NULL,NULL,NULL),(1383,690,119,2,'',0,'2022-11-01 00:32:45',1,NULL,NULL,NULL,NULL),(1384,690,14,3,'',0,'2022-10-13 02:50:45',1,NULL,NULL,NULL,NULL),(1385,690,187,2,'',0,'2022-10-14 03:58:06',1,NULL,NULL,NULL,NULL),(1386,690,28,3,'',0,'2022-10-16 20:13:48',1,NULL,NULL,NULL,NULL),(1387,694,27,5,'',0,'2022-11-06 09:32:42',1,NULL,NULL,NULL,NULL),(1388,694,163,5,'',0,'2022-10-21 03:37:22',1,NULL,NULL,NULL,NULL),(1389,694,17,3,'',0,'2022-10-28 03:36:52',1,NULL,NULL,NULL,NULL),(1390,694,42,2,'',0,'2022-10-28 17:06:12',1,NULL,NULL,NULL,NULL),(1391,694,41,3,'',0,'2022-10-27 22:09:23',1,NULL,NULL,NULL,NULL),(1392,694,168,1,'',0,'2022-11-05 11:24:15',1,NULL,NULL,NULL,NULL),(1393,696,18,2,'',0,'2022-10-30 21:05:15',1,NULL,NULL,NULL,NULL),(1394,696,88,1,'',0,'2022-10-16 11:28:44',1,NULL,NULL,NULL,NULL),(1395,696,60,2,'',0,'2022-10-14 10:01:17',1,NULL,NULL,NULL,NULL),(1396,696,21,5,'',0,'2022-10-14 20:57:52',1,NULL,NULL,NULL,NULL),(1397,696,41,3,'',0,'2022-10-25 12:23:09',1,NULL,NULL,NULL,NULL),(1398,696,45,1,'',0,'2022-10-16 14:05:11',1,NULL,NULL,NULL,NULL),(1399,704,189,1,'',0,'2022-11-01 07:11:02',1,NULL,NULL,NULL,NULL),(1400,704,53,2,'',0,'2022-10-31 06:19:28',1,NULL,NULL,NULL,NULL),(1401,704,131,1,'',0,'2022-11-09 03:20:56',1,NULL,NULL,NULL,NULL),(1402,705,20,3,'',0,'2022-11-07 16:30:03',1,NULL,NULL,NULL,NULL),(1403,705,129,1,'',0,'2022-11-09 02:28:01',1,NULL,NULL,NULL,NULL),(1404,705,183,4,'',0,'2022-10-29 04:30:08',1,NULL,NULL,NULL,NULL),(1405,705,79,1,'',0,'2022-10-19 12:03:50',1,NULL,NULL,NULL,NULL),(1406,705,198,3,'',0,'2022-10-23 07:42:51',1,NULL,NULL,NULL,NULL),(1407,705,213,5,'',0,'2022-10-18 16:56:42',1,NULL,NULL,NULL,NULL),(1408,705,60,1,'',0,'2022-10-30 20:35:51',1,NULL,NULL,NULL,NULL),(1409,705,202,5,'',0,'2022-11-05 02:39:13',1,NULL,NULL,NULL,NULL),(1410,705,34,5,'',0,'2022-11-02 13:13:03',1,NULL,NULL,NULL,NULL),(1411,705,142,2,'',0,'2022-10-17 23:00:26',1,NULL,NULL,NULL,NULL),(1412,709,163,4,'',0,'2022-10-16 17:36:45',1,NULL,NULL,NULL,NULL),(1413,709,173,4,'',0,'2022-10-28 06:54:10',1,NULL,NULL,NULL,NULL),(1414,709,165,4,'',0,'2022-10-12 16:05:15',1,NULL,NULL,NULL,NULL),(1415,709,114,3,'',0,'2022-11-01 07:10:12',1,NULL,NULL,NULL,NULL),(1416,709,154,3,'',0,'2022-10-16 23:47:28',1,NULL,NULL,NULL,NULL),(1417,709,46,4,'',0,'2022-11-09 14:50:20',1,NULL,NULL,NULL,NULL),(1418,709,141,4,'',0,'2022-10-26 21:32:12',1,NULL,NULL,NULL,NULL),(1419,710,199,3,'',0,'2022-10-15 02:12:37',1,NULL,NULL,NULL,NULL),(1420,710,10,2,'',0,'2022-10-21 17:32:27',1,NULL,NULL,NULL,NULL),(1421,710,91,1,'',0,'2022-10-17 17:06:53',1,NULL,NULL,NULL,NULL),(1422,710,76,1,'',0,'2022-10-21 06:26:59',1,NULL,NULL,NULL,NULL),(1423,710,34,4,'',0,'2022-10-27 02:18:42',1,NULL,NULL,NULL,NULL),(1424,710,51,3,'',0,'2022-11-07 13:03:29',1,NULL,NULL,NULL,NULL),(1425,710,153,5,'',0,'2022-10-25 12:35:25',1,NULL,NULL,NULL,NULL),(1426,710,127,4,'',0,'2022-10-22 10:47:35',1,NULL,NULL,NULL,NULL),(1427,711,163,4,'',0,'2022-10-29 21:43:02',1,NULL,NULL,NULL,NULL),(1428,711,171,2,'',0,'2022-11-01 03:18:10',1,NULL,NULL,NULL,NULL),(1429,711,198,1,'',0,'2022-10-26 16:35:02',1,NULL,NULL,NULL,NULL),(1430,711,88,3,'',0,'2022-10-11 10:31:18',1,NULL,NULL,NULL,NULL),(1431,711,89,2,'',0,'2022-10-12 09:51:34',1,NULL,NULL,NULL,NULL),(1432,711,3,5,'',0,'2022-10-14 06:12:23',1,NULL,NULL,NULL,NULL),(1433,711,212,5,'',0,'2022-10-19 04:45:20',1,NULL,NULL,NULL,NULL),(1434,711,149,5,'',0,'2022-10-16 22:26:35',1,NULL,NULL,NULL,NULL),(1435,711,199,5,'',0,'2022-10-18 22:55:15',1,NULL,NULL,NULL,NULL),(1436,711,85,1,'',0,'2022-10-31 21:52:06',1,NULL,NULL,NULL,NULL),(1437,712,104,3,'',0,'2022-10-17 07:02:04',1,NULL,NULL,NULL,NULL),(1438,712,9,4,'',0,'2022-11-05 11:43:47',1,NULL,NULL,NULL,NULL),(1439,712,109,5,'',0,'2022-11-03 14:48:40',1,NULL,NULL,NULL,NULL),(1440,712,61,1,'',0,'2022-11-05 04:50:57',1,NULL,NULL,NULL,NULL),(1441,712,140,5,'',0,'2022-10-17 06:26:23',1,NULL,NULL,NULL,NULL),(1442,712,130,4,'',0,'2022-10-18 11:55:35',1,NULL,NULL,NULL,NULL),(1443,712,18,4,'',0,'2022-11-08 20:02:13',1,NULL,NULL,NULL,NULL),(1444,712,209,3,'',0,'2022-10-26 19:34:25',1,NULL,NULL,NULL,NULL),(1445,712,42,3,'',0,'2022-10-28 21:19:08',1,NULL,NULL,NULL,NULL),(1446,712,158,5,'',0,'2022-10-21 20:11:07',1,NULL,NULL,NULL,NULL),(1447,714,166,5,'',0,'2022-11-06 16:35:13',1,NULL,NULL,NULL,NULL),(1448,714,203,2,'',0,'2022-10-18 15:55:59',1,NULL,NULL,NULL,NULL),(1449,714,83,3,'',0,'2022-10-28 02:21:27',1,NULL,NULL,NULL,NULL),(1450,714,55,1,'',0,'2022-10-18 03:26:17',1,NULL,NULL,NULL,NULL),(1451,714,47,5,'',0,'2022-10-14 01:33:11',1,NULL,NULL,NULL,NULL),(1452,714,66,2,'',0,'2022-11-04 22:00:47',1,NULL,NULL,NULL,NULL),(1453,714,58,4,'',0,'2022-11-06 04:22:38',1,NULL,NULL,NULL,NULL),(1454,714,182,2,'',0,'2022-10-20 20:19:44',1,NULL,NULL,NULL,NULL),(1455,714,134,4,'',0,'2022-10-27 06:07:24',1,NULL,NULL,NULL,NULL),(1456,716,101,2,'',0,'2022-11-07 09:32:44',1,NULL,NULL,NULL,NULL),(1457,716,11,5,'',0,'2022-10-17 09:03:55',1,NULL,NULL,NULL,NULL),(1458,716,173,4,'',0,'2022-10-26 15:06:15',1,NULL,NULL,NULL,NULL),(1459,716,37,5,'',0,'2022-10-15 18:01:59',1,NULL,NULL,NULL,NULL),(1460,716,195,5,'',0,'2022-10-23 13:57:59',1,NULL,NULL,NULL,NULL),(1461,717,62,1,'',0,'2022-10-12 13:14:55',1,NULL,NULL,NULL,NULL),(1462,717,202,2,'',0,'2022-10-28 18:36:42',1,NULL,NULL,NULL,NULL),(1463,717,158,2,'',0,'2022-10-26 14:57:35',1,NULL,NULL,NULL,NULL),(1464,717,217,5,'',0,'2022-10-21 11:28:30',1,NULL,NULL,NULL,NULL),(1465,717,46,1,'',0,'2022-10-19 21:37:29',1,NULL,NULL,NULL,NULL),(1466,717,177,1,'',0,'2022-11-09 08:58:52',1,NULL,NULL,NULL,NULL),(1467,717,42,2,'',0,'2022-10-15 04:11:30',1,NULL,NULL,NULL,NULL),(1468,719,218,3,'',0,'2022-10-26 19:01:47',1,NULL,NULL,NULL,NULL),(1469,719,182,1,'',0,'2022-10-27 13:52:11',1,NULL,NULL,NULL,NULL),(1470,719,212,1,'',0,'2022-10-21 21:47:48',1,NULL,NULL,NULL,NULL),(1471,719,2,1,'',0,'2022-10-11 17:51:03',1,NULL,NULL,NULL,NULL),(1472,719,43,5,'',0,'2022-10-12 13:10:45',1,NULL,NULL,NULL,NULL),(1473,719,12,2,'',0,'2022-11-07 22:55:24',1,NULL,NULL,NULL,NULL),(1474,719,36,2,'',0,'2022-10-26 07:17:31',1,NULL,NULL,NULL,NULL),(1475,720,190,3,'',0,'2022-11-09 23:56:40',1,NULL,NULL,NULL,NULL),(1476,720,85,4,'',0,'2022-11-07 20:33:40',1,NULL,NULL,NULL,NULL),(1477,720,22,4,'',0,'2022-10-22 14:55:10',1,NULL,NULL,NULL,NULL),(1478,720,6,4,'',0,'2022-10-18 07:43:39',1,NULL,NULL,NULL,NULL),(1479,720,197,4,'',0,'2022-10-15 08:48:21',1,NULL,NULL,NULL,NULL),(1480,722,65,4,'',0,'2022-10-18 11:58:24',1,NULL,NULL,NULL,NULL),(1481,722,134,1,'',0,'2022-10-24 17:39:11',1,NULL,NULL,NULL,NULL),(1482,723,146,1,'',0,'2022-10-26 12:38:07',1,NULL,NULL,NULL,NULL),(1483,724,176,1,'',0,'2022-10-15 23:31:00',1,NULL,NULL,NULL,NULL),(1484,724,207,2,'',0,'2022-10-26 20:05:08',1,NULL,NULL,NULL,NULL),(1485,724,129,5,'',0,'2022-11-08 20:04:41',1,NULL,NULL,NULL,NULL),(1486,724,112,1,'',0,'2022-10-25 11:34:56',1,NULL,NULL,NULL,NULL),(1487,724,148,2,'',0,'2022-10-29 10:17:36',1,NULL,NULL,NULL,NULL),(1488,724,91,4,'',0,'2022-11-03 05:54:39',1,NULL,NULL,NULL,NULL),(1489,724,149,1,'',0,'2022-11-05 11:20:03',1,NULL,NULL,NULL,NULL),(1490,724,148,5,'',0,'2022-10-16 20:40:38',1,NULL,NULL,NULL,NULL),(1491,725,97,1,'',0,'2022-10-24 22:19:39',1,NULL,NULL,NULL,NULL),(1492,725,14,3,'',0,'2022-10-14 00:22:19',1,NULL,NULL,NULL,NULL),(1493,725,124,1,'',0,'2022-10-26 01:01:37',1,NULL,NULL,NULL,NULL),(1494,725,20,1,'',0,'2022-11-08 00:09:19',1,NULL,NULL,NULL,NULL),(1495,725,213,5,'',0,'2022-11-08 18:18:44',1,NULL,NULL,NULL,NULL),(1496,725,1,3,'',0,'2022-10-28 18:52:48',1,NULL,NULL,NULL,NULL),(1497,725,216,2,'',0,'2022-10-24 09:37:12',1,NULL,NULL,NULL,NULL),(1498,725,182,3,'',0,'2022-10-29 23:52:37',1,NULL,NULL,NULL,NULL),(1499,725,183,5,'',0,'2022-11-01 22:25:01',1,NULL,NULL,NULL,NULL),(1500,730,198,4,'',0,'2022-10-22 15:07:24',1,NULL,NULL,NULL,NULL),(1501,730,98,3,'',0,'2022-10-24 03:42:43',1,NULL,NULL,NULL,NULL),(1502,730,166,1,'',0,'2022-10-26 06:58:24',1,NULL,NULL,NULL,NULL),(1503,730,6,5,'',0,'2022-10-11 12:53:16',1,NULL,NULL,NULL,NULL),(1504,730,180,1,'',0,'2022-10-24 22:07:50',1,NULL,NULL,NULL,NULL),(1505,730,118,1,'',0,'2022-11-06 21:44:25',1,NULL,NULL,NULL,NULL),(1506,730,95,1,'',0,'2022-10-31 08:44:39',1,NULL,NULL,NULL,NULL),(1507,730,27,4,'',0,'2022-10-31 19:11:03',1,NULL,NULL,NULL,NULL),(1508,730,20,1,'',0,'2022-11-05 00:32:20',1,NULL,NULL,NULL,NULL),(1509,732,47,4,'',0,'2022-10-21 01:49:39',1,NULL,NULL,NULL,NULL),(1510,732,98,2,'',0,'2022-10-13 02:18:16',1,NULL,NULL,NULL,NULL),(1511,732,33,5,'',0,'2022-10-31 23:49:00',1,NULL,NULL,NULL,NULL),(1512,732,2,4,'',0,'2022-11-09 16:10:28',1,NULL,NULL,NULL,NULL),(1513,736,136,2,'',0,'2022-10-16 18:50:18',1,NULL,NULL,NULL,NULL),(1514,736,38,4,'',0,'2022-10-24 12:51:39',1,NULL,NULL,NULL,NULL),(1515,736,209,5,'',0,'2022-10-31 23:58:28',1,NULL,NULL,NULL,NULL),(1516,738,60,5,'',0,'2022-10-11 15:43:57',1,NULL,NULL,NULL,NULL),(1517,738,165,1,'',0,'2022-10-15 08:09:54',1,NULL,NULL,NULL,NULL),(1518,738,158,3,'',0,'2022-10-22 05:01:56',1,NULL,NULL,NULL,NULL),(1519,738,46,5,'',0,'2022-10-12 03:32:55',1,NULL,NULL,NULL,NULL),(1520,738,45,3,'',0,'2022-10-21 17:23:05',1,NULL,NULL,NULL,NULL),(1521,738,26,5,'',0,'2022-10-17 15:04:01',1,NULL,NULL,NULL,NULL),(1522,738,86,5,'',0,'2022-11-06 22:32:52',1,NULL,NULL,NULL,NULL),(1523,738,65,1,'',0,'2022-10-14 01:09:30',1,NULL,NULL,NULL,NULL),(1524,738,83,5,'',0,'2022-10-25 20:56:12',1,NULL,NULL,NULL,NULL),(1525,738,183,5,'',0,'2022-10-14 07:39:03',1,NULL,NULL,NULL,NULL),(1526,741,164,2,'',0,'2022-10-20 22:06:09',1,NULL,NULL,NULL,NULL),(1527,742,13,5,'',0,'2022-11-02 21:49:32',1,NULL,NULL,NULL,NULL),(1528,742,71,5,'',0,'2022-11-04 23:37:29',1,NULL,NULL,NULL,NULL),(1529,742,135,3,'',0,'2022-11-05 13:52:46',1,NULL,NULL,NULL,NULL),(1530,742,197,3,'',0,'2022-10-13 14:12:50',1,NULL,NULL,NULL,NULL),(1531,742,101,4,'',0,'2022-11-06 23:58:40',1,NULL,NULL,NULL,NULL),(1532,742,115,1,'',0,'2022-11-07 20:46:11',1,NULL,NULL,NULL,NULL),(1533,742,56,1,'',0,'2022-10-26 04:37:25',1,NULL,NULL,NULL,NULL),(1534,744,154,4,'',0,'2022-10-11 19:17:44',1,NULL,NULL,NULL,NULL),(1535,744,89,2,'',0,'2022-11-08 17:17:52',1,NULL,NULL,NULL,NULL),(1536,744,95,4,'',0,'2022-10-19 08:48:34',1,NULL,NULL,NULL,NULL),(1537,744,62,5,'',0,'2022-10-23 21:33:23',1,NULL,NULL,NULL,NULL),(1538,744,30,2,'',0,'2022-11-09 02:24:30',1,NULL,NULL,NULL,NULL),(1539,744,91,4,'',0,'2022-10-15 16:34:04',1,NULL,NULL,NULL,NULL),(1540,745,120,3,'',0,'2022-11-09 13:50:24',1,NULL,NULL,NULL,NULL),(1541,745,22,3,'',0,'2022-11-08 19:27:14',1,NULL,NULL,NULL,NULL),(1542,745,61,2,'',0,'2022-11-09 03:55:31',1,NULL,NULL,NULL,NULL),(1543,745,160,1,'',0,'2022-10-29 13:09:04',1,NULL,NULL,NULL,NULL),(1544,745,94,4,'',0,'2022-11-09 00:41:37',1,NULL,NULL,NULL,NULL),(1545,745,143,5,'',0,'2022-10-25 07:20:41',1,NULL,NULL,NULL,NULL),(1546,745,11,3,'',0,'2022-10-31 04:41:16',1,NULL,NULL,NULL,NULL),(1547,747,58,1,'',0,'2022-10-14 21:02:17',1,NULL,NULL,NULL,NULL),(1548,747,86,1,'',0,'2022-11-03 23:44:55',1,NULL,NULL,NULL,NULL),(1549,747,37,2,'',0,'2022-11-01 08:27:03',1,NULL,NULL,NULL,NULL),(1550,747,93,1,'',0,'2022-10-25 09:53:57',1,NULL,NULL,NULL,NULL),(1551,747,97,1,'',0,'2022-10-24 19:02:52',1,NULL,NULL,NULL,NULL),(1552,747,9,1,'',0,'2022-10-21 00:46:33',1,NULL,NULL,NULL,NULL),(1553,747,205,4,'',0,'2022-10-22 15:20:41',1,NULL,NULL,NULL,NULL),(1554,747,34,3,'',0,'2022-10-19 11:18:43',1,NULL,NULL,NULL,NULL),(1555,747,123,2,'',0,'2022-11-06 06:30:02',1,NULL,NULL,NULL,NULL),(1556,752,96,1,'',0,'2022-10-20 00:41:19',1,NULL,NULL,NULL,NULL),(1557,752,182,1,'',0,'2022-10-25 09:40:16',1,NULL,NULL,NULL,NULL),(1558,752,115,3,'',0,'2022-11-03 02:24:13',1,NULL,NULL,NULL,NULL),(1559,752,25,4,'',0,'2022-10-13 11:09:54',1,NULL,NULL,NULL,NULL),(1560,752,170,1,'',0,'2022-10-23 08:52:45',1,NULL,NULL,NULL,NULL),(1561,752,187,3,'',0,'2022-11-04 14:57:18',1,NULL,NULL,NULL,NULL),(1562,752,47,1,'',0,'2022-10-21 01:05:16',1,NULL,NULL,NULL,NULL),(1563,752,83,1,'',0,'2022-10-29 03:13:01',1,NULL,NULL,NULL,NULL),(1564,752,143,4,'',0,'2022-10-19 21:04:27',1,NULL,NULL,NULL,NULL),(1565,757,114,3,'',0,'2022-10-12 00:45:45',1,NULL,NULL,NULL,NULL),(1566,757,54,2,'',0,'2022-10-11 11:24:13',1,NULL,NULL,NULL,NULL),(1567,757,110,2,'',0,'2022-10-31 12:53:40',1,NULL,NULL,NULL,NULL),(1568,757,105,3,'',0,'2022-10-17 13:23:29',1,NULL,NULL,NULL,NULL),(1569,757,124,1,'',0,'2022-11-01 11:06:58',1,NULL,NULL,NULL,NULL),(1570,757,174,1,'',0,'2022-10-17 05:14:48',1,NULL,NULL,NULL,NULL),(1571,757,200,4,'',0,'2022-10-20 10:20:29',1,NULL,NULL,NULL,NULL),(1572,757,47,2,'',0,'2022-10-16 18:19:11',1,NULL,NULL,NULL,NULL),(1573,757,17,3,'',0,'2022-10-28 04:17:12',1,NULL,NULL,NULL,NULL),(1574,757,191,1,'',0,'2022-10-14 18:56:36',1,NULL,NULL,NULL,NULL),(1575,760,162,2,'',0,'2022-10-19 00:02:06',1,NULL,NULL,NULL,NULL),(1576,760,173,3,'',0,'2022-10-29 17:16:13',1,NULL,NULL,NULL,NULL),(1577,760,108,5,'',0,'2022-11-08 20:03:43',1,NULL,NULL,NULL,NULL),(1578,760,130,2,'',0,'2022-10-12 19:19:15',1,NULL,NULL,NULL,NULL),(1579,760,128,2,'',0,'2022-10-22 08:04:42',1,NULL,NULL,NULL,NULL),(1580,760,109,3,'',0,'2022-11-05 19:30:17',1,NULL,NULL,NULL,NULL),(1581,760,111,5,'',0,'2022-11-03 09:45:25',1,NULL,NULL,NULL,NULL),(1582,760,106,5,'',0,'2022-10-16 01:58:23',1,NULL,NULL,NULL,NULL),(1583,760,212,4,'',0,'2022-11-02 06:30:26',1,NULL,NULL,NULL,NULL),(1584,765,82,3,'',0,'2022-10-29 04:24:16',1,NULL,NULL,NULL,NULL),(1585,765,215,5,'',0,'2022-11-07 09:48:00',1,NULL,NULL,NULL,NULL),(1586,765,156,1,'',0,'2022-11-08 14:10:01',1,NULL,NULL,NULL,NULL),(1587,765,4,5,'',0,'2022-10-12 20:51:01',1,NULL,NULL,NULL,NULL),(1588,765,167,3,'',0,'2022-11-06 23:34:25',1,NULL,NULL,NULL,NULL),(1589,769,129,4,'',0,'2022-10-12 00:08:44',1,NULL,NULL,NULL,NULL),(1590,772,58,4,'',0,'2022-11-08 14:39:25',1,NULL,NULL,NULL,NULL),(1591,774,199,5,'',0,'2022-10-24 06:51:37',1,NULL,NULL,NULL,NULL),(1592,774,193,4,'',0,'2022-10-28 18:29:05',1,NULL,NULL,NULL,NULL),(1593,774,216,3,'',0,'2022-11-07 19:04:16',1,NULL,NULL,NULL,NULL),(1594,774,207,2,'',0,'2022-11-05 09:53:03',1,NULL,NULL,NULL,NULL),(1595,774,145,5,'',0,'2022-10-24 16:37:22',1,NULL,NULL,NULL,NULL),(1596,779,162,2,'',0,'2022-11-05 05:15:09',1,NULL,NULL,NULL,NULL),(1597,779,192,2,'',0,'2022-10-25 17:09:29',1,NULL,NULL,NULL,NULL),(1598,781,30,2,'',0,'2022-11-04 20:09:06',1,NULL,NULL,NULL,NULL),(1599,781,202,4,'',0,'2022-11-08 17:47:48',1,NULL,NULL,NULL,NULL),(1600,781,172,5,'',0,'2022-10-17 19:06:02',1,NULL,NULL,NULL,NULL),(1601,781,165,1,'',0,'2022-10-24 09:50:47',1,NULL,NULL,NULL,NULL),(1602,781,119,1,'',0,'2022-10-13 07:24:54',1,NULL,NULL,NULL,NULL),(1603,782,164,4,'',0,'2022-10-12 04:00:46',1,NULL,NULL,NULL,NULL),(1604,782,165,3,'',0,'2022-11-07 02:34:34',1,NULL,NULL,NULL,NULL),(1605,782,107,3,'',0,'2022-10-12 02:11:51',1,NULL,NULL,NULL,NULL),(1606,782,141,5,'',0,'2022-10-27 07:20:55',1,NULL,NULL,NULL,NULL),(1607,782,97,5,'',0,'2022-10-20 00:09:19',1,NULL,NULL,NULL,NULL),(1608,782,210,4,'',0,'2022-11-09 17:16:36',1,NULL,NULL,NULL,NULL),(1609,782,7,3,'',0,'2022-10-22 15:47:39',1,NULL,NULL,NULL,NULL),(1610,782,205,3,'',0,'2022-11-02 03:49:54',1,NULL,NULL,NULL,NULL),(1611,783,27,5,'',0,'2022-10-18 03:14:42',1,NULL,NULL,NULL,NULL),(1612,783,165,1,'',0,'2022-11-02 03:59:04',1,NULL,NULL,NULL,NULL),(1613,783,215,1,'',0,'2022-10-17 06:41:21',1,NULL,NULL,NULL,NULL),(1614,783,152,2,'',0,'2022-10-28 18:27:44',1,NULL,NULL,NULL,NULL),(1615,783,90,2,'',0,'2022-10-21 20:00:37',1,NULL,NULL,NULL,NULL),(1616,783,205,5,'',0,'2022-10-21 01:45:35',1,NULL,NULL,NULL,NULL),(1617,783,69,1,'',0,'2022-10-25 12:20:20',1,NULL,NULL,NULL,NULL),(1618,783,71,1,'',0,'2022-10-26 22:26:05',1,NULL,NULL,NULL,NULL),(1619,783,179,3,'',0,'2022-11-03 07:46:38',1,NULL,NULL,NULL,NULL),(1620,785,62,4,'',0,'2022-10-19 14:21:21',1,NULL,NULL,NULL,NULL),(1621,785,28,3,'',0,'2022-10-19 17:08:31',1,NULL,NULL,NULL,NULL),(1622,785,95,1,'',0,'2022-10-20 11:29:53',1,NULL,NULL,NULL,NULL),(1623,785,46,4,'',0,'2022-10-18 10:53:06',1,NULL,NULL,NULL,NULL),(1624,785,93,2,'',0,'2022-10-24 12:24:29',1,NULL,NULL,NULL,NULL),(1625,785,23,1,'',0,'2022-11-03 11:00:28',1,NULL,NULL,NULL,NULL),(1626,786,6,3,'',0,'2022-10-22 13:21:08',1,NULL,NULL,NULL,NULL),(1627,786,84,2,'',0,'2022-11-07 17:52:30',1,NULL,NULL,NULL,NULL),(1628,786,107,2,'',0,'2022-11-01 16:13:40',1,NULL,NULL,NULL,NULL),(1629,786,61,1,'',0,'2022-11-09 19:57:50',1,NULL,NULL,NULL,NULL),(1630,786,207,5,'',0,'2022-11-08 16:13:41',1,NULL,NULL,NULL,NULL),(1631,786,73,3,'',0,'2022-10-19 18:20:15',1,NULL,NULL,NULL,NULL),(1632,786,83,1,'',0,'2022-11-06 07:16:56',1,NULL,NULL,NULL,NULL),(1633,786,140,2,'',0,'2022-10-18 08:35:25',1,NULL,NULL,NULL,NULL),(1634,788,10,5,'',0,'2022-11-06 21:54:28',1,NULL,NULL,NULL,NULL),(1635,788,103,2,'',0,'2022-10-13 23:06:07',1,NULL,NULL,NULL,NULL),(1636,788,55,5,'',0,'2022-11-02 06:27:22',1,NULL,NULL,NULL,NULL),(1637,788,196,4,'',0,'2022-11-08 14:55:26',1,NULL,NULL,NULL,NULL),(1638,789,5,3,'',0,'2022-10-24 10:28:38',1,NULL,NULL,NULL,NULL),(1639,789,97,3,'',0,'2022-11-04 13:58:15',1,NULL,NULL,NULL,NULL),(1640,789,91,1,'',0,'2022-11-07 23:22:10',1,NULL,NULL,NULL,NULL),(1641,791,67,3,'',0,'2022-11-07 06:04:48',1,NULL,NULL,NULL,NULL),(1642,791,18,3,'',0,'2022-10-13 05:24:37',1,NULL,NULL,NULL,NULL),(1643,795,166,1,'',0,'2022-11-08 20:45:26',1,NULL,NULL,NULL,NULL),(1644,795,35,5,'',0,'2022-10-12 07:28:28',1,NULL,NULL,NULL,NULL),(1645,795,47,3,'',0,'2022-10-17 22:18:50',1,NULL,NULL,NULL,NULL),(1646,795,89,4,'',0,'2022-10-18 01:41:42',1,NULL,NULL,NULL,NULL),(1647,795,7,4,'',0,'2022-11-01 03:39:07',1,NULL,NULL,NULL,NULL),(1648,796,96,2,'',0,'2022-10-20 11:12:57',1,NULL,NULL,NULL,NULL),(1649,798,190,4,'',0,'2022-10-27 08:55:11',1,NULL,NULL,NULL,NULL),(1650,798,127,5,'',0,'2022-10-14 23:18:24',1,NULL,NULL,NULL,NULL),(1651,798,123,1,'',0,'2022-11-09 06:08:36',1,NULL,NULL,NULL,NULL),(1652,798,116,2,'',0,'2022-10-25 23:27:38',1,NULL,NULL,NULL,NULL),(1653,798,74,3,'',0,'2022-10-31 00:43:56',1,NULL,NULL,NULL,NULL),(1654,798,11,3,'',0,'2022-10-28 13:51:44',1,NULL,NULL,NULL,NULL),(1655,798,86,3,'',0,'2022-10-21 05:26:55',1,NULL,NULL,NULL,NULL),(1656,798,183,5,'',0,'2022-11-07 10:57:12',1,NULL,NULL,NULL,NULL),(1657,807,8,2,'',0,'2022-11-03 11:44:58',1,NULL,NULL,NULL,NULL),(1658,807,164,3,'',0,'2022-11-02 01:04:24',1,NULL,NULL,NULL,NULL),(1659,807,176,3,'',0,'2022-11-06 23:45:58',1,NULL,NULL,NULL,NULL),(1660,807,118,2,'',0,'2022-11-03 03:31:51',1,NULL,NULL,NULL,NULL),(1661,807,138,4,'',0,'2022-10-11 16:29:44',1,NULL,NULL,NULL,NULL),(1662,807,129,4,'',0,'2022-11-07 11:08:35',1,NULL,NULL,NULL,NULL),(1663,807,43,2,'',0,'2022-10-28 20:09:15',1,NULL,NULL,NULL,NULL),(1664,807,102,2,'',0,'2022-11-07 23:34:52',1,NULL,NULL,NULL,NULL),(1665,818,106,5,'',0,'2022-10-23 15:01:52',1,NULL,NULL,NULL,NULL),(1666,818,31,5,'',0,'2022-11-07 13:26:08',1,NULL,NULL,NULL,NULL),(1667,818,196,3,'',0,'2022-11-05 01:29:25',1,NULL,NULL,NULL,NULL),(1668,818,85,2,'',0,'2022-10-16 18:47:45',1,NULL,NULL,NULL,NULL),(1669,818,134,1,'',0,'2022-10-18 23:13:03',1,NULL,NULL,NULL,NULL),(1670,820,109,1,'',0,'2022-11-09 08:17:03',1,NULL,NULL,NULL,NULL),(1671,820,124,3,'',0,'2022-10-25 16:08:49',1,NULL,NULL,NULL,NULL),(1672,820,37,2,'',0,'2022-10-31 07:00:40',1,NULL,NULL,NULL,NULL),(1673,823,95,1,'',0,'2022-10-12 13:55:32',1,NULL,NULL,NULL,NULL),(1674,823,156,1,'',0,'2022-10-23 00:21:32',1,NULL,NULL,NULL,NULL),(1675,823,108,2,'',0,'2022-10-19 19:18:11',1,NULL,NULL,NULL,NULL),(1676,823,163,4,'',0,'2022-10-27 09:25:12',1,NULL,NULL,NULL,NULL),(1677,823,29,2,'',0,'2022-10-31 21:13:40',1,NULL,NULL,NULL,NULL),(1678,823,145,5,'',0,'2022-10-27 11:13:11',1,NULL,NULL,NULL,NULL),(1679,823,38,1,'',0,'2022-11-03 07:23:42',1,NULL,NULL,NULL,NULL),(1680,823,36,4,'',0,'2022-11-06 05:10:38',1,NULL,NULL,NULL,NULL),(1681,823,195,4,'',0,'2022-10-13 14:29:19',1,NULL,NULL,NULL,NULL),(1682,824,180,3,'',0,'2022-11-07 00:08:17',1,NULL,NULL,NULL,NULL),(1683,824,169,5,'',0,'2022-10-31 17:06:55',1,NULL,NULL,NULL,NULL),(1684,824,172,1,'',0,'2022-11-07 21:22:38',1,NULL,NULL,NULL,NULL),(1685,824,72,3,'',0,'2022-10-19 16:44:00',1,NULL,NULL,NULL,NULL),(1686,824,137,3,'',0,'2022-11-01 13:34:01',1,NULL,NULL,NULL,NULL),(1687,824,84,2,'',0,'2022-11-09 00:27:12',1,NULL,NULL,NULL,NULL),(1688,824,111,1,'',0,'2022-10-20 13:22:28',1,NULL,NULL,NULL,NULL),(1689,824,117,4,'',0,'2022-10-26 02:22:10',1,NULL,NULL,NULL,NULL),(1690,824,32,2,'',0,'2022-10-23 00:07:58',1,NULL,NULL,NULL,NULL),(1691,824,184,2,'',0,'2022-10-17 03:41:38',1,NULL,NULL,NULL,NULL),(1692,828,179,2,'',0,'2022-10-29 20:44:07',1,NULL,NULL,NULL,NULL),(1693,828,31,3,'',0,'2022-10-27 22:31:30',1,NULL,NULL,NULL,NULL),(1694,828,174,3,'',0,'2022-10-23 14:47:18',1,NULL,NULL,NULL,NULL),(1695,828,43,3,'',0,'2022-11-07 16:03:56',1,NULL,NULL,NULL,NULL),(1696,830,190,4,'',0,'2022-10-14 17:16:06',1,NULL,NULL,NULL,NULL),(1697,830,121,4,'',0,'2022-10-17 00:13:58',1,NULL,NULL,NULL,NULL),(1698,831,15,2,'',0,'2022-10-12 17:38:28',1,NULL,NULL,NULL,NULL),(1699,831,152,1,'',0,'2022-11-01 16:22:12',1,NULL,NULL,NULL,NULL),(1700,832,98,5,'',0,'2022-10-14 08:11:23',1,NULL,NULL,NULL,NULL),(1701,832,117,2,'',0,'2022-10-16 19:44:50',1,NULL,NULL,NULL,NULL),(1702,835,98,5,'',0,'2022-10-22 22:49:10',1,NULL,NULL,NULL,NULL),(1703,837,219,3,'',0,'2022-10-30 14:16:42',1,NULL,NULL,NULL,NULL),(1704,837,120,1,'',0,'2022-11-08 03:36:05',1,NULL,NULL,NULL,NULL),(1705,837,150,1,'',0,'2022-10-12 20:45:34',1,NULL,NULL,NULL,NULL),(1706,837,41,4,'',0,'2022-10-18 01:20:47',1,NULL,NULL,NULL,NULL),(1707,837,98,3,'',0,'2022-10-26 01:22:23',1,NULL,NULL,NULL,NULL),(1708,837,18,3,'',0,'2022-10-25 10:32:06',1,NULL,NULL,NULL,NULL),(1709,837,36,5,'',0,'2022-11-07 04:08:32',1,NULL,NULL,NULL,NULL),(1710,837,16,1,'',0,'2022-11-08 01:35:28',1,NULL,NULL,NULL,NULL),(1711,841,65,4,'',0,'2022-10-21 14:25:16',1,NULL,NULL,NULL,NULL),(1712,841,10,2,'',0,'2022-11-10 01:37:45',1,NULL,NULL,NULL,NULL),(1713,841,181,1,'',0,'2022-10-26 18:23:57',1,NULL,NULL,NULL,NULL),(1714,841,106,2,'',0,'2022-10-25 06:17:58',1,NULL,NULL,NULL,NULL),(1715,841,197,2,'',0,'2022-10-19 02:30:56',1,NULL,NULL,NULL,NULL),(1716,841,41,5,'',0,'2022-11-04 09:29:35',1,NULL,NULL,NULL,NULL),(1717,851,190,1,'',0,'2022-10-21 11:19:36',1,NULL,NULL,NULL,NULL),(1718,851,148,3,'',0,'2022-10-24 13:28:20',1,NULL,NULL,NULL,NULL),(1719,851,205,2,'',0,'2022-10-15 22:00:04',1,NULL,NULL,NULL,NULL),(1720,851,179,4,'',0,'2022-11-02 14:06:50',1,NULL,NULL,NULL,NULL),(1721,851,103,3,'',0,'2022-10-27 16:34:32',1,NULL,NULL,NULL,NULL),(1722,851,8,3,'',0,'2022-10-22 22:37:38',1,NULL,NULL,NULL,NULL),(1723,851,197,4,'',0,'2022-11-05 04:47:35',1,NULL,NULL,NULL,NULL),(1724,851,183,2,'',0,'2022-10-21 09:58:44',1,NULL,NULL,NULL,NULL),(1725,852,155,1,'',0,'2022-10-24 00:23:48',1,NULL,NULL,NULL,NULL),(1726,852,85,5,'',0,'2022-11-07 17:38:23',1,NULL,NULL,NULL,NULL),(1727,852,178,1,'',0,'2022-10-26 18:55:32',1,NULL,NULL,NULL,NULL),(1728,856,2,3,'',0,'2022-11-05 16:00:54',1,NULL,NULL,NULL,NULL),(1729,859,181,5,'',0,'2022-10-25 10:53:59',1,NULL,NULL,NULL,NULL),(1730,859,175,3,'',0,'2022-10-16 09:03:59',1,NULL,NULL,NULL,NULL),(1731,860,139,3,'',0,'2022-10-26 14:11:58',1,NULL,NULL,NULL,NULL),(1732,860,83,4,'',0,'2022-10-19 00:44:37',1,NULL,NULL,NULL,NULL),(1733,860,62,5,'',0,'2022-11-02 08:50:03',1,NULL,NULL,NULL,NULL),(1734,860,200,3,'',0,'2022-10-27 10:38:07',1,NULL,NULL,NULL,NULL),(1735,860,189,5,'',0,'2022-10-26 14:05:38',1,NULL,NULL,NULL,NULL),(1736,860,174,4,'',0,'2022-11-03 02:53:44',1,NULL,NULL,NULL,NULL),(1737,860,103,1,'',0,'2022-10-28 22:24:51',1,NULL,NULL,NULL,NULL),(1738,861,5,1,'',0,'2022-10-16 23:26:51',1,NULL,NULL,NULL,NULL),(1739,862,154,2,'',0,'2022-10-25 14:11:22',1,NULL,NULL,NULL,NULL),(1740,862,24,5,'',0,'2022-10-16 19:24:16',1,NULL,NULL,NULL,NULL),(1741,862,96,3,'',0,'2022-10-14 19:52:49',1,NULL,NULL,NULL,NULL),(1742,862,96,2,'',0,'2022-10-17 10:30:23',1,NULL,NULL,NULL,NULL),(1743,862,36,4,'',0,'2022-11-03 14:50:14',1,NULL,NULL,NULL,NULL),(1744,862,62,4,'',0,'2022-10-11 22:33:53',1,NULL,NULL,NULL,NULL),(1745,862,212,3,'',0,'2022-10-19 21:58:10',1,NULL,NULL,NULL,NULL),(1746,862,206,1,'',0,'2022-11-08 14:29:37',1,NULL,NULL,NULL,NULL),(1747,862,201,1,'',0,'2022-10-22 18:25:40',1,NULL,NULL,NULL,NULL),(1748,862,22,1,'',0,'2022-11-07 17:52:11',1,NULL,NULL,NULL,NULL),(1749,866,114,1,'',0,'2022-10-16 23:21:05',1,NULL,NULL,NULL,NULL),(1750,866,162,2,'',0,'2022-10-18 03:34:57',1,NULL,NULL,NULL,NULL),(1751,866,171,2,'',0,'2022-10-14 12:19:30',1,NULL,NULL,NULL,NULL),(1752,866,38,3,'',0,'2022-10-30 18:41:57',1,NULL,NULL,NULL,NULL),(1753,866,101,4,'',0,'2022-11-08 04:18:37',1,NULL,NULL,NULL,NULL),(1754,866,143,4,'',0,'2022-10-23 00:22:29',1,NULL,NULL,NULL,NULL),(1755,866,196,3,'',0,'2022-10-29 11:58:22',1,NULL,NULL,NULL,NULL),(1756,866,174,2,'',0,'2022-10-25 23:18:53',1,NULL,NULL,NULL,NULL),(1757,866,107,2,'',0,'2022-10-12 08:50:39',1,NULL,NULL,NULL,NULL),(1758,866,163,5,'',0,'2022-10-25 16:20:00',1,NULL,NULL,NULL,NULL),(1759,870,217,1,'',0,'2022-10-26 08:25:15',1,NULL,NULL,NULL,NULL),(1760,870,179,3,'',0,'2022-11-08 00:31:32',1,NULL,NULL,NULL,NULL),(1761,870,217,5,'',0,'2022-10-12 15:36:27',1,NULL,NULL,NULL,NULL),(1762,870,93,1,'',0,'2022-10-22 21:23:29',1,NULL,NULL,NULL,NULL),(1763,870,196,1,'',0,'2022-11-09 02:22:49',1,NULL,NULL,NULL,NULL),(1764,870,80,1,'',0,'2022-10-17 16:59:35',1,NULL,NULL,NULL,NULL),(1765,870,35,4,'',0,'2022-10-30 03:52:51',1,NULL,NULL,NULL,NULL),(1766,870,141,2,'',0,'2022-10-31 00:56:27',1,NULL,NULL,NULL,NULL),(1767,870,180,2,'',0,'2022-10-13 00:49:51',1,NULL,NULL,NULL,NULL),(1768,871,58,5,'',0,'2022-10-29 23:07:57',1,NULL,NULL,NULL,NULL),(1769,871,193,5,'',0,'2022-11-09 20:51:03',1,NULL,NULL,NULL,NULL),(1770,872,157,2,'',0,'2022-10-21 08:45:50',1,NULL,NULL,NULL,NULL),(1771,872,15,1,'',0,'2022-10-19 15:10:04',1,NULL,NULL,NULL,NULL),(1772,872,55,1,'',0,'2022-10-28 10:44:42',1,NULL,NULL,NULL,NULL),(1773,872,186,2,'',0,'2022-11-09 07:54:26',1,NULL,NULL,NULL,NULL),(1774,875,20,4,'',0,'2022-10-11 20:54:06',1,NULL,NULL,NULL,NULL),(1775,883,79,2,'',0,'2022-10-30 01:32:00',1,NULL,NULL,NULL,NULL),(1776,883,146,3,'',0,'2022-11-05 03:50:47',1,NULL,NULL,NULL,NULL),(1777,884,38,4,'',0,'2022-10-16 11:45:16',1,NULL,NULL,NULL,NULL),(1778,884,86,3,'',0,'2022-10-27 23:44:23',1,NULL,NULL,NULL,NULL),(1779,884,158,5,'',0,'2022-10-16 04:51:25',1,NULL,NULL,NULL,NULL),(1780,884,103,2,'',0,'2022-10-22 06:08:42',1,NULL,NULL,NULL,NULL),(1781,884,160,4,'',0,'2022-10-30 04:03:47',1,NULL,NULL,NULL,NULL),(1782,884,137,3,'',0,'2022-10-18 02:06:09',1,NULL,NULL,NULL,NULL),(1783,884,204,2,'',0,'2022-10-16 03:48:00',1,NULL,NULL,NULL,NULL),(1784,885,180,1,'',0,'2022-10-15 04:21:31',1,NULL,NULL,NULL,NULL),(1785,885,193,5,'',0,'2022-10-17 21:40:43',1,NULL,NULL,NULL,NULL),(1786,887,63,4,'',0,'2022-11-05 06:21:52',1,NULL,NULL,NULL,NULL),(1787,887,103,5,'',0,'2022-11-02 17:11:29',1,NULL,NULL,NULL,NULL),(1788,887,51,1,'',0,'2022-10-12 16:12:51',1,NULL,NULL,NULL,NULL),(1789,887,145,1,'',0,'2022-10-23 03:22:21',1,NULL,NULL,NULL,NULL),(1790,887,153,4,'',0,'2022-10-14 18:54:14',1,NULL,NULL,NULL,NULL),(1791,889,6,3,'',0,'2022-11-05 18:59:29',1,NULL,NULL,NULL,NULL),(1792,889,71,2,'',0,'2022-10-24 03:11:07',1,NULL,NULL,NULL,NULL),(1793,889,166,4,'',0,'2022-10-22 12:33:51',1,NULL,NULL,NULL,NULL),(1794,889,143,3,'',0,'2022-11-08 08:23:33',1,NULL,NULL,NULL,NULL),(1795,889,109,3,'',0,'2022-10-15 06:20:02',1,NULL,NULL,NULL,NULL),(1796,889,73,4,'',0,'2022-11-08 09:30:43',1,NULL,NULL,NULL,NULL),(1797,896,197,1,'',0,'2022-10-15 19:14:03',1,NULL,NULL,NULL,NULL),(1798,896,8,5,'',0,'2022-11-05 13:03:54',1,NULL,NULL,NULL,NULL),(1799,896,89,1,'',0,'2022-11-04 22:39:41',1,NULL,NULL,NULL,NULL),(1800,896,198,5,'',0,'2022-10-15 07:20:06',1,NULL,NULL,NULL,NULL),(1801,896,159,2,'',0,'2022-10-31 14:52:54',1,NULL,NULL,NULL,NULL),(1802,900,93,1,'',0,'2022-10-22 23:03:42',1,NULL,NULL,NULL,NULL),(1803,900,26,1,'',0,'2022-10-26 18:25:57',1,NULL,NULL,NULL,NULL),(1804,900,179,4,'',0,'2022-10-13 09:12:21',1,NULL,NULL,NULL,NULL),(1805,900,193,5,'',0,'2022-11-06 20:10:43',1,NULL,NULL,NULL,NULL),(1806,900,89,4,'',0,'2022-11-02 12:01:25',1,NULL,NULL,NULL,NULL),(1807,900,115,3,'',0,'2022-10-29 10:30:09',1,NULL,NULL,NULL,NULL),(1808,900,214,5,'',0,'2022-10-24 11:15:17',1,NULL,NULL,NULL,NULL),(1809,900,26,4,'',0,'2022-10-18 16:09:05',1,NULL,NULL,NULL,NULL),(1810,903,160,2,'',0,'2022-11-01 17:14:06',1,NULL,NULL,NULL,NULL),(1811,903,20,4,'',0,'2022-11-01 13:38:03',1,NULL,NULL,NULL,NULL),(1812,903,177,2,'',0,'2022-10-31 12:46:15',1,NULL,NULL,NULL,NULL),(1813,903,19,2,'',0,'2022-10-26 09:29:09',1,NULL,NULL,NULL,NULL),(1814,903,190,2,'',0,'2022-10-14 06:24:00',1,NULL,NULL,NULL,NULL),(1815,903,172,2,'',0,'2022-10-26 05:28:08',1,NULL,NULL,NULL,NULL),(1816,903,179,4,'',0,'2022-11-09 22:56:57',1,NULL,NULL,NULL,NULL),(1817,903,185,2,'',0,'2022-10-29 10:41:10',1,NULL,NULL,NULL,NULL),(1818,903,89,3,'',0,'2022-10-18 07:06:32',1,NULL,NULL,NULL,NULL),(1819,904,106,5,'',0,'2022-10-23 04:49:58',1,NULL,NULL,NULL,NULL),(1820,904,23,4,'',0,'2022-11-07 15:53:15',1,NULL,NULL,NULL,NULL),(1821,904,88,1,'',0,'2022-10-28 02:55:59',1,NULL,NULL,NULL,NULL),(1822,906,128,3,'',0,'2022-10-14 03:11:54',1,NULL,NULL,NULL,NULL),(1823,906,200,4,'',0,'2022-10-25 13:47:54',1,NULL,NULL,NULL,NULL),(1824,906,108,5,'',0,'2022-10-19 10:00:15',1,NULL,NULL,NULL,NULL),(1825,910,209,3,'',0,'2022-10-27 09:41:27',1,NULL,NULL,NULL,NULL),(1826,910,166,5,'',0,'2022-10-22 04:55:30',1,NULL,NULL,NULL,NULL),(1827,910,63,4,'',0,'2022-10-30 06:49:10',1,NULL,NULL,NULL,NULL),(1828,910,169,3,'',0,'2022-10-16 16:29:36',1,NULL,NULL,NULL,NULL),(1829,911,39,4,'',0,'2022-11-09 05:12:31',1,NULL,NULL,NULL,NULL),(1830,911,163,2,'',0,'2022-11-04 15:06:38',1,NULL,NULL,NULL,NULL),(1831,913,183,1,'',0,'2022-11-01 01:52:31',1,NULL,NULL,NULL,NULL),(1832,913,167,4,'',0,'2022-10-19 19:14:38',1,NULL,NULL,NULL,NULL),(1833,913,186,1,'',0,'2022-10-11 19:03:42',1,NULL,NULL,NULL,NULL),(1834,913,179,5,'',0,'2022-10-30 00:45:43',1,NULL,NULL,NULL,NULL),(1835,913,198,4,'',0,'2022-10-21 01:04:36',1,NULL,NULL,NULL,NULL),(1836,914,103,4,'',0,'2022-11-03 19:00:08',1,NULL,NULL,NULL,NULL),(1837,914,141,3,'',0,'2022-11-02 03:04:09',1,NULL,NULL,NULL,NULL),(1838,914,156,1,'',0,'2022-10-16 11:01:56',1,NULL,NULL,NULL,NULL),(1839,915,201,1,'',0,'2022-10-16 13:08:35',1,NULL,NULL,NULL,NULL),(1840,915,154,2,'',0,'2022-11-04 17:08:18',1,NULL,NULL,NULL,NULL),(1841,915,16,1,'',0,'2022-10-25 18:01:45',1,NULL,NULL,NULL,NULL),(1842,915,31,5,'',0,'2022-11-08 05:47:53',1,NULL,NULL,NULL,NULL),(1843,915,175,4,'',0,'2022-10-25 03:16:01',1,NULL,NULL,NULL,NULL),(1844,917,61,2,'',0,'2022-10-23 22:13:57',1,NULL,NULL,NULL,NULL),(1845,917,114,5,'',0,'2022-10-30 02:21:23',1,NULL,NULL,NULL,NULL),(1846,917,186,5,'',0,'2022-10-12 04:46:08',1,NULL,NULL,NULL,NULL),(1847,917,83,5,'',0,'2022-10-12 09:51:23',1,NULL,NULL,NULL,NULL),(1848,917,166,3,'',0,'2022-10-11 05:41:27',1,NULL,NULL,NULL,NULL),(1849,917,211,2,'',0,'2022-11-05 09:51:00',1,NULL,NULL,NULL,NULL),(1850,917,72,4,'',0,'2022-10-14 21:51:21',1,NULL,NULL,NULL,NULL),(1851,918,204,1,'',0,'2022-10-19 19:44:25',1,NULL,NULL,NULL,NULL),(1852,918,29,3,'',0,'2022-10-23 00:02:52',1,NULL,NULL,NULL,NULL),(1853,918,123,2,'',0,'2022-11-09 20:26:18',1,NULL,NULL,NULL,NULL),(1854,918,94,5,'',0,'2022-11-03 11:21:39',1,NULL,NULL,NULL,NULL),(1855,918,202,4,'',0,'2022-10-12 16:10:50',1,NULL,NULL,NULL,NULL),(1856,918,153,3,'',0,'2022-10-19 08:28:08',1,NULL,NULL,NULL,NULL),(1857,918,115,2,'',0,'2022-11-06 20:38:37',1,NULL,NULL,NULL,NULL),(1858,921,66,4,'',0,'2022-11-01 09:19:38',1,NULL,NULL,NULL,NULL),(1859,921,143,1,'',0,'2022-11-03 13:34:21',1,NULL,NULL,NULL,NULL),(1860,921,26,2,'',0,'2022-11-02 08:48:15',1,NULL,NULL,NULL,NULL),(1861,925,170,3,'',0,'2022-11-01 16:37:06',1,NULL,NULL,NULL,NULL),(1862,925,145,1,'',0,'2022-10-22 16:32:13',1,NULL,NULL,NULL,NULL),(1863,925,40,4,'',0,'2022-10-27 05:01:20',1,NULL,NULL,NULL,NULL),(1864,925,111,3,'',0,'2022-10-19 11:18:43',1,NULL,NULL,NULL,NULL),(1865,925,127,4,'',0,'2022-11-08 14:35:25',1,NULL,NULL,NULL,NULL),(1866,929,151,3,'',0,'2022-11-05 11:53:02',1,NULL,NULL,NULL,NULL),(1867,929,124,2,'',0,'2022-11-02 07:48:12',1,NULL,NULL,NULL,NULL),(1868,931,79,5,'',0,'2022-10-21 09:58:45',1,NULL,NULL,NULL,NULL),(1869,931,120,3,'',0,'2022-10-13 14:46:03',1,NULL,NULL,NULL,NULL),(1870,931,52,1,'',0,'2022-11-04 01:12:28',1,NULL,NULL,NULL,NULL),(1871,932,219,3,'',0,'2022-10-24 10:13:52',1,NULL,NULL,NULL,NULL),(1872,932,19,3,'',0,'2022-10-30 05:07:33',1,NULL,NULL,NULL,NULL),(1873,932,14,3,'',0,'2022-10-14 21:02:09',1,NULL,NULL,NULL,NULL),(1874,932,60,4,'',0,'2022-11-07 23:12:13',1,NULL,NULL,NULL,NULL),(1875,932,39,4,'',0,'2022-10-15 23:55:48',1,NULL,NULL,NULL,NULL),(1876,936,203,1,'',0,'2022-11-10 00:33:41',1,NULL,NULL,NULL,NULL),(1877,936,113,4,'',0,'2022-10-30 22:51:15',1,NULL,NULL,NULL,NULL),(1878,938,54,3,'',0,'2022-10-31 14:10:26',1,NULL,NULL,NULL,NULL),(1879,938,169,3,'',0,'2022-11-05 02:09:29',1,NULL,NULL,NULL,NULL),(1880,939,137,3,'',0,'2022-10-21 05:43:16',1,NULL,NULL,NULL,NULL),(1881,941,24,1,'',0,'2022-10-31 07:19:24',1,NULL,NULL,NULL,NULL),(1882,941,213,2,'',0,'2022-10-27 21:24:21',1,NULL,NULL,NULL,NULL),(1883,943,59,1,'',0,'2022-11-02 16:07:37',1,NULL,NULL,NULL,NULL),(1884,944,127,3,'',0,'2022-10-29 20:49:18',1,NULL,NULL,NULL,NULL),(1885,944,115,5,'',0,'2022-10-28 15:49:49',1,NULL,NULL,NULL,NULL),(1886,944,187,3,'',0,'2022-11-02 08:49:41',1,NULL,NULL,NULL,NULL),(1887,944,211,1,'',0,'2022-10-23 04:43:24',1,NULL,NULL,NULL,NULL),(1888,944,33,4,'',0,'2022-11-02 05:48:51',1,NULL,NULL,NULL,NULL),(1889,944,81,5,'',0,'2022-10-20 04:31:46',1,NULL,NULL,NULL,NULL),(1890,944,98,1,'',0,'2022-10-21 13:29:42',1,NULL,NULL,NULL,NULL),(1891,948,192,5,'',0,'2022-10-20 00:58:50',1,NULL,NULL,NULL,NULL),(1892,948,144,5,'',0,'2022-10-12 11:46:42',1,NULL,NULL,NULL,NULL),(1893,948,67,2,'',0,'2022-10-16 11:35:09',1,NULL,NULL,NULL,NULL),(1894,948,25,4,'',0,'2022-10-27 03:44:05',1,NULL,NULL,NULL,NULL),(1895,948,141,1,'',0,'2022-10-14 03:39:12',1,NULL,NULL,NULL,NULL),(1896,948,77,4,'',0,'2022-11-02 23:49:32',1,NULL,NULL,NULL,NULL),(1897,948,53,5,'',0,'2022-10-13 19:50:21',1,NULL,NULL,NULL,NULL),(1898,954,17,2,'',0,'2022-11-03 19:34:09',1,NULL,NULL,NULL,NULL),(1899,954,65,2,'',0,'2022-10-14 11:05:07',1,NULL,NULL,NULL,NULL),(1900,954,66,1,'',0,'2022-10-27 08:20:01',1,NULL,NULL,NULL,NULL),(1901,954,47,1,'',0,'2022-11-04 12:25:19',1,NULL,NULL,NULL,NULL),(1902,954,161,1,'',0,'2022-10-18 16:00:43',1,NULL,NULL,NULL,NULL),(1903,954,134,2,'',0,'2022-10-24 06:43:11',1,NULL,NULL,NULL,NULL),(1904,954,185,3,'',0,'2022-10-15 22:49:21',1,NULL,NULL,NULL,NULL),(1905,954,189,2,'',0,'2022-10-28 15:18:14',1,NULL,NULL,NULL,NULL),(1906,954,82,4,'',0,'2022-10-28 07:41:58',1,NULL,NULL,NULL,NULL),(1907,957,37,5,'',0,'2022-11-07 06:03:22',1,NULL,NULL,NULL,NULL),(1908,957,213,5,'',0,'2022-10-31 14:09:49',1,NULL,NULL,NULL,NULL),(1909,957,42,4,'',0,'2022-10-25 22:30:26',1,NULL,NULL,NULL,NULL),(1910,957,185,1,'',0,'2022-10-25 06:07:55',1,NULL,NULL,NULL,NULL),(1911,957,43,1,'',0,'2022-10-14 19:48:22',1,NULL,NULL,NULL,NULL),(1912,957,10,1,'',0,'2022-11-04 09:46:33',1,NULL,NULL,NULL,NULL),(1913,957,63,1,'',0,'2022-11-07 19:38:39',1,NULL,NULL,NULL,NULL),(1914,957,178,1,'',0,'2022-10-28 04:33:24',1,NULL,NULL,NULL,NULL),(1915,965,213,2,'',0,'2022-11-09 22:26:27',1,NULL,NULL,NULL,NULL),(1916,965,28,4,'',0,'2022-11-02 13:20:28',1,NULL,NULL,NULL,NULL),(1917,965,89,1,'',0,'2022-10-31 07:45:30',1,NULL,NULL,NULL,NULL),(1918,965,122,5,'',0,'2022-11-01 13:34:07',1,NULL,NULL,NULL,NULL),(1919,965,161,1,'',0,'2022-10-13 18:35:30',1,NULL,NULL,NULL,NULL),(1920,965,168,2,'',0,'2022-10-13 17:35:39',1,NULL,NULL,NULL,NULL),(1921,970,45,2,'',0,'2022-11-07 06:53:03',1,NULL,NULL,NULL,NULL),(1922,970,149,3,'',0,'2022-11-04 13:15:32',1,NULL,NULL,NULL,NULL),(1923,972,71,2,'',0,'2022-10-27 11:04:17',1,NULL,NULL,NULL,NULL),(1924,972,62,2,'',0,'2022-11-09 07:57:17',1,NULL,NULL,NULL,NULL),(1925,972,89,1,'',0,'2022-10-29 06:19:56',1,NULL,NULL,NULL,NULL),(1926,972,133,3,'',0,'2022-10-15 05:01:53',1,NULL,NULL,NULL,NULL),(1927,972,127,3,'',0,'2022-11-02 00:12:07',1,NULL,NULL,NULL,NULL),(1928,972,13,3,'',0,'2022-10-17 18:35:23',1,NULL,NULL,NULL,NULL),(1929,972,101,4,'',0,'2022-11-06 20:12:40',1,NULL,NULL,NULL,NULL),(1930,972,162,2,'',0,'2022-11-01 01:19:29',1,NULL,NULL,NULL,NULL),(1931,972,184,4,'',0,'2022-11-09 03:19:29',1,NULL,NULL,NULL,NULL),(1932,972,28,5,'',0,'2022-11-09 16:49:13',1,NULL,NULL,NULL,NULL),(1933,974,135,3,'',0,'2022-11-02 13:53:44',1,NULL,NULL,NULL,NULL),(1934,974,161,2,'',0,'2022-11-10 02:11:12',1,NULL,NULL,NULL,NULL),(1935,978,186,3,'',0,'2022-10-26 01:00:08',1,NULL,NULL,NULL,NULL),(1936,978,153,1,'',0,'2022-10-29 06:48:47',1,NULL,NULL,NULL,NULL),(1937,978,34,2,'',0,'2022-10-21 02:12:52',1,NULL,NULL,NULL,NULL),(1938,978,96,5,'',0,'2022-10-15 11:08:30',1,NULL,NULL,NULL,NULL),(1939,978,113,1,'',0,'2022-11-06 01:03:35',1,NULL,NULL,NULL,NULL),(1940,978,120,1,'',0,'2022-10-12 23:55:28',1,NULL,NULL,NULL,NULL),(1941,978,12,5,'',0,'2022-11-04 08:29:49',1,NULL,NULL,NULL,NULL),(1942,978,157,1,'',0,'2022-10-21 13:12:51',1,NULL,NULL,NULL,NULL),(1943,978,140,2,'',0,'2022-11-06 05:29:55',1,NULL,NULL,NULL,NULL),(1944,989,209,2,'',0,'2022-11-01 21:47:59',1,NULL,NULL,NULL,NULL),(1945,995,85,2,'',0,'2022-10-30 09:43:11',1,NULL,NULL,NULL,NULL),(1946,995,164,2,'',0,'2022-11-07 01:23:18',1,NULL,NULL,NULL,NULL),(1947,995,6,2,'',0,'2022-11-05 02:14:32',1,NULL,NULL,NULL,NULL),(1948,995,124,4,'',0,'2022-11-07 12:32:22',1,NULL,NULL,NULL,NULL),(1949,995,24,5,'',0,'2022-10-12 05:57:13',1,NULL,NULL,NULL,NULL),(1950,995,37,3,'',0,'2022-11-02 13:26:48',1,NULL,NULL,NULL,NULL),(1951,995,150,4,'',0,'2022-11-09 06:20:47',1,NULL,NULL,NULL,NULL),(1952,997,187,3,'',0,'2022-11-07 18:47:33',1,NULL,NULL,NULL,NULL),(1953,1000,38,4,'',0,'2022-10-11 09:51:06',1,NULL,NULL,NULL,NULL),(100000000,100000002,1158,0,'',2147483647,'2019-09-02 00:00:00',1,NULL,NULL,NULL,NULL),(100000001,100000003,1161,0,'',2147483647,'2019-09-02 00:00:00',1,NULL,NULL,NULL,NULL),(100000002,100000004,1162,0,'',2147483647,'2019-09-02 00:00:00',1,NULL,NULL,NULL,NULL);
/*!40000 ALTER TABLE `transactions` ENABLE KEYS */;
UNLOCK TABLES;

--
-- Table structure for table `transfer_agreement`
--

DROP TABLE IF EXISTS `transfer_agreement`;
/*!40101 SET @saved_cs_client     = @@character_set_client */;
/*!40101 SET character_set_client = utf8 */;
CREATE TABLE `transfer_agreement` (
  `id` int(11) unsigned NOT NULL AUTO_INCREMENT,
  `source_organisation_id` int(11) unsigned NOT NULL,
  `target_organisation_id` int(11) unsigned NOT NULL,
  `state` varchar(255) NOT NULL DEFAULT 'UnderReview',
  `type` varchar(255) NOT NULL,
  `requested_on` datetime NOT NULL,
  `requested_by` int(11) unsigned NOT NULL,
  `accepted_on` datetime DEFAULT NULL,
  `accepted_by` int(11) unsigned DEFAULT NULL,
  `terminated_on` datetime DEFAULT NULL,
  `terminated_by` int(11) unsigned DEFAULT NULL,
  `valid_from` datetime NOT NULL,
  `valid_until` datetime DEFAULT NULL,
  `comment` text,
  PRIMARY KEY (`id`),
  KEY `transfer_agreement_source_organisation_id` (`source_organisation_id`),
  KEY `transfer_agreement_target_organisation_id` (`target_organisation_id`),
  KEY `transfer_agreement_requested_by` (`requested_by`),
  KEY `transfer_agreement_accepted_by` (`accepted_by`),
  KEY `transfer_agreement_terminated_by` (`terminated_by`),
  CONSTRAINT `transfer_agreement_ibfk_1` FOREIGN KEY (`source_organisation_id`) REFERENCES `organisations` (`id`) ON UPDATE CASCADE,
  CONSTRAINT `transfer_agreement_ibfk_2` FOREIGN KEY (`target_organisation_id`) REFERENCES `organisations` (`id`) ON UPDATE CASCADE,
  CONSTRAINT `transfer_agreement_ibfk_3` FOREIGN KEY (`requested_by`) REFERENCES `cms_users` (`id`) ON UPDATE CASCADE,
  CONSTRAINT `transfer_agreement_ibfk_4` FOREIGN KEY (`accepted_by`) REFERENCES `cms_users` (`id`) ON DELETE SET NULL ON UPDATE CASCADE,
  CONSTRAINT `transfer_agreement_ibfk_5` FOREIGN KEY (`terminated_by`) REFERENCES `cms_users` (`id`) ON DELETE SET NULL ON UPDATE CASCADE
) ENGINE=InnoDB DEFAULT CHARSET=utf8 ROW_FORMAT=DYNAMIC;
/*!40101 SET character_set_client = @saved_cs_client */;

--
-- Dumping data for table `transfer_agreement`
--

LOCK TABLES `transfer_agreement` WRITE;
/*!40000 ALTER TABLE `transfer_agreement` DISABLE KEYS */;
/*!40000 ALTER TABLE `transfer_agreement` ENABLE KEYS */;
UNLOCK TABLES;

--
-- Table structure for table `transfer_agreement_detail`
--

DROP TABLE IF EXISTS `transfer_agreement_detail`;
/*!40101 SET @saved_cs_client     = @@character_set_client */;
/*!40101 SET character_set_client = utf8 */;
CREATE TABLE `transfer_agreement_detail` (
  `id` int(11) unsigned NOT NULL AUTO_INCREMENT,
  `transfer_agreement_id` int(11) unsigned NOT NULL,
  `source_base_id` int(11) unsigned DEFAULT NULL,
  `target_base_id` int(11) unsigned DEFAULT NULL,
  PRIMARY KEY (`id`),
  KEY `transfer_agreement_detail_transfer_agreement_id` (`transfer_agreement_id`),
  KEY `transfer_agreement_detail_source_base_id` (`source_base_id`),
  KEY `transfer_agreement_detail_target_base_id` (`target_base_id`),
  CONSTRAINT `transfer_agreement_detail_ibfk_1` FOREIGN KEY (`transfer_agreement_id`) REFERENCES `transfer_agreement` (`id`) ON UPDATE CASCADE,
  CONSTRAINT `transfer_agreement_detail_ibfk_2` FOREIGN KEY (`source_base_id`) REFERENCES `camps` (`id`) ON UPDATE CASCADE,
  CONSTRAINT `transfer_agreement_detail_ibfk_3` FOREIGN KEY (`target_base_id`) REFERENCES `camps` (`id`) ON UPDATE CASCADE
) ENGINE=InnoDB DEFAULT CHARSET=utf8 ROW_FORMAT=DYNAMIC;
/*!40101 SET character_set_client = @saved_cs_client */;

--
-- Dumping data for table `transfer_agreement_detail`
--

LOCK TABLES `transfer_agreement_detail` WRITE;
/*!40000 ALTER TABLE `transfer_agreement_detail` DISABLE KEYS */;
/*!40000 ALTER TABLE `transfer_agreement_detail` ENABLE KEYS */;
UNLOCK TABLES;

--
-- Table structure for table `translate`
--

DROP TABLE IF EXISTS `translate`;
/*!40101 SET @saved_cs_client     = @@character_set_client */;
/*!40101 SET character_set_client = utf8 */;
CREATE TABLE `translate` (
  `id` int(11) unsigned NOT NULL AUTO_INCREMENT,
  `category_id` int(11) unsigned DEFAULT NULL,
  `type` varchar(20) NOT NULL,
  `code` varchar(255) DEFAULT '',
  `description` varchar(255) DEFAULT NULL,
  `nl` text NOT NULL,
  `en` text NOT NULL,
  `fr` text NOT NULL,
  `hidden` tinyint(4) NOT NULL DEFAULT '0',
  `created` datetime DEFAULT NULL,
  `created_by` int(11) unsigned DEFAULT NULL,
  `modified` datetime DEFAULT NULL,
  `modified_by` int(11) unsigned DEFAULT NULL,
  `deleted` datetime NOT NULL,
  PRIMARY KEY (`id`),
  KEY `category_id` (`category_id`),
  KEY `created_by` (`created_by`),
  KEY `modified_by` (`modified_by`),
  CONSTRAINT `translate_ibfk_3` FOREIGN KEY (`category_id`) REFERENCES `translate_categories` (`id`) ON UPDATE CASCADE,
  CONSTRAINT `translate_ibfk_4` FOREIGN KEY (`created_by`) REFERENCES `cms_users` (`id`) ON DELETE SET NULL ON UPDATE CASCADE,
  CONSTRAINT `translate_ibfk_5` FOREIGN KEY (`modified_by`) REFERENCES `cms_users` (`id`) ON DELETE SET NULL ON UPDATE CASCADE
) ENGINE=InnoDB AUTO_INCREMENT=914 DEFAULT CHARSET=utf8 ROW_FORMAT=DYNAMIC;
/*!40101 SET character_set_client = @saved_cs_client */;

--
-- Dumping data for table `translate`
--

LOCK TABLES `translate` WRITE;
/*!40000 ALTER TABLE `translate` DISABLE KEYS */;
INSERT INTO `translate` VALUES (485,13,'text','cms_login_email',NULL,'e-mailadres','E-mail address','',1,NULL,NULL,NULL,NULL,'0000-00-00 00:00:00'),(486,13,'text','cms_login_password','','Wachtwoord','Password','',1,NULL,NULL,NULL,NULL,'0000-00-00 00:00:00'),(487,13,'text','cms_login_submit',NULL,'Log in','Log in','',1,NULL,NULL,NULL,NULL,'0000-00-00 00:00:00'),(488,13,'text','cms_login_autologin',NULL,'onthoud mij','Remember me','',1,NULL,NULL,NULL,NULL,'0000-00-00 00:00:00'),(489,13,'text','cms_login_error_wrongpassword',NULL,'Wachtwoord is niet correct','Wrong password','',1,NULL,NULL,NULL,NULL,'0000-00-00 00:00:00'),(490,13,'text','cms_login_error_usernotfound',NULL,'Een gebruiker met dit e-mailadres is niet gevonden.','A user with this e-mail address is not found','Utilisateur introuvable',1,NULL,NULL,NULL,NULL,'0000-00-00 00:00:00'),(491,13,'text','cms_login_pagetitle',NULL,'Inloggen','Login','connexion',0,NULL,NULL,NULL,NULL,'0000-00-00 00:00:00'),(492,13,'text','cms_menu_settings','','Instellingen','Settings','',0,NULL,NULL,NULL,NULL,'0000-00-00 00:00:00'),(493,13,'text','cms_menu_logout','','Uitloggen','Logout','',0,NULL,NULL,NULL,NULL,'0000-00-00 00:00:00'),(494,13,'text','cms_form_submit','','Opslaan en sluiten','Save and close','',0,NULL,NULL,NULL,NULL,'0000-00-00 00:00:00'),(496,13,'text','cms_form_createdby','','Gemaakt door','Created by','',0,NULL,NULL,NULL,NULL,'0000-00-00 00:00:00'),(497,13,'text','cms_form_ondate','','op','on','',0,NULL,NULL,NULL,NULL,'0000-00-00 00:00:00'),(498,13,'text','cms_form_history_modified',NULL,'Gewijzigd door','Modified by','',0,NULL,NULL,NULL,NULL,'0000-00-00 00:00:00'),(499,13,'text','cms_form_charactersleft',NULL,'tekens over van %n','characters left from %n','',0,NULL,NULL,NULL,NULL,'0000-00-00 00:00:00'),(500,13,'text','cms_list_add',NULL,'Nieuw','New item','',0,NULL,NULL,NULL,NULL,'0000-00-00 00:00:00'),(501,13,'text','cms_list_delete',NULL,'Verwijderen','Delete','',0,NULL,NULL,NULL,NULL,'0000-00-00 00:00:00'),(502,13,'text','cms_list_hide',NULL,'Verbergen','Hide','',0,NULL,NULL,NULL,NULL,'0000-00-00 00:00:00'),(503,13,'text','cms_list_show',NULL,'Tonen','Show','',0,NULL,NULL,NULL,NULL,'0000-00-00 00:00:00'),(504,13,'text','cms_settings_category',NULL,'Categorie','Category','',0,NULL,NULL,NULL,NULL,'0000-00-00 00:00:00'),(505,13,'text','cms_users_naam','','Naam','Name','',0,NULL,NULL,NULL,NULL,'0000-00-00 00:00:00'),(506,13,'text','cms_users_email','','E-mail','E-mail','',0,NULL,NULL,NULL,NULL,'0000-00-00 00:00:00'),(507,13,'text','cms_users_lastlogin',NULL,'Laatste login','Last login','',0,NULL,NULL,NULL,NULL,'0000-00-00 00:00:00'),(508,13,'text','cms_users_new',NULL,'Nieuwe gebruiker','New user','',0,NULL,NULL,NULL,NULL,'0000-00-00 00:00:00'),(509,13,'text','cms_users_password','','Wachtwoord','Password','',0,NULL,NULL,NULL,NULL,'0000-00-00 00:00:00'),(510,13,'text','cms_users_access',NULL,'Beschikbare functies','Available functions','',0,NULL,NULL,NULL,NULL,'0000-00-00 00:00:00'),(511,13,'text','cms_settings_value',NULL,'Waarde','Value','',0,NULL,NULL,NULL,NULL,'0000-00-00 00:00:00'),(512,13,'text','cms_settings_code',NULL,'Code','Code','',0,NULL,NULL,NULL,NULL,'0000-00-00 00:00:00'),(513,0,'text','cms_settings','','Instellingen','Global Settings','',0,NULL,NULL,NULL,NULL,'0000-00-00 00:00:00'),(514,13,'text','cms_settings_new',NULL,'Nieuwe instelling','New setting','',0,NULL,NULL,NULL,NULL,'0000-00-00 00:00:00'),(515,13,'text','cms_settings_hidden',NULL,'Verborgen','Hidden','',0,NULL,NULL,NULL,NULL,'0000-00-00 00:00:00'),(516,13,'text','cms_settings_type',NULL,'Type','Type','',0,NULL,NULL,NULL,NULL,'0000-00-00 00:00:00'),(517,13,'text','cms_field_text',NULL,'Tekstregel','Line of text','',0,NULL,NULL,NULL,NULL,'0000-00-00 00:00:00'),(518,13,'text','cms_field_textarea',NULL,'Tekstveld','Textarea','',0,NULL,NULL,NULL,NULL,'0000-00-00 00:00:00'),(519,13,'text','cms_field_checkbox',NULL,'Checkbox','Checkbox','',0,NULL,NULL,NULL,NULL,'0000-00-00 00:00:00'),(520,13,'text','cms_translates',NULL,'Teksten','Texts','',0,NULL,NULL,NULL,NULL,'0000-00-00 00:00:00'),(521,13,'text','cms_translate_description',NULL,'Beschrijving','Description','',0,NULL,NULL,NULL,NULL,'0000-00-00 00:00:00'),(522,13,'text','cms_translate_code',NULL,'Code','Code','',0,NULL,NULL,NULL,NULL,'0000-00-00 00:00:00'),(523,13,'text','cms_translate_new',NULL,'Nieuwe tekst','New text','',0,NULL,NULL,NULL,NULL,'0000-00-00 00:00:00'),(524,13,'text','cms_users','','Gebruikers','User Management','',0,NULL,NULL,NULL,NULL,'0000-00-00 00:00:00'),(525,13,'text','cms_user','','Gebruiker','User','',0,NULL,NULL,NULL,NULL,'0000-00-00 00:00:00'),(526,13,'text','cms_setting',NULL,'instelling','setting','',0,NULL,NULL,NULL,NULL,'0000-00-00 00:00:00'),(527,13,'text','cms_translate',NULL,'tekst','text','',0,NULL,NULL,NULL,NULL,'0000-00-00 00:00:00'),(528,13,'text','cms_form_new',NULL,'Nieuw','New','',0,NULL,NULL,NULL,NULL,'0000-00-00 00:00:00'),(529,13,'text','cms_form_edit','','Wijzig','Edit','',0,NULL,NULL,NULL,NULL,'0000-00-00 00:00:00'),(530,13,'text','cms_translate_type',NULL,'Type','Type','',0,NULL,NULL,NULL,NULL,'0000-00-00 00:00:00'),(531,13,'text','cms_login_repeatpassword','','Herhaal wachtwoord','Repeat password','',0,NULL,NULL,NULL,NULL,'0000-00-00 00:00:00'),(532,13,'text','cms_login_forgotpassword',NULL,'Wachtwoord vergeten?','Forgot Password?','',0,NULL,NULL,NULL,NULL,'0000-00-00 00:00:00'),(533,13,'text','cms_reset_pagetitle',NULL,'Reset wachtwoord','Reset Password','',0,NULL,NULL,NULL,NULL,'0000-00-00 00:00:00'),(534,13,'text','cms_reset_submit',NULL,'Reset','Reset','',0,NULL,NULL,NULL,NULL,'0000-00-00 00:00:00'),(535,13,'text','cms_functions',NULL,'CMS Functies','CMS Functions','',1,NULL,NULL,NULL,NULL,'0000-00-00 00:00:00'),(536,13,'text','cms_function',NULL,'CMS Functie','CMS Function','',0,NULL,NULL,NULL,NULL,'0000-00-00 00:00:00'),(537,13,'text','cms_function_include',NULL,'Bestand','File','',1,NULL,NULL,NULL,NULL,'0000-00-00 00:00:00'),(538,13,'text','cms_function_users',NULL,'Beschikbaar voor deze gebruikers','Available voor these users','',1,NULL,NULL,NULL,NULL,'0000-00-00 00:00:00'),(539,13,'text','cms_form_cancel','','Annuleren','Cancel','',1,NULL,NULL,NULL,NULL,'0000-00-00 00:00:00'),(542,13,'text','cms_email_salutation',NULL,'Beste','Dear','',0,NULL,NULL,NULL,NULL,'0000-00-00 00:00:00'),(543,13,'textarea','cms_email_boilerplate','','Deze e-mail is verstuurd vanuit','You\'ve received this email because you were created an account for Boxtribute through {orgname}. If you think you got this email by mistake, please contact us at [mailto:helpme@boxtribute.org]. ','',0,NULL,NULL,NULL,NULL,'0000-00-00 00:00:00'),(544,13,'textarea','cms_reset_mail','','Je hebt aangegeven dat je een nieuw wachtwoord wilt instellen voor het CMS op {sitename}.<br /><br />\r\n<a href=\"{link}\">Klik hier om een nieuw wachtwoord in te stellen</a><br /><br />\r\nHeb je geen nieuw wachtwoord aangevraagd, dan hoef je geen actie te ondernemen.\r\n','You have requested a new password for {sitename}.<br /><br />\r\n<a href=\"{link}\">Click here to enter a new password</a><br /><br />\r\nIf you didn\'t requested this yourself, you don\'t have to do anything.','',0,NULL,NULL,NULL,NULL,'0000-00-00 00:00:00'),(545,13,'text','cms_reset2_pagetitle',NULL,'Kies een nieuw wachtwoord','Choose a new password','',0,NULL,NULL,NULL,NULL,'0000-00-00 00:00:00'),(546,13,'text','cms_reset2_description',NULL,'Kies een wachtwoord dat niet te gemakkelijk is te raden. Niet je postcode, geboortedatum, de naam van je partner of combinaties van dat soort gegevens. Een goed wachtwoord bevat minimaal acht willekeurige letters, cijfers en leestekens.','Choose a password that is not too easy to guess. Don\'t use your zipcode, date of birth, the name of your spouse or combinations of this kind of data. A good password contains of a minimum of eight characters, numbers or punctuations.','',0,NULL,NULL,NULL,NULL,'0000-00-00 00:00:00'),(547,13,'text','cms_reset2_submit',NULL,'Opslaan','Save','',0,NULL,NULL,NULL,NULL,'0000-00-00 00:00:00'),(548,13,'text','cms_list_selectall',NULL,'Selecteer alle items','Select all items','',0,NULL,NULL,NULL,NULL,'0000-00-00 00:00:00'),(549,13,'text','cms_settings_category',NULL,'Categorie','Category','',0,NULL,NULL,NULL,NULL,'0000-00-00 00:00:00'),(551,13,'text','cms_reset_description',NULL,'Als je je wachtwoord niet meer weet, vul dan hier je e-mailadres in. Je krijgt dan direct een mail toegestuurd met daarin de mogelijkheid een nieuw wachtwoord aan te maken.','If you can\'t remember your password, please fill in your e-mail address. You will receive an email with a link to create a new password.','',0,NULL,NULL,NULL,NULL,'0000-00-00 00:00:00'),(556,13,'text','cms_form_selectplaceholder',NULL,'Maak een keuze','Please select','Faire un choix',1,NULL,NULL,NULL,NULL,'0000-00-00 00:00:00'),(557,13,'text','cms_field_wysiwyg',NULL,'TinyMCE','TinyMCE','',0,NULL,NULL,NULL,NULL,'2017-04-10 19:54:00'),(558,13,'text','cms_settings_enabled',NULL,'Ingeschakeld','Enabled','',0,NULL,NULL,NULL,NULL,'0000-00-00 00:00:00'),(559,13,'text','cms_field_select',NULL,'Menu','Menu','',0,NULL,NULL,NULL,NULL,'0000-00-00 00:00:00'),(560,13,'text','cms_settings_options',NULL,'Keuzes','Options','',0,NULL,NULL,NULL,NULL,'0000-00-00 00:00:00'),(562,13,'text','cms_reset_notmatching',NULL,'De wachtwoorden zijn niet gelijk','The passwords do not match','',0,NULL,NULL,NULL,NULL,'0000-00-00 00:00:00'),(563,13,'text','cms_reset_tooshort',NULL,'Het wachtwoord is te kort','The password is not long enough','',0,NULL,NULL,NULL,NULL,'0000-00-00 00:00:00'),(564,13,'text','cms_list_copy',NULL,'Kopiren','Copy','',0,NULL,NULL,NULL,NULL,'0000-00-00 00:00:00'),(566,13,'text','cms_list_confirm_title','','Weet je het zeker?','Are you sure?','',0,NULL,NULL,NULL,NULL,'0000-00-00 00:00:00'),(567,13,'text','cms_list_confirm_ok',NULL,'OK','OK','',0,NULL,NULL,NULL,NULL,'0000-00-00 00:00:00'),(568,13,'text','cms_list_confirm_cancel','','Annuleren','Cancel','',0,NULL,NULL,NULL,NULL,'0000-00-00 00:00:00'),(572,13,'text','cms_list_copysuccess',NULL,'Er is een kopie gemaakt van de geselecteerde rij(en)','A copy of the row(s) has been made','',0,NULL,NULL,NULL,NULL,'0000-00-00 00:00:00'),(578,13,'text','cms_list_deletesuccess',NULL,'Onderdeel verwijderd','Item deleted','',0,NULL,NULL,NULL,NULL,'0000-00-00 00:00:00'),(579,13,'text','cms_list_deleteerror',NULL,'De geselecteerde onderdelen (of een deel ervan) konden niet worden verwijderd.','The selected items (or some of them) could not be deleted.','',0,NULL,NULL,NULL,NULL,'0000-00-00 00:00:00'),(584,13,'text','cms_users_settings','','Persoonlijke instellingen','Personal settings','',0,NULL,NULL,NULL,NULL,'0000-00-00 00:00:00'),(586,13,'text','cms_error',NULL,'Sorry, er is iets foutgegaan','Sorry, something went wrong','',0,NULL,NULL,NULL,NULL,'0000-00-00 00:00:00'),(595,13,'text','cms_error_pleasereport',NULL,'Laatste login','Last login','',0,NULL,NULL,NULL,NULL,'0000-00-00 00:00:00'),(600,13,'text','cms_error404',NULL,'De pagina die je probeert te openen bestaat niet.','The page you have requested does not exist.','',0,NULL,NULL,NULL,NULL,'0000-00-00 00:00:00'),(622,13,'text','tooltip_menutitle',NULL,'Deze titel wordt gebruikt als er in een menu naar deze pagina wordt verwezen. Hoe korter hoe beter.','This title is used when refering to this item in a menu. The shorter the better.','',0,NULL,NULL,NULL,NULL,'0000-00-00 00:00:00'),(625,13,'text','tooltip_pagetitle',NULL,'Dit is de titel bovenaan de pagina. Deze titel is erg belangrijk voor zoekmachines, gebruik dus de meest relevante trefwoorden.','This is the title on top of the page. This title is very important for search engines, so use the most important keywords here.','',0,NULL,NULL,NULL,NULL,'0000-00-00 00:00:00'),(626,13,'text','tooltip_windowtitle',NULL,'Deze tekst komt terug in de titelbalk van de browser. Voor de beste indexering gebruik je hier weer andere keywords dan in de paginatitel. De lengte van deze tekst is idealiter niet langer dan 64 tekens, inclusief de naam van de website.','This title will be visible in the title bar of the browser. For the best search engine results, use other keywords than you did in the pagetitle. This title should be no more than 64 characters, including the name of the website.','',0,NULL,NULL,NULL,NULL,'0000-00-00 00:00:00'),(627,13,'text','tooltip_metadescription',NULL,'Geef voor Google een beschrijving van deze pagina in maximaal 155 tekens. Een volzin is beter dan een reeks trefwoorden.','Google desires a short description of the page, to show in the search results. Stay within 155 characters.','',0,NULL,NULL,NULL,NULL,'0000-00-00 00:00:00'),(628,13,'text','cms_settings_language','','Taal','Language','',0,NULL,NULL,NULL,NULL,'0000-00-00 00:00:00'),(629,13,'text','cms_form_save',NULL,'Opslaan','Save','',0,NULL,NULL,NULL,NULL,'0000-00-00 00:00:00'),(630,13,'text','cms_form_modifiedby_copy',NULL,'Laatst gewijzigd door','Last modified by','',0,NULL,NULL,NULL,NULL,'2017-04-10 19:54:00'),(637,13,'text','cms_users_sendlogin',NULL,'Stuur inloggegevens','Send login data','',0,NULL,NULL,NULL,NULL,'0000-00-00 00:00:00'),(638,13,'text','cms_form_selectroot',NULL,'Beginpunt','Root','Faire un choix',1,NULL,NULL,NULL,NULL,'0000-00-00 00:00:00'),(641,13,'text','cms_form_choosefile',NULL,'Kies bestand','Choose file','',0,NULL,NULL,NULL,NULL,'0000-00-00 00:00:00'),(642,13,'text','cms_form_chooseimage',NULL,'Kies afbeelding','Choose image','',0,NULL,NULL,NULL,NULL,'2017-04-10 19:54:00'),(643,13,'text','cms_form_viewfile',NULL,'Bekijk bestand','View file','',0,NULL,NULL,NULL,NULL,'0000-00-00 00:00:00'),(649,13,'text','tooltip_url','','Als je de URL leeg laat, maakt het systeem automatisch een goeie url voor je pagina. Je kan de URL veranderen door dit veld te ontgrendelen. Realiseer je wel dat door het veranderen van een URL bestaande verwijzingen naar deze pagina kunnen verdwijnen.','If you leave this field empty, the system will fill it in for you. If you want to change a value, you can unlock this field and do so. But realise that this can result in broken links.','',0,NULL,NULL,NULL,NULL,'0000-00-00 00:00:00'),(654,13,'text','cms_list_showhidesuccess',NULL,'Tonen/verbergen succesvol','','',0,NULL,NULL,NULL,NULL,'0000-00-00 00:00:00'),(655,13,'text','cms_reset_mailsubject',NULL,'Nieuw wachtwoord','New password','',0,NULL,NULL,NULL,NULL,'0000-00-00 00:00:00'),(656,13,'textarea','cms_sendlogin_mail','','Hierbij ontvang je een wachtwoord om in te loggen op het systeem van {sitename}.<br /><br /> Je nieuwe wachtwoord is <strong>{password}</strong><br /><br /> Let op: Het systeem maakt onderscheid tussen hoofd- en kleine letters.<br /><br /> Als je bent ingelogd kan je het wachtwoord zelf wijzigen, door op je naam te klikken in de rechterbovenhoek en dan voor \'Instellingen\' te kiezen. Kies dan wel voor een niet al te makkelijk te raden password van minimaal acht tekens.','{user} from <strong>{orgname}</strong> has set you up with a Boxtribute account! <br/><br/> Please use this email address and the password below to log in to Boxtribute ({sitename}) through your browser. <strong>If you are an iOS user, we recommend you use Safari.</strong> <br /><br /> Your password is <strong>{password}</strong><br /><br /> We encourage you to update your password to something secure and memorable by logging in, clicking on your name in the upper right corner and choosing \'Settings\'. <br /> <br /> <strong>Need help getting started?</strong> <br /><br /> - Check our manual (boxwise.freshdesk.com), or  <br /> - Message us through facebook (facebook.com/boxtribute), or  <br /> - Write us an email (helpme@boxtribute.org) <br /><br /> The Boxtribute Team ','',0,NULL,NULL,NULL,NULL,'0000-00-00 00:00:00'),(657,13,'text','cms_sendlogin_mailsubject','','Nieuw wachtwoord','Welcome to Boxtribute!','',0,NULL,NULL,NULL,NULL,'0000-00-00 00:00:00'),(658,13,'text','cms_sendlogin_confirm',NULL,'De logingegevens zijn verstuurd.','Within a few minutes you will receive an e-mail with further instructions to reset your password.','',0,NULL,NULL,NULL,NULL,'0000-00-00 00:00:00'),(660,13,'text','cms_email_signature','','Met veel liefde...','Much love...','',0,NULL,NULL,NULL,NULL,'0000-00-00 00:00:00'),(661,13,'text','buytickets',NULL,'Koop kaarten voor deze voorstelling','','',0,NULL,NULL,NULL,NULL,'0000-00-00 00:00:00'),(662,13,'text','cms_form_changefile',NULL,'Wijzig bestand','Change file','',0,NULL,NULL,NULL,NULL,'0000-00-00 00:00:00'),(663,13,'text','cms_form_changeimage',NULL,'Wijzig afbeelding','Change image','',0,NULL,NULL,NULL,NULL,'2017-04-10 19:54:00'),(664,13,'text','cms_form_delete',NULL,'Verwijderen','Delete','',0,NULL,NULL,NULL,NULL,'0000-00-00 00:00:00'),(665,13,'text','cms_form_wipe','','Wissen','Wipe','',0,NULL,NULL,NULL,NULL,'0000-00-00 00:00:00'),(666,13,'text','cms_form_file_deletesuccess',NULL,'bestand verwijderd','File removed','',0,NULL,NULL,NULL,NULL,'0000-00-00 00:00:00'),(667,13,'text','cms_form_file_deletefailure',NULL,'Er is iets mis gegaan in het verwijderen van het bestand','An error occurred while trying to remove the file','',0,NULL,NULL,NULL,NULL,'0000-00-00 00:00:00'),(675,13,'text','cms_form_deletefileconfirmation',NULL,'Het bestand wordt uit dit item verwijderd. Weet je het zeker? (Het originele bestand blijft beschikbaar in de filemanager)','The file will be deleted. Are you sure? (The original file remains in the file manager)','',0,NULL,NULL,NULL,NULL,'2017-04-10 19:54:00'),(676,13,'text','cms_form_changefile_msg',NULL,'Het bestand wordt pas bewaard nadat je op &quot;opslaan&quot; geklikt hebt.','The file will be saved after clicking &quot;save&quot;.','',0,NULL,NULL,NULL,NULL,'0000-00-00 00:00:00'),(677,13,'text','cms_form_changeimage_msg',NULL,'De afbeelding wordt pas bewaard nadat je op &quot;opslaan&quot; geklikt hebt.','The image will be saved after clicking &quot;save&quot;.','',0,NULL,NULL,NULL,NULL,'2017-04-10 19:54:00'),(679,13,'text','cms_users_loginas',NULL,'Inloggen als deze gebruiker','Login as this user','',0,NULL,NULL,NULL,NULL,'0000-00-00 00:00:00'),(680,13,'text','cms_menu_exitloginas',NULL,'Terug naar %user%','Back to %user%','',0,NULL,NULL,NULL,NULL,'0000-00-00 00:00:00'),(681,13,'text','cms_list_copyfailure',NULL,'Kopie kon niet worden gemaakt','A copy could not been made','',0,NULL,NULL,NULL,NULL,'0000-00-00 00:00:00'),(682,13,'text','cms_list_copy_suffix',NULL,'(kopie)','(copy)','',0,NULL,NULL,NULL,NULL,'0000-00-00 00:00:00'),(683,13,'text','cms_reset_success',NULL,'Je wachtwoord is aangepast','Your password has been changed','',0,NULL,NULL,NULL,NULL,'0000-00-00 00:00:00'),(684,13,'text','cms_users_email_tooltip',NULL,'Je emailadres is tevens je loginnaam','Your e-mail address is also your loginname','',0,NULL,NULL,NULL,NULL,'0000-00-00 00:00:00'),(685,13,'text','cms_users_password_change',NULL,'Wachtwoord aanpassen','Change password','',0,NULL,NULL,NULL,NULL,'0000-00-00 00:00:00'),(686,13,'text','cms_users_password_tooltip',NULL,'Vul hier tweemaal het nieuwe wachtwoord in. Het wachtwoord moet minimaal 8 tekens lang zijn en bestaat ideaal uit een combinatie van letters (groot en klein), cijfers en/of leestekens. Het wachtwoord mag niet te makkelijk te raden zijn.','Please fill in the new password twice. The password should consist of letters (small and capital), numbers and/or punctuation. The password should at least be 8 characters long. Please do not use a password that is easily gueassable.','',0,NULL,NULL,NULL,NULL,'0000-00-00 00:00:00'),(687,13,'text','cms_settings_description',NULL,'Beschrijving','Description','',0,NULL,NULL,NULL,NULL,'0000-00-00 00:00:00'),(688,13,'text','cms_form_createdunknown','','onbekend','unknown','',0,NULL,NULL,NULL,NULL,'0000-00-00 00:00:00'),(689,13,'text','tooltip_url_locked',NULL,'Voor deze pagina kan je de URL zelf niet aanpassen.','For this page, you are not allowed to change the URL.','',0,NULL,NULL,NULL,NULL,'0000-00-00 00:00:00'),(690,13,'text','cms_form_view_modified','','Bekijk bewerkgeschiedenis','View edit history','',0,NULL,NULL,NULL,NULL,'0000-00-00 00:00:00'),(691,13,'text','cms_form_modifiedby','','Laatst gewijzigd door','Last modified by','',0,NULL,NULL,NULL,NULL,'0000-00-00 00:00:00'),(692,13,'text','cms_form_history_nodata',NULL,'Geen wijzigingen gevonden','No changes found','',0,NULL,NULL,NULL,NULL,'0000-00-00 00:00:00'),(693,13,'text','cms_login_error_adminonly',NULL,'Geen toegang - gebruik het CMS op de live-versie van de website!','No access - please use the CMS on the live website','',0,NULL,NULL,NULL,NULL,'0000-00-00 00:00:00'),(695,13,'text','cms_list_showhidesuccess',NULL,'Tonen/verbergen succesvol','Succesfully hidden/shown','',0,NULL,NULL,NULL,NULL,'0000-00-00 00:00:00'),(696,13,'text','cms_translate_categorychanged',NULL,'De items zijn verplaatst naar een nieuwe categorie','The items have been moved to a new category','',0,NULL,NULL,NULL,NULL,'0000-00-00 00:00:00'),(697,13,'text','cms_list_notexistingdo',NULL,'Deze functie is niet beschikbaar','This function is not available','',0,NULL,NULL,NULL,NULL,'0000-00-00 00:00:00'),(698,13,'text','cms_brokenlinks_url',NULL,'Broken link','Broken link','',0,NULL,NULL,NULL,NULL,'0000-00-00 00:00:00'),(699,13,'text','cms_brokenlinks_location',NULL,'Gevonden op','Found at','',0,NULL,NULL,NULL,NULL,'0000-00-00 00:00:00'),(700,13,'text','cms_brokenlinks_error',NULL,'Foutcode','Error','',0,NULL,NULL,NULL,NULL,'0000-00-00 00:00:00'),(867,13,'text','site_name','','Drop App','Drop App','',0,NULL,NULL,NULL,NULL,'0000-00-00 00:00:00'),(868,13,'text','adults','','Volwassenen','Adults','',0,NULL,NULL,NULL,NULL,'0000-00-00 00:00:00'),(869,13,'text','children','','kinderen','children','',0,NULL,NULL,NULL,NULL,'0000-00-00 00:00:00'),(870,13,'text','container','','Container','Container','',0,NULL,NULL,NULL,NULL,'0000-00-00 00:00:00'),(871,13,'text','coins','','Tokens','Tokens','',0,NULL,NULL,NULL,NULL,'0000-00-00 00:00:00'),(872,13,'text','purchases','','Aankopen','Purchases','',0,NULL,NULL,NULL,NULL,'0000-00-00 00:00:00'),(873,13,'text','transactions','','Transacties','Transactions','',0,NULL,NULL,NULL,NULL,'0000-00-00 00:00:00'),(874,13,'text','product','','Product','Product','',0,NULL,NULL,NULL,NULL,'0000-00-00 00:00:00'),(875,13,'text','size','','Maat','Size','',0,NULL,NULL,NULL,NULL,'0000-00-00 00:00:00'),(876,13,'text','note','','Opmerking','Note','',0,NULL,NULL,NULL,NULL,'0000-00-00 00:00:00'),(877,13,'text','handled_by','','Afgehandeld door','Handled by','',0,NULL,NULL,NULL,NULL,'0000-00-00 00:00:00'),(878,13,'text','date','','Datum','Date','',0,NULL,NULL,NULL,NULL,'0000-00-00 00:00:00'),(879,13,'text','Monday','','Maandag','Monday','',0,NULL,NULL,NULL,NULL,'0000-00-00 00:00:00'),(880,13,'text','Tuesday','','Dinsdag','Tuesday','',0,NULL,NULL,NULL,NULL,'0000-00-00 00:00:00'),(881,13,'text','Wednesday','','Woensdag','Wednesday','',0,NULL,NULL,NULL,NULL,'0000-00-00 00:00:00'),(882,13,'text','Thursday','','Donderdag','Thursday','',0,NULL,NULL,NULL,NULL,'0000-00-00 00:00:00'),(883,13,'text','Friday','','Vrijdag','Friday','',0,NULL,NULL,NULL,NULL,'0000-00-00 00:00:00'),(884,13,'text','Saturday','','Zaterdag','Saturday','',0,NULL,NULL,NULL,NULL,'0000-00-00 00:00:00'),(885,13,'text','Sunday','','Zondag','Sunday','',0,NULL,NULL,NULL,NULL,'0000-00-00 00:00:00'),(886,13,'text','January','month','januari','January','',0,NULL,NULL,NULL,NULL,'0000-00-00 00:00:00'),(887,13,'text','February','month','februari','February','',0,NULL,NULL,NULL,NULL,'0000-00-00 00:00:00'),(888,13,'text','March','month','maart','March','',0,NULL,NULL,NULL,NULL,'0000-00-00 00:00:00'),(889,13,'text','April','month','april','April','',0,NULL,NULL,NULL,NULL,'0000-00-00 00:00:00'),(890,13,'text','May','month','mei','May','',0,NULL,NULL,NULL,NULL,'0000-00-00 00:00:00'),(891,13,'text','June','month','juni','June','',0,NULL,NULL,NULL,NULL,'0000-00-00 00:00:00'),(892,13,'text','July','month','juli','July','',0,NULL,NULL,NULL,NULL,'0000-00-00 00:00:00'),(893,13,'text','August','month','augustus','August','',0,NULL,NULL,NULL,NULL,'0000-00-00 00:00:00'),(894,13,'text','September','month','september','September','',0,NULL,NULL,NULL,NULL,'0000-00-00 00:00:00'),(895,13,'text','October','month','oktober','October','',0,NULL,NULL,NULL,NULL,'0000-00-00 00:00:00'),(896,13,'text','November','month','november','November','',0,NULL,NULL,NULL,NULL,'0000-00-00 00:00:00'),(897,13,'text','December','month','december','December','',0,NULL,NULL,NULL,NULL,'0000-00-00 00:00:00'),(898,13,'text','amount','','Hoeveelheid','Amount','',0,NULL,NULL,NULL,NULL,'0000-00-00 00:00:00'),(899,13,'text','firstname','','Voornaam','First name','First name',0,NULL,NULL,NULL,NULL,'0000-00-00 00:00:00'),(900,13,'text','lastname','','Achternaam','Last name','Last name',0,NULL,NULL,NULL,NULL,'0000-00-00 00:00:00'),(901,13,'text','cms_list_undelete',NULL,'Herstellen','Recover','',0,NULL,NULL,NULL,NULL,'0000-00-00 00:00:00'),(902,13,'text','cms_list_undeleteerror',NULL,'De geselecteerde onderdelen (of een deel ervan) konden niet worden hersteld.','The selected items (or some of them) could not be recovered.','',0,NULL,NULL,NULL,NULL,'0000-00-00 00:00:00'),(903,13,'text','cms_list_undeletesuccess',NULL,'Onderdeel hersteld','Item recovered','',0,NULL,NULL,NULL,NULL,'0000-00-00 00:00:00'),(904,13,'text','cms_list_extendsuccess',NULL,'Vervaldatum item verlengd','Item expiration extended','',0,NULL,NULL,NULL,NULL,'0000-00-00 00:00:00'),(905,13,'text','cms_list_extenderror',NULL,'Geen van de geselecteerde items kon worden verlengd','None of the selected items could be extended','',0,NULL,NULL,NULL,NULL,'0000-00-00 00:00:00'),(906,0,'text','bag_for_three','The color of a bag of vegetables for three persons','','Blue','',0,NULL,NULL,NULL,NULL,'0000-00-00 00:00:00'),(907,0,'text','bag_for_one','The color of a bag of vegetables for one persons','','Yellow','',0,NULL,NULL,NULL,NULL,'0000-00-00 00:00:00'),(908,0,'textarea','bicycle-rules','Rules for bicycle renting to be printed on the back of the Certificate','','Bikes are only available for beneficiaries of Nea Kavala. / You can only borrow a bike when you have succesfully finished the training and have signed the contract with us / To borrow a bike you hand over this certificate, you will get it back after returning the bike / You are responsible for your own safety and to bring back the bike in a clean and good state / You have to be 18 years old minimum to be able to borrow a bike. / At all times, bikes need to be back on the same day before 19:30. After 16:30 we will not start a new borrowing period. / The maximum borrowing period is three hours. / If you not follow these rules, we can ban you for two weeks and if you repeatedly not follow the rules we can ban you permanently.','',0,NULL,NULL,NULL,NULL,'0000-00-00 00:00:00'),(909,0,'text','listtitle_bread','Food list for bread','','Bread','',0,NULL,NULL,NULL,NULL,'0000-00-00 00:00:00'),(910,0,'text','listtitle_dryfood','Food list for dry food','','Dry Food','',0,NULL,NULL,NULL,NULL,'0000-00-00 00:00:00'),(911,0,'text','listtitle_vegetables','Food list for vegetables','','Vegetables','',0,NULL,NULL,NULL,NULL,'0000-00-00 00:00:00'),(912,0,'textarea','workshop-rules','Rules for workshop access','','Workshop access is only available for beneficiaries of Nea Kavala. / You can access the workshop when you have succesfully finished the training and have signed the contract with us / To get access to the workshop and use tools you show us this card, you will get it back after returning the tools and leaving the workshop  / You are responsible for your own safety and to return all tools in a clean and good state / You have to be 16 years old minimum. / Always return all the tools before closing time of the workshop (17:00) / If you not follow these rules, we can ban you for two weeks and if you repeatedly not follow the rules we can ban you permanently.','',0,NULL,NULL,NULL,NULL,'0000-00-00 00:00:00'),(913,0,'text','site_name','','','Boxtribute','',0,NULL,NULL,NULL,NULL,'0000-00-00 00:00:00');
/*!40000 ALTER TABLE `translate` ENABLE KEYS */;
UNLOCK TABLES;

--
-- Table structure for table `translate_categories`
--

DROP TABLE IF EXISTS `translate_categories`;
/*!40101 SET @saved_cs_client     = @@character_set_client */;
/*!40101 SET character_set_client = utf8 */;
CREATE TABLE `translate_categories` (
  `id` int(11) unsigned NOT NULL AUTO_INCREMENT,
  `name` varchar(255) DEFAULT NULL,
  PRIMARY KEY (`id`)
) ENGINE=InnoDB AUTO_INCREMENT=14 DEFAULT CHARSET=utf8 ROW_FORMAT=DYNAMIC;
/*!40101 SET character_set_client = @saved_cs_client */;

--
-- Dumping data for table `translate_categories`
--

LOCK TABLES `translate_categories` WRITE;
/*!40000 ALTER TABLE `translate_categories` DISABLE KEYS */;
INSERT INTO `translate_categories` VALUES (0,'something else'),(13,'text');
/*!40000 ALTER TABLE `translate_categories` ENABLE KEYS */;
UNLOCK TABLES;

--
-- Table structure for table `units`
--

DROP TABLE IF EXISTS `units`;
/*!40101 SET @saved_cs_client     = @@character_set_client */;
/*!40101 SET character_set_client = utf8 */;
CREATE TABLE `units` (
  `id` int(11) NOT NULL AUTO_INCREMENT,
  `label` varchar(20) NOT NULL,
  `longlabel` varchar(255) DEFAULT NULL,
  `seq` int(11) DEFAULT NULL,
  `created` datetime DEFAULT NULL,
  `created_by` int(11) unsigned DEFAULT NULL,
  `modified` datetime DEFAULT NULL,
  `modified_by` int(11) unsigned DEFAULT NULL,
  PRIMARY KEY (`id`),
  KEY `created_by` (`created_by`),
  KEY `modified_by` (`modified_by`),
  CONSTRAINT `units_ibfk_1` FOREIGN KEY (`created_by`) REFERENCES `cms_users` (`id`) ON DELETE SET NULL ON UPDATE CASCADE,
  CONSTRAINT `units_ibfk_2` FOREIGN KEY (`modified_by`) REFERENCES `cms_users` (`id`) ON DELETE SET NULL ON UPDATE CASCADE
) ENGINE=InnoDB AUTO_INCREMENT=5 DEFAULT CHARSET=utf8 ROW_FORMAT=DYNAMIC;
/*!40101 SET character_set_client = @saved_cs_client */;

--
-- Dumping data for table `units`
--

LOCK TABLES `units` WRITE;
/*!40000 ALTER TABLE `units` DISABLE KEYS */;
INSERT INTO `units` VALUES (1,'liter','liter',3,NULL,NULL,NULL,NULL),(2,'kg','kilogram',2,NULL,NULL,NULL,NULL),(3,'g','gram',1,NULL,NULL,NULL,NULL),(4,'piece','piece',4,NULL,NULL,NULL,NULL);
/*!40000 ALTER TABLE `units` ENABLE KEYS */;
UNLOCK TABLES;

--
-- Table structure for table `x_people_languages`
--

DROP TABLE IF EXISTS `x_people_languages`;
/*!40101 SET @saved_cs_client     = @@character_set_client */;
/*!40101 SET character_set_client = utf8 */;
CREATE TABLE `x_people_languages` (
  `people_id` int(11) unsigned NOT NULL,
  `language_id` int(11) unsigned NOT NULL,
  UNIQUE KEY `people_language_unique` (`people_id`,`language_id`),
  KEY `language_id` (`language_id`),
  CONSTRAINT `x_people_languages_ibfk_2` FOREIGN KEY (`language_id`) REFERENCES `languages` (`id`) ON DELETE CASCADE ON UPDATE CASCADE,
  CONSTRAINT `x_people_languages_ibfk_3` FOREIGN KEY (`people_id`) REFERENCES `people` (`id`) ON DELETE CASCADE ON UPDATE CASCADE
) ENGINE=InnoDB DEFAULT CHARSET=utf8 ROW_FORMAT=DYNAMIC;
/*!40101 SET character_set_client = @saved_cs_client */;

--
-- Dumping data for table `x_people_languages`
--

LOCK TABLES `x_people_languages` WRITE;
/*!40000 ALTER TABLE `x_people_languages` DISABLE KEYS */;
/*!40000 ALTER TABLE `x_people_languages` ENABLE KEYS */;
UNLOCK TABLES;
/*!40103 SET TIME_ZONE=@OLD_TIME_ZONE */;

/*!40101 SET SQL_MODE=@OLD_SQL_MODE */;
/*!40014 SET FOREIGN_KEY_CHECKS=@OLD_FOREIGN_KEY_CHECKS */;
/*!40014 SET UNIQUE_CHECKS=@OLD_UNIQUE_CHECKS */;
/*!40101 SET CHARACTER_SET_CLIENT=@OLD_CHARACTER_SET_CLIENT */;
/*!40101 SET CHARACTER_SET_RESULTS=@OLD_CHARACTER_SET_RESULTS */;
/*!40101 SET COLLATION_CONNECTION=@OLD_COLLATION_CONNECTION */;
/*!40111 SET SQL_NOTES=@OLD_SQL_NOTES */;

-- Dump completed on 2022-11-10  8:38:12
