-- MySQL dump 10.16  Distrib 10.1.48-MariaDB, for debian-linux-gnu (x86_64)
--
-- Host: 127.0.0.1    Database: dropapp_dev
-- ------------------------------------------------------
-- Server version	8.0.27

/*!40101 SET @OLD_CHARACTER_SET_CLIENT=@@CHARACTER_SET_CLIENT */;
/*!40101 SET @OLD_CHARACTER_SET_RESULTS=@@CHARACTER_SET_RESULTS */;
/*!40101 SET @OLD_COLLATION_CONNECTION=@@COLLATION_CONNECTION */;
/*!40101 SET NAMES utf8mb4 */;
/*!40103 SET @OLD_TIME_ZONE=@@TIME_ZONE */;
/*!40103 SET TIME_ZONE='+00:00' */;
/*!40014 SET @OLD_UNIQUE_CHECKS=@@UNIQUE_CHECKS, UNIQUE_CHECKS=0 */;
/*!40014 SET @OLD_FOREIGN_KEY_CHECKS=@@FOREIGN_KEY_CHECKS, FOREIGN_KEY_CHECKS=0 */;
/*!40101 SET @OLD_SQL_MODE=@@SQL_MODE, SQL_MODE='NO_AUTO_VALUE_ON_ZERO' */;
/*!40111 SET @OLD_SQL_NOTES=@@SQL_NOTES, SQL_NOTES=0 */;

--
-- Table structure for table `borrow_categories`
--

DROP TABLE IF EXISTS `borrow_categories`;
/*!40101 SET @saved_cs_client     = @@character_set_client */;
/*!40101 SET character_set_client = utf8 */;
CREATE TABLE `borrow_categories` (
  `id` int unsigned NOT NULL AUTO_INCREMENT,
  `label` varchar(255) DEFAULT NULL,
  PRIMARY KEY (`id`)
) ENGINE=InnoDB DEFAULT CHARSET=utf8 ROW_FORMAT=DYNAMIC;
/*!40101 SET character_set_client = @saved_cs_client */;

--
-- Dumping data for table `borrow_categories`
--

LOCK TABLES `borrow_categories` WRITE;
/*!40000 ALTER TABLE `borrow_categories` DISABLE KEYS */;
/*!40000 ALTER TABLE `borrow_categories` ENABLE KEYS */;
UNLOCK TABLES;

--
-- Table structure for table `borrow_items`
--

DROP TABLE IF EXISTS `borrow_items`;
/*!40101 SET @saved_cs_client     = @@character_set_client */;
/*!40101 SET character_set_client = utf8 */;
CREATE TABLE `borrow_items` (
  `id` int unsigned NOT NULL AUTO_INCREMENT,
  `label` varchar(255) DEFAULT NULL,
  `deleted` tinyint NOT NULL DEFAULT '0',
  `category_id` int unsigned DEFAULT NULL,
  `visible` tinyint NOT NULL DEFAULT '0',
  `comment` text NOT NULL,
  `created` datetime DEFAULT NULL,
  `created_by` int unsigned DEFAULT NULL,
  `modified` datetime DEFAULT NULL,
  `modified_by` int unsigned DEFAULT NULL,
  `location_id` int unsigned NOT NULL,
  PRIMARY KEY (`id`),
  KEY `category_id` (`category_id`),
  KEY `location_id` (`location_id`),
  KEY `created_by` (`created_by`),
  KEY `modified_by` (`modified_by`),
  CONSTRAINT `borrow_items_ibfk_3` FOREIGN KEY (`category_id`) REFERENCES `borrow_categories` (`id`) ON UPDATE CASCADE,
  CONSTRAINT `borrow_items_ibfk_4` FOREIGN KEY (`location_id`) REFERENCES `borrow_locations` (`id`) ON UPDATE CASCADE,
  CONSTRAINT `borrow_items_ibfk_5` FOREIGN KEY (`created_by`) REFERENCES `cms_users` (`id`) ON DELETE SET NULL ON UPDATE CASCADE,
  CONSTRAINT `borrow_items_ibfk_6` FOREIGN KEY (`modified_by`) REFERENCES `cms_users` (`id`) ON DELETE SET NULL ON UPDATE CASCADE
) ENGINE=InnoDB DEFAULT CHARSET=utf8 ROW_FORMAT=DYNAMIC;
/*!40101 SET character_set_client = @saved_cs_client */;

--
-- Dumping data for table `borrow_items`
--

LOCK TABLES `borrow_items` WRITE;
/*!40000 ALTER TABLE `borrow_items` DISABLE KEYS */;
/*!40000 ALTER TABLE `borrow_items` ENABLE KEYS */;
UNLOCK TABLES;

--
-- Table structure for table `borrow_locations`
--

DROP TABLE IF EXISTS `borrow_locations`;
/*!40101 SET @saved_cs_client     = @@character_set_client */;
/*!40101 SET character_set_client = utf8 */;
CREATE TABLE `borrow_locations` (
  `id` int unsigned NOT NULL AUTO_INCREMENT,
  `camp_id` int unsigned NOT NULL,
  `location` varchar(255) DEFAULT NULL,
  PRIMARY KEY (`id`),
  KEY `camp_id` (`camp_id`),
  CONSTRAINT `borrow_locations_ibfk_1` FOREIGN KEY (`camp_id`) REFERENCES `camps` (`id`) ON UPDATE CASCADE
) ENGINE=InnoDB DEFAULT CHARSET=utf8 ROW_FORMAT=DYNAMIC;
/*!40101 SET character_set_client = @saved_cs_client */;

--
-- Dumping data for table `borrow_locations`
--

LOCK TABLES `borrow_locations` WRITE;
/*!40000 ALTER TABLE `borrow_locations` DISABLE KEYS */;
/*!40000 ALTER TABLE `borrow_locations` ENABLE KEYS */;
UNLOCK TABLES;

--
-- Table structure for table `borrow_transactions`
--

DROP TABLE IF EXISTS `borrow_transactions`;
/*!40101 SET @saved_cs_client     = @@character_set_client */;
/*!40101 SET character_set_client = utf8 */;
CREATE TABLE `borrow_transactions` (
  `id` int unsigned NOT NULL AUTO_INCREMENT,
  `transaction_date` datetime DEFAULT NULL,
  `bicycle_id` int unsigned NOT NULL,
  `people_id` int unsigned DEFAULT NULL,
  `status` varchar(5) DEFAULT NULL,
  `created` datetime DEFAULT NULL,
  `created_by` int unsigned DEFAULT NULL,
  `modified` datetime DEFAULT NULL,
  `modified_by` int unsigned DEFAULT NULL,
  `lights` tinyint NOT NULL DEFAULT '0',
  `helmet` tinyint NOT NULL DEFAULT '0',
  `location_id` int unsigned DEFAULT NULL,
  PRIMARY KEY (`id`),
  KEY `location_id` (`location_id`),
  KEY `bicycle_id` (`bicycle_id`),
  KEY `created_by` (`created_by`),
  KEY `modified_by` (`modified_by`),
  KEY `people_id` (`people_id`),
  CONSTRAINT `borrow_transactions_ibfk_3` FOREIGN KEY (`location_id`) REFERENCES `borrow_locations` (`id`) ON UPDATE CASCADE,
  CONSTRAINT `borrow_transactions_ibfk_4` FOREIGN KEY (`bicycle_id`) REFERENCES `borrow_items` (`id`) ON UPDATE CASCADE,
  CONSTRAINT `borrow_transactions_ibfk_6` FOREIGN KEY (`created_by`) REFERENCES `cms_users` (`id`) ON DELETE SET NULL ON UPDATE CASCADE,
  CONSTRAINT `borrow_transactions_ibfk_7` FOREIGN KEY (`modified_by`) REFERENCES `cms_users` (`id`) ON DELETE SET NULL ON UPDATE CASCADE,
  CONSTRAINT `borrow_transactions_ibfk_8` FOREIGN KEY (`people_id`) REFERENCES `people` (`id`) ON DELETE SET NULL ON UPDATE CASCADE
) ENGINE=InnoDB DEFAULT CHARSET=utf8 ROW_FORMAT=DYNAMIC;
/*!40101 SET character_set_client = @saved_cs_client */;

--
-- Dumping data for table `borrow_transactions`
--

LOCK TABLES `borrow_transactions` WRITE;
/*!40000 ALTER TABLE `borrow_transactions` DISABLE KEYS */;
/*!40000 ALTER TABLE `borrow_transactions` ENABLE KEYS */;
UNLOCK TABLES;

--
-- Table structure for table `box_state`
--

DROP TABLE IF EXISTS `box_state`;
/*!40101 SET @saved_cs_client     = @@character_set_client */;
/*!40101 SET character_set_client = utf8 */;
CREATE TABLE `box_state` (
  `id` int unsigned NOT NULL AUTO_INCREMENT,
  `label` varchar(20) NOT NULL,
  PRIMARY KEY (`id`),
  UNIQUE KEY `label` (`label`)
) ENGINE=InnoDB AUTO_INCREMENT=9 DEFAULT CHARSET=utf8;
/*!40101 SET character_set_client = @saved_cs_client */;

--
-- Dumping data for table `box_state`
--

LOCK TABLES `box_state` WRITE;
/*!40000 ALTER TABLE `box_state` DISABLE KEYS */;
INSERT INTO `box_state` VALUES (5,'Donated'),(1,'Instock'),(7,'InTransit'),(2,'Lost'),(3,'MarkedForShipment'),(8,'NotDelivered'),(4,'Receiving'),(6,'Scrap');
/*!40000 ALTER TABLE `box_state` ENABLE KEYS */;
UNLOCK TABLES;

--
-- Table structure for table `camps`
--

DROP TABLE IF EXISTS `camps`;
/*!40101 SET @saved_cs_client     = @@character_set_client */;
/*!40101 SET character_set_client = utf8 */;
CREATE TABLE `camps` (
  `id` int unsigned NOT NULL AUTO_INCREMENT,
  `idcard` tinyint NOT NULL DEFAULT '0',
  `laundry` tinyint NOT NULL DEFAULT '0',
  `laundry_cyclestart` date DEFAULT '2019-01-01',
  `market` tinyint NOT NULL DEFAULT '1',
  `maxfooddrops_adult` int DEFAULT '25',
  `maxfooddrops_child` int DEFAULT '25',
  `modified` datetime DEFAULT NULL,
  `modified_by` int unsigned DEFAULT NULL,
  `name` varchar(255) DEFAULT NULL,
  `organisation_id` int unsigned NOT NULL,
  `schedulebreak` varchar(255) NOT NULL DEFAULT '1',
  `schedulebreakduration` varchar(255) NOT NULL DEFAULT '1',
  `schedulebreakstart` varchar(255) NOT NULL DEFAULT '13:00',
  `schedulestart` varchar(255) NOT NULL DEFAULT '11:00',
  `schedulestop` varchar(255) NOT NULL DEFAULT '17:00',
  `scheduletimeslot` varchar(255) NOT NULL DEFAULT '0.5',
  `seq` int NOT NULL,
  `workshop` tinyint NOT NULL DEFAULT '0',
  `adult_age` int NOT NULL DEFAULT '15',
  `bicycle` tinyint NOT NULL DEFAULT '0',
  `bicycle_closingtime` varchar(255) DEFAULT '17:30',
  `bicycle_closingtime_saturday` varchar(255) DEFAULT '16:30',
  `bicyclerenttime` int NOT NULL DEFAULT '120',
  `created` datetime DEFAULT NULL,
  `created_by` int unsigned DEFAULT NULL,
  `currencyname` varchar(255) NOT NULL DEFAULT 'Tokens',
  `cyclestart` datetime DEFAULT '2019-01-01 00:00:00',
  `daystokeepdeletedpersons` int DEFAULT '9999',
  `delete_inactive_users` int NOT NULL DEFAULT '30',
  `deleted` datetime DEFAULT NULL,
  `dropcapadult` int NOT NULL DEFAULT '99999',
  `dropcapchild` int NOT NULL DEFAULT '99999',
  `dropsperadult` varchar(255) NOT NULL DEFAULT '100',
  `dropsperchild` varchar(255) NOT NULL DEFAULT '100',
  `extraportion` tinyint DEFAULT '0',
  `familyidentifier` varchar(255) NOT NULL DEFAULT 'Container',
  `food` tinyint NOT NULL DEFAULT '0',
  `resettokens` tinyint(1) DEFAULT '0',
  `beneficiaryisregistered` tinyint(1) NOT NULL DEFAULT '1',
  `beneficiaryisvolunteer` tinyint(1) NOT NULL DEFAULT '1',
  `separateshopandwhproducts` tinyint(1) NOT NULL DEFAULT '0',
  PRIMARY KEY (`id`),
  KEY `organisation_id` (`organisation_id`),
  KEY `created_by` (`created_by`),
  KEY `modified_by` (`modified_by`),
  CONSTRAINT `camps_ibfk_1` FOREIGN KEY (`organisation_id`) REFERENCES `organisations` (`id`) ON UPDATE CASCADE,
  CONSTRAINT `camps_ibfk_2` FOREIGN KEY (`created_by`) REFERENCES `cms_users` (`id`) ON DELETE SET NULL ON UPDATE CASCADE,
  CONSTRAINT `camps_ibfk_3` FOREIGN KEY (`modified_by`) REFERENCES `cms_users` (`id`) ON DELETE SET NULL ON UPDATE CASCADE
) ENGINE=InnoDB AUTO_INCREMENT=100000002 DEFAULT CHARSET=utf8 ROW_FORMAT=DYNAMIC;
/*!40101 SET character_set_client = @saved_cs_client */;

--
-- Dumping data for table `camps`
--

LOCK TABLES `camps` WRITE;
/*!40000 ALTER TABLE `camps` DISABLE KEYS */;
INSERT INTO `camps` VALUES (1,0,0,'2019-01-01',1,25,25,NULL,NULL,'Lesvos',1,'0','1','2019-08-27 13:00:00','2019-08-27 11:00:00','2019-08-27 17:00:00','0.5',1,0,15,0,'17:30','16:30',120,NULL,NULL,'Tokens','2019-01-01 00:00:00',9999,9999,NULL,99999,99999,'100','100',0,'Refugee / Case ID',0,0,1,1,0),
  (2,0,0,'2019-01-01',0,25,25,NULL,NULL,'Thessaloniki',2,'0','1','13:00','9:00','15:00','0.25',2,0,15,0,'17:30','16:30',120,NULL,NULL,'points','2019-11-05 09:13:11',9999,9999,NULL,99999,99999,'100','50',0,'Family ID',0,1,1,1,0),
  (3,0,0,'2019-01-01',1,25,25,NULL,NULL,'Samos',2,'0','1.5','2019-10-14 13:30:00','2019-10-14 10:30:00','2019-10-14 17:00:00','0.5',4,0,0,0,'17:30','16:30',120,NULL,NULL,'Tokens','2019-01-06 22:18:10',60,9999,NULL,500,300,'150','130',1,'Household',0,0,1,1,0),
  (4,0,0,'2019-01-01',0,25,25,NULL,NULL,'Athens',2,'0','1','13:00','9:00','15:00','0.25',5,0,15,0,'17:30','16:30',120,NULL,NULL,'points','2019-11-05 09:13:11',9999,9999,NULL,99999,99999,'100','50',0,'Family ID',0,1,1,1,0),
  (100000000,1,0,'2019-01-01',1,25,25,'2019-09-05 13:48:34',1,'TestBase',100000000,'1','1','2019-09-05 13:00:00','2019-09-05 11:00:00','2019-09-05 17:00:00','0.5',3,0,15,0,'2019-09-05 17:30:00','2019-09-05 16:30:00',120,'2019-07-10 08:06:22',1,'Tokens','2019-01-01 00:00:00',9999,99999,NULL,99999,99999,'100','100',0,'Refugee ID',0,0,1,1,0),
  (100000001,1,0,'2019-01-01',1,25,25,'2019-09-05 13:48:34',1,'DummyTestBaseWithBoxes',100000001,'1','1','2019-09-05 13:00:00','2019-09-05 11:00:00','2019-09-05 17:00:00','0.5',3,0,15,0,'2019-09-05 17:30:00','2019-09-05 16:30:00',120,'2019-07-10 08:06:22',1,'Tokens','2019-01-01 00:00:00',9999,30,NULL,99999,99999,'100','100',0,'Refugee ID',0,0,1,1,0);
/*!40000 ALTER TABLE `camps` ENABLE KEYS */;
UNLOCK TABLES;

--
-- Table structure for table `cms_functions`
--

DROP TABLE IF EXISTS `cms_functions`;
/*!40101 SET @saved_cs_client     = @@character_set_client */;
/*!40101 SET character_set_client = utf8 */;
CREATE TABLE `cms_functions` (
  `id` int unsigned NOT NULL AUTO_INCREMENT,
  `parent_id` int unsigned DEFAULT NULL,
  `title_en` varchar(255) NOT NULL DEFAULT '',
  `include` varchar(255) NOT NULL DEFAULT '',
  `seq` int NOT NULL DEFAULT '0',
  `created` datetime DEFAULT NULL,
  `created_by` int unsigned DEFAULT NULL,
  `modified` datetime DEFAULT NULL,
  `modified_by` int unsigned DEFAULT NULL,
  `alert` int NOT NULL DEFAULT '0',
  `adminonly` tinyint NOT NULL DEFAULT '0',
  `visible` tinyint NOT NULL,
  `allusers` tinyint NOT NULL DEFAULT '0',
  `allcamps` tinyint NOT NULL DEFAULT '0',
  `action_permissions` varchar(255) DEFAULT NULL,
  PRIMARY KEY (`id`),
  KEY `parent_id` (`parent_id`),
  KEY `created_by` (`created_by`),
  KEY `modified_by` (`modified_by`),
  CONSTRAINT `cms_functions_ibfk_3` FOREIGN KEY (`parent_id`) REFERENCES `cms_functions` (`id`) ON DELETE SET NULL ON UPDATE CASCADE,
  CONSTRAINT `cms_functions_ibfk_4` FOREIGN KEY (`created_by`) REFERENCES `cms_users` (`id`) ON DELETE SET NULL ON UPDATE CASCADE,
  CONSTRAINT `cms_functions_ibfk_5` FOREIGN KEY (`modified_by`) REFERENCES `cms_users` (`id`) ON DELETE SET NULL ON UPDATE CASCADE
) ENGINE=InnoDB AUTO_INCREMENT=168 DEFAULT CHARSET=utf8 ROW_FORMAT=DYNAMIC;
/*!40101 SET character_set_client = @saved_cs_client */;

--
-- Dumping data for table `cms_functions`
--

LOCK TABLES `cms_functions` WRITE;
/*!40000 ALTER TABLE `cms_functions` DISABLE KEYS */;
INSERT INTO `cms_functions` VALUES (35,NULL,'Free Shop','',3,NULL,NULL,NULL,NULL,0,0,1,0,0,NULL),(42,NULL,'Admin','',8,NULL,NULL,NULL,NULL,0,0,1,0,0,NULL),(43,42,'Manage Users','cms_users',20,NULL,NULL,NULL,NULL,0,0,1,0,1,'manage_volunteers,manage_coordinators,manage_admins'),(44,155,'Settings','cms_settings',25,NULL,NULL,NULL,NULL,0,1,1,0,1,'be_god'),(45,155,'Texts','cms_translate',26,NULL,NULL,NULL,NULL,0,1,1,0,1,'be_god'),(50,155,'Manage Menu Functions','cms_functions',24,NULL,NULL,NULL,NULL,0,1,1,0,1,'be_god'),(67,42,'Manage Products','products',18,NULL,NULL,NULL,NULL,0,0,1,0,0,'manage_products'),(87,35,'Checkout','check_out',7,NULL,NULL,NULL,NULL,0,0,1,0,0,'checkout_beneficiaries'),(90,99,'Classic Manage Boxes','stock',3,NULL,NULL,NULL,NULL,0,0,1,0,0,NULL),(92,35,'Give Tokens <span>To</span> All','give2all',10,NULL,NULL,NULL,NULL,0,0,1,0,0,'manage_tokens'),(96,128,'Sales Reports','sales_list',16,NULL,NULL,NULL,NULL,0,0,1,0,0,'list_sales'),(99,NULL,'Inventory','',1,NULL,NULL,NULL,NULL,0,0,1,0,0,NULL),(102,128,'Fancy Graphs (<span>beta</span>)','fancygraphs',17,NULL,NULL,NULL,NULL,0,0,1,0,0,'view_beneficiary_graph'),(110,35,'Stockroom','container-stock',8,NULL,NULL,NULL,NULL,0,0,1,0,0,'view_stockroom'),(111,35,'Generate Market Schedule','market_schedule',9,NULL,NULL,NULL,NULL,0,0,0,0,0,'generate_market_schedule'),(112,99,'Print Box Labels','qr',1,NULL,NULL,NULL,NULL,0,0,1,0,0,'create_label'),(113,NULL,'Actions','',7,NULL,NULL,NULL,NULL,0,0,1,0,0,NULL),(115,42,'Edit Warehouses','locations',19,NULL,NULL,NULL,NULL,0,0,1,0,0,'manage_warehouses'),(116,110,'Containers List','printed_list_containers',2,NULL,NULL,NULL,NULL,0,0,1,1,0,'view_stockroom'),(118,161,'Manage Beneficiaries','people',5,NULL,NULL,NULL,NULL,0,0,1,0,0,'manage_beneficiaries'),(121,NULL,'Hidden Menu Items','',10,NULL,NULL,NULL,NULL,0,0,0,1,0,NULL),(123,121,'Start Page','start',27,NULL,NULL,NULL,NULL,0,0,0,1,0,'view_start_page'),(124,92,'Give Tokens <span>to</span> selected families','give',3,NULL,NULL,NULL,NULL,0,0,1,1,0,'be_god'),(125,121,'User Profile','cms_profile',28,NULL,NULL,NULL,NULL,0,0,0,1,0,'be_user'),(126,121,'Exit Login As','exitloginas',29,NULL,NULL,NULL,NULL,0,0,0,1,0,NULL),(127,96,'Sales List Download','sales_list_download',9,NULL,NULL,NULL,NULL,0,0,1,1,0,'list_sales'),(128,NULL,'Insight','',6,NULL,NULL,NULL,NULL,0,0,1,0,0,NULL),(130,35,'Lists','food_lists',11,NULL,NULL,NULL,NULL,0,0,0,0,0,NULL),(131,NULL,'Services','',4,NULL,NULL,NULL,NULL,0,0,0,0,0,NULL),(132,131,'Bicycles / Sport','borrow',13,NULL,NULL,NULL,NULL,0,0,0,0,0,NULL),(140,132,'Borrow Edit','borrowedititem',6,NULL,NULL,NULL,NULL,0,0,1,1,0,NULL),(144,132,'Borrow History ','borrowhistory',7,NULL,NULL,NULL,NULL,0,0,1,1,0,NULL),(145,148,'Library Titles (<span>beta</span>)','library_inventory',14,NULL,NULL,NULL,NULL,0,0,0,0,0,'manage_books'),(146,148,'Lent Out (<span>beta</span>)','library',15,NULL,NULL,NULL,NULL,0,0,0,0,0,'lend_books'),(147,146,'Library History','libraryhistory',8,NULL,NULL,NULL,NULL,0,0,0,1,0,'lend_books'),(148,NULL,'Library','',5,NULL,NULL,NULL,NULL,0,0,0,0,0,NULL),(149,131,'Laundry','laundry',12,NULL,NULL,NULL,NULL,0,0,0,0,0,NULL),(150,118,'All Residents Export','people_export',1,NULL,NULL,NULL,NULL,0,0,1,1,0,'manage_beneficiaries'),(151,149,'Laundry No Show','laundry_noshow',4,NULL,NULL,NULL,NULL,0,0,1,1,0,NULL),(152,149,'Laundry Start New Cycle','laundry_startcycle',5,NULL,NULL,NULL,NULL,0,0,1,1,0,NULL),(154,155,'Organisations','organisations',23,NULL,NULL,NULL,NULL,0,1,1,0,1,'manage_organizations,be_god'),(155,NULL,'Boxtribute Gods','',9,NULL,NULL,NULL,NULL,0,1,1,0,0,NULL),(156,42,'User Groups','cms_usergroups',21,NULL,NULL,NULL,NULL,0,0,1,0,1,'be_god'),(157,155,'Bases','camps',22,NULL,NULL,NULL,NULL,0,1,1,0,1,'manage_base,be_god'),(158,161,'Add Beneficiary','people_add',4,NULL,NULL,NULL,NULL,0,0,1,0,0,'create_beneficiaries'),(160,99,'Stock Overview','stock_overview',4,NULL,NULL,NULL,NULL,0,0,1,0,0,'view_inventory'),(161,NULL,'Beneficiaries','',2,NULL,NULL,NULL,NULL,0,0,1,0,0,NULL),(162,42,'Manage Tags','tags',6,NULL,NULL,NULL,NULL,0,0,1,0,0,'manage_tags'),(163,NULL,'Transfers','',4,NULL,NULL,NULL,NULL,0,0,1,0,0,NULL),(164,163,'Manage Shipments','shipments',0,NULL,NULL,NULL,NULL,0,0,1,0,0,'view_shipments'),(165,163,'Manage Agreements','transfer_agreements',1,NULL,NULL,NULL,NULL,0,0,1,0,0,'view_transfer_agreements'),(166,99,'Manage Boxes v2 (<span>beta</span>)','new_manage_boxes',2,NULL,NULL,NULL,NULL,0,0,1,0,0,'manage_inventory'),(167,128,'Dashboard v2 (<span>beta</span>)','statviz_dashboard',18,NULL,NULL,NULL,NULL,0,0,1,0,0,'view_beneficiary_graph');
/*!40000 ALTER TABLE `cms_functions` ENABLE KEYS */;
UNLOCK TABLES;

--
-- Table structure for table `cms_functions_camps`
--

DROP TABLE IF EXISTS `cms_functions_camps`;
/*!40101 SET @saved_cs_client     = @@character_set_client */;
/*!40101 SET character_set_client = utf8 */;
CREATE TABLE `cms_functions_camps` (
  `cms_functions_id` int unsigned NOT NULL,
  `camps_id` int unsigned NOT NULL,
  UNIQUE KEY `functions_camps_unique` (`cms_functions_id`,`camps_id`),
  KEY `cms_functions_id` (`cms_functions_id`),
  KEY `camps_id` (`camps_id`),
  CONSTRAINT `cms_functions_camps_ibfk_2` FOREIGN KEY (`camps_id`) REFERENCES `camps` (`id`) ON DELETE CASCADE ON UPDATE CASCADE,
  CONSTRAINT `cms_functions_camps_ibfk_3` FOREIGN KEY (`cms_functions_id`) REFERENCES `cms_functions` (`id`) ON DELETE CASCADE ON UPDATE CASCADE
) ENGINE=InnoDB DEFAULT CHARSET=utf8 ROW_FORMAT=DYNAMIC;
/*!40101 SET character_set_client = @saved_cs_client */;

--
-- Dumping data for table `cms_functions_camps`
--

LOCK TABLES `cms_functions_camps` WRITE;
/*!40000 ALTER TABLE `cms_functions_camps` DISABLE KEYS */;
INSERT INTO `cms_functions_camps` VALUES (43,1),(43,2),(43,3),(43,4),(43,100000000),(43,100000001),(67,1),(67,2),(67,3),(67,4),(67,100000000),(67,100000001),(87,1),(87,2),(87,3),(87,4),(87,100000000),(87,100000001),(90,1),(90,2),(90,3),(90,4),(90,100000000),(90,100000001),(92,1),(92,2),(92,3),(92,4),(92,100000000),(92,100000001),(96,1),(96,2),(96,3),(96,4),(96,100000000),(96,100000001),(102,1),(102,2),(102,3),(102,4),(102,100000000),(102,100000001),(110,1),(110,2),(110,3),(110,4),(110,100000000),(110,100000001),(111,1),(111,3),(111,100000000),(112,1),(112,2),(112,3),(112,4),(112,100000000),(112,100000001),(115,1),(115,2),(115,3),(115,4),(115,100000000),(115,100000001),(118,1),(118,2),(118,3),(118,4),(118,100000000),(118,100000001),(123,1),(123,2),(123,3),(123,4),(123,100000000),(123,100000001),(125,1),(125,2),(125,3),(125,4),(125,100000000),(125,100000001),(130,1),(130,3),(145,1),(146,1),(158,1),(158,2),(158,3),(158,4),(158,100000000),(158,100000001),(160,1),(160,2),(160,3),(160,4),(160,100000000),(160,100000001),(162,1),(162,2),(162,3),(162,4),(162,100000000),(162,100000001),(164,1),(164,2),(164,3),(164,4),(165,1),(165,2),(165,3),(165,4),(166,1),(166,2),(166,3),(166,4),(167,1),(167,2),(167,3),(167,4);
/*!40000 ALTER TABLE `cms_functions_camps` ENABLE KEYS */;
UNLOCK TABLES;

--
-- Table structure for table `cms_settings`
--

DROP TABLE IF EXISTS `cms_settings`;
/*!40101 SET @saved_cs_client     = @@character_set_client */;
/*!40101 SET character_set_client = utf8 */;
CREATE TABLE `cms_settings` (
  `id` int unsigned NOT NULL AUTO_INCREMENT,
  `category_id` int unsigned NOT NULL,
  `type` varchar(20) DEFAULT NULL,
  `code` varchar(255) NOT NULL,
  `description` varchar(255) DEFAULT NULL,
  `options` varchar(255) DEFAULT NULL,
  `value` text,
  `hidden` tinyint NOT NULL DEFAULT '0',
  `created` datetime DEFAULT NULL,
  `created_by` int unsigned DEFAULT NULL,
  `modified` datetime DEFAULT NULL,
  `modified_by` int unsigned DEFAULT NULL,
  PRIMARY KEY (`id`),
  UNIQUE KEY `code` (`code`),
  KEY `created_by` (`created_by`),
  KEY `modified_by` (`modified_by`),
  CONSTRAINT `cms_settings_ibfk_1` FOREIGN KEY (`created_by`) REFERENCES `cms_users` (`id`) ON DELETE SET NULL ON UPDATE CASCADE,
  CONSTRAINT `cms_settings_ibfk_2` FOREIGN KEY (`modified_by`) REFERENCES `cms_users` (`id`) ON DELETE SET NULL ON UPDATE CASCADE
) ENGINE=InnoDB AUTO_INCREMENT=139 DEFAULT CHARSET=utf8 ROW_FORMAT=DYNAMIC;
/*!40101 SET character_set_client = @saved_cs_client */;

--
-- Dumping data for table `cms_settings`
--

LOCK TABLES `cms_settings` WRITE;
/*!40000 ALTER TABLE `cms_settings` DISABLE KEYS */;
INSERT INTO `cms_settings` VALUES (83,1,'select','cms_language','Language used for CMS interface','en=English','en',1,NULL,NULL,NULL,NULL),(86,1,'text','mail_sender','Sender address for e-mails sent by Boxtribute','','hello@boxtribute.org',1,NULL,NULL,NULL,NULL),(87,1,'text','mail_sender_name','Sender name for e-mails sent by Boxtribute','','Boxtribute',1,NULL,NULL,NULL,NULL),(92,1,'text','apple-mobile-web-app-title','Title for Apple Mobile Web App','','Boxtribute',1,NULL,NULL,NULL,NULL),(137,1,'text','dailyroutine','Last date the daily routine did run','','2019-06-26',1,NULL,NULL,NULL,NULL),(138,1,'text','installed','Date and time of installation and first run','','2016-23-11 9:00:00',1,NULL,NULL,NULL,NULL);
/*!40000 ALTER TABLE `cms_settings` ENABLE KEYS */;
UNLOCK TABLES;

--
-- Table structure for table `cms_usergroups`
--

DROP TABLE IF EXISTS `cms_usergroups`;
/*!40101 SET @saved_cs_client     = @@character_set_client */;
/*!40101 SET character_set_client = utf8 */;
CREATE TABLE `cms_usergroups` (
  `id` int unsigned NOT NULL AUTO_INCREMENT,
  `label` varchar(255) NOT NULL,
  `created` datetime DEFAULT NULL,
  `created_by` int unsigned DEFAULT NULL,
  `modified` datetime DEFAULT NULL,
  `modified_by` int unsigned DEFAULT NULL,
  `organisation_id` int unsigned NOT NULL,
  `userlevel` int unsigned NOT NULL,
  `allow_laundry_startcycle` tinyint NOT NULL DEFAULT '0',
  `allow_laundry_block` tinyint NOT NULL DEFAULT '0',
  `allow_borrow_adddelete` tinyint NOT NULL,
  `deleted` datetime DEFAULT NULL,
  PRIMARY KEY (`id`),
  KEY `organisation_id` (`organisation_id`),
  KEY `userlevel` (`userlevel`),
  KEY `created_by` (`created_by`),
  KEY `modified_by` (`modified_by`),
  CONSTRAINT `cms_usergroups_ibfk_1` FOREIGN KEY (`organisation_id`) REFERENCES `organisations` (`id`) ON UPDATE CASCADE,
  CONSTRAINT `cms_usergroups_ibfk_2` FOREIGN KEY (`userlevel`) REFERENCES `cms_usergroups_levels` (`id`) ON UPDATE CASCADE,
  CONSTRAINT `cms_usergroups_ibfk_3` FOREIGN KEY (`created_by`) REFERENCES `cms_users` (`id`) ON DELETE SET NULL ON UPDATE CASCADE,
  CONSTRAINT `cms_usergroups_ibfk_4` FOREIGN KEY (`modified_by`) REFERENCES `cms_users` (`id`) ON DELETE SET NULL ON UPDATE CASCADE
) ENGINE=InnoDB AUTO_INCREMENT=100004264 DEFAULT CHARSET=utf8 ROW_FORMAT=DYNAMIC;
/*!40101 SET character_set_client = @saved_cs_client */;

--
-- Dumping data for table `cms_usergroups`
--

LOCK TABLES `cms_usergroups` WRITE;
/*!40000 ALTER TABLE `cms_usergroups` DISABLE KEYS */;
INSERT INTO `cms_usergroups` VALUES (1,'Head of Operations',NULL,NULL,NULL,NULL,1,1,0,0,0,NULL),(2,'Base Lesvos - Coordinator',NULL,NULL,NULL,NULL,1,2,0,0,0,NULL),(3,'Base Lesvos - Volunteer (Warehouse)',NULL,NULL,NULL,NULL,1,3,0,0,0,NULL),(4,'Base Lesvos - Volunteer (Free Shop)',NULL,NULL,NULL,NULL,1,3,0,0,0,NULL),(5,'Base Lesvos - Volunteer (Library)',NULL,NULL,NULL,NULL,1,3,0,0,0,NULL),(6,'Base Lesvos - Volunteer',NULL,NULL,NULL,NULL,1,3,0,0,0,NULL),(10,'Head of Operations',NULL,NULL,NULL,NULL,2,1,0,0,0,NULL),(11,'Base Thessaloniki - Coordinator',NULL,NULL,NULL,NULL,2,2,0,0,0,NULL),(12,'Base Samos - Coordinator',NULL,NULL,NULL,NULL,2,2,0,0,0,NULL),(13,'Base Thessaloniki - Volunteer',NULL,NULL,NULL,NULL,2,3,0,0,0,NULL),(14,'Base Samos - Volunteer',NULL,NULL,NULL,NULL,2,3,0,0,0,NULL),(15,'Coordinator',NULL,NULL,NULL,NULL,2,2,0,0,0,NULL),(16,'Volunteer',NULL,NULL,NULL,NULL,2,3,0,0,0,NULL),(17,'Base Athens - Coordinator',NULL,NULL,NULL,NULL,2,2,0,0,0,NULL),(18,'Base Athens - Volunteer',NULL,NULL,NULL,NULL,2,3,0,0,0,NULL),(19,'Base Athens - Volunteer (Warehouse)',NULL,NULL,NULL,NULL,2,2,0,0,0,NULL),(20,'Base Athens - Volunteer (Free Shop)',NULL,NULL,NULL,NULL,2,2,0,0,0,NULL),(21,'Base Athens - Label Creation',NULL,NULL,NULL,NULL,2,2,0,0,0,NULL),(99,'Boxtribute God',NULL,NULL,NULL,NULL,1,1,0,0,0,NULL),(100000000,'Base TestBase - Volunteer','2019-07-10 08:06:53',1,NULL,NULL,100000000,3,0,0,0,NULL),(100000001,'Base TestBase - Coordinator','2019-07-10 08:07:15',1,NULL,NULL,100000000,2,0,0,0,NULL),(100000002,'Head of Operations','2019-07-10 08:07:44',1,NULL,NULL,100000000,1,0,0,0,NULL),(100000003,'TestUserGroup_NoPermissions','2019-07-10 08:06:53',1,NULL,NULL,100000000,3,0,0,0,NULL),(100000196,'Base Lesvos - Label Creation','2023-02-09 14:54:50',1,NULL,NULL,1,3,0,0,0,NULL),(100000197,'Base Samos - Volunteer (Warehouse)','2023-02-09 14:55:28',1,NULL,NULL,2,3,0,0,0,NULL),(100000198,'Base Samos - Volunteer (Free Shop)','2023-02-09 14:55:28',1,NULL,NULL,2,3,0,0,0,NULL),(100000199,'Base Samos - Label Creation','2023-02-09 14:55:28',1,NULL,NULL,2,3,0,0,0,NULL),(100000200,'Base Thessaloniki - Volunteer (Warehouse)','2023-02-09 14:55:48',1,NULL,NULL,2,3,0,0,0,NULL),(100000201,'Base Thessaloniki - Volunteer (Free Shop)','2023-02-09 14:55:48',1,NULL,NULL,2,3,0,0,0,NULL),(100000202,'Base Thessaloniki - Label Creation','2023-02-09 14:55:48',1,NULL,NULL,2,3,0,0,0,NULL),(100000203,'Base TestBase - Volunteer (Warehouse)','2023-02-09 14:56:07',1,NULL,NULL,100000000,3,0,0,0,NULL),(100000204,'Base TestBase - Volunteer (Free Shop)','2023-02-09 14:56:07',1,NULL,NULL,100000000,3,0,0,0,NULL),(100000205,'Base TestBase - Label Creation','2023-02-09 14:56:07',1,NULL,NULL,100000000,3,0,0,0,NULL),(100000206,'Head of Operations','2023-02-09 14:56:25',1,NULL,NULL,100000001,1,0,0,0,NULL),(100000207,'Base DummyTestBaseWithBoxes - Coordinator','2023-02-09 14:56:25',1,NULL,NULL,100000001,2,0,0,0,NULL),(100000208,'Base DummyTestBaseWithBoxes - Volunteer','2023-02-09 14:56:25',1,NULL,NULL,100000001,3,0,0,0,NULL),(100000209,'Base DummyTestBaseWithBoxes - Volunteer (Warehouse)','2023-02-09 14:56:25',1,NULL,NULL,100000001,3,0,0,0,NULL),(100000210,'Base DummyTestBaseWithBoxes - Volunteer (Free Shop)','2023-02-09 14:56:25',1,NULL,NULL,100000001,3,0,0,0,NULL),(100000211,'Base DummyTestBaseWithBoxes - Label Creation','2023-02-09 14:56:25',1,NULL,NULL,100000001,3,0,0,0,NULL),(100004258,'Base Lesvos - External Free Shop Checkout','2024-09-13 00:45:02',NULL,NULL,NULL,1,3,0,0,0,NULL),(100004259,'Base Athens - External Free Shop Checkout','2024-09-13 00:45:23',NULL,NULL,NULL,2,3,0,0,0,NULL),(100004260,'Base Samos - External Free Shop Checkout','2024-09-13 00:45:43',NULL,NULL,NULL,2,3,0,0,0,NULL),(100004261,'Base Thessaloniki - External Free Shop Checkout','2024-09-13 00:46:04',NULL,NULL,NULL,2,3,0,0,0,NULL),(100004262,'Base TestBase - External Free Shop Checkout','2024-09-13 00:46:31',NULL,NULL,NULL,100000000,3,0,0,0,NULL),(100004263,'Base DummyTestBaseWithBoxes - External Free Shop Checkout','2024-09-13 00:46:59',NULL,NULL,NULL,100000001,3,0,0,0,NULL);
/*!40000 ALTER TABLE `cms_usergroups` ENABLE KEYS */;
UNLOCK TABLES;

--
-- Table structure for table `cms_usergroups_camps`
--

DROP TABLE IF EXISTS `cms_usergroups_camps`;
/*!40101 SET @saved_cs_client     = @@character_set_client */;
/*!40101 SET character_set_client = utf8 */;
CREATE TABLE `cms_usergroups_camps` (
  `camp_id` int unsigned NOT NULL,
  `cms_usergroups_id` int unsigned NOT NULL,
  UNIQUE KEY `usergroups_camps_unique` (`camp_id`,`cms_usergroups_id`),
  KEY `cms_usergroups_id` (`cms_usergroups_id`),
  KEY `camp_id` (`camp_id`),
  CONSTRAINT `cms_usergroups_camps_ibfk_1` FOREIGN KEY (`cms_usergroups_id`) REFERENCES `cms_usergroups` (`id`) ON DELETE CASCADE ON UPDATE CASCADE,
  CONSTRAINT `cms_usergroups_camps_ibfk_2` FOREIGN KEY (`camp_id`) REFERENCES `camps` (`id`) ON DELETE CASCADE ON UPDATE CASCADE
) ENGINE=InnoDB DEFAULT CHARSET=utf8 ROW_FORMAT=DYNAMIC;
/*!40101 SET character_set_client = @saved_cs_client */;

--
-- Dumping data for table `cms_usergroups_camps`
--

LOCK TABLES `cms_usergroups_camps` WRITE;
/*!40000 ALTER TABLE `cms_usergroups_camps` DISABLE KEYS */;
INSERT INTO `cms_usergroups_camps` VALUES (1,1),(1,2),(1,3),(1,4),(1,5),(1,6),(2,10),(3,10),(4,10),(2,11),(3,12),(2,13),(3,14),(2,15),(3,15),(2,16),(3,16),(4,17),(4,18),(4,19),(4,20),(4,21),(100000000,100000000),(100000000,100000001),(100000000,100000002),(100000000,100000003),(1,100000196),(3,100000197),(3,100000198),(3,100000199),(2,100000200),(2,100000201),(2,100000202),(100000000,100000203),(100000000,100000204),(100000000,100000205),(100000001,100000206),(100000001,100000207),(100000001,100000208),(100000001,100000209),(100000001,100000210),(100000001,100000211),(1,100004258),(4,100004259),(3,100004260),(2,100004261),(100000000,100004262),(100000001,100004263);
/*!40000 ALTER TABLE `cms_usergroups_camps` ENABLE KEYS */;
UNLOCK TABLES;

--
-- Table structure for table `cms_usergroups_functions`
--

DROP TABLE IF EXISTS `cms_usergroups_functions`;
/*!40101 SET @saved_cs_client     = @@character_set_client */;
/*!40101 SET character_set_client = utf8 */;
CREATE TABLE `cms_usergroups_functions` (
  `cms_functions_id` int unsigned NOT NULL,
  `cms_usergroups_id` int unsigned NOT NULL,
  UNIQUE KEY `usergroups_functions_unique` (`cms_functions_id`,`cms_usergroups_id`),
  KEY `cms_usergroups_id` (`cms_usergroups_id`),
  KEY `cms_functions_id` (`cms_functions_id`),
  CONSTRAINT `cms_usergroups_functions_ibfk_1` FOREIGN KEY (`cms_usergroups_id`) REFERENCES `cms_usergroups` (`id`) ON DELETE CASCADE ON UPDATE CASCADE,
  CONSTRAINT `cms_usergroups_functions_ibfk_2` FOREIGN KEY (`cms_functions_id`) REFERENCES `cms_functions` (`id`) ON DELETE CASCADE ON UPDATE CASCADE
) ENGINE=InnoDB DEFAULT CHARSET=utf8 ROW_FORMAT=DYNAMIC;
/*!40101 SET character_set_client = @saved_cs_client */;

--
-- Dumping data for table `cms_usergroups_functions`
--

LOCK TABLES `cms_usergroups_functions` WRITE;
/*!40000 ALTER TABLE `cms_usergroups_functions` DISABLE KEYS */;
INSERT INTO `cms_usergroups_functions` VALUES (43,1),(67,1),(87,1),(90,1),(92,1),(96,1),(102,1),(110,1),(111,1),(112,1),(115,1),(118,1),(123,1),(125,1),(130,1),(145,1),(146,1),(156,1),(158,1),(160,1),(162,1),(164,1),(165,1),(166,1),(167,1),(43,2),(67,2),(87,2),(90,2),(92,2),(96,2),(102,2),(110,2),(111,2),(112,2),(115,2),(118,2),(123,2),(125,2),(130,2),(145,2),(146,2),(158,2),(160,2),(162,2),(164,2),(165,2),(166,2),(167,2),(90,3),(110,3),(112,3),(123,3),(125,3),(160,3),(164,3),(166,3),(167,3),(87,4),(96,4),(102,4),(110,4),(118,4),(123,4),(125,4),(130,4),(158,4),(102,5),(118,5),(145,5),(146,5),(87,6),(90,6),(96,6),(102,6),(110,6),(112,6),(118,6),(123,6),(125,6),(130,6),(145,6),(146,6),(158,6),(160,6),(164,6),(166,6),(167,6),(43,10),(67,10),(87,10),(90,10),(92,10),(96,10),(102,10),(110,10),(111,10),(112,10),(115,10),(118,10),(123,10),(125,10),(130,10),(156,10),(158,10),(160,10),(162,10),(164,10),(165,10),(166,10),(167,10),(43,11),(67,11),(87,11),(90,11),(92,11),(96,11),(102,11),(110,11),(112,11),(115,11),(118,11),(123,11),(125,11),(158,11),(160,11),(162,11),(164,11),(166,11),(167,11),(43,12),(67,12),(87,12),(90,12),(92,12),(96,12),(102,12),(110,12),(111,12),(112,12),(115,12),(118,12),(123,12),(125,12),(130,12),(158,12),(160,12),(162,12),(164,12),(165,12),(166,12),(167,12),(87,13),(90,13),(96,13),(102,13),(110,13),(112,13),(118,13),(123,13),(125,13),(158,13),(160,13),(164,13),(166,13),(167,13),(87,14),(90,14),(96,14),(102,14),(110,14),(112,14),(118,14),(123,14),(125,14),(130,14),(158,14),(160,14),(43,15),(67,15),(87,15),(90,15),(92,15),(96,15),(102,15),(110,15),(111,15),(112,15),(115,15),(118,15),(130,15),(158,15),(160,15),(162,15),(164,15),(165,15),(166,15),(167,15),(87,16),(90,16),(96,16),(102,16),(110,16),(112,16),(118,16),(130,16),(158,16),(160,16),(164,16),(166,16),(167,16),(43,17),(67,17),(87,17),(90,17),(92,17),(96,17),(102,17),(110,17),(112,17),(115,17),(118,17),(123,17),(125,17),(158,17),(160,17),(162,17),(164,17),(165,17),(166,17),(167,17),(87,18),(90,18),(96,18),(102,18),(110,18),(112,18),(118,18),(123,18),(125,18),(158,18),(160,18),(164,18),(166,18),(167,18),(90,19),(110,19),(112,19),(123,19),(125,19),(160,19),(164,19),(166,19),(167,19),(87,20),(96,20),(102,20),(110,20),(118,20),(123,20),(125,20),(158,20),(112,21),(125,21),(87,100000000),(90,100000000),(96,100000000),(102,100000000),(110,100000000),(112,100000000),(118,100000000),(123,100000000),(125,100000000),(158,100000000),(160,100000000),(43,100000001),(67,100000001),(87,100000001),(90,100000001),(92,100000001),(96,100000001),(102,100000001),(110,100000001),(111,100000001),(112,100000001),(115,100000001),(118,100000001),(123,100000001),(125,100000001),(156,100000001),(158,100000001),(160,100000001),(162,100000001),(43,100000002),(67,100000002),(87,100000002),(90,100000002),(92,100000002),(96,100000002),(102,100000002),(110,100000002),(111,100000002),(112,100000002),(115,100000002),(118,100000002),(123,100000002),(125,100000002),(156,100000002),(158,100000002),(160,100000002),(162,100000002),(112,100000196),(125,100000196),(90,100000197),(110,100000197),(112,100000197),(123,100000197),(125,100000197),(160,100000197),(87,100000198),(96,100000198),(102,100000198),(110,100000198),(118,100000198),(123,100000198),(125,100000198),(158,100000198),(112,100000199),(125,100000199),(90,100000200),(110,100000200),(112,100000200),(123,100000200),(125,100000200),(160,100000200),(87,100000201),(96,100000201),(102,100000201),(110,100000201),(118,100000201),(123,100000201),(125,100000201),(158,100000201),(112,100000202),(125,100000202),(90,100000203),(110,100000203),(112,100000203),(123,100000203),(125,100000203),(160,100000203),(87,100000204),(96,100000204),(102,100000204),(110,100000204),(118,100000204),(123,100000204),(125,100000204),(158,100000204),(112,100000205),(125,100000205),(43,100000206),(67,100000206),(87,100000206),(90,100000206),(92,100000206),(96,100000206),(102,100000206),(110,100000206),(112,100000206),(115,100000206),(118,100000206),(123,100000206),(125,100000206),(158,100000206),(160,100000206),(162,100000206),(43,100000207),(67,100000207),(87,100000207),(90,100000207),(92,100000207),(96,100000207),(102,100000207),(110,100000207),(112,100000207),(115,100000207),(118,100000207),(123,100000207),(125,100000207),(158,100000207),(160,100000207),(162,100000207),(87,100000208),(90,100000208),(96,100000208),(102,100000208),(110,100000208),(112,100000208),(118,100000208),(123,100000208),(125,100000208),(158,100000208),(160,100000208),(90,100000209),(110,100000209),(112,100000209),(123,100000209),(125,100000209),(160,100000209),(87,100000210),(96,100000210),(102,100000210),(110,100000210),(118,100000210),(123,100000210),(125,100000210),(158,100000210),(112,100000211),(125,100000211),(87,100004258),(125,100004258),(87,100004259),(125,100004259),(87,100004260),(125,100004260),(87,100004261),(125,100004261),(87,100004262),(125,100004262),(87,100004263),(125,100004263);
/*!40000 ALTER TABLE `cms_usergroups_functions` ENABLE KEYS */;
UNLOCK TABLES;

--
-- Table structure for table `cms_usergroups_levels`
--

DROP TABLE IF EXISTS `cms_usergroups_levels`;
/*!40101 SET @saved_cs_client     = @@character_set_client */;
/*!40101 SET character_set_client = utf8 */;
CREATE TABLE `cms_usergroups_levels` (
  `id` int unsigned NOT NULL AUTO_INCREMENT,
  `level` int DEFAULT NULL,
  `label` varchar(255) NOT NULL,
  `shortlabel` varchar(20) DEFAULT NULL,
  PRIMARY KEY (`id`)
) ENGINE=InnoDB AUTO_INCREMENT=4 DEFAULT CHARSET=utf8 ROW_FORMAT=DYNAMIC;
/*!40101 SET character_set_client = @saved_cs_client */;

--
-- Dumping data for table `cms_usergroups_levels`
--

LOCK TABLES `cms_usergroups_levels` WRITE;
/*!40000 ALTER TABLE `cms_usergroups_levels` DISABLE KEYS */;
INSERT INTO `cms_usergroups_levels` VALUES (1,100,'Admin user - in charge of an organisation','Admin'),(2,10,'Coordinator - in charge of a base','Coordinator'),(3,5,'User - regular volunteer/employee','User');
/*!40000 ALTER TABLE `cms_usergroups_levels` ENABLE KEYS */;
UNLOCK TABLES;

--
-- Table structure for table `cms_usergroups_roles`
--

DROP TABLE IF EXISTS `cms_usergroups_roles`;
/*!40101 SET @saved_cs_client     = @@character_set_client */;
/*!40101 SET character_set_client = utf8 */;
CREATE TABLE `cms_usergroups_roles` (
  `cms_usergroups_id` int unsigned NOT NULL,
  `auth0_role_id` varchar(255) NOT NULL,
  `auth0_role_name` varchar(255) NOT NULL,
  UNIQUE KEY `cms_usergroups_id_2` (`cms_usergroups_id`,`auth0_role_id`),
  KEY `cms_usergroups_id` (`cms_usergroups_id`),
  CONSTRAINT `cms_usergroups_roles_ibfk_1` FOREIGN KEY (`cms_usergroups_id`) REFERENCES `cms_usergroups` (`id`) ON DELETE CASCADE ON UPDATE CASCADE
) ENGINE=InnoDB DEFAULT CHARSET=utf8;
/*!40101 SET character_set_client = @saved_cs_client */;

--
-- Dumping data for table `cms_usergroups_roles`
--

LOCK TABLES `cms_usergroups_roles` WRITE;
/*!40000 ALTER TABLE `cms_usergroups_roles` DISABLE KEYS */;
INSERT INTO `cms_usergroups_roles` VALUES (1,'rol_tP8t9gMxhO1Odtdw','administrator'),(2,'rol_ikoAfB3X8XsYE53Q','base_1_coordinator'),(3,'rol_6UTsIPfIXEKc1Crb','base_1_warehouse_volunteer'),(4,'rol_dsLXI5Y57Pn12sZK','base_1_free_shop_volunteer'),(5,'rol_KTuNwBRta6rPxuMG','base_1_library_volunteer'),(6,'rol_6UTsIPfIXEKc1Crb','base_1_warehouse_volunteer'),(6,'rol_dsLXI5Y57Pn12sZK','base_1_free_shop_volunteer'),(10,'rol_tP8t9gMxhO1Odtdw','administrator'),(11,'rol_Os7B4cF6iYL4uP21','base_2_coordinator'),(12,'rol_mp6kerNE9m3Y3Vv9','base_3_coordinator'),(13,'rol_eP67iKpEytUwVHe1','base_2_warehouse_volunteer'),(13,'rol_saz3LuVVzQW4pqDN','base_2_free_shop_volunteer'),(14,'rol_cxbdyyvarrBKQ5YY','base_3_free_shop_volunteer'),(14,'rol_GdH9cMxlemLAqa9q','base_3_warehouse_volunteer'),(15,'rol_mp6kerNE9m3Y3Vv9','base_3_coordinator'),(15,'rol_Os7B4cF6iYL4uP21','base_2_coordinator'),(16,'rol_cxbdyyvarrBKQ5YY','base_3_free_shop_volunteer'),(16,'rol_eP67iKpEytUwVHe1','base_2_warehouse_volunteer'),(16,'rol_GdH9cMxlemLAqa9q','base_3_warehouse_volunteer'),(16,'rol_saz3LuVVzQW4pqDN','base_2_free_shop_volunteer'),(17,'rol_3P3f4fcQScpVdoJV','base_4_coordinator'),(18,'rol_w72KK37egDY1uUNT','base_4_warehouse_volunteer'),(18,'rol_XTIQFQ3b26s3DjZV','base_4_free_shop_volunteer'),(19,'rol_w72KK37egDY1uUNT','base_4_warehouse_volunteer'),(20,'rol_XTIQFQ3b26s3DjZV','base_4_free_shop_volunteer'),(21,'rol_AHcJDFIYs00BHWEc','base_4_label_creation'),(99,'rol_3QTWeGl0OS53bjsE','boxtribute_god'),(100000000,'rol_fhYTMz4oiXK9ki2N','base_100000000_free_shop_volunteer'),(100000000,'rol_yQmOjE9C3KzvBABo','base_100000000_warehouse_volunteer'),(100000001,'rol_sutkrMkV7cyeOyOa','base_100000000_coordinator'),(100000002,'rol_tP8t9gMxhO1Odtdw','administrator'),(100000196,'rol_dHNaTI3f4asED721','base_1_label_creation'),(100000197,'rol_GdH9cMxlemLAqa9q','base_3_warehouse_volunteer'),(100000198,'rol_cxbdyyvarrBKQ5YY','base_3_free_shop_volunteer'),(100000199,'rol_Gr4AyKgB3HgkfWvV','base_3_label_creation'),(100000200,'rol_eP67iKpEytUwVHe1','base_2_warehouse_volunteer'),(100000201,'rol_saz3LuVVzQW4pqDN','base_2_free_shop_volunteer'),(100000202,'rol_0yLzH9v6gvBdT5uD','base_2_label_creation'),(100000203,'rol_yQmOjE9C3KzvBABo','base_100000000_warehouse_volunteer'),(100000204,'rol_fhYTMz4oiXK9ki2N','base_100000000_free_shop_volunteer'),(100000205,'rol_sa3ecDrvvbSS2L6s','base_100000000_label_creation'),(100000206,'rol_tP8t9gMxhO1Odtdw','administrator'),(100000207,'rol_frAcTDH8CeCb7P0I','base_100000001_coordinator'),(100000208,'rol_4bw3b4Y0BJLnXh2x','base_100000001_warehouse_volunteer'),(100000208,'rol_FQpwSEpzBol859GG','base_100000001_free_shop_volunteer'),(100000209,'rol_4bw3b4Y0BJLnXh2x','base_100000001_warehouse_volunteer'),(100000210,'rol_FQpwSEpzBol859GG','base_100000001_free_shop_volunteer'),(100000211,'rol_YRUA56fYsnv3FocH','base_100000001_label_creation'),(100004258,'rol_I22RHLj4kd11YHlW','base_1_external_free_shop_checkout'),(100004259,'rol_sQZBQHBCPnOrT45i','base_4_external_free_shop_checkout'),(100004260,'rol_kO9tO1Ohh32xj1lI','base_3_external_free_shop_checkout'),(100004261,'rol_DIdLw2yaUFw31j8n','base_2_external_free_shop_checkout'),(100004262,'rol_RGzSiCSwYXE5vi3s','base_100000000_external_free_shop_checkout'),(100004263,'rol_yWWIUeoxGS2SsmAy','base_100000001_external_free_shop_checkout');
/*!40000 ALTER TABLE `cms_usergroups_roles` ENABLE KEYS */;
UNLOCK TABLES;

--
-- Table structure for table `cms_users`
--

DROP TABLE IF EXISTS `cms_users`;
/*!40101 SET @saved_cs_client     = @@character_set_client */;
/*!40101 SET character_set_client = utf8 */;
CREATE TABLE `cms_users` (
  `id` int unsigned NOT NULL AUTO_INCREMENT,
  `pass` varchar(40) CHARACTER SET utf8 COLLATE utf8_general_ci NOT NULL DEFAULT '',
  `naam` varchar(100) CHARACTER SET utf8 COLLATE utf8_general_ci NOT NULL DEFAULT '',
  `email` varchar(255) CHARACTER SET utf8 COLLATE utf8_general_ci DEFAULT NULL,
  `is_admin` tinyint NOT NULL DEFAULT '0',
  `lastlogin` datetime NOT NULL,
  `lastaction` datetime NOT NULL,
  `created` datetime DEFAULT NULL,
  `created_by` int unsigned DEFAULT NULL,
  `modified` datetime DEFAULT NULL,
  `modified_by` int unsigned DEFAULT NULL,
  `resetpassword` varchar(255) CHARACTER SET utf8 COLLATE utf8_bin DEFAULT NULL,
  `language` int unsigned DEFAULT NULL,
  `deleted` datetime NOT NULL,
  `cms_usergroups_id` int unsigned DEFAULT NULL,
  `valid_firstday` date DEFAULT NULL,
  `valid_lastday` date DEFAULT NULL,
  PRIMARY KEY (`id`),
  UNIQUE KEY `email` (`email`),
  KEY `cms_usergroups_id` (`cms_usergroups_id`),
  KEY `language` (`language`),
  KEY `created_by` (`created_by`),
  KEY `modified_by` (`modified_by`),
  CONSTRAINT `cms_users_ibfk_2` FOREIGN KEY (`cms_usergroups_id`) REFERENCES `cms_usergroups` (`id`) ON UPDATE CASCADE,
  CONSTRAINT `cms_users_ibfk_3` FOREIGN KEY (`language`) REFERENCES `languages` (`id`) ON UPDATE CASCADE,
  CONSTRAINT `cms_users_ibfk_4` FOREIGN KEY (`created_by`) REFERENCES `cms_users` (`id`) ON DELETE SET NULL ON UPDATE CASCADE,
  CONSTRAINT `cms_users_ibfk_5` FOREIGN KEY (`modified_by`) REFERENCES `cms_users` (`id`) ON DELETE SET NULL ON UPDATE CASCADE
) ENGINE=InnoDB AUTO_INCREMENT=100000364 DEFAULT CHARSET=utf8 COLLATE=utf8_bin ROW_FORMAT=DYNAMIC;
/*!40101 SET character_set_client = @saved_cs_client */;

--
-- Dumping data for table `cms_users`
--

LOCK TABLES `cms_users` WRITE;
/*!40000 ALTER TABLE `cms_users` DISABLE KEYS */;
INSERT INTO `cms_users` VALUES (1,'bf13b44feae208fc808b1d6b2266edb7','some admin','some.admin@boxtribute.org',1,'0000-00-00 00:00:00','0000-00-00 00:00:00',NULL,NULL,NULL,NULL,'',2,'0000-00-00 00:00:00',99,NULL,NULL),(2,'bf13b44feae208fc808b1d6b2266edb7','Jane Doe','jane.doe@boxaid.co',0,'0000-00-00 00:00:00','0000-00-00 00:00:00',NULL,NULL,NULL,NULL,NULL,2,'0000-00-00 00:00:00',1,'0000-00-00','0000-00-00'),(3,'bf13b44feae208fc808b1d6b2266edb7','Joe Doe','joe.doe@boxaid.co',0,'0000-00-00 00:00:00','0000-00-00 00:00:00',NULL,NULL,NULL,NULL,NULL,2,'0000-00-00 00:00:00',2,'0000-00-00','0000-00-00'),(4,'bf13b44feae208fc808b1d6b2266edb7','Volunteer','stagingenv_volunteer@boxtribute.org',0,'0000-00-00 00:00:00','0000-00-00 00:00:00',NULL,NULL,NULL,NULL,NULL,2,'0000-00-00 00:00:00',3,'0000-00-00','0000-00-00'),(5,'bf13b44feae208fc808b1d6b2266edb7','Coordinator','stagingenv_coordinator@boxtribute.org',0,'0000-00-00 00:00:00','0000-00-00 00:00:00',NULL,NULL,NULL,NULL,NULL,2,'0000-00-00 00:00:00',2,'0000-00-00','0000-00-00'),(6,'bf13b44feae208fc808b1d6b2266edb7','Head of Operations','stagingenv_headofops@boxtribute.org',0,'0000-00-00 00:00:00','0000-00-00 00:00:00',NULL,NULL,NULL,NULL,NULL,2,'0000-00-00 00:00:00',1,'0000-00-00','0000-00-00'),(7,'bf13b44feae208fc808b1d6b2266edb7','Dev Volunteer','dev_volunteer@boxaid.org',0,'0000-00-00 00:00:00','0000-00-00 00:00:00',NULL,NULL,NULL,NULL,NULL,2,'0000-00-00 00:00:00',3,'0000-00-00','0000-00-00'),(8,'bf13b44feae208fc808b1d6b2266edb7','Dev Coordinator','dev_coordinator@boxaid.org',0,'0000-00-00 00:00:00','0000-00-00 00:00:00',NULL,NULL,NULL,NULL,NULL,2,'0000-00-00 00:00:00',2,'0000-00-00','0000-00-00'),(9,'bf13b44feae208fc808b1d6b2266edb7','Dev Head of Operations','dev_headofops@boxaid.org',0,'0000-00-00 00:00:00','0000-00-00 00:00:00',NULL,NULL,NULL,NULL,NULL,2,'0000-00-00 00:00:00',1,'0000-00-00','0000-00-00'),(10,'bf13b44feae208fc808b1d6b2266edb7','Jane Doe','jane.doe@boxcare.co',0,'0000-00-00 00:00:00','0000-00-00 00:00:00',NULL,NULL,NULL,NULL,NULL,2,'0000-00-00 00:00:00',10,'0000-00-00','0000-00-00'),(11,'bf13b44feae208fc808b1d6b2266edb7','Joe Doe','joe.doe@boxcare.co',0,'0000-00-00 00:00:00','0000-00-00 00:00:00',NULL,NULL,NULL,NULL,NULL,2,'0000-00-00 00:00:00',11,'0000-00-00','0000-00-00'),(12,'bf13b44feae208fc808b1d6b2266edb7','Sam Sample','sam.sample@boxcare.co',0,'0000-00-00 00:00:00','0000-00-00 00:00:00',NULL,NULL,NULL,NULL,NULL,2,'0000-00-00 00:00:00',12,'0000-00-00','0000-00-00'),(15,'bf13b44feae208fc808b1d6b2266edb7','Joe Bloggs','joe.bloggs@boxcare.co',0,'0000-00-00 00:00:00','0000-00-00 00:00:00',NULL,NULL,NULL,NULL,NULL,2,'0000-00-00 00:00:00',15,'0000-00-00','0000-00-00'),(16,'bf13b44feae208fc808b1d6b2266edb7','Dev Volunteer','dev_volunteer@boxcare.org',0,'0000-00-00 00:00:00','0000-00-00 00:00:00',NULL,NULL,NULL,NULL,NULL,2,'0000-00-00 00:00:00',16,'0000-00-00','0000-00-00'),(17,'bf13b44feae208fc808b1d6b2266edb7','Dev Coordinator','dev_coordinator@boxcare.org',0,'0000-00-00 00:00:00','0000-00-00 00:00:00',NULL,NULL,NULL,NULL,NULL,2,'0000-00-00 00:00:00',15,'0000-00-00','0000-00-00'),(18,'bf13b44feae208fc808b1d6b2266edb7','Dev Head of Operations','dev_headofops@boxcare.org',0,'0000-00-00 00:00:00','0000-00-00 00:00:00',NULL,NULL,NULL,NULL,NULL,2,'0000-00-00 00:00:00',10,'0000-00-00','0000-00-00'),(19,'bf13b44feae208fc808b1d6b2266edb7','Another Dev Volunteer','another_dev_volunteer@boxcare.org',0,'0000-00-00 00:00:00','0000-00-00 00:00:00',NULL,NULL,NULL,NULL,NULL,2,'0000-00-00 00:00:00',18,'0000-00-00','0000-00-00'),(20,'bf13b44feae208fc808b1d6b2266edb7','Another Dev Coordinator','another_dev_coordinatorr@boxcare.org',0,'0000-00-00 00:00:00','0000-00-00 00:00:00',NULL,NULL,NULL,NULL,NULL,2,'0000-00-00 00:00:00',17,'0000-00-00','0000-00-00'),(23,'bf13b44feae208fc808b1d6b2266edb7','Lesvos Warehouse Volunteer','warehouse.volunteer@lesvos.org',0,'0000-00-00 00:00:00','0000-00-00 00:00:00',NULL,NULL,NULL,NULL,NULL,2,'0000-00-00 00:00:00',3,'0000-00-00','0000-00-00'),(24,'bf13b44feae208fc808b1d6b2266edb7','Lesvos Free Shop Volunteer','freeshop.volunteer@lesvos.org',0,'0000-00-00 00:00:00','0000-00-00 00:00:00',NULL,NULL,NULL,NULL,NULL,2,'0000-00-00 00:00:00',4,'0000-00-00','0000-00-00'),(25,'bf13b44feae208fc808b1d6b2266edb7','Lesvos Library Volunteer','library.volunteer@lesvos.org',0,'0000-00-00 00:00:00','0000-00-00 00:00:00',NULL,NULL,NULL,NULL,NULL,2,'0000-00-00 00:00:00',5,'0000-00-00','0000-00-00'),(31,'bf13b44feae208fc808b1d6b2266edb7','Thessaloniki Coordinator','coordinator@thessaloniki.org',0,'0000-00-00 00:00:00','0000-00-00 00:00:00',NULL,NULL,NULL,NULL,NULL,2,'0000-00-00 00:00:00',11,'0000-00-00','0000-00-00'),(32,'bf13b44feae208fc808b1d6b2266edb7','Samos Coordinator','coordinator@samos.org',0,'0000-00-00 00:00:00','0000-00-00 00:00:00',NULL,NULL,NULL,NULL,NULL,2,'0000-00-00 00:00:00',12,'0000-00-00','0000-00-00'),(33,'bf13b44feae208fc808b1d6b2266edb7','Thessaloniki Volunteer','volunteer@thessaloniki.org',0,'0000-00-00 00:00:00','0000-00-00 00:00:00',NULL,NULL,NULL,NULL,NULL,2,'0000-00-00 00:00:00',13,'0000-00-00','0000-00-00'),(34,'bf13b44feae208fc808b1d6b2266edb7','Samos Volunteer','volunteer@samos.org',0,'0000-00-00 00:00:00','0000-00-00 00:00:00',NULL,NULL,NULL,NULL,NULL,2,'0000-00-00 00:00:00',14,'0000-00-00','0000-00-00'),(37,'bf13b44feae208fc808b1d6b2266edb7','Athens Coordinator','coordinator@athens.org',0,'0000-00-00 00:00:00','0000-00-00 00:00:00',NULL,NULL,NULL,NULL,NULL,2,'0000-00-00 00:00:00',17,'0000-00-00','0000-00-00'),(38,'bf13b44feae208fc808b1d6b2266edb7','Athens Volunteer','volunteer@athens.org',0,'0000-00-00 00:00:00','0000-00-00 00:00:00',NULL,NULL,NULL,NULL,NULL,2,'0000-00-00 00:00:00',18,'0000-00-00','0000-00-00'),(39,'bf13b44feae208fc808b1d6b2266edb7','Athens Warehouse Volunteer','warehouse.volunteer@athens.org',0,'0000-00-00 00:00:00','0000-00-00 00:00:00',NULL,NULL,NULL,NULL,NULL,2,'0000-00-00 00:00:00',19,'0000-00-00','0000-00-00'),(40,'bf13b44feae208fc808b1d6b2266edb7','Athens Free Shop Volunteer','freeshop.volunteer@athens.org',0,'0000-00-00 00:00:00','0000-00-00 00:00:00',NULL,NULL,NULL,NULL,NULL,2,'0000-00-00 00:00:00',20,'0000-00-00','0000-00-00'),(41,'bf13b44feae208fc808b1d6b2266edb7','Athens Label','label@athens.org',0,'0000-00-00 00:00:00','0000-00-00 00:00:00',NULL,NULL,NULL,NULL,NULL,2,'0000-00-00 00:00:00',21,'0000-00-00','0000-00-00'),(100000000,'bf13b44feae208fc808b1d6b2266edb7','BrowserTestUser_Admin','admin@admin.co',0,'0000-00-00 00:00:00','0000-00-00 00:00:00','2019-07-10 08:10:40',1,NULL,NULL,NULL,2,'0000-00-00 00:00:00',100000002,'0000-00-00','0000-00-00'),(100000001,'bf13b44feae208fc808b1d6b2266edb7','BrowserTestUser_Coordinator','coordinator@coordinator.co',0,'0000-00-00 00:00:00','0000-00-00 00:00:00','2019-07-10 08:11:08',1,NULL,NULL,NULL,2,'0000-00-00 00:00:00',100000001,'0000-00-00','0000-00-00'),(100000002,'bf13b44feae208fc808b1d6b2266edb7','BrowserTestUser_User','user@user.co',0,'0000-00-00 00:00:00','0000-00-00 00:00:00','2019-07-10 08:11:31',1,NULL,NULL,NULL,2,'0000-00-00 00:00:00',100000000,'0000-00-00','0000-00-00'),(100000003,'bf13b44feae208fc808b1d6b2266edb7','NotActived','notactivated@notactivated.com',0,'0000-00-00 00:00:00','0000-00-00 00:00:00','2019-07-10 08:14:35',1,NULL,NULL,NULL,2,'0000-00-00 00:00:00',100000000,'2119-07-20','2119-07-31'),(100000004,'bf13b44feae208fc808b1d6b2266edb7','Expired User','expired@expired.co',0,'0000-00-00 00:00:00','0000-00-00 00:00:00','2019-07-10 08:14:58',1,NULL,NULL,NULL,2,'0000-00-00 00:00:00',100000000,'2019-07-01','2019-07-09'),(100000005,'bf13b44feae208fc808b1d6b2266edb7','Deleted User','deleted@deleted.co.deleted.100000005',0,'0000-00-00 00:00:00','0000-00-00 00:00:00','2019-07-10 08:15:42',1,'2019-07-10 08:15:50',1,NULL,2,'2019-07-10 08:15:50',100000000,'0000-00-00','0000-00-00'),(100000006,'bf13b44feae208fc808b1d6b2266edb7','BrowserTestUser_NoPermissions','nopermissions@nopermissions.co',0,'0000-00-00 00:00:00','0000-00-00 00:00:00','2019-07-10 08:11:31',1,NULL,NULL,NULL,2,'0000-00-00 00:00:00',100000003,'0000-00-00','0000-00-00'),(100000007,'bf13b44feae208fc808b1d6b2266edb7','BrowserTestUser_DeactivateTest','deactivatetest@deactivatetest.co',0,'0000-00-00 00:00:00','0000-00-00 00:00:00','2019-07-10 08:11:31',1,NULL,NULL,NULL,2,'0000-00-00 00:00:00',100000000,'0000-00-00','0000-00-00'),(100000008,'bf13b44feae208fc808b1d6b2266edb7','BrowserTestUser_Pending','pending@pending.co',0,'0000-00-00 00:00:00','0000-00-00 00:00:00','2019-07-10 08:11:31',1,NULL,NULL,NULL,2,'0000-00-00 00:00:00',100000000,'2026-12-20','2027-12-20'),(100000009,'bf13b44feae208fc808b1d6b2266edb7','Deleted Coordinator','deleted_coordinator@deleted.co.deleted.100000009',0,'0000-00-00 00:00:00','0000-00-00 00:00:00','2019-07-10 08:15:42',1,'2019-07-10 08:15:50',1,NULL,2,'2019-07-10 08:15:50',100000001,'2018-05-26','2019-05-26'),(100000010,'bf13b44feae208fc808b1d6b2266edb7','Deleted Admin','deleted_admin@deleted.co.deleted.100000010',0,'0000-00-00 00:00:00','0000-00-00 00:00:00','2019-07-10 08:15:42',1,'2019-07-10 08:15:50',1,NULL,2,'2019-07-10 08:15:50',100000002,'0000-00-00','0000-00-00'),(100000011,'bf13b44feae208fc808b1d6b2266edb7','Expired Coordinator','expired_coordinator@expired.co',0,'0000-00-00 00:00:00','0000-00-00 00:00:00','2019-07-10 08:14:58',1,NULL,NULL,NULL,2,'0000-00-00 00:00:00',100000001,'2017-04-11','2017-05-28'),(100000012,'bf13b44feae208fc808b1d6b2266edb7','Expired Admin','expired_admin@expired.co',0,'0000-00-00 00:00:00','0000-00-00 00:00:00','2019-07-10 08:14:58',1,NULL,NULL,NULL,2,'0000-00-00 00:00:00',100000002,'2017-04-11','2017-05-28');
/*!40000 ALTER TABLE `cms_users` ENABLE KEYS */;
UNLOCK TABLES;

--
-- Table structure for table `distro_events`
--

DROP TABLE IF EXISTS `distro_events`;
/*!40101 SET @saved_cs_client     = @@character_set_client */;
/*!40101 SET character_set_client = utf8 */;
CREATE TABLE `distro_events` (
  `id` int unsigned NOT NULL AUTO_INCREMENT,
  `name` varchar(255) DEFAULT NULL,
  `planned_start_date_time` datetime NOT NULL,
  `planned_end_date_time` datetime NOT NULL,
  `location_id` int unsigned NOT NULL,
  `distro_event_tracking_group_id` int unsigned DEFAULT NULL,
  `state` varchar(255) NOT NULL DEFAULT 'Planning',
  `created_on` datetime NOT NULL,
  `created_by` int unsigned DEFAULT NULL,
  `deleted_on` datetime DEFAULT NULL,
  `modified_on` datetime DEFAULT NULL,
  `modified_by` int unsigned DEFAULT NULL,
  PRIMARY KEY (`id`),
  KEY `distro_events_planned_start_date_time` (`planned_start_date_time`),
  KEY `distro_events_planned_end_date_time` (`planned_end_date_time`),
  KEY `distro_events_state` (`state`),
  KEY `distro_events_modified_on` (`modified_on`),
  KEY `distro_events_created_on` (`created_on`),
  KEY `distro_events_deleted_on` (`deleted_on`),
  KEY `location_id` (`location_id`),
  KEY `created_by` (`created_by`),
  KEY `modified_by` (`modified_by`),
  KEY `distro_event_tracking_group_id` (`distro_event_tracking_group_id`),
  CONSTRAINT `distro_events_ibfk_1` FOREIGN KEY (`location_id`) REFERENCES `locations` (`id`) ON DELETE RESTRICT ON UPDATE CASCADE,
  CONSTRAINT `distro_events_ibfk_2` FOREIGN KEY (`created_by`) REFERENCES `cms_users` (`id`) ON DELETE SET NULL ON UPDATE CASCADE,
  CONSTRAINT `distro_events_ibfk_3` FOREIGN KEY (`modified_by`) REFERENCES `cms_users` (`id`) ON DELETE SET NULL ON UPDATE CASCADE,
  CONSTRAINT `distro_events_ibfk_4` FOREIGN KEY (`distro_event_tracking_group_id`) REFERENCES `distro_events_tracking_groups` (`id`) ON DELETE RESTRICT ON UPDATE CASCADE
) ENGINE=InnoDB DEFAULT CHARSET=utf8 ROW_FORMAT=DYNAMIC;
/*!40101 SET character_set_client = @saved_cs_client */;

--
-- Dumping data for table `distro_events`
--

LOCK TABLES `distro_events` WRITE;
/*!40000 ALTER TABLE `distro_events` DISABLE KEYS */;
/*!40000 ALTER TABLE `distro_events` ENABLE KEYS */;
UNLOCK TABLES;

--
-- Table structure for table `distro_events_packing_list_entries`
--

DROP TABLE IF EXISTS `distro_events_packing_list_entries`;
/*!40101 SET @saved_cs_client     = @@character_set_client */;
/*!40101 SET character_set_client = utf8 */;
CREATE TABLE `distro_events_packing_list_entries` (
  `id` int unsigned NOT NULL AUTO_INCREMENT,
  `product_id` int unsigned NOT NULL,
  `number_of_items` int NOT NULL,
  `size_id` int unsigned NOT NULL,
  `distro_event_id` int unsigned NOT NULL,
  `state` varchar(255) NOT NULL,
  `created_on` datetime NOT NULL,
  `created_by` int unsigned DEFAULT NULL,
  `modified_on` datetime DEFAULT NULL,
  `modified_by` int unsigned DEFAULT NULL,
  PRIMARY KEY (`id`),
  KEY `distro_events_packing_list_entries_state` (`state`),
  KEY `distro_events_packing_list_entries_created_on` (`created_on`),
  KEY `distro_events_packing_list_entries_modified_on` (`modified_on`),
  KEY `distro_event_id` (`distro_event_id`),
  KEY `product_id` (`product_id`),
  KEY `size_id` (`size_id`),
  KEY `created_by` (`created_by`),
  KEY `modified_by` (`modified_by`),
  CONSTRAINT `distro_events_packing_list_entries_ibfk_1` FOREIGN KEY (`distro_event_id`) REFERENCES `distro_events` (`id`) ON DELETE RESTRICT ON UPDATE CASCADE,
  CONSTRAINT `distro_events_packing_list_entries_ibfk_2` FOREIGN KEY (`product_id`) REFERENCES `products` (`id`) ON DELETE RESTRICT ON UPDATE CASCADE,
  CONSTRAINT `distro_events_packing_list_entries_ibfk_3` FOREIGN KEY (`size_id`) REFERENCES `sizes` (`id`) ON DELETE RESTRICT ON UPDATE CASCADE,
  CONSTRAINT `distro_events_packing_list_entries_ibfk_4` FOREIGN KEY (`created_by`) REFERENCES `cms_users` (`id`) ON DELETE SET NULL ON UPDATE CASCADE,
  CONSTRAINT `distro_events_packing_list_entries_ibfk_5` FOREIGN KEY (`modified_by`) REFERENCES `cms_users` (`id`) ON DELETE SET NULL ON UPDATE CASCADE
) ENGINE=InnoDB DEFAULT CHARSET=utf8 ROW_FORMAT=DYNAMIC;
/*!40101 SET character_set_client = @saved_cs_client */;

--
-- Dumping data for table `distro_events_packing_list_entries`
--

LOCK TABLES `distro_events_packing_list_entries` WRITE;
/*!40000 ALTER TABLE `distro_events_packing_list_entries` DISABLE KEYS */;
/*!40000 ALTER TABLE `distro_events_packing_list_entries` ENABLE KEYS */;
UNLOCK TABLES;

--
-- Table structure for table `distro_events_tracking_groups`
--

DROP TABLE IF EXISTS `distro_events_tracking_groups`;
/*!40101 SET @saved_cs_client     = @@character_set_client */;
/*!40101 SET character_set_client = utf8 */;
CREATE TABLE `distro_events_tracking_groups` (
  `id` int unsigned NOT NULL AUTO_INCREMENT,
  `group_name` varchar(255) DEFAULT NULL,
  `base_id` int unsigned NOT NULL,
  `state` varchar(255) NOT NULL DEFAULT 'In Progress',
  `created_on` datetime NOT NULL,
  `created_by` int unsigned DEFAULT NULL,
  `modified_on` datetime DEFAULT NULL,
  `modified_by` int unsigned DEFAULT NULL,
  PRIMARY KEY (`id`),
  KEY `distro_events_tracking_groups_state` (`state`),
  KEY `distro_events_tracking_groups_created_on` (`created_on`),
  KEY `distro_events_tracking_groups_modified_on` (`modified_on`),
  KEY `base_id` (`base_id`),
  KEY `created_by` (`created_by`),
  KEY `modified_by` (`modified_by`),
  CONSTRAINT `distro_events_tracking_groups_ibfk_1` FOREIGN KEY (`base_id`) REFERENCES `camps` (`id`) ON DELETE RESTRICT ON UPDATE CASCADE,
  CONSTRAINT `distro_events_tracking_groups_ibfk_2` FOREIGN KEY (`created_by`) REFERENCES `cms_users` (`id`) ON DELETE SET NULL ON UPDATE CASCADE,
  CONSTRAINT `distro_events_tracking_groups_ibfk_3` FOREIGN KEY (`modified_by`) REFERENCES `cms_users` (`id`) ON DELETE SET NULL ON UPDATE CASCADE
) ENGINE=InnoDB DEFAULT CHARSET=utf8 ROW_FORMAT=DYNAMIC;
/*!40101 SET character_set_client = @saved_cs_client */;

--
-- Dumping data for table `distro_events_tracking_groups`
--

LOCK TABLES `distro_events_tracking_groups` WRITE;
/*!40000 ALTER TABLE `distro_events_tracking_groups` DISABLE KEYS */;
/*!40000 ALTER TABLE `distro_events_tracking_groups` ENABLE KEYS */;
UNLOCK TABLES;

--
-- Table structure for table `distro_events_tracking_logs`
--

DROP TABLE IF EXISTS `distro_events_tracking_logs`;
/*!40101 SET @saved_cs_client     = @@character_set_client */;
/*!40101 SET character_set_client = utf8 */;
CREATE TABLE `distro_events_tracking_logs` (
  `id` int unsigned NOT NULL AUTO_INCREMENT,
  `product_id` int unsigned NOT NULL,
  `number_of_items` int NOT NULL,
  `size_id` int unsigned NOT NULL,
  `location_id` int unsigned DEFAULT NULL,
  `flow_direction` varchar(255) DEFAULT NULL,
  `distro_event_tracking_group_id` int unsigned DEFAULT NULL,
  `date` datetime NOT NULL,
  `details` text,
  PRIMARY KEY (`id`),
  KEY `distro_events_tracking_logs_date` (`date`),
  KEY `product_id` (`product_id`),
  KEY `size_id` (`size_id`),
  KEY `distro_events_tracking_logs_flow_direction` (`flow_direction`),
  KEY `location_id` (`location_id`),
  KEY `distro_event_tracking_group_id` (`distro_event_tracking_group_id`),
  CONSTRAINT `distro_events_tracking_logs_ibfk_2` FOREIGN KEY (`product_id`) REFERENCES `products` (`id`) ON DELETE RESTRICT ON UPDATE CASCADE,
  CONSTRAINT `distro_events_tracking_logs_ibfk_3` FOREIGN KEY (`size_id`) REFERENCES `sizes` (`id`) ON DELETE RESTRICT ON UPDATE CASCADE,
  CONSTRAINT `distro_events_tracking_logs_ibfk_4` FOREIGN KEY (`location_id`) REFERENCES `locations` (`id`) ON DELETE RESTRICT ON UPDATE CASCADE,
  CONSTRAINT `distro_events_tracking_logs_ibfk_5` FOREIGN KEY (`distro_event_tracking_group_id`) REFERENCES `distro_events_tracking_groups` (`id`) ON DELETE RESTRICT ON UPDATE CASCADE
) ENGINE=InnoDB DEFAULT CHARSET=utf8 ROW_FORMAT=DYNAMIC;
/*!40101 SET character_set_client = @saved_cs_client */;

--
-- Dumping data for table `distro_events_tracking_logs`
--

LOCK TABLES `distro_events_tracking_logs` WRITE;
/*!40000 ALTER TABLE `distro_events_tracking_logs` DISABLE KEYS */;
/*!40000 ALTER TABLE `distro_events_tracking_logs` ENABLE KEYS */;
UNLOCK TABLES;

--
-- Table structure for table `distro_events_unboxed_item_collections`
--

DROP TABLE IF EXISTS `distro_events_unboxed_item_collections`;
/*!40101 SET @saved_cs_client     = @@character_set_client */;
/*!40101 SET character_set_client = utf8 */;
CREATE TABLE `distro_events_unboxed_item_collections` (
  `id` int unsigned NOT NULL AUTO_INCREMENT,
  `product_id` int unsigned NOT NULL,
  `number_of_items` int NOT NULL,
  `size_id` int unsigned NOT NULL,
  `distro_event_id` int unsigned NOT NULL,
  `location_id` int unsigned NOT NULL,
  `box_state_id` int unsigned NOT NULL DEFAULT '1',
  `comments` varchar(255) DEFAULT NULL,
  `created_on` datetime NOT NULL,
  `created_by` int unsigned DEFAULT NULL,
  `modified_on` datetime DEFAULT NULL,
  `modified_by` int unsigned DEFAULT NULL,
  PRIMARY KEY (`id`),
  KEY `distro_events_unboxed_item_collections_created_on` (`created_on`),
  KEY `distro_events_unboxed_item_collections_modified_on` (`modified_on`),
  KEY `distro_event_id` (`distro_event_id`),
  KEY `product_id` (`product_id`),
  KEY `box_state_id` (`box_state_id`),
  KEY `size_id` (`size_id`),
  KEY `location_id` (`location_id`),
  KEY `created_by` (`created_by`),
  KEY `modified_by` (`modified_by`),
  CONSTRAINT `distro_events_unboxed_item_collections_ibfk_1` FOREIGN KEY (`distro_event_id`) REFERENCES `distro_events` (`id`) ON DELETE RESTRICT ON UPDATE CASCADE,
  CONSTRAINT `distro_events_unboxed_item_collections_ibfk_2` FOREIGN KEY (`product_id`) REFERENCES `products` (`id`) ON DELETE RESTRICT ON UPDATE CASCADE,
  CONSTRAINT `distro_events_unboxed_item_collections_ibfk_3` FOREIGN KEY (`box_state_id`) REFERENCES `box_state` (`id`) ON DELETE RESTRICT ON UPDATE CASCADE,
  CONSTRAINT `distro_events_unboxed_item_collections_ibfk_4` FOREIGN KEY (`size_id`) REFERENCES `sizes` (`id`) ON DELETE RESTRICT ON UPDATE CASCADE,
  CONSTRAINT `distro_events_unboxed_item_collections_ibfk_5` FOREIGN KEY (`location_id`) REFERENCES `locations` (`id`) ON DELETE RESTRICT ON UPDATE CASCADE,
  CONSTRAINT `distro_events_unboxed_item_collections_ibfk_6` FOREIGN KEY (`created_by`) REFERENCES `cms_users` (`id`) ON DELETE SET NULL ON UPDATE CASCADE,
  CONSTRAINT `distro_events_unboxed_item_collections_ibfk_7` FOREIGN KEY (`modified_by`) REFERENCES `cms_users` (`id`) ON DELETE SET NULL ON UPDATE CASCADE
) ENGINE=InnoDB DEFAULT CHARSET=utf8 ROW_FORMAT=DYNAMIC;
/*!40101 SET character_set_client = @saved_cs_client */;

--
-- Dumping data for table `distro_events_unboxed_item_collections`
--

LOCK TABLES `distro_events_unboxed_item_collections` WRITE;
/*!40000 ALTER TABLE `distro_events_unboxed_item_collections` DISABLE KEYS */;
/*!40000 ALTER TABLE `distro_events_unboxed_item_collections` ENABLE KEYS */;
UNLOCK TABLES;

--
-- Table structure for table `genders`
--

DROP TABLE IF EXISTS `genders`;
/*!40101 SET @saved_cs_client     = @@character_set_client */;
/*!40101 SET character_set_client = utf8 */;
CREATE TABLE `genders` (
  `id` int unsigned NOT NULL AUTO_INCREMENT,
  `label` varchar(20) NOT NULL,
  `shortlabel` varchar(255) DEFAULT NULL,
  `seq` int DEFAULT NULL,
  `created` datetime DEFAULT NULL,
  `created_by` int unsigned DEFAULT NULL,
  `modified` datetime DEFAULT NULL,
  `modified_by` int unsigned DEFAULT NULL,
  `male` tinyint(1) NOT NULL DEFAULT '0',
  `female` tinyint(1) NOT NULL DEFAULT '0',
  `adult` tinyint(1) NOT NULL DEFAULT '0',
  `child` tinyint(1) NOT NULL DEFAULT '0',
  `baby` tinyint(1) NOT NULL DEFAULT '0',
  `color` varchar(20) NOT NULL,
  PRIMARY KEY (`id`),
  KEY `created_by` (`created_by`),
  KEY `modified_by` (`modified_by`),
  CONSTRAINT `genders_ibfk_1` FOREIGN KEY (`created_by`) REFERENCES `cms_users` (`id`) ON DELETE SET NULL ON UPDATE CASCADE,
  CONSTRAINT `genders_ibfk_2` FOREIGN KEY (`modified_by`) REFERENCES `cms_users` (`id`) ON DELETE SET NULL ON UPDATE CASCADE
) ENGINE=InnoDB AUTO_INCREMENT=14 DEFAULT CHARSET=utf8 ROW_FORMAT=DYNAMIC;
/*!40101 SET character_set_client = @saved_cs_client */;

--
-- Dumping data for table `genders`
--

LOCK TABLES `genders` WRITE;
/*!40000 ALTER TABLE `genders` DISABLE KEYS */;
INSERT INTO `genders` VALUES (1,'Female','Female',1,NULL,NULL,NULL,NULL,0,1,1,0,0,'0'),
  (2,'Male','Male',2,NULL,NULL,NULL,NULL,1,0,1,0,0,'0'),
  (3,'Unisex Adult','Unisex',3,NULL,NULL,NULL,NULL,1,1,1,0,0,'0'),
  (4,'Girl','Girl',4,NULL,NULL,NULL,NULL,0,1,0,1,0,'0'),
  (5,'Boy','Boy',5,NULL,NULL,NULL,NULL,1,0,0,1,0,'0'),
  (6,'Unisex Kid','Kid',7,NULL,NULL,NULL,NULL,1,1,0,1,0,'0'),
  (9,'Unisex Baby','Baby',8,NULL,NULL,NULL,NULL,1,1,0,0,0,'1'),
  (10,'-',NULL,0,NULL,NULL,NULL,NULL,1,1,1,1,1,'1'),
  (12,'Teen Girl','Girl',4,NULL,NULL,NULL,NULL,0,1,1,0,0,'0'),
  (13,'Teen Boy','Boy',5,NULL,NULL,NULL,NULL,1,0,1,0,0,'0');
/*!40000 ALTER TABLE `genders` ENABLE KEYS */;
UNLOCK TABLES;

--
-- Table structure for table `history`
--

DROP TABLE IF EXISTS `history`;
/*!40101 SET @saved_cs_client     = @@character_set_client */;
/*!40101 SET character_set_client = utf8 */;
CREATE TABLE `history` (
  `id` int unsigned NOT NULL AUTO_INCREMENT,
  `tablename` varchar(255) DEFAULT NULL,
  `record_id` int DEFAULT NULL,
  `changes` text,
  `user_id` int unsigned DEFAULT NULL,
  `ip` varchar(20) DEFAULT NULL,
  `changedate` datetime DEFAULT NULL,
  `from_int` int DEFAULT NULL,
  `to_int` int DEFAULT NULL,
  `from_float` float DEFAULT NULL,
  `to_float` float DEFAULT NULL,
  PRIMARY KEY (`id`),
  KEY `user_id` (`user_id`),
  KEY `recordid_changedate_composite_index` (`record_id`,`changedate`),
  KEY `tablename_recordid_changedate_composite_index` (`tablename`,`record_id`,`changedate`),
  CONSTRAINT `history_ibfk_1` FOREIGN KEY (`user_id`) REFERENCES `cms_users` (`id`) ON DELETE SET NULL ON UPDATE CASCADE
) ENGINE=InnoDB AUTO_INCREMENT=37100 DEFAULT CHARSET=utf8 ROW_FORMAT=DYNAMIC;
/*!40101 SET character_set_client = @saved_cs_client */;

--
-- Dumping data for table `history`
--

LOCK TABLES `history` WRITE;
/*!40000 ALTER TABLE `history` DISABLE KEYS */;
INSERT INTO `history` VALUES (30918,'qr',100005943,'New QR-code generated',32,NULL,'2023-04-11 10:00:49',NULL,NULL,NULL,NULL),(30919,'qr',100005944,'New QR-code generated',41,NULL,'2023-04-11 12:00:50',NULL,NULL,NULL,NULL),(30920,'qr',100005945,'New QR-code generated',10,NULL,'2023-04-11 14:00:51',NULL,NULL,NULL,NULL),(30921,'qr',100005946,'New QR-code generated',15,NULL,'2023-04-11 16:00:52',NULL,NULL,NULL,NULL),(30922,'qr',100005947,'New QR-code generated',39,NULL,'2023-04-11 18:00:53',NULL,NULL,NULL,NULL),(30923,'qr',100005948,'New QR-code generated',8,NULL,'2023-04-11 20:00:54',NULL,NULL,NULL,NULL),(30924,'qr',100005949,'New QR-code generated',11,NULL,'2023-04-11 22:00:55',NULL,NULL,NULL,NULL),(30925,'qr',100005950,'New QR-code generated',11,NULL,'2023-04-12 00:00:56',NULL,NULL,NULL,NULL),(30926,'qr',100005951,'New QR-code generated',40,NULL,'2023-04-12 02:00:57',NULL,NULL,NULL,NULL),(30927,'qr',100005952,'New QR-code generated',31,NULL,'2023-04-12 04:00:58',NULL,NULL,NULL,NULL),(30928,'qr',100005953,'New QR-code generated',6,NULL,'2023-04-12 06:00:59',NULL,NULL,NULL,NULL),(30929,'qr',100005954,'New QR-code generated',7,NULL,'2023-04-12 08:01:00',NULL,NULL,NULL,NULL),(30930,'qr',100005955,'New QR-code generated',41,NULL,'2023-04-12 10:01:01',NULL,NULL,NULL,NULL),(30931,'qr',100005956,'New QR-code generated',18,NULL,'2023-04-12 12:01:02',NULL,NULL,NULL,NULL),(30932,'qr',100005957,'New QR-code generated',34,NULL,'2023-04-12 14:01:03',NULL,NULL,NULL,NULL),(30933,'qr',100005958,'New QR-code generated',41,NULL,'2023-04-12 16:01:04',NULL,NULL,NULL,NULL),(30934,'qr',100005959,'New QR-code generated',8,NULL,'2023-04-12 18:01:05',NULL,NULL,NULL,NULL),(30935,'qr',100005960,'New QR-code generated',25,NULL,'2023-04-12 20:01:06',NULL,NULL,NULL,NULL),(30936,'qr',100005961,'New QR-code generated',5,NULL,'2023-04-12 22:01:07',NULL,NULL,NULL,NULL),(30937,'qr',100005962,'New QR-code generated',33,NULL,'2023-04-13 00:01:08',NULL,NULL,NULL,NULL),(30938,'qr',100005963,'New QR-code generated',18,NULL,'2023-04-13 02:01:09',NULL,NULL,NULL,NULL),(30939,'qr',100005964,'New QR-code generated',31,NULL,'2023-04-13 04:01:10',NULL,NULL,NULL,NULL),(30940,'qr',100005965,'New QR-code generated',17,NULL,'2023-04-13 06:01:11',NULL,NULL,NULL,NULL),(30941,'qr',100005966,'New QR-code generated',40,NULL,'2023-04-13 08:01:12',NULL,NULL,NULL,NULL),(30942,'qr',100005967,'New QR-code generated',23,NULL,'2023-04-13 10:01:13',NULL,NULL,NULL,NULL),(30943,'qr',100005968,'New QR-code generated',20,NULL,'2023-04-13 12:01:14',NULL,NULL,NULL,NULL),(30944,'qr',100005969,'New QR-code generated',18,NULL,'2023-04-13 14:01:15',NULL,NULL,NULL,NULL),(30945,'qr',100005970,'New QR-code generated',10,NULL,'2023-04-13 16:01:16',NULL,NULL,NULL,NULL),(30946,'qr',100005971,'New QR-code generated',15,NULL,'2023-04-13 18:01:17',NULL,NULL,NULL,NULL),(30947,'qr',100005972,'New QR-code generated',5,NULL,'2023-04-13 20:01:18',NULL,NULL,NULL,NULL),(30948,'qr',100005973,'New QR-code generated',11,NULL,'2023-04-13 22:01:19',NULL,NULL,NULL,NULL),(30949,'qr',100005974,'New QR-code generated',15,NULL,'2023-04-14 00:01:20',NULL,NULL,NULL,NULL),(30950,'qr',100005975,'New QR-code generated',12,NULL,'2023-04-14 02:01:21',NULL,NULL,NULL,NULL),(30951,'qr',100005976,'New QR-code generated',39,NULL,'2023-04-14 04:01:22',NULL,NULL,NULL,NULL),(30952,'qr',100005977,'New QR-code generated',15,NULL,'2023-04-14 06:01:23',NULL,NULL,NULL,NULL),(30953,'qr',100005978,'New QR-code generated',3,NULL,'2023-04-14 08:01:24',NULL,NULL,NULL,NULL),(30954,'qr',100005979,'New QR-code generated',33,NULL,'2023-04-14 10:01:25',NULL,NULL,NULL,NULL),(30955,'qr',100005980,'New QR-code generated',32,NULL,'2023-04-14 12:01:26',NULL,NULL,NULL,NULL),(30956,'qr',100005981,'New QR-code generated',18,NULL,'2023-04-14 14:01:27',NULL,NULL,NULL,NULL),(30957,'qr',100005982,'New QR-code generated',3,NULL,'2023-04-14 16:01:28',NULL,NULL,NULL,NULL),(30958,'qr',100005983,'New QR-code generated',9,NULL,'2023-04-14 18:01:29',NULL,NULL,NULL,NULL),(30959,'qr',100005984,'New QR-code generated',4,NULL,'2023-04-14 20:01:30',NULL,NULL,NULL,NULL),(30960,'qr',100005985,'New QR-code generated',15,NULL,'2023-04-14 22:01:31',NULL,NULL,NULL,NULL),(30961,'qr',100005986,'New QR-code generated',16,NULL,'2023-04-15 00:01:32',NULL,NULL,NULL,NULL),(30962,'qr',100005987,'New QR-code generated',15,NULL,'2023-04-15 02:01:33',NULL,NULL,NULL,NULL),(30963,'qr',100005988,'New QR-code generated',12,NULL,'2023-04-15 04:01:34',NULL,NULL,NULL,NULL),(30964,'qr',100005989,'New QR-code generated',41,NULL,'2023-04-15 06:01:35',NULL,NULL,NULL,NULL),(30965,'qr',100005990,'New QR-code generated',9,NULL,'2023-04-15 08:01:36',NULL,NULL,NULL,NULL),(30966,'qr',100005991,'New QR-code generated',37,NULL,'2023-04-15 10:01:37',NULL,NULL,NULL,NULL),(30967,'qr',100005992,'New QR-code generated',32,NULL,'2023-04-15 12:01:38',NULL,NULL,NULL,NULL),(30968,'qr',100005993,'New QR-code generated',12,NULL,'2023-04-15 14:01:39',NULL,NULL,NULL,NULL),(30969,'qr',100005994,'New QR-code generated',2,NULL,'2023-04-15 16:01:40',NULL,NULL,NULL,NULL),(30970,'qr',100005995,'New QR-code generated',16,NULL,'2023-04-15 18:01:41',NULL,NULL,NULL,NULL),(30971,'qr',100005996,'New QR-code generated',23,NULL,'2023-04-15 20:01:42',NULL,NULL,NULL,NULL),(30972,'qr',100005997,'New QR-code generated',9,NULL,'2023-04-15 22:01:43',NULL,NULL,NULL,NULL),(30973,'qr',100005998,'New QR-code generated',11,NULL,'2023-04-16 00:01:44',NULL,NULL,NULL,NULL),(30974,'qr',100005999,'New QR-code generated',7,NULL,'2023-04-16 02:01:45',NULL,NULL,NULL,NULL),(30975,'qr',100006000,'New QR-code generated',24,NULL,'2023-04-16 04:01:46',NULL,NULL,NULL,NULL),(30976,'qr',100006001,'New QR-code generated',8,NULL,'2023-04-16 06:01:47',NULL,NULL,NULL,NULL),(30977,'qr',100006002,'New QR-code generated',7,NULL,'2023-04-16 08:01:48',NULL,NULL,NULL,NULL),(30978,'qr',100006003,'New QR-code generated',7,NULL,'2023-04-16 10:01:49',NULL,NULL,NULL,NULL),(30979,'qr',100006004,'New QR-code generated',33,NULL,'2023-04-16 12:01:50',NULL,NULL,NULL,NULL),(30980,'qr',100006005,'New QR-code generated',15,NULL,'2023-04-16 14:01:51',NULL,NULL,NULL,NULL),(30981,'qr',100006006,'New QR-code generated',10,NULL,'2023-04-16 16:01:52',NULL,NULL,NULL,NULL),(30982,'qr',100006007,'New QR-code generated',6,NULL,'2023-04-16 18:01:53',NULL,NULL,NULL,NULL),(30983,'qr',100006008,'New QR-code generated',25,NULL,'2023-04-16 20:01:54',NULL,NULL,NULL,NULL),(30984,'qr',100006009,'New QR-code generated',10,NULL,'2023-04-16 22:01:55',NULL,NULL,NULL,NULL),(30985,'qr',100006010,'New QR-code generated',20,NULL,'2023-04-17 00:01:56',NULL,NULL,NULL,NULL),(30986,'qr',100006011,'New QR-code generated',24,NULL,'2023-04-17 02:01:57',NULL,NULL,NULL,NULL),(30987,'qr',100006012,'New QR-code generated',40,NULL,'2023-04-17 04:01:58',NULL,NULL,NULL,NULL),(30988,'qr',100006013,'New QR-code generated',37,NULL,'2023-04-17 06:01:59',NULL,NULL,NULL,NULL),(30989,'qr',100006014,'New QR-code generated',7,NULL,'2023-04-17 08:02:00',NULL,NULL,NULL,NULL),(30990,'qr',100006015,'New QR-code generated',25,NULL,'2023-04-17 10:02:01',NULL,NULL,NULL,NULL),(30991,'qr',100006016,'New QR-code generated',11,NULL,'2023-04-17 12:02:02',NULL,NULL,NULL,NULL),(30992,'qr',100006017,'New QR-code generated',39,NULL,'2023-04-17 14:02:03',NULL,NULL,NULL,NULL),(30993,'qr',100006018,'New QR-code generated',6,NULL,'2023-04-17 16:02:04',NULL,NULL,NULL,NULL),(30994,'qr',100006019,'New QR-code generated',25,NULL,'2023-04-17 18:02:05',NULL,NULL,NULL,NULL),(30995,'qr',100006020,'New QR-code generated',40,NULL,'2023-04-17 20:02:06',NULL,NULL,NULL,NULL),(30996,'qr',100006021,'New QR-code generated',7,NULL,'2023-04-17 22:02:07',NULL,NULL,NULL,NULL),(30997,'qr',100006022,'New QR-code generated',12,NULL,'2023-04-18 00:02:08',NULL,NULL,NULL,NULL),(30998,'qr',100006023,'New QR-code generated',8,NULL,'2023-04-18 02:02:09',NULL,NULL,NULL,NULL),(30999,'qr',100006024,'New QR-code generated',38,NULL,'2023-04-18 04:02:10',NULL,NULL,NULL,NULL),(31000,'qr',100006025,'New QR-code generated',8,NULL,'2023-04-18 06:02:11',NULL,NULL,NULL,NULL),(31001,'qr',100006026,'New QR-code generated',16,NULL,'2023-04-18 08:02:12',NULL,NULL,NULL,NULL),(31002,'qr',100006027,'New QR-code generated',7,NULL,'2023-04-18 10:02:13',NULL,NULL,NULL,NULL),(31003,'qr',100006028,'New QR-code generated',31,NULL,'2023-04-18 12:02:14',NULL,NULL,NULL,NULL),(31004,'qr',100006029,'New QR-code generated',2,NULL,'2023-04-18 14:02:15',NULL,NULL,NULL,NULL),(31005,'qr',100006030,'New QR-code generated',17,NULL,'2023-04-18 16:02:16',NULL,NULL,NULL,NULL),(31006,'qr',100006031,'New QR-code generated',41,NULL,'2023-04-18 18:02:17',NULL,NULL,NULL,NULL),(31007,'qr',100006032,'New QR-code generated',16,NULL,'2023-04-18 20:02:18',NULL,NULL,NULL,NULL),(31008,'qr',100006033,'New QR-code generated',32,NULL,'2023-04-18 22:02:19',NULL,NULL,NULL,NULL),(31009,'qr',100006034,'New QR-code generated',17,NULL,'2023-04-19 00:02:20',NULL,NULL,NULL,NULL),(31010,'qr',100006035,'New QR-code generated',3,NULL,'2023-04-19 02:02:21',NULL,NULL,NULL,NULL),(31011,'qr',100006036,'New QR-code generated',33,NULL,'2023-04-19 04:02:22',NULL,NULL,NULL,NULL),(31012,'qr',100006037,'New QR-code generated',10,NULL,'2023-04-19 06:02:23',NULL,NULL,NULL,NULL),(31013,'qr',100006038,'New QR-code generated',7,NULL,'2023-04-19 08:02:24',NULL,NULL,NULL,NULL),(31014,'qr',100006039,'New QR-code generated',17,NULL,'2023-04-19 10:02:25',NULL,NULL,NULL,NULL),(31015,'qr',100006040,'New QR-code generated',10,NULL,'2023-04-19 12:02:26',NULL,NULL,NULL,NULL),(31016,'qr',100006041,'New QR-code generated',25,NULL,'2023-04-19 14:02:27',NULL,NULL,NULL,NULL),(31017,'qr',100006042,'New QR-code generated',5,NULL,'2023-04-19 16:02:28',NULL,NULL,NULL,NULL),(31018,'qr',100006043,'New QR-code generated',12,NULL,'2023-04-19 18:02:29',NULL,NULL,NULL,NULL),(31019,'qr',100006044,'New QR-code generated',18,NULL,'2023-04-19 20:02:30',NULL,NULL,NULL,NULL),(31020,'qr',100006045,'New QR-code generated',17,NULL,'2023-04-19 22:02:31',NULL,NULL,NULL,NULL),(31021,'qr',100006046,'New QR-code generated',15,NULL,'2023-04-20 00:02:32',NULL,NULL,NULL,NULL),(31022,'qr',100006047,'New QR-code generated',32,NULL,'2023-04-20 02:02:33',NULL,NULL,NULL,NULL),(31023,'qr',100006048,'New QR-code generated',18,NULL,'2023-04-20 04:02:34',NULL,NULL,NULL,NULL),(31024,'qr',100006049,'New QR-code generated',5,NULL,'2023-04-20 06:02:35',NULL,NULL,NULL,NULL),(31025,'qr',100006050,'New QR-code generated',17,NULL,'2023-04-20 08:02:36',NULL,NULL,NULL,NULL),(31026,'qr',100006051,'New QR-code generated',3,NULL,'2023-04-20 10:02:37',NULL,NULL,NULL,NULL),(31027,'qr',100006052,'New QR-code generated',9,NULL,'2023-04-20 12:02:38',NULL,NULL,NULL,NULL),(31028,'qr',100006053,'New QR-code generated',16,NULL,'2023-04-20 14:02:39',NULL,NULL,NULL,NULL),(31029,'qr',100006054,'New QR-code generated',17,NULL,'2023-04-20 16:02:40',NULL,NULL,NULL,NULL),(31030,'qr',100006055,'New QR-code generated',10,NULL,'2023-04-20 18:02:41',NULL,NULL,NULL,NULL),(31031,'qr',100006056,'New QR-code generated',4,NULL,'2023-04-20 20:02:42',NULL,NULL,NULL,NULL),(31032,'qr',100006057,'New QR-code generated',32,NULL,'2023-04-20 22:02:43',NULL,NULL,NULL,NULL),(31033,'qr',100006058,'New QR-code generated',10,NULL,'2023-04-21 00:02:44',NULL,NULL,NULL,NULL),(31034,'qr',100006059,'New QR-code generated',25,NULL,'2023-04-21 02:02:45',NULL,NULL,NULL,NULL),(31035,'qr',100006060,'New QR-code generated',32,NULL,'2023-04-21 04:02:46',NULL,NULL,NULL,NULL),(31036,'qr',100006061,'New QR-code generated',17,NULL,'2023-04-21 06:02:47',NULL,NULL,NULL,NULL),(31037,'qr',100006062,'New QR-code generated',41,NULL,'2023-04-21 08:02:48',NULL,NULL,NULL,NULL),(31038,'qr',100006063,'New QR-code generated',11,NULL,'2023-04-21 10:02:49',NULL,NULL,NULL,NULL),(31039,'qr',100006064,'New QR-code generated',19,NULL,'2023-04-21 12:02:50',NULL,NULL,NULL,NULL),(31040,'qr',100006065,'New QR-code generated',18,NULL,'2023-04-21 14:02:51',NULL,NULL,NULL,NULL),(31041,'qr',100006066,'New QR-code generated',10,NULL,'2023-04-21 16:02:52',NULL,NULL,NULL,NULL),(31042,'qr',100006067,'New QR-code generated',20,NULL,'2023-04-21 18:02:53',NULL,NULL,NULL,NULL),(31043,'qr',100006068,'New QR-code generated',15,NULL,'2023-04-21 20:02:54',NULL,NULL,NULL,NULL),(31044,'qr',100006069,'New QR-code generated',25,NULL,'2023-04-21 22:02:55',NULL,NULL,NULL,NULL),(31045,'qr',100006070,'New QR-code generated',39,NULL,'2023-04-22 00:02:56',NULL,NULL,NULL,NULL),(31046,'qr',100006071,'New QR-code generated',32,NULL,'2023-04-22 02:02:57',NULL,NULL,NULL,NULL),(31047,'qr',100006072,'New QR-code generated',18,NULL,'2023-04-22 04:02:58',NULL,NULL,NULL,NULL),(31048,'qr',100006073,'New QR-code generated',7,NULL,'2023-04-22 06:02:59',NULL,NULL,NULL,NULL),(31049,'qr',100006074,'New QR-code generated',8,NULL,'2023-04-22 08:03:00',NULL,NULL,NULL,NULL),(31050,'qr',100006075,'New QR-code generated',31,NULL,'2023-04-22 10:03:01',NULL,NULL,NULL,NULL),(31051,'qr',100006076,'New QR-code generated',17,NULL,'2023-04-22 12:03:02',NULL,NULL,NULL,NULL),(31052,'qr',100006077,'New QR-code generated',10,NULL,'2023-04-22 14:03:03',NULL,NULL,NULL,NULL),(31053,'qr',100006078,'New QR-code generated',3,NULL,'2023-04-22 16:03:04',NULL,NULL,NULL,NULL),(31054,'qr',100006079,'New QR-code generated',40,NULL,'2023-04-22 18:03:05',NULL,NULL,NULL,NULL),(31055,'qr',100006080,'New QR-code generated',18,NULL,'2023-04-22 20:03:06',NULL,NULL,NULL,NULL),(31056,'qr',100006081,'New QR-code generated',16,NULL,'2023-04-22 22:03:07',NULL,NULL,NULL,NULL),(31057,'qr',100006082,'New QR-code generated',5,NULL,'2023-04-23 00:03:08',NULL,NULL,NULL,NULL),(31058,'qr',100006083,'New QR-code generated',40,NULL,'2023-04-23 02:03:09',NULL,NULL,NULL,NULL),(31059,'qr',100006084,'New QR-code generated',34,NULL,'2023-04-23 04:03:10',NULL,NULL,NULL,NULL),(31060,'qr',100006085,'New QR-code generated',23,NULL,'2023-04-23 06:03:11',NULL,NULL,NULL,NULL),(31061,'qr',100006086,'New QR-code generated',18,NULL,'2023-04-23 08:03:12',NULL,NULL,NULL,NULL),(31062,'qr',100006087,'New QR-code generated',17,NULL,'2023-04-23 10:03:13',NULL,NULL,NULL,NULL),(31063,'qr',100006088,'New QR-code generated',3,NULL,'2023-04-23 12:03:14',NULL,NULL,NULL,NULL),(31064,'qr',100006089,'New QR-code generated',33,NULL,'2023-04-23 14:03:15',NULL,NULL,NULL,NULL),(31065,'qr',100006090,'New QR-code generated',31,NULL,'2023-04-23 16:03:16',NULL,NULL,NULL,NULL),(31066,'qr',100006091,'New QR-code generated',39,NULL,'2023-04-23 18:03:17',NULL,NULL,NULL,NULL),(31067,'qr',100006092,'New QR-code generated',4,NULL,'2023-04-23 20:03:18',NULL,NULL,NULL,NULL),(31068,'qr',100006093,'New QR-code generated',6,NULL,'2023-04-23 22:03:19',NULL,NULL,NULL,NULL),(31069,'qr',100006094,'New QR-code generated',37,NULL,'2023-04-24 00:03:20',NULL,NULL,NULL,NULL),(31070,'qr',100006095,'New QR-code generated',17,NULL,'2023-04-24 02:03:21',NULL,NULL,NULL,NULL),(31071,'qr',100006096,'New QR-code generated',24,NULL,'2023-04-24 04:03:22',NULL,NULL,NULL,NULL),(31072,'qr',100006097,'New QR-code generated',33,NULL,'2023-04-24 06:03:23',NULL,NULL,NULL,NULL),(31073,'qr',100006098,'New QR-code generated',33,NULL,'2023-04-24 08:03:24',NULL,NULL,NULL,NULL),(31074,'qr',100006099,'New QR-code generated',7,NULL,'2023-04-24 10:03:25',NULL,NULL,NULL,NULL),(31075,'qr',100006100,'New QR-code generated',23,NULL,'2023-04-24 12:03:26',NULL,NULL,NULL,NULL),(31076,'qr',100006101,'New QR-code generated',19,NULL,'2023-04-24 14:03:27',NULL,NULL,NULL,NULL),(31077,'qr',100006102,'New QR-code generated',5,NULL,'2023-04-24 16:03:28',NULL,NULL,NULL,NULL),(31078,'qr',100006103,'New QR-code generated',33,NULL,'2023-04-24 18:03:29',NULL,NULL,NULL,NULL),(31079,'qr',100006104,'New QR-code generated',10,NULL,'2023-04-24 20:03:30',NULL,NULL,NULL,NULL),(31080,'qr',100006105,'New QR-code generated',8,NULL,'2023-04-24 22:03:31',NULL,NULL,NULL,NULL),(31081,'qr',100006106,'New QR-code generated',25,NULL,'2023-04-25 00:03:32',NULL,NULL,NULL,NULL),(31082,'qr',100006107,'New QR-code generated',7,NULL,'2023-04-25 02:03:33',NULL,NULL,NULL,NULL),(31083,'qr',100006108,'New QR-code generated',2,NULL,'2023-04-25 04:03:34',NULL,NULL,NULL,NULL),(31084,'qr',100006109,'New QR-code generated',18,NULL,'2023-04-25 06:03:35',NULL,NULL,NULL,NULL),(31085,'qr',100006110,'New QR-code generated',11,NULL,'2023-04-25 08:03:36',NULL,NULL,NULL,NULL),(31086,'qr',100006111,'New QR-code generated',9,NULL,'2023-04-25 10:03:37',NULL,NULL,NULL,NULL),(31087,'qr',100006112,'New QR-code generated',18,NULL,'2023-04-25 12:03:38',NULL,NULL,NULL,NULL),(31088,'qr',100006113,'New QR-code generated',37,NULL,'2023-04-25 14:03:39',NULL,NULL,NULL,NULL),(31089,'qr',100006114,'New QR-code generated',2,NULL,'2023-04-25 16:03:40',NULL,NULL,NULL,NULL),(31090,'qr',100006115,'New QR-code generated',18,NULL,'2023-04-25 18:03:41',NULL,NULL,NULL,NULL),(31091,'qr',100006116,'New QR-code generated',2,NULL,'2023-04-25 20:03:42',NULL,NULL,NULL,NULL),(31092,'qr',100006117,'New QR-code generated',10,NULL,'2023-04-25 22:03:43',NULL,NULL,NULL,NULL),(31093,'qr',100006118,'New QR-code generated',23,NULL,'2023-04-26 00:03:44',NULL,NULL,NULL,NULL),(31094,'qr',100006119,'New QR-code generated',33,NULL,'2023-04-26 02:03:45',NULL,NULL,NULL,NULL),(31095,'qr',100006120,'New QR-code generated',39,NULL,'2023-04-26 04:03:46',NULL,NULL,NULL,NULL),(31096,'qr',100006121,'New QR-code generated',17,NULL,'2023-04-26 06:03:47',NULL,NULL,NULL,NULL),(31097,'qr',100006122,'New QR-code generated',9,NULL,'2023-04-26 08:03:48',NULL,NULL,NULL,NULL),(31098,'qr',100006123,'New QR-code generated',18,NULL,'2023-04-26 10:03:49',NULL,NULL,NULL,NULL),(31099,'qr',100006124,'New QR-code generated',12,NULL,'2023-04-26 12:03:50',NULL,NULL,NULL,NULL),(31100,'qr',100006125,'New QR-code generated',18,NULL,'2023-04-26 14:03:51',NULL,NULL,NULL,NULL),(31101,'qr',100006126,'New QR-code generated',38,NULL,'2023-04-26 16:03:52',NULL,NULL,NULL,NULL),(31102,'qr',100006127,'New QR-code generated',25,NULL,'2023-04-26 18:03:53',NULL,NULL,NULL,NULL),(31103,'qr',100006128,'New QR-code generated',15,NULL,'2023-04-26 20:03:54',NULL,NULL,NULL,NULL),(31104,'qr',100006129,'New QR-code generated',18,NULL,'2023-04-26 22:03:55',NULL,NULL,NULL,NULL),(31105,'qr',100006130,'New QR-code generated',25,NULL,'2023-04-27 00:03:56',NULL,NULL,NULL,NULL),(31106,'qr',100006131,'New QR-code generated',18,NULL,'2023-04-27 02:03:57',NULL,NULL,NULL,NULL),(31107,'qr',100006132,'New QR-code generated',38,NULL,'2023-04-27 04:03:58',NULL,NULL,NULL,NULL),(31108,'qr',100006133,'New QR-code generated',5,NULL,'2023-04-27 06:03:59',NULL,NULL,NULL,NULL),(31109,'qr',100006134,'New QR-code generated',39,NULL,'2023-04-27 08:04:00',NULL,NULL,NULL,NULL),(31110,'qr',100006135,'New QR-code generated',10,NULL,'2023-04-27 10:04:01',NULL,NULL,NULL,NULL),(31111,'qr',100006136,'New QR-code generated',15,NULL,'2023-04-27 12:04:02',NULL,NULL,NULL,NULL),(31112,'qr',100006137,'New QR-code generated',34,NULL,'2023-04-27 14:04:03',NULL,NULL,NULL,NULL),(31113,'qr',100006138,'New QR-code generated',17,NULL,'2023-04-27 16:04:04',NULL,NULL,NULL,NULL),(31114,'qr',100006139,'New QR-code generated',38,NULL,'2023-04-27 18:04:05',NULL,NULL,NULL,NULL),(31115,'qr',100006140,'New QR-code generated',39,NULL,'2023-04-27 20:04:06',NULL,NULL,NULL,NULL),(31116,'qr',100006141,'New QR-code generated',16,NULL,'2023-04-27 22:04:07',NULL,NULL,NULL,NULL),(31117,'qr',100006142,'New QR-code generated',24,NULL,'2023-04-28 00:04:08',NULL,NULL,NULL,NULL),(31118,'qr',100006143,'New QR-code generated',40,NULL,'2023-04-28 02:04:09',NULL,NULL,NULL,NULL),(31119,'qr',100006144,'New QR-code generated',10,NULL,'2023-04-28 04:04:10',NULL,NULL,NULL,NULL),(31120,'qr',100006145,'New QR-code generated',32,NULL,'2023-04-28 06:04:11',NULL,NULL,NULL,NULL),(31121,'qr',100006146,'New QR-code generated',4,NULL,'2023-04-28 08:04:12',NULL,NULL,NULL,NULL),(31122,'qr',100006147,'New QR-code generated',10,NULL,'2023-04-28 10:04:13',NULL,NULL,NULL,NULL),(31123,'qr',100006148,'New QR-code generated',11,NULL,'2023-04-28 12:04:14',NULL,NULL,NULL,NULL),(31124,'qr',100006149,'New QR-code generated',11,NULL,'2023-04-28 14:04:15',NULL,NULL,NULL,NULL),(31125,'qr',100006150,'New QR-code generated',11,NULL,'2023-04-28 16:04:16',NULL,NULL,NULL,NULL),(31126,'qr',100006151,'New QR-code generated',6,NULL,'2023-04-28 18:04:17',NULL,NULL,NULL,NULL),(31127,'qr',100006152,'New QR-code generated',19,NULL,'2023-04-28 20:04:18',NULL,NULL,NULL,NULL),(31128,'qr',100006153,'New QR-code generated',40,NULL,'2023-04-28 22:04:19',NULL,NULL,NULL,NULL),(31129,'qr',100006154,'New QR-code generated',6,NULL,'2023-04-29 00:04:20',NULL,NULL,NULL,NULL),(31130,'qr',100006155,'New QR-code generated',12,NULL,'2023-04-29 02:04:21',NULL,NULL,NULL,NULL),(31131,'qr',100006156,'New QR-code generated',12,NULL,'2023-04-29 04:04:22',NULL,NULL,NULL,NULL),(31132,'qr',100006157,'New QR-code generated',9,NULL,'2023-04-29 06:04:23',NULL,NULL,NULL,NULL),(31133,'qr',100006158,'New QR-code generated',31,NULL,'2023-04-29 08:04:24',NULL,NULL,NULL,NULL),(31134,'qr',100006159,'New QR-code generated',18,NULL,'2023-04-29 10:04:25',NULL,NULL,NULL,NULL),(31135,'qr',100006160,'New QR-code generated',33,NULL,'2023-04-29 12:04:26',NULL,NULL,NULL,NULL),(31136,'qr',100006161,'New QR-code generated',8,NULL,'2023-04-29 14:04:27',NULL,NULL,NULL,NULL),(31137,'qr',100006162,'New QR-code generated',4,NULL,'2023-04-29 16:04:28',NULL,NULL,NULL,NULL),(31138,'qr',100006163,'New QR-code generated',31,NULL,'2023-04-29 18:04:29',NULL,NULL,NULL,NULL),(31139,'qr',100006164,'New QR-code generated',9,NULL,'2023-04-29 20:04:30',NULL,NULL,NULL,NULL),(31140,'qr',100006165,'New QR-code generated',19,NULL,'2023-04-29 22:04:31',NULL,NULL,NULL,NULL),(31141,'qr',100006166,'New QR-code generated',10,NULL,'2023-04-30 00:04:32',NULL,NULL,NULL,NULL),(31142,'qr',100006167,'New QR-code generated',41,NULL,'2023-04-30 02:04:33',NULL,NULL,NULL,NULL),(31143,'qr',100006168,'New QR-code generated',19,NULL,'2023-04-30 04:04:34',NULL,NULL,NULL,NULL),(31144,'qr',100006169,'New QR-code generated',10,NULL,'2023-04-30 06:04:35',NULL,NULL,NULL,NULL),(31145,'qr',100006170,'New QR-code generated',16,NULL,'2023-04-30 08:04:36',NULL,NULL,NULL,NULL),(31146,'qr',100006171,'New QR-code generated',8,NULL,'2023-04-30 10:04:37',NULL,NULL,NULL,NULL),(31147,'qr',100006172,'New QR-code generated',10,NULL,'2023-04-30 12:04:38',NULL,NULL,NULL,NULL),(31148,'qr',100006173,'New QR-code generated',18,NULL,'2023-04-30 14:04:39',NULL,NULL,NULL,NULL),(31149,'qr',100006174,'New QR-code generated',4,NULL,'2023-04-30 16:04:40',NULL,NULL,NULL,NULL),(31150,'qr',100006175,'New QR-code generated',31,NULL,'2023-04-30 18:04:41',NULL,NULL,NULL,NULL),(31151,'qr',100006176,'New QR-code generated',6,NULL,'2023-04-30 20:04:42',NULL,NULL,NULL,NULL),(31152,'qr',100006177,'New QR-code generated',10,NULL,'2023-04-30 22:04:43',NULL,NULL,NULL,NULL),(31153,'qr',100006178,'New QR-code generated',19,NULL,'2023-05-01 00:04:44',NULL,NULL,NULL,NULL),(31154,'qr',100006179,'New QR-code generated',7,NULL,'2023-05-01 02:04:45',NULL,NULL,NULL,NULL),(31155,'qr',100006180,'New QR-code generated',6,NULL,'2023-05-01 04:04:46',NULL,NULL,NULL,NULL),(31156,'qr',100006181,'New QR-code generated',16,NULL,'2023-05-01 06:04:47',NULL,NULL,NULL,NULL),(31157,'qr',100006182,'New QR-code generated',15,NULL,'2023-05-01 08:04:48',NULL,NULL,NULL,NULL),(31158,'qr',100006183,'New QR-code generated',3,NULL,'2023-05-01 10:04:49',NULL,NULL,NULL,NULL),(31159,'qr',100006184,'New QR-code generated',3,NULL,'2023-05-01 12:04:50',NULL,NULL,NULL,NULL),(31160,'qr',100006185,'New QR-code generated',31,NULL,'2023-05-01 14:04:51',NULL,NULL,NULL,NULL),(31161,'qr',100006186,'New QR-code generated',20,NULL,'2023-05-01 16:04:52',NULL,NULL,NULL,NULL),(31162,'qr',100006187,'New QR-code generated',10,NULL,'2023-05-01 18:04:53',NULL,NULL,NULL,NULL),(31163,'qr',100006188,'New QR-code generated',3,NULL,'2023-05-01 20:04:54',NULL,NULL,NULL,NULL),(31164,'qr',100006189,'New QR-code generated',17,NULL,'2023-05-01 22:04:55',NULL,NULL,NULL,NULL),(31165,'qr',100006190,'New QR-code generated',38,NULL,'2023-05-02 00:04:56',NULL,NULL,NULL,NULL),(31166,'qr',100006191,'New QR-code generated',12,NULL,'2023-05-02 02:04:57',NULL,NULL,NULL,NULL),(31167,'qr',100006192,'New QR-code generated',32,NULL,'2023-05-02 04:04:58',NULL,NULL,NULL,NULL),(31168,'qr',100006193,'New QR-code generated',8,NULL,'2023-05-02 06:04:59',NULL,NULL,NULL,NULL),(31169,'qr',100006194,'New QR-code generated',10,NULL,'2023-05-02 08:05:00',NULL,NULL,NULL,NULL),(31170,'qr',100006195,'New QR-code generated',6,NULL,'2023-05-02 10:05:01',NULL,NULL,NULL,NULL),(31171,'qr',100006196,'New QR-code generated',24,NULL,'2023-05-02 12:05:02',NULL,NULL,NULL,NULL),(31172,'qr',100006197,'New QR-code generated',8,NULL,'2023-05-02 14:05:03',NULL,NULL,NULL,NULL),(31173,'qr',100006198,'New QR-code generated',23,NULL,'2023-05-02 16:05:04',NULL,NULL,NULL,NULL),(31174,'qr',100006199,'New QR-code generated',37,NULL,'2023-05-02 18:05:05',NULL,NULL,NULL,NULL),(31175,'qr',100006200,'New QR-code generated',37,NULL,'2023-05-02 20:05:06',NULL,NULL,NULL,NULL),(31176,'qr',100006201,'New QR-code generated',7,NULL,'2023-05-02 22:05:07',NULL,NULL,NULL,NULL),(31177,'qr',100006202,'New QR-code generated',16,NULL,'2023-05-03 00:05:08',NULL,NULL,NULL,NULL),(31178,'qr',100006203,'New QR-code generated',34,NULL,'2023-05-03 02:05:09',NULL,NULL,NULL,NULL),(31179,'qr',100006204,'New QR-code generated',8,NULL,'2023-05-03 04:05:10',NULL,NULL,NULL,NULL),(31180,'qr',100006205,'New QR-code generated',15,NULL,'2023-05-03 06:05:11',NULL,NULL,NULL,NULL),(31181,'qr',100006206,'New QR-code generated',17,NULL,'2023-05-03 08:05:12',NULL,NULL,NULL,NULL),(31182,'qr',100006207,'New QR-code generated',9,NULL,'2023-05-03 10:05:13',NULL,NULL,NULL,NULL),(31183,'qr',100006208,'New QR-code generated',15,NULL,'2023-05-03 12:05:14',NULL,NULL,NULL,NULL),(31184,'qr',100006209,'New QR-code generated',18,NULL,'2023-05-03 14:05:15',NULL,NULL,NULL,NULL),(31185,'qr',100006210,'New QR-code generated',17,NULL,'2023-05-03 16:05:16',NULL,NULL,NULL,NULL),(31186,'qr',100006211,'New QR-code generated',2,NULL,'2023-05-03 18:05:17',NULL,NULL,NULL,NULL),(31187,'qr',100006212,'New QR-code generated',18,NULL,'2023-05-03 20:05:18',NULL,NULL,NULL,NULL),(31188,'qr',100006213,'New QR-code generated',33,NULL,'2023-05-03 22:05:19',NULL,NULL,NULL,NULL),(31189,'qr',100006214,'New QR-code generated',9,NULL,'2023-05-04 00:05:20',NULL,NULL,NULL,NULL),(31190,'qr',100006215,'New QR-code generated',23,NULL,'2023-05-04 02:05:21',NULL,NULL,NULL,NULL),(31191,'qr',100006216,'New QR-code generated',24,NULL,'2023-05-04 04:05:22',NULL,NULL,NULL,NULL),(31192,'qr',100006217,'New QR-code generated',33,NULL,'2023-05-04 06:05:23',NULL,NULL,NULL,NULL),(31193,'qr',100006218,'New QR-code generated',23,NULL,'2023-05-04 08:05:24',NULL,NULL,NULL,NULL),(31194,'qr',100006219,'New QR-code generated',3,NULL,'2023-05-04 10:05:25',NULL,NULL,NULL,NULL),(31195,'qr',100006220,'New QR-code generated',18,NULL,'2023-05-04 12:05:26',NULL,NULL,NULL,NULL),(31196,'qr',100006221,'New QR-code generated',7,NULL,'2023-05-04 14:05:27',NULL,NULL,NULL,NULL),(31197,'qr',100006222,'New QR-code generated',19,NULL,'2023-05-04 16:05:28',NULL,NULL,NULL,NULL),(31198,'qr',100006223,'New QR-code generated',7,NULL,'2023-05-04 18:05:29',NULL,NULL,NULL,NULL),(31199,'qr',100006224,'New QR-code generated',18,NULL,'2023-05-04 20:05:30',NULL,NULL,NULL,NULL),(31200,'qr',100006225,'New QR-code generated',32,NULL,'2023-05-04 22:05:31',NULL,NULL,NULL,NULL),(31201,'qr',100006226,'New QR-code generated',19,NULL,'2023-05-05 00:05:32',NULL,NULL,NULL,NULL),(31202,'qr',100006227,'New QR-code generated',24,NULL,'2023-05-05 02:05:33',NULL,NULL,NULL,NULL),(31203,'qr',100006228,'New QR-code generated',40,NULL,'2023-05-05 04:05:34',NULL,NULL,NULL,NULL),(31204,'qr',100006229,'New QR-code generated',19,NULL,'2023-05-05 06:05:35',NULL,NULL,NULL,NULL),(31205,'qr',100006230,'New QR-code generated',4,NULL,'2023-05-05 08:05:36',NULL,NULL,NULL,NULL),(31206,'qr',100006231,'New QR-code generated',18,NULL,'2023-05-05 10:05:37',NULL,NULL,NULL,NULL),(31207,'qr',100006232,'New QR-code generated',34,NULL,'2023-05-05 12:05:38',NULL,NULL,NULL,NULL),(31208,'qr',100006233,'New QR-code generated',11,NULL,'2023-05-05 14:05:39',NULL,NULL,NULL,NULL),(31209,'qr',100006234,'New QR-code generated',10,NULL,'2023-05-05 16:05:40',NULL,NULL,NULL,NULL),(31210,'qr',100006235,'New QR-code generated',9,NULL,'2023-05-05 18:05:41',NULL,NULL,NULL,NULL),(31211,'qr',100006236,'New QR-code generated',19,NULL,'2023-05-05 20:05:42',NULL,NULL,NULL,NULL),(31212,'qr',100006237,'New QR-code generated',37,NULL,'2023-05-05 22:05:43',NULL,NULL,NULL,NULL),(31213,'qr',100006238,'New QR-code generated',18,NULL,'2023-05-06 00:05:44',NULL,NULL,NULL,NULL),(31214,'qr',100006239,'New QR-code generated',11,NULL,'2023-05-06 02:05:45',NULL,NULL,NULL,NULL),(31215,'qr',100006240,'New QR-code generated',6,NULL,'2023-05-06 04:05:46',NULL,NULL,NULL,NULL),(31216,'qr',100006241,'New QR-code generated',40,NULL,'2023-05-06 06:05:47',NULL,NULL,NULL,NULL),(31217,'qr',100006242,'New QR-code generated',10,NULL,'2023-05-06 08:05:48',NULL,NULL,NULL,NULL),(31218,'qr',100006243,'New QR-code generated',19,NULL,'2023-05-06 10:05:49',NULL,NULL,NULL,NULL),(31219,'qr',100006244,'New QR-code generated',24,NULL,'2023-05-06 12:05:50',NULL,NULL,NULL,NULL),(31220,'qr',100006245,'New QR-code generated',3,NULL,'2023-05-06 14:05:51',NULL,NULL,NULL,NULL),(31221,'qr',100006246,'New QR-code generated',32,NULL,'2023-05-06 16:05:52',NULL,NULL,NULL,NULL),(31222,'qr',100006247,'New QR-code generated',31,NULL,'2023-05-06 18:05:53',NULL,NULL,NULL,NULL),(31223,'qr',100006248,'New QR-code generated',16,NULL,'2023-05-06 20:05:54',NULL,NULL,NULL,NULL),(31224,'qr',100006249,'New QR-code generated',18,NULL,'2023-05-06 22:05:55',NULL,NULL,NULL,NULL),(31225,'qr',100006250,'New QR-code generated',23,NULL,'2023-05-07 00:05:56',NULL,NULL,NULL,NULL),(31226,'qr',100006251,'New QR-code generated',10,NULL,'2023-05-07 02:05:57',NULL,NULL,NULL,NULL),(31227,'qr',100006252,'New QR-code generated',4,NULL,'2023-05-07 04:05:58',NULL,NULL,NULL,NULL),(31228,'qr',100006253,'New QR-code generated',39,NULL,'2023-05-07 06:05:59',NULL,NULL,NULL,NULL),(31229,'qr',100006254,'New QR-code generated',39,NULL,'2023-05-07 08:06:00',NULL,NULL,NULL,NULL),(31230,'qr',100006255,'New QR-code generated',11,NULL,'2023-05-07 10:06:01',NULL,NULL,NULL,NULL),(31231,'qr',100006256,'New QR-code generated',18,NULL,'2023-05-07 12:06:02',NULL,NULL,NULL,NULL),(31232,'qr',100006257,'New QR-code generated',33,NULL,'2023-05-07 14:06:03',NULL,NULL,NULL,NULL),(31233,'qr',100006258,'New QR-code generated',15,NULL,'2023-05-07 16:06:04',NULL,NULL,NULL,NULL),(31234,'qr',100006259,'New QR-code generated',15,NULL,'2023-05-07 18:06:05',NULL,NULL,NULL,NULL),(31235,'qr',100006260,'New QR-code generated',23,NULL,'2023-05-07 20:06:06',NULL,NULL,NULL,NULL),(31236,'qr',100006261,'New QR-code generated',17,NULL,'2023-05-07 22:06:07',NULL,NULL,NULL,NULL),(31237,'qr',100006262,'New QR-code generated',18,NULL,'2023-05-08 00:06:08',NULL,NULL,NULL,NULL),(31238,'qr',100006263,'New QR-code generated',19,NULL,'2023-05-08 02:06:09',NULL,NULL,NULL,NULL),(31239,'qr',100006264,'New QR-code generated',41,NULL,'2023-05-08 04:06:10',NULL,NULL,NULL,NULL),(31240,'qr',100006265,'New QR-code generated',19,NULL,'2023-05-08 06:06:11',NULL,NULL,NULL,NULL),(31241,'qr',100006266,'New QR-code generated',18,NULL,'2023-05-08 08:06:12',NULL,NULL,NULL,NULL),(31242,'qr',100006267,'New QR-code generated',10,NULL,'2023-05-08 10:06:13',NULL,NULL,NULL,NULL),(31243,'qr',100006268,'New QR-code generated',25,NULL,'2023-05-08 12:06:14',NULL,NULL,NULL,NULL),(31244,'qr',100006269,'New QR-code generated',11,NULL,'2023-05-08 14:06:15',NULL,NULL,NULL,NULL),(31245,'qr',100006270,'New QR-code generated',17,NULL,'2023-05-08 16:06:16',NULL,NULL,NULL,NULL),(31246,'qr',100006271,'New QR-code generated',5,NULL,'2023-05-08 18:06:17',NULL,NULL,NULL,NULL),(31247,'qr',100006272,'New QR-code generated',10,NULL,'2023-05-08 20:06:18',NULL,NULL,NULL,NULL),(31248,'qr',100006273,'New QR-code generated',12,NULL,'2023-05-08 22:06:19',NULL,NULL,NULL,NULL),(31249,'qr',100006274,'New QR-code generated',5,NULL,'2023-05-09 00:06:20',NULL,NULL,NULL,NULL),(31250,'qr',100006275,'New QR-code generated',4,NULL,'2023-05-09 02:06:21',NULL,NULL,NULL,NULL),(31251,'qr',100006276,'New QR-code generated',32,NULL,'2023-05-09 04:06:22',NULL,NULL,NULL,NULL),(31252,'qr',100006277,'New QR-code generated',40,NULL,'2023-05-09 06:06:23',NULL,NULL,NULL,NULL),(31253,'qr',100006278,'New QR-code generated',7,NULL,'2023-05-09 08:06:24',NULL,NULL,NULL,NULL),(31254,'qr',100006279,'New QR-code generated',4,NULL,'2023-05-09 10:06:25',NULL,NULL,NULL,NULL),(31255,'qr',100006280,'New QR-code generated',8,NULL,'2023-05-09 12:06:26',NULL,NULL,NULL,NULL),(31256,'qr',100006281,'New QR-code generated',5,NULL,'2023-05-09 14:06:27',NULL,NULL,NULL,NULL),(31257,'qr',100006282,'New QR-code generated',7,NULL,'2023-05-09 16:06:28',NULL,NULL,NULL,NULL),(31258,'qr',100006283,'New QR-code generated',32,NULL,'2023-05-09 18:06:29',NULL,NULL,NULL,NULL),(31259,'qr',100006284,'New QR-code generated',9,NULL,'2023-05-09 20:06:30',NULL,NULL,NULL,NULL),(31260,'qr',100006285,'New QR-code generated',6,NULL,'2023-05-09 22:06:31',NULL,NULL,NULL,NULL),(31261,'qr',100006286,'New QR-code generated',41,NULL,'2023-05-10 00:06:32',NULL,NULL,NULL,NULL),(31262,'qr',100006287,'New QR-code generated',8,NULL,'2023-05-10 02:06:33',NULL,NULL,NULL,NULL),(31263,'qr',100006288,'New QR-code generated',31,NULL,'2023-05-10 04:06:34',NULL,NULL,NULL,NULL),(31264,'qr',100006289,'New QR-code generated',10,NULL,'2023-05-10 06:06:35',NULL,NULL,NULL,NULL),(31265,'qr',100006290,'New QR-code generated',18,NULL,'2023-05-10 08:06:36',NULL,NULL,NULL,NULL),(31266,'qr',100006291,'New QR-code generated',18,NULL,'2023-05-10 10:06:37',NULL,NULL,NULL,NULL),(31267,'qr',100006292,'New QR-code generated',33,NULL,'2023-05-10 12:06:38',NULL,NULL,NULL,NULL),(31268,'qr',100006293,'New QR-code generated',10,NULL,'2023-05-10 14:06:39',NULL,NULL,NULL,NULL),(31269,'qr',100006294,'New QR-code generated',23,NULL,'2023-05-10 16:06:40',NULL,NULL,NULL,NULL),(31270,'qr',100006295,'New QR-code generated',31,NULL,'2023-05-10 18:06:41',NULL,NULL,NULL,NULL),(31271,'qr',100006296,'New QR-code generated',25,NULL,'2023-05-10 20:06:42',NULL,NULL,NULL,NULL),(31272,'qr',100006297,'New QR-code generated',25,NULL,'2023-05-10 22:06:43',NULL,NULL,NULL,NULL),(31273,'qr',100006298,'New QR-code generated',40,NULL,'2023-05-11 00:06:44',NULL,NULL,NULL,NULL),(31274,'qr',100006299,'New QR-code generated',18,NULL,'2023-05-11 02:06:45',NULL,NULL,NULL,NULL),(31275,'qr',100006300,'New QR-code generated',34,NULL,'2023-05-11 04:06:46',NULL,NULL,NULL,NULL),(31276,'qr',100006301,'New QR-code generated',12,NULL,'2023-05-11 06:06:47',NULL,NULL,NULL,NULL),(31277,'qr',100006302,'New QR-code generated',41,NULL,'2023-05-11 08:06:48',NULL,NULL,NULL,NULL),(31278,'qr',100006303,'New QR-code generated',3,NULL,'2023-05-11 10:06:49',NULL,NULL,NULL,NULL),(31279,'qr',100006304,'New QR-code generated',11,NULL,'2023-05-11 12:06:50',NULL,NULL,NULL,NULL),(31280,'qr',100006305,'New QR-code generated',4,NULL,'2023-05-11 14:06:51',NULL,NULL,NULL,NULL),(31281,'qr',100006306,'New QR-code generated',3,NULL,'2023-05-11 16:06:52',NULL,NULL,NULL,NULL),(31282,'qr',100006307,'New QR-code generated',41,NULL,'2023-05-11 18:06:53',NULL,NULL,NULL,NULL),(31283,'qr',100006308,'New QR-code generated',41,NULL,'2023-05-11 20:06:54',NULL,NULL,NULL,NULL),(31284,'qr',100006309,'New QR-code generated',10,NULL,'2023-05-11 22:06:55',NULL,NULL,NULL,NULL),(31285,'qr',100006310,'New QR-code generated',19,NULL,'2023-05-12 00:06:56',NULL,NULL,NULL,NULL),(31286,'qr',100006311,'New QR-code generated',3,NULL,'2023-05-12 02:06:57',NULL,NULL,NULL,NULL),(31287,'qr',100006312,'New QR-code generated',10,NULL,'2023-05-12 04:06:58',NULL,NULL,NULL,NULL),(31288,'qr',100006313,'New QR-code generated',9,NULL,'2023-05-12 06:06:59',NULL,NULL,NULL,NULL),(31289,'qr',100006314,'New QR-code generated',4,NULL,'2023-05-12 08:07:00',NULL,NULL,NULL,NULL),(31290,'qr',100006315,'New QR-code generated',41,NULL,'2023-05-12 10:07:01',NULL,NULL,NULL,NULL),(31291,'qr',100006316,'New QR-code generated',11,NULL,'2023-05-12 12:07:02',NULL,NULL,NULL,NULL),(31292,'qr',100006317,'New QR-code generated',34,NULL,'2023-05-12 14:07:03',NULL,NULL,NULL,NULL),(31293,'qr',100006318,'New QR-code generated',19,NULL,'2023-05-12 16:07:04',NULL,NULL,NULL,NULL),(31294,'qr',100006319,'New QR-code generated',5,NULL,'2023-05-12 18:07:05',NULL,NULL,NULL,NULL),(31295,'qr',100006320,'New QR-code generated',24,NULL,'2023-05-12 20:07:06',NULL,NULL,NULL,NULL),(31296,'qr',100006321,'New QR-code generated',3,NULL,'2023-05-12 22:07:07',NULL,NULL,NULL,NULL),(31297,'qr',100006322,'New QR-code generated',19,NULL,'2023-05-13 00:07:08',NULL,NULL,NULL,NULL),(31298,'qr',100006323,'New QR-code generated',33,NULL,'2023-05-13 02:07:09',NULL,NULL,NULL,NULL),(31299,'qr',100006324,'New QR-code generated',40,NULL,'2023-05-13 04:07:10',NULL,NULL,NULL,NULL),(31300,'qr',100006325,'New QR-code generated',16,NULL,'2023-05-13 06:07:11',NULL,NULL,NULL,NULL),(31301,'qr',100006326,'New QR-code generated',18,NULL,'2023-05-13 08:07:12',NULL,NULL,NULL,NULL),(31302,'qr',100006327,'New QR-code generated',8,NULL,'2023-05-13 10:07:13',NULL,NULL,NULL,NULL),(31303,'qr',100006328,'New QR-code generated',8,NULL,'2023-05-13 12:07:14',NULL,NULL,NULL,NULL),(31304,'qr',100006329,'New QR-code generated',15,NULL,'2023-05-13 14:07:15',NULL,NULL,NULL,NULL),(31305,'qr',100006330,'New QR-code generated',4,NULL,'2023-05-13 16:07:16',NULL,NULL,NULL,NULL),(31306,'qr',100006331,'New QR-code generated',6,NULL,'2023-05-13 18:07:17',NULL,NULL,NULL,NULL),(31307,'qr',100006332,'New QR-code generated',16,NULL,'2023-05-13 20:07:18',NULL,NULL,NULL,NULL),(31308,'qr',100006333,'New QR-code generated',40,NULL,'2023-05-13 22:07:19',NULL,NULL,NULL,NULL),(31309,'qr',100006334,'New QR-code generated',11,NULL,'2023-05-14 00:07:20',NULL,NULL,NULL,NULL),(31310,'qr',100006335,'New QR-code generated',32,NULL,'2023-05-14 02:07:21',NULL,NULL,NULL,NULL),(31311,'qr',100006336,'New QR-code generated',15,NULL,'2023-05-14 04:07:22',NULL,NULL,NULL,NULL),(31312,'qr',100006337,'New QR-code generated',38,NULL,'2023-05-14 06:07:23',NULL,NULL,NULL,NULL),(31313,'qr',100006338,'New QR-code generated',24,NULL,'2023-05-14 08:07:24',NULL,NULL,NULL,NULL),(31314,'qr',100006339,'New QR-code generated',20,NULL,'2023-05-14 10:07:25',NULL,NULL,NULL,NULL),(31315,'qr',100006340,'New QR-code generated',11,NULL,'2023-05-14 12:07:26',NULL,NULL,NULL,NULL),(31316,'qr',100006341,'New QR-code generated',18,NULL,'2023-05-14 14:07:27',NULL,NULL,NULL,NULL),(31317,'qr',100006342,'New QR-code generated',32,NULL,'2023-05-14 16:07:28',NULL,NULL,NULL,NULL),(31318,'qr',100006343,'New QR-code generated',17,NULL,'2023-05-14 18:07:29',NULL,NULL,NULL,NULL),(31319,'qr',100006344,'New QR-code generated',4,NULL,'2023-05-14 20:07:30',NULL,NULL,NULL,NULL),(31320,'qr',100006345,'New QR-code generated',40,NULL,'2023-05-14 22:07:31',NULL,NULL,NULL,NULL),(31321,'qr',100006346,'New QR-code generated',38,NULL,'2023-05-15 00:07:32',NULL,NULL,NULL,NULL),(31322,'qr',100006347,'New QR-code generated',23,NULL,'2023-05-15 02:07:33',NULL,NULL,NULL,NULL),(31323,'qr',100006348,'New QR-code generated',17,NULL,'2023-05-15 04:07:34',NULL,NULL,NULL,NULL),(31324,'qr',100006349,'New QR-code generated',9,NULL,'2023-05-15 06:07:35',NULL,NULL,NULL,NULL),(31325,'qr',100006350,'New QR-code generated',23,NULL,'2023-05-15 08:07:36',NULL,NULL,NULL,NULL),(31326,'qr',100006351,'New QR-code generated',8,NULL,'2023-05-15 10:07:37',NULL,NULL,NULL,NULL),(31327,'qr',100006352,'New QR-code generated',15,NULL,'2023-05-15 12:07:38',NULL,NULL,NULL,NULL),(31328,'qr',100006353,'New QR-code generated',15,NULL,'2023-05-15 14:07:39',NULL,NULL,NULL,NULL),(31329,'qr',100006354,'New QR-code generated',7,NULL,'2023-05-15 16:07:40',NULL,NULL,NULL,NULL),(31330,'qr',100006355,'New QR-code generated',18,NULL,'2023-05-15 18:07:41',NULL,NULL,NULL,NULL),(31331,'qr',100006356,'New QR-code generated',2,NULL,'2023-05-15 20:07:42',NULL,NULL,NULL,NULL),(31332,'qr',100006357,'New QR-code generated',2,NULL,'2023-05-15 22:07:43',NULL,NULL,NULL,NULL),(31333,'qr',100006358,'New QR-code generated',16,NULL,'2023-05-16 00:07:44',NULL,NULL,NULL,NULL),(31334,'qr',100006359,'New QR-code generated',6,NULL,'2023-05-16 02:07:45',NULL,NULL,NULL,NULL),(31335,'qr',100006360,'New QR-code generated',34,NULL,'2023-05-16 04:07:46',NULL,NULL,NULL,NULL),(31336,'qr',100006361,'New QR-code generated',17,NULL,'2023-05-16 06:07:47',NULL,NULL,NULL,NULL),(31337,'qr',100006362,'New QR-code generated',18,NULL,'2023-05-16 08:07:48',NULL,NULL,NULL,NULL),(31338,'qr',100006363,'New QR-code generated',17,NULL,'2023-05-16 10:07:49',NULL,NULL,NULL,NULL),(31339,'qr',100006364,'New QR-code generated',10,NULL,'2023-05-16 12:07:50',NULL,NULL,NULL,NULL),(31340,'qr',100006365,'New QR-code generated',34,NULL,'2023-05-16 14:07:51',NULL,NULL,NULL,NULL),(31341,'qr',100006366,'New QR-code generated',15,NULL,'2023-05-16 16:07:52',NULL,NULL,NULL,NULL),(31342,'qr',100006367,'New QR-code generated',20,NULL,'2023-05-16 18:07:53',NULL,NULL,NULL,NULL),(31343,'qr',100006368,'New QR-code generated',10,NULL,'2023-05-16 20:07:54',NULL,NULL,NULL,NULL),(31344,'qr',100006369,'New QR-code generated',34,NULL,'2023-05-16 22:07:55',NULL,NULL,NULL,NULL),(31345,'qr',100006370,'New QR-code generated',18,NULL,'2023-05-17 00:07:56',NULL,NULL,NULL,NULL),(31346,'qr',100006371,'New QR-code generated',16,NULL,'2023-05-17 02:07:57',NULL,NULL,NULL,NULL),(31347,'qr',100006372,'New QR-code generated',11,NULL,'2023-05-17 04:07:58',NULL,NULL,NULL,NULL),(31348,'qr',100006373,'New QR-code generated',11,NULL,'2023-05-17 06:07:59',NULL,NULL,NULL,NULL),(31349,'qr',100006374,'New QR-code generated',39,NULL,'2023-05-17 08:08:00',NULL,NULL,NULL,NULL),(31350,'qr',100006375,'New QR-code generated',18,NULL,'2023-05-17 10:08:01',NULL,NULL,NULL,NULL),(31351,'qr',100006376,'New QR-code generated',33,NULL,'2023-05-17 12:08:02',NULL,NULL,NULL,NULL),(31352,'qr',100006377,'New QR-code generated',15,NULL,'2023-05-17 14:08:03',NULL,NULL,NULL,NULL),(31353,'qr',100006378,'New QR-code generated',18,NULL,'2023-05-17 16:08:04',NULL,NULL,NULL,NULL),(31354,'qr',100006379,'New QR-code generated',40,NULL,'2023-05-17 18:08:05',NULL,NULL,NULL,NULL),(31355,'qr',100006380,'New QR-code generated',5,NULL,'2023-05-17 20:08:06',NULL,NULL,NULL,NULL),(31356,'qr',100006381,'New QR-code generated',16,NULL,'2023-05-17 22:08:07',NULL,NULL,NULL,NULL),(31357,'qr',100006382,'New QR-code generated',40,NULL,'2023-05-18 00:08:08',NULL,NULL,NULL,NULL),(31358,'qr',100006383,'New QR-code generated',9,NULL,'2023-05-18 02:08:09',NULL,NULL,NULL,NULL),(31359,'qr',100006384,'New QR-code generated',16,NULL,'2023-05-18 04:08:10',NULL,NULL,NULL,NULL),(31360,'qr',100006385,'New QR-code generated',20,NULL,'2023-05-18 06:08:11',NULL,NULL,NULL,NULL),(31361,'qr',100006386,'New QR-code generated',24,NULL,'2023-05-18 08:08:12',NULL,NULL,NULL,NULL),(31362,'qr',100006387,'New QR-code generated',19,NULL,'2023-05-18 10:08:13',NULL,NULL,NULL,NULL),(31363,'qr',100006388,'New QR-code generated',3,NULL,'2023-05-18 12:08:14',NULL,NULL,NULL,NULL),(31364,'qr',100006389,'New QR-code generated',7,NULL,'2023-05-18 14:08:15',NULL,NULL,NULL,NULL),(31365,'qr',100006390,'New QR-code generated',17,NULL,'2023-05-18 16:08:16',NULL,NULL,NULL,NULL),(31366,'qr',100006391,'New QR-code generated',3,NULL,'2023-05-18 18:08:17',NULL,NULL,NULL,NULL),(31367,'qr',100006392,'New QR-code generated',16,NULL,'2023-05-18 20:08:18',NULL,NULL,NULL,NULL),(31368,'qr',100006393,'New QR-code generated',10,NULL,'2023-05-18 22:08:19',NULL,NULL,NULL,NULL),(31369,'qr',100006394,'New QR-code generated',34,NULL,'2023-05-19 00:08:20',NULL,NULL,NULL,NULL),(31370,'qr',100006395,'New QR-code generated',9,NULL,'2023-05-19 02:08:21',NULL,NULL,NULL,NULL),(31371,'qr',100006396,'New QR-code generated',38,NULL,'2023-05-19 04:08:22',NULL,NULL,NULL,NULL),(31372,'qr',100006397,'New QR-code generated',32,NULL,'2023-05-19 06:08:23',NULL,NULL,NULL,NULL),(31373,'qr',100006398,'New QR-code generated',7,NULL,'2023-05-19 08:08:24',NULL,NULL,NULL,NULL),(31374,'qr',100006399,'New QR-code generated',16,NULL,'2023-05-19 10:08:25',NULL,NULL,NULL,NULL),(31375,'qr',100006400,'New QR-code generated',16,NULL,'2023-05-19 12:08:26',NULL,NULL,NULL,NULL),(31376,'qr',100006401,'New QR-code generated',16,NULL,'2023-05-19 14:08:27',NULL,NULL,NULL,NULL),(31377,'qr',100006402,'New QR-code generated',38,NULL,'2023-05-19 16:08:28',NULL,NULL,NULL,NULL),(31378,'qr',100006403,'New QR-code generated',33,NULL,'2023-05-19 18:08:29',NULL,NULL,NULL,NULL),(31379,'qr',100006404,'New QR-code generated',11,NULL,'2023-05-19 20:08:30',NULL,NULL,NULL,NULL),(31380,'qr',100006405,'New QR-code generated',17,NULL,'2023-05-19 22:08:31',NULL,NULL,NULL,NULL),(31381,'qr',100006406,'New QR-code generated',31,NULL,'2023-05-20 00:08:32',NULL,NULL,NULL,NULL),(31382,'qr',100006407,'New QR-code generated',16,NULL,'2023-05-20 02:08:33',NULL,NULL,NULL,NULL),(31383,'qr',100006408,'New QR-code generated',20,NULL,'2023-05-20 04:08:34',NULL,NULL,NULL,NULL),(31384,'qr',100006409,'New QR-code generated',10,NULL,'2023-05-20 06:08:35',NULL,NULL,NULL,NULL),(31385,'qr',100006410,'New QR-code generated',18,NULL,'2023-05-20 08:08:36',NULL,NULL,NULL,NULL),(31386,'qr',100006411,'New QR-code generated',5,NULL,'2023-05-20 10:08:37',NULL,NULL,NULL,NULL),(31387,'qr',100006412,'New QR-code generated',23,NULL,'2023-05-20 12:08:38',NULL,NULL,NULL,NULL),(31388,'qr',100006413,'New QR-code generated',25,NULL,'2023-05-20 14:08:39',NULL,NULL,NULL,NULL),(31389,'qr',100006414,'New QR-code generated',38,NULL,'2023-05-20 16:08:40',NULL,NULL,NULL,NULL),(31390,'qr',100006415,'New QR-code generated',16,NULL,'2023-05-20 18:08:41',NULL,NULL,NULL,NULL),(31391,'qr',100006416,'New QR-code generated',11,NULL,'2023-05-20 20:08:42',NULL,NULL,NULL,NULL),(31392,'qr',100006417,'New QR-code generated',7,NULL,'2023-05-20 22:08:43',NULL,NULL,NULL,NULL),(31393,'qr',100006418,'New QR-code generated',3,NULL,'2023-05-21 00:08:44',NULL,NULL,NULL,NULL),(31394,'qr',100006419,'New QR-code generated',17,NULL,'2023-05-21 02:08:45',NULL,NULL,NULL,NULL),(31395,'qr',100006420,'New QR-code generated',10,NULL,'2023-05-21 04:08:46',NULL,NULL,NULL,NULL),(31396,'qr',100006421,'New QR-code generated',23,NULL,'2023-05-21 06:08:47',NULL,NULL,NULL,NULL),(31397,'qr',100006422,'New QR-code generated',15,NULL,'2023-05-21 08:08:48',NULL,NULL,NULL,NULL),(31398,'qr',100006423,'New QR-code generated',15,NULL,'2023-05-21 10:08:49',NULL,NULL,NULL,NULL),(31399,'qr',100006424,'New QR-code generated',18,NULL,'2023-05-21 12:08:50',NULL,NULL,NULL,NULL),(31400,'qr',100006425,'New QR-code generated',38,NULL,'2023-05-21 14:08:51',NULL,NULL,NULL,NULL),(31401,'qr',100006426,'New QR-code generated',8,NULL,'2023-05-21 16:08:52',NULL,NULL,NULL,NULL),(31402,'qr',100006427,'New QR-code generated',40,NULL,'2023-05-21 18:08:53',NULL,NULL,NULL,NULL),(31403,'qr',100006428,'New QR-code generated',17,NULL,'2023-05-21 20:08:54',NULL,NULL,NULL,NULL),(31404,'qr',100006429,'New QR-code generated',18,NULL,'2023-05-21 22:08:55',NULL,NULL,NULL,NULL),(31405,'qr',100006430,'New QR-code generated',11,NULL,'2023-05-22 00:08:56',NULL,NULL,NULL,NULL),(31406,'qr',100006431,'New QR-code generated',15,NULL,'2023-05-22 02:08:57',NULL,NULL,NULL,NULL),(31407,'qr',100006432,'New QR-code generated',10,NULL,'2023-05-22 04:08:58',NULL,NULL,NULL,NULL),(31408,'qr',100006433,'New QR-code generated',18,NULL,'2023-05-22 06:08:59',NULL,NULL,NULL,NULL),(31409,'qr',100006434,'New QR-code generated',8,NULL,'2023-05-22 08:09:00',NULL,NULL,NULL,NULL),(31410,'qr',100006435,'New QR-code generated',40,NULL,'2023-05-22 10:09:01',NULL,NULL,NULL,NULL),(31411,'qr',100006436,'New QR-code generated',4,NULL,'2023-05-22 12:09:02',NULL,NULL,NULL,NULL),(31412,'qr',100006437,'New QR-code generated',16,NULL,'2023-05-22 14:09:03',NULL,NULL,NULL,NULL),(31413,'qr',100006438,'New QR-code generated',7,NULL,'2023-05-22 16:09:04',NULL,NULL,NULL,NULL),(31414,'qr',100006439,'New QR-code generated',18,NULL,'2023-05-22 18:09:05',NULL,NULL,NULL,NULL),(31415,'qr',100006440,'New QR-code generated',18,NULL,'2023-05-22 20:09:06',NULL,NULL,NULL,NULL),(31416,'qr',100006441,'New QR-code generated',37,NULL,'2023-05-22 22:09:07',NULL,NULL,NULL,NULL),(31417,'qr',100006442,'New QR-code generated',5,NULL,'2023-05-23 00:09:08',NULL,NULL,NULL,NULL),(31418,'qr',100006443,'New QR-code generated',24,NULL,'2023-05-23 02:09:09',NULL,NULL,NULL,NULL),(31419,'qr',100006444,'New QR-code generated',20,NULL,'2023-05-23 04:09:10',NULL,NULL,NULL,NULL),(31420,'qr',100006445,'New QR-code generated',38,NULL,'2023-05-23 06:09:11',NULL,NULL,NULL,NULL),(31421,'qr',100006446,'New QR-code generated',18,NULL,'2023-05-23 08:09:12',NULL,NULL,NULL,NULL),(31422,'qr',100006447,'New QR-code generated',16,NULL,'2023-05-23 10:09:13',NULL,NULL,NULL,NULL),(31423,'qr',100006448,'New QR-code generated',34,NULL,'2023-05-23 12:09:14',NULL,NULL,NULL,NULL),(31424,'qr',100006449,'New QR-code generated',38,NULL,'2023-05-23 14:09:15',NULL,NULL,NULL,NULL),(31425,'qr',100006450,'New QR-code generated',23,NULL,'2023-05-23 16:09:16',NULL,NULL,NULL,NULL),(31426,'qr',100006451,'New QR-code generated',31,NULL,'2023-05-23 18:09:17',NULL,NULL,NULL,NULL),(31427,'qr',100006452,'New QR-code generated',23,NULL,'2023-05-23 20:09:18',NULL,NULL,NULL,NULL),(31428,'qr',100006453,'New QR-code generated',16,NULL,'2023-05-23 22:09:19',NULL,NULL,NULL,NULL),(31429,'qr',100006454,'New QR-code generated',8,NULL,'2023-05-24 00:09:20',NULL,NULL,NULL,NULL),(31430,'qr',100006455,'New QR-code generated',34,NULL,'2023-05-24 02:09:21',NULL,NULL,NULL,NULL),(31431,'qr',100006456,'New QR-code generated',16,NULL,'2023-05-24 04:09:22',NULL,NULL,NULL,NULL),(31432,'qr',100006457,'New QR-code generated',11,NULL,'2023-05-24 06:09:23',NULL,NULL,NULL,NULL),(31433,'qr',100006458,'New QR-code generated',10,NULL,'2023-05-24 08:09:24',NULL,NULL,NULL,NULL),(31434,'qr',100006459,'New QR-code generated',16,NULL,'2023-05-24 10:09:25',NULL,NULL,NULL,NULL),(31435,'qr',100006460,'New QR-code generated',24,NULL,'2023-05-24 12:09:26',NULL,NULL,NULL,NULL),(31436,'qr',100006461,'New QR-code generated',10,NULL,'2023-05-24 14:09:27',NULL,NULL,NULL,NULL),(31437,'qr',100006462,'New QR-code generated',33,NULL,'2023-05-24 16:09:28',NULL,NULL,NULL,NULL),(31438,'qr',100006463,'New QR-code generated',4,NULL,'2023-05-24 18:09:29',NULL,NULL,NULL,NULL),(31439,'qr',100006464,'New QR-code generated',17,NULL,'2023-05-24 20:09:30',NULL,NULL,NULL,NULL),(31440,'qr',100006465,'New QR-code generated',8,NULL,'2023-05-24 22:09:31',NULL,NULL,NULL,NULL),(31441,'qr',100006466,'New QR-code generated',33,NULL,'2023-05-25 00:09:32',NULL,NULL,NULL,NULL),(31442,'qr',100006467,'New QR-code generated',8,NULL,'2023-05-25 02:09:33',NULL,NULL,NULL,NULL),(31443,'qr',100006468,'New QR-code generated',2,NULL,'2023-05-25 04:09:34',NULL,NULL,NULL,NULL),(31444,'qr',100006469,'New QR-code generated',9,NULL,'2023-05-25 06:09:35',NULL,NULL,NULL,NULL),(31445,'qr',100006470,'New QR-code generated',16,NULL,'2023-05-25 08:09:36',NULL,NULL,NULL,NULL),(31446,'qr',100006471,'New QR-code generated',31,NULL,'2023-05-25 10:09:37',NULL,NULL,NULL,NULL),(31447,'qr',100006472,'New QR-code generated',12,NULL,'2023-05-25 12:09:38',NULL,NULL,NULL,NULL),(31448,'qr',100006473,'New QR-code generated',9,NULL,'2023-05-25 14:09:39',NULL,NULL,NULL,NULL),(31449,'qr',100006474,'New QR-code generated',39,NULL,'2023-05-25 16:09:40',NULL,NULL,NULL,NULL),(31450,'qr',100006475,'New QR-code generated',23,NULL,'2023-05-25 18:09:41',NULL,NULL,NULL,NULL),(31451,'qr',100006476,'New QR-code generated',41,NULL,'2023-05-25 20:09:42',NULL,NULL,NULL,NULL),(31452,'qr',100006477,'New QR-code generated',18,NULL,'2023-05-25 22:09:43',NULL,NULL,NULL,NULL),(31453,'qr',100006478,'New QR-code generated',23,NULL,'2023-05-26 00:09:44',NULL,NULL,NULL,NULL),(31454,'qr',100006479,'New QR-code generated',17,NULL,'2023-05-26 02:09:45',NULL,NULL,NULL,NULL),(31455,'qr',100006480,'New QR-code generated',12,NULL,'2023-05-26 04:09:46',NULL,NULL,NULL,NULL),(31456,'qr',100006481,'New QR-code generated',4,NULL,'2023-05-26 06:09:47',NULL,NULL,NULL,NULL),(31457,'qr',100006482,'New QR-code generated',39,NULL,'2023-05-26 08:09:48',NULL,NULL,NULL,NULL),(31458,'qr',100006483,'New QR-code generated',32,NULL,'2023-05-26 10:09:49',NULL,NULL,NULL,NULL),(31459,'qr',100006484,'New QR-code generated',10,NULL,'2023-05-26 12:09:50',NULL,NULL,NULL,NULL),(31460,'qr',100006485,'New QR-code generated',6,NULL,'2023-05-26 14:09:51',NULL,NULL,NULL,NULL),(31461,'qr',100006486,'New QR-code generated',37,NULL,'2023-05-26 16:09:52',NULL,NULL,NULL,NULL),(31462,'qr',100006487,'New QR-code generated',24,NULL,'2023-05-26 18:09:53',NULL,NULL,NULL,NULL),(31463,'qr',100006488,'New QR-code generated',4,NULL,'2023-05-26 20:09:54',NULL,NULL,NULL,NULL),(31464,'qr',100006489,'New QR-code generated',7,NULL,'2023-05-26 22:09:55',NULL,NULL,NULL,NULL),(31465,'qr',100006490,'New QR-code generated',25,NULL,'2023-05-27 00:09:56',NULL,NULL,NULL,NULL),(31466,'qr',100006491,'New QR-code generated',20,NULL,'2023-05-27 02:09:57',NULL,NULL,NULL,NULL),(31467,'qr',100006492,'New QR-code generated',3,NULL,'2023-05-27 04:09:58',NULL,NULL,NULL,NULL),(31468,'qr',100006493,'New QR-code generated',18,NULL,'2023-05-27 06:09:59',NULL,NULL,NULL,NULL),(31469,'qr',100006494,'New QR-code generated',4,NULL,'2023-05-27 08:10:00',NULL,NULL,NULL,NULL),(31470,'qr',100006495,'New QR-code generated',10,NULL,'2023-05-27 10:10:01',NULL,NULL,NULL,NULL),(31471,'qr',100006496,'New QR-code generated',15,NULL,'2023-05-27 12:10:02',NULL,NULL,NULL,NULL),(31472,'qr',100006497,'New QR-code generated',4,NULL,'2023-05-27 14:10:03',NULL,NULL,NULL,NULL),(31473,'qr',100006498,'New QR-code generated',17,NULL,'2023-05-27 16:10:04',NULL,NULL,NULL,NULL),(31474,'qr',100006499,'New QR-code generated',15,NULL,'2023-05-27 18:10:05',NULL,NULL,NULL,NULL),(31475,'qr',100006500,'New QR-code generated',18,NULL,'2023-05-27 20:10:06',NULL,NULL,NULL,NULL),(31476,'qr',100006501,'New QR-code generated',17,NULL,'2023-05-27 22:10:07',NULL,NULL,NULL,NULL),(31477,'qr',100006502,'New QR-code generated',18,NULL,'2023-05-28 00:10:08',NULL,NULL,NULL,NULL),(31478,'qr',100006503,'New QR-code generated',15,NULL,'2023-05-28 02:10:09',NULL,NULL,NULL,NULL),(31479,'qr',100006504,'New QR-code generated',10,NULL,'2023-05-28 04:10:10',NULL,NULL,NULL,NULL),(31480,'qr',100006505,'New QR-code generated',17,NULL,'2023-05-28 06:10:11',NULL,NULL,NULL,NULL),(31481,'qr',100006506,'New QR-code generated',31,NULL,'2023-05-28 08:10:12',NULL,NULL,NULL,NULL),(31482,'qr',100006507,'New QR-code generated',6,NULL,'2023-05-28 10:10:13',NULL,NULL,NULL,NULL),(31483,'qr',100006508,'New QR-code generated',33,NULL,'2023-05-28 12:10:14',NULL,NULL,NULL,NULL),(31484,'qr',100006509,'New QR-code generated',15,NULL,'2023-05-28 14:10:15',NULL,NULL,NULL,NULL),(31485,'qr',100006510,'New QR-code generated',24,NULL,'2023-05-28 16:10:16',NULL,NULL,NULL,NULL),(31486,'qr',100006511,'New QR-code generated',37,NULL,'2023-05-28 18:10:17',NULL,NULL,NULL,NULL),(31487,'qr',100006512,'New QR-code generated',23,NULL,'2023-05-28 20:10:18',NULL,NULL,NULL,NULL),(31488,'qr',100006513,'New QR-code generated',9,NULL,'2023-05-28 22:10:19',NULL,NULL,NULL,NULL),(31489,'qr',100006514,'New QR-code generated',8,NULL,'2023-05-29 00:10:20',NULL,NULL,NULL,NULL),(31490,'qr',100006515,'New QR-code generated',15,NULL,'2023-05-29 02:10:21',NULL,NULL,NULL,NULL),(31491,'qr',100006516,'New QR-code generated',3,NULL,'2023-05-29 04:10:22',NULL,NULL,NULL,NULL),(31492,'qr',100006517,'New QR-code generated',16,NULL,'2023-05-29 06:10:23',NULL,NULL,NULL,NULL),(31493,'qr',100006518,'New QR-code generated',34,NULL,'2023-05-29 08:10:24',NULL,NULL,NULL,NULL),(31494,'qr',100006519,'New QR-code generated',10,NULL,'2023-05-29 10:10:25',NULL,NULL,NULL,NULL),(31495,'qr',100006520,'New QR-code generated',17,NULL,'2023-05-29 12:10:26',NULL,NULL,NULL,NULL),(31496,'qr',100006521,'New QR-code generated',38,NULL,'2023-05-29 14:10:27',NULL,NULL,NULL,NULL),(31497,'qr',100006522,'New QR-code generated',19,NULL,'2023-05-29 16:10:28',NULL,NULL,NULL,NULL),(31498,'qr',100006523,'New QR-code generated',24,NULL,'2023-05-29 18:10:29',NULL,NULL,NULL,NULL),(31499,'qr',100006524,'New QR-code generated',18,NULL,'2023-05-29 20:10:30',NULL,NULL,NULL,NULL),(31500,'qr',100006525,'New QR-code generated',19,NULL,'2023-05-29 22:10:31',NULL,NULL,NULL,NULL),(31501,'qr',100006526,'New QR-code generated',10,NULL,'2023-05-30 00:10:32',NULL,NULL,NULL,NULL),(31502,'qr',100006527,'New QR-code generated',19,NULL,'2023-05-30 02:10:33',NULL,NULL,NULL,NULL),(31503,'qr',100006528,'New QR-code generated',41,NULL,'2023-05-30 04:10:34',NULL,NULL,NULL,NULL),(31504,'qr',100006529,'New QR-code generated',10,NULL,'2023-05-30 06:10:35',NULL,NULL,NULL,NULL),(31505,'qr',100006530,'New QR-code generated',10,NULL,'2023-05-30 08:10:36',NULL,NULL,NULL,NULL),(31506,'qr',100006531,'New QR-code generated',3,NULL,'2023-05-30 10:10:37',NULL,NULL,NULL,NULL),(31507,'qr',100006532,'New QR-code generated',39,NULL,'2023-05-30 12:10:38',NULL,NULL,NULL,NULL),(31508,'qr',100006533,'New QR-code generated',32,NULL,'2023-05-30 14:10:39',NULL,NULL,NULL,NULL),(31509,'qr',100006534,'New QR-code generated',8,NULL,'2023-05-30 16:10:40',NULL,NULL,NULL,NULL),(31510,'qr',100006535,'New QR-code generated',10,NULL,'2023-05-30 18:10:41',NULL,NULL,NULL,NULL),(31511,'qr',100006536,'New QR-code generated',11,NULL,'2023-05-30 20:10:42',NULL,NULL,NULL,NULL),(31512,'qr',100006537,'New QR-code generated',18,NULL,'2023-05-30 22:10:43',NULL,NULL,NULL,NULL),(31513,'qr',100006538,'New QR-code generated',39,NULL,'2023-05-31 00:10:44',NULL,NULL,NULL,NULL),(31514,'qr',100006539,'New QR-code generated',16,NULL,'2023-05-31 02:10:45',NULL,NULL,NULL,NULL),(31515,'qr',100006540,'New QR-code generated',33,NULL,'2023-05-31 04:10:46',NULL,NULL,NULL,NULL),(31516,'qr',100006541,'New QR-code generated',33,NULL,'2023-05-31 06:10:47',NULL,NULL,NULL,NULL),(31517,'qr',100006542,'New QR-code generated',18,NULL,'2023-05-31 08:10:48',NULL,NULL,NULL,NULL),(31518,'qr',100006543,'New QR-code generated',16,NULL,'2023-05-31 10:10:49',NULL,NULL,NULL,NULL),(31519,'qr',100006544,'New QR-code generated',39,NULL,'2023-05-31 12:10:50',NULL,NULL,NULL,NULL),(31520,'qr',100006545,'New QR-code generated',16,NULL,'2023-05-31 14:10:51',NULL,NULL,NULL,NULL),(31521,'qr',100006546,'New QR-code generated',10,NULL,'2023-05-31 16:10:52',NULL,NULL,NULL,NULL),(31522,'qr',100006547,'New QR-code generated',3,NULL,'2023-05-31 18:10:53',NULL,NULL,NULL,NULL),(31523,'qr',100006548,'New QR-code generated',32,NULL,'2023-05-31 20:10:54',NULL,NULL,NULL,NULL),(31524,'qr',100006549,'New QR-code generated',16,NULL,'2023-05-31 22:10:55',NULL,NULL,NULL,NULL),(31525,'qr',100006550,'New QR-code generated',8,NULL,'2023-06-01 00:10:56',NULL,NULL,NULL,NULL),(31526,'qr',100006551,'New QR-code generated',10,NULL,'2023-06-01 02:10:57',NULL,NULL,NULL,NULL),(31527,'qr',100006552,'New QR-code generated',19,NULL,'2023-06-01 04:10:58',NULL,NULL,NULL,NULL),(31528,'qr',100006553,'New QR-code generated',16,NULL,'2023-06-01 06:10:59',NULL,NULL,NULL,NULL),(31529,'qr',100006554,'New QR-code generated',18,NULL,'2023-06-01 08:11:00',NULL,NULL,NULL,NULL),(31530,'qr',100006555,'New QR-code generated',18,NULL,'2023-06-01 10:11:01',NULL,NULL,NULL,NULL),(31531,'qr',100006556,'New QR-code generated',2,NULL,'2023-06-01 12:11:02',NULL,NULL,NULL,NULL),(31532,'qr',100006557,'New QR-code generated',34,NULL,'2023-06-01 14:11:03',NULL,NULL,NULL,NULL),(31533,'qr',100006558,'New QR-code generated',12,NULL,'2023-06-01 16:11:04',NULL,NULL,NULL,NULL),(31534,'qr',100006559,'New QR-code generated',2,NULL,'2023-06-01 18:11:05',NULL,NULL,NULL,NULL),(31535,'qr',100006560,'New QR-code generated',9,NULL,'2023-06-01 20:11:06',NULL,NULL,NULL,NULL),(31536,'qr',100006561,'New QR-code generated',33,NULL,'2023-06-01 22:11:07',NULL,NULL,NULL,NULL),(31537,'qr',100006562,'New QR-code generated',18,NULL,'2023-06-02 00:11:08',NULL,NULL,NULL,NULL),(31538,'qr',100006563,'New QR-code generated',6,NULL,'2023-06-02 02:11:09',NULL,NULL,NULL,NULL),(31539,'qr',100006564,'New QR-code generated',18,NULL,'2023-06-02 04:11:10',NULL,NULL,NULL,NULL),(31540,'qr',100006565,'New QR-code generated',5,NULL,'2023-06-02 06:11:11',NULL,NULL,NULL,NULL),(31541,'qr',100006566,'New QR-code generated',40,NULL,'2023-06-02 08:11:12',NULL,NULL,NULL,NULL),(31542,'qr',100006567,'New QR-code generated',12,NULL,'2023-06-02 10:11:13',NULL,NULL,NULL,NULL),(31543,'qr',100006568,'New QR-code generated',34,NULL,'2023-06-02 12:11:14',NULL,NULL,NULL,NULL),(31544,'qr',100006569,'New QR-code generated',41,NULL,'2023-06-02 14:11:15',NULL,NULL,NULL,NULL),(31545,'qr',100006570,'New QR-code generated',40,NULL,'2023-06-02 16:11:16',NULL,NULL,NULL,NULL),(31546,'qr',100006571,'New QR-code generated',10,NULL,'2023-06-02 18:11:17',NULL,NULL,NULL,NULL),(31547,'qr',100006572,'New QR-code generated',6,NULL,'2023-06-02 20:11:18',NULL,NULL,NULL,NULL),(31548,'qr',100006573,'New QR-code generated',15,NULL,'2023-06-02 22:11:19',NULL,NULL,NULL,NULL),(31549,'qr',100006574,'New QR-code generated',20,NULL,'2023-06-03 00:11:20',NULL,NULL,NULL,NULL),(31550,'qr',100006575,'New QR-code generated',39,NULL,'2023-06-03 02:11:21',NULL,NULL,NULL,NULL),(31551,'qr',100006576,'New QR-code generated',12,NULL,'2023-06-03 04:11:22',NULL,NULL,NULL,NULL),(31552,'qr',100006577,'New QR-code generated',15,NULL,'2023-06-03 06:11:23',NULL,NULL,NULL,NULL),(31553,'qr',100006578,'New QR-code generated',16,NULL,'2023-06-03 08:11:24',NULL,NULL,NULL,NULL),(31554,'qr',100006579,'New QR-code generated',7,NULL,'2023-06-03 10:11:25',NULL,NULL,NULL,NULL),(31555,'qr',100006580,'New QR-code generated',5,NULL,'2023-06-03 12:11:26',NULL,NULL,NULL,NULL),(31556,'qr',100006581,'New QR-code generated',12,NULL,'2023-06-03 14:11:27',NULL,NULL,NULL,NULL),(31557,'qr',100006582,'New QR-code generated',19,NULL,'2023-06-03 16:11:28',NULL,NULL,NULL,NULL),(31558,'qr',100006583,'New QR-code generated',32,NULL,'2023-06-03 18:11:29',NULL,NULL,NULL,NULL),(31559,'qr',100006584,'New QR-code generated',24,NULL,'2023-06-03 20:11:30',NULL,NULL,NULL,NULL),(31560,'qr',100006585,'New QR-code generated',19,NULL,'2023-06-03 22:11:31',NULL,NULL,NULL,NULL),(31561,'qr',100006586,'New QR-code generated',17,NULL,'2023-06-04 00:11:32',NULL,NULL,NULL,NULL),(31562,'qr',100006587,'New QR-code generated',20,NULL,'2023-06-04 02:11:33',NULL,NULL,NULL,NULL),(31563,'qr',100006588,'New QR-code generated',18,NULL,'2023-06-04 04:11:34',NULL,NULL,NULL,NULL),(31564,'qr',100006589,'New QR-code generated',40,NULL,'2023-06-04 06:11:35',NULL,NULL,NULL,NULL),(31565,'qr',100006590,'New QR-code generated',39,NULL,'2023-06-04 08:11:36',NULL,NULL,NULL,NULL),(31566,'qr',100006591,'New QR-code generated',3,NULL,'2023-06-04 10:11:37',NULL,NULL,NULL,NULL),(31567,'qr',100006592,'New QR-code generated',7,NULL,'2023-06-04 12:11:38',NULL,NULL,NULL,NULL),(31568,'qr',100006593,'New QR-code generated',18,NULL,'2023-06-04 14:11:39',NULL,NULL,NULL,NULL),(31569,'qr',100006594,'New QR-code generated',16,NULL,'2023-06-04 16:11:40',NULL,NULL,NULL,NULL),(31570,'qr',100006595,'New QR-code generated',39,NULL,'2023-06-04 18:11:41',NULL,NULL,NULL,NULL),(31571,'qr',100006596,'New QR-code generated',10,NULL,'2023-06-04 20:11:42',NULL,NULL,NULL,NULL),(31572,'qr',100006597,'New QR-code generated',10,NULL,'2023-06-04 22:11:43',NULL,NULL,NULL,NULL),(31573,'qr',100006598,'New QR-code generated',18,NULL,'2023-06-05 00:11:44',NULL,NULL,NULL,NULL),(31574,'qr',100006599,'New QR-code generated',6,NULL,'2023-06-05 02:11:45',NULL,NULL,NULL,NULL),(31575,'qr',100006600,'New QR-code generated',8,NULL,'2023-06-05 04:11:46',NULL,NULL,NULL,NULL),(31576,'qr',100006601,'New QR-code generated',23,NULL,'2023-06-05 06:11:47',NULL,NULL,NULL,NULL),(31577,'qr',100006602,'New QR-code generated',10,NULL,'2023-06-05 08:11:48',NULL,NULL,NULL,NULL),(31578,'qr',100006603,'New QR-code generated',17,NULL,'2023-06-05 10:11:49',NULL,NULL,NULL,NULL),(31579,'qr',100006604,'New QR-code generated',11,NULL,'2023-06-05 12:11:50',NULL,NULL,NULL,NULL),(31580,'qr',100006605,'New QR-code generated',25,NULL,'2023-06-05 14:11:51',NULL,NULL,NULL,NULL),(31581,'qr',100006606,'New QR-code generated',11,NULL,'2023-06-05 16:11:52',NULL,NULL,NULL,NULL),(31582,'qr',100006607,'New QR-code generated',32,NULL,'2023-06-05 18:11:53',NULL,NULL,NULL,NULL),(31583,'qr',100006608,'New QR-code generated',40,NULL,'2023-06-05 20:11:54',NULL,NULL,NULL,NULL),(31584,'qr',100006609,'New QR-code generated',10,NULL,'2023-06-05 22:11:55',NULL,NULL,NULL,NULL),(31585,'qr',100006610,'New QR-code generated',10,NULL,'2023-06-06 00:11:56',NULL,NULL,NULL,NULL),(31586,'qr',100006611,'New QR-code generated',12,NULL,'2023-06-06 02:11:57',NULL,NULL,NULL,NULL),(31587,'qr',100006612,'New QR-code generated',12,NULL,'2023-06-06 04:11:58',NULL,NULL,NULL,NULL),(31588,'qr',100006613,'New QR-code generated',8,NULL,'2023-06-06 06:11:59',NULL,NULL,NULL,NULL),(31589,'qr',100006614,'New QR-code generated',12,NULL,'2023-06-06 08:12:00',NULL,NULL,NULL,NULL),(31590,'qr',100006615,'New QR-code generated',16,NULL,'2023-06-06 10:12:01',NULL,NULL,NULL,NULL),(31591,'qr',100006616,'New QR-code generated',37,NULL,'2023-06-06 12:12:02',NULL,NULL,NULL,NULL),(31592,'qr',100006617,'New QR-code generated',33,NULL,'2023-06-06 14:12:03',NULL,NULL,NULL,NULL),(31593,'qr',100006618,'New QR-code generated',10,NULL,'2023-06-06 16:12:04',NULL,NULL,NULL,NULL),(31594,'qr',100006619,'New QR-code generated',8,NULL,'2023-06-06 18:12:05',NULL,NULL,NULL,NULL),(31595,'qr',100006620,'New QR-code generated',38,NULL,'2023-06-06 20:12:06',NULL,NULL,NULL,NULL),(31596,'qr',100006621,'New QR-code generated',38,NULL,'2023-06-06 22:12:07',NULL,NULL,NULL,NULL),(31597,'qr',100006622,'New QR-code generated',24,NULL,'2023-06-07 00:12:08',NULL,NULL,NULL,NULL),(31598,'qr',100006623,'New QR-code generated',10,NULL,'2023-06-07 02:12:09',NULL,NULL,NULL,NULL),(31599,'qr',100006624,'New QR-code generated',40,NULL,'2023-06-07 04:12:10',NULL,NULL,NULL,NULL),(31600,'qr',100006625,'New QR-code generated',37,NULL,'2023-06-07 06:12:11',NULL,NULL,NULL,NULL),(31601,'qr',100006626,'New QR-code generated',3,NULL,'2023-06-07 08:12:12',NULL,NULL,NULL,NULL),(31602,'qr',100006627,'New QR-code generated',3,NULL,'2023-06-07 10:12:13',NULL,NULL,NULL,NULL),(31603,'qr',100006628,'New QR-code generated',11,NULL,'2023-06-07 12:12:14',NULL,NULL,NULL,NULL),(31604,'qr',100006629,'New QR-code generated',18,NULL,'2023-06-07 14:12:15',NULL,NULL,NULL,NULL),(31605,'qr',100006630,'New QR-code generated',4,NULL,'2023-06-07 16:12:16',NULL,NULL,NULL,NULL),(31606,'qr',100006631,'New QR-code generated',15,NULL,'2023-06-07 18:12:17',NULL,NULL,NULL,NULL),(31607,'qr',100006632,'New QR-code generated',17,NULL,'2023-06-07 20:12:18',NULL,NULL,NULL,NULL),(31608,'qr',100006633,'New QR-code generated',16,NULL,'2023-06-07 22:12:19',NULL,NULL,NULL,NULL),(31609,'qr',100006634,'New QR-code generated',10,NULL,'2023-06-08 00:12:20',NULL,NULL,NULL,NULL),(31610,'qr',100006635,'New QR-code generated',4,NULL,'2023-06-08 02:12:21',NULL,NULL,NULL,NULL),(31611,'qr',100006636,'New QR-code generated',17,NULL,'2023-06-08 04:12:22',NULL,NULL,NULL,NULL),(31612,'qr',100006637,'New QR-code generated',20,NULL,'2023-06-08 06:12:23',NULL,NULL,NULL,NULL),(31613,'qr',100006638,'New QR-code generated',9,NULL,'2023-06-08 08:12:24',NULL,NULL,NULL,NULL),(31614,'qr',100006639,'New QR-code generated',11,NULL,'2023-06-08 10:12:25',NULL,NULL,NULL,NULL),(31615,'qr',100006640,'New QR-code generated',25,NULL,'2023-06-08 12:12:26',NULL,NULL,NULL,NULL),(31616,'qr',100006641,'New QR-code generated',15,NULL,'2023-06-08 14:12:27',NULL,NULL,NULL,NULL),(31617,'qr',100006642,'New QR-code generated',4,NULL,'2023-06-08 16:12:28',NULL,NULL,NULL,NULL),(31618,'qr',100006643,'New QR-code generated',32,NULL,'2023-06-08 18:12:29',NULL,NULL,NULL,NULL),(31619,'qr',100006644,'New QR-code generated',31,NULL,'2023-06-08 20:12:30',NULL,NULL,NULL,NULL),(31620,'qr',100006645,'New QR-code generated',7,NULL,'2023-06-08 22:12:31',NULL,NULL,NULL,NULL),(31621,'qr',100006646,'New QR-code generated',10,NULL,'2023-06-09 00:12:32',NULL,NULL,NULL,NULL),(31622,'qr',100006647,'New QR-code generated',2,NULL,'2023-06-09 02:12:33',NULL,NULL,NULL,NULL),(31623,'qr',100006648,'New QR-code generated',15,NULL,'2023-06-09 04:12:34',NULL,NULL,NULL,NULL),(31624,'qr',100006649,'New QR-code generated',10,NULL,'2023-06-09 06:12:35',NULL,NULL,NULL,NULL),(31625,'qr',100006650,'New QR-code generated',41,NULL,'2023-06-09 08:12:36',NULL,NULL,NULL,NULL),(31626,'qr',100006651,'New QR-code generated',25,NULL,'2023-06-09 10:12:37',NULL,NULL,NULL,NULL),(31627,'qr',100006652,'New QR-code generated',18,NULL,'2023-06-09 12:12:38',NULL,NULL,NULL,NULL),(31628,'qr',100006653,'New QR-code generated',32,NULL,'2023-06-09 14:12:39',NULL,NULL,NULL,NULL),(31629,'qr',100006654,'New QR-code generated',19,NULL,'2023-06-09 16:12:40',NULL,NULL,NULL,NULL),(31630,'qr',100006655,'New QR-code generated',41,NULL,'2023-06-09 18:12:41',NULL,NULL,NULL,NULL),(31631,'qr',100006656,'New QR-code generated',23,NULL,'2023-06-09 20:12:42',NULL,NULL,NULL,NULL),(31632,'qr',100006657,'New QR-code generated',25,NULL,'2023-06-09 22:12:43',NULL,NULL,NULL,NULL),(31633,'qr',100006658,'New QR-code generated',15,NULL,'2023-06-10 00:12:44',NULL,NULL,NULL,NULL),(31634,'qr',100006659,'New QR-code generated',23,NULL,'2023-06-10 02:12:45',NULL,NULL,NULL,NULL),(31635,'qr',100006660,'New QR-code generated',5,NULL,'2023-06-10 04:12:46',NULL,NULL,NULL,NULL),(31636,'qr',100006661,'New QR-code generated',33,NULL,'2023-06-10 06:12:47',NULL,NULL,NULL,NULL),(31637,'qr',100006662,'New QR-code generated',18,NULL,'2023-06-10 08:12:48',NULL,NULL,NULL,NULL),(31638,'qr',100006663,'New QR-code generated',32,NULL,'2023-06-10 10:12:49',NULL,NULL,NULL,NULL),(31639,'qr',100006664,'New QR-code generated',18,NULL,'2023-06-10 12:12:50',NULL,NULL,NULL,NULL),(31640,'qr',100006665,'New QR-code generated',4,NULL,'2023-06-10 14:12:51',NULL,NULL,NULL,NULL),(31641,'qr',100006666,'New QR-code generated',11,NULL,'2023-06-10 16:12:52',NULL,NULL,NULL,NULL),(31642,'qr',100006667,'New QR-code generated',3,NULL,'2023-06-10 18:12:53',NULL,NULL,NULL,NULL),(31643,'qr',100006668,'New QR-code generated',40,NULL,'2023-06-10 20:12:54',NULL,NULL,NULL,NULL),(31644,'qr',100006669,'New QR-code generated',32,NULL,'2023-06-10 22:12:55',NULL,NULL,NULL,NULL),(31645,'qr',100006670,'New QR-code generated',20,NULL,'2023-06-11 00:12:56',NULL,NULL,NULL,NULL),(31646,'qr',100006671,'New QR-code generated',9,NULL,'2023-06-11 02:12:57',NULL,NULL,NULL,NULL),(31647,'qr',100006672,'New QR-code generated',19,NULL,'2023-06-11 04:12:58',NULL,NULL,NULL,NULL),(31648,'qr',100006673,'New QR-code generated',17,NULL,'2023-06-11 06:12:59',NULL,NULL,NULL,NULL),(31649,'qr',100006674,'New QR-code generated',17,NULL,'2023-06-11 08:13:00',NULL,NULL,NULL,NULL),(31650,'qr',100006675,'New QR-code generated',15,NULL,'2023-06-11 10:13:01',NULL,NULL,NULL,NULL),(31651,'qr',100006676,'New QR-code generated',38,NULL,'2023-06-11 12:13:02',NULL,NULL,NULL,NULL),(31652,'qr',100006677,'New QR-code generated',40,NULL,'2023-06-11 14:13:03',NULL,NULL,NULL,NULL),(31653,'qr',100006678,'New QR-code generated',33,NULL,'2023-06-11 16:13:04',NULL,NULL,NULL,NULL),(31654,'qr',100006679,'New QR-code generated',19,NULL,'2023-06-11 18:13:05',NULL,NULL,NULL,NULL),(31655,'qr',100006680,'New QR-code generated',4,NULL,'2023-06-11 20:13:06',NULL,NULL,NULL,NULL),(31656,'qr',100006681,'New QR-code generated',10,NULL,'2023-06-11 22:13:07',NULL,NULL,NULL,NULL),(31657,'qr',100006682,'New QR-code generated',34,NULL,'2023-06-12 00:13:08',NULL,NULL,NULL,NULL),(31658,'qr',100006683,'New QR-code generated',32,NULL,'2023-06-12 02:13:09',NULL,NULL,NULL,NULL),(31659,'qr',100006684,'New QR-code generated',10,NULL,'2023-06-12 04:13:10',NULL,NULL,NULL,NULL),(31660,'qr',100006685,'New QR-code generated',33,NULL,'2023-06-12 06:13:11',NULL,NULL,NULL,NULL),(31661,'qr',100006686,'New QR-code generated',10,NULL,'2023-06-12 08:13:12',NULL,NULL,NULL,NULL),(31662,'qr',100006687,'New QR-code generated',11,NULL,'2023-06-12 10:13:13',NULL,NULL,NULL,NULL),(31663,'qr',100006688,'New QR-code generated',15,NULL,'2023-06-12 12:13:14',NULL,NULL,NULL,NULL),(31664,'qr',100006689,'New QR-code generated',39,NULL,'2023-06-12 14:13:15',NULL,NULL,NULL,NULL),(31665,'qr',100006690,'New QR-code generated',24,NULL,'2023-06-12 16:13:16',NULL,NULL,NULL,NULL),(31666,'qr',100006691,'New QR-code generated',39,NULL,'2023-06-12 18:13:17',NULL,NULL,NULL,NULL),(31667,'qr',100006692,'New QR-code generated',9,NULL,'2023-06-12 20:13:18',NULL,NULL,NULL,NULL),(31668,'qr',100006693,'New QR-code generated',12,NULL,'2023-06-12 22:13:19',NULL,NULL,NULL,NULL),(31669,'qr',100006694,'New QR-code generated',17,NULL,'2023-06-13 00:13:20',NULL,NULL,NULL,NULL),(31670,'qr',100006695,'New QR-code generated',3,NULL,'2023-06-13 02:13:21',NULL,NULL,NULL,NULL),(31671,'qr',100006696,'New QR-code generated',7,NULL,'2023-06-13 04:13:22',NULL,NULL,NULL,NULL),(31672,'qr',100006697,'New QR-code generated',10,NULL,'2023-06-13 06:13:23',NULL,NULL,NULL,NULL),(31673,'qr',100006698,'New QR-code generated',6,NULL,'2023-06-13 08:13:24',NULL,NULL,NULL,NULL),(31674,'qr',100006699,'New QR-code generated',17,NULL,'2023-06-13 10:13:25',NULL,NULL,NULL,NULL),(31675,'qr',100006700,'New QR-code generated',20,NULL,'2023-06-13 12:13:26',NULL,NULL,NULL,NULL),(31676,'qr',100006701,'New QR-code generated',18,NULL,'2023-06-13 14:13:27',NULL,NULL,NULL,NULL),(31677,'qr',100006702,'New QR-code generated',25,NULL,'2023-06-13 16:13:28',NULL,NULL,NULL,NULL),(31678,'qr',100006703,'New QR-code generated',10,NULL,'2023-06-13 18:13:29',NULL,NULL,NULL,NULL),(31679,'qr',100006704,'New QR-code generated',24,NULL,'2023-06-13 20:13:30',NULL,NULL,NULL,NULL),(31680,'qr',100006705,'New QR-code generated',9,NULL,'2023-06-13 22:13:31',NULL,NULL,NULL,NULL),(31681,'qr',100006706,'New QR-code generated',39,NULL,'2023-06-14 00:13:32',NULL,NULL,NULL,NULL),(31682,'qr',100006707,'New QR-code generated',33,NULL,'2023-06-14 02:13:33',NULL,NULL,NULL,NULL),(31683,'qr',100006708,'New QR-code generated',10,NULL,'2023-06-14 04:13:34',NULL,NULL,NULL,NULL),(31684,'qr',100006709,'New QR-code generated',18,NULL,'2023-06-14 06:13:35',NULL,NULL,NULL,NULL),(31685,'qr',100006710,'New QR-code generated',15,NULL,'2023-06-14 08:13:36',NULL,NULL,NULL,NULL),(31686,'qr',100006711,'New QR-code generated',15,NULL,'2023-06-14 10:13:37',NULL,NULL,NULL,NULL),(31687,'qr',100006712,'New QR-code generated',16,NULL,'2023-06-14 12:13:38',NULL,NULL,NULL,NULL),(31688,'qr',100006713,'New QR-code generated',7,NULL,'2023-06-14 14:13:39',NULL,NULL,NULL,NULL),(31689,'qr',100006714,'New QR-code generated',37,NULL,'2023-06-14 16:13:40',NULL,NULL,NULL,NULL),(31690,'qr',100006715,'New QR-code generated',31,NULL,'2023-06-14 18:13:41',NULL,NULL,NULL,NULL),(31691,'qr',100006716,'New QR-code generated',16,NULL,'2023-06-14 20:13:42',NULL,NULL,NULL,NULL),(31692,'qr',100006717,'New QR-code generated',31,NULL,'2023-06-14 22:13:43',NULL,NULL,NULL,NULL),(31693,'qr',100006718,'New QR-code generated',18,NULL,'2023-06-15 00:13:44',NULL,NULL,NULL,NULL),(31694,'qr',100006719,'New QR-code generated',3,NULL,'2023-06-15 02:13:45',NULL,NULL,NULL,NULL),(31695,'qr',100006720,'New QR-code generated',11,NULL,'2023-06-15 04:13:46',NULL,NULL,NULL,NULL),(31696,'qr',100006721,'New QR-code generated',32,NULL,'2023-06-15 06:13:47',NULL,NULL,NULL,NULL),(31697,'qr',100006722,'New QR-code generated',5,NULL,'2023-06-15 08:13:48',NULL,NULL,NULL,NULL),(31698,'qr',100006723,'New QR-code generated',38,NULL,'2023-06-15 10:13:49',NULL,NULL,NULL,NULL),(31699,'qr',100006724,'New QR-code generated',20,NULL,'2023-06-15 12:13:50',NULL,NULL,NULL,NULL),(31700,'qr',100006725,'New QR-code generated',10,NULL,'2023-06-15 14:13:51',NULL,NULL,NULL,NULL),(31701,'qr',100006726,'New QR-code generated',20,NULL,'2023-06-15 16:13:52',NULL,NULL,NULL,NULL),(31702,'qr',100006727,'New QR-code generated',16,NULL,'2023-06-15 18:13:53',NULL,NULL,NULL,NULL),(31703,'qr',100006728,'New QR-code generated',15,NULL,'2023-06-15 20:13:54',NULL,NULL,NULL,NULL),(31704,'qr',100006729,'New QR-code generated',5,NULL,'2023-06-15 22:13:55',NULL,NULL,NULL,NULL),(31705,'qr',100006730,'New QR-code generated',4,NULL,'2023-06-16 00:13:56',NULL,NULL,NULL,NULL),(31706,'qr',100006731,'New QR-code generated',16,NULL,'2023-06-16 02:13:57',NULL,NULL,NULL,NULL),(31707,'qr',100006732,'New QR-code generated',7,NULL,'2023-06-16 04:13:58',NULL,NULL,NULL,NULL),(31708,'qr',100006733,'New QR-code generated',15,NULL,'2023-06-16 06:13:59',NULL,NULL,NULL,NULL),(31709,'qr',100006734,'New QR-code generated',4,NULL,'2023-06-16 08:14:00',NULL,NULL,NULL,NULL),(31710,'qr',100006735,'New QR-code generated',3,NULL,'2023-06-16 10:14:01',NULL,NULL,NULL,NULL),(31711,'qr',100006736,'New QR-code generated',10,NULL,'2023-06-16 12:14:02',NULL,NULL,NULL,NULL),(31712,'qr',100006737,'New QR-code generated',12,NULL,'2023-06-16 14:14:03',NULL,NULL,NULL,NULL),(31713,'qr',100006738,'New QR-code generated',10,NULL,'2023-06-16 16:14:04',NULL,NULL,NULL,NULL),(31714,'qr',100006739,'New QR-code generated',37,NULL,'2023-06-16 18:14:05',NULL,NULL,NULL,NULL),(31715,'qr',100006740,'New QR-code generated',40,NULL,'2023-06-16 20:14:06',NULL,NULL,NULL,NULL),(31716,'qr',100006741,'New QR-code generated',18,NULL,'2023-06-16 22:14:07',NULL,NULL,NULL,NULL),(31717,'qr',100006742,'New QR-code generated',6,NULL,'2023-06-17 00:14:08',NULL,NULL,NULL,NULL),(31718,'qr',100006743,'New QR-code generated',8,NULL,'2023-06-17 02:14:09',NULL,NULL,NULL,NULL),(31719,'qr',100006744,'New QR-code generated',7,NULL,'2023-06-17 04:14:10',NULL,NULL,NULL,NULL),(31720,'qr',100006745,'New QR-code generated',4,NULL,'2023-06-17 06:14:11',NULL,NULL,NULL,NULL),(31721,'qr',100006746,'New QR-code generated',39,NULL,'2023-06-17 08:14:12',NULL,NULL,NULL,NULL),(31722,'qr',100006747,'New QR-code generated',31,NULL,'2023-06-17 10:14:13',NULL,NULL,NULL,NULL),(31723,'qr',100006748,'New QR-code generated',24,NULL,'2023-06-17 12:14:14',NULL,NULL,NULL,NULL),(31724,'qr',100006749,'New QR-code generated',32,NULL,'2023-06-17 14:14:15',NULL,NULL,NULL,NULL),(31725,'qr',100006750,'New QR-code generated',17,NULL,'2023-06-17 16:14:16',NULL,NULL,NULL,NULL),(31726,'qr',100006751,'New QR-code generated',31,NULL,'2023-06-17 18:14:17',NULL,NULL,NULL,NULL),(31727,'qr',100006752,'New QR-code generated',10,NULL,'2023-06-17 20:14:18',NULL,NULL,NULL,NULL),(31728,'qr',100006753,'New QR-code generated',24,NULL,'2023-06-17 22:14:19',NULL,NULL,NULL,NULL),(31729,'qr',100006754,'New QR-code generated',39,NULL,'2023-06-18 00:14:20',NULL,NULL,NULL,NULL),(31730,'qr',100006755,'New QR-code generated',38,NULL,'2023-06-18 02:14:21',NULL,NULL,NULL,NULL),(31731,'qr',100006756,'New QR-code generated',12,NULL,'2023-06-18 04:14:22',NULL,NULL,NULL,NULL),(31732,'qr',100006757,'New QR-code generated',23,NULL,'2023-06-18 06:14:23',NULL,NULL,NULL,NULL),(31733,'qr',100006758,'New QR-code generated',23,NULL,'2023-06-18 08:14:24',NULL,NULL,NULL,NULL),(31734,'qr',100006759,'New QR-code generated',18,NULL,'2023-06-18 10:14:25',NULL,NULL,NULL,NULL),(31735,'qr',100006760,'New QR-code generated',20,NULL,'2023-06-18 12:14:26',NULL,NULL,NULL,NULL),(31736,'qr',100006761,'New QR-code generated',10,NULL,'2023-06-18 14:14:27',NULL,NULL,NULL,NULL),(31737,'qr',100006762,'New QR-code generated',12,NULL,'2023-06-18 16:14:28',NULL,NULL,NULL,NULL),(31738,'qr',100006763,'New QR-code generated',18,NULL,'2023-06-18 18:14:29',NULL,NULL,NULL,NULL),(31739,'qr',100006764,'New QR-code generated',10,NULL,'2023-06-18 20:14:30',NULL,NULL,NULL,NULL),(31740,'qr',100006765,'New QR-code generated',5,NULL,'2023-06-18 22:14:31',NULL,NULL,NULL,NULL),(31741,'qr',100006766,'New QR-code generated',39,NULL,'2023-06-19 00:14:32',NULL,NULL,NULL,NULL),(31742,'qr',100006767,'New QR-code generated',2,NULL,'2023-06-19 02:14:33',NULL,NULL,NULL,NULL),(31743,'qr',100006768,'New QR-code generated',11,NULL,'2023-06-19 04:14:34',NULL,NULL,NULL,NULL),(31744,'qr',100006769,'New QR-code generated',17,NULL,'2023-06-19 06:14:35',NULL,NULL,NULL,NULL),(31745,'qr',100006770,'New QR-code generated',23,NULL,'2023-06-19 08:14:36',NULL,NULL,NULL,NULL),(31746,'qr',100006771,'New QR-code generated',11,NULL,'2023-06-19 10:14:37',NULL,NULL,NULL,NULL),(31747,'qr',100006772,'New QR-code generated',18,NULL,'2023-06-19 12:14:38',NULL,NULL,NULL,NULL),(31748,'qr',100006773,'New QR-code generated',18,NULL,'2023-06-19 14:14:39',NULL,NULL,NULL,NULL),(31749,'qr',100006774,'New QR-code generated',19,NULL,'2023-06-19 16:14:40',NULL,NULL,NULL,NULL),(31750,'qr',100006775,'New QR-code generated',6,NULL,'2023-06-19 18:14:41',NULL,NULL,NULL,NULL),(31751,'qr',100006776,'New QR-code generated',10,NULL,'2023-06-19 20:14:42',NULL,NULL,NULL,NULL),(31752,'qr',100006777,'New QR-code generated',15,NULL,'2023-06-19 22:14:43',NULL,NULL,NULL,NULL),(31753,'qr',100006778,'New QR-code generated',24,NULL,'2023-06-20 00:14:44',NULL,NULL,NULL,NULL),(31754,'qr',100006779,'New QR-code generated',17,NULL,'2023-06-20 02:14:45',NULL,NULL,NULL,NULL),(31755,'qr',100006780,'New QR-code generated',2,NULL,'2023-06-20 04:14:46',NULL,NULL,NULL,NULL),(31756,'qr',100006781,'New QR-code generated',25,NULL,'2023-06-20 06:14:47',NULL,NULL,NULL,NULL),(31757,'qr',100006782,'New QR-code generated',8,NULL,'2023-06-20 08:14:48',NULL,NULL,NULL,NULL),(31758,'qr',100006783,'New QR-code generated',6,NULL,'2023-06-20 10:14:49',NULL,NULL,NULL,NULL),(31759,'qr',100006784,'New QR-code generated',16,NULL,'2023-06-20 12:14:50',NULL,NULL,NULL,NULL),(31760,'qr',100006785,'New QR-code generated',19,NULL,'2023-06-20 14:14:51',NULL,NULL,NULL,NULL),(31761,'qr',100006786,'New QR-code generated',33,NULL,'2023-06-20 16:14:52',NULL,NULL,NULL,NULL),(31762,'qr',100006787,'New QR-code generated',2,NULL,'2023-06-20 18:14:53',NULL,NULL,NULL,NULL),(31763,'qr',100006788,'New QR-code generated',3,NULL,'2023-06-20 20:14:54',NULL,NULL,NULL,NULL),(31764,'qr',100006789,'New QR-code generated',15,NULL,'2023-06-20 22:14:55',NULL,NULL,NULL,NULL),(31765,'qr',100006790,'New QR-code generated',10,NULL,'2023-06-21 00:14:56',NULL,NULL,NULL,NULL),(31766,'qr',100006791,'New QR-code generated',15,NULL,'2023-06-21 02:14:57',NULL,NULL,NULL,NULL),(31767,'qr',100006792,'New QR-code generated',39,NULL,'2023-06-21 04:14:58',NULL,NULL,NULL,NULL),(31768,'qr',100006793,'New QR-code generated',10,NULL,'2023-06-21 06:14:59',NULL,NULL,NULL,NULL),(31769,'qr',100006794,'New QR-code generated',32,NULL,'2023-06-21 08:15:00',NULL,NULL,NULL,NULL),(31770,'qr',100006795,'New QR-code generated',10,NULL,'2023-06-21 10:15:01',NULL,NULL,NULL,NULL),(31771,'qr',100006796,'New QR-code generated',15,NULL,'2023-06-21 12:15:02',NULL,NULL,NULL,NULL),(31772,'qr',100006797,'New QR-code generated',39,NULL,'2023-06-21 14:15:03',NULL,NULL,NULL,NULL),(31773,'qr',100006798,'New QR-code generated',10,NULL,'2023-06-21 16:15:04',NULL,NULL,NULL,NULL),(31774,'qr',100006799,'New QR-code generated',41,NULL,'2023-06-21 18:15:05',NULL,NULL,NULL,NULL),(31775,'qr',100006800,'New QR-code generated',38,NULL,'2023-06-21 20:15:06',NULL,NULL,NULL,NULL),(31776,'qr',100006801,'New QR-code generated',11,NULL,'2023-06-21 22:15:07',NULL,NULL,NULL,NULL),(31777,'qr',100006802,'New QR-code generated',3,NULL,'2023-06-22 00:15:08',NULL,NULL,NULL,NULL),(31778,'qr',100006803,'New QR-code generated',39,NULL,'2023-06-22 02:15:09',NULL,NULL,NULL,NULL),(31779,'qr',100006804,'New QR-code generated',23,NULL,'2023-06-22 04:15:10',NULL,NULL,NULL,NULL),(31780,'qr',100006805,'New QR-code generated',16,NULL,'2023-06-22 06:15:11',NULL,NULL,NULL,NULL),(31781,'qr',100006806,'New QR-code generated',17,NULL,'2023-06-22 08:15:12',NULL,NULL,NULL,NULL),(31782,'qr',100006807,'New QR-code generated',12,NULL,'2023-06-22 10:15:13',NULL,NULL,NULL,NULL),(31783,'qr',100006808,'New QR-code generated',10,NULL,'2023-06-22 12:15:14',NULL,NULL,NULL,NULL),(31784,'qr',100006809,'New QR-code generated',8,NULL,'2023-06-22 14:15:15',NULL,NULL,NULL,NULL),(31785,'qr',100006810,'New QR-code generated',24,NULL,'2023-06-22 16:15:16',NULL,NULL,NULL,NULL),(31786,'qr',100006811,'New QR-code generated',10,NULL,'2023-06-22 18:15:17',NULL,NULL,NULL,NULL),(31787,'qr',100006812,'New QR-code generated',18,NULL,'2023-06-22 20:15:18',NULL,NULL,NULL,NULL),(31788,'qr',100006813,'New QR-code generated',16,NULL,'2023-06-22 22:15:19',NULL,NULL,NULL,NULL),(31789,'qr',100006814,'New QR-code generated',33,NULL,'2023-06-23 00:15:20',NULL,NULL,NULL,NULL),(31790,'qr',100006815,'New QR-code generated',15,NULL,'2023-06-23 02:15:21',NULL,NULL,NULL,NULL),(31791,'qr',100006816,'New QR-code generated',4,NULL,'2023-06-23 04:15:22',NULL,NULL,NULL,NULL),(31792,'qr',100006817,'New QR-code generated',10,NULL,'2023-06-23 06:15:23',NULL,NULL,NULL,NULL),(31793,'qr',100006818,'New QR-code generated',18,NULL,'2023-06-23 08:15:24',NULL,NULL,NULL,NULL),(31794,'qr',100006819,'New QR-code generated',17,NULL,'2023-06-23 10:15:25',NULL,NULL,NULL,NULL),(31795,'qr',100006820,'New QR-code generated',9,NULL,'2023-06-23 12:15:26',NULL,NULL,NULL,NULL),(31796,'qr',100006821,'New QR-code generated',9,NULL,'2023-06-23 14:15:27',NULL,NULL,NULL,NULL),(31797,'qr',100006822,'New QR-code generated',20,NULL,'2023-06-23 16:15:28',NULL,NULL,NULL,NULL),(31798,'qr',100006823,'New QR-code generated',18,NULL,'2023-06-23 18:15:29',NULL,NULL,NULL,NULL),(31799,'qr',100006824,'New QR-code generated',18,NULL,'2023-06-23 20:15:30',NULL,NULL,NULL,NULL),(31800,'qr',100006825,'New QR-code generated',37,NULL,'2023-06-23 22:15:31',NULL,NULL,NULL,NULL),(31801,'qr',100006826,'New QR-code generated',18,NULL,'2023-06-24 00:15:32',NULL,NULL,NULL,NULL),(31802,'qr',100006827,'New QR-code generated',6,NULL,'2023-06-24 02:15:33',NULL,NULL,NULL,NULL),(31803,'qr',100006828,'New QR-code generated',32,NULL,'2023-06-24 04:15:34',NULL,NULL,NULL,NULL),(31804,'qr',100006829,'New QR-code generated',7,NULL,'2023-06-24 06:15:35',NULL,NULL,NULL,NULL),(31805,'qr',100006830,'New QR-code generated',17,NULL,'2023-06-24 08:15:36',NULL,NULL,NULL,NULL),(31806,'qr',100006831,'New QR-code generated',37,NULL,'2023-06-24 10:15:37',NULL,NULL,NULL,NULL),(31807,'qr',100006832,'New QR-code generated',15,NULL,'2023-06-24 12:15:38',NULL,NULL,NULL,NULL),(31808,'qr',100006833,'New QR-code generated',24,NULL,'2023-06-24 14:15:39',NULL,NULL,NULL,NULL),(31809,'qr',100006834,'New QR-code generated',31,NULL,'2023-06-24 16:15:40',NULL,NULL,NULL,NULL),(31810,'qr',100006835,'New QR-code generated',10,NULL,'2023-06-24 18:15:41',NULL,NULL,NULL,NULL),(31811,'qr',100006836,'New QR-code generated',24,NULL,'2023-06-24 20:15:42',NULL,NULL,NULL,NULL),(31812,'qr',100006837,'New QR-code generated',5,NULL,'2023-06-24 22:15:43',NULL,NULL,NULL,NULL),(31813,'qr',100006838,'New QR-code generated',11,NULL,'2023-06-25 00:15:44',NULL,NULL,NULL,NULL),(31814,'qr',100006839,'New QR-code generated',23,NULL,'2023-06-25 02:15:45',NULL,NULL,NULL,NULL),(31815,'qr',100006840,'New QR-code generated',40,NULL,'2023-06-25 04:15:46',NULL,NULL,NULL,NULL),(31816,'qr',100006841,'New QR-code generated',18,NULL,'2023-06-25 06:15:47',NULL,NULL,NULL,NULL),(31817,'tags',45,'Record created',23,NULL,'2023-04-11 10:00:49',NULL,NULL,NULL,NULL),(31818,'tags',46,'Record created',23,NULL,'2023-04-11 12:00:48',NULL,NULL,NULL,NULL),(31819,'tags',47,'Record created',3,NULL,'2023-04-11 14:00:47',NULL,NULL,NULL,NULL),(31820,'tags',48,'Record created',5,NULL,'2023-04-11 16:00:46',NULL,NULL,NULL,NULL),(31821,'tags',49,'Record created',6,NULL,'2023-04-11 18:00:45',NULL,NULL,NULL,NULL),(31822,'tags',50,'Record created',24,NULL,'2023-04-11 20:00:44',NULL,NULL,NULL,NULL),(31823,'tags',51,'Record created',25,NULL,'2023-04-11 22:00:43',NULL,NULL,NULL,NULL),(31824,'tags',52,'Record created',23,NULL,'2023-04-12 00:00:42',NULL,NULL,NULL,NULL),(31825,'tags',53,'Record created',5,NULL,'2023-04-12 02:00:41',NULL,NULL,NULL,NULL),(31826,'tags',54,'Record created',6,NULL,'2023-04-12 04:00:40',NULL,NULL,NULL,NULL),(31827,'tags',55,'Record created',4,NULL,'2023-04-12 06:00:39',NULL,NULL,NULL,NULL),(31828,'tags',56,'Record created',2,NULL,'2023-04-12 08:00:38',NULL,NULL,NULL,NULL),(31829,'tags',57,'Record created',8,NULL,'2023-04-12 10:00:37',NULL,NULL,NULL,NULL),(31830,'tags',58,'Record created',25,NULL,'2023-04-12 12:00:36',NULL,NULL,NULL,NULL),(31831,'tags',59,'Record created',3,NULL,'2023-04-12 14:00:35',NULL,NULL,NULL,NULL),(31832,'tags',60,'Record created',25,NULL,'2023-04-12 16:00:34',NULL,NULL,NULL,NULL),(31833,'tags',61,'Record created',25,NULL,'2023-04-12 18:00:33',NULL,NULL,NULL,NULL),(31834,'tags',62,'Record created',3,NULL,'2023-04-12 20:00:32',NULL,NULL,NULL,NULL),(31835,'tags',63,'Record created',6,NULL,'2023-04-12 22:00:31',NULL,NULL,NULL,NULL),(31836,'tags',64,'Record created',24,NULL,'2023-04-13 00:00:30',NULL,NULL,NULL,NULL),(31837,'tags',48,'label changed from \"describe\" to \"star\";',6,NULL,'2023-04-13 02:00:29',NULL,NULL,NULL,NULL),(31838,'tags',45,'label changed from \"name\" to \"west\";',7,NULL,'2023-04-13 04:00:28',NULL,NULL,NULL,NULL),(31839,'tags',54,'label changed from \"company\" to \"five\";',4,NULL,'2023-04-13 06:00:27',NULL,NULL,NULL,NULL),(31840,'tags',62,'label changed from \"big\" to \"discuss\";',2,NULL,'2023-04-13 08:00:26',NULL,NULL,NULL,NULL),(31841,'tags',50,'label changed from \"decision\" to \"wait\";',8,NULL,'2023-04-13 10:00:25',NULL,NULL,NULL,NULL),(31842,'tags',52,'label changed from \"live\" to \"increase\";',24,NULL,'2023-04-13 12:00:24',NULL,NULL,NULL,NULL),(31843,'tags',62,'label changed from \"discuss\" to \"personal\";',6,NULL,'2023-04-13 14:00:23',NULL,NULL,NULL,NULL),(31844,'tags',62,'label changed from \"personal\" to \"now\";',24,NULL,'2023-04-13 16:00:22',NULL,NULL,NULL,NULL),(31845,'tags',47,'label changed from \"free\" to \"cold\";',7,NULL,'2023-04-13 18:00:21',NULL,NULL,NULL,NULL),(31846,'tags',47,'label changed from \"cold\" to \"best\";',8,NULL,'2023-04-13 20:00:20',NULL,NULL,NULL,NULL),(31847,'tags',59,'description changed from \"Dream last.\" to \"International us green ok.\";',23,NULL,'2023-04-13 22:00:19',NULL,NULL,NULL,NULL),(31848,'tags',59,'description changed from \"International us green ok.\" to \"Particularly feeling law teacher fact.\";',6,NULL,'2023-04-14 00:00:18',NULL,NULL,NULL,NULL),(31849,'tags',59,'description changed from \"Particularly feeling law teacher fact.\" to \"Bill tough possible fear realize.\";',5,NULL,'2023-04-14 02:00:17',NULL,NULL,NULL,NULL),(31850,'tags',47,'description changed from \"Receive part Mr child.\" to \"Challenge charge yard.\";',5,NULL,'2023-04-14 04:00:16',NULL,NULL,NULL,NULL),(31851,'tags',46,'description changed from \"Himself will realize.\" to \"Maybe out avoid across go.\";',6,NULL,'2023-04-14 06:00:15',NULL,NULL,NULL,NULL),(31852,'tags',60,'description changed from \"They anyone memory.\" to \"Opportunity beyond huge.\";',24,NULL,'2023-04-14 08:00:14',NULL,NULL,NULL,NULL),(31853,'tags',47,'description changed from \"Challenge charge yard.\" to \"Generation tough series.\";',9,NULL,'2023-04-14 10:00:13',NULL,NULL,NULL,NULL),(31854,'tags',52,'description changed from \"Bank according.\" to \"Down any usually.\";',25,NULL,'2023-04-14 12:00:12',NULL,NULL,NULL,NULL),(31855,'tags',60,'description changed from \"Opportunity beyond huge.\" to \"Seem space candidate indeed nature.\";',7,NULL,'2023-04-14 14:00:11',NULL,NULL,NULL,NULL),(31856,'tags',54,'description changed from \"Piece hold claim.\" to \"Community cost season.\";',25,NULL,'2023-04-14 16:00:10',NULL,NULL,NULL,NULL),(31857,'tags',53,'color changed from \"#329fa3\" to \"#cc2a65\";',23,NULL,'2023-04-14 18:00:09',NULL,NULL,NULL,NULL),(31858,'tags',61,'color changed from \"#d86ccd\" to \"#da99e8\";',8,NULL,'2023-04-14 20:00:08',NULL,NULL,NULL,NULL),(31859,'tags',48,'color changed from \"#e214ca\" to \"#c44719\";',25,NULL,'2023-04-14 22:00:07',NULL,NULL,NULL,NULL),(31860,'tags',51,'color changed from \"#097fa3\" to \"#22859b\";',9,NULL,'2023-04-15 00:00:06',NULL,NULL,NULL,NULL),(31861,'tags',54,'color changed from \"#f98f52\" to \"#d65df4\";',5,NULL,'2023-04-15 02:00:05',NULL,NULL,NULL,NULL),(31862,'tags',52,'color changed from \"#fceea6\" to \"#efa994\";',7,NULL,'2023-04-15 04:00:04',NULL,NULL,NULL,NULL),(31863,'tags',56,'color changed from \"#b9e064\" to \"#7e45e8\";',4,NULL,'2023-04-15 06:00:03',NULL,NULL,NULL,NULL),(31864,'tags',45,'color changed from \"#60f792\" to \"#e2ce31\";',5,NULL,'2023-04-15 08:00:02',NULL,NULL,NULL,NULL),(31865,'tags',45,'color changed from \"#e2ce31\" to \"#57e589\";',4,NULL,'2023-04-15 10:00:01',NULL,NULL,NULL,NULL),(31866,'tags',45,'color changed from \"#57e589\" to \"#7973e2\";',6,NULL,'2023-04-15 12:00:00',NULL,NULL,NULL,NULL),(31867,'tags',65,'Record created',11,NULL,'2023-04-15 13:59:59',NULL,NULL,NULL,NULL),(31868,'tags',66,'Record created',10,NULL,'2023-04-15 15:59:58',NULL,NULL,NULL,NULL),(31869,'tags',67,'Record created',33,NULL,'2023-04-15 17:59:57',NULL,NULL,NULL,NULL),(31870,'tags',68,'Record created',17,NULL,'2023-04-15 19:59:56',NULL,NULL,NULL,NULL),(31871,'tags',69,'Record created',17,NULL,'2023-04-15 21:59:55',NULL,NULL,NULL,NULL),(31872,'tags',70,'Record created',17,NULL,'2023-04-15 23:59:54',NULL,NULL,NULL,NULL),(31873,'tags',71,'Record created',33,NULL,'2023-04-16 01:59:53',NULL,NULL,NULL,NULL),(31874,'tags',72,'Record created',10,NULL,'2023-04-16 03:59:52',NULL,NULL,NULL,NULL),(31875,'tags',73,'Record created',18,NULL,'2023-04-16 05:59:51',NULL,NULL,NULL,NULL),(31876,'tags',74,'Record created',11,NULL,'2023-04-16 07:59:50',NULL,NULL,NULL,NULL),(31877,'tags',75,'Record created',31,NULL,'2023-04-16 09:59:49',NULL,NULL,NULL,NULL),(31878,'tags',76,'Record created',17,NULL,'2023-04-16 11:59:48',NULL,NULL,NULL,NULL),(31879,'tags',77,'Record created',15,NULL,'2023-04-16 13:59:47',NULL,NULL,NULL,NULL),(31880,'tags',78,'Record created',10,NULL,'2023-04-16 15:59:46',NULL,NULL,NULL,NULL),(31881,'tags',79,'Record created',17,NULL,'2023-04-16 17:59:45',NULL,NULL,NULL,NULL),(31882,'tags',80,'Record created',11,NULL,'2023-04-16 19:59:44',NULL,NULL,NULL,NULL),(31883,'tags',81,'Record created',18,NULL,'2023-04-16 21:59:43',NULL,NULL,NULL,NULL),(31884,'tags',82,'Record created',33,NULL,'2023-04-16 23:59:42',NULL,NULL,NULL,NULL),(31885,'tags',83,'Record created',15,NULL,'2023-04-17 01:59:41',NULL,NULL,NULL,NULL),(31886,'tags',84,'Record created',16,NULL,'2023-04-17 03:59:40',NULL,NULL,NULL,NULL),(31887,'tags',78,'label changed from \"go\" to \"over\";',10,NULL,'2023-04-17 05:59:39',NULL,NULL,NULL,NULL),(31888,'tags',71,'label changed from \"she\" to \"some\";',17,NULL,'2023-04-17 07:59:38',NULL,NULL,NULL,NULL),(31889,'tags',84,'label changed from \"now\" to \"car\";',15,NULL,'2023-04-17 09:59:37',NULL,NULL,NULL,NULL),(31890,'tags',66,'label changed from \"organization\" to \"person\";',18,NULL,'2023-04-17 11:59:36',NULL,NULL,NULL,NULL),(31891,'tags',84,'label changed from \"car\" to \"quite\";',10,NULL,'2023-04-17 13:59:35',NULL,NULL,NULL,NULL),(31892,'tags',82,'label changed from \"third\" to \"maintain\";',15,NULL,'2023-04-17 15:59:34',NULL,NULL,NULL,NULL),(31893,'tags',83,'label changed from \"free\" to \"or\";',11,NULL,'2023-04-17 17:59:33',NULL,NULL,NULL,NULL),(31894,'tags',81,'label changed from \"benefit\" to \"movement\";',18,NULL,'2023-04-17 19:59:32',NULL,NULL,NULL,NULL),(31895,'tags',76,'label changed from \"sometimes\" to \"cover\";',11,NULL,'2023-04-17 21:59:31',NULL,NULL,NULL,NULL),(31896,'tags',67,'label changed from \"collection\" to \"two\";',10,NULL,'2023-04-17 23:59:30',NULL,NULL,NULL,NULL),(31897,'tags',71,'description changed from \"Beat guess order.\" to \"Statement medical.\";',10,NULL,'2023-04-18 01:59:29',NULL,NULL,NULL,NULL),(31898,'tags',83,'description changed from \"Relationship point.\" to \"Life all yet Democrat.\";',17,NULL,'2023-04-18 03:59:28',NULL,NULL,NULL,NULL),(31899,'tags',67,'description changed from \"Most throughout reveal.\" to \"Whatever future ground generation fire.\";',15,NULL,'2023-04-18 05:59:27',NULL,NULL,NULL,NULL),(31900,'tags',78,'description changed from \"Else lead me.\" to \"Into Mrs entire hard.\";',11,NULL,'2023-04-18 07:59:26',NULL,NULL,NULL,NULL),(31901,'tags',68,'description changed from \"Protect difference thousand.\" to \"Position her bank shoulder save.\";',31,NULL,'2023-04-18 09:59:25',NULL,NULL,NULL,NULL),(31902,'tags',70,'description changed from \"Station easy five.\" to \"Set least officer before people.\";',10,NULL,'2023-04-18 11:59:24',NULL,NULL,NULL,NULL),(31903,'tags',67,'description changed from \"Whatever future ground generation fire.\" to \"Deep pick run range fast.\";',33,NULL,'2023-04-18 13:59:23',NULL,NULL,NULL,NULL),(31904,'tags',73,'description changed from \"Customer late carry.\" to \"Service play success figure.\";',18,NULL,'2023-04-18 15:59:22',NULL,NULL,NULL,NULL),(31905,'tags',78,'description changed from \"Into Mrs entire hard.\" to \"Family seat relationship television.\";',17,NULL,'2023-04-18 17:59:21',NULL,NULL,NULL,NULL),(31906,'tags',75,'description changed from \"Force pretty fly.\" to \"Concern bag especially.\";',31,NULL,'2023-04-18 19:59:20',NULL,NULL,NULL,NULL),(31907,'tags',82,'color changed from \"#d397ed\" to \"#b16ded\";',17,NULL,'2023-04-18 21:59:19',NULL,NULL,NULL,NULL),(31908,'tags',77,'color changed from \"#0eaf92\" to \"#edb674\";',31,NULL,'2023-04-18 23:59:18',NULL,NULL,NULL,NULL),(31909,'tags',81,'color changed from \"#5eb1f9\" to \"#dd1c83\";',31,NULL,'2023-04-19 01:59:17',NULL,NULL,NULL,NULL),(31910,'tags',66,'color changed from \"#27bc27\" to \"#c2dd49\";',18,NULL,'2023-04-19 03:59:16',NULL,NULL,NULL,NULL),(31911,'tags',78,'color changed from \"#8e1308\" to \"#96ef67\";',10,NULL,'2023-04-19 05:59:15',NULL,NULL,NULL,NULL),(31912,'tags',76,'color changed from \"#e0ab7f\" to \"#46ff3f\";',15,NULL,'2023-04-19 07:59:14',NULL,NULL,NULL,NULL),(31913,'tags',69,'color changed from \"#6cf940\" to \"#b07bd8\";',16,NULL,'2023-04-19 09:59:13',NULL,NULL,NULL,NULL),(31914,'tags',65,'color changed from \"#3a058e\" to \"#eda61a\";',16,NULL,'2023-04-19 11:59:12',NULL,NULL,NULL,NULL),(31915,'tags',73,'color changed from \"#92b719\" to \"#a3d14f\";',16,NULL,'2023-04-19 13:59:11',NULL,NULL,NULL,NULL),(31916,'tags',77,'color changed from \"#edb674\" to \"#d8ad20\";',10,NULL,'2023-04-19 15:59:10',NULL,NULL,NULL,NULL),(31917,'tags',85,'Record created',34,NULL,'2023-04-19 17:59:09',NULL,NULL,NULL,NULL),(31918,'tags',86,'Record created',18,NULL,'2023-04-19 19:59:08',NULL,NULL,NULL,NULL),(31919,'tags',87,'Record created',34,NULL,'2023-04-19 21:59:07',NULL,NULL,NULL,NULL),(31920,'tags',88,'Record created',18,NULL,'2023-04-19 23:59:06',NULL,NULL,NULL,NULL),(31921,'tags',89,'Record created',12,NULL,'2023-04-20 01:59:05',NULL,NULL,NULL,NULL),(31922,'tags',90,'Record created',10,NULL,'2023-04-20 03:59:04',NULL,NULL,NULL,NULL),(31923,'tags',91,'Record created',17,NULL,'2023-04-20 05:59:03',NULL,NULL,NULL,NULL),(31924,'tags',92,'Record created',12,NULL,'2023-04-20 07:59:02',NULL,NULL,NULL,NULL),(31925,'tags',93,'Record created',16,NULL,'2023-04-20 09:59:01',NULL,NULL,NULL,NULL),(31926,'tags',94,'Record created',34,NULL,'2023-04-20 11:59:00',NULL,NULL,NULL,NULL),(31927,'tags',95,'Record created',32,NULL,'2023-04-20 13:58:59',NULL,NULL,NULL,NULL),(31928,'tags',96,'Record created',18,NULL,'2023-04-20 15:58:58',NULL,NULL,NULL,NULL),(31929,'tags',97,'Record created',17,NULL,'2023-04-20 17:58:57',NULL,NULL,NULL,NULL),(31930,'tags',98,'Record created',15,NULL,'2023-04-20 19:58:56',NULL,NULL,NULL,NULL),(31931,'tags',99,'Record created',15,NULL,'2023-04-20 21:58:55',NULL,NULL,NULL,NULL),(31932,'tags',100,'Record created',10,NULL,'2023-04-20 23:58:54',NULL,NULL,NULL,NULL),(31933,'tags',101,'Record created',10,NULL,'2023-04-21 01:58:53',NULL,NULL,NULL,NULL),(31934,'tags',102,'Record created',32,NULL,'2023-04-21 03:58:52',NULL,NULL,NULL,NULL),(31935,'tags',103,'Record created',18,NULL,'2023-04-21 05:58:51',NULL,NULL,NULL,NULL),(31936,'tags',104,'Record created',15,NULL,'2023-04-21 07:58:50',NULL,NULL,NULL,NULL),(31937,'tags',88,'label changed from \"her\" to \"green\";',16,NULL,'2023-04-21 09:58:49',NULL,NULL,NULL,NULL),(31938,'tags',94,'label changed from \"mind\" to \"participant\";',32,NULL,'2023-04-21 11:58:48',NULL,NULL,NULL,NULL),(31939,'tags',99,'label changed from \"life\" to \"staff\";',18,NULL,'2023-04-21 13:58:47',NULL,NULL,NULL,NULL),(31940,'tags',95,'label changed from \"behind\" to \"always\";',32,NULL,'2023-04-21 15:58:46',NULL,NULL,NULL,NULL),(31941,'tags',96,'label changed from \"mother\" to \"collection\";',10,NULL,'2023-04-21 17:58:45',NULL,NULL,NULL,NULL),(31942,'tags',90,'label changed from \"above\" to \"mean\";',12,NULL,'2023-04-21 19:58:44',NULL,NULL,NULL,NULL),(31943,'tags',95,'label changed from \"always\" to \"detail\";',15,NULL,'2023-04-21 21:58:43',NULL,NULL,NULL,NULL),(31944,'tags',90,'label changed from \"mean\" to \"both\";',10,NULL,'2023-04-21 23:58:42',NULL,NULL,NULL,NULL),(31945,'tags',87,'label changed from \"personal\" to \"third\";',10,NULL,'2023-04-22 01:58:41',NULL,NULL,NULL,NULL),(31946,'tags',98,'label changed from \"model\" to \"late\";',17,NULL,'2023-04-22 03:58:40',NULL,NULL,NULL,NULL),(31947,'tags',89,'description changed from \"Phone official wish.\" to \"Pass region rich while someone.\";',17,NULL,'2023-04-22 05:58:39',NULL,NULL,NULL,NULL),(31948,'tags',104,'description changed from \"Game task kind.\" to \"Social lot officer.\";',34,NULL,'2023-04-22 07:58:38',NULL,NULL,NULL,NULL),(31949,'tags',98,'description changed from \"Into attorney.\" to \"Arm dog election.\";',16,NULL,'2023-04-22 09:58:37',NULL,NULL,NULL,NULL),(31950,'tags',91,'description changed from \"In grow.\" to \"There hope key.\";',15,NULL,'2023-04-22 11:58:36',NULL,NULL,NULL,NULL),(31951,'tags',90,'description changed from \"Meet evidence its.\" to \"Gun visit card on cost.\";',15,NULL,'2023-04-22 13:58:35',NULL,NULL,NULL,NULL),(31952,'tags',92,'description changed from \"Me feeling health.\" to \"Throughout leader as tend.\";',32,NULL,'2023-04-22 15:58:34',NULL,NULL,NULL,NULL),(31953,'tags',96,'description changed from \"Human Congress tell.\" to \"Song clearly.\";',10,NULL,'2023-04-22 17:58:33',NULL,NULL,NULL,NULL),(31954,'tags',98,'description changed from \"Arm dog election.\" to \"Put expert.\";',12,NULL,'2023-04-22 19:58:32',NULL,NULL,NULL,NULL),(31955,'tags',100,'description changed from \"Mind hard might.\" to \"It customer event he.\";',16,NULL,'2023-04-22 21:58:31',NULL,NULL,NULL,NULL),(31956,'tags',90,'description changed from \"Gun visit card on cost.\" to \"Improve class rich reveal.\";',15,NULL,'2023-04-22 23:58:30',NULL,NULL,NULL,NULL),(31957,'tags',91,'color changed from \"#a4d2e8\" to \"#0e8c6e\";',34,NULL,'2023-04-23 01:58:29',NULL,NULL,NULL,NULL),(31958,'tags',90,'color changed from \"#ede442\" to \"#bf118d\";',15,NULL,'2023-04-23 03:58:28',NULL,NULL,NULL,NULL),(31959,'tags',104,'color changed from \"#7e22a5\" to \"#e081ea\";',15,NULL,'2023-04-23 05:58:27',NULL,NULL,NULL,NULL),(31960,'tags',95,'color changed from \"#9bc4ff\" to \"#94aae0\";',15,NULL,'2023-04-23 07:58:26',NULL,NULL,NULL,NULL),(31961,'tags',99,'color changed from \"#43c680\" to \"#c44045\";',16,NULL,'2023-04-23 09:58:25',NULL,NULL,NULL,NULL),(31962,'tags',100,'color changed from \"#b76b38\" to \"#3f2a99\";',16,NULL,'2023-04-23 11:58:24',NULL,NULL,NULL,NULL),(31963,'tags',104,'color changed from \"#e081ea\" to \"#9e0c38\";',16,NULL,'2023-04-23 13:58:23',NULL,NULL,NULL,NULL),(31964,'tags',92,'color changed from \"#e4ed84\" to \"#fc3ad2\";',15,NULL,'2023-04-23 15:58:22',NULL,NULL,NULL,NULL),(31965,'tags',85,'color changed from \"#8b96e8\" to \"#ce5054\";',34,NULL,'2023-04-23 17:58:21',NULL,NULL,NULL,NULL),(31966,'tags',104,'color changed from \"#9e0c38\" to \"#d19621\";',18,NULL,'2023-04-23 19:58:20',NULL,NULL,NULL,NULL),(31967,'tags',105,'Record created',41,NULL,'2023-04-23 21:58:19',NULL,NULL,NULL,NULL),(31968,'tags',106,'Record created',10,NULL,'2023-04-23 23:58:18',NULL,NULL,NULL,NULL),(31969,'tags',107,'Record created',39,NULL,'2023-04-24 01:58:17',NULL,NULL,NULL,NULL),(31970,'tags',108,'Record created',41,NULL,'2023-04-24 03:58:16',NULL,NULL,NULL,NULL),(31971,'tags',109,'Record created',40,NULL,'2023-04-24 05:58:15',NULL,NULL,NULL,NULL),(31972,'tags',110,'Record created',19,NULL,'2023-04-24 07:58:14',NULL,NULL,NULL,NULL),(31973,'tags',111,'Record created',10,NULL,'2023-04-24 09:58:13',NULL,NULL,NULL,NULL),(31974,'tags',112,'Record created',19,NULL,'2023-04-24 11:58:12',NULL,NULL,NULL,NULL),(31975,'tags',113,'Record created',37,NULL,'2023-04-24 13:58:11',NULL,NULL,NULL,NULL),(31976,'tags',114,'Record created',38,NULL,'2023-04-24 15:58:10',NULL,NULL,NULL,NULL),(31977,'tags',115,'Record created',37,NULL,'2023-04-24 17:58:09',NULL,NULL,NULL,NULL),(31978,'tags',116,'Record created',19,NULL,'2023-04-24 19:58:08',NULL,NULL,NULL,NULL),(31979,'tags',117,'Record created',20,NULL,'2023-04-24 21:58:07',NULL,NULL,NULL,NULL),(31980,'tags',118,'Record created',39,NULL,'2023-04-24 23:58:06',NULL,NULL,NULL,NULL),(31981,'tags',119,'Record created',10,NULL,'2023-04-25 01:58:05',NULL,NULL,NULL,NULL),(31982,'tags',120,'Record created',41,NULL,'2023-04-25 03:58:04',NULL,NULL,NULL,NULL),(31983,'tags',121,'Record created',18,NULL,'2023-04-25 05:58:03',NULL,NULL,NULL,NULL),(31984,'tags',122,'Record created',39,NULL,'2023-04-25 07:58:02',NULL,NULL,NULL,NULL),(31985,'tags',123,'Record created',41,NULL,'2023-04-25 09:58:01',NULL,NULL,NULL,NULL),(31986,'tags',124,'Record created',10,NULL,'2023-04-25 11:58:00',NULL,NULL,NULL,NULL),(31987,'tags',111,'label changed from \"purpose\" to \"race\";',38,NULL,'2023-04-25 13:57:59',NULL,NULL,NULL,NULL),(31988,'tags',106,'label changed from \"phone\" to \"court\";',20,NULL,'2023-04-25 15:57:58',NULL,NULL,NULL,NULL),(31989,'tags',119,'label changed from \"bit\" to \"tree\";',39,NULL,'2023-04-25 17:57:57',NULL,NULL,NULL,NULL),(31990,'tags',114,'label changed from \"education\" to \"near\";',40,NULL,'2023-04-25 19:57:56',NULL,NULL,NULL,NULL),(31991,'tags',123,'label changed from \"front\" to \"teacher\";',41,NULL,'2023-04-25 21:57:55',NULL,NULL,NULL,NULL),(31992,'tags',110,'label changed from \"paper\" to \"stay\";',38,NULL,'2023-04-25 23:57:54',NULL,NULL,NULL,NULL),(31993,'tags',115,'label changed from \"difficult\" to \"tell\";',41,NULL,'2023-04-26 01:57:53',NULL,NULL,NULL,NULL),(31994,'tags',107,'label changed from \"suggest\" to \"send\";',41,NULL,'2023-04-26 03:57:52',NULL,NULL,NULL,NULL),(31995,'tags',112,'label changed from \"Republican\" to \"despite\";',20,NULL,'2023-04-26 05:57:51',NULL,NULL,NULL,NULL),(31996,'tags',122,'label changed from \"address\" to \"rise\";',40,NULL,'2023-04-26 07:57:50',NULL,NULL,NULL,NULL),(31997,'tags',111,'description changed from \"Really third.\" to \"Free crime society member traditional.\";',18,NULL,'2023-04-26 09:57:49',NULL,NULL,NULL,NULL),(31998,'tags',118,'description changed from \"Together low leg.\" to \"Look season hospital require.\";',19,NULL,'2023-04-26 11:57:48',NULL,NULL,NULL,NULL),(31999,'tags',118,'description changed from \"Look season hospital require.\" to \"Window save.\";',37,NULL,'2023-04-26 13:57:47',NULL,NULL,NULL,NULL),(32000,'tags',108,'description changed from \"Safe since same high.\" to \"Large report number.\";',19,NULL,'2023-04-26 15:57:46',NULL,NULL,NULL,NULL),(32001,'tags',105,'description changed from \"Grow firm.\" to \"Turn choose green.\";',41,NULL,'2023-04-26 17:57:45',NULL,NULL,NULL,NULL),(32002,'tags',119,'description changed from \"Term.\" to \"Hope wall recently training.\";',10,NULL,'2023-04-26 19:57:44',NULL,NULL,NULL,NULL),(32003,'tags',114,'description changed from \"Step affect.\" to \"Tough less responsibility for.\";',39,NULL,'2023-04-26 21:57:43',NULL,NULL,NULL,NULL),(32004,'tags',118,'description changed from \"Window save.\" to \"Find answer party mission.\";',38,NULL,'2023-04-26 23:57:42',NULL,NULL,NULL,NULL),(32005,'tags',113,'description changed from \"Wife civil.\" to \"Painting move push occur approach.\";',41,NULL,'2023-04-27 01:57:41',NULL,NULL,NULL,NULL),(32006,'tags',110,'description changed from \"Might foreign south.\" to \"Wall weight food nothing.\";',39,NULL,'2023-04-27 03:57:40',NULL,NULL,NULL,NULL),(32007,'tags',109,'color changed from \"#3042a0\" to \"#88f76c\";',39,NULL,'2023-04-27 05:57:39',NULL,NULL,NULL,NULL),(32008,'tags',107,'color changed from \"#175677\" to \"#9470d1\";',19,NULL,'2023-04-27 07:57:38',NULL,NULL,NULL,NULL),(32009,'tags',105,'color changed from \"#53ef9c\" to \"#0ab29e\";',10,NULL,'2023-04-27 09:57:37',NULL,NULL,NULL,NULL),(32010,'tags',112,'color changed from \"#438200\" to \"#7facef\";',40,NULL,'2023-04-27 11:57:36',NULL,NULL,NULL,NULL),(32011,'tags',113,'color changed from \"#c19130\" to \"#c912ad\";',38,NULL,'2023-04-27 13:57:35',NULL,NULL,NULL,NULL),(32012,'tags',118,'color changed from \"#5a4dcc\" to \"#e87d9d\";',18,NULL,'2023-04-27 15:57:34',NULL,NULL,NULL,NULL),(32013,'tags',118,'color changed from \"#e87d9d\" to \"#8269e5\";',19,NULL,'2023-04-27 17:57:33',NULL,NULL,NULL,NULL),(32014,'tags',122,'color changed from \"#d5b8f9\" to \"#513736\";',39,NULL,'2023-04-27 19:57:32',NULL,NULL,NULL,NULL),(32015,'tags',118,'color changed from \"#8269e5\" to \"#5033af\";',40,NULL,'2023-04-27 21:57:31',NULL,NULL,NULL,NULL),(32016,'tags',107,'color changed from \"#9470d1\" to \"#d11956\";',37,NULL,'2023-04-27 23:57:30',NULL,NULL,NULL,NULL),(32017,'locations',100000036,'Record created',8,NULL,'2023-04-11 10:00:49',NULL,NULL,NULL,NULL),(32018,'locations',100000037,'Record created',6,NULL,'2023-04-11 20:01:01',NULL,NULL,NULL,NULL),(32019,'locations',100000038,'Record created',3,NULL,'2023-04-12 06:01:13',NULL,NULL,NULL,NULL),(32020,'locations',100000039,'Record created',7,NULL,'2023-04-12 16:01:25',NULL,NULL,NULL,NULL),(32021,'locations',100000040,'Record created',7,NULL,'2023-04-13 02:01:37',NULL,NULL,NULL,NULL),(32022,'locations',100000041,'Record created',23,NULL,'2023-04-13 12:01:49',NULL,NULL,NULL,NULL),(32023,'locations',100000041,'Record deleted',6,NULL,'2023-04-13 22:02:01',NULL,NULL,NULL,NULL),(32024,'locations',100000042,'Record created',11,NULL,'2023-04-14 08:02:13',NULL,NULL,NULL,NULL),(32025,'locations',100000043,'Record created',18,NULL,'2023-04-14 18:02:25',NULL,NULL,NULL,NULL),(32026,'locations',100000044,'Record created',16,NULL,'2023-04-15 04:02:37',NULL,NULL,NULL,NULL),(32027,'locations',100000045,'Record created',18,NULL,'2023-04-15 14:02:49',NULL,NULL,NULL,NULL),(32028,'locations',100000046,'Record created',17,NULL,'2023-04-16 00:03:01',NULL,NULL,NULL,NULL),(32029,'locations',100000047,'Record created',15,NULL,'2023-04-16 10:03:13',NULL,NULL,NULL,NULL),(32030,'locations',100000047,'Record deleted',18,NULL,'2023-04-16 20:03:25',NULL,NULL,NULL,NULL),(32031,'locations',100000048,'Record created',10,NULL,'2023-04-17 06:03:37',NULL,NULL,NULL,NULL),(32032,'locations',100000049,'Record created',12,NULL,'2023-04-17 16:03:49',NULL,NULL,NULL,NULL),(32033,'locations',100000050,'Record created',10,NULL,'2023-04-18 02:04:01',NULL,NULL,NULL,NULL),(32034,'locations',100000051,'Record created',18,NULL,'2023-04-18 12:04:13',NULL,NULL,NULL,NULL),(32035,'locations',100000052,'Record created',15,NULL,'2023-04-18 22:04:25',NULL,NULL,NULL,NULL),(32036,'locations',100000053,'Record created',15,NULL,'2023-04-19 08:04:37',NULL,NULL,NULL,NULL),(32037,'locations',100000053,'Record deleted',32,NULL,'2023-04-19 18:04:49',NULL,NULL,NULL,NULL),(32038,'locations',100000054,'Record created',39,NULL,'2023-04-20 04:05:01',NULL,NULL,NULL,NULL),(32039,'locations',100000055,'Record created',20,NULL,'2023-04-20 14:05:13',NULL,NULL,NULL,NULL),(32040,'locations',100000056,'Record created',37,NULL,'2023-04-21 00:05:25',NULL,NULL,NULL,NULL),(32041,'locations',100000057,'Record created',41,NULL,'2023-04-21 10:05:37',NULL,NULL,NULL,NULL),(32042,'locations',100000058,'Record created',10,NULL,'2023-04-21 20:05:49',NULL,NULL,NULL,NULL),(32043,'locations',100000059,'Record created',39,NULL,'2023-04-22 06:06:01',NULL,NULL,NULL,NULL),(32044,'locations',100000059,'Record deleted',19,NULL,'2023-04-22 16:06:13',NULL,NULL,NULL,NULL),(32045,'people',100000486,'Record created',2,NULL,'2023-04-11 11:00:48',NULL,NULL,NULL,NULL),(32046,'people',100000487,'Record created',2,NULL,'2023-04-11 13:00:46',NULL,NULL,NULL,NULL),(32047,'people',100000488,'Record created',25,NULL,'2023-04-11 15:00:44',NULL,NULL,NULL,NULL),(32048,'people',100000489,'Record created',24,NULL,'2023-04-11 17:00:42',NULL,NULL,NULL,NULL),(32049,'people',100000490,'Record created',25,NULL,'2023-04-11 19:00:40',NULL,NULL,NULL,NULL),(32050,'people',100000491,'Record created',7,NULL,'2023-04-11 21:00:38',NULL,NULL,NULL,NULL),(32051,'people',100000492,'Record created',24,NULL,'2023-04-11 23:00:36',NULL,NULL,NULL,NULL),(32052,'people',100000493,'Record created',24,NULL,'2023-04-12 01:00:34',NULL,NULL,NULL,NULL),(32053,'people',100000494,'Record created',8,NULL,'2023-04-12 03:00:32',NULL,NULL,NULL,NULL),(32054,'people',100000495,'Record created',4,NULL,'2023-04-12 05:00:30',NULL,NULL,NULL,NULL),(32055,'people',100000496,'Record created',8,NULL,'2023-04-12 07:00:28',NULL,NULL,NULL,NULL),(32056,'people',100000497,'Record created',5,NULL,'2023-04-12 09:00:26',NULL,NULL,NULL,NULL),(32057,'people',100000498,'Record created',6,NULL,'2023-04-12 11:00:24',NULL,NULL,NULL,NULL),(32058,'people',100000499,'Record created',4,NULL,'2023-04-12 13:00:22',NULL,NULL,NULL,NULL),(32059,'people',100000500,'Record created',5,NULL,'2023-04-12 15:00:20',NULL,NULL,NULL,NULL),(32060,'people',100000501,'Record created',9,NULL,'2023-04-12 17:00:18',NULL,NULL,NULL,NULL),(32061,'people',100000502,'Record created',8,NULL,'2023-04-12 19:00:16',NULL,NULL,NULL,NULL),(32062,'people',100000503,'Record created',23,NULL,'2023-04-12 21:00:14',NULL,NULL,NULL,NULL),(32063,'people',100000504,'Record created',23,NULL,'2023-04-12 23:00:12',NULL,NULL,NULL,NULL),(32064,'people',100000505,'Record created',7,NULL,'2023-04-13 01:00:10',NULL,NULL,NULL,NULL),(32065,'people',100000506,'Record created',5,NULL,'2023-04-13 03:00:08',NULL,NULL,NULL,NULL),(32066,'people',100000507,'Record created',23,NULL,'2023-04-13 05:00:06',NULL,NULL,NULL,NULL),(32067,'people',100000508,'Record created',4,NULL,'2023-04-13 07:00:04',NULL,NULL,NULL,NULL),(32068,'people',100000509,'Record created',3,NULL,'2023-04-13 09:00:02',NULL,NULL,NULL,NULL),(32069,'people',100000510,'Record created',24,NULL,'2023-04-13 11:00:00',NULL,NULL,NULL,NULL),(32070,'people',100000511,'Record created',8,NULL,'2023-04-13 12:59:58',NULL,NULL,NULL,NULL),(32071,'people',100000512,'Record created',25,NULL,'2023-04-13 14:59:56',NULL,NULL,NULL,NULL),(32072,'people',100000513,'Record created',23,NULL,'2023-04-13 16:59:54',NULL,NULL,NULL,NULL),(32073,'people',100000514,'Record created',23,NULL,'2023-04-13 18:59:52',NULL,NULL,NULL,NULL),(32074,'people',100000515,'Record created',7,NULL,'2023-04-13 20:59:50',NULL,NULL,NULL,NULL),(32075,'people',100000516,'Record created',23,NULL,'2023-04-13 22:59:48',NULL,NULL,NULL,NULL),(32076,'people',100000517,'Record created',4,NULL,'2023-04-14 00:59:46',NULL,NULL,NULL,NULL),(32077,'people',100000518,'Record created',23,NULL,'2023-04-14 02:59:44',NULL,NULL,NULL,NULL),(32078,'people',100000519,'Record created',4,NULL,'2023-04-14 04:59:42',NULL,NULL,NULL,NULL),(32079,'people',100000520,'Record created',25,NULL,'2023-04-14 06:59:40',NULL,NULL,NULL,NULL),(32080,'people',100000521,'Record created',7,NULL,'2023-04-14 08:59:38',NULL,NULL,NULL,NULL),(32081,'people',100000522,'Record created',3,NULL,'2023-04-14 10:59:36',NULL,NULL,NULL,NULL),(32082,'people',100000523,'Record created',24,NULL,'2023-04-14 12:59:34',NULL,NULL,NULL,NULL),(32083,'people',100000524,'Record created',2,NULL,'2023-04-14 14:59:32',NULL,NULL,NULL,NULL),(32084,'people',100000525,'Record created',2,NULL,'2023-04-14 16:59:30',NULL,NULL,NULL,NULL),(32085,'people',100000526,'Record created',2,NULL,'2023-04-14 18:59:28',NULL,NULL,NULL,NULL),(32086,'people',100000527,'Record created',8,NULL,'2023-04-14 20:59:26',NULL,NULL,NULL,NULL),(32087,'people',100000528,'Record created',5,NULL,'2023-04-14 22:59:24',NULL,NULL,NULL,NULL),(32088,'people',100000529,'Record created',8,NULL,'2023-04-15 00:59:22',NULL,NULL,NULL,NULL),(32089,'people',100000530,'Record created',6,NULL,'2023-04-15 02:59:20',NULL,NULL,NULL,NULL),(32090,'people',100000531,'Record created',8,NULL,'2023-04-15 04:59:18',NULL,NULL,NULL,NULL),(32091,'people',100000532,'Record created',4,NULL,'2023-04-15 06:59:16',NULL,NULL,NULL,NULL),(32092,'people',100000533,'Record created',24,NULL,'2023-04-15 08:59:14',NULL,NULL,NULL,NULL),(32093,'people',100000534,'Record created',7,NULL,'2023-04-15 10:59:12',NULL,NULL,NULL,NULL),(32094,'people',100000535,'Record created',4,NULL,'2023-04-15 12:59:10',NULL,NULL,NULL,NULL),(32095,'people',100000536,'Record created',9,NULL,'2023-04-15 14:59:08',NULL,NULL,NULL,NULL),(32096,'people',100000537,'Record created',7,NULL,'2023-04-15 16:59:06',NULL,NULL,NULL,NULL),(32097,'people',100000538,'Record created',7,NULL,'2023-04-15 18:59:04',NULL,NULL,NULL,NULL),(32098,'people',100000539,'Record created',24,NULL,'2023-04-15 20:59:02',NULL,NULL,NULL,NULL),(32099,'people',100000540,'Record created',5,NULL,'2023-04-15 22:59:00',NULL,NULL,NULL,NULL),(32100,'people',100000541,'Record created',7,NULL,'2023-04-16 00:58:58',NULL,NULL,NULL,NULL),(32101,'people',100000542,'Record created',9,NULL,'2023-04-16 02:58:56',NULL,NULL,NULL,NULL),(32102,'people',100000543,'Record created',4,NULL,'2023-04-16 04:58:54',NULL,NULL,NULL,NULL),(32103,'people',100000544,'Record created',3,NULL,'2023-04-16 06:58:52',NULL,NULL,NULL,NULL),(32104,'people',100000545,'Record created',5,NULL,'2023-04-16 08:58:50',NULL,NULL,NULL,NULL),(32105,'people',100000546,'Record created',4,NULL,'2023-04-16 10:58:48',NULL,NULL,NULL,NULL),(32106,'people',100000547,'Record created',2,NULL,'2023-04-16 12:58:46',NULL,NULL,NULL,NULL),(32107,'people',100000548,'Record created',3,NULL,'2023-04-16 14:58:44',NULL,NULL,NULL,NULL),(32108,'people',100000549,'Record created',3,NULL,'2023-04-16 16:58:42',NULL,NULL,NULL,NULL),(32109,'people',100000550,'Record created',8,NULL,'2023-04-16 18:58:40',NULL,NULL,NULL,NULL),(32110,'people',100000551,'Record created',25,NULL,'2023-04-16 20:58:38',NULL,NULL,NULL,NULL),(32111,'people',100000552,'Record created',7,NULL,'2023-04-16 22:58:36',NULL,NULL,NULL,NULL),(32112,'people',100000553,'Record created',3,NULL,'2023-04-17 00:58:34',NULL,NULL,NULL,NULL),(32113,'people',100000554,'Record created',2,NULL,'2023-04-17 02:58:32',NULL,NULL,NULL,NULL),(32114,'people',100000555,'Record created',7,NULL,'2023-04-17 04:58:30',NULL,NULL,NULL,NULL),(32115,'people',100000556,'Record created',3,NULL,'2023-04-17 06:58:28',NULL,NULL,NULL,NULL),(32116,'people',100000557,'Record created',4,NULL,'2023-04-17 08:58:26',NULL,NULL,NULL,NULL),(32117,'people',100000558,'Record created',9,NULL,'2023-04-17 10:58:24',NULL,NULL,NULL,NULL),(32118,'people',100000559,'Record created',23,NULL,'2023-04-17 12:58:22',NULL,NULL,NULL,NULL),(32119,'people',100000560,'Record created',4,NULL,'2023-04-17 14:58:20',NULL,NULL,NULL,NULL),(32120,'people',100000561,'Record created',8,NULL,'2023-04-17 16:58:18',NULL,NULL,NULL,NULL),(32121,'people',100000562,'Record created',7,NULL,'2023-04-17 18:58:16',NULL,NULL,NULL,NULL),(32122,'people',100000563,'Record created',25,NULL,'2023-04-17 20:58:14',NULL,NULL,NULL,NULL),(32123,'people',100000564,'Record created',4,NULL,'2023-04-17 22:58:12',NULL,NULL,NULL,NULL),(32124,'people',100000565,'Record created',3,NULL,'2023-04-18 00:58:10',NULL,NULL,NULL,NULL),(32125,'people',100000566,'Record created',6,NULL,'2023-04-18 02:58:08',NULL,NULL,NULL,NULL),(32126,'people',100000567,'Record created',5,NULL,'2023-04-18 04:58:06',NULL,NULL,NULL,NULL),(32127,'people',100000568,'Record created',24,NULL,'2023-04-18 06:58:04',NULL,NULL,NULL,NULL),(32128,'people',100000569,'Record created',6,NULL,'2023-04-18 08:58:02',NULL,NULL,NULL,NULL),(32129,'people',100000570,'Record created',24,NULL,'2023-04-18 10:58:00',NULL,NULL,NULL,NULL),(32130,'people',100000571,'Record created',7,NULL,'2023-04-18 12:57:58',NULL,NULL,NULL,NULL),(32131,'people',100000572,'Record created',24,NULL,'2023-04-18 14:57:56',NULL,NULL,NULL,NULL),(32132,'people',100000573,'Record created',3,NULL,'2023-04-18 16:57:54',NULL,NULL,NULL,NULL),(32133,'people',100000574,'Record created',23,NULL,'2023-04-18 18:57:52',NULL,NULL,NULL,NULL),(32134,'people',100000575,'Record created',25,NULL,'2023-04-18 20:57:50',NULL,NULL,NULL,NULL),(32135,'people',100000576,'Record created',7,NULL,'2023-04-18 22:57:48',NULL,NULL,NULL,NULL),(32136,'people',100000577,'Record created',6,NULL,'2023-04-19 00:57:46',NULL,NULL,NULL,NULL),(32137,'people',100000578,'Record created',9,NULL,'2023-04-19 02:57:44',NULL,NULL,NULL,NULL),(32138,'people',100000579,'Record created',23,NULL,'2023-04-19 04:57:42',NULL,NULL,NULL,NULL),(32139,'people',100000580,'Record created',4,NULL,'2023-04-19 06:57:40',NULL,NULL,NULL,NULL),(32140,'people',100000581,'Record created',25,NULL,'2023-04-19 08:57:38',NULL,NULL,NULL,NULL),(32141,'people',100000582,'Record created',7,NULL,'2023-04-19 10:57:36',NULL,NULL,NULL,NULL),(32142,'people',100000583,'Record created',7,NULL,'2023-04-19 12:57:34',NULL,NULL,NULL,NULL),(32143,'people',100000584,'Record created',3,NULL,'2023-04-19 14:57:32',NULL,NULL,NULL,NULL),(32144,'people',100000585,'Record created',6,NULL,'2023-04-19 16:57:30',NULL,NULL,NULL,NULL),(32145,'people',100000586,'Record created',7,NULL,'2023-04-19 18:57:28',NULL,NULL,NULL,NULL),(32146,'people',100000587,'Record created',5,NULL,'2023-04-19 20:57:26',NULL,NULL,NULL,NULL),(32147,'people',100000588,'Record created',23,NULL,'2023-04-19 22:57:24',NULL,NULL,NULL,NULL),(32148,'people',100000589,'Record created',8,NULL,'2023-04-20 00:57:22',NULL,NULL,NULL,NULL),(32149,'people',100000590,'Record created',7,NULL,'2023-04-20 02:57:20',NULL,NULL,NULL,NULL),(32150,'people',100000591,'Record created',3,NULL,'2023-04-20 04:57:18',NULL,NULL,NULL,NULL),(32151,'people',100000592,'Record created',2,NULL,'2023-04-20 06:57:16',NULL,NULL,NULL,NULL),(32152,'people',100000593,'Record created',3,NULL,'2023-04-20 08:57:14',NULL,NULL,NULL,NULL),(32153,'people',100000594,'Record created',8,NULL,'2023-04-20 10:57:12',NULL,NULL,NULL,NULL),(32154,'people',100000595,'Record created',25,NULL,'2023-04-20 12:57:10',NULL,NULL,NULL,NULL),(32155,'people',100000596,'Record created',6,NULL,'2023-04-20 14:57:08',NULL,NULL,NULL,NULL),(32156,'people',100000597,'Record created',2,NULL,'2023-04-20 16:57:06',NULL,NULL,NULL,NULL),(32157,'people',100000598,'Record created',9,NULL,'2023-04-20 18:57:04',NULL,NULL,NULL,NULL),(32158,'people',100000599,'Record created',4,NULL,'2023-04-20 20:57:02',NULL,NULL,NULL,NULL),(32159,'people',100000600,'Record created',7,NULL,'2023-04-20 22:57:00',NULL,NULL,NULL,NULL),(32160,'people',100000601,'Record created',24,NULL,'2023-04-21 00:56:58',NULL,NULL,NULL,NULL),(32161,'people',100000602,'Record created',5,NULL,'2023-04-21 02:56:56',NULL,NULL,NULL,NULL),(32162,'people',100000603,'Record created',6,NULL,'2023-04-21 04:56:54',NULL,NULL,NULL,NULL),(32163,'people',100000604,'Record created',25,NULL,'2023-04-21 06:56:52',NULL,NULL,NULL,NULL),(32164,'people',100000605,'Record created',24,NULL,'2023-04-21 08:56:50',NULL,NULL,NULL,NULL),(32165,'people',100000606,'Record created',6,NULL,'2023-04-21 10:56:48',NULL,NULL,NULL,NULL),(32166,'people',100000607,'Record created',5,NULL,'2023-04-21 12:56:46',NULL,NULL,NULL,NULL),(32167,'people',100000608,'Record created',7,NULL,'2023-04-21 14:56:44',NULL,NULL,NULL,NULL),(32168,'people',100000609,'Record created',3,NULL,'2023-04-21 16:56:42',NULL,NULL,NULL,NULL),(32169,'people',100000610,'Record created',3,NULL,'2023-04-21 18:56:40',NULL,NULL,NULL,NULL),(32170,'people',100000611,'Record created',3,NULL,'2023-04-21 20:56:38',NULL,NULL,NULL,NULL),(32171,'people',100000612,'Record created',2,NULL,'2023-04-21 22:56:36',NULL,NULL,NULL,NULL),(32172,'people',100000613,'Record created',6,NULL,'2023-04-22 00:56:34',NULL,NULL,NULL,NULL),(32173,'people',100000614,'Record created',4,NULL,'2023-04-22 02:56:32',NULL,NULL,NULL,NULL),(32174,'people',100000615,'Record created',3,NULL,'2023-04-22 04:56:30',NULL,NULL,NULL,NULL),(32175,'people',100000616,'Record created',7,NULL,'2023-04-22 06:56:28',NULL,NULL,NULL,NULL),(32176,'people',100000617,'Record created',23,NULL,'2023-04-22 08:56:26',NULL,NULL,NULL,NULL),(32177,'people',100000618,'Record created',25,NULL,'2023-04-22 10:56:24',NULL,NULL,NULL,NULL),(32178,'people',100000619,'Record created',25,NULL,'2023-04-22 12:56:22',NULL,NULL,NULL,NULL),(32179,'people',100000620,'Record created',4,NULL,'2023-04-22 14:56:20',NULL,NULL,NULL,NULL),(32180,'people',100000621,'Record created',9,NULL,'2023-04-22 16:56:18',NULL,NULL,NULL,NULL),(32181,'people',100000622,'Record created',8,NULL,'2023-04-22 18:56:16',NULL,NULL,NULL,NULL),(32182,'people',100000623,'Record created',23,NULL,'2023-04-22 20:56:14',NULL,NULL,NULL,NULL),(32183,'people',100000624,'Record created',4,NULL,'2023-04-22 22:56:12',NULL,NULL,NULL,NULL),(32184,'people',100000625,'Record created',5,NULL,'2023-04-23 00:56:10',NULL,NULL,NULL,NULL),(32185,'people',100000626,'Record created',24,NULL,'2023-04-23 02:56:08',NULL,NULL,NULL,NULL),(32186,'people',100000627,'Record created',5,NULL,'2023-04-23 04:56:06',NULL,NULL,NULL,NULL),(32187,'people',100000628,'Record created',4,NULL,'2023-04-23 06:56:04',NULL,NULL,NULL,NULL),(32188,'people',100000629,'Record created',6,NULL,'2023-04-23 08:56:02',NULL,NULL,NULL,NULL),(32189,'people',100000630,'Record created',5,NULL,'2023-04-23 10:56:00',NULL,NULL,NULL,NULL),(32190,'people',100000631,'Record created',3,NULL,'2023-04-23 12:55:58',NULL,NULL,NULL,NULL),(32191,'people',100000632,'Record created',25,NULL,'2023-04-23 14:55:56',NULL,NULL,NULL,NULL),(32192,'people',100000633,'Record created',8,NULL,'2023-04-23 16:55:54',NULL,NULL,NULL,NULL),(32193,'people',100000634,'Record created',23,NULL,'2023-04-23 18:55:52',NULL,NULL,NULL,NULL),(32194,'people',100000635,'Record created',3,NULL,'2023-04-23 20:55:50',NULL,NULL,NULL,NULL),(32195,'people',100000636,'Record created',25,NULL,'2023-04-23 22:55:48',NULL,NULL,NULL,NULL),(32196,'people',100000637,'Record created',5,NULL,'2023-04-24 00:55:46',NULL,NULL,NULL,NULL),(32197,'people',100000638,'Record created',2,NULL,'2023-04-24 02:55:44',NULL,NULL,NULL,NULL),(32198,'people',100000639,'Record created',23,NULL,'2023-04-24 04:55:42',NULL,NULL,NULL,NULL),(32199,'people',100000640,'Record created',25,NULL,'2023-04-24 06:55:40',NULL,NULL,NULL,NULL),(32200,'people',100000641,'Record created',5,NULL,'2023-04-24 08:55:38',NULL,NULL,NULL,NULL),(32201,'people',100000642,'Record created',9,NULL,'2023-04-24 10:55:36',NULL,NULL,NULL,NULL),(32202,'people',100000643,'Record created',24,NULL,'2023-04-24 12:55:34',NULL,NULL,NULL,NULL),(32203,'people',100000644,'Record created',25,NULL,'2023-04-24 14:55:32',NULL,NULL,NULL,NULL),(32204,'people',100000645,'Record created',4,NULL,'2023-04-24 16:55:30',NULL,NULL,NULL,NULL),(32205,'people',100000646,'Record created',25,NULL,'2023-04-24 18:55:28',NULL,NULL,NULL,NULL),(32206,'people',100000647,'Record created',2,NULL,'2023-04-24 20:55:26',NULL,NULL,NULL,NULL),(32207,'people',100000648,'Record created',8,NULL,'2023-04-24 22:55:24',NULL,NULL,NULL,NULL),(32208,'people',100000649,'Record created',25,NULL,'2023-04-25 00:55:22',NULL,NULL,NULL,NULL),(32209,'people',100000650,'Record created',6,NULL,'2023-04-25 02:55:20',NULL,NULL,NULL,NULL),(32210,'people',100000651,'Record created',24,NULL,'2023-04-25 04:55:18',NULL,NULL,NULL,NULL),(32211,'people',100000652,'Record created',25,NULL,'2023-04-25 06:55:16',NULL,NULL,NULL,NULL),(32212,'people',100000653,'Record created',8,NULL,'2023-04-25 08:55:14',NULL,NULL,NULL,NULL),(32213,'people',100000654,'Record created',4,NULL,'2023-04-25 10:55:12',NULL,NULL,NULL,NULL),(32214,'people',100000655,'Record created',6,NULL,'2023-04-25 12:55:10',NULL,NULL,NULL,NULL),(32215,'people',100000656,'Record created',2,NULL,'2023-04-25 14:55:08',NULL,NULL,NULL,NULL),(32216,'people',100000657,'Record created',5,NULL,'2023-04-25 16:55:06',NULL,NULL,NULL,NULL),(32217,'people',100000658,'Record created',6,NULL,'2023-04-25 18:55:04',NULL,NULL,NULL,NULL),(32218,'people',100000659,'Record created',24,NULL,'2023-04-25 20:55:02',NULL,NULL,NULL,NULL),(32219,'people',100000660,'Record created',24,NULL,'2023-04-25 22:55:00',NULL,NULL,NULL,NULL),(32220,'people',100000661,'Record created',5,NULL,'2023-04-26 00:54:58',NULL,NULL,NULL,NULL),(32221,'people',100000662,'Record created',7,NULL,'2023-04-26 02:54:56',NULL,NULL,NULL,NULL),(32222,'people',100000663,'Record created',2,NULL,'2023-04-26 04:54:54',NULL,NULL,NULL,NULL),(32223,'people',100000664,'Record created',9,NULL,'2023-04-26 06:54:52',NULL,NULL,NULL,NULL),(32224,'people',100000665,'Record created',7,NULL,'2023-04-26 08:54:50',NULL,NULL,NULL,NULL),(32225,'people',100000666,'Record created',23,NULL,'2023-04-26 10:54:48',NULL,NULL,NULL,NULL),(32226,'people',100000667,'Record created',8,NULL,'2023-04-26 12:54:46',NULL,NULL,NULL,NULL),(32227,'people',100000668,'Record created',4,NULL,'2023-04-26 14:54:44',NULL,NULL,NULL,NULL),(32228,'people',100000669,'Record created',8,NULL,'2023-04-26 16:54:42',NULL,NULL,NULL,NULL),(32229,'people',100000670,'Record created',8,NULL,'2023-04-26 18:54:40',NULL,NULL,NULL,NULL),(32230,'people',100000671,'Record created',23,NULL,'2023-04-26 20:54:38',NULL,NULL,NULL,NULL),(32231,'people',100000672,'Record created',4,NULL,'2023-04-26 22:54:36',NULL,NULL,NULL,NULL),(32232,'people',100000673,'Record created',24,NULL,'2023-04-27 00:54:34',NULL,NULL,NULL,NULL),(32233,'people',100000674,'Record created',23,NULL,'2023-04-27 02:54:32',NULL,NULL,NULL,NULL),(32234,'people',100000675,'Record created',4,NULL,'2023-04-27 04:54:30',NULL,NULL,NULL,NULL),(32235,'people',100000676,'Record created',25,NULL,'2023-04-27 06:54:28',NULL,NULL,NULL,NULL),(32236,'people',100000677,'Record created',7,NULL,'2023-04-27 08:54:26',NULL,NULL,NULL,NULL),(32237,'people',100000678,'Record created',7,NULL,'2023-04-27 10:54:24',NULL,NULL,NULL,NULL),(32238,'people',100000679,'Record created',23,NULL,'2023-04-27 12:54:22',NULL,NULL,NULL,NULL),(32239,'people',100000680,'Record created',4,NULL,'2023-04-27 14:54:20',NULL,NULL,NULL,NULL),(32240,'people',100000681,'Record created',8,NULL,'2023-04-27 16:54:18',NULL,NULL,NULL,NULL),(32241,'people',100000682,'Record created',4,NULL,'2023-04-27 18:54:16',NULL,NULL,NULL,NULL),(32242,'people',100000683,'Record created',24,NULL,'2023-04-27 20:54:14',NULL,NULL,NULL,NULL),(32243,'people',100000684,'Record created',8,NULL,'2023-04-27 22:54:12',NULL,NULL,NULL,NULL),(32244,'people',100000685,'Record created',9,NULL,'2023-04-28 00:54:10',NULL,NULL,NULL,NULL),(32245,'people',100000686,'Record created',23,NULL,'2023-04-28 02:54:08',NULL,NULL,NULL,NULL),(32246,'people',100000687,'Record created',3,NULL,'2023-04-28 04:54:06',NULL,NULL,NULL,NULL),(32247,'people',100000688,'Record created',8,NULL,'2023-04-28 06:54:04',NULL,NULL,NULL,NULL),(32248,'people',100000689,'Record created',2,NULL,'2023-04-28 08:54:02',NULL,NULL,NULL,NULL),(32249,'people',100000690,'Record created',9,NULL,'2023-04-28 10:54:00',NULL,NULL,NULL,NULL),(32250,'people',100000691,'Record created',8,NULL,'2023-04-28 12:53:58',NULL,NULL,NULL,NULL),(32251,'people',100000692,'Record created',4,NULL,'2023-04-28 14:53:56',NULL,NULL,NULL,NULL),(32252,'people',100000693,'Record created',9,NULL,'2023-04-28 16:53:54',NULL,NULL,NULL,NULL),(32253,'people',100000694,'Record created',9,NULL,'2023-04-28 18:53:52',NULL,NULL,NULL,NULL),(32254,'people',100000695,'Record created',2,NULL,'2023-04-28 20:53:50',NULL,NULL,NULL,NULL),(32255,'people',100000696,'Record created',23,NULL,'2023-04-28 22:53:48',NULL,NULL,NULL,NULL),(32256,'people',100000697,'Record created',6,NULL,'2023-04-29 00:53:46',NULL,NULL,NULL,NULL),(32257,'people',100000698,'Record created',5,NULL,'2023-04-29 02:53:44',NULL,NULL,NULL,NULL),(32258,'people',100000699,'Record created',23,NULL,'2023-04-29 04:53:42',NULL,NULL,NULL,NULL),(32259,'people',100000700,'Record created',25,NULL,'2023-04-29 06:53:40',NULL,NULL,NULL,NULL),(32260,'people',100000701,'Record created',6,NULL,'2023-04-29 08:53:38',NULL,NULL,NULL,NULL),(32261,'people',100000702,'Record created',25,NULL,'2023-04-29 10:53:36',NULL,NULL,NULL,NULL),(32262,'people',100000703,'Record created',24,NULL,'2023-04-29 12:53:34',NULL,NULL,NULL,NULL),(32263,'people',100000704,'Record created',5,NULL,'2023-04-29 14:53:32',NULL,NULL,NULL,NULL),(32264,'people',100000705,'Record created',7,NULL,'2023-04-29 16:53:30',NULL,NULL,NULL,NULL),(32265,'people',100000706,'Record created',6,NULL,'2023-04-29 18:53:28',NULL,NULL,NULL,NULL),(32266,'people',100000707,'Record created',8,NULL,'2023-04-29 20:53:26',NULL,NULL,NULL,NULL),(32267,'people',100000708,'Record created',23,NULL,'2023-04-29 22:53:24',NULL,NULL,NULL,NULL),(32268,'people',100000709,'Record created',23,NULL,'2023-04-30 00:53:22',NULL,NULL,NULL,NULL),(32269,'people',100000710,'Record created',3,NULL,'2023-04-30 02:53:20',NULL,NULL,NULL,NULL),(32270,'people',100000711,'Record created',9,NULL,'2023-04-30 04:53:18',NULL,NULL,NULL,NULL),(32271,'people',100000712,'Record created',5,NULL,'2023-04-30 06:53:16',NULL,NULL,NULL,NULL),(32272,'people',100000713,'Record created',23,NULL,'2023-04-30 08:53:14',NULL,NULL,NULL,NULL),(32273,'people',100000714,'Record created',6,NULL,'2023-04-30 10:53:12',NULL,NULL,NULL,NULL),(32274,'people',100000715,'Record created',2,NULL,'2023-04-30 12:53:10',NULL,NULL,NULL,NULL),(32275,'people',100000716,'Record created',7,NULL,'2023-04-30 14:53:08',NULL,NULL,NULL,NULL),(32276,'people',100000717,'Record created',3,NULL,'2023-04-30 16:53:06',NULL,NULL,NULL,NULL),(32277,'people',100000718,'Record created',5,NULL,'2023-04-30 18:53:04',NULL,NULL,NULL,NULL),(32278,'people',100000719,'Record created',8,NULL,'2023-04-30 20:53:02',NULL,NULL,NULL,NULL),(32279,'people',100000720,'Record created',6,NULL,'2023-04-30 22:53:00',NULL,NULL,NULL,NULL),(32280,'people',100000721,'Record created',24,NULL,'2023-05-01 00:52:58',NULL,NULL,NULL,NULL),(32281,'people',100000722,'Record created',4,NULL,'2023-05-01 02:52:56',NULL,NULL,NULL,NULL),(32282,'people',100000723,'Record created',24,NULL,'2023-05-01 04:52:54',NULL,NULL,NULL,NULL),(32283,'people',100000724,'Record created',3,NULL,'2023-05-01 06:52:52',NULL,NULL,NULL,NULL),(32284,'people',100000725,'Record created',5,NULL,'2023-05-01 08:52:50',NULL,NULL,NULL,NULL),(32285,'people',100000726,'Record created',25,NULL,'2023-05-01 10:52:48',NULL,NULL,NULL,NULL),(32286,'people',100000727,'Record created',4,NULL,'2023-05-01 12:52:46',NULL,NULL,NULL,NULL),(32287,'people',100000728,'Record created',7,NULL,'2023-05-01 14:52:44',NULL,NULL,NULL,NULL),(32288,'people',100000729,'Record created',5,NULL,'2023-05-01 16:52:42',NULL,NULL,NULL,NULL),(32289,'people',100000730,'Record created',23,NULL,'2023-05-01 18:52:40',NULL,NULL,NULL,NULL),(32290,'people',100000731,'Record created',4,NULL,'2023-05-01 20:52:38',NULL,NULL,NULL,NULL),(32291,'people',100000732,'Record created',4,NULL,'2023-05-01 22:52:36',NULL,NULL,NULL,NULL),(32292,'people',100000733,'Record created',2,NULL,'2023-05-02 00:52:34',NULL,NULL,NULL,NULL),(32293,'people',100000734,'Record created',5,NULL,'2023-05-02 02:52:32',NULL,NULL,NULL,NULL),(32294,'people',100000735,'Record created',25,NULL,'2023-05-02 04:52:30',NULL,NULL,NULL,NULL),(32295,'people',100000736,'Record created',23,NULL,'2023-05-02 06:52:28',NULL,NULL,NULL,NULL),(32296,'people',100000737,'Record created',7,NULL,'2023-05-02 08:52:26',NULL,NULL,NULL,NULL),(32297,'people',100000738,'Record created',25,NULL,'2023-05-02 10:52:24',NULL,NULL,NULL,NULL),(32298,'people',100000739,'Record created',4,NULL,'2023-05-02 12:52:22',NULL,NULL,NULL,NULL),(32299,'people',100000740,'Record created',23,NULL,'2023-05-02 14:52:20',NULL,NULL,NULL,NULL),(32300,'people',100000741,'Record created',25,NULL,'2023-05-02 16:52:18',NULL,NULL,NULL,NULL),(32301,'people',100000742,'Record created',9,NULL,'2023-05-02 18:52:16',NULL,NULL,NULL,NULL),(32302,'people',100000743,'Record created',23,NULL,'2023-05-02 20:52:14',NULL,NULL,NULL,NULL),(32303,'people',100000744,'Record created',23,NULL,'2023-05-02 22:52:12',NULL,NULL,NULL,NULL),(32304,'people',100000745,'Record created',25,NULL,'2023-05-03 00:52:10',NULL,NULL,NULL,NULL),(32305,'people',100000746,'Record created',3,NULL,'2023-05-03 02:52:08',NULL,NULL,NULL,NULL),(32306,'people',100000747,'Record created',3,NULL,'2023-05-03 04:52:06',NULL,NULL,NULL,NULL),(32307,'people',100000748,'Record created',7,NULL,'2023-05-03 06:52:04',NULL,NULL,NULL,NULL),(32308,'people',100000749,'Record created',5,NULL,'2023-05-03 08:52:02',NULL,NULL,NULL,NULL),(32309,'people',100000750,'Record created',23,NULL,'2023-05-03 10:52:00',NULL,NULL,NULL,NULL),(32310,'people',100000751,'Record created',2,NULL,'2023-05-03 12:51:58',NULL,NULL,NULL,NULL),(32311,'people',100000752,'Record created',9,NULL,'2023-05-03 14:51:56',NULL,NULL,NULL,NULL),(32312,'people',100000753,'Record created',24,NULL,'2023-05-03 16:51:54',NULL,NULL,NULL,NULL),(32313,'people',100000754,'Record created',3,NULL,'2023-05-03 18:51:52',NULL,NULL,NULL,NULL),(32314,'people',100000755,'Record created',7,NULL,'2023-05-03 20:51:50',NULL,NULL,NULL,NULL),(32315,'people',100000756,'Record created',2,NULL,'2023-05-03 22:51:48',NULL,NULL,NULL,NULL),(32316,'people',100000757,'Record created',24,NULL,'2023-05-04 00:51:46',NULL,NULL,NULL,NULL),(32317,'people',100000758,'Record created',4,NULL,'2023-05-04 02:51:44',NULL,NULL,NULL,NULL),(32318,'people',100000759,'Record created',7,NULL,'2023-05-04 04:51:42',NULL,NULL,NULL,NULL),(32319,'people',100000760,'Record created',6,NULL,'2023-05-04 06:51:40',NULL,NULL,NULL,NULL),(32320,'people',100000761,'Record created',3,NULL,'2023-05-04 08:51:38',NULL,NULL,NULL,NULL),(32321,'people',100000762,'Record created',7,NULL,'2023-05-04 10:51:36',NULL,NULL,NULL,NULL),(32322,'people',100000763,'Record created',4,NULL,'2023-05-04 12:51:34',NULL,NULL,NULL,NULL),(32323,'people',100000764,'Record created',5,NULL,'2023-05-04 14:51:32',NULL,NULL,NULL,NULL),(32324,'people',100000765,'Record created',4,NULL,'2023-05-04 16:51:30',NULL,NULL,NULL,NULL),(32325,'people',100000766,'Record created',2,NULL,'2023-05-04 18:51:28',NULL,NULL,NULL,NULL),(32326,'people',100000767,'Record created',25,NULL,'2023-05-04 20:51:26',NULL,NULL,NULL,NULL),(32327,'people',100000768,'Record created',8,NULL,'2023-05-04 22:51:24',NULL,NULL,NULL,NULL),(32328,'people',100000769,'Record created',5,NULL,'2023-05-05 00:51:22',NULL,NULL,NULL,NULL),(32329,'people',100000770,'Record created',9,NULL,'2023-05-05 02:51:20',NULL,NULL,NULL,NULL),(32330,'people',100000771,'Record created',24,NULL,'2023-05-05 04:51:18',NULL,NULL,NULL,NULL),(32331,'people',100000772,'Record created',3,NULL,'2023-05-05 06:51:16',NULL,NULL,NULL,NULL),(32332,'people',100000773,'Record created',6,NULL,'2023-05-05 08:51:14',NULL,NULL,NULL,NULL),(32333,'people',100000774,'Record created',6,NULL,'2023-05-05 10:51:12',NULL,NULL,NULL,NULL),(32334,'people',100000775,'Record created',7,NULL,'2023-05-05 12:51:10',NULL,NULL,NULL,NULL),(32335,'people',100000776,'Record created',9,NULL,'2023-05-05 14:51:08',NULL,NULL,NULL,NULL),(32336,'people',100000777,'Record created',7,NULL,'2023-05-05 16:51:06',NULL,NULL,NULL,NULL),(32337,'people',100000778,'Record created',3,NULL,'2023-05-05 18:51:04',NULL,NULL,NULL,NULL),(32338,'people',100000779,'Record created',24,NULL,'2023-05-05 20:51:02',NULL,NULL,NULL,NULL),(32339,'people',100000780,'Record created',5,NULL,'2023-05-05 22:51:00',NULL,NULL,NULL,NULL),(32340,'people',100000781,'Record created',3,NULL,'2023-05-06 00:50:58',NULL,NULL,NULL,NULL),(32341,'people',100000782,'Record created',4,NULL,'2023-05-06 02:50:56',NULL,NULL,NULL,NULL),(32342,'people',100000783,'Record created',24,NULL,'2023-05-06 04:50:54',NULL,NULL,NULL,NULL),(32343,'people',100000784,'Record created',5,NULL,'2023-05-06 06:50:52',NULL,NULL,NULL,NULL),(32344,'people',100000785,'Record created',9,NULL,'2023-05-06 08:50:50',NULL,NULL,NULL,NULL),(32345,'people',100000761,'notregistered',9,NULL,'2023-05-06 09:50:49',1,0,NULL,NULL),(32346,'people',100000761,'container changed from \"9189\" to \"9189\";',9,NULL,'2023-05-06 09:50:49',NULL,NULL,NULL,NULL),(32347,'people',100000768,'container changed from \"6218\" to \"6218\";',25,NULL,'2023-05-06 10:50:48',NULL,NULL,NULL,NULL),(32348,'people',100000547,'container changed from \"1802\" to \"1802\";',2,NULL,'2023-05-06 11:50:47',NULL,NULL,NULL,NULL),(32349,'people',100000725,'notregistered',25,NULL,'2023-05-06 12:50:46',1,0,NULL,NULL),(32350,'people',100000725,'container changed from \"9189\" to \"9189\";',25,NULL,'2023-05-06 12:50:46',NULL,NULL,NULL,NULL),(32351,'people',100000728,'notregistered',5,NULL,'2023-05-06 13:50:45',1,0,NULL,NULL),(32352,'people',100000728,'container changed from \"4763\" to \"4763\";',5,NULL,'2023-05-06 13:50:45',NULL,NULL,NULL,NULL),(32353,'people',100000577,'container changed from \"4643\" to \"4643\";',9,NULL,'2023-05-06 14:50:44',NULL,NULL,NULL,NULL),(32354,'people',100000756,'notregistered',4,NULL,'2023-05-06 15:50:43',1,0,NULL,NULL),(32355,'people',100000756,'container changed from \"1802\" to \"1802\";',4,NULL,'2023-05-06 15:50:43',NULL,NULL,NULL,NULL),(32356,'people',100000533,'container changed from \"7791\" to \"7791\";',4,NULL,'2023-05-06 16:50:42',NULL,NULL,NULL,NULL),(32357,'people',100000487,'notregistered',8,NULL,'2023-05-06 17:50:41',1,0,NULL,NULL),(32358,'people',100000487,'container changed from \"1190\" to \"1190\";',8,NULL,'2023-05-06 17:50:41',NULL,NULL,NULL,NULL),(32359,'people',100000721,'notregistered',25,NULL,'2023-05-06 18:50:40',1,0,NULL,NULL),(32360,'people',100000721,'container changed from \"2402\" to \"2402\";',25,NULL,'2023-05-06 18:50:40',NULL,NULL,NULL,NULL),(32361,'people',100000682,'container changed from \"5378\" to \"5378\";',2,NULL,'2023-05-06 19:50:39',NULL,NULL,NULL,NULL),(32362,'people',100000569,'notregistered',2,NULL,'2023-05-06 20:50:38',1,0,NULL,NULL),(32363,'people',100000569,'container changed from \"3780\" to \"3780\";',2,NULL,'2023-05-06 20:50:38',NULL,NULL,NULL,NULL),(32364,'people',100000672,'notregistered',2,NULL,'2023-05-06 21:50:37',1,0,NULL,NULL),(32365,'people',100000672,'container changed from \"4763\" to \"4763\";',2,NULL,'2023-05-06 21:50:37',NULL,NULL,NULL,NULL),(32366,'people',100000546,'container changed from \"1802\" to \"1802\";',4,NULL,'2023-05-06 22:50:36',NULL,NULL,NULL,NULL),(32367,'people',100000628,'notregistered',7,NULL,'2023-05-06 23:50:35',1,0,NULL,NULL),(32368,'people',100000628,'container changed from \"9132\" to \"9132\";',7,NULL,'2023-05-06 23:50:35',NULL,NULL,NULL,NULL),(32369,'people',100000772,'notregistered',8,NULL,'2023-05-07 00:50:34',1,0,NULL,NULL),(32370,'people',100000772,'container changed from \"7421\" to \"7421\";',8,NULL,'2023-05-07 00:50:34',NULL,NULL,NULL,NULL),(32371,'people',100000626,'notregistered',24,NULL,'2023-05-07 01:50:33',1,0,NULL,NULL),(32372,'people',100000626,'container changed from \"6218\" to \"6218\";',24,NULL,'2023-05-07 01:50:33',NULL,NULL,NULL,NULL),(32373,'people',100000539,'notregistered',2,NULL,'2023-05-07 02:50:32',1,0,NULL,NULL),(32374,'people',100000539,'container changed from \"7337\" to \"7337\";',2,NULL,'2023-05-07 02:50:32',NULL,NULL,NULL,NULL),(32375,'people',100000510,'container changed from \"8543\" to \"8543\";',4,NULL,'2023-05-07 03:50:31',NULL,NULL,NULL,NULL),(32376,'people',100000760,'notregistered',9,NULL,'2023-05-07 04:50:30',1,0,NULL,NULL),(32377,'people',100000760,'container changed from \"7241\" to \"7241\";',9,NULL,'2023-05-07 04:50:30',NULL,NULL,NULL,NULL),(32378,'people',100000499,'container changed from \"1405\" to \"1405\";',4,NULL,'2023-05-07 05:50:29',NULL,NULL,NULL,NULL),(32379,'people',100000669,'notregistered',3,NULL,'2023-05-07 06:50:28',1,0,NULL,NULL),(32380,'people',100000669,'container changed from \"1347\" to \"1347\";',3,NULL,'2023-05-07 06:50:28',NULL,NULL,NULL,NULL),(32381,'people',100000518,'notregistered',4,NULL,'2023-05-07 07:50:27',1,0,NULL,NULL),(32382,'people',100000518,'container changed from \"3568\" to \"3568\";',4,NULL,'2023-05-07 07:50:27',NULL,NULL,NULL,NULL),(32383,'people',100000720,'container changed from \"5807\" to \"5807\";',7,NULL,'2023-05-07 08:50:26',NULL,NULL,NULL,NULL),(32384,'people',100000751,'container changed from \"2402\" to \"2402\";',7,NULL,'2023-05-07 09:50:25',NULL,NULL,NULL,NULL),(32385,'people',100000662,'container changed from \"8252\" to \"8252\";',25,NULL,'2023-05-07 10:50:24',NULL,NULL,NULL,NULL),(32386,'people',100000575,'container changed from \"3197\" to \"3197\";',7,NULL,'2023-05-07 11:50:23',NULL,NULL,NULL,NULL),(32387,'people',100000488,'notregistered',8,NULL,'2023-05-07 12:50:22',1,0,NULL,NULL),(32388,'people',100000488,'container changed from \"1883\" to \"1883\";',8,NULL,'2023-05-07 12:50:22',NULL,NULL,NULL,NULL),(32389,'people',100000666,'notregistered',24,NULL,'2023-05-07 13:50:21',1,0,NULL,NULL),(32390,'people',100000666,'container changed from \"7337\" to \"7337\";',24,NULL,'2023-05-07 13:50:21',NULL,NULL,NULL,NULL),(32391,'people',100000645,'container changed from \"7241\" to \"7241\";',25,NULL,'2023-05-07 14:50:20',NULL,NULL,NULL,NULL),(32392,'people',100000674,'notregistered',24,NULL,'2023-05-07 15:50:19',1,0,NULL,NULL),(32393,'people',100000674,'container changed from \"4763\" to \"4763\";',24,NULL,'2023-05-07 15:50:19',NULL,NULL,NULL,NULL),(32394,'people',100000740,'container changed from \"1392\" to \"1392\";',24,NULL,'2023-05-07 16:50:18',NULL,NULL,NULL,NULL),(32395,'people',100000740,'container changed from \"1392\" to \"1392\";',24,NULL,'2023-05-07 17:50:17',NULL,NULL,NULL,NULL),(32396,'people',100000707,'notregistered',23,NULL,'2023-05-07 18:50:16',1,0,NULL,NULL),(32397,'people',100000707,'container changed from \"5807\" to \"5807\";',23,NULL,'2023-05-07 18:50:16',NULL,NULL,NULL,NULL),(32398,'people',100000689,'container changed from \"8801\" to \"8801\";',24,NULL,'2023-05-07 19:50:15',NULL,NULL,NULL,NULL),(32399,'people',100000626,'container changed from \"6218\" to \"6218\";',24,NULL,'2023-05-07 20:50:14',NULL,NULL,NULL,NULL),(32400,'people',100000699,'container changed from \"1802\" to \"1802\";',4,NULL,'2023-05-07 21:50:13',NULL,NULL,NULL,NULL),(32401,'people',100000719,'notregistered',5,NULL,'2023-05-07 22:50:12',1,0,NULL,NULL),(32402,'people',100000719,'container changed from \"8490\" to \"8490\";',5,NULL,'2023-05-07 22:50:12',NULL,NULL,NULL,NULL),(32403,'people',100000739,'container changed from \"8801\" to \"8801\";',24,NULL,'2023-05-07 23:50:11',NULL,NULL,NULL,NULL),(32404,'people',100000554,'notregistered',6,NULL,'2023-05-08 00:50:10',1,0,NULL,NULL),(32405,'people',100000554,'container changed from \"1347\" to \"1347\";',6,NULL,'2023-05-08 00:50:10',NULL,NULL,NULL,NULL),(32406,'people',100000530,'notregistered',23,NULL,'2023-05-08 01:50:09',1,0,NULL,NULL),(32407,'people',100000530,'container changed from \"6816\" to \"6816\";',23,NULL,'2023-05-08 01:50:09',NULL,NULL,NULL,NULL),(32408,'people',100000573,'notregistered',4,NULL,'2023-05-08 02:50:08',1,0,NULL,NULL),(32409,'people',100000573,'container changed from \"9189\" to \"9189\";',4,NULL,'2023-05-08 02:50:08',NULL,NULL,NULL,NULL),(32410,'people',100000739,'container changed from \"8801\" to \"8801\";',4,NULL,'2023-05-08 03:50:07',NULL,NULL,NULL,NULL),(32411,'people',100000715,'notregistered',6,NULL,'2023-05-08 04:50:06',1,0,NULL,NULL),(32412,'people',100000715,'container changed from \"7337\" to \"7337\";',6,NULL,'2023-05-08 04:50:06',NULL,NULL,NULL,NULL),(32413,'people',100000780,'container changed from \"9132\" to \"9132\";',6,NULL,'2023-05-08 05:50:05',NULL,NULL,NULL,NULL),(32414,'people',100000494,'container changed from \"2268\" to \"2268\";',5,NULL,'2023-05-08 06:50:04',NULL,NULL,NULL,NULL),(32415,'people',100000501,'notregistered',25,NULL,'2023-05-08 07:50:03',1,0,NULL,NULL),(32416,'people',100000501,'container changed from \"3595\" to \"3595\";',25,NULL,'2023-05-08 07:50:03',NULL,NULL,NULL,NULL),(32417,'people',100000572,'container changed from \"9189\" to \"9189\";',24,NULL,'2023-05-08 08:50:02',NULL,NULL,NULL,NULL),(32418,'people',100000572,'container changed from \"9189\" to \"9189\";',24,NULL,'2023-05-08 09:50:01',NULL,NULL,NULL,NULL),(32419,'people',100000615,'notregistered',4,NULL,'2023-05-08 10:50:00',1,0,NULL,NULL),(32420,'people',100000615,'container changed from \"9132\" to \"9132\";',4,NULL,'2023-05-08 10:50:00',NULL,NULL,NULL,NULL),(32421,'people',100000572,'container changed from \"9189\" to \"9189\";',24,NULL,'2023-05-08 11:49:59',NULL,NULL,NULL,NULL),(32422,'people',100000767,'container changed from \"6854\" to \"6854\";',5,NULL,'2023-05-08 12:49:58',NULL,NULL,NULL,NULL),(32423,'people',100000559,'container changed from \"2402\" to \"2402\";',2,NULL,'2023-05-08 13:49:57',NULL,NULL,NULL,NULL),(32424,'people',100000754,'notregistered',25,NULL,'2023-05-08 14:49:56',1,0,NULL,NULL),(32425,'people',100000754,'container changed from \"4679\" to \"4679\";',25,NULL,'2023-05-08 14:49:56',NULL,NULL,NULL,NULL),(32426,'people',100000507,'container changed from \"4526\" to \"4526\";',6,NULL,'2023-05-08 15:49:55',NULL,NULL,NULL,NULL),(32427,'people',100000762,'notregistered',8,NULL,'2023-05-08 16:49:54',1,0,NULL,NULL),(32428,'people',100000762,'container changed from \"9132\" to \"9132\";',8,NULL,'2023-05-08 16:49:54',NULL,NULL,NULL,NULL),(32429,'people',100000517,'container changed from \"8858\" to \"8858\";',24,NULL,'2023-05-08 17:49:53',NULL,NULL,NULL,NULL),(32430,'people',100000569,'container changed from \"3780\" to \"3780\";',9,NULL,'2023-05-08 18:49:52',NULL,NULL,NULL,NULL),(32431,'people',100000551,'notregistered',2,NULL,'2023-05-08 19:49:51',1,0,NULL,NULL),(32432,'people',100000551,'container changed from \"9780\" to \"9780\";',2,NULL,'2023-05-08 19:49:51',NULL,NULL,NULL,NULL),(32433,'people',100000630,'notregistered',9,NULL,'2023-05-08 20:49:50',1,0,NULL,NULL),(32434,'people',100000630,'container changed from \"5807\" to \"5807\";',9,NULL,'2023-05-08 20:49:50',NULL,NULL,NULL,NULL),(32435,'people',100000681,'notregistered',5,NULL,'2023-05-08 21:49:49',1,0,NULL,NULL),(32436,'people',100000681,'container changed from \"7337\" to \"7337\";',5,NULL,'2023-05-08 21:49:49',NULL,NULL,NULL,NULL),(32437,'people',100000598,'container changed from \"8801\" to \"8801\";',6,NULL,'2023-05-08 22:49:48',NULL,NULL,NULL,NULL),(32438,'people',100000590,'container changed from \"7688\" to \"7688\";',6,NULL,'2023-05-08 23:49:47',NULL,NULL,NULL,NULL),(32439,'people',100000593,'container changed from \"7337\" to \"7337\";',3,NULL,'2023-05-09 00:49:46',NULL,NULL,NULL,NULL),(32440,'people',100000747,'notregistered',5,NULL,'2023-05-09 01:49:45',1,0,NULL,NULL),(32441,'people',100000747,'container changed from \"3197\" to \"3197\";',5,NULL,'2023-05-09 01:49:45',NULL,NULL,NULL,NULL),(32442,'people',100000784,'notregistered',23,NULL,'2023-05-09 02:49:44',1,0,NULL,NULL),(32443,'people',100000784,'container changed from \"6854\" to \"6854\";',23,NULL,'2023-05-09 02:49:44',NULL,NULL,NULL,NULL),(32444,'people',100000783,'container changed from \"8490\" to \"8490\";',4,NULL,'2023-05-09 03:49:43',NULL,NULL,NULL,NULL),(32445,'people',100000732,'container changed from \"4643\" to \"4643\";',6,NULL,'2023-05-09 04:49:42',NULL,NULL,NULL,NULL),(32446,'people',100000486,'container changed from \"6591\" to \"6591\";',2,NULL,'2023-05-09 05:49:41',NULL,NULL,NULL,NULL),(32447,'people',100000720,'container changed from \"5807\" to \"5807\";',23,NULL,'2023-05-09 06:49:40',NULL,NULL,NULL,NULL),(32448,'people',100000591,'container changed from \"8801\" to \"8801\";',4,NULL,'2023-05-09 07:49:39',NULL,NULL,NULL,NULL),(32449,'people',100000746,'container changed from \"1347\" to \"1347\";',8,NULL,'2023-05-09 08:49:38',NULL,NULL,NULL,NULL),(32450,'people',100000575,'container changed from \"3197\" to \"3197\";',6,NULL,'2023-05-09 09:49:37',NULL,NULL,NULL,NULL),(32451,'people',100000658,'notregistered',8,NULL,'2023-05-09 10:49:36',1,0,NULL,NULL),(32452,'people',100000658,'container changed from \"7337\" to \"7337\";',8,NULL,'2023-05-09 10:49:36',NULL,NULL,NULL,NULL),(32453,'people',100000690,'container changed from \"5378\" to \"5378\";',8,NULL,'2023-05-09 11:49:35',NULL,NULL,NULL,NULL),(32454,'people',100000507,'container changed from \"4526\" to \"4526\";',9,NULL,'2023-05-09 12:49:34',NULL,NULL,NULL,NULL),(32455,'people',100000634,'container changed from \"7241\" to \"7241\";',7,NULL,'2023-05-09 13:49:33',NULL,NULL,NULL,NULL),(32456,'people',100000698,'container changed from \"9132\" to \"9132\";',23,NULL,'2023-05-09 14:49:32',NULL,NULL,NULL,NULL),(32457,'people',100000686,'notregistered',8,NULL,'2023-05-09 15:49:31',1,0,NULL,NULL),(32458,'people',100000686,'container changed from \"2402\" to \"2402\";',8,NULL,'2023-05-09 15:49:31',NULL,NULL,NULL,NULL),(32459,'people',100000590,'container changed from \"7688\" to \"7688\";',6,NULL,'2023-05-09 16:49:30',NULL,NULL,NULL,NULL),(32460,'people',100000719,'container changed from \"8490\" to \"8490\";',3,NULL,'2023-05-09 17:49:29',NULL,NULL,NULL,NULL),(32461,'people',100000683,'notregistered',6,NULL,'2023-05-09 18:49:28',1,0,NULL,NULL),(32462,'people',100000683,'container changed from \"5378\" to \"5378\";',6,NULL,'2023-05-09 18:49:28',NULL,NULL,NULL,NULL),(32463,'people',100000560,'notregistered',2,NULL,'2023-05-09 19:49:27',1,0,NULL,NULL),(32464,'people',100000560,'container changed from \"7422\" to \"7422\";',2,NULL,'2023-05-09 19:49:27',NULL,NULL,NULL,NULL),(32465,'people',100000605,'notregistered',24,NULL,'2023-05-09 20:49:26',1,0,NULL,NULL),(32466,'people',100000605,'container changed from \"9780\" to \"9780\";',24,NULL,'2023-05-09 20:49:26',NULL,NULL,NULL,NULL),(32467,'people',100000703,'container changed from \"3197\" to \"3197\";',23,NULL,'2023-05-09 21:49:25',NULL,NULL,NULL,NULL),(32468,'people',100000565,'notregistered',4,NULL,'2023-05-09 22:49:24',1,0,NULL,NULL),(32469,'people',100000565,'container changed from \"1392\" to \"1392\";',4,NULL,'2023-05-09 22:49:24',NULL,NULL,NULL,NULL),(32470,'people',100000541,'notregistered',8,NULL,'2023-05-09 23:49:23',1,0,NULL,NULL),(32471,'people',100000541,'container changed from \"5807\" to \"5807\";',8,NULL,'2023-05-09 23:49:23',NULL,NULL,NULL,NULL),(32472,'people',100000731,'container changed from \"7422\" to \"7422\";',25,NULL,'2023-05-10 00:49:22',NULL,NULL,NULL,NULL),(32473,'people',100000753,'notregistered',24,NULL,'2023-05-10 01:49:21',1,0,NULL,NULL),(32474,'people',100000753,'container changed from \"6854\" to \"6854\";',24,NULL,'2023-05-10 01:49:21',NULL,NULL,NULL,NULL),(32475,'people',100000557,'notregistered',25,NULL,'2023-05-10 02:49:20',1,0,NULL,NULL),(32476,'people',100000557,'container changed from \"7421\" to \"7421\";',25,NULL,'2023-05-10 02:49:20',NULL,NULL,NULL,NULL),(32477,'people',100000701,'notregistered',25,NULL,'2023-05-10 03:49:19',1,0,NULL,NULL),(32478,'people',100000701,'container changed from \"9780\" to \"9780\";',25,NULL,'2023-05-10 03:49:19',NULL,NULL,NULL,NULL),(32479,'people',100000529,'container changed from \"3292\" to \"3292\";',25,NULL,'2023-05-10 04:49:18',NULL,NULL,NULL,NULL),(32480,'people',100000592,'container changed from \"9189\" to \"9189\";',4,NULL,'2023-05-10 05:49:17',NULL,NULL,NULL,NULL),(32481,'people',100000783,'container changed from \"8490\" to \"8490\";',6,NULL,'2023-05-10 06:49:16',NULL,NULL,NULL,NULL),(32482,'people',100000659,'notregistered',4,NULL,'2023-05-10 07:49:15',1,0,NULL,NULL),(32483,'people',100000659,'container changed from \"3197\" to \"3197\";',4,NULL,'2023-05-10 07:49:15',NULL,NULL,NULL,NULL),(32484,'people',100000741,'container changed from \"7421\" to \"7421\";',6,NULL,'2023-05-10 08:49:14',NULL,NULL,NULL,NULL),(32485,'people',100000490,'notregistered',5,NULL,'2023-05-10 09:49:13',1,0,NULL,NULL),(32486,'people',100000490,'container changed from \"8386\" to \"8386\";',5,NULL,'2023-05-10 09:49:13',NULL,NULL,NULL,NULL),(32487,'people',100000755,'container changed from \"3197\" to \"3197\";',2,NULL,'2023-05-10 10:49:12',NULL,NULL,NULL,NULL),(32488,'people',100000697,'notregistered',23,NULL,'2023-05-10 11:49:11',1,0,NULL,NULL),(32489,'people',100000697,'container changed from \"7421\" to \"7421\";',23,NULL,'2023-05-10 11:49:11',NULL,NULL,NULL,NULL),(32490,'people',100000654,'notregistered',8,NULL,'2023-05-10 12:49:10',1,0,NULL,NULL),(32491,'people',100000654,'container changed from \"2402\" to \"2402\";',8,NULL,'2023-05-10 12:49:10',NULL,NULL,NULL,NULL),(32492,'people',100000565,'container changed from \"1392\" to \"1392\";',8,NULL,'2023-05-10 13:49:09',NULL,NULL,NULL,NULL),(32493,'people',100000694,'container changed from \"3780\" to \"3780\";',23,NULL,'2023-05-10 14:49:08',NULL,NULL,NULL,NULL),(32494,'people',100000523,'notregistered',23,NULL,'2023-05-10 15:49:07',1,0,NULL,NULL),(32495,'people',100000523,'container changed from \"3102\" to \"3102\";',23,NULL,'2023-05-10 15:49:07',NULL,NULL,NULL,NULL),(32496,'people',100000774,'container changed from \"7688\" to \"7688\";',2,NULL,'2023-05-10 16:49:06',NULL,NULL,NULL,NULL),(32497,'people',100000563,'notregistered',8,NULL,'2023-05-10 17:49:05',1,0,NULL,NULL),(32498,'people',100000563,'container changed from \"6922\" to \"6922\";',8,NULL,'2023-05-10 17:49:05',NULL,NULL,NULL,NULL),(32499,'people',100000569,'container changed from \"3780\" to \"3780\";',23,NULL,'2023-05-10 18:49:04',NULL,NULL,NULL,NULL),(32500,'people',100000736,'container changed from \"7688\" to \"7688\";',9,NULL,'2023-05-10 19:49:03',NULL,NULL,NULL,NULL),(32501,'people',100000553,'notregistered',7,NULL,'2023-05-10 20:49:02',1,0,NULL,NULL),(32502,'people',100000553,'container changed from \"5378\" to \"5378\";',7,NULL,'2023-05-10 20:49:02',NULL,NULL,NULL,NULL),(32503,'people',100000777,'container changed from \"7241\" to \"7241\";',2,NULL,'2023-05-10 21:49:01',NULL,NULL,NULL,NULL),(32504,'people',100000604,'notregistered',8,NULL,'2023-05-10 22:49:00',1,0,NULL,NULL),(32505,'people',100000604,'container changed from \"5378\" to \"5378\";',8,NULL,'2023-05-10 22:49:00',NULL,NULL,NULL,NULL),(32506,'people',100000584,'container changed from \"8801\" to \"8801\";',25,NULL,'2023-05-10 23:48:59',NULL,NULL,NULL,NULL),(32507,'people',100000562,'container changed from \"6922\" to \"6922\";',24,NULL,'2023-05-11 00:48:58',NULL,NULL,NULL,NULL),(32508,'people',100000527,'container changed from \"2414\" to \"2414\";',25,NULL,'2023-05-11 01:48:57',NULL,NULL,NULL,NULL),(32509,'people',100000694,'container changed from \"3780\" to \"3780\";',6,NULL,'2023-05-11 02:48:56',NULL,NULL,NULL,NULL),(32510,'people',100000668,'notregistered',8,NULL,'2023-05-11 03:48:55',1,0,NULL,NULL),(32511,'people',100000668,'container changed from \"1347\" to \"1347\";',8,NULL,'2023-05-11 03:48:55',NULL,NULL,NULL,NULL),(32512,'people',100000674,'container changed from \"4763\" to \"4763\";',3,NULL,'2023-05-11 04:48:54',NULL,NULL,NULL,NULL),(32513,'people',100000514,'notregistered',25,NULL,'2023-05-11 05:48:53',1,0,NULL,NULL),(32514,'people',100000514,'container changed from \"2358\" to \"2358\";',25,NULL,'2023-05-11 05:48:53',NULL,NULL,NULL,NULL),(32515,'people',100000785,'container changed from \"4763\" to \"4763\";',5,NULL,'2023-05-11 06:48:52',NULL,NULL,NULL,NULL),(32516,'people',100000646,'container changed from \"5378\" to \"5378\";',2,NULL,'2023-05-11 07:48:51',NULL,NULL,NULL,NULL),(32517,'people',100000551,'container changed from \"9780\" to \"9780\";',8,NULL,'2023-05-11 08:48:50',NULL,NULL,NULL,NULL),(32518,'people',100000700,'notregistered',25,NULL,'2023-05-11 09:48:49',1,0,NULL,NULL),(32519,'people',100000700,'container changed from \"9132\" to \"9132\";',25,NULL,'2023-05-11 09:48:49',NULL,NULL,NULL,NULL),(32520,'people',100000781,'notregistered',24,NULL,'2023-05-11 10:48:48',1,0,NULL,NULL),(32521,'people',100000781,'container changed from \"9189\" to \"9189\";',24,NULL,'2023-05-11 10:48:48',NULL,NULL,NULL,NULL),(32522,'people',100000731,'container changed from \"7422\" to \"7422\";',7,NULL,'2023-05-11 11:48:47',NULL,NULL,NULL,NULL),(32523,'people',100000642,'notregistered',2,NULL,'2023-05-11 12:48:46',1,0,NULL,NULL),(32524,'people',100000642,'container changed from \"5807\" to \"5807\";',2,NULL,'2023-05-11 12:48:46',NULL,NULL,NULL,NULL),(32525,'people',100000765,'container changed from \"3780\" to \"3780\";',4,NULL,'2023-05-11 13:48:45',NULL,NULL,NULL,NULL),(32526,'people',100000755,'container changed from \"3197\" to \"3197\";',9,NULL,'2023-05-11 14:48:44',NULL,NULL,NULL,NULL),(32527,'people',100000514,'container changed from \"2358\" to \"2358\";',6,NULL,'2023-05-11 15:48:43',NULL,NULL,NULL,NULL),(32528,'people',100000663,'notregistered',24,NULL,'2023-05-11 16:48:42',1,0,NULL,NULL),(32529,'people',100000663,'container changed from \"1392\" to \"1392\";',24,NULL,'2023-05-11 16:48:42',NULL,NULL,NULL,NULL),(32530,'people',100000651,'notregistered',4,NULL,'2023-05-11 17:48:41',1,0,NULL,NULL),(32531,'people',100000651,'container changed from \"3780\" to \"3780\";',4,NULL,'2023-05-11 17:48:41',NULL,NULL,NULL,NULL),(32532,'people',100000606,'container changed from \"4643\" to \"4643\";',5,NULL,'2023-05-11 18:48:40',NULL,NULL,NULL,NULL),(32533,'people',100000640,'container changed from \"3780\" to \"3780\";',6,NULL,'2023-05-11 19:48:39',NULL,NULL,NULL,NULL),(32534,'people',100000572,'container changed from \"9189\" to \"9189\";',5,NULL,'2023-05-11 20:48:38',NULL,NULL,NULL,NULL),(32535,'people',100000617,'notregistered',2,NULL,'2023-05-11 21:48:37',1,0,NULL,NULL),(32536,'people',100000617,'container changed from \"1347\" to \"1347\";',2,NULL,'2023-05-11 21:48:37',NULL,NULL,NULL,NULL),(32537,'people',100000694,'container changed from \"3780\" to \"3780\";',7,NULL,'2023-05-11 22:48:36',NULL,NULL,NULL,NULL),(32538,'people',100000711,'container changed from \"8801\" to \"8801\";',4,NULL,'2023-05-11 23:48:35',NULL,NULL,NULL,NULL),(32539,'people',100000616,'notregistered',2,NULL,'2023-05-12 00:48:34',1,0,NULL,NULL),(32540,'people',100000616,'container changed from \"9780\" to \"9780\";',2,NULL,'2023-05-12 00:48:34',NULL,NULL,NULL,NULL),(32541,'people',100000771,'container changed from \"6922\" to \"6922\";',7,NULL,'2023-05-12 01:48:33',NULL,NULL,NULL,NULL),(32542,'people',100000603,'notregistered',25,NULL,'2023-05-12 02:48:32',1,0,NULL,NULL),(32543,'people',100000603,'container changed from \"8252\" to \"8252\";',25,NULL,'2023-05-12 02:48:32',NULL,NULL,NULL,NULL),(32544,'people',100000519,'container changed from \"1487\" to \"1487\";',3,NULL,'2023-05-12 03:48:31',NULL,NULL,NULL,NULL),(32545,'people',100000778,'container changed from \"7337\" to \"7337\";',3,NULL,'2023-05-12 04:48:30',NULL,NULL,NULL,NULL),(32546,'people',100000544,'notregistered',5,NULL,'2023-05-12 05:48:29',1,0,NULL,NULL),(32547,'people',100000544,'container changed from \"6854\" to \"6854\";',5,NULL,'2023-05-12 05:48:29',NULL,NULL,NULL,NULL),(32548,'people',100000643,'notregistered',23,NULL,'2023-05-12 06:48:28',1,0,NULL,NULL),(32549,'people',100000643,'container changed from \"9780\" to \"9780\";',23,NULL,'2023-05-12 06:48:28',NULL,NULL,NULL,NULL),(32550,'people',100000573,'container changed from \"9189\" to \"9189\";',9,NULL,'2023-05-12 07:48:27',NULL,NULL,NULL,NULL),(32551,'people',100000699,'container changed from \"1802\" to \"1802\";',2,NULL,'2023-05-12 08:48:26',NULL,NULL,NULL,NULL),(32552,'people',100000780,'container changed from \"9132\" to \"9132\";',24,NULL,'2023-05-12 09:48:25',NULL,NULL,NULL,NULL),(32553,'people',100000523,'container changed from \"3102\" to \"3102\";',5,NULL,'2023-05-12 10:48:24',NULL,NULL,NULL,NULL),(32554,'people',100000617,'container changed from \"1347\" to \"1347\";',25,NULL,'2023-05-12 11:48:23',NULL,NULL,NULL,NULL),(32555,'people',100000607,'notregistered',23,NULL,'2023-05-12 12:48:22',1,0,NULL,NULL),(32556,'people',100000607,'container changed from \"9780\" to \"9780\";',23,NULL,'2023-05-12 12:48:22',NULL,NULL,NULL,NULL),(32557,'people',100000766,'container changed from \"4679\" to \"4679\";',23,NULL,'2023-05-12 13:48:21',NULL,NULL,NULL,NULL),(32558,'people',100000613,'notregistered',2,NULL,'2023-05-12 14:48:20',1,0,NULL,NULL),(32559,'people',100000613,'container changed from \"2402\" to \"2402\";',2,NULL,'2023-05-12 14:48:20',NULL,NULL,NULL,NULL),(32560,'people',100000768,'volunteer',7,NULL,'2023-05-12 15:48:19',0,1,NULL,NULL),(32561,'people',100000768,'container changed from \"6218\" to \"6218\";',7,NULL,'2023-05-12 15:48:19',NULL,NULL,NULL,NULL),(32562,'people',100000636,'volunteer',8,NULL,'2023-05-12 16:48:18',0,1,NULL,NULL),(32563,'people',100000636,'container changed from \"7422\" to \"7422\";',8,NULL,'2023-05-12 16:48:18',NULL,NULL,NULL,NULL),(32564,'people',100000489,'volunteer',5,NULL,'2023-05-12 17:48:17',0,1,NULL,NULL),(32565,'people',100000489,'container changed from \"2629\" to \"2629\";',5,NULL,'2023-05-12 17:48:17',NULL,NULL,NULL,NULL),(32566,'people',100000502,'volunteer',23,NULL,'2023-05-12 18:48:16',1,0,NULL,NULL),(32567,'people',100000502,'container changed from \"6443\" to \"6443\";',23,NULL,'2023-05-12 18:48:16',NULL,NULL,NULL,NULL),(32568,'people',100000784,'volunteer',8,NULL,'2023-05-12 19:48:15',0,1,NULL,NULL),(32569,'people',100000784,'container changed from \"6854\" to \"6854\";',8,NULL,'2023-05-12 19:48:15',NULL,NULL,NULL,NULL),(32570,'people',100000553,'volunteer',23,NULL,'2023-05-12 20:48:14',1,0,NULL,NULL),(32571,'people',100000553,'container changed from \"5378\" to \"5378\";',23,NULL,'2023-05-12 20:48:14',NULL,NULL,NULL,NULL),(32572,'people',100000715,'volunteer',8,NULL,'2023-05-12 21:48:13',0,1,NULL,NULL),(32573,'people',100000715,'container changed from \"7337\" to \"7337\";',8,NULL,'2023-05-12 21:48:13',NULL,NULL,NULL,NULL),(32574,'people',100000695,'volunteer',8,NULL,'2023-05-12 22:48:12',0,1,NULL,NULL),(32575,'people',100000695,'container changed from \"3197\" to \"3197\";',8,NULL,'2023-05-12 22:48:12',NULL,NULL,NULL,NULL),(32576,'people',100000541,'volunteer',7,NULL,'2023-05-12 23:48:11',0,1,NULL,NULL),(32577,'people',100000541,'container changed from \"5807\" to \"5807\";',7,NULL,'2023-05-12 23:48:11',NULL,NULL,NULL,NULL),(32578,'people',100000687,'volunteer',23,NULL,'2023-05-13 00:48:10',0,1,NULL,NULL),(32579,'people',100000687,'container changed from \"6854\" to \"6854\";',23,NULL,'2023-05-13 00:48:10',NULL,NULL,NULL,NULL),(32580,'people',100000603,'volunteer',6,NULL,'2023-05-13 01:48:09',0,1,NULL,NULL),(32581,'people',100000603,'container changed from \"8252\" to \"8252\";',6,NULL,'2023-05-13 01:48:09',NULL,NULL,NULL,NULL),(32582,'people',100000602,'volunteer',7,NULL,'2023-05-13 02:48:08',0,1,NULL,NULL),(32583,'people',100000602,'container changed from \"6854\" to \"6854\";',7,NULL,'2023-05-13 02:48:08',NULL,NULL,NULL,NULL),(32584,'people',100000535,'volunteer',6,NULL,'2023-05-13 03:48:07',0,1,NULL,NULL),(32585,'people',100000535,'container changed from \"4220\" to \"4220\";',6,NULL,'2023-05-13 03:48:07',NULL,NULL,NULL,NULL),(32586,'people',100000517,'volunteer',23,NULL,'2023-05-13 04:48:06',1,0,NULL,NULL),(32587,'people',100000517,'container changed from \"8858\" to \"8858\";',23,NULL,'2023-05-13 04:48:06',NULL,NULL,NULL,NULL),(32588,'people',100000785,'volunteer',3,NULL,'2023-05-13 05:48:05',0,1,NULL,NULL),(32589,'people',100000785,'container changed from \"4763\" to \"4763\";',3,NULL,'2023-05-13 05:48:05',NULL,NULL,NULL,NULL),(32590,'people',100000562,'volunteer',23,NULL,'2023-05-13 06:48:04',1,0,NULL,NULL),(32591,'people',100000562,'container changed from \"6922\" to \"6922\";',23,NULL,'2023-05-13 06:48:04',NULL,NULL,NULL,NULL),(32592,'people',100000708,'volunteer',2,NULL,'2023-05-13 07:48:03',0,1,NULL,NULL),(32593,'people',100000708,'container changed from \"3197\" to \"3197\";',2,NULL,'2023-05-13 07:48:03',NULL,NULL,NULL,NULL),(32594,'people',100000503,'volunteer',9,NULL,'2023-05-13 08:48:02',0,1,NULL,NULL),(32595,'people',100000503,'container changed from \"3229\" to \"3229\";',9,NULL,'2023-05-13 08:48:02',NULL,NULL,NULL,NULL),(32596,'people',100000750,'volunteer',7,NULL,'2023-05-13 09:48:01',0,1,NULL,NULL),(32597,'people',100000750,'container changed from \"3780\" to \"3780\";',7,NULL,'2023-05-13 09:48:01',NULL,NULL,NULL,NULL),(32598,'people',100000762,'volunteer',7,NULL,'2023-05-13 10:48:00',0,1,NULL,NULL),(32599,'people',100000762,'container changed from \"9132\" to \"9132\";',7,NULL,'2023-05-13 10:48:00',NULL,NULL,NULL,NULL),(32600,'people',100000560,'volunteer',3,NULL,'2023-05-13 11:47:59',0,1,NULL,NULL),(32601,'people',100000560,'container changed from \"7422\" to \"7422\";',3,NULL,'2023-05-13 11:47:59',NULL,NULL,NULL,NULL),(32602,'people',100000725,'volunteer',23,NULL,'2023-05-13 12:47:58',0,1,NULL,NULL),(32603,'people',100000725,'container changed from \"9189\" to \"9189\";',23,NULL,'2023-05-13 12:47:58',NULL,NULL,NULL,NULL),(32604,'people',100000565,'volunteer',2,NULL,'2023-05-13 13:47:57',0,1,NULL,NULL),(32605,'people',100000565,'container changed from \"1392\" to \"1392\";',2,NULL,'2023-05-13 13:47:57',NULL,NULL,NULL,NULL),(32606,'people',100000554,'volunteer',4,NULL,'2023-05-13 14:47:56',0,1,NULL,NULL),(32607,'people',100000554,'container changed from \"1347\" to \"1347\";',4,NULL,'2023-05-13 14:47:56',NULL,NULL,NULL,NULL),(32608,'people',100000557,'volunteer',2,NULL,'2023-05-13 15:47:55',0,1,NULL,NULL),(32609,'people',100000557,'container changed from \"7421\" to \"7421\";',2,NULL,'2023-05-13 15:47:55',NULL,NULL,NULL,NULL),(32610,'people',100000781,'volunteer',25,NULL,'2023-05-13 16:47:54',0,1,NULL,NULL),(32611,'people',100000781,'container changed from \"9189\" to \"9189\";',25,NULL,'2023-05-13 16:47:54',NULL,NULL,NULL,NULL),(32612,'people',100000501,'volunteer',25,NULL,'2023-05-13 17:47:53',1,0,NULL,NULL),(32613,'people',100000501,'container changed from \"3595\" to \"3595\";',25,NULL,'2023-05-13 17:47:53',NULL,NULL,NULL,NULL),(32614,'people',100000528,'volunteer',25,NULL,'2023-05-13 18:47:52',0,1,NULL,NULL),(32615,'people',100000528,'container changed from \"3801\" to \"3801\";',25,NULL,'2023-05-13 18:47:52',NULL,NULL,NULL,NULL),(32616,'people',100000678,'volunteer',7,NULL,'2023-05-13 19:47:51',0,1,NULL,NULL),(32617,'people',100000678,'container changed from \"6922\" to \"6922\";',7,NULL,'2023-05-13 19:47:51',NULL,NULL,NULL,NULL),(32618,'people',100000653,'volunteer',2,NULL,'2023-05-13 20:47:50',0,1,NULL,NULL),(32619,'people',100000653,'container changed from \"4763\" to \"4763\";',2,NULL,'2023-05-13 20:47:50',NULL,NULL,NULL,NULL),(32620,'people',100000778,'volunteer',24,NULL,'2023-05-13 21:47:49',0,1,NULL,NULL),(32621,'people',100000778,'container changed from \"7337\" to \"7337\";',24,NULL,'2023-05-13 21:47:49',NULL,NULL,NULL,NULL),(32622,'people',100000614,'volunteer',5,NULL,'2023-05-13 22:47:48',0,1,NULL,NULL),(32623,'people',100000614,'container changed from \"1802\" to \"1802\";',5,NULL,'2023-05-13 22:47:48',NULL,NULL,NULL,NULL),(32624,'people',100000713,'volunteer',9,NULL,'2023-05-13 23:47:47',0,1,NULL,NULL),(32625,'people',100000713,'container changed from \"4763\" to \"4763\";',9,NULL,'2023-05-13 23:47:47',NULL,NULL,NULL,NULL),(32626,'people',100000664,'volunteer',2,NULL,'2023-05-14 00:47:46',0,1,NULL,NULL),(32627,'people',100000664,'container changed from \"7337\" to \"7337\";',2,NULL,'2023-05-14 00:47:46',NULL,NULL,NULL,NULL),(32628,'people',100000599,'volunteer',8,NULL,'2023-05-14 01:47:45',0,1,NULL,NULL),(32629,'people',100000599,'container changed from \"5807\" to \"5807\";',8,NULL,'2023-05-14 01:47:45',NULL,NULL,NULL,NULL),(32630,'people',100000749,'volunteer',24,NULL,'2023-05-14 02:47:44',0,1,NULL,NULL),(32631,'people',100000749,'container changed from \"9780\" to \"9780\";',24,NULL,'2023-05-14 02:47:44',NULL,NULL,NULL,NULL),(32632,'people',100000737,'volunteer',2,NULL,'2023-05-14 03:47:43',0,1,NULL,NULL),(32633,'people',100000737,'container changed from \"1347\" to \"1347\";',2,NULL,'2023-05-14 03:47:43',NULL,NULL,NULL,NULL),(32634,'people',100000554,'volunteer',24,NULL,'2023-05-14 04:47:42',1,0,NULL,NULL),(32635,'people',100000554,'container changed from \"1347\" to \"1347\";',24,NULL,'2023-05-14 04:47:42',NULL,NULL,NULL,NULL),(32636,'people',100000632,'volunteer',4,NULL,'2023-05-14 05:47:41',0,1,NULL,NULL),(32637,'people',100000632,'container changed from \"7688\" to \"7688\";',4,NULL,'2023-05-14 05:47:41',NULL,NULL,NULL,NULL),(32638,'people',100000587,'volunteer',9,NULL,'2023-05-14 06:47:40',0,1,NULL,NULL),(32639,'people',100000587,'container changed from \"3197\" to \"3197\";',9,NULL,'2023-05-14 06:47:40',NULL,NULL,NULL,NULL),(32640,'people',100000512,'volunteer',24,NULL,'2023-05-14 07:47:39',0,1,NULL,NULL),(32641,'people',100000512,'container changed from \"6317\" to \"6317\";',24,NULL,'2023-05-14 07:47:39',NULL,NULL,NULL,NULL),(32642,'people',100000687,'volunteer',6,NULL,'2023-05-14 08:47:38',1,0,NULL,NULL),(32643,'people',100000687,'container changed from \"6854\" to \"6854\";',6,NULL,'2023-05-14 08:47:38',NULL,NULL,NULL,NULL),(32644,'people',100000631,'volunteer',9,NULL,'2023-05-14 09:47:37',0,1,NULL,NULL),(32645,'people',100000631,'container changed from \"3197\" to \"3197\";',9,NULL,'2023-05-14 09:47:37',NULL,NULL,NULL,NULL),(32646,'people',100000750,'volunteer',25,NULL,'2023-05-14 10:47:36',1,0,NULL,NULL),(32647,'people',100000750,'container changed from \"3780\" to \"3780\";',25,NULL,'2023-05-14 10:47:36',NULL,NULL,NULL,NULL),(32648,'people',100000773,'volunteer',23,NULL,'2023-05-14 11:47:35',0,1,NULL,NULL),(32649,'people',100000773,'container changed from \"3780\" to \"3780\";',23,NULL,'2023-05-14 11:47:35',NULL,NULL,NULL,NULL),(32650,'people',100000579,'volunteer',23,NULL,'2023-05-14 12:47:34',0,1,NULL,NULL),(32651,'people',100000579,'container changed from \"8490\" to \"8490\";',23,NULL,'2023-05-14 12:47:34',NULL,NULL,NULL,NULL),(32652,'people',100000747,'volunteer',23,NULL,'2023-05-14 13:47:33',0,1,NULL,NULL),(32653,'people',100000747,'container changed from \"3197\" to \"3197\";',23,NULL,'2023-05-14 13:47:33',NULL,NULL,NULL,NULL),(32654,'people',100000507,'volunteer',5,NULL,'2023-05-14 14:47:32',1,0,NULL,NULL),(32655,'people',100000507,'container changed from \"4526\" to \"4526\";',5,NULL,'2023-05-14 14:47:32',NULL,NULL,NULL,NULL),(32656,'people',100000568,'volunteer',24,NULL,'2023-05-14 15:47:31',0,1,NULL,NULL),(32657,'people',100000568,'container changed from \"3780\" to \"3780\";',24,NULL,'2023-05-14 15:47:31',NULL,NULL,NULL,NULL),(32658,'people',100000692,'volunteer',3,NULL,'2023-05-14 16:47:30',0,1,NULL,NULL),(32659,'people',100000692,'container changed from \"4763\" to \"4763\";',3,NULL,'2023-05-14 16:47:30',NULL,NULL,NULL,NULL),(32660,'people',100000519,'volunteer',3,NULL,'2023-05-14 17:47:29',1,0,NULL,NULL),(32661,'people',100000519,'container changed from \"1487\" to \"1487\";',3,NULL,'2023-05-14 17:47:29',NULL,NULL,NULL,NULL),(32662,'people',100000676,'volunteer',2,NULL,'2023-05-14 18:47:28',0,1,NULL,NULL),(32663,'people',100000676,'container changed from \"7688\" to \"7688\";',2,NULL,'2023-05-14 18:47:28',NULL,NULL,NULL,NULL),(32664,'people',100000736,'volunteer',2,NULL,'2023-05-14 19:47:27',0,1,NULL,NULL),(32665,'people',100000736,'container changed from \"7688\" to \"7688\";',2,NULL,'2023-05-14 19:47:27',NULL,NULL,NULL,NULL),(32666,'people',100000611,'volunteer',8,NULL,'2023-05-14 20:47:26',0,1,NULL,NULL),(32667,'people',100000611,'container changed from \"4763\" to \"4763\";',8,NULL,'2023-05-14 20:47:26',NULL,NULL,NULL,NULL),(32668,'people',100000771,'volunteer',8,NULL,'2023-05-14 21:47:25',0,1,NULL,NULL),(32669,'people',100000771,'container changed from \"6922\" to \"6922\";',8,NULL,'2023-05-14 21:47:25',NULL,NULL,NULL,NULL),(32670,'people',100000692,'volunteer',9,NULL,'2023-05-14 22:47:24',1,0,NULL,NULL),(32671,'people',100000692,'container changed from \"4763\" to \"4763\";',9,NULL,'2023-05-14 22:47:24',NULL,NULL,NULL,NULL),(32672,'people',100000684,'volunteer',9,NULL,'2023-05-14 23:47:23',0,1,NULL,NULL),(32673,'people',100000684,'container changed from \"9780\" to \"9780\";',9,NULL,'2023-05-14 23:47:23',NULL,NULL,NULL,NULL),(32674,'people',100000515,'volunteer',2,NULL,'2023-05-15 00:47:22',1,0,NULL,NULL),(32675,'people',100000515,'container changed from \"6372\" to \"6372\";',2,NULL,'2023-05-15 00:47:22',NULL,NULL,NULL,NULL),(32676,'people',100000627,'volunteer',2,NULL,'2023-05-15 01:47:21',0,1,NULL,NULL),(32677,'people',100000627,'container changed from \"4679\" to \"4679\";',2,NULL,'2023-05-15 01:47:21',NULL,NULL,NULL,NULL),(32678,'people',100000577,'volunteer',7,NULL,'2023-05-15 02:47:20',1,0,NULL,NULL),(32679,'people',100000577,'container changed from \"4643\" to \"4643\";',7,NULL,'2023-05-15 02:47:20',NULL,NULL,NULL,NULL),(32680,'people',100000776,'volunteer',24,NULL,'2023-05-15 03:47:19',0,1,NULL,NULL),(32681,'people',100000776,'container changed from \"9780\" to \"9780\";',24,NULL,'2023-05-15 03:47:19',NULL,NULL,NULL,NULL),(32682,'people',100000695,'volunteer',9,NULL,'2023-05-15 04:47:18',1,0,NULL,NULL),(32683,'people',100000695,'container changed from \"3197\" to \"3197\";',9,NULL,'2023-05-15 04:47:18',NULL,NULL,NULL,NULL),(32684,'people',100000732,'volunteer',4,NULL,'2023-05-15 05:47:17',0,1,NULL,NULL),(32685,'people',100000732,'container changed from \"4643\" to \"4643\";',4,NULL,'2023-05-15 05:47:17',NULL,NULL,NULL,NULL),(32686,'people',100000526,'volunteer',8,NULL,'2023-05-15 06:47:16',1,0,NULL,NULL),(32687,'people',100000526,'container changed from \"1221\" to \"1221\";',8,NULL,'2023-05-15 06:47:16',NULL,NULL,NULL,NULL),(32688,'people',100000508,'volunteer',23,NULL,'2023-05-15 07:47:15',0,1,NULL,NULL),(32689,'people',100000508,'container changed from \"2598\" to \"2598\";',23,NULL,'2023-05-15 07:47:15',NULL,NULL,NULL,NULL),(32690,'people',100000711,'volunteer',4,NULL,'2023-05-15 08:47:14',0,1,NULL,NULL),(32691,'people',100000711,'container changed from \"8801\" to \"8801\";',4,NULL,'2023-05-15 08:47:14',NULL,NULL,NULL,NULL),(32692,'people',100000563,'volunteer',5,NULL,'2023-05-15 09:47:13',1,0,NULL,NULL),(32693,'people',100000563,'container changed from \"6922\" to \"6922\";',5,NULL,'2023-05-15 09:47:13',NULL,NULL,NULL,NULL),(32694,'people',100000739,'volunteer',9,NULL,'2023-05-15 10:47:12',0,1,NULL,NULL),(32695,'people',100000739,'container changed from \"8801\" to \"8801\";',9,NULL,'2023-05-15 10:47:12',NULL,NULL,NULL,NULL),(32696,'people',100000635,'volunteer',3,NULL,'2023-05-15 11:47:11',0,1,NULL,NULL),(32697,'people',100000635,'container changed from \"3780\" to \"3780\";',3,NULL,'2023-05-15 11:47:11',NULL,NULL,NULL,NULL),(32698,'people',100000737,'volunteer',24,NULL,'2023-05-15 12:47:10',1,0,NULL,NULL),(32699,'people',100000737,'container changed from \"1347\" to \"1347\";',24,NULL,'2023-05-15 12:47:10',NULL,NULL,NULL,NULL),(32700,'people',100000532,'volunteer',8,NULL,'2023-05-15 13:47:09',1,0,NULL,NULL),(32701,'people',100000532,'container changed from \"6772\" to \"6772\";',8,NULL,'2023-05-15 13:47:09',NULL,NULL,NULL,NULL),(32702,'people',100000768,'volunteer',23,NULL,'2023-05-15 14:47:08',1,0,NULL,NULL),(32703,'people',100000768,'container changed from \"6218\" to \"6218\";',23,NULL,'2023-05-15 14:47:08',NULL,NULL,NULL,NULL),(32704,'people',100000630,'volunteer',7,NULL,'2023-05-15 15:47:07',0,1,NULL,NULL),(32705,'people',100000630,'container changed from \"5807\" to \"5807\";',7,NULL,'2023-05-15 15:47:07',NULL,NULL,NULL,NULL),(32706,'people',100000612,'volunteer',6,NULL,'2023-05-15 16:47:06',0,1,NULL,NULL),(32707,'people',100000612,'container changed from \"1392\" to \"1392\";',6,NULL,'2023-05-15 16:47:06',NULL,NULL,NULL,NULL),(32708,'people',100000490,'volunteer',7,NULL,'2023-05-15 17:47:05',0,1,NULL,NULL),(32709,'people',100000490,'container changed from \"8386\" to \"8386\";',7,NULL,'2023-05-15 17:47:05',NULL,NULL,NULL,NULL),(32710,'people',100000580,'volunteer',5,NULL,'2023-05-15 18:47:04',1,0,NULL,NULL),(32711,'people',100000580,'container changed from \"9132\" to \"9132\";',5,NULL,'2023-05-15 18:47:04',NULL,NULL,NULL,NULL),(32712,'people',100000766,'volunteer',4,NULL,'2023-05-15 19:47:03',0,1,NULL,NULL),(32713,'people',100000766,'container changed from \"4679\" to \"4679\";',4,NULL,'2023-05-15 19:47:03',NULL,NULL,NULL,NULL),(32714,'people',100000543,'volunteer',4,NULL,'2023-05-15 20:47:02',1,0,NULL,NULL),(32715,'people',100000543,'container changed from \"8252\" to \"8252\";',4,NULL,'2023-05-15 20:47:02',NULL,NULL,NULL,NULL),(32716,'people',100000635,'volunteer',25,NULL,'2023-05-15 21:47:01',1,0,NULL,NULL),(32717,'people',100000635,'container changed from \"3780\" to \"3780\";',25,NULL,'2023-05-15 21:47:01',NULL,NULL,NULL,NULL),(32718,'people',100000680,'volunteer',5,NULL,'2023-05-15 22:47:00',0,1,NULL,NULL),(32719,'people',100000680,'container changed from \"8801\" to \"8801\";',5,NULL,'2023-05-15 22:47:00',NULL,NULL,NULL,NULL),(32720,'people',100000774,'volunteer',3,NULL,'2023-05-15 23:46:59',0,1,NULL,NULL),(32721,'people',100000774,'container changed from \"7688\" to \"7688\";',3,NULL,'2023-05-15 23:46:59',NULL,NULL,NULL,NULL),(32722,'people',100000728,'volunteer',7,NULL,'2023-05-16 00:46:58',0,1,NULL,NULL),(32723,'people',100000728,'container changed from \"4763\" to \"4763\";',7,NULL,'2023-05-16 00:46:58',NULL,NULL,NULL,NULL),(32724,'people',100000609,'volunteer',4,NULL,'2023-05-16 01:46:57',0,1,NULL,NULL),(32725,'people',100000609,'container changed from \"3780\" to \"3780\";',4,NULL,'2023-05-16 01:46:57',NULL,NULL,NULL,NULL),(32726,'people',100000724,'volunteer',4,NULL,'2023-05-16 02:46:56',0,1,NULL,NULL),(32727,'people',100000724,'container changed from \"1392\" to \"1392\";',4,NULL,'2023-05-16 02:46:56',NULL,NULL,NULL,NULL),(32728,'people',100000710,'volunteer',23,NULL,'2023-05-16 03:46:55',0,1,NULL,NULL),(32729,'people',100000710,'container changed from \"6218\" to \"6218\";',23,NULL,'2023-05-16 03:46:55',NULL,NULL,NULL,NULL),(32730,'people',100000599,'volunteer',23,NULL,'2023-05-16 04:46:54',1,0,NULL,NULL),(32731,'people',100000599,'container changed from \"5807\" to \"5807\";',23,NULL,'2023-05-16 04:46:54',NULL,NULL,NULL,NULL),(32732,'people',100000546,'volunteer',6,NULL,'2023-05-16 05:46:53',0,1,NULL,NULL),(32733,'people',100000546,'container changed from \"1802\" to \"1802\";',6,NULL,'2023-05-16 05:46:53',NULL,NULL,NULL,NULL),(32734,'people',100000641,'volunteer',5,NULL,'2023-05-16 06:46:52',0,1,NULL,NULL),(32735,'people',100000641,'container changed from \"1392\" to \"1392\";',5,NULL,'2023-05-16 06:46:52',NULL,NULL,NULL,NULL),(32736,'people',100000561,'volunteer',2,NULL,'2023-05-16 07:46:51',0,1,NULL,NULL),(32737,'people',100000561,'container changed from \"7422\" to \"7422\";',2,NULL,'2023-05-16 07:46:51',NULL,NULL,NULL,NULL),(32738,'people',100000771,'volunteer',23,NULL,'2023-05-16 08:46:50',1,0,NULL,NULL),(32739,'people',100000771,'container changed from \"6922\" to \"6922\";',23,NULL,'2023-05-16 08:46:50',NULL,NULL,NULL,NULL),(32740,'people',100000715,'volunteer',5,NULL,'2023-05-16 09:46:49',1,0,NULL,NULL),(32741,'people',100000715,'container changed from \"7337\" to \"7337\";',5,NULL,'2023-05-16 09:46:49',NULL,NULL,NULL,NULL),(32742,'people',100000777,'volunteer',4,NULL,'2023-05-16 10:46:48',0,1,NULL,NULL),(32743,'people',100000777,'container changed from \"7241\" to \"7241\";',4,NULL,'2023-05-16 10:46:48',NULL,NULL,NULL,NULL),(32744,'people',100000503,'volunteer',8,NULL,'2023-05-16 11:46:47',1,0,NULL,NULL),(32745,'people',100000503,'container changed from \"3229\" to \"3229\";',8,NULL,'2023-05-16 11:46:47',NULL,NULL,NULL,NULL),(32746,'people',100000628,'volunteer',23,NULL,'2023-05-16 12:46:46',0,1,NULL,NULL),(32747,'people',100000628,'container changed from \"9132\" to \"9132\";',23,NULL,'2023-05-16 12:46:46',NULL,NULL,NULL,NULL),(32748,'people',100000781,'volunteer',7,NULL,'2023-05-16 13:46:45',1,0,NULL,NULL),(32749,'people',100000781,'container changed from \"9189\" to \"9189\";',7,NULL,'2023-05-16 13:46:45',NULL,NULL,NULL,NULL),(32750,'people',100000616,'volunteer',23,NULL,'2023-05-16 14:46:44',0,1,NULL,NULL),(32751,'people',100000616,'container changed from \"9780\" to \"9780\";',23,NULL,'2023-05-16 14:46:44',NULL,NULL,NULL,NULL),(32752,'people',100000631,'volunteer',6,NULL,'2023-05-16 15:46:43',1,0,NULL,NULL),(32753,'people',100000631,'container changed from \"3197\" to \"3197\";',6,NULL,'2023-05-16 15:46:43',NULL,NULL,NULL,NULL),(32754,'people',100000627,'volunteer',3,NULL,'2023-05-16 16:46:42',1,0,NULL,NULL),(32755,'people',100000627,'container changed from \"4679\" to \"4679\";',3,NULL,'2023-05-16 16:46:42',NULL,NULL,NULL,NULL),(32756,'people',100000511,'volunteer',6,NULL,'2023-05-16 17:46:41',1,0,NULL,NULL),(32757,'people',100000511,'container changed from \"5181\" to \"5181\";',6,NULL,'2023-05-16 17:46:41',NULL,NULL,NULL,NULL),(32758,'people',100000749,'volunteer',2,NULL,'2023-05-16 18:46:40',1,0,NULL,NULL),(32759,'people',100000749,'container changed from \"9780\" to \"9780\";',2,NULL,'2023-05-16 18:46:40',NULL,NULL,NULL,NULL),(32760,'people',100000556,'volunteer',3,NULL,'2023-05-16 19:46:39',1,0,NULL,NULL),(32761,'people',100000556,'container changed from \"7421\" to \"7421\";',3,NULL,'2023-05-16 19:46:39',NULL,NULL,NULL,NULL),(32762,'people',100000700,'volunteer',5,NULL,'2023-05-16 20:46:38',0,1,NULL,NULL),(32763,'people',100000700,'container changed from \"9132\" to \"9132\";',5,NULL,'2023-05-16 20:46:38',NULL,NULL,NULL,NULL),(32764,'people',100000706,'volunteer',23,NULL,'2023-05-16 21:46:37',0,1,NULL,NULL),(32765,'people',100000706,'container changed from \"7422\" to \"7422\";',23,NULL,'2023-05-16 21:46:37',NULL,NULL,NULL,NULL),(32766,'people',100000607,'volunteer',4,NULL,'2023-05-16 22:46:36',0,1,NULL,NULL),(32767,'people',100000607,'container changed from \"9780\" to \"9780\";',4,NULL,'2023-05-16 22:46:36',NULL,NULL,NULL,NULL),(32768,'people',100000742,'volunteer',7,NULL,'2023-05-16 23:46:35',0,1,NULL,NULL),(32769,'people',100000742,'container changed from \"7421\" to \"7421\";',7,NULL,'2023-05-16 23:46:35',NULL,NULL,NULL,NULL),(32770,'people',100000708,'volunteer',24,NULL,'2023-05-17 00:46:34',1,0,NULL,NULL),(32771,'people',100000708,'container changed from \"3197\" to \"3197\";',24,NULL,'2023-05-17 00:46:34',NULL,NULL,NULL,NULL),(32772,'people',100000568,'volunteer',9,NULL,'2023-05-17 01:46:33',1,0,NULL,NULL),(32773,'people',100000568,'container changed from \"3780\" to \"3780\";',9,NULL,'2023-05-17 01:46:33',NULL,NULL,NULL,NULL),(32774,'people',100000583,'volunteer',24,NULL,'2023-05-17 02:46:32',0,1,NULL,NULL),(32775,'people',100000583,'container changed from \"4679\" to \"4679\";',24,NULL,'2023-05-17 02:46:32',NULL,NULL,NULL,NULL),(32776,'people',100000635,'volunteer',23,NULL,'2023-05-17 03:46:31',0,1,NULL,NULL),(32777,'people',100000635,'container changed from \"3780\" to \"3780\";',23,NULL,'2023-05-17 03:46:31',NULL,NULL,NULL,NULL),(32778,'people',100000685,'volunteer',8,NULL,'2023-05-17 04:46:30',0,1,NULL,NULL),(32779,'people',100000685,'container changed from \"1392\" to \"1392\";',8,NULL,'2023-05-17 04:46:30',NULL,NULL,NULL,NULL),(32780,'people',100000671,'volunteer',24,NULL,'2023-05-17 05:46:29',0,1,NULL,NULL),(32781,'people',100000671,'container changed from \"3780\" to \"3780\";',24,NULL,'2023-05-17 05:46:29',NULL,NULL,NULL,NULL),(32782,'people',100000737,'volunteer',8,NULL,'2023-05-17 06:46:28',0,1,NULL,NULL),(32783,'people',100000737,'container changed from \"1347\" to \"1347\";',8,NULL,'2023-05-17 06:46:28',NULL,NULL,NULL,NULL),(32784,'people',100000603,'volunteer',24,NULL,'2023-05-17 07:46:27',1,0,NULL,NULL),(32785,'people',100000603,'container changed from \"8252\" to \"8252\";',24,NULL,'2023-05-17 07:46:27',NULL,NULL,NULL,NULL),(32786,'people',100000592,'volunteer',23,NULL,'2023-05-17 08:46:26',0,1,NULL,NULL),(32787,'people',100000592,'container changed from \"9189\" to \"9189\";',23,NULL,'2023-05-17 08:46:26',NULL,NULL,NULL,NULL),(32788,'people',100000489,'volunteer',23,NULL,'2023-05-17 09:46:25',1,0,NULL,NULL),(32789,'people',100000489,'container changed from \"2629\" to \"2629\";',23,NULL,'2023-05-17 09:46:25',NULL,NULL,NULL,NULL),(32790,'people',100000781,'volunteer',9,NULL,'2023-05-17 10:46:24',0,1,NULL,NULL),(32791,'people',100000781,'container changed from \"9189\" to \"9189\";',9,NULL,'2023-05-17 10:46:24',NULL,NULL,NULL,NULL),(32792,'people',100000608,'volunteer',6,NULL,'2023-05-17 11:46:23',0,1,NULL,NULL),(32793,'people',100000608,'container changed from \"3780\" to \"3780\";',6,NULL,'2023-05-17 11:46:23',NULL,NULL,NULL,NULL),(32794,'people',100000557,'volunteer',3,NULL,'2023-05-17 12:46:22',1,0,NULL,NULL),(32795,'people',100000557,'container changed from \"7421\" to \"7421\";',3,NULL,'2023-05-17 12:46:22',NULL,NULL,NULL,NULL),(32796,'people',100000719,'volunteer',6,NULL,'2023-05-17 13:46:21',0,1,NULL,NULL),(32797,'people',100000719,'container changed from \"8490\" to \"8490\";',6,NULL,'2023-05-17 13:46:21',NULL,NULL,NULL,NULL),(32798,'people',100000602,'volunteer',3,NULL,'2023-05-17 14:46:20',1,0,NULL,NULL),(32799,'people',100000602,'container changed from \"6854\" to \"6854\";',3,NULL,'2023-05-17 14:46:20',NULL,NULL,NULL,NULL),(32800,'people',100000689,'volunteer',3,NULL,'2023-05-17 15:46:19',0,1,NULL,NULL),(32801,'people',100000689,'container changed from \"8801\" to \"8801\";',3,NULL,'2023-05-17 15:46:19',NULL,NULL,NULL,NULL),(32802,'people',100000652,'volunteer',3,NULL,'2023-05-17 16:46:18',0,1,NULL,NULL),(32803,'people',100000652,'container changed from \"8801\" to \"8801\";',3,NULL,'2023-05-17 16:46:18',NULL,NULL,NULL,NULL),(32804,'people',100000550,'volunteer',2,NULL,'2023-05-17 17:46:17',1,0,NULL,NULL),(32805,'people',100000550,'container changed from \"9780\" to \"9780\";',2,NULL,'2023-05-17 17:46:17',NULL,NULL,NULL,NULL),(32806,'people',100000522,'volunteer',8,NULL,'2023-05-17 18:46:16',0,1,NULL,NULL),(32807,'people',100000522,'container changed from \"2567\" to \"2567\";',8,NULL,'2023-05-17 18:46:16',NULL,NULL,NULL,NULL),(32808,'people',100000584,'volunteer',23,NULL,'2023-05-17 19:46:15',0,1,NULL,NULL),(32809,'people',100000584,'container changed from \"8801\" to \"8801\";',23,NULL,'2023-05-17 19:46:15',NULL,NULL,NULL,NULL),(32810,'people',100000558,'volunteer',25,NULL,'2023-05-17 20:46:14',1,0,NULL,NULL),(32811,'people',100000558,'container changed from \"2402\" to \"2402\";',25,NULL,'2023-05-17 20:46:14',NULL,NULL,NULL,NULL),(32812,'people',100000517,'volunteer',23,NULL,'2023-05-17 21:46:13',0,1,NULL,NULL),(32813,'people',100000517,'container changed from \"8858\" to \"8858\";',23,NULL,'2023-05-17 21:46:13',NULL,NULL,NULL,NULL),(32814,'people',100000555,'volunteer',8,NULL,'2023-05-17 22:46:12',0,1,NULL,NULL),(32815,'people',100000555,'container changed from \"1347\" to \"1347\";',8,NULL,'2023-05-17 22:46:12',NULL,NULL,NULL,NULL),(32816,'people',100000653,'volunteer',4,NULL,'2023-05-17 23:46:11',1,0,NULL,NULL),(32817,'people',100000653,'container changed from \"4763\" to \"4763\";',4,NULL,'2023-05-17 23:46:11',NULL,NULL,NULL,NULL),(32818,'people',100000640,'volunteer',4,NULL,'2023-05-18 00:46:10',0,1,NULL,NULL),(32819,'people',100000640,'container changed from \"3780\" to \"3780\";',4,NULL,'2023-05-18 00:46:10',NULL,NULL,NULL,NULL),(32820,'people',100000613,'volunteer',4,NULL,'2023-05-18 01:46:09',0,1,NULL,NULL),(32821,'people',100000613,'container changed from \"2402\" to \"2402\";',4,NULL,'2023-05-18 01:46:09',NULL,NULL,NULL,NULL),(32822,'people',100000501,'volunteer',6,NULL,'2023-05-18 02:46:08',0,1,NULL,NULL),(32823,'people',100000501,'container changed from \"3595\" to \"3595\";',6,NULL,'2023-05-18 02:46:08',NULL,NULL,NULL,NULL),(32824,'people',100000769,'volunteer',8,NULL,'2023-05-18 03:46:07',0,1,NULL,NULL),(32825,'people',100000769,'container changed from \"9189\" to \"9189\";',8,NULL,'2023-05-18 03:46:07',NULL,NULL,NULL,NULL),(32826,'people',100000724,'volunteer',4,NULL,'2023-05-18 04:46:06',1,0,NULL,NULL),(32827,'people',100000724,'container changed from \"1392\" to \"1392\";',4,NULL,'2023-05-18 04:46:06',NULL,NULL,NULL,NULL),(32828,'people',100000779,'volunteer',6,NULL,'2023-05-18 05:46:05',0,1,NULL,NULL),(32829,'people',100000779,'container changed from \"6922\" to \"6922\";',6,NULL,'2023-05-18 05:46:05',NULL,NULL,NULL,NULL),(32830,'people',100000510,'volunteer',24,NULL,'2023-05-18 06:46:04',1,0,NULL,NULL),(32831,'people',100000510,'container changed from \"8543\" to \"8543\";',24,NULL,'2023-05-18 06:46:04',NULL,NULL,NULL,NULL),(32832,'people',100000576,'volunteer',24,NULL,'2023-05-18 07:46:03',0,1,NULL,NULL),(32833,'people',100000576,'container changed from \"4643\" to \"4643\";',24,NULL,'2023-05-18 07:46:03',NULL,NULL,NULL,NULL),(32834,'people',100000658,'volunteer',5,NULL,'2023-05-18 08:46:02',0,1,NULL,NULL),(32835,'people',100000658,'container changed from \"7337\" to \"7337\";',5,NULL,'2023-05-18 08:46:02',NULL,NULL,NULL,NULL),(32836,'people',100000602,'volunteer',6,NULL,'2023-05-18 09:46:01',0,1,NULL,NULL),(32837,'people',100000602,'container changed from \"6854\" to \"6854\";',6,NULL,'2023-05-18 09:46:01',NULL,NULL,NULL,NULL),(32838,'people',100000577,'volunteer',3,NULL,'2023-05-18 10:46:00',0,1,NULL,NULL),(32839,'people',100000577,'container changed from \"4643\" to \"4643\";',3,NULL,'2023-05-18 10:46:00',NULL,NULL,NULL,NULL),(32840,'people',100000641,'volunteer',2,NULL,'2023-05-18 11:45:59',1,0,NULL,NULL),(32841,'people',100000641,'container changed from \"1392\" to \"1392\";',2,NULL,'2023-05-18 11:45:59',NULL,NULL,NULL,NULL),(32842,'people',100000735,'volunteer',5,NULL,'2023-05-18 12:45:58',0,1,NULL,NULL),(32843,'people',100000735,'container changed from \"4679\" to \"4679\";',5,NULL,'2023-05-18 12:45:58',NULL,NULL,NULL,NULL),(32844,'people',100000674,'volunteer',24,NULL,'2023-05-18 13:45:57',0,1,NULL,NULL),(32845,'people',100000674,'container changed from \"4763\" to \"4763\";',24,NULL,'2023-05-18 13:45:57',NULL,NULL,NULL,NULL),(32846,'people',100000674,'volunteer',24,NULL,'2023-05-18 14:45:56',1,0,NULL,NULL),(32847,'people',100000674,'container changed from \"4763\" to \"4763\";',24,NULL,'2023-05-18 14:45:56',NULL,NULL,NULL,NULL),(32848,'people',100000589,'volunteer',3,NULL,'2023-05-18 15:45:55',0,1,NULL,NULL),(32849,'people',100000589,'container changed from \"7241\" to \"7241\";',3,NULL,'2023-05-18 15:45:55',NULL,NULL,NULL,NULL),(32850,'people',100000646,'volunteer',24,NULL,'2023-05-18 16:45:54',0,1,NULL,NULL),(32851,'people',100000646,'container changed from \"5378\" to \"5378\";',24,NULL,'2023-05-18 16:45:54',NULL,NULL,NULL,NULL),(32852,'people',100000487,'volunteer',7,NULL,'2023-05-18 17:45:53',1,0,NULL,NULL),(32853,'people',100000487,'container changed from \"1190\" to \"1190\";',7,NULL,'2023-05-18 17:45:53',NULL,NULL,NULL,NULL),(32854,'people',100000638,'volunteer',7,NULL,'2023-05-18 18:45:52',0,1,NULL,NULL),(32855,'people',100000638,'container changed from \"6854\" to \"6854\";',7,NULL,'2023-05-18 18:45:52',NULL,NULL,NULL,NULL),(32856,'people',100000550,'volunteer',6,NULL,'2023-05-18 19:45:51',0,1,NULL,NULL),(32857,'people',100000550,'container changed from \"9780\" to \"9780\";',6,NULL,'2023-05-18 19:45:51',NULL,NULL,NULL,NULL),(32858,'people',100000658,'volunteer',4,NULL,'2023-05-18 20:45:50',1,0,NULL,NULL),(32859,'people',100000658,'container changed from \"7337\" to \"7337\";',4,NULL,'2023-05-18 20:45:50',NULL,NULL,NULL,NULL),(32860,'people',100000541,'comments changed from \"Still focus.\" to \"Strategy age.\";',5,NULL,'2023-05-18 21:45:49',NULL,NULL,NULL,NULL),(32861,'people',100000541,'container changed from \"5807\" to \"5807\";',5,NULL,'2023-05-18 21:45:49',NULL,NULL,NULL,NULL),(32862,'people',100000722,'comments changed from \"\" to \"We onto democratic.\";',7,NULL,'2023-05-18 22:45:48',NULL,NULL,NULL,NULL),(32863,'people',100000722,'container changed from \"3780\" to \"3780\";',7,NULL,'2023-05-18 22:45:48',NULL,NULL,NULL,NULL),(32864,'people',100000767,'comments changed from \"\" to \"Task light firm low.\";',8,NULL,'2023-05-18 23:45:47',NULL,NULL,NULL,NULL),(32865,'people',100000767,'container changed from \"6854\" to \"6854\";',8,NULL,'2023-05-18 23:45:47',NULL,NULL,NULL,NULL),(32866,'people',100000573,'comments changed from \"Wind budget memory.\" to \"Beat half present.\";',7,NULL,'2023-05-19 00:45:46',NULL,NULL,NULL,NULL),(32867,'people',100000573,'container changed from \"9189\" to \"9189\";',7,NULL,'2023-05-19 00:45:46',NULL,NULL,NULL,NULL),(32868,'people',100000582,'comments changed from \"Wait interesting pick.\" to \"Past wait.\";',9,NULL,'2023-05-19 01:45:45',NULL,NULL,NULL,NULL),(32869,'people',100000582,'container changed from \"4679\" to \"4679\";',9,NULL,'2023-05-19 01:45:45',NULL,NULL,NULL,NULL),(32870,'people',100000762,'comments changed from \"\" to \"Republican time.\";',8,NULL,'2023-05-19 02:45:44',NULL,NULL,NULL,NULL),(32871,'people',100000762,'container changed from \"9132\" to \"9132\";',8,NULL,'2023-05-19 02:45:44',NULL,NULL,NULL,NULL),(32872,'people',100000738,'comments changed from \"\" to \"Star today let.\";',24,NULL,'2023-05-19 03:45:43',NULL,NULL,NULL,NULL),(32873,'people',100000738,'container changed from \"1392\" to \"1392\";',24,NULL,'2023-05-19 03:45:43',NULL,NULL,NULL,NULL),(32874,'people',100000562,'comments changed from \"Go I style.\" to \"Different investment.\";',3,NULL,'2023-05-19 04:45:42',NULL,NULL,NULL,NULL),(32875,'people',100000562,'container changed from \"6922\" to \"6922\";',3,NULL,'2023-05-19 04:45:42',NULL,NULL,NULL,NULL),(32876,'people',100000687,'comments changed from \"\" to \"Two both yes.\";',23,NULL,'2023-05-19 05:45:41',NULL,NULL,NULL,NULL),(32877,'people',100000687,'container changed from \"6854\" to \"6854\";',23,NULL,'2023-05-19 05:45:41',NULL,NULL,NULL,NULL),(32878,'people',100000712,'comments changed from \"\" to \"Dark music night.\";',5,NULL,'2023-05-19 06:45:40',NULL,NULL,NULL,NULL),(32879,'people',100000712,'container changed from \"7337\" to \"7337\";',5,NULL,'2023-05-19 06:45:40',NULL,NULL,NULL,NULL),(32880,'people',100000609,'comments changed from \"\" to \"Customer player late.\";',6,NULL,'2023-05-19 07:45:39',NULL,NULL,NULL,NULL),(32881,'people',100000609,'container changed from \"3780\" to \"3780\";',6,NULL,'2023-05-19 07:45:39',NULL,NULL,NULL,NULL),(32882,'people',100000776,'comments changed from \"\" to \"Nothing first.\";',25,NULL,'2023-05-19 08:45:38',NULL,NULL,NULL,NULL),(32883,'people',100000776,'container changed from \"9780\" to \"9780\";',25,NULL,'2023-05-19 08:45:38',NULL,NULL,NULL,NULL),(32884,'people',100000581,'comments changed from \"Environment student area.\" to \"Out radio fill.\";',3,NULL,'2023-05-19 09:45:37',NULL,NULL,NULL,NULL),(32885,'people',100000581,'container changed from \"9132\" to \"9132\";',3,NULL,'2023-05-19 09:45:37',NULL,NULL,NULL,NULL),(32886,'people',100000619,'comments changed from \"\" to \"Sell interview mention yard.\";',23,NULL,'2023-05-19 10:45:36',NULL,NULL,NULL,NULL),(32887,'people',100000619,'container changed from \"5807\" to \"5807\";',23,NULL,'2023-05-19 10:45:36',NULL,NULL,NULL,NULL),(32888,'people',100000737,'comments changed from \"\" to \"Radio treatment.\";',8,NULL,'2023-05-19 11:45:35',NULL,NULL,NULL,NULL),(32889,'people',100000737,'container changed from \"1347\" to \"1347\";',8,NULL,'2023-05-19 11:45:35',NULL,NULL,NULL,NULL),(32890,'people',100000629,'comments changed from \"\" to \"Effort high back.\";',8,NULL,'2023-05-19 12:45:34',NULL,NULL,NULL,NULL),(32891,'people',100000629,'container changed from \"6854\" to \"6854\";',8,NULL,'2023-05-19 12:45:34',NULL,NULL,NULL,NULL),(32892,'people',100000728,'comments changed from \"\" to \"Expert develop.\";',2,NULL,'2023-05-19 13:45:33',NULL,NULL,NULL,NULL),(32893,'people',100000728,'container changed from \"4763\" to \"4763\";',2,NULL,'2023-05-19 13:45:33',NULL,NULL,NULL,NULL),(32894,'people',100000617,'comments changed from \"\" to \"Type money should.\";',7,NULL,'2023-05-19 14:45:32',NULL,NULL,NULL,NULL),(32895,'people',100000617,'container changed from \"1347\" to \"1347\";',7,NULL,'2023-05-19 14:45:32',NULL,NULL,NULL,NULL),(32896,'people',100000661,'comments changed from \"\" to \"Individual detail tonight.\";',24,NULL,'2023-05-19 15:45:31',NULL,NULL,NULL,NULL),(32897,'people',100000661,'container changed from \"1802\" to \"1802\";',24,NULL,'2023-05-19 15:45:31',NULL,NULL,NULL,NULL),(32898,'people',100000608,'comments changed from \"\" to \"Other fire pass.\";',9,NULL,'2023-05-19 16:45:30',NULL,NULL,NULL,NULL),(32899,'people',100000608,'container changed from \"3780\" to \"3780\";',9,NULL,'2023-05-19 16:45:30',NULL,NULL,NULL,NULL),(32900,'people',100000555,'comments changed from \"Live nice collection.\" to \"Method civil.\";',2,NULL,'2023-05-19 17:45:29',NULL,NULL,NULL,NULL),(32901,'people',100000555,'container changed from \"1347\" to \"1347\";',2,NULL,'2023-05-19 17:45:29',NULL,NULL,NULL,NULL),(32902,'people',100000726,'comments changed from \"\" to \"To again memory.\";',4,NULL,'2023-05-19 18:45:28',NULL,NULL,NULL,NULL),(32903,'people',100000726,'container changed from \"1347\" to \"1347\";',4,NULL,'2023-05-19 18:45:28',NULL,NULL,NULL,NULL),(32904,'people',100000748,'comments changed from \"\" to \"Mr.\";',7,NULL,'2023-05-19 19:45:27',NULL,NULL,NULL,NULL),(32905,'people',100000748,'container changed from \"9132\" to \"9132\";',7,NULL,'2023-05-19 19:45:27',NULL,NULL,NULL,NULL),(32906,'people',100000560,'comments changed from \"Risk actually.\" to \"Staff suffer produce.\";',6,NULL,'2023-05-19 20:45:26',NULL,NULL,NULL,NULL),(32907,'people',100000560,'container changed from \"7422\" to \"7422\";',6,NULL,'2023-05-19 20:45:26',NULL,NULL,NULL,NULL),(32908,'people',100000669,'comments changed from \"\" to \"Meet visit people management.\";',7,NULL,'2023-05-19 21:45:25',NULL,NULL,NULL,NULL),(32909,'people',100000669,'container changed from \"1347\" to \"1347\";',7,NULL,'2023-05-19 21:45:25',NULL,NULL,NULL,NULL),(32910,'people',100000655,'comments changed from \"\" to \"Soldier.\";',2,NULL,'2023-05-19 22:45:24',NULL,NULL,NULL,NULL),(32911,'people',100000655,'container changed from \"1392\" to \"1392\";',2,NULL,'2023-05-19 22:45:24',NULL,NULL,NULL,NULL),(32912,'people',100000767,'comments changed from \"Task light firm low.\" to \"Produce meet as.\";',6,NULL,'2023-05-19 23:45:23',NULL,NULL,NULL,NULL),(32913,'people',100000767,'container changed from \"6854\" to \"6854\";',6,NULL,'2023-05-19 23:45:23',NULL,NULL,NULL,NULL),(32914,'people',100000559,'comments changed from \"Have.\" to \"Bring artist.\";',9,NULL,'2023-05-20 00:45:22',NULL,NULL,NULL,NULL),(32915,'people',100000559,'container changed from \"2402\" to \"2402\";',9,NULL,'2023-05-20 00:45:22',NULL,NULL,NULL,NULL),(32916,'people',100000583,'comments changed from \"Play.\" to \"Happy answer.\";',7,NULL,'2023-05-20 01:45:21',NULL,NULL,NULL,NULL),(32917,'people',100000583,'container changed from \"4679\" to \"4679\";',7,NULL,'2023-05-20 01:45:21',NULL,NULL,NULL,NULL),(32918,'people',100000621,'comments changed from \"\" to \"Suddenly this do.\";',25,NULL,'2023-05-20 02:45:20',NULL,NULL,NULL,NULL),(32919,'people',100000621,'container changed from \"2402\" to \"2402\";',25,NULL,'2023-05-20 02:45:20',NULL,NULL,NULL,NULL),(32920,'people',100000590,'comments changed from \"\" to \"Candidate reason star house.\";',23,NULL,'2023-05-20 03:45:19',NULL,NULL,NULL,NULL),(32921,'people',100000590,'container changed from \"7688\" to \"7688\";',23,NULL,'2023-05-20 03:45:19',NULL,NULL,NULL,NULL),(32922,'people',100000505,'comments changed from \"Ball seat push unit.\" to \"Clear.\";',8,NULL,'2023-05-20 04:45:18',NULL,NULL,NULL,NULL),(32923,'people',100000505,'container changed from \"3870\" to \"3870\";',8,NULL,'2023-05-20 04:45:18',NULL,NULL,NULL,NULL),(32924,'people',100000506,'comments changed from \"Yard low.\" to \"Attack team home.\";',23,NULL,'2023-05-20 05:45:17',NULL,NULL,NULL,NULL),(32925,'people',100000506,'container changed from \"7272\" to \"7272\";',23,NULL,'2023-05-20 05:45:17',NULL,NULL,NULL,NULL),(32926,'people',100000730,'comments changed from \"\" to \"Contain she game.\";',7,NULL,'2023-05-20 06:45:16',NULL,NULL,NULL,NULL),(32927,'people',100000730,'container changed from \"9780\" to \"9780\";',7,NULL,'2023-05-20 06:45:16',NULL,NULL,NULL,NULL),(32928,'people',100000695,'comments changed from \"\" to \"Few major amount.\";',8,NULL,'2023-05-20 07:45:15',NULL,NULL,NULL,NULL),(32929,'people',100000695,'container changed from \"3197\" to \"3197\";',8,NULL,'2023-05-20 07:45:15',NULL,NULL,NULL,NULL),(32930,'people',100000504,'comments changed from \"Down what media.\" to \"Too agree stuff.\";',2,NULL,'2023-05-20 08:45:14',NULL,NULL,NULL,NULL),(32931,'people',100000504,'container changed from \"4116\" to \"4116\";',2,NULL,'2023-05-20 08:45:14',NULL,NULL,NULL,NULL),(32932,'people',100000600,'comments changed from \"\" to \"Fire stand Republican.\";',23,NULL,'2023-05-20 09:45:13',NULL,NULL,NULL,NULL),(32933,'people',100000600,'container changed from \"9132\" to \"9132\";',23,NULL,'2023-05-20 09:45:13',NULL,NULL,NULL,NULL),(32934,'people',100000702,'comments changed from \"\" to \"Media former arm.\";',3,NULL,'2023-05-20 10:45:12',NULL,NULL,NULL,NULL),(32935,'people',100000702,'container changed from \"4679\" to \"4679\";',3,NULL,'2023-05-20 10:45:12',NULL,NULL,NULL,NULL),(32936,'people',100000567,'comments changed from \"Majority.\" to \"Particularly product theory build.\";',6,NULL,'2023-05-20 11:45:11',NULL,NULL,NULL,NULL),(32937,'people',100000567,'container changed from \"7688\" to \"7688\";',6,NULL,'2023-05-20 11:45:11',NULL,NULL,NULL,NULL),(32938,'people',100000598,'comments changed from \"\" to \"Radio walk quality choice.\";',9,NULL,'2023-05-20 12:45:10',NULL,NULL,NULL,NULL),(32939,'people',100000598,'container changed from \"8801\" to \"8801\";',9,NULL,'2023-05-20 12:45:10',NULL,NULL,NULL,NULL),(32940,'people',100000673,'comments changed from \"\" to \"Positive tree decision.\";',7,NULL,'2023-05-20 13:45:09',NULL,NULL,NULL,NULL),(32941,'people',100000673,'container changed from \"4763\" to \"4763\";',7,NULL,'2023-05-20 13:45:09',NULL,NULL,NULL,NULL),(32942,'people',100000784,'comments changed from \"\" to \"Beautiful look.\";',6,NULL,'2023-05-20 14:45:08',NULL,NULL,NULL,NULL),(32943,'people',100000784,'container changed from \"6854\" to \"6854\";',6,NULL,'2023-05-20 14:45:08',NULL,NULL,NULL,NULL),(32944,'people',100000713,'comments changed from \"\" to \"Weight public herself.\";',9,NULL,'2023-05-20 15:45:07',NULL,NULL,NULL,NULL),(32945,'people',100000713,'container changed from \"4763\" to \"4763\";',9,NULL,'2023-05-20 15:45:07',NULL,NULL,NULL,NULL),(32946,'people',100000772,'comments changed from \"\" to \"These fire.\";',6,NULL,'2023-05-20 16:45:06',NULL,NULL,NULL,NULL),(32947,'people',100000772,'container changed from \"7421\" to \"7421\";',6,NULL,'2023-05-20 16:45:06',NULL,NULL,NULL,NULL),(32948,'people',100000580,'comments changed from \"Group year such.\" to \"When easy every.\";',23,NULL,'2023-05-20 17:45:05',NULL,NULL,NULL,NULL),(32949,'people',100000580,'container changed from \"9132\" to \"9132\";',23,NULL,'2023-05-20 17:45:05',NULL,NULL,NULL,NULL),(32950,'people',100000765,'comments changed from \"\" to \"Different energy.\";',25,NULL,'2023-05-20 18:45:04',NULL,NULL,NULL,NULL),(32951,'people',100000765,'container changed from \"3780\" to \"3780\";',25,NULL,'2023-05-20 18:45:04',NULL,NULL,NULL,NULL),(32952,'people',100000549,'comments changed from \"Up money.\" to \"Understand machine allow.\";',6,NULL,'2023-05-20 19:45:03',NULL,NULL,NULL,NULL),(32953,'people',100000549,'container changed from \"6218\" to \"6218\";',6,NULL,'2023-05-20 19:45:03',NULL,NULL,NULL,NULL),(32954,'people',100000714,'comments changed from \"\" to \"Today thousand interest different.\";',8,NULL,'2023-05-20 20:45:02',NULL,NULL,NULL,NULL),(32955,'people',100000714,'container changed from \"8252\" to \"8252\";',8,NULL,'2023-05-20 20:45:02',NULL,NULL,NULL,NULL),(32956,'people',100000631,'comments changed from \"\" to \"But learn.\";',9,NULL,'2023-05-20 21:45:01',NULL,NULL,NULL,NULL),(32957,'people',100000631,'container changed from \"3197\" to \"3197\";',9,NULL,'2023-05-20 21:45:01',NULL,NULL,NULL,NULL),(32958,'people',100000710,'comments changed from \"\" to \"Individual.\";',6,NULL,'2023-05-20 22:45:00',NULL,NULL,NULL,NULL),(32959,'people',100000710,'container changed from \"6218\" to \"6218\";',6,NULL,'2023-05-20 22:45:00',NULL,NULL,NULL,NULL),(32960,'people',100000615,'comments changed from \"\" to \"Gun along.\";',25,NULL,'2023-05-20 23:44:59',NULL,NULL,NULL,NULL),(32961,'people',100000615,'container changed from \"9132\" to \"9132\";',25,NULL,'2023-05-20 23:44:59',NULL,NULL,NULL,NULL),(32962,'people',100000754,'comments changed from \"\" to \"Get include company.\";',3,NULL,'2023-05-21 00:44:58',NULL,NULL,NULL,NULL),(32963,'people',100000754,'container changed from \"4679\" to \"4679\";',3,NULL,'2023-05-21 00:44:58',NULL,NULL,NULL,NULL),(32964,'people',100000741,'comments changed from \"\" to \"Open attorney sense thought.\";',2,NULL,'2023-05-21 01:44:57',NULL,NULL,NULL,NULL),(32965,'people',100000741,'container changed from \"7421\" to \"7421\";',2,NULL,'2023-05-21 01:44:57',NULL,NULL,NULL,NULL),(32966,'people',100000658,'comments changed from \"\" to \"Various son lay pretty.\";',2,NULL,'2023-05-21 02:44:56',NULL,NULL,NULL,NULL),(32967,'people',100000658,'container changed from \"7337\" to \"7337\";',2,NULL,'2023-05-21 02:44:56',NULL,NULL,NULL,NULL),(32968,'people',100000540,'comments changed from \"Or money.\" to \"Pattern news.\";',8,NULL,'2023-05-21 03:44:55',NULL,NULL,NULL,NULL),(32969,'people',100000540,'container changed from \"5807\" to \"5807\";',8,NULL,'2023-05-21 03:44:55',NULL,NULL,NULL,NULL),(32970,'people',100000596,'comments changed from \"\" to \"Better safe begin.\";',8,NULL,'2023-05-21 04:44:54',NULL,NULL,NULL,NULL),(32971,'people',100000596,'container changed from \"6922\" to \"6922\";',8,NULL,'2023-05-21 04:44:54',NULL,NULL,NULL,NULL),(32972,'people',100000737,'comments changed from \"Radio treatment.\" to \"Training single.\";',9,NULL,'2023-05-21 05:44:53',NULL,NULL,NULL,NULL),(32973,'people',100000737,'container changed from \"1347\" to \"1347\";',9,NULL,'2023-05-21 05:44:53',NULL,NULL,NULL,NULL),(32974,'people',100000670,'comments changed from \"\" to \"Similar trial.\";',3,NULL,'2023-05-21 06:44:52',NULL,NULL,NULL,NULL),(32975,'people',100000670,'container changed from \"6218\" to \"6218\";',3,NULL,'2023-05-21 06:44:52',NULL,NULL,NULL,NULL),(32976,'people',100000703,'comments changed from \"\" to \"Start ten.\";',5,NULL,'2023-05-21 07:44:51',NULL,NULL,NULL,NULL),(32977,'people',100000703,'container changed from \"3197\" to \"3197\";',5,NULL,'2023-05-21 07:44:51',NULL,NULL,NULL,NULL),(32978,'people',100000769,'comments changed from \"\" to \"Your consider.\";',3,NULL,'2023-05-21 08:44:50',NULL,NULL,NULL,NULL),(32979,'people',100000769,'container changed from \"9189\" to \"9189\";',3,NULL,'2023-05-21 08:44:50',NULL,NULL,NULL,NULL),(32980,'people',100000620,'comments changed from \"\" to \"Over information you.\";',25,NULL,'2023-05-21 09:44:49',NULL,NULL,NULL,NULL),(32981,'people',100000620,'container changed from \"4763\" to \"4763\";',25,NULL,'2023-05-21 09:44:49',NULL,NULL,NULL,NULL),(32982,'people',100000587,'comments changed from \"\" to \"Know left.\";',7,NULL,'2023-05-21 10:44:48',NULL,NULL,NULL,NULL),(32983,'people',100000587,'container changed from \"3197\" to \"3197\";',7,NULL,'2023-05-21 10:44:48',NULL,NULL,NULL,NULL),(32984,'people',100000564,'comments changed from \"Meeting picture.\" to \"Another theory.\";',7,NULL,'2023-05-21 11:44:47',NULL,NULL,NULL,NULL),(32985,'people',100000564,'container changed from \"1392\" to \"1392\";',7,NULL,'2023-05-21 11:44:47',NULL,NULL,NULL,NULL),(32986,'people',100000679,'comments changed from \"\" to \"Include law.\";',5,NULL,'2023-05-21 12:44:46',NULL,NULL,NULL,NULL),(32987,'people',100000679,'container changed from \"7688\" to \"7688\";',5,NULL,'2023-05-21 12:44:46',NULL,NULL,NULL,NULL),(32988,'people',100000655,'comments changed from \"Soldier.\" to \"Value.\";',5,NULL,'2023-05-21 13:44:45',NULL,NULL,NULL,NULL),(32989,'people',100000655,'container changed from \"1392\" to \"1392\";',5,NULL,'2023-05-21 13:44:45',NULL,NULL,NULL,NULL),(32990,'people',100000520,'comments changed from \"Hair opportunity.\" to \"Option you.\";',4,NULL,'2023-05-21 14:44:44',NULL,NULL,NULL,NULL),(32991,'people',100000520,'container changed from \"2026\" to \"2026\";',4,NULL,'2023-05-21 14:44:44',NULL,NULL,NULL,NULL),(32992,'people',100000538,'comments changed from \"Imagine hot.\" to \"Simple.\";',24,NULL,'2023-05-21 15:44:43',NULL,NULL,NULL,NULL),(32993,'people',100000538,'container changed from \"7337\" to \"7337\";',24,NULL,'2023-05-21 15:44:43',NULL,NULL,NULL,NULL),(32994,'people',100000653,'comments changed from \"\" to \"Sense fly.\";',9,NULL,'2023-05-21 16:44:42',NULL,NULL,NULL,NULL),(32995,'people',100000653,'container changed from \"4763\" to \"4763\";',9,NULL,'2023-05-21 16:44:42',NULL,NULL,NULL,NULL),(32996,'people',100000631,'comments changed from \"But learn.\" to \"Small upon loss.\";',7,NULL,'2023-05-21 17:44:41',NULL,NULL,NULL,NULL),(32997,'people',100000631,'container changed from \"3197\" to \"3197\";',7,NULL,'2023-05-21 17:44:41',NULL,NULL,NULL,NULL),(32998,'people',100000494,'comments changed from \"Study in evening.\" to \"Since production half.\";',9,NULL,'2023-05-21 18:44:40',NULL,NULL,NULL,NULL),(32999,'people',100000494,'container changed from \"2268\" to \"2268\";',9,NULL,'2023-05-21 18:44:40',NULL,NULL,NULL,NULL),(33000,'people',100000580,'comments changed from \"When easy every.\" to \"Dark.\";',25,NULL,'2023-05-21 19:44:39',NULL,NULL,NULL,NULL),(33001,'people',100000580,'container changed from \"9132\" to \"9132\";',25,NULL,'2023-05-21 19:44:39',NULL,NULL,NULL,NULL),(33002,'people',100000515,'comments changed from \"Material career form.\" to \"Ok foot.\";',2,NULL,'2023-05-21 20:44:38',NULL,NULL,NULL,NULL),(33003,'people',100000515,'container changed from \"6372\" to \"6372\";',2,NULL,'2023-05-21 20:44:38',NULL,NULL,NULL,NULL),(33004,'people',100000557,'comments changed from \"Walk watch notice need.\" to \"Nearly impact.\";',2,NULL,'2023-05-21 21:44:37',NULL,NULL,NULL,NULL),(33005,'people',100000557,'container changed from \"7421\" to \"7421\";',2,NULL,'2023-05-21 21:44:37',NULL,NULL,NULL,NULL),(33006,'people',100000667,'comments changed from \"\" to \"Who note.\";',7,NULL,'2023-05-21 22:44:36',NULL,NULL,NULL,NULL),(33007,'people',100000667,'container changed from \"3780\" to \"3780\";',7,NULL,'2023-05-21 22:44:36',NULL,NULL,NULL,NULL),(33008,'people',100000693,'comments changed from \"\" to \"Million.\";',24,NULL,'2023-05-21 23:44:35',NULL,NULL,NULL,NULL),(33009,'people',100000693,'container changed from \"8490\" to \"8490\";',24,NULL,'2023-05-21 23:44:35',NULL,NULL,NULL,NULL),(33010,'people',100000500,'comments changed from \"Fly continue leader.\" to \"Oil tell.\";',3,NULL,'2023-05-22 00:44:34',NULL,NULL,NULL,NULL),(33011,'people',100000500,'container changed from \"6950\" to \"6950\";',3,NULL,'2023-05-22 00:44:34',NULL,NULL,NULL,NULL),(33012,'people',100000755,'comments changed from \"\" to \"Those might.\";',7,NULL,'2023-05-22 01:44:33',NULL,NULL,NULL,NULL),(33013,'people',100000755,'container changed from \"3197\" to \"3197\";',7,NULL,'2023-05-22 01:44:33',NULL,NULL,NULL,NULL),(33014,'people',100000734,'comments changed from \"\" to \"Explain parent always.\";',3,NULL,'2023-05-22 02:44:32',NULL,NULL,NULL,NULL),(33015,'people',100000734,'container changed from \"4643\" to \"4643\";',3,NULL,'2023-05-22 02:44:32',NULL,NULL,NULL,NULL),(33016,'people',100000701,'comments changed from \"\" to \"Exactly share at.\";',23,NULL,'2023-05-22 03:44:31',NULL,NULL,NULL,NULL),(33017,'people',100000701,'container changed from \"9780\" to \"9780\";',23,NULL,'2023-05-22 03:44:31',NULL,NULL,NULL,NULL),(33018,'people',100000591,'comments changed from \"\" to \"Provide two company.\";',4,NULL,'2023-05-22 04:44:30',NULL,NULL,NULL,NULL),(33019,'people',100000591,'container changed from \"8801\" to \"8801\";',4,NULL,'2023-05-22 04:44:30',NULL,NULL,NULL,NULL),(33020,'people',100000589,'comments changed from \"\" to \"With computer between.\";',24,NULL,'2023-05-22 05:44:29',NULL,NULL,NULL,NULL),(33021,'people',100000589,'container changed from \"7241\" to \"7241\";',24,NULL,'2023-05-22 05:44:29',NULL,NULL,NULL,NULL),(33022,'people',100000614,'comments changed from \"\" to \"Live compare gas sort.\";',9,NULL,'2023-05-22 06:44:28',NULL,NULL,NULL,NULL),(33023,'people',100000614,'container changed from \"1802\" to \"1802\";',9,NULL,'2023-05-22 06:44:28',NULL,NULL,NULL,NULL),(33024,'people',100000741,'comments changed from \"Open attorney sense thought.\" to \"Trial establish.\";',5,NULL,'2023-05-22 07:44:27',NULL,NULL,NULL,NULL),(33025,'people',100000741,'container changed from \"7421\" to \"7421\";',5,NULL,'2023-05-22 07:44:27',NULL,NULL,NULL,NULL),(33026,'people',100000509,'comments changed from \"Myself.\" to \"Would Republican nice.\";',2,NULL,'2023-05-22 08:44:26',NULL,NULL,NULL,NULL),(33027,'people',100000509,'container changed from \"4892\" to \"4892\";',2,NULL,'2023-05-22 08:44:26',NULL,NULL,NULL,NULL),(33028,'people',100000505,'comments changed from \"Clear.\" to \"Require relate doctor TV.\";',24,NULL,'2023-05-22 09:44:25',NULL,NULL,NULL,NULL),(33029,'people',100000505,'container changed from \"3870\" to \"3870\";',24,NULL,'2023-05-22 09:44:25',NULL,NULL,NULL,NULL),(33030,'people',100000716,'comments changed from \"\" to \"Relationship piece.\";',8,NULL,'2023-05-22 10:44:24',NULL,NULL,NULL,NULL),(33031,'people',100000716,'container changed from \"7241\" to \"7241\";',8,NULL,'2023-05-22 10:44:24',NULL,NULL,NULL,NULL),(33032,'people',100000671,'comments changed from \"\" to \"Next eye his.\";',7,NULL,'2023-05-22 11:44:23',NULL,NULL,NULL,NULL),(33033,'people',100000671,'container changed from \"3780\" to \"3780\";',7,NULL,'2023-05-22 11:44:23',NULL,NULL,NULL,NULL),(33034,'people',100000761,'comments changed from \"\" to \"Compare truth hand.\";',3,NULL,'2023-05-22 12:44:22',NULL,NULL,NULL,NULL),(33035,'people',100000761,'container changed from \"9189\" to \"9189\";',3,NULL,'2023-05-22 12:44:22',NULL,NULL,NULL,NULL),(33036,'people',100000771,'comments changed from \"\" to \"Land can box.\";',8,NULL,'2023-05-22 13:44:21',NULL,NULL,NULL,NULL),(33037,'people',100000771,'container changed from \"6922\" to \"6922\";',8,NULL,'2023-05-22 13:44:21',NULL,NULL,NULL,NULL),(33038,'people',100000615,'comments changed from \"Gun along.\" to \"Ago own build.\";',6,NULL,'2023-05-22 14:44:20',NULL,NULL,NULL,NULL),(33039,'people',100000615,'container changed from \"9132\" to \"9132\";',6,NULL,'2023-05-22 14:44:20',NULL,NULL,NULL,NULL),(33040,'people',100000750,'comments changed from \"\" to \"Good film.\";',23,NULL,'2023-05-22 15:44:19',NULL,NULL,NULL,NULL),(33041,'people',100000750,'container changed from \"3780\" to \"3780\";',23,NULL,'2023-05-22 15:44:19',NULL,NULL,NULL,NULL),(33042,'people',100000725,'comments changed from \"\" to \"Security idea.\";',5,NULL,'2023-05-22 16:44:18',NULL,NULL,NULL,NULL),(33043,'people',100000725,'container changed from \"9189\" to \"9189\";',5,NULL,'2023-05-22 16:44:18',NULL,NULL,NULL,NULL),(33044,'people',100000505,'comments changed from \"Require relate doctor TV.\" to \"Forward produce from.\";',8,NULL,'2023-05-22 17:44:17',NULL,NULL,NULL,NULL),(33045,'people',100000505,'container changed from \"3870\" to \"3870\";',8,NULL,'2023-05-22 17:44:17',NULL,NULL,NULL,NULL),(33046,'people',100000503,'comments changed from \"Maintain meet example.\" to \"Up note for.\";',9,NULL,'2023-05-22 18:44:16',NULL,NULL,NULL,NULL),(33047,'people',100000503,'container changed from \"3229\" to \"3229\";',9,NULL,'2023-05-22 18:44:16',NULL,NULL,NULL,NULL),(33048,'people',100000633,'comments changed from \"\" to \"From special sit.\";',8,NULL,'2023-05-22 19:44:15',NULL,NULL,NULL,NULL),(33049,'people',100000633,'container changed from \"6218\" to \"6218\";',8,NULL,'2023-05-22 19:44:15',NULL,NULL,NULL,NULL),(33050,'people',100000774,'comments changed from \"\" to \"Bill nothing.\";',23,NULL,'2023-05-22 20:44:14',NULL,NULL,NULL,NULL),(33051,'people',100000774,'container changed from \"7688\" to \"7688\";',23,NULL,'2023-05-22 20:44:14',NULL,NULL,NULL,NULL),(33052,'people',100000594,'comments changed from \"\" to \"Pick theory.\";',5,NULL,'2023-05-22 21:44:13',NULL,NULL,NULL,NULL),(33053,'people',100000594,'container changed from \"6922\" to \"6922\";',5,NULL,'2023-05-22 21:44:13',NULL,NULL,NULL,NULL),(33054,'people',100000725,'comments changed from \"Security idea.\" to \"Among.\";',2,NULL,'2023-05-22 22:44:12',NULL,NULL,NULL,NULL),(33055,'people',100000725,'container changed from \"9189\" to \"9189\";',2,NULL,'2023-05-22 22:44:12',NULL,NULL,NULL,NULL),(33056,'people',100000683,'comments changed from \"\" to \"Popular firm.\";',24,NULL,'2023-05-22 23:44:11',NULL,NULL,NULL,NULL),(33057,'people',100000683,'container changed from \"5378\" to \"5378\";',24,NULL,'2023-05-22 23:44:11',NULL,NULL,NULL,NULL),(33058,'people',100000534,'comments changed from \"Most I.\" to \"Relate together we.\";',5,NULL,'2023-05-23 00:44:10',NULL,NULL,NULL,NULL),(33059,'people',100000534,'container changed from \"7572\" to \"7572\";',5,NULL,'2023-05-23 00:44:10',NULL,NULL,NULL,NULL),(33060,'people',100000698,'comments changed from \"\" to \"Agent environmental dream.\";',4,NULL,'2023-05-23 01:44:09',NULL,NULL,NULL,NULL),(33061,'people',100000698,'container changed from \"9132\" to \"9132\";',4,NULL,'2023-05-23 01:44:09',NULL,NULL,NULL,NULL),(33062,'people',100000640,'comments changed from \"\" to \"Here.\";',6,NULL,'2023-05-23 02:44:08',NULL,NULL,NULL,NULL),(33063,'people',100000640,'container changed from \"3780\" to \"3780\";',6,NULL,'2023-05-23 02:44:08',NULL,NULL,NULL,NULL),(33064,'people',100000636,'comments changed from \"\" to \"Chair tree form.\";',4,NULL,'2023-05-23 03:44:07',NULL,NULL,NULL,NULL),(33065,'people',100000636,'container changed from \"7422\" to \"7422\";',4,NULL,'2023-05-23 03:44:07',NULL,NULL,NULL,NULL),(33066,'people',100000712,'comments changed from \"Dark music night.\" to \"Anyone detail agreement.\";',3,NULL,'2023-05-23 04:44:06',NULL,NULL,NULL,NULL),(33067,'people',100000712,'container changed from \"7337\" to \"7337\";',3,NULL,'2023-05-23 04:44:06',NULL,NULL,NULL,NULL),(33068,'people',100000776,'comments changed from \"Nothing first.\" to \"We pattern.\";',7,NULL,'2023-05-23 05:44:05',NULL,NULL,NULL,NULL),(33069,'people',100000776,'container changed from \"9780\" to \"9780\";',7,NULL,'2023-05-23 05:44:05',NULL,NULL,NULL,NULL),(33070,'people',100000612,'comments changed from \"\" to \"Too plan.\";',8,NULL,'2023-05-23 06:44:04',NULL,NULL,NULL,NULL),(33071,'people',100000612,'container changed from \"1392\" to \"1392\";',8,NULL,'2023-05-23 06:44:04',NULL,NULL,NULL,NULL),(33072,'people',100000667,'comments changed from \"Who note.\" to \"Face rich.\";',8,NULL,'2023-05-23 07:44:03',NULL,NULL,NULL,NULL),(33073,'people',100000667,'container changed from \"3780\" to \"3780\";',8,NULL,'2023-05-23 07:44:03',NULL,NULL,NULL,NULL),(33074,'people',100000581,'comments changed from \"Out radio fill.\" to \"Their develop.\";',8,NULL,'2023-05-23 08:44:02',NULL,NULL,NULL,NULL),(33075,'people',100000581,'container changed from \"9132\" to \"9132\";',8,NULL,'2023-05-23 08:44:02',NULL,NULL,NULL,NULL),(33076,'people',100000521,'comments changed from \"Exist moment.\" to \"Teach husband.\";',25,NULL,'2023-05-23 09:44:01',NULL,NULL,NULL,NULL),(33077,'people',100000521,'container changed from \"3936\" to \"3936\";',25,NULL,'2023-05-23 09:44:01',NULL,NULL,NULL,NULL),(33078,'people',100000651,'comments changed from \"\" to \"Across give.\";',23,NULL,'2023-05-23 10:44:00',NULL,NULL,NULL,NULL),(33079,'people',100000651,'container changed from \"3780\" to \"3780\";',23,NULL,'2023-05-23 10:44:00',NULL,NULL,NULL,NULL),(33080,'people',100000575,'comments changed from \"Three always drug senior.\" to \"Cultural billion.\";',24,NULL,'2023-05-23 11:43:59',NULL,NULL,NULL,NULL),(33081,'people',100000575,'container changed from \"3197\" to \"3197\";',24,NULL,'2023-05-23 11:43:59',NULL,NULL,NULL,NULL),(33082,'people',100000660,'comments changed from \"\" to \"Mouth road.\";',2,NULL,'2023-05-23 12:43:58',NULL,NULL,NULL,NULL),(33083,'people',100000660,'container changed from \"9189\" to \"9189\";',2,NULL,'2023-05-23 12:43:58',NULL,NULL,NULL,NULL),(33084,'people',100000531,'comments changed from \"Want.\" to \"Recently product.\";',2,NULL,'2023-05-23 13:43:57',NULL,NULL,NULL,NULL),(33085,'people',100000531,'container changed from \"4257\" to \"4257\";',2,NULL,'2023-05-23 13:43:57',NULL,NULL,NULL,NULL),(33086,'people',100000624,'comments changed from \"\" to \"Boy pretty teacher.\";',4,NULL,'2023-05-23 14:43:56',NULL,NULL,NULL,NULL),(33087,'people',100000624,'container changed from \"7421\" to \"7421\";',4,NULL,'2023-05-23 14:43:56',NULL,NULL,NULL,NULL),(33088,'people',100000527,'comments changed from \"Take himself.\" to \"Culture total parent teacher.\";',9,NULL,'2023-05-23 15:43:55',NULL,NULL,NULL,NULL),(33089,'people',100000527,'container changed from \"2414\" to \"2414\";',9,NULL,'2023-05-23 15:43:55',NULL,NULL,NULL,NULL),(33090,'people',100000614,'comments changed from \"Live compare gas sort.\" to \"Policy financial.\";',24,NULL,'2023-05-23 16:43:54',NULL,NULL,NULL,NULL),(33091,'people',100000614,'container changed from \"1802\" to \"1802\";',24,NULL,'2023-05-23 16:43:54',NULL,NULL,NULL,NULL),(33092,'people',100000493,'comments changed from \"Air energy.\" to \"Small sing.\";',6,NULL,'2023-05-23 17:43:53',NULL,NULL,NULL,NULL),(33093,'people',100000493,'container changed from \"5512\" to \"5512\";',6,NULL,'2023-05-23 17:43:53',NULL,NULL,NULL,NULL),(33094,'people',100000640,'comments changed from \"Here.\" to \"State color.\";',9,NULL,'2023-05-23 18:43:52',NULL,NULL,NULL,NULL),(33095,'people',100000640,'container changed from \"3780\" to \"3780\";',9,NULL,'2023-05-23 18:43:52',NULL,NULL,NULL,NULL),(33096,'people',100000727,'comments changed from \"\" to \"Beyond represent.\";',6,NULL,'2023-05-23 19:43:51',NULL,NULL,NULL,NULL),(33097,'people',100000727,'container changed from \"9189\" to \"9189\";',6,NULL,'2023-05-23 19:43:51',NULL,NULL,NULL,NULL),(33098,'people',100000695,'comments changed from \"Few major amount.\" to \"Treat as little.\";',8,NULL,'2023-05-23 20:43:50',NULL,NULL,NULL,NULL),(33099,'people',100000695,'container changed from \"3197\" to \"3197\";',8,NULL,'2023-05-23 20:43:50',NULL,NULL,NULL,NULL),(33100,'people',100000613,'comments changed from \"\" to \"Reach hold phone.\";',4,NULL,'2023-05-23 21:43:49',NULL,NULL,NULL,NULL),(33101,'people',100000613,'container changed from \"2402\" to \"2402\";',4,NULL,'2023-05-23 21:43:49',NULL,NULL,NULL,NULL),(33102,'people',100000767,'comments changed from \"Produce meet as.\" to \"Find kitchen.\";',5,NULL,'2023-05-23 22:43:48',NULL,NULL,NULL,NULL),(33103,'people',100000767,'container changed from \"6854\" to \"6854\";',5,NULL,'2023-05-23 22:43:48',NULL,NULL,NULL,NULL),(33104,'people',100000617,'comments changed from \"Type money should.\" to \"Sort true serve.\";',23,NULL,'2023-05-23 23:43:47',NULL,NULL,NULL,NULL),(33105,'people',100000617,'container changed from \"1347\" to \"1347\";',23,NULL,'2023-05-23 23:43:47',NULL,NULL,NULL,NULL),(33106,'people',100000614,'comments changed from \"Policy financial.\" to \"World should personal.\";',8,NULL,'2023-05-24 00:43:46',NULL,NULL,NULL,NULL),(33107,'people',100000614,'container changed from \"1802\" to \"1802\";',8,NULL,'2023-05-24 00:43:46',NULL,NULL,NULL,NULL),(33108,'people',100000522,'comments changed from \"Type need hope each.\" to \"Teacher allow.\";',5,NULL,'2023-05-24 01:43:45',NULL,NULL,NULL,NULL),(33109,'people',100000522,'container changed from \"2567\" to \"2567\";',5,NULL,'2023-05-24 01:43:45',NULL,NULL,NULL,NULL),(33110,'people',100000601,'comments changed from \"\" to \"Throw.\";',24,NULL,'2023-05-24 02:43:44',NULL,NULL,NULL,NULL),(33111,'people',100000601,'container changed from \"7241\" to \"7241\";',24,NULL,'2023-05-24 02:43:44',NULL,NULL,NULL,NULL),(33112,'people',100000779,'comments changed from \"\" to \"Explain cold although.\";',24,NULL,'2023-05-24 03:43:43',NULL,NULL,NULL,NULL),(33113,'people',100000779,'container changed from \"6922\" to \"6922\";',24,NULL,'2023-05-24 03:43:43',NULL,NULL,NULL,NULL),(33114,'people',100000576,'comments changed from \"Charge speech TV.\" to \"Which some trial.\";',6,NULL,'2023-05-24 04:43:42',NULL,NULL,NULL,NULL),(33115,'people',100000576,'container changed from \"4643\" to \"4643\";',6,NULL,'2023-05-24 04:43:42',NULL,NULL,NULL,NULL),(33116,'people',100000742,'comments changed from \"\" to \"Born nice.\";',3,NULL,'2023-05-24 05:43:41',NULL,NULL,NULL,NULL),(33117,'people',100000742,'container changed from \"7421\" to \"7421\";',3,NULL,'2023-05-24 05:43:41',NULL,NULL,NULL,NULL),(33118,'people',100000587,'comments changed from \"Know left.\" to \"Near key go.\";',7,NULL,'2023-05-24 06:43:40',NULL,NULL,NULL,NULL),(33119,'people',100000587,'container changed from \"3197\" to \"3197\";',7,NULL,'2023-05-24 06:43:40',NULL,NULL,NULL,NULL),(33120,'people',100000736,'comments changed from \"\" to \"Career save.\";',3,NULL,'2023-05-24 07:43:39',NULL,NULL,NULL,NULL),(33121,'people',100000736,'container changed from \"7688\" to \"7688\";',3,NULL,'2023-05-24 07:43:39',NULL,NULL,NULL,NULL),(33122,'people',100000731,'comments changed from \"\" to \"Money.\";',4,NULL,'2023-05-24 08:43:38',NULL,NULL,NULL,NULL),(33123,'people',100000731,'container changed from \"7422\" to \"7422\";',4,NULL,'2023-05-24 08:43:38',NULL,NULL,NULL,NULL),(33124,'people',100000513,'comments changed from \"Camera whom.\" to \"Find current.\";',5,NULL,'2023-05-24 09:43:37',NULL,NULL,NULL,NULL),(33125,'people',100000513,'container changed from \"1177\" to \"1177\";',5,NULL,'2023-05-24 09:43:37',NULL,NULL,NULL,NULL),(33126,'people',100000775,'comments changed from \"\" to \"Painting.\";',2,NULL,'2023-05-24 10:43:36',NULL,NULL,NULL,NULL),(33127,'people',100000775,'container changed from \"7421\" to \"7421\";',2,NULL,'2023-05-24 10:43:36',NULL,NULL,NULL,NULL),(33128,'people',100000740,'comments changed from \"\" to \"Upon maintain.\";',23,NULL,'2023-05-24 11:43:35',NULL,NULL,NULL,NULL),(33129,'people',100000740,'container changed from \"1392\" to \"1392\";',23,NULL,'2023-05-24 11:43:35',NULL,NULL,NULL,NULL),(33130,'people',100000552,'comments changed from \"Imagine mouth.\" to \"Thought big minute rest.\";',23,NULL,'2023-05-24 12:43:34',NULL,NULL,NULL,NULL),(33131,'people',100000552,'container changed from \"5378\" to \"5378\";',23,NULL,'2023-05-24 12:43:34',NULL,NULL,NULL,NULL),(33132,'people',100000519,'comments changed from \"Little sing outside improve.\" to \"Father tonight mother.\";',2,NULL,'2023-05-24 13:43:33',NULL,NULL,NULL,NULL),(33133,'people',100000519,'container changed from \"1487\" to \"1487\";',2,NULL,'2023-05-24 13:43:33',NULL,NULL,NULL,NULL),(33134,'people',100000511,'comments changed from \"Painting beat save give.\" to \"Garden part expert computer.\";',3,NULL,'2023-05-24 14:43:32',NULL,NULL,NULL,NULL),(33135,'people',100000511,'container changed from \"5181\" to \"5181\";',3,NULL,'2023-05-24 14:43:32',NULL,NULL,NULL,NULL),(33136,'people',100000673,'comments changed from \"Positive tree decision.\" to \"Bad civil recently worry.\";',5,NULL,'2023-05-24 15:43:31',NULL,NULL,NULL,NULL),(33137,'people',100000673,'container changed from \"4763\" to \"4763\";',5,NULL,'2023-05-24 15:43:31',NULL,NULL,NULL,NULL),(33138,'people',100000708,'comments changed from \"\" to \"Their wrong mission.\";',2,NULL,'2023-05-24 16:43:30',NULL,NULL,NULL,NULL),(33139,'people',100000708,'container changed from \"3197\" to \"3197\";',2,NULL,'2023-05-24 16:43:30',NULL,NULL,NULL,NULL),(33140,'people',100000648,'comments changed from \"\" to \"War player.\";',4,NULL,'2023-05-24 17:43:29',NULL,NULL,NULL,NULL),(33141,'people',100000648,'container changed from \"7422\" to \"7422\";',4,NULL,'2023-05-24 17:43:29',NULL,NULL,NULL,NULL),(33142,'people',100000617,'comments changed from \"Sort true serve.\" to \"Wind meeting drop.\";',25,NULL,'2023-05-24 18:43:28',NULL,NULL,NULL,NULL),(33143,'people',100000617,'container changed from \"1347\" to \"1347\";',25,NULL,'2023-05-24 18:43:28',NULL,NULL,NULL,NULL),(33144,'people',100000734,'comments changed from \"Explain parent always.\" to \"Woman figure natural.\";',6,NULL,'2023-05-24 19:43:27',NULL,NULL,NULL,NULL),(33145,'people',100000734,'container changed from \"4643\" to \"4643\";',6,NULL,'2023-05-24 19:43:27',NULL,NULL,NULL,NULL),(33146,'people',100000492,'comments changed from \"Animal.\" to \"True.\";',2,NULL,'2023-05-24 20:43:26',NULL,NULL,NULL,NULL),(33147,'people',100000492,'container changed from \"9593\" to \"9593\";',2,NULL,'2023-05-24 20:43:26',NULL,NULL,NULL,NULL),(33148,'people',100000510,'comments changed from \"Thought letter.\" to \"Religious.\";',8,NULL,'2023-05-24 21:43:25',NULL,NULL,NULL,NULL),(33149,'people',100000510,'container changed from \"8543\" to \"8543\";',8,NULL,'2023-05-24 21:43:25',NULL,NULL,NULL,NULL),(33150,'people',100000506,'comments changed from \"Attack team home.\" to \"Day eight policy.\";',7,NULL,'2023-05-24 22:43:24',NULL,NULL,NULL,NULL),(33151,'people',100000506,'container changed from \"7272\" to \"7272\";',7,NULL,'2023-05-24 22:43:24',NULL,NULL,NULL,NULL),(33152,'people',100000592,'comments changed from \"\" to \"Important base.\";',5,NULL,'2023-05-24 23:43:23',NULL,NULL,NULL,NULL),(33153,'people',100000592,'container changed from \"9189\" to \"9189\";',5,NULL,'2023-05-24 23:43:23',NULL,NULL,NULL,NULL),(33154,'people',100000769,'comments changed from \"Your consider.\" to \"Build debate.\";',23,NULL,'2023-05-25 00:43:22',NULL,NULL,NULL,NULL),(33155,'people',100000769,'container changed from \"9189\" to \"9189\";',23,NULL,'2023-05-25 00:43:22',NULL,NULL,NULL,NULL),(33156,'people',100000756,'comments changed from \"\" to \"Let since unit.\";',8,NULL,'2023-05-25 01:43:21',NULL,NULL,NULL,NULL),(33157,'people',100000756,'container changed from \"1802\" to \"1802\";',8,NULL,'2023-05-25 01:43:21',NULL,NULL,NULL,NULL),(33158,'people',100000585,'comments changed from \"Specific truth offer.\" to \"Everything drive author.\";',6,NULL,'2023-05-25 02:43:20',NULL,NULL,NULL,NULL),(33159,'people',100000585,'container changed from \"8801\" to \"8801\";',6,NULL,'2023-05-25 02:43:20',NULL,NULL,NULL,NULL),(33160,'people',100000544,'lastname changed from \"Foster\" to \"Fosterer\";',23,NULL,'2023-05-25 03:43:19',NULL,NULL,NULL,NULL),(33161,'people',100000544,'container changed from \"6854\" to \"6854\";',23,NULL,'2023-05-25 03:43:19',NULL,NULL,NULL,NULL),(33162,'people',100000574,'lastname changed from \"Clay\" to \"Clayer\";',23,NULL,'2023-05-25 04:43:18',NULL,NULL,NULL,NULL),(33163,'people',100000574,'container changed from \"3197\" to \"3197\";',23,NULL,'2023-05-25 04:43:18',NULL,NULL,NULL,NULL),(33164,'people',100000749,'lastname changed from \"Patterson\" to \"Pattersoner\";',3,NULL,'2023-05-25 05:43:17',NULL,NULL,NULL,NULL),(33165,'people',100000749,'container changed from \"9780\" to \"9780\";',3,NULL,'2023-05-25 05:43:17',NULL,NULL,NULL,NULL),(33166,'people',100000519,'lastname changed from \"Davis\" to \"Daviser\";',5,NULL,'2023-05-25 06:43:16',NULL,NULL,NULL,NULL),(33167,'people',100000519,'container changed from \"1487\" to \"1487\";',5,NULL,'2023-05-25 06:43:16',NULL,NULL,NULL,NULL),(33168,'people',100000550,'lastname changed from \"Patterson\" to \"Pattersoner\";',6,NULL,'2023-05-25 07:43:15',NULL,NULL,NULL,NULL),(33169,'people',100000550,'container changed from \"9780\" to \"9780\";',6,NULL,'2023-05-25 07:43:15',NULL,NULL,NULL,NULL),(33170,'people',100000535,'lastname changed from \"Suarez\" to \"Suarezer\";',23,NULL,'2023-05-25 08:43:14',NULL,NULL,NULL,NULL),(33171,'people',100000535,'container changed from \"4220\" to \"4220\";',23,NULL,'2023-05-25 08:43:14',NULL,NULL,NULL,NULL),(33172,'people',100000500,'lastname changed from \"Bullock\" to \"Bullocker\";',3,NULL,'2023-05-25 09:43:13',NULL,NULL,NULL,NULL),(33173,'people',100000500,'container changed from \"6950\" to \"6950\";',3,NULL,'2023-05-25 09:43:13',NULL,NULL,NULL,NULL),(33174,'people',100000521,'lastname changed from \"Hall\" to \"Haller\";',3,NULL,'2023-05-25 10:43:12',NULL,NULL,NULL,NULL),(33175,'people',100000521,'container changed from \"3936\" to \"3936\";',3,NULL,'2023-05-25 10:43:12',NULL,NULL,NULL,NULL),(33176,'people',100000757,'lastname changed from \"Steele\" to \"Steeleer\";',7,NULL,'2023-05-25 11:43:11',NULL,NULL,NULL,NULL),(33177,'people',100000757,'container changed from \"7337\" to \"7337\";',7,NULL,'2023-05-25 11:43:11',NULL,NULL,NULL,NULL),(33178,'people',100000697,'lastname changed from \"Olson\" to \"Olsoner\";',9,NULL,'2023-05-25 12:43:10',NULL,NULL,NULL,NULL),(33179,'people',100000697,'container changed from \"7421\" to \"7421\";',9,NULL,'2023-05-25 12:43:10',NULL,NULL,NULL,NULL),(33180,'people',100000553,'lastname changed from \"Jordan\" to \"Jordaner\";',6,NULL,'2023-05-25 13:43:09',NULL,NULL,NULL,NULL),(33181,'people',100000553,'container changed from \"5378\" to \"5378\";',6,NULL,'2023-05-25 13:43:09',NULL,NULL,NULL,NULL),(33182,'people',100000735,'lastname changed from \"Flowers\" to \"Flowerser\";',7,NULL,'2023-05-25 14:43:08',NULL,NULL,NULL,NULL),(33183,'people',100000735,'container changed from \"4679\" to \"4679\";',7,NULL,'2023-05-25 14:43:08',NULL,NULL,NULL,NULL),(33184,'people',100000657,'lastname changed from \"Robinson\" to \"Robinsoner\";',9,NULL,'2023-05-25 15:43:07',NULL,NULL,NULL,NULL),(33185,'people',100000657,'container changed from \"2402\" to \"2402\";',9,NULL,'2023-05-25 15:43:07',NULL,NULL,NULL,NULL),(33186,'people',100000740,'lastname changed from \"Lambert\" to \"Lamberter\";',3,NULL,'2023-05-25 16:43:06',NULL,NULL,NULL,NULL),(33187,'people',100000740,'container changed from \"1392\" to \"1392\";',3,NULL,'2023-05-25 16:43:06',NULL,NULL,NULL,NULL),(33188,'people',100000525,'lastname changed from \"Callahan\" to \"Callahaner\";',23,NULL,'2023-05-25 17:43:05',NULL,NULL,NULL,NULL),(33189,'people',100000525,'container changed from \"1295\" to \"1295\";',23,NULL,'2023-05-25 17:43:05',NULL,NULL,NULL,NULL),(33190,'people',100000486,'lastname changed from \"Copeland\" to \"Copelander\";',2,NULL,'2023-05-25 18:43:04',NULL,NULL,NULL,NULL),(33191,'people',100000486,'container changed from \"6591\" to \"6591\";',2,NULL,'2023-05-25 18:43:04',NULL,NULL,NULL,NULL),(33192,'people',100000727,'lastname changed from \"Brown\" to \"Browner\";',2,NULL,'2023-05-25 19:43:03',NULL,NULL,NULL,NULL),(33193,'people',100000727,'container changed from \"9189\" to \"9189\";',2,NULL,'2023-05-25 19:43:03',NULL,NULL,NULL,NULL),(33194,'people',100000599,'lastname changed from \"Olson\" to \"Olsoner\";',4,NULL,'2023-05-25 20:43:02',NULL,NULL,NULL,NULL),(33195,'people',100000599,'container changed from \"5807\" to \"5807\";',4,NULL,'2023-05-25 20:43:02',NULL,NULL,NULL,NULL),(33196,'people',100000744,'lastname changed from \"Jenkins\" to \"Jenkinser\";',2,NULL,'2023-05-25 21:43:01',NULL,NULL,NULL,NULL),(33197,'people',100000744,'container changed from \"6922\" to \"6922\";',2,NULL,'2023-05-25 21:43:01',NULL,NULL,NULL,NULL),(33198,'people',100000743,'lastname changed from \"Howard\" to \"Howarder\";',3,NULL,'2023-05-25 22:43:00',NULL,NULL,NULL,NULL),(33199,'people',100000743,'container changed from \"3780\" to \"3780\";',3,NULL,'2023-05-25 22:43:00',NULL,NULL,NULL,NULL),(33200,'people',100000657,'lastname changed from \"Robinsoner\" to \"Robinsonerer\";',25,NULL,'2023-05-25 23:42:59',NULL,NULL,NULL,NULL),(33201,'people',100000657,'container changed from \"2402\" to \"2402\";',25,NULL,'2023-05-25 23:42:59',NULL,NULL,NULL,NULL),(33202,'people',100000632,'lastname changed from \"Torres\" to \"Torreser\";',2,NULL,'2023-05-26 00:42:58',NULL,NULL,NULL,NULL),(33203,'people',100000632,'container changed from \"7688\" to \"7688\";',2,NULL,'2023-05-26 00:42:58',NULL,NULL,NULL,NULL),(33204,'people',100000631,'lastname changed from \"Clay\" to \"Clayer\";',9,NULL,'2023-05-26 01:42:57',NULL,NULL,NULL,NULL),(33205,'people',100000631,'container changed from \"3197\" to \"3197\";',9,NULL,'2023-05-26 01:42:57',NULL,NULL,NULL,NULL),(33206,'people',100000580,'lastname changed from \"Russell\" to \"Russeller\";',7,NULL,'2023-05-26 02:42:56',NULL,NULL,NULL,NULL),(33207,'people',100000580,'container changed from \"9132\" to \"9132\";',7,NULL,'2023-05-26 02:42:56',NULL,NULL,NULL,NULL),(33208,'people',100000614,'lastname changed from \"Morgan\" to \"Morganer\";',4,NULL,'2023-05-26 03:42:55',NULL,NULL,NULL,NULL),(33209,'people',100000614,'container changed from \"1802\" to \"1802\";',4,NULL,'2023-05-26 03:42:55',NULL,NULL,NULL,NULL),(33210,'people',100000694,'lastname changed from \"Howard\" to \"Howarder\";',25,NULL,'2023-05-26 04:42:54',NULL,NULL,NULL,NULL),(33211,'people',100000694,'container changed from \"3780\" to \"3780\";',25,NULL,'2023-05-26 04:42:54',NULL,NULL,NULL,NULL),(33212,'people',100000670,'lastname changed from \"Levine\" to \"Levineer\";',3,NULL,'2023-05-26 05:42:53',NULL,NULL,NULL,NULL),(33213,'people',100000670,'container changed from \"6218\" to \"6218\";',3,NULL,'2023-05-26 05:42:53',NULL,NULL,NULL,NULL),(33214,'people',100000740,'lastname changed from \"Lamberter\" to \"Lamberterer\";',4,NULL,'2023-05-26 06:42:52',NULL,NULL,NULL,NULL),(33215,'people',100000740,'container changed from \"1392\" to \"1392\";',4,NULL,'2023-05-26 06:42:52',NULL,NULL,NULL,NULL),(33216,'people',100000673,'lastname changed from \"Christian\" to \"Christianer\";',7,NULL,'2023-05-26 07:42:51',NULL,NULL,NULL,NULL),(33217,'people',100000673,'container changed from \"4763\" to \"4763\";',7,NULL,'2023-05-26 07:42:51',NULL,NULL,NULL,NULL),(33218,'people',100000554,'lastname changed from \"Ray\" to \"Rayer\";',25,NULL,'2023-05-26 08:42:50',NULL,NULL,NULL,NULL),(33219,'people',100000554,'container changed from \"1347\" to \"1347\";',25,NULL,'2023-05-26 08:42:50',NULL,NULL,NULL,NULL),(33220,'people',100000669,'lastname changed from \"Ray\" to \"Rayer\";',3,NULL,'2023-05-26 09:42:49',NULL,NULL,NULL,NULL),(33221,'people',100000669,'container changed from \"1347\" to \"1347\";',3,NULL,'2023-05-26 09:42:49',NULL,NULL,NULL,NULL),(33222,'people',100000625,'lastname changed from \"Morgan\" to \"Morganer\";',7,NULL,'2023-05-26 10:42:48',NULL,NULL,NULL,NULL),(33223,'people',100000625,'container changed from \"1802\" to \"1802\";',7,NULL,'2023-05-26 10:42:48',NULL,NULL,NULL,NULL),(33224,'people',100000678,'lastname changed from \"Jenkins\" to \"Jenkinser\";',2,NULL,'2023-05-26 11:42:47',NULL,NULL,NULL,NULL),(33225,'people',100000678,'container changed from \"6922\" to \"6922\";',2,NULL,'2023-05-26 11:42:47',NULL,NULL,NULL,NULL),(33226,'people',100000695,'lastname changed from \"Clay\" to \"Clayer\";',7,NULL,'2023-05-26 12:42:46',NULL,NULL,NULL,NULL),(33227,'people',100000695,'container changed from \"3197\" to \"3197\";',7,NULL,'2023-05-26 12:42:46',NULL,NULL,NULL,NULL),(33228,'people',100000549,'lastname changed from \"Harrison\" to \"Harrisoner\";',5,NULL,'2023-05-26 13:42:45',NULL,NULL,NULL,NULL),(33229,'people',100000549,'container changed from \"6218\" to \"6218\";',5,NULL,'2023-05-26 13:42:45',NULL,NULL,NULL,NULL),(33230,'people',100000599,'lastname changed from \"Olsoner\" to \"Olsonerer\";',24,NULL,'2023-05-26 14:42:44',NULL,NULL,NULL,NULL),(33231,'people',100000599,'container changed from \"5807\" to \"5807\";',24,NULL,'2023-05-26 14:42:44',NULL,NULL,NULL,NULL),(33232,'people',100000673,'lastname changed from \"Christianer\" to \"Christianerer\";',23,NULL,'2023-05-26 15:42:43',NULL,NULL,NULL,NULL),(33233,'people',100000673,'container changed from \"4763\" to \"4763\";',23,NULL,'2023-05-26 15:42:43',NULL,NULL,NULL,NULL),(33234,'people',100000760,'lastname changed from \"Mitchell\" to \"Mitcheller\";',8,NULL,'2023-05-26 16:42:42',NULL,NULL,NULL,NULL),(33235,'people',100000760,'container changed from \"7241\" to \"7241\";',8,NULL,'2023-05-26 16:42:42',NULL,NULL,NULL,NULL),(33236,'people',100000500,'lastname changed from \"Bullocker\" to \"Bullockerer\";',24,NULL,'2023-05-26 17:42:41',NULL,NULL,NULL,NULL),(33237,'people',100000500,'container changed from \"6950\" to \"6950\";',24,NULL,'2023-05-26 17:42:41',NULL,NULL,NULL,NULL),(33238,'people',100000734,'lastname changed from \"Andrade\" to \"Andradeer\";',23,NULL,'2023-05-26 18:42:40',NULL,NULL,NULL,NULL),(33239,'people',100000734,'container changed from \"4643\" to \"4643\";',23,NULL,'2023-05-26 18:42:40',NULL,NULL,NULL,NULL),(33240,'people',100000562,'lastname changed from \"Jenkins\" to \"Jenkinser\";',6,NULL,'2023-05-26 19:42:39',NULL,NULL,NULL,NULL),(33241,'people',100000562,'container changed from \"6922\" to \"6922\";',6,NULL,'2023-05-26 19:42:39',NULL,NULL,NULL,NULL),(33242,'people',100000489,'lastname changed from \"Hansen\" to \"Hansener\";',25,NULL,'2023-05-26 20:42:38',NULL,NULL,NULL,NULL),(33243,'people',100000489,'container changed from \"2629\" to \"2629\";',25,NULL,'2023-05-26 20:42:38',NULL,NULL,NULL,NULL),(33244,'people',100000705,'lastname changed from \"Morgan\" to \"Morganer\";',25,NULL,'2023-05-26 21:42:37',NULL,NULL,NULL,NULL),(33245,'people',100000705,'container changed from \"1802\" to \"1802\";',25,NULL,'2023-05-26 21:42:37',NULL,NULL,NULL,NULL),(33246,'people',100000752,'lastname changed from \"Ray\" to \"Rayer\";',25,NULL,'2023-05-26 22:42:36',NULL,NULL,NULL,NULL),(33247,'people',100000752,'container changed from \"1347\" to \"1347\";',25,NULL,'2023-05-26 22:42:36',NULL,NULL,NULL,NULL),(33248,'people',100000596,'lastname changed from \"Jenkins\" to \"Jenkinser\";',6,NULL,'2023-05-26 23:42:35',NULL,NULL,NULL,NULL),(33249,'people',100000596,'container changed from \"6922\" to \"6922\";',6,NULL,'2023-05-26 23:42:35',NULL,NULL,NULL,NULL),(33250,'people',100000552,'lastname changed from \"Lopez\" to \"Lopezer\";',2,NULL,'2023-05-27 00:42:34',NULL,NULL,NULL,NULL),(33251,'people',100000552,'container changed from \"5378\" to \"5378\";',2,NULL,'2023-05-27 00:42:34',NULL,NULL,NULL,NULL),(33252,'people',100000526,'lastname changed from \"Juarez\" to \"Juarezer\";',5,NULL,'2023-05-27 01:42:33',NULL,NULL,NULL,NULL),(33253,'people',100000526,'container changed from \"1221\" to \"1221\";',5,NULL,'2023-05-27 01:42:33',NULL,NULL,NULL,NULL),(33254,'people',100000498,'lastname changed from \"Wolf\" to \"Wolfer\";',4,NULL,'2023-05-27 02:42:32',NULL,NULL,NULL,NULL),(33255,'people',100000498,'container changed from \"6303\" to \"6303\";',4,NULL,'2023-05-27 02:42:32',NULL,NULL,NULL,NULL),(33256,'people',100000622,'lastname changed from \"Russell\" to \"Russeller\";',7,NULL,'2023-05-27 03:42:31',NULL,NULL,NULL,NULL),(33257,'people',100000622,'container changed from \"9132\" to \"9132\";',7,NULL,'2023-05-27 03:42:31',NULL,NULL,NULL,NULL),(33258,'people',100000519,'lastname changed from \"Daviser\" to \"Daviserer\";',4,NULL,'2023-05-27 04:42:30',NULL,NULL,NULL,NULL),(33259,'people',100000519,'container changed from \"1487\" to \"1487\";',4,NULL,'2023-05-27 04:42:30',NULL,NULL,NULL,NULL),(33260,'people',100000751,'lastname changed from \"Robinson\" to \"Robinsoner\";',2,NULL,'2023-05-27 05:42:29',NULL,NULL,NULL,NULL),(33261,'people',100000751,'container changed from \"2402\" to \"2402\";',2,NULL,'2023-05-27 05:42:29',NULL,NULL,NULL,NULL),(33262,'people',100000745,'lastname changed from \"Robinson\" to \"Robinsoner\";',7,NULL,'2023-05-27 06:42:28',NULL,NULL,NULL,NULL),(33263,'people',100000745,'container changed from \"2402\" to \"2402\";',7,NULL,'2023-05-27 06:42:28',NULL,NULL,NULL,NULL),(33264,'people',100000502,'lastname changed from \"Charles\" to \"Charleser\";',23,NULL,'2023-05-27 07:42:27',NULL,NULL,NULL,NULL),(33265,'people',100000502,'container changed from \"6443\" to \"6443\";',23,NULL,'2023-05-27 07:42:27',NULL,NULL,NULL,NULL),(33266,'people',100000557,'lastname changed from \"Nguyen\" to \"Nguyener\";',7,NULL,'2023-05-27 08:42:26',NULL,NULL,NULL,NULL),(33267,'people',100000557,'container changed from \"7421\" to \"7421\";',7,NULL,'2023-05-27 08:42:26',NULL,NULL,NULL,NULL),(33268,'people',100000627,'lastname changed from \"Flowers\" to \"Flowerser\";',5,NULL,'2023-05-27 09:42:25',NULL,NULL,NULL,NULL),(33269,'people',100000627,'container changed from \"4679\" to \"4679\";',5,NULL,'2023-05-27 09:42:25',NULL,NULL,NULL,NULL),(33270,'people',100000526,'lastname changed from \"Juarezer\" to \"Juarezerer\";',2,NULL,'2023-05-27 10:42:24',NULL,NULL,NULL,NULL),(33271,'people',100000526,'container changed from \"1221\" to \"1221\";',2,NULL,'2023-05-27 10:42:24',NULL,NULL,NULL,NULL),(33272,'people',100000620,'lastname changed from \"Christian\" to \"Christianer\";',5,NULL,'2023-05-27 11:42:23',NULL,NULL,NULL,NULL),(33273,'people',100000620,'container changed from \"4763\" to \"4763\";',5,NULL,'2023-05-27 11:42:23',NULL,NULL,NULL,NULL),(33274,'people',100000648,'lastname changed from \"Atkinson\" to \"Atkinsoner\";',23,NULL,'2023-05-27 12:42:22',NULL,NULL,NULL,NULL),(33275,'people',100000648,'container changed from \"7422\" to \"7422\";',23,NULL,'2023-05-27 12:42:22',NULL,NULL,NULL,NULL),(33276,'people',100000782,'lastname changed from \"Miller\" to \"Millerer\";',5,NULL,'2023-05-27 13:42:21',NULL,NULL,NULL,NULL),(33277,'people',100000782,'container changed from \"8490\" to \"8490\";',5,NULL,'2023-05-27 13:42:21',NULL,NULL,NULL,NULL),(33278,'people',100000624,'lastname changed from \"Olson\" to \"Olsoner\";',23,NULL,'2023-05-27 14:42:20',NULL,NULL,NULL,NULL),(33279,'people',100000624,'container changed from \"7421\" to \"7421\";',23,NULL,'2023-05-27 14:42:20',NULL,NULL,NULL,NULL),(33280,'people',100000501,'lastname changed from \"Peterson\" to \"Petersoner\";',6,NULL,'2023-05-27 15:42:19',NULL,NULL,NULL,NULL),(33281,'people',100000501,'container changed from \"3595\" to \"3595\";',6,NULL,'2023-05-27 15:42:19',NULL,NULL,NULL,NULL),(33282,'people',100000654,'lastname changed from \"Robinson\" to \"Robinsoner\";',8,NULL,'2023-05-27 16:42:18',NULL,NULL,NULL,NULL),(33283,'people',100000654,'container changed from \"2402\" to \"2402\";',8,NULL,'2023-05-27 16:42:18',NULL,NULL,NULL,NULL),(33284,'people',100000598,'lastname changed from \"Barnett\" to \"Barnetter\";',8,NULL,'2023-05-27 17:42:17',NULL,NULL,NULL,NULL),(33285,'people',100000598,'container changed from \"8801\" to \"8801\";',8,NULL,'2023-05-27 17:42:17',NULL,NULL,NULL,NULL),(33286,'people',100000735,'lastname changed from \"Flowerser\" to \"Flowerserer\";',5,NULL,'2023-05-27 18:42:16',NULL,NULL,NULL,NULL),(33287,'people',100000735,'container changed from \"4679\" to \"4679\";',5,NULL,'2023-05-27 18:42:16',NULL,NULL,NULL,NULL),(33288,'people',100000691,'lastname changed from \"Lopez\" to \"Lopezer\";',8,NULL,'2023-05-27 19:42:15',NULL,NULL,NULL,NULL),(33289,'people',100000691,'container changed from \"5378\" to \"5378\";',8,NULL,'2023-05-27 19:42:15',NULL,NULL,NULL,NULL),(33290,'people',100000590,'lastname changed from \"Torres\" to \"Torreser\";',2,NULL,'2023-05-27 20:42:14',NULL,NULL,NULL,NULL),(33291,'people',100000590,'container changed from \"7688\" to \"7688\";',2,NULL,'2023-05-27 20:42:14',NULL,NULL,NULL,NULL),(33292,'people',100000746,'lastname changed from \"Ray\" to \"Rayer\";',7,NULL,'2023-05-27 21:42:13',NULL,NULL,NULL,NULL),(33293,'people',100000746,'container changed from \"1347\" to \"1347\";',7,NULL,'2023-05-27 21:42:13',NULL,NULL,NULL,NULL),(33294,'people',100000618,'lastname changed from \"Jenkins\" to \"Jenkinser\";',9,NULL,'2023-05-27 22:42:12',NULL,NULL,NULL,NULL),(33295,'people',100000618,'container changed from \"6922\" to \"6922\";',9,NULL,'2023-05-27 22:42:12',NULL,NULL,NULL,NULL),(33296,'people',100000749,'lastname changed from \"Pattersoner\" to \"Pattersonerer\";',25,NULL,'2023-05-27 23:42:11',NULL,NULL,NULL,NULL),(33297,'people',100000749,'container changed from \"9780\" to \"9780\";',25,NULL,'2023-05-27 23:42:11',NULL,NULL,NULL,NULL),(33298,'people',100000610,'lastname changed from \"Lopez\" to \"Lopezer\";',9,NULL,'2023-05-28 00:42:10',NULL,NULL,NULL,NULL),(33299,'people',100000610,'container changed from \"5378\" to \"5378\";',9,NULL,'2023-05-28 00:42:10',NULL,NULL,NULL,NULL),(33300,'people',100000722,'lastname changed from \"Howard\" to \"Howarder\";',2,NULL,'2023-05-28 01:42:09',NULL,NULL,NULL,NULL),(33301,'people',100000722,'container changed from \"3780\" to \"3780\";',2,NULL,'2023-05-28 01:42:09',NULL,NULL,NULL,NULL),(33302,'people',100000543,'lastname changed from \"Wilson\" to \"Wilsoner\";',3,NULL,'2023-05-28 02:42:08',NULL,NULL,NULL,NULL),(33303,'people',100000543,'container changed from \"8252\" to \"8252\";',3,NULL,'2023-05-28 02:42:08',NULL,NULL,NULL,NULL),(33304,'people',100000518,'lastname changed from \"Tran\" to \"Traner\";',8,NULL,'2023-05-28 03:42:07',NULL,NULL,NULL,NULL),(33305,'people',100000518,'container changed from \"3568\" to \"3568\";',8,NULL,'2023-05-28 03:42:07',NULL,NULL,NULL,NULL),(33306,'people',100000766,'lastname changed from \"Flowers\" to \"Flowerser\";',6,NULL,'2023-05-28 04:42:06',NULL,NULL,NULL,NULL),(33307,'people',100000766,'container changed from \"4679\" to \"4679\";',6,NULL,'2023-05-28 04:42:06',NULL,NULL,NULL,NULL),(33308,'people',100000514,'lastname changed from \"May\" to \"Mayer\";',7,NULL,'2023-05-28 05:42:05',NULL,NULL,NULL,NULL),(33309,'people',100000514,'container changed from \"2358\" to \"2358\";',7,NULL,'2023-05-28 05:42:05',NULL,NULL,NULL,NULL),(33310,'people',100000744,'lastname changed from \"Jenkinser\" to \"Jenkinserer\";',23,NULL,'2023-05-28 06:42:04',NULL,NULL,NULL,NULL),(33311,'people',100000744,'container changed from \"6922\" to \"6922\";',23,NULL,'2023-05-28 06:42:04',NULL,NULL,NULL,NULL),(33312,'people',100000749,'lastname changed from \"Pattersonerer\" to \"Pattersonererer\";',4,NULL,'2023-05-28 07:42:03',NULL,NULL,NULL,NULL),(33313,'people',100000749,'container changed from \"9780\" to \"9780\";',4,NULL,'2023-05-28 07:42:03',NULL,NULL,NULL,NULL),(33314,'people',100000640,'lastname changed from \"Howard\" to \"Howarder\";',9,NULL,'2023-05-28 08:42:02',NULL,NULL,NULL,NULL),(33315,'people',100000640,'container changed from \"3780\" to \"3780\";',9,NULL,'2023-05-28 08:42:02',NULL,NULL,NULL,NULL),(33316,'people',100000743,'lastname changed from \"Howarder\" to \"Howarderer\";',24,NULL,'2023-05-28 09:42:01',NULL,NULL,NULL,NULL),(33317,'people',100000743,'container changed from \"3780\" to \"3780\";',24,NULL,'2023-05-28 09:42:01',NULL,NULL,NULL,NULL),(33318,'people',100000661,'lastname changed from \"Morgan\" to \"Morganer\";',24,NULL,'2023-05-28 10:42:00',NULL,NULL,NULL,NULL),(33319,'people',100000661,'container changed from \"1802\" to \"1802\";',24,NULL,'2023-05-28 10:42:00',NULL,NULL,NULL,NULL),(33320,'people',100000618,'lastname changed from \"Jenkinser\" to \"Jenkinserer\";',23,NULL,'2023-05-28 11:41:59',NULL,NULL,NULL,NULL),(33321,'people',100000618,'container changed from \"6922\" to \"6922\";',23,NULL,'2023-05-28 11:41:59',NULL,NULL,NULL,NULL),(33322,'people',100000679,'lastname changed from \"Torres\" to \"Torreser\";',9,NULL,'2023-05-28 12:41:58',NULL,NULL,NULL,NULL),(33323,'people',100000679,'container changed from \"7688\" to \"7688\";',9,NULL,'2023-05-28 12:41:58',NULL,NULL,NULL,NULL),(33324,'people',100000693,'lastname changed from \"Miller\" to \"Millerer\";',24,NULL,'2023-05-28 13:41:57',NULL,NULL,NULL,NULL),(33325,'people',100000693,'container changed from \"8490\" to \"8490\";',24,NULL,'2023-05-28 13:41:57',NULL,NULL,NULL,NULL),(33326,'people',100000532,'lastname changed from \"Anderson\" to \"Andersoner\";',25,NULL,'2023-05-28 14:41:56',NULL,NULL,NULL,NULL),(33327,'people',100000532,'container changed from \"6772\" to \"6772\";',25,NULL,'2023-05-28 14:41:56',NULL,NULL,NULL,NULL),(33328,'people',100000515,'lastname changed from \"Pham\" to \"Phamer\";',25,NULL,'2023-05-28 15:41:55',NULL,NULL,NULL,NULL),(33329,'people',100000515,'container changed from \"6372\" to \"6372\";',25,NULL,'2023-05-28 15:41:55',NULL,NULL,NULL,NULL),(33330,'people',100000521,'lastname changed from \"Haller\" to \"Hallerer\";',6,NULL,'2023-05-28 16:41:54',NULL,NULL,NULL,NULL),(33331,'people',100000521,'container changed from \"3936\" to \"3936\";',6,NULL,'2023-05-28 16:41:54',NULL,NULL,NULL,NULL),(33332,'people',100000701,'lastname changed from \"Patterson\" to \"Pattersoner\";',4,NULL,'2023-05-28 17:41:53',NULL,NULL,NULL,NULL),(33333,'people',100000701,'container changed from \"9780\" to \"9780\";',4,NULL,'2023-05-28 17:41:53',NULL,NULL,NULL,NULL),(33334,'people',100000763,'lastname changed from \"Levine\" to \"Levineer\";',25,NULL,'2023-05-28 18:41:52',NULL,NULL,NULL,NULL),(33335,'people',100000763,'container changed from \"6218\" to \"6218\";',25,NULL,'2023-05-28 18:41:52',NULL,NULL,NULL,NULL),(33336,'people',100000667,'lastname changed from \"Howard\" to \"Howarder\";',24,NULL,'2023-05-28 19:41:51',NULL,NULL,NULL,NULL),(33337,'people',100000667,'container changed from \"3780\" to \"3780\";',24,NULL,'2023-05-28 19:41:51',NULL,NULL,NULL,NULL),(33338,'people',100000656,'lastname changed from \"Andrade\" to \"Andradeer\";',9,NULL,'2023-05-28 20:41:50',NULL,NULL,NULL,NULL),(33339,'people',100000656,'container changed from \"4643\" to \"4643\";',9,NULL,'2023-05-28 20:41:50',NULL,NULL,NULL,NULL),(33340,'people',100000784,'lastname changed from \"Foster\" to \"Fosterer\";',24,NULL,'2023-05-28 21:41:49',NULL,NULL,NULL,NULL),(33341,'people',100000784,'container changed from \"6854\" to \"6854\";',24,NULL,'2023-05-28 21:41:49',NULL,NULL,NULL,NULL),(33342,'people',100000558,'lastname changed from \"Robinson\" to \"Robinsoner\";',24,NULL,'2023-05-28 22:41:48',NULL,NULL,NULL,NULL),(33343,'people',100000558,'container changed from \"2402\" to \"2402\";',24,NULL,'2023-05-28 22:41:48',NULL,NULL,NULL,NULL),(33344,'people',100000555,'lastname changed from \"Black\" to \"Blacker\";',8,NULL,'2023-05-28 23:41:47',NULL,NULL,NULL,NULL),(33345,'people',100000555,'container changed from \"1347\" to \"1347\";',8,NULL,'2023-05-28 23:41:47',NULL,NULL,NULL,NULL),(33346,'people',100000642,'lastname changed from \"Olson\" to \"Olsoner\";',9,NULL,'2023-05-29 00:41:46',NULL,NULL,NULL,NULL),(33347,'people',100000642,'container changed from \"5807\" to \"5807\";',9,NULL,'2023-05-29 00:41:46',NULL,NULL,NULL,NULL),(33348,'people',100000512,'lastname changed from \"Duncan\" to \"Duncaner\";',3,NULL,'2023-05-29 01:41:45',NULL,NULL,NULL,NULL),(33349,'people',100000512,'container changed from \"6317\" to \"6317\";',3,NULL,'2023-05-29 01:41:45',NULL,NULL,NULL,NULL),(33350,'people',100000678,'lastname changed from \"Jenkinser\" to \"Jenkinserer\";',5,NULL,'2023-05-29 02:41:44',NULL,NULL,NULL,NULL),(33351,'people',100000678,'container changed from \"6922\" to \"6922\";',5,NULL,'2023-05-29 02:41:44',NULL,NULL,NULL,NULL),(33352,'people',100000613,'lastname changed from \"Robinson\" to \"Robinsoner\";',23,NULL,'2023-05-29 03:41:43',NULL,NULL,NULL,NULL),(33353,'people',100000613,'container changed from \"2402\" to \"2402\";',23,NULL,'2023-05-29 03:41:43',NULL,NULL,NULL,NULL),(33354,'people',100000649,'lastname changed from \"Christian\" to \"Christianer\";',2,NULL,'2023-05-29 04:41:42',NULL,NULL,NULL,NULL),(33355,'people',100000649,'container changed from \"4763\" to \"4763\";',2,NULL,'2023-05-29 04:41:42',NULL,NULL,NULL,NULL),(33356,'people',100000509,'lastname changed from \"Allen\" to \"Allener\";',9,NULL,'2023-05-29 05:41:41',NULL,NULL,NULL,NULL),(33357,'people',100000509,'container changed from \"4892\" to \"4892\";',9,NULL,'2023-05-29 05:41:41',NULL,NULL,NULL,NULL),(33358,'people',100000654,'lastname changed from \"Robinsoner\" to \"Robinsonerer\";',9,NULL,'2023-05-29 06:41:40',NULL,NULL,NULL,NULL),(33359,'people',100000654,'container changed from \"2402\" to \"2402\";',9,NULL,'2023-05-29 06:41:40',NULL,NULL,NULL,NULL),(33360,'people',100000501,'lastname changed from \"Petersoner\" to \"Petersonerer\";',2,NULL,'2023-05-29 07:41:39',NULL,NULL,NULL,NULL),(33361,'people',100000501,'container changed from \"3595\" to \"3595\";',2,NULL,'2023-05-29 07:41:39',NULL,NULL,NULL,NULL),(33362,'people',100000641,'lastname changed from \"Lambert\" to \"Lamberter\";',7,NULL,'2023-05-29 08:41:38',NULL,NULL,NULL,NULL),(33363,'people',100000641,'container changed from \"1392\" to \"1392\";',7,NULL,'2023-05-29 08:41:38',NULL,NULL,NULL,NULL),(33364,'people',100000618,'lastname changed from \"Jenkinserer\" to \"Jenkinsererer\";',8,NULL,'2023-05-29 09:41:37',NULL,NULL,NULL,NULL),(33365,'people',100000618,'container changed from \"6922\" to \"6922\";',8,NULL,'2023-05-29 09:41:37',NULL,NULL,NULL,NULL),(33366,'people',100000691,'lastname changed from \"Lopezer\" to \"Lopezerer\";',9,NULL,'2023-05-29 10:41:36',NULL,NULL,NULL,NULL),(33367,'people',100000691,'container changed from \"5378\" to \"5378\";',9,NULL,'2023-05-29 10:41:36',NULL,NULL,NULL,NULL),(33368,'people',100000774,'lastname changed from \"Torres\" to \"Torreser\";',6,NULL,'2023-05-29 11:41:35',NULL,NULL,NULL,NULL),(33369,'people',100000774,'container changed from \"7688\" to \"7688\";',6,NULL,'2023-05-29 11:41:35',NULL,NULL,NULL,NULL),(33370,'people',100000541,'lastname changed from \"Torres\" to \"Torreser\";',3,NULL,'2023-05-29 12:41:34',NULL,NULL,NULL,NULL),(33371,'people',100000541,'container changed from \"5807\" to \"5807\";',3,NULL,'2023-05-29 12:41:34',NULL,NULL,NULL,NULL),(33372,'people',100000543,'lastname changed from \"Wilsoner\" to \"Wilsonerer\";',23,NULL,'2023-05-29 13:41:33',NULL,NULL,NULL,NULL),(33373,'people',100000543,'container changed from \"8252\" to \"8252\";',23,NULL,'2023-05-29 13:41:33',NULL,NULL,NULL,NULL),(33374,'people',100000614,'lastname changed from \"Morganer\" to \"Morganerer\";',4,NULL,'2023-05-29 14:41:32',NULL,NULL,NULL,NULL),(33375,'people',100000614,'container changed from \"1802\" to \"1802\";',4,NULL,'2023-05-29 14:41:32',NULL,NULL,NULL,NULL),(33376,'people',100000720,'lastname changed from \"Olson\" to \"Olsoner\";',5,NULL,'2023-05-29 15:41:31',NULL,NULL,NULL,NULL),(33377,'people',100000720,'container changed from \"5807\" to \"5807\";',5,NULL,'2023-05-29 15:41:31',NULL,NULL,NULL,NULL),(33378,'people',100000706,'lastname changed from \"Atkinson\" to \"Atkinsoner\";',25,NULL,'2023-05-29 16:41:30',NULL,NULL,NULL,NULL),(33379,'people',100000706,'container changed from \"7422\" to \"7422\";',25,NULL,'2023-05-29 16:41:30',NULL,NULL,NULL,NULL),(33380,'people',100000501,'lastname changed from \"Petersonerer\" to \"Petersonererer\";',7,NULL,'2023-05-29 17:41:29',NULL,NULL,NULL,NULL),(33381,'people',100000501,'container changed from \"3595\" to \"3595\";',7,NULL,'2023-05-29 17:41:29',NULL,NULL,NULL,NULL),(33382,'people',100000554,'lastname changed from \"Rayer\" to \"Rayerer\";',8,NULL,'2023-05-29 18:41:28',NULL,NULL,NULL,NULL),(33383,'people',100000554,'container changed from \"1347\" to \"1347\";',8,NULL,'2023-05-29 18:41:28',NULL,NULL,NULL,NULL),(33384,'people',100000697,'lastname changed from \"Olsoner\" to \"Olsonerer\";',5,NULL,'2023-05-29 19:41:27',NULL,NULL,NULL,NULL),(33385,'people',100000697,'container changed from \"7421\" to \"7421\";',5,NULL,'2023-05-29 19:41:27',NULL,NULL,NULL,NULL),(33386,'people',100000754,'lastname changed from \"Flowers\" to \"Flowerser\";',3,NULL,'2023-05-29 20:41:26',NULL,NULL,NULL,NULL),(33387,'people',100000754,'container changed from \"4679\" to \"4679\";',3,NULL,'2023-05-29 20:41:26',NULL,NULL,NULL,NULL),(33388,'people',100000698,'lastname changed from \"Russell\" to \"Russeller\";',3,NULL,'2023-05-29 21:41:25',NULL,NULL,NULL,NULL),(33389,'people',100000698,'container changed from \"9132\" to \"9132\";',3,NULL,'2023-05-29 21:41:25',NULL,NULL,NULL,NULL),(33390,'people',100000552,'lastname changed from \"Lopezer\" to \"Lopezerer\";',23,NULL,'2023-05-29 22:41:24',NULL,NULL,NULL,NULL),(33391,'people',100000552,'container changed from \"5378\" to \"5378\";',23,NULL,'2023-05-29 22:41:24',NULL,NULL,NULL,NULL),(33392,'people',100000505,'lastname changed from \"Adams\" to \"Adamser\";',2,NULL,'2023-05-29 23:41:23',NULL,NULL,NULL,NULL),(33393,'people',100000505,'container changed from \"3870\" to \"3870\";',2,NULL,'2023-05-29 23:41:23',NULL,NULL,NULL,NULL),(33394,'people',100000735,'lastname changed from \"Flowerserer\" to \"Flowersererer\";',4,NULL,'2023-05-30 00:41:22',NULL,NULL,NULL,NULL),(33395,'people',100000735,'container changed from \"4679\" to \"4679\";',4,NULL,'2023-05-30 00:41:22',NULL,NULL,NULL,NULL),(33396,'people',100000689,'lastname changed from \"Barnett\" to \"Barnetter\";',24,NULL,'2023-05-30 01:41:21',NULL,NULL,NULL,NULL),(33397,'people',100000689,'container changed from \"8801\" to \"8801\";',24,NULL,'2023-05-30 01:41:21',NULL,NULL,NULL,NULL),(33398,'people',100000518,'lastname changed from \"Traner\" to \"Tranerer\";',23,NULL,'2023-05-30 02:41:20',NULL,NULL,NULL,NULL),(33399,'people',100000518,'container changed from \"3568\" to \"3568\";',23,NULL,'2023-05-30 02:41:20',NULL,NULL,NULL,NULL),(33400,'people',100000489,'lastname changed from \"Hansener\" to \"Hansenerer\";',23,NULL,'2023-05-30 03:41:19',NULL,NULL,NULL,NULL),(33401,'people',100000489,'container changed from \"2629\" to \"2629\";',23,NULL,'2023-05-30 03:41:19',NULL,NULL,NULL,NULL),(33402,'people',100000680,'lastname changed from \"Barnett\" to \"Barnetter\";',4,NULL,'2023-05-30 04:41:18',NULL,NULL,NULL,NULL),(33403,'people',100000680,'container changed from \"8801\" to \"8801\";',4,NULL,'2023-05-30 04:41:18',NULL,NULL,NULL,NULL),(33404,'people',100000521,'lastname changed from \"Hallerer\" to \"Hallererer\";',24,NULL,'2023-05-30 05:41:17',NULL,NULL,NULL,NULL),(33405,'people',100000521,'container changed from \"3936\" to \"3936\";',24,NULL,'2023-05-30 05:41:17',NULL,NULL,NULL,NULL),(33406,'people',100000616,'lastname changed from \"Patterson\" to \"Pattersoner\";',6,NULL,'2023-05-30 06:41:16',NULL,NULL,NULL,NULL),(33407,'people',100000616,'container changed from \"9780\" to \"9780\";',6,NULL,'2023-05-30 06:41:16',NULL,NULL,NULL,NULL),(33408,'people',100000609,'lastname changed from \"Howard\" to \"Howarder\";',6,NULL,'2023-05-30 07:41:15',NULL,NULL,NULL,NULL),(33409,'people',100000609,'container changed from \"3780\" to \"3780\";',6,NULL,'2023-05-30 07:41:15',NULL,NULL,NULL,NULL),(33410,'people',100000640,'lastname changed from \"Howarder\" to \"Howarderer\";',8,NULL,'2023-05-30 08:41:14',NULL,NULL,NULL,NULL),(33411,'people',100000640,'container changed from \"3780\" to \"3780\";',8,NULL,'2023-05-30 08:41:14',NULL,NULL,NULL,NULL),(33412,'people',100000761,'lastname changed from \"Brown\" to \"Browner\";',2,NULL,'2023-05-30 09:41:13',NULL,NULL,NULL,NULL),(33413,'people',100000761,'container changed from \"9189\" to \"9189\";',2,NULL,'2023-05-30 09:41:13',NULL,NULL,NULL,NULL),(33414,'people',100000539,'lastname changed from \"Molina\" to \"Molinaer\";',2,NULL,'2023-05-30 10:41:12',NULL,NULL,NULL,NULL),(33415,'people',100000539,'container changed from \"7337\" to \"7337\";',2,NULL,'2023-05-30 10:41:12',NULL,NULL,NULL,NULL),(33416,'people',100000700,'lastname changed from \"Russell\" to \"Russeller\";',7,NULL,'2023-05-30 11:41:11',NULL,NULL,NULL,NULL),(33417,'people',100000700,'container changed from \"9132\" to \"9132\";',7,NULL,'2023-05-30 11:41:11',NULL,NULL,NULL,NULL),(33418,'people',100000615,'lastname changed from \"Russell\" to \"Russeller\";',5,NULL,'2023-05-30 12:41:10',NULL,NULL,NULL,NULL),(33419,'people',100000615,'container changed from \"9132\" to \"9132\";',5,NULL,'2023-05-30 12:41:10',NULL,NULL,NULL,NULL),(33420,'people',100000651,'lastname changed from \"Howard\" to \"Howarder\";',6,NULL,'2023-05-30 13:41:09',NULL,NULL,NULL,NULL),(33421,'people',100000651,'container changed from \"3780\" to \"3780\";',6,NULL,'2023-05-30 13:41:09',NULL,NULL,NULL,NULL),(33422,'people',100000587,'lastname changed from \"Clay\" to \"Clayer\";',9,NULL,'2023-05-30 14:41:08',NULL,NULL,NULL,NULL),(33423,'people',100000587,'container changed from \"3197\" to \"3197\";',9,NULL,'2023-05-30 14:41:08',NULL,NULL,NULL,NULL),(33424,'people',100000500,'lastname changed from \"Bullockerer\" to \"Bullockererer\";',8,NULL,'2023-05-30 15:41:07',NULL,NULL,NULL,NULL),(33425,'people',100000500,'container changed from \"6950\" to \"6950\";',8,NULL,'2023-05-30 15:41:07',NULL,NULL,NULL,NULL),(33426,'people',100000632,'lastname changed from \"Torreser\" to \"Torreserer\";',8,NULL,'2023-05-30 16:41:06',NULL,NULL,NULL,NULL),(33427,'people',100000632,'container changed from \"7688\" to \"7688\";',8,NULL,'2023-05-30 16:41:06',NULL,NULL,NULL,NULL),(33428,'people',100000510,'lastname changed from \"Sanders\" to \"Sanderser\";',4,NULL,'2023-05-30 17:41:05',NULL,NULL,NULL,NULL),(33429,'people',100000510,'container changed from \"8543\" to \"8543\";',4,NULL,'2023-05-30 17:41:05',NULL,NULL,NULL,NULL),(33430,'people',100000737,'lastname changed from \"Ray\" to \"Rayer\";',2,NULL,'2023-05-30 18:41:04',NULL,NULL,NULL,NULL),(33431,'people',100000737,'container changed from \"1347\" to \"1347\";',2,NULL,'2023-05-30 18:41:04',NULL,NULL,NULL,NULL),(33432,'people',100000501,'lastname changed from \"Petersonererer\" to \"Petersonerererer\";',4,NULL,'2023-05-30 19:41:03',NULL,NULL,NULL,NULL),(33433,'people',100000501,'container changed from \"3595\" to \"3595\";',4,NULL,'2023-05-30 19:41:03',NULL,NULL,NULL,NULL),(33434,'people',100000744,'lastname changed from \"Jenkinserer\" to \"Jenkinsererer\";',4,NULL,'2023-05-30 20:41:02',NULL,NULL,NULL,NULL),(33435,'people',100000744,'container changed from \"6922\" to \"6922\";',4,NULL,'2023-05-30 20:41:02',NULL,NULL,NULL,NULL),(33436,'people',100000524,'lastname changed from \"Martinez\" to \"Martinezer\";',3,NULL,'2023-05-30 21:41:01',NULL,NULL,NULL,NULL),(33437,'people',100000524,'container changed from \"7668\" to \"7668\";',3,NULL,'2023-05-30 21:41:01',NULL,NULL,NULL,NULL),(33438,'people',100000756,'lastname changed from \"Morgan\" to \"Morganer\";',8,NULL,'2023-05-30 22:41:00',NULL,NULL,NULL,NULL),(33439,'people',100000756,'container changed from \"1802\" to \"1802\";',8,NULL,'2023-05-30 22:41:00',NULL,NULL,NULL,NULL),(33440,'people',100000605,'lastname changed from \"Patterson\" to \"Pattersoner\";',2,NULL,'2023-05-30 23:40:59',NULL,NULL,NULL,NULL),(33441,'people',100000605,'container changed from \"9780\" to \"9780\";',2,NULL,'2023-05-30 23:40:59',NULL,NULL,NULL,NULL),(33442,'people',100000505,'lastname changed from \"Adamser\" to \"Adamserer\";',6,NULL,'2023-05-31 00:40:58',NULL,NULL,NULL,NULL),(33443,'people',100000505,'container changed from \"3870\" to \"3870\";',6,NULL,'2023-05-31 00:40:58',NULL,NULL,NULL,NULL),(33444,'people',100000762,'lastname changed from \"Russell\" to \"Russeller\";',23,NULL,'2023-05-31 01:40:57',NULL,NULL,NULL,NULL),(33445,'people',100000762,'container changed from \"9132\" to \"9132\";',23,NULL,'2023-05-31 01:40:57',NULL,NULL,NULL,NULL),(33446,'people',100000684,'lastname changed from \"Patterson\" to \"Pattersoner\";',7,NULL,'2023-05-31 02:40:56',NULL,NULL,NULL,NULL),(33447,'people',100000684,'container changed from \"9780\" to \"9780\";',7,NULL,'2023-05-31 02:40:56',NULL,NULL,NULL,NULL),(33448,'people',100000578,'lastname changed from \"Miller\" to \"Millerer\";',8,NULL,'2023-05-31 03:40:55',NULL,NULL,NULL,NULL),(33449,'people',100000578,'container changed from \"8490\" to \"8490\";',8,NULL,'2023-05-31 03:40:55',NULL,NULL,NULL,NULL),(33450,'people',100000727,'lastname changed from \"Browner\" to \"Brownerer\";',9,NULL,'2023-05-31 04:40:54',NULL,NULL,NULL,NULL),(33451,'people',100000727,'container changed from \"9189\" to \"9189\";',9,NULL,'2023-05-31 04:40:54',NULL,NULL,NULL,NULL),(33452,'people',100000633,'lastname changed from \"Levine\" to \"Levineer\";',7,NULL,'2023-05-31 05:40:53',NULL,NULL,NULL,NULL),(33453,'people',100000633,'container changed from \"6218\" to \"6218\";',7,NULL,'2023-05-31 05:40:53',NULL,NULL,NULL,NULL),(33454,'people',100000691,'lastname changed from \"Lopezerer\" to \"Lopezererer\";',24,NULL,'2023-05-31 06:40:52',NULL,NULL,NULL,NULL),(33455,'people',100000691,'container changed from \"5378\" to \"5378\";',24,NULL,'2023-05-31 06:40:52',NULL,NULL,NULL,NULL),(33456,'people',100000519,'lastname changed from \"Daviserer\" to \"Davisererer\";',25,NULL,'2023-05-31 07:40:51',NULL,NULL,NULL,NULL),(33457,'people',100000519,'container changed from \"1487\" to \"1487\";',25,NULL,'2023-05-31 07:40:51',NULL,NULL,NULL,NULL),(33458,'people',100000691,'lastname changed from \"Lopezererer\" to \"Lopezerererer\";',9,NULL,'2023-05-31 08:40:50',NULL,NULL,NULL,NULL),(33459,'people',100000691,'container changed from \"5378\" to \"5378\";',9,NULL,'2023-05-31 08:40:50',NULL,NULL,NULL,NULL),(33460,'people',100000655,'Record deleted',9,NULL,'2023-05-31 09:40:49',NULL,NULL,NULL,NULL),(33461,'people',100000514,'Record deleted',9,NULL,'2023-05-31 10:40:48',NULL,NULL,NULL,NULL),(33462,'people',100000674,'Record deleted',9,NULL,'2023-05-31 11:40:47',NULL,NULL,NULL,NULL),(33463,'people',100000571,'Record deleted',9,NULL,'2023-05-31 13:40:45',NULL,NULL,NULL,NULL),(33464,'people',100000589,'Record deleted',9,NULL,'2023-05-31 14:40:44',NULL,NULL,NULL,NULL),(33465,'people',100000601,'Record deleted',9,NULL,'2023-05-31 15:40:43',NULL,NULL,NULL,NULL),(33466,'people',100000634,'Record deleted',9,NULL,'2023-05-31 16:40:42',NULL,NULL,NULL,NULL),(33467,'people',100000645,'Record deleted',9,NULL,'2023-05-31 17:40:41',NULL,NULL,NULL,NULL),(33468,'people',100000716,'Record deleted',9,NULL,'2023-05-31 18:40:40',NULL,NULL,NULL,NULL),(33469,'people',100000759,'Record deleted',9,NULL,'2023-05-31 19:40:39',NULL,NULL,NULL,NULL),(33470,'people',100000760,'Record deleted',9,NULL,'2023-05-31 20:40:38',NULL,NULL,NULL,NULL),(33471,'people',100000777,'Record deleted',9,NULL,'2023-05-31 21:40:37',NULL,NULL,NULL,NULL),(33472,'people',100000570,'Record deleted',9,NULL,'2023-05-31 12:40:46',NULL,NULL,NULL,NULL),(33473,'people',100000587,'Record deleted',9,NULL,'2023-05-31 22:40:36',NULL,NULL,NULL,NULL),(33474,'people',100000644,'Record deleted',9,NULL,'2023-05-31 23:40:35',NULL,NULL,NULL,NULL),(33475,'people',100000529,'Record deleted',9,NULL,'2023-06-01 00:40:34',NULL,NULL,NULL,NULL),(33476,'people',100000487,'Record deleted',9,NULL,'2023-06-01 01:40:33',NULL,NULL,NULL,NULL),(33477,'people',100000710,'Record deleted',9,NULL,'2023-06-01 02:40:32',NULL,NULL,NULL,NULL),(33478,'people',100000786,'Record created',10,NULL,'2023-06-01 04:40:30',NULL,NULL,NULL,NULL),(33479,'people',100000787,'Record created',15,NULL,'2023-06-01 06:40:28',NULL,NULL,NULL,NULL),(33480,'people',100000788,'Record created',15,NULL,'2023-06-01 08:40:26',NULL,NULL,NULL,NULL),(33481,'people',100000789,'Record created',31,NULL,'2023-06-01 10:40:24',NULL,NULL,NULL,NULL),(33482,'people',100000790,'Record created',11,NULL,'2023-06-01 12:40:22',NULL,NULL,NULL,NULL),(33483,'people',100000791,'Record created',17,NULL,'2023-06-01 14:40:20',NULL,NULL,NULL,NULL),(33484,'people',100000792,'Record created',33,NULL,'2023-06-01 16:40:18',NULL,NULL,NULL,NULL),(33485,'people',100000793,'Record created',31,NULL,'2023-06-01 18:40:16',NULL,NULL,NULL,NULL),(33486,'people',100000794,'Record created',33,NULL,'2023-06-01 20:40:14',NULL,NULL,NULL,NULL),(33487,'people',100000795,'Record created',33,NULL,'2023-06-01 22:40:12',NULL,NULL,NULL,NULL),(33488,'people',100000796,'Record created',17,NULL,'2023-06-02 00:40:10',NULL,NULL,NULL,NULL),(33489,'people',100000797,'Record created',33,NULL,'2023-06-02 02:40:08',NULL,NULL,NULL,NULL),(33490,'people',100000798,'Record created',16,NULL,'2023-06-02 04:40:06',NULL,NULL,NULL,NULL),(33491,'people',100000799,'Record created',31,NULL,'2023-06-02 06:40:04',NULL,NULL,NULL,NULL),(33492,'people',100000800,'Record created',15,NULL,'2023-06-02 08:40:02',NULL,NULL,NULL,NULL),(33493,'people',100000801,'Record created',18,NULL,'2023-06-02 10:40:00',NULL,NULL,NULL,NULL),(33494,'people',100000802,'Record created',16,NULL,'2023-06-02 12:39:58',NULL,NULL,NULL,NULL),(33495,'people',100000803,'Record created',11,NULL,'2023-06-02 14:39:56',NULL,NULL,NULL,NULL),(33496,'people',100000804,'Record created',33,NULL,'2023-06-02 16:39:54',NULL,NULL,NULL,NULL),(33497,'people',100000805,'Record created',33,NULL,'2023-06-02 18:39:52',NULL,NULL,NULL,NULL),(33498,'people',100000806,'Record created',11,NULL,'2023-06-02 20:39:50',NULL,NULL,NULL,NULL),(33499,'people',100000807,'Record created',17,NULL,'2023-06-02 22:39:48',NULL,NULL,NULL,NULL),(33500,'people',100000808,'Record created',33,NULL,'2023-06-03 00:39:46',NULL,NULL,NULL,NULL),(33501,'people',100000809,'Record created',31,NULL,'2023-06-03 02:39:44',NULL,NULL,NULL,NULL),(33502,'people',100000810,'Record created',10,NULL,'2023-06-03 04:39:42',NULL,NULL,NULL,NULL),(33503,'people',100000811,'Record created',11,NULL,'2023-06-03 06:39:40',NULL,NULL,NULL,NULL),(33504,'people',100000812,'Record created',33,NULL,'2023-06-03 08:39:38',NULL,NULL,NULL,NULL),(33505,'people',100000813,'Record created',31,NULL,'2023-06-03 10:39:36',NULL,NULL,NULL,NULL),(33506,'people',100000814,'Record created',31,NULL,'2023-06-03 12:39:34',NULL,NULL,NULL,NULL),(33507,'people',100000815,'Record created',33,NULL,'2023-06-03 14:39:32',NULL,NULL,NULL,NULL),(33508,'people',100000816,'Record created',11,NULL,'2023-06-03 16:39:30',NULL,NULL,NULL,NULL),(33509,'people',100000817,'Record created',17,NULL,'2023-06-03 18:39:28',NULL,NULL,NULL,NULL),(33510,'people',100000818,'Record created',31,NULL,'2023-06-03 20:39:26',NULL,NULL,NULL,NULL),(33511,'people',100000819,'Record created',18,NULL,'2023-06-03 22:39:24',NULL,NULL,NULL,NULL),(33512,'people',100000820,'Record created',10,NULL,'2023-06-04 00:39:22',NULL,NULL,NULL,NULL),(33513,'people',100000821,'Record created',11,NULL,'2023-06-04 02:39:20',NULL,NULL,NULL,NULL),(33514,'people',100000822,'Record created',17,NULL,'2023-06-04 04:39:18',NULL,NULL,NULL,NULL),(33515,'people',100000823,'Record created',10,NULL,'2023-06-04 06:39:16',NULL,NULL,NULL,NULL),(33516,'people',100000824,'Record created',18,NULL,'2023-06-04 08:39:14',NULL,NULL,NULL,NULL),(33517,'people',100000825,'Record created',10,NULL,'2023-06-04 10:39:12',NULL,NULL,NULL,NULL),(33518,'people',100000826,'Record created',15,NULL,'2023-06-04 12:39:10',NULL,NULL,NULL,NULL),(33519,'people',100000827,'Record created',33,NULL,'2023-06-04 14:39:08',NULL,NULL,NULL,NULL),(33520,'people',100000828,'Record created',18,NULL,'2023-06-04 16:39:06',NULL,NULL,NULL,NULL),(33521,'people',100000829,'Record created',18,NULL,'2023-06-04 18:39:04',NULL,NULL,NULL,NULL),(33522,'people',100000830,'Record created',11,NULL,'2023-06-04 20:39:02',NULL,NULL,NULL,NULL),(33523,'people',100000831,'Record created',16,NULL,'2023-06-04 22:39:00',NULL,NULL,NULL,NULL),(33524,'people',100000832,'Record created',33,NULL,'2023-06-05 00:38:58',NULL,NULL,NULL,NULL),(33525,'people',100000833,'Record created',17,NULL,'2023-06-05 02:38:56',NULL,NULL,NULL,NULL),(33526,'people',100000834,'Record created',10,NULL,'2023-06-05 04:38:54',NULL,NULL,NULL,NULL),(33527,'people',100000835,'Record created',18,NULL,'2023-06-05 06:38:52',NULL,NULL,NULL,NULL),(33528,'people',100000836,'Record created',15,NULL,'2023-06-05 08:38:50',NULL,NULL,NULL,NULL),(33529,'people',100000837,'Record created',18,NULL,'2023-06-05 10:38:48',NULL,NULL,NULL,NULL),(33530,'people',100000838,'Record created',15,NULL,'2023-06-05 12:38:46',NULL,NULL,NULL,NULL),(33531,'people',100000839,'Record created',33,NULL,'2023-06-05 14:38:44',NULL,NULL,NULL,NULL),(33532,'people',100000840,'Record created',10,NULL,'2023-06-05 16:38:42',NULL,NULL,NULL,NULL),(33533,'people',100000841,'Record created',11,NULL,'2023-06-05 18:38:40',NULL,NULL,NULL,NULL),(33534,'people',100000842,'Record created',17,NULL,'2023-06-05 20:38:38',NULL,NULL,NULL,NULL),(33535,'people',100000843,'Record created',15,NULL,'2023-06-05 22:38:36',NULL,NULL,NULL,NULL),(33536,'people',100000844,'Record created',33,NULL,'2023-06-06 00:38:34',NULL,NULL,NULL,NULL),(33537,'people',100000845,'Record created',18,NULL,'2023-06-06 02:38:32',NULL,NULL,NULL,NULL),(33538,'people',100000846,'Record created',16,NULL,'2023-06-06 04:38:30',NULL,NULL,NULL,NULL),(33539,'people',100000847,'Record created',18,NULL,'2023-06-06 06:38:28',NULL,NULL,NULL,NULL),(33540,'people',100000848,'Record created',16,NULL,'2023-06-06 08:38:26',NULL,NULL,NULL,NULL),(33541,'people',100000849,'Record created',10,NULL,'2023-06-06 10:38:24',NULL,NULL,NULL,NULL),(33542,'people',100000850,'Record created',16,NULL,'2023-06-06 12:38:22',NULL,NULL,NULL,NULL),(33543,'people',100000851,'Record created',18,NULL,'2023-06-06 14:38:20',NULL,NULL,NULL,NULL),(33544,'people',100000852,'Record created',31,NULL,'2023-06-06 16:38:18',NULL,NULL,NULL,NULL),(33545,'people',100000853,'Record created',15,NULL,'2023-06-06 18:38:16',NULL,NULL,NULL,NULL),(33546,'people',100000854,'Record created',31,NULL,'2023-06-06 20:38:14',NULL,NULL,NULL,NULL),(33547,'people',100000855,'Record created',16,NULL,'2023-06-06 22:38:12',NULL,NULL,NULL,NULL),(33548,'people',100000856,'Record created',31,NULL,'2023-06-07 00:38:10',NULL,NULL,NULL,NULL),(33549,'people',100000857,'Record created',31,NULL,'2023-06-07 02:38:08',NULL,NULL,NULL,NULL),(33550,'people',100000858,'Record created',31,NULL,'2023-06-07 04:38:06',NULL,NULL,NULL,NULL),(33551,'people',100000859,'Record created',31,NULL,'2023-06-07 06:38:04',NULL,NULL,NULL,NULL),(33552,'people',100000860,'Record created',33,NULL,'2023-06-07 08:38:02',NULL,NULL,NULL,NULL),(33553,'people',100000861,'Record created',17,NULL,'2023-06-07 10:38:00',NULL,NULL,NULL,NULL),(33554,'people',100000862,'Record created',10,NULL,'2023-06-07 12:37:58',NULL,NULL,NULL,NULL),(33555,'people',100000863,'Record created',10,NULL,'2023-06-07 14:37:56',NULL,NULL,NULL,NULL),(33556,'people',100000864,'Record created',11,NULL,'2023-06-07 16:37:54',NULL,NULL,NULL,NULL),(33557,'people',100000865,'Record created',10,NULL,'2023-06-07 18:37:52',NULL,NULL,NULL,NULL),(33558,'people',100000811,'container changed from \"3136\" to \"3136\";',18,NULL,'2023-06-07 19:37:51',NULL,NULL,NULL,NULL),(33559,'people',100000853,'notregistered',16,NULL,'2023-06-07 20:37:50',1,0,NULL,NULL),(33560,'people',100000853,'container changed from \"3900\" to \"3900\";',16,NULL,'2023-06-07 20:37:50',NULL,NULL,NULL,NULL),(33561,'people',100000806,'container changed from \"8852\" to \"8852\";',16,NULL,'2023-06-07 21:37:49',NULL,NULL,NULL,NULL),(33562,'people',100000818,'notregistered',18,NULL,'2023-06-07 22:37:48',1,0,NULL,NULL),(33563,'people',100000818,'container changed from \"9866\" to \"9866\";',18,NULL,'2023-06-07 22:37:48',NULL,NULL,NULL,NULL),(33564,'people',100000844,'container changed from \"7089\" to \"7089\";',11,NULL,'2023-06-07 23:37:47',NULL,NULL,NULL,NULL),(33565,'people',100000795,'container changed from \"2780\" to \"2780\";',31,NULL,'2023-06-08 00:37:46',NULL,NULL,NULL,NULL),(33566,'people',100000812,'container changed from \"5618\" to \"5618\";',31,NULL,'2023-06-08 01:37:45',NULL,NULL,NULL,NULL),(33567,'people',100000794,'notregistered',17,NULL,'2023-06-08 02:37:44',1,0,NULL,NULL),(33568,'people',100000794,'container changed from \"3245\" to \"3245\";',17,NULL,'2023-06-08 02:37:44',NULL,NULL,NULL,NULL),(33569,'people',100000803,'container changed from \"5099\" to \"5099\";',16,NULL,'2023-06-08 03:37:43',NULL,NULL,NULL,NULL),(33570,'people',100000841,'container changed from \"1205\" to \"1205\";',33,NULL,'2023-06-08 04:37:42',NULL,NULL,NULL,NULL),(33571,'people',100000819,'container changed from \"9866\" to \"9866\";',10,NULL,'2023-06-08 05:37:41',NULL,NULL,NULL,NULL),(33572,'people',100000841,'container changed from \"1205\" to \"1205\";',15,NULL,'2023-06-08 06:37:40',NULL,NULL,NULL,NULL),(33573,'people',100000837,'container changed from \"9866\" to \"9866\";',17,NULL,'2023-06-08 07:37:39',NULL,NULL,NULL,NULL),(33574,'people',100000853,'container changed from \"3900\" to \"3900\";',15,NULL,'2023-06-08 08:37:38',NULL,NULL,NULL,NULL),(33575,'people',100000793,'notregistered',33,NULL,'2023-06-08 09:37:37',1,0,NULL,NULL),(33576,'people',100000793,'container changed from \"7276\" to \"7276\";',33,NULL,'2023-06-08 09:37:37',NULL,NULL,NULL,NULL),(33577,'people',100000834,'notregistered',11,NULL,'2023-06-08 10:37:36',1,0,NULL,NULL),(33578,'people',100000834,'container changed from \"4464\" to \"4464\";',11,NULL,'2023-06-08 10:37:36',NULL,NULL,NULL,NULL),(33579,'people',100000853,'container changed from \"3900\" to \"3900\";',11,NULL,'2023-06-08 11:37:35',NULL,NULL,NULL,NULL),(33580,'people',100000825,'notregistered',17,NULL,'2023-06-08 12:37:34',1,0,NULL,NULL),(33581,'people',100000825,'container changed from \"7453\" to \"7453\";',17,NULL,'2023-06-08 12:37:34',NULL,NULL,NULL,NULL),(33582,'people',100000816,'notregistered',31,NULL,'2023-06-08 13:37:33',1,0,NULL,NULL),(33583,'people',100000816,'container changed from \"7089\" to \"7089\";',31,NULL,'2023-06-08 13:37:33',NULL,NULL,NULL,NULL),(33584,'people',100000857,'notregistered',18,NULL,'2023-06-08 14:37:32',1,0,NULL,NULL),(33585,'people',100000857,'container changed from \"3136\" to \"3136\";',18,NULL,'2023-06-08 14:37:32',NULL,NULL,NULL,NULL),(33586,'people',100000817,'notregistered',11,NULL,'2023-06-08 15:37:31',1,0,NULL,NULL),(33587,'people',100000817,'container changed from \"7089\" to \"7089\";',11,NULL,'2023-06-08 15:37:31',NULL,NULL,NULL,NULL),(33588,'people',100000806,'container changed from \"8852\" to \"8852\";',15,NULL,'2023-06-08 16:37:30',NULL,NULL,NULL,NULL),(33589,'people',100000839,'notregistered',10,NULL,'2023-06-08 17:37:29',1,0,NULL,NULL),(33590,'people',100000839,'container changed from \"7089\" to \"7089\";',10,NULL,'2023-06-08 17:37:29',NULL,NULL,NULL,NULL),(33591,'people',100000787,'container changed from \"7908\" to \"7908\";',17,NULL,'2023-06-08 18:37:28',NULL,NULL,NULL,NULL),(33592,'people',100000859,'container changed from \"7453\" to \"7453\";',33,NULL,'2023-06-08 19:37:27',NULL,NULL,NULL,NULL),(33593,'people',100000797,'container changed from \"1542\" to \"1542\";',11,NULL,'2023-06-08 20:37:26',NULL,NULL,NULL,NULL),(33594,'people',100000804,'notregistered',18,NULL,'2023-06-08 21:37:25',1,0,NULL,NULL),(33595,'people',100000804,'container changed from \"9422\" to \"9422\";',18,NULL,'2023-06-08 21:37:25',NULL,NULL,NULL,NULL),(33596,'people',100000854,'container changed from \"3136\" to \"3136\";',11,NULL,'2023-06-08 22:37:24',NULL,NULL,NULL,NULL),(33597,'people',100000795,'container changed from \"2780\" to \"2780\";',17,NULL,'2023-06-08 23:37:23',NULL,NULL,NULL,NULL),(33598,'people',100000824,'notregistered',15,NULL,'2023-06-09 00:37:22',1,0,NULL,NULL),(33599,'people',100000824,'container changed from \"7453\" to \"7453\";',15,NULL,'2023-06-09 00:37:22',NULL,NULL,NULL,NULL),(33600,'people',100000865,'container changed from \"7089\" to \"7089\";',11,NULL,'2023-06-09 01:37:21',NULL,NULL,NULL,NULL),(33601,'people',100000805,'container changed from \"4385\" to \"4385\";',18,NULL,'2023-06-09 02:37:20',NULL,NULL,NULL,NULL),(33602,'people',100000801,'container changed from \"1110\" to \"1110\";',33,NULL,'2023-06-09 03:37:19',NULL,NULL,NULL,NULL),(33603,'people',100000863,'container changed from \"8599\" to \"8599\";',31,NULL,'2023-06-09 04:37:18',NULL,NULL,NULL,NULL),(33604,'people',100000862,'notregistered',33,NULL,'2023-06-09 05:37:17',1,0,NULL,NULL),(33605,'people',100000862,'container changed from \"7453\" to \"7453\";',33,NULL,'2023-06-09 05:37:17',NULL,NULL,NULL,NULL),(33606,'people',100000824,'container changed from \"7453\" to \"7453\";',17,NULL,'2023-06-09 06:37:16',NULL,NULL,NULL,NULL),(33607,'people',100000791,'container changed from \"2247\" to \"2247\";',11,NULL,'2023-06-09 07:37:15',NULL,NULL,NULL,NULL),(33608,'people',100000795,'container changed from \"2780\" to \"2780\";',18,NULL,'2023-06-09 08:37:14',NULL,NULL,NULL,NULL),(33609,'people',100000865,'container changed from \"7089\" to \"7089\";',16,NULL,'2023-06-09 09:37:13',NULL,NULL,NULL,NULL),(33610,'people',100000843,'notregistered',11,NULL,'2023-06-09 10:37:12',1,0,NULL,NULL),(33611,'people',100000843,'container changed from \"3136\" to \"3136\";',11,NULL,'2023-06-09 10:37:12',NULL,NULL,NULL,NULL),(33612,'people',100000827,'volunteer',31,NULL,'2023-06-09 11:37:11',0,1,NULL,NULL),(33613,'people',100000827,'container changed from \"1205\" to \"1205\";',31,NULL,'2023-06-09 11:37:11',NULL,NULL,NULL,NULL),(33614,'people',100000840,'volunteer',18,NULL,'2023-06-09 12:37:10',0,1,NULL,NULL),(33615,'people',100000840,'container changed from \"7089\" to \"7089\";',18,NULL,'2023-06-09 12:37:10',NULL,NULL,NULL,NULL),(33616,'people',100000812,'volunteer',17,NULL,'2023-06-09 13:37:09',0,1,NULL,NULL),(33617,'people',100000812,'container changed from \"5618\" to \"5618\";',17,NULL,'2023-06-09 13:37:09',NULL,NULL,NULL,NULL),(33618,'people',100000841,'volunteer',10,NULL,'2023-06-09 14:37:08',0,1,NULL,NULL),(33619,'people',100000841,'container changed from \"1205\" to \"1205\";',10,NULL,'2023-06-09 14:37:08',NULL,NULL,NULL,NULL),(33620,'people',100000820,'volunteer',15,NULL,'2023-06-09 15:37:07',1,0,NULL,NULL),(33621,'people',100000820,'container changed from \"3900\" to \"3900\";',15,NULL,'2023-06-09 15:37:07',NULL,NULL,NULL,NULL),(33622,'people',100000803,'volunteer',33,NULL,'2023-06-09 16:37:06',1,0,NULL,NULL),(33623,'people',100000803,'container changed from \"5099\" to \"5099\";',33,NULL,'2023-06-09 16:37:06',NULL,NULL,NULL,NULL),(33624,'people',100000838,'volunteer',33,NULL,'2023-06-09 17:37:05',0,1,NULL,NULL),(33625,'people',100000838,'container changed from \"8599\" to \"8599\";',33,NULL,'2023-06-09 17:37:05',NULL,NULL,NULL,NULL),(33626,'people',100000822,'volunteer',17,NULL,'2023-06-09 18:37:04',1,0,NULL,NULL),(33627,'people',100000822,'container changed from \"4464\" to \"4464\";',17,NULL,'2023-06-09 18:37:04',NULL,NULL,NULL,NULL),(33628,'people',100000848,'volunteer',33,NULL,'2023-06-09 19:37:03',0,1,NULL,NULL),(33629,'people',100000848,'container changed from \"5618\" to \"5618\";',33,NULL,'2023-06-09 19:37:03',NULL,NULL,NULL,NULL),(33630,'people',100000812,'volunteer',33,NULL,'2023-06-09 20:37:02',1,0,NULL,NULL),(33631,'people',100000812,'container changed from \"5618\" to \"5618\";',33,NULL,'2023-06-09 20:37:02',NULL,NULL,NULL,NULL),(33632,'people',100000805,'volunteer',16,NULL,'2023-06-09 21:37:01',1,0,NULL,NULL),(33633,'people',100000805,'container changed from \"4385\" to \"4385\";',16,NULL,'2023-06-09 21:37:01',NULL,NULL,NULL,NULL),(33634,'people',100000803,'volunteer',33,NULL,'2023-06-09 22:37:00',0,1,NULL,NULL),(33635,'people',100000803,'container changed from \"5099\" to \"5099\";',33,NULL,'2023-06-09 22:37:00',NULL,NULL,NULL,NULL),(33636,'people',100000805,'volunteer',11,NULL,'2023-06-09 23:36:59',0,1,NULL,NULL),(33637,'people',100000805,'container changed from \"4385\" to \"4385\";',11,NULL,'2023-06-09 23:36:59',NULL,NULL,NULL,NULL),(33638,'people',100000814,'volunteer',11,NULL,'2023-06-10 00:36:58',0,1,NULL,NULL),(33639,'people',100000814,'container changed from \"8599\" to \"8599\";',11,NULL,'2023-06-10 00:36:58',NULL,NULL,NULL,NULL),(33640,'people',100000811,'volunteer',17,NULL,'2023-06-10 01:36:57',1,0,NULL,NULL),(33641,'people',100000811,'container changed from \"3136\" to \"3136\";',17,NULL,'2023-06-10 01:36:57',NULL,NULL,NULL,NULL),(33642,'people',100000843,'volunteer',16,NULL,'2023-06-10 02:36:56',0,1,NULL,NULL),(33643,'people',100000843,'container changed from \"3136\" to \"3136\";',16,NULL,'2023-06-10 02:36:56',NULL,NULL,NULL,NULL),(33644,'people',100000792,'volunteer',31,NULL,'2023-06-10 03:36:55',0,1,NULL,NULL),(33645,'people',100000792,'container changed from \"7379\" to \"7379\";',31,NULL,'2023-06-10 03:36:55',NULL,NULL,NULL,NULL),(33646,'people',100000839,'volunteer',17,NULL,'2023-06-10 04:36:54',0,1,NULL,NULL),(33647,'people',100000839,'container changed from \"7089\" to \"7089\";',17,NULL,'2023-06-10 04:36:54',NULL,NULL,NULL,NULL),(33648,'people',100000835,'volunteer',18,NULL,'2023-06-10 05:36:53',0,1,NULL,NULL),(33649,'people',100000835,'container changed from \"9866\" to \"9866\";',18,NULL,'2023-06-10 05:36:53',NULL,NULL,NULL,NULL),(33650,'people',100000800,'volunteer',17,NULL,'2023-06-10 06:36:52',0,1,NULL,NULL),(33651,'people',100000800,'container changed from \"6806\" to \"6806\";',17,NULL,'2023-06-10 06:36:52',NULL,NULL,NULL,NULL),(33652,'people',100000798,'volunteer',33,NULL,'2023-06-10 07:36:51',0,1,NULL,NULL),(33653,'people',100000798,'container changed from \"2313\" to \"2313\";',33,NULL,'2023-06-10 07:36:51',NULL,NULL,NULL,NULL),(33654,'people',100000864,'volunteer',15,NULL,'2023-06-10 08:36:50',0,1,NULL,NULL),(33655,'people',100000864,'container changed from \"8599\" to \"8599\";',15,NULL,'2023-06-10 08:36:50',NULL,NULL,NULL,NULL),(33656,'people',100000844,'volunteer',17,NULL,'2023-06-10 09:36:49',0,1,NULL,NULL),(33657,'people',100000844,'container changed from \"7089\" to \"7089\";',17,NULL,'2023-06-10 09:36:49',NULL,NULL,NULL,NULL),(33658,'people',100000842,'volunteer',31,NULL,'2023-06-10 10:36:48',0,1,NULL,NULL),(33659,'people',100000842,'container changed from \"8599\" to \"8599\";',31,NULL,'2023-06-10 10:36:48',NULL,NULL,NULL,NULL),(33660,'people',100000830,'volunteer',17,NULL,'2023-06-10 11:36:47',0,1,NULL,NULL),(33661,'people',100000830,'container changed from \"4464\" to \"4464\";',17,NULL,'2023-06-10 11:36:47',NULL,NULL,NULL,NULL),(33662,'people',100000863,'volunteer',10,NULL,'2023-06-10 12:36:46',0,1,NULL,NULL),(33663,'people',100000863,'container changed from \"8599\" to \"8599\";',10,NULL,'2023-06-10 12:36:46',NULL,NULL,NULL,NULL),(33664,'people',100000836,'volunteer',31,NULL,'2023-06-10 13:36:45',0,1,NULL,NULL),(33665,'people',100000836,'container changed from \"4464\" to \"4464\";',31,NULL,'2023-06-10 13:36:45',NULL,NULL,NULL,NULL),(33666,'people',100000836,'volunteer',10,NULL,'2023-06-10 14:36:44',1,0,NULL,NULL),(33667,'people',100000836,'container changed from \"4464\" to \"4464\";',10,NULL,'2023-06-10 14:36:44',NULL,NULL,NULL,NULL),(33668,'people',100000787,'volunteer',31,NULL,'2023-06-10 15:36:43',0,1,NULL,NULL),(33669,'people',100000787,'container changed from \"7908\" to \"7908\";',31,NULL,'2023-06-10 15:36:43',NULL,NULL,NULL,NULL),(33670,'people',100000795,'volunteer',31,NULL,'2023-06-10 16:36:42',0,1,NULL,NULL),(33671,'people',100000795,'container changed from \"2780\" to \"2780\";',31,NULL,'2023-06-10 16:36:42',NULL,NULL,NULL,NULL),(33672,'people',100000800,'volunteer',18,NULL,'2023-06-10 17:36:41',1,0,NULL,NULL),(33673,'people',100000800,'container changed from \"6806\" to \"6806\";',18,NULL,'2023-06-10 17:36:41',NULL,NULL,NULL,NULL),(33674,'people',100000845,'volunteer',33,NULL,'2023-06-10 18:36:40',0,1,NULL,NULL),(33675,'people',100000845,'container changed from \"3136\" to \"3136\";',33,NULL,'2023-06-10 18:36:40',NULL,NULL,NULL,NULL),(33676,'people',100000796,'volunteer',15,NULL,'2023-06-10 19:36:39',1,0,NULL,NULL),(33677,'people',100000796,'container changed from \"3897\" to \"3897\";',15,NULL,'2023-06-10 19:36:39',NULL,NULL,NULL,NULL),(33678,'people',100000789,'volunteer',11,NULL,'2023-06-10 20:36:38',1,0,NULL,NULL),(33679,'people',100000789,'container changed from \"9257\" to \"9257\";',11,NULL,'2023-06-10 20:36:38',NULL,NULL,NULL,NULL),(33680,'people',100000860,'volunteer',15,NULL,'2023-06-10 21:36:37',0,1,NULL,NULL),(33681,'people',100000860,'container changed from \"3136\" to \"3136\";',15,NULL,'2023-06-10 21:36:37',NULL,NULL,NULL,NULL),(33682,'people',100000847,'volunteer',15,NULL,'2023-06-10 22:36:36',0,1,NULL,NULL),(33683,'people',100000847,'container changed from \"4464\" to \"4464\";',15,NULL,'2023-06-10 22:36:36',NULL,NULL,NULL,NULL),(33684,'people',100000856,'volunteer',33,NULL,'2023-06-10 23:36:35',0,1,NULL,NULL),(33685,'people',100000856,'container changed from \"8852\" to \"8852\";',33,NULL,'2023-06-10 23:36:35',NULL,NULL,NULL,NULL),(33686,'people',100000834,'volunteer',10,NULL,'2023-06-11 00:36:34',0,1,NULL,NULL),(33687,'people',100000834,'container changed from \"4464\" to \"4464\";',10,NULL,'2023-06-11 00:36:34',NULL,NULL,NULL,NULL),(33688,'people',100000844,'volunteer',16,NULL,'2023-06-11 01:36:33',1,0,NULL,NULL),(33689,'people',100000844,'container changed from \"7089\" to \"7089\";',16,NULL,'2023-06-11 01:36:33',NULL,NULL,NULL,NULL),(33690,'people',100000812,'volunteer',16,NULL,'2023-06-11 02:36:32',0,1,NULL,NULL),(33691,'people',100000812,'container changed from \"5618\" to \"5618\";',16,NULL,'2023-06-11 02:36:32',NULL,NULL,NULL,NULL),(33692,'people',100000788,'comments changed from \"Special alone.\" to \"Production little.\";',17,NULL,'2023-06-11 03:36:31',NULL,NULL,NULL,NULL),(33693,'people',100000788,'container changed from \"7193\" to \"7193\";',17,NULL,'2023-06-11 03:36:31',NULL,NULL,NULL,NULL),(33694,'people',100000796,'comments changed from \"Value.\" to \"Word.\";',11,NULL,'2023-06-11 04:36:30',NULL,NULL,NULL,NULL),(33695,'people',100000796,'container changed from \"3897\" to \"3897\";',11,NULL,'2023-06-11 04:36:30',NULL,NULL,NULL,NULL),(33696,'people',100000802,'comments changed from \"Information tree your.\" to \"Beautiful attorney tree.\";',17,NULL,'2023-06-11 05:36:29',NULL,NULL,NULL,NULL),(33697,'people',100000802,'container changed from \"4661\" to \"4661\";',17,NULL,'2023-06-11 05:36:29',NULL,NULL,NULL,NULL),(33698,'people',100000862,'comments changed from \"\" to \"Hold official.\";',33,NULL,'2023-06-11 06:36:28',NULL,NULL,NULL,NULL),(33699,'people',100000862,'container changed from \"7453\" to \"7453\";',33,NULL,'2023-06-11 06:36:28',NULL,NULL,NULL,NULL),(33700,'people',100000807,'comments changed from \"Five full just.\" to \"Analysis field.\";',15,NULL,'2023-06-11 07:36:27',NULL,NULL,NULL,NULL),(33701,'people',100000807,'container changed from \"8852\" to \"8852\";',15,NULL,'2023-06-11 07:36:27',NULL,NULL,NULL,NULL),(33702,'people',100000820,'comments changed from \"Lay including onto.\" to \"This someone enough.\";',18,NULL,'2023-06-11 08:36:26',NULL,NULL,NULL,NULL),(33703,'people',100000820,'container changed from \"3900\" to \"3900\";',18,NULL,'2023-06-11 08:36:26',NULL,NULL,NULL,NULL),(33704,'people',100000840,'comments changed from \"\" to \"Second wife.\";',11,NULL,'2023-06-11 09:36:25',NULL,NULL,NULL,NULL),(33705,'people',100000840,'container changed from \"7089\" to \"7089\";',11,NULL,'2023-06-11 09:36:25',NULL,NULL,NULL,NULL),(33706,'people',100000849,'comments changed from \"\" to \"Mind know ten.\";',17,NULL,'2023-06-11 10:36:24',NULL,NULL,NULL,NULL),(33707,'people',100000849,'container changed from \"1205\" to \"1205\";',17,NULL,'2023-06-11 10:36:24',NULL,NULL,NULL,NULL),(33708,'people',100000817,'comments changed from \"Throw drive nice.\" to \"Model beautiful across allow.\";',17,NULL,'2023-06-11 11:36:23',NULL,NULL,NULL,NULL),(33709,'people',100000817,'container changed from \"7089\" to \"7089\";',17,NULL,'2023-06-11 11:36:23',NULL,NULL,NULL,NULL),(33710,'people',100000812,'comments changed from \"Community which fast.\" to \"Sell today chair.\";',16,NULL,'2023-06-11 12:36:22',NULL,NULL,NULL,NULL),(33711,'people',100000812,'container changed from \"5618\" to \"5618\";',16,NULL,'2023-06-11 12:36:22',NULL,NULL,NULL,NULL),(33712,'people',100000839,'comments changed from \"\" to \"Kitchen there.\";',17,NULL,'2023-06-11 13:36:21',NULL,NULL,NULL,NULL),(33713,'people',100000839,'container changed from \"7089\" to \"7089\";',17,NULL,'2023-06-11 13:36:21',NULL,NULL,NULL,NULL),(33714,'people',100000813,'comments changed from \"System box.\" to \"Position image.\";',15,NULL,'2023-06-11 14:36:20',NULL,NULL,NULL,NULL),(33715,'people',100000813,'container changed from \"5618\" to \"5618\";',15,NULL,'2023-06-11 14:36:20',NULL,NULL,NULL,NULL),(33716,'people',100000818,'comments changed from \"One great expert.\" to \"Effect upon tend.\";',11,NULL,'2023-06-11 15:36:19',NULL,NULL,NULL,NULL),(33717,'people',100000818,'container changed from \"9866\" to \"9866\";',11,NULL,'2023-06-11 15:36:19',NULL,NULL,NULL,NULL),(33718,'people',100000787,'comments changed from \"Or west.\" to \"Pretty single.\";',18,NULL,'2023-06-11 16:36:18',NULL,NULL,NULL,NULL),(33719,'people',100000787,'container changed from \"7908\" to \"7908\";',18,NULL,'2023-06-11 16:36:18',NULL,NULL,NULL,NULL),(33720,'people',100000794,'comments changed from \"Conference whether hot.\" to \"Over organization perform.\";',18,NULL,'2023-06-11 17:36:17',NULL,NULL,NULL,NULL),(33721,'people',100000794,'container changed from \"3245\" to \"3245\";',18,NULL,'2023-06-11 17:36:17',NULL,NULL,NULL,NULL),(33722,'people',100000865,'comments changed from \"\" to \"Information power show.\";',10,NULL,'2023-06-11 18:36:16',NULL,NULL,NULL,NULL),(33723,'people',100000865,'container changed from \"7089\" to \"7089\";',10,NULL,'2023-06-11 18:36:16',NULL,NULL,NULL,NULL),(33724,'people',100000815,'comments changed from \"Heavy cell himself.\" to \"Brother.\";',16,NULL,'2023-06-11 19:36:15',NULL,NULL,NULL,NULL),(33725,'people',100000815,'container changed from \"8599\" to \"8599\";',16,NULL,'2023-06-11 19:36:15',NULL,NULL,NULL,NULL),(33726,'people',100000812,'comments changed from \"Sell today chair.\" to \"South popular.\";',11,NULL,'2023-06-11 20:36:14',NULL,NULL,NULL,NULL),(33727,'people',100000812,'container changed from \"5618\" to \"5618\";',11,NULL,'2023-06-11 20:36:14',NULL,NULL,NULL,NULL),(33728,'people',100000840,'comments changed from \"Second wife.\" to \"All decade sense worker.\";',33,NULL,'2023-06-11 21:36:13',NULL,NULL,NULL,NULL),(33729,'people',100000840,'container changed from \"7089\" to \"7089\";',33,NULL,'2023-06-11 21:36:13',NULL,NULL,NULL,NULL),(33730,'people',100000794,'comments changed from \"Over organization perform.\" to \"Artist weight.\";',17,NULL,'2023-06-11 22:36:12',NULL,NULL,NULL,NULL),(33731,'people',100000794,'container changed from \"3245\" to \"3245\";',17,NULL,'2023-06-11 22:36:12',NULL,NULL,NULL,NULL),(33732,'people',100000802,'comments changed from \"Beautiful attorney tree.\" to \"Live their draw.\";',33,NULL,'2023-06-11 23:36:11',NULL,NULL,NULL,NULL),(33733,'people',100000802,'container changed from \"4661\" to \"4661\";',33,NULL,'2023-06-11 23:36:11',NULL,NULL,NULL,NULL),(33734,'people',100000823,'comments changed from \"Tax.\" to \"Enter or security.\";',31,NULL,'2023-06-12 00:36:10',NULL,NULL,NULL,NULL),(33735,'people',100000823,'container changed from \"4464\" to \"4464\";',31,NULL,'2023-06-12 00:36:10',NULL,NULL,NULL,NULL),(33736,'people',100000830,'comments changed from \"\" to \"Alone hair.\";',31,NULL,'2023-06-12 01:36:09',NULL,NULL,NULL,NULL),(33737,'people',100000830,'container changed from \"4464\" to \"4464\";',31,NULL,'2023-06-12 01:36:09',NULL,NULL,NULL,NULL),(33738,'people',100000859,'comments changed from \"\" to \"Defense leave lead not.\";',17,NULL,'2023-06-12 02:36:08',NULL,NULL,NULL,NULL),(33739,'people',100000859,'container changed from \"7453\" to \"7453\";',17,NULL,'2023-06-12 02:36:08',NULL,NULL,NULL,NULL),(33740,'people',100000825,'comments changed from \"Million.\" to \"Mean good kid.\";',11,NULL,'2023-06-12 03:36:07',NULL,NULL,NULL,NULL),(33741,'people',100000825,'container changed from \"7453\" to \"7453\";',11,NULL,'2023-06-12 03:36:07',NULL,NULL,NULL,NULL),(33742,'people',100000839,'comments changed from \"Kitchen there.\" to \"Hundred ability.\";',10,NULL,'2023-06-12 04:36:06',NULL,NULL,NULL,NULL),(33743,'people',100000839,'container changed from \"7089\" to \"7089\";',10,NULL,'2023-06-12 04:36:06',NULL,NULL,NULL,NULL),(33744,'people',100000827,'comments changed from \"\" to \"Player over.\";',33,NULL,'2023-06-12 05:36:05',NULL,NULL,NULL,NULL),(33745,'people',100000827,'container changed from \"1205\" to \"1205\";',33,NULL,'2023-06-12 05:36:05',NULL,NULL,NULL,NULL),(33746,'people',100000817,'comments changed from \"Model beautiful across allow.\" to \"During certain stock point.\";',31,NULL,'2023-06-12 06:36:04',NULL,NULL,NULL,NULL),(33747,'people',100000817,'container changed from \"7089\" to \"7089\";',31,NULL,'2023-06-12 06:36:04',NULL,NULL,NULL,NULL),(33748,'people',100000852,'comments changed from \"\" to \"Important strong subject.\";',10,NULL,'2023-06-12 07:36:03',NULL,NULL,NULL,NULL),(33749,'people',100000852,'container changed from \"3900\" to \"3900\";',10,NULL,'2023-06-12 07:36:03',NULL,NULL,NULL,NULL),(33750,'people',100000845,'comments changed from \"\" to \"Republican series city.\";',17,NULL,'2023-06-12 08:36:02',NULL,NULL,NULL,NULL),(33751,'people',100000845,'container changed from \"3136\" to \"3136\";',17,NULL,'2023-06-12 08:36:02',NULL,NULL,NULL,NULL),(33752,'people',100000796,'comments changed from \"Word.\" to \"War out the.\";',17,NULL,'2023-06-12 09:36:01',NULL,NULL,NULL,NULL),(33753,'people',100000796,'container changed from \"3897\" to \"3897\";',17,NULL,'2023-06-12 09:36:01',NULL,NULL,NULL,NULL),(33754,'people',100000820,'comments changed from \"This someone enough.\" to \"Claim.\";',31,NULL,'2023-06-12 10:36:00',NULL,NULL,NULL,NULL),(33755,'people',100000820,'container changed from \"3900\" to \"3900\";',31,NULL,'2023-06-12 10:36:00',NULL,NULL,NULL,NULL),(33756,'people',100000855,'comments changed from \"\" to \"More.\";',11,NULL,'2023-06-12 11:35:59',NULL,NULL,NULL,NULL),(33757,'people',100000855,'container changed from \"7089\" to \"7089\";',11,NULL,'2023-06-12 11:35:59',NULL,NULL,NULL,NULL),(33758,'people',100000857,'comments changed from \"\" to \"Identify manager.\";',31,NULL,'2023-06-12 12:35:58',NULL,NULL,NULL,NULL),(33759,'people',100000857,'container changed from \"3136\" to \"3136\";',31,NULL,'2023-06-12 12:35:58',NULL,NULL,NULL,NULL),(33760,'people',100000858,'comments changed from \"\" to \"Design along will.\";',18,NULL,'2023-06-12 13:35:57',NULL,NULL,NULL,NULL),(33761,'people',100000858,'container changed from \"1205\" to \"1205\";',18,NULL,'2023-06-12 13:35:57',NULL,NULL,NULL,NULL),(33762,'people',100000827,'comments changed from \"Player over.\" to \"Speak.\";',17,NULL,'2023-06-12 14:35:56',NULL,NULL,NULL,NULL),(33763,'people',100000827,'container changed from \"1205\" to \"1205\";',17,NULL,'2023-06-12 14:35:56',NULL,NULL,NULL,NULL),(33764,'people',100000858,'comments changed from \"Design along will.\" to \"Hand will town.\";',33,NULL,'2023-06-12 15:35:55',NULL,NULL,NULL,NULL),(33765,'people',100000858,'container changed from \"1205\" to \"1205\";',33,NULL,'2023-06-12 15:35:55',NULL,NULL,NULL,NULL),(33766,'people',100000822,'comments changed from \"Surface special.\" to \"Contain share recently.\";',15,NULL,'2023-06-12 16:35:54',NULL,NULL,NULL,NULL),(33767,'people',100000822,'container changed from \"4464\" to \"4464\";',15,NULL,'2023-06-12 16:35:54',NULL,NULL,NULL,NULL),(33768,'people',100000789,'comments changed from \"Large where.\" to \"Imagine expert.\";',10,NULL,'2023-06-12 17:35:53',NULL,NULL,NULL,NULL),(33769,'people',100000789,'container changed from \"9257\" to \"9257\";',10,NULL,'2023-06-12 17:35:53',NULL,NULL,NULL,NULL),(33770,'people',100000787,'comments changed from \"Pretty single.\" to \"Keep maybe step.\";',10,NULL,'2023-06-12 18:35:52',NULL,NULL,NULL,NULL),(33771,'people',100000787,'container changed from \"7908\" to \"7908\";',10,NULL,'2023-06-12 18:35:52',NULL,NULL,NULL,NULL),(33772,'people',100000837,'lastname changed from \"Hahn\" to \"Hahner\";',16,NULL,'2023-06-12 19:35:51',NULL,NULL,NULL,NULL),(33773,'people',100000837,'container changed from \"9866\" to \"9866\";',16,NULL,'2023-06-12 19:35:51',NULL,NULL,NULL,NULL),(33774,'people',100000864,'lastname changed from \"Baker\" to \"Bakerer\";',11,NULL,'2023-06-12 20:35:50',NULL,NULL,NULL,NULL),(33775,'people',100000864,'container changed from \"8599\" to \"8599\";',11,NULL,'2023-06-12 20:35:50',NULL,NULL,NULL,NULL),(33776,'people',100000835,'lastname changed from \"Hahn\" to \"Hahner\";',10,NULL,'2023-06-12 21:35:49',NULL,NULL,NULL,NULL),(33777,'people',100000835,'container changed from \"9866\" to \"9866\";',10,NULL,'2023-06-12 21:35:49',NULL,NULL,NULL,NULL),(33778,'people',100000793,'lastname changed from \"Mcneil\" to \"Mcneiler\";',18,NULL,'2023-06-12 22:35:48',NULL,NULL,NULL,NULL),(33779,'people',100000793,'container changed from \"7276\" to \"7276\";',18,NULL,'2023-06-12 22:35:48',NULL,NULL,NULL,NULL),(33780,'people',100000843,'lastname changed from \"Rose\" to \"Roseer\";',11,NULL,'2023-06-12 23:35:47',NULL,NULL,NULL,NULL),(33781,'people',100000843,'container changed from \"3136\" to \"3136\";',11,NULL,'2023-06-12 23:35:47',NULL,NULL,NULL,NULL),(33782,'people',100000821,'lastname changed from \"Woods\" to \"Woodser\";',10,NULL,'2023-06-13 00:35:46',NULL,NULL,NULL,NULL),(33783,'people',100000821,'container changed from \"3900\" to \"3900\";',10,NULL,'2023-06-13 00:35:46',NULL,NULL,NULL,NULL),(33784,'people',100000861,'lastname changed from \"Hahn\" to \"Hahner\";',16,NULL,'2023-06-13 01:35:45',NULL,NULL,NULL,NULL),(33785,'people',100000861,'container changed from \"9866\" to \"9866\";',16,NULL,'2023-06-13 01:35:45',NULL,NULL,NULL,NULL),(33786,'people',100000798,'lastname changed from \"Smith\" to \"Smither\";',15,NULL,'2023-06-13 02:35:44',NULL,NULL,NULL,NULL),(33787,'people',100000798,'container changed from \"2313\" to \"2313\";',15,NULL,'2023-06-13 02:35:44',NULL,NULL,NULL,NULL),(33788,'people',100000843,'lastname changed from \"Roseer\" to \"Roseerer\";',11,NULL,'2023-06-13 03:35:43',NULL,NULL,NULL,NULL),(33789,'people',100000843,'container changed from \"3136\" to \"3136\";',11,NULL,'2023-06-13 03:35:43',NULL,NULL,NULL,NULL),(33790,'people',100000795,'lastname changed from \"Martin\" to \"Martiner\";',33,NULL,'2023-06-13 04:35:42',NULL,NULL,NULL,NULL),(33791,'people',100000795,'container changed from \"2780\" to \"2780\";',33,NULL,'2023-06-13 04:35:42',NULL,NULL,NULL,NULL),(33792,'people',100000833,'lastname changed from \"Rose\" to \"Roseer\";',18,NULL,'2023-06-13 05:35:41',NULL,NULL,NULL,NULL),(33793,'people',100000833,'container changed from \"3136\" to \"3136\";',18,NULL,'2023-06-13 05:35:41',NULL,NULL,NULL,NULL),(33794,'people',100000830,'lastname changed from \"Miller\" to \"Millerer\";',33,NULL,'2023-06-13 06:35:40',NULL,NULL,NULL,NULL),(33795,'people',100000830,'container changed from \"4464\" to \"4464\";',33,NULL,'2023-06-13 06:35:40',NULL,NULL,NULL,NULL),(33796,'people',100000851,'lastname changed from \"Smith\" to \"Smither\";',11,NULL,'2023-06-13 07:35:39',NULL,NULL,NULL,NULL),(33797,'people',100000851,'container changed from \"8852\" to \"8852\";',11,NULL,'2023-06-13 07:35:39',NULL,NULL,NULL,NULL),(33798,'people',100000858,'lastname changed from \"Livingston\" to \"Livingstoner\";',17,NULL,'2023-06-13 08:35:38',NULL,NULL,NULL,NULL),(33799,'people',100000858,'container changed from \"1205\" to \"1205\";',17,NULL,'2023-06-13 08:35:38',NULL,NULL,NULL,NULL),(33800,'people',100000850,'lastname changed from \"Rose\" to \"Roseer\";',11,NULL,'2023-06-13 09:35:37',NULL,NULL,NULL,NULL),(33801,'people',100000850,'container changed from \"3136\" to \"3136\";',11,NULL,'2023-06-13 09:35:37',NULL,NULL,NULL,NULL),(33802,'people',100000790,'lastname changed from \"Wilson\" to \"Wilsoner\";',16,NULL,'2023-06-13 10:35:36',NULL,NULL,NULL,NULL),(33803,'people',100000790,'container changed from \"9419\" to \"9419\";',16,NULL,'2023-06-13 10:35:36',NULL,NULL,NULL,NULL),(33804,'people',100000843,'lastname changed from \"Roseerer\" to \"Roseererer\";',11,NULL,'2023-06-13 11:35:35',NULL,NULL,NULL,NULL),(33805,'people',100000843,'container changed from \"3136\" to \"3136\";',11,NULL,'2023-06-13 11:35:35',NULL,NULL,NULL,NULL),(33806,'people',100000856,'lastname changed from \"Smith\" to \"Smither\";',16,NULL,'2023-06-13 12:35:34',NULL,NULL,NULL,NULL),(33807,'people',100000856,'container changed from \"8852\" to \"8852\";',16,NULL,'2023-06-13 12:35:34',NULL,NULL,NULL,NULL),(33808,'people',100000842,'lastname changed from \"Baker\" to \"Bakerer\";',31,NULL,'2023-06-13 13:35:33',NULL,NULL,NULL,NULL),(33809,'people',100000842,'container changed from \"8599\" to \"8599\";',31,NULL,'2023-06-13 13:35:33',NULL,NULL,NULL,NULL),(33810,'people',100000804,'lastname changed from \"Bailey\" to \"Baileyer\";',31,NULL,'2023-06-13 14:35:32',NULL,NULL,NULL,NULL),(33811,'people',100000804,'container changed from \"9422\" to \"9422\";',31,NULL,'2023-06-13 14:35:32',NULL,NULL,NULL,NULL),(33812,'people',100000800,'lastname changed from \"Jackson\" to \"Jacksoner\";',15,NULL,'2023-06-13 15:35:31',NULL,NULL,NULL,NULL),(33813,'people',100000800,'container changed from \"6806\" to \"6806\";',15,NULL,'2023-06-13 15:35:31',NULL,NULL,NULL,NULL),(33814,'people',100000849,'lastname changed from \"Livingston\" to \"Livingstoner\";',17,NULL,'2023-06-13 16:35:30',NULL,NULL,NULL,NULL),(33815,'people',100000849,'container changed from \"1205\" to \"1205\";',17,NULL,'2023-06-13 16:35:30',NULL,NULL,NULL,NULL),(33816,'people',100000859,'lastname changed from \"Holt\" to \"Holter\";',18,NULL,'2023-06-13 17:35:29',NULL,NULL,NULL,NULL),(33817,'people',100000859,'container changed from \"7453\" to \"7453\";',18,NULL,'2023-06-13 17:35:29',NULL,NULL,NULL,NULL),(33818,'people',100000862,'lastname changed from \"Holt\" to \"Holter\";',10,NULL,'2023-06-13 18:35:28',NULL,NULL,NULL,NULL),(33819,'people',100000862,'container changed from \"7453\" to \"7453\";',10,NULL,'2023-06-13 18:35:28',NULL,NULL,NULL,NULL),(33820,'people',100000851,'lastname changed from \"Smither\" to \"Smitherer\";',17,NULL,'2023-06-13 19:35:27',NULL,NULL,NULL,NULL),(33821,'people',100000851,'container changed from \"8852\" to \"8852\";',17,NULL,'2023-06-13 19:35:27',NULL,NULL,NULL,NULL),(33822,'people',100000857,'lastname changed from \"Rose\" to \"Roseer\";',11,NULL,'2023-06-13 20:35:26',NULL,NULL,NULL,NULL),(33823,'people',100000857,'container changed from \"3136\" to \"3136\";',11,NULL,'2023-06-13 20:35:26',NULL,NULL,NULL,NULL),(33824,'people',100000856,'lastname changed from \"Smither\" to \"Smitherer\";',11,NULL,'2023-06-13 21:35:25',NULL,NULL,NULL,NULL),(33825,'people',100000856,'container changed from \"8852\" to \"8852\";',11,NULL,'2023-06-13 21:35:25',NULL,NULL,NULL,NULL),(33826,'people',100000794,'lastname changed from \"Holloway\" to \"Hollowayer\";',16,NULL,'2023-06-13 22:35:24',NULL,NULL,NULL,NULL),(33827,'people',100000794,'container changed from \"3245\" to \"3245\";',16,NULL,'2023-06-13 22:35:24',NULL,NULL,NULL,NULL),(33828,'people',100000837,'lastname changed from \"Hahner\" to \"Hahnerer\";',11,NULL,'2023-06-13 23:35:23',NULL,NULL,NULL,NULL),(33829,'people',100000837,'container changed from \"9866\" to \"9866\";',11,NULL,'2023-06-13 23:35:23',NULL,NULL,NULL,NULL),(33830,'people',100000804,'lastname changed from \"Baileyer\" to \"Baileyerer\";',18,NULL,'2023-06-14 00:35:22',NULL,NULL,NULL,NULL),(33831,'people',100000804,'container changed from \"9422\" to \"9422\";',18,NULL,'2023-06-14 00:35:22',NULL,NULL,NULL,NULL),(33832,'people',100000809,'lastname changed from \"Ward\" to \"Warder\";',17,NULL,'2023-06-14 01:35:21',NULL,NULL,NULL,NULL),(33833,'people',100000809,'container changed from \"1205\" to \"1205\";',17,NULL,'2023-06-14 01:35:21',NULL,NULL,NULL,NULL),(33834,'people',100000813,'lastname changed from \"Thompson\" to \"Thompsoner\";',10,NULL,'2023-06-14 02:35:20',NULL,NULL,NULL,NULL),(33835,'people',100000813,'container changed from \"5618\" to \"5618\";',10,NULL,'2023-06-14 02:35:20',NULL,NULL,NULL,NULL),(33836,'people',100000844,'lastname changed from \"Adkins\" to \"Adkinser\";',16,NULL,'2023-06-14 03:35:19',NULL,NULL,NULL,NULL),(33837,'people',100000844,'container changed from \"7089\" to \"7089\";',16,NULL,'2023-06-14 03:35:19',NULL,NULL,NULL,NULL),(33838,'people',100000825,'lastname changed from \"Robertson\" to \"Robertsoner\";',31,NULL,'2023-06-14 04:35:18',NULL,NULL,NULL,NULL),(33839,'people',100000825,'container changed from \"7453\" to \"7453\";',31,NULL,'2023-06-14 04:35:18',NULL,NULL,NULL,NULL),(33840,'people',100000826,'lastname changed from \"Young\" to \"Younger\";',31,NULL,'2023-06-14 05:35:17',NULL,NULL,NULL,NULL),(33841,'people',100000826,'container changed from \"5618\" to \"5618\";',31,NULL,'2023-06-14 05:35:17',NULL,NULL,NULL,NULL),(33842,'people',100000859,'lastname changed from \"Holter\" to \"Holterer\";',11,NULL,'2023-06-14 06:35:16',NULL,NULL,NULL,NULL),(33843,'people',100000859,'container changed from \"7453\" to \"7453\";',11,NULL,'2023-06-14 06:35:16',NULL,NULL,NULL,NULL),(33844,'people',100000863,'lastname changed from \"Baker\" to \"Bakerer\";',10,NULL,'2023-06-14 07:35:15',NULL,NULL,NULL,NULL),(33845,'people',100000863,'container changed from \"8599\" to \"8599\";',10,NULL,'2023-06-14 07:35:15',NULL,NULL,NULL,NULL),(33846,'people',100000851,'lastname changed from \"Smitherer\" to \"Smithererer\";',10,NULL,'2023-06-14 08:35:14',NULL,NULL,NULL,NULL),(33847,'people',100000851,'container changed from \"8852\" to \"8852\";',10,NULL,'2023-06-14 08:35:14',NULL,NULL,NULL,NULL),(33848,'people',100000834,'lastname changed from \"Miller\" to \"Millerer\";',18,NULL,'2023-06-14 09:35:13',NULL,NULL,NULL,NULL),(33849,'people',100000834,'container changed from \"4464\" to \"4464\";',18,NULL,'2023-06-14 09:35:13',NULL,NULL,NULL,NULL),(33850,'people',100000787,'lastname changed from \"Huber\" to \"Huberer\";',10,NULL,'2023-06-14 10:35:12',NULL,NULL,NULL,NULL),(33851,'people',100000787,'container changed from \"7908\" to \"7908\";',10,NULL,'2023-06-14 10:35:12',NULL,NULL,NULL,NULL),(33852,'people',100000799,'Record deleted',10,NULL,'2023-06-14 11:35:11',NULL,NULL,NULL,NULL),(33853,'people',100000852,'Record deleted',10,NULL,'2023-06-14 12:35:10',NULL,NULL,NULL,NULL),(33854,'people',100000866,'Record created',17,NULL,'2023-06-14 14:35:08',NULL,NULL,NULL,NULL),(33855,'people',100000867,'Record created',18,NULL,'2023-06-14 16:35:06',NULL,NULL,NULL,NULL),(33856,'people',100000868,'Record created',10,NULL,'2023-06-14 18:35:04',NULL,NULL,NULL,NULL),(33857,'people',100000869,'Record created',12,NULL,'2023-06-14 20:35:02',NULL,NULL,NULL,NULL),(33858,'people',100000870,'Record created',34,NULL,'2023-06-14 22:35:00',NULL,NULL,NULL,NULL),(33859,'people',100000871,'Record created',34,NULL,'2023-06-15 00:34:58',NULL,NULL,NULL,NULL),(33860,'people',100000872,'Record created',10,NULL,'2023-06-15 02:34:56',NULL,NULL,NULL,NULL),(33861,'people',100000873,'Record created',12,NULL,'2023-06-15 04:34:54',NULL,NULL,NULL,NULL),(33862,'people',100000874,'Record created',15,NULL,'2023-06-15 06:34:52',NULL,NULL,NULL,NULL),(33863,'people',100000875,'Record created',15,NULL,'2023-06-15 08:34:50',NULL,NULL,NULL,NULL),(33864,'people',100000876,'Record created',16,NULL,'2023-06-15 10:34:48',NULL,NULL,NULL,NULL),(33865,'people',100000877,'Record created',18,NULL,'2023-06-15 12:34:46',NULL,NULL,NULL,NULL),(33866,'people',100000878,'Record created',15,NULL,'2023-06-15 14:34:44',NULL,NULL,NULL,NULL),(33867,'people',100000879,'Record created',15,NULL,'2023-06-15 16:34:42',NULL,NULL,NULL,NULL),(33868,'people',100000880,'Record created',34,NULL,'2023-06-15 18:34:40',NULL,NULL,NULL,NULL),(33869,'people',100000881,'Record created',15,NULL,'2023-06-15 20:34:38',NULL,NULL,NULL,NULL),(33870,'people',100000882,'Record created',32,NULL,'2023-06-15 22:34:36',NULL,NULL,NULL,NULL),(33871,'people',100000883,'Record created',17,NULL,'2023-06-16 00:34:34',NULL,NULL,NULL,NULL),(33872,'people',100000884,'Record created',16,NULL,'2023-06-16 02:34:32',NULL,NULL,NULL,NULL),(33873,'people',100000885,'Record created',15,NULL,'2023-06-16 04:34:30',NULL,NULL,NULL,NULL),(33874,'people',100000886,'Record created',12,NULL,'2023-06-16 06:34:28',NULL,NULL,NULL,NULL),(33875,'people',100000887,'Record created',18,NULL,'2023-06-16 08:34:26',NULL,NULL,NULL,NULL),(33876,'people',100000888,'Record created',15,NULL,'2023-06-16 10:34:24',NULL,NULL,NULL,NULL),(33877,'people',100000889,'Record created',10,NULL,'2023-06-16 12:34:22',NULL,NULL,NULL,NULL),(33878,'people',100000890,'Record created',10,NULL,'2023-06-16 14:34:20',NULL,NULL,NULL,NULL),(33879,'people',100000891,'Record created',17,NULL,'2023-06-16 16:34:18',NULL,NULL,NULL,NULL),(33880,'people',100000892,'Record created',18,NULL,'2023-06-16 18:34:16',NULL,NULL,NULL,NULL),(33881,'people',100000893,'Record created',15,NULL,'2023-06-16 20:34:14',NULL,NULL,NULL,NULL),(33882,'people',100000894,'Record created',18,NULL,'2023-06-16 22:34:12',NULL,NULL,NULL,NULL),(33883,'people',100000895,'Record created',17,NULL,'2023-06-17 00:34:10',NULL,NULL,NULL,NULL),(33884,'people',100000896,'Record created',12,NULL,'2023-06-17 02:34:08',NULL,NULL,NULL,NULL),(33885,'people',100000897,'Record created',15,NULL,'2023-06-17 04:34:06',NULL,NULL,NULL,NULL),(33886,'people',100000898,'Record created',18,NULL,'2023-06-17 06:34:04',NULL,NULL,NULL,NULL),(33887,'people',100000899,'Record created',12,NULL,'2023-06-17 08:34:02',NULL,NULL,NULL,NULL),(33888,'people',100000900,'Record created',34,NULL,'2023-06-17 10:34:00',NULL,NULL,NULL,NULL),(33889,'people',100000901,'Record created',15,NULL,'2023-06-17 12:33:58',NULL,NULL,NULL,NULL),(33890,'people',100000902,'Record created',15,NULL,'2023-06-17 14:33:56',NULL,NULL,NULL,NULL),(33891,'people',100000903,'Record created',32,NULL,'2023-06-17 16:33:54',NULL,NULL,NULL,NULL),(33892,'people',100000904,'Record created',16,NULL,'2023-06-17 18:33:52',NULL,NULL,NULL,NULL),(33893,'people',100000905,'Record created',16,NULL,'2023-06-17 20:33:50',NULL,NULL,NULL,NULL),(33894,'people',100000906,'Record created',10,NULL,'2023-06-17 22:33:48',NULL,NULL,NULL,NULL),(33895,'people',100000907,'Record created',10,NULL,'2023-06-18 00:33:46',NULL,NULL,NULL,NULL),(33896,'people',100000908,'Record created',34,NULL,'2023-06-18 02:33:44',NULL,NULL,NULL,NULL),(33897,'people',100000909,'Record created',10,NULL,'2023-06-18 04:33:42',NULL,NULL,NULL,NULL),(33898,'people',100000910,'Record created',32,NULL,'2023-06-18 06:33:40',NULL,NULL,NULL,NULL),(33899,'people',100000911,'Record created',18,NULL,'2023-06-18 08:33:38',NULL,NULL,NULL,NULL),(33900,'people',100000912,'Record created',15,NULL,'2023-06-18 10:33:36',NULL,NULL,NULL,NULL),(33901,'people',100000913,'Record created',12,NULL,'2023-06-18 12:33:34',NULL,NULL,NULL,NULL),(33902,'people',100000914,'Record created',15,NULL,'2023-06-18 14:33:32',NULL,NULL,NULL,NULL),(33903,'people',100000915,'Record created',15,NULL,'2023-06-18 16:33:30',NULL,NULL,NULL,NULL),(33904,'people',100000916,'Record created',16,NULL,'2023-06-18 18:33:28',NULL,NULL,NULL,NULL),(33905,'people',100000917,'Record created',12,NULL,'2023-06-18 20:33:26',NULL,NULL,NULL,NULL),(33906,'people',100000918,'Record created',12,NULL,'2023-06-18 22:33:24',NULL,NULL,NULL,NULL),(33907,'people',100000919,'Record created',16,NULL,'2023-06-19 00:33:22',NULL,NULL,NULL,NULL),(33908,'people',100000920,'Record created',18,NULL,'2023-06-19 02:33:20',NULL,NULL,NULL,NULL),(33909,'people',100000921,'Record created',34,NULL,'2023-06-19 04:33:18',NULL,NULL,NULL,NULL),(33910,'people',100000922,'Record created',32,NULL,'2023-06-19 06:33:16',NULL,NULL,NULL,NULL),(33911,'people',100000923,'Record created',15,NULL,'2023-06-19 08:33:14',NULL,NULL,NULL,NULL),(33912,'people',100000924,'Record created',10,NULL,'2023-06-19 10:33:12',NULL,NULL,NULL,NULL),(33913,'people',100000925,'Record created',17,NULL,'2023-06-19 12:33:10',NULL,NULL,NULL,NULL),(33914,'people',100000926,'Record created',32,NULL,'2023-06-19 14:33:08',NULL,NULL,NULL,NULL),(33915,'people',100000927,'Record created',17,NULL,'2023-06-19 16:33:06',NULL,NULL,NULL,NULL),(33916,'people',100000928,'Record created',12,NULL,'2023-06-19 18:33:04',NULL,NULL,NULL,NULL),(33917,'people',100000929,'Record created',18,NULL,'2023-06-19 20:33:02',NULL,NULL,NULL,NULL),(33918,'people',100000930,'Record created',17,NULL,'2023-06-19 22:33:00',NULL,NULL,NULL,NULL),(33919,'people',100000931,'Record created',15,NULL,'2023-06-20 00:32:58',NULL,NULL,NULL,NULL),(33920,'people',100000932,'Record created',18,NULL,'2023-06-20 02:32:56',NULL,NULL,NULL,NULL),(33921,'people',100000933,'Record created',10,NULL,'2023-06-20 04:32:54',NULL,NULL,NULL,NULL),(33922,'people',100000934,'Record created',32,NULL,'2023-06-20 06:32:52',NULL,NULL,NULL,NULL),(33923,'people',100000935,'Record created',10,NULL,'2023-06-20 08:32:50',NULL,NULL,NULL,NULL),(33924,'people',100000936,'Record created',17,NULL,'2023-06-20 10:32:48',NULL,NULL,NULL,NULL),(33925,'people',100000937,'Record created',12,NULL,'2023-06-20 12:32:46',NULL,NULL,NULL,NULL),(33926,'people',100000938,'Record created',15,NULL,'2023-06-20 14:32:44',NULL,NULL,NULL,NULL),(33927,'people',100000939,'Record created',12,NULL,'2023-06-20 16:32:42',NULL,NULL,NULL,NULL),(33928,'people',100000940,'Record created',15,NULL,'2023-06-20 18:32:40',NULL,NULL,NULL,NULL),(33929,'people',100000941,'Record created',12,NULL,'2023-06-20 20:32:38',NULL,NULL,NULL,NULL),(33930,'people',100000942,'Record created',15,NULL,'2023-06-20 22:32:36',NULL,NULL,NULL,NULL),(33931,'people',100000943,'Record created',10,NULL,'2023-06-21 00:32:34',NULL,NULL,NULL,NULL),(33932,'people',100000944,'Record created',10,NULL,'2023-06-21 02:32:32',NULL,NULL,NULL,NULL),(33933,'people',100000945,'Record created',16,NULL,'2023-06-21 04:32:30',NULL,NULL,NULL,NULL),(33934,'people',100000937,'container changed from \"1320\" to \"1320\";',18,NULL,'2023-06-21 05:32:29',NULL,NULL,NULL,NULL),(33935,'people',100000917,'notregistered',16,NULL,'2023-06-21 06:32:28',1,0,NULL,NULL),(33936,'people',100000917,'container changed from \"5616\" to \"5616\";',16,NULL,'2023-06-21 06:32:28',NULL,NULL,NULL,NULL),(33937,'people',100000877,'container changed from \"9628\" to \"9628\";',34,NULL,'2023-06-21 07:32:27',NULL,NULL,NULL,NULL),(33938,'people',100000866,'notregistered',34,NULL,'2023-06-21 08:32:26',1,0,NULL,NULL),(33939,'people',100000866,'container changed from \"3080\" to \"3080\";',34,NULL,'2023-06-21 08:32:26',NULL,NULL,NULL,NULL),(33940,'people',100000898,'container changed from \"1320\" to \"1320\";',10,NULL,'2023-06-21 09:32:25',NULL,NULL,NULL,NULL),(33941,'people',100000866,'container changed from \"3080\" to \"3080\";',34,NULL,'2023-06-21 10:32:24',NULL,NULL,NULL,NULL),(33942,'people',100000945,'notregistered',10,NULL,'2023-06-21 11:32:23',1,0,NULL,NULL),(33943,'people',100000945,'container changed from \"5616\" to \"5616\";',10,NULL,'2023-06-21 11:32:23',NULL,NULL,NULL,NULL),(33944,'people',100000916,'notregistered',10,NULL,'2023-06-21 12:32:22',1,0,NULL,NULL),(33945,'people',100000916,'container changed from \"9957\" to \"9957\";',10,NULL,'2023-06-21 12:32:22',NULL,NULL,NULL,NULL),(33946,'people',100000915,'notregistered',16,NULL,'2023-06-21 13:32:21',1,0,NULL,NULL),(33947,'people',100000915,'container changed from \"8748\" to \"8748\";',16,NULL,'2023-06-21 13:32:21',NULL,NULL,NULL,NULL),(33948,'people',100000874,'notregistered',16,NULL,'2023-06-21 14:32:20',1,0,NULL,NULL),(33949,'people',100000874,'container changed from \"7666\" to \"7666\";',16,NULL,'2023-06-21 14:32:20',NULL,NULL,NULL,NULL),(33950,'people',100000909,'notregistered',10,NULL,'2023-06-21 15:32:19',1,0,NULL,NULL),(33951,'people',100000909,'container changed from \"5616\" to \"5616\";',10,NULL,'2023-06-21 15:32:19',NULL,NULL,NULL,NULL),(33952,'people',100000900,'container changed from \"3238\" to \"3238\";',12,NULL,'2023-06-21 16:32:18',NULL,NULL,NULL,NULL),(33953,'people',100000891,'notregistered',16,NULL,'2023-06-21 17:32:17',1,0,NULL,NULL),(33954,'people',100000891,'container changed from \"8160\" to \"8160\";',16,NULL,'2023-06-21 17:32:17',NULL,NULL,NULL,NULL),(33955,'people',100000901,'container changed from \"3238\" to \"3238\";',16,NULL,'2023-06-21 18:32:16',NULL,NULL,NULL,NULL),(33956,'people',100000922,'container changed from \"3238\" to \"3238\";',16,NULL,'2023-06-21 19:32:15',NULL,NULL,NULL,NULL),(33957,'people',100000913,'notregistered',10,NULL,'2023-06-21 20:32:14',1,0,NULL,NULL),(33958,'people',100000913,'container changed from \"4287\" to \"4287\";',10,NULL,'2023-06-21 20:32:14',NULL,NULL,NULL,NULL),(33959,'people',100000923,'notregistered',16,NULL,'2023-06-21 21:32:13',1,0,NULL,NULL),(33960,'people',100000923,'container changed from \"4287\" to \"4287\";',16,NULL,'2023-06-21 21:32:13',NULL,NULL,NULL,NULL),(33961,'people',100000939,'container changed from \"1320\" to \"1320\";',17,NULL,'2023-06-21 22:32:12',NULL,NULL,NULL,NULL),(33962,'people',100000879,'container changed from \"9338\" to \"9338\";',12,NULL,'2023-06-21 23:32:11',NULL,NULL,NULL,NULL),(33963,'people',100000913,'container changed from \"4287\" to \"4287\";',17,NULL,'2023-06-22 00:32:10',NULL,NULL,NULL,NULL),(33964,'people',100000874,'container changed from \"7666\" to \"7666\";',12,NULL,'2023-06-22 01:32:09',NULL,NULL,NULL,NULL),(33965,'people',100000900,'container changed from \"3238\" to \"3238\";',34,NULL,'2023-06-22 02:32:08',NULL,NULL,NULL,NULL),(33966,'people',100000915,'container changed from \"8748\" to \"8748\";',12,NULL,'2023-06-22 03:32:07',NULL,NULL,NULL,NULL),(33967,'people',100000922,'container changed from \"3238\" to \"3238\";',32,NULL,'2023-06-22 04:32:06',NULL,NULL,NULL,NULL),(33968,'people',100000867,'notregistered',15,NULL,'2023-06-22 05:32:05',1,0,NULL,NULL),(33969,'people',100000867,'container changed from \"8735\" to \"8735\";',15,NULL,'2023-06-22 05:32:05',NULL,NULL,NULL,NULL),(33970,'people',100000871,'container changed from \"2231\" to \"2231\";',12,NULL,'2023-06-22 06:32:04',NULL,NULL,NULL,NULL),(33971,'people',100000885,'notregistered',17,NULL,'2023-06-22 07:32:03',1,0,NULL,NULL),(33972,'people',100000885,'container changed from \"9335\" to \"9335\";',17,NULL,'2023-06-22 07:32:03',NULL,NULL,NULL,NULL),(33973,'people',100000890,'notregistered',10,NULL,'2023-06-22 08:32:02',1,0,NULL,NULL),(33974,'people',100000890,'container changed from \"8160\" to \"8160\";',10,NULL,'2023-06-22 08:32:02',NULL,NULL,NULL,NULL),(33975,'people',100000910,'container changed from \"4287\" to \"4287\";',32,NULL,'2023-06-22 09:32:01',NULL,NULL,NULL,NULL),(33976,'people',100000877,'container changed from \"9628\" to \"9628\";',15,NULL,'2023-06-22 10:32:00',NULL,NULL,NULL,NULL),(33977,'people',100000867,'container changed from \"8735\" to \"8735\";',10,NULL,'2023-06-22 11:31:59',NULL,NULL,NULL,NULL),(33978,'people',100000891,'container changed from \"8160\" to \"8160\";',18,NULL,'2023-06-22 12:31:58',NULL,NULL,NULL,NULL),(33979,'people',100000872,'container changed from \"5409\" to \"5409\";',16,NULL,'2023-06-22 13:31:57',NULL,NULL,NULL,NULL),(33980,'people',100000904,'container changed from \"4287\" to \"4287\";',17,NULL,'2023-06-22 14:31:56',NULL,NULL,NULL,NULL),(33981,'people',100000940,'container changed from \"3238\" to \"3238\";',34,NULL,'2023-06-22 15:31:55',NULL,NULL,NULL,NULL),(33982,'people',100000886,'container changed from \"8748\" to \"8748\";',18,NULL,'2023-06-22 16:31:54',NULL,NULL,NULL,NULL),(33983,'people',100000915,'container changed from \"8748\" to \"8748\";',16,NULL,'2023-06-22 17:31:53',NULL,NULL,NULL,NULL),(33984,'people',100000889,'notregistered',18,NULL,'2023-06-22 18:31:52',1,0,NULL,NULL),(33985,'people',100000889,'container changed from \"9633\" to \"9633\";',18,NULL,'2023-06-22 18:31:52',NULL,NULL,NULL,NULL),(33986,'people',100000936,'container changed from \"8748\" to \"8748\";',17,NULL,'2023-06-22 19:31:51',NULL,NULL,NULL,NULL),(33987,'people',100000897,'container changed from \"5571\" to \"5571\";',17,NULL,'2023-06-22 20:31:50',NULL,NULL,NULL,NULL),(33988,'people',100000890,'volunteer',16,NULL,'2023-06-22 21:31:49',0,1,NULL,NULL),(33989,'people',100000890,'container changed from \"8160\" to \"8160\";',16,NULL,'2023-06-22 21:31:49',NULL,NULL,NULL,NULL),(33990,'people',100000927,'volunteer',17,NULL,'2023-06-22 22:31:48',0,1,NULL,NULL),(33991,'people',100000927,'container changed from \"8236\" to \"8236\";',17,NULL,'2023-06-22 22:31:48',NULL,NULL,NULL,NULL),(33992,'people',100000883,'volunteer',17,NULL,'2023-06-22 23:31:47',0,1,NULL,NULL),(33993,'people',100000883,'container changed from \"5055\" to \"5055\";',17,NULL,'2023-06-22 23:31:47',NULL,NULL,NULL,NULL),(33994,'people',100000881,'volunteer',18,NULL,'2023-06-23 00:31:46',1,0,NULL,NULL),(33995,'people',100000881,'container changed from \"1783\" to \"1783\";',18,NULL,'2023-06-23 00:31:46',NULL,NULL,NULL,NULL),(33996,'people',100000930,'volunteer',17,NULL,'2023-06-23 01:31:45',0,1,NULL,NULL),(33997,'people',100000930,'container changed from \"5616\" to \"5616\";',17,NULL,'2023-06-23 01:31:45',NULL,NULL,NULL,NULL),(33998,'people',100000882,'volunteer',16,NULL,'2023-06-23 02:31:44',0,1,NULL,NULL),(33999,'people',100000882,'container changed from \"7302\" to \"7302\";',16,NULL,'2023-06-23 02:31:44',NULL,NULL,NULL,NULL),(34000,'people',100000923,'volunteer',16,NULL,'2023-06-23 03:31:43',0,1,NULL,NULL),(34001,'people',100000923,'container changed from \"4287\" to \"4287\";',16,NULL,'2023-06-23 03:31:43',NULL,NULL,NULL,NULL),(34002,'people',100000877,'volunteer',16,NULL,'2023-06-23 04:31:42',0,1,NULL,NULL),(34003,'people',100000877,'container changed from \"9628\" to \"9628\";',16,NULL,'2023-06-23 04:31:42',NULL,NULL,NULL,NULL),(34004,'people',100000896,'volunteer',10,NULL,'2023-06-23 05:31:41',0,1,NULL,NULL),(34005,'people',100000896,'container changed from \"5571\" to \"5571\";',10,NULL,'2023-06-23 05:31:41',NULL,NULL,NULL,NULL),(34006,'people',100000942,'volunteer',18,NULL,'2023-06-23 06:31:40',0,1,NULL,NULL),(34007,'people',100000942,'container changed from \"3238\" to \"3238\";',18,NULL,'2023-06-23 06:31:40',NULL,NULL,NULL,NULL),(34008,'people',100000895,'volunteer',34,NULL,'2023-06-23 07:31:39',0,1,NULL,NULL),(34009,'people',100000895,'container changed from \"9957\" to \"9957\";',34,NULL,'2023-06-23 07:31:39',NULL,NULL,NULL,NULL),(34010,'people',100000901,'volunteer',12,NULL,'2023-06-23 08:31:38',1,0,NULL,NULL),(34011,'people',100000901,'container changed from \"3238\" to \"3238\";',12,NULL,'2023-06-23 08:31:38',NULL,NULL,NULL,NULL),(34012,'people',100000872,'volunteer',34,NULL,'2023-06-23 09:31:37',0,1,NULL,NULL),(34013,'people',100000872,'container changed from \"5409\" to \"5409\";',34,NULL,'2023-06-23 09:31:37',NULL,NULL,NULL,NULL),(34014,'people',100000938,'volunteer',32,NULL,'2023-06-23 10:31:36',0,1,NULL,NULL),(34015,'people',100000938,'container changed from \"9633\" to \"9633\";',32,NULL,'2023-06-23 10:31:36',NULL,NULL,NULL,NULL),(34016,'people',100000943,'volunteer',15,NULL,'2023-06-23 11:31:35',0,1,NULL,NULL),(34017,'people',100000943,'container changed from \"5571\" to \"5571\";',15,NULL,'2023-06-23 11:31:35',NULL,NULL,NULL,NULL),(34018,'people',100000901,'volunteer',34,NULL,'2023-06-23 12:31:34',0,1,NULL,NULL),(34019,'people',100000901,'container changed from \"3238\" to \"3238\";',34,NULL,'2023-06-23 12:31:34',NULL,NULL,NULL,NULL),(34020,'people',100000898,'volunteer',17,NULL,'2023-06-23 13:31:33',0,1,NULL,NULL),(34021,'people',100000898,'container changed from \"1320\" to \"1320\";',17,NULL,'2023-06-23 13:31:33',NULL,NULL,NULL,NULL),(34022,'people',100000916,'volunteer',18,NULL,'2023-06-23 14:31:32',0,1,NULL,NULL),(34023,'people',100000916,'container changed from \"9957\" to \"9957\";',18,NULL,'2023-06-23 14:31:32',NULL,NULL,NULL,NULL),(34024,'people',100000875,'volunteer',16,NULL,'2023-06-23 15:31:31',1,0,NULL,NULL),(34025,'people',100000875,'container changed from \"5043\" to \"5043\";',16,NULL,'2023-06-23 15:31:31',NULL,NULL,NULL,NULL),(34026,'people',100000893,'volunteer',10,NULL,'2023-06-23 16:31:30',1,0,NULL,NULL),(34027,'people',100000893,'container changed from \"8236\" to \"8236\";',10,NULL,'2023-06-23 16:31:30',NULL,NULL,NULL,NULL),(34028,'people',100000882,'volunteer',16,NULL,'2023-06-23 17:31:29',1,0,NULL,NULL),(34029,'people',100000882,'container changed from \"7302\" to \"7302\";',16,NULL,'2023-06-23 17:31:29',NULL,NULL,NULL,NULL),(34030,'people',100000935,'volunteer',15,NULL,'2023-06-23 18:31:28',0,1,NULL,NULL),(34031,'people',100000935,'container changed from \"5616\" to \"5616\";',15,NULL,'2023-06-23 18:31:28',NULL,NULL,NULL,NULL),(34032,'people',100000936,'volunteer',15,NULL,'2023-06-23 19:31:27',0,1,NULL,NULL),(34033,'people',100000936,'container changed from \"8748\" to \"8748\";',15,NULL,'2023-06-23 19:31:27',NULL,NULL,NULL,NULL),(34034,'people',100000907,'volunteer',12,NULL,'2023-06-23 20:31:26',0,1,NULL,NULL),(34035,'people',100000907,'container changed from \"8160\" to \"8160\";',12,NULL,'2023-06-23 20:31:26',NULL,NULL,NULL,NULL),(34036,'people',100000891,'volunteer',16,NULL,'2023-06-23 21:31:25',1,0,NULL,NULL),(34037,'people',100000891,'container changed from \"8160\" to \"8160\";',16,NULL,'2023-06-23 21:31:25',NULL,NULL,NULL,NULL),(34038,'people',100000909,'volunteer',32,NULL,'2023-06-23 22:31:24',0,1,NULL,NULL),(34039,'people',100000909,'container changed from \"5616\" to \"5616\";',32,NULL,'2023-06-23 22:31:24',NULL,NULL,NULL,NULL),(34040,'people',100000868,'volunteer',34,NULL,'2023-06-23 23:31:23',1,0,NULL,NULL),(34041,'people',100000868,'container changed from \"7692\" to \"7692\";',34,NULL,'2023-06-23 23:31:23',NULL,NULL,NULL,NULL),(34042,'people',100000869,'volunteer',17,NULL,'2023-06-24 00:31:22',1,0,NULL,NULL),(34043,'people',100000869,'container changed from \"7018\" to \"7018\";',17,NULL,'2023-06-24 00:31:22',NULL,NULL,NULL,NULL),(34044,'people',100000934,'volunteer',34,NULL,'2023-06-24 01:31:21',0,1,NULL,NULL),(34045,'people',100000934,'container changed from \"5616\" to \"5616\";',34,NULL,'2023-06-24 01:31:21',NULL,NULL,NULL,NULL),(34046,'people',100000904,'volunteer',32,NULL,'2023-06-24 02:31:20',0,1,NULL,NULL),(34047,'people',100000904,'container changed from \"4287\" to \"4287\";',32,NULL,'2023-06-24 02:31:20',NULL,NULL,NULL,NULL),(34048,'people',100000910,'volunteer',18,NULL,'2023-06-24 03:31:19',0,1,NULL,NULL),(34049,'people',100000910,'container changed from \"4287\" to \"4287\";',18,NULL,'2023-06-24 03:31:19',NULL,NULL,NULL,NULL),(34050,'people',100000919,'volunteer',10,NULL,'2023-06-24 04:31:18',0,1,NULL,NULL),(34051,'people',100000919,'container changed from \"9633\" to \"9633\";',10,NULL,'2023-06-24 04:31:18',NULL,NULL,NULL,NULL),(34052,'people',100000877,'volunteer',32,NULL,'2023-06-24 05:31:17',1,0,NULL,NULL),(34053,'people',100000877,'container changed from \"9628\" to \"9628\";',32,NULL,'2023-06-24 05:31:17',NULL,NULL,NULL,NULL),(34054,'people',100000941,'volunteer',10,NULL,'2023-06-24 06:31:16',0,1,NULL,NULL),(34055,'people',100000941,'container changed from \"5616\" to \"5616\";',10,NULL,'2023-06-24 06:31:16',NULL,NULL,NULL,NULL),(34056,'people',100000883,'volunteer',18,NULL,'2023-06-24 07:31:15',1,0,NULL,NULL),(34057,'people',100000883,'container changed from \"5055\" to \"5055\";',18,NULL,'2023-06-24 07:31:15',NULL,NULL,NULL,NULL),(34058,'people',100000914,'volunteer',16,NULL,'2023-06-24 08:31:14',0,1,NULL,NULL),(34059,'people',100000914,'container changed from \"8748\" to \"8748\";',16,NULL,'2023-06-24 08:31:14',NULL,NULL,NULL,NULL),(34060,'people',100000915,'volunteer',15,NULL,'2023-06-24 09:31:13',0,1,NULL,NULL),(34061,'people',100000915,'container changed from \"8748\" to \"8748\";',15,NULL,'2023-06-24 09:31:13',NULL,NULL,NULL,NULL),(34062,'people',100000899,'volunteer',16,NULL,'2023-06-24 10:31:12',0,1,NULL,NULL),(34063,'people',100000899,'container changed from \"1320\" to \"1320\";',16,NULL,'2023-06-24 10:31:12',NULL,NULL,NULL,NULL),(34064,'people',100000916,'volunteer',34,NULL,'2023-06-24 11:31:11',1,0,NULL,NULL),(34065,'people',100000916,'container changed from \"9957\" to \"9957\";',34,NULL,'2023-06-24 11:31:11',NULL,NULL,NULL,NULL),(34066,'people',100000869,'volunteer',12,NULL,'2023-06-24 12:31:10',0,1,NULL,NULL),(34067,'people',100000869,'container changed from \"7018\" to \"7018\";',12,NULL,'2023-06-24 12:31:10',NULL,NULL,NULL,NULL),(34068,'people',100000908,'comments changed from \"\" to \"Consider help future.\";',15,NULL,'2023-06-24 13:31:09',NULL,NULL,NULL,NULL),(34069,'people',100000908,'container changed from \"1320\" to \"1320\";',15,NULL,'2023-06-24 13:31:09',NULL,NULL,NULL,NULL),(34070,'people',100000884,'comments changed from \"Onto watch art.\" to \"Strong foot.\";',17,NULL,'2023-06-24 14:31:08',NULL,NULL,NULL,NULL),(34071,'people',100000884,'container changed from \"5865\" to \"5865\";',17,NULL,'2023-06-24 14:31:08',NULL,NULL,NULL,NULL),(34072,'people',100000944,'comments changed from \"\" to \"Energy note PM pattern.\";',12,NULL,'2023-06-24 15:31:07',NULL,NULL,NULL,NULL),(34073,'people',100000944,'container changed from \"8160\" to \"8160\";',12,NULL,'2023-06-24 15:31:07',NULL,NULL,NULL,NULL),(34074,'people',100000874,'comments changed from \"True decade.\" to \"Poor focus.\";',17,NULL,'2023-06-24 16:31:06',NULL,NULL,NULL,NULL),(34075,'people',100000874,'container changed from \"7666\" to \"7666\";',17,NULL,'2023-06-24 16:31:06',NULL,NULL,NULL,NULL),(34076,'people',100000883,'comments changed from \"Republican window listen.\" to \"Nor term yourself.\";',34,NULL,'2023-06-24 17:31:05',NULL,NULL,NULL,NULL),(34077,'people',100000883,'container changed from \"5055\" to \"5055\";',34,NULL,'2023-06-24 17:31:05',NULL,NULL,NULL,NULL),(34078,'people',100000929,'comments changed from \"\" to \"Add wear blood.\";',32,NULL,'2023-06-24 18:31:04',NULL,NULL,NULL,NULL),(34079,'people',100000929,'container changed from \"8160\" to \"8160\";',32,NULL,'2023-06-24 18:31:04',NULL,NULL,NULL,NULL),(34080,'people',100000883,'comments changed from \"Nor term yourself.\" to \"Budget medical.\";',10,NULL,'2023-06-24 19:31:03',NULL,NULL,NULL,NULL),(34081,'people',100000883,'container changed from \"5055\" to \"5055\";',10,NULL,'2023-06-24 19:31:03',NULL,NULL,NULL,NULL),(34082,'people',100000945,'comments changed from \"\" to \"Name listen.\";',16,NULL,'2023-06-24 20:31:02',NULL,NULL,NULL,NULL),(34083,'people',100000945,'container changed from \"5616\" to \"5616\";',16,NULL,'2023-06-24 20:31:02',NULL,NULL,NULL,NULL),(34084,'people',100000893,'comments changed from \"Down add.\" to \"Pattern story director.\";',15,NULL,'2023-06-24 21:31:01',NULL,NULL,NULL,NULL),(34085,'people',100000893,'container changed from \"8236\" to \"8236\";',15,NULL,'2023-06-24 21:31:01',NULL,NULL,NULL,NULL),(34086,'people',100000866,'comments changed from \"They ten night.\" to \"Country tree tell unit.\";',16,NULL,'2023-06-24 22:31:00',NULL,NULL,NULL,NULL),(34087,'people',100000866,'container changed from \"3080\" to \"3080\";',16,NULL,'2023-06-24 22:31:00',NULL,NULL,NULL,NULL),(34088,'people',100000927,'comments changed from \"\" to \"When word.\";',34,NULL,'2023-06-24 23:30:59',NULL,NULL,NULL,NULL),(34089,'people',100000927,'container changed from \"8236\" to \"8236\";',34,NULL,'2023-06-24 23:30:59',NULL,NULL,NULL,NULL),(34090,'people',100000931,'comments changed from \"\" to \"Offer whose.\";',10,NULL,'2023-06-25 00:30:58',NULL,NULL,NULL,NULL),(34091,'people',100000931,'container changed from \"4287\" to \"4287\";',10,NULL,'2023-06-25 00:30:58',NULL,NULL,NULL,NULL),(34092,'people',100000883,'comments changed from \"Budget medical.\" to \"Bag news risk.\";',15,NULL,'2023-06-25 01:30:57',NULL,NULL,NULL,NULL),(34093,'people',100000883,'container changed from \"5055\" to \"5055\";',15,NULL,'2023-06-25 01:30:57',NULL,NULL,NULL,NULL),(34094,'people',100000939,'comments changed from \"\" to \"Hope front.\";',15,NULL,'2023-06-25 02:30:56',NULL,NULL,NULL,NULL),(34095,'people',100000939,'container changed from \"1320\" to \"1320\";',15,NULL,'2023-06-25 02:30:56',NULL,NULL,NULL,NULL),(34096,'people',100000886,'comments changed from \"Pretty administration size.\" to \"Others care.\";',18,NULL,'2023-06-25 03:30:55',NULL,NULL,NULL,NULL),(34097,'people',100000886,'container changed from \"8748\" to \"8748\";',18,NULL,'2023-06-25 03:30:55',NULL,NULL,NULL,NULL),(34098,'people',100000935,'comments changed from \"\" to \"Citizen color next.\";',16,NULL,'2023-06-25 04:30:54',NULL,NULL,NULL,NULL),(34099,'people',100000935,'container changed from \"5616\" to \"5616\";',16,NULL,'2023-06-25 04:30:54',NULL,NULL,NULL,NULL),(34100,'people',100000896,'comments changed from \"Paper window create.\" to \"Song indicate.\";',17,NULL,'2023-06-25 05:30:53',NULL,NULL,NULL,NULL),(34101,'people',100000896,'container changed from \"5571\" to \"5571\";',17,NULL,'2023-06-25 05:30:53',NULL,NULL,NULL,NULL),(34102,'people',100000904,'comments changed from \"Scene.\" to \"Region sing.\";',18,NULL,'2023-06-25 06:30:52',NULL,NULL,NULL,NULL),(34103,'people',100000904,'container changed from \"4287\" to \"4287\";',18,NULL,'2023-06-25 06:30:52',NULL,NULL,NULL,NULL),(34104,'people',100000899,'comments changed from \"Appear girl.\" to \"Whatever name anything.\";',15,NULL,'2023-06-25 07:30:51',NULL,NULL,NULL,NULL),(34105,'people',100000899,'container changed from \"1320\" to \"1320\";',15,NULL,'2023-06-25 07:30:51',NULL,NULL,NULL,NULL),(34106,'people',100000944,'comments changed from \"Energy note PM pattern.\" to \"Leg not rest.\";',32,NULL,'2023-06-25 08:30:50',NULL,NULL,NULL,NULL),(34107,'people',100000944,'container changed from \"8160\" to \"8160\";',32,NULL,'2023-06-25 08:30:50',NULL,NULL,NULL,NULL),(34108,'people',100000944,'comments changed from \"Leg not rest.\" to \"My author.\";',34,NULL,'2023-06-25 09:30:49',NULL,NULL,NULL,NULL),(34109,'people',100000944,'container changed from \"8160\" to \"8160\";',34,NULL,'2023-06-25 09:30:49',NULL,NULL,NULL,NULL),(34110,'people',100000944,'comments changed from \"My author.\" to \"Himself born now.\";',10,NULL,'2023-06-25 10:30:48',NULL,NULL,NULL,NULL),(34111,'people',100000944,'container changed from \"8160\" to \"8160\";',10,NULL,'2023-06-25 10:30:48',NULL,NULL,NULL,NULL),(34112,'people',100000943,'comments changed from \"\" to \"Small cup.\";',15,NULL,'2023-06-25 11:30:47',NULL,NULL,NULL,NULL),(34113,'people',100000943,'container changed from \"5571\" to \"5571\";',15,NULL,'2023-06-25 11:30:47',NULL,NULL,NULL,NULL),(34114,'people',100000875,'comments changed from \"Hair threat strategy.\" to \"Instead involve lose.\";',12,NULL,'2023-06-25 12:30:46',NULL,NULL,NULL,NULL),(34115,'people',100000875,'container changed from \"5043\" to \"5043\";',12,NULL,'2023-06-25 12:30:46',NULL,NULL,NULL,NULL),(34116,'people',100000876,'comments changed from \"Argue career.\" to \"Different young middle.\";',18,NULL,'2023-06-25 13:30:45',NULL,NULL,NULL,NULL),(34117,'people',100000876,'container changed from \"8793\" to \"8793\";',18,NULL,'2023-06-25 13:30:45',NULL,NULL,NULL,NULL),(34118,'people',100000920,'comments changed from \"\" to \"Candidate young.\";',32,NULL,'2023-06-25 14:30:44',NULL,NULL,NULL,NULL),(34119,'people',100000920,'container changed from \"9633\" to \"9633\";',32,NULL,'2023-06-25 14:30:44',NULL,NULL,NULL,NULL),(34120,'people',100000888,'comments changed from \"Successful.\" to \"Improve.\";',34,NULL,'2023-06-25 15:30:43',NULL,NULL,NULL,NULL),(34121,'people',100000888,'container changed from \"9633\" to \"9633\";',34,NULL,'2023-06-25 15:30:43',NULL,NULL,NULL,NULL),(34122,'people',100000939,'comments changed from \"Hope front.\" to \"Analysis.\";',16,NULL,'2023-06-25 16:30:42',NULL,NULL,NULL,NULL),(34123,'people',100000939,'container changed from \"1320\" to \"1320\";',16,NULL,'2023-06-25 16:30:42',NULL,NULL,NULL,NULL),(34124,'people',100000892,'comments changed from \"Often however suffer.\" to \"See back career.\";',10,NULL,'2023-06-25 17:30:41',NULL,NULL,NULL,NULL),(34125,'people',100000892,'container changed from \"8236\" to \"8236\";',10,NULL,'2023-06-25 17:30:41',NULL,NULL,NULL,NULL),(34126,'people',100000879,'comments changed from \"Nice.\" to \"Stage personal exactly.\";',12,NULL,'2023-06-25 18:30:40',NULL,NULL,NULL,NULL),(34127,'people',100000879,'container changed from \"9338\" to \"9338\";',12,NULL,'2023-06-25 18:30:40',NULL,NULL,NULL,NULL),(34128,'people',100000903,'comments changed from \"Pay dog.\" to \"Check heavy son.\";',18,NULL,'2023-06-25 19:30:39',NULL,NULL,NULL,NULL),(34129,'people',100000903,'container changed from \"5616\" to \"5616\";',18,NULL,'2023-06-25 19:30:39',NULL,NULL,NULL,NULL),(34130,'people',100000870,'comments changed from \"Scene choose.\" to \"South teach.\";',15,NULL,'2023-06-25 20:30:38',NULL,NULL,NULL,NULL),(34131,'people',100000870,'container changed from \"1049\" to \"1049\";',15,NULL,'2023-06-25 20:30:38',NULL,NULL,NULL,NULL),(34132,'people',100000870,'comments changed from \"South teach.\" to \"Attack act.\";',17,NULL,'2023-06-25 21:30:37',NULL,NULL,NULL,NULL),(34133,'people',100000870,'container changed from \"1049\" to \"1049\";',17,NULL,'2023-06-25 21:30:37',NULL,NULL,NULL,NULL),(34134,'people',100000880,'comments changed from \"Should already assume.\" to \"Direction million senior lay.\";',17,NULL,'2023-06-25 22:30:36',NULL,NULL,NULL,NULL),(34135,'people',100000880,'container changed from \"4674\" to \"4674\";',17,NULL,'2023-06-25 22:30:36',NULL,NULL,NULL,NULL),(34136,'people',100000897,'comments changed from \"Card evening.\" to \"Participant.\";',15,NULL,'2023-06-25 23:30:35',NULL,NULL,NULL,NULL),(34137,'people',100000897,'container changed from \"5571\" to \"5571\";',15,NULL,'2023-06-25 23:30:35',NULL,NULL,NULL,NULL),(34138,'people',100000932,'comments changed from \"\" to \"Participant pick campaign blood.\";',32,NULL,'2023-06-26 00:30:34',NULL,NULL,NULL,NULL),(34139,'people',100000932,'container changed from \"4287\" to \"4287\";',32,NULL,'2023-06-26 00:30:34',NULL,NULL,NULL,NULL),(34140,'people',100000907,'comments changed from \"\" to \"Against dinner bad.\";',12,NULL,'2023-06-26 01:30:33',NULL,NULL,NULL,NULL),(34141,'people',100000907,'container changed from \"8160\" to \"8160\";',12,NULL,'2023-06-26 01:30:33',NULL,NULL,NULL,NULL),(34142,'people',100000911,'comments changed from \"\" to \"Program black charge.\";',15,NULL,'2023-06-26 02:30:32',NULL,NULL,NULL,NULL),(34143,'people',100000911,'container changed from \"4287\" to \"4287\";',15,NULL,'2023-06-26 02:30:32',NULL,NULL,NULL,NULL),(34144,'people',100000886,'comments changed from \"Others care.\" to \"Whole raise.\";',17,NULL,'2023-06-26 03:30:31',NULL,NULL,NULL,NULL),(34145,'people',100000886,'container changed from \"8748\" to \"8748\";',17,NULL,'2023-06-26 03:30:31',NULL,NULL,NULL,NULL),(34146,'people',100000867,'comments changed from \"Middle remember.\" to \"Movement within light.\";',12,NULL,'2023-06-26 04:30:30',NULL,NULL,NULL,NULL),(34147,'people',100000867,'container changed from \"8735\" to \"8735\";',12,NULL,'2023-06-26 04:30:30',NULL,NULL,NULL,NULL),(34148,'people',100000896,'lastname changed from \"Rodriguez\" to \"Rodriguezer\";',12,NULL,'2023-06-26 05:30:29',NULL,NULL,NULL,NULL),(34149,'people',100000896,'container changed from \"5571\" to \"5571\";',12,NULL,'2023-06-26 05:30:29',NULL,NULL,NULL,NULL),(34150,'people',100000940,'lastname changed from \"Johnston\" to \"Johnstoner\";',34,NULL,'2023-06-26 06:30:28',NULL,NULL,NULL,NULL),(34151,'people',100000940,'container changed from \"3238\" to \"3238\";',34,NULL,'2023-06-26 06:30:28',NULL,NULL,NULL,NULL),(34152,'people',100000896,'lastname changed from \"Rodriguezer\" to \"Rodriguezerer\";',32,NULL,'2023-06-26 07:30:27',NULL,NULL,NULL,NULL),(34153,'people',100000896,'container changed from \"5571\" to \"5571\";',32,NULL,'2023-06-26 07:30:27',NULL,NULL,NULL,NULL),(34154,'people',100000928,'lastname changed from \"Allen\" to \"Allener\";',15,NULL,'2023-06-26 08:30:26',NULL,NULL,NULL,NULL),(34155,'people',100000928,'container changed from \"5616\" to \"5616\";',15,NULL,'2023-06-26 08:30:26',NULL,NULL,NULL,NULL),(34156,'people',100000934,'lastname changed from \"Allen\" to \"Allener\";',34,NULL,'2023-06-26 09:30:25',NULL,NULL,NULL,NULL),(34157,'people',100000934,'container changed from \"5616\" to \"5616\";',34,NULL,'2023-06-26 09:30:25',NULL,NULL,NULL,NULL),(34158,'people',100000927,'lastname changed from \"Johnson\" to \"Johnsoner\";',18,NULL,'2023-06-26 10:30:24',NULL,NULL,NULL,NULL),(34159,'people',100000927,'container changed from \"8236\" to \"8236\";',18,NULL,'2023-06-26 10:30:24',NULL,NULL,NULL,NULL),(34160,'people',100000908,'lastname changed from \"Brown\" to \"Browner\";',10,NULL,'2023-06-26 11:30:23',NULL,NULL,NULL,NULL),(34161,'people',100000908,'container changed from \"1320\" to \"1320\";',10,NULL,'2023-06-26 11:30:23',NULL,NULL,NULL,NULL),(34162,'people',100000882,'lastname changed from \"Horton\" to \"Hortoner\";',34,NULL,'2023-06-26 12:30:22',NULL,NULL,NULL,NULL),(34163,'people',100000882,'container changed from \"7302\" to \"7302\";',34,NULL,'2023-06-26 12:30:22',NULL,NULL,NULL,NULL),(34164,'people',100000871,'lastname changed from \"Myers\" to \"Myerser\";',34,NULL,'2023-06-26 13:30:21',NULL,NULL,NULL,NULL),(34165,'people',100000871,'container changed from \"2231\" to \"2231\";',34,NULL,'2023-06-26 13:30:21',NULL,NULL,NULL,NULL),(34166,'people',100000934,'lastname changed from \"Allener\" to \"Allenerer\";',12,NULL,'2023-06-26 14:30:20',NULL,NULL,NULL,NULL),(34167,'people',100000934,'container changed from \"5616\" to \"5616\";',12,NULL,'2023-06-26 14:30:20',NULL,NULL,NULL,NULL),(34168,'people',100000930,'lastname changed from \"Allen\" to \"Allener\";',10,NULL,'2023-06-26 15:30:19',NULL,NULL,NULL,NULL),(34169,'people',100000930,'container changed from \"5616\" to \"5616\";',10,NULL,'2023-06-26 15:30:19',NULL,NULL,NULL,NULL),(34170,'people',100000866,'lastname changed from \"Hensley\" to \"Hensleyer\";',16,NULL,'2023-06-26 16:30:18',NULL,NULL,NULL,NULL),(34171,'people',100000866,'container changed from \"3080\" to \"3080\";',16,NULL,'2023-06-26 16:30:18',NULL,NULL,NULL,NULL),(34172,'people',100000932,'lastname changed from \"Moreno\" to \"Morenoer\";',34,NULL,'2023-06-26 17:30:17',NULL,NULL,NULL,NULL),(34173,'people',100000932,'container changed from \"4287\" to \"4287\";',34,NULL,'2023-06-26 17:30:17',NULL,NULL,NULL,NULL),(34174,'people',100000930,'lastname changed from \"Allener\" to \"Allenerer\";',34,NULL,'2023-06-26 18:30:16',NULL,NULL,NULL,NULL),(34175,'people',100000930,'container changed from \"5616\" to \"5616\";',34,NULL,'2023-06-26 18:30:16',NULL,NULL,NULL,NULL),(34176,'people',100000928,'lastname changed from \"Allener\" to \"Allenerer\";',12,NULL,'2023-06-26 19:30:15',NULL,NULL,NULL,NULL),(34177,'people',100000928,'container changed from \"5616\" to \"5616\";',12,NULL,'2023-06-26 19:30:15',NULL,NULL,NULL,NULL),(34178,'people',100000881,'lastname changed from \"Wilson\" to \"Wilsoner\";',16,NULL,'2023-06-26 20:30:14',NULL,NULL,NULL,NULL),(34179,'people',100000881,'container changed from \"1783\" to \"1783\";',16,NULL,'2023-06-26 20:30:14',NULL,NULL,NULL,NULL),(34180,'people',100000899,'lastname changed from \"Lowe\" to \"Loweer\";',12,NULL,'2023-06-26 21:30:13',NULL,NULL,NULL,NULL),(34181,'people',100000899,'container changed from \"1320\" to \"1320\";',12,NULL,'2023-06-26 21:30:13',NULL,NULL,NULL,NULL),(34182,'people',100000936,'lastname changed from \"Mcgrath\" to \"Mcgrather\";',10,NULL,'2023-06-26 22:30:12',NULL,NULL,NULL,NULL),(34183,'people',100000936,'container changed from \"8748\" to \"8748\";',10,NULL,'2023-06-26 22:30:12',NULL,NULL,NULL,NULL),(34184,'people',100000899,'lastname changed from \"Loweer\" to \"Loweerer\";',10,NULL,'2023-06-26 23:30:11',NULL,NULL,NULL,NULL),(34185,'people',100000899,'container changed from \"1320\" to \"1320\";',10,NULL,'2023-06-26 23:30:11',NULL,NULL,NULL,NULL),(34186,'people',100000937,'lastname changed from \"Brown\" to \"Browner\";',12,NULL,'2023-06-27 00:30:10',NULL,NULL,NULL,NULL),(34187,'people',100000937,'container changed from \"1320\" to \"1320\";',12,NULL,'2023-06-27 00:30:10',NULL,NULL,NULL,NULL),(34188,'people',100000927,'lastname changed from \"Johnsoner\" to \"Johnsonerer\";',17,NULL,'2023-06-27 01:30:09',NULL,NULL,NULL,NULL),(34189,'people',100000927,'container changed from \"8236\" to \"8236\";',17,NULL,'2023-06-27 01:30:09',NULL,NULL,NULL,NULL),(34190,'people',100000892,'lastname changed from \"Johnson\" to \"Johnsoner\";',16,NULL,'2023-06-27 02:30:08',NULL,NULL,NULL,NULL),(34191,'people',100000892,'container changed from \"8236\" to \"8236\";',16,NULL,'2023-06-27 02:30:08',NULL,NULL,NULL,NULL),(34192,'people',100000899,'lastname changed from \"Loweerer\" to \"Loweererer\";',18,NULL,'2023-06-27 03:30:07',NULL,NULL,NULL,NULL),(34193,'people',100000899,'container changed from \"1320\" to \"1320\";',18,NULL,'2023-06-27 03:30:07',NULL,NULL,NULL,NULL),(34194,'people',100000916,'lastname changed from \"Vaughn\" to \"Vaughner\";',18,NULL,'2023-06-27 04:30:06',NULL,NULL,NULL,NULL),(34195,'people',100000916,'container changed from \"9957\" to \"9957\";',18,NULL,'2023-06-27 04:30:06',NULL,NULL,NULL,NULL),(34196,'people',100000943,'lastname changed from \"Rodriguez\" to \"Rodriguezer\";',18,NULL,'2023-06-27 05:30:05',NULL,NULL,NULL,NULL),(34197,'people',100000943,'container changed from \"5571\" to \"5571\";',18,NULL,'2023-06-27 05:30:05',NULL,NULL,NULL,NULL),(34198,'people',100000923,'lastname changed from \"Moreno\" to \"Morenoer\";',10,NULL,'2023-06-27 06:30:04',NULL,NULL,NULL,NULL),(34199,'people',100000923,'container changed from \"4287\" to \"4287\";',10,NULL,'2023-06-27 06:30:04',NULL,NULL,NULL,NULL),(34200,'people',100000898,'lastname changed from \"Brown\" to \"Browner\";',12,NULL,'2023-06-27 07:30:03',NULL,NULL,NULL,NULL),(34201,'people',100000898,'container changed from \"1320\" to \"1320\";',12,NULL,'2023-06-27 07:30:03',NULL,NULL,NULL,NULL),(34202,'people',100000921,'lastname changed from \"Moreno\" to \"Morenoer\";',18,NULL,'2023-06-27 08:30:02',NULL,NULL,NULL,NULL),(34203,'people',100000921,'container changed from \"4287\" to \"4287\";',18,NULL,'2023-06-27 08:30:02',NULL,NULL,NULL,NULL),(34204,'people',100000898,'lastname changed from \"Browner\" to \"Brownerer\";',34,NULL,'2023-06-27 09:30:01',NULL,NULL,NULL,NULL),(34205,'people',100000898,'container changed from \"1320\" to \"1320\";',34,NULL,'2023-06-27 09:30:01',NULL,NULL,NULL,NULL),(34206,'people',100000902,'lastname changed from \"Allen\" to \"Allener\";',12,NULL,'2023-06-27 10:30:00',NULL,NULL,NULL,NULL),(34207,'people',100000902,'container changed from \"5616\" to \"5616\";',12,NULL,'2023-06-27 10:30:00',NULL,NULL,NULL,NULL),(34208,'people',100000911,'lastname changed from \"Moreno\" to \"Morenoer\";',32,NULL,'2023-06-27 11:29:59',NULL,NULL,NULL,NULL),(34209,'people',100000911,'container changed from \"4287\" to \"4287\";',32,NULL,'2023-06-27 11:29:59',NULL,NULL,NULL,NULL),(34210,'people',100000936,'lastname changed from \"Mcgrather\" to \"Mcgratherer\";',15,NULL,'2023-06-27 12:29:58',NULL,NULL,NULL,NULL),(34211,'people',100000936,'container changed from \"8748\" to \"8748\";',15,NULL,'2023-06-27 12:29:58',NULL,NULL,NULL,NULL),(34212,'people',100000874,'lastname changed from \"Michael\" to \"Michaeler\";',16,NULL,'2023-06-27 13:29:57',NULL,NULL,NULL,NULL),(34213,'people',100000874,'container changed from \"7666\" to \"7666\";',16,NULL,'2023-06-27 13:29:57',NULL,NULL,NULL,NULL),(34214,'people',100000876,'lastname changed from \"Lopez\" to \"Lopezer\";',18,NULL,'2023-06-27 14:29:56',NULL,NULL,NULL,NULL),(34215,'people',100000876,'container changed from \"8793\" to \"8793\";',18,NULL,'2023-06-27 14:29:56',NULL,NULL,NULL,NULL),(34216,'people',100000933,'lastname changed from \"Mcgrath\" to \"Mcgrather\";',16,NULL,'2023-06-27 15:29:55',NULL,NULL,NULL,NULL),(34217,'people',100000933,'container changed from \"8748\" to \"8748\";',16,NULL,'2023-06-27 15:29:55',NULL,NULL,NULL,NULL),(34218,'people',100000935,'lastname changed from \"Allen\" to \"Allener\";',34,NULL,'2023-06-27 16:29:54',NULL,NULL,NULL,NULL),(34219,'people',100000935,'container changed from \"5616\" to \"5616\";',34,NULL,'2023-06-27 16:29:54',NULL,NULL,NULL,NULL),(34220,'people',100000926,'lastname changed from \"Johnson\" to \"Johnsoner\";',16,NULL,'2023-06-27 17:29:53',NULL,NULL,NULL,NULL),(34221,'people',100000926,'container changed from \"8236\" to \"8236\";',16,NULL,'2023-06-27 17:29:53',NULL,NULL,NULL,NULL),(34222,'people',100000909,'lastname changed from \"Allen\" to \"Allener\";',12,NULL,'2023-06-27 18:29:52',NULL,NULL,NULL,NULL),(34223,'people',100000909,'container changed from \"5616\" to \"5616\";',12,NULL,'2023-06-27 18:29:52',NULL,NULL,NULL,NULL),(34224,'people',100000871,'lastname changed from \"Myerser\" to \"Myerserer\";',32,NULL,'2023-06-27 19:29:51',NULL,NULL,NULL,NULL),(34225,'people',100000871,'container changed from \"2231\" to \"2231\";',32,NULL,'2023-06-27 19:29:51',NULL,NULL,NULL,NULL),(34226,'people',100000900,'lastname changed from \"Johnston\" to \"Johnstoner\";',18,NULL,'2023-06-27 20:29:50',NULL,NULL,NULL,NULL),(34227,'people',100000900,'container changed from \"3238\" to \"3238\";',18,NULL,'2023-06-27 20:29:50',NULL,NULL,NULL,NULL),(34228,'people',100000882,'Record deleted',18,NULL,'2023-06-27 21:29:49',NULL,NULL,NULL,NULL),(34229,'people',100000914,'Record deleted',18,NULL,'2023-06-27 22:29:48',NULL,NULL,NULL,NULL),(34230,'products',1166,'Record created',25,NULL,'2023-04-11 10:00:49',NULL,NULL,NULL,NULL),(34231,'products',1167,'Record created',6,NULL,'2023-04-11 11:00:50',NULL,NULL,NULL,NULL),(34232,'products',1168,'Record created',4,NULL,'2023-04-11 12:00:51',NULL,NULL,NULL,NULL),(34233,'products',1169,'Record created',7,NULL,'2023-04-11 13:00:52',NULL,NULL,NULL,NULL),(34234,'products',1170,'Record created',23,NULL,'2023-04-11 14:00:53',NULL,NULL,NULL,NULL),(34235,'products',1171,'Record created',7,NULL,'2023-04-11 15:00:54',NULL,NULL,NULL,NULL),(34236,'products',1172,'Record created',7,NULL,'2023-04-11 16:00:55',NULL,NULL,NULL,NULL),(34237,'products',1173,'Record created',23,NULL,'2023-04-11 17:00:56',NULL,NULL,NULL,NULL),(34238,'products',1174,'Record created',4,NULL,'2023-04-11 18:00:57',NULL,NULL,NULL,NULL),(34239,'products',1175,'Record created',23,NULL,'2023-04-11 19:00:58',NULL,NULL,NULL,NULL),(34240,'products',1176,'Record created',6,NULL,'2023-04-11 20:00:59',NULL,NULL,NULL,NULL),(34241,'products',1177,'Record created',24,NULL,'2023-04-11 21:01:00',NULL,NULL,NULL,NULL),(34242,'products',1178,'Record created',23,NULL,'2023-04-11 22:01:01',NULL,NULL,NULL,NULL),(34243,'products',1179,'Record created',8,NULL,'2023-04-11 23:01:02',NULL,NULL,NULL,NULL),(34244,'products',1180,'Record created',24,NULL,'2023-04-12 00:01:03',NULL,NULL,NULL,NULL),(34245,'products',1181,'Record created',3,NULL,'2023-04-12 01:01:04',NULL,NULL,NULL,NULL),(34246,'products',1182,'Record created',3,NULL,'2023-04-12 02:01:05',NULL,NULL,NULL,NULL),(34247,'products',1183,'Record created',4,NULL,'2023-04-12 03:01:06',NULL,NULL,NULL,NULL),(34248,'products',1184,'Record created',3,NULL,'2023-04-12 04:01:07',NULL,NULL,NULL,NULL),(34249,'products',1185,'Record created',23,NULL,'2023-04-12 05:01:08',NULL,NULL,NULL,NULL),(34250,'products',1186,'Record created',8,NULL,'2023-04-12 06:01:09',NULL,NULL,NULL,NULL),(34251,'products',1187,'Record created',4,NULL,'2023-04-12 07:01:10',NULL,NULL,NULL,NULL),(34252,'products',1188,'Record created',7,NULL,'2023-04-12 08:01:11',NULL,NULL,NULL,NULL),(34253,'products',1189,'Record created',8,NULL,'2023-04-12 09:01:12',NULL,NULL,NULL,NULL),(34254,'products',1190,'Record created',8,NULL,'2023-04-12 10:01:13',NULL,NULL,NULL,NULL),(34255,'products',1191,'Record created',5,NULL,'2023-04-12 11:01:14',NULL,NULL,NULL,NULL),(34256,'products',1192,'Record created',9,NULL,'2023-04-12 12:01:15',NULL,NULL,NULL,NULL),(34257,'products',1193,'Record created',6,NULL,'2023-04-12 13:01:16',NULL,NULL,NULL,NULL),(34258,'products',1194,'Record created',8,NULL,'2023-04-12 14:01:17',NULL,NULL,NULL,NULL),(34259,'products',1195,'Record created',7,NULL,'2023-04-12 15:01:18',NULL,NULL,NULL,NULL),(34260,'products',1196,'Record created',8,NULL,'2023-04-12 16:01:19',NULL,NULL,NULL,NULL),(34261,'products',1197,'Record created',9,NULL,'2023-04-12 17:01:20',NULL,NULL,NULL,NULL),(34262,'products',1198,'Record created',2,NULL,'2023-04-12 18:01:21',NULL,NULL,NULL,NULL),(34263,'products',1199,'Record created',23,NULL,'2023-04-12 19:01:22',NULL,NULL,NULL,NULL),(34264,'products',1200,'Record created',9,NULL,'2023-04-12 20:01:23',NULL,NULL,NULL,NULL),(34265,'products',1201,'Record created',2,NULL,'2023-04-12 21:01:24',NULL,NULL,NULL,NULL),(34266,'products',1202,'Record created',3,NULL,'2023-04-12 22:01:25',NULL,NULL,NULL,NULL),(34267,'products',1203,'Record created',8,NULL,'2023-04-12 23:01:26',NULL,NULL,NULL,NULL),(34268,'products',1204,'Record created',7,NULL,'2023-04-13 00:01:27',NULL,NULL,NULL,NULL),(34269,'products',1205,'Record created',24,NULL,'2023-04-13 01:01:28',NULL,NULL,NULL,NULL),(34270,'products',1206,'Record created',2,NULL,'2023-04-13 02:01:29',NULL,NULL,NULL,NULL),(34271,'products',1207,'Record created',4,NULL,'2023-04-13 03:01:30',NULL,NULL,NULL,NULL),(34272,'products',1208,'Record created',4,NULL,'2023-04-13 04:01:31',NULL,NULL,NULL,NULL),(34273,'products',1209,'Record created',4,NULL,'2023-04-13 05:01:32',NULL,NULL,NULL,NULL),(34274,'products',1210,'Record created',9,NULL,'2023-04-13 06:01:33',NULL,NULL,NULL,NULL),(34275,'products',1211,'Record created',6,NULL,'2023-04-13 07:01:34',NULL,NULL,NULL,NULL),(34276,'products',1212,'Record created',25,NULL,'2023-04-13 08:01:35',NULL,NULL,NULL,NULL),(34277,'products',1213,'Record created',6,NULL,'2023-04-13 09:01:36',NULL,NULL,NULL,NULL),(34278,'products',1214,'Record created',7,NULL,'2023-04-13 10:01:37',NULL,NULL,NULL,NULL),(34279,'products',1215,'Record created',2,NULL,'2023-04-13 11:01:38',NULL,NULL,NULL,NULL),(34280,'products',1216,'Record created',7,NULL,'2023-04-13 12:01:39',NULL,NULL,NULL,NULL),(34281,'products',1217,'Record created',24,NULL,'2023-04-13 13:01:40',NULL,NULL,NULL,NULL),(34282,'products',1218,'Record created',2,NULL,'2023-04-13 14:01:41',NULL,NULL,NULL,NULL),(34283,'products',1219,'Record created',23,NULL,'2023-04-13 15:01:42',NULL,NULL,NULL,NULL),(34284,'products',1220,'Record created',8,NULL,'2023-04-13 16:01:43',NULL,NULL,NULL,NULL),(34285,'products',1221,'Record created',2,NULL,'2023-04-13 17:01:44',NULL,NULL,NULL,NULL),(34286,'products',1222,'Record created',3,NULL,'2023-04-13 18:01:45',NULL,NULL,NULL,NULL),(34287,'products',1223,'Record created',5,NULL,'2023-04-13 19:01:46',NULL,NULL,NULL,NULL),(34288,'products',1224,'Record created',6,NULL,'2023-04-13 20:01:47',NULL,NULL,NULL,NULL),(34289,'products',1225,'Record created',3,NULL,'2023-04-13 21:01:48',NULL,NULL,NULL,NULL),(34290,'products',1226,'Record created',7,NULL,'2023-04-13 22:01:49',NULL,NULL,NULL,NULL),(34291,'products',1227,'Record created',9,NULL,'2023-04-13 23:01:50',NULL,NULL,NULL,NULL),(34292,'products',1228,'Record created',4,NULL,'2023-04-14 00:01:51',NULL,NULL,NULL,NULL),(34293,'products',1229,'Record created',3,NULL,'2023-04-14 01:01:52',NULL,NULL,NULL,NULL),(34294,'products',1230,'Record created',8,NULL,'2023-04-14 02:01:53',NULL,NULL,NULL,NULL),(34295,'products',1231,'Record created',24,NULL,'2023-04-14 03:01:54',NULL,NULL,NULL,NULL),(34296,'products',1232,'Record created',9,NULL,'2023-04-14 04:01:55',NULL,NULL,NULL,NULL),(34297,'products',1233,'Record created',7,NULL,'2023-04-14 05:01:56',NULL,NULL,NULL,NULL),(34298,'products',1234,'Record created',8,NULL,'2023-04-14 06:01:57',NULL,NULL,NULL,NULL),(34299,'products',1235,'Record created',7,NULL,'2023-04-14 07:01:58',NULL,NULL,NULL,NULL),(34300,'products',1236,'Record created',3,NULL,'2023-04-14 08:01:59',NULL,NULL,NULL,NULL),(34301,'products',1237,'Record created',5,NULL,'2023-04-14 09:02:00',NULL,NULL,NULL,NULL),(34302,'products',1238,'Record created',4,NULL,'2023-04-14 10:02:01',NULL,NULL,NULL,NULL),(34303,'products',1239,'Record created',6,NULL,'2023-04-14 11:02:02',NULL,NULL,NULL,NULL),(34304,'products',1240,'Record created',8,NULL,'2023-04-14 12:02:03',NULL,NULL,NULL,NULL),(34305,'products',1241,'Record created',5,NULL,'2023-04-14 13:02:04',NULL,NULL,NULL,NULL),(34306,'products',1241,'gender_id',23,NULL,'2023-04-14 14:02:05',6,10,NULL,NULL),(34307,'products',1241,'Record deleted',24,NULL,'2023-04-14 15:02:06',NULL,NULL,NULL,NULL),(34308,'products',1191,'name changed from \"Gloves\" to \"gloves\";',23,NULL,'2023-04-14 16:02:07',NULL,NULL,NULL,NULL),(34309,'products',1180,'name changed from \"T-Shirts\" to \"t-shirts\";',4,NULL,'2023-04-14 17:02:08',NULL,NULL,NULL,NULL),(34310,'products',1174,'name changed from \"Trousers\" to \"trousers\";',6,NULL,'2023-04-14 18:02:09',NULL,NULL,NULL,NULL),(34311,'products',1198,'name changed from \"Belts\" to \"belts\";',2,NULL,'2023-04-14 19:02:10',NULL,NULL,NULL,NULL),(34312,'products',1191,'value',23,NULL,'2023-04-14 20:02:11',26,21,NULL,NULL),(34313,'products',1182,'value',6,NULL,'2023-04-14 21:02:12',27,96,NULL,NULL),(34314,'products',1186,'value',7,NULL,'2023-04-14 22:02:13',28,25,NULL,NULL),(34315,'products',1203,'value',5,NULL,'2023-04-14 23:02:14',19,69,NULL,NULL),(34316,'products',1183,'value',6,NULL,'2023-04-15 00:02:15',42,58,NULL,NULL),(34317,'products',1200,'value',3,NULL,'2023-04-15 01:02:16',72,69,NULL,NULL),(34318,'products',1171,'value',9,NULL,'2023-04-15 02:02:17',75,57,NULL,NULL),(34319,'products',1214,'value',24,NULL,'2023-04-15 03:02:18',31,18,NULL,NULL),(34320,'products',1191,'value',23,NULL,'2023-04-15 04:02:19',21,70,NULL,NULL),(34321,'products',1188,'value',9,NULL,'2023-04-15 05:02:20',48,84,NULL,NULL),(34322,'products',1193,'value',4,NULL,'2023-04-15 06:02:21',9,36,NULL,NULL),(34323,'products',1171,'value',7,NULL,'2023-04-15 07:02:22',57,9,NULL,NULL),(34324,'products',1207,'value',24,NULL,'2023-04-15 08:02:23',55,26,NULL,NULL),(34325,'products',1210,'value',7,NULL,'2023-04-15 09:02:24',92,87,NULL,NULL),(34326,'products',1176,'value',25,NULL,'2023-04-15 10:02:25',8,23,NULL,NULL),(34327,'products',1208,'value',2,NULL,'2023-04-15 11:02:26',26,96,NULL,NULL),(34328,'products',1204,'value',23,NULL,'2023-04-15 12:02:27',8,71,NULL,NULL),(34329,'products',1215,'value',8,NULL,'2023-04-15 13:02:28',88,42,NULL,NULL),(34330,'products',1179,'value',8,NULL,'2023-04-15 14:02:29',90,81,NULL,NULL),(34331,'products',1207,'value',9,NULL,'2023-04-15 15:02:30',26,48,NULL,NULL),(34332,'products',1180,'value',6,NULL,'2023-04-15 16:02:31',76,63,NULL,NULL),(34333,'products',1191,'value',5,NULL,'2023-04-15 17:02:32',70,38,NULL,NULL),(34334,'products',1205,'value',5,NULL,'2023-04-15 19:02:34',99,63,NULL,NULL),(34335,'products',1180,'value',24,NULL,'2023-04-15 20:02:35',63,34,NULL,NULL),(34336,'products',1195,'value',24,NULL,'2023-04-15 21:02:36',26,88,NULL,NULL),(34337,'products',1168,'value',2,NULL,'2023-04-15 22:02:37',85,26,NULL,NULL),(34338,'products',1179,'value',23,NULL,'2023-04-15 23:02:38',81,1,NULL,NULL),(34339,'products',1203,'value',2,NULL,'2023-04-16 00:02:39',69,49,NULL,NULL),(34340,'products',1176,'value',8,NULL,'2023-04-16 01:02:40',23,11,NULL,NULL),(34341,'products',1173,'value',25,NULL,'2023-04-16 02:02:41',87,16,NULL,NULL),(34342,'products',1215,'value',24,NULL,'2023-04-16 03:02:42',42,35,NULL,NULL),(34343,'products',1206,'value',25,NULL,'2023-04-16 04:02:43',36,98,NULL,NULL),(34344,'products',1213,'value',6,NULL,'2023-04-16 05:02:44',60,9,NULL,NULL),(34345,'products',1181,'value',7,NULL,'2023-04-16 06:02:45',85,65,NULL,NULL),(34346,'products',1193,'value',6,NULL,'2023-04-16 07:02:46',36,98,NULL,NULL),(34347,'products',1172,'value',2,NULL,'2023-04-16 08:02:47',56,46,NULL,NULL),(34348,'products',1187,'value',25,NULL,'2023-04-16 09:02:48',14,53,NULL,NULL),(34349,'products',1191,'value',25,NULL,'2023-04-16 10:02:49',38,86,NULL,NULL),(34350,'products',1188,'value',25,NULL,'2023-04-16 11:02:50',84,64,NULL,NULL),(34351,'products',1208,'value',6,NULL,'2023-04-16 12:02:51',96,84,NULL,NULL),(34352,'products',1176,'value',6,NULL,'2023-04-16 13:02:52',11,29,NULL,NULL),(34353,'products',1191,'comments changed from \"Education popular final.\" to \"Heart paper.\";',4,NULL,'2023-04-16 14:02:53',NULL,NULL,NULL,NULL),(34354,'products',1172,'comments changed from \"Leg way.\" to \"Couple.\";',23,NULL,'2023-04-16 15:02:54',NULL,NULL,NULL,NULL),(34355,'products',1209,'comments changed from \"Forget real.\" to \"Old.\";',23,NULL,'2023-04-16 16:02:55',NULL,NULL,NULL,NULL),(34356,'products',1201,'comments changed from \"Begin vote condition.\" to \"Compare.\";',23,NULL,'2023-04-16 17:02:56',NULL,NULL,NULL,NULL),(34357,'products',1193,'comments changed from \"Manager animal when.\" to \"Crime up.\";',23,NULL,'2023-04-16 18:02:57',NULL,NULL,NULL,NULL),(34358,'products',1215,'comments changed from \"None\" to \"Some.\";',5,NULL,'2023-04-16 19:02:58',NULL,NULL,NULL,NULL),(34359,'products',1196,'comments changed from \"Authority edge his.\" to \"Measure suddenly.\";',25,NULL,'2023-04-16 20:02:59',NULL,NULL,NULL,NULL),(34360,'products',1215,'comments changed from \"Some.\" to \"Pm.\";',2,NULL,'2023-04-16 21:03:00',NULL,NULL,NULL,NULL),(34361,'products',1187,'stockincontainer',4,NULL,'2023-04-16 22:03:01',0,1,NULL,NULL),(34362,'products',1169,'stockincontainer',9,NULL,'2023-04-16 23:03:02',0,1,NULL,NULL),(34363,'products',1179,'stockincontainer',23,NULL,'2023-04-17 00:03:03',0,1,NULL,NULL),(34364,'products',1175,'stockincontainer',8,NULL,'2023-04-17 01:03:04',0,1,NULL,NULL),(34365,'products',1186,'stockincontainer',6,NULL,'2023-04-17 02:03:05',0,1,NULL,NULL),(34366,'products',1197,'stockincontainer',9,NULL,'2023-04-17 03:03:06',0,1,NULL,NULL),(34367,'products',1175,'stockincontainer',2,NULL,'2023-04-17 04:03:07',1,0,NULL,NULL),(34368,'products',1206,'stockincontainer',5,NULL,'2023-04-17 05:03:08',0,1,NULL,NULL),(34369,'products',1180,'stockincontainer',7,NULL,'2023-04-17 06:03:09',0,1,NULL,NULL),(34370,'products',1180,'stockincontainer',24,NULL,'2023-04-17 07:03:10',1,0,NULL,NULL),(34371,'products',1181,'stockincontainer',25,NULL,'2023-04-17 08:03:11',0,1,NULL,NULL),(34372,'products',1202,'stockincontainer',9,NULL,'2023-04-17 09:03:12',0,1,NULL,NULL),(34373,'products',1180,'stockincontainer',25,NULL,'2023-04-17 10:03:13',0,1,NULL,NULL),(34374,'products',1176,'stockincontainer',6,NULL,'2023-04-17 11:03:14',0,1,NULL,NULL),(34375,'products',1210,'stockincontainer',24,NULL,'2023-04-17 12:03:15',0,1,NULL,NULL),(34376,'products',1188,'stockincontainer',8,NULL,'2023-04-17 13:03:16',1,0,NULL,NULL),(34377,'products',1177,'stockincontainer',5,NULL,'2023-04-17 14:03:17',0,1,NULL,NULL),(34378,'products',1166,'stockincontainer',7,NULL,'2023-04-17 15:03:18',0,1,NULL,NULL),(34379,'products',1212,'stockincontainer',4,NULL,'2023-04-17 16:03:19',0,1,NULL,NULL),(34380,'products',1208,'stockincontainer',2,NULL,'2023-04-17 17:03:20',1,0,NULL,NULL),(34381,'products',1192,'stockincontainer',24,NULL,'2023-04-17 18:03:21',0,1,NULL,NULL),(34382,'products',1203,'stockincontainer',5,NULL,'2023-04-17 19:03:22',0,1,NULL,NULL),(34383,'products',1200,'stockincontainer',2,NULL,'2023-04-17 20:03:23',1,0,NULL,NULL),(34384,'products',1195,'stockincontainer',4,NULL,'2023-04-17 21:03:24',0,1,NULL,NULL),(34385,'products',1183,'stockincontainer',4,NULL,'2023-04-17 22:03:25',0,1,NULL,NULL),(34386,'products',1182,'stockincontainer',4,NULL,'2023-04-17 23:03:26',1,0,NULL,NULL),(34387,'products',1203,'stockincontainer',8,NULL,'2023-04-18 00:03:27',1,0,NULL,NULL),(34388,'products',1198,'stockincontainer',6,NULL,'2023-04-18 01:03:28',0,1,NULL,NULL),(34389,'products',1210,'stockincontainer',8,NULL,'2023-04-18 02:03:29',1,0,NULL,NULL),(34390,'products',1185,'stockincontainer',4,NULL,'2023-04-18 03:03:30',0,1,NULL,NULL),(34391,'products',1183,'stockincontainer',3,NULL,'2023-04-18 04:03:31',1,0,NULL,NULL),(34392,'products',1172,'stockincontainer',4,NULL,'2023-04-18 05:03:32',0,1,NULL,NULL),(34393,'products',1207,'stockincontainer',8,NULL,'2023-04-18 06:03:33',0,1,NULL,NULL),(34394,'products',1209,'stockincontainer',24,NULL,'2023-04-18 07:03:34',1,0,NULL,NULL),(34395,'products',1194,'stockincontainer',8,NULL,'2023-04-18 08:03:35',1,0,NULL,NULL),(34396,'products',1203,'stockincontainer',7,NULL,'2023-04-18 09:03:36',0,1,NULL,NULL),(34397,'products',1180,'stockincontainer',6,NULL,'2023-04-18 10:03:37',1,0,NULL,NULL),(34398,'products',1173,'stockincontainer',8,NULL,'2023-04-18 11:03:38',0,1,NULL,NULL),(34399,'products',1191,'stockincontainer',25,NULL,'2023-04-18 12:03:39',1,0,NULL,NULL),(34400,'products',1201,'stockincontainer',4,NULL,'2023-04-18 13:03:40',0,1,NULL,NULL),(34401,'products',1207,'stockincontainer',23,NULL,'2023-04-18 14:03:41',1,0,NULL,NULL),(34402,'products',1190,'stockincontainer',23,NULL,'2023-04-18 15:03:42',0,1,NULL,NULL),(34403,'products',1174,'stockincontainer',25,NULL,'2023-04-18 16:03:43',0,1,NULL,NULL),(34404,'products',1213,'stockincontainer',9,NULL,'2023-04-18 17:03:44',0,1,NULL,NULL),(34405,'products',1166,'stockincontainer',23,NULL,'2023-04-18 18:03:45',1,0,NULL,NULL),(34406,'products',1181,'stockincontainer',8,NULL,'2023-04-18 19:03:46',1,0,NULL,NULL),(34407,'products',1211,'stockincontainer',2,NULL,'2023-04-18 20:03:47',1,0,NULL,NULL),(34408,'products',1166,'stockincontainer',24,NULL,'2023-04-18 21:03:48',0,1,NULL,NULL),(34409,'products',1187,'stockincontainer',8,NULL,'2023-04-18 22:03:49',1,0,NULL,NULL),(34410,'products',1195,'stockincontainer',3,NULL,'2023-04-18 23:03:50',1,0,NULL,NULL),(34411,'products',1237,'value',6,NULL,'2023-04-19 00:03:51',0,33,NULL,NULL),(34412,'products',1234,'value',6,NULL,'2023-04-19 01:03:52',0,80,NULL,NULL),(34413,'products',1223,'value',2,NULL,'2023-04-19 02:03:53',0,71,NULL,NULL),(34414,'products',1225,'value',24,NULL,'2023-04-19 03:03:54',0,67,NULL,NULL),(34415,'products',1238,'value',6,NULL,'2023-04-19 04:03:55',0,57,NULL,NULL),(34416,'products',1233,'value',7,NULL,'2023-04-19 05:03:56',0,37,NULL,NULL),(34417,'products',1229,'value',7,NULL,'2023-04-19 06:03:57',0,79,NULL,NULL),(34418,'products',1224,'value',5,NULL,'2023-04-19 07:03:58',0,47,NULL,NULL),(34419,'products',1240,'value',23,NULL,'2023-04-19 08:03:59',0,69,NULL,NULL),(34420,'products',1216,'value',9,NULL,'2023-04-19 09:04:00',0,67,NULL,NULL),(34421,'products',1223,'value',5,NULL,'2023-04-19 10:04:01',71,16,NULL,NULL),(34422,'products',1224,'value',6,NULL,'2023-04-19 11:04:02',47,41,NULL,NULL),(34423,'products',1234,'value',6,NULL,'2023-04-19 12:04:03',80,4,NULL,NULL),(34424,'products',1238,'value',5,NULL,'2023-04-19 13:04:04',57,10,NULL,NULL),(34425,'products',1223,'value',23,NULL,'2023-04-19 14:04:05',16,78,NULL,NULL),(34426,'products',1238,'value',25,NULL,'2023-04-19 15:04:06',10,60,NULL,NULL),(34427,'products',1216,'value',25,NULL,'2023-04-19 16:04:07',67,10,NULL,NULL),(34428,'products',1225,'value',2,NULL,'2023-04-19 17:04:08',67,77,NULL,NULL),(34429,'products',1229,'value',2,NULL,'2023-04-19 18:04:09',79,72,NULL,NULL),(34430,'products',1233,'comments changed from \"None\" to \"Concern environment.\";',6,NULL,'2023-04-19 19:04:10',NULL,NULL,NULL,NULL),(34431,'products',1234,'comments changed from \"None\" to \"High.\";',25,NULL,'2023-04-19 20:04:11',NULL,NULL,NULL,NULL),(34432,'products',1238,'comments changed from \"None\" to \"Forget sign.\";',4,NULL,'2023-04-19 21:04:12',NULL,NULL,NULL,NULL),(34433,'products',1222,'comments changed from \"None\" to \"Follow.\";',3,NULL,'2023-04-19 22:04:13',NULL,NULL,NULL,NULL),(34434,'products',1227,'comments changed from \"None\" to \"Ok senior.\";',7,NULL,'2023-04-19 23:04:14',NULL,NULL,NULL,NULL),(34435,'products',1233,'comments changed from \"Concern environment.\" to \"All character.\";',2,NULL,'2023-04-20 00:04:15',NULL,NULL,NULL,NULL),(34436,'products',1240,'comments changed from \"None\" to \"Be per.\";',23,NULL,'2023-04-20 01:04:16',NULL,NULL,NULL,NULL),(34437,'products',1218,'comments changed from \"None\" to \"Week story.\";',3,NULL,'2023-04-20 02:04:17',NULL,NULL,NULL,NULL),(34438,'products',1235,'comments changed from \"None\" to \"Bring medical.\";',25,NULL,'2023-04-20 03:04:18',NULL,NULL,NULL,NULL),(34439,'products',1238,'comments changed from \"Forget sign.\" to \"Cultural office.\";',23,NULL,'2023-04-20 04:04:19',NULL,NULL,NULL,NULL),(34440,'products',1228,'comments changed from \"None\" to \"Program rest.\";',9,NULL,'2023-04-20 05:04:20',NULL,NULL,NULL,NULL),(34441,'products',1239,'comments changed from \"None\" to \"Green bit.\";',6,NULL,'2023-04-20 06:04:21',NULL,NULL,NULL,NULL),(34442,'products',1229,'comments changed from \"None\" to \"Television investment.\";',7,NULL,'2023-04-20 07:04:22',NULL,NULL,NULL,NULL),(34443,'products',1221,'comments changed from \"None\" to \"Especially magazine.\";',3,NULL,'2023-04-20 08:04:23',NULL,NULL,NULL,NULL),(34444,'products',1238,'comments changed from \"Cultural office.\" to \"Southern.\";',2,NULL,'2023-04-20 09:04:24',NULL,NULL,NULL,NULL),(34445,'products',1218,'comments changed from \"Week story.\" to \"Top.\";',9,NULL,'2023-04-20 10:04:25',NULL,NULL,NULL,NULL),(34446,'products',1240,'comments changed from \"Be per.\" to \"Country.\";',7,NULL,'2023-04-20 11:04:26',NULL,NULL,NULL,NULL),(34447,'products',1239,'comments changed from \"Green bit.\" to \"Investment wind.\";',7,NULL,'2023-04-20 12:04:27',NULL,NULL,NULL,NULL),(34448,'products',1222,'comments changed from \"Follow.\" to \"Member none.\";',5,NULL,'2023-04-20 13:04:28',NULL,NULL,NULL,NULL),(34449,'products',1235,'Record deleted',25,NULL,'2023-04-20 14:04:29',NULL,NULL,NULL,NULL),(34450,'products',1238,'Record deleted',24,NULL,'2023-04-20 15:04:30',NULL,NULL,NULL,NULL),(34451,'products',1219,'Record deleted',7,NULL,'2023-04-20 16:04:31',NULL,NULL,NULL,NULL),(34452,'products',1224,'Record deleted',8,NULL,'2023-04-20 17:04:32',NULL,NULL,NULL,NULL),(34453,'products',1220,'Record deleted',24,NULL,'2023-04-20 18:04:33',NULL,NULL,NULL,NULL),(34454,'products',1242,'Record created',10,NULL,'2023-04-20 19:04:34',NULL,NULL,NULL,NULL),(34455,'products',1243,'Record created',16,NULL,'2023-04-20 20:04:35',NULL,NULL,NULL,NULL),(34456,'products',1244,'Record created',10,NULL,'2023-04-20 21:04:36',NULL,NULL,NULL,NULL),(34457,'products',1245,'Record created',10,NULL,'2023-04-20 22:04:37',NULL,NULL,NULL,NULL),(34458,'products',1246,'Record created',16,NULL,'2023-04-20 23:04:38',NULL,NULL,NULL,NULL),(34459,'products',1247,'Record created',33,NULL,'2023-04-21 00:04:39',NULL,NULL,NULL,NULL),(34460,'products',1248,'Record created',31,NULL,'2023-04-21 01:04:40',NULL,NULL,NULL,NULL),(34461,'products',1249,'Record created',31,NULL,'2023-04-21 02:04:41',NULL,NULL,NULL,NULL),(34462,'products',1250,'Record created',31,NULL,'2023-04-21 03:04:42',NULL,NULL,NULL,NULL),(34463,'products',1251,'Record created',11,NULL,'2023-04-21 04:04:43',NULL,NULL,NULL,NULL),(34464,'products',1252,'Record created',10,NULL,'2023-04-21 05:04:44',NULL,NULL,NULL,NULL),(34465,'products',1253,'Record created',16,NULL,'2023-04-21 06:04:45',NULL,NULL,NULL,NULL),(34466,'products',1254,'Record created',10,NULL,'2023-04-21 07:04:46',NULL,NULL,NULL,NULL),(34467,'products',1255,'Record created',15,NULL,'2023-04-21 08:04:47',NULL,NULL,NULL,NULL),(34468,'products',1256,'Record created',31,NULL,'2023-04-21 09:04:48',NULL,NULL,NULL,NULL),(34469,'products',1257,'Record created',18,NULL,'2023-04-21 10:04:49',NULL,NULL,NULL,NULL),(34470,'products',1258,'Record created',10,NULL,'2023-04-21 11:04:50',NULL,NULL,NULL,NULL),(34471,'products',1259,'Record created',33,NULL,'2023-04-21 12:04:51',NULL,NULL,NULL,NULL),(34472,'products',1260,'Record created',15,NULL,'2023-04-21 13:04:52',NULL,NULL,NULL,NULL),(34473,'products',1261,'Record created',16,NULL,'2023-04-21 14:04:53',NULL,NULL,NULL,NULL),(34474,'products',1262,'Record created',18,NULL,'2023-04-21 15:04:54',NULL,NULL,NULL,NULL),(34475,'products',1263,'Record created',17,NULL,'2023-04-21 16:04:55',NULL,NULL,NULL,NULL),(34476,'products',1264,'Record created',10,NULL,'2023-04-21 17:04:56',NULL,NULL,NULL,NULL),(34477,'products',1265,'Record created',33,NULL,'2023-04-21 18:04:57',NULL,NULL,NULL,NULL),(34478,'products',1266,'Record created',15,NULL,'2023-04-21 19:04:58',NULL,NULL,NULL,NULL),(34479,'products',1267,'Record created',15,NULL,'2023-04-21 20:04:59',NULL,NULL,NULL,NULL),(34480,'products',1268,'Record created',11,NULL,'2023-04-21 21:05:00',NULL,NULL,NULL,NULL),(34481,'products',1269,'Record created',10,NULL,'2023-04-21 22:05:01',NULL,NULL,NULL,NULL),(34482,'products',1270,'Record created',17,NULL,'2023-04-21 23:05:02',NULL,NULL,NULL,NULL),(34483,'products',1271,'Record created',17,NULL,'2023-04-22 00:05:03',NULL,NULL,NULL,NULL),(34484,'products',1272,'Record created',18,NULL,'2023-04-22 01:05:04',NULL,NULL,NULL,NULL),(34485,'products',1273,'Record created',16,NULL,'2023-04-22 02:05:05',NULL,NULL,NULL,NULL),(34486,'products',1274,'Record created',17,NULL,'2023-04-22 03:05:06',NULL,NULL,NULL,NULL),(34487,'products',1275,'Record created',33,NULL,'2023-04-22 04:05:07',NULL,NULL,NULL,NULL),(34488,'products',1276,'Record created',11,NULL,'2023-04-22 05:05:08',NULL,NULL,NULL,NULL),(34489,'products',1277,'Record created',11,NULL,'2023-04-22 06:05:09',NULL,NULL,NULL,NULL),(34490,'products',1278,'Record created',18,NULL,'2023-04-22 07:05:10',NULL,NULL,NULL,NULL),(34491,'products',1279,'Record created',17,NULL,'2023-04-22 08:05:11',NULL,NULL,NULL,NULL),(34492,'products',1280,'Record created',15,NULL,'2023-04-22 09:05:12',NULL,NULL,NULL,NULL),(34493,'products',1281,'Record created',15,NULL,'2023-04-22 10:05:13',NULL,NULL,NULL,NULL),(34494,'products',1282,'Record created',17,NULL,'2023-04-22 11:05:14',NULL,NULL,NULL,NULL),(34495,'products',1283,'Record created',15,NULL,'2023-04-22 12:05:15',NULL,NULL,NULL,NULL),(34496,'products',1284,'Record created',18,NULL,'2023-04-22 13:05:16',NULL,NULL,NULL,NULL),(34497,'products',1285,'Record created',17,NULL,'2023-04-22 14:05:17',NULL,NULL,NULL,NULL),(34498,'products',1286,'Record created',16,NULL,'2023-04-22 15:05:18',NULL,NULL,NULL,NULL),(34499,'products',1287,'Record created',18,NULL,'2023-04-22 16:05:19',NULL,NULL,NULL,NULL),(34500,'products',1288,'Record created',11,NULL,'2023-04-22 17:05:20',NULL,NULL,NULL,NULL),(34501,'products',1289,'Record created',15,NULL,'2023-04-22 18:05:21',NULL,NULL,NULL,NULL),(34502,'products',1290,'Record created',31,NULL,'2023-04-22 19:05:22',NULL,NULL,NULL,NULL),(34503,'products',1291,'Record created',18,NULL,'2023-04-22 20:05:23',NULL,NULL,NULL,NULL),(34504,'products',1292,'Record created',16,NULL,'2023-04-22 21:05:24',NULL,NULL,NULL,NULL),(34505,'products',1293,'Record created',11,NULL,'2023-04-22 22:05:25',NULL,NULL,NULL,NULL),(34506,'products',1294,'Record created',33,NULL,'2023-04-22 23:05:26',NULL,NULL,NULL,NULL),(34507,'products',1295,'Record created',16,NULL,'2023-04-23 00:05:27',NULL,NULL,NULL,NULL),(34508,'products',1296,'Record created',16,NULL,'2023-04-23 01:05:28',NULL,NULL,NULL,NULL),(34509,'products',1297,'Record created',16,NULL,'2023-04-23 02:05:29',NULL,NULL,NULL,NULL),(34510,'products',1298,'Record created',16,NULL,'2023-04-23 03:05:30',NULL,NULL,NULL,NULL),(34511,'products',1299,'Record created',33,NULL,'2023-04-23 04:05:31',NULL,NULL,NULL,NULL),(34512,'products',1300,'Record created',16,NULL,'2023-04-23 05:05:32',NULL,NULL,NULL,NULL),(34513,'products',1301,'Record created',16,NULL,'2023-04-23 06:05:33',NULL,NULL,NULL,NULL),(34514,'products',1302,'Record created',31,NULL,'2023-04-23 07:05:34',NULL,NULL,NULL,NULL),(34515,'products',1303,'Record created',31,NULL,'2023-04-23 08:05:35',NULL,NULL,NULL,NULL),(34516,'products',1304,'Record created',31,NULL,'2023-04-23 09:05:36',NULL,NULL,NULL,NULL),(34517,'products',1305,'Record created',17,NULL,'2023-04-23 10:05:37',NULL,NULL,NULL,NULL),(34518,'products',1306,'Record created',31,NULL,'2023-04-23 11:05:38',NULL,NULL,NULL,NULL),(34519,'products',1307,'Record created',31,NULL,'2023-04-23 12:05:39',NULL,NULL,NULL,NULL),(34520,'products',1308,'Record created',31,NULL,'2023-04-23 13:05:40',NULL,NULL,NULL,NULL),(34521,'products',1309,'Record created',10,NULL,'2023-04-23 14:05:41',NULL,NULL,NULL,NULL),(34522,'products',1310,'Record created',15,NULL,'2023-04-23 15:05:42',NULL,NULL,NULL,NULL),(34523,'products',1311,'Record created',15,NULL,'2023-04-23 16:05:43',NULL,NULL,NULL,NULL),(34524,'products',1312,'Record created',33,NULL,'2023-04-23 17:05:44',NULL,NULL,NULL,NULL),(34525,'products',1313,'Record created',16,NULL,'2023-04-23 18:05:45',NULL,NULL,NULL,NULL),(34526,'products',1314,'Record created',10,NULL,'2023-04-23 19:05:46',NULL,NULL,NULL,NULL),(34527,'products',1315,'Record created',31,NULL,'2023-04-23 20:05:47',NULL,NULL,NULL,NULL),(34528,'products',1316,'Record created',33,NULL,'2023-04-23 21:05:48',NULL,NULL,NULL,NULL),(34529,'products',1317,'Record created',31,NULL,'2023-04-23 22:05:49',NULL,NULL,NULL,NULL),(34530,'products',1317,'gender_id',18,NULL,'2023-04-23 23:05:50',6,10,NULL,NULL),(34531,'products',1317,'Record deleted',16,NULL,'2023-04-24 00:05:51',NULL,NULL,NULL,NULL),(34532,'products',1253,'name changed from \"Trousers\" to \"trousers\";',33,NULL,'2023-04-24 01:05:52',NULL,NULL,NULL,NULL),(34533,'products',1288,'name changed from \"Trousers\" to \"trousers\";',31,NULL,'2023-04-24 03:05:54',NULL,NULL,NULL,NULL),(34534,'products',1283,'name changed from \"Tents\" to \"tents\";',17,NULL,'2023-04-24 04:05:55',NULL,NULL,NULL,NULL),(34535,'products',1274,'name changed from \"Belts\" to \"belts\";',17,NULL,'2023-04-24 05:05:56',NULL,NULL,NULL,NULL),(34536,'products',1284,'name changed from \"Candles\" to \"candles\";',17,NULL,'2023-04-24 06:05:57',NULL,NULL,NULL,NULL),(34537,'products',1285,'name changed from \"Inhalation device\" to \"inhalation device\";',15,NULL,'2023-04-24 07:05:58',NULL,NULL,NULL,NULL),(34538,'products',1243,'name changed from \"Underwear\" to \"underwear\";',31,NULL,'2023-04-24 08:05:59',NULL,NULL,NULL,NULL),(34539,'products',1269,'name changed from \"Gloves\" to \"gloves\";',15,NULL,'2023-04-24 09:06:00',NULL,NULL,NULL,NULL),(34540,'products',1247,'name changed from \"Tights\" to \"tights\";',11,NULL,'2023-04-24 10:06:01',NULL,NULL,NULL,NULL),(34541,'products',1286,'name changed from \"Shirts\" to \"shirts\";',10,NULL,'2023-04-24 11:06:02',NULL,NULL,NULL,NULL),(34542,'products',1246,'name changed from \"Tights\" to \"tights\";',15,NULL,'2023-04-24 12:06:03',NULL,NULL,NULL,NULL),(34543,'products',1263,'name changed from \"Swimwear\" to \"swimwear\";',15,NULL,'2023-04-24 15:06:06',NULL,NULL,NULL,NULL),(34544,'products',1245,'name changed from \"Underwear\" to \"underwear\";',15,NULL,'2023-04-24 17:06:08',NULL,NULL,NULL,NULL),(34545,'products',1279,'name changed from \"Toys\" to \"toys\";',33,NULL,'2023-04-24 20:06:11',NULL,NULL,NULL,NULL),(34546,'products',1248,'name changed from \"Tights\" to \"tights\";',18,NULL,'2023-04-24 21:06:12',NULL,NULL,NULL,NULL),(34547,'products',1268,'name changed from \"Gloves\" to \"gloves\";',16,NULL,'2023-04-24 22:06:13',NULL,NULL,NULL,NULL),(34548,'products',1272,'name changed from \"Hats\" to \"hats\";',33,NULL,'2023-04-24 23:06:14',NULL,NULL,NULL,NULL),(34549,'products',1266,'name changed from \"Gloves\" to \"gloves\";',11,NULL,'2023-04-25 01:06:16',NULL,NULL,NULL,NULL),(34550,'products',1242,'name changed from \"Underwear\" to \"underwear\";',18,NULL,'2023-04-25 02:06:17',NULL,NULL,NULL,NULL),(34551,'products',1261,'value',31,NULL,'2023-04-25 03:06:18',92,6,NULL,NULL),(34552,'products',1269,'value',33,NULL,'2023-04-25 04:06:19',29,98,NULL,NULL),(34553,'products',1287,'value',10,NULL,'2023-04-25 05:06:20',79,97,NULL,NULL),(34554,'products',1246,'value',18,NULL,'2023-04-25 06:06:21',27,71,NULL,NULL),(34555,'products',1261,'comments changed from \"Call eight clear.\" to \"Easy avoid.\";',16,NULL,'2023-04-25 07:06:22',NULL,NULL,NULL,NULL),(34556,'products',1274,'comments changed from \"Minute anyone conference.\" to \"Born.\";',10,NULL,'2023-04-25 08:06:23',NULL,NULL,NULL,NULL),(34557,'products',1288,'comments changed from \"Democratic anyone power.\" to \"Worker.\";',16,NULL,'2023-04-25 09:06:24',NULL,NULL,NULL,NULL),(34558,'products',1252,'comments changed from \"Executive range fill several.\" to \"Old kind.\";',31,NULL,'2023-04-25 10:06:25',NULL,NULL,NULL,NULL),(34559,'products',1288,'comments changed from \"Worker.\" to \"Never road.\";',10,NULL,'2023-04-25 11:06:26',NULL,NULL,NULL,NULL),(34560,'products',1289,'comments changed from \"None\" to \"Whose.\";',31,NULL,'2023-04-25 12:06:27',NULL,NULL,NULL,NULL),(34561,'products',1247,'comments changed from \"Nature.\" to \"Dog this.\";',33,NULL,'2023-04-25 13:06:28',NULL,NULL,NULL,NULL),(34562,'products',1250,'comments changed from \"Challenge data staff.\" to \"Medical less.\";',11,NULL,'2023-04-25 14:06:29',NULL,NULL,NULL,NULL),(34563,'products',1267,'comments changed from \"Perform thousand difficult.\" to \"World.\";',16,NULL,'2023-04-25 15:06:30',NULL,NULL,NULL,NULL),(34564,'products',1275,'comments changed from \"Everything picture new.\" to \"Against particularly.\";',18,NULL,'2023-04-25 16:06:31',NULL,NULL,NULL,NULL),(34565,'products',1247,'comments changed from \"Dog this.\" to \"Suggest almost.\";',16,NULL,'2023-04-25 17:06:32',NULL,NULL,NULL,NULL),(34566,'products',1274,'comments changed from \"Born.\" to \"Talk.\";',31,NULL,'2023-04-25 18:06:33',NULL,NULL,NULL,NULL),(34567,'products',1285,'comments changed from \"Spend century.\" to \"Save statement.\";',31,NULL,'2023-04-25 19:06:34',NULL,NULL,NULL,NULL),(34568,'products',1253,'comments changed from \"Particular party.\" to \"Computer year.\";',18,NULL,'2023-04-25 20:06:35',NULL,NULL,NULL,NULL),(34569,'products',1250,'comments changed from \"Medical less.\" to \"Improve at.\";',17,NULL,'2023-04-25 21:06:36',NULL,NULL,NULL,NULL),(34570,'products',1287,'comments changed from \"Allow option industry edge.\" to \"Society no.\";',16,NULL,'2023-04-25 22:06:37',NULL,NULL,NULL,NULL),(34571,'products',1253,'comments changed from \"Computer year.\" to \"Situation.\";',33,NULL,'2023-04-25 23:06:38',NULL,NULL,NULL,NULL),(34572,'products',1274,'comments changed from \"Talk.\" to \"Dream.\";',11,NULL,'2023-04-26 00:06:39',NULL,NULL,NULL,NULL),(34573,'products',1275,'comments changed from \"Against particularly.\" to \"Able material.\";',17,NULL,'2023-04-26 01:06:40',NULL,NULL,NULL,NULL),(34574,'products',1281,'comments changed from \"Where.\" to \"Line sit.\";',10,NULL,'2023-04-26 02:06:41',NULL,NULL,NULL,NULL),(34575,'products',1282,'comments changed from \"Car avoid information.\" to \"Create across.\";',17,NULL,'2023-04-26 03:06:42',NULL,NULL,NULL,NULL),(34576,'products',1291,'comments changed from \"None\" to \"Physical something.\";',33,NULL,'2023-04-26 04:06:43',NULL,NULL,NULL,NULL),(34577,'products',1260,'comments changed from \"Owner physical contain.\" to \"Any.\";',16,NULL,'2023-04-26 05:06:44',NULL,NULL,NULL,NULL),(34578,'products',1283,'comments changed from \"Meeting remember.\" to \"More site.\";',11,NULL,'2023-04-26 06:06:45',NULL,NULL,NULL,NULL),(34579,'products',1265,'comments changed from \"Owner read entire.\" to \"Opportunity chair.\";',15,NULL,'2023-04-26 07:06:46',NULL,NULL,NULL,NULL),(34580,'products',1284,'comments changed from \"Total machine eight.\" to \"Cultural.\";',31,NULL,'2023-04-26 08:06:47',NULL,NULL,NULL,NULL),(34581,'products',1285,'comments changed from \"Save statement.\" to \"Night.\";',11,NULL,'2023-04-26 09:06:48',NULL,NULL,NULL,NULL),(34582,'products',1285,'comments changed from \"Night.\" to \"Interest answer.\";',31,NULL,'2023-04-26 10:06:49',NULL,NULL,NULL,NULL),(34583,'products',1265,'comments changed from \"Opportunity chair.\" to \"Seat.\";',33,NULL,'2023-04-26 11:06:50',NULL,NULL,NULL,NULL),(34584,'products',1272,'comments changed from \"Value through.\" to \"Feel someone.\";',33,NULL,'2023-04-26 12:06:51',NULL,NULL,NULL,NULL),(34585,'products',1261,'comments changed from \"Easy avoid.\" to \"Wide.\";',11,NULL,'2023-04-26 13:06:52',NULL,NULL,NULL,NULL),(34586,'products',1242,'comments changed from \"Because party.\" to \"Coach.\";',11,NULL,'2023-04-26 14:06:53',NULL,NULL,NULL,NULL),(34587,'products',1253,'stockincontainer',15,NULL,'2023-04-26 15:06:54',0,1,NULL,NULL),(34588,'products',1272,'stockincontainer',31,NULL,'2023-04-26 16:06:55',0,1,NULL,NULL),(34589,'products',1270,'stockincontainer',15,NULL,'2023-04-26 17:06:56',0,1,NULL,NULL),(34590,'products',1273,'stockincontainer',18,NULL,'2023-04-26 18:06:57',0,1,NULL,NULL),(34591,'products',1249,'stockincontainer',15,NULL,'2023-04-26 19:06:58',0,1,NULL,NULL),(34592,'products',1253,'stockincontainer',16,NULL,'2023-04-26 20:06:59',1,0,NULL,NULL),(34593,'products',1286,'stockincontainer',11,NULL,'2023-04-26 21:07:00',0,1,NULL,NULL),(34594,'products',1280,'stockincontainer',31,NULL,'2023-04-26 22:07:01',0,1,NULL,NULL),(34595,'products',1287,'stockincontainer',11,NULL,'2023-04-26 23:07:02',1,0,NULL,NULL),(34596,'products',1274,'stockincontainer',33,NULL,'2023-04-27 00:07:03',0,1,NULL,NULL),(34597,'products',1282,'stockincontainer',10,NULL,'2023-04-27 01:07:04',0,1,NULL,NULL),(34598,'products',1289,'stockincontainer',15,NULL,'2023-04-27 02:07:05',0,1,NULL,NULL),(34599,'products',1263,'stockincontainer',15,NULL,'2023-04-27 03:07:06',0,1,NULL,NULL),(34600,'products',1285,'stockincontainer',11,NULL,'2023-04-27 04:07:07',0,1,NULL,NULL),(34601,'products',1255,'stockincontainer',18,NULL,'2023-04-27 05:07:08',0,1,NULL,NULL),(34602,'products',1280,'stockincontainer',18,NULL,'2023-04-27 06:07:09',1,0,NULL,NULL),(34603,'products',1261,'stockincontainer',31,NULL,'2023-04-27 07:07:10',0,1,NULL,NULL),(34604,'products',1242,'stockincontainer',33,NULL,'2023-04-27 08:07:11',0,1,NULL,NULL),(34605,'products',1277,'stockincontainer',33,NULL,'2023-04-27 09:07:12',0,1,NULL,NULL),(34606,'products',1279,'stockincontainer',18,NULL,'2023-04-27 10:07:13',1,0,NULL,NULL),(34607,'products',1277,'stockincontainer',18,NULL,'2023-04-27 11:07:14',1,0,NULL,NULL),(34608,'products',1267,'stockincontainer',10,NULL,'2023-04-27 12:07:15',0,1,NULL,NULL),(34609,'products',1288,'stockincontainer',17,NULL,'2023-04-27 13:07:16',0,1,NULL,NULL),(34610,'products',1261,'stockincontainer',17,NULL,'2023-04-27 14:07:17',1,0,NULL,NULL),(34611,'products',1272,'stockincontainer',11,NULL,'2023-04-27 15:07:18',1,0,NULL,NULL),(34612,'products',1272,'stockincontainer',10,NULL,'2023-04-27 16:07:19',0,1,NULL,NULL),(34613,'products',1263,'stockincontainer',11,NULL,'2023-04-27 17:07:20',1,0,NULL,NULL),(34614,'products',1267,'stockincontainer',17,NULL,'2023-04-27 18:07:21',1,0,NULL,NULL),(34615,'products',1244,'stockincontainer',11,NULL,'2023-04-27 19:07:22',0,1,NULL,NULL),(34616,'products',1257,'stockincontainer',15,NULL,'2023-04-27 20:07:23',0,1,NULL,NULL),(34617,'products',1253,'stockincontainer',15,NULL,'2023-04-27 21:07:24',0,1,NULL,NULL),(34618,'products',1276,'stockincontainer',16,NULL,'2023-04-27 22:07:25',0,1,NULL,NULL),(34619,'products',1243,'stockincontainer',11,NULL,'2023-04-27 23:07:26',0,1,NULL,NULL),(34620,'products',1283,'stockincontainer',31,NULL,'2023-04-28 00:07:27',0,1,NULL,NULL),(34621,'products',1264,'stockincontainer',15,NULL,'2023-04-28 01:07:28',0,1,NULL,NULL),(34622,'products',1290,'stockincontainer',33,NULL,'2023-04-28 02:07:29',0,1,NULL,NULL),(34623,'products',1259,'stockincontainer',31,NULL,'2023-04-28 03:07:30',0,1,NULL,NULL),(34624,'products',1268,'stockincontainer',31,NULL,'2023-04-28 04:07:31',0,1,NULL,NULL),(34625,'products',1257,'stockincontainer',17,NULL,'2023-04-28 05:07:32',1,0,NULL,NULL),(34626,'products',1256,'stockincontainer',18,NULL,'2023-04-28 06:07:33',0,1,NULL,NULL),(34627,'products',1249,'stockincontainer',17,NULL,'2023-04-28 07:07:34',1,0,NULL,NULL),(34628,'products',1269,'stockincontainer',18,NULL,'2023-04-28 08:07:35',0,1,NULL,NULL),(34629,'products',1254,'stockincontainer',18,NULL,'2023-04-28 09:07:36',0,1,NULL,NULL),(34630,'products',1290,'stockincontainer',18,NULL,'2023-04-28 10:07:37',1,0,NULL,NULL),(34631,'products',1258,'stockincontainer',33,NULL,'2023-04-28 11:07:38',0,1,NULL,NULL),(34632,'products',1254,'stockincontainer',11,NULL,'2023-04-28 12:07:39',1,0,NULL,NULL),(34633,'products',1279,'stockincontainer',31,NULL,'2023-04-28 13:07:40',0,1,NULL,NULL),(34634,'products',1264,'stockincontainer',31,NULL,'2023-04-28 14:07:41',1,0,NULL,NULL),(34635,'products',1255,'stockincontainer',17,NULL,'2023-04-28 15:07:42',1,0,NULL,NULL),(34636,'products',1290,'stockincontainer',33,NULL,'2023-04-28 16:07:43',0,1,NULL,NULL),(34637,'products',1295,'value',10,NULL,'2023-04-28 17:07:44',0,45,NULL,NULL),(34638,'products',1310,'value',16,NULL,'2023-04-28 18:07:45',0,1,NULL,NULL),(34639,'products',1303,'value',18,NULL,'2023-04-28 19:07:46',0,71,NULL,NULL),(34640,'products',1300,'value',11,NULL,'2023-04-28 20:07:47',0,43,NULL,NULL),(34641,'products',1302,'value',33,NULL,'2023-04-28 21:07:48',0,31,NULL,NULL),(34642,'products',1307,'value',33,NULL,'2023-04-28 22:07:49',0,42,NULL,NULL),(34643,'products',1313,'value',15,NULL,'2023-04-28 23:07:50',0,51,NULL,NULL),(34644,'products',1306,'comments changed from \"None\" to \"Receive.\";',18,NULL,'2023-04-29 00:07:51',NULL,NULL,NULL,NULL),(34645,'products',1298,'comments changed from \"None\" to \"Improve.\";',10,NULL,'2023-04-29 01:07:52',NULL,NULL,NULL,NULL),(34646,'products',1299,'comments changed from \"None\" to \"Probably land.\";',10,NULL,'2023-04-29 02:07:53',NULL,NULL,NULL,NULL),(34647,'products',1309,'comments changed from \"None\" to \"Leader.\";',17,NULL,'2023-04-29 03:07:54',NULL,NULL,NULL,NULL),(34648,'products',1316,'comments changed from \"None\" to \"Plant later.\";',18,NULL,'2023-04-29 04:07:55',NULL,NULL,NULL,NULL),(34649,'products',1295,'comments changed from \"None\" to \"Could find.\";',16,NULL,'2023-04-29 05:07:56',NULL,NULL,NULL,NULL),(34650,'products',1313,'comments changed from \"None\" to \"Live realize.\";',18,NULL,'2023-04-29 06:07:57',NULL,NULL,NULL,NULL),(34651,'products',1316,'comments changed from \"Plant later.\" to \"Perform attention.\";',31,NULL,'2023-04-29 07:07:58',NULL,NULL,NULL,NULL),(34652,'products',1310,'comments changed from \"None\" to \"Challenge continue.\";',18,NULL,'2023-04-29 08:07:59',NULL,NULL,NULL,NULL),(34653,'products',1307,'comments changed from \"None\" to \"Pressure forward.\";',16,NULL,'2023-04-29 09:08:00',NULL,NULL,NULL,NULL),(34654,'products',1297,'comments changed from \"None\" to \"Nature.\";',16,NULL,'2023-04-29 10:08:01',NULL,NULL,NULL,NULL),(34655,'products',1305,'comments changed from \"None\" to \"Matter rule.\";',17,NULL,'2023-04-29 11:08:02',NULL,NULL,NULL,NULL),(34656,'products',1299,'comments changed from \"Probably land.\" to \"Whom.\";',16,NULL,'2023-04-29 12:08:03',NULL,NULL,NULL,NULL),(34657,'products',1310,'comments changed from \"Challenge continue.\" to \"Go.\";',16,NULL,'2023-04-29 13:08:04',NULL,NULL,NULL,NULL),(34658,'products',1303,'comments changed from \"None\" to \"Successful.\";',15,NULL,'2023-04-29 14:08:05',NULL,NULL,NULL,NULL),(34659,'products',1302,'comments changed from \"None\" to \"Well loss.\";',31,NULL,'2023-04-29 15:08:06',NULL,NULL,NULL,NULL),(34660,'products',1298,'Record deleted',33,NULL,'2023-04-29 16:08:07',NULL,NULL,NULL,NULL),(34661,'products',1306,'Record deleted',33,NULL,'2023-04-29 17:08:08',NULL,NULL,NULL,NULL),(34662,'products',1305,'Record deleted',16,NULL,'2023-04-29 18:08:09',NULL,NULL,NULL,NULL),(34663,'products',1303,'Record deleted',18,NULL,'2023-04-29 19:08:10',NULL,NULL,NULL,NULL),(34664,'products',1301,'Record deleted',17,NULL,'2023-04-29 20:08:11',NULL,NULL,NULL,NULL),(34665,'products',1318,'Record created',34,NULL,'2023-04-29 21:08:12',NULL,NULL,NULL,NULL),(34666,'products',1319,'Record created',18,NULL,'2023-04-29 22:08:13',NULL,NULL,NULL,NULL),(34667,'products',1320,'Record created',34,NULL,'2023-04-29 23:08:14',NULL,NULL,NULL,NULL),(34668,'products',1321,'Record created',16,NULL,'2023-04-30 00:08:15',NULL,NULL,NULL,NULL),(34669,'products',1322,'Record created',17,NULL,'2023-04-30 01:08:16',NULL,NULL,NULL,NULL),(34670,'products',1323,'Record created',12,NULL,'2023-04-30 02:08:17',NULL,NULL,NULL,NULL),(34671,'products',1324,'Record created',17,NULL,'2023-04-30 03:08:18',NULL,NULL,NULL,NULL),(34672,'products',1325,'Record created',32,NULL,'2023-04-30 04:08:19',NULL,NULL,NULL,NULL),(34673,'products',1326,'Record created',12,NULL,'2023-04-30 05:08:20',NULL,NULL,NULL,NULL),(34674,'products',1327,'Record created',12,NULL,'2023-04-30 06:08:21',NULL,NULL,NULL,NULL),(34675,'products',1328,'Record created',18,NULL,'2023-04-30 07:08:22',NULL,NULL,NULL,NULL),(34676,'products',1329,'Record created',16,NULL,'2023-04-30 08:08:23',NULL,NULL,NULL,NULL),(34677,'products',1330,'Record created',32,NULL,'2023-04-30 09:08:24',NULL,NULL,NULL,NULL),(34678,'products',1331,'Record created',16,NULL,'2023-04-30 10:08:25',NULL,NULL,NULL,NULL),(34679,'products',1332,'Record created',16,NULL,'2023-04-30 11:08:26',NULL,NULL,NULL,NULL),(34680,'products',1333,'Record created',12,NULL,'2023-04-30 12:08:27',NULL,NULL,NULL,NULL),(34681,'products',1334,'Record created',12,NULL,'2023-04-30 13:08:28',NULL,NULL,NULL,NULL),(34682,'products',1335,'Record created',15,NULL,'2023-04-30 14:08:29',NULL,NULL,NULL,NULL),(34683,'products',1336,'Record created',10,NULL,'2023-04-30 15:08:30',NULL,NULL,NULL,NULL),(34684,'products',1337,'Record created',16,NULL,'2023-04-30 16:08:31',NULL,NULL,NULL,NULL),(34685,'products',1338,'Record created',10,NULL,'2023-04-30 17:08:32',NULL,NULL,NULL,NULL),(34686,'products',1339,'Record created',18,NULL,'2023-04-30 18:08:33',NULL,NULL,NULL,NULL),(34687,'products',1340,'Record created',12,NULL,'2023-04-30 19:08:34',NULL,NULL,NULL,NULL),(34688,'products',1341,'Record created',12,NULL,'2023-04-30 20:08:35',NULL,NULL,NULL,NULL),(34689,'products',1342,'Record created',18,NULL,'2023-04-30 21:08:36',NULL,NULL,NULL,NULL),(34690,'products',1343,'Record created',10,NULL,'2023-04-30 22:08:37',NULL,NULL,NULL,NULL),(34691,'products',1344,'Record created',15,NULL,'2023-04-30 23:08:38',NULL,NULL,NULL,NULL),(34692,'products',1345,'Record created',12,NULL,'2023-05-01 00:08:39',NULL,NULL,NULL,NULL),(34693,'products',1346,'Record created',34,NULL,'2023-05-01 01:08:40',NULL,NULL,NULL,NULL),(34694,'products',1347,'Record created',17,NULL,'2023-05-01 02:08:41',NULL,NULL,NULL,NULL),(34695,'products',1348,'Record created',18,NULL,'2023-05-01 03:08:42',NULL,NULL,NULL,NULL),(34696,'products',1349,'Record created',12,NULL,'2023-05-01 04:08:43',NULL,NULL,NULL,NULL),(34697,'products',1350,'Record created',15,NULL,'2023-05-01 05:08:44',NULL,NULL,NULL,NULL),(34698,'products',1351,'Record created',12,NULL,'2023-05-01 06:08:45',NULL,NULL,NULL,NULL),(34699,'products',1352,'Record created',17,NULL,'2023-05-01 07:08:46',NULL,NULL,NULL,NULL),(34700,'products',1353,'Record created',10,NULL,'2023-05-01 08:08:47',NULL,NULL,NULL,NULL),(34701,'products',1354,'Record created',18,NULL,'2023-05-01 09:08:48',NULL,NULL,NULL,NULL),(34702,'products',1355,'Record created',16,NULL,'2023-05-01 10:08:49',NULL,NULL,NULL,NULL),(34703,'products',1356,'Record created',32,NULL,'2023-05-01 11:08:50',NULL,NULL,NULL,NULL),(34704,'products',1357,'Record created',16,NULL,'2023-05-01 12:08:51',NULL,NULL,NULL,NULL),(34705,'products',1358,'Record created',10,NULL,'2023-05-01 13:08:52',NULL,NULL,NULL,NULL),(34706,'products',1359,'Record created',10,NULL,'2023-05-01 14:08:53',NULL,NULL,NULL,NULL),(34707,'products',1360,'Record created',34,NULL,'2023-05-01 15:08:54',NULL,NULL,NULL,NULL),(34708,'products',1361,'Record created',18,NULL,'2023-05-01 16:08:55',NULL,NULL,NULL,NULL),(34709,'products',1362,'Record created',10,NULL,'2023-05-01 17:08:56',NULL,NULL,NULL,NULL),(34710,'products',1363,'Record created',32,NULL,'2023-05-01 18:08:57',NULL,NULL,NULL,NULL),(34711,'products',1364,'Record created',10,NULL,'2023-05-01 19:08:58',NULL,NULL,NULL,NULL),(34712,'products',1365,'Record created',10,NULL,'2023-05-01 20:08:59',NULL,NULL,NULL,NULL),(34713,'products',1366,'Record created',15,NULL,'2023-05-01 21:09:00',NULL,NULL,NULL,NULL),(34714,'products',1367,'Record created',32,NULL,'2023-05-01 22:09:01',NULL,NULL,NULL,NULL),(34715,'products',1368,'Record created',16,NULL,'2023-05-01 23:09:02',NULL,NULL,NULL,NULL),(34716,'products',1369,'Record created',18,NULL,'2023-05-02 00:09:03',NULL,NULL,NULL,NULL),(34717,'products',1370,'Record created',18,NULL,'2023-05-02 01:09:04',NULL,NULL,NULL,NULL),(34718,'products',1371,'Record created',17,NULL,'2023-05-02 02:09:05',NULL,NULL,NULL,NULL),(34719,'products',1372,'Record created',17,NULL,'2023-05-02 03:09:06',NULL,NULL,NULL,NULL),(34720,'products',1373,'Record created',32,NULL,'2023-05-02 04:09:07',NULL,NULL,NULL,NULL),(34721,'products',1374,'Record created',17,NULL,'2023-05-02 05:09:08',NULL,NULL,NULL,NULL),(34722,'products',1375,'Record created',15,NULL,'2023-05-02 06:09:09',NULL,NULL,NULL,NULL),(34723,'products',1376,'Record created',15,NULL,'2023-05-02 07:09:10',NULL,NULL,NULL,NULL),(34724,'products',1377,'Record created',16,NULL,'2023-05-02 08:09:11',NULL,NULL,NULL,NULL),(34725,'products',1378,'Record created',16,NULL,'2023-05-02 09:09:12',NULL,NULL,NULL,NULL),(34726,'products',1379,'Record created',16,NULL,'2023-05-02 10:09:13',NULL,NULL,NULL,NULL),(34727,'products',1380,'Record created',34,NULL,'2023-05-02 11:09:14',NULL,NULL,NULL,NULL),(34728,'products',1381,'Record created',10,NULL,'2023-05-02 12:09:15',NULL,NULL,NULL,NULL),(34729,'products',1382,'Record created',34,NULL,'2023-05-02 13:09:16',NULL,NULL,NULL,NULL),(34730,'products',1383,'Record created',17,NULL,'2023-05-02 14:09:17',NULL,NULL,NULL,NULL),(34731,'products',1384,'Record created',18,NULL,'2023-05-02 15:09:18',NULL,NULL,NULL,NULL),(34732,'products',1385,'Record created',10,NULL,'2023-05-02 16:09:19',NULL,NULL,NULL,NULL),(34733,'products',1386,'Record created',10,NULL,'2023-05-02 17:09:20',NULL,NULL,NULL,NULL),(34734,'products',1387,'Record created',32,NULL,'2023-05-02 18:09:21',NULL,NULL,NULL,NULL),(34735,'products',1388,'Record created',16,NULL,'2023-05-02 19:09:22',NULL,NULL,NULL,NULL),(34736,'products',1389,'Record created',32,NULL,'2023-05-02 20:09:23',NULL,NULL,NULL,NULL),(34737,'products',1390,'Record created',12,NULL,'2023-05-02 21:09:24',NULL,NULL,NULL,NULL),(34738,'products',1391,'Record created',10,NULL,'2023-05-02 22:09:25',NULL,NULL,NULL,NULL),(34739,'products',1392,'Record created',17,NULL,'2023-05-02 23:09:26',NULL,NULL,NULL,NULL),(34740,'products',1393,'Record created',10,NULL,'2023-05-03 00:09:27',NULL,NULL,NULL,NULL),(34741,'products',1393,'gender_id',16,NULL,'2023-05-03 01:09:28',6,10,NULL,NULL),(34742,'products',1393,'Record deleted',18,NULL,'2023-05-03 02:09:29',NULL,NULL,NULL,NULL),(34743,'products',1339,'name changed from \"Swimwear\" to \"swimwear\";',32,NULL,'2023-05-03 03:09:30',NULL,NULL,NULL,NULL),(34744,'products',1320,'name changed from \"Underwear\" to \"underwear\";',15,NULL,'2023-05-03 04:09:31',NULL,NULL,NULL,NULL),(34745,'products',1363,'name changed from \"Jackets\" to \"jackets\";',17,NULL,'2023-05-03 05:09:32',NULL,NULL,NULL,NULL),(34746,'products',1356,'name changed from \"Soap\" to \"soap\";',10,NULL,'2023-05-03 06:09:33',NULL,NULL,NULL,NULL),(34747,'products',1344,'name changed from \"Gloves\" to \"gloves\";',16,NULL,'2023-05-03 07:09:34',NULL,NULL,NULL,NULL),(34748,'products',1321,'name changed from \"Underwear\" to \"underwear\";',32,NULL,'2023-05-03 08:09:35',NULL,NULL,NULL,NULL),(34749,'products',1336,'name changed from \"Jackets\" to \"jackets\";',32,NULL,'2023-05-03 09:09:36',NULL,NULL,NULL,NULL),(34750,'products',1361,'name changed from \"Inhalation device\" to \"inhalation device\";',10,NULL,'2023-05-03 10:09:37',NULL,NULL,NULL,NULL),(34751,'products',1331,'name changed from \"T-Shirts\" to \"t-shirts\";',17,NULL,'2023-05-03 12:09:39',NULL,NULL,NULL,NULL),(34752,'products',1347,'name changed from \"Socks\" to \"socks\";',15,NULL,'2023-05-03 13:09:40',NULL,NULL,NULL,NULL),(34753,'products',1364,'name changed from \"Trousers\" to \"trousers\";',12,NULL,'2023-05-03 14:09:41',NULL,NULL,NULL,NULL),(34754,'products',1357,'name changed from \"Deodorant\" to \"deodorant\";',17,NULL,'2023-05-03 15:09:42',NULL,NULL,NULL,NULL),(34755,'products',1358,'name changed from \"Food\" to \"food\";',12,NULL,'2023-05-03 17:09:44',NULL,NULL,NULL,NULL),(34756,'products',1334,'name changed from \"Jackets\" to \"jackets\";',12,NULL,'2023-05-03 18:09:45',NULL,NULL,NULL,NULL),(34757,'products',1326,'name changed from \"Trousers\" to \"trousers\";',15,NULL,'2023-05-03 20:09:47',NULL,NULL,NULL,NULL),(34758,'products',1341,'name changed from \"Swimwear\" to \"swimwear\";',12,NULL,'2023-05-03 21:09:48',NULL,NULL,NULL,NULL),(34759,'products',1353,'name changed from \"Pillows\" to \"pillows\";',16,NULL,'2023-05-03 23:09:50',NULL,NULL,NULL,NULL),(34760,'products',1342,'name changed from \"Gloves\" to \"gloves\";',17,NULL,'2023-05-04 00:09:51',NULL,NULL,NULL,NULL),(34761,'products',1333,'name changed from \"T-Shirts\" to \"t-shirts\";',15,NULL,'2023-05-04 01:09:52',NULL,NULL,NULL,NULL),(34762,'products',1345,'name changed from \"Gloves\" to \"gloves\";',12,NULL,'2023-05-04 03:09:54',NULL,NULL,NULL,NULL),(34763,'products',1349,'name changed from \"Hats\" to \"hats\";',32,NULL,'2023-05-04 04:09:55',NULL,NULL,NULL,NULL),(34764,'products',1319,'name changed from \"Underwear\" to \"underwear\";',18,NULL,'2023-05-04 05:09:56',NULL,NULL,NULL,NULL),(34765,'products',1348,'name changed from \"Hats\" to \"hats\";',34,NULL,'2023-05-04 08:09:59',NULL,NULL,NULL,NULL),(34766,'products',1318,'name changed from \"Underwear\" to \"underwear\";',15,NULL,'2023-05-04 09:10:00',NULL,NULL,NULL,NULL),(34767,'products',1354,'name changed from \"Towels\" to \"towels\";',18,NULL,'2023-05-04 13:10:04',NULL,NULL,NULL,NULL),(34768,'products',1340,'name changed from \"Swimwear\" to \"swimwear\";',18,NULL,'2023-05-04 16:10:07',NULL,NULL,NULL,NULL),(34769,'products',1335,'name changed from \"Jackets\" to \"jackets\";',34,NULL,'2023-05-04 18:10:09',NULL,NULL,NULL,NULL),(34770,'products',1346,'name changed from \"Socks\" to \"socks\";',18,NULL,'2023-05-04 21:10:12',NULL,NULL,NULL,NULL),(34771,'products',1324,'name changed from \"Tights\" to \"tights\";',16,NULL,'2023-05-04 22:10:13',NULL,NULL,NULL,NULL),(34772,'products',1362,'name changed from \"Shirts\" to \"shirts\";',16,NULL,'2023-05-04 23:10:14',NULL,NULL,NULL,NULL),(34773,'products',1352,'name changed from \"Umbrellas\" to \"umbrellas\";',32,NULL,'2023-05-05 02:10:17',NULL,NULL,NULL,NULL),(34774,'products',1322,'name changed from \"Tights\" to \"tights\";',10,NULL,'2023-05-05 04:10:19',NULL,NULL,NULL,NULL),(34775,'products',1336,'value',17,NULL,'2023-05-05 05:10:20',99,15,NULL,NULL),(34776,'products',1330,'comments changed from \"Owner treat.\" to \"Parent.\";',15,NULL,'2023-05-05 06:10:21',NULL,NULL,NULL,NULL),(34777,'products',1333,'comments changed from \"Shoulder relationship center learn.\" to \"Shake thank.\";',18,NULL,'2023-05-05 07:10:22',NULL,NULL,NULL,NULL),(34778,'products',1336,'comments changed from \"Shoulder tree off.\" to \"Move.\";',15,NULL,'2023-05-05 08:10:23',NULL,NULL,NULL,NULL),(34779,'products',1354,'comments changed from \"Blue view.\" to \"Model training.\";',17,NULL,'2023-05-05 09:10:24',NULL,NULL,NULL,NULL),(34780,'products',1322,'comments changed from \"Reach star fine.\" to \"Including.\";',34,NULL,'2023-05-05 10:10:25',NULL,NULL,NULL,NULL),(34781,'products',1336,'comments changed from \"Move.\" to \"Even.\";',34,NULL,'2023-05-05 11:10:26',NULL,NULL,NULL,NULL),(34782,'products',1361,'comments changed from \"Growth sound first risk.\" to \"Theory case.\";',12,NULL,'2023-05-05 12:10:27',NULL,NULL,NULL,NULL),(34783,'products',1321,'comments changed from \"Cold approach.\" to \"Simply police.\";',12,NULL,'2023-05-05 13:10:28',NULL,NULL,NULL,NULL),(34784,'products',1322,'comments changed from \"Including.\" to \"Recently.\";',10,NULL,'2023-05-05 14:10:29',NULL,NULL,NULL,NULL),(34785,'products',1335,'comments changed from \"Performance statement operation television.\" to \"All.\";',17,NULL,'2023-05-05 15:10:30',NULL,NULL,NULL,NULL),(34786,'products',1323,'comments changed from \"Director guy assume.\" to \"Pick.\";',34,NULL,'2023-05-05 16:10:31',NULL,NULL,NULL,NULL),(34787,'products',1365,'comments changed from \"None\" to \"People.\";',16,NULL,'2023-05-05 17:10:32',NULL,NULL,NULL,NULL),(34788,'products',1331,'comments changed from \"Lose assume start.\" to \"Shake could.\";',32,NULL,'2023-05-05 18:10:33',NULL,NULL,NULL,NULL),(34789,'products',1355,'comments changed from \"Near forget city.\" to \"Number.\";',12,NULL,'2023-05-05 19:10:34',NULL,NULL,NULL,NULL),(34790,'products',1330,'comments changed from \"Parent.\" to \"Feel environment.\";',32,NULL,'2023-05-05 20:10:35',NULL,NULL,NULL,NULL),(34791,'products',1328,'comments changed from \"Big break.\" to \"Total lot.\";',34,NULL,'2023-05-05 21:10:36',NULL,NULL,NULL,NULL),(34792,'products',1324,'comments changed from \"Live decade establish.\" to \"But.\";',12,NULL,'2023-05-05 22:10:37',NULL,NULL,NULL,NULL),(34793,'products',1346,'comments changed from \"Discover foreign.\" to \"Avoid.\";',18,NULL,'2023-05-05 23:10:38',NULL,NULL,NULL,NULL),(34794,'products',1319,'comments changed from \"Whole part.\" to \"Thought.\";',16,NULL,'2023-05-06 00:10:39',NULL,NULL,NULL,NULL),(34795,'products',1341,'comments changed from \"Serve rock traditional.\" to \"Sound how.\";',32,NULL,'2023-05-06 01:10:40',NULL,NULL,NULL,NULL),(34796,'products',1339,'comments changed from \"Free face.\" to \"Yes ground.\";',15,NULL,'2023-05-06 02:10:41',NULL,NULL,NULL,NULL),(34797,'products',1355,'comments changed from \"Number.\" to \"Describe identify.\";',12,NULL,'2023-05-06 03:10:42',NULL,NULL,NULL,NULL),(34798,'products',1367,'comments changed from \"None\" to \"Own.\";',15,NULL,'2023-05-06 04:10:43',NULL,NULL,NULL,NULL),(34799,'products',1333,'comments changed from \"Shake thank.\" to \"Win issue.\";',16,NULL,'2023-05-06 05:10:44',NULL,NULL,NULL,NULL),(34800,'products',1360,'comments changed from \"Reduce fire street.\" to \"Tell rock.\";',15,NULL,'2023-05-06 06:10:45',NULL,NULL,NULL,NULL),(34801,'products',1345,'comments changed from \"Central.\" to \"Stop close.\";',34,NULL,'2023-05-06 07:10:46',NULL,NULL,NULL,NULL),(34802,'products',1345,'comments changed from \"Stop close.\" to \"How public.\";',16,NULL,'2023-05-06 08:10:47',NULL,NULL,NULL,NULL),(34803,'products',1341,'comments changed from \"Sound how.\" to \"Ask.\";',18,NULL,'2023-05-06 09:10:48',NULL,NULL,NULL,NULL),(34804,'products',1342,'comments changed from \"Strong member.\" to \"Soldier.\";',34,NULL,'2023-05-06 10:10:49',NULL,NULL,NULL,NULL),(34805,'products',1321,'comments changed from \"Simply police.\" to \"Chair but.\";',32,NULL,'2023-05-06 11:10:50',NULL,NULL,NULL,NULL),(34806,'products',1365,'comments changed from \"People.\" to \"Girl way.\";',18,NULL,'2023-05-06 12:10:51',NULL,NULL,NULL,NULL),(34807,'products',1335,'comments changed from \"All.\" to \"Adult.\";',16,NULL,'2023-05-06 13:10:52',NULL,NULL,NULL,NULL),(34808,'products',1349,'comments changed from \"Citizen authority.\" to \"Important wonder.\";',16,NULL,'2023-05-06 14:10:53',NULL,NULL,NULL,NULL),(34809,'products',1365,'comments changed from \"Girl way.\" to \"Claim go.\";',17,NULL,'2023-05-06 15:10:54',NULL,NULL,NULL,NULL),(34810,'products',1363,'comments changed from \"Sell somebody.\" to \"Reduce senior.\";',34,NULL,'2023-05-06 16:10:55',NULL,NULL,NULL,NULL),(34811,'products',1322,'comments changed from \"Recently.\" to \"Teacher home.\";',32,NULL,'2023-05-06 17:10:56',NULL,NULL,NULL,NULL),(34812,'products',1351,'comments changed from \"Song fight trial.\" to \"Floor deal.\";',12,NULL,'2023-05-06 18:10:57',NULL,NULL,NULL,NULL),(34813,'products',1349,'comments changed from \"Important wonder.\" to \"South standard.\";',34,NULL,'2023-05-06 19:10:58',NULL,NULL,NULL,NULL),(34814,'products',1367,'comments changed from \"Own.\" to \"Carry crime.\";',16,NULL,'2023-05-06 20:10:59',NULL,NULL,NULL,NULL),(34815,'products',1338,'comments changed from \"Hair read blue back.\" to \"Culture contain.\";',34,NULL,'2023-05-06 21:11:00',NULL,NULL,NULL,NULL),(34816,'products',1324,'comments changed from \"But.\" to \"Director lot.\";',18,NULL,'2023-05-06 22:11:01',NULL,NULL,NULL,NULL),(34817,'products',1337,'comments changed from \"Class.\" to \"System beat.\";',34,NULL,'2023-05-06 23:11:02',NULL,NULL,NULL,NULL),(34818,'products',1327,'comments changed from \"Yourself teach a.\" to \"Energy always.\";',32,NULL,'2023-05-07 00:11:03',NULL,NULL,NULL,NULL),(34819,'products',1343,'comments changed from \"Maintain rule discover.\" to \"They seat.\";',10,NULL,'2023-05-07 01:11:04',NULL,NULL,NULL,NULL),(34820,'products',1366,'comments changed from \"None\" to \"Candidate.\";',15,NULL,'2023-05-07 02:11:05',NULL,NULL,NULL,NULL),(34821,'products',1352,'comments changed from \"Me act they.\" to \"Walk yourself.\";',18,NULL,'2023-05-07 03:11:06',NULL,NULL,NULL,NULL),(34822,'products',1322,'comments changed from \"Teacher home.\" to \"Start.\";',17,NULL,'2023-05-07 04:11:07',NULL,NULL,NULL,NULL),(34823,'products',1328,'comments changed from \"Total lot.\" to \"Paper.\";',32,NULL,'2023-05-07 05:11:08',NULL,NULL,NULL,NULL),(34824,'products',1326,'comments changed from \"Himself be.\" to \"Way thank.\";',34,NULL,'2023-05-07 06:11:09',NULL,NULL,NULL,NULL),(34825,'products',1355,'comments changed from \"Describe identify.\" to \"Carry every.\";',15,NULL,'2023-05-07 07:11:10',NULL,NULL,NULL,NULL),(34826,'products',1348,'stockincontainer',10,NULL,'2023-05-07 08:11:11',1,0,NULL,NULL),(34827,'products',1319,'stockincontainer',15,NULL,'2023-05-07 09:11:12',0,1,NULL,NULL),(34828,'products',1339,'stockincontainer',15,NULL,'2023-05-07 10:11:13',0,1,NULL,NULL),(34829,'products',1360,'stockincontainer',32,NULL,'2023-05-07 11:11:14',0,1,NULL,NULL),(34830,'products',1362,'stockincontainer',10,NULL,'2023-05-07 12:11:15',0,1,NULL,NULL),(34831,'products',1365,'stockincontainer',12,NULL,'2023-05-07 13:11:16',0,1,NULL,NULL),(34832,'products',1331,'stockincontainer',17,NULL,'2023-05-07 14:11:17',0,1,NULL,NULL),(34833,'products',1382,'value',18,NULL,'2023-05-07 15:11:18',0,85,NULL,NULL),(34834,'products',1372,'value',12,NULL,'2023-05-07 16:11:19',0,56,NULL,NULL),(34835,'products',1389,'value',34,NULL,'2023-05-07 17:11:20',0,38,NULL,NULL),(34836,'products',1380,'value',10,NULL,'2023-05-07 18:11:21',0,28,NULL,NULL),(34837,'products',1373,'value',16,NULL,'2023-05-07 19:11:22',0,50,NULL,NULL),(34838,'products',1389,'value',10,NULL,'2023-05-07 20:11:23',38,80,NULL,NULL),(34839,'products',1380,'value',18,NULL,'2023-05-07 21:11:24',28,67,NULL,NULL),(34840,'products',1379,'value',34,NULL,'2023-05-07 22:11:25',0,64,NULL,NULL),(34841,'products',1372,'value',12,NULL,'2023-05-07 23:11:26',56,71,NULL,NULL),(34842,'products',1374,'value',16,NULL,'2023-05-08 00:11:27',0,76,NULL,NULL),(34843,'products',1389,'value',17,NULL,'2023-05-08 01:11:28',80,7,NULL,NULL),(34844,'products',1382,'value',12,NULL,'2023-05-08 02:11:29',85,58,NULL,NULL),(34845,'products',1384,'value',32,NULL,'2023-05-08 03:11:30',0,90,NULL,NULL),(34846,'products',1389,'value',18,NULL,'2023-05-08 04:11:31',7,54,NULL,NULL),(34847,'products',1373,'comments changed from \"None\" to \"Such involve.\";',32,NULL,'2023-05-08 05:11:32',NULL,NULL,NULL,NULL),(34848,'products',1379,'comments changed from \"None\" to \"Accept.\";',34,NULL,'2023-05-08 06:11:33',NULL,NULL,NULL,NULL),(34849,'products',1378,'comments changed from \"None\" to \"Religious economic.\";',32,NULL,'2023-05-08 07:11:34',NULL,NULL,NULL,NULL),(34850,'products',1372,'comments changed from \"None\" to \"Entire.\";',17,NULL,'2023-05-08 08:11:35',NULL,NULL,NULL,NULL),(34851,'products',1373,'comments changed from \"Such involve.\" to \"Or focus.\";',12,NULL,'2023-05-08 09:11:36',NULL,NULL,NULL,NULL),(34852,'products',1369,'comments changed from \"None\" to \"Human.\";',15,NULL,'2023-05-08 10:11:37',NULL,NULL,NULL,NULL),(34853,'products',1378,'comments changed from \"Religious economic.\" to \"Admit whom.\";',15,NULL,'2023-05-08 11:11:38',NULL,NULL,NULL,NULL),(34854,'products',1378,'comments changed from \"Admit whom.\" to \"Matter.\";',18,NULL,'2023-05-08 12:11:39',NULL,NULL,NULL,NULL),(34855,'products',1388,'comments changed from \"None\" to \"Month final.\";',18,NULL,'2023-05-08 13:11:40',NULL,NULL,NULL,NULL),(34856,'products',1378,'comments changed from \"Matter.\" to \"Light.\";',10,NULL,'2023-05-08 14:11:41',NULL,NULL,NULL,NULL),(34857,'products',1380,'comments changed from \"None\" to \"Stop.\";',10,NULL,'2023-05-08 15:11:42',NULL,NULL,NULL,NULL),(34858,'products',1378,'comments changed from \"Light.\" to \"Laugh of.\";',32,NULL,'2023-05-08 16:11:43',NULL,NULL,NULL,NULL),(34859,'products',1370,'Record deleted',12,NULL,'2023-05-08 17:11:44',NULL,NULL,NULL,NULL),(34860,'products',1378,'Record deleted',32,NULL,'2023-05-08 18:11:45',NULL,NULL,NULL,NULL),(34861,'products',1372,'Record deleted',10,NULL,'2023-05-08 19:11:46',NULL,NULL,NULL,NULL),(34862,'products',1391,'Record deleted',10,NULL,'2023-05-08 20:11:47',NULL,NULL,NULL,NULL),(34863,'products',1383,'Record deleted',12,NULL,'2023-05-08 21:11:48',NULL,NULL,NULL,NULL),(34864,'products',1394,'Record created',40,NULL,'2023-05-08 22:11:49',NULL,NULL,NULL,NULL),(34865,'products',1395,'Record created',39,NULL,'2023-05-08 23:11:50',NULL,NULL,NULL,NULL),(34866,'products',1396,'Record created',18,NULL,'2023-05-09 00:11:51',NULL,NULL,NULL,NULL),(34867,'products',1397,'Record created',20,NULL,'2023-05-09 01:11:52',NULL,NULL,NULL,NULL),(34868,'products',1398,'Record created',39,NULL,'2023-05-09 02:11:53',NULL,NULL,NULL,NULL),(34869,'products',1399,'Record created',41,NULL,'2023-05-09 03:11:54',NULL,NULL,NULL,NULL),(34870,'products',1400,'Record created',38,NULL,'2023-05-09 04:11:55',NULL,NULL,NULL,NULL),(34871,'products',1401,'Record created',37,NULL,'2023-05-09 05:11:56',NULL,NULL,NULL,NULL),(34872,'products',1402,'Record created',18,NULL,'2023-05-09 06:11:57',NULL,NULL,NULL,NULL),(34873,'products',1403,'Record created',41,NULL,'2023-05-09 07:11:58',NULL,NULL,NULL,NULL),(34874,'products',1404,'Record created',39,NULL,'2023-05-09 08:11:59',NULL,NULL,NULL,NULL),(34875,'products',1405,'Record created',10,NULL,'2023-05-09 09:12:00',NULL,NULL,NULL,NULL),(34876,'products',1406,'Record created',37,NULL,'2023-05-09 10:12:01',NULL,NULL,NULL,NULL),(34877,'products',1407,'Record created',20,NULL,'2023-05-09 11:12:02',NULL,NULL,NULL,NULL),(34878,'products',1408,'Record created',19,NULL,'2023-05-09 12:12:03',NULL,NULL,NULL,NULL),(34879,'products',1409,'Record created',18,NULL,'2023-05-09 13:12:04',NULL,NULL,NULL,NULL),(34880,'products',1410,'Record created',37,NULL,'2023-05-09 14:12:05',NULL,NULL,NULL,NULL),(34881,'products',1411,'Record created',37,NULL,'2023-05-09 15:12:06',NULL,NULL,NULL,NULL),(34882,'products',1412,'Record created',39,NULL,'2023-05-09 16:12:07',NULL,NULL,NULL,NULL),(34883,'products',1413,'Record created',18,NULL,'2023-05-09 17:12:08',NULL,NULL,NULL,NULL),(34884,'products',1414,'Record created',39,NULL,'2023-05-09 18:12:09',NULL,NULL,NULL,NULL),(34885,'products',1415,'Record created',41,NULL,'2023-05-09 19:12:10',NULL,NULL,NULL,NULL),(34886,'products',1416,'Record created',20,NULL,'2023-05-09 20:12:11',NULL,NULL,NULL,NULL),(34887,'products',1417,'Record created',20,NULL,'2023-05-09 21:12:12',NULL,NULL,NULL,NULL),(34888,'products',1418,'Record created',38,NULL,'2023-05-09 22:12:13',NULL,NULL,NULL,NULL),(34889,'products',1419,'Record created',19,NULL,'2023-05-09 23:12:14',NULL,NULL,NULL,NULL),(34890,'products',1420,'Record created',40,NULL,'2023-05-10 00:12:15',NULL,NULL,NULL,NULL),(34891,'products',1421,'Record created',41,NULL,'2023-05-10 01:12:16',NULL,NULL,NULL,NULL),(34892,'products',1422,'Record created',39,NULL,'2023-05-10 02:12:17',NULL,NULL,NULL,NULL),(34893,'products',1423,'Record created',39,NULL,'2023-05-10 03:12:18',NULL,NULL,NULL,NULL),(34894,'products',1424,'Record created',10,NULL,'2023-05-10 04:12:19',NULL,NULL,NULL,NULL),(34895,'products',1425,'Record created',38,NULL,'2023-05-10 05:12:20',NULL,NULL,NULL,NULL),(34896,'products',1426,'Record created',20,NULL,'2023-05-10 06:12:21',NULL,NULL,NULL,NULL),(34897,'products',1427,'Record created',20,NULL,'2023-05-10 07:12:22',NULL,NULL,NULL,NULL),(34898,'products',1428,'Record created',20,NULL,'2023-05-10 08:12:23',NULL,NULL,NULL,NULL),(34899,'products',1429,'Record created',10,NULL,'2023-05-10 09:12:24',NULL,NULL,NULL,NULL),(34900,'products',1430,'Record created',10,NULL,'2023-05-10 10:12:25',NULL,NULL,NULL,NULL),(34901,'products',1431,'Record created',39,NULL,'2023-05-10 11:12:26',NULL,NULL,NULL,NULL),(34902,'products',1432,'Record created',40,NULL,'2023-05-10 12:12:27',NULL,NULL,NULL,NULL),(34903,'products',1433,'Record created',20,NULL,'2023-05-10 13:12:28',NULL,NULL,NULL,NULL),(34904,'products',1434,'Record created',37,NULL,'2023-05-10 14:12:29',NULL,NULL,NULL,NULL),(34905,'products',1435,'Record created',40,NULL,'2023-05-10 15:12:30',NULL,NULL,NULL,NULL),(34906,'products',1436,'Record created',19,NULL,'2023-05-10 16:12:31',NULL,NULL,NULL,NULL),(34907,'products',1437,'Record created',18,NULL,'2023-05-10 17:12:32',NULL,NULL,NULL,NULL),(34908,'products',1438,'Record created',41,NULL,'2023-05-10 18:12:33',NULL,NULL,NULL,NULL),(34909,'products',1439,'Record created',40,NULL,'2023-05-10 19:12:34',NULL,NULL,NULL,NULL),(34910,'products',1440,'Record created',19,NULL,'2023-05-10 20:12:35',NULL,NULL,NULL,NULL),(34911,'products',1441,'Record created',41,NULL,'2023-05-10 21:12:36',NULL,NULL,NULL,NULL),(34912,'products',1442,'Record created',19,NULL,'2023-05-10 22:12:37',NULL,NULL,NULL,NULL),(34913,'products',1443,'Record created',41,NULL,'2023-05-10 23:12:38',NULL,NULL,NULL,NULL),(34914,'products',1444,'Record created',19,NULL,'2023-05-11 00:12:39',NULL,NULL,NULL,NULL),(34915,'products',1445,'Record created',39,NULL,'2023-05-11 01:12:40',NULL,NULL,NULL,NULL),(34916,'products',1446,'Record created',20,NULL,'2023-05-11 02:12:41',NULL,NULL,NULL,NULL),(34917,'products',1447,'Record created',37,NULL,'2023-05-11 03:12:42',NULL,NULL,NULL,NULL),(34918,'products',1448,'Record created',18,NULL,'2023-05-11 04:12:43',NULL,NULL,NULL,NULL),(34919,'products',1449,'Record created',40,NULL,'2023-05-11 05:12:44',NULL,NULL,NULL,NULL),(34920,'products',1450,'Record created',18,NULL,'2023-05-11 06:12:45',NULL,NULL,NULL,NULL),(34921,'products',1451,'Record created',39,NULL,'2023-05-11 07:12:46',NULL,NULL,NULL,NULL),(34922,'products',1452,'Record created',39,NULL,'2023-05-11 08:12:47',NULL,NULL,NULL,NULL),(34923,'products',1453,'Record created',10,NULL,'2023-05-11 09:12:48',NULL,NULL,NULL,NULL),(34924,'products',1454,'Record created',39,NULL,'2023-05-11 10:12:49',NULL,NULL,NULL,NULL),(34925,'products',1455,'Record created',10,NULL,'2023-05-11 11:12:50',NULL,NULL,NULL,NULL),(34926,'products',1456,'Record created',39,NULL,'2023-05-11 12:12:51',NULL,NULL,NULL,NULL),(34927,'products',1457,'Record created',37,NULL,'2023-05-11 13:12:52',NULL,NULL,NULL,NULL),(34928,'products',1458,'Record created',18,NULL,'2023-05-11 14:12:53',NULL,NULL,NULL,NULL),(34929,'products',1459,'Record created',20,NULL,'2023-05-11 15:12:54',NULL,NULL,NULL,NULL),(34930,'products',1460,'Record created',37,NULL,'2023-05-11 16:12:55',NULL,NULL,NULL,NULL),(34931,'products',1461,'Record created',41,NULL,'2023-05-11 17:12:56',NULL,NULL,NULL,NULL),(34932,'products',1462,'Record created',19,NULL,'2023-05-11 18:12:57',NULL,NULL,NULL,NULL),(34933,'products',1463,'Record created',10,NULL,'2023-05-11 19:12:58',NULL,NULL,NULL,NULL),(34934,'products',1464,'Record created',20,NULL,'2023-05-11 20:12:59',NULL,NULL,NULL,NULL),(34935,'products',1465,'Record created',41,NULL,'2023-05-11 21:13:00',NULL,NULL,NULL,NULL),(34936,'products',1466,'Record created',10,NULL,'2023-05-11 22:13:01',NULL,NULL,NULL,NULL),(34937,'products',1467,'Record created',41,NULL,'2023-05-11 23:13:02',NULL,NULL,NULL,NULL),(34938,'products',1468,'Record created',20,NULL,'2023-05-12 00:13:03',NULL,NULL,NULL,NULL),(34939,'products',1469,'Record created',20,NULL,'2023-05-12 01:13:04',NULL,NULL,NULL,NULL),(34940,'products',1469,'gender_id',40,NULL,'2023-05-12 02:13:05',6,10,NULL,NULL),(34941,'products',1469,'Record deleted',39,NULL,'2023-05-12 03:13:06',NULL,NULL,NULL,NULL),(34942,'products',1418,'name changed from \"Gloves\" to \"gloves\";',39,NULL,'2023-05-12 04:13:07',NULL,NULL,NULL,NULL),(34943,'products',1416,'name changed from \"Swimwear\" to \"swimwear\";',20,NULL,'2023-05-12 05:13:08',NULL,NULL,NULL,NULL),(34944,'products',1406,'value',19,NULL,'2023-05-12 06:13:09',0,88,NULL,NULL),(34945,'products',1394,'value',19,NULL,'2023-05-12 07:13:10',72,90,NULL,NULL),(34946,'products',1429,'value',10,NULL,'2023-05-12 08:13:11',79,88,NULL,NULL),(34947,'products',1412,'value',40,NULL,'2023-05-12 09:13:12',62,40,NULL,NULL),(34948,'products',1441,'value',19,NULL,'2023-05-12 10:13:13',53,47,NULL,NULL),(34949,'products',1420,'value',40,NULL,'2023-05-12 11:13:14',86,85,NULL,NULL),(34950,'products',1419,'value',41,NULL,'2023-05-12 12:13:15',37,56,NULL,NULL),(34951,'products',1425,'value',39,NULL,'2023-05-12 13:13:16',31,11,NULL,NULL),(34952,'products',1407,'value',41,NULL,'2023-05-12 14:13:17',85,59,NULL,NULL),(34953,'products',1440,'value',37,NULL,'2023-05-12 15:13:18',11,0,NULL,NULL),(34954,'products',1421,'value',19,NULL,'2023-05-12 16:13:19',86,46,NULL,NULL),(34955,'products',1418,'value',40,NULL,'2023-05-12 17:13:20',32,96,NULL,NULL),(34956,'products',1406,'value',39,NULL,'2023-05-12 18:13:21',88,17,NULL,NULL),(34957,'products',1409,'value',39,NULL,'2023-05-12 19:13:22',58,13,NULL,NULL),(34958,'products',1422,'value',19,NULL,'2023-05-12 20:13:23',43,50,NULL,NULL),(34959,'products',1395,'value',18,NULL,'2023-05-12 21:13:24',25,77,NULL,NULL),(34960,'products',1406,'comments changed from \"Science law.\" to \"Include set.\";',19,NULL,'2023-05-12 22:13:25',NULL,NULL,NULL,NULL),(34961,'products',1424,'comments changed from \"Sure attorney.\" to \"He.\";',37,NULL,'2023-05-12 23:13:26',NULL,NULL,NULL,NULL),(34962,'products',1397,'comments changed from \"Side investment player instead.\" to \"Their economy.\";',40,NULL,'2023-05-13 00:13:27',NULL,NULL,NULL,NULL),(34963,'products',1441,'comments changed from \"None\" to \"Technology.\";',38,NULL,'2023-05-13 01:13:28',NULL,NULL,NULL,NULL),(34964,'products',1395,'comments changed from \"Director response.\" to \"Area face.\";',39,NULL,'2023-05-13 02:13:29',NULL,NULL,NULL,NULL),(34965,'products',1413,'comments changed from \"Few standard.\" to \"Each deep.\";',10,NULL,'2023-05-13 03:13:30',NULL,NULL,NULL,NULL),(34966,'products',1439,'comments changed from \"Road cell imagine.\" to \"Hair process.\";',19,NULL,'2023-05-13 04:13:31',NULL,NULL,NULL,NULL),(34967,'products',1436,'comments changed from \"Parent shoulder way.\" to \"Usually word.\";',37,NULL,'2023-05-13 05:13:32',NULL,NULL,NULL,NULL),(34968,'products',1430,'comments changed from \"Low space such.\" to \"Even.\";',40,NULL,'2023-05-13 06:13:33',NULL,NULL,NULL,NULL),(34969,'products',1422,'stockincontainer',19,NULL,'2023-05-13 07:13:34',1,0,NULL,NULL),(34970,'products',1405,'stockincontainer',10,NULL,'2023-05-13 08:13:35',0,1,NULL,NULL),(34971,'products',1408,'stockincontainer',18,NULL,'2023-05-13 09:13:36',0,1,NULL,NULL),(34972,'products',1431,'stockincontainer',41,NULL,'2023-05-13 10:13:37',0,1,NULL,NULL),(34973,'products',1410,'stockincontainer',19,NULL,'2023-05-13 11:13:38',0,1,NULL,NULL),(34974,'products',1397,'stockincontainer',10,NULL,'2023-05-13 12:13:39',0,1,NULL,NULL),(34975,'products',1417,'stockincontainer',39,NULL,'2023-05-13 13:13:40',0,1,NULL,NULL),(34976,'products',1412,'stockincontainer',37,NULL,'2023-05-13 14:13:41',0,1,NULL,NULL),(34977,'products',1441,'stockincontainer',38,NULL,'2023-05-13 15:13:42',0,1,NULL,NULL),(34978,'products',1424,'stockincontainer',39,NULL,'2023-05-13 16:13:43',0,1,NULL,NULL),(34979,'products',1397,'stockincontainer',20,NULL,'2023-05-13 17:13:44',1,0,NULL,NULL),(34980,'products',1437,'stockincontainer',19,NULL,'2023-05-13 18:13:45',0,1,NULL,NULL),(34981,'products',1435,'stockincontainer',39,NULL,'2023-05-13 19:13:46',0,1,NULL,NULL),(34982,'products',1425,'stockincontainer',19,NULL,'2023-05-13 20:13:47',0,1,NULL,NULL),(34983,'products',1439,'stockincontainer',41,NULL,'2023-05-13 21:13:48',0,1,NULL,NULL),(34984,'products',1414,'stockincontainer',38,NULL,'2023-05-13 22:13:49',1,0,NULL,NULL),(34985,'products',1414,'stockincontainer',18,NULL,'2023-05-13 23:13:50',0,1,NULL,NULL),(34986,'products',1400,'stockincontainer',18,NULL,'2023-05-14 00:13:51',0,1,NULL,NULL),(34987,'products',1413,'stockincontainer',20,NULL,'2023-05-14 01:13:52',1,0,NULL,NULL),(34988,'products',1407,'stockincontainer',19,NULL,'2023-05-14 02:13:53',0,1,NULL,NULL),(34989,'products',1421,'stockincontainer',20,NULL,'2023-05-14 03:13:54',0,1,NULL,NULL),(34990,'products',1398,'stockincontainer',40,NULL,'2023-05-14 04:13:55',0,1,NULL,NULL),(34991,'products',1430,'stockincontainer',41,NULL,'2023-05-14 05:13:56',0,1,NULL,NULL),(34992,'products',1430,'stockincontainer',10,NULL,'2023-05-14 06:13:57',1,0,NULL,NULL),(34993,'products',1438,'stockincontainer',40,NULL,'2023-05-14 07:13:58',0,1,NULL,NULL),(34994,'products',1417,'stockincontainer',41,NULL,'2023-05-14 08:13:59',1,0,NULL,NULL),(34995,'products',1420,'stockincontainer',37,NULL,'2023-05-14 09:14:00',0,1,NULL,NULL),(34996,'products',1401,'stockincontainer',38,NULL,'2023-05-14 10:14:01',0,1,NULL,NULL),(34997,'products',1441,'stockincontainer',19,NULL,'2023-05-14 11:14:02',1,0,NULL,NULL),(34998,'products',1434,'stockincontainer',39,NULL,'2023-05-14 12:14:03',0,1,NULL,NULL),(34999,'products',1405,'stockincontainer',37,NULL,'2023-05-14 13:14:04',1,0,NULL,NULL),(35000,'products',1414,'stockincontainer',37,NULL,'2023-05-14 14:14:05',1,0,NULL,NULL),(35001,'products',1397,'stockincontainer',41,NULL,'2023-05-14 15:14:06',0,1,NULL,NULL),(35002,'products',1400,'stockincontainer',38,NULL,'2023-05-14 16:14:07',1,0,NULL,NULL),(35003,'products',1439,'stockincontainer',18,NULL,'2023-05-14 17:14:08',1,0,NULL,NULL),(35004,'products',1411,'stockincontainer',10,NULL,'2023-05-14 18:14:09',0,1,NULL,NULL),(35005,'products',1421,'stockincontainer',20,NULL,'2023-05-14 19:14:10',1,0,NULL,NULL),(35006,'products',1405,'stockincontainer',18,NULL,'2023-05-14 20:14:11',0,1,NULL,NULL),(35007,'products',1416,'stockincontainer',37,NULL,'2023-05-14 21:14:12',0,1,NULL,NULL),(35008,'products',1401,'stockincontainer',18,NULL,'2023-05-14 22:14:13',1,0,NULL,NULL),(35009,'products',1395,'stockincontainer',41,NULL,'2023-05-14 23:14:14',1,0,NULL,NULL),(35010,'products',1435,'stockincontainer',19,NULL,'2023-05-15 00:14:15',1,0,NULL,NULL),(35011,'products',1417,'stockincontainer',37,NULL,'2023-05-15 01:14:16',0,1,NULL,NULL),(35012,'products',1402,'stockincontainer',18,NULL,'2023-05-15 02:14:17',0,1,NULL,NULL),(35013,'products',1424,'stockincontainer',18,NULL,'2023-05-15 03:14:18',1,0,NULL,NULL),(35014,'products',1411,'stockincontainer',37,NULL,'2023-05-15 04:14:19',1,0,NULL,NULL),(35015,'products',1448,'value',19,NULL,'2023-05-15 05:14:20',0,27,NULL,NULL),(35016,'products',1463,'value',39,NULL,'2023-05-15 06:14:21',0,68,NULL,NULL),(35017,'products',1464,'value',38,NULL,'2023-05-15 07:14:22',0,32,NULL,NULL),(35018,'products',1466,'value',41,NULL,'2023-05-15 08:14:23',0,6,NULL,NULL),(35019,'products',1447,'value',19,NULL,'2023-05-15 09:14:24',0,13,NULL,NULL),(35020,'products',1446,'value',10,NULL,'2023-05-15 10:14:25',0,72,NULL,NULL),(35021,'products',1457,'value',39,NULL,'2023-05-15 11:14:26',0,36,NULL,NULL),(35022,'products',1460,'value',40,NULL,'2023-05-15 12:14:27',0,95,NULL,NULL),(35023,'products',1444,'value',10,NULL,'2023-05-15 13:14:28',0,95,NULL,NULL),(35024,'products',1466,'value',19,NULL,'2023-05-15 14:14:29',6,25,NULL,NULL),(35025,'products',1448,'value',19,NULL,'2023-05-15 15:14:30',27,89,NULL,NULL),(35026,'products',1458,'value',38,NULL,'2023-05-15 16:14:31',0,21,NULL,NULL),(35027,'products',1461,'value',18,NULL,'2023-05-15 17:14:32',0,79,NULL,NULL),(35028,'products',1449,'comments changed from \"None\" to \"Play travel.\";',19,NULL,'2023-05-15 18:14:33',NULL,NULL,NULL,NULL),(35029,'products',1458,'comments changed from \"None\" to \"Be that.\";',20,NULL,'2023-05-15 19:14:34',NULL,NULL,NULL,NULL),(35030,'products',1454,'comments changed from \"None\" to \"Never.\";',18,NULL,'2023-05-15 20:14:35',NULL,NULL,NULL,NULL),(35031,'products',1457,'comments changed from \"None\" to \"Support.\";',39,NULL,'2023-05-15 21:14:36',NULL,NULL,NULL,NULL),(35032,'products',1462,'comments changed from \"None\" to \"Charge animal.\";',37,NULL,'2023-05-15 22:14:37',NULL,NULL,NULL,NULL),(35033,'products',1466,'comments changed from \"None\" to \"Democrat.\";',10,NULL,'2023-05-15 23:14:38',NULL,NULL,NULL,NULL),(35034,'products',1458,'comments changed from \"Be that.\" to \"Responsibility.\";',40,NULL,'2023-05-16 00:14:39',NULL,NULL,NULL,NULL),(35035,'products',1451,'comments changed from \"None\" to \"Tough.\";',20,NULL,'2023-05-16 01:14:40',NULL,NULL,NULL,NULL),(35036,'products',1454,'comments changed from \"Never.\" to \"Amount mother.\";',40,NULL,'2023-05-16 02:14:41',NULL,NULL,NULL,NULL),(35037,'products',1449,'comments changed from \"Play travel.\" to \"Note unit.\";',39,NULL,'2023-05-16 03:14:42',NULL,NULL,NULL,NULL),(35038,'products',1468,'comments changed from \"None\" to \"Yard build.\";',38,NULL,'2023-05-16 04:14:43',NULL,NULL,NULL,NULL),(35039,'products',1465,'comments changed from \"None\" to \"Network.\";',19,NULL,'2023-05-16 05:14:44',NULL,NULL,NULL,NULL),(35040,'products',1451,'comments changed from \"Tough.\" to \"Piece help.\";',19,NULL,'2023-05-16 06:14:45',NULL,NULL,NULL,NULL),(35041,'products',1451,'comments changed from \"Piece help.\" to \"Break.\";',18,NULL,'2023-05-16 07:14:46',NULL,NULL,NULL,NULL),(35042,'products',1462,'comments changed from \"Charge animal.\" to \"Those success.\";',37,NULL,'2023-05-16 08:14:47',NULL,NULL,NULL,NULL),(35043,'products',1449,'comments changed from \"Note unit.\" to \"Exactly enough.\";',10,NULL,'2023-05-16 09:14:48',NULL,NULL,NULL,NULL),(35044,'products',1448,'comments changed from \"None\" to \"Early.\";',40,NULL,'2023-05-16 10:14:49',NULL,NULL,NULL,NULL),(35045,'products',1459,'Record deleted',41,NULL,'2023-05-16 11:14:50',NULL,NULL,NULL,NULL),(35046,'products',1461,'Record deleted',39,NULL,'2023-05-16 12:14:51',NULL,NULL,NULL,NULL),(35047,'products',1454,'Record deleted',18,NULL,'2023-05-16 13:14:52',NULL,NULL,NULL,NULL),(35048,'products',1446,'Record deleted',19,NULL,'2023-05-16 14:14:53',NULL,NULL,NULL,NULL),(35049,'products',1448,'Record deleted',38,NULL,'2023-05-16 15:14:54',NULL,NULL,NULL,NULL),(35050,'stock',100000247,'Record created',7,NULL,'2023-06-25 06:15:47',NULL,NULL,NULL,NULL),(35051,'stock',100000248,'Record created',23,NULL,'2023-06-25 07:15:46',NULL,NULL,NULL,NULL),(35052,'stock',100000249,'Record created',9,NULL,'2023-06-25 08:15:45',NULL,NULL,NULL,NULL),(35053,'stock',100000250,'Record created',25,NULL,'2023-06-25 09:15:44',NULL,NULL,NULL,NULL),(35054,'stock',100000251,'Record created',3,NULL,'2023-06-25 10:15:43',NULL,NULL,NULL,NULL),(35055,'stock',100000252,'Record created',7,NULL,'2023-06-25 11:15:42',NULL,NULL,NULL,NULL),(35056,'stock',100000253,'Record created',24,NULL,'2023-06-25 12:15:41',NULL,NULL,NULL,NULL),(35057,'stock',100000254,'Record created',25,NULL,'2023-06-25 13:15:40',NULL,NULL,NULL,NULL),(35058,'stock',100000255,'Record created',8,NULL,'2023-06-25 14:15:39',NULL,NULL,NULL,NULL),(35059,'stock',100000256,'Record created',7,NULL,'2023-06-25 15:15:38',NULL,NULL,NULL,NULL),(35060,'stock',100000257,'Record created',25,NULL,'2023-06-25 16:15:37',NULL,NULL,NULL,NULL),(35061,'stock',100000258,'Record created',2,NULL,'2023-06-25 17:15:36',NULL,NULL,NULL,NULL),(35062,'stock',100000259,'Record created',2,NULL,'2023-06-25 18:15:35',NULL,NULL,NULL,NULL),(35063,'stock',100000260,'Record created',4,NULL,'2023-06-25 19:15:34',NULL,NULL,NULL,NULL),(35064,'stock',100000261,'Record created',23,NULL,'2023-06-25 20:15:33',NULL,NULL,NULL,NULL),(35065,'stock',100000262,'Record created',6,NULL,'2023-06-25 21:15:32',NULL,NULL,NULL,NULL),(35066,'stock',100000263,'Record created',7,NULL,'2023-06-25 22:15:31',NULL,NULL,NULL,NULL),(35067,'stock',100000264,'Record created',9,NULL,'2023-06-25 23:15:30',NULL,NULL,NULL,NULL),(35068,'stock',100000265,'Record created',7,NULL,'2023-06-26 00:15:29',NULL,NULL,NULL,NULL),(35069,'stock',100000266,'Record created',6,NULL,'2023-06-26 01:15:28',NULL,NULL,NULL,NULL),(35070,'stock',100000267,'Record created',25,NULL,'2023-06-26 02:15:27',NULL,NULL,NULL,NULL),(35071,'stock',100000268,'Record created',8,NULL,'2023-06-26 03:15:26',NULL,NULL,NULL,NULL),(35072,'stock',100000269,'Record created',4,NULL,'2023-06-26 04:15:25',NULL,NULL,NULL,NULL),(35073,'stock',100000270,'Record created',8,NULL,'2023-06-26 05:15:24',NULL,NULL,NULL,NULL),(35074,'stock',100000271,'Record created',5,NULL,'2023-06-26 06:15:23',NULL,NULL,NULL,NULL),(35075,'stock',100000272,'Record created',2,NULL,'2023-06-26 07:15:22',NULL,NULL,NULL,NULL),(35076,'stock',100000273,'Record created',8,NULL,'2023-06-26 08:15:21',NULL,NULL,NULL,NULL),(35077,'stock',100000274,'Record created',3,NULL,'2023-06-26 09:15:20',NULL,NULL,NULL,NULL),(35078,'stock',100000275,'Record created',24,NULL,'2023-06-26 10:15:19',NULL,NULL,NULL,NULL),(35079,'stock',100000276,'Record created',9,NULL,'2023-06-26 11:15:18',NULL,NULL,NULL,NULL),(35080,'stock',100000277,'Record created',25,NULL,'2023-06-26 12:15:17',NULL,NULL,NULL,NULL),(35081,'stock',100000278,'Record created',9,NULL,'2023-06-26 13:15:16',NULL,NULL,NULL,NULL),(35082,'stock',100000279,'Record created',5,NULL,'2023-06-26 14:15:15',NULL,NULL,NULL,NULL),(35083,'stock',100000280,'Record created',5,NULL,'2023-06-26 15:15:14',NULL,NULL,NULL,NULL),(35084,'stock',100000281,'Record created',3,NULL,'2023-06-26 16:15:13',NULL,NULL,NULL,NULL),(35085,'stock',100000282,'Record created',3,NULL,'2023-06-26 17:15:12',NULL,NULL,NULL,NULL),(35086,'stock',100000283,'Record created',7,NULL,'2023-06-26 18:15:11',NULL,NULL,NULL,NULL),(35087,'stock',100000284,'Record created',2,NULL,'2023-06-26 19:15:10',NULL,NULL,NULL,NULL),(35088,'stock',100000285,'Record created',5,NULL,'2023-06-26 20:15:09',NULL,NULL,NULL,NULL),(35089,'stock',100000286,'Record created',23,NULL,'2023-06-26 21:15:08',NULL,NULL,NULL,NULL),(35090,'stock',100000287,'Record created',5,NULL,'2023-06-26 22:15:07',NULL,NULL,NULL,NULL),(35091,'stock',100000288,'Record created',5,NULL,'2023-06-26 23:15:06',NULL,NULL,NULL,NULL),(35092,'stock',100000289,'Record created',25,NULL,'2023-06-27 00:15:05',NULL,NULL,NULL,NULL),(35093,'stock',100000290,'Record created',6,NULL,'2023-06-27 01:15:04',NULL,NULL,NULL,NULL),(35094,'stock',100000291,'Record created',25,NULL,'2023-06-27 02:15:03',NULL,NULL,NULL,NULL),(35095,'stock',100000292,'Record created',9,NULL,'2023-06-27 03:15:02',NULL,NULL,NULL,NULL),(35096,'stock',100000293,'Record created',25,NULL,'2023-06-27 04:15:01',NULL,NULL,NULL,NULL),(35097,'stock',100000294,'Record created',25,NULL,'2023-06-27 05:15:00',NULL,NULL,NULL,NULL),(35098,'stock',100000295,'Record created',3,NULL,'2023-06-27 06:14:59',NULL,NULL,NULL,NULL),(35099,'stock',100000296,'Record created',24,NULL,'2023-06-27 07:14:58',NULL,NULL,NULL,NULL),(35100,'stock',100000297,'Record created',24,NULL,'2023-06-27 08:14:57',NULL,NULL,NULL,NULL),(35101,'stock',100000298,'Record created',9,NULL,'2023-06-27 09:14:56',NULL,NULL,NULL,NULL),(35102,'stock',100000299,'Record created',24,NULL,'2023-06-27 10:14:55',NULL,NULL,NULL,NULL),(35103,'stock',100000300,'Record created',23,NULL,'2023-06-27 11:14:54',NULL,NULL,NULL,NULL),(35104,'stock',100000301,'Record created',4,NULL,'2023-06-27 12:14:53',NULL,NULL,NULL,NULL),(35105,'stock',100000302,'Record created',4,NULL,'2023-06-27 13:14:52',NULL,NULL,NULL,NULL),(35106,'stock',100000303,'Record created',8,NULL,'2023-06-27 14:14:51',NULL,NULL,NULL,NULL),(35107,'stock',100000304,'Record created',23,NULL,'2023-06-27 15:14:50',NULL,NULL,NULL,NULL),(35108,'stock',100000305,'Record created',7,NULL,'2023-06-27 16:14:49',NULL,NULL,NULL,NULL),(35109,'stock',100000306,'Record created',5,NULL,'2023-06-27 17:14:48',NULL,NULL,NULL,NULL),(35110,'stock',100000307,'Record created',4,NULL,'2023-06-27 18:14:47',NULL,NULL,NULL,NULL),(35111,'stock',100000308,'Record created',5,NULL,'2023-06-27 19:14:46',NULL,NULL,NULL,NULL),(35112,'stock',100000309,'Record created',4,NULL,'2023-06-27 20:14:45',NULL,NULL,NULL,NULL),(35113,'stock',100000310,'Record created',5,NULL,'2023-06-27 21:14:44',NULL,NULL,NULL,NULL),(35114,'stock',100000311,'Record created',5,NULL,'2023-06-27 22:14:43',NULL,NULL,NULL,NULL),(35115,'stock',100000312,'Record created',9,NULL,'2023-06-27 23:14:42',NULL,NULL,NULL,NULL),(35116,'stock',100000313,'Record created',8,NULL,'2023-06-28 00:14:41',NULL,NULL,NULL,NULL),(35117,'stock',100000314,'Record created',8,NULL,'2023-06-28 01:14:40',NULL,NULL,NULL,NULL),(35118,'stock',100000315,'Record created',3,NULL,'2023-06-28 02:14:39',NULL,NULL,NULL,NULL),(35119,'stock',100000316,'Record created',6,NULL,'2023-06-28 03:14:38',NULL,NULL,NULL,NULL),(35120,'stock',100000317,'Record created',7,NULL,'2023-06-28 04:14:37',NULL,NULL,NULL,NULL),(35121,'stock',100000318,'Record created',9,NULL,'2023-06-28 05:14:36',NULL,NULL,NULL,NULL),(35122,'stock',100000319,'Record created',8,NULL,'2023-06-28 06:14:35',NULL,NULL,NULL,NULL),(35123,'stock',100000320,'Record created',5,NULL,'2023-06-28 07:14:34',NULL,NULL,NULL,NULL),(35124,'stock',100000321,'Record created',9,NULL,'2023-06-28 08:14:33',NULL,NULL,NULL,NULL),(35125,'stock',100000322,'Record created',6,NULL,'2023-06-28 09:14:32',NULL,NULL,NULL,NULL),(35126,'stock',100000323,'Record created',5,NULL,'2023-06-28 10:14:31',NULL,NULL,NULL,NULL),(35127,'stock',100000324,'Record created',4,NULL,'2023-06-28 11:14:30',NULL,NULL,NULL,NULL),(35128,'stock',100000325,'Record created',7,NULL,'2023-06-28 12:14:29',NULL,NULL,NULL,NULL),(35129,'stock',100000326,'Record created',5,NULL,'2023-06-28 13:14:28',NULL,NULL,NULL,NULL),(35130,'stock',100000327,'Record created',4,NULL,'2023-06-28 14:14:27',NULL,NULL,NULL,NULL),(35131,'stock',100000328,'Record created',9,NULL,'2023-06-28 15:14:26',NULL,NULL,NULL,NULL),(35132,'stock',100000329,'Record created',5,NULL,'2023-06-28 16:14:25',NULL,NULL,NULL,NULL),(35133,'stock',100000330,'Record created',2,NULL,'2023-06-28 17:14:24',NULL,NULL,NULL,NULL),(35134,'stock',100000331,'Record created',2,NULL,'2023-06-28 18:14:23',NULL,NULL,NULL,NULL),(35135,'stock',100000332,'Record created',7,NULL,'2023-06-28 19:14:22',NULL,NULL,NULL,NULL),(35136,'stock',100000333,'Record created',9,NULL,'2023-06-28 20:14:21',NULL,NULL,NULL,NULL),(35137,'stock',100000334,'Record created',24,NULL,'2023-06-28 21:14:20',NULL,NULL,NULL,NULL),(35138,'stock',100000335,'Record created',2,NULL,'2023-06-28 22:14:19',NULL,NULL,NULL,NULL),(35139,'stock',100000336,'Record created',7,NULL,'2023-06-28 23:14:18',NULL,NULL,NULL,NULL),(35140,'stock',100000337,'Record created',2,NULL,'2023-06-29 00:14:17',NULL,NULL,NULL,NULL),(35141,'stock',100000338,'Record created',3,NULL,'2023-06-29 01:14:16',NULL,NULL,NULL,NULL),(35142,'stock',100000339,'Record created',4,NULL,'2023-06-29 02:14:15',NULL,NULL,NULL,NULL),(35143,'stock',100000340,'Record created',4,NULL,'2023-06-29 03:14:14',NULL,NULL,NULL,NULL),(35144,'stock',100000341,'Record created',4,NULL,'2023-06-29 04:14:13',NULL,NULL,NULL,NULL),(35145,'stock',100000342,'Record created',9,NULL,'2023-06-29 05:14:12',NULL,NULL,NULL,NULL),(35146,'stock',100000343,'Record created',23,NULL,'2023-06-29 06:14:11',NULL,NULL,NULL,NULL),(35147,'stock',100000344,'Record created',3,NULL,'2023-06-29 07:14:10',NULL,NULL,NULL,NULL),(35148,'stock',100000345,'Record created',23,NULL,'2023-06-29 08:14:09',NULL,NULL,NULL,NULL),(35149,'stock',100000346,'Record created',2,NULL,'2023-06-29 09:14:08',NULL,NULL,NULL,NULL),(35150,'stock',100000347,'Record created',7,NULL,'2023-06-29 10:14:07',NULL,NULL,NULL,NULL),(35151,'stock',100000348,'Record created',6,NULL,'2023-06-29 11:14:06',NULL,NULL,NULL,NULL),(35152,'stock',100000349,'Record created',8,NULL,'2023-06-29 12:14:05',NULL,NULL,NULL,NULL),(35153,'stock',100000350,'Record created',6,NULL,'2023-06-29 13:14:04',NULL,NULL,NULL,NULL),(35154,'stock',100000351,'Record created',9,NULL,'2023-06-29 14:14:03',NULL,NULL,NULL,NULL),(35155,'stock',100000352,'Record created',8,NULL,'2023-06-29 15:14:02',NULL,NULL,NULL,NULL),(35156,'stock',100000353,'Record created',2,NULL,'2023-06-29 16:14:01',NULL,NULL,NULL,NULL),(35157,'stock',100000354,'Record created',5,NULL,'2023-06-29 17:14:00',NULL,NULL,NULL,NULL),(35158,'stock',100000355,'Record created',3,NULL,'2023-06-29 18:13:59',NULL,NULL,NULL,NULL),(35159,'stock',100000356,'Record created',5,NULL,'2023-06-29 19:13:58',NULL,NULL,NULL,NULL),(35160,'stock',100000357,'Record created',4,NULL,'2023-06-29 20:13:57',NULL,NULL,NULL,NULL),(35161,'stock',100000358,'Record created',5,NULL,'2023-06-29 21:13:56',NULL,NULL,NULL,NULL),(35162,'stock',100000359,'Record created',6,NULL,'2023-06-29 22:13:55',NULL,NULL,NULL,NULL),(35163,'stock',100000360,'Record created',24,NULL,'2023-06-29 23:13:54',NULL,NULL,NULL,NULL),(35164,'stock',100000361,'Record created',3,NULL,'2023-06-30 00:13:53',NULL,NULL,NULL,NULL),(35165,'stock',100000362,'Record created',6,NULL,'2023-06-30 01:13:52',NULL,NULL,NULL,NULL),(35166,'stock',100000363,'Record created',25,NULL,'2023-06-30 02:13:51',NULL,NULL,NULL,NULL),(35167,'stock',100000364,'Record created',3,NULL,'2023-06-30 03:13:50',NULL,NULL,NULL,NULL),(35168,'stock',100000365,'Record created',4,NULL,'2023-06-30 04:13:49',NULL,NULL,NULL,NULL),(35169,'stock',100000366,'Record created',9,NULL,'2023-06-30 05:13:48',NULL,NULL,NULL,NULL),(35170,'stock',100000367,'Record created',2,NULL,'2023-06-30 06:13:47',NULL,NULL,NULL,NULL),(35171,'stock',100000368,'Record created',23,NULL,'2023-06-30 07:13:46',NULL,NULL,NULL,NULL),(35172,'stock',100000369,'Record created',5,NULL,'2023-06-30 08:13:45',NULL,NULL,NULL,NULL),(35173,'stock',100000370,'Record created',25,NULL,'2023-06-30 09:13:44',NULL,NULL,NULL,NULL),(35174,'stock',100000371,'Record created',4,NULL,'2023-06-30 10:13:43',NULL,NULL,NULL,NULL),(35175,'stock',100000372,'Record created',24,NULL,'2023-06-30 11:13:42',NULL,NULL,NULL,NULL),(35176,'stock',100000373,'Record created',6,NULL,'2023-06-30 12:13:41',NULL,NULL,NULL,NULL),(35177,'stock',100000374,'Record created',25,NULL,'2023-06-30 13:13:40',NULL,NULL,NULL,NULL),(35178,'stock',100000375,'Record created',3,NULL,'2023-06-30 14:13:39',NULL,NULL,NULL,NULL),(35179,'stock',100000376,'Record created',6,NULL,'2023-06-30 15:13:38',NULL,NULL,NULL,NULL),(35180,'stock',100000377,'Record created',24,NULL,'2023-06-30 16:13:37',NULL,NULL,NULL,NULL),(35181,'stock',100000378,'Record created',3,NULL,'2023-06-30 17:13:36',NULL,NULL,NULL,NULL),(35182,'stock',100000379,'Record created',4,NULL,'2023-06-30 18:13:35',NULL,NULL,NULL,NULL),(35183,'stock',100000380,'Record created',3,NULL,'2023-06-30 19:13:34',NULL,NULL,NULL,NULL),(35184,'stock',100000381,'Record created',6,NULL,'2023-06-30 20:13:33',NULL,NULL,NULL,NULL),(35185,'stock',100000382,'Record created',2,NULL,'2023-06-30 21:13:32',NULL,NULL,NULL,NULL),(35186,'stock',100000383,'Record created',23,NULL,'2023-06-30 22:13:31',NULL,NULL,NULL,NULL),(35187,'stock',100000384,'Record created',4,NULL,'2023-06-30 23:13:30',NULL,NULL,NULL,NULL),(35188,'stock',100000385,'Record created',24,NULL,'2023-07-01 00:13:29',NULL,NULL,NULL,NULL),(35189,'stock',100000386,'Record created',9,NULL,'2023-07-01 01:13:28',NULL,NULL,NULL,NULL),(35190,'stock',100000387,'Record created',3,NULL,'2023-07-01 02:13:27',NULL,NULL,NULL,NULL),(35191,'stock',100000388,'Record created',24,NULL,'2023-07-01 03:13:26',NULL,NULL,NULL,NULL),(35192,'stock',100000389,'Record created',5,NULL,'2023-07-01 04:13:25',NULL,NULL,NULL,NULL),(35193,'stock',100000390,'Record created',24,NULL,'2023-07-01 05:13:24',NULL,NULL,NULL,NULL),(35194,'stock',100000391,'Record created',4,NULL,'2023-07-01 06:13:23',NULL,NULL,NULL,NULL),(35195,'stock',100000392,'Record created',4,NULL,'2023-07-01 07:13:22',NULL,NULL,NULL,NULL),(35196,'stock',100000393,'Record created',25,NULL,'2023-07-01 08:13:21',NULL,NULL,NULL,NULL),(35197,'stock',100000394,'Record created',25,NULL,'2023-07-01 09:13:20',NULL,NULL,NULL,NULL),(35198,'stock',100000395,'Record created',7,NULL,'2023-07-01 10:13:19',NULL,NULL,NULL,NULL),(35199,'stock',100000396,'Record created',2,NULL,'2023-07-01 11:13:18',NULL,NULL,NULL,NULL),(35200,'stock',100000397,'Record created',3,NULL,'2023-07-01 12:13:17',NULL,NULL,NULL,NULL),(35201,'stock',100000398,'Record created',4,NULL,'2023-07-01 13:13:16',NULL,NULL,NULL,NULL),(35202,'stock',100000399,'Record created',2,NULL,'2023-07-01 14:13:15',NULL,NULL,NULL,NULL),(35203,'stock',100000400,'Record created',2,NULL,'2023-07-01 15:13:14',NULL,NULL,NULL,NULL),(35204,'stock',100000401,'Record created',9,NULL,'2023-07-01 16:13:13',NULL,NULL,NULL,NULL),(35205,'stock',100000402,'Record created',5,NULL,'2023-07-01 17:13:12',NULL,NULL,NULL,NULL),(35206,'stock',100000403,'Record created',5,NULL,'2023-07-01 18:13:11',NULL,NULL,NULL,NULL),(35207,'stock',100000404,'Record created',7,NULL,'2023-07-01 19:13:10',NULL,NULL,NULL,NULL),(35208,'stock',100000405,'Record created',23,NULL,'2023-07-01 20:13:09',NULL,NULL,NULL,NULL),(35209,'stock',100000406,'Record created',6,NULL,'2023-07-01 21:13:08',NULL,NULL,NULL,NULL),(35210,'stock',100000407,'Record created',6,NULL,'2023-07-01 22:13:07',NULL,NULL,NULL,NULL),(35211,'stock',100000408,'Record created',6,NULL,'2023-07-01 23:13:06',NULL,NULL,NULL,NULL),(35212,'stock',100000409,'Record created',5,NULL,'2023-07-02 00:13:05',NULL,NULL,NULL,NULL),(35213,'stock',100000410,'Record created',4,NULL,'2023-07-02 01:13:04',NULL,NULL,NULL,NULL),(35214,'stock',100000411,'Record created',9,NULL,'2023-07-02 02:13:03',NULL,NULL,NULL,NULL),(35215,'stock',100000412,'Record created',23,NULL,'2023-07-02 03:13:02',NULL,NULL,NULL,NULL),(35216,'stock',100000413,'Record created',4,NULL,'2023-07-02 04:13:01',NULL,NULL,NULL,NULL),(35217,'stock',100000414,'Record created',9,NULL,'2023-07-02 05:13:00',NULL,NULL,NULL,NULL),(35218,'stock',100000415,'Record created',25,NULL,'2023-07-02 06:12:59',NULL,NULL,NULL,NULL),(35219,'stock',100000416,'Record created',25,NULL,'2023-07-02 07:12:58',NULL,NULL,NULL,NULL),(35220,'stock',100000417,'Record created',3,NULL,'2023-07-02 08:12:57',NULL,NULL,NULL,NULL),(35221,'stock',100000418,'Record created',7,NULL,'2023-07-02 09:12:56',NULL,NULL,NULL,NULL),(35222,'stock',100000419,'Record created',25,NULL,'2023-07-02 10:12:55',NULL,NULL,NULL,NULL),(35223,'stock',100000420,'Record created',24,NULL,'2023-07-02 11:12:54',NULL,NULL,NULL,NULL),(35224,'stock',100000421,'Record created',5,NULL,'2023-07-02 12:12:53',NULL,NULL,NULL,NULL),(35225,'stock',100000422,'Record created',4,NULL,'2023-07-02 13:12:52',NULL,NULL,NULL,NULL),(35226,'stock',100000423,'Record created',8,NULL,'2023-07-02 14:12:51',NULL,NULL,NULL,NULL),(35227,'stock',100000424,'Record created',9,NULL,'2023-07-02 15:12:50',NULL,NULL,NULL,NULL),(35228,'stock',100000425,'Record created',9,NULL,'2023-07-02 16:12:49',NULL,NULL,NULL,NULL),(35229,'stock',100000426,'Record created',7,NULL,'2023-07-02 17:12:48',NULL,NULL,NULL,NULL),(35230,'stock',100000427,'Record created',7,NULL,'2023-07-02 18:12:47',NULL,NULL,NULL,NULL),(35231,'stock',100000428,'Record created',9,NULL,'2023-07-02 19:12:46',NULL,NULL,NULL,NULL),(35232,'stock',100000429,'Record created',8,NULL,'2023-07-02 20:12:45',NULL,NULL,NULL,NULL),(35233,'stock',100000430,'Record created',25,NULL,'2023-07-02 21:12:44',NULL,NULL,NULL,NULL),(35234,'stock',100000431,'Record created',9,NULL,'2023-07-02 22:12:43',NULL,NULL,NULL,NULL),(35235,'stock',100000432,'Record created',23,NULL,'2023-07-02 23:12:42',NULL,NULL,NULL,NULL),(35236,'stock',100000433,'Record created',23,NULL,'2023-07-03 00:12:41',NULL,NULL,NULL,NULL),(35237,'stock',100000434,'Record created',25,NULL,'2023-07-03 01:12:40',NULL,NULL,NULL,NULL),(35238,'stock',100000435,'Record created',25,NULL,'2023-07-03 02:12:39',NULL,NULL,NULL,NULL),(35239,'stock',100000436,'Record created',23,NULL,'2023-07-03 03:12:38',NULL,NULL,NULL,NULL),(35240,'stock',100000437,'Record created',23,NULL,'2023-07-03 04:12:37',NULL,NULL,NULL,NULL),(35241,'stock',100000438,'Record created',5,NULL,'2023-07-03 05:12:36',NULL,NULL,NULL,NULL),(35242,'stock',100000439,'Record created',7,NULL,'2023-07-03 06:12:35',NULL,NULL,NULL,NULL),(35243,'stock',100000440,'Record created',5,NULL,'2023-07-03 07:12:34',NULL,NULL,NULL,NULL),(35244,'stock',100000441,'Record created',24,NULL,'2023-07-03 08:12:33',NULL,NULL,NULL,NULL),(35245,'stock',100000442,'Record created',7,NULL,'2023-07-03 09:12:32',NULL,NULL,NULL,NULL),(35246,'stock',100000443,'Record created',9,NULL,'2023-07-03 10:12:31',NULL,NULL,NULL,NULL),(35247,'stock',100000444,'Record created',9,NULL,'2023-07-03 11:12:30',NULL,NULL,NULL,NULL),(35248,'stock',100000445,'Record created',5,NULL,'2023-07-03 12:12:29',NULL,NULL,NULL,NULL),(35249,'stock',100000446,'Record created',2,NULL,'2023-07-03 13:12:28',NULL,NULL,NULL,NULL),(35250,'stock',100000447,'Record created',23,NULL,'2023-07-03 14:12:27',NULL,NULL,NULL,NULL),(35251,'stock',100000448,'Record created',24,NULL,'2023-07-03 15:12:26',NULL,NULL,NULL,NULL),(35252,'stock',100000449,'Record created',25,NULL,'2023-07-03 16:12:25',NULL,NULL,NULL,NULL),(35253,'stock',100000450,'Record created',6,NULL,'2023-07-03 17:12:24',NULL,NULL,NULL,NULL),(35254,'stock',100000451,'Record created',24,NULL,'2023-07-03 18:12:23',NULL,NULL,NULL,NULL),(35255,'stock',100000452,'Record created',3,NULL,'2023-07-03 19:12:22',NULL,NULL,NULL,NULL),(35256,'stock',100000453,'Record created',24,NULL,'2023-07-03 20:12:21',NULL,NULL,NULL,NULL),(35257,'stock',100000454,'Record created',2,NULL,'2023-07-03 21:12:20',NULL,NULL,NULL,NULL),(35258,'stock',100000455,'Record created',3,NULL,'2023-07-03 22:12:19',NULL,NULL,NULL,NULL),(35259,'stock',100000456,'Record created',24,NULL,'2023-07-03 23:12:18',NULL,NULL,NULL,NULL),(35260,'stock',100000457,'Record created',5,NULL,'2023-07-04 00:12:17',NULL,NULL,NULL,NULL),(35261,'stock',100000458,'Record created',2,NULL,'2023-07-04 01:12:16',NULL,NULL,NULL,NULL),(35262,'stock',100000459,'Record created',9,NULL,'2023-07-04 02:12:15',NULL,NULL,NULL,NULL),(35263,'stock',100000460,'Record created',23,NULL,'2023-07-04 03:12:14',NULL,NULL,NULL,NULL),(35264,'stock',100000461,'Record created',9,NULL,'2023-07-04 04:12:13',NULL,NULL,NULL,NULL),(35265,'stock',100000462,'Record created',9,NULL,'2023-07-04 05:12:12',NULL,NULL,NULL,NULL),(35266,'stock',100000463,'Record created',8,NULL,'2023-07-04 06:12:11',NULL,NULL,NULL,NULL),(35267,'stock',100000464,'Record created',5,NULL,'2023-07-04 07:12:10',NULL,NULL,NULL,NULL),(35268,'stock',100000465,'Record created',24,NULL,'2023-07-04 08:12:09',NULL,NULL,NULL,NULL),(35269,'stock',100000466,'Record created',2,NULL,'2023-07-04 09:12:08',NULL,NULL,NULL,NULL),(35270,'stock',100000467,'Record created',6,NULL,'2023-07-04 10:12:07',NULL,NULL,NULL,NULL),(35271,'stock',100000468,'Record created',3,NULL,'2023-07-04 11:12:06',NULL,NULL,NULL,NULL),(35272,'stock',100000469,'Record created',6,NULL,'2023-07-04 12:12:05',NULL,NULL,NULL,NULL),(35273,'stock',100000470,'Record created',24,NULL,'2023-07-04 13:12:04',NULL,NULL,NULL,NULL),(35274,'stock',100000471,'Record created',25,NULL,'2023-07-04 14:12:03',NULL,NULL,NULL,NULL),(35275,'stock',100000472,'Record created',25,NULL,'2023-07-04 15:12:02',NULL,NULL,NULL,NULL),(35276,'stock',100000473,'Record created',3,NULL,'2023-07-04 16:12:01',NULL,NULL,NULL,NULL),(35277,'stock',100000474,'Record created',8,NULL,'2023-07-04 17:12:00',NULL,NULL,NULL,NULL),(35278,'stock',100000475,'Record created',6,NULL,'2023-07-04 18:11:59',NULL,NULL,NULL,NULL),(35279,'stock',100000476,'Record created',24,NULL,'2023-07-04 19:11:58',NULL,NULL,NULL,NULL),(35280,'stock',100000477,'Record created',6,NULL,'2023-07-04 20:11:57',NULL,NULL,NULL,NULL),(35281,'stock',100000478,'Record created',2,NULL,'2023-07-04 21:11:56',NULL,NULL,NULL,NULL),(35282,'stock',100000479,'Record created',8,NULL,'2023-07-04 22:11:55',NULL,NULL,NULL,NULL),(35283,'stock',100000480,'Record created',2,NULL,'2023-07-04 23:11:54',NULL,NULL,NULL,NULL),(35284,'stock',100000481,'Record created',3,NULL,'2023-07-05 00:11:53',NULL,NULL,NULL,NULL),(35285,'stock',100000482,'Record created',3,NULL,'2023-07-05 01:11:52',NULL,NULL,NULL,NULL),(35286,'stock',100000483,'Record created',23,NULL,'2023-07-05 02:11:51',NULL,NULL,NULL,NULL),(35287,'stock',100000484,'Record created',23,NULL,'2023-07-05 03:11:50',NULL,NULL,NULL,NULL),(35288,'stock',100000485,'Record created',5,NULL,'2023-07-05 04:11:49',NULL,NULL,NULL,NULL),(35289,'stock',100000486,'Record created',2,NULL,'2023-07-05 05:11:48',NULL,NULL,NULL,NULL),(35290,'stock',100000487,'Record created',4,NULL,'2023-07-05 06:11:47',NULL,NULL,NULL,NULL),(35291,'stock',100000488,'Record created',8,NULL,'2023-07-05 07:11:46',NULL,NULL,NULL,NULL),(35292,'stock',100000489,'Record created',8,NULL,'2023-07-05 08:11:45',NULL,NULL,NULL,NULL),(35293,'stock',100000490,'Record created',9,NULL,'2023-07-05 09:11:44',NULL,NULL,NULL,NULL),(35294,'stock',100000491,'Record created',6,NULL,'2023-07-05 10:11:43',NULL,NULL,NULL,NULL),(35295,'stock',100000492,'Record created',8,NULL,'2023-07-05 11:11:42',NULL,NULL,NULL,NULL),(35296,'stock',100000493,'Record created',5,NULL,'2023-07-05 12:11:41',NULL,NULL,NULL,NULL),(35297,'stock',100000494,'Record created',25,NULL,'2023-07-05 13:11:40',NULL,NULL,NULL,NULL),(35298,'stock',100000495,'Record created',3,NULL,'2023-07-05 14:11:39',NULL,NULL,NULL,NULL),(35299,'stock',100000496,'Record created',3,NULL,'2023-07-05 15:11:38',NULL,NULL,NULL,NULL),(35300,'stock',100000497,'Record created',6,NULL,'2023-07-05 16:11:37',NULL,NULL,NULL,NULL),(35301,'stock',100000498,'Record created',6,NULL,'2023-07-05 17:11:36',NULL,NULL,NULL,NULL),(35302,'stock',100000499,'Record created',7,NULL,'2023-07-05 18:11:35',NULL,NULL,NULL,NULL),(35303,'stock',100000500,'Record created',7,NULL,'2023-07-05 19:11:34',NULL,NULL,NULL,NULL),(35304,'stock',100000501,'Record created',7,NULL,'2023-07-05 20:11:33',NULL,NULL,NULL,NULL),(35305,'stock',100000502,'Record created',7,NULL,'2023-07-05 21:11:32',NULL,NULL,NULL,NULL),(35306,'stock',100000503,'Record created',3,NULL,'2023-07-05 22:11:31',NULL,NULL,NULL,NULL),(35307,'stock',100000504,'Record created',2,NULL,'2023-07-05 23:11:30',NULL,NULL,NULL,NULL),(35308,'stock',100000505,'Record created',6,NULL,'2023-07-06 00:11:29',NULL,NULL,NULL,NULL),(35309,'stock',100000506,'Record created',8,NULL,'2023-07-06 01:11:28',NULL,NULL,NULL,NULL),(35310,'stock',100000507,'Record created',7,NULL,'2023-07-06 02:11:27',NULL,NULL,NULL,NULL),(35311,'stock',100000508,'Record created',7,NULL,'2023-07-06 03:11:26',NULL,NULL,NULL,NULL),(35312,'stock',100000509,'Record created',4,NULL,'2023-07-06 04:11:25',NULL,NULL,NULL,NULL),(35313,'stock',100000510,'Record created',5,NULL,'2023-07-06 05:11:24',NULL,NULL,NULL,NULL),(35314,'stock',100000511,'Record created',23,NULL,'2023-07-06 06:11:23',NULL,NULL,NULL,NULL),(35315,'stock',100000512,'Record created',6,NULL,'2023-07-06 07:11:22',NULL,NULL,NULL,NULL),(35316,'stock',100000513,'Record created',23,NULL,'2023-07-06 08:11:21',NULL,NULL,NULL,NULL),(35317,'stock',100000514,'Record created',6,NULL,'2023-07-06 09:11:20',NULL,NULL,NULL,NULL),(35318,'stock',100000515,'Record created',5,NULL,'2023-07-06 10:11:19',NULL,NULL,NULL,NULL),(35319,'stock',100000516,'Record created',24,NULL,'2023-07-06 11:11:18',NULL,NULL,NULL,NULL),(35320,'stock',100000517,'Record created',6,NULL,'2023-07-06 12:11:17',NULL,NULL,NULL,NULL),(35321,'stock',100000518,'Record created',6,NULL,'2023-07-06 13:11:16',NULL,NULL,NULL,NULL),(35322,'stock',100000519,'Record created',25,NULL,'2023-07-06 14:11:15',NULL,NULL,NULL,NULL),(35323,'stock',100000520,'Record created',7,NULL,'2023-07-06 15:11:14',NULL,NULL,NULL,NULL),(35324,'stock',100000521,'Record created',7,NULL,'2023-07-06 16:11:13',NULL,NULL,NULL,NULL),(35325,'stock',100000522,'Record created',2,NULL,'2023-07-06 17:11:12',NULL,NULL,NULL,NULL),(35326,'stock',100000523,'Record created',6,NULL,'2023-07-06 18:11:11',NULL,NULL,NULL,NULL),(35327,'stock',100000524,'Record created',2,NULL,'2023-07-06 19:11:10',NULL,NULL,NULL,NULL),(35328,'stock',100000525,'Record created',2,NULL,'2023-07-06 20:11:09',NULL,NULL,NULL,NULL),(35329,'stock',100000526,'Record created',25,NULL,'2023-07-06 21:11:08',NULL,NULL,NULL,NULL),(35330,'stock',100000527,'Record created',3,NULL,'2023-07-06 22:11:07',NULL,NULL,NULL,NULL),(35331,'stock',100000528,'Record created',24,NULL,'2023-07-06 23:11:06',NULL,NULL,NULL,NULL),(35332,'stock',100000529,'Record created',23,NULL,'2023-07-07 00:11:05',NULL,NULL,NULL,NULL),(35333,'stock',100000530,'Record created',6,NULL,'2023-07-07 01:11:04',NULL,NULL,NULL,NULL),(35334,'stock',100000531,'Record created',6,NULL,'2023-07-07 02:11:03',NULL,NULL,NULL,NULL),(35335,'stock',100000532,'Record created',6,NULL,'2023-07-07 03:11:02',NULL,NULL,NULL,NULL),(35336,'stock',100000533,'Record created',4,NULL,'2023-07-07 04:11:01',NULL,NULL,NULL,NULL),(35337,'stock',100000534,'Record created',7,NULL,'2023-07-07 05:11:00',NULL,NULL,NULL,NULL),(35338,'stock',100000535,'Record created',23,NULL,'2023-07-07 06:10:59',NULL,NULL,NULL,NULL),(35339,'stock',100000536,'Record created',3,NULL,'2023-07-07 07:10:58',NULL,NULL,NULL,NULL),(35340,'stock',100000537,'Record created',9,NULL,'2023-07-07 08:10:57',NULL,NULL,NULL,NULL),(35341,'stock',100000538,'Record created',2,NULL,'2023-07-07 09:10:56',NULL,NULL,NULL,NULL),(35342,'stock',100000539,'Record created',24,NULL,'2023-07-07 10:10:55',NULL,NULL,NULL,NULL),(35343,'stock',100000540,'Record created',4,NULL,'2023-07-07 11:10:54',NULL,NULL,NULL,NULL),(35344,'stock',100000541,'Record created',7,NULL,'2023-07-07 12:10:53',NULL,NULL,NULL,NULL),(35345,'stock',100000542,'Record created',4,NULL,'2023-07-07 13:10:52',NULL,NULL,NULL,NULL),(35346,'stock',100000543,'Record created',4,NULL,'2023-07-07 14:10:51',NULL,NULL,NULL,NULL),(35347,'stock',100000544,'Record created',6,NULL,'2023-07-07 15:10:50',NULL,NULL,NULL,NULL),(35348,'stock',100000545,'Record created',6,NULL,'2023-07-07 16:10:49',NULL,NULL,NULL,NULL),(35349,'stock',100000546,'Record created',5,NULL,'2023-07-07 17:10:48',NULL,NULL,NULL,NULL),(35350,'stock',100000547,'Record created',23,NULL,'2023-07-07 18:10:47',NULL,NULL,NULL,NULL),(35351,'stock',100000548,'Record created',4,NULL,'2023-07-07 19:10:46',NULL,NULL,NULL,NULL),(35352,'stock',100000549,'Record created',2,NULL,'2023-07-07 20:10:45',NULL,NULL,NULL,NULL),(35353,'stock',100000550,'Record created',2,NULL,'2023-07-07 21:10:44',NULL,NULL,NULL,NULL),(35354,'stock',100000551,'Record created',6,NULL,'2023-07-07 22:10:43',NULL,NULL,NULL,NULL),(35355,'stock',100000552,'Record created',9,NULL,'2023-07-07 23:10:42',NULL,NULL,NULL,NULL),(35356,'stock',100000553,'Record created',23,NULL,'2023-07-08 00:10:41',NULL,NULL,NULL,NULL),(35357,'stock',100000554,'Record created',3,NULL,'2023-07-08 01:10:40',NULL,NULL,NULL,NULL),(35358,'stock',100000555,'Record created',8,NULL,'2023-07-08 02:10:39',NULL,NULL,NULL,NULL),(35359,'stock',100000556,'Record created',4,NULL,'2023-07-08 03:10:38',NULL,NULL,NULL,NULL),(35360,'stock',100000557,'Record created',5,NULL,'2023-07-08 04:10:37',NULL,NULL,NULL,NULL),(35361,'stock',100000558,'Record created',25,NULL,'2023-07-08 05:10:36',NULL,NULL,NULL,NULL),(35362,'stock',100000559,'Record created',5,NULL,'2023-07-08 06:10:35',NULL,NULL,NULL,NULL),(35363,'stock',100000560,'Record created',6,NULL,'2023-07-08 07:10:34',NULL,NULL,NULL,NULL),(35364,'stock',100000561,'Record created',4,NULL,'2023-07-08 08:10:33',NULL,NULL,NULL,NULL),(35365,'stock',100000562,'Record created',3,NULL,'2023-07-08 09:10:32',NULL,NULL,NULL,NULL),(35366,'stock',100000563,'Record created',7,NULL,'2023-07-08 10:10:31',NULL,NULL,NULL,NULL),(35367,'stock',100000564,'Record created',5,NULL,'2023-07-08 11:10:30',NULL,NULL,NULL,NULL),(35368,'stock',100000565,'Record created',2,NULL,'2023-07-08 12:10:29',NULL,NULL,NULL,NULL),(35369,'stock',100000566,'Record created',3,NULL,'2023-07-08 13:10:28',NULL,NULL,NULL,NULL),(35370,'stock',100000567,'Record created',24,NULL,'2023-07-08 14:10:27',NULL,NULL,NULL,NULL),(35371,'stock',100000568,'Record created',4,NULL,'2023-07-08 15:10:26',NULL,NULL,NULL,NULL),(35372,'stock',100000569,'Record created',23,NULL,'2023-07-08 16:10:25',NULL,NULL,NULL,NULL),(35373,'stock',100000570,'Record created',9,NULL,'2023-07-08 17:10:24',NULL,NULL,NULL,NULL),(35374,'stock',100000571,'Record created',24,NULL,'2023-07-08 18:10:23',NULL,NULL,NULL,NULL),(35375,'stock',100000572,'Record created',9,NULL,'2023-07-08 19:10:22',NULL,NULL,NULL,NULL),(35376,'stock',100000573,'Record created',8,NULL,'2023-07-08 20:10:21',NULL,NULL,NULL,NULL),(35377,'stock',100000574,'Record created',23,NULL,'2023-07-08 21:10:20',NULL,NULL,NULL,NULL),(35378,'stock',100000575,'Record created',9,NULL,'2023-07-08 22:10:19',NULL,NULL,NULL,NULL),(35379,'stock',100000576,'Record created',2,NULL,'2023-07-08 23:10:18',NULL,NULL,NULL,NULL),(35380,'stock',100000577,'Record created',6,NULL,'2023-07-09 00:10:17',NULL,NULL,NULL,NULL),(35381,'stock',100000578,'Record created',2,NULL,'2023-07-09 01:10:16',NULL,NULL,NULL,NULL),(35382,'stock',100000579,'Record created',6,NULL,'2023-07-09 02:10:15',NULL,NULL,NULL,NULL),(35383,'stock',100000580,'Record created',4,NULL,'2023-07-09 03:10:14',NULL,NULL,NULL,NULL),(35384,'stock',100000581,'Record created',25,NULL,'2023-07-09 04:10:13',NULL,NULL,NULL,NULL),(35385,'stock',100000582,'Record created',24,NULL,'2023-07-09 05:10:12',NULL,NULL,NULL,NULL),(35386,'stock',100000583,'Record created',23,NULL,'2023-07-09 06:10:11',NULL,NULL,NULL,NULL),(35387,'stock',100000584,'Record created',23,NULL,'2023-07-09 07:10:10',NULL,NULL,NULL,NULL),(35388,'stock',100000585,'Record created',7,NULL,'2023-07-09 08:10:09',NULL,NULL,NULL,NULL),(35389,'stock',100000586,'Record created',5,NULL,'2023-07-09 09:10:08',NULL,NULL,NULL,NULL),(35390,'stock',100000587,'Record created',24,NULL,'2023-07-09 10:10:07',NULL,NULL,NULL,NULL),(35391,'stock',100000588,'Record created',6,NULL,'2023-07-09 11:10:06',NULL,NULL,NULL,NULL),(35392,'stock',100000589,'Record created',9,NULL,'2023-07-09 12:10:05',NULL,NULL,NULL,NULL),(35393,'stock',100000590,'Record created',2,NULL,'2023-07-09 13:10:04',NULL,NULL,NULL,NULL),(35394,'stock',100000591,'Record created',8,NULL,'2023-07-09 14:10:03',NULL,NULL,NULL,NULL),(35395,'stock',100000592,'Record created',5,NULL,'2023-07-09 15:10:02',NULL,NULL,NULL,NULL),(35396,'stock',100000593,'Record created',5,NULL,'2023-07-09 16:10:01',NULL,NULL,NULL,NULL),(35397,'stock',100000594,'Record created',23,NULL,'2023-07-09 17:10:00',NULL,NULL,NULL,NULL),(35398,'stock',100000595,'Record created',7,NULL,'2023-07-09 18:09:59',NULL,NULL,NULL,NULL),(35399,'stock',100000596,'Record created',6,NULL,'2023-07-09 19:09:58',NULL,NULL,NULL,NULL),(35400,'stock',100000597,'Record created',7,NULL,'2023-07-09 20:09:57',NULL,NULL,NULL,NULL),(35401,'stock',100000598,'Record created',5,NULL,'2023-07-09 21:09:56',NULL,NULL,NULL,NULL),(35402,'stock',100000599,'Record created',23,NULL,'2023-07-09 22:09:55',NULL,NULL,NULL,NULL),(35403,'stock',100000600,'Record created',6,NULL,'2023-07-09 23:09:54',NULL,NULL,NULL,NULL),(35404,'stock',100000601,'Record created',8,NULL,'2023-07-10 00:09:53',NULL,NULL,NULL,NULL),(35405,'stock',100000602,'Record created',25,NULL,'2023-07-10 01:09:52',NULL,NULL,NULL,NULL),(35406,'stock',100000603,'Record created',9,NULL,'2023-07-10 02:09:51',NULL,NULL,NULL,NULL),(35407,'stock',100000604,'Record created',8,NULL,'2023-07-10 03:09:50',NULL,NULL,NULL,NULL),(35408,'stock',100000605,'Record created',9,NULL,'2023-07-10 04:09:49',NULL,NULL,NULL,NULL),(35409,'stock',100000606,'Record created',2,NULL,'2023-07-10 05:09:48',NULL,NULL,NULL,NULL),(35410,'stock',100000607,'Record created',4,NULL,'2023-07-10 06:09:47',NULL,NULL,NULL,NULL),(35411,'stock',100000608,'Record created',5,NULL,'2023-07-10 07:09:46',NULL,NULL,NULL,NULL),(35412,'stock',100000609,'Record created',8,NULL,'2023-07-10 08:09:45',NULL,NULL,NULL,NULL),(35413,'stock',100000610,'Record created',6,NULL,'2023-07-10 09:09:44',NULL,NULL,NULL,NULL),(35414,'stock',100000611,'Record created',6,NULL,'2023-07-10 10:09:43',NULL,NULL,NULL,NULL),(35415,'stock',100000612,'Record created',5,NULL,'2023-07-10 11:09:42',NULL,NULL,NULL,NULL),(35416,'stock',100000613,'Record created',2,NULL,'2023-07-10 12:09:41',NULL,NULL,NULL,NULL),(35417,'stock',100000614,'Record created',25,NULL,'2023-07-10 13:09:40',NULL,NULL,NULL,NULL),(35418,'stock',100000615,'Record created',5,NULL,'2023-07-10 14:09:39',NULL,NULL,NULL,NULL),(35419,'stock',100000616,'Record created',7,NULL,'2023-07-10 15:09:38',NULL,NULL,NULL,NULL),(35420,'stock',100000617,'Record created',4,NULL,'2023-07-10 16:09:37',NULL,NULL,NULL,NULL),(35421,'stock',100000618,'Record created',5,NULL,'2023-07-10 17:09:36',NULL,NULL,NULL,NULL),(35422,'stock',100000619,'Record created',23,NULL,'2023-07-10 18:09:35',NULL,NULL,NULL,NULL),(35423,'stock',100000620,'Record created',4,NULL,'2023-07-10 19:09:34',NULL,NULL,NULL,NULL),(35424,'stock',100000621,'Record created',3,NULL,'2023-07-10 20:09:33',NULL,NULL,NULL,NULL),(35425,'stock',100000622,'Record created',8,NULL,'2023-07-10 21:09:32',NULL,NULL,NULL,NULL),(35426,'stock',100000623,'Record created',6,NULL,'2023-07-10 22:09:31',NULL,NULL,NULL,NULL),(35427,'stock',100000624,'Record created',7,NULL,'2023-07-10 23:09:30',NULL,NULL,NULL,NULL),(35428,'stock',100000625,'Record created',6,NULL,'2023-07-11 00:09:29',NULL,NULL,NULL,NULL),(35429,'stock',100000626,'Record created',24,NULL,'2023-07-11 01:09:28',NULL,NULL,NULL,NULL),(35430,'stock',100000627,'Record created',7,NULL,'2023-07-11 02:09:27',NULL,NULL,NULL,NULL),(35431,'stock',100000628,'Record created',23,NULL,'2023-07-11 03:09:26',NULL,NULL,NULL,NULL),(35432,'stock',100000629,'Record created',23,NULL,'2023-07-11 04:09:25',NULL,NULL,NULL,NULL),(35433,'stock',100000630,'Record created',9,NULL,'2023-07-11 05:09:24',NULL,NULL,NULL,NULL),(35434,'stock',100000631,'Record created',4,NULL,'2023-07-11 06:09:23',NULL,NULL,NULL,NULL),(35435,'stock',100000632,'Record created',24,NULL,'2023-07-11 07:09:22',NULL,NULL,NULL,NULL),(35436,'stock',100000633,'Record created',9,NULL,'2023-07-11 08:09:21',NULL,NULL,NULL,NULL),(35437,'stock',100000634,'Record created',6,NULL,'2023-07-11 09:09:20',NULL,NULL,NULL,NULL),(35438,'stock',100000635,'Record created',4,NULL,'2023-07-11 10:09:19',NULL,NULL,NULL,NULL),(35439,'stock',100000636,'Record created',8,NULL,'2023-07-11 11:09:18',NULL,NULL,NULL,NULL),(35440,'stock',100000637,'Record created',6,NULL,'2023-07-11 12:09:17',NULL,NULL,NULL,NULL),(35441,'stock',100000638,'Record created',2,NULL,'2023-07-11 13:09:16',NULL,NULL,NULL,NULL),(35442,'stock',100000639,'Record created',4,NULL,'2023-07-11 14:09:15',NULL,NULL,NULL,NULL),(35443,'stock',100000640,'Record created',6,NULL,'2023-07-11 15:09:14',NULL,NULL,NULL,NULL),(35444,'stock',100000641,'Record created',4,NULL,'2023-07-11 16:09:13',NULL,NULL,NULL,NULL),(35445,'stock',100000642,'Record created',6,NULL,'2023-07-11 17:09:12',NULL,NULL,NULL,NULL),(35446,'stock',100000643,'Record created',3,NULL,'2023-07-11 18:09:11',NULL,NULL,NULL,NULL),(35447,'stock',100000644,'Record created',23,NULL,'2023-07-11 19:09:10',NULL,NULL,NULL,NULL),(35448,'stock',100000645,'Record created',4,NULL,'2023-07-11 20:09:09',NULL,NULL,NULL,NULL),(35449,'stock',100000646,'Record created',24,NULL,'2023-07-11 21:09:08',NULL,NULL,NULL,NULL),(35450,'stock',100000647,'Record created',4,NULL,'2023-07-11 22:09:07',NULL,NULL,NULL,NULL),(35451,'stock',100000648,'Record created',9,NULL,'2023-07-11 23:09:06',NULL,NULL,NULL,NULL),(35452,'stock',100000649,'Record created',25,NULL,'2023-07-12 00:09:05',NULL,NULL,NULL,NULL),(35453,'stock',100000650,'Record created',24,NULL,'2023-07-12 01:09:04',NULL,NULL,NULL,NULL),(35454,'stock',100000651,'Record created',24,NULL,'2023-07-12 02:09:03',NULL,NULL,NULL,NULL),(35455,'stock',100000652,'Record created',7,NULL,'2023-07-12 03:09:02',NULL,NULL,NULL,NULL),(35456,'stock',100000653,'Record created',3,NULL,'2023-07-12 04:09:01',NULL,NULL,NULL,NULL),(35457,'stock',100000654,'Record created',7,NULL,'2023-07-12 05:09:00',NULL,NULL,NULL,NULL),(35458,'stock',100000655,'Record created',8,NULL,'2023-07-12 06:08:59',NULL,NULL,NULL,NULL),(35459,'stock',100000656,'Record created',25,NULL,'2023-07-12 07:08:58',NULL,NULL,NULL,NULL),(35460,'stock',100000657,'Record created',2,NULL,'2023-07-12 08:08:57',NULL,NULL,NULL,NULL),(35461,'stock',100000658,'Record created',23,NULL,'2023-07-12 09:08:56',NULL,NULL,NULL,NULL),(35462,'stock',100000659,'Record created',24,NULL,'2023-07-12 10:08:55',NULL,NULL,NULL,NULL),(35463,'stock',100000660,'Record created',23,NULL,'2023-07-12 11:08:54',NULL,NULL,NULL,NULL),(35464,'stock',100000661,'Record created',23,NULL,'2023-07-12 12:08:53',NULL,NULL,NULL,NULL),(35465,'stock',100000662,'Record created',6,NULL,'2023-07-12 13:08:52',NULL,NULL,NULL,NULL),(35466,'stock',100000663,'Record created',9,NULL,'2023-07-12 14:08:51',NULL,NULL,NULL,NULL),(35467,'stock',100000664,'Record created',25,NULL,'2023-07-12 15:08:50',NULL,NULL,NULL,NULL),(35468,'stock',100000665,'Record created',24,NULL,'2023-07-12 16:08:49',NULL,NULL,NULL,NULL),(35469,'stock',100000666,'Record created',2,NULL,'2023-07-12 17:08:48',NULL,NULL,NULL,NULL),(35470,'stock',100000667,'Record created',23,NULL,'2023-07-12 18:08:47',NULL,NULL,NULL,NULL),(35471,'stock',100000668,'Record created',8,NULL,'2023-07-12 19:08:46',NULL,NULL,NULL,NULL),(35472,'stock',100000669,'Record created',23,NULL,'2023-07-12 20:08:45',NULL,NULL,NULL,NULL),(35473,'stock',100000670,'Record created',5,NULL,'2023-07-12 21:08:44',NULL,NULL,NULL,NULL),(35474,'stock',100000671,'Record created',24,NULL,'2023-07-12 22:08:43',NULL,NULL,NULL,NULL),(35475,'stock',100000672,'Record created',4,NULL,'2023-07-12 23:08:42',NULL,NULL,NULL,NULL),(35476,'stock',100000673,'Record created',6,NULL,'2023-07-13 00:08:41',NULL,NULL,NULL,NULL),(35477,'stock',100000674,'Record created',4,NULL,'2023-07-13 01:08:40',NULL,NULL,NULL,NULL),(35478,'stock',100000675,'Record created',25,NULL,'2023-07-13 02:08:39',NULL,NULL,NULL,NULL),(35479,'stock',100000676,'Record created',7,NULL,'2023-07-13 03:08:38',NULL,NULL,NULL,NULL),(35480,'stock',100000677,'Record created',2,NULL,'2023-07-13 04:08:37',NULL,NULL,NULL,NULL),(35481,'stock',100000678,'Record created',25,NULL,'2023-07-13 05:08:36',NULL,NULL,NULL,NULL),(35482,'stock',100000679,'Record created',23,NULL,'2023-07-13 06:08:35',NULL,NULL,NULL,NULL),(35483,'stock',100000680,'Record created',24,NULL,'2023-07-13 07:08:34',NULL,NULL,NULL,NULL),(35484,'stock',100000681,'Record created',7,NULL,'2023-07-13 08:08:33',NULL,NULL,NULL,NULL),(35485,'stock',100000682,'Record created',4,NULL,'2023-07-13 09:08:32',NULL,NULL,NULL,NULL),(35486,'stock',100000683,'Record created',2,NULL,'2023-07-13 10:08:31',NULL,NULL,NULL,NULL),(35487,'stock',100000684,'Record created',7,NULL,'2023-07-13 11:08:30',NULL,NULL,NULL,NULL),(35488,'stock',100000685,'Record created',6,NULL,'2023-07-13 12:08:29',NULL,NULL,NULL,NULL),(35489,'stock',100000686,'Record created',5,NULL,'2023-07-13 13:08:28',NULL,NULL,NULL,NULL),(35490,'stock',100000687,'Record created',3,NULL,'2023-07-13 14:08:27',NULL,NULL,NULL,NULL),(35491,'stock',100000688,'Record created',4,NULL,'2023-07-13 15:08:26',NULL,NULL,NULL,NULL),(35492,'stock',100000689,'Record created',23,NULL,'2023-07-13 16:08:25',NULL,NULL,NULL,NULL),(35493,'stock',100000690,'Record created',9,NULL,'2023-07-13 17:08:24',NULL,NULL,NULL,NULL),(35494,'stock',100000691,'Record created',25,NULL,'2023-07-13 18:08:23',NULL,NULL,NULL,NULL),(35495,'stock',100000692,'Record created',3,NULL,'2023-07-13 19:08:22',NULL,NULL,NULL,NULL),(35496,'stock',100000693,'Record created',3,NULL,'2023-07-13 20:08:21',NULL,NULL,NULL,NULL),(35497,'stock',100000694,'Record created',2,NULL,'2023-07-13 21:08:20',NULL,NULL,NULL,NULL),(35498,'stock',100000695,'Record created',23,NULL,'2023-07-13 22:08:19',NULL,NULL,NULL,NULL),(35499,'stock',100000696,'Record created',25,NULL,'2023-07-13 23:08:18',NULL,NULL,NULL,NULL),(35500,'stock',100000697,'Record created',5,NULL,'2023-07-14 00:08:17',NULL,NULL,NULL,NULL),(35501,'stock',100000698,'Record created',5,NULL,'2023-07-14 01:08:16',NULL,NULL,NULL,NULL),(35502,'stock',100000699,'Record created',23,NULL,'2023-07-14 02:08:15',NULL,NULL,NULL,NULL),(35503,'stock',100000700,'Record created',2,NULL,'2023-07-14 03:08:14',NULL,NULL,NULL,NULL),(35504,'stock',100000701,'Record created',8,NULL,'2023-07-14 04:08:13',NULL,NULL,NULL,NULL),(35505,'stock',100000702,'Record created',23,NULL,'2023-07-14 05:08:12',NULL,NULL,NULL,NULL),(35506,'stock',100000703,'Record created',2,NULL,'2023-07-14 06:08:11',NULL,NULL,NULL,NULL),(35507,'stock',100000704,'Record created',2,NULL,'2023-07-14 07:08:10',NULL,NULL,NULL,NULL),(35508,'stock',100000705,'Record created',3,NULL,'2023-07-14 08:08:09',NULL,NULL,NULL,NULL),(35509,'stock',100000706,'Record created',2,NULL,'2023-07-14 09:08:08',NULL,NULL,NULL,NULL),(35510,'stock',100000707,'Record created',9,NULL,'2023-07-14 10:08:07',NULL,NULL,NULL,NULL),(35511,'stock',100000708,'Record created',5,NULL,'2023-07-14 11:08:06',NULL,NULL,NULL,NULL),(35512,'stock',100000709,'Record created',5,NULL,'2023-07-14 12:08:05',NULL,NULL,NULL,NULL),(35513,'stock',100000710,'Record created',23,NULL,'2023-07-14 13:08:04',NULL,NULL,NULL,NULL),(35514,'stock',100000711,'Record created',2,NULL,'2023-07-14 14:08:03',NULL,NULL,NULL,NULL),(35515,'stock',100000712,'Record created',5,NULL,'2023-07-14 15:08:02',NULL,NULL,NULL,NULL),(35516,'stock',100000713,'Record created',24,NULL,'2023-07-14 16:08:01',NULL,NULL,NULL,NULL),(35517,'stock',100000714,'Record created',2,NULL,'2023-07-14 17:08:00',NULL,NULL,NULL,NULL),(35518,'stock',100000715,'Record created',25,NULL,'2023-07-14 18:07:59',NULL,NULL,NULL,NULL),(35519,'stock',100000716,'Record created',2,NULL,'2023-07-14 19:07:58',NULL,NULL,NULL,NULL),(35520,'stock',100000717,'Record created',9,NULL,'2023-07-14 20:07:57',NULL,NULL,NULL,NULL),(35521,'stock',100000718,'Record created',2,NULL,'2023-07-14 21:07:56',NULL,NULL,NULL,NULL),(35522,'stock',100000719,'Record created',2,NULL,'2023-07-14 22:07:55',NULL,NULL,NULL,NULL),(35523,'stock',100000720,'Record created',7,NULL,'2023-07-14 23:07:54',NULL,NULL,NULL,NULL),(35524,'stock',100000721,'Record created',6,NULL,'2023-07-15 00:07:53',NULL,NULL,NULL,NULL),(35525,'stock',100000722,'Record created',7,NULL,'2023-07-15 01:07:52',NULL,NULL,NULL,NULL),(35526,'stock',100000723,'Record created',2,NULL,'2023-07-15 02:07:51',NULL,NULL,NULL,NULL),(35527,'stock',100000724,'Record created',23,NULL,'2023-07-15 03:07:50',NULL,NULL,NULL,NULL),(35528,'stock',100000725,'Record created',7,NULL,'2023-07-15 04:07:49',NULL,NULL,NULL,NULL),(35529,'stock',100000726,'Record created',6,NULL,'2023-07-15 05:07:48',NULL,NULL,NULL,NULL),(35530,'stock',100000727,'Record created',5,NULL,'2023-07-15 06:07:47',NULL,NULL,NULL,NULL),(35531,'stock',100000728,'Record created',6,NULL,'2023-07-15 07:07:46',NULL,NULL,NULL,NULL),(35532,'stock',100000729,'Record created',8,NULL,'2023-07-15 08:07:45',NULL,NULL,NULL,NULL),(35533,'stock',100000730,'Record created',4,NULL,'2023-07-15 09:07:44',NULL,NULL,NULL,NULL),(35534,'stock',100000731,'Record created',6,NULL,'2023-07-15 10:07:43',NULL,NULL,NULL,NULL),(35535,'stock',100000732,'Record created',23,NULL,'2023-07-15 11:07:42',NULL,NULL,NULL,NULL),(35536,'stock',100000733,'Record created',23,NULL,'2023-07-15 12:07:41',NULL,NULL,NULL,NULL),(35537,'stock',100000734,'Record created',25,NULL,'2023-07-15 13:07:40',NULL,NULL,NULL,NULL),(35538,'stock',100000735,'Record created',2,NULL,'2023-07-15 14:07:39',NULL,NULL,NULL,NULL),(35539,'stock',100000736,'Record created',25,NULL,'2023-07-15 15:07:38',NULL,NULL,NULL,NULL),(35540,'stock',100000737,'Record created',2,NULL,'2023-07-15 16:07:37',NULL,NULL,NULL,NULL),(35541,'stock',100000738,'Record created',7,NULL,'2023-07-15 17:07:36',NULL,NULL,NULL,NULL),(35542,'stock',100000739,'Record created',24,NULL,'2023-07-15 18:07:35',NULL,NULL,NULL,NULL),(35543,'stock',100000740,'Record created',3,NULL,'2023-07-15 19:07:34',NULL,NULL,NULL,NULL),(35544,'stock',100000741,'Record created',2,NULL,'2023-07-15 20:07:33',NULL,NULL,NULL,NULL),(35545,'stock',100000742,'Record created',7,NULL,'2023-07-15 21:07:32',NULL,NULL,NULL,NULL),(35546,'stock',100000743,'Record created',3,NULL,'2023-07-15 22:07:31',NULL,NULL,NULL,NULL),(35547,'stock',100000744,'Record created',3,NULL,'2023-07-15 23:07:30',NULL,NULL,NULL,NULL),(35548,'stock',100000745,'Record created',6,NULL,'2023-07-16 00:07:29',NULL,NULL,NULL,NULL),(35549,'stock',100000746,'Record created',23,NULL,'2023-07-16 01:07:28',NULL,NULL,NULL,NULL),(35550,'stock',100000356,'location_id',4,NULL,'2023-07-16 02:07:27',100000038,100000039,NULL,NULL),(35551,'stock',100000356,'box_state_id',4,NULL,'2023-07-16 02:07:27',1,5,NULL,NULL),(35552,'stock',100000615,'location_id',25,NULL,'2023-07-16 03:07:26',100000037,100000039,NULL,NULL),(35553,'stock',100000615,'box_state_id',25,NULL,'2023-07-16 03:07:26',1,5,NULL,NULL),(35554,'stock',100000442,'location_id',23,NULL,'2023-07-16 04:07:25',100000037,100000040,NULL,NULL),(35555,'stock',100000442,'box_state_id',23,NULL,'2023-07-16 04:07:25',1,5,NULL,NULL),(35556,'stock',100000541,'location_id',23,NULL,'2023-07-16 05:07:24',100000038,100000040,NULL,NULL),(35557,'stock',100000541,'box_state_id',23,NULL,'2023-07-16 05:07:24',1,5,NULL,NULL),(35558,'stock',100000439,'location_id',6,NULL,'2023-07-16 06:07:23',100000038,100000039,NULL,NULL),(35559,'stock',100000439,'box_state_id',6,NULL,'2023-07-16 06:07:23',1,5,NULL,NULL),(35560,'stock',100000617,'location_id',23,NULL,'2023-07-16 07:07:22',100000038,100000040,NULL,NULL),(35561,'stock',100000617,'box_state_id',23,NULL,'2023-07-16 07:07:22',1,5,NULL,NULL),(35562,'stock',100000333,'location_id',7,NULL,'2023-07-16 08:07:21',100000037,100000039,NULL,NULL),(35563,'stock',100000333,'box_state_id',7,NULL,'2023-07-16 08:07:21',1,5,NULL,NULL),(35564,'stock',100000687,'location_id',23,NULL,'2023-07-16 09:07:20',100000036,100000039,NULL,NULL),(35565,'stock',100000687,'box_state_id',23,NULL,'2023-07-16 09:07:20',1,5,NULL,NULL),(35566,'stock',100000655,'location_id',25,NULL,'2023-07-16 10:07:19',100000037,100000040,NULL,NULL),(35567,'stock',100000655,'box_state_id',25,NULL,'2023-07-16 10:07:19',1,5,NULL,NULL),(35568,'stock',100000272,'location_id',24,NULL,'2023-07-16 11:07:18',100000036,100000040,NULL,NULL),(35569,'stock',100000272,'box_state_id',24,NULL,'2023-07-16 11:07:18',1,5,NULL,NULL),(35570,'stock',100000517,'location_id',9,NULL,'2023-07-16 12:07:17',100000038,100000040,NULL,NULL),(35571,'stock',100000517,'box_state_id',9,NULL,'2023-07-16 12:07:17',1,5,NULL,NULL),(35572,'stock',100000726,'location_id',5,NULL,'2023-07-16 13:07:16',100000037,100000039,NULL,NULL),(35573,'stock',100000726,'box_state_id',5,NULL,'2023-07-16 13:07:16',1,5,NULL,NULL),(35574,'stock',100000591,'location_id',3,NULL,'2023-07-16 14:07:15',100000036,100000040,NULL,NULL),(35575,'stock',100000591,'box_state_id',3,NULL,'2023-07-16 14:07:15',1,5,NULL,NULL),(35576,'stock',100000357,'location_id',3,NULL,'2023-07-16 15:07:14',100000038,100000040,NULL,NULL),(35577,'stock',100000357,'box_state_id',3,NULL,'2023-07-16 15:07:14',1,5,NULL,NULL),(35578,'stock',100000325,'location_id',9,NULL,'2023-07-16 16:07:13',100000038,100000039,NULL,NULL),(35579,'stock',100000325,'box_state_id',9,NULL,'2023-07-16 16:07:13',1,5,NULL,NULL),(35580,'stock',100000535,'location_id',7,NULL,'2023-07-16 17:07:12',100000036,100000039,NULL,NULL),(35581,'stock',100000535,'box_state_id',7,NULL,'2023-07-16 17:07:12',1,5,NULL,NULL),(35582,'stock',100000709,'location_id',6,NULL,'2023-07-16 18:07:11',100000037,100000040,NULL,NULL),(35583,'stock',100000709,'box_state_id',6,NULL,'2023-07-16 18:07:11',1,5,NULL,NULL),(35584,'stock',100000587,'location_id',9,NULL,'2023-07-16 19:07:10',100000037,100000039,NULL,NULL),(35585,'stock',100000587,'box_state_id',9,NULL,'2023-07-16 19:07:10',1,5,NULL,NULL),(35586,'stock',100000502,'location_id',23,NULL,'2023-07-16 20:07:09',100000036,100000040,NULL,NULL),(35587,'stock',100000502,'box_state_id',23,NULL,'2023-07-16 20:07:09',1,5,NULL,NULL),(35588,'stock',100000510,'location_id',25,NULL,'2023-07-16 21:07:08',100000036,100000040,NULL,NULL),(35589,'stock',100000510,'box_state_id',25,NULL,'2023-07-16 21:07:08',1,5,NULL,NULL),(35590,'stock',100000345,'location_id',23,NULL,'2023-07-16 22:07:07',100000036,100000040,NULL,NULL),(35591,'stock',100000345,'box_state_id',23,NULL,'2023-07-16 22:07:07',1,5,NULL,NULL),(35592,'stock',100000587,'location_id',3,NULL,'2023-07-16 23:07:06',100000039,100000040,NULL,NULL),(35593,'stock',100000483,'location_id',9,NULL,'2023-07-17 00:07:05',100000037,100000040,NULL,NULL),(35594,'stock',100000483,'box_state_id',9,NULL,'2023-07-17 00:07:05',1,5,NULL,NULL),(35595,'stock',100000358,'location_id',25,NULL,'2023-07-17 01:07:04',100000036,100000040,NULL,NULL),(35596,'stock',100000358,'box_state_id',25,NULL,'2023-07-17 01:07:04',1,5,NULL,NULL),(35597,'stock',100000580,'location_id',2,NULL,'2023-07-17 02:07:03',100000036,100000040,NULL,NULL),(35598,'stock',100000580,'box_state_id',2,NULL,'2023-07-17 02:07:03',1,5,NULL,NULL),(35599,'stock',100000679,'location_id',9,NULL,'2023-07-17 03:07:02',100000037,100000040,NULL,NULL),(35600,'stock',100000679,'box_state_id',9,NULL,'2023-07-17 03:07:02',1,5,NULL,NULL),(35601,'stock',100000705,'location_id',5,NULL,'2023-07-17 04:07:01',100000037,100000039,NULL,NULL),(35602,'stock',100000705,'box_state_id',5,NULL,'2023-07-17 04:07:01',1,5,NULL,NULL),(35603,'stock',100000449,'location_id',25,NULL,'2023-07-17 05:07:00',100000036,100000040,NULL,NULL),(35604,'stock',100000449,'box_state_id',25,NULL,'2023-07-17 05:07:00',1,5,NULL,NULL),(35605,'stock',100000325,'location_id',9,NULL,'2023-07-17 06:06:59',100000039,100000040,NULL,NULL),(35606,'stock',100000532,'location_id',8,NULL,'2023-07-17 07:06:58',100000038,100000039,NULL,NULL),(35607,'stock',100000532,'box_state_id',8,NULL,'2023-07-17 07:06:58',1,5,NULL,NULL),(35608,'stock',100000280,'location_id',8,NULL,'2023-07-17 08:06:57',100000037,100000040,NULL,NULL),(35609,'stock',100000280,'box_state_id',8,NULL,'2023-07-17 08:06:57',1,5,NULL,NULL),(35610,'stock',100000693,'location_id',8,NULL,'2023-07-17 09:06:56',100000037,100000039,NULL,NULL),(35611,'stock',100000693,'box_state_id',8,NULL,'2023-07-17 09:06:56',1,5,NULL,NULL),(35612,'stock',100000571,'location_id',25,NULL,'2023-07-17 10:06:55',100000036,100000040,NULL,NULL),(35613,'stock',100000571,'box_state_id',25,NULL,'2023-07-17 10:06:55',1,5,NULL,NULL),(35614,'stock',100000251,'location_id',9,NULL,'2023-07-17 11:06:54',100000037,100000040,NULL,NULL),(35615,'stock',100000251,'box_state_id',9,NULL,'2023-07-17 11:06:54',1,5,NULL,NULL),(35616,'stock',100000495,'location_id',6,NULL,'2023-07-17 12:06:53',100000038,100000039,NULL,NULL),(35617,'stock',100000495,'box_state_id',6,NULL,'2023-07-17 12:06:53',1,5,NULL,NULL),(35618,'stock',100000322,'location_id',2,NULL,'2023-07-17 13:06:52',100000036,100000039,NULL,NULL),(35619,'stock',100000322,'box_state_id',2,NULL,'2023-07-17 13:06:52',1,5,NULL,NULL),(35620,'stock',100000302,'location_id',5,NULL,'2023-07-17 14:06:51',100000038,100000040,NULL,NULL),(35621,'stock',100000302,'box_state_id',5,NULL,'2023-07-17 14:06:51',1,5,NULL,NULL),(35622,'stock',100000265,'location_id',24,NULL,'2023-07-17 15:06:50',100000037,100000040,NULL,NULL),(35623,'stock',100000265,'box_state_id',24,NULL,'2023-07-17 15:06:50',1,5,NULL,NULL),(35624,'stock',100000504,'location_id',8,NULL,'2023-07-17 16:06:49',100000036,100000039,NULL,NULL),(35625,'stock',100000504,'box_state_id',8,NULL,'2023-07-17 16:06:49',1,5,NULL,NULL),(35626,'stock',100000480,'location_id',4,NULL,'2023-07-17 17:06:48',100000037,100000039,NULL,NULL),(35627,'stock',100000480,'box_state_id',4,NULL,'2023-07-17 17:06:48',1,5,NULL,NULL),(35628,'stock',100000650,'location_id',25,NULL,'2023-07-17 18:06:47',100000036,100000039,NULL,NULL),(35629,'stock',100000650,'box_state_id',25,NULL,'2023-07-17 18:06:47',1,5,NULL,NULL),(35630,'stock',100000521,'location_id',7,NULL,'2023-07-17 19:06:46',100000036,100000040,NULL,NULL),(35631,'stock',100000521,'box_state_id',7,NULL,'2023-07-17 19:06:46',1,5,NULL,NULL),(35632,'stock',100000392,'location_id',24,NULL,'2023-07-17 20:06:45',100000037,100000040,NULL,NULL),(35633,'stock',100000392,'box_state_id',24,NULL,'2023-07-17 20:06:45',1,5,NULL,NULL),(35634,'stock',100000547,'location_id',23,NULL,'2023-07-17 21:06:44',100000036,100000040,NULL,NULL),(35635,'stock',100000547,'box_state_id',23,NULL,'2023-07-17 21:06:44',1,5,NULL,NULL),(35636,'stock',100000317,'location_id',8,NULL,'2023-07-17 22:06:43',100000037,100000040,NULL,NULL),(35637,'stock',100000317,'box_state_id',8,NULL,'2023-07-17 22:06:43',1,5,NULL,NULL),(35638,'stock',100000552,'location_id',25,NULL,'2023-07-17 23:06:42',100000038,100000039,NULL,NULL),(35639,'stock',100000552,'box_state_id',25,NULL,'2023-07-17 23:06:42',1,5,NULL,NULL),(35640,'stock',100000259,'location_id',5,NULL,'2023-07-18 00:06:41',100000038,100000039,NULL,NULL),(35641,'stock',100000259,'box_state_id',5,NULL,'2023-07-18 00:06:41',1,5,NULL,NULL),(35642,'stock',100000536,'location_id',24,NULL,'2023-07-18 01:06:40',100000038,100000040,NULL,NULL),(35643,'stock',100000536,'box_state_id',24,NULL,'2023-07-18 01:06:40',1,5,NULL,NULL),(35644,'stock',100000538,'location_id',2,NULL,'2023-07-18 02:06:39',100000037,100000039,NULL,NULL),(35645,'stock',100000538,'box_state_id',2,NULL,'2023-07-18 02:06:39',1,5,NULL,NULL),(35646,'stock',100000322,'location_id',24,NULL,'2023-07-18 03:06:38',100000039,100000040,NULL,NULL),(35647,'stock',100000259,'product_id',4,NULL,'2023-07-18 04:06:37',1200,1175,NULL,NULL),(35648,'stock',100000259,'size_id',4,NULL,'2023-07-18 04:06:37',68,1,NULL,NULL),(35649,'stock',100000470,'product_id',4,NULL,'2023-07-18 05:06:36',1237,1218,NULL,NULL),(35650,'stock',100000262,'product_id',5,NULL,'2023-07-18 06:06:35',1169,1223,NULL,NULL),(35651,'stock',100000262,'size_id',5,NULL,'2023-07-18 06:06:35',52,118,NULL,NULL),(35652,'stock',100000346,'product_id',3,NULL,'2023-07-18 07:06:34',1184,1202,NULL,NULL),(35653,'stock',100000346,'size_id',3,NULL,'2023-07-18 07:06:34',5,68,NULL,NULL),(35654,'stock',100000278,'product_id',5,NULL,'2023-07-18 08:06:33',1197,1223,NULL,NULL),(35655,'stock',100000278,'size_id',5,NULL,'2023-07-18 08:06:33',52,44,NULL,NULL),(35656,'stock',100000386,'product_id',4,NULL,'2023-07-18 09:06:32',1185,1172,NULL,NULL),(35657,'stock',100000386,'size_id',4,NULL,'2023-07-18 09:06:32',203,1,NULL,NULL),(35658,'stock',100000465,'product_id',9,NULL,'2023-07-18 10:06:31',1186,1176,NULL,NULL),(35659,'stock',100000465,'size_id',9,NULL,'2023-07-18 10:06:31',68,71,NULL,NULL),(35660,'stock',100000424,'product_id',5,NULL,'2023-07-18 11:06:30',1188,1223,NULL,NULL),(35661,'stock',100000424,'size_id',5,NULL,'2023-07-18 11:06:30',4,117,NULL,NULL),(35662,'stock',100000662,'product_id',6,NULL,'2023-07-18 12:06:29',1240,1203,NULL,NULL),(35663,'stock',100000631,'product_id',23,NULL,'2023-07-18 13:06:28',1182,1218,NULL,NULL),(35664,'stock',100000631,'size_id',23,NULL,'2023-07-18 13:06:28',5,52,NULL,NULL),(35665,'stock',100000484,'product_id',5,NULL,'2023-07-18 14:06:27',1198,1195,NULL,NULL),(35666,'stock',100000484,'size_id',5,NULL,'2023-07-18 14:06:27',68,52,NULL,NULL),(35667,'stock',100000286,'product_id',24,NULL,'2023-07-18 15:06:26',1198,1221,NULL,NULL),(35668,'stock',100000286,'size_id',24,NULL,'2023-07-18 15:06:26',52,62,NULL,NULL),(35669,'stock',100000445,'product_id',9,NULL,'2023-07-18 16:06:25',1179,1174,NULL,NULL),(35670,'stock',100000445,'size_id',9,NULL,'2023-07-18 16:06:25',4,5,NULL,NULL),(35671,'stock',100000595,'product_id',4,NULL,'2023-07-18 17:06:24',1179,1223,NULL,NULL),(35672,'stock',100000595,'size_id',4,NULL,'2023-07-18 17:06:24',71,68,NULL,NULL),(35673,'stock',100000378,'product_id',4,NULL,'2023-07-18 18:06:23',1212,1192,NULL,NULL),(35674,'stock',100000378,'size_id',4,NULL,'2023-07-18 18:06:23',110,68,NULL,NULL),(35675,'stock',100000519,'product_id',5,NULL,'2023-07-18 19:06:22',1206,1173,NULL,NULL),(35676,'stock',100000519,'size_id',5,NULL,'2023-07-18 19:06:22',68,52,NULL,NULL),(35677,'stock',100000674,'product_id',24,NULL,'2023-07-18 20:06:21',1221,1222,NULL,NULL),(35678,'stock',100000674,'size_id',24,NULL,'2023-07-18 20:06:21',64,71,NULL,NULL),(35679,'stock',100000269,'product_id',23,NULL,'2023-07-18 21:06:20',1206,1222,NULL,NULL),(35680,'stock',100000269,'size_id',23,NULL,'2023-07-18 21:06:20',52,71,NULL,NULL),(35681,'stock',100000716,'product_id',24,NULL,'2023-07-18 22:06:19',1204,1192,NULL,NULL),(35682,'stock',100000716,'size_id',24,NULL,'2023-07-18 22:06:19',113,68,NULL,NULL),(35683,'stock',100000308,'product_id',8,NULL,'2023-07-18 23:06:18',1175,1169,NULL,NULL),(35684,'stock',100000308,'size_id',8,NULL,'2023-07-18 23:06:18',53,52,NULL,NULL),(35685,'stock',100000623,'product_id',4,NULL,'2023-07-19 00:06:17',1230,1170,NULL,NULL),(35686,'stock',100000623,'size_id',4,NULL,'2023-07-19 00:06:17',5,52,NULL,NULL),(35687,'stock',100000476,'product_id',8,NULL,'2023-07-19 01:06:16',1191,1216,NULL,NULL),(35688,'stock',100000476,'size_id',8,NULL,'2023-07-19 01:06:16',68,16,NULL,NULL),(35689,'stock',100000621,'product_id',3,NULL,'2023-07-19 02:06:15',1198,1228,NULL,NULL),(35690,'stock',100000621,'size_id',3,NULL,'2023-07-19 02:06:15',117,1,NULL,NULL),(35691,'stock',100000379,'product_id',24,NULL,'2023-07-19 03:06:14',1170,1218,NULL,NULL),(35692,'stock',100000659,'product_id',25,NULL,'2023-07-19 04:06:13',1226,1166,NULL,NULL),(35693,'stock',100000538,'product_id',9,NULL,'2023-07-19 05:06:12',1240,1217,NULL,NULL),(35694,'stock',100000538,'size_id',9,NULL,'2023-07-19 05:06:12',68,16,NULL,NULL),(35695,'stock',100000317,'product_id',9,NULL,'2023-07-19 06:06:11',1213,1199,NULL,NULL),(35696,'stock',100000317,'size_id',9,NULL,'2023-07-19 06:06:11',18,68,NULL,NULL),(35697,'stock',100000386,'product_id',9,NULL,'2023-07-19 07:06:10',1172,1237,NULL,NULL),(35698,'stock',100000386,'size_id',9,NULL,'2023-07-19 07:06:10',1,52,NULL,NULL),(35699,'stock',100000452,'product_id',24,NULL,'2023-07-19 08:06:09',1193,1225,NULL,NULL),(35700,'stock',100000452,'size_id',24,NULL,'2023-07-19 08:06:09',68,52,NULL,NULL),(35701,'stock',100000376,'product_id',5,NULL,'2023-07-19 09:06:08',1190,1197,NULL,NULL),(35702,'stock',100000376,'size_id',5,NULL,'2023-07-19 09:06:08',116,52,NULL,NULL),(35703,'stock',100000552,'product_id',5,NULL,'2023-07-19 10:06:07',1174,1198,NULL,NULL),(35704,'stock',100000552,'size_id',5,NULL,'2023-07-19 10:06:07',4,68,NULL,NULL),(35705,'stock',100000478,'product_id',9,NULL,'2023-07-19 11:06:06',1190,1206,NULL,NULL),(35706,'stock',100000478,'size_id',9,NULL,'2023-07-19 11:06:06',118,52,NULL,NULL),(35707,'stock',100000279,'product_id',6,NULL,'2023-07-19 12:06:05',1227,1204,NULL,NULL),(35708,'stock',100000279,'size_id',6,NULL,'2023-07-19 12:06:05',68,52,NULL,NULL),(35709,'stock',100000362,'product_id',6,NULL,'2023-07-19 13:06:04',1179,1240,NULL,NULL),(35710,'stock',100000362,'size_id',6,NULL,'2023-07-19 13:06:04',125,118,NULL,NULL),(35711,'stock',100000451,'product_id',6,NULL,'2023-07-19 14:06:03',1185,1169,NULL,NULL),(35712,'stock',100000451,'size_id',6,NULL,'2023-07-19 14:06:03',4,52,NULL,NULL),(35713,'stock',100000726,'product_id',9,NULL,'2023-07-19 15:06:02',1209,1234,NULL,NULL),(35714,'stock',100000726,'size_id',9,NULL,'2023-07-19 15:06:02',68,5,NULL,NULL),(35715,'stock',100000371,'product_id',3,NULL,'2023-07-19 16:06:01',1207,1210,NULL,NULL),(35716,'stock',100000371,'size_id',3,NULL,'2023-07-19 16:06:01',68,138,NULL,NULL),(35717,'stock',100000431,'product_id',24,NULL,'2023-07-19 17:06:00',1208,1182,NULL,NULL),(35718,'stock',100000431,'size_id',24,NULL,'2023-07-19 17:06:00',68,203,NULL,NULL),(35719,'stock',100000714,'product_id',8,NULL,'2023-07-19 18:05:59',1232,1189,NULL,NULL),(35720,'stock',100000714,'size_id',8,NULL,'2023-07-19 18:05:59',5,68,NULL,NULL),(35721,'stock',100000387,'product_id',9,NULL,'2023-07-19 19:05:58',1173,1221,NULL,NULL),(35722,'stock',100000387,'size_id',9,NULL,'2023-07-19 19:05:58',52,62,NULL,NULL),(35723,'stock',100000545,'product_id',6,NULL,'2023-07-19 20:05:57',1201,1179,NULL,NULL),(35724,'stock',100000545,'size_id',6,NULL,'2023-07-19 20:05:57',68,125,NULL,NULL),(35725,'stock',100000339,'product_id',8,NULL,'2023-07-19 21:05:56',1169,1173,NULL,NULL),(35726,'stock',100000339,'size_id',8,NULL,'2023-07-19 21:05:56',52,68,NULL,NULL),(35727,'stock',100000384,'product_id',9,NULL,'2023-07-19 22:05:55',1179,1228,NULL,NULL),(35728,'stock',100000384,'size_id',9,NULL,'2023-07-19 22:05:55',71,1,NULL,NULL),(35729,'stock',100000444,'product_id',9,NULL,'2023-07-19 23:05:54',1209,1192,NULL,NULL),(35730,'stock',100000444,'size_id',9,NULL,'2023-07-19 23:05:54',68,69,NULL,NULL),(35731,'stock',100000513,'product_id',9,NULL,'2023-07-20 00:05:53',1223,1230,NULL,NULL),(35732,'stock',100000513,'size_id',9,NULL,'2023-07-20 00:05:53',52,3,NULL,NULL),(35733,'stock',100000573,'product_id',6,NULL,'2023-07-20 01:05:52',1168,1209,NULL,NULL),(35734,'stock',100000573,'size_id',6,NULL,'2023-07-20 01:05:52',52,68,NULL,NULL),(35735,'stock',100000628,'product_id',24,NULL,'2023-07-20 02:05:51',1192,1197,NULL,NULL),(35736,'stock',100000628,'size_id',24,NULL,'2023-07-20 02:05:51',117,3,NULL,NULL),(35737,'stock',100000294,'product_id',7,NULL,'2023-07-20 03:05:50',1239,1186,NULL,NULL),(35738,'stock',100000294,'size_id',7,NULL,'2023-07-20 03:05:50',113,68,NULL,NULL),(35739,'stock',100000685,'product_id',5,NULL,'2023-07-20 04:05:49',1193,1184,NULL,NULL),(35740,'stock',100000685,'size_id',5,NULL,'2023-07-20 04:05:49',117,3,NULL,NULL),(35741,'stock',100000538,'product_id',7,NULL,'2023-07-20 05:05:48',1217,1175,NULL,NULL),(35742,'stock',100000538,'size_id',7,NULL,'2023-07-20 05:05:48',16,5,NULL,NULL),(35743,'stock',100000301,'items',5,NULL,'2023-07-20 06:05:47',673,629,NULL,NULL),(35744,'stock',100000266,'items',24,NULL,'2023-07-20 07:05:46',186,745,NULL,NULL),(35745,'stock',100000540,'items',9,NULL,'2023-07-20 08:05:45',74,894,NULL,NULL),(35746,'stock',100000475,'items',3,NULL,'2023-07-20 09:05:44',502,99,NULL,NULL),(35747,'stock',100000595,'items',8,NULL,'2023-07-20 10:05:43',679,437,NULL,NULL),(35748,'stock',100000256,'items',7,NULL,'2023-07-20 11:05:42',129,192,NULL,NULL),(35749,'stock',100000351,'items',3,NULL,'2023-07-20 12:05:41',324,614,NULL,NULL),(35750,'stock',100000505,'items',2,NULL,'2023-07-20 13:05:40',660,477,NULL,NULL),(35751,'stock',100000369,'items',2,NULL,'2023-07-20 14:05:39',241,431,NULL,NULL),(35752,'stock',100000735,'items',5,NULL,'2023-07-20 15:05:38',215,94,NULL,NULL),(35753,'stock',100000266,'items',3,NULL,'2023-07-20 16:05:37',745,646,NULL,NULL),(35754,'stock',100000462,'items',6,NULL,'2023-07-20 17:05:36',348,847,NULL,NULL),(35755,'stock',100000578,'items',3,NULL,'2023-07-20 18:05:35',795,263,NULL,NULL),(35756,'stock',100000716,'items',24,NULL,'2023-07-20 19:05:34',148,970,NULL,NULL),(35757,'stock',100000451,'items',25,NULL,'2023-07-20 20:05:33',879,463,NULL,NULL),(35758,'stock',100000417,'items',23,NULL,'2023-07-20 21:05:32',48,56,NULL,NULL),(35759,'stock',100000475,'items',2,NULL,'2023-07-20 22:05:31',99,396,NULL,NULL),(35760,'stock',100000631,'items',5,NULL,'2023-07-20 23:05:30',925,160,NULL,NULL),(35761,'stock',100000473,'items',3,NULL,'2023-07-21 00:05:29',153,967,NULL,NULL),(35762,'stock',100000287,'items',6,NULL,'2023-07-21 01:05:28',202,895,NULL,NULL),(35763,'stock',100000729,'items',23,NULL,'2023-07-21 02:05:27',271,78,NULL,NULL),(35764,'stock',100000453,'items',23,NULL,'2023-07-21 03:05:26',14,630,NULL,NULL),(35765,'stock',100000579,'items',8,NULL,'2023-07-21 04:05:25',344,310,NULL,NULL),(35766,'stock',100000441,'items',3,NULL,'2023-07-21 05:05:24',286,385,NULL,NULL),(35767,'stock',100000489,'items',25,NULL,'2023-07-21 06:05:23',512,914,NULL,NULL),(35768,'stock',100000476,'items',9,NULL,'2023-07-21 07:05:22',870,773,NULL,NULL),(35769,'stock',100000570,'items',4,NULL,'2023-07-21 08:05:21',520,49,NULL,NULL),(35770,'stock',100000393,'items',2,NULL,'2023-07-21 09:05:20',929,991,NULL,NULL),(35771,'stock',100000428,'items',24,NULL,'2023-07-21 10:05:19',912,942,NULL,NULL),(35772,'stock',100000639,'items',23,NULL,'2023-07-21 11:05:18',4,266,NULL,NULL),(35773,'stock',100000472,'items',4,NULL,'2023-07-21 12:05:17',921,791,NULL,NULL),(35774,'stock',100000556,'items',25,NULL,'2023-07-21 13:05:16',180,478,NULL,NULL),(35775,'stock',100000628,'items',2,NULL,'2023-07-21 14:05:15',63,831,NULL,NULL),(35776,'stock',100000594,'items',5,NULL,'2023-07-21 15:05:14',972,642,NULL,NULL),(35777,'stock',100000561,'items',4,NULL,'2023-07-21 16:05:13',69,210,NULL,NULL),(35778,'stock',100000498,'items',24,NULL,'2023-07-21 17:05:12',878,655,NULL,NULL),(35779,'stock',100000704,'items',2,NULL,'2023-07-21 18:05:11',412,677,NULL,NULL),(35780,'stock',100000400,'items',8,NULL,'2023-07-21 19:05:10',591,818,NULL,NULL),(35781,'stock',100000433,'items',6,NULL,'2023-07-21 20:05:09',716,465,NULL,NULL),(35782,'stock',100000337,'items',24,NULL,'2023-07-21 21:05:08',427,262,NULL,NULL),(35783,'stock',100000256,'items',4,NULL,'2023-07-21 22:05:07',192,139,NULL,NULL),(35784,'stock',100000729,'items',3,NULL,'2023-07-21 23:05:06',78,15,NULL,NULL),(35785,'stock',100000664,'items',5,NULL,'2023-07-22 00:05:05',715,453,NULL,NULL),(35786,'stock',100000393,'items',24,NULL,'2023-07-22 01:05:04',991,134,NULL,NULL),(35787,'stock',100000269,'items',2,NULL,'2023-07-22 02:05:03',119,628,NULL,NULL),(35788,'stock',100000593,'items',9,NULL,'2023-07-22 03:05:02',712,575,NULL,NULL),(35789,'stock',100000325,'items',7,NULL,'2023-07-22 04:05:01',191,101,NULL,NULL),(35790,'stock',100000744,'items',25,NULL,'2023-07-22 05:05:00',314,817,NULL,NULL),(35791,'stock',100000284,'items',24,NULL,'2023-07-22 06:04:59',113,42,NULL,NULL),(35792,'stock',100000421,'items',8,NULL,'2023-07-22 07:04:58',343,324,NULL,NULL),(35793,'stock',100000684,'comments changed from \"\" to \"Finish method.\";',6,NULL,'2023-07-22 08:04:57',NULL,NULL,NULL,NULL),(35794,'stock',100000348,'comments changed from \"Water list.\" to \"Even study.\";',24,NULL,'2023-07-22 09:04:56',NULL,NULL,NULL,NULL),(35795,'stock',100000345,'comments changed from \"\" to \"Cold.\";',5,NULL,'2023-07-22 10:04:55',NULL,NULL,NULL,NULL),(35796,'stock',100000473,'comments changed from \"Region imagine.\" to \"Main.\";',6,NULL,'2023-07-22 11:04:54',NULL,NULL,NULL,NULL),(35797,'stock',100000282,'comments changed from \"\" to \"Sometimes.\";',23,NULL,'2023-07-22 12:04:53',NULL,NULL,NULL,NULL),(35798,'stock',100000543,'comments changed from \"\" to \"Impact.\";',7,NULL,'2023-07-22 13:04:52',NULL,NULL,NULL,NULL),(35799,'stock',100000381,'comments changed from \"\" to \"Tend.\";',7,NULL,'2023-07-22 14:04:51',NULL,NULL,NULL,NULL),(35800,'stock',100000402,'comments changed from \"Those traditional memory.\" to \"Opportunity.\";',5,NULL,'2023-07-22 15:04:50',NULL,NULL,NULL,NULL),(35801,'stock',100000688,'comments changed from \"\" to \"History political.\";',5,NULL,'2023-07-22 16:04:49',NULL,NULL,NULL,NULL),(35802,'stock',100000288,'comments changed from \"\" to \"Heavy foreign.\";',25,NULL,'2023-07-22 17:04:48',NULL,NULL,NULL,NULL),(35803,'stock',100000404,'comments changed from \"\" to \"Such.\";',4,NULL,'2023-07-22 18:04:47',NULL,NULL,NULL,NULL),(35804,'stock',100000587,'comments changed from \"\" to \"Address family.\";',23,NULL,'2023-07-22 19:04:46',NULL,NULL,NULL,NULL),(35805,'stock',100000743,'comments changed from \"Laugh of.\" to \"Wonder.\";',9,NULL,'2023-07-22 20:04:45',NULL,NULL,NULL,NULL),(35806,'stock',100000380,'comments changed from \"Simple bring top.\" to \"Think.\";',3,NULL,'2023-07-22 21:04:44',NULL,NULL,NULL,NULL),(35807,'stock',100000656,'comments changed from \"\" to \"Forget guess.\";',25,NULL,'2023-07-22 22:04:43',NULL,NULL,NULL,NULL),(35808,'stock',100000350,'comments changed from \"\" to \"Federal end.\";',6,NULL,'2023-07-22 23:04:42',NULL,NULL,NULL,NULL),(35809,'stock',100000520,'comments changed from \"\" to \"Recognize much.\";',5,NULL,'2023-07-23 00:04:41',NULL,NULL,NULL,NULL),(35810,'stock',100000731,'comments changed from \"Fire marriage fine.\" to \"Practice size.\";',8,NULL,'2023-07-23 01:04:40',NULL,NULL,NULL,NULL),(35811,'stock',100000438,'comments changed from \"\" to \"They.\";',9,NULL,'2023-07-23 02:04:39',NULL,NULL,NULL,NULL),(35812,'stock',100000589,'comments changed from \"\" to \"Republican.\";',25,NULL,'2023-07-23 03:04:38',NULL,NULL,NULL,NULL),(35813,'stock',100000565,'comments changed from \"Occur.\" to \"Bag health.\";',3,NULL,'2023-07-23 04:04:37',NULL,NULL,NULL,NULL),(35814,'stock',100000647,'comments changed from \"\" to \"Measure.\";',4,NULL,'2023-07-23 05:04:36',NULL,NULL,NULL,NULL),(35815,'stock',100000391,'comments changed from \"\" to \"Law center.\";',5,NULL,'2023-07-23 06:04:35',NULL,NULL,NULL,NULL),(35816,'stock',100000650,'comments changed from \"\" to \"Probably situation.\";',4,NULL,'2023-07-23 07:04:34',NULL,NULL,NULL,NULL),(35817,'stock',100000455,'comments changed from \"\" to \"Property.\";',8,NULL,'2023-07-23 08:04:33',NULL,NULL,NULL,NULL),(35818,'stock',100000679,'comments changed from \"\" to \"Fish.\";',5,NULL,'2023-07-23 09:04:32',NULL,NULL,NULL,NULL),(35819,'stock',100000702,'comments changed from \"\" to \"Tax.\";',7,NULL,'2023-07-23 10:04:31',NULL,NULL,NULL,NULL),(35820,'stock',100000727,'comments changed from \"\" to \"Relate tax.\";',3,NULL,'2023-07-23 11:04:30',NULL,NULL,NULL,NULL),(35821,'stock',100000352,'comments changed from \"\" to \"Family.\";',6,NULL,'2023-07-23 12:04:29',NULL,NULL,NULL,NULL),(35822,'stock',100000553,'comments changed from \"\" to \"Nature.\";',5,NULL,'2023-07-23 13:04:28',NULL,NULL,NULL,NULL),(35823,'stock',100000407,'comments changed from \"\" to \"Teacher visit.\";',7,NULL,'2023-07-23 14:04:27',NULL,NULL,NULL,NULL),(35824,'stock',100000708,'comments changed from \"\" to \"Policy price.\";',4,NULL,'2023-07-23 15:04:26',NULL,NULL,NULL,NULL),(35825,'stock',100000656,'comments changed from \"Forget guess.\" to \"Get range.\";',23,NULL,'2023-07-23 16:04:25',NULL,NULL,NULL,NULL),(35826,'stock',100000555,'comments changed from \"\" to \"Over.\";',9,NULL,'2023-07-23 17:04:24',NULL,NULL,NULL,NULL),(35827,'stock',100000733,'comments changed from \"\" to \"Unit.\";',8,NULL,'2023-07-23 18:04:23',NULL,NULL,NULL,NULL),(35828,'stock',100000345,'comments changed from \"Cold.\" to \"Official statement.\";',8,NULL,'2023-07-23 19:04:22',NULL,NULL,NULL,NULL),(35829,'stock',100000635,'comments changed from \"Beat win budget.\" to \"Positive unit.\";',3,NULL,'2023-07-23 20:04:21',NULL,NULL,NULL,NULL),(35830,'stock',100000305,'comments changed from \"\" to \"Produce will.\";',9,NULL,'2023-07-23 21:04:20',NULL,NULL,NULL,NULL),(35831,'stock',100000655,'comments changed from \"\" to \"International her.\";',2,NULL,'2023-07-23 22:04:19',NULL,NULL,NULL,NULL),(35832,'stock',100000643,'comments changed from \"\" to \"Stay less.\";',25,NULL,'2023-07-23 23:04:18',NULL,NULL,NULL,NULL),(35833,'stock',100000657,'comments changed from \"\" to \"Center everybody.\";',5,NULL,'2023-07-24 00:04:17',NULL,NULL,NULL,NULL),(35834,'stock',100000625,'comments changed from \"Indeed us door.\" to \"Do religious.\";',8,NULL,'2023-07-24 01:04:16',NULL,NULL,NULL,NULL),(35835,'stock',100000504,'comments changed from \"\" to \"Write also.\";',3,NULL,'2023-07-24 02:04:15',NULL,NULL,NULL,NULL),(35836,'stock',100000438,'comments changed from \"They.\" to \"More bag.\";',8,NULL,'2023-07-24 03:04:14',NULL,NULL,NULL,NULL),(35837,'stock',100000368,'comments changed from \"\" to \"Think.\";',5,NULL,'2023-07-24 04:04:13',NULL,NULL,NULL,NULL),(35838,'stock',100000720,'comments changed from \"\" to \"Kind vote.\";',4,NULL,'2023-07-24 05:04:12',NULL,NULL,NULL,NULL),(35839,'stock',100000279,'comments changed from \"\" to \"Ever.\";',9,NULL,'2023-07-24 06:04:11',NULL,NULL,NULL,NULL),(35840,'stock',100000369,'comments changed from \"\" to \"Better.\";',6,NULL,'2023-07-24 07:04:10',NULL,NULL,NULL,NULL),(35841,'stock',100000536,'comments changed from \"\" to \"Movie gun.\";',23,NULL,'2023-07-24 08:04:09',NULL,NULL,NULL,NULL),(35842,'stock',100000724,'comments changed from \"\" to \"Service American.\";',24,NULL,'2023-07-24 09:04:08',NULL,NULL,NULL,NULL),(35843,'stock',100000747,'Record created',10,NULL,'2023-07-26 12:03:17',NULL,NULL,NULL,NULL),(35844,'stock',100000748,'Record created',11,NULL,'2023-07-26 13:03:16',NULL,NULL,NULL,NULL),(35845,'stock',100000749,'Record created',31,NULL,'2023-07-26 14:03:15',NULL,NULL,NULL,NULL),(35846,'stock',100000750,'Record created',17,NULL,'2023-07-26 15:03:14',NULL,NULL,NULL,NULL),(35847,'stock',100000751,'Record created',18,NULL,'2023-07-26 16:03:13',NULL,NULL,NULL,NULL),(35848,'stock',100000752,'Record created',10,NULL,'2023-07-26 17:03:12',NULL,NULL,NULL,NULL),(35849,'stock',100000753,'Record created',10,NULL,'2023-07-26 18:03:11',NULL,NULL,NULL,NULL),(35850,'stock',100000754,'Record created',16,NULL,'2023-07-26 19:03:10',NULL,NULL,NULL,NULL),(35851,'stock',100000755,'Record created',18,NULL,'2023-07-26 20:03:09',NULL,NULL,NULL,NULL),(35852,'stock',100000756,'Record created',18,NULL,'2023-07-26 21:03:08',NULL,NULL,NULL,NULL),(35853,'stock',100000757,'Record created',17,NULL,'2023-07-26 22:03:07',NULL,NULL,NULL,NULL),(35854,'stock',100000758,'Record created',10,NULL,'2023-07-26 23:03:06',NULL,NULL,NULL,NULL),(35855,'stock',100000759,'Record created',31,NULL,'2023-07-27 00:03:05',NULL,NULL,NULL,NULL),(35856,'stock',100000760,'Record created',16,NULL,'2023-07-27 01:03:04',NULL,NULL,NULL,NULL),(35857,'stock',100000761,'Record created',16,NULL,'2023-07-27 02:03:03',NULL,NULL,NULL,NULL),(35858,'stock',100000762,'Record created',10,NULL,'2023-07-27 03:03:02',NULL,NULL,NULL,NULL),(35859,'stock',100000763,'Record created',15,NULL,'2023-07-27 04:03:01',NULL,NULL,NULL,NULL),(35860,'stock',100000764,'Record created',15,NULL,'2023-07-27 05:03:00',NULL,NULL,NULL,NULL),(35861,'stock',100000765,'Record created',10,NULL,'2023-07-27 06:02:59',NULL,NULL,NULL,NULL),(35862,'stock',100000766,'Record created',10,NULL,'2023-07-27 07:02:58',NULL,NULL,NULL,NULL),(35863,'stock',100000767,'Record created',33,NULL,'2023-07-27 08:02:57',NULL,NULL,NULL,NULL),(35864,'stock',100000768,'Record created',15,NULL,'2023-07-27 09:02:56',NULL,NULL,NULL,NULL),(35865,'stock',100000769,'Record created',17,NULL,'2023-07-27 10:02:55',NULL,NULL,NULL,NULL),(35866,'stock',100000770,'Record created',10,NULL,'2023-07-27 11:02:54',NULL,NULL,NULL,NULL),(35867,'stock',100000771,'Record created',16,NULL,'2023-07-27 12:02:53',NULL,NULL,NULL,NULL),(35868,'stock',100000772,'Record created',18,NULL,'2023-07-27 13:02:52',NULL,NULL,NULL,NULL),(35869,'stock',100000773,'Record created',11,NULL,'2023-07-27 14:02:51',NULL,NULL,NULL,NULL),(35870,'stock',100000774,'Record created',18,NULL,'2023-07-27 15:02:50',NULL,NULL,NULL,NULL),(35871,'stock',100000775,'Record created',18,NULL,'2023-07-27 16:02:49',NULL,NULL,NULL,NULL),(35872,'stock',100000776,'Record created',18,NULL,'2023-07-27 17:02:48',NULL,NULL,NULL,NULL),(35873,'stock',100000777,'Record created',11,NULL,'2023-07-27 18:02:47',NULL,NULL,NULL,NULL),(35874,'stock',100000778,'Record created',17,NULL,'2023-07-27 19:02:46',NULL,NULL,NULL,NULL),(35875,'stock',100000779,'Record created',31,NULL,'2023-07-27 20:02:45',NULL,NULL,NULL,NULL),(35876,'stock',100000780,'Record created',15,NULL,'2023-07-27 21:02:44',NULL,NULL,NULL,NULL),(35877,'stock',100000781,'Record created',10,NULL,'2023-07-27 22:02:43',NULL,NULL,NULL,NULL),(35878,'stock',100000782,'Record created',15,NULL,'2023-07-27 23:02:42',NULL,NULL,NULL,NULL),(35879,'stock',100000783,'Record created',15,NULL,'2023-07-28 00:02:41',NULL,NULL,NULL,NULL),(35880,'stock',100000784,'Record created',33,NULL,'2023-07-28 01:02:40',NULL,NULL,NULL,NULL),(35881,'stock',100000785,'Record created',16,NULL,'2023-07-28 02:02:39',NULL,NULL,NULL,NULL),(35882,'stock',100000786,'Record created',18,NULL,'2023-07-28 03:02:38',NULL,NULL,NULL,NULL),(35883,'stock',100000787,'Record created',11,NULL,'2023-07-28 04:02:37',NULL,NULL,NULL,NULL),(35884,'stock',100000788,'Record created',31,NULL,'2023-07-28 05:02:36',NULL,NULL,NULL,NULL),(35885,'stock',100000789,'Record created',16,NULL,'2023-07-28 06:02:35',NULL,NULL,NULL,NULL),(35886,'stock',100000790,'Record created',15,NULL,'2023-07-28 07:02:34',NULL,NULL,NULL,NULL),(35887,'stock',100000791,'Record created',17,NULL,'2023-07-28 08:02:33',NULL,NULL,NULL,NULL),(35888,'stock',100000792,'Record created',11,NULL,'2023-07-28 09:02:32',NULL,NULL,NULL,NULL),(35889,'stock',100000793,'Record created',16,NULL,'2023-07-28 10:02:31',NULL,NULL,NULL,NULL),(35890,'stock',100000794,'Record created',18,NULL,'2023-07-28 11:02:30',NULL,NULL,NULL,NULL),(35891,'stock',100000795,'Record created',15,NULL,'2023-07-28 12:02:29',NULL,NULL,NULL,NULL),(35892,'stock',100000796,'Record created',16,NULL,'2023-07-28 13:02:28',NULL,NULL,NULL,NULL),(35893,'stock',100000797,'Record created',18,NULL,'2023-07-28 14:02:27',NULL,NULL,NULL,NULL),(35894,'stock',100000798,'Record created',11,NULL,'2023-07-28 15:02:26',NULL,NULL,NULL,NULL),(35895,'stock',100000799,'Record created',33,NULL,'2023-07-28 16:02:25',NULL,NULL,NULL,NULL),(35896,'stock',100000800,'Record created',18,NULL,'2023-07-28 17:02:24',NULL,NULL,NULL,NULL),(35897,'stock',100000801,'Record created',17,NULL,'2023-07-28 18:02:23',NULL,NULL,NULL,NULL),(35898,'stock',100000802,'Record created',31,NULL,'2023-07-28 19:02:22',NULL,NULL,NULL,NULL),(35899,'stock',100000803,'Record created',16,NULL,'2023-07-28 20:02:21',NULL,NULL,NULL,NULL),(35900,'stock',100000804,'Record created',31,NULL,'2023-07-28 21:02:20',NULL,NULL,NULL,NULL),(35901,'stock',100000805,'Record created',11,NULL,'2023-07-28 22:02:19',NULL,NULL,NULL,NULL),(35902,'stock',100000806,'Record created',33,NULL,'2023-07-28 23:02:18',NULL,NULL,NULL,NULL),(35903,'stock',100000807,'Record created',11,NULL,'2023-07-29 00:02:17',NULL,NULL,NULL,NULL),(35904,'stock',100000808,'Record created',17,NULL,'2023-07-29 01:02:16',NULL,NULL,NULL,NULL),(35905,'stock',100000809,'Record created',11,NULL,'2023-07-29 02:02:15',NULL,NULL,NULL,NULL),(35906,'stock',100000810,'Record created',31,NULL,'2023-07-29 03:02:14',NULL,NULL,NULL,NULL),(35907,'stock',100000811,'Record created',15,NULL,'2023-07-29 04:02:13',NULL,NULL,NULL,NULL),(35908,'stock',100000812,'Record created',11,NULL,'2023-07-29 05:02:12',NULL,NULL,NULL,NULL),(35909,'stock',100000813,'Record created',31,NULL,'2023-07-29 06:02:11',NULL,NULL,NULL,NULL),(35910,'stock',100000814,'Record created',17,NULL,'2023-07-29 07:02:10',NULL,NULL,NULL,NULL),(35911,'stock',100000815,'Record created',17,NULL,'2023-07-29 08:02:09',NULL,NULL,NULL,NULL),(35912,'stock',100000816,'Record created',18,NULL,'2023-07-29 09:02:08',NULL,NULL,NULL,NULL),(35913,'stock',100000817,'Record created',33,NULL,'2023-07-29 10:02:07',NULL,NULL,NULL,NULL),(35914,'stock',100000818,'Record created',31,NULL,'2023-07-29 11:02:06',NULL,NULL,NULL,NULL),(35915,'stock',100000819,'Record created',10,NULL,'2023-07-29 12:02:05',NULL,NULL,NULL,NULL),(35916,'stock',100000820,'Record created',10,NULL,'2023-07-29 13:02:04',NULL,NULL,NULL,NULL),(35917,'stock',100000821,'Record created',31,NULL,'2023-07-29 14:02:03',NULL,NULL,NULL,NULL),(35918,'stock',100000822,'Record created',33,NULL,'2023-07-29 15:02:02',NULL,NULL,NULL,NULL),(35919,'stock',100000823,'Record created',16,NULL,'2023-07-29 16:02:01',NULL,NULL,NULL,NULL),(35920,'stock',100000824,'Record created',18,NULL,'2023-07-29 17:02:00',NULL,NULL,NULL,NULL),(35921,'stock',100000825,'Record created',10,NULL,'2023-07-29 18:01:59',NULL,NULL,NULL,NULL),(35922,'stock',100000826,'Record created',31,NULL,'2023-07-29 19:01:58',NULL,NULL,NULL,NULL),(35923,'stock',100000827,'Record created',16,NULL,'2023-07-29 20:01:57',NULL,NULL,NULL,NULL),(35924,'stock',100000828,'Record created',11,NULL,'2023-07-29 21:01:56',NULL,NULL,NULL,NULL),(35925,'stock',100000829,'Record created',15,NULL,'2023-07-29 22:01:55',NULL,NULL,NULL,NULL),(35926,'stock',100000830,'Record created',10,NULL,'2023-07-29 23:01:54',NULL,NULL,NULL,NULL),(35927,'stock',100000831,'Record created',31,NULL,'2023-07-30 00:01:53',NULL,NULL,NULL,NULL),(35928,'stock',100000832,'Record created',11,NULL,'2023-07-30 01:01:52',NULL,NULL,NULL,NULL),(35929,'stock',100000833,'Record created',16,NULL,'2023-07-30 02:01:51',NULL,NULL,NULL,NULL),(35930,'stock',100000834,'Record created',17,NULL,'2023-07-30 03:01:50',NULL,NULL,NULL,NULL),(35931,'stock',100000835,'Record created',18,NULL,'2023-07-30 04:01:49',NULL,NULL,NULL,NULL),(35932,'stock',100000836,'Record created',33,NULL,'2023-07-30 05:01:48',NULL,NULL,NULL,NULL),(35933,'stock',100000837,'Record created',17,NULL,'2023-07-30 06:01:47',NULL,NULL,NULL,NULL),(35934,'stock',100000838,'Record created',15,NULL,'2023-07-30 07:01:46',NULL,NULL,NULL,NULL),(35935,'stock',100000839,'Record created',31,NULL,'2023-07-30 08:01:45',NULL,NULL,NULL,NULL),(35936,'stock',100000840,'Record created',33,NULL,'2023-07-30 09:01:44',NULL,NULL,NULL,NULL),(35937,'stock',100000841,'Record created',11,NULL,'2023-07-30 10:01:43',NULL,NULL,NULL,NULL),(35938,'stock',100000842,'Record created',18,NULL,'2023-07-30 11:01:42',NULL,NULL,NULL,NULL),(35939,'stock',100000843,'Record created',33,NULL,'2023-07-30 12:01:41',NULL,NULL,NULL,NULL),(35940,'stock',100000844,'Record created',31,NULL,'2023-07-30 13:01:40',NULL,NULL,NULL,NULL),(35941,'stock',100000845,'Record created',18,NULL,'2023-07-30 14:01:39',NULL,NULL,NULL,NULL),(35942,'stock',100000846,'Record created',33,NULL,'2023-07-30 15:01:38',NULL,NULL,NULL,NULL),(35943,'stock',100000750,'location_id',11,NULL,'2023-07-30 16:01:37',100000044,100000045,NULL,NULL),(35944,'stock',100000750,'box_state_id',11,NULL,'2023-07-30 16:01:37',1,5,NULL,NULL),(35945,'stock',100000754,'location_id',17,NULL,'2023-07-30 17:01:36',100000043,100000046,NULL,NULL),(35946,'stock',100000754,'box_state_id',17,NULL,'2023-07-30 17:01:36',1,5,NULL,NULL),(35947,'stock',100000757,'location_id',11,NULL,'2023-07-30 18:01:35',100000044,100000045,NULL,NULL),(35948,'stock',100000757,'box_state_id',11,NULL,'2023-07-30 18:01:35',1,5,NULL,NULL),(35949,'stock',100000769,'location_id',11,NULL,'2023-07-30 19:01:34',100000042,100000046,NULL,NULL),(35950,'stock',100000769,'box_state_id',11,NULL,'2023-07-30 19:01:34',1,5,NULL,NULL),(35951,'stock',100000749,'location_id',18,NULL,'2023-07-30 20:01:33',100000044,100000045,NULL,NULL),(35952,'stock',100000749,'box_state_id',18,NULL,'2023-07-30 20:01:33',1,5,NULL,NULL),(35953,'stock',100000809,'location_id',18,NULL,'2023-07-30 21:01:32',100000042,100000045,NULL,NULL),(35954,'stock',100000809,'box_state_id',18,NULL,'2023-07-30 21:01:32',1,5,NULL,NULL),(35955,'stock',100000803,'location_id',11,NULL,'2023-07-30 22:01:31',100000043,100000046,NULL,NULL),(35956,'stock',100000803,'box_state_id',11,NULL,'2023-07-30 22:01:31',1,5,NULL,NULL),(35957,'stock',100000814,'location_id',16,NULL,'2023-07-30 23:01:30',100000043,100000046,NULL,NULL),(35958,'stock',100000814,'box_state_id',16,NULL,'2023-07-30 23:01:30',1,5,NULL,NULL),(35959,'stock',100000788,'location_id',33,NULL,'2023-07-31 00:01:29',100000044,100000045,NULL,NULL),(35960,'stock',100000788,'box_state_id',33,NULL,'2023-07-31 00:01:29',1,5,NULL,NULL),(35961,'stock',100000798,'location_id',18,NULL,'2023-07-31 01:01:28',100000044,100000045,NULL,NULL),(35962,'stock',100000798,'box_state_id',18,NULL,'2023-07-31 01:01:28',1,5,NULL,NULL),(35963,'stock',100000820,'location_id',17,NULL,'2023-07-31 02:01:27',100000044,100000045,NULL,NULL),(35964,'stock',100000820,'box_state_id',17,NULL,'2023-07-31 02:01:27',1,5,NULL,NULL),(35965,'stock',100000773,'location_id',15,NULL,'2023-07-31 03:01:26',100000043,100000046,NULL,NULL),(35966,'stock',100000773,'box_state_id',15,NULL,'2023-07-31 03:01:26',1,5,NULL,NULL),(35967,'stock',100000785,'location_id',15,NULL,'2023-07-31 04:01:25',100000044,100000046,NULL,NULL),(35968,'stock',100000785,'box_state_id',15,NULL,'2023-07-31 04:01:25',1,5,NULL,NULL),(35969,'stock',100000766,'location_id',11,NULL,'2023-07-31 05:01:24',100000043,100000045,NULL,NULL),(35970,'stock',100000766,'box_state_id',11,NULL,'2023-07-31 05:01:24',1,5,NULL,NULL),(35971,'stock',100000757,'location_id',11,NULL,'2023-07-31 06:01:23',100000045,100000046,NULL,NULL),(35972,'stock',100000797,'location_id',31,NULL,'2023-07-31 07:01:22',100000042,100000046,NULL,NULL),(35973,'stock',100000797,'box_state_id',31,NULL,'2023-07-31 07:01:22',1,5,NULL,NULL),(35974,'stock',100000833,'location_id',11,NULL,'2023-07-31 08:01:21',100000044,100000045,NULL,NULL),(35975,'stock',100000833,'box_state_id',11,NULL,'2023-07-31 08:01:21',1,5,NULL,NULL),(35976,'stock',100000802,'location_id',31,NULL,'2023-07-31 09:01:20',100000042,100000046,NULL,NULL),(35977,'stock',100000802,'box_state_id',31,NULL,'2023-07-31 09:01:20',1,5,NULL,NULL),(35978,'stock',100000834,'location_id',33,NULL,'2023-07-31 10:01:19',100000042,100000046,NULL,NULL),(35979,'stock',100000834,'box_state_id',33,NULL,'2023-07-31 10:01:19',1,5,NULL,NULL),(35980,'stock',100000841,'location_id',18,NULL,'2023-07-31 11:01:18',100000042,100000046,NULL,NULL),(35981,'stock',100000841,'box_state_id',18,NULL,'2023-07-31 11:01:18',1,5,NULL,NULL),(35982,'stock',100000819,'location_id',10,NULL,'2023-07-31 12:01:17',100000043,100000045,NULL,NULL),(35983,'stock',100000819,'box_state_id',10,NULL,'2023-07-31 12:01:17',1,5,NULL,NULL),(35984,'stock',100000820,'location_id',10,NULL,'2023-07-31 13:01:16',100000045,100000046,NULL,NULL),(35985,'stock',100000817,'location_id',17,NULL,'2023-07-31 14:01:15',100000044,100000045,NULL,NULL),(35986,'stock',100000817,'box_state_id',17,NULL,'2023-07-31 14:01:15',1,5,NULL,NULL),(35987,'stock',100000845,'location_id',18,NULL,'2023-07-31 15:01:14',100000044,100000045,NULL,NULL),(35988,'stock',100000845,'box_state_id',18,NULL,'2023-07-31 15:01:14',1,5,NULL,NULL),(35989,'stock',100000772,'location_id',17,NULL,'2023-07-31 16:01:13',100000044,100000046,NULL,NULL),(35990,'stock',100000772,'box_state_id',17,NULL,'2023-07-31 16:01:13',1,5,NULL,NULL),(35991,'stock',100000816,'location_id',10,NULL,'2023-07-31 17:01:12',100000042,100000045,NULL,NULL),(35992,'stock',100000816,'box_state_id',10,NULL,'2023-07-31 17:01:12',1,5,NULL,NULL),(35993,'stock',100000773,'location_id',31,NULL,'2023-07-31 18:01:11',100000046,100000045,NULL,NULL),(35994,'stock',100000787,'location_id',15,NULL,'2023-07-31 19:01:10',100000044,100000046,NULL,NULL),(35995,'stock',100000787,'box_state_id',15,NULL,'2023-07-31 19:01:10',1,5,NULL,NULL),(35996,'stock',100000840,'location_id',31,NULL,'2023-07-31 20:01:09',100000042,100000046,NULL,NULL),(35997,'stock',100000840,'box_state_id',31,NULL,'2023-07-31 20:01:09',1,5,NULL,NULL),(35998,'stock',100000805,'location_id',17,NULL,'2023-07-31 21:01:08',100000044,100000046,NULL,NULL),(35999,'stock',100000805,'box_state_id',17,NULL,'2023-07-31 21:01:08',1,5,NULL,NULL),(36000,'stock',100000761,'location_id',18,NULL,'2023-07-31 22:01:07',100000043,100000045,NULL,NULL),(36001,'stock',100000761,'box_state_id',18,NULL,'2023-07-31 22:01:07',1,5,NULL,NULL),(36002,'stock',100000751,'location_id',15,NULL,'2023-07-31 23:01:06',100000044,100000046,NULL,NULL),(36003,'stock',100000751,'box_state_id',15,NULL,'2023-07-31 23:01:06',1,5,NULL,NULL),(36004,'stock',100000800,'location_id',17,NULL,'2023-08-01 00:01:05',100000043,100000045,NULL,NULL),(36005,'stock',100000800,'box_state_id',17,NULL,'2023-08-01 00:01:05',1,5,NULL,NULL),(36006,'stock',100000799,'location_id',18,NULL,'2023-08-01 01:01:04',100000043,100000045,NULL,NULL),(36007,'stock',100000799,'box_state_id',18,NULL,'2023-08-01 01:01:04',1,5,NULL,NULL),(36008,'stock',100000783,'location_id',16,NULL,'2023-08-01 02:01:03',100000044,100000045,NULL,NULL),(36009,'stock',100000783,'box_state_id',16,NULL,'2023-08-01 02:01:03',1,5,NULL,NULL),(36010,'stock',100000820,'location_id',33,NULL,'2023-08-01 03:01:02',100000046,100000045,NULL,NULL),(36011,'stock',100000844,'location_id',33,NULL,'2023-08-01 04:01:01',100000042,100000046,NULL,NULL),(36012,'stock',100000844,'box_state_id',33,NULL,'2023-08-01 04:01:01',1,5,NULL,NULL),(36013,'stock',100000771,'location_id',16,NULL,'2023-08-01 05:01:00',100000043,100000045,NULL,NULL),(36014,'stock',100000771,'box_state_id',16,NULL,'2023-08-01 05:01:00',1,5,NULL,NULL),(36015,'stock',100000839,'location_id',15,NULL,'2023-08-01 07:00:58',100000044,100000046,NULL,NULL),(36016,'stock',100000839,'box_state_id',15,NULL,'2023-08-01 07:00:58',1,5,NULL,NULL),(36017,'stock',100000828,'location_id',16,NULL,'2023-08-01 09:00:56',100000043,100000045,NULL,NULL),(36018,'stock',100000828,'box_state_id',16,NULL,'2023-08-01 09:00:56',1,5,NULL,NULL),(36019,'stock',100000773,'location_id',11,NULL,'2023-08-01 10:00:55',100000045,100000046,NULL,NULL),(36020,'stock',100000792,'location_id',15,NULL,'2023-08-01 11:00:54',100000044,100000046,NULL,NULL),(36021,'stock',100000792,'box_state_id',15,NULL,'2023-08-01 11:00:54',1,5,NULL,NULL),(36022,'stock',100000782,'location_id',33,NULL,'2023-08-01 13:00:52',100000044,100000045,NULL,NULL),(36023,'stock',100000782,'box_state_id',33,NULL,'2023-08-01 13:00:52',1,5,NULL,NULL),(36024,'stock',100000767,'location_id',10,NULL,'2023-08-01 14:00:51',100000043,100000045,NULL,NULL),(36025,'stock',100000767,'box_state_id',10,NULL,'2023-08-01 14:00:51',1,5,NULL,NULL),(36026,'stock',100000800,'location_id',15,NULL,'2023-08-01 15:00:50',100000045,100000046,NULL,NULL),(36027,'stock',100000823,'location_id',17,NULL,'2023-08-01 16:00:49',100000044,100000046,NULL,NULL),(36028,'stock',100000823,'box_state_id',17,NULL,'2023-08-01 16:00:49',1,5,NULL,NULL),(36029,'stock',100000831,'location_id',31,NULL,'2023-08-01 17:00:48',100000044,100000045,NULL,NULL),(36030,'stock',100000831,'box_state_id',31,NULL,'2023-08-01 17:00:48',1,5,NULL,NULL),(36031,'stock',100000823,'product_id',17,NULL,'2023-08-01 18:00:47',1273,1292,NULL,NULL),(36032,'stock',100000823,'size_id',17,NULL,'2023-08-01 18:00:47',1,52,NULL,NULL),(36033,'stock',100000750,'product_id',10,NULL,'2023-08-01 19:00:46',1273,1258,NULL,NULL),(36034,'stock',100000750,'size_id',10,NULL,'2023-08-01 19:00:46',52,203,NULL,NULL),(36035,'stock',100000762,'product_id',16,NULL,'2023-08-01 20:00:45',1269,1278,NULL,NULL),(36036,'stock',100000762,'size_id',16,NULL,'2023-08-01 20:00:45',52,68,NULL,NULL),(36037,'stock',100000747,'product_id',16,NULL,'2023-08-01 21:00:44',1293,1311,NULL,NULL),(36038,'stock',100000747,'size_id',16,NULL,'2023-08-01 21:00:44',68,52,NULL,NULL),(36039,'stock',100000820,'product_id',17,NULL,'2023-08-01 22:00:43',1265,1282,NULL,NULL),(36040,'stock',100000820,'size_id',17,NULL,'2023-08-01 22:00:43',1,52,NULL,NULL),(36041,'stock',100000822,'product_id',33,NULL,'2023-08-01 23:00:42',1268,1280,NULL,NULL),(36042,'stock',100000822,'size_id',33,NULL,'2023-08-01 23:00:42',203,111,NULL,NULL),(36043,'stock',100000778,'product_id',18,NULL,'2023-08-02 00:00:41',1269,1304,NULL,NULL),(36044,'stock',100000778,'size_id',18,NULL,'2023-08-02 00:00:41',117,52,NULL,NULL),(36045,'stock',100000764,'product_id',18,NULL,'2023-08-02 01:00:40',1278,1297,NULL,NULL),(36046,'stock',100000764,'size_id',18,NULL,'2023-08-02 01:00:40',68,115,NULL,NULL),(36047,'stock',100000747,'product_id',16,NULL,'2023-08-02 02:00:39',1311,1267,NULL,NULL),(36048,'stock',100000747,'size_id',16,NULL,'2023-08-02 02:00:39',52,68,NULL,NULL),(36049,'stock',100000779,'product_id',17,NULL,'2023-08-02 03:00:38',1273,1267,NULL,NULL),(36050,'stock',100000779,'size_id',17,NULL,'2023-08-02 03:00:38',52,117,NULL,NULL),(36051,'stock',100000836,'product_id',18,NULL,'2023-08-02 04:00:37',1243,1252,NULL,NULL),(36052,'stock',100000836,'size_id',18,NULL,'2023-08-02 04:00:37',68,1,NULL,NULL),(36053,'stock',100000821,'product_id',31,NULL,'2023-08-02 05:00:36',1290,1258,NULL,NULL),(36054,'stock',100000821,'size_id',31,NULL,'2023-08-02 05:00:36',60,2,NULL,NULL),(36055,'stock',100000836,'product_id',31,NULL,'2023-08-02 06:00:35',1252,1251,NULL,NULL),(36056,'stock',100000836,'size_id',31,NULL,'2023-08-02 06:00:35',1,3,NULL,NULL),(36057,'stock',100000766,'product_id',10,NULL,'2023-08-02 07:00:34',1279,1289,NULL,NULL),(36058,'stock',100000766,'size_id',10,NULL,'2023-08-02 07:00:34',68,64,NULL,NULL),(36059,'stock',100000830,'product_id',16,NULL,'2023-08-02 08:00:33',1252,1285,NULL,NULL),(36060,'stock',100000830,'size_id',16,NULL,'2023-08-02 08:00:33',4,68,NULL,NULL),(36061,'stock',100000804,'product_id',31,NULL,'2023-08-02 09:00:32',1313,1287,NULL,NULL),(36062,'stock',100000804,'size_id',31,NULL,'2023-08-02 09:00:32',52,112,NULL,NULL),(36063,'stock',100000811,'product_id',16,NULL,'2023-08-02 10:00:31',1266,1308,NULL,NULL),(36064,'stock',100000811,'size_id',16,NULL,'2023-08-02 10:00:31',52,68,NULL,NULL),(36065,'stock',100000747,'product_id',16,NULL,'2023-08-02 11:00:30',1267,1243,NULL,NULL),(36066,'stock',100000747,'size_id',16,NULL,'2023-08-02 11:00:30',68,203,NULL,NULL),(36067,'stock',100000775,'product_id',17,NULL,'2023-08-02 12:00:29',1249,1282,NULL,NULL),(36068,'stock',100000775,'size_id',17,NULL,'2023-08-02 12:00:29',68,52,NULL,NULL),(36069,'stock',100000800,'product_id',17,NULL,'2023-08-02 13:00:28',1272,1266,NULL,NULL),(36070,'stock',100000800,'size_id',17,NULL,'2023-08-02 13:00:28',52,117,NULL,NULL),(36071,'stock',100000759,'product_id',33,NULL,'2023-08-02 14:00:27',1249,1250,NULL,NULL),(36072,'stock',100000759,'size_id',33,NULL,'2023-08-02 14:00:27',52,97,NULL,NULL),(36073,'stock',100000804,'product_id',15,NULL,'2023-08-02 15:00:26',1287,1288,NULL,NULL),(36074,'stock',100000804,'size_id',15,NULL,'2023-08-02 15:00:26',112,109,NULL,NULL),(36075,'stock',100000763,'product_id',33,NULL,'2023-08-02 16:00:25',1296,1280,NULL,NULL),(36076,'stock',100000763,'size_id',33,NULL,'2023-08-02 16:00:25',23,127,NULL,NULL),(36077,'stock',100000782,'product_id',18,NULL,'2023-08-02 17:00:24',1299,1284,NULL,NULL),(36078,'stock',100000803,'product_id',31,NULL,'2023-08-02 18:00:23',1293,1246,NULL,NULL),(36079,'stock',100000803,'size_id',31,NULL,'2023-08-02 18:00:23',118,52,NULL,NULL),(36080,'stock',100000752,'product_id',33,NULL,'2023-08-02 19:00:22',1274,1246,NULL,NULL),(36081,'stock',100000752,'size_id',33,NULL,'2023-08-02 19:00:22',68,71,NULL,NULL),(36082,'stock',100000750,'product_id',10,NULL,'2023-08-02 20:00:21',1258,1273,NULL,NULL),(36083,'stock',100000750,'size_id',10,NULL,'2023-08-02 20:00:21',203,52,NULL,NULL),(36084,'stock',100000747,'product_id',17,NULL,'2023-08-02 21:00:20',1243,1250,NULL,NULL),(36085,'stock',100000747,'size_id',17,NULL,'2023-08-02 21:00:20',203,5,NULL,NULL),(36086,'stock',100000787,'product_id',18,NULL,'2023-08-02 22:00:19',1256,1251,NULL,NULL),(36087,'stock',100000787,'size_id',18,NULL,'2023-08-02 22:00:19',5,71,NULL,NULL),(36088,'stock',100000772,'product_id',31,NULL,'2023-08-02 23:00:18',1312,1259,NULL,NULL),(36089,'stock',100000772,'size_id',31,NULL,'2023-08-02 23:00:18',113,2,NULL,NULL),(36090,'stock',100000764,'product_id',10,NULL,'2023-08-03 00:00:17',1297,1310,NULL,NULL),(36091,'stock',100000764,'size_id',10,NULL,'2023-08-03 00:00:17',115,71,NULL,NULL),(36092,'stock',100000831,'product_id',33,NULL,'2023-08-03 01:00:16',1278,1286,NULL,NULL),(36093,'stock',100000831,'size_id',33,NULL,'2023-08-03 01:00:16',68,139,NULL,NULL),(36094,'stock',100000797,'product_id',15,NULL,'2023-08-03 02:00:15',1253,1254,NULL,NULL),(36095,'stock',100000797,'size_id',15,NULL,'2023-08-03 02:00:15',53,5,NULL,NULL),(36096,'stock',100000803,'product_id',18,NULL,'2023-08-03 03:00:14',1246,1304,NULL,NULL),(36097,'stock',100000803,'size_id',18,NULL,'2023-08-03 03:00:14',52,113,NULL,NULL),(36098,'stock',100000807,'product_id',11,NULL,'2023-08-03 04:00:13',1299,1276,NULL,NULL),(36099,'stock',100000807,'size_id',11,NULL,'2023-08-03 04:00:13',116,68,NULL,NULL),(36100,'stock',100000816,'product_id',33,NULL,'2023-08-03 05:00:12',1313,1250,NULL,NULL),(36101,'stock',100000816,'size_id',33,NULL,'2023-08-03 05:00:12',110,4,NULL,NULL),(36102,'stock',100000766,'product_id',17,NULL,'2023-08-03 06:00:11',1289,1264,NULL,NULL),(36103,'stock',100000766,'size_id',17,NULL,'2023-08-03 06:00:11',64,117,NULL,NULL),(36104,'stock',100000770,'product_id',10,NULL,'2023-08-03 07:00:10',1244,1268,NULL,NULL),(36105,'stock',100000770,'size_id',10,NULL,'2023-08-03 07:00:10',125,68,NULL,NULL),(36106,'stock',100000751,'product_id',31,NULL,'2023-08-03 08:00:09',1278,1272,NULL,NULL),(36107,'stock',100000750,'product_id',31,NULL,'2023-08-03 09:00:08',1273,1284,NULL,NULL),(36108,'stock',100000750,'size_id',31,NULL,'2023-08-03 09:00:08',52,68,NULL,NULL),(36109,'stock',100000794,'product_id',31,NULL,'2023-08-03 10:00:07',1294,1254,NULL,NULL),(36110,'stock',100000794,'size_id',31,NULL,'2023-08-03 10:00:07',112,4,NULL,NULL),(36111,'stock',100000762,'product_id',33,NULL,'2023-08-03 11:00:06',1278,1251,NULL,NULL),(36112,'stock',100000762,'size_id',33,NULL,'2023-08-03 11:00:06',68,3,NULL,NULL),(36113,'stock',100000790,'product_id',31,NULL,'2023-08-03 12:00:05',1254,1312,NULL,NULL),(36114,'stock',100000790,'size_id',31,NULL,'2023-08-03 12:00:05',4,112,NULL,NULL),(36115,'stock',100000749,'product_id',18,NULL,'2023-08-03 13:00:04',1308,1285,NULL,NULL),(36116,'stock',100000749,'size_id',18,NULL,'2023-08-03 13:00:04',108,68,NULL,NULL),(36117,'stock',100000819,'product_id',11,NULL,'2023-08-03 14:00:03',1311,1300,NULL,NULL),(36118,'stock',100000819,'size_id',11,NULL,'2023-08-03 14:00:03',52,45,NULL,NULL),(36119,'stock',100000805,'product_id',17,NULL,'2023-08-03 15:00:02',1299,1257,NULL,NULL),(36120,'stock',100000805,'size_id',17,NULL,'2023-08-03 15:00:02',69,3,NULL,NULL),(36121,'stock',100000808,'product_id',31,NULL,'2023-08-03 16:00:01',1304,1313,NULL,NULL),(36122,'stock',100000808,'size_id',31,NULL,'2023-08-03 16:00:01',112,108,NULL,NULL),(36123,'stock',100000822,'product_id',33,NULL,'2023-08-03 17:00:00',1280,1278,NULL,NULL),(36124,'stock',100000822,'size_id',33,NULL,'2023-08-03 17:00:00',111,68,NULL,NULL),(36125,'stock',100000831,'product_id',31,NULL,'2023-08-03 17:59:59',1286,1267,NULL,NULL),(36126,'stock',100000831,'size_id',31,NULL,'2023-08-03 17:59:59',139,52,NULL,NULL),(36127,'stock',100000777,'product_id',18,NULL,'2023-08-03 18:59:58',1312,1271,NULL,NULL),(36128,'stock',100000777,'size_id',18,NULL,'2023-08-03 18:59:58',115,4,NULL,NULL),(36129,'stock',100000821,'items',16,NULL,'2023-08-03 19:59:57',113,76,NULL,NULL),(36130,'stock',100000799,'items',11,NULL,'2023-08-03 20:59:56',392,186,NULL,NULL),(36131,'stock',100000807,'items',17,NULL,'2023-08-03 21:59:55',408,508,NULL,NULL),(36132,'stock',100000772,'items',31,NULL,'2023-08-03 22:59:54',167,753,NULL,NULL),(36133,'stock',100000816,'items',10,NULL,'2023-08-03 23:59:53',710,101,NULL,NULL),(36134,'stock',100000789,'items',33,NULL,'2023-08-04 00:59:52',595,825,NULL,NULL),(36135,'stock',100000761,'items',15,NULL,'2023-08-04 01:59:51',492,618,NULL,NULL),(36136,'stock',100000799,'items',31,NULL,'2023-08-04 02:59:50',186,797,NULL,NULL),(36137,'stock',100000782,'items',18,NULL,'2023-08-04 03:59:49',165,59,NULL,NULL),(36138,'stock',100000826,'items',16,NULL,'2023-08-04 04:59:48',662,993,NULL,NULL),(36139,'stock',100000805,'items',15,NULL,'2023-08-04 05:59:47',359,156,NULL,NULL),(36140,'stock',100000787,'items',16,NULL,'2023-08-04 06:59:46',783,551,NULL,NULL),(36141,'stock',100000825,'items',10,NULL,'2023-08-04 07:59:45',604,421,NULL,NULL),(36142,'stock',100000778,'items',31,NULL,'2023-08-04 08:59:44',924,760,NULL,NULL),(36143,'stock',100000809,'items',33,NULL,'2023-08-04 09:59:43',27,725,NULL,NULL),(36144,'stock',100000800,'items',33,NULL,'2023-08-04 10:59:42',670,594,NULL,NULL),(36145,'stock',100000778,'items',11,NULL,'2023-08-04 11:59:41',760,715,NULL,NULL),(36146,'stock',100000755,'items',16,NULL,'2023-08-04 12:59:40',832,497,NULL,NULL),(36147,'stock',100000844,'items',18,NULL,'2023-08-04 13:59:39',97,387,NULL,NULL),(36148,'stock',100000781,'items',11,NULL,'2023-08-04 14:59:38',137,49,NULL,NULL),(36149,'stock',100000755,'items',15,NULL,'2023-08-04 15:59:37',497,812,NULL,NULL),(36150,'stock',100000842,'items',31,NULL,'2023-08-04 16:59:36',917,852,NULL,NULL),(36151,'stock',100000816,'items',31,NULL,'2023-08-04 17:59:35',101,602,NULL,NULL),(36152,'stock',100000822,'items',17,NULL,'2023-08-04 18:59:34',415,662,NULL,NULL),(36153,'stock',100000806,'items',16,NULL,'2023-08-04 19:59:33',593,23,NULL,NULL),(36154,'stock',100000843,'items',15,NULL,'2023-08-04 20:59:32',163,981,NULL,NULL),(36155,'stock',100000769,'items',11,NULL,'2023-08-04 21:59:31',844,278,NULL,NULL),(36156,'stock',100000755,'items',18,NULL,'2023-08-04 22:59:30',812,472,NULL,NULL),(36157,'stock',100000754,'items',33,NULL,'2023-08-04 23:59:29',114,883,NULL,NULL),(36158,'stock',100000826,'items',17,NULL,'2023-08-05 00:59:28',993,99,NULL,NULL),(36159,'stock',100000773,'items',10,NULL,'2023-08-05 01:59:27',676,433,NULL,NULL),(36160,'stock',100000759,'items',18,NULL,'2023-08-05 02:59:26',611,508,NULL,NULL),(36161,'stock',100000778,'items',15,NULL,'2023-08-05 03:59:25',715,185,NULL,NULL),(36162,'stock',100000819,'items',33,NULL,'2023-08-05 04:59:24',272,131,NULL,NULL),(36163,'stock',100000842,'items',16,NULL,'2023-08-05 05:59:23',852,348,NULL,NULL),(36164,'stock',100000770,'items',18,NULL,'2023-08-05 06:59:22',467,484,NULL,NULL),(36165,'stock',100000796,'items',18,NULL,'2023-08-05 07:59:21',385,211,NULL,NULL),(36166,'stock',100000780,'items',16,NULL,'2023-08-05 08:59:20',441,189,NULL,NULL),(36167,'stock',100000805,'items',17,NULL,'2023-08-05 09:59:19',156,341,NULL,NULL),(36168,'stock',100000792,'items',16,NULL,'2023-08-05 10:59:18',344,848,NULL,NULL),(36169,'stock',100000800,'items',18,NULL,'2023-08-05 11:59:17',594,826,NULL,NULL),(36170,'stock',100000780,'items',11,NULL,'2023-08-05 12:59:16',189,484,NULL,NULL),(36171,'stock',100000795,'items',10,NULL,'2023-08-05 13:59:15',354,570,NULL,NULL),(36172,'stock',100000803,'items',31,NULL,'2023-08-05 14:59:14',537,66,NULL,NULL),(36173,'stock',100000766,'items',11,NULL,'2023-08-05 15:59:13',322,591,NULL,NULL),(36174,'stock',100000805,'items',33,NULL,'2023-08-05 16:59:12',341,585,NULL,NULL),(36175,'stock',100000770,'items',16,NULL,'2023-08-05 17:59:11',484,614,NULL,NULL),(36176,'stock',100000844,'items',31,NULL,'2023-08-05 18:59:10',387,752,NULL,NULL),(36177,'stock',100000765,'items',18,NULL,'2023-08-05 19:59:09',327,874,NULL,NULL),(36178,'stock',100000813,'items',16,NULL,'2023-08-05 20:59:08',22,787,NULL,NULL),(36179,'stock',100000756,'comments changed from \"\" to \"Whom.\";',10,NULL,'2023-08-05 21:59:07',NULL,NULL,NULL,NULL),(36180,'stock',100000759,'comments changed from \"\" to \"Which.\";',33,NULL,'2023-08-05 22:59:06',NULL,NULL,NULL,NULL),(36181,'stock',100000788,'comments changed from \"\" to \"Stop.\";',11,NULL,'2023-08-05 23:59:05',NULL,NULL,NULL,NULL),(36182,'stock',100000774,'comments changed from \"Specific expect everybody.\" to \"Section pull.\";',16,NULL,'2023-08-06 00:59:04',NULL,NULL,NULL,NULL),(36183,'stock',100000771,'comments changed from \"Order use such car.\" to \"Democrat.\";',31,NULL,'2023-08-06 01:59:03',NULL,NULL,NULL,NULL),(36184,'stock',100000749,'comments changed from \"\" to \"Market whole.\";',11,NULL,'2023-08-06 02:59:02',NULL,NULL,NULL,NULL),(36185,'stock',100000786,'comments changed from \"\" to \"Piece until.\";',11,NULL,'2023-08-06 03:59:01',NULL,NULL,NULL,NULL),(36186,'stock',100000816,'comments changed from \"Leader their seem parent.\" to \"Bed.\";',16,NULL,'2023-08-06 04:59:00',NULL,NULL,NULL,NULL),(36187,'stock',100000767,'comments changed from \"\" to \"Middle.\";',33,NULL,'2023-08-06 05:58:59',NULL,NULL,NULL,NULL),(36188,'stock',100000833,'comments changed from \"\" to \"Hotel.\";',10,NULL,'2023-08-06 06:58:58',NULL,NULL,NULL,NULL),(36189,'stock',100000827,'comments changed from \"\" to \"Mouth.\";',31,NULL,'2023-08-06 07:58:57',NULL,NULL,NULL,NULL),(36190,'stock',100000828,'comments changed from \"\" to \"Begin.\";',11,NULL,'2023-08-06 08:58:56',NULL,NULL,NULL,NULL),(36191,'stock',100000810,'comments changed from \"Dinner economy.\" to \"Usually.\";',17,NULL,'2023-08-06 09:58:55',NULL,NULL,NULL,NULL),(36192,'stock',100000837,'comments changed from \"\" to \"Sign.\";',31,NULL,'2023-08-06 10:58:54',NULL,NULL,NULL,NULL),(36193,'stock',100000816,'comments changed from \"Bed.\" to \"Research bank.\";',31,NULL,'2023-08-06 11:58:53',NULL,NULL,NULL,NULL),(36194,'stock',100000758,'comments changed from \"\" to \"Own pay.\";',33,NULL,'2023-08-06 12:58:52',NULL,NULL,NULL,NULL),(36195,'stock',100000788,'comments changed from \"Stop.\" to \"Realize have.\";',11,NULL,'2023-08-06 13:58:51',NULL,NULL,NULL,NULL),(36196,'stock',100000755,'comments changed from \"\" to \"Although.\";',18,NULL,'2023-08-06 14:58:50',NULL,NULL,NULL,NULL),(36197,'stock',100000841,'comments changed from \"\" to \"Start plan.\";',31,NULL,'2023-08-06 15:58:49',NULL,NULL,NULL,NULL),(36198,'stock',100000824,'comments changed from \"\" to \"Person begin.\";',31,NULL,'2023-08-06 16:58:48',NULL,NULL,NULL,NULL),(36199,'stock',100000825,'comments changed from \"About contain.\" to \"Tree article.\";',17,NULL,'2023-08-06 17:58:47',NULL,NULL,NULL,NULL),(36200,'stock',100000824,'comments changed from \"Person begin.\" to \"Behind price.\";',16,NULL,'2023-08-06 18:58:46',NULL,NULL,NULL,NULL),(36201,'stock',100000786,'comments changed from \"Piece until.\" to \"Against fast.\";',11,NULL,'2023-08-06 19:58:45',NULL,NULL,NULL,NULL),(36202,'stock',100000836,'comments changed from \"Must rest.\" to \"Sell.\";',18,NULL,'2023-08-06 20:58:44',NULL,NULL,NULL,NULL),(36203,'stock',100000747,'comments changed from \"\" to \"Computer matter.\";',11,NULL,'2023-08-06 21:58:43',NULL,NULL,NULL,NULL),(36204,'stock',100000834,'comments changed from \"Dog film painting.\" to \"Because parent.\";',31,NULL,'2023-08-06 22:58:42',NULL,NULL,NULL,NULL),(36205,'stock',100000755,'comments changed from \"Although.\" to \"Decision.\";',33,NULL,'2023-08-06 23:58:41',NULL,NULL,NULL,NULL),(36206,'stock',100000761,'comments changed from \"\" to \"Never.\";',15,NULL,'2023-08-07 00:58:40',NULL,NULL,NULL,NULL),(36207,'stock',100000836,'comments changed from \"Sell.\" to \"Star.\";',18,NULL,'2023-08-07 01:58:39',NULL,NULL,NULL,NULL),(36208,'stock',100000841,'comments changed from \"Start plan.\" to \"World even.\";',15,NULL,'2023-08-07 02:58:38',NULL,NULL,NULL,NULL),(36209,'stock',100000748,'comments changed from \"\" to \"Hear.\";',11,NULL,'2023-08-07 03:58:37',NULL,NULL,NULL,NULL),(36210,'stock',100000808,'comments changed from \"\" to \"General compare.\";',17,NULL,'2023-08-07 04:58:36',NULL,NULL,NULL,NULL),(36211,'stock',100000766,'comments changed from \"\" to \"Turn.\";',17,NULL,'2023-08-07 05:58:35',NULL,NULL,NULL,NULL),(36212,'stock',100000760,'comments changed from \"\" to \"Business.\";',33,NULL,'2023-08-07 06:58:34',NULL,NULL,NULL,NULL),(36213,'stock',100000825,'comments changed from \"Tree article.\" to \"Or.\";',16,NULL,'2023-08-07 07:58:33',NULL,NULL,NULL,NULL),(36214,'stock',100000778,'comments changed from \"Cultural ever foot.\" to \"Stock.\";',16,NULL,'2023-08-07 08:58:32',NULL,NULL,NULL,NULL),(36215,'stock',100000792,'comments changed from \"\" to \"Arrive.\";',15,NULL,'2023-08-07 09:58:31',NULL,NULL,NULL,NULL),(36216,'stock',100000789,'comments changed from \"\" to \"Exist prepare.\";',16,NULL,'2023-08-07 10:58:30',NULL,NULL,NULL,NULL),(36217,'stock',100000846,'comments changed from \"Lay.\" to \"Most.\";',18,NULL,'2023-08-07 11:58:29',NULL,NULL,NULL,NULL),(36218,'stock',100000763,'comments changed from \"From look.\" to \"Air program.\";',18,NULL,'2023-08-07 12:58:28',NULL,NULL,NULL,NULL),(36219,'stock',100000774,'comments changed from \"Section pull.\" to \"Star.\";',17,NULL,'2023-08-07 13:58:27',NULL,NULL,NULL,NULL),(36220,'stock',100000846,'comments changed from \"Most.\" to \"Tough.\";',33,NULL,'2023-08-07 14:58:26',NULL,NULL,NULL,NULL),(36221,'stock',100000808,'comments changed from \"General compare.\" to \"Pressure others.\";',17,NULL,'2023-08-07 15:58:25',NULL,NULL,NULL,NULL),(36222,'stock',100000814,'comments changed from \"\" to \"Store.\";',11,NULL,'2023-08-07 16:58:24',NULL,NULL,NULL,NULL),(36223,'stock',100000831,'comments changed from \"\" to \"Ok.\";',31,NULL,'2023-08-07 17:58:23',NULL,NULL,NULL,NULL),(36224,'stock',100000757,'comments changed from \"\" to \"Suffer.\";',33,NULL,'2023-08-07 18:58:22',NULL,NULL,NULL,NULL),(36225,'stock',100000831,'comments changed from \"Ok.\" to \"Determine group.\";',33,NULL,'2023-08-07 19:58:21',NULL,NULL,NULL,NULL),(36226,'stock',100000837,'comments changed from \"Sign.\" to \"Up speech.\";',31,NULL,'2023-08-07 20:58:20',NULL,NULL,NULL,NULL),(36227,'stock',100000763,'comments changed from \"Air program.\" to \"Program Congress.\";',18,NULL,'2023-08-07 21:58:19',NULL,NULL,NULL,NULL),(36228,'stock',100000835,'comments changed from \"\" to \"Occur.\";',10,NULL,'2023-08-07 22:58:18',NULL,NULL,NULL,NULL),(36229,'stock',100000847,'Record created',34,NULL,'2023-08-10 01:57:27',NULL,NULL,NULL,NULL),(36230,'stock',100000848,'Record created',34,NULL,'2023-08-10 02:57:26',NULL,NULL,NULL,NULL),(36231,'stock',100000849,'Record created',16,NULL,'2023-08-10 03:57:25',NULL,NULL,NULL,NULL),(36232,'stock',100000850,'Record created',10,NULL,'2023-08-10 04:57:24',NULL,NULL,NULL,NULL),(36233,'stock',100000851,'Record created',32,NULL,'2023-08-10 05:57:23',NULL,NULL,NULL,NULL),(36234,'stock',100000852,'Record created',34,NULL,'2023-08-10 06:57:22',NULL,NULL,NULL,NULL),(36235,'stock',100000853,'Record created',18,NULL,'2023-08-10 07:57:21',NULL,NULL,NULL,NULL),(36236,'stock',100000854,'Record created',12,NULL,'2023-08-10 08:57:20',NULL,NULL,NULL,NULL),(36237,'stock',100000855,'Record created',32,NULL,'2023-08-10 09:57:19',NULL,NULL,NULL,NULL),(36238,'stock',100000856,'Record created',32,NULL,'2023-08-10 10:57:18',NULL,NULL,NULL,NULL),(36239,'stock',100000857,'Record created',18,NULL,'2023-08-10 11:57:17',NULL,NULL,NULL,NULL),(36240,'stock',100000858,'Record created',10,NULL,'2023-08-10 12:57:16',NULL,NULL,NULL,NULL),(36241,'stock',100000859,'Record created',34,NULL,'2023-08-10 13:57:15',NULL,NULL,NULL,NULL),(36242,'stock',100000860,'Record created',34,NULL,'2023-08-10 14:57:14',NULL,NULL,NULL,NULL),(36243,'stock',100000861,'Record created',16,NULL,'2023-08-10 15:57:13',NULL,NULL,NULL,NULL),(36244,'stock',100000862,'Record created',32,NULL,'2023-08-10 16:57:12',NULL,NULL,NULL,NULL),(36245,'stock',100000863,'Record created',15,NULL,'2023-08-10 17:57:11',NULL,NULL,NULL,NULL),(36246,'stock',100000864,'Record created',17,NULL,'2023-08-10 18:57:10',NULL,NULL,NULL,NULL),(36247,'stock',100000865,'Record created',16,NULL,'2023-08-10 19:57:09',NULL,NULL,NULL,NULL),(36248,'stock',100000866,'Record created',18,NULL,'2023-08-10 20:57:08',NULL,NULL,NULL,NULL),(36249,'stock',100000867,'Record created',32,NULL,'2023-08-10 21:57:07',NULL,NULL,NULL,NULL),(36250,'stock',100000868,'Record created',10,NULL,'2023-08-10 22:57:06',NULL,NULL,NULL,NULL),(36251,'stock',100000869,'Record created',34,NULL,'2023-08-10 23:57:05',NULL,NULL,NULL,NULL),(36252,'stock',100000870,'Record created',16,NULL,'2023-08-11 00:57:04',NULL,NULL,NULL,NULL),(36253,'stock',100000871,'Record created',17,NULL,'2023-08-11 01:57:03',NULL,NULL,NULL,NULL),(36254,'stock',100000872,'Record created',34,NULL,'2023-08-11 02:57:02',NULL,NULL,NULL,NULL),(36255,'stock',100000873,'Record created',12,NULL,'2023-08-11 03:57:01',NULL,NULL,NULL,NULL),(36256,'stock',100000874,'Record created',34,NULL,'2023-08-11 04:57:00',NULL,NULL,NULL,NULL),(36257,'stock',100000875,'Record created',17,NULL,'2023-08-11 05:56:59',NULL,NULL,NULL,NULL),(36258,'stock',100000876,'Record created',18,NULL,'2023-08-11 06:56:58',NULL,NULL,NULL,NULL),(36259,'stock',100000877,'Record created',10,NULL,'2023-08-11 07:56:57',NULL,NULL,NULL,NULL),(36260,'stock',100000878,'Record created',15,NULL,'2023-08-11 08:56:56',NULL,NULL,NULL,NULL),(36261,'stock',100000879,'Record created',32,NULL,'2023-08-11 09:56:55',NULL,NULL,NULL,NULL),(36262,'stock',100000880,'Record created',15,NULL,'2023-08-11 10:56:54',NULL,NULL,NULL,NULL),(36263,'stock',100000881,'Record created',18,NULL,'2023-08-11 11:56:53',NULL,NULL,NULL,NULL),(36264,'stock',100000882,'Record created',17,NULL,'2023-08-11 12:56:52',NULL,NULL,NULL,NULL),(36265,'stock',100000883,'Record created',16,NULL,'2023-08-11 13:56:51',NULL,NULL,NULL,NULL),(36266,'stock',100000884,'Record created',16,NULL,'2023-08-11 14:56:50',NULL,NULL,NULL,NULL),(36267,'stock',100000885,'Record created',15,NULL,'2023-08-11 15:56:49',NULL,NULL,NULL,NULL),(36268,'stock',100000886,'Record created',32,NULL,'2023-08-11 16:56:48',NULL,NULL,NULL,NULL),(36269,'stock',100000887,'Record created',12,NULL,'2023-08-11 17:56:47',NULL,NULL,NULL,NULL),(36270,'stock',100000888,'Record created',18,NULL,'2023-08-11 18:56:46',NULL,NULL,NULL,NULL),(36271,'stock',100000889,'Record created',34,NULL,'2023-08-11 19:56:45',NULL,NULL,NULL,NULL),(36272,'stock',100000890,'Record created',15,NULL,'2023-08-11 20:56:44',NULL,NULL,NULL,NULL),(36273,'stock',100000891,'Record created',18,NULL,'2023-08-11 21:56:43',NULL,NULL,NULL,NULL),(36274,'stock',100000892,'Record created',18,NULL,'2023-08-11 22:56:42',NULL,NULL,NULL,NULL),(36275,'stock',100000893,'Record created',12,NULL,'2023-08-11 23:56:41',NULL,NULL,NULL,NULL),(36276,'stock',100000894,'Record created',12,NULL,'2023-08-12 00:56:40',NULL,NULL,NULL,NULL),(36277,'stock',100000895,'Record created',17,NULL,'2023-08-12 01:56:39',NULL,NULL,NULL,NULL),(36278,'stock',100000896,'Record created',15,NULL,'2023-08-12 02:56:38',NULL,NULL,NULL,NULL),(36279,'stock',100000897,'Record created',34,NULL,'2023-08-12 03:56:37',NULL,NULL,NULL,NULL),(36280,'stock',100000898,'Record created',12,NULL,'2023-08-12 04:56:36',NULL,NULL,NULL,NULL),(36281,'stock',100000899,'Record created',32,NULL,'2023-08-12 05:56:35',NULL,NULL,NULL,NULL),(36282,'stock',100000900,'Record created',12,NULL,'2023-08-12 06:56:34',NULL,NULL,NULL,NULL),(36283,'stock',100000901,'Record created',32,NULL,'2023-08-12 07:56:33',NULL,NULL,NULL,NULL),(36284,'stock',100000902,'Record created',34,NULL,'2023-08-12 08:56:32',NULL,NULL,NULL,NULL),(36285,'stock',100000903,'Record created',15,NULL,'2023-08-12 09:56:31',NULL,NULL,NULL,NULL),(36286,'stock',100000904,'Record created',15,NULL,'2023-08-12 10:56:30',NULL,NULL,NULL,NULL),(36287,'stock',100000905,'Record created',16,NULL,'2023-08-12 11:56:29',NULL,NULL,NULL,NULL),(36288,'stock',100000906,'Record created',10,NULL,'2023-08-12 12:56:28',NULL,NULL,NULL,NULL),(36289,'stock',100000907,'Record created',15,NULL,'2023-08-12 13:56:27',NULL,NULL,NULL,NULL),(36290,'stock',100000908,'Record created',17,NULL,'2023-08-12 14:56:26',NULL,NULL,NULL,NULL),(36291,'stock',100000909,'Record created',16,NULL,'2023-08-12 15:56:25',NULL,NULL,NULL,NULL),(36292,'stock',100000910,'Record created',34,NULL,'2023-08-12 16:56:24',NULL,NULL,NULL,NULL),(36293,'stock',100000911,'Record created',10,NULL,'2023-08-12 17:56:23',NULL,NULL,NULL,NULL),(36294,'stock',100000912,'Record created',10,NULL,'2023-08-12 18:56:22',NULL,NULL,NULL,NULL),(36295,'stock',100000913,'Record created',32,NULL,'2023-08-12 19:56:21',NULL,NULL,NULL,NULL),(36296,'stock',100000914,'Record created',12,NULL,'2023-08-12 20:56:20',NULL,NULL,NULL,NULL),(36297,'stock',100000915,'Record created',17,NULL,'2023-08-12 21:56:19',NULL,NULL,NULL,NULL),(36298,'stock',100000916,'Record created',18,NULL,'2023-08-12 22:56:18',NULL,NULL,NULL,NULL),(36299,'stock',100000917,'Record created',10,NULL,'2023-08-12 23:56:17',NULL,NULL,NULL,NULL),(36300,'stock',100000918,'Record created',34,NULL,'2023-08-13 00:56:16',NULL,NULL,NULL,NULL),(36301,'stock',100000919,'Record created',15,NULL,'2023-08-13 01:56:15',NULL,NULL,NULL,NULL),(36302,'stock',100000920,'Record created',10,NULL,'2023-08-13 02:56:14',NULL,NULL,NULL,NULL),(36303,'stock',100000921,'Record created',12,NULL,'2023-08-13 03:56:13',NULL,NULL,NULL,NULL),(36304,'stock',100000922,'Record created',15,NULL,'2023-08-13 04:56:12',NULL,NULL,NULL,NULL),(36305,'stock',100000923,'Record created',16,NULL,'2023-08-13 05:56:11',NULL,NULL,NULL,NULL),(36306,'stock',100000924,'Record created',18,NULL,'2023-08-13 06:56:10',NULL,NULL,NULL,NULL),(36307,'stock',100000925,'Record created',32,NULL,'2023-08-13 07:56:09',NULL,NULL,NULL,NULL),(36308,'stock',100000926,'Record created',34,NULL,'2023-08-13 08:56:08',NULL,NULL,NULL,NULL),(36309,'stock',100000927,'Record created',17,NULL,'2023-08-13 09:56:07',NULL,NULL,NULL,NULL),(36310,'stock',100000928,'Record created',17,NULL,'2023-08-13 10:56:06',NULL,NULL,NULL,NULL),(36311,'stock',100000929,'Record created',12,NULL,'2023-08-13 11:56:05',NULL,NULL,NULL,NULL),(36312,'stock',100000930,'Record created',16,NULL,'2023-08-13 12:56:04',NULL,NULL,NULL,NULL),(36313,'stock',100000931,'Record created',12,NULL,'2023-08-13 13:56:03',NULL,NULL,NULL,NULL),(36314,'stock',100000932,'Record created',16,NULL,'2023-08-13 14:56:02',NULL,NULL,NULL,NULL),(36315,'stock',100000933,'Record created',17,NULL,'2023-08-13 15:56:01',NULL,NULL,NULL,NULL),(36316,'stock',100000934,'Record created',10,NULL,'2023-08-13 16:56:00',NULL,NULL,NULL,NULL),(36317,'stock',100000935,'Record created',10,NULL,'2023-08-13 17:55:59',NULL,NULL,NULL,NULL),(36318,'stock',100000936,'Record created',12,NULL,'2023-08-13 18:55:58',NULL,NULL,NULL,NULL),(36319,'stock',100000937,'Record created',17,NULL,'2023-08-13 19:55:57',NULL,NULL,NULL,NULL),(36320,'stock',100000938,'Record created',10,NULL,'2023-08-13 20:55:56',NULL,NULL,NULL,NULL),(36321,'stock',100000939,'Record created',10,NULL,'2023-08-13 21:55:55',NULL,NULL,NULL,NULL),(36322,'stock',100000940,'Record created',32,NULL,'2023-08-13 22:55:54',NULL,NULL,NULL,NULL),(36323,'stock',100000941,'Record created',12,NULL,'2023-08-13 23:55:53',NULL,NULL,NULL,NULL),(36324,'stock',100000942,'Record created',32,NULL,'2023-08-14 00:55:52',NULL,NULL,NULL,NULL),(36325,'stock',100000943,'Record created',15,NULL,'2023-08-14 01:55:51',NULL,NULL,NULL,NULL),(36326,'stock',100000944,'Record created',18,NULL,'2023-08-14 02:55:50',NULL,NULL,NULL,NULL),(36327,'stock',100000945,'Record created',16,NULL,'2023-08-14 03:55:49',NULL,NULL,NULL,NULL),(36328,'stock',100000946,'Record created',15,NULL,'2023-08-14 04:55:48',NULL,NULL,NULL,NULL),(36329,'stock',100000946,'location_id',34,NULL,'2023-08-14 05:55:47',100000050,100000051,NULL,NULL),(36330,'stock',100000946,'box_state_id',34,NULL,'2023-08-14 05:55:47',1,5,NULL,NULL),(36331,'stock',100000874,'location_id',34,NULL,'2023-08-14 06:55:46',100000048,100000052,NULL,NULL),(36332,'stock',100000874,'box_state_id',34,NULL,'2023-08-14 06:55:46',1,5,NULL,NULL),(36333,'stock',100000858,'location_id',16,NULL,'2023-08-14 07:55:45',100000049,100000052,NULL,NULL),(36334,'stock',100000858,'box_state_id',16,NULL,'2023-08-14 07:55:45',1,5,NULL,NULL),(36335,'stock',100000893,'location_id',34,NULL,'2023-08-14 08:55:44',100000048,100000051,NULL,NULL),(36336,'stock',100000893,'box_state_id',34,NULL,'2023-08-14 08:55:44',1,5,NULL,NULL),(36337,'stock',100000864,'location_id',32,NULL,'2023-08-14 09:55:43',100000050,100000052,NULL,NULL),(36338,'stock',100000864,'box_state_id',32,NULL,'2023-08-14 09:55:43',1,5,NULL,NULL),(36339,'stock',100000865,'location_id',17,NULL,'2023-08-14 10:55:42',100000048,100000052,NULL,NULL),(36340,'stock',100000865,'box_state_id',17,NULL,'2023-08-14 10:55:42',1,5,NULL,NULL),(36341,'stock',100000922,'location_id',16,NULL,'2023-08-14 11:55:41',100000048,100000052,NULL,NULL),(36342,'stock',100000922,'box_state_id',16,NULL,'2023-08-14 11:55:41',1,5,NULL,NULL),(36343,'stock',100000871,'location_id',15,NULL,'2023-08-14 12:55:40',100000049,100000051,NULL,NULL),(36344,'stock',100000871,'box_state_id',15,NULL,'2023-08-14 12:55:40',1,5,NULL,NULL),(36345,'stock',100000880,'location_id',16,NULL,'2023-08-14 13:55:39',100000049,100000052,NULL,NULL),(36346,'stock',100000880,'box_state_id',16,NULL,'2023-08-14 13:55:39',1,5,NULL,NULL),(36347,'stock',100000883,'location_id',17,NULL,'2023-08-14 14:55:38',100000049,100000052,NULL,NULL),(36348,'stock',100000883,'box_state_id',17,NULL,'2023-08-14 14:55:38',1,5,NULL,NULL),(36349,'stock',100000880,'location_id',17,NULL,'2023-08-14 15:55:37',100000052,100000051,NULL,NULL),(36350,'stock',100000924,'location_id',12,NULL,'2023-08-14 16:55:36',100000050,100000052,NULL,NULL),(36351,'stock',100000924,'box_state_id',12,NULL,'2023-08-14 16:55:36',1,5,NULL,NULL),(36352,'stock',100000875,'location_id',34,NULL,'2023-08-14 17:55:35',100000048,100000052,NULL,NULL),(36353,'stock',100000875,'box_state_id',34,NULL,'2023-08-14 17:55:35',1,5,NULL,NULL),(36354,'stock',100000942,'location_id',16,NULL,'2023-08-14 18:55:34',100000050,100000051,NULL,NULL),(36355,'stock',100000942,'box_state_id',16,NULL,'2023-08-14 18:55:34',1,5,NULL,NULL),(36356,'stock',100000916,'location_id',32,NULL,'2023-08-14 19:55:33',100000049,100000051,NULL,NULL),(36357,'stock',100000916,'box_state_id',32,NULL,'2023-08-14 19:55:33',1,5,NULL,NULL),(36358,'stock',100000929,'location_id',34,NULL,'2023-08-14 21:55:31',100000048,100000051,NULL,NULL),(36359,'stock',100000929,'box_state_id',34,NULL,'2023-08-14 21:55:31',1,5,NULL,NULL),(36360,'stock',100000932,'location_id',18,NULL,'2023-08-14 22:55:30',100000049,100000052,NULL,NULL),(36361,'stock',100000932,'box_state_id',18,NULL,'2023-08-14 22:55:30',1,5,NULL,NULL),(36362,'stock',100000894,'location_id',10,NULL,'2023-08-14 23:55:29',100000048,100000051,NULL,NULL),(36363,'stock',100000894,'box_state_id',10,NULL,'2023-08-14 23:55:29',1,5,NULL,NULL),(36364,'stock',100000888,'location_id',32,NULL,'2023-08-15 00:55:28',100000048,100000052,NULL,NULL),(36365,'stock',100000888,'box_state_id',32,NULL,'2023-08-15 00:55:28',1,5,NULL,NULL),(36366,'stock',100000878,'location_id',16,NULL,'2023-08-15 01:55:27',100000048,100000052,NULL,NULL),(36367,'stock',100000878,'box_state_id',16,NULL,'2023-08-15 01:55:27',1,5,NULL,NULL),(36368,'stock',100000937,'location_id',16,NULL,'2023-08-15 02:55:26',100000050,100000052,NULL,NULL),(36369,'stock',100000937,'box_state_id',16,NULL,'2023-08-15 02:55:26',1,5,NULL,NULL),(36370,'stock',100000930,'location_id',10,NULL,'2023-08-15 03:55:25',100000048,100000051,NULL,NULL),(36371,'stock',100000930,'box_state_id',10,NULL,'2023-08-15 03:55:25',1,5,NULL,NULL),(36372,'stock',100000934,'location_id',12,NULL,'2023-08-15 04:55:24',100000050,100000052,NULL,NULL),(36373,'stock',100000934,'box_state_id',12,NULL,'2023-08-15 04:55:24',1,5,NULL,NULL),(36374,'stock',100000861,'location_id',12,NULL,'2023-08-15 05:55:23',100000049,100000052,NULL,NULL),(36375,'stock',100000861,'box_state_id',12,NULL,'2023-08-15 05:55:23',1,5,NULL,NULL),(36376,'stock',100000932,'location_id',17,NULL,'2023-08-15 06:55:22',100000052,100000051,NULL,NULL),(36377,'stock',100000916,'location_id',18,NULL,'2023-08-15 07:55:21',100000051,100000052,NULL,NULL),(36378,'stock',100000879,'location_id',12,NULL,'2023-08-15 09:55:19',100000048,100000051,NULL,NULL),(36379,'stock',100000879,'box_state_id',12,NULL,'2023-08-15 09:55:19',1,5,NULL,NULL),(36380,'stock',100000900,'location_id',10,NULL,'2023-08-15 10:55:18',100000050,100000052,NULL,NULL),(36381,'stock',100000900,'box_state_id',10,NULL,'2023-08-15 10:55:18',1,5,NULL,NULL),(36382,'stock',100000858,'location_id',16,NULL,'2023-08-15 11:55:17',100000052,100000051,NULL,NULL),(36383,'stock',100000943,'location_id',10,NULL,'2023-08-15 12:55:16',100000050,100000052,NULL,NULL),(36384,'stock',100000943,'box_state_id',10,NULL,'2023-08-15 12:55:16',1,5,NULL,NULL),(36385,'stock',100000872,'location_id',12,NULL,'2023-08-15 13:55:15',100000050,100000051,NULL,NULL),(36386,'stock',100000872,'box_state_id',12,NULL,'2023-08-15 13:55:15',1,5,NULL,NULL),(36387,'stock',100000929,'location_id',18,NULL,'2023-08-15 14:55:14',100000051,100000052,NULL,NULL),(36388,'stock',100000934,'location_id',16,NULL,'2023-08-15 15:55:13',100000052,100000051,NULL,NULL),(36389,'stock',100000934,'location_id',18,NULL,'2023-08-15 16:55:12',100000051,100000052,NULL,NULL),(36390,'stock',100000918,'location_id',17,NULL,'2023-08-15 17:55:11',100000048,100000051,NULL,NULL),(36391,'stock',100000918,'box_state_id',17,NULL,'2023-08-15 17:55:11',1,5,NULL,NULL),(36392,'stock',100000884,'location_id',10,NULL,'2023-08-15 18:55:10',100000048,100000052,NULL,NULL),(36393,'stock',100000884,'box_state_id',10,NULL,'2023-08-15 18:55:10',1,5,NULL,NULL),(36394,'stock',100000917,'location_id',17,NULL,'2023-08-15 19:55:09',100000050,100000052,NULL,NULL),(36395,'stock',100000917,'box_state_id',17,NULL,'2023-08-15 19:55:09',1,5,NULL,NULL),(36396,'stock',100000861,'location_id',16,NULL,'2023-08-15 21:55:07',100000052,100000051,NULL,NULL),(36397,'stock',100000913,'location_id',34,NULL,'2023-08-15 22:55:06',100000048,100000052,NULL,NULL),(36398,'stock',100000913,'box_state_id',34,NULL,'2023-08-15 22:55:06',1,5,NULL,NULL),(36399,'stock',100000856,'location_id',10,NULL,'2023-08-15 23:55:05',100000049,100000051,NULL,NULL),(36400,'stock',100000856,'box_state_id',10,NULL,'2023-08-15 23:55:05',1,5,NULL,NULL),(36401,'stock',100000945,'location_id',34,NULL,'2023-08-16 01:55:03',100000048,100000051,NULL,NULL),(36402,'stock',100000945,'box_state_id',34,NULL,'2023-08-16 01:55:03',1,5,NULL,NULL),(36403,'stock',100000893,'location_id',10,NULL,'2023-08-16 03:55:01',100000051,100000052,NULL,NULL),(36404,'stock',100000927,'location_id',18,NULL,'2023-08-16 04:55:00',100000048,100000051,NULL,NULL),(36405,'stock',100000927,'box_state_id',18,NULL,'2023-08-16 04:55:00',1,5,NULL,NULL),(36406,'stock',100000910,'location_id',17,NULL,'2023-08-16 06:54:58',100000048,100000052,NULL,NULL),(36407,'stock',100000910,'box_state_id',17,NULL,'2023-08-16 06:54:58',1,5,NULL,NULL),(36408,'stock',100000925,'product_id',34,NULL,'2023-08-16 07:54:57',1376,1342,NULL,NULL),(36409,'stock',100000925,'size_id',34,NULL,'2023-08-16 07:54:57',4,52,NULL,NULL),(36410,'stock',100000935,'product_id',10,NULL,'2023-08-16 08:54:56',1322,1381,NULL,NULL),(36411,'stock',100000935,'size_id',10,NULL,'2023-08-16 08:54:56',3,116,NULL,NULL),(36412,'stock',100000938,'product_id',32,NULL,'2023-08-16 09:54:55',1389,1335,NULL,NULL),(36413,'stock',100000938,'size_id',32,NULL,'2023-08-16 09:54:55',52,5,NULL,NULL),(36414,'stock',100000871,'product_id',17,NULL,'2023-08-16 10:54:54',1362,1388,NULL,NULL),(36415,'stock',100000871,'size_id',17,NULL,'2023-08-16 10:54:54',139,109,NULL,NULL),(36416,'stock',100000877,'product_id',10,NULL,'2023-08-16 11:54:53',1366,1324,NULL,NULL),(36417,'stock',100000877,'size_id',10,NULL,'2023-08-16 11:54:53',21,52,NULL,NULL),(36418,'stock',100000919,'product_id',18,NULL,'2023-08-16 12:54:52',1380,1347,NULL,NULL),(36419,'stock',100000919,'size_id',18,NULL,'2023-08-16 12:54:52',1,52,NULL,NULL),(36420,'stock',100000849,'product_id',18,NULL,'2023-08-16 13:54:51',1321,1351,NULL,NULL),(36421,'stock',100000849,'size_id',18,NULL,'2023-08-16 13:54:51',52,68,NULL,NULL),(36422,'stock',100000852,'product_id',16,NULL,'2023-08-16 14:54:50',1326,1348,NULL,NULL),(36423,'stock',100000852,'size_id',16,NULL,'2023-08-16 14:54:50',203,124,NULL,NULL),(36424,'stock',100000912,'product_id',12,NULL,'2023-08-16 15:54:49',1339,1358,NULL,NULL),(36425,'stock',100000912,'size_id',12,NULL,'2023-08-16 15:54:49',118,52,NULL,NULL),(36426,'stock',100000905,'product_id',12,NULL,'2023-08-16 16:54:48',1381,1379,NULL,NULL),(36427,'stock',100000905,'size_id',12,NULL,'2023-08-16 16:54:48',68,2,NULL,NULL),(36428,'stock',100000924,'product_id',32,NULL,'2023-08-16 17:54:47',1387,1327,NULL,NULL),(36429,'stock',100000924,'size_id',32,NULL,'2023-08-16 17:54:47',114,1,NULL,NULL),(36430,'stock',100000917,'product_id',16,NULL,'2023-08-16 18:54:46',1340,1336,NULL,NULL),(36431,'stock',100000917,'size_id',16,NULL,'2023-08-16 18:54:46',68,5,NULL,NULL),(36432,'stock',100000881,'product_id',17,NULL,'2023-08-16 19:54:45',1318,1342,NULL,NULL),(36433,'stock',100000881,'size_id',17,NULL,'2023-08-16 19:54:45',71,68,NULL,NULL),(36434,'stock',100000853,'product_id',32,NULL,'2023-08-16 20:54:44',1358,1325,NULL,NULL),(36435,'stock',100000864,'product_id',15,NULL,'2023-08-16 21:54:43',1363,1343,NULL,NULL),(36436,'stock',100000864,'size_id',15,NULL,'2023-08-16 21:54:43',139,45,NULL,NULL),(36437,'stock',100000896,'product_id',32,NULL,'2023-08-16 22:54:42',1320,1376,NULL,NULL),(36438,'stock',100000896,'size_id',32,NULL,'2023-08-16 22:54:42',1,124,NULL,NULL),(36439,'stock',100000850,'product_id',12,NULL,'2023-08-16 23:54:41',1371,1377,NULL,NULL),(36440,'stock',100000850,'size_id',12,NULL,'2023-08-16 23:54:41',52,3,NULL,NULL),(36441,'stock',100000858,'product_id',10,NULL,'2023-08-17 00:54:40',1353,1377,NULL,NULL),(36442,'stock',100000858,'size_id',10,NULL,'2023-08-17 00:54:40',68,125,NULL,NULL),(36443,'stock',100000855,'product_id',10,NULL,'2023-08-17 01:54:39',1346,1384,NULL,NULL),(36444,'stock',100000917,'product_id',10,NULL,'2023-08-17 02:54:38',1336,1356,NULL,NULL),(36445,'stock',100000917,'size_id',10,NULL,'2023-08-17 02:54:38',5,127,NULL,NULL),(36446,'stock',100000932,'product_id',18,NULL,'2023-08-17 03:54:37',1379,1332,NULL,NULL),(36447,'stock',100000915,'product_id',18,NULL,'2023-08-17 04:54:36',1384,1341,NULL,NULL),(36448,'stock',100000915,'size_id',18,NULL,'2023-08-17 04:54:36',52,68,NULL,NULL),(36449,'stock',100000900,'product_id',32,NULL,'2023-08-17 05:54:35',1318,1365,NULL,NULL),(36450,'stock',100000900,'size_id',32,NULL,'2023-08-17 05:54:35',68,29,NULL,NULL),(36451,'stock',100000856,'product_id',32,NULL,'2023-08-17 06:54:34',1375,1328,NULL,NULL),(36452,'stock',100000856,'size_id',32,NULL,'2023-08-17 06:54:34',52,203,NULL,NULL),(36453,'stock',100000861,'product_id',17,NULL,'2023-08-17 07:54:33',1390,1332,NULL,NULL),(36454,'stock',100000861,'size_id',17,NULL,'2023-08-17 07:54:33',52,125,NULL,NULL),(36455,'stock',100000910,'product_id',34,NULL,'2023-08-17 08:54:32',1323,1353,NULL,NULL),(36456,'stock',100000910,'size_id',34,NULL,'2023-08-17 08:54:32',52,68,NULL,NULL),(36457,'stock',100000857,'product_id',15,NULL,'2023-08-17 09:54:31',1389,1379,NULL,NULL),(36458,'stock',100000857,'size_id',15,NULL,'2023-08-17 09:54:31',113,4,NULL,NULL),(36459,'stock',100000862,'product_id',10,NULL,'2023-08-17 10:54:30',1356,1358,NULL,NULL),(36460,'stock',100000862,'size_id',10,NULL,'2023-08-17 10:54:30',110,68,NULL,NULL),(36461,'stock',100000872,'product_id',15,NULL,'2023-08-17 11:54:29',1392,1389,NULL,NULL),(36462,'stock',100000872,'size_id',15,NULL,'2023-08-17 11:54:29',51,126,NULL,NULL),(36463,'stock',100000932,'product_id',16,NULL,'2023-08-17 12:54:28',1332,1331,NULL,NULL),(36464,'stock',100000932,'size_id',16,NULL,'2023-08-17 12:54:28',1,125,NULL,NULL),(36465,'stock',100000887,'product_id',10,NULL,'2023-08-17 13:54:27',1334,1392,NULL,NULL),(36466,'stock',100000887,'size_id',10,NULL,'2023-08-17 13:54:27',5,24,NULL,NULL),(36467,'stock',100000921,'product_id',15,NULL,'2023-08-17 14:54:26',1326,1381,NULL,NULL),(36468,'stock',100000921,'size_id',15,NULL,'2023-08-17 14:54:26',1,68,NULL,NULL),(36469,'stock',100000903,'product_id',16,NULL,'2023-08-17 15:54:25',1330,1352,NULL,NULL),(36470,'stock',100000903,'size_id',16,NULL,'2023-08-17 15:54:25',4,68,NULL,NULL),(36471,'stock',100000925,'product_id',32,NULL,'2023-08-17 16:54:24',1342,1349,NULL,NULL),(36472,'stock',100000936,'product_id',18,NULL,'2023-08-17 17:54:23',1347,1346,NULL,NULL),(36473,'stock',100000936,'size_id',18,NULL,'2023-08-17 17:54:23',4,3,NULL,NULL),(36474,'stock',100000870,'product_id',10,NULL,'2023-08-17 18:54:22',1335,1328,NULL,NULL),(36475,'stock',100000877,'product_id',34,NULL,'2023-08-17 19:54:21',1324,1344,NULL,NULL),(36476,'stock',100000914,'product_id',17,NULL,'2023-08-17 20:54:20',1337,1352,NULL,NULL),(36477,'stock',100000914,'size_id',17,NULL,'2023-08-17 20:54:20',203,68,NULL,NULL),(36478,'stock',100000893,'product_id',12,NULL,'2023-08-17 21:54:19',1367,1344,NULL,NULL),(36479,'stock',100000893,'size_id',12,NULL,'2023-08-17 21:54:19',56,4,NULL,NULL),(36480,'stock',100000940,'product_id',16,NULL,'2023-08-17 22:54:18',1356,1376,NULL,NULL),(36481,'stock',100000940,'size_id',16,NULL,'2023-08-17 22:54:18',113,5,NULL,NULL),(36482,'stock',100000907,'product_id',32,NULL,'2023-08-17 23:54:17',1336,1350,NULL,NULL),(36483,'stock',100000907,'size_id',32,NULL,'2023-08-17 23:54:17',5,68,NULL,NULL),(36484,'stock',100000936,'product_id',12,NULL,'2023-08-18 00:54:16',1346,1322,NULL,NULL),(36485,'stock',100000936,'size_id',12,NULL,'2023-08-18 00:54:16',3,124,NULL,NULL),(36486,'stock',100000937,'product_id',34,NULL,'2023-08-18 01:54:15',1328,1374,NULL,NULL),(36487,'stock',100000937,'size_id',34,NULL,'2023-08-18 01:54:15',71,3,NULL,NULL),(36488,'stock',100000943,'product_id',12,NULL,'2023-08-18 02:54:14',1387,1334,NULL,NULL),(36489,'stock',100000943,'size_id',12,NULL,'2023-08-18 02:54:14',113,1,NULL,NULL),(36490,'stock',100000867,'product_id',12,NULL,'2023-08-18 03:54:13',1359,1325,NULL,NULL),(36491,'stock',100000867,'size_id',12,NULL,'2023-08-18 03:54:13',68,52,NULL,NULL),(36492,'stock',100000865,'product_id',15,NULL,'2023-08-18 04:54:12',1390,1363,NULL,NULL),(36493,'stock',100000865,'size_id',15,NULL,'2023-08-18 04:54:12',109,114,NULL,NULL),(36494,'stock',100000869,'product_id',34,NULL,'2023-08-18 05:54:11',1382,1344,NULL,NULL),(36495,'stock',100000869,'size_id',34,NULL,'2023-08-18 05:54:11',129,52,NULL,NULL),(36496,'stock',100000863,'product_id',17,NULL,'2023-08-18 06:54:10',1362,1329,NULL,NULL),(36497,'stock',100000863,'size_id',17,NULL,'2023-08-18 06:54:10',138,4,NULL,NULL),(36498,'stock',100000941,'product_id',10,NULL,'2023-08-18 07:54:09',1319,1333,NULL,NULL),(36499,'stock',100000941,'size_id',10,NULL,'2023-08-18 07:54:09',124,5,NULL,NULL),(36500,'stock',100000941,'product_id',12,NULL,'2023-08-18 08:54:08',1333,1331,NULL,NULL),(36501,'stock',100000941,'size_id',12,NULL,'2023-08-18 08:54:08',5,71,NULL,NULL),(36502,'stock',100000906,'items',12,NULL,'2023-08-18 09:54:07',797,198,NULL,NULL),(36503,'stock',100000921,'items',18,NULL,'2023-08-18 10:54:06',235,790,NULL,NULL),(36504,'stock',100000881,'items',16,NULL,'2023-08-18 11:54:05',860,421,NULL,NULL),(36505,'stock',100000848,'items',17,NULL,'2023-08-18 12:54:04',63,608,NULL,NULL),(36506,'stock',100000867,'items',34,NULL,'2023-08-18 13:54:03',93,116,NULL,NULL),(36507,'stock',100000858,'items',12,NULL,'2023-08-18 14:54:02',839,609,NULL,NULL),(36508,'stock',100000854,'items',18,NULL,'2023-08-18 15:54:01',843,227,NULL,NULL),(36509,'stock',100000931,'items',34,NULL,'2023-08-18 16:54:00',60,181,NULL,NULL),(36510,'stock',100000926,'items',17,NULL,'2023-08-18 17:53:59',259,689,NULL,NULL),(36511,'stock',100000930,'items',17,NULL,'2023-08-18 18:53:58',642,356,NULL,NULL),(36512,'stock',100000868,'items',18,NULL,'2023-08-18 19:53:57',609,667,NULL,NULL),(36513,'stock',100000850,'items',17,NULL,'2023-08-18 20:53:56',141,30,NULL,NULL),(36514,'stock',100000866,'items',17,NULL,'2023-08-18 21:53:55',107,530,NULL,NULL),(36515,'stock',100000884,'items',12,NULL,'2023-08-18 22:53:54',559,111,NULL,NULL),(36516,'stock',100000915,'items',15,NULL,'2023-08-18 23:53:53',534,872,NULL,NULL),(36517,'stock',100000890,'items',34,NULL,'2023-08-19 00:53:52',993,767,NULL,NULL),(36518,'stock',100000853,'items',15,NULL,'2023-08-19 01:53:51',491,55,NULL,NULL),(36519,'stock',100000872,'items',17,NULL,'2023-08-19 02:53:50',992,207,NULL,NULL),(36520,'stock',100000877,'items',12,NULL,'2023-08-19 03:53:49',536,164,NULL,NULL),(36521,'stock',100000857,'items',32,NULL,'2023-08-19 04:53:48',441,568,NULL,NULL),(36522,'stock',100000860,'items',17,NULL,'2023-08-19 05:53:47',144,703,NULL,NULL),(36523,'stock',100000894,'items',32,NULL,'2023-08-19 06:53:46',792,959,NULL,NULL),(36524,'stock',100000886,'items',12,NULL,'2023-08-19 07:53:45',431,779,NULL,NULL),(36525,'stock',100000902,'items',18,NULL,'2023-08-19 08:53:44',415,573,NULL,NULL),(36526,'stock',100000925,'items',15,NULL,'2023-08-19 09:53:43',14,694,NULL,NULL),(36527,'stock',100000866,'items',32,NULL,'2023-08-19 10:53:42',530,143,NULL,NULL),(36528,'stock',100000856,'items',32,NULL,'2023-08-19 11:53:41',544,50,NULL,NULL),(36529,'stock',100000861,'items',15,NULL,'2023-08-19 12:53:40',327,202,NULL,NULL),(36530,'stock',100000904,'items',12,NULL,'2023-08-19 13:53:39',217,753,NULL,NULL),(36531,'stock',100000934,'items',34,NULL,'2023-08-19 14:53:38',637,897,NULL,NULL),(36532,'stock',100000932,'items',18,NULL,'2023-08-19 15:53:37',8,516,NULL,NULL),(36533,'stock',100000909,'items',12,NULL,'2023-08-19 16:53:36',745,286,NULL,NULL),(36534,'stock',100000897,'items',16,NULL,'2023-08-19 17:53:35',462,121,NULL,NULL),(36535,'stock',100000925,'items',18,NULL,'2023-08-19 18:53:34',694,66,NULL,NULL),(36536,'stock',100000890,'items',12,NULL,'2023-08-19 19:53:33',767,124,NULL,NULL),(36537,'stock',100000924,'items',17,NULL,'2023-08-19 20:53:32',928,680,NULL,NULL),(36538,'stock',100000852,'items',32,NULL,'2023-08-19 21:53:31',635,872,NULL,NULL),(36539,'stock',100000850,'items',15,NULL,'2023-08-19 22:53:30',30,994,NULL,NULL),(36540,'stock',100000943,'items',12,NULL,'2023-08-19 23:53:29',780,16,NULL,NULL),(36541,'stock',100000896,'items',16,NULL,'2023-08-20 00:53:28',361,10,NULL,NULL),(36542,'stock',100000888,'items',16,NULL,'2023-08-20 01:53:27',393,205,NULL,NULL),(36543,'stock',100000872,'items',15,NULL,'2023-08-20 02:53:26',207,656,NULL,NULL),(36544,'stock',100000868,'items',32,NULL,'2023-08-20 03:53:25',667,285,NULL,NULL),(36545,'stock',100000871,'items',17,NULL,'2023-08-20 04:53:24',734,643,NULL,NULL),(36546,'stock',100000855,'items',32,NULL,'2023-08-20 05:53:23',308,117,NULL,NULL),(36547,'stock',100000858,'items',10,NULL,'2023-08-20 06:53:22',609,649,NULL,NULL),(36548,'stock',100000919,'items',16,NULL,'2023-08-20 07:53:21',115,619,NULL,NULL),(36549,'stock',100000894,'items',15,NULL,'2023-08-20 08:53:20',959,205,NULL,NULL),(36550,'stock',100000858,'items',15,NULL,'2023-08-20 09:53:19',649,725,NULL,NULL),(36551,'stock',100000939,'items',34,NULL,'2023-08-20 10:53:18',894,945,NULL,NULL),(36552,'stock',100000849,'comments changed from \"\" to \"Listen sing.\";',17,NULL,'2023-08-20 11:53:17',NULL,NULL,NULL,NULL),(36553,'stock',100000927,'comments changed from \"\" to \"To.\";',12,NULL,'2023-08-20 12:53:16',NULL,NULL,NULL,NULL),(36554,'stock',100000919,'comments changed from \"\" to \"Employee.\";',32,NULL,'2023-08-20 13:53:15',NULL,NULL,NULL,NULL),(36555,'stock',100000935,'comments changed from \"\" to \"Room want.\";',16,NULL,'2023-08-20 14:53:14',NULL,NULL,NULL,NULL),(36556,'stock',100000946,'comments changed from \"\" to \"Name.\";',34,NULL,'2023-08-20 15:53:13',NULL,NULL,NULL,NULL),(36557,'stock',100000912,'comments changed from \"\" to \"Particular.\";',16,NULL,'2023-08-20 16:53:12',NULL,NULL,NULL,NULL),(36558,'stock',100000908,'comments changed from \"\" to \"Skin turn.\";',12,NULL,'2023-08-20 17:53:11',NULL,NULL,NULL,NULL),(36559,'stock',100000917,'comments changed from \"\" to \"Information.\";',15,NULL,'2023-08-20 18:53:10',NULL,NULL,NULL,NULL),(36560,'stock',100000944,'comments changed from \"\" to \"Bar.\";',15,NULL,'2023-08-20 19:53:09',NULL,NULL,NULL,NULL),(36561,'stock',100000931,'comments changed from \"\" to \"Call least.\";',10,NULL,'2023-08-20 20:53:08',NULL,NULL,NULL,NULL),(36562,'stock',100000869,'comments changed from \"\" to \"Cup.\";',18,NULL,'2023-08-20 21:53:07',NULL,NULL,NULL,NULL),(36563,'stock',100000876,'comments changed from \"\" to \"Poor cost.\";',10,NULL,'2023-08-20 22:53:06',NULL,NULL,NULL,NULL),(36564,'stock',100000855,'comments changed from \"\" to \"Draw.\";',32,NULL,'2023-08-20 23:53:05',NULL,NULL,NULL,NULL),(36565,'stock',100000924,'comments changed from \"\" to \"Third finally.\";',15,NULL,'2023-08-21 00:53:04',NULL,NULL,NULL,NULL),(36566,'stock',100000909,'comments changed from \"\" to \"She street.\";',12,NULL,'2023-08-21 01:53:03',NULL,NULL,NULL,NULL),(36567,'stock',100000929,'comments changed from \"\" to \"Foot beautiful.\";',18,NULL,'2023-08-21 02:53:02',NULL,NULL,NULL,NULL),(36568,'stock',100000929,'comments changed from \"Foot beautiful.\" to \"Oil.\";',12,NULL,'2023-08-21 03:53:01',NULL,NULL,NULL,NULL),(36569,'stock',100000855,'comments changed from \"Draw.\" to \"What.\";',10,NULL,'2023-08-21 04:53:00',NULL,NULL,NULL,NULL),(36570,'stock',100000945,'comments changed from \"Series early standard.\" to \"Society.\";',12,NULL,'2023-08-21 05:52:59',NULL,NULL,NULL,NULL),(36571,'stock',100000872,'comments changed from \"\" to \"Dark during.\";',17,NULL,'2023-08-21 06:52:58',NULL,NULL,NULL,NULL),(36572,'stock',100000886,'comments changed from \"Woman class majority.\" to \"West I.\";',12,NULL,'2023-08-21 07:52:57',NULL,NULL,NULL,NULL),(36573,'stock',100000847,'comments changed from \"\" to \"Anything.\";',16,NULL,'2023-08-21 08:52:56',NULL,NULL,NULL,NULL),(36574,'stock',100000890,'comments changed from \"\" to \"Imagine another.\";',32,NULL,'2023-08-21 09:52:55',NULL,NULL,NULL,NULL),(36575,'stock',100000937,'comments changed from \"Go song would.\" to \"Alone.\";',15,NULL,'2023-08-21 10:52:54',NULL,NULL,NULL,NULL),(36576,'stock',100000878,'comments changed from \"\" to \"Thus performance.\";',10,NULL,'2023-08-21 11:52:53',NULL,NULL,NULL,NULL),(36577,'stock',100000913,'comments changed from \"\" to \"Machine.\";',16,NULL,'2023-08-21 12:52:52',NULL,NULL,NULL,NULL),(36578,'stock',100000923,'comments changed from \"\" to \"Month decision.\";',32,NULL,'2023-08-21 13:52:51',NULL,NULL,NULL,NULL),(36579,'stock',100000855,'comments changed from \"What.\" to \"Participant.\";',17,NULL,'2023-08-21 14:52:50',NULL,NULL,NULL,NULL),(36580,'stock',100000876,'comments changed from \"Poor cost.\" to \"Bag science.\";',12,NULL,'2023-08-21 15:52:49',NULL,NULL,NULL,NULL),(36581,'stock',100000914,'comments changed from \"\" to \"Nature guess.\";',18,NULL,'2023-08-21 16:52:48',NULL,NULL,NULL,NULL),(36582,'stock',100000893,'comments changed from \"\" to \"By.\";',34,NULL,'2023-08-21 17:52:47',NULL,NULL,NULL,NULL),(36583,'stock',100000921,'comments changed from \"\" to \"Rock.\";',34,NULL,'2023-08-21 18:52:46',NULL,NULL,NULL,NULL),(36584,'stock',100000934,'comments changed from \"\" to \"Daughter.\";',34,NULL,'2023-08-21 19:52:45',NULL,NULL,NULL,NULL),(36585,'stock',100000943,'comments changed from \"\" to \"Attention.\";',34,NULL,'2023-08-21 20:52:44',NULL,NULL,NULL,NULL),(36586,'stock',100000880,'comments changed from \"Toward defense run.\" to \"Behind.\";',12,NULL,'2023-08-21 21:52:43',NULL,NULL,NULL,NULL),(36587,'stock',100000875,'comments changed from \"\" to \"Relationship whose.\";',34,NULL,'2023-08-21 22:52:42',NULL,NULL,NULL,NULL),(36588,'stock',100000911,'comments changed from \"\" to \"Culture.\";',32,NULL,'2023-08-21 23:52:41',NULL,NULL,NULL,NULL),(36589,'stock',100000943,'comments changed from \"Attention.\" to \"Summer likely.\";',15,NULL,'2023-08-22 00:52:40',NULL,NULL,NULL,NULL),(36590,'stock',100000898,'comments changed from \"\" to \"Across.\";',32,NULL,'2023-08-22 01:52:39',NULL,NULL,NULL,NULL),(36591,'stock',100000934,'comments changed from \"Daughter.\" to \"Billion bring.\";',32,NULL,'2023-08-22 02:52:38',NULL,NULL,NULL,NULL),(36592,'stock',100000881,'comments changed from \"\" to \"Action.\";',10,NULL,'2023-08-22 03:52:37',NULL,NULL,NULL,NULL),(36593,'stock',100000873,'comments changed from \"\" to \"Professional then.\";',16,NULL,'2023-08-22 04:52:36',NULL,NULL,NULL,NULL),(36594,'stock',100000899,'comments changed from \"\" to \"Meet.\";',12,NULL,'2023-08-22 05:52:35',NULL,NULL,NULL,NULL),(36595,'stock',100000899,'comments changed from \"Meet.\" to \"Throughout certainly.\";',18,NULL,'2023-08-22 06:52:34',NULL,NULL,NULL,NULL),(36596,'stock',100000881,'comments changed from \"Action.\" to \"Main.\";',32,NULL,'2023-08-22 07:52:33',NULL,NULL,NULL,NULL),(36597,'stock',100000925,'comments changed from \"\" to \"Share.\";',15,NULL,'2023-08-22 08:52:32',NULL,NULL,NULL,NULL),(36598,'stock',100000853,'comments changed from \"\" to \"Gas.\";',12,NULL,'2023-08-22 09:52:31',NULL,NULL,NULL,NULL),(36599,'stock',100000909,'comments changed from \"She street.\" to \"Bad put.\";',12,NULL,'2023-08-22 10:52:30',NULL,NULL,NULL,NULL),(36600,'stock',100000867,'comments changed from \"\" to \"Record hand.\";',12,NULL,'2023-08-22 11:52:29',NULL,NULL,NULL,NULL),(36601,'stock',100000853,'comments changed from \"Gas.\" to \"Have other.\";',32,NULL,'2023-08-22 12:52:28',NULL,NULL,NULL,NULL),(36602,'stock',100000947,'Record created',37,NULL,'2023-08-24 15:51:37',NULL,NULL,NULL,NULL),(36603,'stock',100000948,'Record created',38,NULL,'2023-08-24 16:51:36',NULL,NULL,NULL,NULL),(36604,'stock',100000949,'Record created',19,NULL,'2023-08-24 17:51:35',NULL,NULL,NULL,NULL),(36605,'stock',100000950,'Record created',10,NULL,'2023-08-24 18:51:34',NULL,NULL,NULL,NULL),(36606,'stock',100000951,'Record created',38,NULL,'2023-08-24 19:51:33',NULL,NULL,NULL,NULL),(36607,'stock',100000952,'Record created',39,NULL,'2023-08-24 20:51:32',NULL,NULL,NULL,NULL),(36608,'stock',100000953,'Record created',39,NULL,'2023-08-24 21:51:31',NULL,NULL,NULL,NULL),(36609,'stock',100000954,'Record created',10,NULL,'2023-08-24 22:51:30',NULL,NULL,NULL,NULL),(36610,'stock',100000955,'Record created',20,NULL,'2023-08-24 23:51:29',NULL,NULL,NULL,NULL),(36611,'stock',100000956,'Record created',10,NULL,'2023-08-25 00:51:28',NULL,NULL,NULL,NULL),(36612,'stock',100000957,'Record created',37,NULL,'2023-08-25 01:51:27',NULL,NULL,NULL,NULL),(36613,'stock',100000958,'Record created',40,NULL,'2023-08-25 02:51:26',NULL,NULL,NULL,NULL),(36614,'stock',100000959,'Record created',18,NULL,'2023-08-25 03:51:25',NULL,NULL,NULL,NULL),(36615,'stock',100000960,'Record created',38,NULL,'2023-08-25 04:51:24',NULL,NULL,NULL,NULL),(36616,'stock',100000961,'Record created',18,NULL,'2023-08-25 05:51:23',NULL,NULL,NULL,NULL),(36617,'stock',100000962,'Record created',38,NULL,'2023-08-25 06:51:22',NULL,NULL,NULL,NULL),(36618,'stock',100000963,'Record created',20,NULL,'2023-08-25 07:51:21',NULL,NULL,NULL,NULL),(36619,'stock',100000964,'Record created',38,NULL,'2023-08-25 08:51:20',NULL,NULL,NULL,NULL),(36620,'stock',100000965,'Record created',10,NULL,'2023-08-25 09:51:19',NULL,NULL,NULL,NULL),(36621,'stock',100000966,'Record created',39,NULL,'2023-08-25 10:51:18',NULL,NULL,NULL,NULL),(36622,'stock',100000967,'Record created',40,NULL,'2023-08-25 11:51:17',NULL,NULL,NULL,NULL),(36623,'stock',100000968,'Record created',19,NULL,'2023-08-25 12:51:16',NULL,NULL,NULL,NULL),(36624,'stock',100000969,'Record created',40,NULL,'2023-08-25 13:51:15',NULL,NULL,NULL,NULL),(36625,'stock',100000970,'Record created',18,NULL,'2023-08-25 14:51:14',NULL,NULL,NULL,NULL),(36626,'stock',100000971,'Record created',40,NULL,'2023-08-25 15:51:13',NULL,NULL,NULL,NULL),(36627,'stock',100000972,'Record created',39,NULL,'2023-08-25 16:51:12',NULL,NULL,NULL,NULL),(36628,'stock',100000973,'Record created',39,NULL,'2023-08-25 17:51:11',NULL,NULL,NULL,NULL),(36629,'stock',100000974,'Record created',20,NULL,'2023-08-25 18:51:10',NULL,NULL,NULL,NULL),(36630,'stock',100000975,'Record created',37,NULL,'2023-08-25 19:51:09',NULL,NULL,NULL,NULL),(36631,'stock',100000976,'Record created',41,NULL,'2023-08-25 20:51:08',NULL,NULL,NULL,NULL),(36632,'stock',100000977,'Record created',37,NULL,'2023-08-25 21:51:07',NULL,NULL,NULL,NULL),(36633,'stock',100000978,'Record created',10,NULL,'2023-08-25 22:51:06',NULL,NULL,NULL,NULL),(36634,'stock',100000979,'Record created',18,NULL,'2023-08-25 23:51:05',NULL,NULL,NULL,NULL),(36635,'stock',100000980,'Record created',38,NULL,'2023-08-26 00:51:04',NULL,NULL,NULL,NULL),(36636,'stock',100000981,'Record created',18,NULL,'2023-08-26 01:51:03',NULL,NULL,NULL,NULL),(36637,'stock',100000982,'Record created',37,NULL,'2023-08-26 02:51:02',NULL,NULL,NULL,NULL),(36638,'stock',100000983,'Record created',20,NULL,'2023-08-26 03:51:01',NULL,NULL,NULL,NULL),(36639,'stock',100000984,'Record created',40,NULL,'2023-08-26 04:51:00',NULL,NULL,NULL,NULL),(36640,'stock',100000985,'Record created',10,NULL,'2023-08-26 05:50:59',NULL,NULL,NULL,NULL),(36641,'stock',100000986,'Record created',41,NULL,'2023-08-26 06:50:58',NULL,NULL,NULL,NULL),(36642,'stock',100000987,'Record created',39,NULL,'2023-08-26 07:50:57',NULL,NULL,NULL,NULL),(36643,'stock',100000988,'Record created',38,NULL,'2023-08-26 08:50:56',NULL,NULL,NULL,NULL),(36644,'stock',100000989,'Record created',38,NULL,'2023-08-26 09:50:55',NULL,NULL,NULL,NULL),(36645,'stock',100000990,'Record created',38,NULL,'2023-08-26 10:50:54',NULL,NULL,NULL,NULL),(36646,'stock',100000991,'Record created',19,NULL,'2023-08-26 11:50:53',NULL,NULL,NULL,NULL),(36647,'stock',100000992,'Record created',41,NULL,'2023-08-26 12:50:52',NULL,NULL,NULL,NULL),(36648,'stock',100000993,'Record created',20,NULL,'2023-08-26 13:50:51',NULL,NULL,NULL,NULL),(36649,'stock',100000994,'Record created',20,NULL,'2023-08-26 14:50:50',NULL,NULL,NULL,NULL),(36650,'stock',100000995,'Record created',39,NULL,'2023-08-26 15:50:49',NULL,NULL,NULL,NULL),(36651,'stock',100000996,'Record created',19,NULL,'2023-08-26 16:50:48',NULL,NULL,NULL,NULL),(36652,'stock',100000997,'Record created',41,NULL,'2023-08-26 17:50:47',NULL,NULL,NULL,NULL),(36653,'stock',100000998,'Record created',39,NULL,'2023-08-26 18:50:46',NULL,NULL,NULL,NULL),(36654,'stock',100000999,'Record created',20,NULL,'2023-08-26 19:50:45',NULL,NULL,NULL,NULL),(36655,'stock',100001000,'Record created',41,NULL,'2023-08-26 20:50:44',NULL,NULL,NULL,NULL),(36656,'stock',100001001,'Record created',19,NULL,'2023-08-26 21:50:43',NULL,NULL,NULL,NULL),(36657,'stock',100001002,'Record created',18,NULL,'2023-08-26 22:50:42',NULL,NULL,NULL,NULL),(36658,'stock',100001003,'Record created',39,NULL,'2023-08-26 23:50:41',NULL,NULL,NULL,NULL),(36659,'stock',100001004,'Record created',38,NULL,'2023-08-27 00:50:40',NULL,NULL,NULL,NULL),(36660,'stock',100001005,'Record created',41,NULL,'2023-08-27 01:50:39',NULL,NULL,NULL,NULL),(36661,'stock',100001006,'Record created',39,NULL,'2023-08-27 02:50:38',NULL,NULL,NULL,NULL),(36662,'stock',100001007,'Record created',40,NULL,'2023-08-27 03:50:37',NULL,NULL,NULL,NULL),(36663,'stock',100001008,'Record created',20,NULL,'2023-08-27 04:50:36',NULL,NULL,NULL,NULL),(36664,'stock',100001009,'Record created',38,NULL,'2023-08-27 05:50:35',NULL,NULL,NULL,NULL),(36665,'stock',100001010,'Record created',20,NULL,'2023-08-27 06:50:34',NULL,NULL,NULL,NULL),(36666,'stock',100001011,'Record created',40,NULL,'2023-08-27 07:50:33',NULL,NULL,NULL,NULL),(36667,'stock',100001012,'Record created',10,NULL,'2023-08-27 08:50:32',NULL,NULL,NULL,NULL),(36668,'stock',100001013,'Record created',20,NULL,'2023-08-27 09:50:31',NULL,NULL,NULL,NULL),(36669,'stock',100001014,'Record created',39,NULL,'2023-08-27 10:50:30',NULL,NULL,NULL,NULL),(36670,'stock',100001015,'Record created',10,NULL,'2023-08-27 11:50:29',NULL,NULL,NULL,NULL),(36671,'stock',100001016,'Record created',41,NULL,'2023-08-27 12:50:28',NULL,NULL,NULL,NULL),(36672,'stock',100001017,'Record created',37,NULL,'2023-08-27 13:50:27',NULL,NULL,NULL,NULL),(36673,'stock',100001018,'Record created',38,NULL,'2023-08-27 14:50:26',NULL,NULL,NULL,NULL),(36674,'stock',100001019,'Record created',39,NULL,'2023-08-27 15:50:25',NULL,NULL,NULL,NULL),(36675,'stock',100001020,'Record created',19,NULL,'2023-08-27 16:50:24',NULL,NULL,NULL,NULL),(36676,'stock',100001021,'Record created',37,NULL,'2023-08-27 17:50:23',NULL,NULL,NULL,NULL),(36677,'stock',100001022,'Record created',40,NULL,'2023-08-27 18:50:22',NULL,NULL,NULL,NULL),(36678,'stock',100001023,'Record created',40,NULL,'2023-08-27 19:50:21',NULL,NULL,NULL,NULL),(36679,'stock',100001024,'Record created',20,NULL,'2023-08-27 20:50:20',NULL,NULL,NULL,NULL),(36680,'stock',100001025,'Record created',38,NULL,'2023-08-27 21:50:19',NULL,NULL,NULL,NULL),(36681,'stock',100001026,'Record created',40,NULL,'2023-08-27 22:50:18',NULL,NULL,NULL,NULL),(36682,'stock',100001027,'Record created',37,NULL,'2023-08-27 23:50:17',NULL,NULL,NULL,NULL),(36683,'stock',100001028,'Record created',18,NULL,'2023-08-28 00:50:16',NULL,NULL,NULL,NULL),(36684,'stock',100001029,'Record created',40,NULL,'2023-08-28 01:50:15',NULL,NULL,NULL,NULL),(36685,'stock',100001030,'Record created',37,NULL,'2023-08-28 02:50:14',NULL,NULL,NULL,NULL),(36686,'stock',100001031,'Record created',20,NULL,'2023-08-28 03:50:13',NULL,NULL,NULL,NULL),(36687,'stock',100001032,'Record created',40,NULL,'2023-08-28 04:50:12',NULL,NULL,NULL,NULL),(36688,'stock',100001033,'Record created',37,NULL,'2023-08-28 05:50:11',NULL,NULL,NULL,NULL),(36689,'stock',100001034,'Record created',41,NULL,'2023-08-28 06:50:10',NULL,NULL,NULL,NULL),(36690,'stock',100001035,'Record created',38,NULL,'2023-08-28 07:50:09',NULL,NULL,NULL,NULL),(36691,'stock',100001036,'Record created',20,NULL,'2023-08-28 08:50:08',NULL,NULL,NULL,NULL),(36692,'stock',100001037,'Record created',19,NULL,'2023-08-28 09:50:07',NULL,NULL,NULL,NULL),(36693,'stock',100001038,'Record created',10,NULL,'2023-08-28 10:50:06',NULL,NULL,NULL,NULL),(36694,'stock',100001039,'Record created',18,NULL,'2023-08-28 11:50:05',NULL,NULL,NULL,NULL),(36695,'stock',100001040,'Record created',10,NULL,'2023-08-28 12:50:04',NULL,NULL,NULL,NULL),(36696,'stock',100001041,'Record created',19,NULL,'2023-08-28 13:50:03',NULL,NULL,NULL,NULL),(36697,'stock',100001042,'Record created',38,NULL,'2023-08-28 14:50:02',NULL,NULL,NULL,NULL),(36698,'stock',100001043,'Record created',19,NULL,'2023-08-28 15:50:01',NULL,NULL,NULL,NULL),(36699,'stock',100001044,'Record created',38,NULL,'2023-08-28 16:50:00',NULL,NULL,NULL,NULL),(36700,'stock',100001045,'Record created',20,NULL,'2023-08-28 17:49:59',NULL,NULL,NULL,NULL),(36701,'stock',100001046,'Record created',37,NULL,'2023-08-28 18:49:58',NULL,NULL,NULL,NULL),(36702,'stock',100001028,'location_id',39,NULL,'2023-08-28 19:49:57',100000054,100000058,NULL,NULL),(36703,'stock',100001028,'box_state_id',39,NULL,'2023-08-28 19:49:57',1,5,NULL,NULL),(36704,'stock',100001022,'location_id',37,NULL,'2023-08-28 20:49:56',100000055,100000058,NULL,NULL),(36705,'stock',100001022,'box_state_id',37,NULL,'2023-08-28 20:49:56',1,5,NULL,NULL),(36706,'stock',100001015,'location_id',39,NULL,'2023-08-28 21:49:55',100000054,100000058,NULL,NULL),(36707,'stock',100001015,'box_state_id',39,NULL,'2023-08-28 21:49:55',1,5,NULL,NULL),(36708,'stock',100001016,'location_id',41,NULL,'2023-08-28 22:49:54',100000055,100000057,NULL,NULL),(36709,'stock',100001016,'box_state_id',41,NULL,'2023-08-28 22:49:54',1,5,NULL,NULL),(36710,'stock',100000982,'location_id',39,NULL,'2023-08-28 23:49:53',100000054,100000057,NULL,NULL),(36711,'stock',100000982,'box_state_id',39,NULL,'2023-08-28 23:49:53',1,5,NULL,NULL),(36712,'stock',100000992,'location_id',18,NULL,'2023-08-29 00:49:52',100000054,100000058,NULL,NULL),(36713,'stock',100000992,'box_state_id',18,NULL,'2023-08-29 00:49:52',1,5,NULL,NULL),(36714,'stock',100001046,'location_id',37,NULL,'2023-08-29 01:49:51',100000054,100000057,NULL,NULL),(36715,'stock',100001046,'box_state_id',37,NULL,'2023-08-29 01:49:51',1,5,NULL,NULL),(36716,'stock',100001039,'location_id',38,NULL,'2023-08-29 02:49:50',100000054,100000058,NULL,NULL),(36717,'stock',100001039,'box_state_id',38,NULL,'2023-08-29 02:49:50',1,5,NULL,NULL),(36718,'stock',100001017,'location_id',10,NULL,'2023-08-29 03:49:49',100000056,100000058,NULL,NULL),(36719,'stock',100001017,'box_state_id',10,NULL,'2023-08-29 03:49:49',1,5,NULL,NULL),(36720,'stock',100000966,'location_id',20,NULL,'2023-08-29 04:49:48',100000056,100000057,NULL,NULL),(36721,'stock',100000966,'box_state_id',20,NULL,'2023-08-29 04:49:48',1,5,NULL,NULL),(36722,'stock',100000969,'location_id',18,NULL,'2023-08-29 05:49:47',100000055,100000058,NULL,NULL),(36723,'stock',100000969,'box_state_id',18,NULL,'2023-08-29 05:49:47',1,5,NULL,NULL),(36724,'stock',100000958,'location_id',20,NULL,'2023-08-29 07:49:45',100000055,100000057,NULL,NULL),(36725,'stock',100000958,'box_state_id',20,NULL,'2023-08-29 07:49:45',1,5,NULL,NULL),(36726,'stock',100001019,'location_id',19,NULL,'2023-08-29 08:49:44',100000056,100000058,NULL,NULL),(36727,'stock',100001019,'box_state_id',19,NULL,'2023-08-29 08:49:44',1,5,NULL,NULL),(36728,'stock',100000996,'location_id',39,NULL,'2023-08-29 09:49:43',100000055,100000058,NULL,NULL),(36729,'stock',100000996,'box_state_id',39,NULL,'2023-08-29 09:49:43',1,5,NULL,NULL),(36730,'stock',100001025,'location_id',18,NULL,'2023-08-29 10:49:42',100000056,100000058,NULL,NULL),(36731,'stock',100001025,'box_state_id',18,NULL,'2023-08-29 10:49:42',1,5,NULL,NULL),(36732,'stock',100000986,'location_id',40,NULL,'2023-08-29 11:49:41',100000055,100000057,NULL,NULL),(36733,'stock',100000986,'box_state_id',40,NULL,'2023-08-29 11:49:41',1,5,NULL,NULL),(36734,'stock',100000968,'location_id',20,NULL,'2023-08-29 12:49:40',100000055,100000058,NULL,NULL),(36735,'stock',100000968,'box_state_id',20,NULL,'2023-08-29 12:49:40',1,5,NULL,NULL),(36736,'stock',100001026,'location_id',37,NULL,'2023-08-29 13:49:39',100000054,100000058,NULL,NULL),(36737,'stock',100001026,'box_state_id',37,NULL,'2023-08-29 13:49:39',1,5,NULL,NULL),(36738,'stock',100000993,'location_id',39,NULL,'2023-08-29 14:49:38',100000054,100000057,NULL,NULL),(36739,'stock',100000993,'box_state_id',39,NULL,'2023-08-29 14:49:38',1,5,NULL,NULL),(36740,'stock',100000956,'location_id',37,NULL,'2023-08-29 15:49:37',100000054,100000058,NULL,NULL),(36741,'stock',100000956,'box_state_id',37,NULL,'2023-08-29 15:49:37',1,5,NULL,NULL),(36742,'stock',100000983,'location_id',41,NULL,'2023-08-29 16:49:36',100000054,100000058,NULL,NULL),(36743,'stock',100000983,'box_state_id',41,NULL,'2023-08-29 16:49:36',1,5,NULL,NULL),(36744,'stock',100000975,'location_id',39,NULL,'2023-08-29 17:49:35',100000055,100000057,NULL,NULL),(36745,'stock',100000975,'box_state_id',39,NULL,'2023-08-29 17:49:35',1,5,NULL,NULL),(36746,'stock',100001014,'location_id',40,NULL,'2023-08-29 18:49:34',100000056,100000058,NULL,NULL),(36747,'stock',100001014,'box_state_id',40,NULL,'2023-08-29 18:49:34',1,5,NULL,NULL),(36748,'stock',100000958,'location_id',19,NULL,'2023-08-29 19:49:33',100000057,100000058,NULL,NULL),(36749,'stock',100000999,'location_id',37,NULL,'2023-08-29 20:49:32',100000056,100000058,NULL,NULL),(36750,'stock',100000999,'box_state_id',37,NULL,'2023-08-29 20:49:32',1,5,NULL,NULL),(36751,'stock',100001020,'location_id',18,NULL,'2023-08-29 22:49:30',100000054,100000058,NULL,NULL),(36752,'stock',100001020,'box_state_id',18,NULL,'2023-08-29 22:49:30',1,5,NULL,NULL),(36753,'stock',100001014,'location_id',41,NULL,'2023-08-29 23:49:29',100000058,100000057,NULL,NULL),(36754,'stock',100001010,'location_id',41,NULL,'2023-08-30 00:49:28',100000056,100000057,NULL,NULL),(36755,'stock',100001010,'box_state_id',41,NULL,'2023-08-30 00:49:28',1,5,NULL,NULL),(36756,'stock',100000993,'location_id',38,NULL,'2023-08-30 01:49:27',100000057,100000058,NULL,NULL),(36757,'stock',100001011,'location_id',19,NULL,'2023-08-30 02:49:26',100000056,100000057,NULL,NULL),(36758,'stock',100001011,'box_state_id',19,NULL,'2023-08-30 02:49:26',1,5,NULL,NULL),(36759,'stock',100000981,'location_id',10,NULL,'2023-08-30 03:49:25',100000056,100000057,NULL,NULL),(36760,'stock',100000981,'box_state_id',10,NULL,'2023-08-30 03:49:25',1,5,NULL,NULL),(36761,'stock',100001032,'location_id',38,NULL,'2023-08-30 04:49:24',100000055,100000058,NULL,NULL),(36762,'stock',100001032,'box_state_id',38,NULL,'2023-08-30 04:49:24',1,5,NULL,NULL),(36763,'stock',100001012,'location_id',40,NULL,'2023-08-30 05:49:23',100000054,100000058,NULL,NULL),(36764,'stock',100001012,'box_state_id',40,NULL,'2023-08-30 05:49:23',1,5,NULL,NULL),(36765,'stock',100000974,'location_id',39,NULL,'2023-08-30 07:49:21',100000055,100000058,NULL,NULL),(36766,'stock',100000974,'box_state_id',39,NULL,'2023-08-30 07:49:21',1,5,NULL,NULL),(36767,'stock',100001015,'location_id',10,NULL,'2023-08-30 08:49:20',100000058,100000057,NULL,NULL),(36768,'stock',100001013,'location_id',37,NULL,'2023-08-30 09:49:19',100000055,100000057,NULL,NULL),(36769,'stock',100001013,'box_state_id',37,NULL,'2023-08-30 09:49:19',1,5,NULL,NULL),(36770,'stock',100000987,'location_id',10,NULL,'2023-08-30 10:49:18',100000055,100000057,NULL,NULL),(36771,'stock',100000987,'box_state_id',10,NULL,'2023-08-30 10:49:18',1,5,NULL,NULL),(36772,'stock',100001008,'location_id',20,NULL,'2023-08-30 11:49:17',100000054,100000057,NULL,NULL),(36773,'stock',100001008,'box_state_id',20,NULL,'2023-08-30 11:49:17',1,5,NULL,NULL),(36774,'stock',100000958,'location_id',40,NULL,'2023-08-30 12:49:16',100000058,100000057,NULL,NULL),(36775,'stock',100000980,'location_id',20,NULL,'2023-08-30 13:49:15',100000054,100000058,NULL,NULL),(36776,'stock',100000980,'box_state_id',20,NULL,'2023-08-30 13:49:15',1,5,NULL,NULL),(36777,'stock',100001030,'location_id',41,NULL,'2023-08-30 14:49:14',100000054,100000058,NULL,NULL),(36778,'stock',100001030,'box_state_id',41,NULL,'2023-08-30 14:49:14',1,5,NULL,NULL),(36779,'stock',100001039,'location_id',18,NULL,'2023-08-30 15:49:13',100000058,100000057,NULL,NULL),(36780,'stock',100000985,'location_id',40,NULL,'2023-08-30 17:49:11',100000054,100000058,NULL,NULL),(36781,'stock',100000985,'box_state_id',40,NULL,'2023-08-30 17:49:11',1,5,NULL,NULL),(36782,'stock',100001012,'location_id',39,NULL,'2023-08-30 18:49:10',100000058,100000057,NULL,NULL),(36783,'stock',100000957,'location_id',37,NULL,'2023-08-30 19:49:09',100000056,100000057,NULL,NULL),(36784,'stock',100000957,'box_state_id',37,NULL,'2023-08-30 19:49:09',1,5,NULL,NULL),(36785,'stock',100001034,'location_id',10,NULL,'2023-08-30 20:49:08',100000056,100000057,NULL,NULL),(36786,'stock',100001034,'box_state_id',10,NULL,'2023-08-30 20:49:08',1,5,NULL,NULL),(36787,'stock',100001019,'product_id',37,NULL,'2023-08-30 21:49:07',1406,1408,NULL,NULL),(36788,'stock',100001019,'size_id',37,NULL,'2023-08-30 21:49:07',2,4,NULL,NULL),(36789,'stock',100000948,'product_id',19,NULL,'2023-08-30 22:49:06',1443,1396,NULL,NULL),(36790,'stock',100000948,'size_id',19,NULL,'2023-08-30 22:49:06',34,52,NULL,NULL),(36791,'stock',100001038,'product_id',20,NULL,'2023-08-30 23:49:05',1427,1433,NULL,NULL),(36792,'stock',100001038,'size_id',20,NULL,'2023-08-30 23:49:05',116,113,NULL,NULL),(36793,'stock',100000983,'product_id',37,NULL,'2023-08-31 00:49:04',1394,1431,NULL,NULL),(36794,'stock',100000983,'size_id',37,NULL,'2023-08-31 00:49:04',52,68,NULL,NULL),(36795,'stock',100001027,'product_id',20,NULL,'2023-08-31 01:49:03',1466,1421,NULL,NULL),(36796,'stock',100001027,'size_id',20,NULL,'2023-08-31 01:49:03',108,117,NULL,NULL),(36797,'stock',100000989,'product_id',39,NULL,'2023-08-31 02:49:02',1443,1397,NULL,NULL),(36798,'stock',100000989,'size_id',39,NULL,'2023-08-31 02:49:02',29,52,NULL,NULL),(36799,'stock',100001013,'product_id',19,NULL,'2023-08-31 03:49:01',1438,1395,NULL,NULL),(36800,'stock',100001013,'size_id',19,NULL,'2023-08-31 03:49:01',139,3,NULL,NULL),(36801,'stock',100000998,'size_id',41,NULL,'2023-08-31 04:49:00',31,59,NULL,NULL),(36802,'stock',100000958,'product_id',38,NULL,'2023-08-31 05:48:59',1463,1397,NULL,NULL),(36803,'stock',100000958,'size_id',38,NULL,'2023-08-31 05:48:59',57,52,NULL,NULL),(36804,'stock',100001020,'product_id',18,NULL,'2023-08-31 06:48:58',1441,1435,NULL,NULL),(36805,'stock',100001020,'size_id',18,NULL,'2023-08-31 06:48:58',26,68,NULL,NULL),(36806,'stock',100001025,'product_id',39,NULL,'2023-08-31 07:48:57',1410,1440,NULL,NULL),(36807,'stock',100001025,'size_id',39,NULL,'2023-08-31 07:48:57',1,139,NULL,NULL),(36808,'stock',100001008,'product_id',37,NULL,'2023-08-31 08:48:56',1431,1442,NULL,NULL),(36809,'stock',100001008,'size_id',37,NULL,'2023-08-31 08:48:56',68,57,NULL,NULL),(36810,'stock',100000981,'product_id',20,NULL,'2023-08-31 09:48:55',1452,1410,NULL,NULL),(36811,'stock',100000981,'size_id',20,NULL,'2023-08-31 09:48:55',68,3,NULL,NULL),(36812,'stock',100000998,'product_id',41,NULL,'2023-08-31 10:48:54',1442,1406,NULL,NULL),(36813,'stock',100000998,'size_id',41,NULL,'2023-08-31 10:48:54',59,1,NULL,NULL),(36814,'stock',100000989,'product_id',38,NULL,'2023-08-31 11:48:53',1397,1424,NULL,NULL),(36815,'stock',100001032,'product_id',41,NULL,'2023-08-31 12:48:52',1456,1424,NULL,NULL),(36816,'stock',100001032,'size_id',41,NULL,'2023-08-31 12:48:52',52,5,NULL,NULL),(36817,'stock',100001039,'product_id',40,NULL,'2023-08-31 13:48:51',1468,1414,NULL,NULL),(36818,'stock',100000950,'product_id',41,NULL,'2023-08-31 14:48:50',1426,1407,NULL,NULL),(36819,'stock',100000950,'size_id',41,NULL,'2023-08-31 14:48:50',45,125,NULL,NULL),(36820,'stock',100001025,'product_id',40,NULL,'2023-08-31 15:48:49',1440,1422,NULL,NULL),(36821,'stock',100001025,'size_id',40,NULL,'2023-08-31 15:48:49',139,52,NULL,NULL),(36822,'stock',100001004,'product_id',39,NULL,'2023-08-31 16:48:48',1432,1434,NULL,NULL),(36823,'stock',100001004,'size_id',39,NULL,'2023-08-31 16:48:48',115,52,NULL,NULL),(36824,'stock',100001033,'product_id',19,NULL,'2023-08-31 17:48:47',1417,1434,NULL,NULL),(36825,'stock',100001033,'size_id',19,NULL,'2023-08-31 17:48:47',52,68,NULL,NULL),(36826,'stock',100000988,'product_id',18,NULL,'2023-08-31 18:48:46',1401,1433,NULL,NULL),(36827,'stock',100000988,'size_id',18,NULL,'2023-08-31 18:48:46',52,68,NULL,NULL),(36828,'stock',100001006,'product_id',10,NULL,'2023-08-31 19:48:45',1409,1467,NULL,NULL),(36829,'stock',100001006,'size_id',10,NULL,'2023-08-31 19:48:45',5,52,NULL,NULL),(36830,'stock',100000972,'product_id',20,NULL,'2023-08-31 20:48:44',1404,1397,NULL,NULL),(36831,'stock',100000972,'size_id',20,NULL,'2023-08-31 20:48:44',5,52,NULL,NULL),(36832,'stock',100001010,'product_id',40,NULL,'2023-08-31 21:48:43',1421,1456,NULL,NULL),(36833,'stock',100001010,'size_id',40,NULL,'2023-08-31 21:48:43',68,52,NULL,NULL),(36834,'stock',100001023,'product_id',39,NULL,'2023-08-31 22:48:42',1464,1443,NULL,NULL),(36835,'stock',100001023,'size_id',39,NULL,'2023-08-31 22:48:42',52,29,NULL,NULL),(36836,'stock',100001040,'product_id',40,NULL,'2023-08-31 23:48:41',1428,1424,NULL,NULL),(36837,'stock',100001040,'size_id',40,NULL,'2023-08-31 23:48:41',68,52,NULL,NULL),(36838,'stock',100001006,'product_id',18,NULL,'2023-09-01 00:48:40',1467,1407,NULL,NULL),(36839,'stock',100001006,'size_id',18,NULL,'2023-09-01 00:48:40',52,203,NULL,NULL),(36840,'stock',100001045,'product_id',37,NULL,'2023-09-01 01:48:39',1466,1429,NULL,NULL),(36841,'stock',100001045,'size_id',37,NULL,'2023-09-01 01:48:39',114,68,NULL,NULL),(36842,'stock',100000985,'product_id',10,NULL,'2023-09-01 02:48:38',1418,1407,NULL,NULL),(36843,'stock',100000985,'size_id',10,NULL,'2023-09-01 02:48:38',68,2,NULL,NULL),(36844,'stock',100000983,'product_id',40,NULL,'2023-09-01 03:48:37',1431,1451,NULL,NULL),(36845,'stock',100000983,'size_id',40,NULL,'2023-09-01 03:48:37',68,52,NULL,NULL),(36846,'stock',100000980,'product_id',38,NULL,'2023-09-01 04:48:36',1443,1458,NULL,NULL),(36847,'stock',100000980,'size_id',38,NULL,'2023-09-01 04:48:36',18,57,NULL,NULL),(36848,'stock',100000960,'product_id',41,NULL,'2023-09-01 05:48:35',1431,1445,NULL,NULL),(36849,'stock',100000960,'size_id',41,NULL,'2023-09-01 05:48:35',68,111,NULL,NULL),(36850,'stock',100001033,'product_id',20,NULL,'2023-09-01 06:48:34',1434,1431,NULL,NULL),(36851,'stock',100001011,'size_id',37,NULL,'2023-09-01 07:48:33',5,45,NULL,NULL),(36852,'stock',100000980,'product_id',40,NULL,'2023-09-01 08:48:32',1458,1435,NULL,NULL),(36853,'stock',100000980,'size_id',40,NULL,'2023-09-01 08:48:32',57,68,NULL,NULL),(36854,'stock',100000970,'product_id',41,NULL,'2023-09-01 09:48:31',1427,1457,NULL,NULL),(36855,'stock',100000970,'size_id',41,NULL,'2023-09-01 09:48:31',69,68,NULL,NULL),(36856,'stock',100001040,'product_id',10,NULL,'2023-09-01 10:48:30',1424,1417,NULL,NULL),(36857,'stock',100001040,'size_id',10,NULL,'2023-09-01 10:48:30',52,48,NULL,NULL),(36858,'stock',100000997,'product_id',20,NULL,'2023-09-01 11:48:29',1416,1412,NULL,NULL),(36859,'stock',100000997,'size_id',20,NULL,'2023-09-01 11:48:29',52,203,NULL,NULL),(36860,'stock',100000975,'product_id',40,NULL,'2023-09-01 12:48:28',1404,1435,NULL,NULL),(36861,'stock',100000975,'size_id',40,NULL,'2023-09-01 12:48:28',2,68,NULL,NULL),(36862,'stock',100000959,'product_id',10,NULL,'2023-09-01 13:48:27',1442,1398,NULL,NULL),(36863,'stock',100000959,'size_id',10,NULL,'2023-09-01 13:48:27',31,124,NULL,NULL),(36864,'stock',100001028,'product_id',10,NULL,'2023-09-01 14:48:26',1458,1394,NULL,NULL),(36865,'stock',100001028,'size_id',10,NULL,'2023-09-01 14:48:26',62,52,NULL,NULL),(36866,'stock',100001025,'product_id',40,NULL,'2023-09-01 15:48:25',1422,1419,NULL,NULL),(36867,'stock',100001025,'size_id',40,NULL,'2023-09-01 15:48:25',52,68,NULL,NULL),(36868,'stock',100001009,'product_id',19,NULL,'2023-09-01 16:48:24',1420,1429,NULL,NULL),(36869,'stock',100000986,'size_id',37,NULL,'2023-09-01 17:48:23',71,1,NULL,NULL),(36870,'stock',100001020,'product_id',20,NULL,'2023-09-01 18:48:22',1435,1423,NULL,NULL),(36871,'stock',100001020,'size_id',20,NULL,'2023-09-01 18:48:22',68,52,NULL,NULL),(36872,'stock',100000966,'product_id',39,NULL,'2023-09-01 19:48:21',1465,1395,NULL,NULL),(36873,'stock',100000966,'size_id',39,NULL,'2023-09-01 19:48:21',68,3,NULL,NULL),(36874,'stock',100001024,'product_id',18,NULL,'2023-09-01 20:48:20',1412,1425,NULL,NULL),(36875,'stock',100001024,'size_id',18,NULL,'2023-09-01 20:48:20',3,52,NULL,NULL),(36876,'stock',100000986,'product_id',18,NULL,'2023-09-01 21:48:19',1402,1404,NULL,NULL),(36877,'stock',100001002,'product_id',19,NULL,'2023-09-01 22:48:18',1439,1434,NULL,NULL),(36878,'stock',100001002,'size_id',19,NULL,'2023-09-01 22:48:18',139,68,NULL,NULL),(36879,'stock',100001011,'items',10,NULL,'2023-09-01 23:48:17',375,191,NULL,NULL),(36880,'stock',100000953,'items',20,NULL,'2023-09-02 00:48:16',574,276,NULL,NULL),(36881,'stock',100000973,'items',19,NULL,'2023-09-02 01:48:15',313,408,NULL,NULL),(36882,'stock',100000997,'items',20,NULL,'2023-09-02 02:48:14',858,52,NULL,NULL),(36883,'stock',100000994,'items',37,NULL,'2023-09-02 03:48:13',877,377,NULL,NULL),(36884,'stock',100000950,'items',41,NULL,'2023-09-02 04:48:12',765,811,NULL,NULL),(36885,'stock',100000992,'items',10,NULL,'2023-09-02 05:48:11',616,889,NULL,NULL),(36886,'stock',100000987,'items',19,NULL,'2023-09-02 06:48:10',966,723,NULL,NULL),(36887,'stock',100001044,'items',40,NULL,'2023-09-02 07:48:09',341,699,NULL,NULL),(36888,'stock',100000984,'items',18,NULL,'2023-09-02 08:48:08',197,751,NULL,NULL),(36889,'stock',100001006,'items',40,NULL,'2023-09-02 09:48:07',694,902,NULL,NULL),(36890,'stock',100000965,'items',38,NULL,'2023-09-02 10:48:06',280,703,NULL,NULL),(36891,'stock',100001021,'items',37,NULL,'2023-09-02 11:48:05',214,381,NULL,NULL),(36892,'stock',100000988,'items',39,NULL,'2023-09-02 12:48:04',209,652,NULL,NULL),(36893,'stock',100001013,'items',10,NULL,'2023-09-02 13:48:03',426,541,NULL,NULL),(36894,'stock',100001032,'items',18,NULL,'2023-09-02 14:48:02',273,193,NULL,NULL),(36895,'stock',100001018,'items',41,NULL,'2023-09-02 15:48:01',92,910,NULL,NULL),(36896,'stock',100001026,'items',37,NULL,'2023-09-02 16:48:00',145,558,NULL,NULL),(36897,'stock',100001019,'items',40,NULL,'2023-09-02 17:47:59',10,733,NULL,NULL),(36898,'stock',100000966,'items',37,NULL,'2023-09-02 18:47:58',899,600,NULL,NULL),(36899,'stock',100001001,'items',38,NULL,'2023-09-02 19:47:57',439,683,NULL,NULL),(36900,'stock',100001039,'items',20,NULL,'2023-09-02 20:47:56',428,367,NULL,NULL),(36901,'stock',100000999,'items',18,NULL,'2023-09-02 21:47:55',179,209,NULL,NULL),(36902,'stock',100001018,'items',38,NULL,'2023-09-02 22:47:54',910,208,NULL,NULL),(36903,'stock',100001041,'items',19,NULL,'2023-09-02 23:47:53',522,489,NULL,NULL),(36904,'stock',100000997,'items',10,NULL,'2023-09-03 00:47:52',52,909,NULL,NULL),(36905,'stock',100000997,'items',41,NULL,'2023-09-03 01:47:51',909,724,NULL,NULL),(36906,'stock',100000993,'items',39,NULL,'2023-09-03 02:47:50',773,593,NULL,NULL),(36907,'stock',100000974,'items',39,NULL,'2023-09-03 03:47:49',938,288,NULL,NULL),(36908,'stock',100000954,'items',20,NULL,'2023-09-03 04:47:48',430,454,NULL,NULL),(36909,'stock',100001034,'items',39,NULL,'2023-09-03 05:47:47',89,287,NULL,NULL),(36910,'stock',100001041,'items',37,NULL,'2023-09-03 06:47:46',489,689,NULL,NULL),(36911,'stock',100000980,'items',20,NULL,'2023-09-03 07:47:45',605,361,NULL,NULL),(36912,'stock',100001046,'items',37,NULL,'2023-09-03 08:47:44',700,805,NULL,NULL),(36913,'stock',100000948,'items',38,NULL,'2023-09-03 09:47:43',628,344,NULL,NULL),(36914,'stock',100000966,'items',40,NULL,'2023-09-03 10:47:42',600,333,NULL,NULL),(36915,'stock',100001040,'items',18,NULL,'2023-09-03 11:47:41',620,341,NULL,NULL),(36916,'stock',100001007,'items',39,NULL,'2023-09-03 12:47:40',909,910,NULL,NULL),(36917,'stock',100001041,'items',19,NULL,'2023-09-03 13:47:39',689,657,NULL,NULL),(36918,'stock',100000976,'items',38,NULL,'2023-09-03 14:47:38',573,871,NULL,NULL),(36919,'stock',100001045,'items',37,NULL,'2023-09-03 15:47:37',739,785,NULL,NULL),(36920,'stock',100000996,'items',39,NULL,'2023-09-03 16:47:36',834,68,NULL,NULL),(36921,'stock',100000970,'items',40,NULL,'2023-09-03 17:47:35',734,12,NULL,NULL),(36922,'stock',100000948,'items',10,NULL,'2023-09-03 18:47:34',344,97,NULL,NULL),(36923,'stock',100000976,'items',10,NULL,'2023-09-03 19:47:33',871,958,NULL,NULL),(36924,'stock',100001009,'items',40,NULL,'2023-09-03 20:47:32',652,977,NULL,NULL),(36925,'stock',100000989,'items',41,NULL,'2023-09-03 21:47:31',263,838,NULL,NULL),(36926,'stock',100000966,'items',39,NULL,'2023-09-03 22:47:30',333,860,NULL,NULL),(36927,'stock',100001038,'items',39,NULL,'2023-09-03 23:47:29',998,142,NULL,NULL),(36928,'stock',100001019,'items',38,NULL,'2023-09-04 00:47:28',733,250,NULL,NULL),(36929,'stock',100000986,'comments changed from \"\" to \"Individual.\";',20,NULL,'2023-09-04 01:47:27',NULL,NULL,NULL,NULL),(36930,'stock',100000950,'comments changed from \"Manager sometimes off.\" to \"If myself.\";',37,NULL,'2023-09-04 02:47:26',NULL,NULL,NULL,NULL),(36931,'stock',100000964,'comments changed from \"\" to \"Doctor.\";',18,NULL,'2023-09-04 03:47:25',NULL,NULL,NULL,NULL),(36932,'stock',100001042,'comments changed from \"\" to \"Conference send.\";',39,NULL,'2023-09-04 04:47:24',NULL,NULL,NULL,NULL),(36933,'stock',100001012,'comments changed from \"\" to \"Course particular.\";',39,NULL,'2023-09-04 05:47:23',NULL,NULL,NULL,NULL),(36934,'stock',100000979,'comments changed from \"Main according.\" to \"Major.\";',41,NULL,'2023-09-04 06:47:22',NULL,NULL,NULL,NULL),(36935,'stock',100001012,'comments changed from \"Course particular.\" to \"Player.\";',39,NULL,'2023-09-04 07:47:21',NULL,NULL,NULL,NULL),(36936,'stock',100000955,'comments changed from \"\" to \"Her.\";',40,NULL,'2023-09-04 08:47:20',NULL,NULL,NULL,NULL),(36937,'stock',100000959,'comments changed from \"\" to \"Myself game.\";',10,NULL,'2023-09-04 09:47:19',NULL,NULL,NULL,NULL),(36938,'stock',100001011,'comments changed from \"\" to \"War.\";',41,NULL,'2023-09-04 10:47:18',NULL,NULL,NULL,NULL),(36939,'stock',100001009,'comments changed from \"\" to \"Three.\";',10,NULL,'2023-09-04 11:47:17',NULL,NULL,NULL,NULL),(36940,'stock',100000957,'comments changed from \"Involve cold debate.\" to \"Bill coach.\";',39,NULL,'2023-09-04 12:47:16',NULL,NULL,NULL,NULL),(36941,'stock',100000991,'comments changed from \"\" to \"Stand do.\";',38,NULL,'2023-09-04 13:47:15',NULL,NULL,NULL,NULL),(36942,'stock',100000954,'comments changed from \"Rise form tonight history.\" to \"Billion expert.\";',39,NULL,'2023-09-04 14:47:14',NULL,NULL,NULL,NULL),(36943,'stock',100000969,'comments changed from \"\" to \"Last.\";',40,NULL,'2023-09-04 15:47:13',NULL,NULL,NULL,NULL),(36944,'stock',100000956,'comments changed from \"\" to \"Maybe sell.\";',38,NULL,'2023-09-04 16:47:12',NULL,NULL,NULL,NULL),(36945,'stock',100000950,'comments changed from \"If myself.\" to \"West interview.\";',20,NULL,'2023-09-04 17:47:11',NULL,NULL,NULL,NULL),(36946,'stock',100001040,'comments changed from \"\" to \"Music remain.\";',38,NULL,'2023-09-04 18:47:10',NULL,NULL,NULL,NULL),(36947,'stock',100000947,'comments changed from \"\" to \"Hand occur.\";',41,NULL,'2023-09-04 19:47:09',NULL,NULL,NULL,NULL),(36948,'stock',100001011,'comments changed from \"War.\" to \"Republican.\";',19,NULL,'2023-09-04 20:47:08',NULL,NULL,NULL,NULL),(36949,'stock',100000978,'comments changed from \"\" to \"Only product.\";',41,NULL,'2023-09-04 21:47:07',NULL,NULL,NULL,NULL),(36950,'stock',100001043,'comments changed from \"\" to \"Simple.\";',39,NULL,'2023-09-04 22:47:06',NULL,NULL,NULL,NULL),(36951,'stock',100000969,'comments changed from \"Last.\" to \"Left.\";',10,NULL,'2023-09-04 23:47:05',NULL,NULL,NULL,NULL),(36952,'stock',100001018,'comments changed from \"\" to \"Recently.\";',38,NULL,'2023-09-05 00:47:04',NULL,NULL,NULL,NULL),(36953,'stock',100001002,'comments changed from \"\" to \"Light perhaps.\";',20,NULL,'2023-09-05 01:47:03',NULL,NULL,NULL,NULL),(36954,'stock',100000986,'comments changed from \"Individual.\" to \"Democrat.\";',40,NULL,'2023-09-05 02:47:02',NULL,NULL,NULL,NULL),(36955,'stock',100001001,'comments changed from \"\" to \"Building.\";',10,NULL,'2023-09-05 03:47:01',NULL,NULL,NULL,NULL),(36956,'stock',100000951,'comments changed from \"\" to \"Professor.\";',41,NULL,'2023-09-05 04:47:00',NULL,NULL,NULL,NULL),(36957,'stock',100001036,'comments changed from \"\" to \"Anything movement.\";',37,NULL,'2023-09-05 05:46:59',NULL,NULL,NULL,NULL),(36958,'stock',100000965,'comments changed from \"\" to \"Enough sound.\";',40,NULL,'2023-09-05 06:46:58',NULL,NULL,NULL,NULL),(36959,'stock',100001035,'comments changed from \"\" to \"Owner.\";',41,NULL,'2023-09-05 07:46:57',NULL,NULL,NULL,NULL),(36960,'stock',100001006,'comments changed from \"\" to \"Speech.\";',40,NULL,'2023-09-05 08:46:56',NULL,NULL,NULL,NULL),(36961,'stock',100000955,'comments changed from \"Her.\" to \"Voice outside.\";',41,NULL,'2023-09-05 09:46:55',NULL,NULL,NULL,NULL),(36962,'stock',100000979,'comments changed from \"Major.\" to \"Reflect despite.\";',39,NULL,'2023-09-05 10:46:54',NULL,NULL,NULL,NULL),(36963,'stock',100001016,'comments changed from \"\" to \"Itself economy.\";',19,NULL,'2023-09-05 11:46:53',NULL,NULL,NULL,NULL),(36964,'stock',100001014,'comments changed from \"\" to \"Oil ok.\";',40,NULL,'2023-09-05 12:46:52',NULL,NULL,NULL,NULL),(36965,'stock',100001044,'comments changed from \"\" to \"Commercial.\";',10,NULL,'2023-09-05 13:46:51',NULL,NULL,NULL,NULL),(36966,'stock',100000958,'comments changed from \"\" to \"Nation.\";',39,NULL,'2023-09-05 14:46:50',NULL,NULL,NULL,NULL),(36967,'stock',100000993,'comments changed from \"\" to \"Know.\";',41,NULL,'2023-09-05 15:46:49',NULL,NULL,NULL,NULL),(36968,'stock',100000980,'comments changed from \"\" to \"Method.\";',10,NULL,'2023-09-05 16:46:48',NULL,NULL,NULL,NULL),(36969,'stock',100000959,'comments changed from \"Myself game.\" to \"Clearly.\";',38,NULL,'2023-09-05 17:46:47',NULL,NULL,NULL,NULL),(36970,'stock',100000958,'comments changed from \"Nation.\" to \"Role score.\";',38,NULL,'2023-09-05 18:46:46',NULL,NULL,NULL,NULL),(36971,'stock',100001021,'comments changed from \"Reveal first measure table.\" to \"Upon expect.\";',10,NULL,'2023-09-05 19:46:45',NULL,NULL,NULL,NULL),(36972,'stock',100000990,'comments changed from \"\" to \"Speak until.\";',41,NULL,'2023-09-05 20:46:44',NULL,NULL,NULL,NULL),(36973,'stock',100001003,'comments changed from \"\" to \"Accept shake.\";',41,NULL,'2023-09-05 21:46:43',NULL,NULL,NULL,NULL),(36974,'stock',100000961,'comments changed from \"\" to \"Certain.\";',39,NULL,'2023-09-05 22:46:42',NULL,NULL,NULL,NULL),(36975,'stock',100000988,'comments changed from \"\" to \"System.\";',38,NULL,'2023-09-05 23:46:41',NULL,NULL,NULL,NULL),(36976,'stock',100000973,'comments changed from \"\" to \"Individual language.\";',18,NULL,'2023-09-06 00:46:40',NULL,NULL,NULL,NULL),(36977,'stock',100000969,'comments changed from \"Left.\" to \"You.\";',41,NULL,'2023-09-06 01:46:39',NULL,NULL,NULL,NULL),(36978,'stock',100000965,'comments changed from \"Enough sound.\" to \"Father follow.\";',37,NULL,'2023-09-06 02:46:38',NULL,NULL,NULL,NULL),(36979,'tags',59,'Record deleted',8,NULL,'2023-09-06 02:46:38',NULL,NULL,NULL,NULL),(36980,'tags',55,'Record deleted',2,NULL,'2023-09-06 03:46:37',NULL,NULL,NULL,NULL),(36981,'tags',84,'Record deleted',11,NULL,'2023-09-06 04:46:36',NULL,NULL,NULL,NULL),(36982,'tags',72,'Record deleted',17,NULL,'2023-09-06 05:46:35',NULL,NULL,NULL,NULL),(36983,'tags',94,'Record deleted',32,NULL,'2023-09-06 06:46:34',NULL,NULL,NULL,NULL),(36984,'tags',97,'Record deleted',32,NULL,'2023-09-06 07:46:33',NULL,NULL,NULL,NULL),(36985,'tags',114,'Record deleted',20,NULL,'2023-09-06 08:46:32',NULL,NULL,NULL,NULL),(36986,'tags',118,'Record deleted',41,NULL,'2023-09-06 09:46:31',NULL,NULL,NULL,NULL),(36987,'stock',100000284,'box_state_id',41,NULL,'2024-01-05 00:59:59',1,3,NULL,NULL),(36988,'stock',100000298,'box_state_id',41,NULL,'2024-01-05 00:59:59',1,3,NULL,NULL),(36989,'stock',100000368,'box_state_id',41,NULL,'2024-01-05 00:59:59',1,3,NULL,NULL),(36990,'stock',100000463,'box_state_id',41,NULL,'2024-01-05 00:59:59',1,3,NULL,NULL),(36991,'stock',100000662,'box_state_id',41,NULL,'2024-01-05 00:59:59',1,3,NULL,NULL),(36992,'stock',100000722,'box_state_id',41,NULL,'2024-01-05 00:59:59',1,3,NULL,NULL),(36993,'stock',100000734,'box_state_id',41,NULL,'2024-01-05 00:59:59',1,3,NULL,NULL),(36994,'stock',100000588,'box_state_id',41,NULL,'2024-01-05 00:59:59',1,3,NULL,NULL),(36995,'stock',100000725,'box_state_id',41,NULL,'2024-01-05 00:59:59',1,3,NULL,NULL),(36996,'stock',100000725,'box_state_id',41,NULL,'2024-01-05 10:59:49',3,1,NULL,NULL),(36997,'stock',100000662,'box_state_id',41,NULL,'2024-01-05 10:59:49',3,1,NULL,NULL),(36998,'stock',100000588,'box_state_id',41,NULL,'2024-01-05 10:59:49',3,1,NULL,NULL),(36999,'stock',100000284,'box_state_id',41,NULL,'2024-01-05 11:59:48',3,7,NULL,NULL),(37000,'stock',100000298,'box_state_id',41,NULL,'2024-01-05 11:59:48',3,7,NULL,NULL),(37001,'stock',100000368,'box_state_id',41,NULL,'2024-01-05 11:59:48',3,7,NULL,NULL),(37002,'stock',100000463,'box_state_id',41,NULL,'2024-01-05 11:59:48',3,7,NULL,NULL),(37003,'stock',100000722,'box_state_id',41,NULL,'2024-01-05 11:59:48',3,7,NULL,NULL),(37004,'stock',100000734,'box_state_id',41,NULL,'2024-01-05 11:59:48',3,7,NULL,NULL),(37005,'stock',100000284,'box_state_id',41,NULL,'2024-01-05 12:59:47',7,4,NULL,NULL),(37006,'stock',100000298,'box_state_id',41,NULL,'2024-01-05 12:59:47',7,4,NULL,NULL),(37007,'stock',100000368,'box_state_id',41,NULL,'2024-01-05 12:59:47',7,4,NULL,NULL),(37008,'stock',100000463,'box_state_id',41,NULL,'2024-01-05 12:59:47',7,4,NULL,NULL),(37009,'stock',100000722,'box_state_id',41,NULL,'2024-01-05 12:59:47',7,4,NULL,NULL),(37010,'stock',100000734,'box_state_id',41,NULL,'2024-01-05 12:59:47',7,4,NULL,NULL),(37011,'stock',100000284,'product_id',41,NULL,'2024-01-05 13:59:46',1188,1264,NULL,NULL),(37012,'stock',100000284,'location_id',41,NULL,'2024-01-05 13:59:46',100000036,100000044,NULL,NULL),(37013,'stock',100000284,'box_state_id',41,NULL,'2024-01-05 13:59:46',4,1,NULL,NULL),(37014,'stock',100000298,'product_id',41,NULL,'2024-01-05 13:59:46',1189,1265,NULL,NULL),(37015,'stock',100000298,'location_id',41,NULL,'2024-01-05 13:59:46',100000037,100000044,NULL,NULL),(37016,'stock',100000298,'box_state_id',41,NULL,'2024-01-05 13:59:46',4,1,NULL,NULL),(37017,'stock',100000368,'product_id',41,NULL,'2024-01-05 13:59:46',1198,1274,NULL,NULL),(37018,'stock',100000368,'location_id',41,NULL,'2024-01-05 13:59:46',100000037,100000042,NULL,NULL),(37019,'stock',100000368,'box_state_id',41,NULL,'2024-01-05 13:59:46',4,1,NULL,NULL),(37020,'stock',100000463,'product_id',41,NULL,'2024-01-05 13:59:46',1232,1310,NULL,NULL),(37021,'stock',100000463,'location_id',41,NULL,'2024-01-05 13:59:46',100000037,100000042,NULL,NULL),(37022,'stock',100000463,'box_state_id',41,NULL,'2024-01-05 13:59:46',4,1,NULL,NULL),(37023,'stock',100000722,'product_id',41,NULL,'2024-01-05 13:59:46',1202,1278,NULL,NULL),(37024,'stock',100000722,'location_id',41,NULL,'2024-01-05 13:59:46',100000037,100000043,NULL,NULL),(37025,'stock',100000722,'box_state_id',41,NULL,'2024-01-05 13:59:46',4,1,NULL,NULL),(37026,'stock',100000734,'product_id',41,NULL,'2024-01-05 13:59:46',1214,1290,NULL,NULL),(37027,'stock',100000734,'location_id',41,NULL,'2024-01-05 13:59:46',100000037,100000042,NULL,NULL),(37028,'stock',100000734,'box_state_id',41,NULL,'2024-01-05 13:59:46',4,1,NULL,NULL),(37029,'stock',100000284,'box_state_id',41,NULL,'2024-01-05 13:59:46',1,8,NULL,NULL),(37030,'stock',100000722,'box_state_id',41,NULL,'2024-01-05 13:59:46',1,8,NULL,NULL),(37031,'stock',100000463,'box_state_id',41,NULL,'2024-01-05 13:59:46',1,8,NULL,NULL),(37032,'stock',100000281,'box_state_id',41,NULL,'2024-01-05 15:59:44',1,3,NULL,NULL),(37033,'stock',100000476,'box_state_id',41,NULL,'2024-01-05 15:59:44',1,3,NULL,NULL),(37034,'stock',100000481,'box_state_id',41,NULL,'2024-01-05 15:59:44',1,3,NULL,NULL),(37035,'stock',100000555,'box_state_id',41,NULL,'2024-01-05 15:59:44',1,3,NULL,NULL),(37036,'stock',100000723,'box_state_id',41,NULL,'2024-01-05 15:59:44',1,3,NULL,NULL),(37037,'stock',100000539,'box_state_id',41,NULL,'2024-01-05 15:59:44',1,3,NULL,NULL),(37038,'stock',100000647,'box_state_id',41,NULL,'2024-01-05 15:59:44',1,3,NULL,NULL),(37039,'stock',100000507,'box_state_id',41,NULL,'2024-01-05 15:59:44',1,3,NULL,NULL),(37040,'stock',100000588,'box_state_id',41,NULL,'2024-01-05 15:59:44',1,3,NULL,NULL),(37041,'stock',100000725,'box_state_id',41,NULL,'2024-01-05 15:59:44',1,3,NULL,NULL),(37042,'stock',100000281,'box_state_id',41,NULL,'2024-01-06 02:59:33',3,1,NULL,NULL),(37043,'stock',100000476,'box_state_id',41,NULL,'2024-01-06 02:59:33',3,1,NULL,NULL),(37044,'stock',100000481,'box_state_id',41,NULL,'2024-01-06 02:59:33',3,1,NULL,NULL),(37045,'stock',100000555,'box_state_id',41,NULL,'2024-01-06 02:59:33',3,1,NULL,NULL),(37046,'stock',100000723,'box_state_id',41,NULL,'2024-01-06 02:59:33',3,1,NULL,NULL),(37047,'stock',100000539,'box_state_id',41,NULL,'2024-01-06 02:59:33',3,1,NULL,NULL),(37048,'stock',100000647,'box_state_id',41,NULL,'2024-01-06 02:59:33',3,1,NULL,NULL),(37049,'stock',100000507,'box_state_id',41,NULL,'2024-01-06 02:59:33',3,1,NULL,NULL),(37050,'stock',100000588,'box_state_id',41,NULL,'2024-01-06 02:59:33',3,1,NULL,NULL),(37051,'stock',100000725,'box_state_id',41,NULL,'2024-01-06 02:59:33',3,1,NULL,NULL),(37052,'stock',100000760,'box_state_id',41,NULL,'2024-01-06 04:59:31',1,3,NULL,NULL),(37053,'stock',100000846,'box_state_id',41,NULL,'2024-01-06 04:59:31',1,3,NULL,NULL),(37054,'stock',100000758,'box_state_id',41,NULL,'2024-01-06 04:59:31',1,3,NULL,NULL),(37055,'stock',100000794,'box_state_id',41,NULL,'2024-01-06 04:59:31',1,3,NULL,NULL),(37056,'stock',100000804,'box_state_id',41,NULL,'2024-01-06 04:59:31',1,3,NULL,NULL),(37057,'stock',100000760,'box_state_id',41,NULL,'2024-01-06 10:59:25',3,7,NULL,NULL),(37058,'stock',100000846,'box_state_id',41,NULL,'2024-01-06 10:59:25',3,7,NULL,NULL),(37059,'stock',100000758,'box_state_id',41,NULL,'2024-01-06 10:59:25',3,7,NULL,NULL),(37060,'stock',100000794,'box_state_id',41,NULL,'2024-01-06 10:59:25',3,7,NULL,NULL),(37061,'stock',100000804,'box_state_id',41,NULL,'2024-01-06 10:59:25',3,7,NULL,NULL),(37062,'stock',100000760,'box_state_id',41,NULL,'2024-01-06 11:59:24',7,8,NULL,NULL),(37063,'stock',100000846,'box_state_id',41,NULL,'2024-01-06 11:59:24',7,8,NULL,NULL),(37064,'stock',100000758,'box_state_id',41,NULL,'2024-01-06 11:59:24',7,8,NULL,NULL),(37065,'stock',100000794,'box_state_id',41,NULL,'2024-01-06 11:59:24',7,8,NULL,NULL),(37066,'stock',100000804,'box_state_id',41,NULL,'2024-01-06 11:59:24',7,8,NULL,NULL),(37067,'stock',100000786,'box_state_id',41,NULL,'2024-01-06 13:59:22',1,3,NULL,NULL),(37068,'stock',100000821,'box_state_id',41,NULL,'2024-01-06 13:59:22',1,3,NULL,NULL),(37069,'stock',100000829,'box_state_id',41,NULL,'2024-01-06 13:59:22',1,3,NULL,NULL),(37070,'stock',100000748,'box_state_id',41,NULL,'2024-01-06 13:59:22',1,3,NULL,NULL),(37071,'stock',100000753,'box_state_id',41,NULL,'2024-01-06 13:59:22',1,3,NULL,NULL),(37072,'stock',100000818,'box_state_id',41,NULL,'2024-01-06 13:59:22',1,3,NULL,NULL),(37073,'stock',100000824,'box_state_id',41,NULL,'2024-01-06 13:59:22',1,3,NULL,NULL),(37074,'stock',100000786,'box_state_id',41,NULL,'2024-01-06 21:59:14',3,7,NULL,NULL),(37075,'stock',100000821,'box_state_id',41,NULL,'2024-01-06 21:59:14',3,7,NULL,NULL),(37076,'stock',100000829,'box_state_id',41,NULL,'2024-01-06 21:59:14',3,7,NULL,NULL),(37077,'stock',100000748,'box_state_id',41,NULL,'2024-01-06 21:59:14',3,7,NULL,NULL),(37078,'stock',100000753,'box_state_id',41,NULL,'2024-01-06 21:59:14',3,7,NULL,NULL),(37079,'stock',100000818,'box_state_id',41,NULL,'2024-01-06 21:59:14',3,7,NULL,NULL),(37080,'stock',100000824,'box_state_id',41,NULL,'2024-01-06 21:59:14',3,7,NULL,NULL),(37081,'stock',100000786,'box_state_id',41,NULL,'2024-01-06 22:59:13',7,4,NULL,NULL),(37082,'stock',100000821,'box_state_id',41,NULL,'2024-01-06 22:59:13',7,4,NULL,NULL),(37083,'stock',100000829,'box_state_id',41,NULL,'2024-01-06 22:59:13',7,4,NULL,NULL),(37084,'stock',100000748,'box_state_id',41,NULL,'2024-01-06 22:59:13',7,4,NULL,NULL),(37085,'stock',100000753,'box_state_id',41,NULL,'2024-01-06 22:59:13',7,4,NULL,NULL),(37086,'stock',100000818,'box_state_id',41,NULL,'2024-01-06 22:59:13',7,4,NULL,NULL),(37087,'stock',100000824,'box_state_id',41,NULL,'2024-01-06 22:59:13',7,4,NULL,NULL),(37088,'stock',100000869,'box_state_id',41,NULL,'2024-01-07 00:59:11',1,3,NULL,NULL),(37089,'stock',100000907,'box_state_id',41,NULL,'2024-01-07 00:59:11',1,3,NULL,NULL),(37090,'stock',100000940,'box_state_id',41,NULL,'2024-01-07 00:59:11',1,3,NULL,NULL),(37091,'stock',100000877,'box_state_id',41,NULL,'2024-01-07 00:59:11',1,3,NULL,NULL),(37092,'stock',100000921,'box_state_id',41,NULL,'2024-01-07 00:59:11',1,3,NULL,NULL),(37093,'stock',100000901,'box_state_id',41,NULL,'2024-01-07 00:59:11',1,3,NULL,NULL),(37094,'stock',100000853,'box_state_id',41,NULL,'2024-01-07 08:59:03',1,3,NULL,NULL),(37095,'stock',100000928,'box_state_id',41,NULL,'2024-01-07 08:59:03',1,3,NULL,NULL),(37096,'stock',100000899,'box_state_id',41,NULL,'2024-01-07 08:59:03',1,3,NULL,NULL),(37097,'stock',100000853,'box_state_id',41,NULL,'2024-01-07 12:58:59',3,7,NULL,NULL),(37098,'stock',100000928,'box_state_id',41,NULL,'2024-01-07 12:58:59',3,7,NULL,NULL),(37099,'stock',100000899,'box_state_id',41,NULL,'2024-01-07 12:58:59',3,7,NULL,NULL);
/*!40000 ALTER TABLE `history` ENABLE KEYS */;
UNLOCK TABLES;

--
-- Table structure for table `itemsout`
--

DROP TABLE IF EXISTS `itemsout`;
/*!40101 SET @saved_cs_client     = @@character_set_client */;
/*!40101 SET character_set_client = utf8 */;
CREATE TABLE `itemsout` (
  `id` int unsigned NOT NULL AUTO_INCREMENT,
  `product_id` int unsigned DEFAULT NULL,
  `size_id` int unsigned DEFAULT NULL,
  `count` int DEFAULT NULL,
  `movedate` datetime DEFAULT NULL,
  `from_location` int unsigned DEFAULT NULL,
  `to_location` int unsigned DEFAULT NULL,
  PRIMARY KEY (`id`),
  KEY `from_location` (`from_location`),
  KEY `to_location` (`to_location`),
  KEY `product_id` (`product_id`),
  KEY `size_id` (`size_id`),
  CONSTRAINT `itemsout_ibfk_5` FOREIGN KEY (`from_location`) REFERENCES `locations` (`id`) ON DELETE SET NULL ON UPDATE CASCADE,
  CONSTRAINT `itemsout_ibfk_6` FOREIGN KEY (`to_location`) REFERENCES `locations` (`id`) ON DELETE SET NULL ON UPDATE CASCADE,
  CONSTRAINT `itemsout_ibfk_7` FOREIGN KEY (`product_id`) REFERENCES `products` (`id`) ON DELETE SET NULL ON UPDATE CASCADE,
  CONSTRAINT `itemsout_ibfk_8` FOREIGN KEY (`size_id`) REFERENCES `sizes` (`id`) ON DELETE SET NULL ON UPDATE CASCADE
) ENGINE=InnoDB AUTO_INCREMENT=43 DEFAULT CHARSET=utf8 ROW_FORMAT=DYNAMIC;
/*!40101 SET character_set_client = @saved_cs_client */;

--
-- Dumping data for table `itemsout`
--

LOCK TABLES `itemsout` WRITE;
/*!40000 ALTER TABLE `itemsout` DISABLE KEYS */;
/*!40000 ALTER TABLE `itemsout` ENABLE KEYS */;
UNLOCK TABLES;

--
-- Table structure for table `languages`
--

DROP TABLE IF EXISTS `languages`;
/*!40101 SET @saved_cs_client     = @@character_set_client */;
/*!40101 SET character_set_client = utf8 */;
CREATE TABLE `languages` (
  `id` int unsigned NOT NULL AUTO_INCREMENT,
  `visible` tinyint NOT NULL DEFAULT '1',
  `code` varchar(255) DEFAULT NULL,
  `locale` varchar(255) DEFAULT NULL,
  `name` varchar(255) DEFAULT NULL,
  `strftime_dateformat` varchar(255) DEFAULT NULL,
  `smarty_dateformat` varchar(255) DEFAULT NULL,
  `seq` int DEFAULT NULL,
  `rtl` tinyint NOT NULL,
  PRIMARY KEY (`id`)
) ENGINE=InnoDB AUTO_INCREMENT=17 DEFAULT CHARSET=utf8 ROW_FORMAT=DYNAMIC;
/*!40101 SET character_set_client = @saved_cs_client */;

--
-- Dumping data for table `languages`
--

LOCK TABLES `languages` WRITE;
/*!40000 ALTER TABLE `languages` DISABLE KEYS */;
INSERT INTO `languages` VALUES (1,0,'nl','nl_NL','Dutch','%A %e %B %Y','%A %e %B %Y',1,0),(2,1,'en','en_GB','English','%A %B %e %Y','%A %B %e %Y',2,0),(3,1,'fr','fr_FR','French','%A %B %e %Y','%A %B %e %Y',4,0),(4,0,'de','de_DE','German','%A %e. %B %Y','%A %e. %B %Y',3,0),(5,1,'ar','ar_AE','Arabic','%A %e. %B %Y','%A %e. %B %Y',5,1),(6,1,'ckb','ckb_TR','Sorani / Central Kurdish','%A %e. %B %Y','%A %e. %B %Y',6,1),(8,1,NULL,NULL,'Urdu','%A %B %e %Y','%A %B %e %Y',7,1),(9,1,NULL,NULL,'Kurmanji / Northern Kurdish',NULL,NULL,9,0),(10,1,NULL,NULL,'Farsi',NULL,NULL,10,1),(11,1,NULL,NULL,'Pashto',NULL,NULL,11,1),(12,1,NULL,NULL,'Tigrinya',NULL,NULL,12,0),(13,1,NULL,NULL,'Amharic',NULL,NULL,13,0),(14,1,NULL,NULL,'Lingala',NULL,NULL,15,0),(15,1,NULL,NULL,'Somali',NULL,NULL,15,0),(16,1,NULL,NULL,'Dari',NULL,NULL,16,0);
/*!40000 ALTER TABLE `languages` ENABLE KEYS */;
UNLOCK TABLES;

--
-- Table structure for table `laundry_appointments`
--

DROP TABLE IF EXISTS `laundry_appointments`;
/*!40101 SET @saved_cs_client     = @@character_set_client */;
/*!40101 SET character_set_client = utf8 */;
CREATE TABLE `laundry_appointments` (
  `id` int unsigned NOT NULL AUTO_INCREMENT,
  `cyclestart` date DEFAULT NULL,
  `timeslot` int unsigned NOT NULL,
  `people_id` int unsigned DEFAULT NULL,
  `created` datetime DEFAULT NULL,
  `created_by` int unsigned DEFAULT NULL,
  `modified` datetime DEFAULT NULL,
  `modified_by` int unsigned DEFAULT NULL,
  `noshow` tinyint NOT NULL DEFAULT '0',
  `dropoff` tinyint NOT NULL DEFAULT '0',
  `collected` tinyint NOT NULL DEFAULT '0',
  `comment` text NOT NULL,
  PRIMARY KEY (`id`),
  KEY `timeslot` (`timeslot`),
  KEY `created_by` (`created_by`),
  KEY `modified_by` (`modified_by`),
  KEY `people_id` (`people_id`),
  CONSTRAINT `laundry_appointments_ibfk_3` FOREIGN KEY (`timeslot`) REFERENCES `laundry_slots` (`id`) ON UPDATE CASCADE,
  CONSTRAINT `laundry_appointments_ibfk_5` FOREIGN KEY (`created_by`) REFERENCES `cms_users` (`id`) ON DELETE SET NULL ON UPDATE CASCADE,
  CONSTRAINT `laundry_appointments_ibfk_6` FOREIGN KEY (`modified_by`) REFERENCES `cms_users` (`id`) ON DELETE SET NULL ON UPDATE CASCADE,
  CONSTRAINT `laundry_appointments_ibfk_7` FOREIGN KEY (`people_id`) REFERENCES `people` (`id`) ON DELETE SET NULL ON UPDATE CASCADE
) ENGINE=InnoDB DEFAULT CHARSET=utf8 ROW_FORMAT=DYNAMIC;
/*!40101 SET character_set_client = @saved_cs_client */;

--
-- Dumping data for table `laundry_appointments`
--

LOCK TABLES `laundry_appointments` WRITE;
/*!40000 ALTER TABLE `laundry_appointments` DISABLE KEYS */;
/*!40000 ALTER TABLE `laundry_appointments` ENABLE KEYS */;
UNLOCK TABLES;

--
-- Table structure for table `laundry_machines`
--

DROP TABLE IF EXISTS `laundry_machines`;
/*!40101 SET @saved_cs_client     = @@character_set_client */;
/*!40101 SET character_set_client = utf8 */;
CREATE TABLE `laundry_machines` (
  `id` int unsigned NOT NULL AUTO_INCREMENT,
  `label` varchar(255) DEFAULT NULL,
  `station` int unsigned NOT NULL,
  PRIMARY KEY (`id`),
  KEY `station` (`station`),
  CONSTRAINT `laundry_machines_ibfk_1` FOREIGN KEY (`station`) REFERENCES `laundry_stations` (`id`) ON UPDATE CASCADE
) ENGINE=InnoDB DEFAULT CHARSET=utf8 ROW_FORMAT=DYNAMIC;
/*!40101 SET character_set_client = @saved_cs_client */;

--
-- Dumping data for table `laundry_machines`
--

LOCK TABLES `laundry_machines` WRITE;
/*!40000 ALTER TABLE `laundry_machines` DISABLE KEYS */;
/*!40000 ALTER TABLE `laundry_machines` ENABLE KEYS */;
UNLOCK TABLES;

--
-- Table structure for table `laundry_slots`
--

DROP TABLE IF EXISTS `laundry_slots`;
/*!40101 SET @saved_cs_client     = @@character_set_client */;
/*!40101 SET character_set_client = utf8 */;
CREATE TABLE `laundry_slots` (
  `id` int unsigned NOT NULL AUTO_INCREMENT,
  `day` tinyint DEFAULT NULL,
  `time` int unsigned NOT NULL,
  `machine` int unsigned NOT NULL,
  PRIMARY KEY (`id`),
  KEY `machine` (`machine`),
  KEY `time` (`time`),
  CONSTRAINT `laundry_slots_ibfk_1` FOREIGN KEY (`machine`) REFERENCES `laundry_machines` (`id`) ON UPDATE CASCADE,
  CONSTRAINT `laundry_slots_ibfk_2` FOREIGN KEY (`time`) REFERENCES `laundry_times` (`id`) ON UPDATE CASCADE
) ENGINE=InnoDB DEFAULT CHARSET=utf8 ROW_FORMAT=DYNAMIC;
/*!40101 SET character_set_client = @saved_cs_client */;

--
-- Dumping data for table `laundry_slots`
--

LOCK TABLES `laundry_slots` WRITE;
/*!40000 ALTER TABLE `laundry_slots` DISABLE KEYS */;
/*!40000 ALTER TABLE `laundry_slots` ENABLE KEYS */;
UNLOCK TABLES;

--
-- Table structure for table `laundry_stations`
--

DROP TABLE IF EXISTS `laundry_stations`;
/*!40101 SET @saved_cs_client     = @@character_set_client */;
/*!40101 SET character_set_client = utf8 */;
CREATE TABLE `laundry_stations` (
  `id` int unsigned NOT NULL AUTO_INCREMENT,
  `label` varchar(50) DEFAULT NULL,
  `access` varchar(255) NOT NULL DEFAULT 'TRUE',
  `camp_id` int unsigned NOT NULL,
  PRIMARY KEY (`id`),
  KEY `camp_id` (`camp_id`),
  CONSTRAINT `laundry_stations_ibfk_1` FOREIGN KEY (`camp_id`) REFERENCES `camps` (`id`) ON UPDATE CASCADE
) ENGINE=InnoDB DEFAULT CHARSET=utf8 ROW_FORMAT=DYNAMIC;
/*!40101 SET character_set_client = @saved_cs_client */;

--
-- Dumping data for table `laundry_stations`
--

LOCK TABLES `laundry_stations` WRITE;
/*!40000 ALTER TABLE `laundry_stations` DISABLE KEYS */;
/*!40000 ALTER TABLE `laundry_stations` ENABLE KEYS */;
UNLOCK TABLES;

--
-- Table structure for table `laundry_times`
--

DROP TABLE IF EXISTS `laundry_times`;
/*!40101 SET @saved_cs_client     = @@character_set_client */;
/*!40101 SET character_set_client = utf8 */;
CREATE TABLE `laundry_times` (
  `id` int unsigned NOT NULL AUTO_INCREMENT,
  `label` varchar(20) DEFAULT NULL,
  PRIMARY KEY (`id`)
) ENGINE=InnoDB DEFAULT CHARSET=utf8 ROW_FORMAT=DYNAMIC;
/*!40101 SET character_set_client = @saved_cs_client */;

--
-- Dumping data for table `laundry_times`
--

LOCK TABLES `laundry_times` WRITE;
/*!40000 ALTER TABLE `laundry_times` DISABLE KEYS */;
/*!40000 ALTER TABLE `laundry_times` ENABLE KEYS */;
UNLOCK TABLES;

--
-- Table structure for table `library`
--

DROP TABLE IF EXISTS `library`;
/*!40101 SET @saved_cs_client     = @@character_set_client */;
/*!40101 SET character_set_client = utf8 */;
CREATE TABLE `library` (
  `id` int unsigned NOT NULL AUTO_INCREMENT,
  `code` varchar(255) DEFAULT NULL,
  `booktitle_en` varchar(255) DEFAULT NULL,
  `booktitle_ar` varchar(255) DEFAULT NULL,
  `author` varchar(255) DEFAULT NULL,
  `type_id` int unsigned DEFAULT NULL,
  `deleted` tinyint NOT NULL DEFAULT '0',
  `visible` tinyint NOT NULL DEFAULT '0',
  `comment` text NOT NULL,
  `created` datetime DEFAULT NULL,
  `created_by` int unsigned DEFAULT NULL,
  `modified` datetime DEFAULT NULL,
  `modified_by` int unsigned DEFAULT NULL,
  `camp_id` int unsigned NOT NULL,
  PRIMARY KEY (`id`),
  KEY `camp_id` (`camp_id`),
  KEY `type_id` (`type_id`),
  KEY `created_by` (`created_by`),
  KEY `modified_by` (`modified_by`),
  CONSTRAINT `library_ibfk_1` FOREIGN KEY (`camp_id`) REFERENCES `camps` (`id`) ON UPDATE CASCADE,
  CONSTRAINT `library_ibfk_4` FOREIGN KEY (`type_id`) REFERENCES `library_type` (`id`) ON UPDATE CASCADE,
  CONSTRAINT `library_ibfk_5` FOREIGN KEY (`created_by`) REFERENCES `cms_users` (`id`) ON DELETE SET NULL ON UPDATE CASCADE,
  CONSTRAINT `library_ibfk_6` FOREIGN KEY (`modified_by`) REFERENCES `cms_users` (`id`) ON DELETE SET NULL ON UPDATE CASCADE
) ENGINE=InnoDB AUTO_INCREMENT=101 DEFAULT CHARSET=utf8 ROW_FORMAT=DYNAMIC;
/*!40101 SET character_set_client = @saved_cs_client */;

--
-- Dumping data for table `library`
--

LOCK TABLES `library` WRITE;
/*!40000 ALTER TABLE `library` DISABLE KEYS */;
INSERT INTO `library` VALUES (1,'82016562','Versatile user-facing intranet',NULL,'Marks, Lang and Johnson',1,0,1,'',NULL,NULL,NULL,NULL,1),(2,'15442666','Diverse disintermediate framework',NULL,'Predovic Group',1,0,0,'',NULL,NULL,NULL,NULL,1),(3,'62113380','Digitized homogeneous neural-net',NULL,'Kunze, Langosh and McGlynn',1,0,0,'',NULL,NULL,NULL,NULL,1),(4,'78533516','Re-engineered bifurcated hub',NULL,'Jakubowski-Cormier',2,0,0,'',NULL,NULL,NULL,NULL,1),(5,'02609621','Object-based neutral application',NULL,'Marvin, Torphy and Boyer',1,0,0,'',NULL,NULL,NULL,NULL,1),(6,'49428971','Persistent global conglomeration',NULL,'Breitenberg PLC',1,0,1,'',NULL,NULL,NULL,NULL,1),(7,'34982624','Stand-alone interactive middleware',NULL,'Lesch Group',1,0,0,'',NULL,NULL,NULL,NULL,1),(8,'79308977','Networked multi-state methodology',NULL,'Schimmel-Zboncak',1,0,0,'',NULL,NULL,NULL,NULL,1),(9,'84026415','Switchable neutral solution',NULL,'Kuhic, Kuphal and Schaden',1,0,1,'',NULL,NULL,NULL,NULL,1),(10,'66363651','Public-key local policy',NULL,'Dickinson-Kerluke',2,0,1,'',NULL,NULL,NULL,NULL,1),(11,'46784247','Multi-lateral didactic time-frame',NULL,'Koch, Schultz and Bode',2,0,1,'',NULL,NULL,NULL,NULL,1),(12,'82288464','Decentralized incremental leverage',NULL,'Balistreri, Gaylord and Rosenbaum',1,0,0,'',NULL,NULL,NULL,NULL,1),(13,'88830377','Adaptive 6thgeneration toolset',NULL,'Dietrich-Prosacco',2,0,0,'',NULL,NULL,NULL,NULL,1),(14,'23931138','Multi-tiered stable time-frame',NULL,'Mayer LLC',1,0,0,'',NULL,NULL,NULL,NULL,1),(15,'24063418','Automated actuating website',NULL,'Luettgen, Larkin and Kuvalis',2,0,0,'',NULL,NULL,NULL,NULL,1),(16,'55363389','Re-engineered full-range function',NULL,'Cummerata-Walter',1,0,0,'',NULL,NULL,NULL,NULL,1),(17,'37921057','Re-contextualized 24/7 forecast',NULL,'Sauer, Gleichner and Nader',1,0,0,'',NULL,NULL,NULL,NULL,1),(18,'96919897','Horizontal multi-state infrastructure',NULL,'Farrell-Kunze',2,0,0,'',NULL,NULL,NULL,NULL,1),(19,'17619615','Profound fresh-thinking hierarchy',NULL,'Wiza-Olson',2,0,0,'',NULL,NULL,NULL,NULL,1),(20,'31325851','Versatile web-enabled model',NULL,'Bayer, Hauck and Schneider',1,0,0,'',NULL,NULL,NULL,NULL,1),(21,'57873060','Synergized even-keeled groupware',NULL,'Schaden-Sipes',2,0,0,'',NULL,NULL,NULL,NULL,1),(22,'03695760','Robust logistical blockchain',NULL,'Stroman-McCullough',2,0,0,'',NULL,NULL,NULL,NULL,1),(23,'19885193','Configurable interactive frame',NULL,'Schaefer Ltd',2,0,1,'',NULL,NULL,NULL,NULL,1),(24,'79822053','Profit-focused leadingedge policy',NULL,'Bosco, Ward and McDermott',2,0,1,'',NULL,NULL,NULL,NULL,1),(25,'07996313','Integrated web-enabled challenge',NULL,'Hodkiewicz, Tremblay and Dare',2,0,1,'',NULL,NULL,NULL,NULL,1),(26,'46781819','Multi-tiered eco-centric hierarchy',NULL,'Gutkowski-Reilly',2,0,1,'',NULL,NULL,NULL,NULL,1),(27,'81764419','Operative background solution',NULL,'Schaden Ltd',2,0,1,'',NULL,NULL,NULL,NULL,1),(28,'09289628','Focused secondary circuit',NULL,'Turcotte-Thompson',1,0,0,'',NULL,NULL,NULL,NULL,1),(29,'78739369','Open-source non-volatile paradigm',NULL,'Wisozk-Lockman',1,0,1,'',NULL,NULL,NULL,NULL,1),(30,'27543788','Visionary systematic throughput',NULL,'Rutherford-Hartmann',2,0,0,'',NULL,NULL,NULL,NULL,1),(31,'16146655','Robust bandwidth-monitored service-desk',NULL,'Reichel and Sons',2,0,0,'',NULL,NULL,NULL,NULL,1),(32,'62327237','Secured non-volatile algorithm',NULL,'Farrell LLC',1,0,0,'',NULL,NULL,NULL,NULL,1),(33,'91011947','Advanced 4thgeneration approach',NULL,'Howell-McKenzie',1,0,1,'',NULL,NULL,NULL,NULL,1),(34,'81946532','Upgradable uniform alliance',NULL,'Mohr-Auer',1,0,1,'',NULL,NULL,NULL,NULL,1),(35,'79745567','Assimilated bandwidth-monitored parallelism',NULL,'Zemlak-Hintz',2,0,1,'',NULL,NULL,NULL,NULL,1),(36,'40928494','Innovative zerotolerance time-frame',NULL,'Little-Hessel',1,0,1,'',NULL,NULL,NULL,NULL,1),(37,'42536727','Multi-tiered grid-enabled customerloyalty',NULL,'Romaguera-Ledner',1,0,0,'',NULL,NULL,NULL,NULL,1),(38,'26037738','De-engineered client-server knowledgeuser',NULL,'Quigley Inc',2,0,0,'',NULL,NULL,NULL,NULL,1),(39,'22033413','Visionary human-resource capability',NULL,'Romaguera, O\'Reilly and Hahn',1,0,0,'',NULL,NULL,NULL,NULL,1),(40,'74837397','Cross-group bifurcated capability',NULL,'West-Stanton',2,0,1,'',NULL,NULL,NULL,NULL,1),(41,'73660057','Realigned homogeneous website',NULL,'Bailey and Sons',2,0,1,'',NULL,NULL,NULL,NULL,1),(42,'89334652','Grass-roots multi-state capability',NULL,'Bartoletti and Sons',2,0,1,'',NULL,NULL,NULL,NULL,1),(43,'36827954','Centralized motivating knowledgebase',NULL,'Block Group',2,0,0,'',NULL,NULL,NULL,NULL,1),(44,'49548839','Innovative hybrid algorithm',NULL,'Sauer, Zulauf and Mayer',1,0,1,'',NULL,NULL,NULL,NULL,1),(45,'43235018','Operative bandwidth-monitored knowledgebase',NULL,'Eichmann Inc',2,0,0,'',NULL,NULL,NULL,NULL,1),(46,'31189835','User-centric encompassing protocol',NULL,'Cole-Johnson',2,0,0,'',NULL,NULL,NULL,NULL,1),(47,'79674539','Compatible bandwidth-monitored conglomeration',NULL,'Collins, O\'Kon and Gottlieb',2,0,1,'',NULL,NULL,NULL,NULL,1),(48,'18962024','Centralized client-driven neural-net',NULL,'Franecki PLC',2,0,0,'',NULL,NULL,NULL,NULL,1),(49,'75650025','Automated optimal array',NULL,'Kemmer, Wiza and Erdman',1,0,0,'',NULL,NULL,NULL,NULL,1),(50,'04732877','Extended secondary orchestration',NULL,'Fay Inc',2,0,1,'',NULL,NULL,NULL,NULL,1),(51,'76589737','Intuitive modular budgetarymanagement',NULL,'Daniel-Bergstrom',2,0,0,'',NULL,NULL,NULL,NULL,1),(52,'01323702','Polarised 24hour blockchain',NULL,'Hoeger, Marquardt and Shanahan',1,0,1,'',NULL,NULL,NULL,NULL,1),(53,'81377237','Multi-layered dedicated database',NULL,'Pouros-O\'Conner',1,0,0,'',NULL,NULL,NULL,NULL,1),(54,'24625357','Robust regional core',NULL,'Lindgren Inc',2,0,0,'',NULL,NULL,NULL,NULL,1),(55,'74950355','Operative object-oriented benchmark',NULL,'Lesch-Monahan',2,0,1,'',NULL,NULL,NULL,NULL,1),(56,'17572415','Virtual uniform pricingstructure',NULL,'Schiller, Mayer and Jones',2,0,0,'',NULL,NULL,NULL,NULL,1),(57,'08737915','Synchronised non-volatile moderator',NULL,'Nikolaus, Schuster and Harvey',1,0,1,'',NULL,NULL,NULL,NULL,1),(58,'11021858','User-centric zerodefect benchmark',NULL,'Larson-Larson',2,0,1,'',NULL,NULL,NULL,NULL,1),(59,'84093387','Monitored object-oriented protocol',NULL,'Kuhlman, Skiles and Huels',1,0,1,'',NULL,NULL,NULL,NULL,1),(60,'63708639','Function-based maximized access',NULL,'Ziemann-Hickle',1,0,0,'',NULL,NULL,NULL,NULL,1),(61,'69415258','Operative didactic matrices',NULL,'Wilkinson, Bechtelar and Reilly',2,0,0,'',NULL,NULL,NULL,NULL,1),(62,'64093864','Advanced upward-trending project',NULL,'Wunsch-Nolan',1,0,0,'',NULL,NULL,NULL,NULL,1),(63,'43213313','Configurable discrete challenge',NULL,'Leffler PLC',2,0,1,'',NULL,NULL,NULL,NULL,1),(64,'48930123','Distributed demand-driven encryption',NULL,'Friesen-Kerluke',1,0,0,'',NULL,NULL,NULL,NULL,1),(65,'87128314','Total value-added algorithm',NULL,'Nader, Parisian and Boyer',2,0,1,'',NULL,NULL,NULL,NULL,1),(66,'42811589','User-centric logistical frame',NULL,'Gislason and Sons',1,0,0,'',NULL,NULL,NULL,NULL,1),(67,'74517787','Decentralized bandwidth-monitored groupware',NULL,'Wiza and Sons',2,0,0,'',NULL,NULL,NULL,NULL,1),(68,'74582976','Business-focused transitional infrastructure',NULL,'Brekke-Douglas',1,0,0,'',NULL,NULL,NULL,NULL,1),(69,'28578208','Synergistic grid-enabled database',NULL,'Littel, Kertzmann and Eichmann',1,0,1,'',NULL,NULL,NULL,NULL,1),(70,'18969771','Ameliorated cohesive GraphicalUserInterface',NULL,'Collins Inc',2,0,0,'',NULL,NULL,NULL,NULL,1),(71,'90280016','Networked real-time neural-net',NULL,'Brown, Hermiston and Grady',2,0,0,'',NULL,NULL,NULL,NULL,1),(72,'54502512','Decentralized hybrid portal',NULL,'Johns, Jast and Weber',2,0,0,'',NULL,NULL,NULL,NULL,1),(73,'65695760','Realigned needs-based localareanetwork',NULL,'Prosacco-Heathcote',2,0,1,'',NULL,NULL,NULL,NULL,1),(74,'03660591','Polarised radical groupware',NULL,'Keeling Group',2,0,0,'',NULL,NULL,NULL,NULL,1),(75,'97385752','Automated holistic matrix',NULL,'Moore-Ryan',1,0,0,'',NULL,NULL,NULL,NULL,1),(76,'99441890','Universal national focusgroup',NULL,'Hettinger, Boyer and Leannon',2,0,1,'',NULL,NULL,NULL,NULL,1),(77,'55932738','Cross-group dedicated artificialintelligence',NULL,'Schneider PLC',2,0,1,'',NULL,NULL,NULL,NULL,1),(78,'53439253','Multi-layered modular initiative',NULL,'Veum and Sons',1,0,0,'',NULL,NULL,NULL,NULL,1),(79,'95681863','Triple-buffered impactful concept',NULL,'Greenholt-Barton',2,0,0,'',NULL,NULL,NULL,NULL,1),(80,'06849443','Pre-emptive 24/7 collaboration',NULL,'Cormier-Ruecker',1,0,1,'',NULL,NULL,NULL,NULL,1),(81,'07569470','Expanded systematic functionalities',NULL,'Donnelly-Denesik',2,0,0,'',NULL,NULL,NULL,NULL,1),(82,'08842312','Operative secondary approach',NULL,'Padberg, Bailey and Langosh',2,0,1,'',NULL,NULL,NULL,NULL,1),(83,'48945349','Versatile incremental methodology',NULL,'Crooks Inc',2,0,0,'',NULL,NULL,NULL,NULL,1),(84,'59900573','Quality-focused demand-driven internetsolution',NULL,'Schaden LLC',1,0,1,'',NULL,NULL,NULL,NULL,1),(85,'25583830','Universal dynamic utilisation',NULL,'Zemlak Group',1,0,0,'',NULL,NULL,NULL,NULL,1),(86,'11978824','Innovative contextually-based extranet',NULL,'Effertz Ltd',1,0,0,'',NULL,NULL,NULL,NULL,1),(87,'10195055','Stand-alone didactic internetsolution',NULL,'Farrell LLC',1,0,1,'',NULL,NULL,NULL,NULL,1),(88,'22048516','Triple-buffered regional time-frame',NULL,'Towne-Bechtelar',1,0,1,'',NULL,NULL,NULL,NULL,1),(89,'26356037','Quality-focused radical forecast',NULL,'Funk, Leuschke and Nienow',1,0,1,'',NULL,NULL,NULL,NULL,1),(90,'32314540','Function-based optimizing superstructure',NULL,'Vandervort-Weber',2,0,1,'',NULL,NULL,NULL,NULL,1),(91,'83624919','User-centric fault-tolerant hierarchy',NULL,'Beatty, Roob and Rutherford',1,0,0,'',NULL,NULL,NULL,NULL,1),(92,'16108356','Future-proofed 3rdgeneration model',NULL,'McDermott LLC',1,0,0,'',NULL,NULL,NULL,NULL,1),(93,'12586080','Quality-focused zerotolerance knowledgebase',NULL,'Gerlach-Moore',1,0,1,'',NULL,NULL,NULL,NULL,1),(94,'70692860','Secured motivating capacity',NULL,'Pacocha, Lubowitz and Reichel',2,0,1,'',NULL,NULL,NULL,NULL,1),(95,'05445585','Synchronised 5thgeneration challenge',NULL,'Nicolas Ltd',1,0,0,'',NULL,NULL,NULL,NULL,1),(96,'75725426','Progressive background hardware',NULL,'Bauch, McClure and Grant',1,0,0,'',NULL,NULL,NULL,NULL,1),(97,'60684585','Up-sized scalable leverage',NULL,'Greenholt-Thiel',2,0,0,'',NULL,NULL,NULL,NULL,1),(98,'56918526','Reverse-engineered context-sensitive access',NULL,'Dicki, Corkery and Konopelski',1,0,0,'',NULL,NULL,NULL,NULL,1),(99,'43509249','Sharable bifurcated processimprovement',NULL,'Mitchell, Lubowitz and O\'Kon',2,0,1,'',NULL,NULL,NULL,NULL,1),(100,'13562960','Automated bandwidth-monitored localareanetwork',NULL,'Senger and Sons',1,0,1,'',NULL,NULL,NULL,NULL,1);
/*!40000 ALTER TABLE `library` ENABLE KEYS */;
UNLOCK TABLES;

--
-- Table structure for table `library_transactions`
--

DROP TABLE IF EXISTS `library_transactions`;
/*!40101 SET @saved_cs_client     = @@character_set_client */;
/*!40101 SET character_set_client = utf8 */;
CREATE TABLE `library_transactions` (
  `id` int unsigned NOT NULL AUTO_INCREMENT,
  `transaction_date` datetime DEFAULT NULL,
  `book_id` int DEFAULT NULL,
  `people_id` int unsigned DEFAULT NULL,
  `status` varchar(5) DEFAULT NULL,
  `created` datetime DEFAULT NULL,
  `created_by` int unsigned DEFAULT NULL,
  `modified` datetime DEFAULT NULL,
  `modified_by` int unsigned DEFAULT NULL,
  `comment` text NOT NULL,
  PRIMARY KEY (`id`),
  KEY `created_by` (`created_by`),
  KEY `modified_by` (`modified_by`),
  KEY `people_id` (`people_id`),
  CONSTRAINT `library_transactions_ibfk_4` FOREIGN KEY (`created_by`) REFERENCES `cms_users` (`id`) ON DELETE SET NULL ON UPDATE CASCADE,
  CONSTRAINT `library_transactions_ibfk_5` FOREIGN KEY (`modified_by`) REFERENCES `cms_users` (`id`) ON DELETE SET NULL ON UPDATE CASCADE,
  CONSTRAINT `library_transactions_ibfk_6` FOREIGN KEY (`people_id`) REFERENCES `people` (`id`) ON DELETE SET NULL ON UPDATE CASCADE
) ENGINE=InnoDB DEFAULT CHARSET=utf8 ROW_FORMAT=DYNAMIC;
/*!40101 SET character_set_client = @saved_cs_client */;

--
-- Dumping data for table `library_transactions`
--

LOCK TABLES `library_transactions` WRITE;
/*!40000 ALTER TABLE `library_transactions` DISABLE KEYS */;
/*!40000 ALTER TABLE `library_transactions` ENABLE KEYS */;
UNLOCK TABLES;

--
-- Table structure for table `library_type`
--

DROP TABLE IF EXISTS `library_type`;
/*!40101 SET @saved_cs_client     = @@character_set_client */;
/*!40101 SET character_set_client = utf8 */;
CREATE TABLE `library_type` (
  `id` int unsigned NOT NULL AUTO_INCREMENT,
  `label` varchar(255) DEFAULT NULL,
  `camp_id` int unsigned NOT NULL,
  PRIMARY KEY (`id`),
  KEY `camp_id` (`camp_id`),
  CONSTRAINT `library_type_ibfk_1` FOREIGN KEY (`camp_id`) REFERENCES `camps` (`id`) ON UPDATE CASCADE
) ENGINE=InnoDB AUTO_INCREMENT=3 DEFAULT CHARSET=utf8 ROW_FORMAT=DYNAMIC;
/*!40101 SET character_set_client = @saved_cs_client */;

--
-- Dumping data for table `library_type`
--

LOCK TABLES `library_type` WRITE;
/*!40000 ALTER TABLE `library_type` DISABLE KEYS */;
INSERT INTO `library_type` VALUES (1,'Books',1),(2,'Magazines',1);
/*!40000 ALTER TABLE `library_type` ENABLE KEYS */;
UNLOCK TABLES;

--
-- Table structure for table `locations`
--

DROP TABLE IF EXISTS `locations`;
/*!40101 SET @saved_cs_client     = @@character_set_client */;
/*!40101 SET character_set_client = utf8 */;
CREATE TABLE `locations` (
  `id` int unsigned NOT NULL AUTO_INCREMENT,
  `label` varchar(20) NOT NULL,
  `camp_id` int unsigned NOT NULL,
  `seq` int DEFAULT NULL,
  `created` datetime DEFAULT NULL,
  `created_by` int unsigned DEFAULT NULL,
  `modified` datetime DEFAULT NULL,
  `modified_by` int unsigned DEFAULT NULL,
  `visible` tinyint NOT NULL DEFAULT '1',
  `container_stock` tinyint NOT NULL DEFAULT '0',
  `is_market` tinyint NOT NULL DEFAULT '0',
  `is_donated` tinyint NOT NULL DEFAULT '0',
  `is_lost` tinyint NOT NULL DEFAULT '0',
  `type` varchar(20) NOT NULL DEFAULT 'Warehouse',
  `latitude` double DEFAULT NULL,
  `longitude` double DEFAULT NULL,
  `description` varchar(255) DEFAULT NULL,
  `deleted` datetime DEFAULT NULL,
  `is_scrap` tinyint(1) NOT NULL DEFAULT '0',
  `box_state_id` int unsigned NOT NULL DEFAULT '1',
  PRIMARY KEY (`id`),
  KEY `camp_id` (`camp_id`),
  KEY `box_state_id` (`box_state_id`),
  KEY `created_by` (`created_by`),
  KEY `modified_by` (`modified_by`),
  KEY `locations_type_index` (`type`),
  KEY `locations_latitude_index` (`latitude`),
  KEY `locations_longitude_index` (`longitude`),
  CONSTRAINT `locations_ibfk_1` FOREIGN KEY (`camp_id`) REFERENCES `camps` (`id`) ON UPDATE CASCADE,
  CONSTRAINT `locations_ibfk_4` FOREIGN KEY (`box_state_id`) REFERENCES `box_state` (`id`) ON UPDATE CASCADE,
  CONSTRAINT `locations_ibfk_5` FOREIGN KEY (`box_state_id`) REFERENCES `box_state` (`id`) ON UPDATE CASCADE,
  CONSTRAINT `locations_ibfk_6` FOREIGN KEY (`created_by`) REFERENCES `cms_users` (`id`) ON DELETE SET NULL ON UPDATE CASCADE,
  CONSTRAINT `locations_ibfk_7` FOREIGN KEY (`modified_by`) REFERENCES `cms_users` (`id`) ON DELETE SET NULL ON UPDATE CASCADE
) ENGINE=InnoDB AUTO_INCREMENT=100000060 DEFAULT CHARSET=utf8 ROW_FORMAT=DYNAMIC;
/*!40101 SET character_set_client = @saved_cs_client */;

--
-- Dumping data for table `locations`
--

LOCK TABLES `locations` WRITE;
/*!40000 ALTER TABLE `locations` DISABLE KEYS */;
INSERT INTO `locations` VALUES (100000000,'TestShop',100000000,NULL,NULL,NULL,NULL,NULL,0,0,1,0,0,'Warehouse',NULL,NULL,NULL,NULL,0,5),
  (100000001,'TestLOST',100000000,NULL,NULL,NULL,NULL,NULL,0,0,0,0,1,'Warehouse',NULL,NULL,NULL,'2022-12-21 18:00:00',0,2),
  (100000002,'TestDonated',100000000,NULL,NULL,NULL,NULL,NULL,0,0,0,1,0,'Warehouse',NULL,NULL,NULL,NULL,0,5),
  (100000003,'TestWarehouse',100000000,NULL,NULL,NULL,NULL,NULL,1,0,0,0,0,'Warehouse',NULL,NULL,NULL,NULL,0,1),
  (100000004,'TestStockroom',100000000,NULL,NULL,NULL,NULL,NULL,1,1,0,0,0,'Warehouse',NULL,NULL,NULL,NULL,0,1),
  (100000005,'TestDummyLocation',100000001,NULL,NULL,NULL,NULL,NULL,0,0,1,0,0,'Warehouse',NULL,NULL,NULL,NULL,0,5),
  (100000006,'TestSCRAP',100000000,NULL,NULL,NULL,NULL,NULL,0,0,0,0,0,'Warehouse',NULL,NULL,NULL,'2022-12-21 18:00:00',1,6),
  (100000036,'Stockroom',1,NULL,'2023-04-11 10:00:49',8,NULL,NULL,1,1,0,0,0,'Warehouse',NULL,NULL,'',NULL,0,1),
  (100000037,'WH',1,NULL,'2023-04-11 20:01:01',6,NULL,NULL,1,0,0,0,0,'Warehouse',NULL,NULL,'',NULL,0,1),
  (100000038,'WH2',1,NULL,'2023-04-12 06:01:13',3,NULL,NULL,1,0,0,0,0,'Warehouse',NULL,NULL,'',NULL,0,1),
  (100000039,'FreeShop',1,NULL,'2023-04-12 16:01:25',7,NULL,NULL,1,0,1,1,0,'Warehouse',NULL,NULL,'',NULL,0,5),
  (100000040,'Donated location',1,NULL,'2023-04-13 02:01:37',7,NULL,NULL,1,0,0,1,0,'Warehouse',NULL,NULL,'',NULL,0,5),
  (100000041,'Unused WH',1,NULL,'2023-04-13 12:01:49',23,NULL,NULL,0,0,0,0,0,'Warehouse',NULL,NULL,'','2023-04-13 22:02:01',0,1),
  (100000042,'Stockroom',2,NULL,'2023-04-14 08:02:13',11,NULL,NULL,1,1,0,0,0,'Warehouse',NULL,NULL,'',NULL,0,1),
  (100000043,'WH',2,NULL,'2023-04-14 18:02:25',18,NULL,NULL,1,0,0,0,0,'Warehouse',NULL,NULL,'',NULL,0,1),
  (100000044,'WH2',2,NULL,'2023-04-15 04:02:37',16,NULL,NULL,1,0,0,0,0,'Warehouse',NULL,NULL,'',NULL,0,1),
  (100000045,'FreeShop',2,NULL,'2023-04-15 14:02:49',18,NULL,NULL,1,0,1,1,0,'Warehouse',NULL,NULL,'',NULL,0,5),
  (100000046,'Donated location',2,NULL,'2023-04-16 00:03:01',17,NULL,NULL,1,0,0,1,0,'Warehouse',NULL,NULL,'',NULL,0,5),
  (100000047,'Unused WH',2,NULL,'2023-04-16 10:03:13',15,NULL,NULL,0,0,0,0,0,'Warehouse',NULL,NULL,'','2023-04-16 20:03:25',0,1),
  (100000048,'Stockroom',3,NULL,'2023-04-17 06:03:37',10,NULL,NULL,1,1,0,0,0,'Warehouse',NULL,NULL,'',NULL,0,1),
  (100000049,'WH',3,NULL,'2023-04-17 16:03:49',12,NULL,NULL,1,0,0,0,0,'Warehouse',NULL,NULL,'',NULL,0,1),
  (100000050,'WH2',3,NULL,'2023-04-18 02:04:01',10,NULL,NULL,1,0,0,0,0,'Warehouse',NULL,NULL,'',NULL,0,1),
  (100000051,'FreeShop',3,NULL,'2023-04-18 12:04:13',18,NULL,NULL,1,0,1,1,0,'Warehouse',NULL,NULL,'',NULL,0,5),
  (100000052,'Donated location',3,NULL,'2023-04-18 22:04:25',15,NULL,NULL,1,0,0,1,0,'Warehouse',NULL,NULL,'',NULL,0,5),
  (100000053,'Unused WH',3,NULL,'2023-04-19 08:04:37',15,NULL,NULL,0,0,0,0,0,'Warehouse',NULL,NULL,'','2023-04-19 18:04:49',0,1),
  (100000054,'Stockroom',4,NULL,'2023-04-20 04:05:01',39,NULL,NULL,1,1,0,0,0,'Warehouse',NULL,NULL,'',NULL,0,1),
  (100000055,'WH',4,NULL,'2023-04-20 14:05:13',20,NULL,NULL,1,0,0,0,0,'Warehouse',NULL,NULL,'',NULL,0,1),
  (100000056,'WH2',4,NULL,'2023-04-21 00:05:25',37,NULL,NULL,1,0,0,0,0,'Warehouse',NULL,NULL,'',NULL,0,1),
  (100000057,'FreeShop',4,NULL,'2023-04-21 10:05:37',41,NULL,NULL,1,0,1,1,0,'Warehouse',NULL,NULL,'',NULL,0,5),
  (100000058,'Donated location',4,NULL,'2023-04-21 20:05:49',10,NULL,NULL,1,0,0,1,0,'Warehouse',NULL,NULL,'',NULL,0,5),
  (100000059,'Unused WH',4,NULL,'2023-04-22 06:06:01',39,NULL,NULL,0,0,0,0,0,'Warehouse',NULL,NULL,'','2023-04-22 16:06:13',0,1);
/*!40000 ALTER TABLE `locations` ENABLE KEYS */;
UNLOCK TABLES;

--
-- Table structure for table `log`
--

DROP TABLE IF EXISTS `log`;
/*!40101 SET @saved_cs_client     = @@character_set_client */;
/*!40101 SET character_set_client = utf8 */;
CREATE TABLE `log` (
  `id` int unsigned NOT NULL AUTO_INCREMENT,
  `logdate` datetime DEFAULT NULL,
  `content` text,
  `ip` varchar(255) DEFAULT NULL,
  `user` varchar(255) DEFAULT NULL,
  PRIMARY KEY (`id`)
) ENGINE=InnoDB DEFAULT CHARSET=utf8 ROW_FORMAT=DYNAMIC;
/*!40101 SET character_set_client = @saved_cs_client */;

--
-- Dumping data for table `log`
--

LOCK TABLES `log` WRITE;
/*!40000 ALTER TABLE `log` DISABLE KEYS */;
/*!40000 ALTER TABLE `log` ENABLE KEYS */;
UNLOCK TABLES;

--
-- Table structure for table `numbers`
--

DROP TABLE IF EXISTS `numbers`;
/*!40101 SET @saved_cs_client     = @@character_set_client */;
/*!40101 SET character_set_client = utf8 */;
CREATE TABLE `numbers` (
  `value` int NOT NULL AUTO_INCREMENT,
  `label` varchar(20) NOT NULL,
  PRIMARY KEY (`value`)
) ENGINE=InnoDB AUTO_INCREMENT=11 DEFAULT CHARSET=utf8 ROW_FORMAT=DYNAMIC;
/*!40101 SET character_set_client = @saved_cs_client */;

--
-- Dumping data for table `numbers`
--

LOCK TABLES `numbers` WRITE;
/*!40000 ALTER TABLE `numbers` DISABLE KEYS */;
INSERT INTO `numbers` VALUES (0,'none'),(1,'one'),(2,'two'),(3,'three'),(4,'four'),(5,'five'),(6,'six'),(7,'seven'),(8,'eight'),(9,'nine'),(10,'ten');
/*!40000 ALTER TABLE `numbers` ENABLE KEYS */;
UNLOCK TABLES;

--
-- Table structure for table `organisations`
--

DROP TABLE IF EXISTS `organisations`;
/*!40101 SET @saved_cs_client     = @@character_set_client */;
/*!40101 SET character_set_client = utf8 */;
CREATE TABLE `organisations` (
  `id` int unsigned NOT NULL AUTO_INCREMENT,
  `label` varchar(255) NOT NULL,
  `created` datetime DEFAULT NULL,
  `created_by` int unsigned DEFAULT NULL,
  `deleted` datetime DEFAULT NULL,
  `modified` datetime DEFAULT NULL,
  `modified_by` int unsigned DEFAULT NULL,
  PRIMARY KEY (`id`),
  KEY `created_by` (`created_by`),
  KEY `modified_by` (`modified_by`),
  CONSTRAINT `organisations_ibfk_1` FOREIGN KEY (`created_by`) REFERENCES `cms_users` (`id`) ON DELETE SET NULL ON UPDATE CASCADE,
  CONSTRAINT `organisations_ibfk_2` FOREIGN KEY (`modified_by`) REFERENCES `cms_users` (`id`) ON DELETE SET NULL ON UPDATE CASCADE
) ENGINE=InnoDB AUTO_INCREMENT=100000006 DEFAULT CHARSET=utf8 ROW_FORMAT=DYNAMIC;
/*!40101 SET character_set_client = @saved_cs_client */;

--
-- Dumping data for table `organisations`
--

LOCK TABLES `organisations` WRITE;
/*!40000 ALTER TABLE `organisations` DISABLE KEYS */;
INSERT INTO `organisations` VALUES (1,'BoxAid',NULL,NULL,NULL,NULL,NULL),
  (2,'BoxCare',NULL,NULL,NULL,NULL,NULL),
  (100000000,'TestOrganisation','2019-07-10 08:05:56',1,NULL,NULL,NULL),
  (100000001,'DummyTestOrgWithBoxes','2019-09-29 08:05:56',1,NULL,NULL,NULL);
/*!40000 ALTER TABLE `organisations` ENABLE KEYS */;
UNLOCK TABLES;

--
-- Table structure for table `people`
--

DROP TABLE IF EXISTS `people`;
/*!40101 SET @saved_cs_client     = @@character_set_client */;
/*!40101 SET character_set_client = utf8 */;
CREATE TABLE `people` (
  `id` int unsigned NOT NULL AUTO_INCREMENT,
  `parent_id` int unsigned DEFAULT NULL,
  `seq` int NOT NULL,
  `firstname` varchar(255) NOT NULL DEFAULT '',
  `lastname` varchar(255) NOT NULL DEFAULT '',
  `date_of_birth` date DEFAULT NULL,
  `gender` varchar(255) NOT NULL DEFAULT '',
  `family_id` int NOT NULL,
  `visible` int NOT NULL DEFAULT '1',
  `created` datetime DEFAULT NULL,
  `created_by` int unsigned DEFAULT NULL,
  `modified` datetime DEFAULT NULL,
  `modified_by` int unsigned DEFAULT NULL,
  `url` int DEFAULT NULL,
  `container` varchar(255) NOT NULL DEFAULT '',
  `tent` varchar(255) NOT NULL DEFAULT '',
  `email` varchar(255) NOT NULL DEFAULT '',
  `pass` varchar(255) NOT NULL DEFAULT '',
  `language` int NOT NULL DEFAULT '5',
  `resetpassword` varchar(255) DEFAULT NULL,
  `comments` text,
  `workshoptraining` int NOT NULL DEFAULT '0',
  `workshopsupervisor` int NOT NULL DEFAULT '0',
  `phone` varchar(255) DEFAULT NULL,
  `bicycletraining` int NOT NULL DEFAULT '0',
  `camp_id` int unsigned NOT NULL,
  `deleted` datetime NOT NULL,
  `extraportion` int NOT NULL DEFAULT '0',
  `notregistered` tinyint NOT NULL DEFAULT '0',
  `workshopban` date DEFAULT NULL,
  `bicycleban` date DEFAULT NULL,
  `bicyclebancomment` text NOT NULL,
  `workshopbancomment` text NOT NULL,
  `volunteer` tinyint NOT NULL DEFAULT '0',
  `laundryblock` tinyint NOT NULL DEFAULT '0',
  `laundrycomment` varchar(255) DEFAULT NULL,
  `approvalsigned` tinyint NOT NULL DEFAULT '0',
  `signaturefield` text,
  `date_of_signature` datetime NOT NULL DEFAULT '0000-00-00 00:00:00',
  PRIMARY KEY (`id`),
  KEY `parent_id` (`parent_id`),
  KEY `container` (`container`),
  KEY `camp_id` (`camp_id`),
  KEY `created_by` (`created_by`),
  KEY `modified_by` (`modified_by`),
  CONSTRAINT `people_ibfk_1` FOREIGN KEY (`camp_id`) REFERENCES `camps` (`id`) ON UPDATE CASCADE,
  CONSTRAINT `people_ibfk_5` FOREIGN KEY (`created_by`) REFERENCES `cms_users` (`id`) ON DELETE SET NULL ON UPDATE CASCADE,
  CONSTRAINT `people_ibfk_6` FOREIGN KEY (`modified_by`) REFERENCES `cms_users` (`id`) ON DELETE SET NULL ON UPDATE CASCADE,
  CONSTRAINT `people_ibfk_7` FOREIGN KEY (`parent_id`) REFERENCES `people` (`id`) ON DELETE SET NULL ON UPDATE CASCADE
) ENGINE=InnoDB AUTO_INCREMENT=100000946 DEFAULT CHARSET=utf8 ROW_FORMAT=DYNAMIC;
/*!40101 SET character_set_client = @saved_cs_client */;

--
-- Dumping data for table `people`
--

LOCK TABLES `people` WRITE;
/*!40000 ALTER TABLE `people` DISABLE KEYS */;
INSERT INTO `people` VALUES (100000001,NULL,0,'User','WithoutTokens','1980-07-10','',0,1,'2019-09-02 00:00:00',NULL,NULL,NULL,NULL,'001','','','',5,NULL,NULL,0,0,NULL,0,100000000,'0000-00-00 00:00:00',0,0,NULL,NULL,'','',0,0,NULL,1,NULL,'2019-09-02 00:00:00'),(100000002,NULL,0,'Conor','McGregor','1980-07-10','',0,1,'2019-09-02 00:00:00',NULL,NULL,NULL,NULL,'002','','','',5,NULL,NULL,0,0,NULL,0,100000000,'0000-00-00 00:00:00',0,0,NULL,NULL,'','',0,0,NULL,1,NULL,'2019-09-02 00:00:00'),(100000003,NULL,0,'Garry','Tonon','1985-07-10','',0,1,'2019-09-01 00:00:00',NULL,NULL,NULL,NULL,'003','','','',5,NULL,NULL,0,0,NULL,0,100000000,'0000-00-00 00:00:00',0,0,NULL,NULL,'','',0,0,NULL,1,NULL,'2019-09-02 00:00:00'),(100000004,NULL,0,'Kron','Gracie','1978-07-10','',0,1,'2019-09-02 00:00:00',NULL,NULL,NULL,NULL,'004','','','',5,NULL,NULL,0,0,NULL,0,100000000,'0000-00-00 00:00:00',0,0,NULL,NULL,'','',0,0,NULL,1,NULL,'2019-09-02 00:00:00'),(100000005,NULL,0,'User','WithoutApproval','1978-07-10','',0,1,'2019-09-02 00:00:00',NULL,NULL,NULL,NULL,'004','','','',5,NULL,NULL,0,0,NULL,0,100000000,'0000-00-00 00:00:00',0,0,NULL,NULL,'','',0,0,NULL,0,NULL,'0000-00-00 00:00:00'),(100000006,NULL,0,'DeactivatedBeneficiary','DeactivatedBeneficiary','1978-07-10','',0,1,'2019-09-02 00:00:00',NULL,NULL,NULL,NULL,'004','','','',5,NULL,NULL,0,0,NULL,0,100000000,'2019-10-25 11:01:30',0,0,NULL,NULL,'','',0,0,NULL,1,NULL,'2019-09-02 00:00:00'),(100000483,NULL,1,'some','one',NULL,'',0,1,NULL,NULL,NULL,NULL,NULL,'','','','',5,NULL,NULL,0,0,NULL,0,1,'2022-11-10 09:29:10',0,0,NULL,NULL,'','',0,0,NULL,0,NULL,'0000-00-00 00:00:00'),(100000484,NULL,1,'some','one',NULL,'',0,1,NULL,NULL,NULL,NULL,NULL,'','','','',5,NULL,NULL,0,0,NULL,0,3,'2022-11-10 09:29:10',0,0,NULL,NULL,'','',0,0,NULL,0,NULL,'0000-00-00 00:00:00'),(100000485,NULL,1,'some','one',NULL,'',0,1,NULL,NULL,NULL,NULL,NULL,'','','','',5,NULL,NULL,0,0,NULL,0,4,'2022-11-10 09:29:34',0,0,NULL,NULL,'','',0,0,NULL,0,NULL,'0000-00-00 00:00:00'),(100000486,NULL,1,'Sheila','Copelander','1948-04-28','F',0,1,'2023-04-11 11:00:48',2,'2023-05-25 18:43:04',2,NULL,'6591','','','',5,NULL,'Out model officer.',0,0,NULL,0,1,'0000-00-00 00:00:00',0,0,NULL,NULL,'','',1,0,NULL,0,NULL,'0000-00-00 00:00:00'),(100000487,NULL,1,'Jason','Sanchez','1908-09-05','M',0,1,'2023-04-11 13:00:46',2,'2023-05-18 17:45:53',7,NULL,'1190','','','',5,NULL,'Seven present arrive.',0,0,NULL,0,1,'2023-06-01 01:40:33',0,0,NULL,NULL,'','',0,0,NULL,0,NULL,'0000-00-00 00:00:00'),(100000488,NULL,1,'Diana','Greene','1927-01-05','F',0,1,'2023-04-11 15:00:44',25,'2023-05-07 12:50:22',8,NULL,'1883','','','',5,NULL,'Fine help simple.',0,0,NULL,0,1,'0000-00-00 00:00:00',0,0,NULL,NULL,'','',1,0,NULL,0,NULL,'0000-00-00 00:00:00'),(100000489,NULL,1,'Paul','Hansenerer','1991-10-27','M',0,1,'2023-04-11 17:00:42',24,'2023-05-30 03:41:19',23,NULL,'2629','','','',5,NULL,'Hand structure certain focus.',0,0,NULL,0,1,'0000-00-00 00:00:00',0,1,NULL,NULL,'','',0,0,NULL,0,NULL,'0000-00-00 00:00:00'),(100000490,NULL,1,'Shari','Johnson','1951-08-02','F',0,1,'2023-04-11 19:00:40',25,'2023-05-15 17:47:05',7,NULL,'8386','','','',5,NULL,'To hotel idea Mrs.',0,0,NULL,0,1,'0000-00-00 00:00:00',0,0,NULL,NULL,'','',1,0,NULL,0,NULL,'0000-00-00 00:00:00'),(100000491,NULL,1,'Steven','Allen','1981-08-28','M',0,1,'2023-04-11 21:00:38',7,'2023-04-11 21:00:38',7,NULL,'7570','','','',5,NULL,'Wear see responsibility.',0,0,NULL,0,1,'0000-00-00 00:00:00',0,1,NULL,NULL,'','',0,0,NULL,0,NULL,'0000-00-00 00:00:00'),(100000492,NULL,1,'Joanne','Harrison','1980-01-19','F',0,1,'2023-04-11 23:00:36',24,'2023-05-24 20:43:26',2,NULL,'9593','','','',5,NULL,'True.',0,0,NULL,0,1,'0000-00-00 00:00:00',0,1,NULL,NULL,'','',1,0,NULL,0,NULL,'0000-00-00 00:00:00'),(100000493,NULL,1,'Wyatt','Marquez','1933-10-24','M',0,1,'2023-04-12 01:00:34',24,'2023-05-23 17:43:53',6,NULL,'5512','','','',5,NULL,'Small sing.',0,0,NULL,0,1,'0000-00-00 00:00:00',0,1,NULL,NULL,'','',0,0,NULL,0,NULL,'0000-00-00 00:00:00'),(100000494,NULL,1,'Andrea','Saunders','1960-09-12','F',0,1,'2023-04-12 03:00:32',8,'2023-05-21 18:44:40',9,NULL,'2268','','','',5,NULL,'Since production half.',0,0,NULL,0,1,'0000-00-00 00:00:00',0,0,NULL,NULL,'','',1,0,NULL,0,NULL,'0000-00-00 00:00:00'),(100000495,NULL,1,'Sean','Henry','1935-09-15','M',0,1,'2023-04-12 05:00:30',4,'2023-04-12 05:00:30',4,NULL,'3895','','','',5,NULL,'Buy budget property.',0,0,NULL,0,1,'0000-00-00 00:00:00',0,1,NULL,NULL,'','',1,0,NULL,0,NULL,'0000-00-00 00:00:00'),(100000496,NULL,1,'Heidi','George','1974-05-06','F',0,1,'2023-04-12 07:00:28',8,'2023-04-12 07:00:28',8,NULL,'5878','','','',5,NULL,'Above all type.',0,0,NULL,0,1,'0000-00-00 00:00:00',0,0,NULL,NULL,'','',1,0,NULL,0,NULL,'0000-00-00 00:00:00'),(100000497,NULL,1,'Frederick','Moore','1961-11-06','M',0,1,'2023-04-12 09:00:26',5,'2023-04-12 09:00:26',5,NULL,'5712','','','',5,NULL,'Main.',0,0,NULL,0,1,'0000-00-00 00:00:00',0,0,NULL,NULL,'','',0,0,NULL,0,NULL,'0000-00-00 00:00:00'),(100000498,NULL,1,'Jasmine','Wolfer','1989-01-31','F',0,1,'2023-04-12 11:00:24',6,'2023-05-27 02:42:32',4,NULL,'6303','','','',5,NULL,'Spend or what single.',0,0,NULL,0,1,'0000-00-00 00:00:00',0,1,NULL,NULL,'','',1,0,NULL,0,NULL,'0000-00-00 00:00:00'),(100000499,NULL,1,'Richard','Duncan','1975-03-14','M',0,1,'2023-04-12 13:00:22',4,'2023-05-07 05:50:29',4,NULL,'1405','','','',5,NULL,'For bring.',0,0,NULL,0,1,'0000-00-00 00:00:00',0,0,NULL,NULL,'','',1,0,NULL,0,NULL,'0000-00-00 00:00:00'),(100000500,NULL,1,'Savannah','Bullockererer','1941-03-11','F',0,1,'2023-04-12 15:00:20',5,'2023-05-30 15:41:07',8,NULL,'6950','','','',5,NULL,'Oil tell.',0,0,NULL,0,1,'0000-00-00 00:00:00',0,1,NULL,NULL,'','',1,0,NULL,0,NULL,'0000-00-00 00:00:00'),(100000501,NULL,1,'Paul','Petersonerererer','1978-08-21','M',0,1,'2023-04-12 17:00:18',9,'2023-05-30 19:41:03',4,NULL,'3595','','','',5,NULL,'Series explain.',0,0,NULL,0,1,'0000-00-00 00:00:00',0,0,NULL,NULL,'','',1,0,NULL,0,NULL,'0000-00-00 00:00:00'),(100000502,NULL,1,'Jennifer','Charleser','1975-01-28','F',0,1,'2023-04-12 19:00:16',8,'2023-05-27 07:42:27',23,NULL,'6443','','','',5,NULL,'Two station look look.',0,0,NULL,0,1,'0000-00-00 00:00:00',0,0,NULL,NULL,'','',0,0,NULL,0,NULL,'0000-00-00 00:00:00'),(100000503,NULL,1,'Rodney','Huerta','1965-06-26','M',0,1,'2023-04-12 21:00:14',23,'2023-05-22 18:44:16',9,NULL,'3229','','','',5,NULL,'Up note for.',0,0,NULL,0,1,'0000-00-00 00:00:00',0,1,NULL,NULL,'','',0,0,NULL,0,NULL,'0000-00-00 00:00:00'),(100000504,NULL,1,'Alison','Boyd','1949-05-15','F',0,1,'2023-04-12 23:00:12',23,'2023-05-20 08:45:14',2,NULL,'4116','','','',5,NULL,'Too agree stuff.',0,0,NULL,0,1,'0000-00-00 00:00:00',0,1,NULL,NULL,'','',1,0,NULL,0,NULL,'0000-00-00 00:00:00'),(100000505,NULL,1,'Eric','Adamserer','1961-12-04','M',0,1,'2023-04-13 01:00:10',7,'2023-05-31 00:40:58',6,NULL,'3870','','','',5,NULL,'Forward produce from.',0,0,NULL,0,1,'0000-00-00 00:00:00',0,1,NULL,NULL,'','',1,0,NULL,0,NULL,'0000-00-00 00:00:00'),(100000506,NULL,1,'Lauren','Spencer','1914-04-09','F',0,1,'2023-04-13 03:00:08',5,'2023-05-24 22:43:24',7,NULL,'7272','','','',5,NULL,'Day eight policy.',0,0,NULL,0,1,'0000-00-00 00:00:00',0,1,NULL,NULL,'','',1,0,NULL,0,NULL,'0000-00-00 00:00:00'),(100000507,NULL,1,'Christopher','Davis','1989-08-24','M',0,1,'2023-04-13 05:00:06',23,'2023-05-14 14:47:32',5,NULL,'4526','','','',5,NULL,'Note away space.',0,0,NULL,0,1,'0000-00-00 00:00:00',0,0,NULL,NULL,'','',0,0,NULL,0,NULL,'0000-00-00 00:00:00'),(100000508,NULL,1,'Taylor','Allen','1914-11-09','F',0,1,'2023-04-13 07:00:04',4,'2023-05-15 07:47:15',23,NULL,'2598','','','',5,NULL,'Do when.',0,0,NULL,0,1,'0000-00-00 00:00:00',0,0,NULL,NULL,'','',1,0,NULL,0,NULL,'0000-00-00 00:00:00'),(100000509,NULL,1,'Mark','Allener','1938-08-21','M',0,1,'2023-04-13 09:00:02',3,'2023-05-29 05:41:41',9,NULL,'4892','','','',5,NULL,'Would Republican nice.',0,0,NULL,0,1,'0000-00-00 00:00:00',0,0,NULL,NULL,'','',0,0,NULL,0,NULL,'0000-00-00 00:00:00'),(100000510,NULL,1,'Dawn','Sanderser','1916-09-09','F',0,1,'2023-04-13 11:00:00',24,'2023-05-30 17:41:05',4,NULL,'8543','','','',5,NULL,'Religious.',0,0,NULL,0,1,'0000-00-00 00:00:00',0,0,NULL,NULL,'','',0,0,NULL,0,NULL,'0000-00-00 00:00:00'),(100000511,NULL,1,'Joseph','Hernandez','1967-07-14','M',0,1,'2023-04-13 12:59:58',8,'2023-05-24 14:43:32',3,NULL,'5181','','','',5,NULL,'Garden part expert computer.',0,0,NULL,0,1,'0000-00-00 00:00:00',0,1,NULL,NULL,'','',0,0,NULL,0,NULL,'0000-00-00 00:00:00'),(100000512,NULL,1,'Joy','Duncaner','1919-11-07','F',0,1,'2023-04-13 14:59:56',25,'2023-05-29 01:41:45',3,NULL,'6317','','','',5,NULL,'Idea.',0,0,NULL,0,1,'0000-00-00 00:00:00',0,1,NULL,NULL,'','',1,0,NULL,0,NULL,'0000-00-00 00:00:00'),(100000513,NULL,1,'Eduardo','Gomez','1980-12-21','M',0,1,'2023-04-13 16:59:54',23,'2023-05-24 09:43:37',5,NULL,'1177','','','',5,NULL,'Find current.',0,0,NULL,0,1,'0000-00-00 00:00:00',0,0,NULL,NULL,'','',1,0,NULL,0,NULL,'0000-00-00 00:00:00'),(100000514,NULL,1,'Wendy','Mayer','1979-08-08','F',0,1,'2023-04-13 18:59:52',23,'2023-05-28 05:42:05',7,NULL,'2358','','','',5,NULL,'Court PM.',0,0,NULL,0,1,'2023-05-31 10:40:48',0,0,NULL,NULL,'','',1,0,NULL,0,NULL,'0000-00-00 00:00:00'),(100000515,NULL,1,'John','Phamer','1946-07-03','M',0,1,'2023-04-13 20:59:50',7,'2023-05-28 15:41:55',25,NULL,'6372','','','',5,NULL,'Ok foot.',0,0,NULL,0,1,'0000-00-00 00:00:00',0,1,NULL,NULL,'','',0,0,NULL,0,NULL,'0000-00-00 00:00:00'),(100000516,NULL,1,'Monica','Matthews','1946-10-17','F',0,1,'2023-04-13 22:59:48',23,'2023-04-13 22:59:48',23,NULL,'4316','','','',5,NULL,'Public theory some.',0,0,NULL,0,1,'0000-00-00 00:00:00',0,1,NULL,NULL,'','',1,0,NULL,0,NULL,'0000-00-00 00:00:00'),(100000517,NULL,1,'Jeremiah','Reynolds','1976-10-01','M',0,1,'2023-04-14 00:59:46',4,'2023-05-17 21:46:13',23,NULL,'8858','','','',5,NULL,'Paper.',0,0,NULL,0,1,'0000-00-00 00:00:00',0,0,NULL,NULL,'','',1,0,NULL,0,NULL,'0000-00-00 00:00:00'),(100000518,NULL,1,'Christine','Tranerer','1916-11-25','F',0,1,'2023-04-14 02:59:44',23,'2023-05-30 02:41:20',23,NULL,'3568','','','',5,NULL,'Beautiful whether evening.',0,0,NULL,0,1,'0000-00-00 00:00:00',0,0,NULL,NULL,'','',0,0,NULL,0,NULL,'0000-00-00 00:00:00'),(100000519,NULL,1,'Justin','Davisererer','1934-06-11','M',0,1,'2023-04-14 04:59:42',4,'2023-05-31 07:40:51',25,NULL,'1487','','','',5,NULL,'Father tonight mother.',0,0,NULL,0,1,'0000-00-00 00:00:00',0,0,NULL,NULL,'','',0,0,NULL,0,NULL,'0000-00-00 00:00:00'),(100000520,NULL,1,'Kelly','Cisneros','1918-07-29','F',0,1,'2023-04-14 06:59:40',25,'2023-05-21 14:44:44',4,NULL,'2026','','','',5,NULL,'Option you.',0,0,NULL,0,1,'0000-00-00 00:00:00',0,0,NULL,NULL,'','',1,0,NULL,0,NULL,'0000-00-00 00:00:00'),(100000521,NULL,1,'Jose','Hallererer','1926-08-20','M',0,1,'2023-04-14 08:59:38',7,'2023-05-30 05:41:17',24,NULL,'3936','','','',5,NULL,'Teach husband.',0,0,NULL,0,1,'0000-00-00 00:00:00',0,0,NULL,NULL,'','',0,0,NULL,0,NULL,'0000-00-00 00:00:00'),(100000522,NULL,1,'Melissa','Compton','1922-08-06','F',0,1,'2023-04-14 10:59:36',3,'2023-05-24 01:43:45',5,NULL,'2567','','','',5,NULL,'Teacher allow.',0,0,NULL,0,1,'0000-00-00 00:00:00',0,0,NULL,NULL,'','',1,0,NULL,0,NULL,'0000-00-00 00:00:00'),(100000523,NULL,1,'Jeffrey','Rodriguez','1946-06-12','M',0,1,'2023-04-14 12:59:34',24,'2023-05-12 10:48:24',5,NULL,'3102','','','',5,NULL,'Event miss participant.',0,0,NULL,0,1,'0000-00-00 00:00:00',0,0,NULL,NULL,'','',0,0,NULL,0,NULL,'0000-00-00 00:00:00'),(100000524,NULL,1,'April','Martinezer','1973-08-27','F',0,1,'2023-04-14 14:59:32',2,'2023-05-30 21:41:01',3,NULL,'7668','','','',5,NULL,'Cultural eye late.',0,0,NULL,0,1,'0000-00-00 00:00:00',0,0,NULL,NULL,'','',1,0,NULL,0,NULL,'0000-00-00 00:00:00'),(100000525,NULL,1,'Brandon','Callahaner','1937-01-01','M',0,1,'2023-04-14 16:59:30',2,'2023-05-25 17:43:05',23,NULL,'1295','','','',5,NULL,'Government inside.',0,0,NULL,0,1,'0000-00-00 00:00:00',0,0,NULL,NULL,'','',0,0,NULL,0,NULL,'0000-00-00 00:00:00'),(100000526,NULL,1,'Sara','Juarezerer','1918-04-09','F',0,1,'2023-04-14 18:59:28',2,'2023-05-27 10:42:24',2,NULL,'1221','','','',5,NULL,'Clear power.',0,0,NULL,0,1,'0000-00-00 00:00:00',0,1,NULL,NULL,'','',0,0,NULL,0,NULL,'0000-00-00 00:00:00'),(100000527,NULL,1,'Gary','Mills','1963-05-22','M',0,1,'2023-04-14 20:59:26',8,'2023-05-23 15:43:55',9,NULL,'2414','','','',5,NULL,'Culture total parent teacher.',0,0,NULL,0,1,'0000-00-00 00:00:00',0,0,NULL,NULL,'','',1,0,NULL,0,NULL,'0000-00-00 00:00:00'),(100000528,NULL,1,'Kimberly','Ware','1982-07-04','F',0,1,'2023-04-14 22:59:24',5,'2023-05-13 18:47:52',25,NULL,'3801','','','',5,NULL,'Word recently blood.',0,0,NULL,0,1,'0000-00-00 00:00:00',0,0,NULL,NULL,'','',1,0,NULL,0,NULL,'0000-00-00 00:00:00'),(100000529,NULL,1,'Kenneth','Jackson','1958-02-01','M',0,1,'2023-04-15 00:59:22',8,'2023-05-10 04:49:18',25,NULL,'3292','','','',5,NULL,'Already.',0,0,NULL,0,1,'2023-06-01 00:40:34',0,0,NULL,NULL,'','',0,0,NULL,0,NULL,'0000-00-00 00:00:00'),(100000530,NULL,1,'Megan','Wheeler','1980-11-07','F',0,1,'2023-04-15 02:59:20',6,'2023-05-08 01:50:09',23,NULL,'6816','','','',5,NULL,'Center.',0,0,NULL,0,1,'0000-00-00 00:00:00',0,0,NULL,NULL,'','',1,0,NULL,0,NULL,'0000-00-00 00:00:00'),(100000531,NULL,1,'Ronald','Walker','1926-09-22','M',0,1,'2023-04-15 04:59:18',8,'2023-05-23 13:43:57',2,NULL,'4257','','','',5,NULL,'Recently product.',0,0,NULL,0,1,'0000-00-00 00:00:00',0,0,NULL,NULL,'','',0,0,NULL,0,NULL,'0000-00-00 00:00:00'),(100000532,NULL,1,'Suzanne','Andersoner','1973-01-05','F',0,1,'2023-04-15 06:59:16',4,'2023-05-28 14:41:56',25,NULL,'6772','','','',5,NULL,'Stay world young.',0,0,NULL,0,1,'0000-00-00 00:00:00',0,0,NULL,NULL,'','',0,0,NULL,0,NULL,'0000-00-00 00:00:00'),(100000533,NULL,1,'James','Bennett','1988-04-02','M',0,1,'2023-04-15 08:59:14',24,'2023-05-06 16:50:42',4,NULL,'7791','','','',5,NULL,'Goal write poor.',0,0,NULL,0,1,'0000-00-00 00:00:00',0,0,NULL,NULL,'','',1,0,NULL,0,NULL,'0000-00-00 00:00:00'),(100000534,NULL,1,'Sharon','Haney','1978-02-08','F',0,1,'2023-04-15 10:59:12',7,'2023-05-23 00:44:10',5,NULL,'7572','','','',5,NULL,'Relate together we.',0,0,NULL,0,1,'0000-00-00 00:00:00',0,0,NULL,NULL,'','',0,0,NULL,0,NULL,'0000-00-00 00:00:00'),(100000535,NULL,1,'Robert','Suarezer','1937-08-17','M',0,1,'2023-04-15 12:59:10',4,'2023-05-25 08:43:14',23,NULL,'4220','','','',5,NULL,'Street.',0,0,NULL,0,1,'0000-00-00 00:00:00',0,1,NULL,NULL,'','',1,0,NULL,0,NULL,'0000-00-00 00:00:00'),(100000536,NULL,1,'Heather','Christian','1981-09-14','F',0,1,'2023-04-15 14:59:08',9,'2023-04-15 14:59:08',9,NULL,'4763','','','',5,NULL,'Model next page.',0,0,NULL,0,1,'0000-00-00 00:00:00',0,1,NULL,NULL,'','',0,0,NULL,0,NULL,'0000-00-00 00:00:00'),(100000537,100000536,2,'Jacob','Randall','1941-08-22','M',0,1,'2023-04-15 16:59:06',7,'2023-04-15 16:59:06',7,NULL,'4763','','','',5,NULL,'Rather production away.',0,0,NULL,0,1,'0000-00-00 00:00:00',0,1,NULL,NULL,'','',0,0,NULL,0,NULL,'0000-00-00 00:00:00'),(100000538,NULL,1,'Meagan','Steele','1958-06-08','F',0,1,'2023-04-15 18:59:04',7,'2023-05-21 15:44:43',24,NULL,'7337','','','',5,NULL,'Simple.',0,0,NULL,0,1,'0000-00-00 00:00:00',0,1,NULL,NULL,'','',1,0,NULL,0,NULL,'0000-00-00 00:00:00'),(100000539,100000538,1,'James','Molinaer','1942-02-22','M',0,1,'2023-04-15 20:59:02',24,'2023-05-30 10:41:12',2,NULL,'7337','','','',5,NULL,'Movie day.',0,0,NULL,0,1,'0000-00-00 00:00:00',0,0,NULL,NULL,'','',0,0,NULL,0,NULL,'0000-00-00 00:00:00'),(100000540,NULL,1,'Tina','Olson','1969-02-06','F',0,1,'2023-04-15 22:59:00',5,'2023-05-21 03:44:55',8,NULL,'5807','','','',5,NULL,'Pattern news.',0,0,NULL,0,1,'0000-00-00 00:00:00',0,1,NULL,NULL,'','',1,0,NULL,0,NULL,'0000-00-00 00:00:00'),(100000541,100000540,1,'Brian','Torreser','1974-03-14','M',0,1,'2023-04-16 00:58:58',7,'2023-05-29 12:41:34',3,NULL,'5807','','','',5,NULL,'Strategy age.',0,0,NULL,0,1,'0000-00-00 00:00:00',0,0,NULL,NULL,'','',1,0,NULL,0,NULL,'0000-00-00 00:00:00'),(100000542,NULL,1,'Christina','Howard','1991-03-10','F',0,1,'2023-04-16 02:58:56',9,'2023-04-16 02:58:56',9,NULL,'8252','','','',5,NULL,'Onto avoid.',0,0,NULL,0,1,'0000-00-00 00:00:00',0,0,NULL,NULL,'','',1,0,NULL,0,NULL,'0000-00-00 00:00:00'),(100000543,100000542,1,'Ricky','Wilsonerer','1919-09-09','M',0,1,'2023-04-16 04:58:54',4,'2023-05-29 13:41:33',23,NULL,'8252','','','',5,NULL,'Feel common.',0,0,NULL,0,1,'0000-00-00 00:00:00',0,1,NULL,NULL,'','',0,0,NULL,0,NULL,'0000-00-00 00:00:00'),(100000544,NULL,1,'Kelsey','Fosterer','1937-09-06','F',0,1,'2023-04-16 06:58:52',3,'2023-05-25 03:43:19',23,NULL,'6854','','','',5,NULL,'Police board.',0,0,NULL,0,1,'0000-00-00 00:00:00',0,0,NULL,NULL,'','',0,0,NULL,0,NULL,'0000-00-00 00:00:00'),(100000545,100000544,2,'Craig','Mclaughlin','1971-12-11','M',0,1,'2023-04-16 08:58:50',5,'2023-04-16 08:58:50',5,NULL,'6854','','','',5,NULL,'Benefit interview medical.',0,0,NULL,0,1,'0000-00-00 00:00:00',0,0,NULL,NULL,'','',0,0,NULL,0,NULL,'0000-00-00 00:00:00'),(100000546,NULL,1,'Christine','Morgan','1932-01-11','F',0,1,'2023-04-16 10:58:48',4,'2023-05-16 05:46:53',6,NULL,'1802','','','',5,NULL,'Rate.',0,0,NULL,0,1,'0000-00-00 00:00:00',0,0,NULL,NULL,'','',1,0,NULL,0,NULL,'0000-00-00 00:00:00'),(100000547,100000546,1,'Matthew','Sullivan','1955-03-21','M',0,1,'2023-04-16 12:58:46',2,'2023-05-06 11:50:47',2,NULL,'1802','','','',5,NULL,'Month from out.',0,0,NULL,0,1,'0000-00-00 00:00:00',0,0,NULL,NULL,'','',0,0,NULL,0,NULL,'0000-00-00 00:00:00'),(100000548,NULL,1,'Sarah','Levine','1934-02-04','F',0,1,'2023-04-16 14:58:44',3,'2023-04-16 14:58:44',3,NULL,'6218','','','',5,NULL,'Air we evidence.',0,0,NULL,0,1,'0000-00-00 00:00:00',0,0,NULL,NULL,'','',0,0,NULL,0,NULL,'0000-00-00 00:00:00'),(100000549,100000548,1,'James','Harrisoner','1967-11-04','M',0,1,'2023-04-16 16:58:42',3,'2023-05-26 13:42:45',5,NULL,'6218','','','',5,NULL,'Understand machine allow.',0,0,NULL,0,1,'0000-00-00 00:00:00',0,1,NULL,NULL,'','',1,0,NULL,0,NULL,'0000-00-00 00:00:00'),(100000550,NULL,1,'Jasmine','Pattersoner','1909-03-06','F',0,1,'2023-04-16 18:58:40',8,'2023-05-25 07:43:15',6,NULL,'9780','','','',5,NULL,'Interesting impact.',0,0,NULL,0,1,'0000-00-00 00:00:00',0,1,NULL,NULL,'','',1,0,NULL,0,NULL,'0000-00-00 00:00:00'),(100000551,100000550,1,'Timothy','Warner','1982-12-17','M',0,1,'2023-04-16 20:58:38',25,'2023-05-11 08:48:50',8,NULL,'9780','','','',5,NULL,'Yet hand product.',0,0,NULL,0,1,'0000-00-00 00:00:00',0,0,NULL,NULL,'','',1,0,NULL,0,NULL,'0000-00-00 00:00:00'),(100000552,NULL,1,'Krista','Lopezerer','1980-10-16','F',0,1,'2023-04-16 22:58:36',7,'2023-05-29 22:41:24',23,NULL,'5378','','','',5,NULL,'Thought big minute rest.',0,0,NULL,0,1,'0000-00-00 00:00:00',0,0,NULL,NULL,'','',1,0,NULL,0,NULL,'0000-00-00 00:00:00'),(100000553,100000552,1,'Cody','Jordaner','1938-04-26','M',0,1,'2023-04-17 00:58:34',3,'2023-05-25 13:43:09',6,NULL,'5378','','','',5,NULL,'Its.',0,0,NULL,0,1,'0000-00-00 00:00:00',0,0,NULL,NULL,'','',0,0,NULL,0,NULL,'0000-00-00 00:00:00'),(100000554,NULL,1,'Tracy','Rayerer','1957-11-06','F',0,1,'2023-04-17 02:58:32',2,'2023-05-29 18:41:28',8,NULL,'1347','','','',5,NULL,'Others commercial bag.',0,0,NULL,0,1,'0000-00-00 00:00:00',0,0,NULL,NULL,'','',0,0,NULL,0,NULL,'0000-00-00 00:00:00'),(100000555,100000554,1,'William','Blacker','1948-08-28','M',0,1,'2023-04-17 04:58:30',7,'2023-05-28 23:41:47',8,NULL,'1347','','','',5,NULL,'Method civil.',0,0,NULL,0,1,'0000-00-00 00:00:00',0,1,NULL,NULL,'','',1,0,NULL,0,NULL,'0000-00-00 00:00:00'),(100000556,NULL,1,'Caitlin','Olson','1957-07-31','F',0,1,'2023-04-17 06:58:28',3,'2023-05-16 19:46:39',3,NULL,'7421','','','',5,NULL,'Story piece.',0,0,NULL,0,1,'0000-00-00 00:00:00',0,0,NULL,NULL,'','',0,0,NULL,0,NULL,'0000-00-00 00:00:00'),(100000557,100000556,1,'Christopher','Nguyener','1972-09-22','M',0,1,'2023-04-17 08:58:26',4,'2023-05-27 08:42:26',7,NULL,'7421','','','',5,NULL,'Nearly impact.',0,0,NULL,0,1,'0000-00-00 00:00:00',0,0,NULL,NULL,'','',0,0,NULL,0,NULL,'0000-00-00 00:00:00'),(100000558,NULL,1,'Cindy','Robinsoner','1927-09-11','F',0,1,'2023-04-17 10:58:24',9,'2023-05-28 22:41:48',24,NULL,'2402','','','',5,NULL,'Statement discuss home.',0,0,NULL,0,1,'0000-00-00 00:00:00',0,1,NULL,NULL,'','',0,0,NULL,0,NULL,'0000-00-00 00:00:00'),(100000559,100000558,1,'Donald','Mccarty','1985-01-25','M',0,1,'2023-04-17 12:58:22',23,'2023-05-20 00:45:22',9,NULL,'2402','','','',5,NULL,'Bring artist.',0,0,NULL,0,1,'0000-00-00 00:00:00',0,0,NULL,NULL,'','',0,0,NULL,0,NULL,'0000-00-00 00:00:00'),(100000560,NULL,1,'Daisy','Atkinson','1914-01-06','F',0,1,'2023-04-17 14:58:20',4,'2023-05-19 20:45:26',6,NULL,'7422','','','',5,NULL,'Staff suffer produce.',0,0,NULL,0,1,'0000-00-00 00:00:00',0,0,NULL,NULL,'','',1,0,NULL,0,NULL,'0000-00-00 00:00:00'),(100000561,100000560,1,'David','Walter','1908-06-22','M',0,1,'2023-04-17 16:58:18',8,'2023-05-16 07:46:51',2,NULL,'7422','','','',5,NULL,'City unit.',0,0,NULL,0,1,'0000-00-00 00:00:00',0,0,NULL,NULL,'','',1,0,NULL,0,NULL,'0000-00-00 00:00:00'),(100000562,NULL,1,'Jamie','Jenkinser','1941-11-09','F',0,1,'2023-04-17 18:58:16',7,'2023-05-26 19:42:39',6,NULL,'6922','','','',5,NULL,'Different investment.',0,0,NULL,0,1,'0000-00-00 00:00:00',0,0,NULL,NULL,'','',0,0,NULL,0,NULL,'0000-00-00 00:00:00'),(100000563,100000562,1,'Isaac','Johnson','1921-02-25','M',0,1,'2023-04-17 20:58:14',25,'2023-05-15 09:47:13',5,NULL,'6922','','','',5,NULL,'Event save process.',0,0,NULL,0,1,'0000-00-00 00:00:00',0,0,NULL,NULL,'','',0,0,NULL,0,NULL,'0000-00-00 00:00:00'),(100000564,NULL,1,'Linda','Lambert','1988-03-31','F',0,1,'2023-04-17 22:58:12',4,'2023-05-21 11:44:47',7,NULL,'1392','','','',5,NULL,'Another theory.',0,0,NULL,0,1,'0000-00-00 00:00:00',0,1,NULL,NULL,'','',0,0,NULL,0,NULL,'0000-00-00 00:00:00'),(100000565,100000564,1,'Jeremy','Mendoza','1962-07-31','M',0,1,'2023-04-18 00:58:10',3,'2023-05-13 13:47:57',2,NULL,'1392','','','',5,NULL,'Account structure available.',0,0,NULL,0,1,'0000-00-00 00:00:00',0,0,NULL,NULL,'','',1,0,NULL,0,NULL,'0000-00-00 00:00:00'),(100000566,NULL,1,'Patricia','Torres','1928-03-17','F',0,1,'2023-04-18 02:58:08',6,'2023-04-18 02:58:08',6,NULL,'7688','','','',5,NULL,'Join blue economic.',0,0,NULL,0,1,'0000-00-00 00:00:00',0,0,NULL,NULL,'','',1,0,NULL,0,NULL,'0000-00-00 00:00:00'),(100000567,100000566,1,'Frank','Ramos','1970-10-22','M',0,1,'2023-04-18 04:58:06',5,'2023-05-20 11:45:11',6,NULL,'7688','','','',5,NULL,'Particularly product theory build.',0,0,NULL,0,1,'0000-00-00 00:00:00',0,0,NULL,NULL,'','',0,0,NULL,0,NULL,'0000-00-00 00:00:00'),(100000568,NULL,1,'Rachel','Howard','1912-05-26','F',0,1,'2023-04-18 06:58:04',24,'2023-05-17 01:46:33',9,NULL,'3780','','','',5,NULL,'Fall thank debate.',0,0,NULL,0,1,'0000-00-00 00:00:00',0,1,NULL,NULL,'','',0,0,NULL,0,NULL,'0000-00-00 00:00:00'),(100000569,100000568,1,'Adam','Allen','1975-02-09','M',0,1,'2023-04-18 08:58:02',6,'2023-05-10 18:49:04',23,NULL,'3780','','','',5,NULL,'Others thank.',0,0,NULL,0,1,'0000-00-00 00:00:00',0,0,NULL,NULL,'','',0,0,NULL,0,NULL,'0000-00-00 00:00:00'),(100000570,NULL,1,'Erica','Mitchell','1929-05-28','F',0,1,'2023-04-18 10:58:00',24,'2023-04-18 10:58:00',24,NULL,'7241','','','',5,NULL,'Daughter.',0,0,NULL,0,1,'2023-05-31 12:40:46',0,1,NULL,NULL,'','',0,0,NULL,0,NULL,'0000-00-00 00:00:00'),(100000571,100000570,2,'Caleb','Love','1970-09-18','M',0,1,'2023-04-18 12:57:58',7,'2023-04-18 12:57:58',7,NULL,'7241','','','',5,NULL,'Evening rise meet.',0,0,NULL,0,1,'2023-05-31 13:40:45',0,0,NULL,NULL,'','',0,0,NULL,0,NULL,'0000-00-00 00:00:00'),(100000572,NULL,1,'Alyssa','Brown','1962-12-13','F',0,1,'2023-04-18 14:57:56',24,'2023-05-11 20:48:38',5,NULL,'9189','','','',5,NULL,'Involve number.',0,0,NULL,0,1,'0000-00-00 00:00:00',0,0,NULL,NULL,'','',1,0,NULL,0,NULL,'0000-00-00 00:00:00'),(100000573,100000572,1,'Charles','Jones','1925-01-23','M',0,1,'2023-04-18 16:57:54',3,'2023-05-19 00:45:46',7,NULL,'9189','','','',5,NULL,'Beat half present.',0,0,NULL,0,1,'0000-00-00 00:00:00',0,0,NULL,NULL,'','',1,0,NULL,0,NULL,'0000-00-00 00:00:00'),(100000574,NULL,1,'Ashley','Clayer','1952-01-05','F',0,1,'2023-04-18 18:57:52',23,'2023-05-25 04:43:18',23,NULL,'3197','','','',5,NULL,'Step upon.',0,0,NULL,0,1,'0000-00-00 00:00:00',0,1,NULL,NULL,'','',0,0,NULL,0,NULL,'0000-00-00 00:00:00'),(100000575,100000574,1,'Todd','Carter','1953-05-24','M',0,1,'2023-04-18 20:57:50',25,'2023-05-23 11:43:59',24,NULL,'3197','','','',5,NULL,'Cultural billion.',0,0,NULL,0,1,'0000-00-00 00:00:00',0,0,NULL,NULL,'','',0,0,NULL,0,NULL,'0000-00-00 00:00:00'),(100000576,NULL,1,'Tara','Andrade','1957-07-06','F',0,1,'2023-04-18 22:57:48',7,'2023-05-24 04:43:42',6,NULL,'4643','','','',5,NULL,'Which some trial.',0,0,NULL,0,1,'0000-00-00 00:00:00',0,1,NULL,NULL,'','',1,0,NULL,0,NULL,'0000-00-00 00:00:00'),(100000577,100000576,1,'Ryan','Russell','1946-03-16','M',0,1,'2023-04-19 00:57:46',6,'2023-05-18 10:46:00',3,NULL,'4643','','','',5,NULL,'True computer for.',0,0,NULL,0,1,'0000-00-00 00:00:00',0,0,NULL,NULL,'','',1,0,NULL,0,NULL,'0000-00-00 00:00:00'),(100000578,NULL,1,'Brittany','Millerer','1987-11-01','F',0,1,'2023-04-19 02:57:44',9,'2023-05-31 03:40:55',8,NULL,'8490','','','',5,NULL,'Against serve moment.',0,0,NULL,0,1,'0000-00-00 00:00:00',0,0,NULL,NULL,'','',1,0,NULL,0,NULL,'0000-00-00 00:00:00'),(100000579,100000578,1,'Jeffrey','Anderson','1992-03-23','M',0,1,'2023-04-19 04:57:42',23,'2023-05-14 12:47:34',23,NULL,'8490','','','',5,NULL,'Bit.',0,0,NULL,0,1,'0000-00-00 00:00:00',0,1,NULL,NULL,'','',1,0,NULL,0,NULL,'0000-00-00 00:00:00'),(100000580,NULL,1,'Jennifer','Russeller','1983-11-26','F',0,1,'2023-04-19 06:57:40',4,'2023-05-26 02:42:56',7,NULL,'9132','','','',5,NULL,'Dark.',0,0,NULL,0,1,'0000-00-00 00:00:00',0,0,NULL,NULL,'','',0,0,NULL,0,NULL,'0000-00-00 00:00:00'),(100000581,100000580,1,'Alan','Yang','1924-04-10','M',0,1,'2023-04-19 08:57:38',25,'2023-05-23 08:44:02',8,NULL,'9132','','','',5,NULL,'Their develop.',0,0,NULL,0,1,'0000-00-00 00:00:00',0,0,NULL,NULL,'','',0,0,NULL,0,NULL,'0000-00-00 00:00:00'),(100000582,NULL,1,'Debra','Flowers','1923-11-03','F',0,1,'2023-04-19 10:57:36',7,'2023-05-19 01:45:45',9,NULL,'4679','','','',5,NULL,'Past wait.',0,0,NULL,0,1,'0000-00-00 00:00:00',0,0,NULL,NULL,'','',1,0,NULL,0,NULL,'0000-00-00 00:00:00'),(100000583,100000582,1,'Thomas','Arroyo','1910-10-11','M',0,1,'2023-04-19 12:57:34',7,'2023-05-20 01:45:21',7,NULL,'4679','','','',5,NULL,'Happy answer.',0,0,NULL,0,1,'0000-00-00 00:00:00',0,0,NULL,NULL,'','',1,0,NULL,0,NULL,'0000-00-00 00:00:00'),(100000584,NULL,1,'Virginia','Barnett','1963-05-30','F',0,1,'2023-04-19 14:57:32',3,'2023-05-17 19:46:15',23,NULL,'8801','','','',5,NULL,'Identify for civil.',0,0,NULL,0,1,'0000-00-00 00:00:00',0,0,NULL,NULL,'','',1,0,NULL,0,NULL,'0000-00-00 00:00:00'),(100000585,100000584,1,'Robert','Cobb','1936-04-11','M',0,1,'2023-04-19 16:57:30',6,'2023-05-25 02:43:20',6,NULL,'8801','','','',5,NULL,'Everything drive author.',0,0,NULL,0,1,'0000-00-00 00:00:00',0,0,NULL,NULL,'','',0,0,NULL,0,NULL,'0000-00-00 00:00:00'),(100000586,100000552,2,'Margaret','Lopez','2012-03-07','F',0,1,'2023-04-19 18:57:28',7,'2023-04-19 18:57:28',7,NULL,'5378','','','',5,NULL,'',0,0,NULL,0,1,'0000-00-00 00:00:00',0,1,NULL,NULL,'','',0,0,NULL,0,NULL,'0000-00-00 00:00:00'),(100000587,100000574,1,'Bradley','Clayer','2013-10-19','M',0,1,'2023-04-19 20:57:26',5,'2023-05-30 14:41:08',9,NULL,'3197','','','',5,NULL,'Near key go.',0,0,NULL,0,1,'2023-05-31 22:40:36',0,0,NULL,NULL,'','',1,0,NULL,0,NULL,'0000-00-00 00:00:00'),(100000588,100000572,2,'Amanda','Brown','2017-01-20','F',0,1,'2023-04-19 22:57:24',23,'2023-04-19 22:57:24',23,NULL,'9189','','','',5,NULL,'',0,0,NULL,0,1,'0000-00-00 00:00:00',0,0,NULL,NULL,'','',0,0,NULL,0,NULL,'0000-00-00 00:00:00'),(100000589,100000570,1,'James','Mitchell','2016-07-26','M',0,1,'2023-04-20 00:57:22',8,'2023-05-22 05:44:29',24,NULL,'7241','','','',5,NULL,'With computer between.',0,0,NULL,0,1,'2023-05-31 14:40:44',0,0,NULL,NULL,'','',1,0,NULL,0,NULL,'0000-00-00 00:00:00'),(100000590,100000566,1,'Tammy','Torreser','2010-09-21','F',0,1,'2023-04-20 02:57:20',7,'2023-05-27 20:42:14',2,NULL,'7688','','','',5,NULL,'Candidate reason star house.',0,0,NULL,0,1,'0000-00-00 00:00:00',0,0,NULL,NULL,'','',0,0,NULL,0,NULL,'0000-00-00 00:00:00'),(100000591,100000584,1,'Logan','Barnett','2010-01-14','M',0,1,'2023-04-20 04:57:18',3,'2023-05-22 04:44:30',4,NULL,'8801','','','',5,NULL,'Provide two company.',0,0,NULL,0,1,'0000-00-00 00:00:00',0,0,NULL,NULL,'','',0,0,NULL,0,NULL,'0000-00-00 00:00:00'),(100000592,100000572,1,'Leah','Brown','2022-08-18','F',0,1,'2023-04-20 06:57:16',2,'2023-05-24 23:43:23',5,NULL,'9189','','','',5,NULL,'Important base.',0,0,NULL,0,1,'0000-00-00 00:00:00',0,0,NULL,NULL,'','',1,0,NULL,0,NULL,'0000-00-00 00:00:00'),(100000593,100000538,1,'Derek','Steele','2008-02-18','M',0,1,'2023-04-20 08:57:14',3,'2023-05-09 00:49:46',3,NULL,'7337','','','',5,NULL,'',0,0,NULL,0,1,'0000-00-00 00:00:00',0,0,NULL,NULL,'','',0,0,NULL,0,NULL,'0000-00-00 00:00:00'),(100000594,100000562,1,'Chelsey','Jenkins','2016-08-02','F',0,1,'2023-04-20 10:57:12',8,'2023-05-22 21:44:13',5,NULL,'6922','','','',5,NULL,'Pick theory.',0,0,NULL,0,1,'0000-00-00 00:00:00',0,1,NULL,NULL,'','',0,0,NULL,0,NULL,'0000-00-00 00:00:00'),(100000595,100000552,2,'Christopher','Lopez','2012-11-22','M',0,1,'2023-04-20 12:57:10',25,'2023-04-20 12:57:10',25,NULL,'5378','','','',5,NULL,'',0,0,NULL,0,1,'0000-00-00 00:00:00',0,1,NULL,NULL,'','',0,0,NULL,0,NULL,'0000-00-00 00:00:00'),(100000596,100000562,1,'Katherine','Jenkinser','2021-12-23','F',0,1,'2023-04-20 14:57:08',6,'2023-05-26 23:42:35',6,NULL,'6922','','','',5,NULL,'Better safe begin.',0,0,NULL,0,1,'0000-00-00 00:00:00',0,1,NULL,NULL,'','',0,0,NULL,0,NULL,'0000-00-00 00:00:00'),(100000597,100000538,2,'Edward','Steele','2007-12-14','M',0,1,'2023-04-20 16:57:06',2,'2023-04-20 16:57:06',2,NULL,'7337','','','',5,NULL,'',0,0,NULL,0,1,'0000-00-00 00:00:00',0,0,NULL,NULL,'','',0,0,NULL,0,NULL,'0000-00-00 00:00:00'),(100000598,100000584,1,'Monica','Barnetter','2021-10-22','F',0,1,'2023-04-20 18:57:04',9,'2023-05-27 17:42:17',8,NULL,'8801','','','',5,NULL,'Radio walk quality choice.',0,0,NULL,0,1,'0000-00-00 00:00:00',0,0,NULL,NULL,'','',0,0,NULL,0,NULL,'0000-00-00 00:00:00'),(100000599,100000540,1,'Stephen','Olsonerer','2012-07-19','M',0,1,'2023-04-20 20:57:02',4,'2023-05-26 14:42:44',24,NULL,'5807','','','',5,NULL,'',0,0,NULL,0,1,'0000-00-00 00:00:00',0,0,NULL,NULL,'','',0,0,NULL,0,NULL,'0000-00-00 00:00:00'),(100000600,100000580,1,'Diana','Russell','2022-09-03','F',0,1,'2023-04-20 22:57:00',7,'2023-05-20 09:45:13',23,NULL,'9132','','','',5,NULL,'Fire stand Republican.',0,0,NULL,0,1,'0000-00-00 00:00:00',0,1,NULL,NULL,'','',0,0,NULL,0,NULL,'0000-00-00 00:00:00'),(100000601,100000570,1,'Mark','Mitchell','2009-05-03','M',0,1,'2023-04-21 00:56:58',24,'2023-05-24 02:43:44',24,NULL,'7241','','','',5,NULL,'Throw.',0,0,NULL,0,1,'2023-05-31 15:40:43',0,0,NULL,NULL,'','',0,0,NULL,0,NULL,'0000-00-00 00:00:00'),(100000602,100000544,1,'Melissa','Foster','2022-03-21','F',0,1,'2023-04-21 02:56:56',5,'2023-05-18 09:46:01',6,NULL,'6854','','','',5,NULL,'',0,0,NULL,0,1,'0000-00-00 00:00:00',0,0,NULL,NULL,'','',1,0,NULL,0,NULL,'0000-00-00 00:00:00'),(100000603,100000542,1,'Cody','Howard','2011-05-28','M',0,1,'2023-04-21 04:56:54',6,'2023-05-17 07:46:27',24,NULL,'8252','','','',5,NULL,'',0,0,NULL,0,1,'0000-00-00 00:00:00',0,0,NULL,NULL,'','',0,0,NULL,0,NULL,'0000-00-00 00:00:00'),(100000604,100000552,1,'Madison','Lopez','2023-01-30','F',0,1,'2023-04-21 06:56:52',25,'2023-05-10 22:49:00',8,NULL,'5378','','','',5,NULL,'',0,0,NULL,0,1,'0000-00-00 00:00:00',0,0,NULL,NULL,'','',0,0,NULL,0,NULL,'0000-00-00 00:00:00'),(100000605,100000550,1,'William','Pattersoner','2011-10-24','M',0,1,'2023-04-21 08:56:50',24,'2023-05-30 23:40:59',2,NULL,'9780','','','',5,NULL,'',0,0,NULL,0,1,'0000-00-00 00:00:00',0,0,NULL,NULL,'','',0,0,NULL,0,NULL,'0000-00-00 00:00:00'),(100000606,100000576,1,'Christy','Andrade','2015-01-06','F',0,1,'2023-04-21 10:56:48',6,'2023-05-11 18:48:40',5,NULL,'4643','','','',5,NULL,'',0,0,NULL,0,1,'0000-00-00 00:00:00',0,0,NULL,NULL,'','',0,0,NULL,0,NULL,'0000-00-00 00:00:00'),(100000607,100000550,1,'Jonathan','Patterson','2018-09-10','M',0,1,'2023-04-21 12:56:46',5,'2023-05-16 22:46:36',4,NULL,'9780','','','',5,NULL,'',0,0,NULL,0,1,'0000-00-00 00:00:00',0,0,NULL,NULL,'','',1,0,NULL,0,NULL,'0000-00-00 00:00:00'),(100000608,100000568,1,'Samantha','Howard','2018-10-20','F',0,1,'2023-04-21 14:56:44',7,'2023-05-19 16:45:30',9,NULL,'3780','','','',5,NULL,'Other fire pass.',0,0,NULL,0,1,'0000-00-00 00:00:00',0,0,NULL,NULL,'','',1,0,NULL,0,NULL,'0000-00-00 00:00:00'),(100000609,100000568,1,'Robert','Howarder','2018-02-01','M',0,1,'2023-04-21 16:56:42',3,'2023-05-30 07:41:15',6,NULL,'3780','','','',5,NULL,'Customer player late.',0,0,NULL,0,1,'0000-00-00 00:00:00',0,0,NULL,NULL,'','',1,0,NULL,0,NULL,'0000-00-00 00:00:00'),(100000610,100000552,1,'Amber','Lopezer','2008-04-18','F',0,1,'2023-04-21 18:56:40',3,'2023-05-28 00:42:10',9,NULL,'5378','','','',5,NULL,'',0,0,NULL,0,1,'0000-00-00 00:00:00',0,1,NULL,NULL,'','',0,0,NULL,0,NULL,'0000-00-00 00:00:00'),(100000611,100000536,1,'Anthony','Christian','2010-11-20','M',0,1,'2023-04-21 20:56:38',3,'2023-05-14 20:47:26',8,NULL,'4763','','','',5,NULL,'',0,0,NULL,0,1,'0000-00-00 00:00:00',0,0,NULL,NULL,'','',1,0,NULL,0,NULL,'0000-00-00 00:00:00'),(100000612,100000564,1,'Tonya','Lambert','2014-04-16','F',0,1,'2023-04-21 22:56:36',2,'2023-05-23 06:44:04',8,NULL,'1392','','','',5,NULL,'Too plan.',0,0,NULL,0,1,'0000-00-00 00:00:00',0,0,NULL,NULL,'','',1,0,NULL,0,NULL,'0000-00-00 00:00:00'),(100000613,100000558,1,'Nicholas','Robinsoner','2011-10-30','M',0,1,'2023-04-22 00:56:34',6,'2023-05-29 03:41:43',23,NULL,'2402','','','',5,NULL,'Reach hold phone.',0,0,NULL,0,1,'0000-00-00 00:00:00',0,0,NULL,NULL,'','',1,0,NULL,0,NULL,'0000-00-00 00:00:00'),(100000614,100000546,1,'Michelle','Morganerer','2018-03-04','F',0,1,'2023-04-22 02:56:32',4,'2023-05-29 14:41:32',4,NULL,'1802','','','',5,NULL,'World should personal.',0,0,NULL,0,1,'0000-00-00 00:00:00',0,0,NULL,NULL,'','',1,0,NULL,0,NULL,'0000-00-00 00:00:00'),(100000615,100000580,1,'Benjamin','Russeller','2012-01-25','M',0,1,'2023-04-22 04:56:30',3,'2023-05-30 12:41:10',5,NULL,'9132','','','',5,NULL,'Ago own build.',0,0,NULL,0,1,'0000-00-00 00:00:00',0,0,NULL,NULL,'','',0,0,NULL,0,NULL,'0000-00-00 00:00:00'),(100000616,100000550,1,'Erin','Pattersoner','2007-07-04','F',0,1,'2023-04-22 06:56:28',7,'2023-05-30 06:41:16',6,NULL,'9780','','','',5,NULL,'',0,0,NULL,0,1,'0000-00-00 00:00:00',0,0,NULL,NULL,'','',1,0,NULL,0,NULL,'0000-00-00 00:00:00'),(100000617,100000554,1,'Nathan','Ray','2010-02-25','M',0,1,'2023-04-22 08:56:26',23,'2023-05-24 18:43:28',25,NULL,'1347','','','',5,NULL,'Wind meeting drop.',0,0,NULL,0,1,'0000-00-00 00:00:00',0,0,NULL,NULL,'','',0,0,NULL,0,NULL,'0000-00-00 00:00:00'),(100000618,100000562,1,'Tracey','Jenkinsererer','2016-12-29','F',0,1,'2023-04-22 10:56:24',25,'2023-05-29 09:41:37',8,NULL,'6922','','','',5,NULL,'',0,0,NULL,0,1,'0000-00-00 00:00:00',0,0,NULL,NULL,'','',0,0,NULL,0,NULL,'0000-00-00 00:00:00'),(100000619,100000540,1,'Scott','Olson','2013-05-07','M',0,1,'2023-04-22 12:56:22',25,'2023-05-19 10:45:36',23,NULL,'5807','','','',5,NULL,'Sell interview mention yard.',0,0,NULL,0,1,'0000-00-00 00:00:00',0,0,NULL,NULL,'','',0,0,NULL,0,NULL,'0000-00-00 00:00:00'),(100000620,100000536,1,'Katherine','Christianer','2010-03-04','F',0,1,'2023-04-22 14:56:20',4,'2023-05-27 11:42:23',5,NULL,'4763','','','',5,NULL,'Over information you.',0,0,NULL,0,1,'0000-00-00 00:00:00',0,1,NULL,NULL,'','',0,0,NULL,0,NULL,'0000-00-00 00:00:00'),(100000621,100000558,1,'Robert','Robinson','2010-01-14','M',0,1,'2023-04-22 16:56:18',9,'2023-05-20 02:45:20',25,NULL,'2402','','','',5,NULL,'Suddenly this do.',0,0,NULL,0,1,'0000-00-00 00:00:00',0,0,NULL,NULL,'','',0,0,NULL,0,NULL,'0000-00-00 00:00:00'),(100000622,100000580,1,'Shannon','Russeller','2020-06-23','F',0,1,'2023-04-22 18:56:16',8,'2023-05-27 03:42:31',7,NULL,'9132','','','',5,NULL,'',0,0,NULL,0,1,'0000-00-00 00:00:00',0,0,NULL,NULL,'','',0,0,NULL,0,NULL,'0000-00-00 00:00:00'),(100000623,100000576,2,'Stanley','Andrade','2009-07-07','M',0,1,'2023-04-22 20:56:14',23,'2023-04-22 20:56:14',23,NULL,'4643','','','',5,NULL,'',0,0,NULL,0,1,'0000-00-00 00:00:00',0,1,NULL,NULL,'','',0,0,NULL,0,NULL,'0000-00-00 00:00:00'),(100000624,100000556,1,'Diana','Olsoner','2009-12-27','F',0,1,'2023-04-22 22:56:12',4,'2023-05-27 14:42:20',23,NULL,'7421','','','',5,NULL,'Boy pretty teacher.',0,0,NULL,0,1,'0000-00-00 00:00:00',0,0,NULL,NULL,'','',0,0,NULL,0,NULL,'0000-00-00 00:00:00'),(100000625,100000546,1,'Tyler','Morganer','2011-12-15','M',0,1,'2023-04-23 00:56:10',5,'2023-05-26 10:42:48',7,NULL,'1802','','','',5,NULL,'',0,0,NULL,0,1,'0000-00-00 00:00:00',0,1,NULL,NULL,'','',0,0,NULL,0,NULL,'0000-00-00 00:00:00'),(100000626,100000548,1,'Carrie','Levine','2010-12-20','F',0,1,'2023-04-23 02:56:08',24,'2023-05-07 20:50:14',24,NULL,'6218','','','',5,NULL,'',0,0,NULL,0,1,'0000-00-00 00:00:00',0,0,NULL,NULL,'','',0,0,NULL,0,NULL,'0000-00-00 00:00:00'),(100000627,100000582,1,'Justin','Flowerser','2007-04-24','M',0,1,'2023-04-23 04:56:06',5,'2023-05-27 09:42:25',5,NULL,'4679','','','',5,NULL,'',0,0,NULL,0,1,'0000-00-00 00:00:00',0,0,NULL,NULL,'','',0,0,NULL,0,NULL,'0000-00-00 00:00:00'),(100000628,100000580,1,'Ashley','Russell','2015-01-16','F',0,1,'2023-04-23 06:56:04',4,'2023-05-16 12:46:46',23,NULL,'9132','','','',5,NULL,'',0,0,NULL,0,1,'0000-00-00 00:00:00',0,0,NULL,NULL,'','',1,0,NULL,0,NULL,'0000-00-00 00:00:00'),(100000629,100000544,1,'David','Foster','2012-09-14','M',0,1,'2023-04-23 08:56:02',6,'2023-05-19 12:45:34',8,NULL,'6854','','','',5,NULL,'Effort high back.',0,0,NULL,0,1,'0000-00-00 00:00:00',0,0,NULL,NULL,'','',0,0,NULL,0,NULL,'0000-00-00 00:00:00'),(100000630,100000540,1,'Kelly','Olson','2014-06-19','F',0,1,'2023-04-23 10:56:00',5,'2023-05-15 15:47:07',7,NULL,'5807','','','',5,NULL,'',0,0,NULL,0,1,'0000-00-00 00:00:00',0,0,NULL,NULL,'','',1,0,NULL,0,NULL,'0000-00-00 00:00:00'),(100000631,100000574,1,'Shawn','Clayer','2010-08-04','M',0,1,'2023-04-23 12:55:58',3,'2023-05-26 01:42:57',9,NULL,'3197','','','',5,NULL,'Small upon loss.',0,0,NULL,0,1,'0000-00-00 00:00:00',0,1,NULL,NULL,'','',0,0,NULL,0,NULL,'0000-00-00 00:00:00'),(100000632,100000566,1,'Cynthia','Torreserer','2017-12-24','F',0,1,'2023-04-23 14:55:56',25,'2023-05-30 16:41:06',8,NULL,'7688','','','',5,NULL,'',0,0,NULL,0,1,'0000-00-00 00:00:00',0,0,NULL,NULL,'','',1,0,NULL,0,NULL,'0000-00-00 00:00:00'),(100000633,100000548,1,'Jimmy','Levineer','2021-03-02','M',0,1,'2023-04-23 16:55:54',8,'2023-05-31 05:40:53',7,NULL,'6218','','','',5,NULL,'From special sit.',0,0,NULL,0,1,'0000-00-00 00:00:00',0,1,NULL,NULL,'','',0,0,NULL,0,NULL,'0000-00-00 00:00:00'),(100000634,100000570,1,'Holly','Mitchell','2011-02-20','F',0,1,'2023-04-23 18:55:52',23,'2023-05-09 13:49:33',7,NULL,'7241','','','',5,NULL,'',0,0,NULL,0,1,'2023-05-31 16:40:42',0,0,NULL,NULL,'','',0,0,NULL,0,NULL,'0000-00-00 00:00:00'),(100000635,100000568,1,'Kurt','Howard','2015-07-27','M',0,1,'2023-04-23 20:55:50',3,'2023-05-17 03:46:31',23,NULL,'3780','','','',5,NULL,'',0,0,NULL,0,1,'0000-00-00 00:00:00',0,0,NULL,NULL,'','',1,0,NULL,0,NULL,'0000-00-00 00:00:00'),(100000636,100000560,1,'Tammy','Atkinson','2008-08-25','F',0,1,'2023-04-23 22:55:48',25,'2023-05-23 03:44:07',4,NULL,'7422','','','',5,NULL,'Chair tree form.',0,0,NULL,0,1,'0000-00-00 00:00:00',0,1,NULL,NULL,'','',1,0,NULL,0,NULL,'0000-00-00 00:00:00'),(100000637,100000576,2,'David','Andrade','2007-06-14','M',0,1,'2023-04-24 00:55:46',5,'2023-04-24 00:55:46',5,NULL,'4643','','','',5,NULL,'',0,0,NULL,0,1,'0000-00-00 00:00:00',0,1,NULL,NULL,'','',0,0,NULL,0,NULL,'0000-00-00 00:00:00'),(100000638,100000544,1,'Betty','Foster','2015-09-03','F',0,1,'2023-04-24 02:55:44',2,'2023-05-18 18:45:52',7,NULL,'6854','','','',5,NULL,'',0,0,NULL,0,1,'0000-00-00 00:00:00',0,1,NULL,NULL,'','',1,0,NULL,0,NULL,'0000-00-00 00:00:00'),(100000639,100000550,2,'Anthony','Patterson','2015-09-10','M',0,1,'2023-04-24 04:55:42',23,'2023-04-24 04:55:42',23,NULL,'9780','','','',5,NULL,'',0,0,NULL,0,1,'0000-00-00 00:00:00',0,0,NULL,NULL,'','',0,0,NULL,0,NULL,'0000-00-00 00:00:00'),(100000640,100000568,1,'Cindy','Howarderer','2013-08-19','F',0,1,'2023-04-24 06:55:40',25,'2023-05-30 08:41:14',8,NULL,'3780','','','',5,NULL,'State color.',0,0,NULL,0,1,'0000-00-00 00:00:00',0,0,NULL,NULL,'','',1,0,NULL,0,NULL,'0000-00-00 00:00:00'),(100000641,100000564,1,'Evan','Lamberter','2008-10-12','M',0,1,'2023-04-24 08:55:38',5,'2023-05-29 08:41:38',7,NULL,'1392','','','',5,NULL,'',0,0,NULL,0,1,'0000-00-00 00:00:00',0,1,NULL,NULL,'','',0,0,NULL,0,NULL,'0000-00-00 00:00:00'),(100000642,100000540,1,'Robin','Olsoner','2008-03-09','F',0,1,'2023-04-24 10:55:36',9,'2023-05-29 00:41:46',9,NULL,'5807','','','',5,NULL,'',0,0,NULL,0,1,'0000-00-00 00:00:00',0,0,NULL,NULL,'','',0,0,NULL,0,NULL,'0000-00-00 00:00:00'),(100000643,100000550,1,'Michael','Patterson','2019-06-18','M',0,1,'2023-04-24 12:55:34',24,'2023-05-12 06:48:28',23,NULL,'9780','','','',5,NULL,'',0,0,NULL,0,1,'0000-00-00 00:00:00',0,0,NULL,NULL,'','',0,0,NULL,0,NULL,'0000-00-00 00:00:00'),(100000644,100000584,2,'Olivia','Barnett','2020-09-01','F',0,1,'2023-04-24 14:55:32',25,'2023-04-24 14:55:32',25,NULL,'8801','','','',5,NULL,'',0,0,NULL,0,1,'2023-05-31 23:40:35',0,1,NULL,NULL,'','',0,0,NULL,0,NULL,'0000-00-00 00:00:00'),(100000645,100000570,1,'Bryan','Mitchell','2012-12-19','M',0,1,'2023-04-24 16:55:30',4,'2023-05-07 14:50:20',25,NULL,'7241','','','',5,NULL,'',0,0,NULL,0,1,'2023-05-31 17:40:41',0,0,NULL,NULL,'','',0,0,NULL,0,NULL,'0000-00-00 00:00:00'),(100000646,100000552,1,'Cheryl','Lopez','2021-10-03','F',0,1,'2023-04-24 18:55:28',25,'2023-05-18 16:45:54',24,NULL,'5378','','','',5,NULL,'',0,0,NULL,0,1,'0000-00-00 00:00:00',0,0,NULL,NULL,'','',1,0,NULL,0,NULL,'0000-00-00 00:00:00'),(100000647,100000576,2,'Donald','Andrade','2008-11-04','M',0,1,'2023-04-24 20:55:26',2,'2023-04-24 20:55:26',2,NULL,'4643','','','',5,NULL,'',0,0,NULL,0,1,'0000-00-00 00:00:00',0,0,NULL,NULL,'','',0,0,NULL,0,NULL,'0000-00-00 00:00:00'),(100000648,100000560,1,'Victoria','Atkinsoner','2019-12-09','F',0,1,'2023-04-24 22:55:24',8,'2023-05-27 12:42:22',23,NULL,'7422','','','',5,NULL,'War player.',0,0,NULL,0,1,'0000-00-00 00:00:00',0,0,NULL,NULL,'','',0,0,NULL,0,NULL,'0000-00-00 00:00:00'),(100000649,100000536,1,'Martin','Christianer','2015-06-10','M',0,1,'2023-04-25 00:55:22',25,'2023-05-29 04:41:42',2,NULL,'4763','','','',5,NULL,'',0,0,NULL,0,1,'0000-00-00 00:00:00',0,0,NULL,NULL,'','',0,0,NULL,0,NULL,'0000-00-00 00:00:00'),(100000650,100000544,2,'Taylor','Foster','2018-05-20','F',0,1,'2023-04-25 02:55:20',6,'2023-04-25 02:55:20',6,NULL,'6854','','','',5,NULL,'',0,0,NULL,0,1,'0000-00-00 00:00:00',0,0,NULL,NULL,'','',0,0,NULL,0,NULL,'0000-00-00 00:00:00'),(100000651,100000568,1,'Mark','Howarder','2008-04-05','M',0,1,'2023-04-25 04:55:18',24,'2023-05-30 13:41:09',6,NULL,'3780','','','',5,NULL,'Across give.',0,0,NULL,0,1,'0000-00-00 00:00:00',0,0,NULL,NULL,'','',0,0,NULL,0,NULL,'0000-00-00 00:00:00'),(100000652,100000584,1,'Jennifer','Barnett','2015-12-19','F',0,1,'2023-04-25 06:55:16',25,'2023-05-17 16:46:18',3,NULL,'8801','','','',5,NULL,'',0,0,NULL,0,1,'0000-00-00 00:00:00',0,1,NULL,NULL,'','',1,0,NULL,0,NULL,'0000-00-00 00:00:00'),(100000653,100000536,1,'Andrew','Christian','2008-04-11','M',0,1,'2023-04-25 08:55:14',8,'2023-05-21 16:44:42',9,NULL,'4763','','','',5,NULL,'Sense fly.',0,0,NULL,0,1,'0000-00-00 00:00:00',0,1,NULL,NULL,'','',0,0,NULL,0,NULL,'0000-00-00 00:00:00'),(100000654,100000558,1,'Wanda','Robinsonerer','2018-08-08','F',0,1,'2023-04-25 10:55:12',4,'2023-05-29 06:41:40',9,NULL,'2402','','','',5,NULL,'',0,0,NULL,0,1,'0000-00-00 00:00:00',0,0,NULL,NULL,'','',0,0,NULL,0,NULL,'0000-00-00 00:00:00'),(100000655,100000564,1,'Paul','Lambert','2008-11-06','M',0,1,'2023-04-25 12:55:10',6,'2023-05-21 13:44:45',5,NULL,'1392','','','',5,NULL,'Value.',0,0,NULL,0,1,'2023-05-31 09:40:49',0,1,NULL,NULL,'','',0,0,NULL,0,NULL,'0000-00-00 00:00:00'),(100000656,100000576,1,'Diana','Andradeer','2008-04-06','F',0,1,'2023-04-25 14:55:08',2,'2023-05-28 20:41:50',9,NULL,'4643','','','',5,NULL,'',0,0,NULL,0,1,'0000-00-00 00:00:00',0,0,NULL,NULL,'','',0,0,NULL,0,NULL,'0000-00-00 00:00:00'),(100000657,100000558,1,'Bradley','Robinsonerer','2011-06-09','M',0,1,'2023-04-25 16:55:06',5,'2023-05-25 23:42:59',25,NULL,'2402','','','',5,NULL,'',0,0,NULL,0,1,'0000-00-00 00:00:00',0,1,NULL,NULL,'','',0,0,NULL,0,NULL,'0000-00-00 00:00:00'),(100000658,100000538,1,'Heather','Steele','2008-04-12','F',0,1,'2023-04-25 18:55:04',6,'2023-05-21 02:44:56',2,NULL,'7337','','','',5,NULL,'Various son lay pretty.',0,0,NULL,0,1,'0000-00-00 00:00:00',0,0,NULL,NULL,'','',0,0,NULL,0,NULL,'0000-00-00 00:00:00'),(100000659,100000574,1,'Harold','Clay','2016-08-14','M',0,1,'2023-04-25 20:55:02',24,'2023-05-10 07:49:15',4,NULL,'3197','','','',5,NULL,'',0,0,NULL,0,1,'0000-00-00 00:00:00',0,0,NULL,NULL,'','',0,0,NULL,0,NULL,'0000-00-00 00:00:00'),(100000660,100000572,1,'Yvette','Brown','2021-03-15','F',0,1,'2023-04-25 22:55:00',24,'2023-05-23 12:43:58',2,NULL,'9189','','','',5,NULL,'Mouth road.',0,0,NULL,0,1,'0000-00-00 00:00:00',0,1,NULL,NULL,'','',0,0,NULL,0,NULL,'0000-00-00 00:00:00'),(100000661,100000546,1,'Adrian','Morganer','2010-07-09','M',0,1,'2023-04-26 00:54:58',5,'2023-05-28 10:42:00',24,NULL,'1802','','','',5,NULL,'Individual detail tonight.',0,0,NULL,0,1,'0000-00-00 00:00:00',0,1,NULL,NULL,'','',0,0,NULL,0,NULL,'0000-00-00 00:00:00'),(100000662,100000542,1,'Rose','Howard','2020-04-04','F',0,1,'2023-04-26 02:54:56',7,'2023-05-07 10:50:24',25,NULL,'8252','','','',5,NULL,'',0,0,NULL,0,1,'0000-00-00 00:00:00',0,0,NULL,NULL,'','',0,0,NULL,0,NULL,'0000-00-00 00:00:00'),(100000663,100000564,1,'Stephen','Lambert','2010-11-11','M',0,1,'2023-04-26 04:54:54',2,'2023-05-11 16:48:42',24,NULL,'1392','','','',5,NULL,'',0,0,NULL,0,1,'0000-00-00 00:00:00',0,0,NULL,NULL,'','',0,0,NULL,0,NULL,'0000-00-00 00:00:00'),(100000664,100000538,1,'Jennifer','Steele','2014-01-16','F',0,1,'2023-04-26 06:54:52',9,'2023-05-14 00:47:46',2,NULL,'7337','','','',5,NULL,'',0,0,NULL,0,1,'0000-00-00 00:00:00',0,0,NULL,NULL,'','',1,0,NULL,0,NULL,'0000-00-00 00:00:00'),(100000665,100000562,2,'Luis','Jenkins','2018-12-04','M',0,1,'2023-04-26 08:54:50',7,'2023-04-26 08:54:50',7,NULL,'6922','','','',5,NULL,'',0,0,NULL,0,1,'0000-00-00 00:00:00',0,0,NULL,NULL,'','',0,0,NULL,0,NULL,'0000-00-00 00:00:00'),(100000666,100000538,1,'Rachel','Steele','2021-09-25','F',0,1,'2023-04-26 10:54:48',23,'2023-05-07 13:50:21',24,NULL,'7337','','','',5,NULL,'',0,0,NULL,0,1,'0000-00-00 00:00:00',0,0,NULL,NULL,'','',0,0,NULL,0,NULL,'0000-00-00 00:00:00'),(100000667,100000568,1,'Charles','Howarder','2015-10-27','M',0,1,'2023-04-26 12:54:46',8,'2023-05-28 19:41:51',24,NULL,'3780','','','',5,NULL,'Face rich.',0,0,NULL,0,1,'0000-00-00 00:00:00',0,1,NULL,NULL,'','',0,0,NULL,0,NULL,'0000-00-00 00:00:00'),(100000668,100000554,1,'Monica','Ray','2008-09-07','F',0,1,'2023-04-26 14:54:44',4,'2023-05-11 03:48:55',8,NULL,'1347','','','',5,NULL,'',0,0,NULL,0,1,'0000-00-00 00:00:00',0,0,NULL,NULL,'','',0,0,NULL,0,NULL,'0000-00-00 00:00:00'),(100000669,100000554,1,'Henry','Rayer','2014-04-07','M',0,1,'2023-04-26 16:54:42',8,'2023-05-26 09:42:49',3,NULL,'1347','','','',5,NULL,'Meet visit people management.',0,0,NULL,0,1,'0000-00-00 00:00:00',0,0,NULL,NULL,'','',0,0,NULL,0,NULL,'0000-00-00 00:00:00'),(100000670,100000548,1,'Tammy','Levineer','2018-05-15','F',0,1,'2023-04-26 18:54:40',8,'2023-05-26 05:42:53',3,NULL,'6218','','','',5,NULL,'Similar trial.',0,0,NULL,0,1,'0000-00-00 00:00:00',0,1,NULL,NULL,'','',0,0,NULL,0,NULL,'0000-00-00 00:00:00'),(100000671,100000568,1,'Daniel','Howard','2020-10-04','M',0,1,'2023-04-26 20:54:38',23,'2023-05-22 11:44:23',7,NULL,'3780','','','',5,NULL,'Next eye his.',0,0,NULL,0,1,'0000-00-00 00:00:00',0,1,NULL,NULL,'','',1,0,NULL,0,NULL,'0000-00-00 00:00:00'),(100000672,100000536,1,'Diana','Christian','2016-03-23','F',0,1,'2023-04-26 22:54:36',4,'2023-05-06 21:50:37',2,NULL,'4763','','','',5,NULL,'',0,0,NULL,0,1,'0000-00-00 00:00:00',0,0,NULL,NULL,'','',0,0,NULL,0,NULL,'0000-00-00 00:00:00'),(100000673,100000536,1,'Daniel','Christianerer','2014-11-30','M',0,1,'2023-04-27 00:54:34',24,'2023-05-26 15:42:43',23,NULL,'4763','','','',5,NULL,'Bad civil recently worry.',0,0,NULL,0,1,'0000-00-00 00:00:00',0,0,NULL,NULL,'','',0,0,NULL,0,NULL,'0000-00-00 00:00:00'),(100000674,100000536,1,'Laura','Christian','2019-01-03','F',0,1,'2023-04-27 02:54:32',23,'2023-05-18 14:45:56',24,NULL,'4763','','','',5,NULL,'',0,0,NULL,0,1,'2023-05-31 11:40:47',0,0,NULL,NULL,'','',0,0,NULL,0,NULL,'0000-00-00 00:00:00'),(100000675,100000550,2,'Thomas','Patterson','2021-11-26','M',0,1,'2023-04-27 04:54:30',4,'2023-04-27 04:54:30',4,NULL,'9780','','','',5,NULL,'',0,0,NULL,0,1,'0000-00-00 00:00:00',0,0,NULL,NULL,'','',0,0,NULL,0,NULL,'0000-00-00 00:00:00'),(100000676,100000566,1,'Rebecca','Torres','2007-05-28','F',0,1,'2023-04-27 06:54:28',25,'2023-05-14 18:47:28',2,NULL,'7688','','','',5,NULL,'',0,0,NULL,0,1,'0000-00-00 00:00:00',0,1,NULL,NULL,'','',1,0,NULL,0,NULL,'0000-00-00 00:00:00'),(100000677,100000558,2,'Sean','Robinson','2013-01-12','M',0,1,'2023-04-27 08:54:26',7,'2023-04-27 08:54:26',7,NULL,'2402','','','',5,NULL,'',0,0,NULL,0,1,'0000-00-00 00:00:00',0,0,NULL,NULL,'','',0,0,NULL,0,NULL,'0000-00-00 00:00:00'),(100000678,100000562,1,'Amanda','Jenkinserer','2016-02-16','F',0,1,'2023-04-27 10:54:24',7,'2023-05-29 02:41:44',5,NULL,'6922','','','',5,NULL,'',0,0,NULL,0,1,'0000-00-00 00:00:00',0,0,NULL,NULL,'','',1,0,NULL,0,NULL,'0000-00-00 00:00:00'),(100000679,100000566,1,'Paul','Torreser','2019-11-05','M',0,1,'2023-04-27 12:54:22',23,'2023-05-28 12:41:58',9,NULL,'7688','','','',5,NULL,'Include law.',0,0,NULL,0,1,'0000-00-00 00:00:00',0,0,NULL,NULL,'','',0,0,NULL,0,NULL,'0000-00-00 00:00:00'),(100000680,100000584,1,'Maria','Barnetter','2016-02-23','F',0,1,'2023-04-27 14:54:20',4,'2023-05-30 04:41:18',4,NULL,'8801','','','',5,NULL,'',0,0,NULL,0,1,'0000-00-00 00:00:00',0,1,NULL,NULL,'','',1,0,NULL,0,NULL,'0000-00-00 00:00:00'),(100000681,100000538,1,'Travis','Steele','2013-03-09','M',0,1,'2023-04-27 16:54:18',8,'2023-05-08 21:49:49',5,NULL,'7337','','','',5,NULL,'',0,0,NULL,0,1,'0000-00-00 00:00:00',0,0,NULL,NULL,'','',0,0,NULL,0,NULL,'0000-00-00 00:00:00'),(100000682,100000552,1,'Cynthia','Lopez','2017-04-25','F',0,1,'2023-04-27 18:54:16',4,'2023-05-06 19:50:39',2,NULL,'5378','','','',5,NULL,'',0,0,NULL,0,1,'0000-00-00 00:00:00',0,0,NULL,NULL,'','',0,0,NULL,0,NULL,'0000-00-00 00:00:00'),(100000683,100000552,1,'Edward','Lopez','2019-01-01','M',0,1,'2023-04-27 20:54:14',24,'2023-05-22 23:44:11',24,NULL,'5378','','','',5,NULL,'Popular firm.',0,0,NULL,0,1,'0000-00-00 00:00:00',0,0,NULL,NULL,'','',0,0,NULL,0,NULL,'0000-00-00 00:00:00'),(100000684,100000550,1,'Abigail','Pattersoner','2015-08-09','F',0,1,'2023-04-27 22:54:12',8,'2023-05-31 02:40:56',7,NULL,'9780','','','',5,NULL,'',0,0,NULL,0,1,'0000-00-00 00:00:00',0,1,NULL,NULL,'','',1,0,NULL,0,NULL,'0000-00-00 00:00:00'),(100000685,100000564,1,'Timothy','Lambert','2014-06-03','M',0,1,'2023-04-28 00:54:10',9,'2023-05-17 04:46:30',8,NULL,'1392','','','',5,NULL,'',0,0,NULL,0,1,'0000-00-00 00:00:00',0,0,NULL,NULL,'','',1,0,NULL,0,NULL,'0000-00-00 00:00:00'),(100000686,100000558,1,'Julie','Robinson','2014-01-12','F',0,1,'2023-04-28 02:54:08',23,'2023-05-09 15:49:31',8,NULL,'2402','','','',5,NULL,'',0,0,NULL,0,1,'0000-00-00 00:00:00',0,0,NULL,NULL,'','',0,0,NULL,0,NULL,'0000-00-00 00:00:00'),(100000687,100000544,1,'James','Foster','2011-10-06','M',0,1,'2023-04-28 04:54:06',3,'2023-05-19 05:45:41',23,NULL,'6854','','','',5,NULL,'Two both yes.',0,0,NULL,0,1,'0000-00-00 00:00:00',0,1,NULL,NULL,'','',0,0,NULL,0,NULL,'0000-00-00 00:00:00'),(100000688,100000560,2,'Evelyn','Atkinson','2008-04-17','F',0,1,'2023-04-28 06:54:04',8,'2023-04-28 06:54:04',8,NULL,'7422','','','',5,NULL,'',0,0,NULL,0,1,'0000-00-00 00:00:00',0,1,NULL,NULL,'','',0,0,NULL,0,NULL,'0000-00-00 00:00:00'),(100000689,100000584,1,'Derek','Barnetter','2011-08-16','M',0,1,'2023-04-28 08:54:02',2,'2023-05-30 01:41:21',24,NULL,'8801','','','',5,NULL,'',0,0,NULL,0,1,'0000-00-00 00:00:00',0,0,NULL,NULL,'','',1,0,NULL,0,NULL,'0000-00-00 00:00:00'),(100000690,100000552,1,'Deborah','Lopez','2022-10-26','F',0,1,'2023-04-28 10:54:00',9,'2023-05-09 11:49:35',8,NULL,'5378','','','',5,NULL,'',0,0,NULL,0,1,'0000-00-00 00:00:00',0,0,NULL,NULL,'','',0,0,NULL,0,NULL,'0000-00-00 00:00:00'),(100000691,100000552,1,'Aaron','Lopezerererer','2012-01-25','M',0,1,'2023-04-28 12:53:58',8,'2023-05-31 08:40:50',9,NULL,'5378','','','',5,NULL,'',0,0,NULL,0,1,'0000-00-00 00:00:00',0,0,NULL,NULL,'','',0,0,NULL,0,NULL,'0000-00-00 00:00:00'),(100000692,100000536,1,'Lynn','Christian','2015-04-23','F',0,1,'2023-04-28 14:53:56',4,'2023-05-14 22:47:24',9,NULL,'4763','','','',5,NULL,'',0,0,NULL,0,1,'0000-00-00 00:00:00',0,0,NULL,NULL,'','',0,0,NULL,0,NULL,'0000-00-00 00:00:00'),(100000693,100000578,1,'Antonio','Millerer','2022-03-15','M',0,1,'2023-04-28 16:53:54',9,'2023-05-28 13:41:57',24,NULL,'8490','','','',5,NULL,'Million.',0,0,NULL,0,1,'0000-00-00 00:00:00',0,1,NULL,NULL,'','',0,0,NULL,0,NULL,'0000-00-00 00:00:00'),(100000694,100000568,1,'Natalie','Howarder','2009-10-28','F',0,1,'2023-04-28 18:53:52',9,'2023-05-26 04:42:54',25,NULL,'3780','','','',5,NULL,'',0,0,NULL,0,1,'0000-00-00 00:00:00',0,0,NULL,NULL,'','',0,0,NULL,0,NULL,'0000-00-00 00:00:00'),(100000695,100000574,1,'David','Clayer','2009-09-04','M',0,1,'2023-04-28 20:53:50',2,'2023-05-26 12:42:46',7,NULL,'3197','','','',5,NULL,'Treat as little.',0,0,NULL,0,1,'0000-00-00 00:00:00',0,1,NULL,NULL,'','',0,0,NULL,0,NULL,'0000-00-00 00:00:00'),(100000696,100000546,2,'Karen','Morgan','2022-10-06','F',0,1,'2023-04-28 22:53:48',23,'2023-04-28 22:53:48',23,NULL,'1802','','','',5,NULL,'',0,0,NULL,0,1,'0000-00-00 00:00:00',0,1,NULL,NULL,'','',0,0,NULL,0,NULL,'0000-00-00 00:00:00'),(100000697,100000556,1,'Larry','Olsonerer','2013-04-13','M',0,1,'2023-04-29 00:53:46',6,'2023-05-29 19:41:27',5,NULL,'7421','','','',5,NULL,'',0,0,NULL,0,1,'0000-00-00 00:00:00',0,0,NULL,NULL,'','',0,0,NULL,0,NULL,'0000-00-00 00:00:00'),(100000698,100000580,1,'Traci','Russeller','2015-04-15','F',0,1,'2023-04-29 02:53:44',5,'2023-05-29 21:41:25',3,NULL,'9132','','','',5,NULL,'Agent environmental dream.',0,0,NULL,0,1,'0000-00-00 00:00:00',0,0,NULL,NULL,'','',0,0,NULL,0,NULL,'0000-00-00 00:00:00'),(100000699,100000546,1,'William','Morgan','2013-05-08','M',0,1,'2023-04-29 04:53:42',23,'2023-05-12 08:48:26',2,NULL,'1802','','','',5,NULL,'',0,0,NULL,0,1,'0000-00-00 00:00:00',0,0,NULL,NULL,'','',0,0,NULL,0,NULL,'0000-00-00 00:00:00'),(100000700,100000580,1,'Carrie','Russeller','2019-12-08','F',0,1,'2023-04-29 06:53:40',25,'2023-05-30 11:41:11',7,NULL,'9132','','','',5,NULL,'',0,0,NULL,0,1,'0000-00-00 00:00:00',0,0,NULL,NULL,'','',1,0,NULL,0,NULL,'0000-00-00 00:00:00'),(100000701,100000550,1,'Robert','Pattersoner','2019-08-10','M',0,1,'2023-04-29 08:53:38',6,'2023-05-28 17:41:53',4,NULL,'9780','','','',5,NULL,'Exactly share at.',0,0,NULL,0,1,'0000-00-00 00:00:00',0,0,NULL,NULL,'','',0,0,NULL,0,NULL,'0000-00-00 00:00:00'),(100000702,100000582,1,'Jessica','Flowers','2015-04-15','F',0,1,'2023-04-29 10:53:36',25,'2023-05-20 10:45:12',3,NULL,'4679','','','',5,NULL,'Media former arm.',0,0,NULL,0,1,'0000-00-00 00:00:00',0,1,NULL,NULL,'','',0,0,NULL,0,NULL,'0000-00-00 00:00:00'),(100000703,100000574,1,'John','Clay','2016-12-31','M',0,1,'2023-04-29 12:53:34',24,'2023-05-21 07:44:51',5,NULL,'3197','','','',5,NULL,'Start ten.',0,0,NULL,0,1,'0000-00-00 00:00:00',0,0,NULL,NULL,'','',0,0,NULL,0,NULL,'0000-00-00 00:00:00'),(100000704,100000546,2,'Theresa','Morgan','2013-09-30','F',0,1,'2023-04-29 14:53:32',5,'2023-04-29 14:53:32',5,NULL,'1802','','','',5,NULL,'',0,0,NULL,0,1,'0000-00-00 00:00:00',0,0,NULL,NULL,'','',0,0,NULL,0,NULL,'0000-00-00 00:00:00'),(100000705,100000546,1,'Jose','Morganer','2007-11-12','M',0,1,'2023-04-29 16:53:30',7,'2023-05-26 21:42:37',25,NULL,'1802','','','',5,NULL,'',0,0,NULL,0,1,'0000-00-00 00:00:00',0,1,NULL,NULL,'','',0,0,NULL,0,NULL,'0000-00-00 00:00:00'),(100000706,100000560,1,'Erin','Atkinsoner','2022-02-21','F',0,1,'2023-04-29 18:53:28',6,'2023-05-29 16:41:30',25,NULL,'7422','','','',5,NULL,'',0,0,NULL,0,1,'0000-00-00 00:00:00',0,0,NULL,NULL,'','',1,0,NULL,0,NULL,'0000-00-00 00:00:00'),(100000707,100000540,1,'Michael','Olson','2022-05-07','M',0,1,'2023-04-29 20:53:26',8,'2023-05-07 18:50:16',23,NULL,'5807','','','',5,NULL,'',0,0,NULL,0,1,'0000-00-00 00:00:00',0,0,NULL,NULL,'','',0,0,NULL,0,NULL,'0000-00-00 00:00:00'),(100000708,100000574,1,'Samantha','Clay','2013-12-26','F',0,1,'2023-04-29 22:53:24',23,'2023-05-24 16:43:30',2,NULL,'3197','','','',5,NULL,'Their wrong mission.',0,0,NULL,0,1,'0000-00-00 00:00:00',0,1,NULL,NULL,'','',0,0,NULL,0,NULL,'0000-00-00 00:00:00'),(100000709,100000546,2,'Russell','Morgan','2021-08-18','M',0,1,'2023-04-30 00:53:22',23,'2023-04-30 00:53:22',23,NULL,'1802','','','',5,NULL,'',0,0,NULL,0,1,'0000-00-00 00:00:00',0,0,NULL,NULL,'','',0,0,NULL,0,NULL,'0000-00-00 00:00:00'),(100000710,100000548,1,'Amanda','Levine','2015-12-01','F',0,1,'2023-04-30 02:53:20',3,'2023-05-20 22:45:00',6,NULL,'6218','','','',5,NULL,'Individual.',0,0,NULL,0,1,'2023-06-01 02:40:32',0,1,NULL,NULL,'','',1,0,NULL,0,NULL,'0000-00-00 00:00:00'),(100000711,100000584,1,'Kevin','Barnett','2022-04-22','M',0,1,'2023-04-30 04:53:18',9,'2023-05-15 08:47:14',4,NULL,'8801','','','',5,NULL,'',0,0,NULL,0,1,'0000-00-00 00:00:00',0,0,NULL,NULL,'','',1,0,NULL,0,NULL,'0000-00-00 00:00:00'),(100000712,100000538,1,'Jaime','Steele','2013-07-09','F',0,1,'2023-04-30 06:53:16',5,'2023-05-23 04:44:06',3,NULL,'7337','','','',5,NULL,'Anyone detail agreement.',0,0,NULL,0,1,'0000-00-00 00:00:00',0,0,NULL,NULL,'','',0,0,NULL,0,NULL,'0000-00-00 00:00:00'),(100000713,100000536,1,'Ryan','Christian','2013-05-28','M',0,1,'2023-04-30 08:53:14',23,'2023-05-20 15:45:07',9,NULL,'4763','','','',5,NULL,'Weight public herself.',0,0,NULL,0,1,'0000-00-00 00:00:00',0,0,NULL,NULL,'','',1,0,NULL,0,NULL,'0000-00-00 00:00:00'),(100000714,100000542,1,'Allison','Howard','2016-10-04','F',0,1,'2023-04-30 10:53:12',6,'2023-05-20 20:45:02',8,NULL,'8252','','','',5,NULL,'Today thousand interest different.',0,0,NULL,0,1,'0000-00-00 00:00:00',0,1,NULL,NULL,'','',0,0,NULL,0,NULL,'0000-00-00 00:00:00'),(100000715,100000538,1,'Kevin','Steele','2013-01-18','M',0,1,'2023-04-30 12:53:10',2,'2023-05-16 09:46:49',5,NULL,'7337','','','',5,NULL,'',0,0,NULL,0,1,'0000-00-00 00:00:00',0,0,NULL,NULL,'','',0,0,NULL,0,NULL,'0000-00-00 00:00:00'),(100000716,100000570,1,'Cassandra','Mitchell','2018-09-02','F',0,1,'2023-04-30 14:53:08',7,'2023-05-22 10:44:24',8,NULL,'7241','','','',5,NULL,'Relationship piece.',0,0,NULL,0,1,'2023-05-31 18:40:40',0,0,NULL,NULL,'','',0,0,NULL,0,NULL,'0000-00-00 00:00:00'),(100000717,100000536,2,'Andrew','Christian','2013-01-07','M',0,1,'2023-04-30 16:53:06',3,'2023-04-30 16:53:06',3,NULL,'4763','','','',5,NULL,'',0,0,NULL,0,1,'0000-00-00 00:00:00',0,0,NULL,NULL,'','',0,0,NULL,0,NULL,'0000-00-00 00:00:00'),(100000718,100000548,2,'Rachel','Levine','2017-05-09','F',0,1,'2023-04-30 18:53:04',5,'2023-04-30 18:53:04',5,NULL,'6218','','','',5,NULL,'',0,0,NULL,0,1,'0000-00-00 00:00:00',0,0,NULL,NULL,'','',0,0,NULL,0,NULL,'0000-00-00 00:00:00'),(100000719,100000578,1,'David','Miller','2014-09-24','M',0,1,'2023-04-30 20:53:02',8,'2023-05-17 13:46:21',6,NULL,'8490','','','',5,NULL,'',0,0,NULL,0,1,'0000-00-00 00:00:00',0,0,NULL,NULL,'','',1,0,NULL,0,NULL,'0000-00-00 00:00:00'),(100000720,100000540,1,'Rhonda','Olsoner','2020-05-26','F',0,1,'2023-04-30 22:53:00',6,'2023-05-29 15:41:31',5,NULL,'5807','','','',5,NULL,'',0,0,NULL,0,1,'0000-00-00 00:00:00',0,0,NULL,NULL,'','',0,0,NULL,0,NULL,'0000-00-00 00:00:00'),(100000721,100000558,1,'Kenneth','Robinson','2021-04-21','M',0,1,'2023-05-01 00:52:58',24,'2023-05-06 18:50:40',25,NULL,'2402','','','',5,NULL,'',0,0,NULL,0,1,'0000-00-00 00:00:00',0,0,NULL,NULL,'','',0,0,NULL,0,NULL,'0000-00-00 00:00:00'),(100000722,100000568,1,'Haley','Howarder','2013-02-15','F',0,1,'2023-05-01 02:52:56',4,'2023-05-28 01:42:09',2,NULL,'3780','','','',5,NULL,'We onto democratic.',0,0,NULL,0,1,'0000-00-00 00:00:00',0,1,NULL,NULL,'','',0,0,NULL,0,NULL,'0000-00-00 00:00:00'),(100000723,100000544,2,'Daniel','Foster','2013-09-14','M',0,1,'2023-05-01 04:52:54',24,'2023-05-01 04:52:54',24,NULL,'6854','','','',5,NULL,'',0,0,NULL,0,1,'0000-00-00 00:00:00',0,1,NULL,NULL,'','',0,0,NULL,0,NULL,'0000-00-00 00:00:00'),(100000724,100000564,1,'Katherine','Lambert','2021-12-05','F',0,1,'2023-05-01 06:52:52',3,'2023-05-18 04:46:06',4,NULL,'1392','','','',5,NULL,'',0,0,NULL,0,1,'0000-00-00 00:00:00',0,1,NULL,NULL,'','',0,0,NULL,0,NULL,'0000-00-00 00:00:00'),(100000725,100000572,1,'Duane','Brown','2018-05-18','M',0,1,'2023-05-01 08:52:50',5,'2023-05-22 22:44:12',2,NULL,'9189','','','',5,NULL,'Among.',0,0,NULL,0,1,'0000-00-00 00:00:00',0,0,NULL,NULL,'','',1,0,NULL,0,NULL,'0000-00-00 00:00:00'),(100000726,100000554,1,'Sarah','Ray','2021-07-20','F',0,1,'2023-05-01 10:52:48',25,'2023-05-19 18:45:28',4,NULL,'1347','','','',5,NULL,'To again memory.',0,0,NULL,0,1,'0000-00-00 00:00:00',0,1,NULL,NULL,'','',0,0,NULL,0,NULL,'0000-00-00 00:00:00'),(100000727,100000572,1,'Patrick','Brownerer','2021-10-29','M',0,1,'2023-05-01 12:52:46',4,'2023-05-31 04:40:54',9,NULL,'9189','','','',5,NULL,'Beyond represent.',0,0,NULL,0,1,'0000-00-00 00:00:00',0,1,NULL,NULL,'','',0,0,NULL,0,NULL,'0000-00-00 00:00:00'),(100000728,100000536,1,'Evelyn','Christian','2015-04-21','F',0,1,'2023-05-01 14:52:44',7,'2023-05-19 13:45:33',2,NULL,'4763','','','',5,NULL,'Expert develop.',0,0,NULL,0,1,'0000-00-00 00:00:00',0,0,NULL,NULL,'','',1,0,NULL,0,NULL,'0000-00-00 00:00:00'),(100000729,100000574,2,'Cody','Clay','2023-02-12','M',0,1,'2023-05-01 16:52:42',5,'2023-05-01 16:52:42',5,NULL,'3197','','','',5,NULL,'',0,0,NULL,0,1,'0000-00-00 00:00:00',0,1,NULL,NULL,'','',0,0,NULL,0,NULL,'0000-00-00 00:00:00'),(100000730,100000550,1,'Sarah','Patterson','2009-05-28','F',0,1,'2023-05-01 18:52:40',23,'2023-05-20 06:45:16',7,NULL,'9780','','','',5,NULL,'Contain she game.',0,0,NULL,0,1,'0000-00-00 00:00:00',0,1,NULL,NULL,'','',0,0,NULL,0,NULL,'0000-00-00 00:00:00'),(100000731,100000560,1,'Mitchell','Atkinson','2011-10-19','M',0,1,'2023-05-01 20:52:38',4,'2023-05-24 08:43:38',4,NULL,'7422','','','',5,NULL,'Money.',0,0,NULL,0,1,'0000-00-00 00:00:00',0,0,NULL,NULL,'','',0,0,NULL,0,NULL,'0000-00-00 00:00:00'),(100000732,100000576,1,'Kimberly','Andrade','2018-05-10','F',0,1,'2023-05-01 22:52:36',4,'2023-05-15 05:47:17',4,NULL,'4643','','','',5,NULL,'',0,0,NULL,0,1,'0000-00-00 00:00:00',0,0,NULL,NULL,'','',1,0,NULL,0,NULL,'0000-00-00 00:00:00'),(100000733,100000568,2,'James','Howard','2016-09-13','M',0,1,'2023-05-02 00:52:34',2,'2023-05-02 00:52:34',2,NULL,'3780','','','',5,NULL,'',0,0,NULL,0,1,'0000-00-00 00:00:00',0,1,NULL,NULL,'','',0,0,NULL,0,NULL,'0000-00-00 00:00:00'),(100000734,100000576,1,'Sandra','Andradeer','2021-10-17','F',0,1,'2023-05-02 02:52:32',5,'2023-05-26 18:42:40',23,NULL,'4643','','','',5,NULL,'Woman figure natural.',0,0,NULL,0,1,'0000-00-00 00:00:00',0,0,NULL,NULL,'','',0,0,NULL,0,NULL,'0000-00-00 00:00:00'),(100000735,100000582,1,'Richard','Flowersererer','2022-06-25','M',0,1,'2023-05-02 04:52:30',25,'2023-05-30 00:41:22',4,NULL,'4679','','','',5,NULL,'',0,0,NULL,0,1,'0000-00-00 00:00:00',0,1,NULL,NULL,'','',1,0,NULL,0,NULL,'0000-00-00 00:00:00'),(100000736,100000566,1,'Shelley','Torres','2009-03-07','F',0,1,'2023-05-02 06:52:28',23,'2023-05-24 07:43:39',3,NULL,'7688','','','',5,NULL,'Career save.',0,0,NULL,0,1,'0000-00-00 00:00:00',0,0,NULL,NULL,'','',1,0,NULL,0,NULL,'0000-00-00 00:00:00'),(100000737,100000554,1,'Kevin','Rayer','2014-08-29','M',0,1,'2023-05-02 08:52:26',7,'2023-05-30 18:41:04',2,NULL,'1347','','','',5,NULL,'Training single.',0,0,NULL,0,1,'0000-00-00 00:00:00',0,0,NULL,NULL,'','',1,0,NULL,0,NULL,'0000-00-00 00:00:00'),(100000738,100000564,1,'Brianna','Lambert','2009-02-07','F',0,1,'2023-05-02 10:52:24',25,'2023-05-19 03:45:43',24,NULL,'1392','','','',5,NULL,'Star today let.',0,0,NULL,0,1,'0000-00-00 00:00:00',0,0,NULL,NULL,'','',0,0,NULL,0,NULL,'0000-00-00 00:00:00'),(100000739,100000584,1,'Isaac','Barnett','2020-02-12','M',0,1,'2023-05-02 12:52:22',4,'2023-05-15 10:47:12',9,NULL,'8801','','','',5,NULL,'',0,0,NULL,0,1,'0000-00-00 00:00:00',0,0,NULL,NULL,'','',1,0,NULL,0,NULL,'0000-00-00 00:00:00'),(100000740,100000564,1,'Tracey','Lamberterer','2010-12-27','F',0,1,'2023-05-02 14:52:20',23,'2023-05-26 06:42:52',4,NULL,'1392','','','',5,NULL,'Upon maintain.',0,0,NULL,0,1,'0000-00-00 00:00:00',0,0,NULL,NULL,'','',0,0,NULL,0,NULL,'0000-00-00 00:00:00'),(100000741,100000556,1,'Todd','Olson','2013-08-13','M',0,1,'2023-05-02 16:52:18',25,'2023-05-22 07:44:27',5,NULL,'7421','','','',5,NULL,'Trial establish.',0,0,NULL,0,1,'0000-00-00 00:00:00',0,0,NULL,NULL,'','',0,0,NULL,0,NULL,'0000-00-00 00:00:00'),(100000742,100000556,1,'Rhonda','Olson','2015-06-26','F',0,1,'2023-05-02 18:52:16',9,'2023-05-24 05:43:41',3,NULL,'7421','','','',5,NULL,'Born nice.',0,0,NULL,0,1,'0000-00-00 00:00:00',0,1,NULL,NULL,'','',1,0,NULL,0,NULL,'0000-00-00 00:00:00'),(100000743,100000568,1,'John','Howarderer','2021-01-08','M',0,1,'2023-05-02 20:52:14',23,'2023-05-28 09:42:01',24,NULL,'3780','','','',5,NULL,'',0,0,NULL,0,1,'0000-00-00 00:00:00',0,1,NULL,NULL,'','',0,0,NULL,0,NULL,'0000-00-00 00:00:00'),(100000744,100000562,1,'Gabriella','Jenkinsererer','2016-09-25','F',0,1,'2023-05-02 22:52:12',23,'2023-05-30 20:41:02',4,NULL,'6922','','','',5,NULL,'',0,0,NULL,0,1,'0000-00-00 00:00:00',0,1,NULL,NULL,'','',0,0,NULL,0,NULL,'0000-00-00 00:00:00'),(100000745,100000558,1,'Shawn','Robinsoner','2008-08-06','M',0,1,'2023-05-03 00:52:10',25,'2023-05-27 06:42:28',7,NULL,'2402','','','',5,NULL,'',0,0,NULL,0,1,'0000-00-00 00:00:00',0,1,NULL,NULL,'','',0,0,NULL,0,NULL,'0000-00-00 00:00:00'),(100000746,100000554,1,'Dawn','Rayer','2022-02-21','F',0,1,'2023-05-03 02:52:08',3,'2023-05-27 21:42:13',7,NULL,'1347','','','',5,NULL,'',0,0,NULL,0,1,'0000-00-00 00:00:00',0,0,NULL,NULL,'','',0,0,NULL,0,NULL,'0000-00-00 00:00:00'),(100000747,100000574,1,'Bryan','Clay','2016-03-29','M',0,1,'2023-05-03 04:52:06',3,'2023-05-14 13:47:33',23,NULL,'3197','','','',5,NULL,'',0,0,NULL,0,1,'0000-00-00 00:00:00',0,0,NULL,NULL,'','',1,0,NULL,0,NULL,'0000-00-00 00:00:00'),(100000748,100000580,1,'Tracy','Russell','2012-02-07','F',0,1,'2023-05-03 06:52:04',7,'2023-05-19 19:45:27',7,NULL,'9132','','','',5,NULL,'Mr.',0,0,NULL,0,1,'0000-00-00 00:00:00',0,0,NULL,NULL,'','',0,0,NULL,0,NULL,'0000-00-00 00:00:00'),(100000749,100000550,1,'Robert','Pattersonererer','2020-09-01','M',0,1,'2023-05-03 08:52:02',5,'2023-05-28 07:42:03',4,NULL,'9780','','','',5,NULL,'',0,0,NULL,0,1,'0000-00-00 00:00:00',0,0,NULL,NULL,'','',0,0,NULL,0,NULL,'0000-00-00 00:00:00'),(100000750,100000568,1,'Elizabeth','Howard','2007-05-24','F',0,1,'2023-05-03 10:52:00',23,'2023-05-22 15:44:19',23,NULL,'3780','','','',5,NULL,'Good film.',0,0,NULL,0,1,'0000-00-00 00:00:00',0,0,NULL,NULL,'','',0,0,NULL,0,NULL,'0000-00-00 00:00:00'),(100000751,100000558,1,'Jonathan','Robinsoner','2019-03-24','M',0,1,'2023-05-03 12:51:58',2,'2023-05-27 05:42:29',2,NULL,'2402','','','',5,NULL,'',0,0,NULL,0,1,'0000-00-00 00:00:00',0,0,NULL,NULL,'','',0,0,NULL,0,NULL,'0000-00-00 00:00:00'),(100000752,100000554,1,'Maria','Rayer','2018-11-30','F',0,1,'2023-05-03 14:51:56',9,'2023-05-26 22:42:36',25,NULL,'1347','','','',5,NULL,'',0,0,NULL,0,1,'0000-00-00 00:00:00',0,0,NULL,NULL,'','',0,0,NULL,0,NULL,'0000-00-00 00:00:00'),(100000753,100000544,1,'Gregory','Foster','2022-05-21','M',0,1,'2023-05-03 16:51:54',24,'2023-05-10 01:49:21',24,NULL,'6854','','','',5,NULL,'',0,0,NULL,0,1,'0000-00-00 00:00:00',0,0,NULL,NULL,'','',0,0,NULL,0,NULL,'0000-00-00 00:00:00'),(100000754,100000582,1,'Mariah','Flowerser','2010-10-13','F',0,1,'2023-05-03 18:51:52',3,'2023-05-29 20:41:26',3,NULL,'4679','','','',5,NULL,'Get include company.',0,0,NULL,0,1,'0000-00-00 00:00:00',0,0,NULL,NULL,'','',0,0,NULL,0,NULL,'0000-00-00 00:00:00'),(100000755,100000574,1,'Tom','Clay','2021-12-16','M',0,1,'2023-05-03 20:51:50',7,'2023-05-22 01:44:33',7,NULL,'3197','','','',5,NULL,'Those might.',0,0,NULL,0,1,'0000-00-00 00:00:00',0,0,NULL,NULL,'','',0,0,NULL,0,NULL,'0000-00-00 00:00:00'),(100000756,100000546,1,'Jennifer','Morganer','2021-08-02','F',0,1,'2023-05-03 22:51:48',2,'2023-05-30 22:41:00',8,NULL,'1802','','','',5,NULL,'Let since unit.',0,0,NULL,0,1,'0000-00-00 00:00:00',0,0,NULL,NULL,'','',0,0,NULL,0,NULL,'0000-00-00 00:00:00'),(100000757,100000538,1,'Gene','Steeleer','2020-07-28','M',0,1,'2023-05-04 00:51:46',24,'2023-05-25 11:43:11',7,NULL,'7337','','','',5,NULL,'',0,0,NULL,0,1,'0000-00-00 00:00:00',0,1,NULL,NULL,'','',0,0,NULL,0,NULL,'0000-00-00 00:00:00'),(100000758,100000576,2,'Melissa','Andrade','2021-06-14','F',0,1,'2023-05-04 02:51:44',4,'2023-05-04 02:51:44',4,NULL,'4643','','','',5,NULL,'',0,0,NULL,0,1,'0000-00-00 00:00:00',0,1,NULL,NULL,'','',0,0,NULL,0,NULL,'0000-00-00 00:00:00'),(100000759,100000570,2,'Justin','Mitchell','2013-01-07','M',0,1,'2023-05-04 04:51:42',7,'2023-05-04 04:51:42',7,NULL,'7241','','','',5,NULL,'',0,0,NULL,0,1,'2023-05-31 19:40:39',0,1,NULL,NULL,'','',0,0,NULL,0,NULL,'0000-00-00 00:00:00'),(100000760,100000570,1,'Deborah','Mitcheller','2015-06-16','F',0,1,'2023-05-04 06:51:40',6,'2023-05-26 16:42:42',8,NULL,'7241','','','',5,NULL,'',0,0,NULL,0,1,'2023-05-31 20:40:38',0,0,NULL,NULL,'','',0,0,NULL,0,NULL,'0000-00-00 00:00:00'),(100000761,100000572,1,'Randy','Browner','2021-07-30','M',0,1,'2023-05-04 08:51:38',3,'2023-05-30 09:41:13',2,NULL,'9189','','','',5,NULL,'Compare truth hand.',0,0,NULL,0,1,'0000-00-00 00:00:00',0,0,NULL,NULL,'','',0,0,NULL,0,NULL,'0000-00-00 00:00:00'),(100000762,100000580,1,'Alyssa','Russeller','2009-11-05','F',0,1,'2023-05-04 10:51:36',7,'2023-05-31 01:40:57',23,NULL,'9132','','','',5,NULL,'Republican time.',0,0,NULL,0,1,'0000-00-00 00:00:00',0,0,NULL,NULL,'','',1,0,NULL,0,NULL,'0000-00-00 00:00:00'),(100000763,100000548,1,'John','Levineer','2021-05-10','M',0,1,'2023-05-04 12:51:34',4,'2023-05-28 18:41:52',25,NULL,'6218','','','',5,NULL,'',0,0,NULL,0,1,'0000-00-00 00:00:00',0,1,NULL,NULL,'','',0,0,NULL,0,NULL,'0000-00-00 00:00:00'),(100000764,100000582,2,'Katrina','Flowers','2018-06-30','F',0,1,'2023-05-04 14:51:32',5,'2023-05-04 14:51:32',5,NULL,'4679','','','',5,NULL,'',0,0,NULL,0,1,'0000-00-00 00:00:00',0,1,NULL,NULL,'','',0,0,NULL,0,NULL,'0000-00-00 00:00:00'),(100000765,100000568,1,'Jesse','Howard','2009-06-30','M',0,1,'2023-05-04 16:51:30',4,'2023-05-20 18:45:04',25,NULL,'3780','','','',5,NULL,'Different energy.',0,0,NULL,0,1,'0000-00-00 00:00:00',0,0,NULL,NULL,'','',0,0,NULL,0,NULL,'0000-00-00 00:00:00'),(100000766,100000582,1,'Jessica','Flowerser','2012-04-16','F',0,1,'2023-05-04 18:51:28',2,'2023-05-28 04:42:06',6,NULL,'4679','','','',5,NULL,'',0,0,NULL,0,1,'0000-00-00 00:00:00',0,0,NULL,NULL,'','',1,0,NULL,0,NULL,'0000-00-00 00:00:00'),(100000767,100000544,1,'Tyler','Foster','2009-12-25','M',0,1,'2023-05-04 20:51:26',25,'2023-05-23 22:43:48',5,NULL,'6854','','','',5,NULL,'Find kitchen.',0,0,NULL,0,1,'0000-00-00 00:00:00',0,0,NULL,NULL,'','',0,0,NULL,0,NULL,'0000-00-00 00:00:00'),(100000768,100000548,1,'Heather','Levine','2010-04-21','F',0,1,'2023-05-04 22:51:24',8,'2023-05-15 14:47:08',23,NULL,'6218','','','',5,NULL,'',0,0,NULL,0,1,'0000-00-00 00:00:00',0,0,NULL,NULL,'','',0,0,NULL,0,NULL,'0000-00-00 00:00:00'),(100000769,100000572,1,'John','Brown','2022-10-09','M',0,1,'2023-05-05 00:51:22',5,'2023-05-25 00:43:22',23,NULL,'9189','','','',5,NULL,'Build debate.',0,0,NULL,0,1,'0000-00-00 00:00:00',0,0,NULL,NULL,'','',1,0,NULL,0,NULL,'0000-00-00 00:00:00'),(100000770,100000546,2,'Elizabeth','Morgan','2012-03-02','F',0,1,'2023-05-05 02:51:20',9,'2023-05-05 02:51:20',9,NULL,'1802','','','',5,NULL,'',0,0,NULL,0,1,'0000-00-00 00:00:00',0,1,NULL,NULL,'','',0,0,NULL,0,NULL,'0000-00-00 00:00:00'),(100000771,100000562,1,'Kevin','Jenkins','2008-10-24','M',0,1,'2023-05-05 04:51:18',24,'2023-05-22 13:44:21',8,NULL,'6922','','','',5,NULL,'Land can box.',0,0,NULL,0,1,'0000-00-00 00:00:00',0,0,NULL,NULL,'','',0,0,NULL,0,NULL,'0000-00-00 00:00:00'),(100000772,100000556,1,'Jennifer','Olson','2018-05-30','F',0,1,'2023-05-05 06:51:16',3,'2023-05-20 16:45:06',6,NULL,'7421','','','',5,NULL,'These fire.',0,0,NULL,0,1,'0000-00-00 00:00:00',0,0,NULL,NULL,'','',0,0,NULL,0,NULL,'0000-00-00 00:00:00'),(100000773,100000568,1,'Paul','Howard','2015-02-14','M',0,1,'2023-05-05 08:51:14',6,'2023-05-14 11:47:35',23,NULL,'3780','','','',5,NULL,'',0,0,NULL,0,1,'0000-00-00 00:00:00',0,0,NULL,NULL,'','',1,0,NULL,0,NULL,'0000-00-00 00:00:00'),(100000774,100000566,1,'Samantha','Torreser','2019-10-25','F',0,1,'2023-05-05 10:51:12',6,'2023-05-29 11:41:35',6,NULL,'7688','','','',5,NULL,'Bill nothing.',0,0,NULL,0,1,'0000-00-00 00:00:00',0,0,NULL,NULL,'','',1,0,NULL,0,NULL,'0000-00-00 00:00:00'),(100000775,100000556,1,'Bryan','Olson','2020-03-17','M',0,1,'2023-05-05 12:51:10',7,'2023-05-24 10:43:36',2,NULL,'7421','','','',5,NULL,'Painting.',0,0,NULL,0,1,'0000-00-00 00:00:00',0,0,NULL,NULL,'','',0,0,NULL,0,NULL,'0000-00-00 00:00:00'),(100000776,100000550,1,'Tammy','Patterson','2019-06-03','F',0,1,'2023-05-05 14:51:08',9,'2023-05-23 05:44:05',7,NULL,'9780','','','',5,NULL,'We pattern.',0,0,NULL,0,1,'0000-00-00 00:00:00',0,1,NULL,NULL,'','',1,0,NULL,0,NULL,'0000-00-00 00:00:00'),(100000777,100000570,1,'Hunter','Mitchell','2008-05-25','M',0,1,'2023-05-05 16:51:06',7,'2023-05-16 10:46:48',4,NULL,'7241','','','',5,NULL,'',0,0,NULL,0,1,'2023-05-31 21:40:37',0,0,NULL,NULL,'','',1,0,NULL,0,NULL,'0000-00-00 00:00:00'),(100000778,100000538,1,'Sydney','Steele','2018-11-10','F',0,1,'2023-05-05 18:51:04',3,'2023-05-13 21:47:49',24,NULL,'7337','','','',5,NULL,'',0,0,NULL,0,1,'0000-00-00 00:00:00',0,0,NULL,NULL,'','',1,0,NULL,0,NULL,'0000-00-00 00:00:00'),(100000779,100000562,1,'Nicholas','Jenkins','2011-10-22','M',0,1,'2023-05-05 20:51:02',24,'2023-05-24 03:43:43',24,NULL,'6922','','','',5,NULL,'Explain cold although.',0,0,NULL,0,1,'0000-00-00 00:00:00',0,0,NULL,NULL,'','',1,0,NULL,0,NULL,'0000-00-00 00:00:00'),(100000780,100000580,1,'Karen','Russell','2010-07-23','F',0,1,'2023-05-05 22:51:00',5,'2023-05-12 09:48:25',24,NULL,'9132','','','',5,NULL,'',0,0,NULL,0,1,'0000-00-00 00:00:00',0,0,NULL,NULL,'','',0,0,NULL,0,NULL,'0000-00-00 00:00:00'),(100000781,100000572,1,'Timothy','Brown','2015-07-22','M',0,1,'2023-05-06 00:50:58',3,'2023-05-17 10:46:24',9,NULL,'9189','','','',5,NULL,'',0,0,NULL,0,1,'0000-00-00 00:00:00',0,0,NULL,NULL,'','',1,0,NULL,0,NULL,'0000-00-00 00:00:00'),(100000782,100000578,1,'Anna','Millerer','2018-05-27','F',0,1,'2023-05-06 02:50:56',4,'2023-05-27 13:42:21',5,NULL,'8490','','','',5,NULL,'',0,0,NULL,0,1,'0000-00-00 00:00:00',0,1,NULL,NULL,'','',0,0,NULL,0,NULL,'0000-00-00 00:00:00'),(100000783,100000578,1,'Roger','Miller','2007-05-12','M',0,1,'2023-05-06 04:50:54',24,'2023-05-10 06:49:16',6,NULL,'8490','','','',5,NULL,'',0,0,NULL,0,1,'0000-00-00 00:00:00',0,0,NULL,NULL,'','',0,0,NULL,0,NULL,'0000-00-00 00:00:00'),(100000784,100000544,1,'Kristin','Fosterer','2022-11-10','F',0,1,'2023-05-06 06:50:52',5,'2023-05-28 21:41:49',24,NULL,'6854','','','',5,NULL,'Beautiful look.',0,0,NULL,0,1,'0000-00-00 00:00:00',0,0,NULL,NULL,'','',1,0,NULL,0,NULL,'0000-00-00 00:00:00'),(100000785,100000536,1,'Joseph','Christian','2017-01-09','M',0,1,'2023-05-06 08:50:50',9,'2023-05-13 05:48:05',3,NULL,'4763','','','',5,NULL,'',0,0,NULL,0,1,'0000-00-00 00:00:00',0,0,NULL,NULL,'','',1,0,NULL,0,NULL,'0000-00-00 00:00:00'),(100000786,NULL,1,'Melissa','Davis','1987-05-29','F',0,1,'2023-06-01 04:40:30',10,'2023-06-01 04:40:30',10,NULL,'1590','','','',5,NULL,'Friend stage.',0,0,NULL,0,2,'0000-00-00 00:00:00',0,0,NULL,NULL,'','',1,0,NULL,0,NULL,'0000-00-00 00:00:00'),(100000787,NULL,1,'Christopher','Huberer','1933-11-23','M',0,1,'2023-06-01 06:40:28',15,'2023-06-14 10:35:12',10,NULL,'7908','','','',5,NULL,'Keep maybe step.',0,0,NULL,0,2,'0000-00-00 00:00:00',0,0,NULL,NULL,'','',1,0,NULL,0,NULL,'0000-00-00 00:00:00'),(100000788,NULL,1,'Kayla','Warner','1963-03-10','F',0,1,'2023-06-01 08:40:26',15,'2023-06-11 03:36:31',17,NULL,'7193','','','',5,NULL,'Production little.',0,0,NULL,0,2,'0000-00-00 00:00:00',0,1,NULL,NULL,'','',0,0,NULL,0,NULL,'0000-00-00 00:00:00'),(100000789,NULL,1,'Joseph','Alvarado','1958-07-20','M',0,1,'2023-06-01 10:40:24',31,'2023-06-12 17:35:53',10,NULL,'9257','','','',5,NULL,'Imagine expert.',0,0,NULL,0,2,'0000-00-00 00:00:00',0,0,NULL,NULL,'','',0,0,NULL,0,NULL,'0000-00-00 00:00:00'),(100000790,NULL,1,'Andrea','Wilsoner','1909-05-30','F',0,1,'2023-06-01 12:40:22',11,'2023-06-13 10:35:36',16,NULL,'9419','','','',5,NULL,'Particularly.',0,0,NULL,0,2,'0000-00-00 00:00:00',0,0,NULL,NULL,'','',1,0,NULL,0,NULL,'0000-00-00 00:00:00'),(100000791,NULL,1,'Derek','Jones','1978-06-22','M',0,1,'2023-06-01 14:40:20',17,'2023-06-09 07:37:15',11,NULL,'2247','','','',5,NULL,'Woman middle finally.',0,0,NULL,0,2,'0000-00-00 00:00:00',0,0,NULL,NULL,'','',0,0,NULL,0,NULL,'0000-00-00 00:00:00'),(100000792,NULL,1,'Kelli','Torres','1976-02-13','F',0,1,'2023-06-01 16:40:18',33,'2023-06-10 03:36:55',31,NULL,'7379','','','',5,NULL,'Writer support student.',0,0,NULL,0,2,'0000-00-00 00:00:00',0,1,NULL,NULL,'','',1,0,NULL,0,NULL,'0000-00-00 00:00:00'),(100000793,NULL,1,'Caleb','Mcneiler','1966-06-06','M',0,1,'2023-06-01 18:40:16',31,'2023-06-12 22:35:48',18,NULL,'7276','','','',5,NULL,'Water.',0,0,NULL,0,2,'0000-00-00 00:00:00',0,0,NULL,NULL,'','',1,0,NULL,0,NULL,'0000-00-00 00:00:00'),(100000794,NULL,1,'Cindy','Hollowayer','1969-07-22','F',0,1,'2023-06-01 20:40:14',33,'2023-06-13 22:35:24',16,NULL,'3245','','','',5,NULL,'Artist weight.',0,0,NULL,0,2,'0000-00-00 00:00:00',0,0,NULL,NULL,'','',1,0,NULL,0,NULL,'0000-00-00 00:00:00'),(100000795,NULL,1,'Jacob','Martiner','1929-07-07','M',0,1,'2023-06-01 22:40:12',33,'2023-06-13 04:35:42',33,NULL,'2780','','','',5,NULL,'Debate.',0,0,NULL,0,2,'0000-00-00 00:00:00',0,0,NULL,NULL,'','',1,0,NULL,0,NULL,'0000-00-00 00:00:00'),(100000796,NULL,1,'Christine','Richardson','1944-09-01','F',0,1,'2023-06-02 00:40:10',17,'2023-06-12 09:36:01',17,NULL,'3897','','','',5,NULL,'War out the.',0,0,NULL,0,2,'0000-00-00 00:00:00',0,1,NULL,NULL,'','',0,0,NULL,0,NULL,'0000-00-00 00:00:00'),(100000797,NULL,1,'Charles','Allen','1955-10-17','M',0,1,'2023-06-02 02:40:08',33,'2023-06-08 20:37:26',11,NULL,'1542','','','',5,NULL,'Do music.',0,0,NULL,0,2,'0000-00-00 00:00:00',0,0,NULL,NULL,'','',0,0,NULL,0,NULL,'0000-00-00 00:00:00'),(100000798,NULL,1,'Katrina','Smither','1968-01-15','F',0,1,'2023-06-02 04:40:06',16,'2023-06-13 02:35:44',15,NULL,'2313','','','',5,NULL,'Letter administration.',0,0,NULL,0,2,'0000-00-00 00:00:00',0,0,NULL,NULL,'','',1,0,NULL,0,NULL,'0000-00-00 00:00:00'),(100000799,NULL,1,'Richard','Lozano','1985-09-10','M',0,1,'2023-06-02 06:40:04',31,'2023-06-02 06:40:04',31,NULL,'8384','','','',5,NULL,'Money forget miss.',0,0,NULL,0,2,'2023-06-14 11:35:11',0,0,NULL,NULL,'','',1,0,NULL,0,NULL,'0000-00-00 00:00:00'),(100000800,NULL,1,'Rebecca','Jacksoner','1924-05-11','F',0,1,'2023-06-02 08:40:02',15,'2023-06-13 15:35:31',15,NULL,'6806','','','',5,NULL,'Pull agency center.',0,0,NULL,0,2,'0000-00-00 00:00:00',0,0,NULL,NULL,'','',0,0,NULL,0,NULL,'0000-00-00 00:00:00'),(100000801,NULL,1,'Glen','Torres','1976-10-20','M',0,1,'2023-06-02 10:40:00',18,'2023-06-09 03:37:19',33,NULL,'1110','','','',5,NULL,'Control two may.',0,0,NULL,0,2,'0000-00-00 00:00:00',0,0,NULL,NULL,'','',1,0,NULL,0,NULL,'0000-00-00 00:00:00'),(100000802,NULL,1,'Leslie','Alvarado','1922-09-26','F',0,1,'2023-06-02 12:39:58',16,'2023-06-11 23:36:11',33,NULL,'4661','','','',5,NULL,'Live their draw.',0,0,NULL,0,2,'0000-00-00 00:00:00',0,1,NULL,NULL,'','',1,0,NULL,0,NULL,'0000-00-00 00:00:00'),(100000803,NULL,1,'Cody','Scott','1973-05-25','M',0,1,'2023-06-02 14:39:56',11,'2023-06-09 22:37:00',33,NULL,'5099','','','',5,NULL,'Financial reduce interest.',0,0,NULL,0,2,'0000-00-00 00:00:00',0,0,NULL,NULL,'','',1,0,NULL,0,NULL,'0000-00-00 00:00:00'),(100000804,NULL,1,'Lisa','Baileyerer','1990-08-02','F',0,1,'2023-06-02 16:39:54',33,'2023-06-14 00:35:22',18,NULL,'9422','','','',5,NULL,'Thank whose.',0,0,NULL,0,2,'0000-00-00 00:00:00',0,0,NULL,NULL,'','',0,0,NULL,0,NULL,'0000-00-00 00:00:00'),(100000805,NULL,1,'Gavin','Smith','1961-06-29','M',0,1,'2023-06-02 18:39:52',33,'2023-06-09 23:36:59',11,NULL,'4385','','','',5,NULL,'Adult he contain.',0,0,NULL,0,2,'0000-00-00 00:00:00',0,0,NULL,NULL,'','',1,0,NULL,0,NULL,'0000-00-00 00:00:00'),(100000806,NULL,1,'Erika','Smith','1938-03-22','F',0,1,'2023-06-02 20:39:50',11,'2023-06-08 16:37:30',15,NULL,'8852','','','',5,NULL,'Along bill owner.',0,0,NULL,0,2,'0000-00-00 00:00:00',0,0,NULL,NULL,'','',0,0,NULL,0,NULL,'0000-00-00 00:00:00'),(100000807,100000806,1,'James','George','1933-05-20','M',0,1,'2023-06-02 22:39:48',17,'2023-06-11 07:36:27',15,NULL,'8852','','','',5,NULL,'Analysis field.',0,0,NULL,0,2,'0000-00-00 00:00:00',0,1,NULL,NULL,'','',1,0,NULL,0,NULL,'0000-00-00 00:00:00'),(100000808,NULL,1,'Paula','Livingston','1937-07-13','F',0,1,'2023-06-03 00:39:46',33,'2023-06-03 00:39:46',33,NULL,'1205','','','',5,NULL,'Test political process.',0,0,NULL,0,2,'0000-00-00 00:00:00',0,0,NULL,NULL,'','',0,0,NULL,0,NULL,'0000-00-00 00:00:00'),(100000809,100000808,1,'Alexander','Warder','1920-12-03','M',0,1,'2023-06-03 02:39:44',31,'2023-06-14 01:35:21',17,NULL,'1205','','','',5,NULL,'Street thank.',0,0,NULL,0,2,'0000-00-00 00:00:00',0,0,NULL,NULL,'','',1,0,NULL,0,NULL,'0000-00-00 00:00:00'),(100000810,NULL,1,'Jessica','Rose','1962-12-16','F',0,1,'2023-06-03 04:39:42',10,'2023-06-03 04:39:42',10,NULL,'3136','','','',5,NULL,'Yes understand.',0,0,NULL,0,2,'0000-00-00 00:00:00',0,0,NULL,NULL,'','',0,0,NULL,0,NULL,'0000-00-00 00:00:00'),(100000811,100000810,1,'Michael','Smith','1981-11-13','M',0,1,'2023-06-03 06:39:40',11,'2023-06-10 01:36:57',17,NULL,'3136','','','',5,NULL,'Material end.',0,0,NULL,0,2,'0000-00-00 00:00:00',0,0,NULL,NULL,'','',0,0,NULL,0,NULL,'0000-00-00 00:00:00'),(100000812,NULL,1,'Cynthia','Young','1943-03-06','F',0,1,'2023-06-03 08:39:38',33,'2023-06-11 20:36:14',11,NULL,'5618','','','',5,NULL,'South popular.',0,0,NULL,0,2,'0000-00-00 00:00:00',0,0,NULL,NULL,'','',1,0,NULL,0,NULL,'0000-00-00 00:00:00'),(100000813,100000812,1,'Joseph','Thompsoner','1907-07-29','M',0,1,'2023-06-03 10:39:36',31,'2023-06-14 02:35:20',10,NULL,'5618','','','',5,NULL,'Position image.',0,0,NULL,0,2,'0000-00-00 00:00:00',0,0,NULL,NULL,'','',1,0,NULL,0,NULL,'0000-00-00 00:00:00'),(100000814,NULL,1,'Elizabeth','Baker','1909-10-06','F',0,1,'2023-06-03 12:39:34',31,'2023-06-10 00:36:58',11,NULL,'8599','','','',5,NULL,'Material doctor down.',0,0,NULL,0,2,'0000-00-00 00:00:00',0,1,NULL,NULL,'','',1,0,NULL,0,NULL,'0000-00-00 00:00:00'),(100000815,100000814,1,'Brandon','Fox','1969-06-20','M',0,1,'2023-06-03 14:39:32',33,'2023-06-11 19:36:15',16,NULL,'8599','','','',5,NULL,'Brother.',0,0,NULL,0,2,'0000-00-00 00:00:00',0,1,NULL,NULL,'','',0,0,NULL,0,NULL,'0000-00-00 00:00:00'),(100000816,NULL,1,'Sandra','Adkins','1918-09-18','F',0,1,'2023-06-03 16:39:30',11,'2023-06-08 13:37:33',31,NULL,'7089','','','',5,NULL,'Carry already often.',0,0,NULL,0,2,'0000-00-00 00:00:00',0,0,NULL,NULL,'','',0,0,NULL,0,NULL,'0000-00-00 00:00:00'),(100000817,100000816,1,'Mark','Mccarthy','1923-04-28','M',0,1,'2023-06-03 18:39:28',17,'2023-06-12 06:36:04',31,NULL,'7089','','','',5,NULL,'During certain stock point.',0,0,NULL,0,2,'0000-00-00 00:00:00',0,0,NULL,NULL,'','',1,0,NULL,0,NULL,'0000-00-00 00:00:00'),(100000818,NULL,1,'Danielle','Hahn','1945-06-22','F',0,1,'2023-06-03 20:39:26',31,'2023-06-11 15:36:19',11,NULL,'9866','','','',5,NULL,'Effect upon tend.',0,0,NULL,0,2,'0000-00-00 00:00:00',0,0,NULL,NULL,'','',1,0,NULL,0,NULL,'0000-00-00 00:00:00'),(100000819,100000818,1,'Samuel','Melton','1989-08-06','M',0,1,'2023-06-03 22:39:24',18,'2023-06-08 05:37:41',10,NULL,'9866','','','',5,NULL,'Start cup.',0,0,NULL,0,2,'0000-00-00 00:00:00',0,0,NULL,NULL,'','',1,0,NULL,0,NULL,'0000-00-00 00:00:00'),(100000820,NULL,1,'Katie','Melendez','1919-03-31','F',0,1,'2023-06-04 00:39:22',10,'2023-06-12 10:36:00',31,NULL,'3900','','','',5,NULL,'Claim.',0,0,NULL,0,2,'0000-00-00 00:00:00',0,1,NULL,NULL,'','',0,0,NULL,0,NULL,'0000-00-00 00:00:00'),(100000821,100000820,1,'Nicholas','Woodser','1977-02-09','M',0,1,'2023-06-04 02:39:20',11,'2023-06-13 00:35:46',10,NULL,'3900','','','',5,NULL,'There.',0,0,NULL,0,2,'0000-00-00 00:00:00',0,1,NULL,NULL,'','',0,0,NULL,0,NULL,'0000-00-00 00:00:00'),(100000822,NULL,1,'Cathy','Miller','1965-07-16','F',0,1,'2023-06-04 04:39:18',17,'2023-06-12 16:35:54',15,NULL,'4464','','','',5,NULL,'Contain share recently.',0,0,NULL,0,2,'0000-00-00 00:00:00',0,0,NULL,NULL,'','',0,0,NULL,0,NULL,'0000-00-00 00:00:00'),(100000823,100000822,1,'Michael','Shaw','1969-01-30','M',0,1,'2023-06-04 06:39:16',10,'2023-06-12 00:36:10',31,NULL,'4464','','','',5,NULL,'Enter or security.',0,0,NULL,0,2,'0000-00-00 00:00:00',0,0,NULL,NULL,'','',0,0,NULL,0,NULL,'0000-00-00 00:00:00'),(100000824,NULL,1,'Erika','Holt','1925-07-21','F',0,1,'2023-06-04 08:39:14',18,'2023-06-09 06:37:16',17,NULL,'7453','','','',5,NULL,'Respond pick recently.',0,0,NULL,0,2,'0000-00-00 00:00:00',0,0,NULL,NULL,'','',0,0,NULL,0,NULL,'0000-00-00 00:00:00'),(100000825,100000824,1,'Michael','Robertsoner','1926-08-01','M',0,1,'2023-06-04 10:39:12',10,'2023-06-14 04:35:18',31,NULL,'7453','','','',5,NULL,'Mean good kid.',0,0,NULL,0,2,'0000-00-00 00:00:00',0,0,NULL,NULL,'','',0,0,NULL,0,NULL,'0000-00-00 00:00:00'),(100000826,100000812,1,'Maria','Younger','2016-02-11','F',0,1,'2023-06-04 12:39:10',15,'2023-06-14 05:35:17',31,NULL,'5618','','','',5,NULL,'',0,0,NULL,0,2,'0000-00-00 00:00:00',0,1,NULL,NULL,'','',0,0,NULL,0,NULL,'0000-00-00 00:00:00'),(100000827,100000808,1,'Jonathan','Livingston','2014-12-28','M',0,1,'2023-06-04 14:39:08',33,'2023-06-12 14:35:56',17,NULL,'1205','','','',5,NULL,'Speak.',0,0,NULL,0,2,'0000-00-00 00:00:00',0,1,NULL,NULL,'','',1,0,NULL,0,NULL,'0000-00-00 00:00:00'),(100000828,100000824,2,'Helen','Holt','2008-02-05','F',0,1,'2023-06-04 16:39:06',18,'2023-06-04 16:39:06',18,NULL,'7453','','','',5,NULL,'',0,0,NULL,0,2,'0000-00-00 00:00:00',0,1,NULL,NULL,'','',0,0,NULL,0,NULL,'0000-00-00 00:00:00'),(100000829,100000820,2,'Danny','Melendez','2007-12-13','M',0,1,'2023-06-04 18:39:04',18,'2023-06-04 18:39:04',18,NULL,'3900','','','',5,NULL,'',0,0,NULL,0,2,'0000-00-00 00:00:00',0,1,NULL,NULL,'','',0,0,NULL,0,NULL,'0000-00-00 00:00:00'),(100000830,100000822,1,'Jacqueline','Millerer','2011-12-09','F',0,1,'2023-06-04 20:39:02',11,'2023-06-13 06:35:40',33,NULL,'4464','','','',5,NULL,'Alone hair.',0,0,NULL,0,2,'0000-00-00 00:00:00',0,1,NULL,NULL,'','',1,0,NULL,0,NULL,'0000-00-00 00:00:00'),(100000831,100000822,2,'Jason','Miller','2015-01-13','M',0,1,'2023-06-04 22:39:00',16,'2023-06-04 22:39:00',16,NULL,'4464','','','',5,NULL,'',0,0,NULL,0,2,'0000-00-00 00:00:00',0,0,NULL,NULL,'','',0,0,NULL,0,NULL,'0000-00-00 00:00:00'),(100000832,100000822,2,'Whitney','Miller','2021-08-02','F',0,1,'2023-06-05 00:38:58',33,'2023-06-05 00:38:58',33,NULL,'4464','','','',5,NULL,'',0,0,NULL,0,2,'0000-00-00 00:00:00',0,0,NULL,NULL,'','',0,0,NULL,0,NULL,'0000-00-00 00:00:00'),(100000833,100000810,1,'Louis','Roseer','2010-02-19','M',0,1,'2023-06-05 02:38:56',17,'2023-06-13 05:35:41',18,NULL,'3136','','','',5,NULL,'',0,0,NULL,0,2,'0000-00-00 00:00:00',0,1,NULL,NULL,'','',0,0,NULL,0,NULL,'0000-00-00 00:00:00'),(100000834,100000822,1,'Alison','Millerer','2008-05-25','F',0,1,'2023-06-05 04:38:54',10,'2023-06-14 09:35:13',18,NULL,'4464','','','',5,NULL,'',0,0,NULL,0,2,'0000-00-00 00:00:00',0,0,NULL,NULL,'','',1,0,NULL,0,NULL,'0000-00-00 00:00:00'),(100000835,100000818,1,'David','Hahner','2022-07-25','M',0,1,'2023-06-05 06:38:52',18,'2023-06-12 21:35:49',10,NULL,'9866','','','',5,NULL,'',0,0,NULL,0,2,'0000-00-00 00:00:00',0,0,NULL,NULL,'','',1,0,NULL,0,NULL,'0000-00-00 00:00:00'),(100000836,100000822,1,'Maria','Miller','2016-10-25','F',0,1,'2023-06-05 08:38:50',15,'2023-06-10 14:36:44',10,NULL,'4464','','','',5,NULL,'',0,0,NULL,0,2,'0000-00-00 00:00:00',0,0,NULL,NULL,'','',0,0,NULL,0,NULL,'0000-00-00 00:00:00'),(100000837,100000818,1,'Jeffrey','Hahnerer','2016-11-03','M',0,1,'2023-06-05 10:38:48',18,'2023-06-13 23:35:23',11,NULL,'9866','','','',5,NULL,'',0,0,NULL,0,2,'0000-00-00 00:00:00',0,0,NULL,NULL,'','',0,0,NULL,0,NULL,'0000-00-00 00:00:00'),(100000838,100000814,1,'Tracy','Baker','2007-12-14','F',0,1,'2023-06-05 12:38:46',15,'2023-06-09 17:37:05',33,NULL,'8599','','','',5,NULL,'',0,0,NULL,0,2,'0000-00-00 00:00:00',0,0,NULL,NULL,'','',1,0,NULL,0,NULL,'0000-00-00 00:00:00'),(100000839,100000816,1,'Joel','Adkins','2019-08-04','M',0,1,'2023-06-05 14:38:44',33,'2023-06-12 04:36:06',10,NULL,'7089','','','',5,NULL,'Hundred ability.',0,0,NULL,0,2,'0000-00-00 00:00:00',0,0,NULL,NULL,'','',1,0,NULL,0,NULL,'0000-00-00 00:00:00'),(100000840,100000816,1,'Morgan','Adkins','2017-02-24','F',0,1,'2023-06-05 16:38:42',10,'2023-06-11 21:36:13',33,NULL,'7089','','','',5,NULL,'All decade sense worker.',0,0,NULL,0,2,'0000-00-00 00:00:00',0,0,NULL,NULL,'','',1,0,NULL,0,NULL,'0000-00-00 00:00:00'),(100000841,100000808,1,'Joshua','Livingston','2021-10-15','M',0,1,'2023-06-05 18:38:40',11,'2023-06-09 14:37:08',10,NULL,'1205','','','',5,NULL,'',0,0,NULL,0,2,'0000-00-00 00:00:00',0,0,NULL,NULL,'','',1,0,NULL,0,NULL,'0000-00-00 00:00:00'),(100000842,100000814,1,'Alyssa','Bakerer','2014-02-26','F',0,1,'2023-06-05 20:38:38',17,'2023-06-13 13:35:33',31,NULL,'8599','','','',5,NULL,'',0,0,NULL,0,2,'0000-00-00 00:00:00',0,0,NULL,NULL,'','',1,0,NULL,0,NULL,'0000-00-00 00:00:00'),(100000843,100000810,1,'David','Roseererer','2016-10-14','M',0,1,'2023-06-05 22:38:36',15,'2023-06-13 11:35:35',11,NULL,'3136','','','',5,NULL,'',0,0,NULL,0,2,'0000-00-00 00:00:00',0,0,NULL,NULL,'','',1,0,NULL,0,NULL,'0000-00-00 00:00:00'),(100000844,100000816,1,'Samantha','Adkinser','2015-07-26','F',0,1,'2023-06-06 00:38:34',33,'2023-06-14 03:35:19',16,NULL,'7089','','','',5,NULL,'',0,0,NULL,0,2,'0000-00-00 00:00:00',0,0,NULL,NULL,'','',0,0,NULL,0,NULL,'0000-00-00 00:00:00'),(100000845,100000810,1,'Nathaniel','Rose','2008-08-26','M',0,1,'2023-06-06 02:38:32',18,'2023-06-12 08:36:02',17,NULL,'3136','','','',5,NULL,'Republican series city.',0,0,NULL,0,2,'0000-00-00 00:00:00',0,1,NULL,NULL,'','',1,0,NULL,0,NULL,'0000-00-00 00:00:00'),(100000846,100000810,2,'Dawn','Rose','2018-03-26','F',0,1,'2023-06-06 04:38:30',16,'2023-06-06 04:38:30',16,NULL,'3136','','','',5,NULL,'',0,0,NULL,0,2,'0000-00-00 00:00:00',0,0,NULL,NULL,'','',0,0,NULL,0,NULL,'0000-00-00 00:00:00'),(100000847,100000822,1,'George','Miller','2019-03-02','M',0,1,'2023-06-06 06:38:28',18,'2023-06-10 22:36:36',15,NULL,'4464','','','',5,NULL,'',0,0,NULL,0,2,'0000-00-00 00:00:00',0,0,NULL,NULL,'','',1,0,NULL,0,NULL,'0000-00-00 00:00:00'),(100000848,100000812,1,'Christina','Young','2015-08-28','F',0,1,'2023-06-06 08:38:26',16,'2023-06-09 19:37:03',33,NULL,'5618','','','',5,NULL,'',0,0,NULL,0,2,'0000-00-00 00:00:00',0,0,NULL,NULL,'','',1,0,NULL,0,NULL,'0000-00-00 00:00:00'),(100000849,100000808,1,'David','Livingstoner','2021-04-21','M',0,1,'2023-06-06 10:38:24',10,'2023-06-13 16:35:30',17,NULL,'1205','','','',5,NULL,'Mind know ten.',0,0,NULL,0,2,'0000-00-00 00:00:00',0,1,NULL,NULL,'','',0,0,NULL,0,NULL,'0000-00-00 00:00:00'),(100000850,100000810,1,'Crystal','Roseer','2012-01-11','F',0,1,'2023-06-06 12:38:22',16,'2023-06-13 09:35:37',11,NULL,'3136','','','',5,NULL,'',0,0,NULL,0,2,'0000-00-00 00:00:00',0,0,NULL,NULL,'','',0,0,NULL,0,NULL,'0000-00-00 00:00:00'),(100000851,100000806,1,'Steven','Smithererer','2014-10-06','M',0,1,'2023-06-06 14:38:20',18,'2023-06-14 08:35:14',10,NULL,'8852','','','',5,NULL,'',0,0,NULL,0,2,'0000-00-00 00:00:00',0,0,NULL,NULL,'','',0,0,NULL,0,NULL,'0000-00-00 00:00:00'),(100000852,100000820,1,'Kayla','Melendez','2010-09-19','F',0,1,'2023-06-06 16:38:18',31,'2023-06-12 07:36:03',10,NULL,'3900','','','',5,NULL,'Important strong subject.',0,0,NULL,0,2,'2023-06-14 12:35:10',0,1,NULL,NULL,'','',0,0,NULL,0,NULL,'0000-00-00 00:00:00'),(100000853,100000820,1,'Jeffrey','Melendez','2011-05-27','M',0,1,'2023-06-06 18:38:16',15,'2023-06-08 11:37:35',11,NULL,'3900','','','',5,NULL,'',0,0,NULL,0,2,'0000-00-00 00:00:00',0,0,NULL,NULL,'','',0,0,NULL,0,NULL,'0000-00-00 00:00:00'),(100000854,100000810,1,'Heather','Rose','2010-01-11','F',0,1,'2023-06-06 20:38:14',31,'2023-06-08 22:37:24',11,NULL,'3136','','','',5,NULL,'',0,0,NULL,0,2,'0000-00-00 00:00:00',0,0,NULL,NULL,'','',0,0,NULL,0,NULL,'0000-00-00 00:00:00'),(100000855,100000816,1,'Scott','Adkins','2020-05-07','M',0,1,'2023-06-06 22:38:12',16,'2023-06-12 11:35:59',11,NULL,'7089','','','',5,NULL,'More.',0,0,NULL,0,2,'0000-00-00 00:00:00',0,1,NULL,NULL,'','',0,0,NULL,0,NULL,'0000-00-00 00:00:00'),(100000856,100000806,1,'Anne','Smitherer','2016-02-23','F',0,1,'2023-06-07 00:38:10',31,'2023-06-13 21:35:25',11,NULL,'8852','','','',5,NULL,'',0,0,NULL,0,2,'0000-00-00 00:00:00',0,0,NULL,NULL,'','',1,0,NULL,0,NULL,'0000-00-00 00:00:00'),(100000857,100000810,1,'Timothy','Roseer','2007-09-16','M',0,1,'2023-06-07 02:38:08',31,'2023-06-13 20:35:26',11,NULL,'3136','','','',5,NULL,'Identify manager.',0,0,NULL,0,2,'0000-00-00 00:00:00',0,0,NULL,NULL,'','',0,0,NULL,0,NULL,'0000-00-00 00:00:00'),(100000858,100000808,1,'Elizabeth','Livingstoner','2015-12-15','F',0,1,'2023-06-07 04:38:06',31,'2023-06-13 08:35:38',17,NULL,'1205','','','',5,NULL,'Hand will town.',0,0,NULL,0,2,'0000-00-00 00:00:00',0,0,NULL,NULL,'','',0,0,NULL,0,NULL,'0000-00-00 00:00:00'),(100000859,100000824,1,'Bradley','Holterer','2010-05-25','M',0,1,'2023-06-07 06:38:04',31,'2023-06-14 06:35:16',11,NULL,'7453','','','',5,NULL,'Defense leave lead not.',0,0,NULL,0,2,'0000-00-00 00:00:00',0,0,NULL,NULL,'','',0,0,NULL,0,NULL,'0000-00-00 00:00:00'),(100000860,100000810,1,'Jasmine','Rose','2008-07-16','F',0,1,'2023-06-07 08:38:02',33,'2023-06-10 21:36:37',15,NULL,'3136','','','',5,NULL,'',0,0,NULL,0,2,'0000-00-00 00:00:00',0,1,NULL,NULL,'','',1,0,NULL,0,NULL,'0000-00-00 00:00:00'),(100000861,100000818,1,'Robert','Hahner','2007-08-12','M',0,1,'2023-06-07 10:38:00',17,'2023-06-13 01:35:45',16,NULL,'9866','','','',5,NULL,'',0,0,NULL,0,2,'0000-00-00 00:00:00',0,1,NULL,NULL,'','',0,0,NULL,0,NULL,'0000-00-00 00:00:00'),(100000862,100000824,1,'Carrie','Holter','2021-08-05','F',0,1,'2023-06-07 12:37:58',10,'2023-06-13 18:35:28',10,NULL,'7453','','','',5,NULL,'Hold official.',0,0,NULL,0,2,'0000-00-00 00:00:00',0,0,NULL,NULL,'','',0,0,NULL,0,NULL,'0000-00-00 00:00:00'),(100000863,100000814,1,'Jonathon','Bakerer','2008-09-30','M',0,1,'2023-06-07 14:37:56',10,'2023-06-14 07:35:15',10,NULL,'8599','','','',5,NULL,'',0,0,NULL,0,2,'0000-00-00 00:00:00',0,0,NULL,NULL,'','',1,0,NULL,0,NULL,'0000-00-00 00:00:00'),(100000864,100000814,1,'Victoria','Bakerer','2010-04-11','F',0,1,'2023-06-07 16:37:54',11,'2023-06-12 20:35:50',11,NULL,'8599','','','',5,NULL,'',0,0,NULL,0,2,'0000-00-00 00:00:00',0,0,NULL,NULL,'','',1,0,NULL,0,NULL,'0000-00-00 00:00:00'),(100000865,100000816,1,'Steven','Adkins','2022-04-12','M',0,1,'2023-06-07 18:37:52',10,'2023-06-11 18:36:16',10,NULL,'7089','','','',5,NULL,'Information power show.',0,0,NULL,0,2,'0000-00-00 00:00:00',0,0,NULL,NULL,'','',0,0,NULL,0,NULL,'0000-00-00 00:00:00'),(100000866,NULL,1,'Kathleen','Hensleyer','1935-08-05','F',0,1,'2023-06-14 14:35:08',17,'2023-06-26 16:30:18',16,NULL,'3080','','','',5,NULL,'Country tree tell unit.',0,0,NULL,0,3,'0000-00-00 00:00:00',0,0,NULL,NULL,'','',0,0,NULL,0,NULL,'0000-00-00 00:00:00'),(100000867,NULL,1,'James','Smith','1965-01-01','M',0,1,'2023-06-14 16:35:06',18,'2023-06-26 04:30:30',12,NULL,'8735','','','',5,NULL,'Movement within light.',0,0,NULL,0,3,'0000-00-00 00:00:00',0,0,NULL,NULL,'','',1,0,NULL,0,NULL,'0000-00-00 00:00:00'),(100000868,NULL,1,'Patricia','Smith','1960-11-09','F',0,1,'2023-06-14 18:35:04',10,'2023-06-23 23:31:23',34,NULL,'7692','','','',5,NULL,'Happen difference.',0,0,NULL,0,3,'0000-00-00 00:00:00',0,1,NULL,NULL,'','',0,0,NULL,0,NULL,'0000-00-00 00:00:00'),(100000869,NULL,1,'Logan','Beck','1939-03-13','M',0,1,'2023-06-14 20:35:02',12,'2023-06-24 12:31:10',12,NULL,'7018','','','',5,NULL,'Soldier between.',0,0,NULL,0,3,'0000-00-00 00:00:00',0,0,NULL,NULL,'','',1,0,NULL,0,NULL,'0000-00-00 00:00:00'),(100000870,NULL,1,'Amber','Dunn','1908-09-25','F',0,1,'2023-06-14 22:35:00',34,'2023-06-25 21:30:37',17,NULL,'1049','','','',5,NULL,'Attack act.',0,0,NULL,0,3,'0000-00-00 00:00:00',0,0,NULL,NULL,'','',0,0,NULL,0,NULL,'0000-00-00 00:00:00'),(100000871,NULL,1,'Richard','Myerserer','1957-07-02','M',0,1,'2023-06-15 00:34:58',34,'2023-06-27 19:29:51',32,NULL,'2231','','','',5,NULL,'Because house treatment.',0,0,NULL,0,3,'0000-00-00 00:00:00',0,0,NULL,NULL,'','',1,0,NULL,0,NULL,'0000-00-00 00:00:00'),(100000872,NULL,1,'Sara','Taylor','1980-08-17','F',0,1,'2023-06-15 02:34:56',10,'2023-06-23 09:31:37',34,NULL,'5409','','','',5,NULL,'Certainly mouth art.',0,0,NULL,0,3,'0000-00-00 00:00:00',0,0,NULL,NULL,'','',1,0,NULL,0,NULL,'0000-00-00 00:00:00'),(100000873,NULL,1,'Christopher','Morris','1948-12-03','M',0,1,'2023-06-15 04:34:54',12,'2023-06-15 04:34:54',12,NULL,'1742','','','',5,NULL,'View.',0,0,NULL,0,3,'0000-00-00 00:00:00',0,1,NULL,NULL,'','',0,0,NULL,0,NULL,'0000-00-00 00:00:00'),(100000874,NULL,1,'Taylor','Michaeler','1991-05-21','F',0,1,'2023-06-15 06:34:52',15,'2023-06-27 13:29:57',16,NULL,'7666','','','',5,NULL,'Poor focus.',0,0,NULL,0,3,'0000-00-00 00:00:00',0,0,NULL,NULL,'','',1,0,NULL,0,NULL,'0000-00-00 00:00:00'),(100000875,NULL,1,'Jerry','Carroll','1973-10-18','M',0,1,'2023-06-15 08:34:50',15,'2023-06-25 12:30:46',12,NULL,'5043','','','',5,NULL,'Instead involve lose.',0,0,NULL,0,3,'0000-00-00 00:00:00',0,1,NULL,NULL,'','',0,0,NULL,0,NULL,'0000-00-00 00:00:00'),(100000876,NULL,1,'Samantha','Lopezer','1946-04-06','F',0,1,'2023-06-15 10:34:48',16,'2023-06-27 14:29:56',18,NULL,'8793','','','',5,NULL,'Different young middle.',0,0,NULL,0,3,'0000-00-00 00:00:00',0,1,NULL,NULL,'','',1,0,NULL,0,NULL,'0000-00-00 00:00:00'),(100000877,NULL,1,'Patrick','Jones','1969-04-29','M',0,1,'2023-06-15 12:34:46',18,'2023-06-24 05:31:17',32,NULL,'9628','','','',5,NULL,'Sort inside media.',0,0,NULL,0,3,'0000-00-00 00:00:00',0,0,NULL,NULL,'','',0,0,NULL,0,NULL,'0000-00-00 00:00:00'),(100000878,NULL,1,'Michele','Dunn','1925-02-02','F',0,1,'2023-06-15 14:34:44',15,'2023-06-15 14:34:44',15,NULL,'6492','','','',5,NULL,'Past wall.',0,0,NULL,0,3,'0000-00-00 00:00:00',0,1,NULL,NULL,'','',0,0,NULL,0,NULL,'0000-00-00 00:00:00'),(100000879,NULL,1,'Vincent','Nelson','1963-12-13','M',0,1,'2023-06-15 16:34:42',15,'2023-06-25 18:30:40',12,NULL,'9338','','','',5,NULL,'Stage personal exactly.',0,0,NULL,0,3,'0000-00-00 00:00:00',0,0,NULL,NULL,'','',0,0,NULL,0,NULL,'0000-00-00 00:00:00'),(100000880,NULL,1,'Denise','Henson','1945-11-19','F',0,1,'2023-06-15 18:34:40',34,'2023-06-25 22:30:36',17,NULL,'4674','','','',5,NULL,'Direction million senior lay.',0,0,NULL,0,3,'0000-00-00 00:00:00',0,1,NULL,NULL,'','',0,0,NULL,0,NULL,'0000-00-00 00:00:00'),(100000881,NULL,1,'Carl','Wilsoner','1954-11-17','M',0,1,'2023-06-15 20:34:38',15,'2023-06-26 20:30:14',16,NULL,'1783','','','',5,NULL,'Happen receive.',0,0,NULL,0,3,'0000-00-00 00:00:00',0,1,NULL,NULL,'','',0,0,NULL,0,NULL,'0000-00-00 00:00:00'),(100000882,NULL,1,'Rebecca','Hortoner','1981-03-25','F',0,1,'2023-06-15 22:34:36',32,'2023-06-26 12:30:22',34,NULL,'7302','','','',5,NULL,'Center without.',0,0,NULL,0,3,'2023-06-27 21:29:49',0,1,NULL,NULL,'','',0,0,NULL,0,NULL,'0000-00-00 00:00:00'),(100000883,NULL,1,'Timothy','Watson','1908-05-01','M',0,1,'2023-06-16 00:34:34',17,'2023-06-25 01:30:57',15,NULL,'5055','','','',5,NULL,'Bag news risk.',0,0,NULL,0,3,'0000-00-00 00:00:00',0,1,NULL,NULL,'','',0,0,NULL,0,NULL,'0000-00-00 00:00:00'),(100000884,NULL,1,'Karen','Turner','1951-04-21','F',0,1,'2023-06-16 02:34:32',16,'2023-06-24 14:31:08',17,NULL,'5865','','','',5,NULL,'Strong foot.',0,0,NULL,0,3,'0000-00-00 00:00:00',0,0,NULL,NULL,'','',0,0,NULL,0,NULL,'0000-00-00 00:00:00'),(100000885,NULL,1,'Frank','Ball','1980-06-27','M',0,1,'2023-06-16 04:34:30',15,'2023-06-22 07:32:03',17,NULL,'9335','','','',5,NULL,'White they.',0,0,NULL,0,3,'0000-00-00 00:00:00',0,0,NULL,NULL,'','',1,0,NULL,0,NULL,'0000-00-00 00:00:00'),(100000886,NULL,1,'Traci','Mcgrath','1964-10-11','F',0,1,'2023-06-16 06:34:28',12,'2023-06-26 03:30:31',17,NULL,'8748','','','',5,NULL,'Whole raise.',0,0,NULL,0,3,'0000-00-00 00:00:00',0,0,NULL,NULL,'','',0,0,NULL,0,NULL,'0000-00-00 00:00:00'),(100000887,100000886,2,'Ryan','Salazar','1946-11-03','M',0,1,'2023-06-16 08:34:26',18,'2023-06-16 08:34:26',18,NULL,'8748','','','',5,NULL,'Open.',0,0,NULL,0,3,'0000-00-00 00:00:00',0,1,NULL,NULL,'','',0,0,NULL,0,NULL,'0000-00-00 00:00:00'),(100000888,NULL,1,'Kari','Durham','1969-06-17','F',0,1,'2023-06-16 10:34:24',15,'2023-06-25 15:30:43',34,NULL,'9633','','','',5,NULL,'Improve.',0,0,NULL,0,3,'0000-00-00 00:00:00',0,1,NULL,NULL,'','',0,0,NULL,0,NULL,'0000-00-00 00:00:00'),(100000889,100000888,1,'Christopher','Beck','1978-11-01','M',0,1,'2023-06-16 12:34:22',10,'2023-06-22 18:31:52',18,NULL,'9633','','','',5,NULL,'Single employee.',0,0,NULL,0,3,'0000-00-00 00:00:00',0,0,NULL,NULL,'','',1,0,NULL,0,NULL,'0000-00-00 00:00:00'),(100000890,NULL,1,'Lisa','Massey','1913-10-01','F',0,1,'2023-06-16 14:34:20',10,'2023-06-22 21:31:49',16,NULL,'8160','','','',5,NULL,'Wear chance kitchen.',0,0,NULL,0,3,'0000-00-00 00:00:00',0,0,NULL,NULL,'','',1,0,NULL,0,NULL,'0000-00-00 00:00:00'),(100000891,100000890,1,'Cody','Ayala','1915-02-21','M',0,1,'2023-06-16 16:34:18',17,'2023-06-23 21:31:25',16,NULL,'8160','','','',5,NULL,'Bring green.',0,0,NULL,0,3,'0000-00-00 00:00:00',0,0,NULL,NULL,'','',0,0,NULL,0,NULL,'0000-00-00 00:00:00'),(100000892,NULL,1,'Laura','Johnsoner','1992-12-15','F',0,1,'2023-06-16 18:34:16',18,'2023-06-27 02:30:08',16,NULL,'8236','','','',5,NULL,'See back career.',0,0,NULL,0,3,'0000-00-00 00:00:00',0,0,NULL,NULL,'','',1,0,NULL,0,NULL,'0000-00-00 00:00:00'),(100000893,100000892,1,'William','Walker','1917-07-15','M',0,1,'2023-06-16 20:34:14',15,'2023-06-24 21:31:01',15,NULL,'8236','','','',5,NULL,'Pattern story director.',0,0,NULL,0,3,'0000-00-00 00:00:00',0,0,NULL,NULL,'','',0,0,NULL,0,NULL,'0000-00-00 00:00:00'),(100000894,NULL,1,'Susan','Vaughn','1966-04-13','F',0,1,'2023-06-16 22:34:12',18,'2023-06-16 22:34:12',18,NULL,'9957','','','',5,NULL,'History.',0,0,NULL,0,3,'0000-00-00 00:00:00',0,1,NULL,NULL,'','',0,0,NULL,0,NULL,'0000-00-00 00:00:00'),(100000895,100000894,1,'David','Martin','1914-11-26','M',0,1,'2023-06-17 00:34:10',17,'2023-06-23 07:31:39',34,NULL,'9957','','','',5,NULL,'Book name.',0,0,NULL,0,3,'0000-00-00 00:00:00',0,0,NULL,NULL,'','',1,0,NULL,0,NULL,'0000-00-00 00:00:00'),(100000896,NULL,1,'Christina','Rodriguezerer','1925-10-25','F',0,1,'2023-06-17 02:34:08',12,'2023-06-26 07:30:27',32,NULL,'5571','','','',5,NULL,'Song indicate.',0,0,NULL,0,3,'0000-00-00 00:00:00',0,1,NULL,NULL,'','',1,0,NULL,0,NULL,'0000-00-00 00:00:00'),(100000897,100000896,1,'Zachary','Stout','1960-03-11','M',0,1,'2023-06-17 04:34:06',15,'2023-06-25 23:30:35',15,NULL,'5571','','','',5,NULL,'Participant.',0,0,NULL,0,3,'0000-00-00 00:00:00',0,0,NULL,NULL,'','',0,0,NULL,0,NULL,'0000-00-00 00:00:00'),(100000898,NULL,1,'Yvonne','Brownerer','1960-11-03','F',0,1,'2023-06-17 06:34:04',18,'2023-06-27 09:30:01',34,NULL,'1320','','','',5,NULL,'Nothing choice pick.',0,0,NULL,0,3,'0000-00-00 00:00:00',0,0,NULL,NULL,'','',1,0,NULL,0,NULL,'0000-00-00 00:00:00'),(100000899,100000898,1,'Jay','Loweererer','1941-08-19','M',0,1,'2023-06-17 08:34:02',12,'2023-06-27 03:30:07',18,NULL,'1320','','','',5,NULL,'Whatever name anything.',0,0,NULL,0,3,'0000-00-00 00:00:00',0,0,NULL,NULL,'','',1,0,NULL,0,NULL,'0000-00-00 00:00:00'),(100000900,NULL,1,'Ann','Johnstoner','1993-03-20','F',0,1,'2023-06-17 10:34:00',34,'2023-06-27 20:29:50',18,NULL,'3238','','','',5,NULL,'Idea threat case.',0,0,NULL,0,3,'0000-00-00 00:00:00',0,0,NULL,NULL,'','',1,0,NULL,0,NULL,'0000-00-00 00:00:00'),(100000901,100000900,1,'Cody','Howell','1920-11-04','M',0,1,'2023-06-17 12:33:58',15,'2023-06-23 12:31:34',34,NULL,'3238','','','',5,NULL,'Affect sit small.',0,0,NULL,0,3,'0000-00-00 00:00:00',0,0,NULL,NULL,'','',1,0,NULL,0,NULL,'0000-00-00 00:00:00'),(100000902,NULL,1,'Abigail','Allener','1944-03-15','F',0,1,'2023-06-17 14:33:56',15,'2023-06-27 10:30:00',12,NULL,'5616','','','',5,NULL,'Thus nothing.',0,0,NULL,0,3,'0000-00-00 00:00:00',0,1,NULL,NULL,'','',1,0,NULL,0,NULL,'0000-00-00 00:00:00'),(100000903,100000902,1,'Cody','Mason','1914-08-11','M',0,1,'2023-06-17 16:33:54',32,'2023-06-25 19:30:39',18,NULL,'5616','','','',5,NULL,'Check heavy son.',0,0,NULL,0,3,'0000-00-00 00:00:00',0,0,NULL,NULL,'','',1,0,NULL,0,NULL,'0000-00-00 00:00:00'),(100000904,NULL,1,'Crystal','Moreno','1930-04-16','F',0,1,'2023-06-17 18:33:52',16,'2023-06-25 06:30:52',18,NULL,'4287','','','',5,NULL,'Region sing.',0,0,NULL,0,3,'0000-00-00 00:00:00',0,0,NULL,NULL,'','',1,0,NULL,0,NULL,'0000-00-00 00:00:00'),(100000905,100000904,2,'Russell','Collier','1953-09-17','M',0,1,'2023-06-17 20:33:50',16,'2023-06-17 20:33:50',16,NULL,'4287','','','',5,NULL,'Fast happen.',0,0,NULL,0,3,'0000-00-00 00:00:00',0,1,NULL,NULL,'','',0,0,NULL,0,NULL,'0000-00-00 00:00:00'),(100000906,100000902,2,'Andrea','Allen','2013-03-01','F',0,1,'2023-06-17 22:33:48',10,'2023-06-17 22:33:48',10,NULL,'5616','','','',5,NULL,'',0,0,NULL,0,3,'0000-00-00 00:00:00',0,1,NULL,NULL,'','',0,0,NULL,0,NULL,'0000-00-00 00:00:00'),(100000907,100000890,1,'Benjamin','Massey','2022-11-19','M',0,1,'2023-06-18 00:33:46',10,'2023-06-26 01:30:33',12,NULL,'8160','','','',5,NULL,'Against dinner bad.',0,0,NULL,0,3,'0000-00-00 00:00:00',0,0,NULL,NULL,'','',1,0,NULL,0,NULL,'0000-00-00 00:00:00'),(100000908,100000898,1,'Lori','Browner','2008-07-07','F',0,1,'2023-06-18 02:33:44',34,'2023-06-26 11:30:23',10,NULL,'1320','','','',5,NULL,'Consider help future.',0,0,NULL,0,3,'0000-00-00 00:00:00',0,0,NULL,NULL,'','',0,0,NULL,0,NULL,'0000-00-00 00:00:00'),(100000909,100000902,1,'Joe','Allener','2020-09-12','M',0,1,'2023-06-18 04:33:42',10,'2023-06-27 18:29:52',12,NULL,'5616','','','',5,NULL,'',0,0,NULL,0,3,'0000-00-00 00:00:00',0,0,NULL,NULL,'','',1,0,NULL,0,NULL,'0000-00-00 00:00:00'),(100000910,100000904,1,'Kelly','Moreno','2018-01-01','F',0,1,'2023-06-18 06:33:40',32,'2023-06-24 03:31:19',18,NULL,'4287','','','',5,NULL,'',0,0,NULL,0,3,'0000-00-00 00:00:00',0,0,NULL,NULL,'','',1,0,NULL,0,NULL,'0000-00-00 00:00:00'),(100000911,100000904,1,'James','Morenoer','2017-11-27','M',0,1,'2023-06-18 08:33:38',18,'2023-06-27 11:29:59',32,NULL,'4287','','','',5,NULL,'Program black charge.',0,0,NULL,0,3,'0000-00-00 00:00:00',0,1,NULL,NULL,'','',0,0,NULL,0,NULL,'0000-00-00 00:00:00'),(100000912,100000896,2,'Jessica','Rodriguez','2008-10-24','F',0,1,'2023-06-18 10:33:36',15,'2023-06-18 10:33:36',15,NULL,'5571','','','',5,NULL,'',0,0,NULL,0,3,'0000-00-00 00:00:00',0,0,NULL,NULL,'','',0,0,NULL,0,NULL,'0000-00-00 00:00:00'),(100000913,100000904,1,'Joe','Moreno','2020-12-02','M',0,1,'2023-06-18 12:33:34',12,'2023-06-22 00:32:10',17,NULL,'4287','','','',5,NULL,'',0,0,NULL,0,3,'0000-00-00 00:00:00',0,0,NULL,NULL,'','',0,0,NULL,0,NULL,'0000-00-00 00:00:00'),(100000914,100000886,1,'Kimberly','Mcgrath','2016-09-16','F',0,1,'2023-06-18 14:33:32',15,'2023-06-24 08:31:14',16,NULL,'8748','','','',5,NULL,'',0,0,NULL,0,3,'2023-06-27 22:29:48',0,0,NULL,NULL,'','',1,0,NULL,0,NULL,'0000-00-00 00:00:00'),(100000915,100000886,1,'Brian','Mcgrath','2007-06-28','M',0,1,'2023-06-18 16:33:30',15,'2023-06-24 09:31:13',15,NULL,'8748','','','',5,NULL,'',0,0,NULL,0,3,'0000-00-00 00:00:00',0,0,NULL,NULL,'','',1,0,NULL,0,NULL,'0000-00-00 00:00:00'),(100000916,100000894,1,'Gina','Vaughner','2016-03-21','F',0,1,'2023-06-18 18:33:28',16,'2023-06-27 04:30:06',18,NULL,'9957','','','',5,NULL,'',0,0,NULL,0,3,'0000-00-00 00:00:00',0,0,NULL,NULL,'','',0,0,NULL,0,NULL,'0000-00-00 00:00:00'),(100000917,100000902,1,'Michael','Allen','2023-05-01','M',0,1,'2023-06-18 20:33:26',12,'2023-06-21 06:32:28',16,NULL,'5616','','','',5,NULL,'',0,0,NULL,0,3,'0000-00-00 00:00:00',0,0,NULL,NULL,'','',0,0,NULL,0,NULL,'0000-00-00 00:00:00'),(100000918,100000886,2,'Julie','Mcgrath','2016-01-22','F',0,1,'2023-06-18 22:33:24',12,'2023-06-18 22:33:24',12,NULL,'8748','','','',5,NULL,'',0,0,NULL,0,3,'0000-00-00 00:00:00',0,1,NULL,NULL,'','',0,0,NULL,0,NULL,'0000-00-00 00:00:00'),(100000919,100000888,1,'Dylan','Durham','2011-03-05','M',0,1,'2023-06-19 00:33:22',16,'2023-06-24 04:31:18',10,NULL,'9633','','','',5,NULL,'',0,0,NULL,0,3,'0000-00-00 00:00:00',0,0,NULL,NULL,'','',1,0,NULL,0,NULL,'0000-00-00 00:00:00'),(100000920,100000888,1,'Mary','Durham','2020-08-08','F',0,1,'2023-06-19 02:33:20',18,'2023-06-25 14:30:44',32,NULL,'9633','','','',5,NULL,'Candidate young.',0,0,NULL,0,3,'0000-00-00 00:00:00',0,0,NULL,NULL,'','',0,0,NULL,0,NULL,'0000-00-00 00:00:00'),(100000921,100000904,1,'Charles','Morenoer','2012-09-23','M',0,1,'2023-06-19 04:33:18',34,'2023-06-27 08:30:02',18,NULL,'4287','','','',5,NULL,'',0,0,NULL,0,3,'0000-00-00 00:00:00',0,0,NULL,NULL,'','',0,0,NULL,0,NULL,'0000-00-00 00:00:00'),(100000922,100000900,1,'Taylor','Johnston','2013-12-10','F',0,1,'2023-06-19 06:33:16',32,'2023-06-22 04:32:06',32,NULL,'3238','','','',5,NULL,'',0,0,NULL,0,3,'0000-00-00 00:00:00',0,0,NULL,NULL,'','',0,0,NULL,0,NULL,'0000-00-00 00:00:00'),(100000923,100000904,1,'Willie','Morenoer','2015-12-09','M',0,1,'2023-06-19 08:33:14',15,'2023-06-27 06:30:04',10,NULL,'4287','','','',5,NULL,'',0,0,NULL,0,3,'0000-00-00 00:00:00',0,0,NULL,NULL,'','',1,0,NULL,0,NULL,'0000-00-00 00:00:00'),(100000924,100000904,2,'Tiffany','Moreno','2019-08-12','F',0,1,'2023-06-19 10:33:12',10,'2023-06-19 10:33:12',10,NULL,'4287','','','',5,NULL,'',0,0,NULL,0,3,'0000-00-00 00:00:00',0,0,NULL,NULL,'','',0,0,NULL,0,NULL,'0000-00-00 00:00:00'),(100000925,100000904,2,'Robert','Moreno','2014-02-18','M',0,1,'2023-06-19 12:33:10',17,'2023-06-19 12:33:10',17,NULL,'4287','','','',5,NULL,'',0,0,NULL,0,3,'0000-00-00 00:00:00',0,1,NULL,NULL,'','',0,0,NULL,0,NULL,'0000-00-00 00:00:00'),(100000926,100000892,1,'Dana','Johnsoner','2012-09-15','F',0,1,'2023-06-19 14:33:08',32,'2023-06-27 17:29:53',16,NULL,'8236','','','',5,NULL,'',0,0,NULL,0,3,'0000-00-00 00:00:00',0,1,NULL,NULL,'','',0,0,NULL,0,NULL,'0000-00-00 00:00:00'),(100000927,100000892,1,'Michael','Johnsonerer','2013-05-04','M',0,1,'2023-06-19 16:33:06',17,'2023-06-27 01:30:09',17,NULL,'8236','','','',5,NULL,'When word.',0,0,NULL,0,3,'0000-00-00 00:00:00',0,1,NULL,NULL,'','',1,0,NULL,0,NULL,'0000-00-00 00:00:00'),(100000928,100000902,1,'Kelly','Allenerer','2012-10-20','F',0,1,'2023-06-19 18:33:04',12,'2023-06-26 19:30:15',12,NULL,'5616','','','',5,NULL,'',0,0,NULL,0,3,'0000-00-00 00:00:00',0,1,NULL,NULL,'','',0,0,NULL,0,NULL,'0000-00-00 00:00:00'),(100000929,100000890,1,'Stephen','Massey','2019-04-03','M',0,1,'2023-06-19 20:33:02',18,'2023-06-24 18:31:04',32,NULL,'8160','','','',5,NULL,'Add wear blood.',0,0,NULL,0,3,'0000-00-00 00:00:00',0,1,NULL,NULL,'','',0,0,NULL,0,NULL,'0000-00-00 00:00:00'),(100000930,100000902,1,'Vickie','Allenerer','2017-05-29','F',0,1,'2023-06-19 22:33:00',17,'2023-06-26 18:30:16',34,NULL,'5616','','','',5,NULL,'',0,0,NULL,0,3,'0000-00-00 00:00:00',0,0,NULL,NULL,'','',1,0,NULL,0,NULL,'0000-00-00 00:00:00'),(100000931,100000904,1,'Anthony','Moreno','2019-08-14','M',0,1,'2023-06-20 00:32:58',15,'2023-06-25 00:30:58',10,NULL,'4287','','','',5,NULL,'Offer whose.',0,0,NULL,0,3,'0000-00-00 00:00:00',0,1,NULL,NULL,'','',0,0,NULL,0,NULL,'0000-00-00 00:00:00'),(100000932,100000904,1,'Kimberly','Morenoer','2014-07-19','F',0,1,'2023-06-20 02:32:56',18,'2023-06-26 17:30:17',34,NULL,'4287','','','',5,NULL,'Participant pick campaign blood.',0,0,NULL,0,3,'0000-00-00 00:00:00',0,0,NULL,NULL,'','',0,0,NULL,0,NULL,'0000-00-00 00:00:00'),(100000933,100000886,1,'Kyle','Mcgrather','2013-04-18','M',0,1,'2023-06-20 04:32:54',10,'2023-06-27 15:29:55',16,NULL,'8748','','','',5,NULL,'',0,0,NULL,0,3,'0000-00-00 00:00:00',0,0,NULL,NULL,'','',0,0,NULL,0,NULL,'0000-00-00 00:00:00'),(100000934,100000902,1,'Heidi','Allenerer','2013-09-14','F',0,1,'2023-06-20 06:32:52',32,'2023-06-26 14:30:20',12,NULL,'5616','','','',5,NULL,'',0,0,NULL,0,3,'0000-00-00 00:00:00',0,1,NULL,NULL,'','',1,0,NULL,0,NULL,'0000-00-00 00:00:00'),(100000935,100000902,1,'Anthony','Allener','2009-08-31','M',0,1,'2023-06-20 08:32:50',10,'2023-06-27 16:29:54',34,NULL,'5616','','','',5,NULL,'Citizen color next.',0,0,NULL,0,3,'0000-00-00 00:00:00',0,1,NULL,NULL,'','',1,0,NULL,0,NULL,'0000-00-00 00:00:00'),(100000936,100000886,1,'Heather','Mcgratherer','2022-04-11','F',0,1,'2023-06-20 10:32:48',17,'2023-06-27 12:29:58',15,NULL,'8748','','','',5,NULL,'',0,0,NULL,0,3,'0000-00-00 00:00:00',0,0,NULL,NULL,'','',1,0,NULL,0,NULL,'0000-00-00 00:00:00'),(100000937,100000898,1,'Bradley','Browner','2018-08-14','M',0,1,'2023-06-20 12:32:46',12,'2023-06-27 00:30:10',12,NULL,'1320','','','',5,NULL,'',0,0,NULL,0,3,'0000-00-00 00:00:00',0,0,NULL,NULL,'','',0,0,NULL,0,NULL,'0000-00-00 00:00:00'),(100000938,100000888,1,'Hannah','Durham','2012-02-07','F',0,1,'2023-06-20 14:32:44',15,'2023-06-23 10:31:36',32,NULL,'9633','','','',5,NULL,'',0,0,NULL,0,3,'0000-00-00 00:00:00',0,0,NULL,NULL,'','',1,0,NULL,0,NULL,'0000-00-00 00:00:00'),(100000939,100000898,1,'David','Brown','2021-07-11','M',0,1,'2023-06-20 16:32:42',12,'2023-06-25 16:30:42',16,NULL,'1320','','','',5,NULL,'Analysis.',0,0,NULL,0,3,'0000-00-00 00:00:00',0,0,NULL,NULL,'','',0,0,NULL,0,NULL,'0000-00-00 00:00:00'),(100000940,100000900,1,'Katelyn','Johnstoner','2013-07-07','F',0,1,'2023-06-20 18:32:40',15,'2023-06-26 06:30:28',34,NULL,'3238','','','',5,NULL,'',0,0,NULL,0,3,'0000-00-00 00:00:00',0,0,NULL,NULL,'','',0,0,NULL,0,NULL,'0000-00-00 00:00:00'),(100000941,100000902,1,'Andre','Allen','2022-10-21','M',0,1,'2023-06-20 20:32:38',12,'2023-06-24 06:31:16',10,NULL,'5616','','','',5,NULL,'',0,0,NULL,0,3,'0000-00-00 00:00:00',0,1,NULL,NULL,'','',1,0,NULL,0,NULL,'0000-00-00 00:00:00'),(100000942,100000900,1,'Kristina','Johnston','2008-03-24','F',0,1,'2023-06-20 22:32:36',15,'2023-06-23 06:31:40',18,NULL,'3238','','','',5,NULL,'',0,0,NULL,0,3,'0000-00-00 00:00:00',0,0,NULL,NULL,'','',1,0,NULL,0,NULL,'0000-00-00 00:00:00'),(100000943,100000896,1,'Jeremy','Rodriguezer','2015-02-13','M',0,1,'2023-06-21 00:32:34',10,'2023-06-27 05:30:05',18,NULL,'5571','','','',5,NULL,'Small cup.',0,0,NULL,0,3,'0000-00-00 00:00:00',0,0,NULL,NULL,'','',1,0,NULL,0,NULL,'0000-00-00 00:00:00'),(100000944,100000890,1,'Tammy','Massey','2008-01-19','F',0,1,'2023-06-21 02:32:32',10,'2023-06-25 10:30:48',10,NULL,'8160','','','',5,NULL,'Himself born now.',0,0,NULL,0,3,'0000-00-00 00:00:00',0,0,NULL,NULL,'','',0,0,NULL,0,NULL,'0000-00-00 00:00:00'),(100000945,100000902,1,'James','Allen','2011-09-07','M',0,1,'2023-06-21 04:32:30',16,'2023-06-24 20:31:02',16,NULL,'5616','','','',5,NULL,'Name listen.',0,0,NULL,0,3,'0000-00-00 00:00:00',0,0,NULL,NULL,'','',0,0,NULL,0,NULL,'0000-00-00 00:00:00');
/*!40000 ALTER TABLE `people` ENABLE KEYS */;
UNLOCK TABLES;

--
-- Table structure for table `phinxlog`
--

DROP TABLE IF EXISTS `phinxlog`;
/*!40101 SET @saved_cs_client     = @@character_set_client */;
/*!40101 SET character_set_client = utf8 */;
CREATE TABLE `phinxlog` (
  `version` bigint NOT NULL,
  `migration_name` varchar(100) DEFAULT NULL,
  `start_time` timestamp NULL DEFAULT NULL,
  `end_time` timestamp NULL DEFAULT NULL,
  `breakpoint` tinyint(1) NOT NULL DEFAULT '0',
  PRIMARY KEY (`version`)
) ENGINE=InnoDB DEFAULT CHARSET=utf8;
/*!40101 SET character_set_client = @saved_cs_client */;

--
-- Dumping data for table `phinxlog`
--

LOCK TABLES `phinxlog` WRITE;
/*!40000 ALTER TABLE `phinxlog` DISABLE KEYS */;
INSERT INTO `phinxlog` VALUES (20190610113824,'InitialSchema','2021-06-18 15:51:32','2021-06-18 15:51:38',0),
  (20190612100627,'AddStationToLaundry','2021-06-18 15:51:38','2021-06-18 15:51:38',0),
  (20190613211018,'NewUserMgmt','2021-06-18 15:51:38','2021-06-18 15:51:40',0),
  (20190613224510,'UsergroupsLevels','2021-06-18 15:51:40','2021-06-18 15:51:41',0),
  (20190614143640,'AddOrganisationColumn','2021-06-18 15:51:41','2021-06-18 15:51:41',0),
  (20190616152410,'AfterRotterdamSprint','2021-06-18 15:51:41','2021-06-18 15:51:42',0),
  (20190621183422,'AddCurrencyName','2021-06-18 15:51:42','2021-06-18 15:51:42',0),
  (20190622184117,'AddOrganizationIdsToCmsUsersTable','2021-06-18 15:51:42','2021-06-18 15:51:43',0),
  (20190623073649,'MakeOrganisationInCmsUsersForeignKey','2021-06-18 15:51:43','2021-06-18 15:51:44',0),
  (20190623100406,'AddDeletedColumnToUsergroups','2021-06-18 15:51:44','2021-06-18 15:51:44',0),
  (20190623123844,'AddForeignKeysInUserMgmt','2021-06-18 15:51:44','2021-06-18 15:51:46',0),
  (20190623140300,'AddDeletedColumnToOrganisations','2021-06-18 15:51:46','2021-06-18 15:51:48',0),
  (20190701120113,'FixUsergroupsForeignKey','2021-06-18 15:51:48','2021-06-18 15:51:49',0),
  (20190703082355,'AddProductForeignKeys','2021-06-18 15:51:49','2021-06-18 15:51:49',0),
  (20190703090715,'AddParentIdInProductCategories','2021-06-18 15:51:49','2021-06-18 15:51:50',0),
  (20190703145717,'CleanUpProductsTable','2021-06-18 15:51:50','2021-06-18 15:51:50',0),
  (20190703153854,'AllowNullForProductDeletedTable','2021-06-18 15:51:50','2021-06-18 15:51:51',0),
  (20190721142832,'AddSignatureDateInPeople','2021-06-18 15:51:51','2021-06-18 15:51:51',0),
  (20190725174628,'AddResettokensColumnToBases','2021-06-18 15:51:51','2021-06-18 15:51:51',0),
  (20190912133947,'ForeignKeyCamps','2021-06-18 15:51:51','2021-06-18 15:51:53',0),
  (20190923101044,'ForeignKeysUsers','2021-06-18 15:51:53','2021-06-18 15:51:54',0),
  (20190923105735,'ForeignKeysLanguage','2021-06-18 15:51:54','2021-06-18 15:51:55',0),
  (20190923140058,'ForeignKeyLocations','2021-06-18 15:51:55','2021-06-18 15:51:55',0),
  (20190924152152,'UsersCreatedModified','2021-06-18 15:51:56','2021-06-18 15:51:58',0),
  (20190925105800,'ForeignKeyLaundryTables','2021-06-18 15:51:58','2021-06-18 15:51:59',0),
  (20190925135319,'ForeignKeysLibraryTables','2021-06-18 15:51:59','2021-06-18 15:52:00',0),
  (20190927155724,'ForeignKeyBorrowTables','2021-06-18 15:52:00','2021-06-18 15:52:01',0),
  (20190930225021,'ForeignKeyQr','2021-06-18 15:52:01','2021-06-18 15:52:02',0),
  (20191001093637,'ForeignKeyPeopleId','2021-06-18 15:52:02','2021-06-18 15:52:03',0),
  (20191001141152,'ForeignKeySizes','2021-06-18 15:52:03','2021-06-18 15:52:04',0),
  (20191001145902,'ForeignKeyProduct','2021-06-18 15:52:04','2021-06-18 15:52:05',0),
  (20191005183100,'ForeignKeyRemainder','2021-06-18 15:52:05','2021-06-18 15:52:06',0),
  (20191005183200,'ForeignKeyCmsFunctions','2021-06-18 15:52:06','2021-06-18 15:52:06',0),
  (20191013180000,'ItemsOutNullable','2021-06-18 15:52:06','2021-06-18 15:52:07',0),
  (20191019131459,'ChangeCrossReferenceDeleteRuleToCascade','2021-06-18 15:52:07','2021-06-18 15:52:07',0),
  (20191019134931,'ChangeFkInProductsToCamps','2021-06-18 15:52:07','2021-06-18 15:52:08',0),
  (20191019135153,'ChangeFkInSizesToSizegroup','2021-06-18 15:52:08','2021-06-18 15:52:08',0),
  (20191021155925,'AddFkForLocationInStockTable','2021-06-18 15:52:08','2021-06-18 15:52:09',0),
  (20191023152307,'ChangeCollationAndEncodingToUtf8','2021-06-18 15:52:09','2021-06-18 15:52:11',0),
  (20191024152307,'AddMissingFKs','2021-06-18 15:52:11','2021-06-18 15:52:13',0),
  (20191027225630,'AddDeletedColumnToLocations','2021-06-18 15:52:13','2021-06-18 15:52:13',0),
  (20191028074813,'AddLegacyColumnToQrTable','2021-06-18 15:52:13','2021-06-18 15:52:13',0),
  (20191105181657,'AddUniqueConstraintStockBoxid','2021-06-18 15:52:13','2021-06-18 15:52:14',0),
  (20191105181704,'AddUniqueConstraintQrCodeLegacy','2021-06-18 15:52:14','2021-06-18 15:52:14',0),
  (20191202131340,'AdultAgeInCampsTableNotNull','2021-06-18 15:52:14','2021-06-18 15:52:14',0),
  (20191202135024,'UserIdInTransactionsNullable','2021-06-18 15:52:14','2021-06-18 15:52:15',0),
  (20191211131857,'MakePeopleIdInTransactionTableNullable','2021-06-18 15:52:15','2021-06-18 15:52:15',0),
  (20200202170149,'SetVisibleDefaultToOneInLocationsTable','2021-06-18 15:52:15','2021-06-18 15:52:15',0),
  (20200203194629,'MakeUserIdNullableInHistoryTable','2021-06-18 15:52:16','2021-06-18 15:52:16',0),
  (20200206100256,'AddIsScrapFlagToLocationsTable','2021-06-18 15:52:16','2021-06-18 15:52:16',0),
  (20200313200406,'RemoveNeededItems','2021-06-18 15:52:16','2021-06-18 15:52:17',0),
  (20200608185725,'AddBoxState','2021-06-18 15:52:17','2021-06-18 15:52:19',0),
  (20200706220401,'DropOrganisationIdFromCmsUsers','2021-06-18 15:52:19','2021-06-18 15:52:19',0),
  (20200706225754,'AddCompositeUniqueIndexForCrossReferenceTables','2021-06-18 15:52:19','2021-06-18 15:52:20',0),
  (20200824171337,'AddTagTable','2021-06-18 15:52:20','2021-06-18 15:52:20',0),
  (20200824185532,'CreatePeopleTagCrossReference','2021-06-18 15:52:21','2021-06-18 15:52:21',0),
  (20200923172713,'AddTagDescription','2021-06-18 15:52:21','2021-06-18 15:52:21',0),
  (20201213100955,'UpdateDeleteConstraintForTags','2021-06-18 15:52:21','2021-06-18 15:52:22',0),
  (20210130175622,'AddSettingsForBases','2021-06-18 15:52:22','2021-06-18 15:52:22',0),
  (20210314130614,'UniqueConstraintQrIdInStockTable','2021-06-18 15:52:22','2021-06-18 15:52:23',0),
  (20210822075141,'MakeBoxStateIdUnsigned','2021-08-23 07:33:09','2021-08-23 07:33:11',0),
  (20210823063551,'MakeCmsFunctionsIdUnsigned','2021-08-23 07:33:11','2021-08-23 07:33:14',0),
  (20210823064211,'MakeCmsUsersIdUnsigned','2021-08-23 07:33:14','2021-08-23 07:33:33',0),
  (20210823064828,'MakeGenderIdUnsigned','2021-08-23 07:33:33','2021-08-23 07:33:34',0),
  (20210823065128,'MakeLocationIdUnsigned','2021-08-23 07:33:34','2021-08-23 07:33:36',0),
  (20210823065359,'MakePeopleIdUnsigned','2021-08-23 07:33:36','2021-08-23 07:33:42',0),
  (20210823065917,'MakeProductIdUnsigned','2021-08-23 07:33:42','2021-08-23 07:33:45',0),
  (20210823070205,'MakeSizeIdUnsigned','2021-08-23 07:33:45','2021-08-23 07:33:47',0),
  (20210823070448,'MakeTagIdUnsigned','2021-08-23 07:33:47','2021-08-23 07:33:48',0),
  (20210823070632,'MakeTransactionIdUnsigned','2021-08-23 07:33:48','2021-08-23 07:33:49',0),
  (20220205073523,'AddActionPermissionsToCmsFunctions','2022-04-23 14:10:32','2022-04-23 14:10:33',0),
  (20220205084503,'AddCmsUserGroupsRoles','2022-04-23 14:10:33','2022-04-23 14:10:33',0),
  (20220513080431,'AddTypeToTags','2022-06-09 13:30:56','2022-06-09 13:30:57',0),
  (20220513124241,'AlterPeopleTagsToTagsRelations','2022-06-09 13:30:57','2022-06-09 13:30:58',0),
  (20220515130043,'RenamePeopleIdtoObjectIdinTagsRelations','2022-06-09 13:30:58','2022-06-09 13:30:58',0),
  (20220515130202,'AddObjectTypeInTagsRelations','2022-06-09 13:30:58','2022-06-09 13:30:59',0),
  (20220602091709,'AddSeqToTags','2022-06-09 13:30:59','2022-06-09 13:30:59',0),
  (20220604164558,'MakeCommentFieldsNullable','2022-06-09 14:29:13','2022-06-09 14:29:14',0),
  (20220604165328,'RemoveUnderscoreColumns','2022-06-09 14:29:14','2022-06-09 14:29:15',0),
  (20220604182719,'MakeItemsInStockNullable','2022-06-09 14:29:15','2022-06-09 14:29:15',0),
  (20220604184037,'MakeLabelFieldsNotNullable','2022-06-09 14:29:15','2022-06-09 14:29:17',0),
  (20220604185546,'RemovePortionColumnInSizes','2022-06-09 14:29:17','2022-06-09 14:29:17',0),
  (20220605061343,'DropProductCategoryIdForeignKey','2022-06-17 10:30:50','2022-06-17 10:30:51',0),
  (20220605064416,'MakeProductCategoryIdNotNullable','2022-06-17 10:30:51','2022-06-17 10:30:52',0),
  (20220605064603,'AddProductCategoryIdForeignKey','2022-06-17 10:30:52','2022-06-17 10:30:52',0),
  (20220605074604,'DropProductSizegroupIdForeignKey','2022-06-17 10:30:53','2022-06-17 10:30:53',0),
  (20220605074623,'MakeProductSizegroupIdNotNullable','2022-06-17 10:30:53','2022-06-17 10:30:54',0),
  (20220605074638,'AddProductSizegroupIdForeignKey','2022-06-17 10:30:54','2022-06-17 10:30:54',0),
  (20220605075347,'DropProductCampIdForeignKey','2022-06-17 10:30:55','2022-06-17 10:30:55',0),
  (20220605075402,'MakeProductCampIdNotNullable','2022-06-17 10:30:55','2022-06-17 10:30:56',0),
  (20220605075413,'AddProductCampIdForeignKey','2022-06-17 10:30:56','2022-06-17 10:30:56',0),
  (20220605081726,'DropProductAmountneededColumn','2022-06-17 10:30:56','2022-06-17 10:30:57',0),
  (20220605084444,'CreateComposteIndexOnHistoryTable','2022-06-09 14:00:12','2022-06-09 14:00:12',0),
  (20220701094045,'AddTransferAgreementTable','2022-07-05 10:38:40','2022-07-05 10:38:41',0),
  (20220701094049,'AddTransferAgreementDetailTable','2022-07-05 10:38:41','2022-07-05 10:38:41',0),
  (20220701094148,'AddShipmentTable','2022-07-05 10:38:41','2022-07-05 10:38:42',0),
  (20220701094153,'AddShipmentDetailTable','2022-07-05 10:38:42','2022-07-05 10:38:43',0),
  (20220722085453,'DirstroEventsTable','2022-07-24 11:37:51','2022-07-24 11:37:52',0),
  (20220723052618,'DirstroEventsPackingListEntries','2022-07-24 11:37:52','2022-07-24 11:37:52',0),
  (20220723060012,'DirstroEventsUnboxedItemCollections','2022-07-24 11:37:53','2022-07-24 11:37:53',0),
  (20220723061731,'DirstroEventsOutflowLogs','2022-07-24 11:37:53','2022-07-24 11:37:54',0),
  (20220723063203,'AddDistroEventsColumnsToLocations','2022-07-24 11:37:54','2022-07-24 11:37:55',0),
  (20220723064611,'AddDistroEventsToStock','2022-07-24 11:37:55','2022-07-24 11:37:56',0),
  (20220822172951,'DistroEventsTrackingGroups','2022-08-23 17:12:57','2022-08-23 17:12:58',0),
  (20220822175013,'AddDistroEventTrackingGroupIdColumn','2022-08-23 17:12:58','2022-08-23 17:12:59',0),
  (20220822182632,'DropDistroEventIdForeignKey','2022-08-23 17:12:59','2022-08-23 17:13:00',0),
  (20220822183629,'AddFlowDirection','2022-08-23 17:13:00','2022-08-23 17:13:01',0),
  (20220822191744,'RenameDistroEventsOutflowLogs','2022-08-23 17:13:01','2022-08-23 17:13:02',0),
  (20220822191943,'AddDistroEventTrackingGroupIdForeignKey','2022-08-23 17:13:02','2022-08-23 17:13:02',0),
  (20221221201716,'UpdateBoxStateOfLocations','2022-12-21 21:11:34','2022-12-21 21:11:34',0),
  (20221221210240,'UpdateBoxStateOfStock','2022-12-21 21:11:34','2022-12-21 21:11:35',0),
  (20230221185417,'AddReceivedOnAsShipmentState','2023-02-27 13:55:05','2023-02-27 13:55:06',0),
  (20230323160748,'RemoveWarehouseOrdering','2023-03-23 17:28:53','2023-03-23 17:28:55',0),
  (20230323164349,'RenameOrderedBoxStates','2023-03-23 17:28:55','2023-03-23 17:28:55',0),
  (20230413110314,'AddRemovedLostReceivedShipmentDetailFields','2023-04-16 16:34:58','2023-04-16 16:34:59',0),
  (20230415130947,'RenameReceivingBoxState','2023-04-16 16:34:59','2023-04-16 16:35:00',0),
  (20230416102309,'FixPrimaryKeyOfTagsRelations','2023-04-16 16:38:04','2023-04-16 16:38:04',0),
  (20230416144646,'AddSizeToShipmentDetail','2023-04-16 16:42:11','2023-04-16 16:42:12',0),
  (20230416160636,'RenameDeletedOnInShipmentDetails','2023-04-16 16:42:12','2023-04-16 16:42:12',0),
  (20230416162125,'RemoveDefaultFromSourceSizeIdOnShipmentDetails','2023-04-16 16:42:12','2023-04-16 16:42:12',0),
  (20230602123900,'AddInTransitBoxState','2023-06-17 10:39:25','2023-06-17 10:39:25',0),
  (20230620124521,'AddQuantityToShipmentDetail','2023-06-23 06:51:34','2023-06-23 06:51:35',0),
  (20230622123713,'AddNotDeliveredBoxState','2023-06-29 19:51:53','2023-06-29 19:51:54',0),
  (20240207152627,'ResetChangedBoxLabelIdentifiers','2024-02-21 19:51:24','2024-02-21 19:51:24',0),
  (20240422160431,'AddStandardProductTable','2024-05-27 12:39:04','2024-05-27 12:39:05',0),
  (20240422163115,'AddStandardProductFk','2024-05-27 12:39:05','2024-05-27 12:39:06',0),
  (20240523182223,'PopulateStandardProductsTable','2024-05-27 13:01:16','2024-05-27 13:01:16',0),
  (20240624155306,'DeleteDuplicateBoxDeletions','2024-07-13 22:49:45','2024-07-13 22:49:45',0),
  (20240701112808,'UpdateSmlSizegroup','2024-07-01 10:22:44','2024-07-01 10:22:44',0),
  (20240814154516,'AddTemporalColumnsToTagsRelations','2024-09-12 07:48:21','2024-09-12 07:48:22',0),
  (20240827120508,'CleanHistoryTransactions','2024-09-09 07:48:21','2024-09-09 07:48:22',0);
/*!40000 ALTER TABLE `phinxlog` ENABLE KEYS */;
UNLOCK TABLES;

--
-- Table structure for table `product_categories`
--

DROP TABLE IF EXISTS `product_categories`;
/*!40101 SET @saved_cs_client     = @@character_set_client */;
/*!40101 SET character_set_client = utf8 */;
CREATE TABLE `product_categories` (
  `id` int unsigned NOT NULL AUTO_INCREMENT,
  `label` varchar(255) NOT NULL,
  `seq` int NOT NULL DEFAULT '0',
  `parent_id` int unsigned DEFAULT NULL,
  PRIMARY KEY (`id`),
  KEY `parent_id` (`parent_id`),
  CONSTRAINT `product_categories_ibfk_1` FOREIGN KEY (`parent_id`) REFERENCES `product_categories` (`id`) ON UPDATE CASCADE
) ENGINE=InnoDB AUTO_INCREMENT=21 DEFAULT CHARSET=utf8 ROW_FORMAT=DYNAMIC;
/*!40101 SET character_set_client = @saved_cs_client */;

--
-- Dumping data for table `product_categories`
--

LOCK TABLES `product_categories` WRITE;
/*!40000 ALTER TABLE `product_categories` DISABLE KEYS */;
INSERT INTO `product_categories` VALUES (1,'Underwear / Nightwear',11,12),
  (2,'Bottoms',12,12),
  (3,'Tops',13,12),
  (4,'Accessories',14,12),
  (5,'Shoes',15,12),
  (6,'Jackets / Outerwear',16,12),
  (7,'Skirts/Dresses',17,12),
  (8,'Baby',18,12),
  (9,'Other',6,NULL),
  (10,'Hygiene',2,NULL),
  (11,'Food & Kitchen',3,NULL),
  (12,'Clothing',1,NULL),
  (13,'Equipment',4,NULL),
  (14,'Toys & Games',41,13),
  (15,'Medication',5,9),
  (18,'Books & Stationery',42,13),
  (19,'Water',43,NULL),
  (20,'Shelter',44,NULL);
/*!40000 ALTER TABLE `product_categories` ENABLE KEYS */;
UNLOCK TABLES;

--
-- Table structure for table `products`
--

DROP TABLE IF EXISTS `products`;
/*!40101 SET @saved_cs_client     = @@character_set_client */;
/*!40101 SET character_set_client = utf8 */;
CREATE TABLE `products` (
  `id` int unsigned NOT NULL AUTO_INCREMENT,
  `name` varchar(255) NOT NULL,
  `category_id` int unsigned NOT NULL,
  `gender_id` int unsigned NOT NULL,
  `sizegroup_id` int unsigned NOT NULL,
  `camp_id` int unsigned NOT NULL,
  `value` int NOT NULL DEFAULT '0',
  `created` datetime DEFAULT NULL,
  `created_by` int unsigned DEFAULT NULL,
  `modified` datetime DEFAULT NULL,
  `modified_by` int unsigned DEFAULT NULL,
  `maxperadult` int DEFAULT NULL,
  `maxperchild` int DEFAULT NULL,
  `stockincontainer` tinyint NOT NULL DEFAULT '0',
  `comments` varchar(255) DEFAULT NULL,
  `deleted` datetime DEFAULT NULL,
  `standard_product_id` int unsigned DEFAULT NULL,
  PRIMARY KEY (`id`),
  KEY `category_id` (`category_id`),
  KEY `sizegroup_id` (`sizegroup_id`),
  KEY `camp_id` (`camp_id`),
  KEY `created_by` (`created_by`),
  KEY `modified_by` (`modified_by`),
  KEY `gender_id` (`gender_id`),
  KEY `products_ibfk_14` (`standard_product_id`),
  CONSTRAINT `products_ibfk_10` FOREIGN KEY (`gender_id`) REFERENCES `genders` (`id`) ON UPDATE CASCADE,
  CONSTRAINT `products_ibfk_11` FOREIGN KEY (`category_id`) REFERENCES `product_categories` (`id`) ON DELETE RESTRICT ON UPDATE CASCADE,
  CONSTRAINT `products_ibfk_12` FOREIGN KEY (`sizegroup_id`) REFERENCES `sizegroup` (`id`) ON DELETE RESTRICT ON UPDATE CASCADE,
  CONSTRAINT `products_ibfk_13` FOREIGN KEY (`camp_id`) REFERENCES `camps` (`id`) ON DELETE RESTRICT ON UPDATE CASCADE,
  CONSTRAINT `products_ibfk_14` FOREIGN KEY (`standard_product_id`) REFERENCES `standard_product` (`id`) ON DELETE SET NULL ON UPDATE CASCADE,
  CONSTRAINT `products_ibfk_8` FOREIGN KEY (`created_by`) REFERENCES `cms_users` (`id`) ON DELETE SET NULL ON UPDATE CASCADE,
  CONSTRAINT `products_ibfk_9` FOREIGN KEY (`modified_by`) REFERENCES `cms_users` (`id`) ON DELETE SET NULL ON UPDATE CASCADE
) ENGINE=InnoDB AUTO_INCREMENT=1470 DEFAULT CHARSET=utf8 ROW_FORMAT=DYNAMIC;
/*!40101 SET character_set_client = @saved_cs_client */;

--
-- Dumping data for table `products`
--

LOCK TABLES `products` WRITE;
/*!40000 ALTER TABLE `products` DISABLE KEYS */;
INSERT INTO `products` VALUES (1158,'Jeans',2,1,5,100000000,50,'2019-09-05 13:54:40',1,NULL,NULL,0,0,1,'',NULL,NULL),(1159,'T-Shirts',3,2,1,100000000,30,'2019-09-05 13:55:10',1,NULL,NULL,0,0,1,'',NULL,NULL),(1160,'Trainers',5,6,9,100000000,100,'2019-09-05 13:55:49',1,NULL,NULL,0,0,1,'',NULL,NULL),(1161,'Sleeping Bag',9,3,7,100000000,100,'2019-09-05 13:56:23',1,NULL,NULL,0,0,0,'',NULL,NULL),(1162,'Diapers',8,9,12,100000000,0,'2019-09-05 13:56:46',1,NULL,NULL,0,0,0,'',NULL,NULL),(1163,'Shampoo (100ml)',10,10,7,100000000,20,'2019-09-05 13:57:31',1,NULL,NULL,0,0,1,'',NULL,NULL),(1164,'Rice (1kg)',11,10,7,100000000,25,'2019-09-05 13:57:59',1,NULL,NULL,0,0,1,'',NULL,NULL),(1165,'DummyProduct',2,1,5,100000001,50,'2019-09-05 13:54:40',1,NULL,NULL,0,0,1,'',NULL,NULL),(1166,'Underwear',1,1,6,1,0,'2023-04-11 10:00:49',25,'2023-04-18 21:03:48',24,NULL,NULL,1,'Century often international.',NULL,NULL),(1167,'Underwear',1,2,6,1,19,'2023-04-11 11:00:50',6,NULL,NULL,NULL,NULL,0,'Half task week.',NULL,NULL),(1168,'Underwear',1,4,6,1,26,'2023-04-11 12:00:51',4,'2023-04-15 22:02:37',2,NULL,NULL,0,'Soldier make.',NULL,NULL),(1169,'Underwear',1,5,6,1,11,'2023-04-11 13:00:52',7,'2023-04-16 23:03:02',9,NULL,NULL,1,'Employee language.',NULL,NULL),(1170,'Tights',1,1,6,1,92,'2023-04-11 14:00:53',23,NULL,NULL,NULL,NULL,1,'Story standard.',NULL,NULL),(1171,'Tights',1,2,6,1,9,'2023-04-11 15:00:54',7,'2023-04-15 07:02:22',7,NULL,NULL,0,'Him hour.',NULL,NULL),(1172,'Tights',1,4,6,1,46,'2023-04-11 16:00:55',7,'2023-04-18 05:03:32',4,NULL,NULL,1,'Couple.',NULL,NULL),(1173,'Tights',1,5,6,1,16,'2023-04-11 17:00:56',23,'2023-04-18 11:03:38',8,NULL,NULL,1,'Cultural impact.',NULL,NULL),(1174,'trousers',2,1,1,1,3,'2023-04-11 18:00:57',4,'2023-04-18 16:03:43',25,NULL,NULL,1,'Back other.',NULL,NULL),(1175,'Trousers',2,2,1,1,84,'2023-04-11 19:00:58',23,'2023-04-17 04:03:07',2,NULL,NULL,0,'Even drop.',NULL,NULL),(1176,'Trousers',2,4,1,1,29,'2023-04-11 20:00:59',6,'2023-04-17 11:03:14',6,NULL,NULL,1,'Culture father green.',NULL,NULL),(1177,'Trousers',2,5,1,1,71,'2023-04-11 21:01:00',24,'2023-04-17 14:03:17',5,NULL,NULL,1,'Senior activity should suggest.',NULL,NULL),(1178,'T-Shirts',3,1,1,1,43,'2023-04-11 22:01:01',23,NULL,NULL,NULL,NULL,0,'Company phone hotel.',NULL,NULL),(1179,'T-Shirts',3,2,1,1,1,'2023-04-11 23:01:02',8,'2023-04-17 00:03:03',23,NULL,NULL,1,'Read his appear.',NULL,NULL),(1180,'t-shirts',3,4,1,1,34,'2023-04-12 00:01:03',24,'2023-04-18 10:03:37',6,NULL,NULL,0,'He surface network anyone.',NULL,NULL),(1181,'T-Shirts',3,5,1,1,65,'2023-04-12 01:01:04',3,'2023-04-18 19:03:46',8,NULL,NULL,0,'Cell send.',NULL,NULL),(1182,'Jackets',6,1,1,1,96,'2023-04-12 02:01:05',3,'2023-04-17 23:03:26',4,NULL,NULL,0,'Less.',NULL,NULL),(1183,'Jackets',6,2,1,1,58,'2023-04-12 03:01:06',4,'2023-04-18 04:03:31',3,NULL,NULL,0,'Threat trade read.',NULL,NULL),(1184,'Jackets',6,4,1,1,87,'2023-04-12 04:01:07',3,NULL,NULL,NULL,NULL,0,'Fact property.',NULL,NULL),(1185,'Jackets',6,5,1,1,85,'2023-04-12 05:01:08',23,'2023-04-18 03:03:30',4,NULL,NULL,1,'Stay huge small nation.',NULL,NULL),(1186,'Swimwear',12,1,7,1,25,'2023-04-12 06:01:09',8,'2023-04-17 02:03:05',6,NULL,NULL,1,'National some short.',NULL,NULL),(1187,'Swimwear',12,2,7,1,53,'2023-04-12 07:01:10',4,'2023-04-18 22:03:49',8,NULL,NULL,0,'Fly so.',NULL,NULL),(1188,'Swimwear',12,4,7,1,64,'2023-04-12 08:01:11',7,'2023-04-17 13:03:16',8,NULL,NULL,0,'Score change.',NULL,NULL),(1189,'Swimwear',12,5,7,1,51,'2023-04-12 09:01:12',8,NULL,NULL,NULL,NULL,0,'Win almost.',NULL,NULL),(1190,'Gloves',12,1,7,1,11,'2023-04-12 10:01:13',8,'2023-04-18 15:03:42',23,NULL,NULL,1,'Store close.',NULL,NULL),(1191,'gloves',12,2,7,1,86,'2023-04-12 11:01:14',5,'2023-04-18 12:03:39',25,NULL,NULL,0,'Heart paper.',NULL,NULL),(1192,'Gloves',12,4,7,1,73,'2023-04-12 12:01:15',9,'2023-04-17 18:03:21',24,NULL,NULL,1,'Make window through.',NULL,NULL),(1193,'Gloves',12,5,7,1,98,'2023-04-12 13:01:16',6,'2023-04-16 18:02:57',23,NULL,NULL,1,'Crime up.',NULL,NULL),(1194,'Socks',1,3,6,1,25,'2023-04-12 14:01:17',8,'2023-04-18 08:03:35',8,NULL,NULL,0,'Often that degree.',NULL,NULL),(1195,'Socks',1,6,6,1,88,'2023-04-12 15:01:18',7,'2023-04-18 23:03:50',3,NULL,NULL,0,'Picture great positive.',NULL,NULL),(1196,'Hats',1,3,7,1,89,'2023-04-12 16:01:19',8,'2023-04-16 20:02:59',25,NULL,NULL,0,'Measure suddenly.',NULL,NULL),(1197,'Hats',1,6,7,1,62,'2023-04-12 17:01:20',9,'2023-04-17 03:03:06',9,NULL,NULL,1,'President song.',NULL,NULL),(1198,'belts',12,3,7,1,29,'2023-04-12 18:01:21',2,'2023-04-18 01:03:28',6,NULL,NULL,1,'Art close.',NULL,NULL),(1199,'Belts',12,6,7,1,16,'2023-04-12 19:01:22',23,NULL,NULL,NULL,NULL,0,'Skin friend.',NULL,NULL),(1200,'Umbrellas',4,10,7,1,69,'2023-04-12 20:01:23',9,'2023-04-17 20:03:23',2,NULL,NULL,0,'Could.',NULL,NULL),(1201,'Pillows',4,10,7,1,3,'2023-04-12 21:01:24',2,'2023-04-18 13:03:40',4,NULL,NULL,1,'Compare.',NULL,NULL),(1202,'Towels',9,10,7,1,42,'2023-04-12 22:01:25',3,'2023-04-17 09:03:12',9,NULL,NULL,1,'Strong one.',NULL,NULL),(1203,'Toys',9,10,7,1,49,'2023-04-12 23:01:26',8,'2023-04-18 09:03:36',7,NULL,NULL,1,'Decade owner finally.',NULL,NULL),(1204,'Soap',10,10,7,1,71,'2023-04-13 00:01:27',7,'2023-04-15 12:02:27',23,NULL,NULL,0,'Attention catch provide.',NULL,NULL),(1205,'Deodorant',10,10,7,1,63,'2023-04-13 01:01:28',24,'2023-04-15 19:02:34',5,NULL,NULL,0,'At I eight.',NULL,NULL),(1206,'Food',11,10,7,1,98,'2023-04-13 02:01:29',2,'2023-04-17 05:03:08',5,NULL,NULL,1,'Likely whom carry.',NULL,NULL),(1207,'Tents',13,10,7,1,48,'2023-04-13 03:01:30',4,'2023-04-18 14:03:41',23,NULL,NULL,0,'Traditional pass.',NULL,NULL),(1208,'Candles',13,10,7,1,84,'2023-04-13 04:01:31',4,'2023-04-17 17:03:20',2,NULL,NULL,0,'Boy professional.',NULL,NULL),(1209,'Inhalation device',15,10,7,1,96,'2023-04-13 05:01:32',4,'2023-04-18 07:03:34',24,NULL,NULL,0,'Old.',NULL,NULL),(1210,'Shirts',8,9,22,1,87,'2023-04-13 06:01:33',9,'2023-04-18 02:03:29',8,NULL,NULL,0,'Responsibility item.',NULL,NULL),(1211,'Jackets',8,9,22,1,96,'2023-04-13 07:01:34',6,'2023-04-18 20:03:47',2,NULL,NULL,0,'Develop PM.',NULL,NULL),(1212,'Trousers',8,9,22,1,43,'2023-04-13 08:01:35',25,'2023-04-17 16:03:19',4,NULL,NULL,1,'Catch.',NULL,NULL),(1213,'Shoes',5,1,3,1,9,'2023-04-13 09:01:36',6,'2023-04-18 17:03:44',9,NULL,NULL,1,NULL,NULL,NULL),(1214,'Shoes',5,2,8,1,18,'2023-04-13 10:01:37',7,'2023-04-15 03:02:18',24,NULL,NULL,0,NULL,NULL,NULL),(1215,'Shoes',5,6,6,1,35,'2023-04-13 11:01:38',2,'2023-04-16 21:03:00',2,NULL,NULL,0,'Pm.',NULL,NULL),(1216,'Light Shoes',5,5,9,1,10,'2023-04-13 12:01:39',7,'2023-04-19 16:04:07',25,NULL,NULL,0,NULL,NULL,114),(1217,'Baby Shoes',5,9,21,1,0,'2023-04-13 13:01:40',24,NULL,NULL,NULL,NULL,0,NULL,NULL,127),(1218,'Water Storage Containers (>20L)',19,10,6,1,0,'2023-04-13 14:01:41',2,'2023-04-20 10:04:25',9,NULL,NULL,0,'Top.',NULL,160),(1219,'Baby Rompers / Bodies',12,9,21,1,0,'2023-04-13 15:01:42',23,NULL,NULL,NULL,NULL,0,NULL,'2023-04-20 16:04:31',40),(1220,'Shorts',2,5,18,1,0,'2023-04-13 16:01:43',8,NULL,NULL,NULL,NULL,0,NULL,'2023-04-20 18:04:33',5),(1221,'Rubber Rain Boots',5,3,6,1,0,'2023-04-13 17:01:44',2,'2023-04-20 08:04:23',3,NULL,NULL,0,'Especially magazine.',NULL,126),(1222,'Shorts',2,1,1,1,0,'2023-04-13 18:01:45',3,'2023-04-20 13:04:28',5,NULL,NULL,0,'Member none.',NULL,8),(1223,'Scarves',12,6,6,1,78,'2023-04-13 19:01:46',5,'2023-04-19 14:04:05',23,NULL,NULL,0,NULL,NULL,43),(1224,'Joggers',2,1,1,1,41,'2023-04-13 20:01:47',6,'2023-04-19 11:04:02',6,NULL,NULL,0,NULL,'2023-04-20 17:04:32',7),(1225,'Diapers, Unsized',10,9,6,1,77,'2023-04-13 21:01:48',3,'2023-04-19 17:04:08',2,NULL,NULL,0,NULL,NULL,87),(1226,'Drinking Vessels',19,10,6,1,0,'2023-04-13 22:01:49',7,NULL,NULL,NULL,NULL,0,NULL,NULL,159),(1227,'Hand Sanitizer / Antibacterial Handgel',10,10,7,1,0,'2023-04-13 23:01:50',9,'2023-04-19 23:04:14',7,NULL,NULL,0,'Ok senior.',NULL,64),(1228,'Leggings',1,5,18,1,0,'2023-04-14 00:01:51',4,'2023-04-20 05:04:20',9,NULL,NULL,0,'Program rest.',NULL,4),(1229,'Water Storage Containers (<10L)',19,10,6,1,72,'2023-04-14 01:01:52',3,'2023-04-20 07:04:22',7,NULL,NULL,0,'Television investment.',NULL,161),(1230,'Baby Jackets / Outerwear',6,9,21,1,0,'2023-04-14 02:01:53',8,NULL,NULL,NULL,NULL,0,NULL,NULL,97),(1231,'Gloves',12,6,6,1,0,'2023-04-14 03:01:54',24,NULL,NULL,NULL,NULL,0,NULL,NULL,42),(1232,'Jumpers',3,4,18,1,0,'2023-04-14 04:01:55',9,NULL,NULL,NULL,NULL,0,NULL,NULL,139),(1233,'Undershirts / Tank Tops',3,2,1,1,37,'2023-04-14 05:01:56',7,'2023-04-20 00:04:15',2,NULL,NULL,0,'All character.',NULL,145),(1234,'Undershirts / Tank Tops',3,5,18,1,4,'2023-04-14 06:01:57',8,'2023-04-19 20:04:11',25,NULL,NULL,0,'High.',NULL,132),(1235,'ASTM 1 Masks',10,10,6,1,0,'2023-04-14 07:01:58',7,'2023-04-20 03:04:18',25,NULL,NULL,0,'Bring medical.','2023-04-20 14:04:29',57),(1236,'Wooden cooking spoons',11,10,6,1,0,'2023-04-14 08:01:59',3,NULL,NULL,NULL,NULL,0,NULL,NULL,56),(1237,'Dry Food',11,10,6,1,33,'2023-04-14 09:02:00',5,'2023-04-19 00:03:51',6,NULL,NULL,0,NULL,NULL,51),(1238,'Toothpaste',10,10,19,1,60,'2023-04-14 10:02:01',4,'2023-04-20 09:04:24',2,NULL,NULL,0,'Southern.','2023-04-20 15:04:30',76),(1239,'Makeup',10,10,6,1,0,'2023-04-14 11:02:02',6,'2023-04-20 12:04:27',7,NULL,NULL,0,'Investment wind.',NULL,67),(1240,'Baby Gloves',12,9,6,1,69,'2023-04-14 12:02:03',8,'2023-04-20 11:04:26',7,NULL,NULL,0,'Country.',NULL,37),(1241,'Child clothes',12,10,17,1,0,'2023-04-14 13:02:04',5,'2023-04-14 14:02:05',23,NULL,NULL,0,NULL,'2023-04-14 15:02:06',NULL),(1242,'underwear',1,1,6,2,28,'2023-04-20 19:04:34',10,'2023-04-27 08:07:11',33,NULL,NULL,1,'Coach.',NULL,NULL),(1243,'underwear',1,2,6,2,55,'2023-04-20 20:04:35',16,'2023-04-27 23:07:26',11,NULL,NULL,1,'Course economic so half.',NULL,NULL),(1244,'Underwear',1,4,6,2,71,'2023-04-20 21:04:36',10,'2023-04-27 19:07:22',11,NULL,NULL,1,'However new.',NULL,NULL),(1245,'underwear',1,5,6,2,37,'2023-04-20 22:04:37',10,'2023-04-24 17:06:08',15,NULL,NULL,0,'Opportunity people.',NULL,NULL),(1246,'tights',1,1,6,2,71,'2023-04-20 23:04:38',16,'2023-04-25 06:06:21',18,NULL,NULL,0,'Floor politics miss.',NULL,NULL),(1247,'tights',1,2,6,2,48,'2023-04-21 00:04:39',33,'2023-04-25 17:06:32',16,NULL,NULL,1,'Suggest almost.',NULL,NULL),(1248,'tights',1,4,6,2,33,'2023-04-21 01:04:40',31,'2023-04-24 21:06:12',18,NULL,NULL,0,'Lose attention wind.',NULL,NULL),(1249,'Tights',1,5,6,2,75,'2023-04-21 02:04:41',31,'2023-04-28 07:07:34',17,NULL,NULL,0,'Behind everybody specific.',NULL,NULL),(1250,'Trousers',2,1,1,2,47,'2023-04-21 03:04:42',31,'2023-04-25 21:06:36',17,NULL,NULL,0,'Improve at.',NULL,NULL),(1251,'Trousers',2,2,1,2,5,'2023-04-21 04:04:43',11,NULL,NULL,NULL,NULL,0,'I family a develop.',NULL,NULL),(1252,'Trousers',2,4,1,2,26,'2023-04-21 05:04:44',10,'2023-04-25 10:06:25',31,NULL,NULL,0,'Old kind.',NULL,NULL),(1253,'trousers',2,5,1,2,84,'2023-04-21 06:04:45',16,'2023-04-27 21:07:24',15,NULL,NULL,1,'Situation.',NULL,NULL),(1254,'T-Shirts',3,1,1,2,59,'2023-04-21 07:04:46',10,'2023-04-28 12:07:39',11,NULL,NULL,0,'Democrat energy.',NULL,NULL),(1255,'T-Shirts',3,2,1,2,13,'2023-04-21 08:04:47',15,'2023-04-28 15:07:42',17,NULL,NULL,0,'If couple almost.',NULL,NULL),(1256,'T-Shirts',3,4,1,2,12,'2023-04-21 09:04:48',31,'2023-04-28 06:07:33',18,NULL,NULL,1,'Tax town.',NULL,NULL),(1257,'T-Shirts',3,5,1,2,52,'2023-04-21 10:04:49',18,'2023-04-28 05:07:32',17,NULL,NULL,0,'Him think understand.',NULL,NULL),(1258,'Jackets',6,1,1,2,87,'2023-04-21 11:04:50',10,'2023-04-28 11:07:38',33,NULL,NULL,1,'Suggest minute.',NULL,NULL),(1259,'Jackets',6,2,1,2,37,'2023-04-21 12:04:51',33,'2023-04-28 03:07:30',31,NULL,NULL,1,'Not provide drop.',NULL,NULL),(1260,'Jackets',6,4,1,2,59,'2023-04-21 13:04:52',15,'2023-04-26 05:06:44',16,NULL,NULL,0,'Any.',NULL,NULL),(1261,'Jackets',6,5,1,2,6,'2023-04-21 14:04:53',16,'2023-04-27 14:07:17',17,NULL,NULL,0,'Wide.',NULL,NULL),(1262,'Swimwear',12,1,7,2,2,'2023-04-21 15:04:54',18,NULL,NULL,NULL,NULL,0,'Low.',NULL,NULL),(1263,'swimwear',12,2,7,2,45,'2023-04-21 16:04:55',17,'2023-04-27 17:07:20',11,NULL,NULL,0,'Value official prove imagine.',NULL,NULL),(1264,'Swimwear',12,4,7,2,36,'2023-04-21 17:04:56',10,'2023-04-28 14:07:41',31,NULL,NULL,0,'Always large.',NULL,NULL),(1265,'Swimwear',12,5,7,2,51,'2023-04-21 18:04:57',33,'2023-04-26 11:06:50',33,NULL,NULL,0,'Seat.',NULL,NULL),(1266,'gloves',12,1,7,2,69,'2023-04-21 19:04:58',15,'2023-04-25 01:06:16',11,NULL,NULL,0,'Understand look investment.',NULL,NULL),(1267,'Gloves',12,2,7,2,93,'2023-04-21 20:04:59',15,'2023-04-27 18:07:21',17,NULL,NULL,0,'World.',NULL,NULL),(1268,'gloves',12,4,7,2,24,'2023-04-21 21:05:00',11,'2023-04-28 04:07:31',31,NULL,NULL,1,'Society weight few.',NULL,NULL),(1269,'gloves',12,5,7,2,98,'2023-04-21 22:05:01',10,'2023-04-28 08:07:35',18,NULL,NULL,1,'Know culture make.',NULL,NULL),(1270,'Socks',1,3,6,2,63,'2023-04-21 23:05:02',17,'2023-04-26 17:06:56',15,NULL,NULL,1,'Congress wait boy head.',NULL,NULL),(1271,'Socks',1,6,6,2,55,'2023-04-22 00:05:03',17,NULL,NULL,NULL,NULL,0,'Hand free common.',NULL,NULL),(1272,'hats',1,3,7,2,90,'2023-04-22 01:05:04',18,'2023-04-27 16:07:19',10,NULL,NULL,1,'Feel someone.',NULL,NULL),(1273,'Hats',1,6,7,2,16,'2023-04-22 02:05:05',16,'2023-04-26 18:06:57',18,NULL,NULL,1,'Decade issue.',NULL,NULL),(1274,'belts',12,3,7,2,65,'2023-04-22 03:05:06',17,'2023-04-27 00:07:03',33,NULL,NULL,1,'Dream.',NULL,NULL),(1275,'Belts',12,6,7,2,6,'2023-04-22 04:05:07',33,'2023-04-26 01:06:40',17,NULL,NULL,0,'Able material.',NULL,NULL),(1276,'Umbrellas',4,10,7,2,76,'2023-04-22 05:05:08',11,'2023-04-27 22:07:25',16,NULL,NULL,1,'Try design real.',NULL,NULL),(1277,'Pillows',4,10,7,2,95,'2023-04-22 06:05:09',11,'2023-04-27 11:07:14',18,NULL,NULL,0,'From stand.',NULL,NULL),(1278,'Towels',9,10,7,2,55,'2023-04-22 07:05:10',18,NULL,NULL,NULL,NULL,0,'Reality voice race.',NULL,NULL),(1279,'toys',9,10,7,2,40,'2023-04-22 08:05:11',17,'2023-04-28 13:07:40',31,NULL,NULL,1,'Force significant.',NULL,NULL),(1280,'Soap',10,10,7,2,20,'2023-04-22 09:05:12',15,'2023-04-27 06:07:09',18,NULL,NULL,0,'Media.',NULL,NULL),(1281,'Deodorant',10,10,7,2,53,'2023-04-22 10:05:13',15,'2023-04-26 02:06:41',10,NULL,NULL,0,'Line sit.',NULL,NULL),(1282,'Food',11,10,7,2,75,'2023-04-22 11:05:14',17,'2023-04-27 01:07:04',10,NULL,NULL,1,'Create across.',NULL,NULL),(1283,'tents',13,10,7,2,70,'2023-04-22 12:05:15',15,'2023-04-28 00:07:27',31,NULL,NULL,1,'More site.',NULL,NULL),(1284,'candles',13,10,7,2,83,'2023-04-22 13:05:16',18,'2023-04-26 08:06:47',31,NULL,NULL,0,'Cultural.',NULL,NULL),(1285,'inhalation device',15,10,7,2,18,'2023-04-22 14:05:17',17,'2023-04-27 04:07:07',11,NULL,NULL,1,'Interest answer.',NULL,NULL),(1286,'shirts',8,9,22,2,12,'2023-04-22 15:05:18',16,'2023-04-26 21:07:00',11,NULL,NULL,1,'Will arrive.',NULL,NULL),(1287,'Jackets',8,9,22,2,97,'2023-04-22 16:05:19',18,'2023-04-26 23:07:02',11,NULL,NULL,0,'Society no.',NULL,NULL),(1288,'trousers',8,9,22,2,22,'2023-04-22 17:05:20',11,'2023-04-27 13:07:16',17,NULL,NULL,1,'Never road.',NULL,NULL),(1289,'Shoes',5,1,3,2,93,'2023-04-22 18:05:21',15,'2023-04-27 02:07:05',15,NULL,NULL,1,'Whose.',NULL,NULL),(1290,'Shoes',5,2,8,2,71,'2023-04-22 19:05:22',31,'2023-04-28 16:07:43',33,NULL,NULL,1,NULL,NULL,NULL),(1291,'Shoes',5,6,6,2,80,'2023-04-22 20:05:23',18,'2023-04-26 04:06:43',33,NULL,NULL,0,'Physical something.',NULL,NULL),(1292,'Dry Food',11,10,6,2,0,'2023-04-22 21:05:24',16,NULL,NULL,NULL,NULL,0,NULL,NULL,51),(1293,'Winter Hats',12,2,6,2,0,'2023-04-22 22:05:25',11,NULL,NULL,NULL,NULL,0,NULL,NULL,35),(1294,'Diapers Size 4',10,9,12,2,0,'2023-04-22 23:05:26',33,NULL,NULL,NULL,NULL,0,NULL,NULL,84),(1295,'Summer Hats',12,4,6,2,45,'2023-04-23 00:05:27',16,'2023-04-29 05:07:56',16,NULL,NULL,0,'Could find.',NULL,30),(1296,'Rubber Rain Boots',5,6,6,2,0,'2023-04-23 01:05:28',16,NULL,NULL,NULL,NULL,0,NULL,NULL,128),(1297,'Shaving Foam',10,10,6,2,0,'2023-04-23 02:05:29',16,'2023-04-29 10:08:01',16,NULL,NULL,0,'Nature.',NULL,71),(1298,'T-Shirts / Short Sleeves',3,5,18,2,0,'2023-04-23 03:05:30',16,'2023-04-29 01:07:52',10,NULL,NULL,0,'Improve.','2023-04-29 16:08:07',131),(1299,'Scarves',12,1,6,2,0,'2023-04-23 04:05:31',33,'2023-04-29 12:08:03',16,NULL,NULL,0,'Whom.',NULL,23),(1300,'Winter Hats',12,5,6,2,43,'2023-04-23 05:05:32',16,'2023-04-28 20:07:47',11,NULL,NULL,0,NULL,NULL,18),(1301,'Washing up liquid',11,10,6,2,0,'2023-04-23 06:05:33',16,NULL,NULL,NULL,NULL,0,NULL,'2023-04-29 20:08:11',55),(1302,'Misc. Outer Protective Gear',6,3,6,2,31,'2023-04-23 07:05:34',31,'2023-04-29 15:08:06',31,NULL,NULL,0,'Well loss.',NULL,96),(1303,'Long Sleeve Tops',3,5,18,2,71,'2023-04-23 08:05:35',31,'2023-04-29 14:08:05',15,NULL,NULL,0,'Successful.','2023-04-29 19:08:10',130),(1304,'Soap',10,10,6,2,0,'2023-04-23 09:05:36',31,NULL,NULL,NULL,NULL,0,NULL,NULL,73),(1305,'Trousers',2,5,18,2,0,'2023-04-23 10:05:37',17,'2023-04-29 11:08:02',17,NULL,NULL,0,'Matter rule.','2023-04-29 18:08:09',6),(1306,'Scarves',12,6,6,2,0,'2023-04-23 11:05:38',31,'2023-04-29 00:07:51',18,NULL,NULL,0,'Receive.','2023-04-29 17:08:08',43),(1307,'T-Shirts / Short Sleeves',3,2,1,2,42,'2023-04-23 12:05:39',31,'2023-04-29 09:08:00',16,NULL,NULL,0,'Pressure forward.',NULL,144),(1308,'Deodorant',10,10,7,2,0,'2023-04-23 13:05:40',31,NULL,NULL,NULL,NULL,0,NULL,NULL,62),(1309,'Summer Jackets',6,2,1,2,0,'2023-04-23 14:05:41',10,'2023-04-29 03:07:54',17,NULL,NULL,0,'Leader.',NULL,94),(1310,'Jumpers',3,4,18,2,1,'2023-04-23 15:05:42',15,'2023-04-29 13:08:04',16,NULL,NULL,0,'Go.',NULL,139),(1311,'Towels',20,10,6,2,0,'2023-04-23 16:05:43',15,NULL,NULL,NULL,NULL,0,NULL,NULL,113),(1312,'Diapers Size 1',10,9,12,2,0,'2023-04-23 17:05:44',33,NULL,NULL,NULL,NULL,0,NULL,NULL,81),(1313,'Lotion / Moisturizer',10,10,6,2,51,'2023-04-23 18:05:45',16,'2023-04-29 06:07:57',18,NULL,NULL,0,'Live realize.',NULL,66),(1314,'Water Storage Containers (>20L)',19,10,6,2,0,'2023-04-23 19:05:46',10,NULL,NULL,NULL,NULL,0,NULL,NULL,160),(1315,'Combs, Hair Ties, Brushes',10,10,6,2,0,'2023-04-23 20:05:47',31,NULL,NULL,NULL,NULL,0,NULL,NULL,60),(1316,'Backpacks',9,10,6,2,0,'2023-04-23 21:05:48',33,'2023-04-29 07:07:58',31,NULL,NULL,0,'Perform attention.',NULL,99),(1317,'Child clothes',12,10,17,2,0,'2023-04-23 22:05:49',31,'2023-04-23 23:05:50',18,NULL,NULL,0,NULL,'2023-04-24 00:05:51',NULL),(1318,'underwear',1,1,6,3,45,'2023-04-29 21:08:12',34,'2023-05-04 09:10:00',15,NULL,NULL,0,'Seven environmental.',NULL,NULL),(1319,'underwear',1,2,6,3,94,'2023-04-29 22:08:13',18,'2023-05-07 09:11:12',15,NULL,NULL,1,'Thought.',NULL,NULL),(1320,'underwear',1,4,6,3,14,'2023-04-29 23:08:14',34,'2023-05-03 04:09:31',15,NULL,NULL,0,'Quickly final federal.',NULL,NULL),(1321,'underwear',1,5,6,3,49,'2023-04-30 00:08:15',16,'2023-05-06 11:10:50',32,NULL,NULL,0,'Chair but.',NULL,NULL),(1322,'tights',1,1,6,3,90,'2023-04-30 01:08:16',17,'2023-05-07 04:11:07',17,NULL,NULL,0,'Start.',NULL,NULL),(1323,'Tights',1,2,6,3,26,'2023-04-30 02:08:17',12,'2023-05-05 16:10:31',34,NULL,NULL,0,'Pick.',NULL,NULL),(1324,'tights',1,4,6,3,64,'2023-04-30 03:08:18',17,'2023-05-06 22:11:01',18,NULL,NULL,0,'Director lot.',NULL,NULL),(1325,'Tights',1,5,6,3,13,'2023-04-30 04:08:19',32,NULL,NULL,NULL,NULL,0,'Voice stage.',NULL,NULL),(1326,'trousers',2,1,1,3,13,'2023-04-30 05:08:20',12,'2023-05-07 06:11:09',34,NULL,NULL,0,'Way thank.',NULL,NULL),(1327,'Trousers',2,2,1,3,60,'2023-04-30 06:08:21',12,'2023-05-07 00:11:03',32,NULL,NULL,0,'Energy always.',NULL,NULL),(1328,'Trousers',2,4,1,3,7,'2023-04-30 07:08:22',18,'2023-05-07 05:11:08',32,NULL,NULL,0,'Paper.',NULL,NULL),(1329,'Trousers',2,5,1,3,20,'2023-04-30 08:08:23',16,NULL,NULL,NULL,NULL,0,'City picture.',NULL,NULL),(1330,'T-Shirts',3,1,1,3,51,'2023-04-30 09:08:24',32,'2023-05-05 20:10:35',32,NULL,NULL,0,'Feel environment.',NULL,NULL),(1331,'t-shirts',3,2,1,3,75,'2023-04-30 10:08:25',16,'2023-05-07 14:11:17',17,NULL,NULL,1,'Shake could.',NULL,NULL),(1332,'T-Shirts',3,4,1,3,69,'2023-04-30 11:08:26',16,NULL,NULL,NULL,NULL,0,'Down above.',NULL,NULL),(1333,'t-shirts',3,5,1,3,69,'2023-04-30 12:08:27',12,'2023-05-06 05:10:44',16,NULL,NULL,0,'Win issue.',NULL,NULL),(1334,'jackets',6,1,1,3,17,'2023-04-30 13:08:28',12,'2023-05-03 18:09:45',12,NULL,NULL,0,'Be.',NULL,NULL),(1335,'jackets',6,2,1,3,88,'2023-04-30 14:08:29',15,'2023-05-06 13:10:52',16,NULL,NULL,0,'Adult.',NULL,NULL),(1336,'jackets',6,4,1,3,15,'2023-04-30 15:08:30',10,'2023-05-05 11:10:26',34,NULL,NULL,0,'Even.',NULL,NULL),(1337,'Jackets',6,5,1,3,6,'2023-04-30 16:08:31',16,'2023-05-06 23:11:02',34,NULL,NULL,0,'System beat.',NULL,NULL),(1338,'Swimwear',12,1,7,3,78,'2023-04-30 17:08:32',10,'2023-05-06 21:11:00',34,NULL,NULL,0,'Culture contain.',NULL,NULL),(1339,'swimwear',12,2,7,3,35,'2023-04-30 18:08:33',18,'2023-05-07 10:11:13',15,NULL,NULL,1,'Yes ground.',NULL,NULL),(1340,'swimwear',12,4,7,3,88,'2023-04-30 19:08:34',12,'2023-05-04 16:10:07',18,NULL,NULL,1,'Structure director.',NULL,NULL),(1341,'swimwear',12,5,7,3,68,'2023-04-30 20:08:35',12,'2023-05-06 09:10:48',18,NULL,NULL,0,'Ask.',NULL,NULL),(1342,'gloves',12,1,7,3,82,'2023-04-30 21:08:36',18,'2023-05-06 10:10:49',34,NULL,NULL,0,'Soldier.',NULL,NULL),(1343,'Gloves',12,2,7,3,24,'2023-04-30 22:08:37',10,'2023-05-07 01:11:04',10,NULL,NULL,0,'They seat.',NULL,NULL),(1344,'gloves',12,4,7,3,18,'2023-04-30 23:08:38',15,'2023-05-03 07:09:34',16,NULL,NULL,0,'Business.',NULL,NULL),(1345,'gloves',12,5,7,3,44,'2023-05-01 00:08:39',12,'2023-05-06 08:10:47',16,NULL,NULL,0,'How public.',NULL,NULL),(1346,'socks',1,3,6,3,79,'2023-05-01 01:08:40',34,'2023-05-05 23:10:38',18,NULL,NULL,0,'Avoid.',NULL,NULL),(1347,'socks',1,6,6,3,45,'2023-05-01 02:08:41',17,'2023-05-03 13:09:40',15,NULL,NULL,0,'Happen tonight.',NULL,NULL),(1348,'hats',1,3,7,3,29,'2023-05-01 03:08:42',18,'2023-05-07 08:11:11',10,NULL,NULL,0,'Age turn finish.',NULL,NULL),(1349,'hats',1,6,7,3,43,'2023-05-01 04:08:43',12,'2023-05-06 19:10:58',34,NULL,NULL,0,'South standard.',NULL,NULL),(1350,'Belts',12,3,7,3,97,'2023-05-01 05:08:44',15,NULL,NULL,NULL,NULL,0,'East argue.',NULL,NULL),(1351,'Belts',12,6,7,3,23,'2023-05-01 06:08:45',12,'2023-05-06 18:10:57',12,NULL,NULL,1,'Floor deal.',NULL,NULL),(1352,'umbrellas',4,10,7,3,64,'2023-05-01 07:08:46',17,'2023-05-07 03:11:06',18,NULL,NULL,0,'Walk yourself.',NULL,NULL),(1353,'pillows',4,10,7,3,50,'2023-05-01 08:08:47',10,'2023-05-03 23:09:50',16,NULL,NULL,0,'Meet establish deep.',NULL,NULL),(1354,'towels',9,10,7,3,87,'2023-05-01 09:08:48',18,'2023-05-05 09:10:24',17,NULL,NULL,0,'Model training.',NULL,NULL),(1355,'Toys',9,10,7,3,42,'2023-05-01 10:08:49',16,'2023-05-07 07:11:10',15,NULL,NULL,0,'Carry every.',NULL,NULL),(1356,'soap',10,10,7,3,66,'2023-05-01 11:08:50',32,'2023-05-03 06:09:33',10,NULL,NULL,1,'Show special out.',NULL,NULL),(1357,'deodorant',10,10,7,3,49,'2023-05-01 12:08:51',16,'2023-05-03 15:09:42',17,NULL,NULL,0,'International for share.',NULL,NULL),(1358,'food',11,10,7,3,37,'2023-05-01 13:08:52',10,'2023-05-03 17:09:44',12,NULL,NULL,0,'Per only minute.',NULL,NULL),(1359,'Tents',13,10,7,3,75,'2023-05-01 14:08:53',10,NULL,NULL,NULL,NULL,0,'Place current beautiful.',NULL,NULL),(1360,'Candles',13,10,7,3,72,'2023-05-01 15:08:54',34,'2023-05-07 11:11:14',32,NULL,NULL,1,'Tell rock.',NULL,NULL),(1361,'inhalation device',15,10,7,3,100,'2023-05-01 16:08:55',18,'2023-05-05 12:10:27',12,NULL,NULL,0,'Theory case.',NULL,NULL),(1362,'shirts',8,9,22,3,63,'2023-05-01 17:08:56',10,'2023-05-07 12:11:15',10,NULL,NULL,1,'Social read.',NULL,NULL),(1363,'jackets',8,9,22,3,37,'2023-05-01 18:08:57',32,'2023-05-06 16:10:55',34,NULL,NULL,0,'Reduce senior.',NULL,NULL),(1364,'trousers',8,9,22,3,11,'2023-05-01 19:08:58',10,'2023-05-03 14:09:41',12,NULL,NULL,0,'Thousand fish from.',NULL,NULL),(1365,'Shoes',5,1,3,3,36,'2023-05-01 20:08:59',10,'2023-05-07 13:11:16',12,NULL,NULL,1,'Claim go.',NULL,NULL),(1366,'Shoes',5,2,8,3,90,'2023-05-01 21:09:00',15,'2023-05-07 02:11:05',15,NULL,NULL,0,'Candidate.',NULL,NULL),(1367,'Shoes',5,6,6,3,70,'2023-05-01 22:09:01',32,'2023-05-06 20:10:59',16,NULL,NULL,0,'Carry crime.',NULL,NULL),(1368,'Thin Socks',12,2,6,3,0,'2023-05-01 23:09:02',16,NULL,NULL,NULL,NULL,0,NULL,NULL,34),(1369,'Blankets',20,10,6,3,0,'2023-05-02 00:09:03',18,'2023-05-08 10:11:37',15,NULL,NULL,0,'Human.',NULL,104),(1370,'Diapers Size 6',10,9,12,3,0,'2023-05-02 01:09:04',18,NULL,NULL,NULL,NULL,0,NULL,'2023-05-08 17:11:44',86),(1371,'Shower Gel',10,10,6,3,0,'2023-05-02 02:09:05',17,NULL,NULL,NULL,NULL,0,NULL,NULL,72),(1372,'Pillowcases',20,10,6,3,71,'2023-05-02 03:09:06',17,'2023-05-08 08:11:35',17,NULL,NULL,0,'Entire.','2023-05-08 19:11:46',107),(1373,'Duvet Covers',20,10,6,3,50,'2023-05-02 04:09:07',32,'2023-05-08 09:11:36',12,NULL,NULL,0,'Or focus.',NULL,105),(1374,'Misc. Outer Protective Gear',6,6,6,3,76,'2023-05-02 05:09:08',17,'2023-05-08 00:11:27',16,NULL,NULL,0,NULL,NULL,98),(1375,'Diapers Size 4',10,9,12,3,0,'2023-05-02 06:09:09',15,NULL,NULL,NULL,NULL,0,NULL,NULL,84),(1376,'Long Sleeve Tops',3,4,18,3,0,'2023-05-02 07:09:10',15,NULL,NULL,NULL,NULL,0,NULL,NULL,140),(1377,'Shorts',2,1,1,3,0,'2023-05-02 08:09:11',16,NULL,NULL,NULL,NULL,0,NULL,NULL,8),(1378,'Underwear',1,5,18,3,0,'2023-05-02 09:09:12',16,'2023-05-08 16:11:43',32,NULL,NULL,0,'Laugh of.','2023-05-08 18:11:45',149),(1379,'Bodywarmers / Sleeveless Jumpers',3,1,1,3,64,'2023-05-02 10:09:13',16,'2023-05-08 06:11:33',34,NULL,NULL,0,'Accept.',NULL,133),(1380,'Summer Jackets',6,2,1,3,67,'2023-05-02 11:09:14',34,'2023-05-08 15:11:42',10,NULL,NULL,0,'Stop.',NULL,94),(1381,'Thin Socks',12,1,6,3,0,'2023-05-02 12:09:15',10,NULL,NULL,NULL,NULL,0,NULL,NULL,26),(1382,'Rubber Rain Boots',5,3,6,3,58,'2023-05-02 13:09:16',34,'2023-05-08 02:11:29',12,NULL,NULL,0,NULL,NULL,126),(1383,'Bedsheets',20,10,6,3,0,'2023-05-02 14:09:17',17,NULL,NULL,NULL,NULL,0,NULL,'2023-05-08 21:11:48',103),(1384,'Leggings',1,2,1,3,90,'2023-05-02 15:09:18',18,'2023-05-08 03:11:30',32,NULL,NULL,0,NULL,NULL,156),(1385,'Baby Jumpers',3,9,21,3,0,'2023-05-02 16:09:19',10,NULL,NULL,NULL,NULL,0,NULL,NULL,146),(1386,'Suitcases and Bags',9,10,6,3,0,'2023-05-02 17:09:20',10,NULL,NULL,NULL,NULL,0,NULL,NULL,100),(1387,'Sanitary Pads',10,1,6,3,0,'2023-05-02 18:09:21',32,NULL,NULL,NULL,NULL,0,NULL,NULL,78),(1388,'ASTM 2 Masks ',10,10,6,3,0,'2023-05-02 19:09:22',16,'2023-05-08 13:11:40',18,NULL,NULL,0,'Month final.',NULL,58),(1389,'Toothpaste',10,10,19,3,54,'2023-05-02 20:09:23',32,'2023-05-08 04:11:31',18,NULL,NULL,0,NULL,NULL,76),(1390,'Toothbrushes',10,10,19,3,0,'2023-05-02 21:09:24',12,NULL,NULL,NULL,NULL,0,NULL,NULL,75),(1391,'Joggers',2,2,1,3,0,'2023-05-02 22:09:25',10,NULL,NULL,NULL,NULL,0,NULL,'2023-05-08 20:11:47',13),(1392,'Sandals & Flip Flops',5,2,8,3,0,'2023-05-02 23:09:26',17,NULL,NULL,NULL,NULL,0,NULL,NULL,125),(1393,'Child clothes',12,10,17,3,0,'2023-05-03 00:09:27',10,'2023-05-03 01:09:28',16,NULL,NULL,0,NULL,'2023-05-03 02:09:29',NULL),(1394,'Underwear',1,1,6,4,90,'2023-05-08 22:11:49',40,'2023-05-12 07:13:10',19,NULL,NULL,0,'Recent here finally.',NULL,NULL),(1395,'Underwear',1,2,6,4,77,'2023-05-08 23:11:50',39,'2023-05-14 23:14:14',41,NULL,NULL,0,'Area face.',NULL,NULL),(1396,'Underwear',1,4,6,4,57,'2023-05-09 00:11:51',18,NULL,NULL,NULL,NULL,0,'Person health.',NULL,NULL),(1397,'Underwear',1,5,6,4,48,'2023-05-09 01:11:52',20,'2023-05-14 15:14:06',41,NULL,NULL,1,'Their economy.',NULL,NULL),(1398,'Tights',1,1,6,4,85,'2023-05-09 02:11:53',39,'2023-05-14 04:13:55',40,NULL,NULL,1,'Your.',NULL,NULL),(1399,'Tights',1,2,6,4,25,'2023-05-09 03:11:54',41,NULL,NULL,NULL,NULL,0,'Painting according his.',NULL,NULL),(1400,'Tights',1,4,6,4,21,'2023-05-09 04:11:55',38,'2023-05-14 16:14:07',38,NULL,NULL,0,'Energy huge chair.',NULL,NULL),(1401,'Tights',1,5,6,4,49,'2023-05-09 05:11:56',37,'2023-05-14 22:14:13',18,NULL,NULL,0,'Card citizen.',NULL,NULL),(1402,'Trousers',2,1,1,4,8,'2023-05-09 06:11:57',18,'2023-05-15 02:14:17',18,NULL,NULL,1,'Market main.',NULL,NULL),(1403,'Trousers',2,2,1,4,100,'2023-05-09 07:11:58',41,NULL,NULL,NULL,NULL,0,'Safe draw quality dream.',NULL,NULL),(1404,'Trousers',2,4,1,4,78,'2023-05-09 08:11:59',39,NULL,NULL,NULL,NULL,0,'Officer service front.',NULL,NULL),(1405,'Trousers',2,5,1,4,13,'2023-05-09 09:12:00',10,'2023-05-14 20:14:11',18,NULL,NULL,1,'Break major him lawyer.',NULL,NULL),(1406,'T-Shirts',3,1,1,4,17,'2023-05-09 10:12:01',37,'2023-05-12 22:13:25',19,NULL,NULL,0,'Include set.',NULL,NULL),(1407,'T-Shirts',3,2,1,4,59,'2023-05-09 11:12:02',20,'2023-05-14 02:13:53',19,NULL,NULL,1,'Admit work feel.',NULL,NULL),(1408,'T-Shirts',3,4,1,4,25,'2023-05-09 12:12:03',19,'2023-05-13 09:13:36',18,NULL,NULL,1,'Word president two.',NULL,NULL),(1409,'T-Shirts',3,5,1,4,13,'2023-05-09 13:12:04',18,'2023-05-12 19:13:22',39,NULL,NULL,0,'Growth allow fear.',NULL,NULL),(1410,'Jackets',6,1,1,4,59,'2023-05-09 14:12:05',37,'2023-05-13 11:13:38',19,NULL,NULL,1,'Certain compare Congress.',NULL,NULL),(1411,'Jackets',6,2,1,4,3,'2023-05-09 15:12:06',37,'2023-05-15 04:14:19',37,NULL,NULL,0,'Commercial.',NULL,NULL),(1412,'Jackets',6,4,1,4,40,'2023-05-09 16:12:07',39,'2023-05-13 14:13:41',37,NULL,NULL,1,'Action pull.',NULL,NULL),(1413,'Jackets',6,5,1,4,47,'2023-05-09 17:12:08',18,'2023-05-14 01:13:52',20,NULL,NULL,0,'Each deep.',NULL,NULL),(1414,'Swimwear',12,1,7,4,46,'2023-05-09 18:12:09',39,'2023-05-14 14:14:05',37,NULL,NULL,0,'Down explain that.',NULL,NULL),(1415,'Swimwear',12,2,7,4,42,'2023-05-09 19:12:10',41,NULL,NULL,NULL,NULL,0,'Parent information magazine through.',NULL,NULL),(1416,'swimwear',12,4,7,4,76,'2023-05-09 20:12:11',20,'2023-05-14 21:14:12',37,NULL,NULL,1,'Tonight each traditional.',NULL,NULL),(1417,'Swimwear',12,5,7,4,58,'2023-05-09 21:12:12',20,'2023-05-15 01:14:16',37,NULL,NULL,1,'Arrive safe property.',NULL,NULL),(1418,'gloves',12,1,7,4,96,'2023-05-09 22:12:13',38,'2023-05-12 17:13:20',40,NULL,NULL,1,'Require hundred.',NULL,NULL),(1419,'Gloves',12,2,7,4,56,'2023-05-09 23:12:14',19,'2023-05-12 12:13:15',41,NULL,NULL,0,'Crime short.',NULL,NULL),(1420,'Gloves',12,4,7,4,85,'2023-05-10 00:12:15',40,'2023-05-14 09:14:00',37,NULL,NULL,1,'Court individual.',NULL,NULL),(1421,'Gloves',12,5,7,4,46,'2023-05-10 01:12:16',41,'2023-05-14 19:14:10',20,NULL,NULL,0,'Man position structure.',NULL,NULL),(1422,'Socks',1,3,6,4,50,'2023-05-10 02:12:17',39,'2023-05-13 07:13:34',19,NULL,NULL,0,'Design.',NULL,NULL),(1423,'Socks',1,6,6,4,31,'2023-05-10 03:12:18',39,NULL,NULL,NULL,NULL,0,'Seat baby.',NULL,NULL),(1424,'Hats',1,3,7,4,100,'2023-05-10 04:12:19',10,'2023-05-15 03:14:18',18,NULL,NULL,0,'He.',NULL,NULL),(1425,'Hats',1,6,7,4,11,'2023-05-10 05:12:20',38,'2023-05-13 20:13:47',19,NULL,NULL,1,'Work.',NULL,NULL),(1426,'Belts',12,3,7,4,90,'2023-05-10 06:12:21',20,NULL,NULL,NULL,NULL,0,'Final food.',NULL,NULL),(1427,'Belts',12,6,7,4,7,'2023-05-10 07:12:22',20,NULL,NULL,NULL,NULL,0,'Others role.',NULL,NULL),(1428,'Umbrellas',4,10,7,4,60,'2023-05-10 08:12:23',20,NULL,NULL,NULL,NULL,0,'Cause popular.',NULL,NULL),(1429,'Pillows',4,10,7,4,88,'2023-05-10 09:12:24',10,'2023-05-12 08:13:11',10,NULL,NULL,0,'Project.',NULL,NULL),(1430,'Towels',9,10,7,4,12,'2023-05-10 10:12:25',10,'2023-05-14 06:13:57',10,NULL,NULL,0,'Even.',NULL,NULL),(1431,'Toys',9,10,7,4,55,'2023-05-10 11:12:26',39,'2023-05-13 10:13:37',41,NULL,NULL,1,'Interesting opportunity.',NULL,NULL),(1432,'Soap',10,10,7,4,2,'2023-05-10 12:12:27',40,NULL,NULL,NULL,NULL,1,'Rather strategy.',NULL,NULL),(1433,'Deodorant',10,10,7,4,98,'2023-05-10 13:12:28',20,NULL,NULL,NULL,NULL,0,'Old campaign.',NULL,NULL),(1434,'Food',11,10,7,4,99,'2023-05-10 14:12:29',37,'2023-05-14 12:14:03',39,NULL,NULL,1,'Position name.',NULL,NULL),(1435,'Tents',13,10,7,4,21,'2023-05-10 15:12:30',40,'2023-05-15 00:14:15',19,NULL,NULL,0,'Probably fund.',NULL,NULL),(1436,'Candles',13,10,7,4,15,'2023-05-10 16:12:31',19,'2023-05-13 05:13:32',37,NULL,NULL,0,'Usually word.',NULL,NULL),(1437,'Inhalation device',15,10,7,4,39,'2023-05-10 17:12:32',18,'2023-05-13 18:13:45',19,NULL,NULL,1,'Member eye parent.',NULL,NULL),(1438,'Shirts',8,9,22,4,3,'2023-05-10 18:12:33',41,'2023-05-14 07:13:58',40,NULL,NULL,1,'One probably.',NULL,NULL),(1439,'Jackets',8,9,22,4,2,'2023-05-10 19:12:34',40,'2023-05-14 17:14:08',18,NULL,NULL,0,'Hair process.',NULL,NULL),(1440,'Trousers',8,9,22,4,0,'2023-05-10 20:12:35',19,'2023-05-12 15:13:18',37,NULL,NULL,0,'Particular program nearly war.',NULL,NULL),(1441,'Shoes',5,1,3,4,47,'2023-05-10 21:12:36',41,'2023-05-14 11:14:02',19,NULL,NULL,0,'Technology.',NULL,NULL),(1442,'Shoes',5,2,8,4,96,'2023-05-10 22:12:37',19,NULL,NULL,NULL,NULL,0,NULL,NULL,NULL),(1443,'Shoes',5,6,6,4,15,'2023-05-10 23:12:38',41,NULL,NULL,NULL,NULL,0,NULL,NULL,NULL),(1444,'Long Sleeve Tops',3,5,18,4,95,'2023-05-11 00:12:39',19,'2023-05-15 13:14:28',10,NULL,NULL,0,NULL,NULL,130),(1445,'Hand Sanitizer / Antibacterial Handgel',10,10,7,4,0,'2023-05-11 01:12:40',39,NULL,NULL,NULL,NULL,0,NULL,NULL,64),(1446,'Long Sleeve Tops',3,1,1,4,72,'2023-05-11 02:12:41',20,'2023-05-15 10:14:25',10,NULL,NULL,0,NULL,'2023-05-16 14:14:53',135),(1447,'T-Shirts / Short Sleeves',3,5,18,4,13,'2023-05-11 03:12:42',37,'2023-05-15 09:14:24',19,NULL,NULL,0,NULL,NULL,131),(1448,'Diapers Size 2',10,9,12,4,89,'2023-05-11 04:12:43',18,'2023-05-16 10:14:49',40,NULL,NULL,0,'Early.','2023-05-16 15:14:54',82),(1449,'Scarves',12,6,6,4,0,'2023-05-11 05:12:44',40,'2023-05-16 09:14:48',10,NULL,NULL,0,'Exactly enough.',NULL,43),(1450,'Trousers',2,1,1,4,0,'2023-05-11 06:12:45',18,NULL,NULL,NULL,NULL,0,NULL,NULL,9),(1451,'Dry Food',11,10,6,4,0,'2023-05-11 07:12:46',39,'2023-05-16 07:14:46',18,NULL,NULL,0,'Break.',NULL,51),(1452,'Backpacks',9,10,6,4,0,'2023-05-11 08:12:47',39,NULL,NULL,NULL,NULL,0,NULL,NULL,99),(1453,'Summer Jackets',6,5,18,4,0,'2023-05-11 09:12:48',10,NULL,NULL,NULL,NULL,0,NULL,NULL,88),(1454,'T-Shirts / Short Sleeves',3,2,1,4,0,'2023-05-11 10:12:49',39,'2023-05-16 02:14:41',40,NULL,NULL,0,'Amount mother.','2023-05-16 13:14:52',144),(1455,'Scarves',12,2,6,4,0,'2023-05-11 11:12:50',10,NULL,NULL,NULL,NULL,0,NULL,NULL,31),(1456,'Leggings',1,1,1,4,0,'2023-05-11 12:12:51',39,NULL,NULL,NULL,NULL,0,NULL,NULL,151),(1457,'Dresses / Skirts',12,1,1,4,36,'2023-05-11 13:12:52',37,'2023-05-15 21:14:36',39,NULL,NULL,0,'Support.',NULL,20),(1458,'Baby Shoes',5,9,21,4,21,'2023-05-11 14:12:53',18,'2023-05-16 00:14:39',40,NULL,NULL,0,'Responsibility.',NULL,127),(1459,'Basins',11,10,6,4,0,'2023-05-11 15:12:54',20,NULL,NULL,NULL,NULL,0,NULL,'2023-05-16 11:14:50',46),(1460,'Baby Blankets',8,9,6,4,95,'2023-05-11 16:12:55',37,'2023-05-15 12:14:27',40,NULL,NULL,0,NULL,NULL,2),(1461,'Summer Hats',12,1,6,4,79,'2023-05-11 17:12:56',41,'2023-05-15 17:14:32',18,NULL,NULL,0,NULL,'2023-05-16 12:14:51',24),(1462,'Baby Trousers',2,9,21,4,0,'2023-05-11 18:12:57',19,'2023-05-16 08:14:47',37,NULL,NULL,0,'Those success.',NULL,16),(1463,'Sandals & Flip Flops',5,1,3,4,68,'2023-05-11 19:12:58',10,'2023-05-15 06:14:21',39,NULL,NULL,0,NULL,NULL,119),(1464,'Underwear',1,4,18,4,32,'2023-05-11 20:12:59',20,'2023-05-15 07:14:22',38,NULL,NULL,0,NULL,NULL,155),(1465,'Makeup',10,10,6,4,0,'2023-05-11 21:13:00',41,'2023-05-16 05:14:44',19,NULL,NULL,0,'Network.',NULL,67),(1466,'ASTM 2 Masks ',10,10,6,4,25,'2023-05-11 22:13:01',10,'2023-05-15 23:14:38',10,NULL,NULL,0,'Democrat.',NULL,58),(1467,'Sanitary Pads',10,1,6,4,0,'2023-05-11 23:13:02',41,NULL,NULL,NULL,NULL,0,NULL,NULL,78),(1468,'Reusable Masks',10,10,6,4,0,'2023-05-12 00:13:03',20,'2023-05-16 04:14:43',38,NULL,NULL,0,'Yard build.',NULL,69),(1469,'Child clothes',12,10,17,4,0,'2023-05-12 01:13:04',20,'2023-05-12 02:13:05',40,NULL,NULL,0,NULL,'2023-05-12 03:13:06',NULL);
/*!40000 ALTER TABLE `products` ENABLE KEYS */;
UNLOCK TABLES;

--
-- Table structure for table `qr`
--

DROP TABLE IF EXISTS `qr`;
/*!40101 SET @saved_cs_client     = @@character_set_client */;
/*!40101 SET character_set_client = utf8 */;
CREATE TABLE `qr` (
  `id` int unsigned NOT NULL AUTO_INCREMENT,
  `code` varchar(255) DEFAULT NULL,
  `created` datetime DEFAULT NULL,
  `legacy` int NOT NULL DEFAULT '0',
  PRIMARY KEY (`id`),
  UNIQUE KEY `code_legacy_unique` (`code`,`legacy`)
) ENGINE=InnoDB AUTO_INCREMENT=100006842 DEFAULT CHARSET=utf8 ROW_FORMAT=DYNAMIC;
/*!40101 SET character_set_client = @saved_cs_client */;

--
-- Dumping data for table `qr`
--

LOCK TABLES `qr` WRITE;
/*!40000 ALTER TABLE `qr` DISABLE KEYS */;
INSERT INTO `qr` VALUES (100000000,'093f65e080a295f8076b1c5722a46aa2',NULL,0),(100000001,'44f683a84163b3523afe57c2e008bc8c',NULL,0),(100000002,'5a5ea04157ce4d020f65c3dd950f4fa3',NULL,0),(100000003,'5c829d1bf278615670dceeb9b3919ed2',NULL,0),(100000004,'4b382363fa161c111fa9ad2b335ceacd',NULL,0),(100000005,'b1cf83ae73adfce0d14dbe81b53cb96b',NULL,0),(100005943,'d9b1ab5169bd11f258df94aa57a82ef5','2023-04-11 10:00:49',0),(100005944,'5ff6179fd2e655559b7eb80acb47318a','2023-04-11 12:00:50',0),(100005945,'8ce223e33f3a8a9514e39954a648bb3a','2023-04-11 14:00:51',0),(100005946,'bce56b0e6abc3714c560ec5d9e6adfaa','2023-04-11 16:00:52',0),(100005947,'026996974aeb2fbe73f3e1c02b5fcef6','2023-04-11 18:00:53',0),(100005948,'a2567358fbf5abd7bc1cac3231037a0f','2023-04-11 20:00:54',0),(100005949,'0c9c0fc0c293005f22f8a0d1b130124a','2023-04-11 22:00:55',0),(100005950,'693b0f3fed894d769211028fb9a54694','2023-04-12 00:00:56',0),(100005951,'55fa638b5a2b32a88324a54dbd79583d','2023-04-12 02:00:57',0),(100005952,'e69598bd48564f8b599417bad65279ca','2023-04-12 04:00:58',0),(100005953,'7d67adc6978a9062440fde520cb3af94','2023-04-12 06:00:59',0),(100005954,'ea51bf6f5363fd419740ddb075181b49','2023-04-12 08:01:00',0),(100005955,'3dd81904769d213b1c83f392fe012e16','2023-04-12 10:01:01',0),(100005956,'cd9474dadab181adca58a75b9ade885c','2023-04-12 12:01:02',0),(100005957,'4f9de54ede63dac48b1373c18f2300e8','2023-04-12 14:01:03',0),(100005958,'5d30f4fd177c27363e76d9becf67164b','2023-04-12 16:01:04',0),(100005959,'e67b4a7c51a694a4857b11b2d73e2de3','2023-04-12 18:01:05',0),(100005960,'e461236ffde243113eb7d3d7806a5357','2023-04-12 20:01:06',0),(100005961,'d41d86067eb3e4e00dbca518162658b2','2023-04-12 22:01:07',0),(100005962,'dfd5e1a2c971564239bb7c5d48b0ce68','2023-04-13 00:01:08',0),(100005963,'ab809d5f50d3276efe7293b2e6d28741','2023-04-13 02:01:09',0),(100005964,'3f4e2a9f7b1eabd1445dc7045d31a3f5','2023-04-13 04:01:10',0),(100005965,'24bd3b4487d42bbb231da4db00d559c6','2023-04-13 06:01:11',0),(100005966,'7cae31612aa5c0d5130a674f8197f220','2023-04-13 08:01:12',0),(100005967,'c829f0102089d14f77a3556c860cdc43','2023-04-13 10:01:13',0),(100005968,'2839432b940f8427c3d70fb01f8816a8','2023-04-13 12:01:14',0),(100005969,'ad9c1d403102c23db7c1daba449c217a','2023-04-13 14:01:15',0),(100005970,'3a2f458d6d774e1f1ad30c2ac50948c4','2023-04-13 16:01:16',0),(100005971,'aa992a076071bb47431ed41d5e04406a','2023-04-13 18:01:17',0),(100005972,'4155590124ab58ab6ad8b9dd20b2572d','2023-04-13 20:01:18',0),(100005973,'60fd16d4b3596df6d7d919f8b31d0053','2023-04-13 22:01:19',0),(100005974,'7079888dbda304edde1a0e8ba319c0dd','2023-04-14 00:01:20',0),(100005975,'cd424ef11a8adf48beda4a593a915070','2023-04-14 02:01:21',0),(100005976,'100b72b47c20206ce461e9e63a639f39','2023-04-14 04:01:22',0),(100005977,'da1282db77200ecfbab415d17f76463b','2023-04-14 06:01:23',0),(100005978,'0d1cdc5c1291f08086b434271587d583','2023-04-14 08:01:24',0),(100005979,'03f84a381471c765874c4f86529e973e','2023-04-14 10:01:25',0),(100005980,'55a1ae917f054dacc4e5022a49a4687c','2023-04-14 12:01:26',0),(100005981,'e3a3f427534088bc075aa4e1fe784b58','2023-04-14 14:01:27',0),(100005982,'3af75ff1961b87658927a0f87c3cd9c3','2023-04-14 16:01:28',0),(100005983,'488660892ef80a4ef1f20ae0e620b0e1','2023-04-14 18:01:29',0),(100005984,'9e672c67edc972ff5116392331c3e69d','2023-04-14 20:01:30',0),(100005985,'c02ded23ea2b1b86663eea6219ecc1e9','2023-04-14 22:01:31',0),(100005986,'a5ad37b1b5e9c25f3d0a1ae6428c187f','2023-04-15 00:01:32',0),(100005987,'ce32b0352acc1bc44c601add7f711bc3','2023-04-15 02:01:33',0),(100005988,'34b19e9a4ddb99a56b339db912f6cf01','2023-04-15 04:01:34',0),(100005989,'518a0400be627cd5aa8c254fea20e78a','2023-04-15 06:01:35',0),(100005990,'9a7e5d266e88736a125a1e9011fa9e40','2023-04-15 08:01:36',0),(100005991,'d8a22c9d9248413d70c768d79985bb31','2023-04-15 10:01:37',0),(100005992,'602b3c6f8828f18c8f124784899e9218','2023-04-15 12:01:38',0),(100005993,'df9c48246cf2428faadd943c8bb7bd6d','2023-04-15 14:01:39',0),(100005994,'1031fed392537c282399aee32514f815','2023-04-15 16:01:40',0),(100005995,'403daa6fc2048b5319c9f01fffac484c','2023-04-15 18:01:41',0),(100005996,'4e0293ed5df9b282810026a159307322','2023-04-15 20:01:42',0),(100005997,'4d1805a0ac82159958a5ac91b07c9a85','2023-04-15 22:01:43',0),(100005998,'d05fe82a571830349da2b19496733bb3','2023-04-16 00:01:44',0),(100005999,'f22a430a90bd7bf89a6da998717334a5','2023-04-16 02:01:45',0),(100006000,'75102c4b721f8d96e5b46b0f06ba3567','2023-04-16 04:01:46',0),(100006001,'3827799df3eb5389f151dbd59db98413','2023-04-16 06:01:47',0),(100006002,'2366c3a436f95ddb3ffa884cca7c1f39','2023-04-16 08:01:48',0),(100006003,'66cb50cdd4d401e7d4294596d0379253','2023-04-16 10:01:49',0),(100006004,'4e95a54d0a452b14087c3c42185eff2d','2023-04-16 12:01:50',0),(100006005,'5ecfcde5315fecde93fdac52d7be911b','2023-04-16 14:01:51',0),(100006006,'0159bdee5ace105482989775c591f1af','2023-04-16 16:01:52',0),(100006007,'37d3f1a09a51ff71a308130cb016eff9','2023-04-16 18:01:53',0),(100006008,'646b83da624a0f52687e558c34a32d78','2023-04-16 20:01:54',0),(100006009,'a636e0896809462cc2c6822e769aaf30','2023-04-16 22:01:55',0),(100006010,'2474a869e5354ba9393b0d886970e657','2023-04-17 00:01:56',0),(100006011,'fb462e0e6965b6554a207fb1ef816e9c','2023-04-17 02:01:57',0),(100006012,'1c74d61f0435ab579078c5d059858409','2023-04-17 04:01:58',0),(100006013,'9f74396cd0a78a9cfde811fe7aa5dd25','2023-04-17 06:01:59',0),(100006014,'ba776e8151489b7a1d6cbc30dd88174b','2023-04-17 08:02:00',0),(100006015,'56c3fe5a1efd5c4351fba0dc4ddc7ecf','2023-04-17 10:02:01',0),(100006016,'dc27e789a3eda010588ee9afde07a1c5','2023-04-17 12:02:02',0),(100006017,'31f4b53deb3c4cd8c3ebba7501eb667b','2023-04-17 14:02:03',0),(100006018,'d1886c4557d59cc8a4b05a3b2253f131','2023-04-17 16:02:04',0),(100006019,'fc6eeaa6ee8c93e14b467635a282ae52','2023-04-17 18:02:05',0),(100006020,'d48ba29b87c82aab46eadf16e74415bf','2023-04-17 20:02:06',0),(100006021,'33b30dfd86ca60d731c07a419b3eaefb','2023-04-17 22:02:07',0),(100006022,'b96a4064cf1cf5458d54152c4c18bfed','2023-04-18 00:02:08',0),(100006023,'a3ec987336d1d045cf4216effadcce73','2023-04-18 02:02:09',0),(100006024,'fde87bdf14d50a27064a07b23fbc17fd','2023-04-18 04:02:10',0),(100006025,'c25f6e71a5b9fd7935f2a96bd05e82fb','2023-04-18 06:02:11',0),(100006026,'21c1d66021db7cd6a1ee6d7914076933','2023-04-18 08:02:12',0),(100006027,'5c74fe10694b31a514354965530a04b6','2023-04-18 10:02:13',0),(100006028,'c93699b578ccf1c27e1281202ce94339','2023-04-18 12:02:14',0),(100006029,'0a9b8ea33fcf276c71c20a349806f4e1','2023-04-18 14:02:15',0),(100006030,'ceefb34a22a6b98d17ed396a8bfd9448','2023-04-18 16:02:16',0),(100006031,'49cb1fcf11486c48b1dc01fb8126fcd3','2023-04-18 18:02:17',0),(100006032,'22cfc86e6d0e71696e4861f6388c44e5','2023-04-18 20:02:18',0),(100006033,'0fe632397ba792de4a0d22af6271fd65','2023-04-18 22:02:19',0),(100006034,'34d7743411bc5c78ed034701d70802d9','2023-04-19 00:02:20',0),(100006035,'5b8792f0f53205178b70c7562a44dcbe','2023-04-19 02:02:21',0),(100006036,'a3d3e5627ab107ef6636006f5e7b94cd','2023-04-19 04:02:22',0),(100006037,'0491c06c79a0a37fd926fabd505acb21','2023-04-19 06:02:23',0),(100006038,'e70c5fb96195eb86b599aafadfe64aac','2023-04-19 08:02:24',0),(100006039,'88dd9d5608d7b5a588dfeaa7d28ece89','2023-04-19 10:02:25',0),(100006040,'86b77a16b959355f23a24aa34114493c','2023-04-19 12:02:26',0),(100006041,'de126845d1b1ef0c9087a98da6346606','2023-04-19 14:02:27',0),(100006042,'5be59206794238b4082997c1711da95a','2023-04-19 16:02:28',0),(100006043,'27bd3a4233147382e90cfea3dc9ee9f3','2023-04-19 18:02:29',0),(100006044,'8b8350d49f0b15d4246cc253b2bfb1a7','2023-04-19 20:02:30',0),(100006045,'2f9ed9477ed4adfda07df6d21c273844','2023-04-19 22:02:31',0),(100006046,'35f97f972cd68d88bfda503c10724e12','2023-04-20 00:02:32',0),(100006047,'93f3945140cef9487397d452b7ea0de6','2023-04-20 02:02:33',0),(100006048,'d1de42e584e9d2f84d6c8ddf987870ed','2023-04-20 04:02:34',0),(100006049,'5edb2ff1665b004c54aef8d56731b391','2023-04-20 06:02:35',0),(100006050,'0d02be76903838383bf0cf5be699d2d6','2023-04-20 08:02:36',0),(100006051,'dec35994ba66c0fdf5f2d6079a66a28f','2023-04-20 10:02:37',0),(100006052,'dbcf7529ae501ee3ac716574d5fd1138','2023-04-20 12:02:38',0),(100006053,'7928e4d41f2a6db4db4df0e27dfe87c5','2023-04-20 14:02:39',0),(100006054,'1ca0fcdb114731af1adf78241639137f','2023-04-20 16:02:40',0),(100006055,'563b264d4dfe84dedde1b8748d26d14a','2023-04-20 18:02:41',0),(100006056,'93af755f78ca6d66812060ad382b3868','2023-04-20 20:02:42',0),(100006057,'ef5548f0867ccabbb0e23c1a9b99cc00','2023-04-20 22:02:43',0),(100006058,'aecb7604d04be8500f08bae456e575f6','2023-04-21 00:02:44',0),(100006059,'a52283d38037845c58ebd06a44720a4f','2023-04-21 02:02:45',0),(100006060,'a771cfff345375d308270b7c57524654','2023-04-21 04:02:46',0),(100006061,'8de565703554c22a839b04e2fc141c25','2023-04-21 06:02:47',0),(100006062,'5cb4879acac61311afa3ef22d900b2af','2023-04-21 08:02:48',0),(100006063,'aa652c8b6a05e3e865150b7fc9d8818b','2023-04-21 10:02:49',0),(100006064,'eaa63076d0d8b3373d272069ebf7f42d','2023-04-21 12:02:50',0),(100006065,'6345c392ba01fde3535e18bb7626a4d6','2023-04-21 14:02:51',0),(100006066,'6e1a119841dfdd23f05dfd9aa377c7d8','2023-04-21 16:02:52',0),(100006067,'a8fd7a3fbf1b9586853bececed1e7612','2023-04-21 18:02:53',0),(100006068,'1155e00db87ebd78f2997172dbe62e12','2023-04-21 20:02:54',0),(100006069,'09be88909a8de94f9e07c9d3ed30e2e2','2023-04-21 22:02:55',0),(100006070,'e69a850d7a948afb3028bdd88e5e9610','2023-04-22 00:02:56',0),(100006071,'5ff5fc5dd1a9b65632dcbe0da1e25e47','2023-04-22 02:02:57',0),(100006072,'e79d6d929a99270ca01bb22c00e95858','2023-04-22 04:02:58',0),(100006073,'0d5dae495e7c075e13280e744c7bd081','2023-04-22 06:02:59',0),(100006074,'f38c0ce28e6042574061d1b93f65ae91','2023-04-22 08:03:00',0),(100006075,'e1f10a2883684392f43a643a7e9b7043','2023-04-22 10:03:01',0),(100006076,'cc8574d03c43f33433341869c3008908','2023-04-22 12:03:02',0),(100006077,'22037585ebc39d48c2582ebb55330b6a','2023-04-22 14:03:03',0),(100006078,'b4a472158c8ee1be83defd706839dd58','2023-04-22 16:03:04',0),(100006079,'0ea5e03575ebd73a90463fa9d45ae311','2023-04-22 18:03:05',0),(100006080,'79db19331b807a43f5f2dbbfdc4ee97c','2023-04-22 20:03:06',0),(100006081,'e6d41dbb7f45abdb2bd408ff0904cf77','2023-04-22 22:03:07',0),(100006082,'0cbc99f374d0cd569317e3c875b1655f','2023-04-23 00:03:08',0),(100006083,'d226afce1a4518dd0697775daea6a563','2023-04-23 02:03:09',0),(100006084,'11ca40ece8d3f036472d6e3c73d474c8','2023-04-23 04:03:10',0),(100006085,'2f2158b3dabab5f3591129d278b67881','2023-04-23 06:03:11',0),(100006086,'2046902f68f3a227dca81bf5c3803578','2023-04-23 08:03:12',0),(100006087,'25ae0f2fc412972571e154a6d195c28c','2023-04-23 10:03:13',0),(100006088,'12574afe11f6738200da8d06be151061','2023-04-23 12:03:14',0),(100006089,'39e25cd85483a9443ddc6d16de148d93','2023-04-23 14:03:15',0),(100006090,'933cb5b5cf8177c1100eef6deab35484','2023-04-23 16:03:16',0),(100006091,'70a018e169604bce012e64462e9bc90c','2023-04-23 18:03:17',0),(100006092,'3f4172bd81962111ac36aff3acf0bcb0','2023-04-23 20:03:18',0),(100006093,'b7d446eefdbf11b8661b80ca49f0c8a5','2023-04-23 22:03:19',0),(100006094,'083c297c3de6396dad509f8018ac403d','2023-04-24 00:03:20',0),(100006095,'09f84cdbb6af748becb6d78607c5a1a1','2023-04-24 02:03:21',0),(100006096,'3979facdf4a8e254070af3eabbf92f8b','2023-04-24 04:03:22',0),(100006097,'b22a9e959efb3e9bfab8341aa4670401','2023-04-24 06:03:23',0),(100006098,'9e2c5299d7f2f5b9b26f656bb26b5479','2023-04-24 08:03:24',0),(100006099,'d5266caf163e4fe87b2a5fbb41149333','2023-04-24 10:03:25',0),(100006100,'a684460fb1f145e43b1e69d8425a3f40','2023-04-24 12:03:26',0),(100006101,'131fa4b16369a10b09ae0978d2be6988','2023-04-24 14:03:27',0),(100006102,'dcc5fe94bdde6818bb02a877c5202a83','2023-04-24 16:03:28',0),(100006103,'f9eb337125812fd288fea1057e0dee0d','2023-04-24 18:03:29',0),(100006104,'ff074cac723eeec14e67f003fe15bb66','2023-04-24 20:03:30',0),(100006105,'31ec381cb3b64551bc9ebc1042a036a7','2023-04-24 22:03:31',0),(100006106,'eded922025608bd200fbb2477449012b','2023-04-25 00:03:32',0),(100006107,'6077a77014d4db3a88bbe77f671c733f','2023-04-25 02:03:33',0),(100006108,'aeceafa92e5717761a87a4333abb85e4','2023-04-25 04:03:34',0),(100006109,'dd2c86a8407286398cb366b9150e6a91','2023-04-25 06:03:35',0),(100006110,'b37cfce7b6c80cf7a987ee1343ac3cd3','2023-04-25 08:03:36',0),(100006111,'469e76b8879eebc43a2bcf57c94d096c','2023-04-25 10:03:37',0),(100006112,'6b4da4d4250057383cd42f7146180033','2023-04-25 12:03:38',0),(100006113,'ec4e59266998e756b44c8df37f7c4c2c','2023-04-25 14:03:39',0),(100006114,'d350c4baecb67dc8d7eed34f15604510','2023-04-25 16:03:40',0),(100006115,'876d19171235982d7bd6cd7e30699592','2023-04-25 18:03:41',0),(100006116,'9d7f34fbea04de63b0acdfb874f3ef59','2023-04-25 20:03:42',0),(100006117,'217b0fdd812a4a2b75d6bab03f8134f2','2023-04-25 22:03:43',0),(100006118,'69691ec7749477066e4ba5dd85a5f88b','2023-04-26 00:03:44',0),(100006119,'466997c4c2b738f9cb534c20bac35d23','2023-04-26 02:03:45',0),(100006120,'3b73735cbae2b6dc9560deb8e46521da','2023-04-26 04:03:46',0),(100006121,'12927aa5a4cc69cef29d2ee86fbd39b2','2023-04-26 06:03:47',0),(100006122,'b333789f2c9d8d7a9905f99921d1c7c6','2023-04-26 08:03:48',0),(100006123,'c6d0023d54bebd18f4f26b8a1d3aa938','2023-04-26 10:03:49',0),(100006124,'761bad2c4c21fd264412594b0e4073bc','2023-04-26 12:03:50',0),(100006125,'3a4be0b4e644472f64583b85f5e85430','2023-04-26 14:03:51',0),(100006126,'d1b66e92d1eb709252e92d448c1ba51f','2023-04-26 16:03:52',0),(100006127,'e74e8e1e679630f1fa7207c63dbd7517','2023-04-26 18:03:53',0),(100006128,'a8497a9712831a5cb2dfd9b0f67adc59','2023-04-26 20:03:54',0),(100006129,'fe2262a10ee96e4c1842642d803c26bf','2023-04-26 22:03:55',0),(100006130,'ba9e870d69386bd19d780abadcc30dfd','2023-04-27 00:03:56',0),(100006131,'8607ca7e582fa6454a5d62c46d1ddb27','2023-04-27 02:03:57',0),(100006132,'92c13c2110f01b4b6d254d8571d2c48c','2023-04-27 04:03:58',0),(100006133,'07a46996caf3d29ad1f97d9237620440','2023-04-27 06:03:59',0),(100006134,'50b04e2fc8ae88fe410c6add7e2e331f','2023-04-27 08:04:00',0),(100006135,'574f1f4206c8a1e04ae8c06f6880f050','2023-04-27 10:04:01',0),(100006136,'2f383414359040afa17127aca6aebefa','2023-04-27 12:04:02',0),(100006137,'a513e7bd84fcb149152930b34f9f646a','2023-04-27 14:04:03',0),(100006138,'18ae710d958f7bacfd5207fc68c096dd','2023-04-27 16:04:04',0),(100006139,'d4588c72efd6aecd8dad2aab0c405245','2023-04-27 18:04:05',0),(100006140,'7498662065a45e0f22dc3c31dd91ca3a','2023-04-27 20:04:06',0),(100006141,'cf0feda0bffbdaef0aad26bc96706127','2023-04-27 22:04:07',0),(100006142,'f80e44d34a7b426036f896981acc6c97','2023-04-28 00:04:08',0),(100006143,'43a5cc79f8a80f8792fd6b3e68258628','2023-04-28 02:04:09',0),(100006144,'41c72b6b4cdc37ca08327c609106395e','2023-04-28 04:04:10',0),(100006145,'76cc52235a8e7020ae1c9b1baa464d4b','2023-04-28 06:04:11',0),(100006146,'e217ecbe9aa618442fce74d23edecd01','2023-04-28 08:04:12',0),(100006147,'bfd0b59fafaaf883a6aa032618d08db9','2023-04-28 10:04:13',0),(100006148,'900d8ed283c7a4ba589b66298f809fe3','2023-04-28 12:04:14',0),(100006149,'24a1e75e61447b415c556bb91beec08e','2023-04-28 14:04:15',0),(100006150,'c738d4e46abd8f19e05df2f2a8084988','2023-04-28 16:04:16',0),(100006151,'a7d247fcad62b5948b3c49fc2bf654cd','2023-04-28 18:04:17',0),(100006152,'aeeb769428f30929985cff5982845e4c','2023-04-28 20:04:18',0),(100006153,'513d68216626c4e78283afbf36b35248','2023-04-28 22:04:19',0),(100006154,'192a41306c7ffa6115ef67004018774c','2023-04-29 00:04:20',0),(100006155,'f7318ff8b0370102a85fccf6d6c00db6','2023-04-29 02:04:21',0),(100006156,'84648978c38a4a46ac43cd024e77764c','2023-04-29 04:04:22',0),(100006157,'54679bca00f5749423a04b93212fbd19','2023-04-29 06:04:23',0),(100006158,'7363efc4170a12be9cf9163d5296ea41','2023-04-29 08:04:24',0),(100006159,'fc73d5c0addf23b91e06261b38a7dc45','2023-04-29 10:04:25',0),(100006160,'3c5116246fdefb310e7af799eb6b8cde','2023-04-29 12:04:26',0),(100006161,'bce539bd55fdcb197ff5488438fba9d4','2023-04-29 14:04:27',0),(100006162,'f80021576ba6534a2e10ef8c01bb7cef','2023-04-29 16:04:28',0),(100006163,'7e19d00dc7b72ae6368a57b82fafdfb6','2023-04-29 18:04:29',0),(100006164,'02fde27c64011d17b6faa3d595b8239b','2023-04-29 20:04:30',0),(100006165,'2ae5219dd9f8a8bc600305364d79f573','2023-04-29 22:04:31',0),(100006166,'73529c6e89939ef0983e6e73b4c3dbf6','2023-04-30 00:04:32',0),(100006167,'343c9c934bbb063d73eb3e272c3078c1','2023-04-30 02:04:33',0),(100006168,'fe8397c3d01032339492d7ca9a767545','2023-04-30 04:04:34',0),(100006169,'60838809b49450c71770ab7cb00a7728','2023-04-30 06:04:35',0),(100006170,'884425dd784a9490ed1d1e0469734187','2023-04-30 08:04:36',0),(100006171,'e68b43cfa45b8577034bfaad576ea590','2023-04-30 10:04:37',0),(100006172,'72c0a3ac0cefb462816f0a3bc30252ba','2023-04-30 12:04:38',0),(100006173,'2489f77cec82bbf13cd886d4d0d0328d','2023-04-30 14:04:39',0),(100006174,'412ba2104fe5f7c98e3a55882d852f5d','2023-04-30 16:04:40',0),(100006175,'5e60c2ce6b279ac9f3ad1c92873103ec','2023-04-30 18:04:41',0),(100006176,'00d5c0e6492257a9f86203417071bbb6','2023-04-30 20:04:42',0),(100006177,'051dbe181bf9b989acbc791d40d22ffe','2023-04-30 22:04:43',0),(100006178,'4b3702a7add17b95fae33d97888de061','2023-05-01 00:04:44',0),(100006179,'58f11ef86fafd7f391e0766b90e6a608','2023-05-01 02:04:45',0),(100006180,'cb55b881ba03b6bf5065c729f67f0440','2023-05-01 04:04:46',0),(100006181,'fa613d779e4e7dc5992cde94cc1b8462','2023-05-01 06:04:47',0),(100006182,'4eb62bf4ccee8cdd571d1747c5965249','2023-05-01 08:04:48',0),(100006183,'e8ffb484b3990c14bcb5e123ce1675aa','2023-05-01 10:04:49',0),(100006184,'a6f53dcc6676bf65715ea8f9ebe22586','2023-05-01 12:04:50',0),(100006185,'a832c2e597a7dec7c1abfab5c766e988','2023-05-01 14:04:51',0),(100006186,'f214d7941d0a12bc9e358882edce3e7a','2023-05-01 16:04:52',0),(100006187,'448490bfcc7c1a5883c67ecd613b8186','2023-05-01 18:04:53',0),(100006188,'5b27a386fde3b229dd2bb4da17489a0e','2023-05-01 20:04:54',0),(100006189,'bcf29ba7df3082cead99bd54830ce75f','2023-05-01 22:04:55',0),(100006190,'60dc2c05ad8b49aca167776de3a9f12c','2023-05-02 00:04:56',0),(100006191,'d9e8788c480c7053ce11127433762dc0','2023-05-02 02:04:57',0),(100006192,'d7ba4a74dfd49da0b6b7d8bc8ed90938','2023-05-02 04:04:58',0),(100006193,'f4ce9f2cb180e2ee086e14962415a771','2023-05-02 06:04:59',0),(100006194,'4ceb5bdc69ad74096ec4417419e2fa5d','2023-05-02 08:05:00',0),(100006195,'2148d9025ee5456cb5ae14fa626294f0','2023-05-02 10:05:01',0),(100006196,'628f34ecc4c5d6d4f3435aab30e8d016','2023-05-02 12:05:02',0),(100006197,'8f5be64b7b45630f475f44b197383f38','2023-05-02 14:05:03',0),(100006198,'f347b0a67755a86ea025470bf1ab13aa','2023-05-02 16:05:04',0),(100006199,'d188f9be46f81c2e920cc09db6e21ba0','2023-05-02 18:05:05',0),(100006200,'dc4e8390a3155dcb5eb4070b1edc5a99','2023-05-02 20:05:06',0),(100006201,'69361b6923191d5c2f7bb55a3ba9d2e6','2023-05-02 22:05:07',0),(100006202,'6064dde56d0e5be62f74df4e05069ed4','2023-05-03 00:05:08',0),(100006203,'0ed0d3f342ec4778ba66c44710a77224','2023-05-03 02:05:09',0),(100006204,'c54fb625c91ff647e04eee6a883915d7','2023-05-03 04:05:10',0),(100006205,'f05d911d2f4c5a7b839d5c0e9332e010','2023-05-03 06:05:11',0),(100006206,'d08db4a964ed02c39ba386fbe64dad71','2023-05-03 08:05:12',0),(100006207,'3b83627efa68748607b70567c0476c46','2023-05-03 10:05:13',0),(100006208,'0124540e407bccda21fc5111cc28bf46','2023-05-03 12:05:14',0),(100006209,'4cc14347a67e6c1d3a926fc215f4d975','2023-05-03 14:05:15',0),(100006210,'9340299bf06643b8e18c456338116b5d','2023-05-03 16:05:16',0),(100006211,'6c0d1c2c003d1798c7d632777fb13a2d','2023-05-03 18:05:17',0),(100006212,'b817e78069a9d4825707a596c799180e','2023-05-03 20:05:18',0),(100006213,'f0a76a5b04fada4aa9b159d82efe32f2','2023-05-03 22:05:19',0),(100006214,'1a755edb5b98f735ca8f7374a02ff3b2','2023-05-04 00:05:20',0),(100006215,'f1cf9b0e2a62e812b64cc3155f1cf909','2023-05-04 02:05:21',0),(100006216,'01acb016a9dbe137cada989bc1bf657e','2023-05-04 04:05:22',0),(100006217,'a1caa1bad220369617f72a9a18a11a0d','2023-05-04 06:05:23',0),(100006218,'2b9b894682d3e8acbedc96db44ab1117','2023-05-04 08:05:24',0),(100006219,'1bc701a4eeedb9be1e56a85378891fec','2023-05-04 10:05:25',0),(100006220,'5c3f45e1327e366f0a1ef73a74142cc2','2023-05-04 12:05:26',0),(100006221,'31dd076a3d41538a493e821e9b743809','2023-05-04 14:05:27',0),(100006222,'b6620f849622316e44019caac5515193','2023-05-04 16:05:28',0),(100006223,'a31b28cc41a79276b668e1478fe9eb09','2023-05-04 18:05:29',0),(100006224,'5d2cbb536d54e5ba70ea8ce7a9c91dc6','2023-05-04 20:05:30',0),(100006225,'d9eb8954326aac8af2ecd9f7fb8f197a','2023-05-04 22:05:31',0),(100006226,'b9d94f61235d6c5f368721f61eb87319','2023-05-05 00:05:32',0),(100006227,'ec64a4379c4580cb6ab5ce46cf6693bf','2023-05-05 02:05:33',0),(100006228,'1f0c4eba14c79ffe3eb4cdeca0430b3d','2023-05-05 04:05:34',0),(100006229,'9a3c366aaa8e19d5e38637dba57e3f5c','2023-05-05 06:05:35',0),(100006230,'ba8be027f06562fe420c780bdb974706','2023-05-05 08:05:36',0),(100006231,'02fd7ce2473053d5293f1bfa96780100','2023-05-05 10:05:37',0),(100006232,'c9e7766de25b93cdd4ac5d2ad68fa64e','2023-05-05 12:05:38',0),(100006233,'ef916fc37c789cc670fdc317576c3086','2023-05-05 14:05:39',0),(100006234,'113ffef35b9501725458d0aefe16db17','2023-05-05 16:05:40',0),(100006235,'cb8ee17c38178d501f0da57f64a9a52f','2023-05-05 18:05:41',0),(100006236,'6d32cad0131866dfacb0cb58ed2c4612','2023-05-05 20:05:42',0),(100006237,'6c2397a7524b811ce328697b28c5521d','2023-05-05 22:05:43',0),(100006238,'cc7cddb9add507e5f594eee84f560872','2023-05-06 00:05:44',0),(100006239,'7f44e2f8a328bf9412b297a369a3efc2','2023-05-06 02:05:45',0),(100006240,'b889ae9ac4695950c390fd9318b95789','2023-05-06 04:05:46',0),(100006241,'807155ae0eecdc6ad75846494c0f1b8b','2023-05-06 06:05:47',0),(100006242,'72320d4848f244a977ed708b1ed91bbb','2023-05-06 08:05:48',0),(100006243,'0d833be6021a5a9f6f9c0dd5f41fa9d2','2023-05-06 10:05:49',0),(100006244,'5df5c01385c2385365240e91cefd4c43','2023-05-06 12:05:50',0),(100006245,'b8d209d2fffaa7fb3366f5c5a390e571','2023-05-06 14:05:51',0),(100006246,'60efb7bde8450c8705f742ab59d02364','2023-05-06 16:05:52',0),(100006247,'3bfcf9c180ce67c033c9d04ed2572ad9','2023-05-06 18:05:53',0),(100006248,'ce945fd081389fe66f1a7795ac48f6a7','2023-05-06 20:05:54',0),(100006249,'12b9f6536e50e577b46bd2b9713b82e1','2023-05-06 22:05:55',0),(100006250,'abe75339bf52c9dfb339a721b5a4c178','2023-05-07 00:05:56',0),(100006251,'27c0358d7dec0de3e9635c64cfce919a','2023-05-07 02:05:57',0),(100006252,'adf11b05ab418860522c25629bb99308','2023-05-07 04:05:58',0),(100006253,'6e2bcda04729e2900ec0246c9ee406c5','2023-05-07 06:05:59',0),(100006254,'139cd949fe5094426a791c231e157347','2023-05-07 08:06:00',0),(100006255,'3c99dee2afb69182438f51452d55dda9','2023-05-07 10:06:01',0),(100006256,'b8d2865e8629f4a07640613c7f7b1d7c','2023-05-07 12:06:02',0),(100006257,'5c68c030490536a7361b6bba4012a25b','2023-05-07 14:06:03',0),(100006258,'6ebabc14081a98ee1602548d1e44dfe3','2023-05-07 16:06:04',0),(100006259,'093d86abc481c93d1f665d075ff93de8','2023-05-07 18:06:05',0),(100006260,'dc3f8ab5a8a2effc151a7259f4d4c4e1','2023-05-07 20:06:06',0),(100006261,'0473011e6ab5307dcce0edb98601ae9d','2023-05-07 22:06:07',0),(100006262,'41af3692a86fac5d21d39f38d0a23daf','2023-05-08 00:06:08',0),(100006263,'7ada23255eac090907314d5139093fe6','2023-05-08 02:06:09',0),(100006264,'790324751a0771a9e6839cf5b5d4d68b','2023-05-08 04:06:10',0),(100006265,'8832a587623dcd6c35dbc12ea2b2af42','2023-05-08 06:06:11',0),(100006266,'9b8f005ae839cc66700c5c5c94f34596','2023-05-08 08:06:12',0),(100006267,'b262eccb7623c8c1090d1bffb103e6d3','2023-05-08 10:06:13',0),(100006268,'a4fd98fc79770efc4ecd332bb90d5f0c','2023-05-08 12:06:14',0),(100006269,'c7de3e6a553ad004d69252dca919332f','2023-05-08 14:06:15',0),(100006270,'183ce0a41f0952f0748a7fae3d5281fe','2023-05-08 16:06:16',0),(100006271,'fe76648dc5400aefc608fbab667c8f6c','2023-05-08 18:06:17',0),(100006272,'9ee396f67b690614092620bbdeed3374','2023-05-08 20:06:18',0),(100006273,'40dadb87426ec2defe62827d5ef82511','2023-05-08 22:06:19',0),(100006274,'729eeddc136b101a2a73f6b68478d54c','2023-05-09 00:06:20',0),(100006275,'8482d7829ac77cea3616a5e565931f64','2023-05-09 02:06:21',0),(100006276,'22979ffbaaa3e78ae30e91fb1c765a4d','2023-05-09 04:06:22',0),(100006277,'237698f665e4393a6cc12477fbd58cc4','2023-05-09 06:06:23',0),(100006278,'ec029fd9e4258fd1766ab0a61dd1b221','2023-05-09 08:06:24',0),(100006279,'626e691f1398c49a59ff6053f0ac7318','2023-05-09 10:06:25',0),(100006280,'4d4d5dd6f79d83e182ccd701b2b86535','2023-05-09 12:06:26',0),(100006281,'1c7d24d119aac5ce0328c9901729ca1a','2023-05-09 14:06:27',0),(100006282,'8f81531e239fd96c00f00e06b51a010c','2023-05-09 16:06:28',0),(100006283,'eae10ba0dc8093243bb0be0ea8c323b5','2023-05-09 18:06:29',0),(100006284,'ccb46737f647a7fd2fb16038296f9795','2023-05-09 20:06:30',0),(100006285,'e93fa1f5c28a9c75d881ddff610578e1','2023-05-09 22:06:31',0),(100006286,'13430ebf20036df203b6b686e024cdc4','2023-05-10 00:06:32',0),(100006287,'3466044113c392d3dc6a3280064c7c23','2023-05-10 02:06:33',0),(100006288,'0ce20cf10d8b54d17b4f2218002b7894','2023-05-10 04:06:34',0),(100006289,'c28a90c18e15dc9ea3809cb336d65313','2023-05-10 06:06:35',0),(100006290,'1378373ccb44d6a774afb1e17192f4cb','2023-05-10 08:06:36',0),(100006291,'22074c31e81941e6453a52a7dc0319d5','2023-05-10 10:06:37',0),(100006292,'f7feda37a65f7ae4b441db18cb445306','2023-05-10 12:06:38',0),(100006293,'0db59e5536ebd315affbbeeda7ed6d2f','2023-05-10 14:06:39',0),(100006294,'021856c4da92f5870a1eb2205e5c6e23','2023-05-10 16:06:40',0),(100006295,'2d816ad1a99f94c1f4efc3a4ce518afa','2023-05-10 18:06:41',0),(100006296,'25e947a60d7e77349e7924f036de516c','2023-05-10 20:06:42',0),(100006297,'fb97b0566768665f58dd5bb93726558f','2023-05-10 22:06:43',0),(100006298,'8775beea512940ed47ee26d973b836c6','2023-05-11 00:06:44',0),(100006299,'103252f494da94b9951867783ac10ed9','2023-05-11 02:06:45',0),(100006300,'f75fe773b20c0d16263e267363f5b492','2023-05-11 04:06:46',0),(100006301,'809973bd012c4e909f4487129d49561f','2023-05-11 06:06:47',0),(100006302,'9194e2916221523f440d87c9e6421ced','2023-05-11 08:06:48',0),(100006303,'a8942d4fa99088579cf90c4844a40edd','2023-05-11 10:06:49',0),(100006304,'e8307fc5dc004e4f2430e6551cdcbc0b','2023-05-11 12:06:50',0),(100006305,'3aa1bd6dfcbb4dabebee243f4cbdc244','2023-05-11 14:06:51',0),(100006306,'cfdac7bc9a2989ebdaadc611a056fce3','2023-05-11 16:06:52',0),(100006307,'ece6f1fac2c8d57820f57ab49897eef1','2023-05-11 18:06:53',0),(100006308,'96a3c83acb2c3a75568bc9d34f44b48d','2023-05-11 20:06:54',0),(100006309,'459c9de5937cbbd66a9fb5583e146915','2023-05-11 22:06:55',0),(100006310,'8c1f332bc9a2047e36f8ab8d99cef696','2023-05-12 00:06:56',0),(100006311,'297de08d9ed5c12b1eb542f45dd79edd','2023-05-12 02:06:57',0),(100006312,'38d83fb39f8a4d8ae0f79588f765c6ff','2023-05-12 04:06:58',0),(100006313,'bf41bd3bcddf7aaac367f6a494eb5bc1','2023-05-12 06:06:59',0),(100006314,'2b5e682b5e45ce63cc31bdadde4d4e62','2023-05-12 08:07:00',0),(100006315,'7b2727d543f5fe8615a7c7aacd28cf53','2023-05-12 10:07:01',0),(100006316,'70afa5bd5581548f7fa0734b81e4a878','2023-05-12 12:07:02',0),(100006317,'ec263e3cbd7e73bc674f19c83d2ec8a9','2023-05-12 14:07:03',0),(100006318,'31cf7399a9ac8de127919025a93c2d99','2023-05-12 16:07:04',0),(100006319,'c0736d825759731f296f58cd05317659','2023-05-12 18:07:05',0),(100006320,'62284d5cd11db6dc4014265ab8e81a9f','2023-05-12 20:07:06',0),(100006321,'55e332ca2cdde301d726f72140cc91bf','2023-05-12 22:07:07',0),(100006322,'ee38cd314c97eeb614841149d2881d35','2023-05-13 00:07:08',0),(100006323,'46c62ad6475aa0415f01c58448674d13','2023-05-13 02:07:09',0),(100006324,'b9e723da334027df605140c98c592026','2023-05-13 04:07:10',0),(100006325,'5ba9a9e553218e2554afbdee2c7a476d','2023-05-13 06:07:11',0),(100006326,'27e05904effa9d98cc75f76151bcbe62','2023-05-13 08:07:12',0),(100006327,'f22871f9b9ca958ab64cde16e3a59d83','2023-05-13 10:07:13',0),(100006328,'d51fdcf503a58ac6a0332ad4b756fbb9','2023-05-13 12:07:14',0),(100006329,'86e09c6499c79f526f6e6bf57410bf59','2023-05-13 14:07:15',0),(100006330,'53a26c02d20bd21f22a43267a9828dc0','2023-05-13 16:07:16',0),(100006331,'9044dd5fbedf4b12107523229a4ca9fd','2023-05-13 18:07:17',0),(100006332,'01e6781e4bd5c337f5bab94570e44c6d','2023-05-13 20:07:18',0),(100006333,'48db68b2139f9f44176c3ab5f617ccac','2023-05-13 22:07:19',0),(100006334,'84cb6536adde5a4caa631a2cd46a91df','2023-05-14 00:07:20',0),(100006335,'98056bd52f83843cccde2d1421b53f8b','2023-05-14 02:07:21',0),(100006336,'3c2f5fc2acd1b8686f27fcfd93936dd2','2023-05-14 04:07:22',0),(100006337,'da353f729ffd31b448f08714f524c1d1','2023-05-14 06:07:23',0),(100006338,'a8765faf7cd9d81372655346f5be64fd','2023-05-14 08:07:24',0),(100006339,'a4a66a0e6b6d1d7847edcce190662377','2023-05-14 10:07:25',0),(100006340,'18f5ad108a4390f4abeb49842ef3c6b9','2023-05-14 12:07:26',0),(100006341,'67c64e53d6ca054e477378e1b18b90c9','2023-05-14 14:07:27',0),(100006342,'d34374ce17eae889718f9b6520e79c0e','2023-05-14 16:07:28',0),(100006343,'2864bedd3301ae35bb4232c5fd34ce2e','2023-05-14 18:07:29',0),(100006344,'a5be47654c78c82a5a16985a434ba6d6','2023-05-14 20:07:30',0),(100006345,'5c17b3f096ea65f6273abd3d9c96e4f8','2023-05-14 22:07:31',0),(100006346,'94e4080f596c4ff95bb8060a52aa5aa1','2023-05-15 00:07:32',0),(100006347,'306ed64aab647b014f0bedf7f0b73ee4','2023-05-15 02:07:33',0),(100006348,'60881e41acb77c8fb9e39de0491f19a2','2023-05-15 04:07:34',0),(100006349,'af1b5a244756228c6c4688862b4cf376','2023-05-15 06:07:35',0),(100006350,'065c61fdf3e781a81ffdf4e7ab558cff','2023-05-15 08:07:36',0),(100006351,'42cf3aa2632281504968a903df650e72','2023-05-15 10:07:37',0),(100006352,'f230ff773f73180931118e3133ebfd1c','2023-05-15 12:07:38',0),(100006353,'0a73c62d9723dcb4780b25dbef1fe5e2','2023-05-15 14:07:39',0),(100006354,'a66ca79f644f02b228866b0305232073','2023-05-15 16:07:40',0),(100006355,'73025267bcad00b1369679d1c99d3bb0','2023-05-15 18:07:41',0),(100006356,'6db67067210fc08a2fd0b0fc0f455b89','2023-05-15 20:07:42',0),(100006357,'5d79c814d1c1b0388a4583d992e23092','2023-05-15 22:07:43',0),(100006358,'3eadc8ce5db72ae047041d9f25573ef1','2023-05-16 00:07:44',0),(100006359,'4786d4db06f86fb7a5f0b8d29b7e1b1f','2023-05-16 02:07:45',0),(100006360,'e83d1e67a3c37b6dede35a08aae2473c','2023-05-16 04:07:46',0),(100006361,'e066751fd325da5e5dbaad041ce90373','2023-05-16 06:07:47',0),(100006362,'c49d2bc8aa34ef77c20179a6ad001afb','2023-05-16 08:07:48',0),(100006363,'5cb60bfc13666a3d485b329fa9fe0362','2023-05-16 10:07:49',0),(100006364,'8b6be8495b54208a30b9b5d89780d891','2023-05-16 12:07:50',0),(100006365,'324801ed49a8d73ec00c9c54ac473c79','2023-05-16 14:07:51',0),(100006366,'fb222df3b2f364838de4e68a21ac992b','2023-05-16 16:07:52',0),(100006367,'496dd849723adc987fd528b5a99408ff','2023-05-16 18:07:53',0),(100006368,'bd0c0f5ea51efe99ab4608850a7f9dbb','2023-05-16 20:07:54',0),(100006369,'9e15fa1fd3ca03963ec0cb16f020bf85','2023-05-16 22:07:55',0),(100006370,'6fb3e0d5de568e9baac80a8976deb023','2023-05-17 00:07:56',0),(100006371,'61a174948aeb02e61552cd8b98d49644','2023-05-17 02:07:57',0),(100006372,'257131b922ab466d217acf664a6d474a','2023-05-17 04:07:58',0),(100006373,'3fd6d48486e75b1269d0cc045272bf8f','2023-05-17 06:07:59',0),(100006374,'fd5b52bc8e86a8b933e51d5770abe79a','2023-05-17 08:08:00',0),(100006375,'a8c4f6eff30e0a58e3efec5c24823343','2023-05-17 10:08:01',0),(100006376,'81a90ce4ac8ec693830cf99f9ed23c8b','2023-05-17 12:08:02',0),(100006377,'08a749274d4a15715536b7e1726b3b6b','2023-05-17 14:08:03',0),(100006378,'deeb88964146f0821f96bb4551d6c9e9','2023-05-17 16:08:04',0),(100006379,'550221c4b0042b6825525611fcb7a127','2023-05-17 18:08:05',0),(100006380,'476464659516468935b18dbc453d970d','2023-05-17 20:08:06',0),(100006381,'5cf8a3d6d13b2c508f24525393e61efd','2023-05-17 22:08:07',0),(100006382,'85438e6867b1d876a4acad1465b62b83','2023-05-18 00:08:08',0),(100006383,'7533a49701ac6769742610416fe90e70','2023-05-18 02:08:09',0),(100006384,'a35c3550aa55603c373fe132bb22dcad','2023-05-18 04:08:10',0),(100006385,'157a22e4ad4bf3697e9ec2b0530c8047','2023-05-18 06:08:11',0),(100006386,'25410fb08894b34c585497347523992e','2023-05-18 08:08:12',0),(100006387,'439a5a7ef5358ee865fc192e6c30efc1','2023-05-18 10:08:13',0),(100006388,'04508398e21891508288f9d64c250f1e','2023-05-18 12:08:14',0),(100006389,'d7c4021b120349a482b95fa9bf537deb','2023-05-18 14:08:15',0),(100006390,'6d816c841e672d8caec401e12a688f47','2023-05-18 16:08:16',0),(100006391,'4ca66349dcb9f226ffc702e85f1ba84e','2023-05-18 18:08:17',0),(100006392,'ebb488a43df5d4b8ffa3213ad29b8338','2023-05-18 20:08:18',0),(100006393,'db4a1efcadb2e9bfe2dba94f5f4c7d39','2023-05-18 22:08:19',0),(100006394,'61457b5935b6c5c06ed9747acdc4914d','2023-05-19 00:08:20',0),(100006395,'c8bff3ea6e54a35f8e70e27e38a62d39','2023-05-19 02:08:21',0),(100006396,'d871e6c7f0a6e74fea024427a6ee3381','2023-05-19 04:08:22',0),(100006397,'d8d256c6ecf3f8f240f49de802357ccc','2023-05-19 06:08:23',0),(100006398,'c11f322a253484c719933a876434e444','2023-05-19 08:08:24',0),(100006399,'bfa5960adba95617976f40a6b9616579','2023-05-19 10:08:25',0),(100006400,'7c2442e8877a48959b648e07d43edafb','2023-05-19 12:08:26',0),(100006401,'6cf85b1600a097df37f2505447ad2a8d','2023-05-19 14:08:27',0),(100006402,'c4fb04770733913ead0a768cd4f49416','2023-05-19 16:08:28',0),(100006403,'b3bd456e29c547383d97799ef64f9e1c','2023-05-19 18:08:29',0),(100006404,'f4935849bf02bb42a971ee42ab5f7fba','2023-05-19 20:08:30',0),(100006405,'648208f22b9ef9995960779af48c14ca','2023-05-19 22:08:31',0),(100006406,'975fc5cc5fb5e0c6e792be78a08c863c','2023-05-20 00:08:32',0),(100006407,'998ac0bb7e7202f7ddd9425497735917','2023-05-20 02:08:33',0),(100006408,'32870f5cc8f2ea9142ba04e82eceafe8','2023-05-20 04:08:34',0),(100006409,'acbbd182dea9db93f4b57b901595d4fa','2023-05-20 06:08:35',0),(100006410,'0c7907981c1163d2f52dac536198ed2b','2023-05-20 08:08:36',0),(100006411,'bea61e77dd603a957e6dee0247a52cc4','2023-05-20 10:08:37',0),(100006412,'4cca9c72a3bd756b202cf60996822f2d','2023-05-20 12:08:38',0),(100006413,'bc59d580dbdf4807fdb8a4107e0462e5','2023-05-20 14:08:39',0),(100006414,'ac975da484538440aff83f3ed46d22ba','2023-05-20 16:08:40',0),(100006415,'ddbc136e3c7c510e9fa4d5a3f581eaa9','2023-05-20 18:08:41',0),(100006416,'abcc794837e03bf1d0a9818d36eefb61','2023-05-20 20:08:42',0),(100006417,'c3bce0eace3c8076ec7416f60996de1a','2023-05-20 22:08:43',0),(100006418,'c9dda96f742a4b5589b4365cf2b7423b','2023-05-21 00:08:44',0),(100006419,'b8a3a0a78b8aeb43a0b19b70a8ac4b08','2023-05-21 02:08:45',0),(100006420,'93bafde19d219cd2059c565261e6dc87','2023-05-21 04:08:46',0),(100006421,'4bc47fad2b358273c09c90a8059b0b9d','2023-05-21 06:08:47',0),(100006422,'d7f14b696ba62395c0b7c09c9f9e10d1','2023-05-21 08:08:48',0),(100006423,'f830183a939e0691383298f3785a3041','2023-05-21 10:08:49',0),(100006424,'4f9befda67418330e02369b1639ca0f5','2023-05-21 12:08:50',0),(100006425,'7214759e4617f18102dabdf7edb250df','2023-05-21 14:08:51',0),(100006426,'e8653750dfa77fd6fa5bf23d925e966c','2023-05-21 16:08:52',0),(100006427,'923bb043a0e72f793f4c06554e590afc','2023-05-21 18:08:53',0),(100006428,'819a9375afe03845d1cbe925e83d6582','2023-05-21 20:08:54',0),(100006429,'1810406a8f2f5e7dff727200b2283f7b','2023-05-21 22:08:55',0),(100006430,'4c1b88897c66a0ac8defd99f2c8084b0','2023-05-22 00:08:56',0),(100006431,'7b09e99ceb96ff68117afbb43a96cf6a','2023-05-22 02:08:57',0),(100006432,'9f42ff9b2b99453a55ec71cc78d1181f','2023-05-22 04:08:58',0),(100006433,'56d179a2962725d1e198cd76696874a4','2023-05-22 06:08:59',0),(100006434,'6a41c4c73b58ca15142a0635cf1990dc','2023-05-22 08:09:00',0),(100006435,'4b475606ce2e850fc22991447b7dce39','2023-05-22 10:09:01',0),(100006436,'76734ca88b9ad00115b457a597ee621e','2023-05-22 12:09:02',0),(100006437,'166bd849c523ff9ec3d00ee5a8ee80ba','2023-05-22 14:09:03',0),(100006438,'ca12409e223f2c871cc67d685008b766','2023-05-22 16:09:04',0),(100006439,'077d0953c3c587823563e3ac8438ab3b','2023-05-22 18:09:05',0),(100006440,'859baede05d94fc601ec3acd4d47ba4a','2023-05-22 20:09:06',0),(100006441,'0f462da8ea44f93bcd82c07b283ee84e','2023-05-22 22:09:07',0),(100006442,'78f0b0a7ba43c1a5901dac4b73c1cf35','2023-05-23 00:09:08',0),(100006443,'04826abffdccccf64a23a920b853698b','2023-05-23 02:09:09',0),(100006444,'df741b55b91365e877f11567a70bd9a7','2023-05-23 04:09:10',0),(100006445,'70a02f0a7a4ece05d16c09ea53961d7d','2023-05-23 06:09:11',0),(100006446,'c7fae48b87f3935d52bf8f123e6c010d','2023-05-23 08:09:12',0),(100006447,'089ce84d7180e68b6153d949af90bfed','2023-05-23 10:09:13',0),(100006448,'0c8f73bad613644fbd429f00815fff32','2023-05-23 12:09:14',0),(100006449,'2293ff5c2c9d36ac9025aa6d201a7896','2023-05-23 14:09:15',0),(100006450,'fd18296cf4e28d4225e294b593f81856','2023-05-23 16:09:16',0),(100006451,'eb83f78159e256899e92a7c81da5251a','2023-05-23 18:09:17',0),(100006452,'7388c4b5a8e25028ec5d54077840b4e2','2023-05-23 20:09:18',0),(100006453,'ce62aa9b11c3a1fe0a2c34e852196846','2023-05-23 22:09:19',0),(100006454,'8cdf7afed76b398e1ec3afc95adffd3c','2023-05-24 00:09:20',0),(100006455,'c2499e673bddb15ddb751c5e5f691e6f','2023-05-24 02:09:21',0),(100006456,'592e160d318cd203053fa5be69fbff37','2023-05-24 04:09:22',0),(100006457,'c2de7589b00771bb325f0d63f0b9adc4','2023-05-24 06:09:23',0),(100006458,'a3f22cbf5e52ea40557d8c8117ece5d3','2023-05-24 08:09:24',0),(100006459,'815cd00dbc5044c220053d1fc9cb8d80','2023-05-24 10:09:25',0),(100006460,'81d626fc3ce87751392333313562bd8f','2023-05-24 12:09:26',0),(100006461,'6073c63f76caaa4d497cc956a1ff6659','2023-05-24 14:09:27',0),(100006462,'f8734a4e580fb381522e574b7ed49fa4','2023-05-24 16:09:28',0),(100006463,'6740e404f4c83e4625ab38a78dbd74a2','2023-05-24 18:09:29',0),(100006464,'b74b6b26b55c3487bb93b2341e8de4a3','2023-05-24 20:09:30',0),(100006465,'f0154ef9140a467c2db9920507bb90bc','2023-05-24 22:09:31',0),(100006466,'e3fde22c6dbd6bf033ca049bad04b9f5','2023-05-25 00:09:32',0),(100006467,'08a8dd845fa525850a7a3c99541772d7','2023-05-25 02:09:33',0),(100006468,'0e33fdaf4928ea4389fa249b1cdb992c','2023-05-25 04:09:34',0),(100006469,'ee25691f1e0e09aa0b555bbb5cd806c9','2023-05-25 06:09:35',0),(100006470,'9ff9f7b5c4ebbc3d9a227399e94dddca','2023-05-25 08:09:36',0),(100006471,'47b6dc43ff1d3da3a97f18583caaf676','2023-05-25 10:09:37',0),(100006472,'cac8ce238ae720fea28cf2bd4fa3be1f','2023-05-25 12:09:38',0),(100006473,'034b816e4fb5fc17818ecf02e1911e48','2023-05-25 14:09:39',0),(100006474,'befebd54ce957bf9f91a97407092b4fb','2023-05-25 16:09:40',0),(100006475,'552c37bda4e69bc08f06d7dc746e51d1','2023-05-25 18:09:41',0),(100006476,'59727c6c6275dad1efdc2288947ee859','2023-05-25 20:09:42',0),(100006477,'5d52bc8f1e037b6b8c7b04e2209fad47','2023-05-25 22:09:43',0),(100006478,'32ba1d34d6567e2afc998f19bf385480','2023-05-26 00:09:44',0),(100006479,'7115653b407b9d940001cdf84ee2ca11','2023-05-26 02:09:45',0),(100006480,'bd9fc01595d7f0d6afd9b14f68f6b294','2023-05-26 04:09:46',0),(100006481,'eae7dca82db532ee065032fdeb6985b9','2023-05-26 06:09:47',0),(100006482,'0f9d41b24e0cd1fa6b28fe4a94a8c8f1','2023-05-26 08:09:48',0),(100006483,'3a6ae92c534b1ea30cd3a357e1be3a16','2023-05-26 10:09:49',0),(100006484,'dfa93491d6e408b3fc2b24c7bdea0012','2023-05-26 12:09:50',0),(100006485,'ef2b969a85825d83e83bcce207f41277','2023-05-26 14:09:51',0),(100006486,'8000f1f3179f142f6588b11a3fecf57e','2023-05-26 16:09:52',0),(100006487,'d6c7d5e192beeebb09829950abb6ef26','2023-05-26 18:09:53',0),(100006488,'026442349a2f93891ffbd5a11e6e627d','2023-05-26 20:09:54',0),(100006489,'a0026742b3d3a3c6efd75800ed554c03','2023-05-26 22:09:55',0),(100006490,'22167c165ba7153eb3b6cf44a9925dcb','2023-05-27 00:09:56',0),(100006491,'59f7fa62519693ac756d5e97bba9d45f','2023-05-27 02:09:57',0),(100006492,'48830ccddf2dd737f9fbaf90c1e43c30','2023-05-27 04:09:58',0),(100006493,'1b2ab711c4c9251eefa0bb879857016f','2023-05-27 06:09:59',0),(100006494,'4da5d1251247b08f3662a0baeef43b50','2023-05-27 08:10:00',0),(100006495,'94fafec205f27ed3b64f3da77d73701e','2023-05-27 10:10:01',0),(100006496,'10fc01c8cbef824526b4d2200936600e','2023-05-27 12:10:02',0),(100006497,'87f9c82055b58cf3475cd16f93d994ac','2023-05-27 14:10:03',0),(100006498,'1951832cd375cb6375a8a3222bc1175f','2023-05-27 16:10:04',0),(100006499,'067128686edd55f473744dbfa757b213','2023-05-27 18:10:05',0),(100006500,'7d546c130ffea8899fb8a68b7fb06aff','2023-05-27 20:10:06',0),(100006501,'e740652c2d8c657ffc66081a9cab65ab','2023-05-27 22:10:07',0),(100006502,'38bca69d609cc0f2afa3a0abb6272b84','2023-05-28 00:10:08',0),(100006503,'8c446cf7dbbe7c15e5a07771854dccc0','2023-05-28 02:10:09',0),(100006504,'dabf6a0ff567ffc8d39dd1b471ab3c74','2023-05-28 04:10:10',0),(100006505,'8bfa298e93c01551ade035cffacafaed','2023-05-28 06:10:11',0),(100006506,'83f0028325667a277f495c5296c44360','2023-05-28 08:10:12',0),(100006507,'0c9997167a538c40cf0921f714d08a76','2023-05-28 10:10:13',0),(100006508,'7a8a594bff988d5ae2c40ae3df834e95','2023-05-28 12:10:14',0),(100006509,'83a0ddbc8b9096ab84017b7c7522af0f','2023-05-28 14:10:15',0),(100006510,'a9a65386754787931787cb74e19a6331','2023-05-28 16:10:16',0),(100006511,'6ae06a541377795382a1724b7975717b','2023-05-28 18:10:17',0),(100006512,'299f4d82720374bf0356ec5d1197813a','2023-05-28 20:10:18',0),(100006513,'ea96c8e1ff9c24babf3e313f68ed3ac4','2023-05-28 22:10:19',0),(100006514,'1ca07d97be4f3c40d98f3862df77bfc7','2023-05-29 00:10:20',0),(100006515,'947ce257bcd75130b6c728d53374a97c','2023-05-29 02:10:21',0),(100006516,'0e00282743c71d77cb5dc01c822185df','2023-05-29 04:10:22',0),(100006517,'d963a76f183b491e4b1b84b48fe3ca9d','2023-05-29 06:10:23',0),(100006518,'7c8dda12625b56dc55c237e5ba5e0061','2023-05-29 08:10:24',0),(100006519,'a2f27224d27ae10fb0f25f14cd5b60a8','2023-05-29 10:10:25',0),(100006520,'3ab729f5d4c4bf9bd73b1b7c07c82d5c','2023-05-29 12:10:26',0),(100006521,'10588a06e6184c0b4a3202b58b618645','2023-05-29 14:10:27',0),(100006522,'7ab8bacf5b8df2d749bd60795553ba19','2023-05-29 16:10:28',0),(100006523,'839e325b6afeaf53e945a5021cf45358','2023-05-29 18:10:29',0),(100006524,'fccf9bf3b452f561b7a2a4774f1481ac','2023-05-29 20:10:30',0),(100006525,'2fe6b78ebfda8e26d626cea566f47a7a','2023-05-29 22:10:31',0),(100006526,'14893f9979c1922888b880e21e8fe32a','2023-05-30 00:10:32',0),(100006527,'f1771dcdc34d669ae019b8e61ba7c14f','2023-05-30 02:10:33',0),(100006528,'91f68ba41dfe5fa2e41d9358920e1f6b','2023-05-30 04:10:34',0),(100006529,'ef7ae546ebb4252ca71bf25ab046a7ac','2023-05-30 06:10:35',0),(100006530,'b56f0e14cab92d0c5082c6b641f38973','2023-05-30 08:10:36',0),(100006531,'a5f7502c2f9433daed4a2241d3fe2d35','2023-05-30 10:10:37',0),(100006532,'47a7cc7ed265af86693daf7d49d0e593','2023-05-30 12:10:38',0),(100006533,'54a1550ca024740f9c8d0980159cff38','2023-05-30 14:10:39',0),(100006534,'ec6e7f2865698b5ddfb0c4ca753a10ac','2023-05-30 16:10:40',0),(100006535,'7256e86f782f9a9abff1be64635efe00','2023-05-30 18:10:41',0),(100006536,'ababde0c3425b5cdb81924a2213729ad','2023-05-30 20:10:42',0),(100006537,'434c7b38a7a2fd80c5dfadc7d59f8b46','2023-05-30 22:10:43',0),(100006538,'5d1f6bdc27dbdf211cee5ebf8c1fce6d','2023-05-31 00:10:44',0),(100006539,'c6d116e791993c53a42e63423893e259','2023-05-31 02:10:45',0),(100006540,'8c23b5594762d80ddfd3520fdbb2f04d','2023-05-31 04:10:46',0),(100006541,'72080706290f97922c5df60b0864b480','2023-05-31 06:10:47',0),(100006542,'56cddc85c83091640fadf5fbb0f0f29c','2023-05-31 08:10:48',0),(100006543,'36e37395fd30aeba6626bb24bf1b7c88','2023-05-31 10:10:49',0),(100006544,'8ce7573f8cc5e0afdc178d63541dc1af','2023-05-31 12:10:50',0),(100006545,'fc4e06e53e0966f4ed3353f502cddd51','2023-05-31 14:10:51',0),(100006546,'0dd2372da3f13c2ebc3970a69f079955','2023-05-31 16:10:52',0),(100006547,'79700cbb1abcb9876a64ca23fe07e85b','2023-05-31 18:10:53',0),(100006548,'0d383bc6208ae8b6f02fe3fd5803b144','2023-05-31 20:10:54',0),(100006549,'ffa0543df5fb3041e0685c3e1f9e5c98','2023-05-31 22:10:55',0),(100006550,'438d7d8d121fec65c99e1f5679d61417','2023-06-01 00:10:56',0),(100006551,'663c465478ba87e8fa10895925f986fd','2023-06-01 02:10:57',0),(100006552,'84283351d2fa36dcee5f2edb581c49cf','2023-06-01 04:10:58',0),(100006553,'a51f3a2be51317126064041e35e2bfd6','2023-06-01 06:10:59',0),(100006554,'4e985c23faec9b38dbc8163a87fef3ad','2023-06-01 08:11:00',0),(100006555,'d67ac3ee277175d5dd7becff6e4903fa','2023-06-01 10:11:01',0),(100006556,'16fee1c7579095a48e172fa85a787c3e','2023-06-01 12:11:02',0),(100006557,'533058a6904c15ec55ad36ce35c777d5','2023-06-01 14:11:03',0),(100006558,'fd490bafa15be43906fb9b61404dcf4a','2023-06-01 16:11:04',0),(100006559,'3184c26350b0cacb1c1bf2fe566cf564','2023-06-01 18:11:05',0),(100006560,'cf9e0ee3ae0a2dc74fd1564153ac651d','2023-06-01 20:11:06',0),(100006561,'49addc7d167fc78ed91c0c4ecfdc9fe0','2023-06-01 22:11:07',0),(100006562,'1b25ad85b40c929bc95d3241a1991662','2023-06-02 00:11:08',0),(100006563,'f25e0b13ac6de7694fdc84cba528989f','2023-06-02 02:11:09',0),(100006564,'33602b06c2fc07910d369c56265791a2','2023-06-02 04:11:10',0),(100006565,'96700b5010594a81b36ec1d77ba54ebc','2023-06-02 06:11:11',0),(100006566,'ff9b20c5fd2d45b2960f302886a5fc0c','2023-06-02 08:11:12',0),(100006567,'c4765f6d936d9fe06bc7d3fda4e15da9','2023-06-02 10:11:13',0),(100006568,'2364bc4a130b4d427e73859ecbbd7872','2023-06-02 12:11:14',0),(100006569,'b08941ff98cf561461dfa5f911389740','2023-06-02 14:11:15',0),(100006570,'bfede22c32d306857787c5d0e3ef8368','2023-06-02 16:11:16',0),(100006571,'e02d9894c82a197c0fe057ce7bdf9083','2023-06-02 18:11:17',0),(100006572,'b5623b19e894c14a562fb82112d614a0','2023-06-02 20:11:18',0),(100006573,'3e76f12766b529e1a4671f0f4188af3c','2023-06-02 22:11:19',0),(100006574,'f3d7312d15bc429a352458b0ac1f6850','2023-06-03 00:11:20',0),(100006575,'cb5552a8a92a707cb811ae097d128795','2023-06-03 02:11:21',0),(100006576,'f29ff54e9e002a43574f3050b6915de9','2023-06-03 04:11:22',0),(100006577,'c7c9691e8490695871eff25a7184a68d','2023-06-03 06:11:23',0),(100006578,'27249fcda97ba97a2efc6fc8df821cd7','2023-06-03 08:11:24',0),(100006579,'12dcca148f1941381744fed1c83c5817','2023-06-03 10:11:25',0),(100006580,'2ba2df0ca516dfcf2a2655e1633cdaf6','2023-06-03 12:11:26',0),(100006581,'1e663850f7fd30aa416a8422c1ec4d1a','2023-06-03 14:11:27',0),(100006582,'93fc372b702fc13fb4232c5a4248ebc1','2023-06-03 16:11:28',0),(100006583,'c4bfdfe0f60d7fedfee323a54bd0755b','2023-06-03 18:11:29',0),(100006584,'87d3acfc7a4c97618918d22670e7e387','2023-06-03 20:11:30',0),(100006585,'acb486a599210e9a36838c8888ffa552','2023-06-03 22:11:31',0),(100006586,'168526ab2e610412d192837cb20dff2e','2023-06-04 00:11:32',0),(100006587,'a9c2cf0aa48313aad592129dc7635ff5','2023-06-04 02:11:33',0),(100006588,'4adc653789ba3c99a7e0574a6b8b7fae','2023-06-04 04:11:34',0),(100006589,'573c82408fedf8ab8c94dfda59a9bd52','2023-06-04 06:11:35',0),(100006590,'fbba3dadd4c635fed68432585d61d0e9','2023-06-04 08:11:36',0),(100006591,'2824f9765cd22dc025b661c7f31f34d2','2023-06-04 10:11:37',0),(100006592,'4f0bdbf05e5bdd839375a544ab7483f1','2023-06-04 12:11:38',0),(100006593,'c21421e475d5a8d3ca13e77cba379129','2023-06-04 14:11:39',0),(100006594,'06bb9345168d729d54265430eb5848f6','2023-06-04 16:11:40',0),(100006595,'7717403867f0fa924d6d5d6c109243e3','2023-06-04 18:11:41',0),(100006596,'3ec5bf66046ba7599399d5e55657499a','2023-06-04 20:11:42',0),(100006597,'14a650c5713dfd79a2b560d31a06e46a','2023-06-04 22:11:43',0),(100006598,'104f582212ceb446ee4c23e0638c4c2c','2023-06-05 00:11:44',0),(100006599,'dab340de159cf6162a701a9a1b6023d2','2023-06-05 02:11:45',0),(100006600,'0e8493f9e3965abdcb20cc3f31e8efe1','2023-06-05 04:11:46',0),(100006601,'dc8b30c9ff5e50e29e049a070249a1c7','2023-06-05 06:11:47',0),(100006602,'b1459ef38faa29921e684fdfa2739d6b','2023-06-05 08:11:48',0),(100006603,'6703d48ce919a3fe1c0a4d9d06feb10c','2023-06-05 10:11:49',0),(100006604,'b45ba85c12953e5e7b9932c4cddac392','2023-06-05 12:11:50',0),(100006605,'c7a24f8d5884e48b136b7235cf541246','2023-06-05 14:11:51',0),(100006606,'582705537df045804474a3ba05cc8792','2023-06-05 16:11:52',0),(100006607,'cba7f5a8509350c2e337996a7ea0caae','2023-06-05 18:11:53',0),(100006608,'40049bb20db59f66756baadbe91c9f71','2023-06-05 20:11:54',0),(100006609,'02292cfdb2f54e0e496c56b764507fb3','2023-06-05 22:11:55',0),(100006610,'2be00cd8767ea3bf2920de42981de5fb','2023-06-06 00:11:56',0),(100006611,'3a4679aa92a5d4e2d09acd369d4d94d0','2023-06-06 02:11:57',0),(100006612,'b43edd52579b20fd2c5aa5046af99b24','2023-06-06 04:11:58',0),(100006613,'3223b02cdde92f245f3d64528cc1e584','2023-06-06 06:11:59',0),(100006614,'0316af6cbfbf5894911797a5eb78cd78','2023-06-06 08:12:00',0),(100006615,'ddba1dd61dcaa96d2f9a62530c968449','2023-06-06 10:12:01',0),(100006616,'2ca112d015a3f48b48f7544c34e68b65','2023-06-06 12:12:02',0),(100006617,'dcfc4dc59ef984d36ce697fa1237dc30','2023-06-06 14:12:03',0),(100006618,'2b3844fd33f2374902939f76eb3fbad7','2023-06-06 16:12:04',0),(100006619,'1d0ed8febeff9b607b4beb3e8bffa58a','2023-06-06 18:12:05',0),(100006620,'ab3dd38d93acc34d871e3b1114a69230','2023-06-06 20:12:06',0),(100006621,'f27c63e350c5f9e45a234bc3a54062e0','2023-06-06 22:12:07',0),(100006622,'0fa0098c91c9d2b1bf64956269fcc175','2023-06-07 00:12:08',0),(100006623,'f4ba0898b76efdc129d69580c14baeed','2023-06-07 02:12:09',0),(100006624,'4e6a9ba84a260e093c4375ab497eb5f5','2023-06-07 04:12:10',0),(100006625,'f64996cc86e5aa7fa5b33ef434ee475d','2023-06-07 06:12:11',0),(100006626,'68e0e5c67dfc5b7d9ae0a00a541df04a','2023-06-07 08:12:12',0),(100006627,'3900cc1b8a58b6e3740655bf4cb19747','2023-06-07 10:12:13',0),(100006628,'42629f4919bc1470641d9aee0428e894','2023-06-07 12:12:14',0),(100006629,'4e4a2663fb14af3113e4744587d3a33b','2023-06-07 14:12:15',0),(100006630,'c38af959830c7a396894cf394af039d9','2023-06-07 16:12:16',0),(100006631,'0ec2bb51621666fd67493ae879cdc000','2023-06-07 18:12:17',0),(100006632,'9c7ff7dd3f200a11b615a777031df905','2023-06-07 20:12:18',0),(100006633,'be1419e200e7b293fc95617dd160885b','2023-06-07 22:12:19',0),(100006634,'6ef1b37cc023b8892f188379a32eb8c3','2023-06-08 00:12:20',0),(100006635,'6247b593e864e04f4669928d8a5211bc','2023-06-08 02:12:21',0),(100006636,'07048185e1138df58e2ea5484ef995a7','2023-06-08 04:12:22',0),(100006637,'1d2ce3f93296b09e2518d43c2ebcc598','2023-06-08 06:12:23',0),(100006638,'cbf886e11ad2784ace9d52d588f696d5','2023-06-08 08:12:24',0),(100006639,'424e93ad30c9cf832a14fcf0b1fae6a7','2023-06-08 10:12:25',0),(100006640,'a71429fbde3095a04fd069b1ec0adb6d','2023-06-08 12:12:26',0),(100006641,'b7db6ce04254efa12a561a725e2f62b8','2023-06-08 14:12:27',0),(100006642,'4a46ecf64b8c3b17a8633a6a3810f99c','2023-06-08 16:12:28',0),(100006643,'6c0b86f64f1d9a9c9b883e51b5e88e78','2023-06-08 18:12:29',0),(100006644,'1adcaf44c05f4f66e482848596d1a5a5','2023-06-08 20:12:30',0),(100006645,'a6c4cfe97d266b5b3696695b8982502e','2023-06-08 22:12:31',0),(100006646,'c86fa34ab26fc7d14509e2387424a635','2023-06-09 00:12:32',0),(100006647,'cbbd85c76a48aadb37c2e41478ce8a44','2023-06-09 02:12:33',0),(100006648,'b94a7b38e63c190fe9c3b3ddaa343d03','2023-06-09 04:12:34',0),(100006649,'18cafc6f67ff520d7cb3c6cb683f5c03','2023-06-09 06:12:35',0),(100006650,'c267dfbbc6f4fc8486e65a2acf43a211','2023-06-09 08:12:36',0),(100006651,'c3a68a4a8b1c36b692df318dd96f1959','2023-06-09 10:12:37',0),(100006652,'ca8f4892ace56b4cddba91e6cfdadb03','2023-06-09 12:12:38',0),(100006653,'bbae99c12dc8372b306d5c1509798b92','2023-06-09 14:12:39',0),(100006654,'b655f8e6028ea91f2d765aa522577236','2023-06-09 16:12:40',0),(100006655,'fa17524682ed46d883e498a26c7cfd96','2023-06-09 18:12:41',0),(100006656,'fed2b3c1a84bf7d1b152db0866707c1e','2023-06-09 20:12:42',0),(100006657,'66dc8a9243a51a67e389f281bb50be55','2023-06-09 22:12:43',0),(100006658,'0395421cf526a41efe04209eaf026907','2023-06-10 00:12:44',0),(100006659,'615f0611da1c0ca2733a7566bab1190e','2023-06-10 02:12:45',0),(100006660,'02aab8f4b84d9c917c9ed5ff148c7776','2023-06-10 04:12:46',0),(100006661,'a1d4f2cf5cc87b49184a658a101e4a23','2023-06-10 06:12:47',0),(100006662,'038f4dbbdc6789d30589c91205fae062','2023-06-10 08:12:48',0),(100006663,'7b37ecefad253b9d992d5a3d7f232bbd','2023-06-10 10:12:49',0),(100006664,'71f1435fb256e1cc045c6942b0545883','2023-06-10 12:12:50',0),(100006665,'59d2459a00d292ad66aab9668046e2a9','2023-06-10 14:12:51',0),(100006666,'d17f976a1926fa3a769a9ad6ae5ba2e1','2023-06-10 16:12:52',0),(100006667,'a440a2f4ea64407048ba1132bab0a59c','2023-06-10 18:12:53',0),(100006668,'83b2d7ce5a033d6b012a20a58cf2ac26','2023-06-10 20:12:54',0),(100006669,'26291736aeb6699b132ba22a655480d8','2023-06-10 22:12:55',0),(100006670,'d782d36afe995d4cf85bdfcb1e20ff9b','2023-06-11 00:12:56',0),(100006671,'b649dcb25c9f30ed75b012ca2dd65371','2023-06-11 02:12:57',0),(100006672,'13218c53832810d0e30ee2cf1b580f88','2023-06-11 04:12:58',0),(100006673,'7c34b45c2f26c1107d4858f588a0cfab','2023-06-11 06:12:59',0),(100006674,'a9baad713b3abcbca0ed64045e310d7f','2023-06-11 08:13:00',0),(100006675,'1796bd43dac3bc831cfe79a61ac3aa5d','2023-06-11 10:13:01',0),(100006676,'297718bf01b931938f55918dd2469c87','2023-06-11 12:13:02',0),(100006677,'82f79c7ba5dbece325aa42f80a7475bb','2023-06-11 14:13:03',0),(100006678,'cb79300657dd063fbc705fedc04a55be','2023-06-11 16:13:04',0),(100006679,'cd5a26eccce5f0f37b5dacfd83478417','2023-06-11 18:13:05',0),(100006680,'aae3c05e3080bb939d90f33048e8d843','2023-06-11 20:13:06',0),(100006681,'40fc651037523a037a862694e006c1b6','2023-06-11 22:13:07',0),(100006682,'a7700018f215bc3f75691815db5282ee','2023-06-12 00:13:08',0),(100006683,'d84bdd47d80d7e4029e14123ff853eb8','2023-06-12 02:13:09',0),(100006684,'df7f79fc9976d3aaac7f0cbf71a34944','2023-06-12 04:13:10',0),(100006685,'66c693589747f3672bc1cf9279bd2d2c','2023-06-12 06:13:11',0),(100006686,'c7294b553c83cba5d71ed7bc4881bbcf','2023-06-12 08:13:12',0),(100006687,'f9ade63dfdafa119a793ac1a9d707a4c','2023-06-12 10:13:13',0),(100006688,'71e0e3dba80bf7d4b711100869d0ab10','2023-06-12 12:13:14',0),(100006689,'8b0e40b0fbf4a284ea5d932a09c51b7f','2023-06-12 14:13:15',0),(100006690,'35168f640bf3919bb3efc8431201f2df','2023-06-12 16:13:16',0),(100006691,'0ffe1165fc6f39821db44a19f50d7f2b','2023-06-12 18:13:17',0),(100006692,'c5e59e1ff8c3389e54fbe125efa9249a','2023-06-12 20:13:18',0),(100006693,'cf985add2d5474a21fe3cb8fe06937e2','2023-06-12 22:13:19',0),(100006694,'7d167a9d2f77c48130ec481cfb393850','2023-06-13 00:13:20',0),(100006695,'fa6152a63e0c33d9d5484c20f0782085','2023-06-13 02:13:21',0),(100006696,'31844bec98c3c0451a7760e4ba43b4a9','2023-06-13 04:13:22',0),(100006697,'165e63c4e481a581f7dfaedce22c29f7','2023-06-13 06:13:23',0),(100006698,'19d445194d55c2d6d0a6a9d0f13a1133','2023-06-13 08:13:24',0),(100006699,'34996ecb8b60498e00d4d9a2d71a827a','2023-06-13 10:13:25',0),(100006700,'3f111350e3a1bb3319470ecee3247d60','2023-06-13 12:13:26',0),(100006701,'15b4bfacbc31281e59dfe880739d5f5b','2023-06-13 14:13:27',0),(100006702,'98e4f8dc32b3979aec727ca59931940e','2023-06-13 16:13:28',0),(100006703,'0eee230d42d4ba1803f3a776f7ad23c7','2023-06-13 18:13:29',0),(100006704,'97af564155f54af113bc7da14644a4cb','2023-06-13 20:13:30',0),(100006705,'06bcfe658eb80a8914fcf2c4f93b3372','2023-06-13 22:13:31',0),(100006706,'beef3952280f6f4486f363f091bdd17f','2023-06-14 00:13:32',0),(100006707,'3e6e5f64275600248114020fe83fc256','2023-06-14 02:13:33',0),(100006708,'fb65703d4feb282ac3925a25c7f1081d','2023-06-14 04:13:34',0),(100006709,'dbda6331231eb95d07e93b90a3efb3bd','2023-06-14 06:13:35',0),(100006710,'f443223995ee9be0ca4c026b8902b280','2023-06-14 08:13:36',0),(100006711,'4a0e31561fa6065ca9f7f38f0d8fb22d','2023-06-14 10:13:37',0),(100006712,'4653ae8e8641eab640cc05abd42604cb','2023-06-14 12:13:38',0),(100006713,'1981fc2f969711dc621260b39a6bb2fa','2023-06-14 14:13:39',0),(100006714,'9ca536501a89e53b8e2b7393968073af','2023-06-14 16:13:40',0),(100006715,'35f149310fd95457353139329dd05e62','2023-06-14 18:13:41',0),(100006716,'3c8315f68b0e99d31e73fdc12623464d','2023-06-14 20:13:42',0),(100006717,'db55d5560e2d2c0e931791eef9b7bd50','2023-06-14 22:13:43',0),(100006718,'48f681d0c9fdd67c5a9658f0fe5e689d','2023-06-15 00:13:44',0),(100006719,'8d795aa39fff6d41a402d29dd7ddc409','2023-06-15 02:13:45',0),(100006720,'57925d96376d337fa3aaf72b2de2771f','2023-06-15 04:13:46',0),(100006721,'1ef4b20acb327d563656dc031779797c','2023-06-15 06:13:47',0),(100006722,'45ff9e5a009670bc1326e96a1b98d001','2023-06-15 08:13:48',0),(100006723,'c379c90f078443c7ed7fac75527af898','2023-06-15 10:13:49',0),(100006724,'198c728f8355e6c1a1bf894b92d26d90','2023-06-15 12:13:50',0),(100006725,'1a19cadec02bfe724ff9b426b62cc0be','2023-06-15 14:13:51',0),(100006726,'6d63331b7bbecc087152d89f2e33d918','2023-06-15 16:13:52',0),(100006727,'bc7e45ac3004fe41b4807bd03d6511e6','2023-06-15 18:13:53',0),(100006728,'1b46ff4d8399d481c1498b815605d868','2023-06-15 20:13:54',0),(100006729,'7971b1f3d2607ca2ecaa2303e3adf503','2023-06-15 22:13:55',0),(100006730,'5fc83141b177dd6743eb2e628e923b28','2023-06-16 00:13:56',0),(100006731,'5115583ec825c21015fd07017c8a087b','2023-06-16 02:13:57',0),(100006732,'72d461f44e76bb7435e2d1690f7c3bf0','2023-06-16 04:13:58',0),(100006733,'c88a3c7e9cd3b5bf37c092bf46583b5c','2023-06-16 06:13:59',0),(100006734,'363ed84706bc54c6b34494f72ffca22c','2023-06-16 08:14:00',0),(100006735,'4b759fdf9d0e6ecd49e1ddc44eb29b8f','2023-06-16 10:14:01',0),(100006736,'fd39b6c2d5a0f3a9d499c9c3c73b93cc','2023-06-16 12:14:02',0),(100006737,'a8b3b390ba7fc094149d33d065bb5306','2023-06-16 14:14:03',0),(100006738,'3b8ade99a756c0c505a9d60480f968a6','2023-06-16 16:14:04',0),(100006739,'6b82332c68daf4beacf7213a643fbc4e','2023-06-16 18:14:05',0),(100006740,'5ce81dcf901a158e62b31b52532e875c','2023-06-16 20:14:06',0),(100006741,'684e71747eb2896deaa596e74b1b5d04','2023-06-16 22:14:07',0),(100006742,'045d2de1a6e2a8b4c92f359bffe60db7','2023-06-17 00:14:08',0),(100006743,'1ec2a8f2bc74b6f9b3fc6c3b03826ddd','2023-06-17 02:14:09',0),(100006744,'f515148a5a1b0dbb5a150563f593ce0b','2023-06-17 04:14:10',0),(100006745,'5f97774b01be4be850f7e1bc52388f55','2023-06-17 06:14:11',0),(100006746,'ffd747d04a1b214af4579c67bdee29dc','2023-06-17 08:14:12',0),(100006747,'1a86f8422699afcd6fec1ab6643a1b44','2023-06-17 10:14:13',0),(100006748,'5951ea1fd25329a26fc4a95ab365b259','2023-06-17 12:14:14',0),(100006749,'e7d9b1f17e426e7743703f5dee79d5e5','2023-06-17 14:14:15',0),(100006750,'6ccf40d50e8a4ec693c96d64e3a7af82','2023-06-17 16:14:16',0),(100006751,'714cde2e4366cbd30ceea9f2dadfbaaf','2023-06-17 18:14:17',0),(100006752,'6a5ff05f8f01814b2b12b5eaf337d2c1','2023-06-17 20:14:18',0),(100006753,'a1adece2ec75768fe9d352f83897642b','2023-06-17 22:14:19',0),(100006754,'0139dce214b51c5283fe2463275321ab','2023-06-18 00:14:20',0),(100006755,'5c88b873c973575394c62b90f513af19','2023-06-18 02:14:21',0),(100006756,'bcdddfdfb6dbad728d2be91b818bce85','2023-06-18 04:14:22',0),(100006757,'bb4cb05f22d72bc706e8b45240ca5a32','2023-06-18 06:14:23',0),(100006758,'b7921a0b9ff798d09daccb408f5ab76e','2023-06-18 08:14:24',0),(100006759,'6cd6906eb764d3258f1005640e534ea2','2023-06-18 10:14:25',0),(100006760,'0b686ec7e65c96506d2b6eb716a76b33','2023-06-18 12:14:26',0),(100006761,'6049aa2944670b68de2eb4bef9950651','2023-06-18 14:14:27',0),(100006762,'dc1ec518ba30ea5b1843d592eb638f4e','2023-06-18 16:14:28',0),(100006763,'792aec9a76121836b3e06e4c621f857e','2023-06-18 18:14:29',0),(100006764,'9c49b2f69f311ef1013a67b022519f77','2023-06-18 20:14:30',0),(100006765,'e8602205d62e44f997219d693cb25b08','2023-06-18 22:14:31',0),(100006766,'6dd1ae8c3ab36fdeb0c11f641577671b','2023-06-19 00:14:32',0),(100006767,'01bac6c075415aefee1cbeb49baf871e','2023-06-19 02:14:33',0),(100006768,'fd9fa39517225d4f84ed9b3dcdd01961','2023-06-19 04:14:34',0),(100006769,'082600c506b61e6ffe8cbc00bc5bfeca','2023-06-19 06:14:35',0),(100006770,'abc04a73c8d5bd3762e8c3fc27948d99','2023-06-19 08:14:36',0),(100006771,'5bf3239b41b6e29ab14acbfb00864257','2023-06-19 10:14:37',0),(100006772,'c375a8293c97b40de83ceffc89b02ca7','2023-06-19 12:14:38',0),(100006773,'c614e998e30807262dedbd3ae3a96f70','2023-06-19 14:14:39',0),(100006774,'7bc325c89494f98916a9050d7bdcc9d2','2023-06-19 16:14:40',0),(100006775,'f0bbead752d574166a57ccfd99b4f4bc','2023-06-19 18:14:41',0),(100006776,'daf8d5728fa2c88311654b6700f5222c','2023-06-19 20:14:42',0),(100006777,'25841a95289e47b9cf5227e55fdd7f50','2023-06-19 22:14:43',0),(100006778,'352382230b910fc7b4547a4f96df9bd0','2023-06-20 00:14:44',0),(100006779,'a23fbd74ae2d470292538256636f2128','2023-06-20 02:14:45',0),(100006780,'4d3414c7e9d7fb2f72bf4e207a29dd9c','2023-06-20 04:14:46',0),(100006781,'d1f205ad84292e3d6ad3885bbb586384','2023-06-20 06:14:47',0),(100006782,'ef35a57aaf3de4087d48758b4c06e1e7','2023-06-20 08:14:48',0),(100006783,'3b7cdae8f54492fa57d5df84c4583cbb','2023-06-20 10:14:49',0),(100006784,'2c9a1bd9598ad909f84937ff8271cee0','2023-06-20 12:14:50',0),(100006785,'8c64f854e983d4cbe0132f00a5286402','2023-06-20 14:14:51',0),(100006786,'b338f9b86d8fac0c2228cf4c0014ddad','2023-06-20 16:14:52',0),(100006787,'1ba9993ca89b95d9706b057d12172539','2023-06-20 18:14:53',0),(100006788,'e59a5374b6df232f430e46bef18a26c4','2023-06-20 20:14:54',0),(100006789,'76b1fab2721f217c10ab16c52299e1bb','2023-06-20 22:14:55',0),(100006790,'7d46fcc1b67b21bc2235253ef1cf532a','2023-06-21 00:14:56',0),(100006791,'1858c6c79615e5f7388093ca1c671ae6','2023-06-21 02:14:57',0),(100006792,'38f1b18ba58c5dc0a87677d41fa73826','2023-06-21 04:14:58',0),(100006793,'9c0960b7dea963603525422d81985f0c','2023-06-21 06:14:59',0),(100006794,'0530d9e3f556fa3f0cda33edc5af2751','2023-06-21 08:15:00',0),(100006795,'29d187ff9cf740f63035b7e16716ac21','2023-06-21 10:15:01',0),(100006796,'2a6a469710347925f4cf9771276b4aff','2023-06-21 12:15:02',0),(100006797,'c49fe280c472e645e010e7754429a674','2023-06-21 14:15:03',0),(100006798,'ab7b8e04620df0cf82227fb4c682d755','2023-06-21 16:15:04',0),(100006799,'2fc70ea4eb2253b1203d9c1f0cb94ba2','2023-06-21 18:15:05',0),(100006800,'e234bfa89a6e71b3a8fcd24285114532','2023-06-21 20:15:06',0),(100006801,'4e04e16e2d00daae6107fbac521b8854','2023-06-21 22:15:07',0),(100006802,'7e0809284ce5a8a7dd183017bf39a4b2','2023-06-22 00:15:08',0),(100006803,'c0b8f2e292a1d15abdd5272c28470df3','2023-06-22 02:15:09',0),(100006804,'cb59e48e50b81b74668f7fcd3cf2d366','2023-06-22 04:15:10',0),(100006805,'3e3965c635b0acd7e023575d7d2fafef','2023-06-22 06:15:11',0),(100006806,'9992dc81334e6714ada0767ffb02c030','2023-06-22 08:15:12',0),(100006807,'9a7483624530430521a06689b2277e40','2023-06-22 10:15:13',0),(100006808,'9d66e9688b448548b237a9296f92d7f1','2023-06-22 12:15:14',0),(100006809,'563bcfff713f427410f395e8dfb453da','2023-06-22 14:15:15',0),(100006810,'5c1f266e989305358f6019e8f93b769a','2023-06-22 16:15:16',0),(100006811,'6f143cfb5db53bfdc76357fa990e85bb','2023-06-22 18:15:17',0),(100006812,'4fd341c7dcfdb053737a5e222d89a93d','2023-06-22 20:15:18',0),(100006813,'60789852f397333c8ee866a0db699db8','2023-06-22 22:15:19',0),(100006814,'fe71a5972710ddf4c14dc593f2c2b682','2023-06-23 00:15:20',0),(100006815,'a24b0f84ea35f9736aac34780e8356a6','2023-06-23 02:15:21',0),(100006816,'d5a1c4e565605abfc48f69270a87b72e','2023-06-23 04:15:22',0),(100006817,'40d8a5c77443439341f4fa6e43df2461','2023-06-23 06:15:23',0),(100006818,'d6dd69a739aaabe8d0d8ff1ae51d9e7e','2023-06-23 08:15:24',0),(100006819,'bcb7ec82e8949460d37424bf5a45d932','2023-06-23 10:15:25',0),(100006820,'4a8fc9ec78c87445b1fed6fc6d03285e','2023-06-23 12:15:26',0),(100006821,'b9568c47d60dfc84b5589343f9ea1db1','2023-06-23 14:15:27',0),(100006822,'3ba068a452676065b64be17eff284dc7','2023-06-23 16:15:28',0),(100006823,'ef67487b6565ae37ddb2eb78df3e3142','2023-06-23 18:15:29',0),(100006824,'f4aad213857492af4f9cba99e1336d04','2023-06-23 20:15:30',0),(100006825,'dffa2b1cb91506dfe8edd4d80216b81f','2023-06-23 22:15:31',0),(100006826,'6f11da040803a0884d403c6cc28c94d6','2023-06-24 00:15:32',0),(100006827,'980fb7c82107b3731006b09d6cfe6bb6','2023-06-24 02:15:33',0),(100006828,'ba73a120c5a5450f3a36b4351e52851a','2023-06-24 04:15:34',0),(100006829,'1b0e81c7b5a71e958d1358827bb24fed','2023-06-24 06:15:35',0),(100006830,'d6fec8209314bddab1950a6e31982002','2023-06-24 08:15:36',0),(100006831,'7878b26ac02633cc9222a56753ba8ad5','2023-06-24 10:15:37',0),(100006832,'24fe991bf566485813d5df92a73aff2e','2023-06-24 12:15:38',0),(100006833,'5b661fc8465c607cdcb7daa64c4b2028','2023-06-24 14:15:39',0),(100006834,'910c83fe56f3f5c24197aab23735fadf','2023-06-24 16:15:40',0),(100006835,'c296ef67df163b915340fc5804e290b4','2023-06-24 18:15:41',0),(100006836,'b54b20b6fec08397e4fb95c9966e3d8c','2023-06-24 20:15:42',0),(100006837,'968718c86b77a843e2efb95dd210206d','2023-06-24 22:15:43',0),(100006838,'0388b4aa740ae82e416b3fdff706ecc1','2023-06-25 00:15:44',0),(100006839,'6b236f2c2cac5144607b3a6f37a80746','2023-06-25 02:15:45',0),(100006840,'3611fcae6d18d08f77be413483f86184','2023-06-25 04:15:46',0),(100006841,'92e24b29de84502fdad4f5c98abe7216','2023-06-25 06:15:47',0);
/*!40000 ALTER TABLE `qr` ENABLE KEYS */;
UNLOCK TABLES;

--
-- Table structure for table `shipment`
--

DROP TABLE IF EXISTS `shipment`;
/*!40101 SET @saved_cs_client     = @@character_set_client */;
/*!40101 SET character_set_client = utf8 */;
CREATE TABLE `shipment` (
  `id` int unsigned NOT NULL AUTO_INCREMENT,
  `source_base_id` int unsigned NOT NULL,
  `target_base_id` int unsigned NOT NULL,
  `transfer_agreement_id` int unsigned NOT NULL,
  `state` varchar(255) NOT NULL DEFAULT 'Preparing',
  `started_on` datetime NOT NULL,
  `started_by_id` int unsigned NOT NULL,
  `canceled_on` datetime DEFAULT NULL,
  `canceled_by_id` int unsigned DEFAULT NULL,
  `sent_on` datetime DEFAULT NULL,
  `sent_by_id` int unsigned DEFAULT NULL,
  `receiving_started_on` datetime DEFAULT NULL,
  `receiving_started_by_id` int unsigned DEFAULT NULL,
  `completed_on` datetime DEFAULT NULL,
  `completed_by_id` int unsigned DEFAULT NULL,
  PRIMARY KEY (`id`),
  KEY `shipment_source_base_id` (`source_base_id`),
  KEY `shipment_target_base_id` (`target_base_id`),
  KEY `shipment_transfer_agreement_id` (`transfer_agreement_id`),
  KEY `shipment_started_by_id` (`started_by_id`),
  KEY `shipment_canceled_by_id` (`canceled_by_id`),
  KEY `shipment_sent_by_id` (`sent_by_id`),
  KEY `shipment_completed_by_id` (`completed_by_id`),
  KEY `shipment_receiving_started_by_id` (`receiving_started_by_id`),
  CONSTRAINT `shipment_ibfk_1` FOREIGN KEY (`source_base_id`) REFERENCES `camps` (`id`) ON UPDATE CASCADE,
  CONSTRAINT `shipment_ibfk_2` FOREIGN KEY (`target_base_id`) REFERENCES `camps` (`id`) ON UPDATE CASCADE,
  CONSTRAINT `shipment_ibfk_3` FOREIGN KEY (`transfer_agreement_id`) REFERENCES `transfer_agreement` (`id`) ON UPDATE CASCADE,
  CONSTRAINT `shipment_ibfk_4` FOREIGN KEY (`started_by_id`) REFERENCES `cms_users` (`id`) ON UPDATE CASCADE,
  CONSTRAINT `shipment_ibfk_5` FOREIGN KEY (`canceled_by_id`) REFERENCES `cms_users` (`id`) ON DELETE SET NULL ON UPDATE CASCADE,
  CONSTRAINT `shipment_ibfk_6` FOREIGN KEY (`sent_by_id`) REFERENCES `cms_users` (`id`) ON DELETE SET NULL ON UPDATE CASCADE,
  CONSTRAINT `shipment_ibfk_7` FOREIGN KEY (`completed_by_id`) REFERENCES `cms_users` (`id`) ON DELETE SET NULL ON UPDATE CASCADE,
  CONSTRAINT `shipment_ibfk_8` FOREIGN KEY (`receiving_started_by_id`) REFERENCES `cms_users` (`id`) ON DELETE SET NULL ON UPDATE CASCADE
) ENGINE=InnoDB AUTO_INCREMENT=7 DEFAULT CHARSET=utf8 ROW_FORMAT=DYNAMIC;
/*!40101 SET character_set_client = @saved_cs_client */;

--
-- Dumping data for table `shipment`
--

LOCK TABLES `shipment` WRITE;
/*!40000 ALTER TABLE `shipment` DISABLE KEYS */;
INSERT INTO `shipment` VALUES (1,1,2,4,'Completed','2024-01-05 00:00:00',2,NULL,NULL,'2024-01-05 11:59:48',2,'2024-01-05 12:59:47',10,'2024-01-05 13:59:46',10),
  (2,1,2,4,'Canceled','2024-01-05 14:59:45',2,'2024-01-06 02:59:33',2,NULL,NULL,NULL,NULL,NULL,NULL),
  (3,2,1,4,'Lost','2024-01-06 03:59:32',10,NULL,NULL,'2024-01-06 10:59:25',10,NULL,NULL,'2024-01-06 11:59:24',10),
  (4,2,1,4,'Receiving','2024-01-06 12:59:23',10,NULL,NULL,'2024-01-06 21:59:14',10,'2024-01-06 22:59:13',10,NULL,NULL),
  (5,3,1,4,'Preparing','2024-01-06 23:59:12',10,NULL,NULL,NULL,NULL,NULL,NULL,NULL,NULL),
  (6,3,1,4,'Sent','2024-01-07 07:59:04',10,NULL,NULL,'2024-01-07 12:58:59',10,NULL,NULL,NULL,NULL);
/*!40000 ALTER TABLE `shipment` ENABLE KEYS */;
UNLOCK TABLES;

--
-- Table structure for table `shipment_detail`
--

DROP TABLE IF EXISTS `shipment_detail`;
/*!40101 SET @saved_cs_client     = @@character_set_client */;
/*!40101 SET character_set_client = utf8 */;
CREATE TABLE `shipment_detail` (
  `id` int unsigned NOT NULL AUTO_INCREMENT,
  `shipment_id` int unsigned NOT NULL,
  `box_id` int unsigned NOT NULL,
  `source_product_id` int unsigned NOT NULL,
  `target_product_id` int unsigned DEFAULT NULL,
  `source_quantity` int DEFAULT NULL,
  `target_quantity` int DEFAULT NULL,
  `source_size_id` int unsigned NOT NULL,
  `target_size_id` int unsigned DEFAULT NULL,
  `source_location_id` int unsigned NOT NULL,
  `target_location_id` int unsigned DEFAULT NULL,
  `created_on` datetime NOT NULL,
  `created_by_id` int unsigned NOT NULL,
  `lost_on` datetime DEFAULT NULL,
  `lost_by_id` int unsigned DEFAULT NULL,
  `received_on` datetime DEFAULT NULL,
  `received_by_id` int unsigned DEFAULT NULL,
  `removed_on` datetime DEFAULT NULL,
  `removed_by_id` int unsigned DEFAULT NULL,
  PRIMARY KEY (`id`),
  KEY `shipment_detail_shipment_id` (`shipment_id`),
  KEY `shipment_detail_box_id` (`box_id`),
  KEY `shipment_detail_source_product_id` (`source_product_id`),
  KEY `shipment_detail_target_product_id` (`target_product_id`),
  KEY `shipment_detail_source_location_id` (`source_location_id`),
  KEY `shipment_detail_target_location_id` (`target_location_id`),
  KEY `shipment_detail_created_by_id` (`created_by_id`),
  KEY `shipment_detail_deleted_by_id` (`removed_by_id`),
  KEY `lost_by_id` (`lost_by_id`),
  KEY `received_by_id` (`received_by_id`),
  KEY `source_size_id` (`source_size_id`),
  KEY `target_size_id` (`target_size_id`),
  CONSTRAINT `shipment_detail_ibfk_1` FOREIGN KEY (`shipment_id`) REFERENCES `shipment` (`id`) ON UPDATE CASCADE,
  CONSTRAINT `shipment_detail_ibfk_10` FOREIGN KEY (`received_by_id`) REFERENCES `cms_users` (`id`) ON DELETE SET NULL ON UPDATE CASCADE,
  CONSTRAINT `shipment_detail_ibfk_11` FOREIGN KEY (`source_size_id`) REFERENCES `sizes` (`id`) ON DELETE RESTRICT ON UPDATE CASCADE,
  CONSTRAINT `shipment_detail_ibfk_12` FOREIGN KEY (`target_size_id`) REFERENCES `sizes` (`id`) ON DELETE RESTRICT ON UPDATE CASCADE,
  CONSTRAINT `shipment_detail_ibfk_2` FOREIGN KEY (`box_id`) REFERENCES `stock` (`id`) ON UPDATE CASCADE,
  CONSTRAINT `shipment_detail_ibfk_3` FOREIGN KEY (`source_product_id`) REFERENCES `products` (`id`) ON UPDATE CASCADE,
  CONSTRAINT `shipment_detail_ibfk_4` FOREIGN KEY (`target_product_id`) REFERENCES `products` (`id`) ON UPDATE CASCADE,
  CONSTRAINT `shipment_detail_ibfk_5` FOREIGN KEY (`source_location_id`) REFERENCES `locations` (`id`) ON UPDATE CASCADE,
  CONSTRAINT `shipment_detail_ibfk_6` FOREIGN KEY (`target_location_id`) REFERENCES `locations` (`id`) ON UPDATE CASCADE,
  CONSTRAINT `shipment_detail_ibfk_7` FOREIGN KEY (`created_by_id`) REFERENCES `cms_users` (`id`) ON UPDATE CASCADE,
  CONSTRAINT `shipment_detail_ibfk_8` FOREIGN KEY (`removed_by_id`) REFERENCES `cms_users` (`id`) ON DELETE SET NULL ON UPDATE CASCADE,
  CONSTRAINT `shipment_detail_ibfk_9` FOREIGN KEY (`lost_by_id`) REFERENCES `cms_users` (`id`) ON DELETE SET NULL ON UPDATE CASCADE
) ENGINE=InnoDB AUTO_INCREMENT=41 DEFAULT CHARSET=utf8 ROW_FORMAT=DYNAMIC;
/*!40101 SET character_set_client = @saved_cs_client */;

--
-- Dumping data for table `shipment_detail`
--

LOCK TABLES `shipment_detail` WRITE;
/*!40000 ALTER TABLE `shipment_detail` DISABLE KEYS */;
INSERT INTO `shipment_detail` VALUES (1,1,100000284,1188,1264,42,42,2,2,100000036,100000044,'2024-01-05 01:59:58',2,'2024-01-05 13:59:46',10,'2024-01-05 13:59:46',10,NULL,NULL),(2,1,100000298,1189,1265,146,146,68,68,100000037,100000044,'2024-01-05 02:59:57',2,NULL,NULL,'2024-01-05 13:59:46',10,NULL,NULL),(3,1,100000368,1198,1274,178,178,68,68,100000037,100000042,'2024-01-05 03:59:56',2,NULL,NULL,'2024-01-05 13:59:46',10,NULL,NULL),(4,1,100000463,1232,1310,146,146,1,1,100000037,100000042,'2024-01-05 04:59:55',2,'2024-01-05 13:59:46',10,'2024-01-05 13:59:46',10,NULL,NULL),(5,1,100000662,1203,NULL,4,NULL,68,NULL,100000037,NULL,'2024-01-05 05:59:54',2,NULL,NULL,NULL,NULL,'2024-01-05 10:59:49',2),(6,1,100000722,1202,1278,721,721,68,68,100000037,100000043,'2024-01-05 06:59:53',2,'2024-01-05 13:59:46',10,'2024-01-05 13:59:46',10,NULL,NULL),(7,1,100000734,1214,1290,91,91,26,26,100000037,100000042,'2024-01-05 07:59:52',2,NULL,NULL,'2024-01-05 13:59:46',10,NULL,NULL),(8,1,100000588,1212,NULL,656,NULL,138,NULL,100000038,NULL,'2024-01-05 08:59:51',2,NULL,NULL,NULL,NULL,'2024-01-05 10:59:49',2),(9,1,100000725,1177,NULL,980,NULL,5,NULL,100000038,NULL,'2024-01-05 09:59:50',2,NULL,NULL,NULL,NULL,'2024-01-05 10:59:49',2),(10,2,100000281,1187,NULL,171,NULL,1,NULL,100000036,NULL,'2024-01-05 16:59:43',2,NULL,NULL,NULL,NULL,'2024-01-06 02:59:33',2),(11,2,100000476,1216,NULL,773,NULL,16,NULL,100000036,NULL,'2024-01-05 17:59:42',2,NULL,NULL,NULL,NULL,'2024-01-06 02:59:33',2),(12,2,100000481,1173,NULL,631,NULL,52,NULL,100000036,NULL,'2024-01-05 18:59:41',2,NULL,NULL,NULL,NULL,'2024-01-06 02:59:33',2),(13,2,100000555,1236,NULL,466,NULL,52,NULL,100000036,NULL,'2024-01-05 19:59:40',2,NULL,NULL,NULL,NULL,'2024-01-06 02:59:33',2),(14,2,100000723,1167,NULL,1,NULL,124,NULL,100000036,NULL,'2024-01-05 20:59:39',2,NULL,NULL,NULL,NULL,'2024-01-06 02:59:33',2),(15,2,100000539,1217,NULL,194,NULL,29,NULL,100000037,NULL,'2024-01-05 21:59:38',2,NULL,NULL,NULL,NULL,'2024-01-06 02:59:33',2),(16,2,100000647,1223,NULL,357,NULL,68,NULL,100000037,NULL,'2024-01-05 22:59:37',2,NULL,NULL,NULL,NULL,'2024-01-06 02:59:33',2),(17,2,100000507,1197,NULL,122,NULL,52,NULL,100000038,NULL,'2024-01-05 23:59:36',2,NULL,NULL,NULL,NULL,'2024-01-06 02:59:33',2),(18,2,100000588,1212,NULL,656,NULL,138,NULL,100000038,NULL,'2024-01-06 00:59:35',2,NULL,NULL,NULL,NULL,'2024-01-06 02:59:33',2),(19,2,100000725,1177,NULL,980,NULL,5,NULL,100000038,NULL,'2024-01-06 01:59:34',2,NULL,NULL,NULL,NULL,'2024-01-06 02:59:33',2),(20,3,100000760,1316,NULL,760,NULL,52,NULL,100000043,NULL,'2024-01-06 05:59:30',10,'2024-01-06 11:59:24',10,NULL,NULL,NULL,NULL),(21,3,100000846,1254,NULL,86,NULL,5,NULL,100000043,NULL,'2024-01-06 06:59:29',10,'2024-01-06 11:59:24',10,NULL,NULL,NULL,NULL),(22,3,100000758,1315,NULL,864,NULL,68,NULL,100000044,NULL,'2024-01-06 07:59:28',10,'2024-01-06 11:59:24',10,NULL,NULL,NULL,NULL),(23,3,100000794,1254,NULL,270,NULL,4,NULL,100000044,NULL,'2024-01-06 08:59:27',10,'2024-01-06 11:59:24',10,NULL,NULL,NULL,NULL),(24,3,100000804,1288,NULL,396,NULL,109,NULL,100000044,NULL,'2024-01-06 09:59:26',10,'2024-01-06 11:59:24',10,NULL,NULL,NULL,NULL),(25,4,100000786,1280,NULL,58,NULL,52,NULL,100000042,NULL,'2024-01-06 14:59:21',10,NULL,NULL,NULL,NULL,NULL,NULL),(26,4,100000821,1258,NULL,76,NULL,2,NULL,100000042,NULL,'2024-01-06 15:59:20',10,NULL,NULL,NULL,NULL,NULL,NULL),(27,4,100000829,1258,NULL,990,NULL,1,NULL,100000042,NULL,'2024-01-06 16:59:19',10,NULL,NULL,NULL,NULL,NULL,NULL),(28,4,100000748,1278,NULL,400,NULL,68,NULL,100000043,NULL,'2024-01-06 17:59:18',10,NULL,NULL,NULL,NULL,NULL,NULL),(29,4,100000753,1255,NULL,529,NULL,124,NULL,100000043,NULL,'2024-01-06 18:59:17',10,NULL,NULL,NULL,NULL,NULL,NULL),(30,4,100000818,1261,NULL,383,NULL,5,NULL,100000044,NULL,'2024-01-06 19:59:16',10,NULL,NULL,NULL,NULL,NULL,NULL),(31,4,100000824,1269,NULL,853,NULL,68,NULL,100000044,NULL,'2024-01-06 20:59:15',10,NULL,NULL,NULL,NULL,NULL,NULL),(32,5,100000869,1344,NULL,838,NULL,52,NULL,100000048,NULL,'2024-01-07 01:59:10',10,NULL,NULL,NULL,NULL,NULL,NULL),(33,5,100000907,1350,NULL,528,NULL,68,NULL,100000048,NULL,'2024-01-07 02:59:09',10,NULL,NULL,NULL,NULL,NULL,NULL),(34,5,100000940,1376,NULL,872,NULL,5,NULL,100000048,NULL,'2024-01-07 03:59:08',10,NULL,NULL,NULL,NULL,NULL,NULL),(35,5,100000877,1344,NULL,164,NULL,52,NULL,100000049,NULL,'2024-01-07 04:59:07',10,NULL,NULL,NULL,NULL,NULL,NULL),(36,5,100000921,1381,NULL,790,NULL,68,NULL,100000049,NULL,'2024-01-07 05:59:06',10,NULL,NULL,NULL,NULL,NULL,NULL),(37,5,100000901,1384,NULL,141,NULL,52,NULL,100000050,NULL,'2024-01-07 06:59:05',10,NULL,NULL,NULL,NULL,NULL,NULL),(38,6,100000853,1325,NULL,55,NULL,52,NULL,100000049,NULL,'2024-01-07 09:59:02',10,NULL,NULL,NULL,NULL,NULL,NULL),(39,6,100000928,1339,NULL,905,NULL,52,NULL,100000049,NULL,'2024-01-07 10:59:01',10,NULL,NULL,NULL,NULL,NULL,NULL),(40,6,100000899,1368,NULL,693,NULL,52,NULL,100000050,NULL,'2024-01-07 11:59:00',10,NULL,NULL,NULL,NULL,NULL,NULL);
/*!40000 ALTER TABLE `shipment_detail` ENABLE KEYS */;
UNLOCK TABLES;

--
-- Table structure for table `sizegroup`
--

DROP TABLE IF EXISTS `sizegroup`;
/*!40101 SET @saved_cs_client     = @@character_set_client */;
/*!40101 SET character_set_client = utf8 */;
CREATE TABLE `sizegroup` (
  `id` int unsigned NOT NULL AUTO_INCREMENT,
  `label` varchar(255) NOT NULL,
  `seq` int DEFAULT NULL,
  PRIMARY KEY (`id`)
) ENGINE=InnoDB AUTO_INCREMENT=28 DEFAULT CHARSET=utf8 ROW_FORMAT=DYNAMIC;
/*!40101 SET character_set_client = @saved_cs_client */;

--
-- Dumping data for table `sizegroup`
--

LOCK TABLES `sizegroup` WRITE;
/*!40000 ALTER TABLE `sizegroup` DISABLE KEYS */;
INSERT INTO `sizegroup` VALUES (1,'XS, S, M, L, XL, XXL',1),
  (2,'Baby by month (0-6, 7-12, 13-18, 19-24)',18),
  (3,'Shoe sizes Female',40),
  (4,'Children by year (2-3, 4-5, 6-8, 9-12, 13-15)',9),
  (5,'S, M, L',2),
  (6,'Mixed sizes',31),
  (7,'One size',30),
  (8,'Shoe sizes Male',50),
  (9,'Shoe sizes children',60),
  (12,'Diaper sizes',70),
  (13,'Bra sizes',75),
  (16,'Pack of 5-20, Pack of 21+, Bulk (100+)',80),
  (17,'Children by year (2-5, 6-10, 11-15)',10),
  (18,'Children by year (6-10, 11-15)',101),
  (19,'Singlepack, Multipack',81),
  (20,'Children by month (2-5)',100),
  (21,'Baby by month (0-2, 3-6, 7-12, 13-18, 19-24)',19),
  (22,'Baby by month (0-6, 7-24)',20),
  (23,'Children by year (2-3, 4-5, 6-7, 8-9, 10-11, 12-13, 14-15)',11),
  (24,'Children by year (individual years)',12),
  (25,'Children by year (0-2, 2-4, 5-7, 8-10, 11-13, 14-17)',13),
  (26,'All shoe sizes (<23-48)',61),
  (27,'Sock sizes',62);
/*!40000 ALTER TABLE `sizegroup` ENABLE KEYS */;
UNLOCK TABLES;

--
-- Table structure for table `sizes`
--

DROP TABLE IF EXISTS `sizes`;
/*!40101 SET @saved_cs_client     = @@character_set_client */;
/*!40101 SET character_set_client = utf8 */;
CREATE TABLE `sizes` (
  `id` int unsigned NOT NULL AUTO_INCREMENT,
  `label` varchar(20) NOT NULL,
  `sizegroup_id` int unsigned DEFAULT NULL,
  `seq` int DEFAULT NULL,
  `created` datetime DEFAULT NULL,
  `created_by` int unsigned DEFAULT NULL,
  `modified` datetime DEFAULT NULL,
  `modified_by` int unsigned DEFAULT NULL,
  PRIMARY KEY (`id`),
  KEY `sizegroup_id` (`sizegroup_id`),
  KEY `created_by` (`created_by`),
  KEY `modified_by` (`modified_by`),
  CONSTRAINT `sizes_ibfk_4` FOREIGN KEY (`sizegroup_id`) REFERENCES `sizegroup` (`id`) ON UPDATE CASCADE,
  CONSTRAINT `sizes_ibfk_5` FOREIGN KEY (`created_by`) REFERENCES `cms_users` (`id`) ON DELETE SET NULL ON UPDATE CASCADE,
  CONSTRAINT `sizes_ibfk_6` FOREIGN KEY (`modified_by`) REFERENCES `cms_users` (`id`) ON DELETE SET NULL ON UPDATE CASCADE
) ENGINE=InnoDB AUTO_INCREMENT=204 DEFAULT CHARSET=utf8 ROW_FORMAT=DYNAMIC;
/*!40101 SET character_set_client = @saved_cs_client */;

--
-- Dumping data for table `sizes`
--

LOCK TABLES `sizes` WRITE;
/*!40000 ALTER TABLE `sizes` DISABLE KEYS */;
INSERT INTO `sizes` VALUES (1,'S',1,1,NULL,NULL,NULL,NULL),
  (2,'M',1,2,NULL,NULL,NULL,NULL),
  (3,'L',1,3,NULL,NULL,NULL,NULL),
  (4,'XL',1,4,NULL,NULL,NULL,NULL),
  (5,'XS',1,5,NULL,NULL,NULL,NULL),
  (10,'2-3 years',4,200,NULL,NULL,NULL,NULL),
  (11,'4-5 years',4,201,NULL,NULL,NULL,NULL),
  (12,'6-8 years',4,202,NULL,NULL,NULL,NULL),
  (13,'9-12 years',4,203,NULL,NULL,NULL,NULL),
  (14,'20',9,103,NULL,NULL,NULL,NULL),
  (15,'21',9,104,NULL,NULL,NULL,NULL),
  (16,'22',9,105,NULL,NULL,NULL,NULL),
  (17,'23',9,106,NULL,NULL,NULL,NULL),
  (18,'24',9,107,NULL,NULL,NULL,NULL),
  (19,'25',9,108,NULL,NULL,NULL,NULL),
  (20,'26',9,109,NULL,NULL,NULL,NULL),
  (21,'27',9,110,NULL,NULL,NULL,NULL),
  (22,'28',9,111,NULL,NULL,NULL,NULL),
  (23,'29',9,112,NULL,NULL,NULL,NULL),
  (24,'30',9,113,NULL,NULL,NULL,NULL),
  (25,'31',9,114,NULL,NULL,NULL,NULL),
  (26,'32',9,115,NULL,NULL,NULL,NULL),
  (27,'33',9,116,NULL,NULL,NULL,NULL),
  (28,'34',3,60,NULL,NULL,NULL,NULL),
  (29,'35',3,61,NULL,NULL,NULL,NULL),
  (30,'36',3,62,NULL,NULL,NULL,NULL),
  (31,'37',3,63,NULL,NULL,NULL,NULL),
  (32,'38',3,64,NULL,NULL,NULL,NULL),
  (33,'39',3,65,NULL,NULL,NULL,NULL),
  (34,'40',3,66,NULL,NULL,NULL,NULL),
  (35,'41',3,67,NULL,NULL,NULL,NULL),
  (36,'42 and bigger',3,68,NULL,NULL,NULL,NULL),
  (43,'13-15 years',4,204,NULL,NULL,NULL,NULL),
  (44,'19-24 months',21,214,NULL,NULL,NULL,NULL),
  (45,'3-6 months',21,211,NULL,NULL,NULL,NULL),
  (47,'7-12 months',21,212,NULL,NULL,NULL,NULL),
  (48,'13-18 months',21,213,NULL,NULL,NULL,NULL),
  (51,'19',9,102,NULL,NULL,NULL,NULL),
  (52,'Mixed',6,200,NULL,NULL,NULL,NULL),
  (53,'S',5,50,NULL,NULL,NULL,NULL),
  (54,'M',5,51,NULL,NULL,NULL,NULL),
  (55,'L',5,52,NULL,NULL,NULL,NULL),
  (56,'38 and smaller',8,80,NULL,NULL,NULL,NULL),
  (57,'39',8,81,NULL,NULL,NULL,NULL),
  (58,'40',8,82,NULL,NULL,NULL,NULL),
  (59,'41',8,83,NULL,NULL,NULL,NULL),
  (60,'42',8,84,NULL,NULL,NULL,NULL),
  (61,'43',8,85,NULL,NULL,NULL,NULL),
  (62,'44',8,86,NULL,NULL,NULL,NULL),
  (63,'45',8,87,NULL,NULL,NULL,NULL),
  (64,'46 and bigger',8,88,NULL,NULL,NULL,NULL),
  (65,'35',9,118,NULL,NULL,NULL,NULL),
  (66,'36 and bigger',9,119,NULL,NULL,NULL,NULL),
  (67,'34',9,117,NULL,NULL,NULL,NULL),
  (68,'One size',7,300,NULL,NULL,NULL,NULL),
  (69,'0-2 months',21,210,NULL,NULL,NULL,NULL),
  (70,'Mixed',5,53,NULL,NULL,NULL,NULL),
  (71,'Mixed',1,6,NULL,NULL,NULL,NULL),
  (97,'All ages',21,216,NULL,NULL,NULL,NULL),
  (103,'All ages',4,205,NULL,NULL,NULL,NULL),
  (104,'Pack of 5-20',16,150,NULL,NULL,NULL,NULL),
  (105,'Pack of 21+',16,151,NULL,NULL,NULL,NULL),
  (106,'Bulk (100+)',16,152,NULL,NULL,NULL,NULL),
  (108,'Newborn (< 4 kg)',12,130,NULL,NULL,NULL,NULL),
  (109,'Size 1 (3-6 kg)',12,131,NULL,NULL,NULL,NULL),
  (110,'Size 2 (5-8 kg)',12,132,NULL,NULL,NULL,NULL),
  (111,'Size 3 (7-13 kg)',12,133,NULL,NULL,NULL,NULL),
  (112,'Size 4 (9-17 kg)',12,134,NULL,NULL,NULL,NULL),
  (113,'Size 5 (>12 kg)',12,135,NULL,NULL,NULL,NULL),
  (114,'Size 6 (>16 kg)',12,136,NULL,NULL,NULL,NULL),
  (115,'Kids (>19 kg)',12,137,NULL,NULL,NULL,NULL),
  (116,'2-5 years',17,10,NULL,NULL,NULL,NULL),
  (117,'6-10 years',17,11,NULL,NULL,NULL,NULL),
  (118,'11-15 years',17,12,NULL,NULL,NULL,NULL),
  (119,'0-6 months',2,40,NULL,NULL,NULL,NULL),
  (120,'7-12 months',2,41,NULL,NULL,NULL,NULL),
  (121,'13-18 months',2,42,NULL,NULL,NULL,NULL),
  (122,'19-24 months',2,43,NULL,NULL,NULL,NULL),
  (123,'All ages',2,44,NULL,NULL,NULL,NULL),
  (124,'6-10 years',18,20,NULL,NULL,NULL,NULL),
  (125,'11-15 years',18,21,NULL,NULL,NULL,NULL),
  (126,'Singlepack',19,160,NULL,NULL,NULL,NULL),
  (127,'Multipack',19,161,NULL,NULL,NULL,NULL),
  (128,'17',9,100,NULL,NULL,NULL,NULL),
  (129,'18',9,101,NULL,NULL,NULL,NULL),
  (130,'2-5 years',20,30,NULL,NULL,NULL,NULL),
  (131,'75B',13,170,NULL,NULL,NULL,NULL),
  (132,'80B',13,171,NULL,NULL,NULL,NULL),
  (133,'85B',13,172,NULL,NULL,NULL,NULL),
  (134,'90b',13,173,NULL,NULL,NULL,NULL),
  (135,'95B',13,174,NULL,NULL,NULL,NULL),
  (136,'100C',13,175,NULL,NULL,NULL,NULL),
  (137,'D+ (big)',13,176,NULL,NULL,NULL,NULL),
  (138,'0-6 months',22,180,NULL,NULL,NULL,NULL),
  (139,'7-24 months',22,181,NULL,NULL,NULL,NULL),
  (140,'All ages',4,182,NULL,NULL,NULL,NULL),
  (141,'2-3 years',23,200,NULL,NULL,NULL,NULL),
  (142,'4-5 years',23,201,NULL,NULL,NULL,NULL),
  (143,'6-7 years',23,202,NULL,NULL,NULL,NULL),
  (144,'8-9 years',23,203,NULL,NULL,NULL,NULL),
  (145,'10-11 years',23,201,NULL,NULL,NULL,NULL),
  (146,'12-13 years',23,202,NULL,NULL,NULL,NULL),
  (147,'14-15 years',23,203,NULL,NULL,NULL,NULL),
  (148,'All ages',23,204,NULL,NULL,NULL,NULL),
  (149,'2 years',24,210,NULL,NULL,NULL,NULL),
  (150,'3 years',24,211,NULL,NULL,NULL,NULL),
  (151,'4 years',24,212,NULL,NULL,NULL,NULL),
  (152,'5 years',24,213,NULL,NULL,NULL,NULL),
  (153,'6 years',24,214,NULL,NULL,NULL,NULL),
  (154,'7 years',24,215,NULL,NULL,NULL,NULL),
  (155,'8 years',24,216,NULL,NULL,NULL,NULL),
  (156,'9 years',24,217,NULL,NULL,NULL,NULL),
  (157,'10 years',24,218,NULL,NULL,NULL,NULL),
  (158,'11 years',24,219,NULL,NULL,NULL,NULL),
  (159,'12 years',24,220,NULL,NULL,NULL,NULL),
  (160,'13 years',24,221,NULL,NULL,NULL,NULL),
  (161,'14 years',24,222,NULL,NULL,NULL,NULL),
  (162,'15 years',24,223,NULL,NULL,NULL,NULL),
  (163,'All ages',24,234,NULL,NULL,NULL,NULL),
  (164,'0-2 years',25,240,NULL,NULL,NULL,NULL),
  (165,'2-4 years',25,241,NULL,NULL,NULL,NULL),
  (166,'5-7 years',25,242,NULL,NULL,NULL,NULL),
  (167,'8-10 years',25,243,NULL,NULL,NULL,NULL),
  (168,'11-13 years',25,244,NULL,NULL,NULL,NULL),
  (169,'14-17 years',25,245,NULL,NULL,NULL,NULL),
  (170,'<23',26,250,NULL,NULL,NULL,NULL),
  (171,'24',26,251,NULL,NULL,NULL,NULL),
  (172,'25',26,252,NULL,NULL,NULL,NULL),
  (173,'26',26,253,NULL,NULL,NULL,NULL),
  (174,'27',26,254,NULL,NULL,NULL,NULL),
  (175,'28',26,255,NULL,NULL,NULL,NULL),
  (176,'29',26,256,NULL,NULL,NULL,NULL),
  (177,'30',26,257,NULL,NULL,NULL,NULL),
  (178,'31',26,258,NULL,NULL,NULL,NULL),
  (179,'32',26,259,NULL,NULL,NULL,NULL),
  (180,'33',26,260,NULL,NULL,NULL,NULL),
  (181,'34',26,261,NULL,NULL,NULL,NULL),
  (182,'35',26,262,NULL,NULL,NULL,NULL),
  (183,'36',26,263,NULL,NULL,NULL,NULL),
  (184,'37',26,264,NULL,NULL,NULL,NULL),
  (185,'38',26,265,NULL,NULL,NULL,NULL),
  (186,'39',26,266,NULL,NULL,NULL,NULL),
  (187,'40',26,267,NULL,NULL,NULL,NULL),
  (188,'41',26,268,NULL,NULL,NULL,NULL),
  (189,'42',26,269,NULL,NULL,NULL,NULL),
  (190,'43',26,270,NULL,NULL,NULL,NULL),
  (191,'44',26,271,NULL,NULL,NULL,NULL),
  (192,'45',26,272,NULL,NULL,NULL,NULL),
  (193,'46',26,273,NULL,NULL,NULL,NULL),
  (194,'47',26,274,NULL,NULL,NULL,NULL),
  (195,'48',26,275,NULL,NULL,NULL,NULL),
  (196,'19-22',27,276,NULL,NULL,NULL,NULL),
  (197,'23-26',27,277,NULL,NULL,NULL,NULL),
  (198,'27-30',27,278,NULL,NULL,NULL,NULL),
  (199,'31-34',27,279,NULL,NULL,NULL,NULL),
  (200,'35-38',27,280,NULL,NULL,NULL,NULL),
  (201,'39-42',27,281,NULL,NULL,NULL,NULL),
  (202,'43-46',27,282,NULL,NULL,NULL,NULL),
  (203,'XXL',1,7,NULL,NULL,NULL,NULL);
/*!40000 ALTER TABLE `sizes` ENABLE KEYS */;
UNLOCK TABLES;

--
-- Table structure for table `standard_product`
--

DROP TABLE IF EXISTS `standard_product`;
/*!40101 SET @saved_cs_client     = @@character_set_client */;
/*!40101 SET character_set_client = utf8 */;
CREATE TABLE `standard_product` (
  `id` int unsigned NOT NULL AUTO_INCREMENT,
  `name` varchar(255) NOT NULL,
  `category_id` int unsigned NOT NULL,
  `gender_id` int unsigned NOT NULL,
  `size_range_id` int unsigned NOT NULL,
  `version` int NOT NULL,
  `added_on` datetime NOT NULL,
  `added_by` int unsigned DEFAULT NULL,
  `deprecated_on` datetime DEFAULT NULL,
  `deprecated_by` int unsigned DEFAULT NULL,
  `preceded_by_product_id` int unsigned DEFAULT NULL,
  `superceded_by_product_id` int unsigned DEFAULT NULL,
  PRIMARY KEY (`id`),
  KEY `standard_product_category_id` (`category_id`),
  KEY `standard_product_gender_id` (`gender_id`),
  KEY `standard_product_size_range_id` (`size_range_id`),
  KEY `standard_product_added_by` (`added_by`),
  KEY `standard_product_deprecated_by` (`deprecated_by`),
  KEY `standard_product_preceded_by_product_id` (`preceded_by_product_id`),
  KEY `standard_product_superceded_by_product_id` (`superceded_by_product_id`),
  CONSTRAINT `standard_product_ibfk_1` FOREIGN KEY (`category_id`) REFERENCES `product_categories` (`id`) ON UPDATE CASCADE,
  CONSTRAINT `standard_product_ibfk_2` FOREIGN KEY (`gender_id`) REFERENCES `genders` (`id`) ON UPDATE CASCADE,
  CONSTRAINT `standard_product_ibfk_3` FOREIGN KEY (`size_range_id`) REFERENCES `sizegroup` (`id`) ON UPDATE CASCADE,
  CONSTRAINT `standard_product_ibfk_4` FOREIGN KEY (`added_by`) REFERENCES `cms_users` (`id`) ON DELETE SET NULL ON UPDATE CASCADE,
  CONSTRAINT `standard_product_ibfk_5` FOREIGN KEY (`deprecated_by`) REFERENCES `cms_users` (`id`) ON DELETE SET NULL ON UPDATE CASCADE,
  CONSTRAINT `standard_product_ibfk_6` FOREIGN KEY (`preceded_by_product_id`) REFERENCES `standard_product` (`id`) ON DELETE SET NULL ON UPDATE CASCADE,
  CONSTRAINT `standard_product_ibfk_7` FOREIGN KEY (`superceded_by_product_id`) REFERENCES `standard_product` (`id`) ON DELETE SET NULL ON UPDATE CASCADE
) ENGINE=InnoDB AUTO_INCREMENT=163 DEFAULT CHARSET=utf8 ROW_FORMAT=DYNAMIC;
/*!40101 SET character_set_client = @saved_cs_client */;

--
-- Dumping data for table `standard_product`
--

LOCK TABLES `standard_product` WRITE;
/*!40000 ALTER TABLE `standard_product` DISABLE KEYS */;
INSERT INTO `standard_product` VALUES (1,'Baby Bibs',8,9,6,1,'2024-09-17 10:00:47',1,NULL,NULL,NULL,NULL),(2,'Baby Blankets',8,9,6,1,'2024-09-17 10:00:47',1,NULL,NULL,NULL,NULL),(3,'Joggers',2,5,18,1,'2024-09-17 10:00:47',1,NULL,NULL,NULL,NULL),(4,'Leggings',1,5,18,1,'2024-09-17 10:00:47',1,NULL,NULL,NULL,NULL),(5,'Shorts',2,5,18,1,'2024-09-17 10:00:47',1,NULL,NULL,NULL,NULL),(6,'Trousers',2,5,18,1,'2024-09-17 10:00:47',1,NULL,NULL,NULL,NULL),(7,'Joggers',2,1,1,1,'2024-09-17 10:00:47',1,NULL,NULL,NULL,NULL),(8,'Shorts',2,1,1,1,'2024-09-17 10:00:47',1,NULL,NULL,NULL,NULL),(9,'Trousers',2,1,1,1,'2024-09-17 10:00:47',1,NULL,NULL,NULL,NULL),(10,'Joggers',2,4,18,1,'2024-09-17 10:00:47',1,NULL,NULL,NULL,NULL),(11,'Leggings',1,4,18,1,'2024-09-17 10:00:47',1,NULL,NULL,NULL,NULL),(12,'Shorts',2,4,18,1,'2024-09-17 10:00:47',1,NULL,NULL,NULL,NULL),(13,'Joggers',2,2,1,1,'2024-09-17 10:00:47',1,NULL,NULL,NULL,NULL),(14,'Shorts',2,2,1,1,'2024-09-17 10:00:47',1,NULL,NULL,NULL,NULL),(15,'Trousers',2,2,1,1,'2024-09-17 10:00:47',1,NULL,NULL,NULL,NULL),(16,'Baby Trousers',2,9,21,1,'2024-09-17 10:00:47',1,NULL,NULL,NULL,NULL),(17,'Summer Hats',12,5,6,1,'2024-09-17 10:00:47',1,NULL,NULL,NULL,NULL),(18,'Winter Hats',12,5,6,1,'2024-09-17 10:00:47',1,NULL,NULL,NULL,NULL),(19,'Abayas',12,1,6,1,'2024-09-17 10:00:47',1,NULL,NULL,NULL,NULL),(20,'Dresses / Skirts',12,1,1,1,'2024-09-17 10:00:47',1,NULL,NULL,NULL,NULL),(21,'Gloves',12,1,6,1,'2024-09-17 10:00:47',1,NULL,NULL,NULL,NULL),(22,'Hijabs ',12,1,6,1,'2024-09-17 10:00:47',1,NULL,NULL,NULL,NULL),(23,'Scarves',12,1,6,1,'2024-09-17 10:00:47',1,NULL,NULL,NULL,NULL),(24,'Summer Hats',12,1,6,1,'2024-09-17 10:00:47',1,NULL,NULL,NULL,NULL),(25,'Thick Socks',12,1,6,1,'2024-09-17 10:00:47',1,NULL,NULL,NULL,NULL),(26,'Thin Socks',12,1,6,1,'2024-09-17 10:00:47',1,NULL,NULL,NULL,NULL),(27,'Winter Hats',12,1,6,1,'2024-09-17 10:00:47',1,NULL,NULL,NULL,NULL),(28,'Trousers',2,4,18,1,'2024-09-17 10:00:47',1,NULL,NULL,NULL,NULL),(29,'Dresses / Skirts',12,4,18,1,'2024-09-17 10:00:47',1,NULL,NULL,NULL,NULL),(30,'Summer Hats',12,4,6,1,'2024-09-17 10:00:47',1,NULL,NULL,NULL,NULL),(31,'Scarves',12,2,6,1,'2024-09-17 10:00:47',1,NULL,NULL,NULL,NULL),(32,'Summer Hats',12,2,6,1,'2024-09-17 10:00:47',1,NULL,NULL,NULL,NULL),(33,'Thick Socks',12,2,6,1,'2024-09-17 10:00:47',1,NULL,NULL,NULL,NULL),(34,'Thin Socks',12,2,6,1,'2024-09-17 10:00:47',1,NULL,NULL,NULL,NULL),(35,'Winter Hats',12,2,6,1,'2024-09-17 10:00:47',1,NULL,NULL,NULL,NULL),(36,'Gloves',12,3,6,1,'2024-09-17 10:00:47',1,NULL,NULL,NULL,NULL),(37,'Baby Gloves',12,9,6,1,'2024-09-17 10:00:47',1,NULL,NULL,NULL,NULL),(38,'Baby Hats',12,9,6,1,'2024-09-17 10:00:47',1,NULL,NULL,NULL,NULL),(39,'Baby Onesies',12,9,21,1,'2024-09-17 10:00:47',1,NULL,NULL,NULL,NULL),(40,'Baby Rompers / Bodies',12,9,21,1,'2024-09-17 10:00:47',1,NULL,NULL,NULL,NULL),(41,'Baby Socks',12,9,6,1,'2024-09-17 10:00:47',1,NULL,NULL,NULL,NULL),(42,'Gloves',12,6,6,1,'2024-09-17 10:00:47',1,NULL,NULL,NULL,NULL),(43,'Scarves',12,6,6,1,'2024-09-17 10:00:47',1,NULL,NULL,NULL,NULL),(44,'Thick Socks',12,6,6,1,'2024-09-17 10:00:47',1,NULL,NULL,NULL,NULL),(45,'Thin Socks',12,6,6,1,'2024-09-17 10:00:47',1,NULL,NULL,NULL,NULL),(46,'Basins',11,10,6,1,'2024-09-17 10:00:47',1,NULL,NULL,NULL,NULL),(47,'Bleach',10,10,6,1,'2024-09-17 10:00:47',1,NULL,NULL,NULL,NULL),(48,'Bowls',11,10,6,1,'2024-09-17 10:00:47',1,NULL,NULL,NULL,NULL),(49,'Canned / Jarred Food',11,10,6,1,'2024-09-17 10:00:47',1,NULL,NULL,NULL,NULL),(50,'Dishes',11,10,6,1,'2024-09-17 10:00:47',1,NULL,NULL,NULL,NULL),(51,'Dry Food',11,10,6,1,'2024-09-17 10:00:47',1,NULL,NULL,NULL,NULL),(52,'Eating Utensils',11,10,6,1,'2024-09-17 10:00:47',1,NULL,NULL,NULL,NULL),(53,'Pots & pans',11,10,6,1,'2024-09-17 10:00:47',1,NULL,NULL,NULL,NULL),(54,'Sponges',11,10,6,1,'2024-09-17 10:00:47',1,NULL,NULL,NULL,NULL),(55,'Washing up liquid',11,10,6,1,'2024-09-17 10:00:47',1,NULL,NULL,NULL,NULL),(56,'Wooden cooking spoons',11,10,6,1,'2024-09-17 10:00:47',1,NULL,NULL,NULL,NULL),(57,'ASTM 1 Masks',10,10,6,1,'2024-09-17 10:00:47',1,NULL,NULL,NULL,NULL),(58,'ASTM 2 Masks ',10,10,6,1,'2024-09-17 10:00:47',1,NULL,NULL,NULL,NULL),(59,'ASTM 3/FFP2/FFP3/N95 Masks',10,10,6,1,'2024-09-17 10:00:47',1,NULL,NULL,NULL,NULL),(60,'Combs, Hair Ties, Brushes',10,10,6,1,'2024-09-17 10:00:47',1,NULL,NULL,NULL,NULL),(61,'Condoms',10,10,7,1,'2024-09-17 10:00:47',1,NULL,NULL,NULL,NULL),(62,'Deodorant',10,10,7,1,'2024-09-17 10:00:47',1,NULL,NULL,NULL,NULL),(63,'Disposable Gloves',10,10,6,1,'2024-09-17 10:00:47',1,NULL,NULL,NULL,NULL),(64,'Hand Sanitizer / Antibacterial Handgel',10,10,7,1,'2024-09-17 10:00:47',1,NULL,NULL,NULL,NULL),(65,'Isopropryl Alcohol',10,10,6,1,'2024-09-17 10:00:47',1,NULL,NULL,NULL,NULL),(66,'Lotion / Moisturizer',10,10,6,1,'2024-09-17 10:00:47',1,NULL,NULL,NULL,NULL),(67,'Makeup',10,10,6,1,'2024-09-17 10:00:47',1,NULL,NULL,NULL,NULL),(68,'Razors (Disposable)',10,10,7,1,'2024-09-17 10:00:47',1,NULL,NULL,NULL,NULL),(69,'Reusable Masks',10,10,6,1,'2024-09-17 10:00:47',1,NULL,NULL,NULL,NULL),(70,'Shampoo',10,10,6,1,'2024-09-17 10:00:47',1,NULL,NULL,NULL,NULL),(71,'Shaving Foam',10,10,6,1,'2024-09-17 10:00:47',1,NULL,NULL,NULL,NULL),(72,'Shower Gel',10,10,6,1,'2024-09-17 10:00:47',1,NULL,NULL,NULL,NULL),(73,'Soap',10,10,6,1,'2024-09-17 10:00:47',1,NULL,NULL,NULL,NULL),(74,'Sunscreen',10,10,6,1,'2024-09-17 10:00:47',1,NULL,NULL,NULL,NULL),(75,'Toothbrushes',10,10,19,1,'2024-09-17 10:00:47',1,NULL,NULL,NULL,NULL),(76,'Toothpaste',10,10,19,1,'2024-09-17 10:00:47',1,NULL,NULL,NULL,NULL),(77,'Wet Wipes / Baby Wipes',10,10,7,1,'2024-09-17 10:00:47',1,NULL,NULL,NULL,NULL),(78,'Sanitary Pads',10,1,6,1,'2024-09-17 10:00:47',1,NULL,NULL,NULL,NULL),(79,'Incontinence Pads',10,3,6,1,'2024-09-17 10:00:47',1,NULL,NULL,NULL,NULL),(80,'Diapers Size 0',10,9,12,1,'2024-09-17 10:00:47',1,NULL,NULL,NULL,NULL),(81,'Diapers Size 1',10,9,12,1,'2024-09-17 10:00:47',1,NULL,NULL,NULL,NULL),(82,'Diapers Size 2',10,9,12,1,'2024-09-17 10:00:47',1,NULL,NULL,NULL,NULL),(83,'Diapers Size 3',10,9,12,1,'2024-09-17 10:00:47',1,NULL,NULL,NULL,NULL),(84,'Diapers Size 4',10,9,12,1,'2024-09-17 10:00:47',1,NULL,NULL,NULL,NULL),(85,'Diapers Size 5',10,9,12,1,'2024-09-17 10:00:47',1,NULL,NULL,NULL,NULL),(86,'Diapers Size 6',10,9,12,1,'2024-09-17 10:00:47',1,NULL,NULL,NULL,NULL),(87,'Diapers, Unsized',10,9,6,1,'2024-09-17 10:00:47',1,NULL,NULL,NULL,NULL),(88,'Summer Jackets',6,5,18,1,'2024-09-17 10:00:47',1,NULL,NULL,NULL,NULL),(89,'Winter Jackets',6,5,18,1,'2024-09-17 10:00:47',1,NULL,NULL,NULL,NULL),(90,'Summer Jackets',6,1,1,1,'2024-09-17 10:00:47',1,NULL,NULL,NULL,NULL),(91,'Winter Jackets',6,1,1,1,'2024-09-17 10:00:47',1,NULL,NULL,NULL,NULL),(92,'Winter Hats',12,4,6,1,'2024-09-17 10:00:47',1,NULL,NULL,NULL,NULL),(93,'Summer Jackets',6,4,18,1,'2024-09-17 10:00:47',1,NULL,NULL,NULL,NULL),(94,'Summer Jackets',6,2,1,1,'2024-09-17 10:00:47',1,NULL,NULL,NULL,NULL),(95,'Winter Jackets',6,2,1,1,'2024-09-17 10:00:47',1,NULL,NULL,NULL,NULL),(96,'Misc. Outer Protective Gear',6,3,6,1,'2024-09-17 10:00:47',1,NULL,NULL,NULL,NULL),(97,'Baby Jackets / Outerwear',6,9,21,1,'2024-09-17 10:00:47',1,NULL,NULL,NULL,NULL),(98,'Misc. Outer Protective Gear',6,6,6,1,'2024-09-17 10:00:47',1,NULL,NULL,NULL,NULL),(99,'Backpacks',9,10,6,1,'2024-09-17 10:00:47',1,NULL,NULL,NULL,NULL),(100,'Suitcases and Bags',9,10,6,1,'2024-09-17 10:00:47',1,NULL,NULL,NULL,NULL),(101,'Toys',14,10,6,1,'2024-09-17 10:00:47',1,NULL,NULL,NULL,NULL),(102,'Umbrellas',20,10,6,1,'2024-09-17 10:00:47',1,NULL,NULL,NULL,NULL),(103,'Bedsheets',20,10,6,1,'2024-09-17 10:00:47',1,NULL,NULL,NULL,NULL),(104,'Blankets',20,10,6,1,'2024-09-17 10:00:47',1,NULL,NULL,NULL,NULL),(105,'Duvet Covers',20,10,6,1,'2024-09-17 10:00:47',1,NULL,NULL,NULL,NULL),(106,'Duvets',20,10,6,1,'2024-09-17 10:00:47',1,NULL,NULL,NULL,NULL),(107,'Pillowcases',20,10,6,1,'2024-09-17 10:00:47',1,NULL,NULL,NULL,NULL),(108,'Pillows',20,10,6,1,'2024-09-17 10:00:47',1,NULL,NULL,NULL,NULL),(109,'Sleeping Bags',20,10,6,1,'2024-09-17 10:00:47',1,NULL,NULL,NULL,NULL),(110,'Sleeping Mats',20,10,6,1,'2024-09-17 10:00:47',1,NULL,NULL,NULL,NULL),(111,'Tarps',20,10,6,1,'2024-09-17 10:00:47',1,NULL,NULL,NULL,NULL),(112,'Tents',20,10,6,1,'2024-09-17 10:00:47',1,NULL,NULL,NULL,NULL),(113,'Towels',20,10,6,1,'2024-09-17 10:00:47',1,NULL,NULL,NULL,NULL),(114,'Light Shoes',5,5,9,1,'2024-09-17 10:00:47',1,NULL,NULL,NULL,NULL),(115,'Practical Shoes',5,5,9,1,'2024-09-17 10:00:47',1,NULL,NULL,NULL,NULL),(116,'Sandals & Flip Flops',5,5,9,1,'2024-09-17 10:00:47',1,NULL,NULL,NULL,NULL),(117,'Light Shoes',5,1,3,1,'2024-09-17 10:00:47',1,NULL,NULL,NULL,NULL),(118,'Practical Shoes',5,1,3,1,'2024-09-17 10:00:47',1,NULL,NULL,NULL,NULL),(119,'Sandals & Flip Flops',5,1,3,1,'2024-09-17 10:00:47',1,NULL,NULL,NULL,NULL),(120,'Winter Jackets',6,4,18,1,'2024-09-17 10:00:47',1,NULL,NULL,NULL,NULL),(121,'Light Shoes',5,4,9,1,'2024-09-17 10:00:47',1,NULL,NULL,NULL,NULL),(122,'Practical Shoes',5,4,9,1,'2024-09-17 10:00:47',1,NULL,NULL,NULL,NULL),(123,'Light Shoes',5,2,8,1,'2024-09-17 10:00:47',1,NULL,NULL,NULL,NULL),(124,'Practical Shoes',5,2,8,1,'2024-09-17 10:00:47',1,NULL,NULL,NULL,NULL),(125,'Sandals & Flip Flops',5,2,8,1,'2024-09-17 10:00:47',1,NULL,NULL,NULL,NULL),(126,'Rubber Rain Boots',5,3,6,1,'2024-09-17 10:00:47',1,NULL,NULL,NULL,NULL),(127,'Baby Shoes',5,9,21,1,'2024-09-17 10:00:47',1,NULL,NULL,NULL,NULL),(128,'Rubber Rain Boots',5,6,6,1,'2024-09-17 10:00:47',1,NULL,NULL,NULL,NULL),(129,'Jumpers',3,5,18,1,'2024-09-17 10:00:47',1,NULL,NULL,NULL,NULL),(130,'Long Sleeve Tops',3,5,18,1,'2024-09-17 10:00:47',1,NULL,NULL,NULL,NULL),(131,'T-Shirts / Short Sleeves',3,5,18,1,'2024-09-17 10:00:47',1,NULL,NULL,NULL,NULL),(132,'Undershirts / Tank Tops',3,5,18,1,'2024-09-17 10:00:47',1,NULL,NULL,NULL,NULL),(133,'Bodywarmers / Sleeveless Jumpers',3,1,1,1,'2024-09-17 10:00:47',1,NULL,NULL,NULL,NULL),(134,'Jumpers',3,1,1,1,'2024-09-17 10:00:47',1,NULL,NULL,NULL,NULL),(135,'Long Sleeve Tops',3,1,1,1,'2024-09-17 10:00:47',1,NULL,NULL,NULL,NULL),(136,'T-Shirts / Short Sleeves',3,1,1,1,'2024-09-17 10:00:47',1,NULL,NULL,NULL,NULL),(137,'Undershirts / Tank Tops',3,1,1,1,'2024-09-17 10:00:47',1,NULL,NULL,NULL,NULL),(138,'Sandals & Flip Flops',5,4,9,1,'2024-09-17 10:00:47',1,NULL,NULL,NULL,NULL),(139,'Jumpers',3,4,18,1,'2024-09-17 10:00:47',1,NULL,NULL,NULL,NULL),(140,'Long Sleeve Tops',3,4,18,1,'2024-09-17 10:00:47',1,NULL,NULL,NULL,NULL),(141,'Bodywarmers / Sleeveless Jumpers',3,2,18,1,'2024-09-17 10:00:47',1,NULL,NULL,NULL,NULL),(142,'Jumpers',3,2,1,1,'2024-09-17 10:00:47',1,NULL,NULL,NULL,NULL),(143,'Long Sleeve Tops',3,2,1,1,'2024-09-17 10:00:47',1,NULL,NULL,NULL,NULL),(144,'T-Shirts / Short Sleeves',3,2,1,1,'2024-09-17 10:00:47',1,NULL,NULL,NULL,NULL),(145,'Undershirts / Tank Tops',3,2,1,1,'2024-09-17 10:00:47',1,NULL,NULL,NULL,NULL),(146,'Baby Jumpers',3,9,21,1,'2024-09-17 10:00:47',1,NULL,NULL,NULL,NULL),(147,'Baby Tops',3,9,21,1,'2024-09-17 10:00:47',1,NULL,NULL,NULL,NULL),(148,'Bodywarmers / Sleeveless Jumpers',3,6,18,1,'2024-09-17 10:00:47',1,NULL,NULL,NULL,NULL),(149,'Underwear',1,5,18,1,'2024-09-17 10:00:47',1,NULL,NULL,NULL,NULL),(150,'Bras',1,1,13,1,'2024-09-17 10:00:47',1,NULL,NULL,NULL,NULL),(151,'Leggings',1,1,1,1,'2024-09-17 10:00:47',1,NULL,NULL,NULL,NULL),(152,'Underwear',1,1,1,1,'2024-09-17 10:00:47',1,NULL,NULL,NULL,NULL),(153,'T-Shirts / Short Sleeves',3,4,18,1,'2024-09-17 10:00:47',1,NULL,NULL,NULL,NULL),(154,'Undershirts / Tank Tops',1,4,18,1,'2024-09-17 10:00:47',1,NULL,NULL,NULL,NULL),(155,'Underwear',1,4,18,1,'2024-09-17 10:00:47',1,NULL,NULL,NULL,NULL),(156,'Leggings',1,2,1,1,'2024-09-17 10:00:47',1,NULL,NULL,NULL,NULL),(157,'Underwear',1,2,1,1,'2024-09-17 10:00:47',1,NULL,NULL,NULL,NULL),(158,'Bottled water',19,10,19,1,'2024-09-17 10:00:47',1,NULL,NULL,NULL,NULL),(159,'Drinking Vessels',19,10,6,1,'2024-09-17 10:00:47',1,NULL,NULL,NULL,NULL),(160,'Water Storage Containers (>20L)',19,10,6,1,'2024-09-17 10:00:47',1,NULL,NULL,NULL,NULL),(161,'Water Storage Containers (<10L)',19,10,6,1,'2024-09-17 10:00:47',1,NULL,NULL,NULL,NULL),(162,'Water Storage Containers (10-20L)',19,10,6,1,'2024-09-17 10:00:47',1,NULL,NULL,NULL,NULL);
/*!40000 ALTER TABLE `standard_product` ENABLE KEYS */;
UNLOCK TABLES;

--
-- Table structure for table `stock`
--

DROP TABLE IF EXISTS `stock`;
/*!40101 SET @saved_cs_client     = @@character_set_client */;
/*!40101 SET character_set_client = utf8 */;
CREATE TABLE `stock` (
  `id` int unsigned NOT NULL AUTO_INCREMENT,
  `box_id` varchar(11) NOT NULL DEFAULT '',
  `product_id` int unsigned NOT NULL,
  `size_id` int unsigned NOT NULL,
  `items` int DEFAULT NULL,
  `location_id` int unsigned NOT NULL,
  `distro_event_id` int unsigned DEFAULT NULL,
  `qr_id` int unsigned DEFAULT NULL,
  `comments` text,
  `created` datetime DEFAULT NULL,
  `created_by` int unsigned DEFAULT NULL,
  `modified` datetime DEFAULT NULL,
  `modified_by` int unsigned DEFAULT NULL,
  `deleted` datetime NOT NULL DEFAULT '0000-00-00 00:00:00',
  `box_state_id` int unsigned NOT NULL DEFAULT '1',
  PRIMARY KEY (`id`),
  UNIQUE KEY `box_id_unique` (`box_id`),
  UNIQUE KEY `qr_id_unique` (`qr_id`),
  KEY `box_id` (`box_id`),
  KEY `location_id` (`location_id`),
  KEY `product_id` (`product_id`),
  KEY `size_id` (`size_id`),
  KEY `box_state_id` (`box_state_id`),
  KEY `created_by` (`created_by`),
  KEY `modified_by` (`modified_by`),
  KEY `distro_event_id` (`distro_event_id`),
  CONSTRAINT `stock_ibfk_10` FOREIGN KEY (`created_by`) REFERENCES `cms_users` (`id`) ON DELETE SET NULL ON UPDATE CASCADE,
  CONSTRAINT `stock_ibfk_11` FOREIGN KEY (`modified_by`) REFERENCES `cms_users` (`id`) ON DELETE SET NULL ON UPDATE CASCADE,
  CONSTRAINT `stock_ibfk_14` FOREIGN KEY (`location_id`) REFERENCES `locations` (`id`) ON DELETE RESTRICT ON UPDATE CASCADE,
  CONSTRAINT `stock_ibfk_15` FOREIGN KEY (`product_id`) REFERENCES `products` (`id`) ON DELETE RESTRICT ON UPDATE CASCADE,
  CONSTRAINT `stock_ibfk_16` FOREIGN KEY (`size_id`) REFERENCES `sizes` (`id`) ON DELETE RESTRICT ON UPDATE CASCADE,
  CONSTRAINT `stock_ibfk_17` FOREIGN KEY (`distro_event_id`) REFERENCES `distro_events` (`id`) ON DELETE RESTRICT ON UPDATE CASCADE,
  CONSTRAINT `stock_ibfk_3` FOREIGN KEY (`qr_id`) REFERENCES `qr` (`id`) ON DELETE RESTRICT ON UPDATE CASCADE,
  CONSTRAINT `stock_ibfk_9` FOREIGN KEY (`box_state_id`) REFERENCES `box_state` (`id`) ON DELETE RESTRICT ON UPDATE CASCADE
) ENGINE=InnoDB AUTO_INCREMENT=100001047 DEFAULT CHARSET=utf8 ROW_FORMAT=DYNAMIC;
/*!40101 SET character_set_client = @saved_cs_client */;

--
-- Dumping data for table `stock`
--

LOCK TABLES `stock` WRITE;
/*!40000 ALTER TABLE `stock` DISABLE KEYS */;
INSERT INTO `stock` VALUES (100000000,'328765',1163,68,50,100000002,NULL,100000000,'Cypress seed test box','2015-01-01 11:15:32',1,NULL,NULL,'0000-00-00 00:00:00',5),(100000001,'235563',1165,68,50,100000005,NULL,100000001,'50 dummy products','2019-09-29 18:15:32',1,NULL,NULL,'0000-00-00 00:00:00',5),(100000247,'27392568',1239,114,195,100000036,NULL,100006081,'','2023-06-25 06:15:47',7,'2023-06-25 06:15:47',7,'0000-00-00 00:00:00',1),(100000248,'81209899',1175,4,31,100000038,NULL,100006627,'','2023-06-25 07:15:46',23,'2023-06-25 07:15:46',23,'0000-00-00 00:00:00',1),(100000249,'21842943',1207,68,802,100000038,NULL,100006677,'Edge drug visit.','2023-06-25 08:15:45',9,'2023-06-25 08:15:45',9,'0000-00-00 00:00:00',1),(100000250,'82079210',1223,5,15,100000036,NULL,100006768,'','2023-06-25 09:15:44',25,'2023-06-25 09:15:44',25,'0000-00-00 00:00:00',1),(100000251,'29889461',1171,52,127,100000040,NULL,100005971,'','2023-06-25 10:15:43',3,'2023-07-17 11:06:54',9,'0000-00-00 00:00:00',5),(100000252,'93197226',1237,68,210,100000038,NULL,100006492,'','2023-06-25 11:15:42',7,'2023-06-25 11:15:42',7,'0000-00-00 00:00:00',1),(100000253,'01012814',1192,52,152,100000037,NULL,100005955,'','2023-06-25 12:15:41',24,'2023-06-25 12:15:41',24,'0000-00-00 00:00:00',1),(100000254,'62156576',1197,68,422,100000036,NULL,100006113,'','2023-06-25 13:15:40',25,'2023-06-25 13:15:40',25,'0000-00-00 00:00:00',1),(100000255,'83098319',1168,71,227,100000036,NULL,100006190,'','2023-06-25 14:15:39',8,'2023-06-25 14:15:39',8,'0000-00-00 00:00:00',1),(100000256,'01675119',1204,52,139,100000038,NULL,100006406,'','2023-06-25 15:15:38',7,'2023-07-21 22:05:07',4,'0000-00-00 00:00:00',1),(100000257,'60143088',1222,203,402,100000038,NULL,100006668,'','2023-06-25 16:15:37',25,'2023-06-25 16:15:37',25,'0000-00-00 00:00:00',1),(100000258,'45910200',1180,5,474,100000038,NULL,100006585,'','2023-06-25 17:15:36',2,'2023-06-25 17:15:36',2,'0000-00-00 00:00:00',1),(100000259,'57272098',1175,1,459,100000039,NULL,100006107,'','2023-06-25 18:15:35',2,'2023-07-18 04:06:37',4,'0000-00-00 00:00:00',5),(100000260,'54560464',1178,203,80,100000036,NULL,100006007,'','2023-06-25 19:15:34',4,'2023-06-25 19:15:34',4,'0000-00-00 00:00:00',1),(100000261,'38734262',1205,111,335,100000038,NULL,100006386,'','2023-06-25 20:15:33',23,'2023-06-25 20:15:33',23,'0000-00-00 00:00:00',1),(100000262,'22826486',1223,118,384,100000037,NULL,100006016,'','2023-06-25 21:15:32',6,'2023-07-18 06:06:35',5,'0000-00-00 00:00:00',1),(100000263,'17878280',1167,52,858,100000037,NULL,100006794,'','2023-06-25 22:15:31',7,'2023-06-25 22:15:31',7,'0000-00-00 00:00:00',1),(100000264,'69465069',1211,138,512,100000038,NULL,100005966,'','2023-06-25 23:15:30',9,'2023-06-25 23:15:30',9,'0000-00-00 00:00:00',1),(100000265,'46993855',1177,124,23,100000040,NULL,100006743,'Already represent claim.','2023-06-26 00:15:29',7,'2023-07-17 15:06:50',24,'0000-00-00 00:00:00',5),(100000266,'33291984',1192,117,646,100000037,NULL,100006537,'','2023-06-26 01:15:28',6,'2023-07-20 16:05:37',3,'0000-00-00 00:00:00',1),(100000267,'77215026',1228,52,326,100000038,NULL,100006696,'Nearly analysis fall.','2023-06-26 02:15:27',25,'2023-06-26 02:15:27',25,'0000-00-00 00:00:00',1),(100000268,'73307201',1208,68,806,100000036,NULL,100006256,'','2023-06-26 03:15:26',8,'2023-06-26 03:15:26',8,'0000-00-00 00:00:00',1),(100000269,'97596724',1222,71,628,100000037,NULL,100006420,'','2023-06-26 04:15:25',4,'2023-07-22 02:05:03',2,'0000-00-00 00:00:00',1),(100000270,'93684769',1221,31,268,100000036,NULL,100006824,'','2023-06-26 05:15:24',8,'2023-06-26 05:15:24',8,'0000-00-00 00:00:00',1),(100000271,'47278911',1229,52,992,100000037,NULL,100006785,'Our bank seek.','2023-06-26 06:15:23',5,'2023-06-26 06:15:23',5,'0000-00-00 00:00:00',1),(100000272,'29740218',1202,68,499,100000040,NULL,100006513,'','2023-06-26 07:15:22',2,'2023-07-16 11:07:18',24,'0000-00-00 00:00:00',5),(100000273,'30558615',1182,3,532,100000038,NULL,100006444,'','2023-06-26 08:15:21',8,'2023-06-26 08:15:21',8,'0000-00-00 00:00:00',1),(100000274,'81115557',1205,108,360,100000037,NULL,100006278,'Behavior base.','2023-06-26 09:15:20',3,'2023-06-26 09:15:20',3,'0000-00-00 00:00:00',1),(100000275,'30134156',1186,52,857,100000037,NULL,100006814,'','2023-06-26 10:15:19',24,'2023-06-26 10:15:19',24,'0000-00-00 00:00:00',1),(100000276,'33663985',1179,4,797,100000038,NULL,100006311,'Staff wear simply.','2023-06-26 11:15:18',9,'2023-06-26 11:15:18',9,'0000-00-00 00:00:00',1),(100000277,'19701314',1198,2,654,100000038,NULL,100006539,'','2023-06-26 12:15:17',25,'2023-06-26 12:15:17',25,'0000-00-00 00:00:00',1),(100000278,'57845921',1223,44,133,100000037,NULL,100006665,'','2023-06-26 13:15:16',9,'2023-07-18 08:06:33',5,'0000-00-00 00:00:00',1),(100000279,'99233132',1204,52,709,100000036,NULL,100006439,'Ever.','2023-06-26 14:15:15',5,'2023-07-24 06:04:11',9,'0000-00-00 00:00:00',1),(100000280,'78269043',1166,52,96,100000040,NULL,100006779,'','2023-06-26 15:15:14',5,'2023-07-17 08:06:57',8,'0000-00-00 00:00:00',5),(100000281,'95743490',1187,1,171,100000036,NULL,100006292,'','2023-06-26 16:15:13',3,'2024-01-06 02:59:33',2,'0000-00-00 00:00:00',1),(100000282,'34372974',1180,4,822,100000037,NULL,100006118,'Sometimes.','2023-06-26 17:15:12',3,'2023-07-22 12:04:53',23,'0000-00-00 00:00:00',1),(100000283,'71217345',1169,52,629,100000036,NULL,100006324,'Particularly instead.','2023-06-26 18:15:11',7,'2023-06-26 18:15:11',7,'0000-00-00 00:00:00',1),(100000284,'18525898',1264,2,42,100000044,NULL,100006018,'','2023-06-26 19:15:10',2,'2024-01-05 13:59:46',10,'0000-00-00 00:00:00',8),(100000285,'00803370',1180,5,899,100000037,NULL,100006054,'My fact could.','2023-06-26 20:15:09',5,'2023-06-26 20:15:09',5,'0000-00-00 00:00:00',1),(100000286,'79317533',1221,62,210,100000037,NULL,100006385,'','2023-06-26 21:15:08',23,'2023-07-18 15:06:26',24,'0000-00-00 00:00:00',1),(100000287,'74685062',1204,113,895,100000036,NULL,100006817,'','2023-06-26 22:15:07',5,'2023-07-21 01:05:28',6,'0000-00-00 00:00:00',1),(100000288,'24167455',1196,125,882,100000038,NULL,100006291,'Heavy foreign.','2023-06-26 23:15:06',5,'2023-07-22 17:04:48',25,'0000-00-00 00:00:00',1),(100000289,'82205016',1178,125,775,100000038,NULL,100006188,'Bill door.','2023-06-27 00:15:05',25,'2023-06-27 00:15:05',25,'0000-00-00 00:00:00',1),(100000290,'78095334',1221,52,594,100000038,NULL,100005980,'','2023-06-27 01:15:04',6,'2023-06-27 01:15:04',6,'0000-00-00 00:00:00',1),(100000291,'74230268',1186,68,710,100000037,NULL,100006759,'Role project.','2023-06-27 02:15:03',25,'2023-06-27 02:15:03',25,'0000-00-00 00:00:00',1),(100000292,'72944940',1189,68,144,100000038,NULL,100006738,'','2023-06-27 03:15:02',9,'2023-06-27 03:15:02',9,'0000-00-00 00:00:00',1),(100000293,'36625473',1228,52,10,100000037,NULL,100006351,'','2023-06-27 04:15:01',25,'2023-06-27 04:15:01',25,'0000-00-00 00:00:00',1),(100000294,'94678982',1186,68,49,100000037,NULL,100006104,'Fear if inside.','2023-06-27 05:15:00',25,'2023-07-20 03:05:50',7,'0000-00-00 00:00:00',1),(100000295,'51367449',1207,68,563,100000038,NULL,100006024,'Tell test effect.','2023-06-27 06:14:59',3,'2023-06-27 06:14:59',3,'0000-00-00 00:00:00',1),(100000296,'91525819',1204,109,241,100000036,NULL,100006634,'','2023-06-27 07:14:58',24,'2023-06-27 07:14:58',24,'0000-00-00 00:00:00',1),(100000297,'14202203',1183,45,4,100000038,NULL,100006192,'','2023-06-27 08:14:57',24,'2023-06-27 08:14:57',24,'0000-00-00 00:00:00',1),(100000298,'19866475',1265,68,146,100000044,NULL,100005969,'','2023-06-27 09:14:56',9,'2024-01-05 12:59:47',10,'0000-00-00 00:00:00',1),(100000299,'21010549',1212,138,844,100000038,NULL,100006636,'','2023-06-27 10:14:55',24,'2023-06-27 10:14:55',24,'0000-00-00 00:00:00',1),(100000300,'51230267',1187,68,447,100000037,NULL,100006787,'','2023-06-27 11:14:54',23,'2023-06-27 11:14:54',23,'0000-00-00 00:00:00',1),(100000301,'29234491',1233,71,629,100000038,NULL,100006088,'','2023-06-27 12:14:53',4,'2023-07-20 06:05:47',5,'0000-00-00 00:00:00',1),(100000302,'14414736',1176,71,254,100000040,NULL,100006702,'','2023-06-27 13:14:52',4,'2023-07-17 14:06:51',5,'0000-00-00 00:00:00',5),(100000303,'61300082',1214,27,437,100000037,NULL,100006485,'','2023-06-27 14:14:51',8,'2023-06-27 14:14:51',8,'0000-00-00 00:00:00',1),(100000304,'58679152',1199,117,505,100000038,NULL,100006082,'','2023-06-27 15:14:50',23,'2023-06-27 15:14:50',23,'0000-00-00 00:00:00',1),(100000305,'04907396',1211,114,128,100000038,NULL,100006705,'Produce will.','2023-06-27 16:14:49',7,'2023-07-23 21:04:20',9,'0000-00-00 00:00:00',1),(100000306,'78589376',1171,52,350,100000038,NULL,100005991,'','2023-06-27 17:14:48',5,'2023-06-27 17:14:48',5,'0000-00-00 00:00:00',1),(100000307,'69340499',1181,2,439,100000038,NULL,100006808,'Article kid.','2023-06-27 18:14:47',4,'2023-06-27 18:14:47',4,'0000-00-00 00:00:00',1),(100000308,'41467620',1169,52,354,100000037,NULL,100006255,'','2023-06-27 19:14:46',5,'2023-07-18 23:06:18',8,'0000-00-00 00:00:00',1),(100000309,'89749173',1179,124,164,100000036,NULL,100006258,'','2023-06-27 20:14:45',4,'2023-06-27 20:14:45',4,'0000-00-00 00:00:00',1),(100000310,'28598789',1175,3,97,100000037,NULL,100006803,'','2023-06-27 21:14:44',5,'2023-06-27 21:14:44',5,'0000-00-00 00:00:00',1),(100000311,'49151461',1179,71,708,100000037,NULL,100006654,'','2023-06-27 22:14:43',5,'2023-06-27 22:14:43',5,'0000-00-00 00:00:00',1),(100000312,'38634341',1184,3,877,100000036,NULL,100006648,'','2023-06-27 23:14:42',9,'2023-06-27 23:14:42',9,'0000-00-00 00:00:00',1),(100000313,'18309624',1193,68,727,100000038,NULL,100006549,'','2023-06-28 00:14:41',8,'2023-06-28 00:14:41',8,'0000-00-00 00:00:00',1),(100000314,'85441079',1187,52,771,100000037,NULL,100006195,'Well look.','2023-06-28 01:14:40',8,'2023-06-28 01:14:40',8,'0000-00-00 00:00:00',1),(100000315,'74752056',1181,5,450,100000037,NULL,100006229,'','2023-06-28 02:14:39',3,'2023-06-28 02:14:39',3,'0000-00-00 00:00:00',1),(100000316,'34854641',1210,138,493,100000037,NULL,100006002,'','2023-06-28 03:14:38',6,'2023-06-28 03:14:38',6,'0000-00-00 00:00:00',1),(100000317,'95644640',1199,68,65,100000040,NULL,100006734,'','2023-06-28 04:14:37',7,'2023-07-19 06:06:11',9,'0000-00-00 00:00:00',5),(100000318,'02143369',1208,68,966,100000038,NULL,100006404,'','2023-06-28 05:14:36',9,'2023-06-28 05:14:36',9,'0000-00-00 00:00:00',1),(100000319,'10120620',1202,68,182,100000036,NULL,100006374,'','2023-06-28 06:14:35',8,'2023-06-28 06:14:35',8,'0000-00-00 00:00:00',1),(100000320,'85758297',1179,1,462,100000036,NULL,100006173,'','2023-06-28 07:14:34',5,'2023-06-28 07:14:34',5,'0000-00-00 00:00:00',1),(100000321,'93359130',1217,60,359,100000036,NULL,100006558,'','2023-06-28 08:14:33',9,'2023-06-28 08:14:33',9,'0000-00-00 00:00:00',1),(100000322,'62694871',1195,52,858,100000040,NULL,100006121,'','2023-06-28 09:14:32',6,'2023-07-18 03:06:38',24,'0000-00-00 00:00:00',5),(100000323,'04803481',1180,71,321,100000036,NULL,100006604,'Report feeling enough.','2023-06-28 10:14:31',5,'2023-06-28 10:14:31',5,'0000-00-00 00:00:00',1),(100000324,'15039212',1183,1,531,100000038,NULL,100006740,'','2023-06-28 11:14:30',4,'2023-06-28 11:14:30',4,'0000-00-00 00:00:00',1),(100000325,'00772150',1191,68,101,100000040,NULL,100006637,'Behind interesting.','2023-06-28 12:14:29',7,'2023-07-22 04:05:01',7,'0000-00-00 00:00:00',5),(100000326,'30361353',1189,68,404,100000038,NULL,100006379,'Black must.','2023-06-28 13:14:28',5,'2023-06-28 13:14:28',5,'0000-00-00 00:00:00',1),(100000327,'05259307',1230,71,778,100000036,NULL,100006728,'','2023-06-28 14:14:27',4,'2023-06-28 14:14:27',4,'0000-00-00 00:00:00',1),(100000328,'37767046',1194,52,311,100000038,NULL,100006600,'','2023-06-28 15:14:26',9,'2023-06-28 15:14:26',9,'0000-00-00 00:00:00',1),(100000329,'46204412',1207,68,584,100000038,NULL,100006323,'Thousand plan detail.','2023-06-28 16:14:25',5,'2023-06-28 16:14:25',5,'0000-00-00 00:00:00',1),(100000330,'60612494',1188,117,344,100000038,NULL,100006597,'','2023-06-28 17:14:24',2,'2023-06-28 17:14:24',2,'0000-00-00 00:00:00',1),(100000331,'89317156',1185,71,325,100000036,NULL,100006000,'','2023-06-28 18:14:23',2,'2023-06-28 18:14:23',2,'0000-00-00 00:00:00',1),(100000332,'04155454',1228,3,41,100000036,NULL,100005953,'','2023-06-28 19:14:22',7,'2023-06-28 19:14:22',7,'0000-00-00 00:00:00',1),(100000333,'94333395',1232,203,624,100000039,NULL,100006530,'','2023-06-28 20:14:21',9,'2023-07-16 08:07:21',7,'0000-00-00 00:00:00',5),(100000334,'92142185',1215,14,739,100000037,NULL,100006064,'','2023-06-28 21:14:20',24,'2023-06-28 21:14:20',24,'0000-00-00 00:00:00',1),(100000335,'48722040',1172,52,934,100000037,NULL,100006210,'Realize research rather.','2023-06-28 22:14:19',2,'2023-06-28 22:14:19',2,'0000-00-00 00:00:00',1),(100000336,'14041116',1185,4,107,100000036,NULL,100006102,'Letter lay base.','2023-06-28 23:14:18',7,'2023-06-28 23:14:18',7,'0000-00-00 00:00:00',1),(100000337,'56205662',1196,1,262,100000038,NULL,100006211,'','2023-06-29 00:14:17',2,'2023-07-21 21:05:08',24,'0000-00-00 00:00:00',1),(100000338,'18425862',1186,68,208,100000038,NULL,100006164,'','2023-06-29 01:14:16',3,'2023-06-29 01:14:16',3,'0000-00-00 00:00:00',1),(100000339,'72166922',1173,68,676,100000038,NULL,100006294,'','2023-06-29 02:14:15',4,'2023-07-19 21:05:56',8,'0000-00-00 00:00:00',1),(100000340,'30742490',1169,52,594,100000036,NULL,100006459,'','2023-06-29 03:14:14',4,'2023-06-29 03:14:14',4,'0000-00-00 00:00:00',1),(100000341,'00991008',1233,5,399,100000038,NULL,100006582,'','2023-06-29 04:14:13',4,'2023-06-29 04:14:13',4,'0000-00-00 00:00:00',1),(100000342,'59846159',1175,4,486,100000038,NULL,100006338,'','2023-06-29 05:14:12',9,'2023-06-29 05:14:12',9,'0000-00-00 00:00:00',1),(100000343,'43525662',1195,52,719,100000037,NULL,100006541,'Site church key.','2023-06-29 06:14:11',23,'2023-06-29 06:14:11',23,'0000-00-00 00:00:00',1),(100000344,'59522009',1180,5,539,100000038,NULL,100006315,'','2023-06-29 07:14:10',3,'2023-06-29 07:14:10',3,'0000-00-00 00:00:00',1),(100000345,'05990640',1166,52,881,100000040,NULL,100006730,'Official statement.','2023-06-29 08:14:09',23,'2023-07-23 19:04:22',8,'0000-00-00 00:00:00',5),(100000346,'95996598',1202,68,772,100000038,NULL,100006470,'','2023-06-29 09:14:08',2,'2023-07-18 07:06:34',3,'0000-00-00 00:00:00',1),(100000347,'37920816',1194,52,799,100000038,NULL,100006413,'','2023-06-29 10:14:07',7,'2023-06-29 10:14:07',7,'0000-00-00 00:00:00',1),(100000348,'45751081',1240,68,891,100000036,NULL,100006252,'Even study.','2023-06-29 11:14:06',6,'2023-07-22 09:04:56',24,'0000-00-00 00:00:00',1),(100000349,'22672714',1212,139,27,100000037,NULL,100006037,'','2023-06-29 12:14:05',8,'2023-06-29 12:14:05',8,'0000-00-00 00:00:00',1),(100000350,'81834662',1230,124,636,100000036,NULL,100006344,'Federal end.','2023-06-29 13:14:04',6,'2023-07-22 23:04:42',6,'0000-00-00 00:00:00',1),(100000351,'20613929',1196,3,614,100000036,NULL,100006760,'Pay for.','2023-06-29 14:14:03',9,'2023-07-20 12:05:41',3,'0000-00-00 00:00:00',1),(100000352,'30187369',1211,138,0,100000038,NULL,100006424,'Family.','2023-06-29 15:14:02',8,'2023-07-23 12:04:29',6,'0000-00-00 00:00:00',1),(100000353,'36195972',1198,118,565,100000036,NULL,100006452,'','2023-06-29 16:14:01',2,'2023-06-29 16:14:01',2,'0000-00-00 00:00:00',1),(100000354,'62733486',1173,52,153,100000037,NULL,100006412,'','2023-06-29 17:14:00',5,'2023-06-29 17:14:00',5,'0000-00-00 00:00:00',1),(100000355,'30405944',1185,5,512,100000036,NULL,100006693,'','2023-06-29 18:13:59',3,'2023-06-29 18:13:59',3,'0000-00-00 00:00:00',1),(100000356,'60416806',1228,124,549,100000039,NULL,100006226,'','2023-06-29 19:13:58',5,'2023-07-16 02:07:27',4,'0000-00-00 00:00:00',5),(100000357,'72646409',1173,52,323,100000040,NULL,100006469,'','2023-06-29 20:13:57',4,'2023-07-16 15:07:14',3,'0000-00-00 00:00:00',5),(100000358,'80519681',1172,68,442,100000040,NULL,100006441,'','2023-06-29 21:13:56',5,'2023-07-17 01:07:04',25,'0000-00-00 00:00:00',5),(100000359,'57979843',1172,68,336,100000037,NULL,100006400,'','2023-06-29 22:13:55',6,'2023-06-29 22:13:55',6,'0000-00-00 00:00:00',1),(100000360,'42861216',1172,52,156,100000038,NULL,100006425,'Everything part investment.','2023-06-29 23:13:54',24,'2023-06-29 23:13:54',24,'0000-00-00 00:00:00',1),(100000361,'87620305',1201,68,269,100000037,NULL,100005963,'','2023-06-30 00:13:53',3,'2023-06-30 00:13:53',3,'0000-00-00 00:00:00',1),(100000362,'65836970',1240,118,669,100000036,NULL,100006661,'','2023-06-30 01:13:52',6,'2023-07-19 13:06:04',6,'0000-00-00 00:00:00',1),(100000363,'52453700',1230,71,335,100000036,NULL,100006575,'','2023-06-30 02:13:51',25,'2023-06-30 02:13:51',25,'0000-00-00 00:00:00',1),(100000364,'35408574',1212,111,278,100000037,NULL,100006031,'','2023-06-30 03:13:50',3,'2023-06-30 03:13:50',3,'0000-00-00 00:00:00',1),(100000365,'98024879',1212,108,661,100000037,NULL,100006131,'','2023-06-30 04:13:49',4,'2023-06-30 04:13:49',4,'0000-00-00 00:00:00',1),(100000366,'43641391',1178,3,617,100000036,NULL,100006402,'Include.','2023-06-30 05:13:48',9,'2023-06-30 05:13:48',9,'0000-00-00 00:00:00',1),(100000367,'00677869',1208,68,118,100000036,NULL,100006370,'','2023-06-30 06:13:47',2,'2023-06-30 06:13:47',2,'0000-00-00 00:00:00',1),(100000368,'53107018',1274,68,178,100000042,NULL,100006214,'Think.','2023-06-30 07:13:46',23,'2024-01-05 12:59:47',10,'0000-00-00 00:00:00',1),(100000369,'63860574',1194,52,431,100000038,NULL,100006772,'Better.','2023-06-30 08:13:45',5,'2023-07-24 07:04:10',6,'0000-00-00 00:00:00',1),(100000370,'84195772',1196,52,69,100000038,NULL,100006319,'','2023-06-30 09:13:44',25,'2023-06-30 09:13:44',25,'0000-00-00 00:00:00',1),(100000371,'19585099',1210,138,414,100000038,NULL,100006472,'','2023-06-30 10:13:43',4,'2023-07-19 16:06:01',3,'0000-00-00 00:00:00',1),(100000372,'46339309',1168,203,239,100000036,NULL,100006729,'Teacher scientist total color.','2023-06-30 11:13:42',24,'2023-06-30 11:13:42',24,'0000-00-00 00:00:00',1),(100000373,'76669014',1181,5,230,100000036,NULL,100006415,'','2023-06-30 12:13:41',6,'2023-06-30 12:13:41',6,'0000-00-00 00:00:00',1),(100000374,'71976103',1233,71,565,100000036,NULL,100006384,'','2023-06-30 13:13:40',25,'2023-06-30 13:13:40',25,'0000-00-00 00:00:00',1),(100000375,'04438845',1173,52,488,100000036,NULL,100006655,'Air ten perhaps message.','2023-06-30 14:13:39',3,'2023-06-30 14:13:39',3,'0000-00-00 00:00:00',1),(100000376,'54895142',1197,52,991,100000037,NULL,100006059,'','2023-06-30 15:13:38',6,'2023-07-19 09:06:08',5,'0000-00-00 00:00:00',1),(100000377,'14513595',1178,69,848,100000038,NULL,100005998,'Threat painting happy.','2023-06-30 16:13:37',24,'2023-06-30 16:13:37',24,'0000-00-00 00:00:00',1),(100000378,'07419923',1192,68,978,100000038,NULL,100006250,'','2023-06-30 17:13:36',3,'2023-07-18 18:06:23',4,'0000-00-00 00:00:00',1),(100000379,'45521114',1218,52,806,100000036,NULL,100005962,'','2023-06-30 18:13:35',4,'2023-07-19 03:06:14',24,'0000-00-00 00:00:00',1),(100000380,'55805254',1240,68,665,100000036,NULL,100006642,'Think.','2023-06-30 19:13:34',3,'2023-07-22 21:04:44',3,'0000-00-00 00:00:00',1),(100000381,'40413720',1239,52,516,100000036,NULL,100006091,'Tend.','2023-06-30 20:13:33',6,'2023-07-22 14:04:51',7,'0000-00-00 00:00:00',1),(100000382,'35189434',1194,52,779,100000037,NULL,100006811,'','2023-06-30 21:13:32',2,'2023-06-30 21:13:32',2,'0000-00-00 00:00:00',1),(100000383,'74802962',1171,52,917,100000036,NULL,100006086,'','2023-06-30 22:13:31',23,'2023-06-30 22:13:31',23,'0000-00-00 00:00:00',1),(100000384,'53981152',1228,1,441,100000037,NULL,100006799,'Chair stuff early cup.','2023-06-30 23:13:30',4,'2023-07-19 22:05:55',9,'0000-00-00 00:00:00',1),(100000385,'87779833',1196,71,80,100000037,NULL,100006330,'','2023-07-01 00:13:29',24,'2023-07-01 00:13:29',24,'0000-00-00 00:00:00',1),(100000386,'07491242',1237,52,975,100000038,NULL,100006813,'Movie whose.','2023-07-01 01:13:28',9,'2023-07-19 07:06:10',9,'0000-00-00 00:00:00',1),(100000387,'56575858',1221,62,419,100000036,NULL,100006657,'','2023-07-01 02:13:27',3,'2023-07-19 19:05:58',9,'0000-00-00 00:00:00',1),(100000388,'92944290',1229,52,778,100000036,NULL,100006580,'','2023-07-01 03:13:26',24,'2023-07-01 03:13:26',24,'0000-00-00 00:00:00',1),(100000389,'54219643',1187,116,472,100000038,NULL,100006610,'','2023-07-01 04:13:25',5,'2023-07-01 04:13:25',5,'0000-00-00 00:00:00',1),(100000390,'97464855',1228,68,397,100000036,NULL,100006001,'','2023-07-01 05:13:24',24,'2023-07-01 05:13:24',24,'0000-00-00 00:00:00',1),(100000391,'34159955',1192,52,182,100000038,NULL,100006812,'Law center.','2023-07-01 06:13:23',4,'2023-07-23 06:04:35',5,'0000-00-00 00:00:00',1),(100000392,'43655254',1189,52,678,100000040,NULL,100006566,'','2023-07-01 07:13:22',4,'2023-07-17 20:06:45',24,'0000-00-00 00:00:00',5),(100000393,'96259249',1212,109,134,100000036,NULL,100006029,'Allow American.','2023-07-01 08:13:21',25,'2023-07-22 01:05:04',24,'0000-00-00 00:00:00',1),(100000394,'62748125',1206,68,83,100000037,NULL,100006078,'','2023-07-01 09:13:20',25,'2023-07-01 09:13:20',25,'0000-00-00 00:00:00',1),(100000395,'67801225',1191,71,710,100000038,NULL,100006355,'New job letter.','2023-07-01 10:13:19',7,'2023-07-01 10:13:19',7,'0000-00-00 00:00:00',1),(100000396,'75230391',1232,4,190,100000038,NULL,100006253,'','2023-07-01 11:13:18',2,'2023-07-01 11:13:18',2,'0000-00-00 00:00:00',1),(100000397,'68841566',1169,1,191,100000038,NULL,100005996,'Look chance.','2023-07-01 12:13:17',3,'2023-07-01 12:13:17',3,'0000-00-00 00:00:00',1),(100000398,'16673908',1230,2,509,100000038,NULL,100006697,'','2023-07-01 13:13:16',4,'2023-07-01 13:13:16',4,'0000-00-00 00:00:00',1),(100000399,'37506615',1214,18,458,100000036,NULL,100006227,'','2023-07-01 14:13:15',2,'2023-07-01 14:13:15',2,'0000-00-00 00:00:00',1),(100000400,'99137579',1222,1,818,100000037,NULL,100006342,'Available believe religious light.','2023-07-01 15:13:14',2,'2023-07-21 19:05:10',8,'0000-00-00 00:00:00',1),(100000401,'95464528',1221,57,472,100000036,NULL,100006134,'','2023-07-01 16:13:13',9,'2023-07-01 16:13:13',9,'0000-00-00 00:00:00',1),(100000402,'21347545',1207,68,529,100000038,NULL,100006829,'Opportunity.','2023-07-01 17:13:12',5,'2023-07-22 15:04:50',5,'0000-00-00 00:00:00',1),(100000403,'47929562',1211,139,618,100000038,NULL,100006529,'','2023-07-01 18:13:11',5,'2023-07-01 18:13:11',5,'0000-00-00 00:00:00',1),(100000404,'46701960',1217,56,30,100000038,NULL,100006725,'Such.','2023-07-01 19:13:10',7,'2023-07-22 18:04:47',4,'0000-00-00 00:00:00',1),(100000405,'03130040',1237,68,33,100000038,NULL,100006220,'','2023-07-01 20:13:09',23,'2023-07-01 20:13:09',23,'0000-00-00 00:00:00',1),(100000406,'97077273',1206,52,203,100000038,NULL,100006313,'','2023-07-01 21:13:08',6,'2023-07-01 21:13:08',6,'0000-00-00 00:00:00',1),(100000407,'90405722',1223,68,169,100000037,NULL,100006577,'Teacher visit.','2023-07-01 22:13:07',6,'2023-07-23 14:04:27',7,'0000-00-00 00:00:00',1),(100000408,'25728732',1210,139,459,100000037,NULL,100006681,'Discover month film.','2023-07-01 23:13:06',6,'2023-07-01 23:13:06',6,'0000-00-00 00:00:00',1),(100000409,'53953584',1190,68,222,100000037,NULL,100006201,'Camera over.','2023-07-02 00:13:05',5,'2023-07-02 00:13:05',5,'0000-00-00 00:00:00',1),(100000410,'22145616',1193,68,814,100000038,NULL,100006045,'','2023-07-02 01:13:04',4,'2023-07-02 01:13:04',4,'0000-00-00 00:00:00',1),(100000411,'25258089',1204,112,890,100000036,NULL,100006326,'Improve law.','2023-07-02 02:13:03',9,'2023-07-02 02:13:03',9,'0000-00-00 00:00:00',1),(100000412,'58226540',1233,2,804,100000037,NULL,100006372,'','2023-07-02 03:13:02',23,'2023-07-02 03:13:02',23,'0000-00-00 00:00:00',1),(100000413,'44556806',1239,110,654,100000036,NULL,100006264,'','2023-07-02 04:13:01',4,'2023-07-02 04:13:01',4,'0000-00-00 00:00:00',1),(100000414,'12585967',1203,68,409,100000038,NULL,100006105,'','2023-07-02 05:13:00',9,'2023-07-02 05:13:00',9,'0000-00-00 00:00:00',1),(100000415,'40620639',1226,52,643,100000037,NULL,100006197,'','2023-07-02 06:12:59',25,'2023-07-02 06:12:59',25,'0000-00-00 00:00:00',1),(100000416,'65264061',1185,2,144,100000038,NULL,100006248,'','2023-07-02 07:12:58',25,'2023-07-02 07:12:58',25,'0000-00-00 00:00:00',1),(100000417,'85273007',1187,118,56,100000036,NULL,100006573,'','2023-07-02 08:12:57',3,'2023-07-20 21:05:32',23,'0000-00-00 00:00:00',1),(100000418,'65028087',1240,68,926,100000037,NULL,100006079,'Place do agree sister.','2023-07-02 09:12:56',7,'2023-07-02 09:12:56',7,'0000-00-00 00:00:00',1),(100000419,'24006951',1231,116,675,100000037,NULL,100006606,'','2023-07-02 10:12:55',25,'2023-07-02 10:12:55',25,'0000-00-00 00:00:00',1),(100000420,'22066956',1179,1,161,100000038,NULL,100006475,'','2023-07-02 11:12:54',24,'2023-07-02 11:12:54',24,'0000-00-00 00:00:00',1),(100000421,'39832344',1193,3,324,100000038,NULL,100006350,'Reach partner list.','2023-07-02 12:12:53',5,'2023-07-22 07:04:58',8,'0000-00-00 00:00:00',1),(100000422,'10833431',1174,2,653,100000038,NULL,100006662,'','2023-07-02 13:12:52',4,'2023-07-02 13:12:52',4,'0000-00-00 00:00:00',1),(100000423,'28870901',1187,68,222,100000037,NULL,100006533,'','2023-07-02 14:12:51',8,'2023-07-02 14:12:51',8,'0000-00-00 00:00:00',1),(100000424,'63946437',1223,117,926,100000037,NULL,100006432,'','2023-07-02 15:12:50',9,'2023-07-18 11:06:30',5,'0000-00-00 00:00:00',1),(100000425,'09314223',1176,3,136,100000037,NULL,100006809,'','2023-07-02 16:12:49',9,'2023-07-02 16:12:49',9,'0000-00-00 00:00:00',1),(100000426,'04579099',1240,118,745,100000036,NULL,100006503,'','2023-07-02 17:12:48',7,'2023-07-02 17:12:48',7,'0000-00-00 00:00:00',1),(100000427,'68645089',1172,68,637,100000038,NULL,100006570,'','2023-07-02 18:12:47',7,'2023-07-02 18:12:47',7,'0000-00-00 00:00:00',1),(100000428,'03957252',1182,203,942,100000038,NULL,100006387,'','2023-07-02 19:12:46',9,'2023-07-21 10:05:19',24,'0000-00-00 00:00:00',1),(100000429,'97766337',1227,68,106,100000036,NULL,100006823,'','2023-07-02 20:12:45',8,'2023-07-02 20:12:45',8,'0000-00-00 00:00:00',1),(100000430,'61823940',1198,68,443,100000038,NULL,100006237,'','2023-07-02 21:12:44',25,'2023-07-02 21:12:44',25,'0000-00-00 00:00:00',1),(100000431,'22844135',1182,203,34,100000038,NULL,100006068,'','2023-07-02 22:12:43',9,'2023-07-19 17:06:00',24,'0000-00-00 00:00:00',1),(100000432,'15108911',1205,68,291,100000037,NULL,100006058,'','2023-07-02 23:12:42',23,'2023-07-02 23:12:42',23,'0000-00-00 00:00:00',1),(100000433,'52506071',1170,125,465,100000036,NULL,100006257,'','2023-07-03 00:12:41',23,'2023-07-21 20:05:09',6,'0000-00-00 00:00:00',1),(100000434,'87685599',1240,52,409,100000036,NULL,100006343,'','2023-07-03 01:12:40',25,'2023-07-03 01:12:40',25,'0000-00-00 00:00:00',1),(100000435,'30895973',1185,3,313,100000038,NULL,100006147,'','2023-07-03 02:12:39',25,'2023-07-03 02:12:39',25,'0000-00-00 00:00:00',1),(100000436,'64045143',1228,52,378,100000038,NULL,100006789,'','2023-07-03 03:12:38',23,'2023-07-03 03:12:38',23,'0000-00-00 00:00:00',1),(100000437,'97598329',1234,3,382,100000036,NULL,100006645,'Available.','2023-07-03 04:12:37',23,'2023-07-03 04:12:37',23,'0000-00-00 00:00:00',1),(100000438,'16992758',1232,4,587,100000037,NULL,100006145,'More bag.','2023-07-03 05:12:36',5,'2023-07-24 03:04:14',8,'0000-00-00 00:00:00',1),(100000439,'19448694',1230,3,466,100000039,NULL,100006026,'','2023-07-03 06:12:35',7,'2023-07-16 06:07:23',6,'0000-00-00 00:00:00',5),(100000440,'24354762',1169,52,931,100000037,NULL,100006462,'Girl member on.','2023-07-03 07:12:34',5,'2023-07-03 07:12:34',5,'0000-00-00 00:00:00',1),(100000441,'02388523',1200,68,385,100000038,NULL,100006376,'','2023-07-03 08:12:33',24,'2023-07-21 05:05:24',3,'0000-00-00 00:00:00',1),(100000442,'76969895',1172,52,919,100000040,NULL,100006443,'','2023-07-03 09:12:32',7,'2023-07-16 04:07:25',23,'0000-00-00 00:00:00',5),(100000443,'91726769',1191,68,493,100000038,NULL,100006528,'Save wife.','2023-07-03 10:12:31',9,'2023-07-03 10:12:31',9,'0000-00-00 00:00:00',1),(100000444,'04028391',1192,69,380,100000037,NULL,100006458,'Industry realize partner.','2023-07-03 11:12:30',9,'2023-07-19 23:05:54',9,'0000-00-00 00:00:00',1),(100000445,'22358680',1174,5,629,100000037,NULL,100006217,'','2023-07-03 12:12:29',5,'2023-07-18 16:06:25',9,'0000-00-00 00:00:00',1),(100000446,'06975692',1232,1,805,100000038,NULL,100006101,'','2023-07-03 13:12:28',2,'2023-07-03 13:12:28',2,'0000-00-00 00:00:00',1),(100000447,'04272988',1215,32,74,100000037,NULL,100006312,'','2023-07-03 14:12:27',23,'2023-07-03 14:12:27',23,'0000-00-00 00:00:00',1),(100000448,'47233589',1217,33,508,100000036,NULL,100006231,'','2023-07-03 15:12:26',24,'2023-07-03 15:12:26',24,'0000-00-00 00:00:00',1),(100000449,'96834236',1234,3,938,100000040,NULL,100006669,'','2023-07-03 16:12:25',25,'2023-07-17 05:07:00',25,'0000-00-00 00:00:00',5),(100000450,'88371044',1231,117,910,100000038,NULL,100006019,'Despite.','2023-07-03 17:12:24',6,'2023-07-03 17:12:24',6,'0000-00-00 00:00:00',1),(100000451,'23524200',1169,52,463,100000037,NULL,100006555,'','2023-07-03 18:12:23',24,'2023-07-20 20:05:33',25,'0000-00-00 00:00:00',1),(100000452,'01190454',1225,52,16,100000038,NULL,100005995,'','2023-07-03 19:12:22',3,'2023-07-19 08:06:09',24,'0000-00-00 00:00:00',1),(100000453,'00421174',1211,138,630,100000038,NULL,100006451,'','2023-07-03 20:12:21',24,'2023-07-21 03:05:26',23,'0000-00-00 00:00:00',1),(100000454,'20410563',1191,48,111,100000037,NULL,100006067,'','2023-07-03 21:12:20',2,'2023-07-03 21:12:20',2,'0000-00-00 00:00:00',1),(100000455,'52748674',1203,68,290,100000038,NULL,100006033,'Property.','2023-07-03 22:12:19',3,'2023-07-23 08:04:33',8,'0000-00-00 00:00:00',1),(100000456,'37841607',1169,52,258,100000037,NULL,100006135,'','2023-07-03 23:12:18',24,'2023-07-03 23:12:18',24,'0000-00-00 00:00:00',1),(100000457,'58797483',1232,1,944,100000038,NULL,100006752,'','2023-07-04 00:12:17',5,'2023-07-04 00:12:17',5,'0000-00-00 00:00:00',1),(100000458,'14422925',1218,52,855,100000037,NULL,100006260,'','2023-07-04 01:12:16',2,'2023-07-04 01:12:16',2,'0000-00-00 00:00:00',1),(100000459,'51190933',1169,52,463,100000038,NULL,100006445,'','2023-07-04 02:12:15',9,'2023-07-04 02:12:15',9,'0000-00-00 00:00:00',1),(100000460,'68156797',1216,31,910,100000038,NULL,100006251,'','2023-07-04 03:12:14',23,'2023-07-04 03:12:14',23,'0000-00-00 00:00:00',1),(100000461,'12295390',1169,203,183,100000037,NULL,100006481,'','2023-07-04 04:12:13',9,'2023-07-04 04:12:13',9,'0000-00-00 00:00:00',1),(100000462,'65261626',1206,52,847,100000038,NULL,100005977,'','2023-07-04 05:12:12',9,'2023-07-20 17:05:36',6,'0000-00-00 00:00:00',1),(100000463,'94008966',1310,1,146,100000042,NULL,100006274,'','2023-07-04 06:12:11',8,'2024-01-05 13:59:46',10,'0000-00-00 00:00:00',8),(100000464,'45835065',1184,71,447,100000036,NULL,100006241,'','2023-07-04 07:12:10',5,'2023-07-04 07:12:10',5,'0000-00-00 00:00:00',1),(100000465,'77698120',1176,71,204,100000038,NULL,100006795,'','2023-07-04 08:12:09',24,'2023-07-18 10:06:31',9,'0000-00-00 00:00:00',1),(100000466,'05956768',1229,52,754,100000037,NULL,100006476,'','2023-07-04 09:12:08',2,'2023-07-04 09:12:08',2,'0000-00-00 00:00:00',1),(100000467,'34556770',1182,203,927,100000036,NULL,100006267,'','2023-07-04 10:12:07',6,'2023-07-04 10:12:07',6,'0000-00-00 00:00:00',1),(100000468,'25355628',1239,114,783,100000038,NULL,100006206,'','2023-07-04 11:12:06',3,'2023-07-04 11:12:06',3,'0000-00-00 00:00:00',1),(100000469,'21508407',1199,118,505,100000036,NULL,100006244,'','2023-07-04 12:12:05',6,'2023-07-04 12:12:05',6,'0000-00-00 00:00:00',1),(100000470,'49953008',1218,52,142,100000037,NULL,100006163,'Represent economy simple.','2023-07-04 13:12:04',24,'2023-07-18 05:06:36',4,'0000-00-00 00:00:00',1),(100000471,'24779496',1193,68,744,100000037,NULL,100006389,'','2023-07-04 14:12:03',25,'2023-07-04 14:12:03',25,'0000-00-00 00:00:00',1),(100000472,'60874837',1177,1,791,100000036,NULL,100006430,'','2023-07-04 15:12:02',25,'2023-07-21 12:05:17',4,'0000-00-00 00:00:00',1),(100000473,'35193730',1231,68,967,100000038,NULL,100006170,'Main.','2023-07-04 16:12:01',3,'2023-07-22 11:04:54',6,'0000-00-00 00:00:00',1),(100000474,'79727809',1209,68,950,100000038,NULL,100006518,'','2023-07-04 17:12:00',8,'2023-07-04 17:12:00',8,'0000-00-00 00:00:00',1),(100000475,'03383530',1166,52,396,100000036,NULL,100006466,'','2023-07-04 18:11:59',6,'2023-07-20 22:05:31',2,'0000-00-00 00:00:00',1),(100000476,'47504549',1216,16,773,100000036,NULL,100006673,'Method way light.','2023-07-04 19:11:58',24,'2024-01-06 02:59:33',2,'0000-00-00 00:00:00',1),(100000477,'61457680',1178,1,392,100000037,NULL,100006508,'Describe save.','2023-07-04 20:11:57',6,'2023-07-04 20:11:57',6,'0000-00-00 00:00:00',1),(100000478,'29531641',1206,52,248,100000038,NULL,100006165,'','2023-07-04 21:11:56',2,'2023-07-19 11:06:06',9,'0000-00-00 00:00:00',1),(100000479,'55231578',1199,68,733,100000037,NULL,100005959,'','2023-07-04 22:11:55',8,'2023-07-04 22:11:55',8,'0000-00-00 00:00:00',1),(100000480,'21593917',1218,52,325,100000039,NULL,100006263,'Heavy total.','2023-07-04 23:11:54',2,'2023-07-17 17:06:48',4,'0000-00-00 00:00:00',5),(100000481,'80412973',1173,52,631,100000036,NULL,100006499,'Job environmental.','2023-07-05 00:11:53',3,'2024-01-06 02:59:33',2,'0000-00-00 00:00:00',1),(100000482,'49553551',1225,110,638,100000036,NULL,100006712,'','2023-07-05 01:11:52',3,'2023-07-05 01:11:52',3,'0000-00-00 00:00:00',1),(100000483,'09639055',1168,52,385,100000040,NULL,100006365,'','2023-07-05 02:11:51',23,'2023-07-17 00:07:05',9,'0000-00-00 00:00:00',5),(100000484,'33776092',1195,52,958,100000038,NULL,100006565,'','2023-07-05 03:11:50',23,'2023-07-18 14:06:27',5,'0000-00-00 00:00:00',1),(100000485,'37811400',1171,52,762,100000036,NULL,100006228,'','2023-07-05 04:11:49',5,'2023-07-05 04:11:49',5,'0000-00-00 00:00:00',1),(100000486,'05376875',1201,68,363,100000036,NULL,100006839,'','2023-07-05 05:11:48',2,'2023-07-05 05:11:48',2,'0000-00-00 00:00:00',1),(100000487,'76357281',1188,116,284,100000037,NULL,100006391,'','2023-07-05 06:11:47',4,'2023-07-05 06:11:47',4,'0000-00-00 00:00:00',1),(100000488,'52831414',1172,52,599,100000038,NULL,100006605,'','2023-07-05 07:11:46',8,'2023-07-05 07:11:46',8,'0000-00-00 00:00:00',1),(100000489,'11480413',1171,68,914,100000037,NULL,100006639,'Television culture face.','2023-07-05 08:11:45',8,'2023-07-21 06:05:23',25,'0000-00-00 00:00:00',1),(100000490,'56569004',1236,52,621,100000036,NULL,100006446,'','2023-07-05 09:11:44',9,'2023-07-05 09:11:44',9,'0000-00-00 00:00:00',1),(100000491,'47050268',1181,2,16,100000038,NULL,100006169,'','2023-07-05 10:11:43',6,'2023-07-05 10:11:43',6,'0000-00-00 00:00:00',1),(100000492,'03117194',1196,52,419,100000038,NULL,100006587,'Protect behavior.','2023-07-05 11:11:42',8,'2023-07-05 11:11:42',8,'0000-00-00 00:00:00',1),(100000493,'34121188',1190,45,479,100000036,NULL,100006675,'','2023-07-05 12:11:41',5,'2023-07-05 12:11:41',5,'0000-00-00 00:00:00',1),(100000494,'09616763',1194,2,61,100000037,NULL,100006540,'','2023-07-05 13:11:40',25,'2023-07-05 13:11:40',25,'0000-00-00 00:00:00',1),(100000495,'05373338',1179,5,51,100000039,NULL,100006440,'','2023-07-05 14:11:39',3,'2023-07-17 12:06:53',6,'0000-00-00 00:00:00',5),(100000496,'35589448',1195,3,936,100000038,NULL,100006073,'','2023-07-05 15:11:38',3,'2023-07-05 15:11:38',3,'0000-00-00 00:00:00',1),(100000497,'02379043',1225,113,733,100000036,NULL,100006692,'Drop admit necessary.','2023-07-05 16:11:37',6,'2023-07-05 16:11:37',6,'0000-00-00 00:00:00',1),(100000498,'47211897',1172,52,655,100000038,NULL,100006638,'','2023-07-05 17:11:36',6,'2023-07-21 17:05:12',24,'0000-00-00 00:00:00',1),(100000499,'90587186',1186,52,408,100000037,NULL,100006512,'','2023-07-05 18:11:35',7,'2023-07-05 18:11:35',7,'0000-00-00 00:00:00',1),(100000500,'26452159',1239,52,112,100000036,NULL,100006753,'','2023-07-05 19:11:34',7,'2023-07-05 19:11:34',7,'0000-00-00 00:00:00',1),(100000501,'19384839',1186,48,831,100000038,NULL,100006006,'Lot environmental.','2023-07-05 20:11:33',7,'2023-07-05 20:11:33',7,'0000-00-00 00:00:00',1),(100000502,'75076742',1203,68,459,100000040,NULL,100006709,'Still beautiful sell society.','2023-07-05 21:11:32',7,'2023-07-16 20:07:09',23,'0000-00-00 00:00:00',5),(100000503,'32729668',1223,71,760,100000037,NULL,100006349,'','2023-07-05 22:11:31',3,'2023-07-05 22:11:31',3,'0000-00-00 00:00:00',1),(100000504,'42620735',1239,115,24,100000039,NULL,100005958,'Write also.','2023-07-05 23:11:30',2,'2023-07-24 02:04:15',3,'0000-00-00 00:00:00',5),(100000505,'96399871',1214,36,477,100000038,NULL,100006821,'','2023-07-06 00:11:29',6,'2023-07-20 13:05:40',2,'0000-00-00 00:00:00',1),(100000506,'75865993',1190,5,499,100000036,NULL,100006769,'','2023-07-06 01:11:28',8,'2023-07-06 01:11:28',8,'0000-00-00 00:00:00',1),(100000507,'49893082',1197,52,122,100000038,NULL,100006198,'Visit will.','2023-07-06 02:11:27',7,'2024-01-06 02:59:33',2,'0000-00-00 00:00:00',1),(100000508,'07799823',1189,68,8,100000038,NULL,100005976,'','2023-07-06 03:11:26',7,'2023-07-06 03:11:26',7,'0000-00-00 00:00:00',1),(100000509,'86771413',1226,52,86,100000036,NULL,100006482,'','2023-07-06 04:11:25',4,'2023-07-06 04:11:25',4,'0000-00-00 00:00:00',1),(100000510,'21870248',1169,52,84,100000040,NULL,100006590,'','2023-07-06 05:11:24',5,'2023-07-16 21:07:08',25,'0000-00-00 00:00:00',5),(100000511,'75643421',1168,52,32,100000037,NULL,100006805,'','2023-07-06 06:11:23',23,'2023-07-06 06:11:23',23,'0000-00-00 00:00:00',1),(100000512,'02905786',1199,68,207,100000036,NULL,100006085,'Smile even eight.','2023-07-06 07:11:22',6,'2023-07-06 07:11:22',6,'0000-00-00 00:00:00',1),(100000513,'68727670',1230,3,69,100000037,NULL,100006830,'','2023-07-06 08:11:21',23,'2023-07-20 00:05:53',9,'0000-00-00 00:00:00',1),(100000514,'29484766',1182,203,822,100000036,NULL,100006112,'Why improve call.','2023-07-06 09:11:20',6,'2023-07-06 09:11:20',6,'0000-00-00 00:00:00',1),(100000515,'96203254',1191,71,149,100000038,NULL,100006836,'','2023-07-06 10:11:19',5,'2023-07-06 10:11:19',5,'0000-00-00 00:00:00',1),(100000516,'67236817',1181,2,758,100000038,NULL,100005993,'','2023-07-06 11:11:18',24,'2023-07-06 11:11:18',24,'0000-00-00 00:00:00',1),(100000517,'14322315',1203,68,880,100000040,NULL,100006522,'','2023-07-06 12:11:17',6,'2023-07-16 12:07:17',9,'0000-00-00 00:00:00',5),(100000518,'77495414',1239,68,981,100000037,NULL,100006460,'','2023-07-06 13:11:16',6,'2023-07-06 13:11:16',6,'0000-00-00 00:00:00',1),(100000519,'28899243',1173,52,552,100000036,NULL,100006659,'','2023-07-06 14:11:15',25,'2023-07-18 19:06:22',5,'0000-00-00 00:00:00',1),(100000520,'52062470',1215,63,162,100000036,NULL,100005973,'Recognize much.','2023-07-06 15:11:14',7,'2023-07-23 00:04:41',5,'0000-00-00 00:00:00',1),(100000521,'63789303',1192,52,174,100000040,NULL,100006106,'','2023-07-06 16:11:13',7,'2023-07-17 19:06:46',7,'0000-00-00 00:00:00',5),(100000522,'45833519',1234,203,140,100000036,NULL,100006242,'','2023-07-06 17:11:12',2,'2023-07-06 17:11:12',2,'0000-00-00 00:00:00',1),(100000523,'08878121',1211,139,187,100000036,NULL,100006682,'Job business official.','2023-07-06 18:11:11',6,'2023-07-06 18:11:11',6,'0000-00-00 00:00:00',1),(100000524,'97024018',1229,52,475,100000037,NULL,100006172,'','2023-07-06 19:11:10',2,'2023-07-06 19:11:10',2,'0000-00-00 00:00:00',1),(100000525,'05394779',1212,113,122,100000038,NULL,100006619,'','2023-07-06 20:11:09',2,'2023-07-06 20:11:09',2,'0000-00-00 00:00:00',1),(100000526,'47640730',1233,5,890,100000038,NULL,100006410,'','2023-07-06 21:11:08',25,'2023-07-06 21:11:08',25,'0000-00-00 00:00:00',1),(100000527,'69834331',1179,1,94,100000037,NULL,100006187,'','2023-07-06 22:11:07',3,'2023-07-06 22:11:07',3,'0000-00-00 00:00:00',1),(100000528,'87981401',1192,68,489,100000036,NULL,100006282,'Computer first throw become.','2023-07-06 23:11:06',24,'2023-07-06 23:11:06',24,'0000-00-00 00:00:00',1),(100000529,'03922942',1221,60,581,100000037,NULL,100006151,'','2023-07-07 00:11:05',23,'2023-07-07 00:11:05',23,'0000-00-00 00:00:00',1),(100000530,'65248104',1200,68,317,100000036,NULL,100006456,'','2023-07-07 01:11:04',6,'2023-07-07 01:11:04',6,'0000-00-00 00:00:00',1),(100000531,'50706186',1210,138,316,100000037,NULL,100006615,'','2023-07-07 02:11:03',6,'2023-07-07 02:11:03',6,'0000-00-00 00:00:00',1),(100000532,'98269372',1176,2,569,100000039,NULL,100006802,'','2023-07-07 03:11:02',6,'2023-07-17 07:06:58',8,'0000-00-00 00:00:00',5),(100000533,'98479899',1217,51,868,100000037,NULL,100006678,'','2023-07-07 04:11:01',4,'2023-07-07 04:11:01',4,'0000-00-00 00:00:00',1),(100000534,'12867792',1180,5,878,100000036,NULL,100006547,'','2023-07-07 05:11:00',7,'2023-07-07 05:11:00',7,'0000-00-00 00:00:00',1),(100000535,'86325289',1240,68,858,100000039,NULL,100006708,'Every cultural better country.','2023-07-07 06:10:59',23,'2023-07-16 17:07:12',7,'0000-00-00 00:00:00',5),(100000536,'87195787',1218,52,541,100000040,NULL,100005954,'Movie gun.','2023-07-07 07:10:58',3,'2023-07-24 08:04:09',23,'0000-00-00 00:00:00',5),(100000537,'04419948',1227,113,891,100000036,NULL,100006591,'Soon person.','2023-07-07 08:10:57',9,'2023-07-07 08:10:57',9,'0000-00-00 00:00:00',1),(100000538,'48838180',1175,5,56,100000039,NULL,100006401,'','2023-07-07 09:10:56',2,'2023-07-20 05:05:48',7,'0000-00-00 00:00:00',5),(100000539,'66624789',1217,29,194,100000037,NULL,100006611,'','2023-07-07 10:10:55',24,'2024-01-06 02:59:33',2,'0000-00-00 00:00:00',1),(100000540,'12559003',1223,68,894,100000037,NULL,100006622,'','2023-07-07 11:10:54',4,'2023-07-20 08:05:45',9,'0000-00-00 00:00:00',1),(100000541,'18294341',1196,52,656,100000040,NULL,100006148,'','2023-07-07 12:10:53',7,'2023-07-16 05:07:24',23,'0000-00-00 00:00:00',5),(100000542,'69516492',1178,5,194,100000037,NULL,100006328,'','2023-07-07 13:10:52',4,'2023-07-07 13:10:52',4,'0000-00-00 00:00:00',1),(100000543,'09957545',1173,52,582,100000038,NULL,100006716,'Impact.','2023-07-07 14:10:51',4,'2023-07-22 13:04:52',7,'0000-00-00 00:00:00',1),(100000544,'67038708',1197,68,781,100000037,NULL,100005972,'','2023-07-07 15:10:50',6,'2023-07-07 15:10:50',6,'0000-00-00 00:00:00',1),(100000545,'47193236',1179,125,118,100000037,NULL,100006536,'','2023-07-07 16:10:49',6,'2023-07-19 20:05:57',6,'0000-00-00 00:00:00',1),(100000546,'00153638',1231,68,477,100000036,NULL,100006507,'','2023-07-07 17:10:48',5,'2023-07-07 17:10:48',5,'0000-00-00 00:00:00',1),(100000547,'01715721',1226,52,431,100000040,NULL,100006126,'','2023-07-07 18:10:47',23,'2023-07-17 21:06:44',23,'0000-00-00 00:00:00',5),(100000548,'71792761',1230,71,745,100000038,NULL,100005978,'','2023-07-07 19:10:46',4,'2023-07-07 19:10:46',4,'0000-00-00 00:00:00',1),(100000549,'71483615',1185,4,753,100000036,NULL,100006463,'','2023-07-07 20:10:45',2,'2023-07-07 20:10:45',2,'0000-00-00 00:00:00',1),(100000550,'93860759',1208,68,666,100000037,NULL,100006052,'','2023-07-07 21:10:44',2,'2023-07-07 21:10:44',2,'0000-00-00 00:00:00',1),(100000551,'55027838',1187,203,625,100000038,NULL,100006666,'','2023-07-07 22:10:43',6,'2023-07-07 22:10:43',6,'0000-00-00 00:00:00',1),(100000552,'05491979',1198,68,61,100000039,NULL,100006167,'','2023-07-07 23:10:42',9,'2023-07-19 10:06:07',5,'0000-00-00 00:00:00',5),(100000553,'13589141',1222,203,381,100000036,NULL,100006380,'Nature.','2023-07-08 00:10:41',23,'2023-07-23 13:04:28',5,'0000-00-00 00:00:00',1),(100000554,'81451342',1175,71,674,100000037,NULL,100005990,'','2023-07-08 01:10:40',3,'2023-07-08 01:10:40',3,'0000-00-00 00:00:00',1),(100000555,'72733911',1236,52,466,100000036,NULL,100006196,'Over.','2023-07-08 02:10:39',8,'2024-01-06 02:59:33',2,'0000-00-00 00:00:00',1),(100000556,'17414124',1218,52,478,100000038,NULL,100006641,'','2023-07-08 03:10:38',4,'2023-07-21 13:05:16',25,'0000-00-00 00:00:00',1),(100000557,'56389760',1203,68,510,100000036,NULL,100006223,'Pay participant.','2023-07-08 04:10:37',5,'2023-07-08 04:10:37',5,'0000-00-00 00:00:00',1),(100000558,'28213930',1227,115,266,100000037,NULL,100006417,'','2023-07-08 05:10:36',25,'2023-07-08 05:10:36',25,'0000-00-00 00:00:00',1),(100000559,'57449875',1168,52,991,100000037,NULL,100006670,'','2023-07-08 06:10:35',5,'2023-07-08 06:10:35',5,'0000-00-00 00:00:00',1),(100000560,'75460246',1168,52,301,100000038,NULL,100006395,'Box quickly fund.','2023-07-08 07:10:34',6,'2023-07-08 07:10:34',6,'0000-00-00 00:00:00',1),(100000561,'28052661',1207,68,210,100000036,NULL,100006140,'','2023-07-08 08:10:33',4,'2023-07-21 16:05:13',4,'0000-00-00 00:00:00',1),(100000562,'88015836',1166,52,802,100000036,NULL,100006055,'','2023-07-08 09:10:32',3,'2023-07-08 09:10:32',3,'0000-00-00 00:00:00',1),(100000563,'34126183',1228,68,701,100000037,NULL,100006383,'','2023-07-08 10:10:31',7,'2023-07-08 10:10:31',7,'0000-00-00 00:00:00',1),(100000564,'02838415',1212,139,478,100000036,NULL,100006633,'','2023-07-08 11:10:30',5,'2023-07-08 11:10:30',5,'0000-00-00 00:00:00',1),(100000565,'01010167',1228,125,457,100000037,NULL,100006735,'Bag health.','2023-07-08 12:10:29',2,'2023-07-23 04:04:37',3,'0000-00-00 00:00:00',1),(100000566,'31534111',1185,4,612,100000038,NULL,100006517,'Citizen respond smile.','2023-07-08 13:10:28',3,'2023-07-08 13:10:28',3,'0000-00-00 00:00:00',1),(100000567,'75187589',1232,1,697,100000038,NULL,100006182,'Resource admit agree.','2023-07-08 14:10:27',24,'2023-07-08 14:10:27',24,'0000-00-00 00:00:00',1),(100000568,'65973652',1200,68,214,100000038,NULL,100006316,'','2023-07-08 15:10:26',4,'2023-07-08 15:10:26',4,'0000-00-00 00:00:00',1),(100000569,'45156363',1174,2,544,100000036,NULL,100006841,'','2023-07-08 16:10:25',23,'2023-07-08 16:10:25',23,'0000-00-00 00:00:00',1),(100000570,'71657391',1186,3,49,100000037,NULL,100006776,'','2023-07-08 17:10:24',9,'2023-07-21 08:05:21',4,'0000-00-00 00:00:00',1),(100000571,'93984615',1222,4,254,100000040,NULL,100006114,'','2023-07-08 18:10:23',24,'2023-07-17 10:06:55',25,'0000-00-00 00:00:00',5),(100000572,'46615779',1199,68,96,100000037,NULL,100006737,'','2023-07-08 19:10:22',9,'2023-07-08 19:10:22',9,'0000-00-00 00:00:00',1),(100000573,'25393239',1209,68,478,100000038,NULL,100006225,'','2023-07-08 20:10:21',8,'2023-07-20 01:05:52',6,'0000-00-00 00:00:00',1),(100000574,'18561530',1193,52,527,100000037,NULL,100006305,'','2023-07-08 21:10:20',23,'2023-07-08 21:10:20',23,'0000-00-00 00:00:00',1),(100000575,'31423207',1198,68,912,100000036,NULL,100006357,'','2023-07-08 22:10:19',9,'2023-07-08 22:10:19',9,'0000-00-00 00:00:00',1),(100000576,'10864000',1206,68,977,100000037,NULL,100006574,'','2023-07-08 23:10:18',2,'2023-07-08 23:10:18',2,'0000-00-00 00:00:00',1),(100000577,'29624919',1183,203,663,100000037,NULL,100006774,'Along sort idea.','2023-07-09 00:10:17',6,'2023-07-09 00:10:17',6,'0000-00-00 00:00:00',1),(100000578,'98535025',1170,52,263,100000037,NULL,100006820,'Possible front.','2023-07-09 01:10:16',2,'2023-07-20 18:05:35',3,'0000-00-00 00:00:00',1),(100000579,'13352870',1221,97,310,100000038,NULL,100006576,'Already my.','2023-07-09 02:10:15',6,'2023-07-21 04:05:25',8,'0000-00-00 00:00:00',1),(100000580,'41511980',1182,5,651,100000040,NULL,100006284,'','2023-07-09 03:10:14',4,'2023-07-17 02:07:03',2,'0000-00-00 00:00:00',5),(100000581,'61851752',1187,116,455,100000036,NULL,100006502,'Loss arrive for.','2023-07-09 04:10:13',25,'2023-07-09 04:10:13',25,'0000-00-00 00:00:00',1),(100000582,'51272663',1200,68,708,100000038,NULL,100006042,'','2023-07-09 05:10:12',24,'2023-07-09 05:10:12',24,'0000-00-00 00:00:00',1),(100000583,'32595657',1167,2,561,100000036,NULL,100006364,'Indicate realize.','2023-07-09 06:10:11',23,'2023-07-09 06:10:11',23,'0000-00-00 00:00:00',1),(100000584,'44936302',1240,47,205,100000037,NULL,100006120,'','2023-07-09 07:10:10',23,'2023-07-09 07:10:10',23,'0000-00-00 00:00:00',1),(100000585,'05142785',1216,26,565,100000038,NULL,100006467,'','2023-07-09 08:10:09',7,'2023-07-09 08:10:09',7,'0000-00-00 00:00:00',1),(100000586,'24663155',1173,68,391,100000036,NULL,100006428,'','2023-07-09 09:10:08',5,'2023-07-09 09:10:08',5,'0000-00-00 00:00:00',1),(100000587,'10463871',1207,68,612,100000040,NULL,100006246,'Address family.','2023-07-09 10:10:07',24,'2023-07-22 19:04:46',23,'0000-00-00 00:00:00',5),(100000588,'61046431',1212,138,656,100000038,NULL,100006373,'','2023-07-09 11:10:06',6,'2024-01-06 02:59:33',2,'0000-00-00 00:00:00',1),(100000589,'28591622',1231,118,171,100000038,NULL,100006720,'Republican.','2023-07-09 12:10:05',9,'2023-07-23 03:04:38',25,'0000-00-00 00:00:00',1),(100000590,'78321935',1200,68,790,100000036,NULL,100006454,'','2023-07-09 13:10:04',2,'2023-07-09 13:10:04',2,'0000-00-00 00:00:00',1),(100000591,'29136590',1171,2,739,100000040,NULL,100006646,'','2023-07-09 14:10:03',8,'2023-07-16 14:07:15',3,'0000-00-00 00:00:00',5),(100000592,'75660089',1222,203,505,100000037,NULL,100006083,'','2023-07-09 15:10:02',5,'2023-07-09 15:10:02',5,'0000-00-00 00:00:00',1),(100000593,'55601830',1223,68,575,100000036,NULL,100006361,'','2023-07-09 16:10:01',5,'2023-07-22 03:05:02',9,'0000-00-00 00:00:00',1),(100000594,'71125982',1171,52,642,100000036,NULL,100006721,'','2023-07-09 17:10:00',23,'2023-07-21 15:05:14',5,'0000-00-00 00:00:00',1),(100000595,'13457734',1223,68,437,100000038,NULL,100006621,'Window.','2023-07-09 18:09:59',7,'2023-07-20 10:05:43',8,'0000-00-00 00:00:00',1),(100000596,'38070351',1232,5,634,100000036,NULL,100006434,'Run eight activity kind.','2023-07-09 19:09:58',6,'2023-07-09 19:09:58',6,'0000-00-00 00:00:00',1),(100000597,'23891499',1186,117,616,100000038,NULL,100006301,'','2023-07-09 20:09:57',7,'2023-07-09 20:09:57',7,'0000-00-00 00:00:00',1),(100000598,'62208776',1195,4,486,100000037,NULL,100006331,'Until again hot.','2023-07-09 21:09:56',5,'2023-07-09 21:09:56',5,'0000-00-00 00:00:00',1),(100000599,'22137169',1229,52,721,100000036,NULL,100006688,'Foreign central.','2023-07-09 22:09:55',23,'2023-07-09 22:09:55',23,'0000-00-00 00:00:00',1),(100000600,'88882851',1171,5,443,100000036,NULL,100006664,'','2023-07-09 23:09:54',6,'2023-07-09 23:09:54',6,'0000-00-00 00:00:00',1),(100000601,'52838526',1183,203,915,100000037,NULL,100006527,'','2023-07-10 00:09:53',8,'2023-07-10 00:09:53',8,'0000-00-00 00:00:00',1),(100000602,'50728330',1178,125,297,100000037,NULL,100006224,'','2023-07-10 01:09:52',25,'2023-07-10 01:09:52',25,'0000-00-00 00:00:00',1),(100000603,'93431504',1169,52,512,100000038,NULL,100006012,'','2023-07-10 02:09:51',9,'2023-07-10 02:09:51',9,'0000-00-00 00:00:00',1),(100000604,'17207050',1195,52,847,100000036,NULL,100006304,'','2023-07-10 03:09:50',8,'2023-07-10 03:09:50',8,'0000-00-00 00:00:00',1),(100000605,'02239865',1188,116,284,100000038,NULL,100006069,'','2023-07-10 04:09:49',9,'2023-07-10 04:09:49',9,'0000-00-00 00:00:00',1),(100000606,'43015268',1189,68,328,100000037,NULL,100006041,'Speak finish.','2023-07-10 05:09:48',2,'2023-07-10 05:09:48',2,'0000-00-00 00:00:00',1),(100000607,'14445367',1166,68,532,100000037,NULL,100006320,'','2023-07-10 06:09:47',4,'2023-07-10 06:09:47',4,'0000-00-00 00:00:00',1),(100000608,'46990919',1183,1,182,100000036,NULL,100006815,'','2023-07-10 07:09:46',5,'2023-07-10 07:09:46',5,'0000-00-00 00:00:00',1),(100000609,'59988108',1170,124,137,100000036,NULL,100006325,'Scientist meet themselves.','2023-07-10 08:09:45',8,'2023-07-10 08:09:45',8,'0000-00-00 00:00:00',1),(100000610,'47117013',1186,52,978,100000036,NULL,100006515,'','2023-07-10 09:09:44',6,'2023-07-10 09:09:44',6,'0000-00-00 00:00:00',1),(100000611,'99708924',1225,114,76,100000036,NULL,100006771,'','2023-07-10 10:09:43',6,'2023-07-10 10:09:43',6,'0000-00-00 00:00:00',1),(100000612,'51167045',1182,5,759,100000036,NULL,100006322,'','2023-07-10 11:09:42',5,'2023-07-10 11:09:42',5,'0000-00-00 00:00:00',1),(100000613,'95807658',1237,68,853,100000036,NULL,100005992,'Instead able.','2023-07-10 12:09:41',2,'2023-07-10 12:09:41',2,'0000-00-00 00:00:00',1),(100000614,'34178477',1196,4,156,100000037,NULL,100006080,'','2023-07-10 13:09:40',25,'2023-07-10 13:09:40',25,'0000-00-00 00:00:00',1),(100000615,'36192956',1176,1,222,100000039,NULL,100005974,'','2023-07-10 14:09:39',5,'2023-07-16 03:07:26',25,'0000-00-00 00:00:00',5),(100000616,'71938832',1205,111,674,100000037,NULL,100006421,'Adult clearly ok.','2023-07-10 15:09:38',7,'2023-07-10 15:09:38',7,'0000-00-00 00:00:00',1),(100000617,'41232425',1203,52,977,100000040,NULL,100006089,'','2023-07-10 16:09:37',4,'2023-07-16 07:07:22',23,'0000-00-00 00:00:00',5),(100000618,'75351966',1195,52,169,100000038,NULL,100006314,'Smile message lay.','2023-07-10 17:09:36',5,'2023-07-10 17:09:36',5,'0000-00-00 00:00:00',1),(100000619,'44747188',1230,5,979,100000037,NULL,100006015,'Key whatever environmental.','2023-07-10 18:09:35',23,'2023-07-10 18:09:35',23,'0000-00-00 00:00:00',1),(100000620,'25226845',1239,114,999,100000037,NULL,100006643,'','2023-07-10 19:09:34',4,'2023-07-10 19:09:34',4,'0000-00-00 00:00:00',1),(100000621,'39062277',1228,1,92,100000037,NULL,100006758,'','2023-07-10 20:09:33',3,'2023-07-19 02:06:15',3,'0000-00-00 00:00:00',1),(100000622,'40254384',1171,52,663,100000038,NULL,100006358,'','2023-07-10 21:09:32',8,'2023-07-10 21:09:32',8,'0000-00-00 00:00:00',1),(100000623,'53748127',1170,52,508,100000038,NULL,100006327,'','2023-07-10 22:09:31',6,'2023-07-19 00:06:17',4,'0000-00-00 00:00:00',1),(100000624,'04240029',1196,52,383,100000037,NULL,100006718,'','2023-07-10 23:09:30',7,'2023-07-10 23:09:30',7,'0000-00-00 00:00:00',1),(100000625,'28576644',1166,52,220,100000036,NULL,100006568,'Do religious.','2023-07-11 00:09:29',6,'2023-07-24 01:04:16',8,'0000-00-00 00:00:00',1),(100000626,'34214296',1194,52,70,100000037,NULL,100006707,'','2023-07-11 01:09:28',24,'2023-07-11 01:09:28',24,'0000-00-00 00:00:00',1),(100000627,'03273614',1190,45,795,100000038,NULL,100006403,'','2023-07-11 02:09:27',7,'2023-07-11 02:09:27',7,'0000-00-00 00:00:00',1),(100000628,'89383952',1197,3,831,100000037,NULL,100005965,'','2023-07-11 03:09:26',23,'2023-07-21 14:05:15',2,'0000-00-00 00:00:00',1),(100000629,'75658099',1191,68,665,100000038,NULL,100006218,'Weight drop.','2023-07-11 04:09:25',23,'2023-07-11 04:09:25',23,'0000-00-00 00:00:00',1),(100000630,'05764640',1181,203,301,100000038,NULL,100006450,'','2023-07-11 05:09:24',9,'2023-07-11 05:09:24',9,'0000-00-00 00:00:00',1),(100000631,'74943786',1218,52,160,100000036,NULL,100006663,'','2023-07-11 06:09:23',4,'2023-07-20 23:05:30',5,'0000-00-00 00:00:00',1),(100000632,'50269090',1225,52,895,100000037,NULL,100006714,'','2023-07-11 07:09:22',24,'2023-07-11 07:09:22',24,'0000-00-00 00:00:00',1),(100000633,'70907272',1231,68,818,100000037,NULL,100006782,'','2023-07-11 08:09:21',9,'2023-07-11 08:09:21',9,'0000-00-00 00:00:00',1),(100000634,'34765775',1231,68,919,100000036,NULL,100006465,'','2023-07-11 09:09:20',6,'2023-07-11 09:09:20',6,'0000-00-00 00:00:00',1),(100000635,'67202907',1229,52,796,100000037,NULL,100006238,'Positive unit.','2023-07-11 10:09:19',4,'2023-07-23 20:04:21',3,'0000-00-00 00:00:00',1),(100000636,'58867655',1199,52,252,100000038,NULL,100006239,'After for.','2023-07-11 11:09:18',8,'2023-07-11 11:09:18',8,'0000-00-00 00:00:00',1),(100000637,'96738378',1223,118,723,100000036,NULL,100006689,'','2023-07-11 12:09:17',6,'2023-07-11 12:09:17',6,'0000-00-00 00:00:00',1),(100000638,'30956141',1222,4,166,100000036,NULL,100006129,'','2023-07-11 13:09:16',2,'2023-07-11 13:09:16',2,'0000-00-00 00:00:00',1),(100000639,'73340174',1198,68,266,100000038,NULL,100005984,'','2023-07-11 14:09:15',4,'2023-07-21 11:05:18',23,'0000-00-00 00:00:00',1),(100000640,'38534746',1206,68,676,100000038,NULL,100006501,'','2023-07-11 15:09:14',6,'2023-07-11 15:09:14',6,'0000-00-00 00:00:00',1),(100000641,'75600589',1175,2,843,100000036,NULL,100006337,'','2023-07-11 16:09:13',4,'2023-07-11 16:09:13',4,'0000-00-00 00:00:00',1),(100000642,'67261063',1230,48,422,100000036,NULL,100006175,'','2023-07-11 17:09:12',6,'2023-07-11 17:09:12',6,'0000-00-00 00:00:00',1),(100000643,'98319976',1217,69,643,100000036,NULL,100005952,'Stay less.','2023-07-11 18:09:11',3,'2023-07-23 23:04:18',25,'0000-00-00 00:00:00',1),(100000644,'18796406',1236,68,637,100000038,NULL,100006437,'','2023-07-11 19:09:10',23,'2023-07-11 19:09:10',23,'0000-00-00 00:00:00',1),(100000645,'78617661',1207,68,822,100000036,NULL,100006618,'','2023-07-11 20:09:09',4,'2023-07-11 20:09:09',4,'0000-00-00 00:00:00',1),(100000646,'44543889',1193,5,915,100000037,NULL,100006699,'Pass quite cultural.','2023-07-11 21:09:08',24,'2023-07-11 21:09:08',24,'0000-00-00 00:00:00',1),(100000647,'95948169',1223,68,357,100000037,NULL,100006093,'Measure.','2023-07-11 22:09:07',4,'2024-01-06 02:59:33',2,'0000-00-00 00:00:00',1),(100000648,'07898009',1185,3,110,100000038,NULL,100006588,'','2023-07-11 23:09:06',9,'2023-07-11 23:09:06',9,'0000-00-00 00:00:00',1),(100000649,'71708512',1210,108,435,100000038,NULL,100006486,'','2023-07-12 00:09:05',25,'2023-07-12 00:09:05',25,'0000-00-00 00:00:00',1),(100000650,'97374441',1172,52,876,100000039,NULL,100006672,'Probably situation.','2023-07-12 01:09:04',24,'2023-07-23 07:04:34',4,'0000-00-00 00:00:00',5),(100000651,'30531903',1184,71,873,100000037,NULL,100006381,'Body dinner energy.','2023-07-12 02:09:03',24,'2023-07-12 02:09:03',24,'0000-00-00 00:00:00',1),(100000652,'21473970',1202,52,420,100000037,NULL,100006317,'','2023-07-12 03:09:02',7,'2023-07-12 03:09:02',7,'0000-00-00 00:00:00',1),(100000653,'07024375',1170,125,128,100000038,NULL,100006790,'','2023-07-12 04:09:01',3,'2023-07-12 04:09:01',3,'0000-00-00 00:00:00',1),(100000654,'05717302',1225,68,352,100000037,NULL,100006298,'','2023-07-12 05:09:00',7,'2023-07-12 05:09:00',7,'0000-00-00 00:00:00',1),(100000655,'07086258',1189,68,717,100000040,NULL,100006046,'International her.','2023-07-12 06:08:59',8,'2023-07-23 22:04:19',2,'0000-00-00 00:00:00',5),(100000656,'00278473',1172,68,410,100000037,NULL,100006796,'Get range.','2023-07-12 07:08:58',25,'2023-07-23 16:04:25',23,'0000-00-00 00:00:00',1),(100000657,'24675725',1193,69,314,100000038,NULL,100006630,'Center everybody.','2023-07-12 08:08:57',2,'2023-07-24 00:04:17',5,'0000-00-00 00:00:00',1),(100000658,'19667141',1176,1,187,100000038,NULL,100006285,'','2023-07-12 09:08:56',23,'2023-07-12 09:08:56',23,'0000-00-00 00:00:00',1),(100000659,'66560731',1166,52,485,100000036,NULL,100006429,'','2023-07-12 10:08:55',24,'2023-07-19 04:06:13',25,'0000-00-00 00:00:00',1),(100000660,'54508428',1186,1,878,100000036,NULL,100006213,'','2023-07-12 11:08:54',23,'2023-07-12 11:08:54',23,'0000-00-00 00:00:00',1),(100000661,'43633530',1230,203,185,100000037,NULL,100006340,'','2023-07-12 12:08:53',23,'2023-07-12 12:08:53',23,'0000-00-00 00:00:00',1),(100000662,'19543216',1203,68,4,100000037,NULL,100006595,'','2023-07-12 13:08:52',6,'2024-01-05 10:59:49',2,'0000-00-00 00:00:00',1),(100000663,'72112274',1223,68,247,100000038,NULL,100006277,'','2023-07-12 14:08:51',9,'2023-07-12 14:08:51',9,'0000-00-00 00:00:00',1),(100000664,'34382840',1211,139,453,100000036,NULL,100006116,'','2023-07-12 15:08:50',25,'2023-07-22 00:05:05',5,'0000-00-00 00:00:00',1),(100000665,'80516058',1202,52,276,100000036,NULL,100006700,'','2023-07-12 16:08:49',24,'2023-07-12 16:08:49',24,'0000-00-00 00:00:00',1),(100000666,'25362447',1189,97,212,100000037,NULL,100006302,'','2023-07-12 17:08:48',2,'2023-07-12 17:08:48',2,'0000-00-00 00:00:00',1),(100000667,'42739525',1204,115,819,100000037,NULL,100006526,'','2023-07-12 18:08:47',23,'2023-07-12 18:08:47',23,'0000-00-00 00:00:00',1),(100000668,'93818292',1232,3,993,100000036,NULL,100006076,'Policy understand.','2023-07-12 19:08:46',8,'2023-07-12 19:08:46',8,'0000-00-00 00:00:00',1),(100000669,'68086975',1213,33,750,100000038,NULL,100006137,'','2023-07-12 20:08:45',23,'2023-07-12 20:08:45',23,'0000-00-00 00:00:00',1),(100000670,'72427356',1230,71,518,100000036,NULL,100006798,'','2023-07-12 21:08:44',5,'2023-07-12 21:08:44',5,'0000-00-00 00:00:00',1),(100000671,'73890090',1194,52,289,100000037,NULL,100006509,'','2023-07-12 22:08:43',24,'2023-07-12 22:08:43',24,'0000-00-00 00:00:00',1),(100000672,'91132264',1169,68,692,100000038,NULL,100006680,'','2023-07-12 23:08:42',4,'2023-07-12 23:08:42',4,'0000-00-00 00:00:00',1),(100000673,'95119953',1180,3,138,100000036,NULL,100006296,'','2023-07-13 00:08:41',6,'2023-07-13 00:08:41',6,'0000-00-00 00:00:00',1),(100000674,'03733073',1222,71,9,100000036,NULL,100006004,'','2023-07-13 01:08:40',4,'2023-07-18 20:06:21',24,'0000-00-00 00:00:00',1),(100000675,'46580041',1227,52,5,100000037,NULL,100006353,'','2023-07-13 02:08:39',25,'2023-07-13 02:08:39',25,'0000-00-00 00:00:00',1),(100000676,'51594738',1204,52,200,100000038,NULL,100006215,'Fight of.','2023-07-13 03:08:38',7,'2023-07-13 03:08:38',7,'0000-00-00 00:00:00',1),(100000677,'61282205',1194,52,969,100000036,NULL,100006369,'Public management choose.','2023-07-13 04:08:37',2,'2023-07-13 04:08:37',2,'0000-00-00 00:00:00',1),(100000678,'93581143',1172,2,151,100000038,NULL,100006448,'','2023-07-13 05:08:36',25,'2023-07-13 05:08:36',25,'0000-00-00 00:00:00',1),(100000679,'55038836',1170,52,798,100000040,NULL,100006504,'Fish.','2023-07-13 06:08:35',23,'2023-07-23 09:04:32',5,'0000-00-00 00:00:00',5),(100000680,'51571699',1217,67,971,100000037,NULL,100006578,'','2023-07-13 07:08:34',24,'2023-07-13 07:08:34',24,'0000-00-00 00:00:00',1),(100000681,'14770490',1167,124,482,100000037,NULL,100006293,'','2023-07-13 08:08:33',7,'2023-07-13 08:08:33',7,'0000-00-00 00:00:00',1),(100000682,'53572447',1181,125,406,100000038,NULL,100005961,'','2023-07-13 09:08:32',4,'2023-07-13 09:08:32',4,'0000-00-00 00:00:00',1),(100000683,'98559159',1188,68,154,100000036,NULL,100006266,'','2023-07-13 10:08:31',2,'2023-07-13 10:08:31',2,'0000-00-00 00:00:00',1),(100000684,'63753740',1213,20,385,100000036,NULL,100006511,'Finish method.','2023-07-13 11:08:30',7,'2023-07-22 08:04:57',6,'0000-00-00 00:00:00',1),(100000685,'73970950',1184,3,224,100000037,NULL,100005944,'','2023-07-13 12:08:29',6,'2023-07-20 04:05:49',5,'0000-00-00 00:00:00',1),(100000686,'48810321',1189,68,812,100000038,NULL,100006254,'','2023-07-13 13:08:28',5,'2023-07-13 13:08:28',5,'0000-00-00 00:00:00',1),(100000687,'73702913',1211,115,270,100000039,NULL,100006075,'','2023-07-13 14:08:27',3,'2023-07-16 09:07:20',23,'0000-00-00 00:00:00',5),(100000688,'00283636',1214,29,681,100000036,NULL,100006184,'History political.','2023-07-13 15:08:26',4,'2023-07-22 16:04:49',5,'0000-00-00 00:00:00',1),(100000689,'45106070',1169,52,402,100000038,NULL,100006484,'','2023-07-13 16:08:25',23,'2023-07-13 16:08:25',23,'0000-00-00 00:00:00',1),(100000690,'78354060',1196,124,948,100000038,NULL,100006647,'Protect effort.','2023-07-13 17:08:24',9,'2023-07-13 17:08:24',9,'0000-00-00 00:00:00',1),(100000691,'03200029',1187,52,459,100000036,NULL,100006110,'','2023-07-13 18:08:23',25,'2023-07-13 18:08:23',25,'0000-00-00 00:00:00',1),(100000692,'75740785',1207,68,628,100000036,NULL,100006010,'','2023-07-13 19:08:22',3,'2023-07-13 19:08:22',3,'0000-00-00 00:00:00',1),(100000693,'67116117',1184,3,583,100000039,NULL,100006405,'','2023-07-13 20:08:21',3,'2023-07-17 09:06:56',8,'0000-00-00 00:00:00',5),(100000694,'76290937',1201,68,476,100000036,NULL,100006483,'','2023-07-13 21:08:20',2,'2023-07-13 21:08:20',2,'0000-00-00 00:00:00',1),(100000695,'12607287',1227,112,853,100000036,NULL,100006178,'','2023-07-13 22:08:19',23,'2023-07-13 22:08:19',23,'0000-00-00 00:00:00',1),(100000696,'65071932',1233,44,806,100000038,NULL,100006825,'','2023-07-13 23:08:18',25,'2023-07-13 23:08:18',25,'0000-00-00 00:00:00',1),(100000697,'99571276',1203,68,536,100000038,NULL,100006115,'','2023-07-14 00:08:17',5,'2023-07-14 00:08:17',5,'0000-00-00 00:00:00',1),(100000698,'39895087',1230,71,553,100000038,NULL,100006416,'','2023-07-14 01:08:16',5,'2023-07-14 01:08:16',5,'0000-00-00 00:00:00',1),(100000699,'33761961',1191,68,161,100000036,NULL,100006177,'','2023-07-14 02:08:15',23,'2023-07-14 02:08:15',23,'0000-00-00 00:00:00',1),(100000700,'04289429',1171,52,178,100000038,NULL,100005986,'','2023-07-14 03:08:14',2,'2023-07-14 03:08:14',2,'0000-00-00 00:00:00',1),(100000701,'77754780',1192,52,547,100000038,NULL,100005957,'','2023-07-14 04:08:13',8,'2023-07-14 04:08:13',8,'0000-00-00 00:00:00',1),(100000702,'48671930',1190,117,437,100000036,NULL,100006557,'Tax.','2023-07-14 05:08:12',23,'2023-07-23 10:04:31',7,'0000-00-00 00:00:00',1),(100000703,'03219426',1217,30,203,100000037,NULL,100006390,'','2023-07-14 06:08:11',2,'2023-07-14 06:08:11',2,'0000-00-00 00:00:00',1),(100000704,'22865952',1197,125,677,100000038,NULL,100006650,'','2023-07-14 07:08:10',2,'2023-07-21 18:05:11',2,'0000-00-00 00:00:00',1),(100000705,'05484085',1189,52,566,100000039,NULL,100006723,'','2023-07-14 08:08:09',3,'2023-07-17 04:07:01',5,'0000-00-00 00:00:00',5),(100000706,'06249111',1175,5,190,100000037,NULL,100006433,'Five.','2023-07-14 09:08:08',2,'2023-07-14 09:08:08',2,'0000-00-00 00:00:00',1),(100000707,'40122325',1179,203,220,100000038,NULL,100006359,'','2023-07-14 10:08:07',9,'2023-07-14 10:08:07',9,'0000-00-00 00:00:00',1),(100000708,'11475968',1191,52,231,100000036,NULL,100006625,'Policy price.','2023-07-14 11:08:06',5,'2023-07-23 15:04:26',4,'0000-00-00 00:00:00',1),(100000709,'98002784',1178,203,971,100000040,NULL,100006185,'','2023-07-14 12:08:05',5,'2023-07-16 18:07:11',6,'0000-00-00 00:00:00',5),(100000710,'52980509',1192,68,963,100000038,NULL,100006422,'','2023-07-14 13:08:04',23,'2023-07-14 13:08:04',23,'0000-00-00 00:00:00',1),(100000711,'52953428',1172,52,328,100000036,NULL,100006806,'','2023-07-14 14:08:03',2,'2023-07-14 14:08:03',2,'0000-00-00 00:00:00',1),(100000712,'66102130',1237,68,909,100000038,NULL,100006289,'','2023-07-14 15:08:02',5,'2023-07-14 15:08:02',5,'0000-00-00 00:00:00',1),(100000713,'56219032',1174,3,794,100000036,NULL,100006745,'West audience capital.','2023-07-14 16:08:01',24,'2023-07-14 16:08:01',24,'0000-00-00 00:00:00',1),(100000714,'77082130',1189,68,795,100000038,NULL,100006087,'','2023-07-14 17:08:00',2,'2023-07-19 18:05:59',8,'0000-00-00 00:00:00',1),(100000715,'51494564',1171,5,196,100000037,NULL,100006308,'','2023-07-14 18:07:59',25,'2023-07-14 18:07:59',25,'0000-00-00 00:00:00',1),(100000716,'24020594',1192,68,970,100000036,NULL,100006202,'','2023-07-14 19:07:58',2,'2023-07-20 19:05:34',24,'0000-00-00 00:00:00',1),(100000717,'76836333',1206,68,909,100000036,NULL,100006816,'','2023-07-14 20:07:57',9,'2023-07-14 20:07:57',9,'0000-00-00 00:00:00',1),(100000718,'34147960',1200,68,36,100000036,NULL,100006521,'','2023-07-14 21:07:56',2,'2023-07-14 21:07:56',2,'0000-00-00 00:00:00',1),(100000719,'62589752',1202,68,978,100000037,NULL,100006764,'Become defense.','2023-07-14 22:07:55',2,'2023-07-14 22:07:55',2,'0000-00-00 00:00:00',1),(100000720,'83114840',1239,68,946,100000037,NULL,100006457,'Kind vote.','2023-07-14 23:07:54',7,'2023-07-24 05:04:12',4,'0000-00-00 00:00:00',1),(100000721,'55979684',1207,68,145,100000036,NULL,100006838,'','2023-07-15 00:07:53',6,'2023-07-15 00:07:53',6,'0000-00-00 00:00:00',1),(100000722,'23295658',1278,68,721,100000043,NULL,100005975,'','2023-07-15 01:07:52',7,'2024-01-05 13:59:46',10,'0000-00-00 00:00:00',8),(100000723,'98904886',1167,124,1,100000036,NULL,100005943,'','2023-07-15 02:07:51',2,'2024-01-06 02:59:33',2,'0000-00-00 00:00:00',1),(100000724,'37247483',1182,2,704,100000038,NULL,100006523,'Service American.','2023-07-15 03:07:50',23,'2023-07-24 09:04:08',24,'0000-00-00 00:00:00',1),(100000725,'01650867',1177,5,980,100000038,NULL,100006005,'','2023-07-15 04:07:49',7,'2024-01-06 02:59:33',2,'0000-00-00 00:00:00',1),(100000726,'69700249',1234,5,994,100000039,NULL,100006749,'','2023-07-15 05:07:48',6,'2023-07-19 15:06:02',9,'0000-00-00 00:00:00',5),(100000727,'45208936',1200,68,980,100000036,NULL,100006792,'Relate tax.','2023-07-15 06:07:47',5,'2023-07-23 11:04:30',3,'0000-00-00 00:00:00',1),(100000728,'88748956',1185,1,770,100000038,NULL,100005960,'','2023-07-15 07:07:46',6,'2023-07-15 07:07:46',6,'0000-00-00 00:00:00',1),(100000729,'96855244',1198,116,15,100000038,NULL,100006297,'Probably development computer.','2023-07-15 08:07:45',8,'2023-07-21 23:05:06',3,'0000-00-00 00:00:00',1),(100000730,'69009542',1234,4,294,100000036,NULL,100006778,'','2023-07-15 09:07:44',4,'2023-07-15 09:07:44',4,'0000-00-00 00:00:00',1),(100000731,'24847041',1191,68,252,100000036,NULL,100006191,'Practice size.','2023-07-15 10:07:43',6,'2023-07-23 01:04:40',8,'0000-00-00 00:00:00',1),(100000732,'68718949',1214,22,371,100000036,NULL,100006733,'','2023-07-15 11:07:42',23,'2023-07-15 11:07:42',23,'0000-00-00 00:00:00',1),(100000733,'85744268',1172,52,655,100000038,NULL,100006158,'Unit.','2023-07-15 12:07:41',23,'2023-07-23 18:04:23',8,'0000-00-00 00:00:00',1),(100000734,'55177612',1290,26,91,100000042,NULL,100006271,'','2023-07-15 13:07:40',25,'2024-01-05 12:59:47',10,'0000-00-00 00:00:00',1),(100000735,'72219056',1236,52,94,100000038,NULL,100006780,'','2023-07-15 14:07:39',2,'2023-07-20 15:05:38',5,'0000-00-00 00:00:00',1),(100000736,'63415685',1231,52,339,100000038,NULL,100006204,'Line air sit.','2023-07-15 15:07:38',25,'2023-07-15 15:07:38',25,'0000-00-00 00:00:00',1),(100000737,'04677758',1228,68,225,100000037,NULL,100006371,'','2023-07-15 16:07:37',2,'2023-07-15 16:07:37',2,'0000-00-00 00:00:00',1),(100000738,'27011807',1216,16,40,100000036,NULL,100006168,'','2023-07-15 17:07:36',7,'2023-07-15 17:07:36',7,'0000-00-00 00:00:00',1),(100000739,'21263517',1221,16,664,100000038,NULL,100006531,'','2023-07-15 18:07:35',24,'2023-07-15 18:07:35',24,'0000-00-00 00:00:00',1),(100000740,'07563283',1189,68,851,100000038,NULL,100006240,'','2023-07-15 19:07:34',3,'2023-07-15 19:07:34',3,'0000-00-00 00:00:00',1),(100000741,'95155573',1173,52,796,100000038,NULL,100006281,'','2023-07-15 20:07:33',2,'2023-07-15 20:07:33',2,'0000-00-00 00:00:00',1),(100000742,'40385296',1228,52,360,100000038,NULL,100006399,'Country or.','2023-07-15 21:07:32',7,'2023-07-15 21:07:32',7,'0000-00-00 00:00:00',1),(100000743,'25050584',1227,114,951,100000037,NULL,100006418,'Wonder.','2023-07-15 22:07:31',3,'2023-07-22 20:04:45',9,'0000-00-00 00:00:00',1),(100000744,'82843056',1180,3,817,100000037,NULL,100006094,'Difference city agree.','2023-07-15 23:07:30',3,'2023-07-22 05:05:00',25,'0000-00-00 00:00:00',1),(100000745,'40541828',1179,1,106,100000038,NULL,100006560,'','2023-07-16 00:07:29',6,'2023-07-16 00:07:29',6,'0000-00-00 00:00:00',1),(100000746,'88325680',1221,33,886,100000038,NULL,100006043,'','2023-07-16 01:07:28',23,'2023-07-16 01:07:28',23,'0000-00-00 00:00:00',1),(100000747,'39406735',1250,5,902,100000044,NULL,100006607,'Computer matter.','2023-07-26 12:03:17',10,'2023-08-06 21:58:43',11,'0000-00-00 00:00:00',1),(100000748,'73045699',1278,68,400,100000043,NULL,100006103,'Hear.','2023-07-26 13:03:16',11,'2024-01-06 22:59:13',10,'0000-00-00 00:00:00',4),(100000749,'83048033',1285,68,907,100000045,NULL,100006356,'Market whole.','2023-07-26 14:03:15',31,'2023-08-06 02:59:02',11,'0000-00-00 00:00:00',5),(100000750,'73477288',1284,68,107,100000045,NULL,100006791,'','2023-07-26 15:03:14',17,'2023-08-03 09:00:08',31,'0000-00-00 00:00:00',5),(100000751,'94901128',1272,52,773,100000046,NULL,100006310,'','2023-07-26 16:03:13',18,'2023-08-03 08:00:09',31,'0000-00-00 00:00:00',5),(100000752,'33051021',1246,71,750,100000044,NULL,100006171,'','2023-07-26 17:03:12',10,'2023-08-02 19:00:22',33,'0000-00-00 00:00:00',1),(100000753,'50654461',1255,124,529,100000043,NULL,100006123,'Next stuff.','2023-07-26 18:03:11',10,'2024-01-06 22:59:13',10,'0000-00-00 00:00:00',4),(100000754,'18307208',1244,52,883,100000046,NULL,100006243,'','2023-07-26 19:03:10',16,'2023-08-04 23:59:29',33,'0000-00-00 00:00:00',5),(100000755,'69121977',1276,68,472,100000042,NULL,100006306,'Decision.','2023-07-26 20:03:09',18,'2023-08-06 23:58:41',33,'0000-00-00 00:00:00',1),(100000756,'29943652',1313,68,291,100000042,NULL,100006777,'Whom.','2023-07-26 21:03:08',18,'2023-08-05 21:59:07',10,'0000-00-00 00:00:00',1),(100000757,'90975032',1268,69,231,100000046,NULL,100006047,'Suffer.','2023-07-26 22:03:07',17,'2023-08-07 18:58:22',33,'0000-00-00 00:00:00',5),(100000758,'48513124',1315,68,864,100000044,NULL,100006468,'Own pay.','2023-07-26 23:03:06',10,'2024-01-06 11:59:24',10,'0000-00-00 00:00:00',8),(100000759,'03385387',1250,97,508,100000042,NULL,100006392,'Which.','2023-07-27 00:03:05',31,'2023-08-05 22:59:06',33,'0000-00-00 00:00:00',1),(100000760,'25689963',1316,52,760,100000043,NULL,100006651,'Business.','2023-07-27 01:03:04',16,'2024-01-06 11:59:24',10,'0000-00-00 00:00:00',8),(100000761,'80484486',1259,1,618,100000045,NULL,100006003,'Never.','2023-07-27 02:03:03',16,'2023-08-07 00:58:40',15,'0000-00-00 00:00:00',5),(100000762,'43680828',1251,3,237,100000042,NULL,100006155,'','2023-07-27 03:03:02',10,'2023-08-03 11:00:06',33,'0000-00-00 00:00:00',1),(100000763,'83981352',1280,127,581,100000043,NULL,100006348,'Program Congress.','2023-07-27 04:03:01',15,'2023-08-07 21:58:19',18,'0000-00-00 00:00:00',1),(100000764,'73067619',1310,71,513,100000042,NULL,100006295,'','2023-07-27 05:03:00',15,'2023-08-03 00:00:17',10,'0000-00-00 00:00:00',1),(100000765,'08186014',1307,203,874,100000043,NULL,100006411,'','2023-07-27 06:02:59',10,'2023-08-05 19:59:09',18,'0000-00-00 00:00:00',1),(100000766,'31523280',1264,117,591,100000045,NULL,100006150,'Turn.','2023-07-27 07:02:58',10,'2023-08-07 05:58:35',17,'0000-00-00 00:00:00',5),(100000767,'27710358',1286,109,611,100000045,NULL,100006236,'Middle.','2023-07-27 08:02:57',33,'2023-08-06 05:58:59',33,'0000-00-00 00:00:00',5),(100000768,'42848922',1288,114,473,100000043,NULL,100006623,'','2023-07-27 09:02:56',15,'2023-07-27 09:02:56',15,'0000-00-00 00:00:00',1),(100000769,'46683766',1278,52,278,100000046,NULL,100006822,'','2023-07-27 10:02:55',17,'2023-08-04 21:59:31',11,'0000-00-00 00:00:00',5),(100000770,'45521943',1268,68,614,100000044,NULL,100006186,'A answer.','2023-07-27 11:02:54',10,'2023-08-05 17:59:11',16,'0000-00-00 00:00:00',1),(100000771,'86155101',1245,52,174,100000045,NULL,100006133,'Democrat.','2023-07-27 12:02:53',16,'2023-08-06 01:59:03',31,'0000-00-00 00:00:00',5),(100000772,'46837514',1259,2,753,100000046,NULL,100006592,'','2023-07-27 13:02:52',18,'2023-08-03 22:59:54',31,'0000-00-00 00:00:00',5),(100000773,'04124563',1313,68,433,100000046,NULL,100006199,'','2023-07-27 14:02:51',11,'2023-08-05 01:59:27',10,'0000-00-00 00:00:00',5),(100000774,'10911249',1302,4,459,100000044,NULL,100006396,'Star.','2023-07-27 15:02:50',18,'2023-08-07 13:58:27',17,'0000-00-00 00:00:00',1),(100000775,'44996416',1282,52,54,100000044,NULL,100006149,'','2023-07-27 16:02:49',18,'2023-08-02 12:00:29',17,'0000-00-00 00:00:00',1),(100000776,'74384458',1266,69,166,100000043,NULL,100006671,'','2023-07-27 17:02:48',18,'2023-07-27 17:02:48',18,'0000-00-00 00:00:00',1),(100000777,'91245491',1271,4,550,100000042,NULL,100006279,'','2023-07-27 18:02:47',11,'2023-08-03 18:59:58',18,'0000-00-00 00:00:00',1),(100000778,'78358174',1304,52,185,100000043,NULL,100006694,'Stock.','2023-07-27 19:02:46',17,'2023-08-07 08:58:32',16,'0000-00-00 00:00:00',1),(100000779,'88942035',1267,117,871,100000043,NULL,100006233,'','2023-07-27 20:02:45',31,'2023-08-02 03:00:38',17,'0000-00-00 00:00:00',1),(100000780,'61070161',1282,68,484,100000044,NULL,100006265,'','2023-07-27 21:02:44',15,'2023-08-05 12:59:16',11,'0000-00-00 00:00:00',1),(100000781,'91714532',1304,114,49,100000042,NULL,100006535,'Smile arm direction.','2023-07-27 22:02:43',10,'2023-08-04 14:59:38',11,'0000-00-00 00:00:00',1),(100000782,'78267030',1284,68,59,100000045,NULL,100006157,'Program task.','2023-07-27 23:02:42',15,'2023-08-04 03:59:49',18,'0000-00-00 00:00:00',5),(100000783,'07034767',1251,5,586,100000045,NULL,100006336,'','2023-07-28 00:02:41',15,'2023-08-01 02:01:03',16,'0000-00-00 00:00:00',5),(100000784,'54859034',1249,52,191,100000042,NULL,100006366,'','2023-07-28 01:02:40',33,'2023-07-28 01:02:40',33,'0000-00-00 00:00:00',1),(100000785,'85340560',1285,68,133,100000046,NULL,100006232,'','2023-07-28 02:02:39',16,'2023-07-31 04:01:25',15,'0000-00-00 00:00:00',5),(100000786,'40781980',1280,52,58,100000042,NULL,100006464,'Against fast.','2023-07-28 03:02:38',18,'2024-01-06 22:59:13',10,'0000-00-00 00:00:00',4),(100000787,'86690567',1251,71,551,100000046,NULL,100006153,'','2023-07-28 04:02:37',11,'2023-08-04 06:59:46',16,'0000-00-00 00:00:00',5),(100000788,'86725456',1290,29,71,100000045,NULL,100006519,'Realize have.','2023-07-28 05:02:36',31,'2023-08-06 13:58:51',11,'0000-00-00 00:00:00',5),(100000789,'71751872',1251,2,825,100000043,NULL,100006757,'Exist prepare.','2023-07-28 06:02:35',16,'2023-08-07 10:58:30',16,'0000-00-00 00:00:00',1),(100000790,'32500433',1312,112,373,100000042,NULL,100006583,'','2023-07-28 07:02:34',15,'2023-08-03 12:00:05',31,'0000-00-00 00:00:00',1),(100000791,'43169153',1262,68,713,100000042,NULL,100006021,'','2023-07-28 08:02:33',17,'2023-07-28 08:02:33',17,'0000-00-00 00:00:00',1),(100000792,'38341283',1271,52,848,100000046,NULL,100006601,'Arrive.','2023-07-28 09:02:32',11,'2023-08-07 09:58:31',15,'0000-00-00 00:00:00',5),(100000793,'83476789',1283,68,944,100000042,NULL,100006193,'','2023-07-28 10:02:31',16,'2023-07-28 10:02:31',16,'0000-00-00 00:00:00',1),(100000794,'28266204',1254,4,270,100000044,NULL,100006788,'Thus blue.','2023-07-28 11:02:30',18,'2024-01-06 11:59:24',10,'0000-00-00 00:00:00',8),(100000795,'94007611',1276,68,570,100000043,NULL,100006062,'','2023-07-28 12:02:29',15,'2023-08-05 13:59:15',10,'0000-00-00 00:00:00',1),(100000796,'71547892',1254,2,211,100000043,NULL,100006111,'','2023-07-28 13:02:28',16,'2023-08-05 07:59:21',18,'0000-00-00 00:00:00',1),(100000797,'95710386',1254,5,349,100000046,NULL,100006572,'','2023-07-28 14:02:27',18,'2023-08-03 02:00:15',15,'0000-00-00 00:00:00',5),(100000798,'68211712',1293,68,990,100000045,NULL,100006096,'','2023-07-28 15:02:26',11,'2023-07-31 01:01:28',18,'0000-00-00 00:00:00',5),(100000799,'10802238',1285,68,797,100000045,NULL,100006781,'','2023-07-28 16:02:25',33,'2023-08-04 02:59:50',31,'0000-00-00 00:00:00',5),(100000800,'18815569',1266,117,826,100000046,NULL,100006127,'','2023-07-28 17:02:24',18,'2023-08-05 11:59:17',18,'0000-00-00 00:00:00',5),(100000801,'86041919',1271,52,173,100000042,NULL,100006525,'','2023-07-28 18:02:23',17,'2023-07-28 18:02:23',17,'0000-00-00 00:00:00',1),(100000802,'87247761',1302,3,453,100000046,NULL,100006520,'Yard over director.','2023-07-28 19:02:22',31,'2023-07-31 09:01:20',31,'0000-00-00 00:00:00',5),(100000803,'40714874',1304,113,66,100000046,NULL,100006333,'','2023-07-28 20:02:21',16,'2023-08-05 14:59:14',31,'0000-00-00 00:00:00',5),(100000804,'57001708',1288,109,396,100000044,NULL,100006755,'','2023-07-28 21:02:20',31,'2024-01-06 11:59:24',10,'0000-00-00 00:00:00',8),(100000805,'60444579',1257,3,585,100000046,NULL,100006506,'','2023-07-28 22:02:19',11,'2023-08-05 16:59:12',33,'0000-00-00 00:00:00',5),(100000806,'08511297',1245,68,23,100000042,NULL,100006571,'','2023-07-28 23:02:18',33,'2023-08-04 19:59:33',16,'0000-00-00 00:00:00',1),(100000807,'29002252',1276,68,508,100000044,NULL,100006660,'','2023-07-29 00:02:17',11,'2023-08-03 21:59:55',17,'0000-00-00 00:00:00',1),(100000808,'74479498',1313,108,168,100000043,NULL,100006722,'Pressure others.','2023-07-29 01:02:16',17,'2023-08-07 15:58:25',17,'0000-00-00 00:00:00',1),(100000809,'24836372',1313,108,725,100000045,NULL,100006524,'Late ground great.','2023-07-29 02:02:15',11,'2023-08-04 09:59:43',33,'0000-00-00 00:00:00',5),(100000810,'14413387',1259,3,621,100000042,NULL,100006835,'Usually.','2023-07-29 03:02:14',31,'2023-08-06 09:58:55',17,'0000-00-00 00:00:00',1),(100000811,'16058608',1308,68,918,100000042,NULL,100006491,'','2023-07-29 04:02:13',15,'2023-08-02 10:00:31',16,'0000-00-00 00:00:00',1),(100000812,'75761682',1258,1,923,100000044,NULL,100006262,'','2023-07-29 05:02:12',11,'2023-07-29 05:02:12',11,'0000-00-00 00:00:00',1),(100000813,'84046928',1307,1,787,100000042,NULL,100005994,'','2023-07-29 06:02:11',31,'2023-08-05 20:59:08',16,'0000-00-00 00:00:00',1),(100000814,'34399573',1316,68,121,100000046,NULL,100006161,'Store.','2023-07-29 07:02:10',17,'2023-08-07 16:58:24',11,'0000-00-00 00:00:00',5),(100000815,'48199538',1308,115,957,100000043,NULL,100006128,'','2023-07-29 08:02:09',17,'2023-07-29 08:02:09',17,'0000-00-00 00:00:00',1),(100000816,'12103521',1250,4,602,100000045,NULL,100006603,'Research bank.','2023-07-29 09:02:08',18,'2023-08-06 11:58:53',31,'0000-00-00 00:00:00',5),(100000817,'48093471',1281,110,892,100000045,NULL,100006051,'','2023-07-29 10:02:07',33,'2023-07-31 14:01:15',17,'0000-00-00 00:00:00',5),(100000818,'05941905',1261,5,383,100000044,NULL,100006741,'','2023-07-29 11:02:06',31,'2024-01-06 22:59:13',10,'0000-00-00 00:00:00',4),(100000819,'20408304',1300,45,131,100000045,NULL,100006276,'Two recently help example.','2023-07-29 12:02:05',10,'2023-08-05 04:59:24',33,'0000-00-00 00:00:00',5),(100000820,'28547377',1282,52,799,100000045,NULL,100006628,'','2023-07-29 13:02:04',10,'2023-08-01 22:00:43',17,'0000-00-00 00:00:00',5),(100000821,'11054359',1258,2,76,100000042,NULL,100006701,'','2023-07-29 14:02:03',31,'2024-01-06 22:59:13',10,'0000-00-00 00:00:00',4),(100000822,'90318397',1278,68,662,100000042,NULL,100006561,'','2023-07-29 15:02:02',33,'2023-08-04 18:59:34',17,'0000-00-00 00:00:00',1),(100000823,'42045792',1292,52,289,100000046,NULL,100006053,'Feel institution country.','2023-07-29 16:02:01',16,'2023-08-01 18:00:47',17,'0000-00-00 00:00:00',5),(100000824,'09750609',1269,68,853,100000044,NULL,100006044,'Behind price.','2023-07-29 17:02:00',18,'2024-01-06 22:59:13',10,'0000-00-00 00:00:00',4),(100000825,'27394526',1287,139,421,100000044,NULL,100006739,'Or.','2023-07-29 18:01:59',10,'2023-08-07 07:58:33',16,'0000-00-00 00:00:00',1),(100000826,'66350225',1268,68,99,100000043,NULL,100006109,'','2023-07-29 19:01:58',31,'2023-08-05 00:59:28',17,'0000-00-00 00:00:00',1),(100000827,'87786708',1255,2,780,100000044,NULL,100006767,'Mouth.','2023-07-29 20:01:57',16,'2023-08-06 07:58:57',31,'0000-00-00 00:00:00',1),(100000828,'04773818',1295,68,461,100000045,NULL,100006596,'Begin.','2023-07-29 21:01:56',11,'2023-08-06 08:58:56',11,'0000-00-00 00:00:00',5),(100000829,'07104522',1258,1,990,100000042,NULL,100006635,'','2023-07-29 22:01:55',15,'2024-01-06 22:59:13',10,'0000-00-00 00:00:00',4),(100000830,'64638526',1285,68,388,100000043,NULL,100006534,'','2023-07-29 23:01:54',10,'2023-08-02 08:00:33',16,'0000-00-00 00:00:00',1),(100000831,'98911423',1267,52,899,100000045,NULL,100006550,'Determine group.','2023-07-30 00:01:53',31,'2023-08-07 19:58:21',33,'0000-00-00 00:00:00',5),(100000832,'66376204',1315,112,802,100000043,NULL,100006770,'','2023-07-30 01:01:52',11,'2023-07-30 01:01:52',11,'0000-00-00 00:00:00',1),(100000833,'63636413',1282,52,619,100000045,NULL,100006230,'Hotel.','2023-07-30 02:01:51',16,'2023-08-06 06:58:58',10,'0000-00-00 00:00:00',5),(100000834,'43427761',1260,3,512,100000046,NULL,100006773,'Because parent.','2023-07-30 03:01:50',17,'2023-08-06 22:58:42',31,'0000-00-00 00:00:00',5),(100000835,'67001727',1268,68,215,100000043,NULL,100006377,'Occur.','2023-07-30 04:01:49',18,'2023-08-07 22:58:18',10,'0000-00-00 00:00:00',1),(100000836,'38622708',1251,3,225,100000043,NULL,100006640,'Star.','2023-07-30 05:01:48',33,'2023-08-07 01:58:39',18,'0000-00-00 00:00:00',1),(100000837,'33237070',1276,68,258,100000043,NULL,100006727,'Up speech.','2023-07-30 06:01:47',17,'2023-08-07 20:58:20',31,'0000-00-00 00:00:00',1),(100000838,'34532585',1256,2,635,100000042,NULL,100006287,'Order it west.','2023-07-30 07:01:46',15,'2023-07-30 07:01:46',15,'0000-00-00 00:00:00',1),(100000839,'94521237',1252,1,564,100000046,NULL,100006810,'','2023-07-30 08:01:45',31,'2023-08-01 07:00:58',15,'0000-00-00 00:00:00',5),(100000840,'59826431',1266,116,153,100000046,NULL,100006011,'','2023-07-30 09:01:44',33,'2023-07-31 20:01:09',31,'0000-00-00 00:00:00',5),(100000841,'14142688',1247,68,362,100000046,NULL,100006732,'World even.','2023-07-30 10:01:43',11,'2023-08-07 02:58:38',15,'0000-00-00 00:00:00',5),(100000842,'55239656',1267,1,348,100000044,NULL,100006144,'','2023-07-30 11:01:42',18,'2023-08-05 05:59:23',16,'0000-00-00 00:00:00',1),(100000843,'43333184',1256,69,981,100000044,NULL,100006061,'','2023-07-30 12:01:41',33,'2023-08-04 20:59:32',15,'0000-00-00 00:00:00',1),(100000844,'05978670',1250,203,752,100000046,NULL,100006617,'','2023-07-30 13:01:40',31,'2023-08-05 18:59:10',31,'0000-00-00 00:00:00',5),(100000845,'74180610',1304,126,849,100000045,NULL,100006719,'Western democratic true.','2023-07-30 14:01:39',18,'2023-07-31 15:01:14',18,'0000-00-00 00:00:00',5),(100000846,'41885205',1254,5,86,100000043,NULL,100006493,'Tough.','2023-07-30 15:01:38',33,'2024-01-06 11:59:24',10,'0000-00-00 00:00:00',8),(100000847,'14763175',1320,52,94,100000050,NULL,100006275,'Anything.','2023-08-10 01:57:27',34,'2023-08-21 08:52:56',16,'0000-00-00 00:00:00',1),(100000848,'12257478',1319,52,608,100000050,NULL,100006461,'','2023-08-10 02:57:26',34,'2023-08-18 12:54:04',17,'0000-00-00 00:00:00',1),(100000849,'76781683',1351,68,883,100000048,NULL,100006040,'Listen sing.','2023-08-10 03:57:25',16,'2023-08-20 11:53:17',17,'0000-00-00 00:00:00',1),(100000850,'82402735',1377,3,994,100000048,NULL,100006049,'','2023-08-10 04:57:24',10,'2023-08-19 22:53:30',15,'0000-00-00 00:00:00',1),(100000851,'30360544',1374,5,592,100000050,NULL,100005967,'Yard send resource.','2023-08-10 05:57:23',32,'2023-08-10 05:57:23',32,'0000-00-00 00:00:00',1),(100000852,'08449586',1348,124,872,100000048,NULL,100006176,'','2023-08-10 06:57:22',34,'2023-08-19 21:53:31',32,'0000-00-00 00:00:00',1),(100000853,'21152753',1325,52,55,100000049,NULL,100006108,'Have other.','2023-08-10 07:57:21',18,'2024-01-07 12:58:59',10,'0000-00-00 00:00:00',7),(100000854,'99830303',1390,52,227,100000050,NULL,100006272,'','2023-08-10 08:57:20',12,'2023-08-18 15:54:01',18,'0000-00-00 00:00:00',1),(100000855,'63582066',1384,52,117,100000049,NULL,100006174,'Participant.','2023-08-10 09:57:19',32,'2023-08-21 14:52:50',17,'0000-00-00 00:00:00',1),(100000856,'90732413',1328,203,50,100000051,NULL,100006124,'Game television wife.','2023-08-10 10:57:18',32,'2023-08-19 11:53:41',32,'0000-00-00 00:00:00',5),(100000857,'15800903',1379,4,568,100000049,NULL,100006132,'','2023-08-10 11:57:17',18,'2023-08-19 04:53:48',32,'0000-00-00 00:00:00',1),(100000858,'91334654',1377,125,725,100000051,NULL,100006477,'Difficult interview physical.','2023-08-10 12:57:16',10,'2023-08-20 09:53:19',15,'0000-00-00 00:00:00',5),(100000859,'14831032',1343,71,807,100000048,NULL,100006624,'','2023-08-10 13:57:15',34,'2023-08-10 13:57:15',34,'0000-00-00 00:00:00',1),(100000860,'74857088',1346,5,703,100000049,NULL,100006559,'West guess.','2023-08-10 14:57:14',34,'2023-08-19 05:53:47',17,'0000-00-00 00:00:00',1),(100000861,'10431493',1332,125,202,100000051,NULL,100005985,'','2023-08-10 15:57:13',16,'2023-08-19 12:53:40',15,'0000-00-00 00:00:00',5),(100000862,'34497957',1358,68,410,100000049,NULL,100006142,'','2023-08-10 16:57:12',32,'2023-08-17 10:54:30',10,'0000-00-00 00:00:00',1),(100000863,'29373697',1329,4,231,100000050,NULL,100006629,'','2023-08-10 17:57:11',15,'2023-08-18 06:54:10',17,'0000-00-00 00:00:00',1),(100000864,'76843452',1343,45,391,100000052,NULL,100006562,'','2023-08-10 18:57:10',17,'2023-08-16 21:54:43',15,'0000-00-00 00:00:00',5),(100000865,'82065696',1363,114,550,100000052,NULL,100006063,'','2023-08-10 19:57:09',16,'2023-08-18 04:54:12',15,'0000-00-00 00:00:00',5),(100000866,'75515366',1346,52,143,100000048,NULL,100006613,'Itself.','2023-08-10 20:57:08',18,'2023-08-19 10:53:42',32,'0000-00-00 00:00:00',1),(100000867,'04410583',1325,52,116,100000049,NULL,100006409,'Record hand.','2023-08-10 21:57:07',32,'2023-08-22 11:52:29',12,'0000-00-00 00:00:00',1),(100000868,'42033779',1389,110,285,100000048,NULL,100006761,'','2023-08-10 22:57:06',10,'2023-08-20 03:53:25',32,'0000-00-00 00:00:00',1),(100000869,'83439980',1344,52,838,100000048,NULL,100006691,'Cup.','2023-08-10 23:57:05',34,'2024-01-07 00:59:11',10,'0000-00-00 00:00:00',3),(100000870,'48312158',1328,2,791,100000049,NULL,100006674,'','2023-08-11 00:57:04',16,'2023-08-17 18:54:22',10,'0000-00-00 00:00:00',1),(100000871,'25168095',1388,109,643,100000051,NULL,100006162,'','2023-08-11 01:57:03',17,'2023-08-20 04:53:24',17,'0000-00-00 00:00:00',5),(100000872,'80849806',1389,126,656,100000051,NULL,100006826,'Dark during.','2023-08-11 02:57:02',34,'2023-08-21 06:52:58',17,'0000-00-00 00:00:00',5),(100000873,'35300445',1329,53,105,100000049,NULL,100006048,'Professional then.','2023-08-11 03:57:01',12,'2023-08-22 04:52:36',16,'0000-00-00 00:00:00',1),(100000874,'34989231',1371,126,764,100000052,NULL,100006346,'','2023-08-11 04:57:00',34,'2023-08-14 06:55:46',34,'0000-00-00 00:00:00',5),(100000875,'63950017',1322,203,75,100000052,NULL,100006713,'Relationship whose.','2023-08-11 05:56:59',17,'2023-08-21 22:52:42',34,'0000-00-00 00:00:00',5),(100000876,'52069486',1373,52,987,100000048,NULL,100006703,'Bag science.','2023-08-11 06:56:58',18,'2023-08-21 15:52:49',12,'0000-00-00 00:00:00',1),(100000877,'33816110',1344,52,164,100000049,NULL,100006375,'Cost low hold.','2023-08-11 07:56:57',10,'2024-01-07 00:59:11',10,'0000-00-00 00:00:00',3),(100000878,'91766118',1377,1,387,100000052,NULL,100006259,'Thus performance.','2023-08-11 08:56:56',15,'2023-08-21 11:52:53',10,'0000-00-00 00:00:00',5),(100000879,'06741892',1363,139,894,100000051,NULL,100006793,'','2023-08-11 09:56:55',32,'2023-08-15 09:55:19',12,'0000-00-00 00:00:00',5),(100000880,'26507902',1366,61,251,100000051,NULL,100006179,'Behind.','2023-08-11 10:56:54',15,'2023-08-21 21:52:43',12,'0000-00-00 00:00:00',5),(100000881,'77149129',1342,68,421,100000048,NULL,100006616,'Main.','2023-08-11 11:56:53',18,'2023-08-22 07:52:33',32,'0000-00-00 00:00:00',1),(100000882,'12179951',1341,68,595,100000050,NULL,100006234,'','2023-08-11 12:56:52',17,'2023-08-11 12:56:52',17,'0000-00-00 00:00:00',1),(100000883,'12826663',1353,68,119,100000052,NULL,100006818,'Any when.','2023-08-11 13:56:51',16,'2023-08-14 14:55:38',17,'0000-00-00 00:00:00',5),(100000884,'86358315',1335,5,111,100000052,NULL,100006138,'','2023-08-11 14:56:50',16,'2023-08-18 22:53:54',12,'0000-00-00 00:00:00',5),(100000885,'26235083',1336,71,392,100000049,NULL,100006742,'','2023-08-11 15:56:49',15,'2023-08-11 15:56:49',15,'0000-00-00 00:00:00',1),(100000886,'32184122',1385,1,779,100000050,NULL,100006667,'West I.','2023-08-11 16:56:48',32,'2023-08-21 07:52:57',12,'0000-00-00 00:00:00',1),(100000887,'07112051',1392,24,761,100000050,NULL,100006833,'','2023-08-11 17:56:47',12,'2023-08-17 13:54:27',10,'0000-00-00 00:00:00',1),(100000888,'55378755',1374,71,205,100000052,NULL,100006023,'','2023-08-11 18:56:46',18,'2023-08-20 01:53:27',16,'0000-00-00 00:00:00',5),(100000889,'21665133',1354,68,168,100000048,NULL,100006222,'Article future.','2023-08-11 19:56:45',34,'2023-08-11 19:56:45',34,'0000-00-00 00:00:00',1),(100000890,'52363689',1339,68,124,100000048,NULL,100006060,'Imagine another.','2023-08-11 20:56:44',15,'2023-08-21 09:52:55',32,'0000-00-00 00:00:00',1),(100000891,'99607250',1365,58,743,100000048,NULL,100006831,'Every.','2023-08-11 21:56:43',18,'2023-08-11 21:56:43',18,'0000-00-00 00:00:00',1),(100000892,'29440053',1333,5,928,100000048,NULL,100006203,'','2023-08-11 22:56:42',18,'2023-08-11 22:56:42',18,'0000-00-00 00:00:00',1),(100000893,'61967471',1344,4,532,100000052,NULL,100006034,'By.','2023-08-11 23:56:41',12,'2023-08-21 17:52:47',34,'0000-00-00 00:00:00',5),(100000894,'48407528',1362,138,205,100000051,NULL,100006579,'Stock unit population.','2023-08-12 00:56:40',12,'2023-08-20 08:53:20',15,'0000-00-00 00:00:00',5),(100000895,'81330071',1333,5,368,100000048,NULL,100006683,'','2023-08-12 01:56:39',17,'2023-08-12 01:56:39',17,'0000-00-00 00:00:00',1),(100000896,'28447269',1376,124,10,100000049,NULL,100006698,'','2023-08-12 02:56:38',15,'2023-08-20 00:53:28',16,'0000-00-00 00:00:00',1),(100000897,'12031087',1384,52,121,100000048,NULL,100006584,'','2023-08-12 03:56:37',34,'2023-08-19 17:53:35',16,'0000-00-00 00:00:00',1),(100000898,'26483319',1342,2,270,100000050,NULL,100006028,'Across.','2023-08-12 04:56:36',12,'2023-08-22 01:52:39',32,'0000-00-00 00:00:00',1),(100000899,'65870359',1368,52,693,100000050,NULL,100006569,'Throughout certainly.','2023-08-12 05:56:35',32,'2024-01-07 12:58:59',10,'0000-00-00 00:00:00',7),(100000900,'33102187',1365,29,46,100000052,NULL,100006352,'That news else.','2023-08-12 06:56:34',12,'2023-08-17 05:54:35',32,'0000-00-00 00:00:00',5),(100000901,'97154409',1384,52,141,100000050,NULL,100006589,'','2023-08-12 07:56:33',32,'2024-01-07 00:59:11',10,'0000-00-00 00:00:00',3),(100000902,'40255368',1354,68,573,100000050,NULL,100006321,'','2023-08-12 08:56:32',34,'2023-08-19 08:53:44',18,'0000-00-00 00:00:00',1),(100000903,'52954358',1352,68,572,100000049,NULL,100006762,'','2023-08-12 09:56:31',15,'2023-08-17 15:54:25',16,'0000-00-00 00:00:00',1),(100000904,'04383996',1381,68,753,100000049,NULL,100006819,'','2023-08-12 10:56:30',15,'2023-08-19 13:53:39',12,'0000-00-00 00:00:00',1),(100000905,'46938466',1379,2,962,100000050,NULL,100006567,'','2023-08-12 11:56:29',16,'2023-08-16 16:54:48',12,'0000-00-00 00:00:00',1),(100000906,'03677971',1320,4,198,100000048,NULL,100006270,'','2023-08-12 12:56:28',10,'2023-08-18 09:54:07',12,'0000-00-00 00:00:00',1),(100000907,'38854143',1350,68,528,100000048,NULL,100006724,'','2023-08-12 13:56:27',15,'2024-01-07 00:59:11',10,'0000-00-00 00:00:00',3),(100000908,'34294156',1382,29,384,100000049,NULL,100006036,'Skin turn.','2023-08-12 14:56:26',17,'2023-08-20 17:53:11',12,'0000-00-00 00:00:00',1),(100000909,'80839772',1382,58,286,100000048,NULL,100006309,'Bad put.','2023-08-12 15:56:25',16,'2023-08-22 10:52:30',12,'0000-00-00 00:00:00',1),(100000910,'94161581',1353,68,831,100000052,NULL,100006360,'','2023-08-12 16:56:24',34,'2023-08-17 08:54:32',34,'0000-00-00 00:00:00',5),(100000911,'04567874',1342,52,331,100000048,NULL,100006341,'Culture.','2023-08-12 17:56:23',10,'2023-08-21 23:52:41',32,'0000-00-00 00:00:00',1),(100000912,'13707200',1358,52,342,100000050,NULL,100006495,'Particular.','2023-08-12 18:56:22',10,'2023-08-20 16:53:12',16,'0000-00-00 00:00:00',1),(100000913,'63358990',1355,68,313,100000052,NULL,100006505,'Machine.','2023-08-12 19:56:21',32,'2023-08-21 12:52:52',16,'0000-00-00 00:00:00',5),(100000914,'24943748',1352,68,796,100000048,NULL,100006455,'Nature guess.','2023-08-12 20:56:20',12,'2023-08-21 16:52:48',18,'0000-00-00 00:00:00',1),(100000915,'92045889',1341,68,872,100000048,NULL,100006553,'','2023-08-12 21:56:19',17,'2023-08-18 23:53:53',15,'0000-00-00 00:00:00',1),(100000916,'75656463',1356,111,639,100000052,NULL,100006394,'','2023-08-12 22:56:18',18,'2023-08-15 07:55:21',18,'0000-00-00 00:00:00',5),(100000917,'74647123',1356,127,839,100000052,NULL,100006487,'Information.','2023-08-12 23:56:17',10,'2023-08-20 18:53:10',15,'0000-00-00 00:00:00',5),(100000918,'23463253',1376,44,154,100000051,NULL,100006280,'','2023-08-13 00:56:16',34,'2023-08-15 17:55:11',17,'0000-00-00 00:00:00',5),(100000919,'87526562',1347,52,619,100000048,NULL,100005948,'Employee.','2023-08-13 01:56:15',15,'2023-08-20 13:53:15',32,'0000-00-00 00:00:00',1),(100000920,'86840679',1369,52,226,100000048,NULL,100005964,'','2023-08-13 02:56:14',10,'2023-08-13 02:56:14',10,'0000-00-00 00:00:00',1),(100000921,'19295288',1381,68,790,100000049,NULL,100006095,'Rock.','2023-08-13 03:56:13',12,'2024-01-07 00:59:11',10,'0000-00-00 00:00:00',3),(100000922,'71976859',1336,47,559,100000052,NULL,100006056,'','2023-08-13 04:56:12',15,'2023-08-14 11:55:41',16,'0000-00-00 00:00:00',5),(100000923,'46058544',1337,4,310,100000048,NULL,100006009,'Month decision.','2023-08-13 05:56:11',16,'2023-08-21 13:52:51',32,'0000-00-00 00:00:00',1),(100000924,'94028545',1327,1,680,100000052,NULL,100006436,'Third finally.','2023-08-13 06:56:10',18,'2023-08-21 00:53:04',15,'0000-00-00 00:00:00',5),(100000925,'13039180',1349,52,66,100000050,NULL,100005989,'Share.','2023-08-13 07:56:09',32,'2023-08-22 08:52:32',15,'0000-00-00 00:00:00',1),(100000926,'36238738',1354,52,689,100000048,NULL,100006300,'','2023-08-13 08:56:08',34,'2023-08-18 17:53:59',17,'0000-00-00 00:00:00',1),(100000927,'16229016',1320,52,17,100000051,NULL,100005981,'To.','2023-08-13 09:56:07',17,'2023-08-20 12:53:16',12,'0000-00-00 00:00:00',5),(100000928,'88419348',1339,52,905,100000049,NULL,100006119,'','2023-08-13 10:56:06',17,'2024-01-07 12:58:59',10,'0000-00-00 00:00:00',7),(100000929,'66120734',1342,52,235,100000052,NULL,100006551,'Oil.','2023-08-13 11:56:05',12,'2023-08-21 03:53:01',12,'0000-00-00 00:00:00',5),(100000930,'56881776',1369,52,356,100000051,NULL,100006299,'','2023-08-13 12:56:04',16,'2023-08-18 18:53:58',17,'0000-00-00 00:00:00',5),(100000931,'44016885',1343,52,181,100000048,NULL,100006807,'Call least.','2023-08-13 13:56:03',12,'2023-08-20 20:53:08',10,'0000-00-00 00:00:00',1),(100000932,'11720285',1331,125,516,100000051,NULL,100006453,'','2023-08-13 14:56:02',16,'2023-08-19 15:53:37',18,'0000-00-00 00:00:00',5),(100000933,'79954017',1328,1,39,100000049,NULL,100006100,'','2023-08-13 15:56:01',17,'2023-08-13 15:56:01',17,'0000-00-00 00:00:00',1),(100000934,'91053217',1341,68,897,100000052,NULL,100005983,'Billion bring.','2023-08-13 16:56:00',10,'2023-08-22 02:52:38',32,'0000-00-00 00:00:00',5),(100000935,'06565109',1381,116,281,100000048,NULL,100006449,'Room want.','2023-08-13 17:55:59',10,'2023-08-20 14:53:14',16,'0000-00-00 00:00:00',1),(100000936,'64196645',1322,124,343,100000048,NULL,100006832,'Image.','2023-08-13 18:55:58',12,'2023-08-18 00:54:16',12,'0000-00-00 00:00:00',1),(100000937,'93677038',1374,3,675,100000052,NULL,100006684,'Alone.','2023-08-13 19:55:57',17,'2023-08-21 10:52:54',15,'0000-00-00 00:00:00',5),(100000938,'09293674',1335,5,446,100000049,NULL,100006695,'Three arm.','2023-08-13 20:55:56',10,'2023-08-16 09:54:55',32,'0000-00-00 00:00:00',1),(100000939,'24216532',1321,3,945,100000048,NULL,100006099,'','2023-08-13 21:55:55',10,'2023-08-20 10:53:18',34,'0000-00-00 00:00:00',1),(100000940,'65033198',1376,5,872,100000048,NULL,100006783,'','2023-08-13 22:55:54',32,'2024-01-07 00:59:11',10,'0000-00-00 00:00:00',3),(100000941,'47492848',1331,71,542,100000049,NULL,100006247,'','2023-08-13 23:55:53',12,'2023-08-18 08:54:08',12,'0000-00-00 00:00:00',1),(100000942,'92213309',1342,68,672,100000051,NULL,100006098,'Stage.','2023-08-14 00:55:52',32,'2023-08-14 18:55:34',16,'0000-00-00 00:00:00',5),(100000943,'93994071',1334,1,16,100000052,NULL,100006382,'Summer likely.','2023-08-14 01:55:51',15,'2023-08-22 00:52:40',15,'0000-00-00 00:00:00',5),(100000944,'61061122',1339,52,302,100000050,NULL,100006022,'Bar.','2023-08-14 02:55:50',18,'2023-08-20 19:53:09',15,'0000-00-00 00:00:00',1),(100000945,'05871776',1324,52,799,100000051,NULL,100006427,'Society.','2023-08-14 03:55:49',16,'2023-08-21 05:52:59',12,'0000-00-00 00:00:00',5),(100000946,'45713056',1389,108,259,100000051,NULL,100006746,'Name.','2023-08-14 04:55:48',15,'2023-08-20 15:53:13',34,'0000-00-00 00:00:00',5),(100000947,'76381257',1426,203,320,100000055,NULL,100006419,'Hand occur.','2023-08-24 15:51:37',37,'2023-09-04 19:47:09',41,'0000-00-00 00:00:00',1),(100000948,'19554529',1396,52,97,100000056,NULL,100006092,'','2023-08-24 16:51:36',38,'2023-09-03 18:47:34',10,'0000-00-00 00:00:00',1),(100000949,'67079254',1427,118,662,100000054,NULL,100006013,'Well half short father.','2023-08-24 17:51:35',19,'2023-08-24 17:51:35',19,'0000-00-00 00:00:00',1),(100000950,'36386621',1407,125,811,100000054,NULL,100006122,'West interview.','2023-08-24 18:51:34',10,'2023-09-04 17:47:11',20,'0000-00-00 00:00:00',1),(100000951,'98685241',1425,52,19,100000054,NULL,100005951,'Professor.','2023-08-24 19:51:33',38,'2023-09-05 04:47:00',41,'0000-00-00 00:00:00',1),(100000952,'49139798',1445,114,859,100000056,NULL,100005988,'','2023-08-24 20:51:32',39,'2023-08-24 20:51:32',39,'0000-00-00 00:00:00',1),(100000953,'72683549',1417,117,276,100000054,NULL,100006368,'','2023-08-24 21:51:31',39,'2023-09-02 00:48:16',20,'0000-00-00 00:00:00',1),(100000954,'28475877',1444,2,454,100000055,NULL,100006620,'Billion expert.','2023-08-24 22:51:30',10,'2023-09-04 14:47:14',39,'0000-00-00 00:00:00',1),(100000955,'61845971',1463,56,350,100000055,NULL,100005982,'Voice outside.','2023-08-24 23:51:29',20,'2023-09-05 09:46:55',41,'0000-00-00 00:00:00',1),(100000956,'64841260',1435,68,83,100000058,NULL,100006261,'Maybe sell.','2023-08-25 00:51:28',10,'2023-09-04 16:47:12',38,'0000-00-00 00:00:00',5),(100000957,'60601894',1408,5,661,100000057,NULL,100006497,'Bill coach.','2023-08-25 01:51:27',37,'2023-09-04 12:47:16',39,'0000-00-00 00:00:00',5),(100000958,'97160854',1397,52,474,100000057,NULL,100006307,'Role score.','2023-08-25 02:51:26',40,'2023-09-05 18:46:46',38,'0000-00-00 00:00:00',5),(100000959,'85398329',1398,124,497,100000055,NULL,100006245,'Clearly.','2023-08-25 03:51:25',18,'2023-09-05 17:46:47',38,'0000-00-00 00:00:00',1),(100000960,'32703145',1445,111,42,100000055,NULL,100006207,'','2023-08-25 04:51:24',38,'2023-09-01 05:48:35',41,'0000-00-00 00:00:00',1),(100000961,'78871136',1395,52,176,100000055,NULL,100006538,'Certain.','2023-08-25 05:51:23',18,'2023-09-05 22:46:42',39,'0000-00-00 00:00:00',1),(100000962,'90577320',1402,2,670,100000056,NULL,100006397,'Outside series.','2023-08-25 06:51:22',38,'2023-08-25 06:51:22',38,'0000-00-00 00:00:00',1),(100000963,'74910873',1421,68,428,100000056,NULL,100006602,'','2023-08-25 07:51:21',20,'2023-08-25 07:51:21',20,'0000-00-00 00:00:00',1),(100000964,'82796119',1443,59,701,100000055,NULL,100006329,'Doctor.','2023-08-25 08:51:20',38,'2023-09-04 03:47:25',18,'0000-00-00 00:00:00',1),(100000965,'53143121',1423,52,703,100000055,NULL,100006658,'Father follow.','2023-08-25 09:51:19',10,'2023-09-06 02:46:38',37,'0000-00-00 00:00:00',1),(100000966,'33329631',1395,3,860,100000057,NULL,100006219,'','2023-08-25 10:51:18',39,'2023-09-03 22:47:30',39,'0000-00-00 00:00:00',5),(100000967,'96809618',1437,68,6,100000056,NULL,100006286,'To why.','2023-08-25 11:51:17',40,'2023-08-25 11:51:17',40,'0000-00-00 00:00:00',1),(100000968,'46923563',1453,71,92,100000058,NULL,100006546,'','2023-08-25 12:51:16',19,'2023-08-29 12:49:40',20,'0000-00-00 00:00:00',5),(100000969,'89452167',1432,109,244,100000058,NULL,100006072,'You.','2023-08-25 13:51:15',40,'2023-09-06 01:46:39',41,'0000-00-00 00:00:00',5),(100000970,'18046436',1457,68,12,100000055,NULL,100006747,'','2023-08-25 14:51:14',18,'2023-09-03 17:47:35',40,'0000-00-00 00:00:00',1),(100000971,'41084752',1404,1,691,100000054,NULL,100005979,'His seat school.','2023-08-25 15:51:13',40,'2023-08-25 15:51:13',40,'0000-00-00 00:00:00',1),(100000972,'07342761',1397,52,947,100000054,NULL,100006744,'','2023-08-25 16:51:12',39,'2023-08-31 20:48:44',20,'0000-00-00 00:00:00',1),(100000973,'86430851',1421,118,408,100000055,NULL,100006706,'Individual language.','2023-08-25 17:51:11',39,'2023-09-06 00:46:40',18,'0000-00-00 00:00:00',1),(100000974,'41077371',1466,126,288,100000058,NULL,100006685,'Well later.','2023-08-25 18:51:10',20,'2023-09-03 03:47:49',39,'0000-00-00 00:00:00',5),(100000975,'30731363',1435,68,527,100000057,NULL,100006435,'','2023-08-25 19:51:09',37,'2023-09-01 12:48:28',40,'0000-00-00 00:00:00',5),(100000976,'88232844',1427,4,958,100000054,NULL,100006652,'','2023-08-25 20:51:08',41,'2023-09-03 19:47:33',10,'0000-00-00 00:00:00',1),(100000977,'33340774',1436,68,112,100000056,NULL,100006676,'Song world.','2023-08-25 21:51:07',37,'2023-08-25 21:51:07',37,'0000-00-00 00:00:00',1),(100000978,'77237520',1428,68,195,100000056,NULL,100006025,'Only product.','2023-08-25 22:51:06',10,'2023-09-04 21:47:07',41,'0000-00-00 00:00:00',1),(100000979,'24804978',1447,1,131,100000056,NULL,100006837,'Reflect despite.','2023-08-25 23:51:05',18,'2023-09-05 10:46:54',39,'0000-00-00 00:00:00',1),(100000980,'89376546',1435,68,361,100000058,NULL,100006035,'Method.','2023-08-26 00:51:04',38,'2023-09-05 16:46:48',10,'0000-00-00 00:00:00',5),(100000981,'12600259',1410,3,794,100000057,NULL,100006687,'','2023-08-26 01:51:03',18,'2023-08-31 09:48:55',20,'0000-00-00 00:00:00',5),(100000982,'43992215',1464,2,516,100000057,NULL,100006146,'','2023-08-26 02:51:02',37,'2023-08-28 23:49:53',39,'0000-00-00 00:00:00',5),(100000983,'90010534',1451,52,731,100000058,NULL,100006473,'Individual meeting.','2023-08-26 03:51:01',20,'2023-09-01 03:48:37',40,'0000-00-00 00:00:00',5),(100000984,'41305727',1394,52,751,100000056,NULL,100006644,'','2023-08-26 04:51:00',40,'2023-09-02 08:48:08',18,'0000-00-00 00:00:00',1),(100000985,'98342226',1407,2,768,100000058,NULL,100006447,'','2023-08-26 05:50:59',10,'2023-09-01 02:48:38',10,'0000-00-00 00:00:00',5),(100000986,'29245610',1404,1,851,100000057,NULL,100005949,'Democrat.','2023-08-26 06:50:58',41,'2023-09-05 02:47:02',40,'0000-00-00 00:00:00',5),(100000987,'85191789',1467,68,723,100000057,NULL,100006290,'Safe available improve.','2023-08-26 07:50:57',39,'2023-09-02 06:48:10',19,'0000-00-00 00:00:00',5),(100000988,'87725380',1433,68,652,100000056,NULL,100005999,'System.','2023-08-26 08:50:56',38,'2023-09-05 23:46:41',38,'0000-00-00 00:00:00',1),(100000989,'33486978',1424,52,838,100000055,NULL,100006766,'Agree responsibility.','2023-08-26 09:50:55',38,'2023-09-03 21:47:31',41,'0000-00-00 00:00:00',1),(100000990,'74978365',1462,203,539,100000055,NULL,100006552,'Speak until.','2023-08-26 10:50:54',38,'2023-09-05 20:46:44',41,'0000-00-00 00:00:00',1),(100000991,'82957433',1401,52,561,100000055,NULL,100006209,'Stand do.','2023-08-26 11:50:53',19,'2023-09-04 13:47:15',38,'0000-00-00 00:00:00',1),(100000992,'56704236',1455,68,889,100000058,NULL,100006748,'','2023-08-26 12:50:52',41,'2023-09-02 05:48:11',10,'0000-00-00 00:00:00',5),(100000993,'12092695',1429,68,593,100000058,NULL,100006711,'Know.','2023-08-26 13:50:51',20,'2023-09-05 15:46:49',41,'0000-00-00 00:00:00',5),(100000994,'73013791',1426,52,377,100000056,NULL,100006334,'','2023-08-26 14:50:50',20,'2023-09-02 03:48:13',37,'0000-00-00 00:00:00',1),(100000995,'67025773',1420,52,402,100000056,NULL,100006632,'','2023-08-26 15:50:49',39,'2023-08-26 15:50:49',39,'0000-00-00 00:00:00',1),(100000996,'93756942',1457,68,68,100000058,NULL,100006332,'','2023-08-26 16:50:48',19,'2023-09-03 16:47:36',39,'0000-00-00 00:00:00',5),(100000997,'92682767',1412,203,724,100000054,NULL,100006398,'','2023-08-26 17:50:47',41,'2023-09-03 01:47:51',41,'0000-00-00 00:00:00',1),(100000998,'31872937',1406,1,782,100000056,NULL,100006426,'','2023-08-26 18:50:46',39,'2023-08-31 10:48:54',41,'0000-00-00 00:00:00',1),(100000999,'68862691',1455,44,209,100000058,NULL,100006030,'','2023-08-26 19:50:45',20,'2023-09-02 21:47:55',18,'0000-00-00 00:00:00',5),(100001000,'63074472',1450,71,435,100000054,NULL,100005956,'','2023-08-26 20:50:44',41,'2023-08-26 20:50:44',41,'0000-00-00 00:00:00',1),(100001001,'71151948',1462,3,683,100000054,NULL,100006554,'Building.','2023-08-26 21:50:43',19,'2023-09-05 03:47:01',10,'0000-00-00 00:00:00',1),(100001002,'77559059',1434,68,390,100000055,NULL,100006071,'Light perhaps.','2023-08-26 22:50:42',18,'2023-09-05 01:47:03',20,'0000-00-00 00:00:00',1),(100001003,'14222143',1455,52,415,100000055,NULL,100006090,'Accept shake.','2023-08-26 23:50:41',39,'2023-09-05 21:46:43',41,'0000-00-00 00:00:00',1),(100001004,'79491652',1434,52,805,100000056,NULL,100006066,'','2023-08-27 00:50:40',38,'2023-08-31 16:48:48',39,'0000-00-00 00:00:00',1),(100001005,'92380939',1408,4,164,100000056,NULL,100006563,'Rise huge.','2023-08-27 01:50:39',41,'2023-08-27 01:50:39',41,'0000-00-00 00:00:00',1),(100001006,'01522444',1407,203,902,100000056,NULL,100006393,'Speech.','2023-08-27 02:50:38',39,'2023-09-05 08:46:56',40,'0000-00-00 00:00:00',1),(100001007,'71886124',1458,61,910,100000054,NULL,100006335,'','2023-08-27 03:50:37',40,'2023-09-03 12:47:40',39,'0000-00-00 00:00:00',1),(100001008,'96322269',1442,57,148,100000057,NULL,100006205,'','2023-08-27 04:50:36',20,'2023-08-31 08:48:56',37,'0000-00-00 00:00:00',5),(100001009,'37063232',1429,68,977,100000054,NULL,100006303,'Three.','2023-08-27 05:50:35',38,'2023-09-04 11:47:17',10,'0000-00-00 00:00:00',1),(100001010,'34706272',1456,52,770,100000057,NULL,100006077,'Standard so sing.','2023-08-27 06:50:34',20,'2023-08-31 21:48:43',40,'0000-00-00 00:00:00',5),(100001011,'88746459',1415,45,191,100000057,NULL,100006608,'Republican.','2023-08-27 07:50:33',40,'2023-09-04 20:47:08',19,'0000-00-00 00:00:00',5),(100001012,'46048361',1412,71,593,100000057,NULL,100006586,'Player.','2023-08-27 08:50:32',10,'2023-09-04 07:47:21',39,'0000-00-00 00:00:00',5),(100001013,'25825363',1395,3,541,100000057,NULL,100006736,'','2023-08-27 09:50:31',20,'2023-09-02 13:48:03',10,'0000-00-00 00:00:00',5),(100001014,'26239241',1438,139,989,100000057,NULL,100006649,'Oil ok.','2023-08-27 10:50:30',39,'2023-09-05 12:46:52',40,'0000-00-00 00:00:00',5),(100001015,'72936461',1428,68,288,100000057,NULL,100006609,'','2023-08-27 11:50:29',10,'2023-08-30 08:49:20',10,'0000-00-00 00:00:00',5),(100001016,'87394441',1456,71,604,100000057,NULL,100006216,'Itself economy.','2023-08-27 12:50:28',41,'2023-09-05 11:46:53',19,'0000-00-00 00:00:00',5),(100001017,'89200232',1409,1,889,100000058,NULL,100006039,'','2023-08-27 13:50:27',37,'2023-08-29 03:49:49',10,'0000-00-00 00:00:00',5),(100001018,'13628859',1441,63,208,100000055,NULL,100006801,'Recently.','2023-08-27 14:50:26',38,'2023-09-05 00:47:04',38,'0000-00-00 00:00:00',1),(100001019,'00872231',1408,4,250,100000058,NULL,100006407,'','2023-08-27 15:50:25',39,'2023-09-04 00:47:28',38,'0000-00-00 00:00:00',5),(100001020,'41637443',1423,52,231,100000058,NULL,100006834,'','2023-08-27 16:50:24',19,'2023-09-01 18:48:22',20,'0000-00-00 00:00:00',5),(100001021,'11087811',1408,4,381,100000056,NULL,100006653,'Upon expect.','2023-08-27 17:50:23',37,'2023-09-05 19:46:45',10,'0000-00-00 00:00:00',1),(100001022,'57861791',1451,68,434,100000058,NULL,100006498,'Second which society.','2023-08-27 18:50:22',40,'2023-08-28 20:49:56',37,'0000-00-00 00:00:00',5),(100001023,'38274323',1443,29,895,100000054,NULL,100006828,'','2023-08-27 19:50:21',40,'2023-08-31 22:48:42',39,'0000-00-00 00:00:00',1),(100001024,'15827333',1425,52,636,100000056,NULL,100006548,'','2023-08-27 20:50:20',20,'2023-09-01 20:48:20',18,'0000-00-00 00:00:00',1),(100001025,'79914159',1419,68,670,100000058,NULL,100006717,'','2023-08-27 21:50:19',38,'2023-09-01 15:48:25',40,'0000-00-00 00:00:00',5),(100001026,'68053690',1437,68,558,100000058,NULL,100006756,'','2023-08-27 22:50:18',40,'2023-09-02 16:48:00',37,'0000-00-00 00:00:00',5),(100001027,'00648264',1421,117,240,100000054,NULL,100006710,'','2023-08-27 23:50:17',37,'2023-08-31 01:49:03',20,'0000-00-00 00:00:00',1),(100001028,'34294375',1394,52,23,100000058,NULL,100006194,'','2023-08-28 00:50:16',18,'2023-09-01 14:48:26',10,'0000-00-00 00:00:00',5),(100001029,'62314850',1401,52,242,100000056,NULL,100006408,'Single picture.','2023-08-28 01:50:15',40,'2023-08-28 01:50:15',40,'0000-00-00 00:00:00',1),(100001030,'28904440',1436,68,479,100000058,NULL,100006471,'','2023-08-28 02:50:14',37,'2023-08-30 14:49:14',41,'0000-00-00 00:00:00',5),(100001031,'02251581',1444,3,58,100000056,NULL,100006070,'','2023-08-28 03:50:13',20,'2023-08-28 03:50:13',20,'0000-00-00 00:00:00',1),(100001032,'41107914',1424,5,193,100000058,NULL,100006097,'','2023-08-28 04:50:12',40,'2023-09-02 14:48:02',18,'0000-00-00 00:00:00',5),(100001033,'43799497',1431,68,585,100000056,NULL,100006160,'Week ago.','2023-08-28 05:50:11',37,'2023-09-01 06:48:34',20,'0000-00-00 00:00:00',1),(100001034,'43488464',1401,52,287,100000057,NULL,100006581,'','2023-08-28 06:50:10',41,'2023-09-03 05:47:47',39,'0000-00-00 00:00:00',5),(100001035,'93408386',1441,14,379,100000054,NULL,100006084,'Owner.','2023-08-28 07:50:09',38,'2023-09-05 07:46:57',41,'0000-00-00 00:00:00',1),(100001036,'71935829',1432,112,571,100000054,NULL,100006143,'Anything movement.','2023-08-28 08:50:08',20,'2023-09-05 05:46:59',37,'0000-00-00 00:00:00',1),(100001037,'15101430',1420,68,217,100000056,NULL,100006347,'','2023-08-28 09:50:07',19,'2023-08-28 09:50:07',19,'0000-00-00 00:00:00',1),(100001038,'00993824',1433,113,142,100000054,NULL,100006008,'','2023-08-28 10:50:06',10,'2023-09-03 23:47:29',39,'0000-00-00 00:00:00',1),(100001039,'43178970',1414,68,367,100000057,NULL,100006612,'','2023-08-28 11:50:05',18,'2023-09-02 20:47:56',20,'0000-00-00 00:00:00',5),(100001040,'15134406',1417,48,341,100000056,NULL,100006166,'Music remain.','2023-08-28 12:50:04',10,'2023-09-04 18:47:10',38,'0000-00-00 00:00:00',1),(100001041,'45547074',1426,68,657,100000054,NULL,100006800,'','2023-08-28 13:50:03',19,'2023-09-03 13:47:39',19,'0000-00-00 00:00:00',1),(100001042,'95688356',1396,52,656,100000055,NULL,100005997,'Conference send.','2023-08-28 14:50:02',38,'2023-09-04 04:47:24',39,'0000-00-00 00:00:00',1),(100001043,'26799949',1431,52,704,100000056,NULL,100006804,'Simple.','2023-08-28 15:50:01',19,'2023-09-04 22:47:06',39,'0000-00-00 00:00:00',1),(100001044,'59782464',1398,52,699,100000054,NULL,100006763,'Commercial.','2023-08-28 16:50:00',38,'2023-09-05 13:46:51',10,'0000-00-00 00:00:00',1),(100001045,'13639703',1429,68,785,100000056,NULL,100006480,'','2023-08-28 17:49:59',20,'2023-09-03 15:47:37',37,'0000-00-00 00:00:00',1),(100001046,'46577689',1432,115,805,100000057,NULL,100006212,'','2023-08-28 18:49:58',37,'2023-09-03 08:47:44',37,'0000-00-00 00:00:00',5);
/*!40000 ALTER TABLE `stock` ENABLE KEYS */;
UNLOCK TABLES;

--
-- Table structure for table `tags`
--

DROP TABLE IF EXISTS `tags`;
/*!40101 SET @saved_cs_client     = @@character_set_client */;
/*!40101 SET character_set_client = utf8 */;
CREATE TABLE `tags` (
  `id` int unsigned NOT NULL AUTO_INCREMENT,
  `label` varchar(255) NOT NULL,
  `color` varchar(255) NOT NULL,
  `camp_id` int unsigned NOT NULL,
  `deleted` datetime DEFAULT NULL,
  `created` datetime DEFAULT NULL,
  `created_by` int unsigned DEFAULT NULL,
  `modified` datetime DEFAULT NULL,
  `modified_by` int unsigned DEFAULT NULL,
  `description` text NOT NULL,
  `type` varchar(255) DEFAULT 'People',
  `seq` int DEFAULT NULL,
  PRIMARY KEY (`id`),
  KEY `camp_id` (`camp_id`),
  KEY `created_by` (`created_by`),
  KEY `modified_by` (`modified_by`),
  KEY `tags_type_index` (`type`),
  CONSTRAINT `tags_ibfk_1` FOREIGN KEY (`camp_id`) REFERENCES `camps` (`id`) ON UPDATE CASCADE,
  CONSTRAINT `tags_ibfk_2` FOREIGN KEY (`created_by`) REFERENCES `cms_users` (`id`) ON DELETE SET NULL ON UPDATE CASCADE,
  CONSTRAINT `tags_ibfk_3` FOREIGN KEY (`modified_by`) REFERENCES `cms_users` (`id`) ON DELETE SET NULL ON UPDATE CASCADE
) ENGINE=InnoDB AUTO_INCREMENT=125 DEFAULT CHARSET=utf8;
/*!40101 SET character_set_client = @saved_cs_client */;

--
-- Dumping data for table `tags`
--

LOCK TABLES `tags` WRITE;
/*!40000 ALTER TABLE `tags` DISABLE KEYS */;
INSERT INTO `tags` VALUES (45,'west','#7973e2',1,NULL,'2023-04-11 10:00:49',23,'2023-04-15 12:00:00',6,'Within.','Stock',NULL),(46,'seek','#ce4869',1,NULL,'2023-04-11 12:00:48',23,'2023-04-14 06:00:15',6,'Maybe out avoid across go.','All',NULL),(47,'best','#6258c9',1,NULL,'2023-04-11 14:00:47',3,'2023-04-14 10:00:13',9,'Generation tough series.','Stock',NULL),(48,'star','#c44719',1,NULL,'2023-04-11 16:00:46',5,'2023-04-14 22:00:07',25,'Everything believe day.','All',NULL),(49,'ground','#0bc7e0',1,NULL,'2023-04-11 18:00:45',6,NULL,6,'Suffer.','Stock',NULL),(50,'wait','#f2a7d5',1,NULL,'2023-04-11 20:00:44',24,'2023-04-13 10:00:25',8,'Check agency.','All',NULL),(51,'floor','#22859b',1,NULL,'2023-04-11 22:00:43',25,'2023-04-15 00:00:06',9,'Air tonight.','All',NULL),(52,'increase','#efa994',1,NULL,'2023-04-12 00:00:42',23,'2023-04-15 04:00:04',7,'Down any usually.','People',NULL),(53,'contain','#cc2a65',1,NULL,'2023-04-12 02:00:41',5,'2023-04-14 18:00:09',23,'Authority summer candidate.','All',NULL),(54,'five','#d65df4',1,NULL,'2023-04-12 04:00:40',6,'2023-04-15 02:00:05',5,'Community cost season.','All',NULL),(55,'Congress','#a1ce4e',1,'2023-09-06 03:46:37','2023-04-12 06:00:39',4,NULL,4,'Party charge.','People',NULL),(56,'site','#7e45e8',1,NULL,'2023-04-12 08:00:38',2,'2023-04-15 06:00:03',4,'Animal.','Stock',NULL),(57,'wall','#294ab5',1,NULL,'2023-04-12 10:00:37',8,NULL,8,'House friend.','Stock',NULL),(58,'two','#e56e97',1,NULL,'2023-04-12 12:00:36',25,NULL,25,'Figure race foreign.','All',NULL),(59,'today','#eda3e7',1,'2023-09-06 02:46:38','2023-04-12 14:00:35',3,'2023-04-14 02:00:17',5,'Bill tough possible fear realize.','Stock',NULL),(60,'structure','#e4e87a',1,NULL,'2023-04-12 16:00:34',25,'2023-04-14 14:00:11',7,'Seem space candidate indeed nature.','All',NULL),(61,'side','#da99e8',1,NULL,'2023-04-12 18:00:33',25,'2023-04-14 20:00:08',8,'Skill artist.','Stock',NULL),(62,'now','#8aba2c',1,NULL,'2023-04-12 20:00:32',3,'2023-04-13 16:00:22',24,'Loss I black.','Stock',NULL),(63,'rise','#81d0ea',1,NULL,'2023-04-12 22:00:31',6,NULL,6,'Explain check.','People',NULL),(64,'particular','#633da5',1,NULL,'2023-04-13 00:00:30',24,NULL,24,'Black suffer.','People',NULL),(65,'couple','#eda61a',2,NULL,'2023-04-15 13:59:59',11,'2023-04-19 11:59:12',16,'Education.','Stock',NULL),(66,'person','#c2dd49',2,NULL,'2023-04-15 15:59:58',10,'2023-04-19 03:59:16',18,'Our however pretty.','People',NULL),(67,'two','#f9f0b3',2,NULL,'2023-04-15 17:59:57',33,'2023-04-18 13:59:23',33,'Deep pick run range fast.','Stock',NULL),(68,'run','#c942d6',2,NULL,'2023-04-15 19:59:56',17,'2023-04-18 09:59:25',31,'Position her bank shoulder save.','Stock',NULL),(69,'their','#b07bd8',2,NULL,'2023-04-15 21:59:55',17,'2023-04-19 09:59:13',16,'Left while deal.','People',NULL),(70,'against','#391cc9',2,NULL,'2023-04-15 23:59:54',17,'2023-04-18 11:59:24',10,'Set least officer before people.','People',NULL),(71,'some','#36db39',2,NULL,'2023-04-16 01:59:53',33,'2023-04-18 01:59:29',10,'Statement medical.','All',NULL),(72,'walk','#3bc436',2,'2023-09-06 05:46:35','2023-04-16 03:59:52',10,NULL,10,'Alone decade.','Stock',NULL),(73,'method','#a3d14f',2,NULL,'2023-04-16 05:59:51',18,'2023-04-19 13:59:11',16,'Service play success figure.','Stock',NULL),(74,'good','#3ed14f',2,NULL,'2023-04-16 07:59:50',11,NULL,11,'Let truth statement of.','All',NULL),(75,'bill','#0c9196',2,NULL,'2023-04-16 09:59:49',31,'2023-04-18 19:59:20',31,'Concern bag especially.','Stock',NULL),(76,'cover','#46ff3f',2,NULL,'2023-04-16 11:59:48',17,'2023-04-19 07:59:14',15,'Shoulder without.','People',NULL),(77,'his','#d8ad20',2,NULL,'2023-04-16 13:59:47',15,'2023-04-19 15:59:10',10,'Value during school voice.','All',NULL),(78,'over','#96ef67',2,NULL,'2023-04-16 15:59:46',10,'2023-04-19 05:59:15',10,'Family seat relationship television.','All',NULL),(79,'together','#ce6433',2,NULL,'2023-04-16 17:59:45',17,NULL,17,'Unit.','People',NULL),(80,'door','#aed4fc',2,NULL,'2023-04-16 19:59:44',11,NULL,11,'Executive agent rather room.','Stock',NULL),(81,'movement','#dd1c83',2,NULL,'2023-04-16 21:59:43',18,'2023-04-19 01:59:17',31,'Large mother.','All',NULL),(82,'maintain','#b16ded',2,NULL,'2023-04-16 23:59:42',33,'2023-04-18 21:59:19',17,'Study kind.','All',NULL),(83,'or','#4bea9a',2,NULL,'2023-04-17 01:59:41',15,'2023-04-18 03:59:28',17,'Life all yet Democrat.','Stock',NULL),(84,'quite','#99f48b',2,'2023-09-06 04:46:36','2023-04-17 03:59:40',16,'2023-04-17 13:59:35',10,'Live learn choice hand.','Stock',NULL),(85,'seek','#ce5054',3,NULL,'2023-04-19 17:59:09',34,'2023-04-23 17:58:21',34,'Knowledge television.','People',NULL),(86,'explain','#ed44df',3,NULL,'2023-04-19 19:59:08',18,NULL,18,'Recent as.','People',NULL),(87,'third','#c12dce',3,NULL,'2023-04-19 21:59:07',34,'2023-04-22 01:58:41',10,'Method similar with.','Stock',NULL),(88,'green','#a9a3ed',3,NULL,'2023-04-19 23:59:06',18,'2023-04-21 09:58:49',16,'Scientist past citizen.','Stock',NULL),(89,'performance','#8c5bef',3,NULL,'2023-04-20 01:59:05',12,'2023-04-22 05:58:39',17,'Pass region rich while someone.','All',NULL),(90,'both','#bf118d',3,NULL,'2023-04-20 03:59:04',10,'2023-04-23 03:58:28',15,'Improve class rich reveal.','Stock',NULL),(91,'particular','#0e8c6e',3,NULL,'2023-04-20 05:59:03',17,'2023-04-23 01:58:29',34,'There hope key.','All',NULL),(92,'fund','#fc3ad2',3,NULL,'2023-04-20 07:59:02',12,'2023-04-23 15:58:22',15,'Throughout leader as tend.','People',NULL),(93,'say','#f7d427',3,NULL,'2023-04-20 09:59:01',16,NULL,16,'Season mind.','People',NULL),(94,'participant','#b78424',3,'2023-09-06 06:46:34','2023-04-20 11:59:00',34,'2023-04-21 11:58:48',32,'Hair bring through.','All',NULL),(95,'detail','#94aae0',3,NULL,'2023-04-20 13:58:59',32,'2023-04-23 07:58:26',15,'Scene allow.','People',NULL),(96,'collection','#ed538e',3,NULL,'2023-04-20 15:58:58',18,'2023-04-22 17:58:33',10,'Song clearly.','All',NULL),(97,'major','#8dd3dd',3,'2023-09-06 07:46:33','2023-04-20 17:58:57',17,NULL,17,'Where if fall.','People',NULL),(98,'late','#11ace0',3,NULL,'2023-04-20 19:58:56',15,'2023-04-22 19:58:32',12,'Put expert.','Stock',NULL),(99,'staff','#c44045',3,NULL,'2023-04-20 21:58:55',15,'2023-04-23 09:58:25',16,'Change listen.','People',NULL),(100,'letter','#3f2a99',3,NULL,'2023-04-20 23:58:54',10,'2023-04-23 11:58:24',16,'It customer event he.','All',NULL),(101,'everybody','#d72fe0',3,NULL,'2023-04-21 01:58:53',10,NULL,10,'Beautiful can store.','All',NULL),(102,'reality','#d827b2',3,NULL,'2023-04-21 03:58:52',32,NULL,32,'Tax choose mother bit.','All',NULL),(103,'especially','#60f29b',3,NULL,'2023-04-21 05:58:51',18,NULL,18,'Surface.','All',NULL),(104,'eye','#d19621',3,NULL,'2023-04-21 07:58:50',15,'2023-04-23 19:58:20',18,'Social lot officer.','People',NULL),(105,'difference','#0ab29e',4,NULL,'2023-04-23 21:58:19',41,'2023-04-27 09:57:37',10,'Turn choose green.','All',NULL),(106,'court','#bbc63b',4,NULL,'2023-04-23 23:58:18',10,'2023-04-25 15:57:58',20,'Five by lose choose.','Stock',NULL),(107,'send','#d11956',4,NULL,'2023-04-24 01:58:17',39,'2023-04-27 23:57:30',37,'Sound focus smile foot.','All',NULL),(108,'market','#edd1a1',4,NULL,'2023-04-24 03:58:16',41,'2023-04-26 15:57:46',19,'Large report number.','Stock',NULL),(109,'commercial','#88f76c',4,NULL,'2023-04-24 05:58:15',40,'2023-04-27 05:57:39',39,'List while surface.','All',NULL),(110,'stay','#946ac4',4,NULL,'2023-04-24 07:58:14',19,'2023-04-27 03:57:40',39,'Wall weight food nothing.','People',NULL),(111,'race','#3160ed',4,NULL,'2023-04-24 09:58:13',10,'2023-04-26 09:57:49',18,'Free crime society member traditional.','Stock',NULL),(112,'despite','#7facef',4,NULL,'2023-04-24 11:58:12',19,'2023-04-27 11:57:36',40,'Police.','People',NULL),(113,'trouble','#c912ad',4,NULL,'2023-04-24 13:58:11',37,'2023-04-27 13:57:35',38,'Painting move push occur approach.','All',NULL),(114,'near','#3c9b11',4,'2023-09-06 08:46:32','2023-04-24 15:58:10',38,'2023-04-26 21:57:43',39,'Tough less responsibility for.','People',NULL),(115,'tell','#f21a66',4,NULL,'2023-04-24 17:58:09',37,'2023-04-26 01:57:53',41,'Answer.','Stock',NULL),(116,'field','#9c6bc4',4,NULL,'2023-04-24 19:58:08',19,NULL,19,'Eye home.','Stock',NULL),(117,'peace','#1804f4',4,NULL,'2023-04-24 21:58:07',20,NULL,20,'Whatever sing minute school.','People',NULL),(118,'near','#5033af',4,'2023-09-06 09:46:31','2023-04-24 23:58:06',39,'2023-04-27 21:57:31',40,'Find answer party mission.','Stock',NULL),(119,'tree','#7acae8',4,NULL,'2023-04-25 01:58:05',10,'2023-04-26 19:57:44',10,'Hope wall recently training.','Stock',NULL),(120,'ground','#8bedbc',4,NULL,'2023-04-25 03:58:04',41,NULL,41,'Skin right ahead.','People',NULL),(121,'or','#086587',4,NULL,'2023-04-25 05:58:03',18,NULL,18,'Keep listen world.','All',NULL),(122,'rise','#513736',4,NULL,'2023-04-25 07:58:02',39,'2023-04-27 19:57:32',39,'Also.','Stock',NULL),(123,'teacher','#bbe580',4,NULL,'2023-04-25 09:58:01',41,'2023-04-25 21:57:55',41,'Animal heavy course record.','People',NULL),(124,'religious','#a4f49c',4,NULL,'2023-04-25 11:58:00',10,NULL,10,'Skill gas wait raise.','Stock',NULL);
/*!40000 ALTER TABLE `tags` ENABLE KEYS */;
UNLOCK TABLES;

--
-- Table structure for table `tags_relations`
--

DROP TABLE IF EXISTS `tags_relations`;
/*!40101 SET @saved_cs_client     = @@character_set_client */;
/*!40101 SET character_set_client = utf8 */;
CREATE TABLE `tags_relations` (
  `id` int unsigned NOT NULL AUTO_INCREMENT,
  `object_id` int unsigned NOT NULL,
  `object_type` varchar(255) NOT NULL DEFAULT 'People',
  `tag_id` int unsigned NOT NULL,
  `created_on` datetime DEFAULT NULL,
  `created_by_id` int unsigned DEFAULT NULL,
  `deleted_on` datetime DEFAULT NULL,
  `deleted_by_id` int unsigned DEFAULT NULL,
  PRIMARY KEY (`id`),
  KEY `tag_id` (`tag_id`),
  KEY `created_by_id` (`created_by_id`),
  KEY `deleted_by_id` (`deleted_by_id`),
  KEY `tags_relations_object_id_tag_id_object_type` (`object_id`,`tag_id`,`object_type`),
  CONSTRAINT `tags_relations_ibfk_4` FOREIGN KEY (`tag_id`) REFERENCES `tags` (`id`) ON DELETE CASCADE ON UPDATE CASCADE,
  CONSTRAINT `tags_relations_ibfk_5` FOREIGN KEY (`created_by_id`) REFERENCES `cms_users` (`id`) ON DELETE SET NULL ON UPDATE CASCADE,
  CONSTRAINT `tags_relations_ibfk_6` FOREIGN KEY (`deleted_by_id`) REFERENCES `cms_users` (`id`) ON DELETE SET NULL ON UPDATE CASCADE
) ENGINE=InnoDB AUTO_INCREMENT=1243 DEFAULT CHARSET=utf8;
/*!40101 SET character_set_client = @saved_cs_client */;

--
-- Dumping data for table `tags_relations`
--

LOCK TABLES `tags_relations` WRITE;
/*!40000 ALTER TABLE `tags_relations` DISABLE KEYS */;
INSERT INTO `tags_relations` VALUES (1,100000487,'People',50,'2023-04-11 13:00:46',2,NULL,NULL),(2,100000487,'People',63,'2023-04-11 13:00:46',2,NULL,NULL),(3,100000489,'People',48,'2023-04-11 17:00:42',24,NULL,NULL),(4,100000491,'People',58,'2023-04-11 21:00:38',7,NULL,NULL),(5,100000491,'People',46,'2023-04-11 21:00:38',7,NULL,NULL),(6,100000493,'People',53,'2023-04-12 01:00:34',24,NULL,NULL),(7,100000494,'People',64,'2023-04-12 03:00:32',8,NULL,NULL),(8,100000494,'People',52,'2023-04-12 03:00:32',8,NULL,NULL),(9,100000497,'People',50,'2023-04-12 09:00:26',5,NULL,NULL),(10,100000497,'People',54,'2023-04-12 09:00:26',5,NULL,NULL),(11,100000498,'People',51,'2023-04-12 11:00:24',6,NULL,NULL),(12,100000498,'People',53,'2023-04-12 11:00:24',6,NULL,NULL),(13,100000498,'People',54,'2023-04-12 11:00:24',6,NULL,NULL),(14,100000501,'People',53,'2023-04-12 17:00:18',9,NULL,NULL),(15,100000501,'People',54,'2023-04-12 17:00:18',9,NULL,NULL),(16,100000502,'People',51,'2023-04-12 19:00:16',8,NULL,NULL),(17,100000502,'People',53,'2023-04-12 19:00:16',8,NULL,NULL),(18,100000504,'People',64,'2023-04-12 23:00:12',23,NULL,NULL),(19,100000504,'People',54,'2023-04-12 23:00:12',23,NULL,NULL),(20,100000505,'People',51,'2023-04-13 01:00:10',7,NULL,NULL),(21,100000505,'People',60,'2023-04-13 01:00:10',7,NULL,NULL),(22,100000514,'People',64,'2023-04-13 18:59:52',23,NULL,NULL),(23,100000514,'People',52,'2023-04-13 18:59:52',23,NULL,NULL),(24,100000517,'People',55,'2023-04-14 00:59:46',4,'2023-09-06 03:46:37',2),(25,100000518,'People',58,'2023-04-14 02:59:44',23,NULL,NULL),(26,100000522,'People',51,'2023-04-14 10:59:36',3,NULL,NULL),(27,100000522,'People',53,'2023-04-14 10:59:36',3,NULL,NULL),(28,100000523,'People',51,'2023-04-14 12:59:34',24,NULL,NULL),(29,100000523,'People',63,'2023-04-14 12:59:34',24,NULL,NULL),(30,100000524,'People',60,'2023-04-14 14:59:32',2,NULL,NULL),(31,100000524,'People',53,'2023-04-14 14:59:32',2,NULL,NULL),(32,100000524,'People',46,'2023-04-14 14:59:32',2,NULL,NULL),(33,100000527,'People',60,'2023-04-14 20:59:26',8,NULL,NULL),(34,100000531,'People',51,'2023-04-15 04:59:18',8,NULL,NULL),(35,100000531,'People',60,'2023-04-15 04:59:18',8,NULL,NULL),(36,100000532,'People',64,'2023-04-15 06:59:16',4,NULL,NULL),(37,100000532,'People',50,'2023-04-15 06:59:16',4,NULL,NULL),(38,100000532,'People',53,'2023-04-15 06:59:16',4,NULL,NULL),(39,100000533,'People',54,'2023-04-15 08:59:14',24,NULL,NULL),(40,100000534,'People',58,'2023-04-15 10:59:12',7,NULL,NULL),(41,100000534,'People',52,'2023-04-15 10:59:12',7,NULL,NULL),(42,100000534,'People',63,'2023-04-15 10:59:12',7,NULL,NULL),(43,100000537,'People',58,'2023-04-15 16:59:06',7,NULL,NULL),(44,100000537,'People',46,'2023-04-15 16:59:06',7,NULL,NULL),(45,100000538,'People',64,'2023-04-15 18:59:04',7,NULL,NULL),(46,100000538,'People',54,'2023-04-15 18:59:04',7,NULL,NULL),(47,100000538,'People',46,'2023-04-15 18:59:04',7,NULL,NULL),(48,100000541,'People',60,'2023-04-16 00:58:58',7,NULL,NULL),(49,100000541,'People',54,'2023-04-16 00:58:58',7,NULL,NULL),(50,100000541,'People',63,'2023-04-16 00:58:58',7,NULL,NULL),(51,100000542,'People',64,'2023-04-16 02:58:56',9,NULL,NULL),(52,100000542,'People',51,'2023-04-16 02:58:56',9,NULL,NULL),(53,100000542,'People',46,'2023-04-16 02:58:56',9,NULL,NULL),(54,100000545,'People',50,'2023-04-16 08:58:50',5,NULL,NULL),(55,100000547,'People',48,'2023-04-16 12:58:46',2,NULL,NULL),(56,100000547,'People',53,'2023-04-16 12:58:46',2,NULL,NULL),(57,100000547,'People',46,'2023-04-16 12:58:46',2,NULL,NULL),(58,100000559,'People',48,'2023-04-17 12:58:22',23,NULL,NULL),(59,100000559,'People',46,'2023-04-17 12:58:22',23,NULL,NULL),(60,100000559,'People',55,'2023-04-17 12:58:22',23,'2023-09-06 03:46:37',2),(61,100000560,'People',64,'2023-04-17 14:58:20',4,NULL,NULL),(62,100000561,'People',52,'2023-04-17 16:58:18',8,NULL,NULL),(63,100000563,'People',48,'2023-04-17 20:58:14',25,NULL,NULL),(64,100000563,'People',58,'2023-04-17 20:58:14',25,NULL,NULL),(65,100000563,'People',55,'2023-04-17 20:58:14',25,'2023-09-06 03:46:37',2),(66,100000568,'People',54,'2023-04-18 06:58:04',24,NULL,NULL),(67,100000570,'People',54,'2023-04-18 10:58:00',24,NULL,NULL),(68,100000570,'People',50,'2023-04-18 10:58:00',24,NULL,NULL),(69,100000570,'People',46,'2023-04-18 10:58:00',24,NULL,NULL),(70,100000572,'People',51,'2023-04-18 14:57:56',24,NULL,NULL),(71,100000572,'People',46,'2023-04-18 14:57:56',24,NULL,NULL),(72,100000572,'People',63,'2023-04-18 14:57:56',24,NULL,NULL),(73,100000573,'People',53,'2023-04-18 16:57:54',3,NULL,NULL),(74,100000574,'People',64,'2023-04-18 18:57:52',23,NULL,NULL),(75,100000574,'People',50,'2023-04-18 18:57:52',23,NULL,NULL),(76,100000574,'People',53,'2023-04-18 18:57:52',23,NULL,NULL),(77,100000577,'People',64,'2023-04-19 00:57:46',6,NULL,NULL),(78,100000579,'People',64,'2023-04-19 04:57:42',23,NULL,NULL),(79,100000579,'People',60,'2023-04-19 04:57:42',23,NULL,NULL),(80,100000579,'People',55,'2023-04-19 04:57:42',23,'2023-09-06 03:46:37',2),(81,100000583,'People',54,'2023-04-19 12:57:34',7,NULL,NULL),(82,100000584,'People',46,'2023-04-19 14:57:32',3,NULL,NULL),(83,100000788,'People',69,'2023-06-01 08:40:26',15,NULL,NULL),(84,100000790,'People',79,'2023-06-01 12:40:22',11,NULL,NULL),(85,100000791,'People',81,'2023-06-01 14:40:20',17,NULL,NULL),(86,100000791,'People',69,'2023-06-01 14:40:20',17,NULL,NULL),(87,100000791,'People',78,'2023-06-01 14:40:20',17,NULL,NULL),(88,100000795,'People',77,'2023-06-01 22:40:12',33,NULL,NULL),(89,100000800,'People',71,'2023-06-02 08:40:02',15,NULL,NULL),(90,100000801,'People',82,'2023-06-02 10:40:00',18,NULL,NULL),(91,100000801,'People',66,'2023-06-02 10:40:00',18,NULL,NULL),(92,100000801,'People',71,'2023-06-02 10:40:00',18,NULL,NULL),(93,100000803,'People',81,'2023-06-02 14:39:56',11,NULL,NULL),(94,100000803,'People',77,'2023-06-02 14:39:56',11,NULL,NULL),(95,100000803,'People',78,'2023-06-02 14:39:56',11,NULL,NULL),(96,100000804,'People',74,'2023-06-02 16:39:54',33,NULL,NULL),(97,100000804,'People',66,'2023-06-02 16:39:54',33,NULL,NULL),(98,100000804,'People',77,'2023-06-02 16:39:54',33,NULL,NULL),(99,100000806,'People',74,'2023-06-02 20:39:50',11,NULL,NULL),(100,100000806,'People',78,'2023-06-02 20:39:50',11,NULL,NULL),(101,100000806,'People',79,'2023-06-02 20:39:50',11,NULL,NULL),(102,100000808,'People',74,'2023-06-03 00:39:46',33,NULL,NULL),(103,100000808,'People',69,'2023-06-03 00:39:46',33,NULL,NULL),(104,100000808,'People',71,'2023-06-03 00:39:46',33,NULL,NULL),(105,100000809,'People',76,'2023-06-03 02:39:44',31,NULL,NULL),(106,100000809,'People',71,'2023-06-03 02:39:44',31,NULL,NULL),(107,100000812,'People',69,'2023-06-03 08:39:38',33,NULL,NULL),(108,100000813,'People',71,'2023-06-03 10:39:36',31,NULL,NULL),(109,100000814,'People',70,'2023-06-03 12:39:34',31,NULL,NULL),(110,100000814,'People',78,'2023-06-03 12:39:34',31,NULL,NULL),(111,100000817,'People',74,'2023-06-03 18:39:28',17,NULL,NULL),(112,100000818,'People',79,'2023-06-03 20:39:26',31,NULL,NULL),(113,100000819,'People',81,'2023-06-03 22:39:24',18,NULL,NULL),(114,100000819,'People',70,'2023-06-03 22:39:24',18,NULL,NULL),(115,100000819,'People',71,'2023-06-03 22:39:24',18,NULL,NULL),(116,100000824,'People',78,'2023-06-04 08:39:14',18,NULL,NULL),(117,100000869,'People',96,'2023-06-14 20:35:02',12,NULL,NULL),(118,100000869,'People',97,'2023-06-14 20:35:02',12,'2023-09-06 07:46:33',32),(119,100000871,'People',100,'2023-06-15 00:34:58',34,NULL,NULL),(120,100000871,'People',93,'2023-06-15 00:34:58',34,NULL,NULL),(121,100000871,'People',101,'2023-06-15 00:34:58',34,NULL,NULL),(122,100000874,'People',96,'2023-06-15 06:34:52',15,NULL,NULL),(123,100000874,'People',97,'2023-06-15 06:34:52',15,'2023-09-06 07:46:33',32),(124,100000874,'People',86,'2023-06-15 06:34:52',15,NULL,NULL),(125,100000875,'People',96,'2023-06-15 08:34:50',15,NULL,NULL),(126,100000875,'People',89,'2023-06-15 08:34:50',15,NULL,NULL),(127,100000875,'People',101,'2023-06-15 08:34:50',15,NULL,NULL),(128,100000878,'People',93,'2023-06-15 14:34:44',15,NULL,NULL),(129,100000880,'People',89,'2023-06-15 18:34:40',34,NULL,NULL),(130,100000880,'People',86,'2023-06-15 18:34:40',34,NULL,NULL),(131,100000881,'People',89,'2023-06-15 20:34:38',15,NULL,NULL),(132,100000881,'People',86,'2023-06-15 20:34:38',15,NULL,NULL),(133,100000881,'People',95,'2023-06-15 20:34:38',15,NULL,NULL),(134,100000883,'People',97,'2023-06-16 00:34:34',17,'2023-09-06 07:46:33',32),(135,100000883,'People',99,'2023-06-16 00:34:34',17,NULL,NULL),(136,100000883,'People',93,'2023-06-16 00:34:34',17,NULL,NULL),(137,100000884,'People',96,'2023-06-16 02:34:32',16,NULL,NULL),(138,100000884,'People',89,'2023-06-16 02:34:32',16,NULL,NULL),(139,100000884,'People',102,'2023-06-16 02:34:32',16,NULL,NULL),(140,100000885,'People',104,'2023-06-16 04:34:30',15,NULL,NULL),(141,100000885,'People',96,'2023-06-16 04:34:30',15,NULL,NULL),(142,100000885,'People',94,'2023-06-16 04:34:30',15,'2023-09-06 06:46:34',32),(143,100000886,'People',93,'2023-06-16 06:34:28',12,NULL,NULL),(144,100000890,'People',89,'2023-06-16 14:34:20',10,NULL,NULL),(145,100000890,'People',101,'2023-06-16 14:34:20',10,NULL,NULL),(146,100000891,'People',96,'2023-06-16 16:34:18',17,NULL,NULL),(147,100000895,'People',103,'2023-06-17 00:34:10',17,NULL,NULL),(148,100000897,'People',104,'2023-06-17 04:34:06',15,NULL,NULL),(149,100000897,'People',86,'2023-06-17 04:34:06',15,NULL,NULL),(150,100000900,'People',100,'2023-06-17 10:34:00',34,NULL,NULL),(151,100000901,'People',97,'2023-06-17 12:33:58',15,'2023-09-06 07:46:33',32),(152,100000901,'People',101,'2023-06-17 12:33:58',15,NULL,NULL),(153,100000901,'People',94,'2023-06-17 12:33:58',15,'2023-09-06 06:46:34',32),(154,100000904,'People',91,'2023-06-17 18:33:52',16,NULL,NULL),(155,100000247,'Stock',60,'2023-06-25 06:15:47',7,NULL,NULL),(156,100000247,'Stock',61,'2023-06-25 06:15:47',7,NULL,NULL),(157,100000247,'Stock',47,'2023-06-25 06:15:47',7,NULL,NULL),(158,100000249,'Stock',56,'2023-06-25 08:15:45',9,NULL,NULL),(159,100000249,'Stock',46,'2023-06-25 08:15:45',9,NULL,NULL),(160,100000251,'Stock',58,'2023-06-25 10:15:43',3,NULL,NULL),(161,100000251,'Stock',45,'2023-06-25 10:15:43',3,NULL,NULL),(162,100000251,'Stock',54,'2023-06-25 10:15:43',3,NULL,NULL),(163,100000252,'Stock',57,'2023-06-25 11:15:42',7,NULL,NULL),(164,100000252,'Stock',59,'2023-06-25 11:15:42',7,'2023-09-06 02:46:38',8),(165,100000253,'Stock',56,'2023-06-25 12:15:41',24,NULL,NULL),(166,100000253,'Stock',49,'2023-06-25 12:15:41',24,NULL,NULL),(167,100000253,'Stock',62,'2023-06-25 12:15:41',24,NULL,NULL),(168,100000255,'Stock',48,'2023-06-25 14:15:39',8,NULL,NULL),(169,100000255,'Stock',54,'2023-06-25 14:15:39',8,NULL,NULL),(170,100000256,'Stock',49,'2023-06-25 15:15:38',7,NULL,NULL),(171,100000256,'Stock',58,'2023-06-25 15:15:38',7,NULL,NULL),(172,100000256,'Stock',60,'2023-06-25 15:15:38',7,NULL,NULL),(173,100000257,'Stock',50,'2023-06-25 16:15:37',25,NULL,NULL),(174,100000258,'Stock',56,'2023-06-25 17:15:36',2,NULL,NULL),(175,100000258,'Stock',47,'2023-06-25 17:15:36',2,NULL,NULL),(176,100000259,'Stock',50,'2023-06-25 18:15:35',2,'2023-07-24 17:04:00',8),(177,100000259,'Stock',61,'2023-06-25 18:15:35',2,'2023-07-24 17:04:00',8),(178,100000259,'Stock',62,'2023-06-25 18:15:35',2,'2023-07-24 17:04:00',8),(179,100000260,'Stock',48,'2023-06-25 19:15:34',4,NULL,NULL),(180,100000260,'Stock',62,'2023-06-25 19:15:34',4,NULL,NULL),(181,100000260,'Stock',46,'2023-06-25 19:15:34',4,NULL,NULL),(182,100000261,'Stock',49,'2023-06-25 20:15:33',23,NULL,NULL),(183,100000261,'Stock',61,'2023-06-25 20:15:33',23,NULL,NULL),(184,100000264,'Stock',57,'2023-06-25 23:15:30',9,NULL,NULL),(185,100000264,'Stock',45,'2023-06-25 23:15:30',9,NULL,NULL),(186,100000264,'Stock',46,'2023-06-25 23:15:30',9,NULL,NULL),(187,100000265,'Stock',47,'2023-06-26 00:15:29',7,NULL,NULL),(188,100000267,'Stock',50,'2023-06-26 02:15:27',25,NULL,NULL),(189,100000267,'Stock',60,'2023-06-26 02:15:27',25,NULL,NULL),(190,100000267,'Stock',62,'2023-06-26 02:15:27',25,NULL,NULL),(191,100000273,'Stock',62,'2023-06-26 08:15:21',8,NULL,NULL),(192,100000274,'Stock',54,'2023-06-26 09:15:20',3,NULL,NULL),(193,100000275,'Stock',48,'2023-06-26 10:15:19',24,NULL,NULL),(194,100000275,'Stock',57,'2023-06-26 10:15:19',24,NULL,NULL),(195,100000277,'Stock',50,'2023-06-26 12:15:17',25,NULL,NULL),(196,100000277,'Stock',61,'2023-06-26 12:15:17',25,NULL,NULL),(197,100000278,'Stock',54,'2023-06-26 13:15:16',9,NULL,NULL),(198,100000279,'Stock',57,'2023-06-26 14:15:15',5,NULL,NULL),(199,100000279,'Stock',46,'2023-06-26 14:15:15',5,NULL,NULL),(200,100000281,'Stock',59,'2023-06-26 16:15:13',3,'2023-09-06 02:46:38',8),(201,100000282,'Stock',47,'2023-06-26 17:15:12',3,NULL,NULL),(202,100000284,'Stock',54,'2023-06-26 19:15:10',2,'2024-01-05 13:59:46',10),(203,100000285,'Stock',58,'2023-06-26 20:15:09',5,NULL,NULL),(204,100000286,'Stock',45,'2023-06-26 21:15:08',23,NULL,NULL),(205,100000286,'Stock',61,'2023-06-26 21:15:08',23,NULL,NULL),(206,100000286,'Stock',54,'2023-06-26 21:15:08',23,NULL,NULL),(207,100000288,'Stock',48,'2023-06-26 23:15:06',5,NULL,NULL),(208,100000288,'Stock',54,'2023-06-26 23:15:06',5,NULL,NULL),(209,100000290,'Stock',53,'2023-06-27 01:15:04',6,NULL,NULL),(210,100000290,'Stock',46,'2023-06-27 01:15:04',6,NULL,NULL),(211,100000292,'Stock',53,'2023-06-27 03:15:02',9,NULL,NULL),(212,100000292,'Stock',47,'2023-06-27 03:15:02',9,NULL,NULL),(213,100000293,'Stock',58,'2023-06-27 04:15:01',25,NULL,NULL),(214,100000294,'Stock',48,'2023-06-27 05:15:00',25,NULL,NULL),(215,100000294,'Stock',49,'2023-06-27 05:15:00',25,NULL,NULL),(216,100000294,'Stock',45,'2023-06-27 05:15:00',25,NULL,NULL),(217,100000295,'Stock',54,'2023-06-27 06:14:59',3,NULL,NULL),(218,100000295,'Stock',47,'2023-06-27 06:14:59',3,NULL,NULL),(219,100000298,'Stock',57,'2023-06-27 09:14:56',9,'2024-01-05 13:59:46',10),(220,100000298,'Stock',50,'2023-06-27 09:14:56',9,'2024-01-05 13:59:46',10),(221,100000298,'Stock',53,'2023-06-27 09:14:56',9,'2024-01-05 13:59:46',10),(222,100000301,'Stock',56,'2023-06-27 12:14:53',4,NULL,NULL),(223,100000301,'Stock',59,'2023-06-27 12:14:53',4,'2023-09-06 02:46:38',8),(224,100000305,'Stock',57,'2023-06-27 16:14:49',7,NULL,NULL),(225,100000306,'Stock',53,'2023-06-27 17:14:48',5,NULL,NULL),(226,100000306,'Stock',47,'2023-06-27 17:14:48',5,NULL,NULL),(227,100000310,'Stock',58,'2023-06-27 21:14:44',5,NULL,NULL),(228,100000310,'Stock',51,'2023-06-27 21:14:44',5,NULL,NULL),(229,100000310,'Stock',45,'2023-06-27 21:14:44',5,NULL,NULL),(230,100000312,'Stock',56,'2023-06-27 23:14:42',9,NULL,NULL),(231,100000312,'Stock',59,'2023-06-27 23:14:42',9,'2023-09-06 02:46:38',8),(232,100000312,'Stock',61,'2023-06-27 23:14:42',9,NULL,NULL),(233,100000316,'Stock',51,'2023-06-28 03:14:38',6,NULL,NULL),(234,100000319,'Stock',50,'2023-06-28 06:14:35',8,NULL,NULL),(235,100000320,'Stock',53,'2023-06-28 07:14:34',5,NULL,NULL),(236,100000320,'Stock',61,'2023-06-28 07:14:34',5,NULL,NULL),(237,100000320,'Stock',46,'2023-06-28 07:14:34',5,NULL,NULL),(238,100000325,'Stock',50,'2023-06-28 12:14:29',7,NULL,NULL),(239,100000325,'Stock',47,'2023-06-28 12:14:29',7,NULL,NULL),(240,100000326,'Stock',48,'2023-06-28 13:14:28',5,NULL,NULL),(241,100000326,'Stock',49,'2023-06-28 13:14:28',5,NULL,NULL),(242,100000326,'Stock',45,'2023-06-28 13:14:28',5,NULL,NULL),(243,100000328,'Stock',59,'2023-06-28 15:14:26',9,'2023-09-06 02:46:38',8),(244,100000329,'Stock',57,'2023-06-28 16:14:25',5,NULL,NULL),(245,100000329,'Stock',58,'2023-06-28 16:14:25',5,NULL,NULL),(246,100000329,'Stock',54,'2023-06-28 16:14:25',5,NULL,NULL),(247,100000331,'Stock',60,'2023-06-28 18:14:23',2,NULL,NULL),(248,100000332,'Stock',56,'2023-06-28 19:14:22',7,NULL,NULL),(249,100000332,'Stock',48,'2023-06-28 19:14:22',7,NULL,NULL),(250,100000336,'Stock',51,'2023-06-28 23:14:18',7,NULL,NULL),(251,100000336,'Stock',62,'2023-06-28 23:14:18',7,NULL,NULL),(252,100000337,'Stock',46,'2023-06-29 00:14:17',2,NULL,NULL),(253,100000337,'Stock',58,'2023-06-29 00:14:17',2,NULL,NULL),(254,100000337,'Stock',54,'2023-06-29 00:14:17',2,NULL,NULL),(255,100000338,'Stock',54,'2023-06-29 01:14:16',3,NULL,NULL),(256,100000339,'Stock',49,'2023-06-29 02:14:15',4,NULL,NULL),(257,100000339,'Stock',50,'2023-06-29 02:14:15',4,NULL,NULL),(258,100000341,'Stock',57,'2023-06-29 04:14:13',4,NULL,NULL),(259,100000341,'Stock',54,'2023-06-29 04:14:13',4,NULL,NULL),(260,100000342,'Stock',57,'2023-06-29 05:14:12',9,NULL,NULL),(261,100000342,'Stock',50,'2023-06-29 05:14:12',9,NULL,NULL),(262,100000342,'Stock',47,'2023-06-29 05:14:12',9,NULL,NULL),(263,100000343,'Stock',59,'2023-06-29 06:14:11',23,'2023-09-06 02:46:38',8),(264,100000344,'Stock',48,'2023-06-29 07:14:10',3,NULL,NULL),(265,100000344,'Stock',47,'2023-06-29 07:14:10',3,NULL,NULL),(266,100000346,'Stock',51,'2023-06-29 09:14:08',2,NULL,NULL),(267,100000346,'Stock',47,'2023-06-29 09:14:08',2,NULL,NULL),(268,100000347,'Stock',50,'2023-06-29 10:14:07',7,NULL,NULL),(269,100000347,'Stock',61,'2023-06-29 10:14:07',7,NULL,NULL),(270,100000349,'Stock',59,'2023-06-29 12:14:05',8,'2023-09-06 02:46:38',8),(271,100000349,'Stock',62,'2023-06-29 12:14:05',8,NULL,NULL),(272,100000351,'Stock',50,'2023-06-29 14:14:03',9,NULL,NULL),(273,100000352,'Stock',51,'2023-06-29 15:14:02',8,NULL,NULL),(274,100000352,'Stock',53,'2023-06-29 15:14:02',8,NULL,NULL),(275,100000357,'Stock',50,'2023-06-29 20:13:57',4,NULL,NULL),(276,100000357,'Stock',61,'2023-06-29 20:13:57',4,NULL,NULL),(277,100000357,'Stock',45,'2023-06-29 20:13:57',4,NULL,NULL),(278,100000358,'Stock',48,'2023-06-29 21:13:56',5,NULL,NULL),(279,100000358,'Stock',51,'2023-06-29 21:13:56',5,NULL,NULL),(280,100000360,'Stock',59,'2023-06-29 23:13:54',24,'2023-09-06 02:46:38',8),(281,100000360,'Stock',61,'2023-06-29 23:13:54',24,NULL,NULL),(282,100000361,'Stock',49,'2023-06-30 00:13:53',3,NULL,NULL),(283,100000361,'Stock',57,'2023-06-30 00:13:53',3,NULL,NULL),(284,100000362,'Stock',51,'2023-06-30 01:13:52',6,NULL,NULL),(285,100000362,'Stock',54,'2023-06-30 01:13:52',6,NULL,NULL),(286,100000363,'Stock',61,'2023-06-30 02:13:51',25,NULL,NULL),(287,100000363,'Stock',54,'2023-06-30 02:13:51',25,NULL,NULL),(288,100000365,'Stock',59,'2023-06-30 04:13:49',4,'2023-09-06 02:46:38',8),(289,100000365,'Stock',53,'2023-06-30 04:13:49',4,NULL,NULL),(290,100000365,'Stock',47,'2023-06-30 04:13:49',4,NULL,NULL),(291,100000366,'Stock',50,'2023-06-30 05:13:48',9,NULL,NULL),(292,100000367,'Stock',62,'2023-06-30 06:13:47',2,NULL,NULL),(293,100000368,'Stock',56,'2023-06-30 07:13:46',23,'2024-01-05 13:59:46',10),(294,100000369,'Stock',49,'2023-06-30 08:13:45',5,NULL,NULL),(295,100000369,'Stock',50,'2023-06-30 08:13:45',5,NULL,NULL),(296,100000369,'Stock',51,'2023-06-30 08:13:45',5,NULL,NULL),(297,100000370,'Stock',48,'2023-06-30 09:13:44',25,NULL,NULL),(298,100000370,'Stock',49,'2023-06-30 09:13:44',25,NULL,NULL),(299,100000370,'Stock',47,'2023-06-30 09:13:44',25,NULL,NULL),(300,100000371,'Stock',58,'2023-06-30 10:13:43',4,NULL,NULL),(301,100000374,'Stock',59,'2023-06-30 13:13:40',25,'2023-09-06 02:46:38',8),(302,100000375,'Stock',62,'2023-06-30 14:13:39',3,NULL,NULL),(303,100000376,'Stock',53,'2023-06-30 15:13:38',6,NULL,NULL),(304,100000377,'Stock',56,'2023-06-30 16:13:37',24,NULL,NULL),(305,100000377,'Stock',57,'2023-06-30 16:13:37',24,NULL,NULL),(306,100000377,'Stock',45,'2023-06-30 16:13:37',24,NULL,NULL),(307,100000378,'Stock',46,'2023-06-30 17:13:36',3,NULL,NULL),(308,100000378,'Stock',45,'2023-06-30 17:13:36',3,NULL,NULL),(309,100000378,'Stock',62,'2023-06-30 17:13:36',3,NULL,NULL),(310,100000380,'Stock',57,'2023-06-30 19:13:34',3,NULL,NULL),(311,100000382,'Stock',59,'2023-06-30 21:13:32',2,'2023-09-06 02:46:38',8),(312,100000382,'Stock',54,'2023-06-30 21:13:32',2,NULL,NULL),(313,100000383,'Stock',58,'2023-06-30 22:13:31',23,NULL,NULL),(314,100000383,'Stock',54,'2023-06-30 22:13:31',23,NULL,NULL),(315,100000384,'Stock',48,'2023-06-30 23:13:30',4,NULL,NULL),(316,100000384,'Stock',59,'2023-06-30 23:13:30',4,'2023-09-06 02:46:38',8),(317,100000384,'Stock',62,'2023-06-30 23:13:30',4,NULL,NULL),(318,100000385,'Stock',46,'2023-07-01 00:13:29',24,NULL,NULL),(319,100000389,'Stock',48,'2023-07-01 04:13:25',5,NULL,NULL),(320,100000389,'Stock',57,'2023-07-01 04:13:25',5,NULL,NULL),(321,100000389,'Stock',60,'2023-07-01 04:13:25',5,NULL,NULL),(322,100000394,'Stock',54,'2023-07-01 09:13:20',25,NULL,NULL),(323,100000396,'Stock',60,'2023-07-01 11:13:18',2,NULL,NULL),(324,100000397,'Stock',51,'2023-07-01 12:13:17',3,NULL,NULL),(325,100000398,'Stock',45,'2023-07-01 13:13:16',4,'2023-07-24 22:03:55',8),(326,100000398,'Stock',54,'2023-07-01 13:13:16',4,'2023-07-24 22:03:55',8),(327,100000400,'Stock',53,'2023-07-01 15:13:14',2,NULL,NULL),(328,100000400,'Stock',61,'2023-07-01 15:13:14',2,NULL,NULL),(329,100000401,'Stock',57,'2023-07-01 16:13:13',9,NULL,NULL),(330,100000401,'Stock',53,'2023-07-01 16:13:13',9,NULL,NULL),(331,100000401,'Stock',46,'2023-07-01 16:13:13',9,NULL,NULL),(332,100000402,'Stock',60,'2023-07-01 17:13:12',5,'2023-07-25 02:03:51',25),(333,100000403,'Stock',61,'2023-07-01 18:13:11',5,NULL,NULL),(334,100000405,'Stock',49,'2023-07-01 20:13:09',23,NULL,NULL),(335,100000405,'Stock',59,'2023-07-01 20:13:09',23,'2023-09-06 02:46:38',8),(336,100000405,'Stock',61,'2023-07-01 20:13:09',23,NULL,NULL),(337,100000406,'Stock',57,'2023-07-01 21:13:08',6,NULL,NULL),(338,100000407,'Stock',56,'2023-07-01 22:13:07',6,NULL,NULL),(339,100000408,'Stock',48,'2023-07-01 23:13:06',6,NULL,NULL),(340,100000408,'Stock',60,'2023-07-01 23:13:06',6,NULL,NULL),(341,100000408,'Stock',62,'2023-07-01 23:13:06',6,NULL,NULL),(342,100000412,'Stock',53,'2023-07-02 03:13:02',23,NULL,NULL),(343,100000412,'Stock',62,'2023-07-02 03:13:02',23,NULL,NULL),(344,100000414,'Stock',56,'2023-07-02 05:13:00',9,NULL,NULL),(345,100000414,'Stock',46,'2023-07-02 05:13:00',9,NULL,NULL),(346,100000417,'Stock',54,'2023-07-02 08:12:57',3,NULL,NULL),(347,100000417,'Stock',59,'2023-07-02 08:12:57',3,'2023-09-06 02:46:38',8),(348,100000417,'Stock',62,'2023-07-02 08:12:57',3,NULL,NULL),(349,100000419,'Stock',48,'2023-07-02 10:12:55',25,'2023-07-25 00:03:53',2),(350,100000419,'Stock',49,'2023-07-02 10:12:55',25,'2023-07-25 00:03:53',2),(351,100000419,'Stock',54,'2023-07-02 10:12:55',25,NULL,NULL),(352,100000421,'Stock',56,'2023-07-02 12:12:53',5,NULL,NULL),(353,100000421,'Stock',59,'2023-07-02 12:12:53',5,'2023-09-06 02:46:38',8),(354,100000423,'Stock',58,'2023-07-02 14:12:51',8,NULL,NULL),(355,100000424,'Stock',57,'2023-07-02 15:12:50',9,'2023-07-25 03:03:50',7),(356,100000424,'Stock',61,'2023-07-02 15:12:50',9,'2023-07-25 03:03:50',7),(357,100000424,'Stock',49,'2023-07-02 15:12:50',9,'2023-07-25 03:03:50',7),(358,100000427,'Stock',59,'2023-07-02 18:12:47',7,'2023-09-06 02:46:38',8),(359,100000427,'Stock',46,'2023-07-02 18:12:47',7,NULL,NULL),(360,100000428,'Stock',49,'2023-07-02 19:12:46',9,NULL,NULL),(361,100000428,'Stock',58,'2023-07-02 19:12:46',9,NULL,NULL),(362,100000432,'Stock',57,'2023-07-02 23:12:42',23,NULL,NULL),(363,100000432,'Stock',58,'2023-07-02 23:12:42',23,NULL,NULL),(364,100000434,'Stock',48,'2023-07-03 01:12:40',25,NULL,NULL),(365,100000434,'Stock',50,'2023-07-03 01:12:40',25,NULL,NULL),(366,100000434,'Stock',51,'2023-07-03 01:12:40',25,NULL,NULL),(367,100000435,'Stock',48,'2023-07-03 02:12:39',25,NULL,NULL),(368,100000435,'Stock',51,'2023-07-03 02:12:39',25,NULL,NULL),(369,100000435,'Stock',46,'2023-07-03 02:12:39',25,NULL,NULL),(370,100000437,'Stock',53,'2023-07-03 04:12:37',23,NULL,NULL),(371,100000441,'Stock',49,'2023-07-03 08:12:33',24,NULL,NULL),(372,100000441,'Stock',50,'2023-07-03 08:12:33',24,NULL,NULL),(373,100000441,'Stock',47,'2023-07-03 08:12:33',24,NULL,NULL),(374,100000443,'Stock',47,'2023-07-03 10:12:31',9,NULL,NULL),(375,100000445,'Stock',47,'2023-07-03 12:12:29',5,NULL,NULL),(376,100000446,'Stock',56,'2023-07-03 13:12:28',2,NULL,NULL),(377,100000449,'Stock',62,'2023-07-03 16:12:25',25,NULL,NULL),(378,100000450,'Stock',56,'2023-07-03 17:12:24',6,NULL,NULL),(379,100000450,'Stock',57,'2023-07-03 17:12:24',6,NULL,NULL),(380,100000450,'Stock',46,'2023-07-03 17:12:24',6,NULL,NULL),(381,100000453,'Stock',57,'2023-07-03 20:12:21',24,'2023-07-24 15:04:02',8),(382,100000458,'Stock',53,'2023-07-04 01:12:16',2,NULL,NULL),(383,100000458,'Stock',45,'2023-07-04 01:12:16',2,NULL,NULL),(384,100000458,'Stock',46,'2023-07-04 01:12:16',2,NULL,NULL),(385,100000459,'Stock',45,'2023-07-04 02:12:15',9,NULL,NULL),(386,100000459,'Stock',47,'2023-07-04 02:12:15',9,NULL,NULL),(387,100000462,'Stock',51,'2023-07-04 05:12:12',9,'2023-07-24 18:03:59',3),(388,100000462,'Stock',62,'2023-07-04 05:12:12',9,'2023-07-24 18:03:59',3),(389,100000462,'Stock',47,'2023-07-04 05:12:12',9,'2023-07-24 18:03:59',3),(390,100000463,'Stock',49,'2023-07-04 06:12:11',8,'2024-01-05 13:59:46',10),(391,100000463,'Stock',50,'2023-07-04 06:12:11',8,'2024-01-05 13:59:46',10),(392,100000463,'Stock',45,'2023-07-04 06:12:11',8,'2024-01-05 13:59:46',10),(393,100000466,'Stock',62,'2023-07-04 09:12:08',2,NULL,NULL),(394,100000466,'Stock',59,'2023-07-04 09:12:08',2,'2023-09-06 02:46:38',8),(395,100000466,'Stock',46,'2023-07-04 09:12:08',2,NULL,NULL),(396,100000468,'Stock',49,'2023-07-04 11:12:06',3,NULL,NULL),(397,100000468,'Stock',50,'2023-07-04 11:12:06',3,NULL,NULL),(398,100000468,'Stock',53,'2023-07-04 11:12:06',3,NULL,NULL),(399,100000469,'Stock',61,'2023-07-04 12:12:05',6,NULL,NULL),(400,100000469,'Stock',62,'2023-07-04 12:12:05',6,NULL,NULL),(401,100000469,'Stock',47,'2023-07-04 12:12:05',6,NULL,NULL),(402,100000473,'Stock',58,'2023-07-04 16:12:01',3,NULL,NULL),(403,100000474,'Stock',56,'2023-07-04 17:12:00',8,NULL,NULL),(404,100000475,'Stock',49,'2023-07-04 18:11:59',6,NULL,NULL),(405,100000475,'Stock',54,'2023-07-04 18:11:59',6,NULL,NULL),(406,100000476,'Stock',57,'2023-07-04 19:11:58',24,NULL,NULL),(407,100000476,'Stock',58,'2023-07-04 19:11:58',24,NULL,NULL),(408,100000476,'Stock',45,'2023-07-04 19:11:58',24,NULL,NULL),(409,100000478,'Stock',57,'2023-07-04 21:11:56',2,NULL,NULL),(410,100000478,'Stock',51,'2023-07-04 21:11:56',2,NULL,NULL),(411,100000478,'Stock',53,'2023-07-04 21:11:56',2,NULL,NULL),(412,100000479,'Stock',56,'2023-07-04 22:11:55',8,NULL,NULL),(413,100000479,'Stock',51,'2023-07-04 22:11:55',8,NULL,NULL),(414,100000479,'Stock',59,'2023-07-04 22:11:55',8,'2023-09-06 02:46:38',8),(415,100000483,'Stock',49,'2023-07-05 02:11:51',23,NULL,NULL),(416,100000483,'Stock',59,'2023-07-05 02:11:51',23,'2023-09-06 02:46:38',8),(417,100000483,'Stock',54,'2023-07-05 02:11:51',23,NULL,NULL),(418,100000484,'Stock',50,'2023-07-05 03:11:50',23,'2023-07-24 11:04:06',2),(419,100000484,'Stock',53,'2023-07-05 03:11:50',23,'2023-07-24 11:04:06',2),(420,100000485,'Stock',56,'2023-07-05 04:11:49',5,NULL,NULL),(421,100000485,'Stock',49,'2023-07-05 04:11:49',5,NULL,NULL),(422,100000485,'Stock',61,'2023-07-05 04:11:49',5,NULL,NULL),(423,100000490,'Stock',57,'2023-07-05 09:11:44',9,NULL,NULL),(424,100000490,'Stock',62,'2023-07-05 09:11:44',9,NULL,NULL),(425,100000491,'Stock',46,'2023-07-05 10:11:43',6,NULL,NULL),(426,100000491,'Stock',49,'2023-07-05 10:11:43',6,NULL,NULL),(427,100000491,'Stock',62,'2023-07-05 10:11:43',6,NULL,NULL),(428,100000497,'Stock',49,'2023-07-05 16:11:37',6,NULL,NULL),(429,100000499,'Stock',56,'2023-07-05 18:11:35',7,'2023-07-25 09:03:44',2),(430,100000499,'Stock',53,'2023-07-05 18:11:35',7,'2023-07-25 09:03:44',2),(431,100000499,'Stock',47,'2023-07-05 18:11:35',7,'2023-07-25 09:03:44',2),(432,100000502,'Stock',54,'2023-07-05 21:11:32',7,NULL,NULL),(433,100000502,'Stock',49,'2023-07-05 21:11:32',7,NULL,NULL),(434,100000502,'Stock',46,'2023-07-05 21:11:32',7,NULL,NULL),(435,100000503,'Stock',56,'2023-07-05 22:11:31',3,'2023-07-24 13:04:04',8),(436,100000503,'Stock',58,'2023-07-05 22:11:31',3,'2023-07-24 13:04:04',8),(437,100000503,'Stock',60,'2023-07-05 22:11:31',3,'2023-07-24 13:04:04',8),(438,100000504,'Stock',48,'2023-07-05 23:11:30',2,NULL,NULL),(439,100000507,'Stock',57,'2023-07-06 02:11:27',7,NULL,NULL),(440,100000507,'Stock',61,'2023-07-06 02:11:27',7,NULL,NULL),(441,100000507,'Stock',46,'2023-07-06 02:11:27',7,NULL,NULL),(442,100000508,'Stock',48,'2023-07-06 03:11:26',7,NULL,NULL),(443,100000508,'Stock',53,'2023-07-06 03:11:26',7,NULL,NULL),(444,100000508,'Stock',47,'2023-07-06 03:11:26',7,NULL,NULL),(445,100000509,'Stock',58,'2023-07-06 04:11:25',4,NULL,NULL),(446,100000509,'Stock',47,'2023-07-06 04:11:25',4,NULL,NULL),(447,100000510,'Stock',49,'2023-07-06 05:11:24',5,NULL,NULL),(448,100000510,'Stock',59,'2023-07-06 05:11:24',5,'2023-09-06 02:46:38',8),(449,100000510,'Stock',62,'2023-07-06 05:11:24',5,NULL,NULL),(450,100000511,'Stock',56,'2023-07-06 06:11:23',23,NULL,NULL),(451,100000512,'Stock',56,'2023-07-06 07:11:22',6,NULL,NULL),(452,100000512,'Stock',47,'2023-07-06 07:11:22',6,NULL,NULL),(453,100000513,'Stock',49,'2023-07-06 08:11:21',23,NULL,NULL),(454,100000513,'Stock',58,'2023-07-06 08:11:21',23,NULL,NULL),(455,100000513,'Stock',60,'2023-07-06 08:11:21',23,NULL,NULL),(456,100000514,'Stock',48,'2023-07-06 09:11:20',6,NULL,NULL),(457,100000514,'Stock',45,'2023-07-06 09:11:20',6,NULL,NULL),(458,100000514,'Stock',47,'2023-07-06 09:11:20',6,NULL,NULL),(459,100000521,'Stock',50,'2023-07-06 16:11:13',7,NULL,NULL),(460,100000521,'Stock',51,'2023-07-06 16:11:13',7,NULL,NULL),(461,100000521,'Stock',53,'2023-07-06 16:11:13',7,NULL,NULL),(462,100000522,'Stock',56,'2023-07-06 17:11:12',2,NULL,NULL),(463,100000522,'Stock',46,'2023-07-06 17:11:12',2,NULL,NULL),(464,100000527,'Stock',59,'2023-07-06 22:11:07',3,'2023-09-06 02:46:38',8),(465,100000527,'Stock',60,'2023-07-06 22:11:07',3,NULL,NULL),(466,100000530,'Stock',48,'2023-07-07 01:11:04',6,NULL,NULL),(467,100000530,'Stock',60,'2023-07-07 01:11:04',6,NULL,NULL),(468,100000532,'Stock',48,'2023-07-07 03:11:02',6,NULL,NULL),(469,100000532,'Stock',58,'2023-07-07 03:11:02',6,NULL,NULL),(470,100000535,'Stock',56,'2023-07-07 06:10:59',23,NULL,NULL),(471,100000535,'Stock',49,'2023-07-07 06:10:59',23,NULL,NULL),(472,100000536,'Stock',60,'2023-07-07 07:10:58',3,NULL,NULL),(473,100000536,'Stock',53,'2023-07-07 07:10:58',3,NULL,NULL),(474,100000536,'Stock',54,'2023-07-07 07:10:58',3,NULL,NULL),(475,100000537,'Stock',56,'2023-07-07 08:10:57',9,NULL,NULL),(476,100000537,'Stock',58,'2023-07-07 08:10:57',9,NULL,NULL),(477,100000537,'Stock',61,'2023-07-07 08:10:57',9,NULL,NULL),(478,100000538,'Stock',56,'2023-07-07 09:10:56',2,NULL,NULL),(479,100000538,'Stock',45,'2023-07-07 09:10:56',2,NULL,NULL),(480,100000541,'Stock',62,'2023-07-07 12:10:53',7,NULL,NULL),(481,100000542,'Stock',56,'2023-07-07 13:10:52',4,NULL,NULL),(482,100000542,'Stock',60,'2023-07-07 13:10:52',4,NULL,NULL),(483,100000542,'Stock',46,'2023-07-07 13:10:52',4,NULL,NULL),(484,100000543,'Stock',61,'2023-07-07 14:10:51',4,NULL,NULL),(485,100000544,'Stock',50,'2023-07-07 15:10:50',6,NULL,NULL),(486,100000545,'Stock',49,'2023-07-07 16:10:49',6,NULL,NULL),(487,100000545,'Stock',54,'2023-07-07 16:10:49',6,NULL,NULL),(488,100000547,'Stock',57,'2023-07-07 18:10:47',23,NULL,NULL),(489,100000547,'Stock',50,'2023-07-07 18:10:47',23,NULL,NULL),(490,100000552,'Stock',46,'2023-07-07 23:10:42',9,NULL,NULL),(491,100000555,'Stock',61,'2023-07-08 02:10:39',8,'2023-07-24 19:03:58',4),(492,100000555,'Stock',47,'2023-07-08 02:10:39',8,NULL,NULL),(493,100000556,'Stock',62,'2023-07-08 03:10:38',4,NULL,NULL),(494,100000557,'Stock',58,'2023-07-08 04:10:37',5,NULL,NULL),(495,100000557,'Stock',45,'2023-07-08 04:10:37',5,NULL,NULL),(496,100000557,'Stock',53,'2023-07-08 04:10:37',5,NULL,NULL),(497,100000558,'Stock',47,'2023-07-08 05:10:36',25,NULL,NULL),(498,100000559,'Stock',60,'2023-07-08 06:10:35',5,NULL,NULL),(499,100000564,'Stock',45,'2023-07-08 11:10:30',5,NULL,NULL),(500,100000564,'Stock',47,'2023-07-08 11:10:30',5,NULL,NULL),(501,100000565,'Stock',49,'2023-07-08 12:10:29',2,NULL,NULL),(502,100000567,'Stock',49,'2023-07-08 14:10:27',24,NULL,NULL),(503,100000567,'Stock',59,'2023-07-08 14:10:27',24,'2023-09-06 02:46:38',8),(504,100000567,'Stock',53,'2023-07-08 14:10:27',24,NULL,NULL),(505,100000569,'Stock',53,'2023-07-08 16:10:25',23,NULL,NULL),(506,100000569,'Stock',54,'2023-07-08 16:10:25',23,NULL,NULL),(507,100000570,'Stock',61,'2023-07-08 17:10:24',9,NULL,NULL),(508,100000570,'Stock',45,'2023-07-08 17:10:24',9,NULL,NULL),(509,100000570,'Stock',62,'2023-07-08 17:10:24',9,NULL,NULL),(510,100000571,'Stock',57,'2023-07-08 18:10:23',24,NULL,NULL),(511,100000571,'Stock',60,'2023-07-08 18:10:23',24,NULL,NULL),(512,100000571,'Stock',53,'2023-07-08 18:10:23',24,NULL,NULL),(513,100000575,'Stock',49,'2023-07-08 22:10:19',9,NULL,NULL),(514,100000575,'Stock',50,'2023-07-08 22:10:19',9,NULL,NULL),(515,100000576,'Stock',58,'2023-07-08 23:10:18',2,NULL,NULL),(516,100000579,'Stock',59,'2023-07-09 02:10:15',6,'2023-09-06 02:46:38',8),(517,100000579,'Stock',45,'2023-07-09 02:10:15',6,NULL,NULL),(518,100000579,'Stock',47,'2023-07-09 02:10:15',6,NULL,NULL),(519,100000580,'Stock',53,'2023-07-09 03:10:14',4,NULL,NULL),(520,100000580,'Stock',62,'2023-07-09 03:10:14',4,NULL,NULL),(521,100000586,'Stock',58,'2023-07-09 09:10:08',5,NULL,NULL),(522,100000586,'Stock',50,'2023-07-09 09:10:08',5,NULL,NULL),(523,100000586,'Stock',47,'2023-07-09 09:10:08',5,NULL,NULL),(524,100000587,'Stock',45,'2023-07-09 10:10:07',24,NULL,NULL),(525,100000587,'Stock',53,'2023-07-09 10:10:07',24,NULL,NULL),(526,100000588,'Stock',51,'2023-07-09 11:10:06',6,NULL,NULL),(527,100000588,'Stock',60,'2023-07-09 11:10:06',6,NULL,NULL),(528,100000588,'Stock',61,'2023-07-09 11:10:06',6,NULL,NULL),(529,100000589,'Stock',58,'2023-07-09 12:10:05',9,NULL,NULL),(530,100000589,'Stock',62,'2023-07-09 12:10:05',9,NULL,NULL),(531,100000590,'Stock',48,'2023-07-09 13:10:04',2,NULL,NULL),(532,100000590,'Stock',50,'2023-07-09 13:10:04',2,NULL,NULL),(533,100000592,'Stock',56,'2023-07-09 15:10:02',5,NULL,NULL),(534,100000592,'Stock',50,'2023-07-09 15:10:02',5,NULL,NULL),(535,100000593,'Stock',58,'2023-07-09 16:10:01',5,NULL,NULL),(536,100000593,'Stock',60,'2023-07-09 16:10:01',5,NULL,NULL),(537,100000595,'Stock',49,'2023-07-09 18:09:59',7,NULL,NULL),(538,100000595,'Stock',54,'2023-07-09 18:09:59',7,NULL,NULL),(539,100000598,'Stock',58,'2023-07-09 21:09:56',5,NULL,NULL),(540,100000599,'Stock',56,'2023-07-09 22:09:55',23,NULL,NULL),(541,100000599,'Stock',57,'2023-07-09 22:09:55',23,NULL,NULL),(542,100000599,'Stock',53,'2023-07-09 22:09:55',23,NULL,NULL),(543,100000602,'Stock',57,'2023-07-10 01:09:52',25,NULL,NULL),(544,100000602,'Stock',45,'2023-07-10 01:09:52',25,NULL,NULL),(545,100000603,'Stock',49,'2023-07-10 02:09:51',9,NULL,NULL),(546,100000603,'Stock',45,'2023-07-10 02:09:51',9,NULL,NULL),(547,100000603,'Stock',62,'2023-07-10 02:09:51',9,NULL,NULL),(548,100000608,'Stock',57,'2023-07-10 07:09:46',5,NULL,NULL),(549,100000608,'Stock',50,'2023-07-10 07:09:46',5,NULL,NULL),(550,100000608,'Stock',47,'2023-07-10 07:09:46',5,NULL,NULL),(551,100000613,'Stock',57,'2023-07-10 12:09:41',2,NULL,NULL),(552,100000613,'Stock',53,'2023-07-10 12:09:41',2,NULL,NULL),(553,100000614,'Stock',58,'2023-07-10 13:09:40',25,NULL,NULL),(554,100000614,'Stock',46,'2023-07-10 13:09:40',25,NULL,NULL),(555,100000615,'Stock',62,'2023-07-10 14:09:39',5,NULL,NULL),(556,100000615,'Stock',51,'2023-07-10 14:09:39',5,NULL,NULL),(557,100000615,'Stock',46,'2023-07-10 14:09:39',5,NULL,NULL),(558,100000616,'Stock',62,'2023-07-10 15:09:38',7,NULL,NULL),(559,100000619,'Stock',50,'2023-07-10 18:09:35',23,NULL,NULL),(560,100000619,'Stock',60,'2023-07-10 18:09:35',23,NULL,NULL),(561,100000620,'Stock',60,'2023-07-10 19:09:34',4,NULL,NULL),(562,100000620,'Stock',61,'2023-07-10 19:09:34',4,NULL,NULL),(563,100000620,'Stock',46,'2023-07-10 19:09:34',4,NULL,NULL),(564,100000626,'Stock',51,'2023-07-11 01:09:28',24,NULL,NULL),(565,100000626,'Stock',60,'2023-07-11 01:09:28',24,NULL,NULL),(566,100000626,'Stock',61,'2023-07-11 01:09:28',24,NULL,NULL),(567,100000629,'Stock',56,'2023-07-11 04:09:25',23,NULL,NULL),(568,100000629,'Stock',57,'2023-07-11 04:09:25',23,NULL,NULL),(569,100000629,'Stock',45,'2023-07-11 04:09:25',23,NULL,NULL),(570,100000631,'Stock',57,'2023-07-11 06:09:23',4,NULL,NULL),(571,100000631,'Stock',51,'2023-07-11 06:09:23',4,NULL,NULL),(572,100000632,'Stock',48,'2023-07-11 07:09:22',24,NULL,NULL),(573,100000632,'Stock',51,'2023-07-11 07:09:22',24,NULL,NULL),(574,100000632,'Stock',62,'2023-07-11 07:09:22',24,NULL,NULL),(575,100000636,'Stock',56,'2023-07-11 11:09:18',8,NULL,NULL),(576,100000636,'Stock',59,'2023-07-11 11:09:18',8,'2023-09-06 02:46:38',8),(577,100000636,'Stock',47,'2023-07-11 11:09:18',8,NULL,NULL),(578,100000638,'Stock',49,'2023-07-11 13:09:16',2,NULL,NULL),(579,100000639,'Stock',56,'2023-07-11 14:09:15',4,NULL,NULL),(580,100000639,'Stock',60,'2023-07-11 14:09:15',4,NULL,NULL),(581,100000639,'Stock',54,'2023-07-11 14:09:15',4,NULL,NULL),(582,100000641,'Stock',48,'2023-07-11 16:09:13',4,NULL,NULL),(583,100000641,'Stock',49,'2023-07-11 16:09:13',4,NULL,NULL),(584,100000642,'Stock',56,'2023-07-11 17:09:12',6,NULL,NULL),(585,100000642,'Stock',60,'2023-07-11 17:09:12',6,NULL,NULL),(586,100000647,'Stock',49,'2023-07-11 22:09:07',4,NULL,NULL),(587,100000648,'Stock',48,'2023-07-11 23:09:06',9,NULL,NULL),(588,100000650,'Stock',48,'2023-07-12 01:09:04',24,NULL,NULL),(589,100000650,'Stock',54,'2023-07-12 01:09:04',24,NULL,NULL),(590,100000651,'Stock',62,'2023-07-12 02:09:03',24,NULL,NULL),(591,100000653,'Stock',56,'2023-07-12 04:09:01',3,NULL,NULL),(592,100000653,'Stock',54,'2023-07-12 04:09:01',3,NULL,NULL),(593,100000656,'Stock',62,'2023-07-12 07:08:58',25,NULL,NULL),(594,100000657,'Stock',45,'2023-07-12 08:08:57',2,NULL,NULL),(595,100000658,'Stock',53,'2023-07-12 09:08:56',23,NULL,NULL),(596,100000658,'Stock',47,'2023-07-12 09:08:56',23,NULL,NULL),(597,100000663,'Stock',58,'2023-07-12 14:08:51',9,NULL,NULL),(598,100000663,'Stock',51,'2023-07-12 14:08:51',9,NULL,NULL),(599,100000663,'Stock',46,'2023-07-12 14:08:51',9,NULL,NULL),(600,100000664,'Stock',58,'2023-07-12 15:08:50',25,NULL,NULL),(601,100000664,'Stock',59,'2023-07-12 15:08:50',25,'2023-09-06 02:46:38',8),(602,100000668,'Stock',49,'2023-07-12 19:08:46',8,'2023-07-24 14:04:03',23),(603,100000668,'Stock',58,'2023-07-12 19:08:46',8,'2023-07-24 14:04:03',23),(604,100000670,'Stock',60,'2023-07-12 21:08:44',5,NULL,NULL),(605,100000677,'Stock',45,'2023-07-13 04:08:37',2,'2023-07-24 16:04:01',4),(606,100000677,'Stock',47,'2023-07-13 04:08:37',2,'2023-07-24 16:04:01',4),(607,100000678,'Stock',54,'2023-07-13 05:08:36',25,NULL,NULL),(608,100000681,'Stock',58,'2023-07-13 08:08:33',7,NULL,NULL),(609,100000681,'Stock',53,'2023-07-13 08:08:33',7,NULL,NULL),(610,100000681,'Stock',54,'2023-07-13 08:08:33',7,NULL,NULL),(611,100000683,'Stock',57,'2023-07-13 10:08:31',2,NULL,NULL),(612,100000683,'Stock',59,'2023-07-13 10:08:31',2,'2023-09-06 02:46:38',8),(613,100000684,'Stock',50,'2023-07-13 11:08:30',7,NULL,NULL),(614,100000684,'Stock',46,'2023-07-13 11:08:30',7,NULL,NULL),(615,100000686,'Stock',49,'2023-07-13 13:08:28',5,NULL,NULL),(616,100000686,'Stock',46,'2023-07-13 13:08:28',5,NULL,NULL),(617,100000688,'Stock',46,'2023-07-13 15:08:26',4,NULL,NULL),(618,100000688,'Stock',49,'2023-07-13 15:08:26',4,NULL,NULL),(619,100000688,'Stock',54,'2023-07-13 15:08:26',4,NULL,NULL),(620,100000689,'Stock',46,'2023-07-13 16:08:25',23,NULL,NULL),(621,100000690,'Stock',56,'2023-07-13 17:08:24',9,NULL,NULL),(622,100000690,'Stock',58,'2023-07-13 17:08:24',9,NULL,NULL),(623,100000690,'Stock',60,'2023-07-13 17:08:24',9,NULL,NULL),(624,100000691,'Stock',59,'2023-07-13 18:08:23',25,'2023-09-06 02:46:38',8),(625,100000694,'Stock',56,'2023-07-13 21:08:20',2,NULL,NULL),(626,100000694,'Stock',50,'2023-07-13 21:08:20',2,NULL,NULL),(627,100000694,'Stock',53,'2023-07-13 21:08:20',2,NULL,NULL),(628,100000696,'Stock',60,'2023-07-13 23:08:18',25,NULL,NULL),(629,100000696,'Stock',47,'2023-07-13 23:08:18',25,NULL,NULL),(630,100000697,'Stock',48,'2023-07-14 00:08:17',5,NULL,NULL),(631,100000697,'Stock',56,'2023-07-14 00:08:17',5,NULL,NULL),(632,100000697,'Stock',60,'2023-07-14 00:08:17',5,NULL,NULL),(633,100000698,'Stock',58,'2023-07-14 01:08:16',5,NULL,NULL),(634,100000704,'Stock',47,'2023-07-14 07:08:10',2,NULL,NULL),(635,100000705,'Stock',49,'2023-07-14 08:08:09',3,NULL,NULL),(636,100000705,'Stock',46,'2023-07-14 08:08:09',3,NULL,NULL),(637,100000706,'Stock',57,'2023-07-14 09:08:08',2,NULL,NULL),(638,100000708,'Stock',53,'2023-07-14 11:08:06',5,NULL,NULL),(639,100000708,'Stock',45,'2023-07-14 11:08:06',5,NULL,NULL),(640,100000711,'Stock',56,'2023-07-14 14:08:03',2,NULL,NULL),(641,100000714,'Stock',60,'2023-07-14 17:08:00',2,NULL,NULL),(642,100000714,'Stock',45,'2023-07-14 17:08:00',2,NULL,NULL),(643,100000714,'Stock',47,'2023-07-14 17:08:00',2,NULL,NULL),(644,100000715,'Stock',60,'2023-07-14 18:07:59',25,NULL,NULL),(645,100000715,'Stock',45,'2023-07-14 18:07:59',25,NULL,NULL),(646,100000715,'Stock',46,'2023-07-14 18:07:59',25,NULL,NULL),(647,100000716,'Stock',54,'2023-07-14 19:07:58',2,NULL,NULL),(648,100000716,'Stock',62,'2023-07-14 19:07:58',2,NULL,NULL),(649,100000717,'Stock',57,'2023-07-14 20:07:57',9,NULL,NULL),(650,100000717,'Stock',50,'2023-07-14 20:07:57',9,NULL,NULL),(651,100000717,'Stock',51,'2023-07-14 20:07:57',9,NULL,NULL),(652,100000721,'Stock',48,'2023-07-15 00:07:53',6,NULL,NULL),(653,100000721,'Stock',61,'2023-07-15 00:07:53',6,NULL,NULL),(654,100000721,'Stock',54,'2023-07-15 00:07:53',6,NULL,NULL),(655,100000722,'Stock',50,'2023-07-15 01:07:52',7,'2024-01-05 13:59:46',10),(656,100000722,'Stock',61,'2023-07-15 01:07:52',7,'2024-01-05 13:59:46',10),(657,100000723,'Stock',48,'2023-07-15 02:07:51',2,NULL,NULL),(658,100000723,'Stock',62,'2023-07-15 02:07:51',2,NULL,NULL),(659,100000725,'Stock',45,'2023-07-15 04:07:49',7,NULL,NULL),(660,100000725,'Stock',47,'2023-07-15 04:07:49',7,NULL,NULL),(661,100000729,'Stock',57,'2023-07-15 08:07:45',8,NULL,NULL),(662,100000729,'Stock',58,'2023-07-15 08:07:45',8,NULL,NULL),(663,100000729,'Stock',61,'2023-07-15 08:07:45',8,NULL,NULL),(664,100000730,'Stock',61,'2023-07-15 09:07:44',4,NULL,NULL),(665,100000732,'Stock',45,'2023-07-15 11:07:42',23,NULL,NULL),(666,100000732,'Stock',53,'2023-07-15 11:07:42',23,NULL,NULL),(667,100000732,'Stock',62,'2023-07-15 11:07:42',23,NULL,NULL),(668,100000733,'Stock',45,'2023-07-15 12:07:41',23,NULL,NULL),(669,100000734,'Stock',59,'2023-07-15 13:07:40',25,'2023-09-06 02:46:38',8),(670,100000736,'Stock',53,'2023-07-15 15:07:38',25,NULL,NULL),(671,100000737,'Stock',56,'2023-07-15 16:07:37',2,NULL,NULL),(672,100000737,'Stock',58,'2023-07-15 16:07:37',2,NULL,NULL),(673,100000737,'Stock',50,'2023-07-15 16:07:37',2,NULL,NULL),(674,100000738,'Stock',49,'2023-07-15 17:07:36',7,NULL,NULL),(675,100000740,'Stock',50,'2023-07-15 19:07:34',3,NULL,NULL),(676,100000740,'Stock',54,'2023-07-15 19:07:34',3,NULL,NULL),(677,100000742,'Stock',51,'2023-07-15 21:07:32',7,NULL,NULL),(678,100000743,'Stock',58,'2023-07-15 22:07:31',3,NULL,NULL),(679,100000573,'Stock',48,'2023-07-24 10:04:07',6,NULL,NULL),(680,100000573,'Stock',61,'2023-07-24 10:04:07',6,NULL,NULL),(681,100000484,'Stock',57,'2023-07-24 11:04:06',2,NULL,NULL),(682,100000484,'Stock',45,'2023-07-24 11:04:06',2,NULL,NULL),(683,100000713,'Stock',53,'2023-07-24 12:04:05',24,NULL,NULL),(684,100000713,'Stock',47,'2023-07-24 12:04:05',24,NULL,NULL),(685,100000503,'Stock',49,'2023-07-24 13:04:04',8,NULL,NULL),(686,100000503,'Stock',53,'2023-07-24 13:04:04',8,NULL,NULL),(687,100000668,'Stock',57,'2023-07-24 14:04:03',23,NULL,NULL),(688,100000668,'Stock',59,'2023-07-24 14:04:03',23,'2023-09-06 02:46:38',8),(689,100000453,'Stock',58,'2023-07-24 15:04:02',8,NULL,NULL),(690,100000453,'Stock',53,'2023-07-24 15:04:02',8,NULL,NULL),(691,100000677,'Stock',50,'2023-07-24 16:04:01',4,NULL,NULL),(692,100000677,'Stock',61,'2023-07-24 16:04:01',4,NULL,NULL),(693,100000259,'Stock',56,'2023-07-24 17:04:00',8,NULL,NULL),(694,100000259,'Stock',57,'2023-07-24 17:04:00',8,NULL,NULL),(695,100000462,'Stock',57,'2023-07-24 18:03:59',3,NULL,NULL),(696,100000462,'Stock',45,'2023-07-24 18:03:59',3,NULL,NULL),(697,100000555,'Stock',56,'2023-07-24 19:03:58',4,NULL,NULL),(698,100000685,'Stock',49,'2023-07-24 20:03:57',5,NULL,NULL),(699,100000685,'Stock',53,'2023-07-24 20:03:57',5,NULL,NULL),(700,100000682,'Stock',58,'2023-07-24 21:03:56',3,NULL,NULL),(701,100000682,'Stock',54,'2023-07-24 21:03:56',3,NULL,NULL),(702,100000398,'Stock',49,'2023-07-24 22:03:55',8,NULL,NULL),(703,100000398,'Stock',58,'2023-07-24 22:03:55',8,NULL,NULL),(704,100000413,'Stock',57,'2023-07-24 23:03:54',3,NULL,NULL),(705,100000413,'Stock',51,'2023-07-24 23:03:54',3,NULL,NULL),(706,100000419,'Stock',59,'2023-07-25 00:03:53',2,'2023-09-06 02:46:38',8),(707,100000494,'Stock',57,'2023-07-25 01:03:52',7,NULL,NULL),(708,100000494,'Stock',61,'2023-07-25 01:03:52',7,NULL,NULL),(709,100000402,'Stock',56,'2023-07-25 02:03:51',25,NULL,NULL),(710,100000402,'Stock',54,'2023-07-25 02:03:51',25,NULL,NULL),(711,100000424,'Stock',56,'2023-07-25 03:03:50',7,NULL,NULL),(712,100000424,'Stock',51,'2023-07-25 03:03:50',7,NULL,NULL),(713,100000457,'Stock',57,'2023-07-25 04:03:49',9,NULL,NULL),(714,100000457,'Stock',59,'2023-07-25 04:03:49',9,'2023-09-06 02:46:38',8),(715,100000533,'Stock',51,'2023-07-25 05:03:48',4,NULL,NULL),(716,100000533,'Stock',53,'2023-07-25 05:03:48',4,NULL,NULL),(717,100000680,'Stock',51,'2023-07-25 06:03:47',4,NULL,NULL),(718,100000680,'Stock',47,'2023-07-25 06:03:47',4,NULL,NULL),(719,100000515,'Stock',59,'2023-07-25 07:03:46',7,'2023-09-06 02:46:38',8),(720,100000515,'Stock',47,'2023-07-25 07:03:46',7,NULL,NULL),(721,100000327,'Stock',50,'2023-07-25 08:03:45',7,NULL,NULL),(722,100000327,'Stock',46,'2023-07-25 08:03:45',7,NULL,NULL),(723,100000499,'Stock',45,'2023-07-25 09:03:44',2,NULL,NULL),(724,100000499,'Stock',46,'2023-07-25 09:03:44',2,NULL,NULL),(725,100000700,'Stock',49,'2023-07-25 10:03:43',2,NULL,NULL),(726,100000700,'Stock',59,'2023-07-25 10:03:43',2,'2023-09-06 02:46:38',8),(727,100000430,'Stock',54,'2023-07-25 11:03:42',8,NULL,NULL),(728,100000394,'Stock',59,'2023-07-25 12:03:41',24,'2023-09-06 02:46:38',8),(729,100000541,'Stock',51,'2023-07-25 13:03:40',8,NULL,NULL),(730,100000365,'Stock',48,'2023-07-25 14:03:39',4,NULL,NULL),(731,100000252,'Stock',50,'2023-07-25 15:03:38',7,NULL,NULL),(732,100000597,'Stock',51,'2023-07-25 16:03:37',8,NULL,NULL),(733,100000631,'Stock',46,'2023-07-25 17:03:36',3,NULL,NULL),(734,100000277,'Stock',62,'2023-07-25 19:03:34',6,NULL,NULL),(735,100000721,'Stock',56,'2023-07-25 20:03:33',23,NULL,NULL),(736,100000330,'Stock',46,'2023-07-25 21:03:32',3,NULL,NULL),(737,100000626,'Stock',47,'2023-07-25 22:03:31',8,NULL,NULL),(738,100000353,'Stock',49,'2023-07-25 23:03:30',5,NULL,NULL),(739,100000483,'Stock',60,'2023-07-26 00:03:29',2,NULL,NULL),(740,100000411,'Stock',47,'2023-07-26 01:03:28',4,NULL,NULL),(741,100000422,'Stock',45,'2023-07-26 02:03:27',5,NULL,NULL),(742,100000315,'Stock',57,'2023-07-26 03:03:26',9,NULL,NULL),(743,100000455,'Stock',59,'2023-07-26 04:03:25',7,'2023-09-06 02:46:38',8),(744,100000733,'Stock',60,'2023-07-26 06:03:23',9,NULL,NULL),(745,100000594,'Stock',62,'2023-07-26 07:03:22',5,NULL,NULL),(746,100000345,'Stock',56,'2023-07-26 09:03:20',25,NULL,NULL),(747,100000345,'Stock',49,'2023-07-26 10:03:19',25,NULL,NULL),(748,100000674,'Stock',48,'2023-07-26 11:03:18',4,NULL,NULL),(749,100000747,'Stock',72,'2023-07-26 12:03:17',10,'2023-09-06 05:46:35',17),(750,100000747,'Stock',80,'2023-07-26 12:03:17',10,NULL,NULL),(751,100000752,'Stock',73,'2023-07-26 17:03:12',10,NULL,NULL),(752,100000752,'Stock',77,'2023-07-26 17:03:12',10,NULL,NULL),(753,100000753,'Stock',65,'2023-07-26 18:03:11',10,NULL,NULL),(754,100000753,'Stock',83,'2023-07-26 18:03:11',10,NULL,NULL),(755,100000755,'Stock',81,'2023-07-26 20:03:09',18,NULL,NULL),(756,100000755,'Stock',65,'2023-07-26 20:03:09',18,NULL,NULL),(757,100000757,'Stock',80,'2023-07-26 22:03:07',17,'2023-08-08 22:57:54',10),(758,100000757,'Stock',73,'2023-07-26 22:03:07',17,'2023-08-08 22:57:54',10),(759,100000758,'Stock',72,'2023-07-26 23:03:06',10,'2023-09-06 05:46:35',17),(760,100000758,'Stock',77,'2023-07-26 23:03:06',10,NULL,NULL),(761,100000759,'Stock',75,'2023-07-27 00:03:05',31,NULL,NULL),(762,100000759,'Stock',68,'2023-07-27 00:03:05',31,NULL,NULL),(763,100000759,'Stock',71,'2023-07-27 00:03:05',31,NULL,NULL),(764,100000761,'Stock',84,'2023-07-27 02:03:03',16,'2023-09-06 04:46:36',11),(765,100000761,'Stock',78,'2023-07-27 02:03:03',16,NULL,NULL),(766,100000763,'Stock',80,'2023-07-27 04:03:01',15,NULL,NULL),(767,100000763,'Stock',74,'2023-07-27 04:03:01',15,NULL,NULL),(768,100000767,'Stock',81,'2023-07-27 08:02:57',33,'2023-08-08 21:57:55',33),(769,100000769,'Stock',81,'2023-07-27 10:02:55',17,NULL,NULL),(770,100000769,'Stock',68,'2023-07-27 10:02:55',17,NULL,NULL),(771,100000769,'Stock',77,'2023-07-27 10:02:55',17,NULL,NULL),(772,100000773,'Stock',78,'2023-07-27 14:02:51',11,NULL,NULL),(773,100000774,'Stock',82,'2023-07-27 15:02:50',18,NULL,NULL),(774,100000778,'Stock',81,'2023-07-27 19:02:46',17,NULL,NULL),(775,100000779,'Stock',65,'2023-07-27 20:02:45',31,'2023-08-08 12:58:04',18),(776,100000780,'Stock',74,'2023-07-27 21:02:44',15,NULL,NULL),(777,100000780,'Stock',84,'2023-07-27 21:02:44',15,'2023-09-06 04:46:36',11),(778,100000780,'Stock',68,'2023-07-27 21:02:44',15,NULL,NULL),(779,100000782,'Stock',78,'2023-07-27 23:02:42',15,NULL,NULL),(780,100000784,'Stock',72,'2023-07-28 01:02:40',33,'2023-08-08 01:58:15',16),(781,100000785,'Stock',72,'2023-07-28 02:02:39',16,'2023-09-06 05:46:35',17),(782,100000786,'Stock',84,'2023-07-28 03:02:38',18,'2023-09-06 04:46:36',11),(783,100000787,'Stock',67,'2023-07-28 04:02:37',11,'2023-08-08 04:58:12',11),(784,100000789,'Stock',72,'2023-07-28 06:02:35',16,'2023-09-06 05:46:35',17),(785,100000789,'Stock',74,'2023-07-28 06:02:35',16,NULL,NULL),(786,100000789,'Stock',75,'2023-07-28 06:02:35',16,NULL,NULL),(787,100000791,'Stock',77,'2023-07-28 08:02:33',17,'2023-08-08 03:58:13',31),(788,100000792,'Stock',68,'2023-07-28 09:02:32',11,NULL,NULL),(789,100000794,'Stock',78,'2023-07-28 11:02:30',18,NULL,NULL),(790,100000795,'Stock',73,'2023-07-28 12:02:29',15,NULL,NULL),(791,100000795,'Stock',71,'2023-07-28 12:02:29',15,NULL,NULL),(792,100000797,'Stock',80,'2023-07-28 14:02:27',18,'2023-08-08 14:58:02',18),(793,100000797,'Stock',73,'2023-07-28 14:02:27',18,'2023-08-08 14:58:02',18),(794,100000797,'Stock',72,'2023-07-28 14:02:27',18,'2023-08-08 14:58:02',18),(795,100000799,'Stock',72,'2023-07-28 16:02:25',33,'2023-09-06 05:46:35',17),(796,100000799,'Stock',78,'2023-07-28 16:02:25',33,NULL,NULL),(797,100000800,'Stock',82,'2023-07-28 17:02:24',18,NULL,NULL),(798,100000800,'Stock',71,'2023-07-28 17:02:24',18,NULL,NULL),(799,100000803,'Stock',82,'2023-07-28 20:02:21',16,NULL,NULL),(800,100000809,'Stock',72,'2023-07-29 02:02:15',11,'2023-09-06 05:46:35',17),(801,100000811,'Stock',74,'2023-07-29 04:02:13',15,NULL,NULL),(802,100000812,'Stock',65,'2023-07-29 05:02:12',11,'2023-08-08 05:58:11',10),(803,100000815,'Stock',80,'2023-07-29 08:02:09',17,NULL,NULL),(804,100000815,'Stock',68,'2023-07-29 08:02:09',17,NULL,NULL),(805,100000818,'Stock',78,'2023-07-29 11:02:06',31,NULL,NULL),(806,100000821,'Stock',81,'2023-07-29 14:02:03',31,NULL,NULL),(807,100000821,'Stock',83,'2023-07-29 14:02:03',31,NULL,NULL),(808,100000821,'Stock',67,'2023-07-29 14:02:03',31,NULL,NULL),(809,100000823,'Stock',82,'2023-07-29 16:02:01',16,NULL,NULL),(810,100000826,'Stock',67,'2023-07-29 19:01:58',31,NULL,NULL),(811,100000827,'Stock',73,'2023-07-29 20:01:57',16,NULL,NULL),(812,100000827,'Stock',83,'2023-07-29 20:01:57',16,NULL,NULL),(813,100000827,'Stock',84,'2023-07-29 20:01:57',16,'2023-09-06 04:46:36',11),(814,100000828,'Stock',83,'2023-07-29 21:01:56',11,'2023-08-08 18:57:58',15),(815,100000828,'Stock',78,'2023-07-29 21:01:56',11,'2023-08-08 18:57:58',15),(816,100000829,'Stock',72,'2023-07-29 22:01:55',15,'2023-08-08 10:58:06',15),(817,100000829,'Stock',68,'2023-07-29 22:01:55',15,'2023-08-08 10:58:06',15),(818,100000831,'Stock',72,'2023-07-30 00:01:53',31,'2023-09-06 05:46:35',17),(819,100000831,'Stock',82,'2023-07-30 00:01:53',31,NULL,NULL),(820,100000831,'Stock',78,'2023-07-30 00:01:53',31,NULL,NULL),(821,100000832,'Stock',80,'2023-07-30 01:01:52',11,NULL,NULL),(822,100000832,'Stock',74,'2023-07-30 01:01:52',11,NULL,NULL),(823,100000832,'Stock',77,'2023-07-30 01:01:52',11,NULL,NULL),(824,100000835,'Stock',67,'2023-07-30 04:01:49',18,NULL,NULL),(825,100000835,'Stock',75,'2023-07-30 04:01:49',18,NULL,NULL),(826,100000835,'Stock',78,'2023-07-30 04:01:49',18,NULL,NULL),(827,100000836,'Stock',65,'2023-07-30 05:01:48',33,'2023-08-08 19:57:57',15),(828,100000836,'Stock',74,'2023-07-30 05:01:48',33,'2023-08-08 19:57:57',15),(829,100000837,'Stock',72,'2023-07-30 06:01:47',17,'2023-09-06 05:46:35',17),(830,100000837,'Stock',81,'2023-07-30 06:01:47',17,NULL,NULL),(831,100000837,'Stock',65,'2023-07-30 06:01:47',17,NULL,NULL),(832,100000842,'Stock',71,'2023-07-30 11:01:42',18,NULL,NULL),(833,100000846,'Stock',83,'2023-07-30 15:01:38',33,NULL,NULL),(834,100000846,'Stock',75,'2023-07-30 15:01:38',33,NULL,NULL),(835,100000777,'Stock',77,'2023-08-07 23:58:17',11,'2023-08-08 23:57:53',33),(836,100000777,'Stock',78,'2023-08-07 23:58:17',11,'2023-08-08 23:57:53',33),(837,100000824,'Stock',67,'2023-08-08 00:58:16',17,NULL,NULL),(838,100000824,'Stock',68,'2023-08-08 00:58:16',17,NULL,NULL),(839,100000784,'Stock',68,'2023-08-08 01:58:15',16,NULL,NULL),(840,100000784,'Stock',77,'2023-08-08 01:58:15',16,NULL,NULL),(841,100000773,'Stock',83,'2023-08-08 02:58:14',17,NULL,NULL),(842,100000791,'Stock',65,'2023-08-08 03:58:13',31,NULL,NULL),(843,100000791,'Stock',73,'2023-08-08 03:58:13',31,NULL,NULL),(844,100000787,'Stock',74,'2023-08-08 04:58:12',11,NULL,NULL),(845,100000787,'Stock',78,'2023-08-08 04:58:12',11,NULL,NULL),(846,100000812,'Stock',80,'2023-08-08 05:58:11',10,NULL,NULL),(847,100000812,'Stock',74,'2023-08-08 05:58:11',10,NULL,NULL),(848,100000781,'Stock',72,'2023-08-08 06:58:10',18,'2023-09-06 05:46:35',17),(849,100000781,'Stock',81,'2023-08-08 06:58:10',18,NULL,NULL),(850,100000839,'Stock',82,'2023-08-08 07:58:09',31,NULL,NULL),(851,100000839,'Stock',68,'2023-08-08 07:58:09',31,NULL,NULL),(852,100000810,'Stock',74,'2023-08-08 08:58:08',16,NULL,NULL),(853,100000810,'Stock',67,'2023-08-08 08:58:08',16,NULL,NULL),(854,100000838,'Stock',82,'2023-08-08 09:58:07',10,NULL,NULL),(855,100000838,'Stock',77,'2023-08-08 09:58:07',10,NULL,NULL),(856,100000829,'Stock',75,'2023-08-08 10:58:06',15,NULL,NULL),(857,100000829,'Stock',83,'2023-08-08 10:58:06',15,NULL,NULL),(858,100000834,'Stock',80,'2023-08-08 11:58:05',15,NULL,NULL),(859,100000834,'Stock',67,'2023-08-08 11:58:05',15,NULL,NULL),(860,100000779,'Stock',80,'2023-08-08 12:58:04',18,NULL,NULL),(861,100000779,'Stock',71,'2023-08-08 12:58:04',18,NULL,NULL),(862,100000814,'Stock',80,'2023-08-08 13:58:03',11,NULL,NULL),(863,100000814,'Stock',73,'2023-08-08 13:58:03',11,NULL,NULL),(864,100000797,'Stock',83,'2023-08-08 14:58:02',18,NULL,NULL),(865,100000797,'Stock',68,'2023-08-08 14:58:02',18,NULL,NULL),(866,100000766,'Stock',73,'2023-08-08 15:58:01',31,NULL,NULL),(867,100000766,'Stock',68,'2023-08-08 15:58:01',31,NULL,NULL),(868,100000772,'Stock',73,'2023-08-08 16:58:00',18,NULL,NULL),(869,100000772,'Stock',84,'2023-08-08 16:58:00',18,'2023-09-06 04:46:36',11),(870,100000788,'Stock',72,'2023-08-08 17:57:59',33,'2023-09-06 05:46:35',17),(871,100000788,'Stock',75,'2023-08-08 17:57:59',33,NULL,NULL),(872,100000828,'Stock',75,'2023-08-08 18:57:58',15,NULL,NULL),(873,100000828,'Stock',71,'2023-08-08 18:57:58',15,'2023-08-08 20:57:56',17),(874,100000836,'Stock',82,'2023-08-08 19:57:57',15,NULL,NULL),(875,100000836,'Stock',77,'2023-08-08 19:57:57',15,NULL,NULL),(876,100000828,'Stock',65,'2023-08-08 20:57:56',17,NULL,NULL),(877,100000767,'Stock',74,'2023-08-08 21:57:55',33,NULL,NULL),(878,100000767,'Stock',84,'2023-08-08 21:57:55',33,'2023-09-06 04:46:36',11),(879,100000757,'Stock',72,'2023-08-08 22:57:54',10,'2023-09-06 05:46:35',17),(880,100000757,'Stock',75,'2023-08-08 22:57:54',10,NULL,NULL),(881,100000777,'Stock',81,'2023-08-08 23:57:53',33,NULL,NULL),(882,100000777,'Stock',74,'2023-08-08 23:57:53',33,NULL,NULL),(883,100000801,'Stock',72,'2023-08-09 00:57:52',15,'2023-09-06 05:46:35',17),(884,100000800,'Stock',84,'2023-08-09 01:57:51',15,'2023-09-06 04:46:36',11),(885,100000767,'Stock',78,'2023-08-09 02:57:50',18,NULL,NULL),(886,100000836,'Stock',78,'2023-08-09 03:57:49',15,NULL,NULL),(887,100000753,'Stock',78,'2023-08-09 04:57:48',31,NULL,NULL),(888,100000765,'Stock',68,'2023-08-09 05:57:47',31,NULL,NULL),(889,100000830,'Stock',82,'2023-08-09 06:57:46',15,NULL,NULL),(890,100000782,'Stock',67,'2023-08-09 07:57:45',15,NULL,NULL),(891,100000747,'Stock',77,'2023-08-09 09:57:43',11,NULL,NULL),(892,100000834,'Stock',83,'2023-08-09 10:57:42',18,NULL,NULL),(893,100000781,'Stock',84,'2023-08-09 11:57:41',33,'2023-09-06 04:46:36',11),(894,100000804,'Stock',84,'2023-08-09 12:57:40',31,'2023-09-06 04:46:36',11),(895,100000781,'Stock',82,'2023-08-09 13:57:39',16,NULL,NULL),(896,100000765,'Stock',71,'2023-08-09 14:57:38',10,NULL,NULL),(897,100000749,'Stock',73,'2023-08-09 15:57:37',33,NULL,NULL),(898,100000801,'Stock',81,'2023-08-09 16:57:36',31,NULL,NULL),(899,100000824,'Stock',73,'2023-08-09 17:57:35',10,NULL,NULL),(900,100000811,'Stock',72,'2023-08-09 18:57:34',15,'2023-09-06 05:46:35',17),(901,100000775,'Stock',84,'2023-08-09 20:57:32',10,'2023-09-06 04:46:36',11),(902,100000814,'Stock',68,'2023-08-09 21:57:31',11,NULL,NULL),(903,100000822,'Stock',77,'2023-08-09 22:57:30',10,NULL,NULL),(904,100000773,'Stock',80,'2023-08-09 23:57:29',18,NULL,NULL),(905,100000797,'Stock',80,'2023-08-10 00:57:28',31,NULL,NULL),(906,100000847,'Stock',88,'2023-08-10 01:57:27',34,NULL,NULL),(907,100000847,'Stock',100,'2023-08-10 01:57:27',34,NULL,NULL),(908,100000848,'Stock',101,'2023-08-10 02:57:26',34,NULL,NULL),(909,100000849,'Stock',101,'2023-08-10 03:57:25',16,NULL,NULL),(910,100000850,'Stock',98,'2023-08-10 04:57:24',10,NULL,NULL),(911,100000850,'Stock',102,'2023-08-10 04:57:24',10,NULL,NULL),(912,100000850,'Stock',87,'2023-08-10 04:57:24',10,NULL,NULL),(913,100000856,'Stock',90,'2023-08-10 10:57:18',32,'2023-08-23 01:52:15',32),(914,100000856,'Stock',103,'2023-08-10 10:57:18',32,'2023-08-23 01:52:15',32),(915,100000856,'Stock',87,'2023-08-10 10:57:18',32,NULL,NULL),(916,100000858,'Stock',94,'2023-08-10 12:57:16',10,'2023-08-22 22:52:18',12),(917,100000864,'Stock',90,'2023-08-10 18:57:10',17,'2023-08-23 09:52:07',17),(918,100000865,'Stock',101,'2023-08-10 19:57:09',16,NULL,NULL),(919,100000866,'Stock',88,'2023-08-10 20:57:08',18,NULL,NULL),(920,100000866,'Stock',90,'2023-08-10 20:57:08',18,NULL,NULL),(921,100000866,'Stock',100,'2023-08-10 20:57:08',18,NULL,NULL),(922,100000867,'Stock',102,'2023-08-10 21:57:07',32,NULL,NULL),(923,100000869,'Stock',98,'2023-08-10 23:57:05',34,NULL,NULL),(924,100000869,'Stock',90,'2023-08-10 23:57:05',34,NULL,NULL),(925,100000869,'Stock',101,'2023-08-10 23:57:05',34,NULL,NULL),(926,100000870,'Stock',89,'2023-08-11 00:57:04',16,NULL,NULL),(927,100000870,'Stock',102,'2023-08-11 00:57:04',16,NULL,NULL),(928,100000870,'Stock',103,'2023-08-11 00:57:04',16,NULL,NULL),(929,100000871,'Stock',101,'2023-08-11 01:57:03',17,NULL,NULL),(930,100000871,'Stock',94,'2023-08-11 01:57:03',17,'2023-09-06 06:46:34',32),(931,100000875,'Stock',90,'2023-08-11 05:56:59',17,NULL,NULL),(932,100000875,'Stock',101,'2023-08-11 05:56:59',17,NULL,NULL),(933,100000875,'Stock',87,'2023-08-11 05:56:59',17,NULL,NULL),(934,100000876,'Stock',87,'2023-08-11 06:56:58',18,NULL,NULL),(935,100000878,'Stock',96,'2023-08-11 08:56:56',15,'2023-08-23 03:52:13',34),(936,100000878,'Stock',98,'2023-08-11 08:56:56',15,'2023-08-23 03:52:13',34),(937,100000881,'Stock',91,'2023-08-11 11:56:53',18,'2023-08-23 13:52:03',17),(938,100000881,'Stock',94,'2023-08-11 11:56:53',18,'2023-08-23 13:52:03',17),(939,100000881,'Stock',87,'2023-08-11 11:56:53',18,'2023-08-23 13:52:03',17),(940,100000882,'Stock',88,'2023-08-11 12:56:52',17,NULL,NULL),(941,100000883,'Stock',88,'2023-08-11 13:56:51',16,'2023-08-22 13:52:27',18),(942,100000883,'Stock',101,'2023-08-11 13:56:51',16,'2023-08-22 13:52:27',18),(943,100000884,'Stock',102,'2023-08-11 14:56:50',16,NULL,NULL),(944,100000885,'Stock',103,'2023-08-11 15:56:49',15,NULL,NULL),(945,100000888,'Stock',90,'2023-08-11 18:56:46',18,NULL,NULL),(946,100000888,'Stock',101,'2023-08-11 18:56:46',18,NULL,NULL),(947,100000892,'Stock',100,'2023-08-11 22:56:42',18,NULL,NULL),(948,100000894,'Stock',91,'2023-08-12 00:56:40',12,NULL,NULL),(949,100000895,'Stock',100,'2023-08-12 01:56:39',17,'2023-08-23 04:52:12',34),(950,100000896,'Stock',96,'2023-08-12 02:56:38',15,NULL,NULL),(951,100000896,'Stock',88,'2023-08-12 02:56:38',15,NULL,NULL),(952,100000896,'Stock',100,'2023-08-12 02:56:38',15,NULL,NULL),(953,100000899,'Stock',98,'2023-08-12 05:56:35',32,'2023-08-22 19:52:21',10),(954,100000899,'Stock',101,'2023-08-12 05:56:35',32,'2023-08-22 19:52:21',10),(955,100000899,'Stock',102,'2023-08-12 05:56:35',32,'2023-08-22 19:52:21',10),(956,100000900,'Stock',89,'2023-08-12 06:56:34',12,NULL,NULL),(957,100000900,'Stock',87,'2023-08-12 06:56:34',12,NULL,NULL),(958,100000904,'Stock',103,'2023-08-12 10:56:30',15,NULL,NULL),(959,100000906,'Stock',90,'2023-08-12 12:56:28',10,NULL,NULL),(960,100000906,'Stock',94,'2023-08-12 12:56:28',10,'2023-09-06 06:46:34',32),(961,100000906,'Stock',103,'2023-08-12 12:56:28',10,NULL,NULL),(962,100000910,'Stock',90,'2023-08-12 16:56:24',34,NULL,NULL),(963,100000910,'Stock',101,'2023-08-12 16:56:24',34,NULL,NULL),(964,100000912,'Stock',89,'2023-08-12 18:56:22',10,NULL,NULL),(965,100000912,'Stock',100,'2023-08-12 18:56:22',10,NULL,NULL),(966,100000912,'Stock',102,'2023-08-12 18:56:22',10,NULL,NULL),(967,100000913,'Stock',90,'2023-08-12 19:56:21',32,NULL,NULL),(968,100000913,'Stock',94,'2023-08-12 19:56:21',32,'2023-09-06 06:46:34',32),(969,100000914,'Stock',90,'2023-08-12 20:56:20',12,NULL,NULL),(970,100000916,'Stock',100,'2023-08-12 22:56:18',18,NULL,NULL),(971,100000918,'Stock',88,'2023-08-13 00:56:16',34,NULL,NULL),(972,100000920,'Stock',96,'2023-08-13 02:56:14',10,NULL,NULL),(973,100000920,'Stock',90,'2023-08-13 02:56:14',10,NULL,NULL),(974,100000920,'Stock',94,'2023-08-13 02:56:14',10,'2023-09-06 06:46:34',32),(975,100000921,'Stock',90,'2023-08-13 03:56:13',12,NULL,NULL),(976,100000922,'Stock',88,'2023-08-13 04:56:12',15,NULL,NULL),(977,100000922,'Stock',90,'2023-08-13 04:56:12',15,NULL,NULL),(978,100000922,'Stock',91,'2023-08-13 04:56:12',15,NULL,NULL),(979,100000924,'Stock',101,'2023-08-13 06:56:10',18,NULL,NULL),(980,100000924,'Stock',94,'2023-08-13 06:56:10',18,'2023-09-06 06:46:34',32),(981,100000925,'Stock',91,'2023-08-13 07:56:09',32,NULL,NULL),(982,100000926,'Stock',87,'2023-08-13 08:56:08',34,NULL,NULL),(983,100000928,'Stock',90,'2023-08-13 10:56:06',17,NULL,NULL),(984,100000928,'Stock',101,'2023-08-13 10:56:06',17,NULL,NULL),(985,100000928,'Stock',98,'2023-08-13 10:56:06',17,NULL,NULL),(986,100000930,'Stock',101,'2023-08-13 12:56:04',16,NULL,NULL),(987,100000933,'Stock',103,'2023-08-13 15:56:01',17,NULL,NULL),(988,100000937,'Stock',89,'2023-08-13 19:55:57',17,'2023-08-23 10:52:06',15),(989,100000937,'Stock',103,'2023-08-13 19:55:57',17,'2023-08-23 10:52:06',15),(990,100000940,'Stock',89,'2023-08-13 22:55:54',32,NULL,NULL),(991,100000940,'Stock',98,'2023-08-13 22:55:54',32,NULL,NULL),(992,100000940,'Stock',102,'2023-08-13 22:55:54',32,NULL,NULL),(993,100000941,'Stock',88,'2023-08-13 23:55:53',12,NULL,NULL),(994,100000943,'Stock',101,'2023-08-14 01:55:51',15,NULL,NULL),(995,100000944,'Stock',100,'2023-08-14 02:55:50',18,NULL,NULL),(996,100000944,'Stock',94,'2023-08-14 02:55:50',18,'2023-09-06 06:46:34',32),(997,100000944,'Stock',103,'2023-08-14 02:55:50',18,NULL,NULL),(998,100000945,'Stock',103,'2023-08-14 03:55:49',16,NULL,NULL),(999,100000946,'Stock',100,'2023-08-14 04:55:48',15,NULL,NULL),(1000,100000946,'Stock',101,'2023-08-14 04:55:48',15,NULL,NULL),(1001,100000883,'Stock',94,'2023-08-22 13:52:27',18,'2023-08-23 02:52:14',15),(1002,100000883,'Stock',87,'2023-08-22 13:52:27',18,'2023-08-23 02:52:14',15),(1003,100000902,'Stock',96,'2023-08-22 14:52:26',10,NULL,NULL),(1004,100000902,'Stock',89,'2023-08-22 14:52:26',10,NULL,NULL),(1005,100000862,'Stock',89,'2023-08-22 15:52:25',16,NULL,NULL),(1006,100000862,'Stock',101,'2023-08-22 15:52:25',16,NULL,NULL),(1007,100000909,'Stock',89,'2023-08-22 16:52:24',16,NULL,NULL),(1008,100000909,'Stock',94,'2023-08-22 16:52:24',16,'2023-09-06 06:46:34',32),(1009,100000857,'Stock',102,'2023-08-22 17:52:23',12,'2023-08-23 00:52:16',16),(1010,100000857,'Stock',103,'2023-08-22 17:52:23',12,NULL,NULL),(1011,100000938,'Stock',100,'2023-08-22 18:52:22',17,'2023-08-23 06:52:10',18),(1012,100000938,'Stock',102,'2023-08-22 18:52:22',17,NULL,NULL),(1013,100000899,'Stock',88,'2023-08-22 19:52:21',10,NULL,NULL),(1014,100000899,'Stock',100,'2023-08-22 19:52:21',10,NULL,NULL),(1015,100000942,'Stock',102,'2023-08-22 20:52:20',15,NULL,NULL),(1016,100000942,'Stock',94,'2023-08-22 20:52:20',15,'2023-09-06 06:46:34',32),(1017,100000887,'Stock',88,'2023-08-22 21:52:19',10,NULL,NULL),(1018,100000887,'Stock',96,'2023-08-22 21:52:19',10,NULL,NULL),(1019,100000858,'Stock',96,'2023-08-22 22:52:18',12,NULL,NULL),(1020,100000858,'Stock',87,'2023-08-22 22:52:18',12,NULL,NULL),(1021,100000932,'Stock',98,'2023-08-22 23:52:17',16,'2023-08-23 12:52:04',34),(1022,100000932,'Stock',87,'2023-08-22 23:52:17',16,'2023-08-23 12:52:04',34),(1023,100000857,'Stock',98,'2023-08-23 00:52:16',16,NULL,NULL),(1024,100000856,'Stock',101,'2023-08-23 01:52:15',32,NULL,NULL),(1025,100000883,'Stock',90,'2023-08-23 02:52:14',15,'2023-08-23 07:52:09',18),(1026,100000883,'Stock',100,'2023-08-23 02:52:14',15,'2023-08-23 07:52:09',18),(1027,100000878,'Stock',91,'2023-08-23 03:52:13',34,NULL,NULL),(1028,100000878,'Stock',103,'2023-08-23 03:52:13',34,NULL,NULL),(1029,100000895,'Stock',96,'2023-08-23 04:52:12',34,NULL,NULL),(1030,100000895,'Stock',94,'2023-08-23 04:52:12',34,'2023-09-06 06:46:34',32),(1031,100000917,'Stock',88,'2023-08-23 05:52:11',18,NULL,NULL),(1032,100000917,'Stock',103,'2023-08-23 05:52:11',18,NULL,NULL),(1033,100000938,'Stock',96,'2023-08-23 06:52:10',18,NULL,NULL),(1034,100000883,'Stock',96,'2023-08-23 07:52:09',18,NULL,NULL),(1035,100000883,'Stock',103,'2023-08-23 07:52:09',18,NULL,NULL),(1036,100000863,'Stock',91,'2023-08-23 08:52:08',17,NULL,NULL),(1037,100000863,'Stock',87,'2023-08-23 08:52:08',17,NULL,NULL),(1038,100000864,'Stock',96,'2023-08-23 09:52:07',17,NULL,NULL),(1039,100000864,'Stock',101,'2023-08-23 09:52:07',17,NULL,NULL),(1040,100000937,'Stock',91,'2023-08-23 10:52:06',15,NULL,NULL),(1041,100000937,'Stock',102,'2023-08-23 10:52:06',15,NULL,NULL),(1042,100000853,'Stock',94,'2023-08-23 11:52:05',10,'2023-09-06 06:46:34',32),(1043,100000853,'Stock',103,'2023-08-23 11:52:05',10,NULL,NULL),(1044,100000932,'Stock',96,'2023-08-23 12:52:04',34,NULL,NULL),(1045,100000932,'Stock',102,'2023-08-23 12:52:04',34,NULL,NULL),(1046,100000881,'Stock',96,'2023-08-23 13:52:03',17,NULL,NULL),(1047,100000881,'Stock',90,'2023-08-23 13:52:03',17,NULL,NULL),(1048,100000925,'Stock',88,'2023-08-23 16:52:00',15,NULL,NULL),(1049,100000895,'Stock',103,'2023-08-23 17:51:59',10,NULL,NULL),(1050,100000929,'Stock',94,'2023-08-23 18:51:58',16,'2023-09-06 06:46:34',32),(1051,100000913,'Stock',98,'2023-08-23 19:51:57',17,NULL,NULL),(1052,100000875,'Stock',100,'2023-08-23 20:51:56',18,NULL,NULL),(1053,100000933,'Stock',102,'2023-08-23 21:51:55',34,NULL,NULL),(1054,100000945,'Stock',87,'2023-08-23 22:51:54',17,NULL,NULL),(1055,100000910,'Stock',91,'2023-08-23 23:51:53',18,NULL,NULL),(1056,100000872,'Stock',90,'2023-08-24 00:51:52',32,NULL,NULL),(1057,100000916,'Stock',91,'2023-08-24 01:51:51',34,NULL,NULL),(1058,100000928,'Stock',100,'2023-08-24 04:51:48',15,NULL,NULL),(1059,100000936,'Stock',100,'2023-08-24 05:51:47',15,NULL,NULL),(1060,100000901,'Stock',90,'2023-08-24 06:51:46',17,NULL,NULL),(1061,100000854,'Stock',87,'2023-08-24 07:51:45',10,NULL,NULL),(1062,100000891,'Stock',98,'2023-08-24 08:51:44',15,NULL,NULL),(1063,100000867,'Stock',101,'2023-08-24 09:51:43',17,NULL,NULL),(1064,100000872,'Stock',102,'2023-08-24 10:51:42',34,NULL,NULL),(1065,100000943,'Stock',87,'2023-08-24 11:51:41',15,NULL,NULL),(1066,100000873,'Stock',94,'2023-08-24 12:51:40',10,'2023-09-06 06:46:34',32),(1067,100000867,'Stock',98,'2023-08-24 13:51:39',16,NULL,NULL),(1068,100000928,'Stock',94,'2023-08-24 14:51:38',16,'2023-09-06 06:46:34',32),(1069,100000947,'Stock',106,'2023-08-24 15:51:37',37,NULL,NULL),(1070,100000947,'Stock',107,'2023-08-24 15:51:37',37,NULL,NULL),(1071,100000947,'Stock',109,'2023-08-24 15:51:37',37,NULL,NULL),(1072,100000949,'Stock',106,'2023-08-24 17:51:35',19,NULL,NULL),(1073,100000949,'Stock',115,'2023-08-24 17:51:35',19,NULL,NULL),(1074,100000951,'Stock',121,'2023-08-24 19:51:33',38,NULL,NULL),(1075,100000951,'Stock',106,'2023-08-24 19:51:33',38,NULL,NULL),(1076,100000951,'Stock',115,'2023-08-24 19:51:33',38,NULL,NULL),(1077,100000952,'Stock',106,'2023-08-24 20:51:32',39,'2023-09-06 10:46:30',20),(1078,100000952,'Stock',124,'2023-08-24 20:51:32',39,'2023-09-06 10:46:30',20),(1079,100000953,'Stock',118,'2023-08-24 21:51:31',39,'2023-09-06 09:46:31',41),(1080,100000953,'Stock',111,'2023-08-24 21:51:31',39,NULL,NULL),(1081,100000955,'Stock',113,'2023-08-24 23:51:29',20,NULL,NULL),(1082,100000955,'Stock',124,'2023-08-24 23:51:29',20,NULL,NULL),(1083,100000956,'Stock',106,'2023-08-25 00:51:28',10,NULL,NULL),(1084,100000957,'Stock',107,'2023-08-25 01:51:27',37,NULL,NULL),(1085,100000957,'Stock',118,'2023-08-25 01:51:27',37,'2023-09-06 09:46:31',41),(1086,100000958,'Stock',107,'2023-08-25 02:51:26',40,NULL,NULL),(1087,100000958,'Stock',124,'2023-08-25 02:51:26',40,NULL,NULL),(1088,100000960,'Stock',116,'2023-08-25 04:51:24',38,NULL,NULL),(1089,100000960,'Stock',119,'2023-08-25 04:51:24',38,NULL,NULL),(1090,100000961,'Stock',109,'2023-08-25 05:51:23',18,NULL,NULL),(1091,100000961,'Stock',118,'2023-08-25 05:51:23',18,'2023-09-06 09:46:31',41),(1092,100000962,'Stock',116,'2023-08-25 06:51:22',38,NULL,NULL),(1093,100000962,'Stock',119,'2023-08-25 06:51:22',38,NULL,NULL),(1094,100000962,'Stock',111,'2023-08-25 06:51:22',38,NULL,NULL),(1095,100000963,'Stock',124,'2023-08-25 07:51:21',20,NULL,NULL),(1096,100000964,'Stock',113,'2023-08-25 08:51:20',38,NULL,NULL),(1097,100000965,'Stock',113,'2023-08-25 09:51:19',10,NULL,NULL),(1098,100000966,'Stock',108,'2023-08-25 10:51:18',39,NULL,NULL),(1099,100000966,'Stock',105,'2023-08-25 10:51:18',39,NULL,NULL),(1100,100000966,'Stock',124,'2023-08-25 10:51:18',39,NULL,NULL),(1101,100000968,'Stock',122,'2023-08-25 12:51:16',19,NULL,NULL),(1102,100000968,'Stock',107,'2023-08-25 12:51:16',19,NULL,NULL),(1103,100000968,'Stock',109,'2023-08-25 12:51:16',19,NULL,NULL),(1104,100000971,'Stock',113,'2023-08-25 15:51:13',40,NULL,NULL),(1105,100000971,'Stock',118,'2023-08-25 15:51:13',40,'2023-09-06 09:46:31',41),(1106,100000972,'Stock',108,'2023-08-25 16:51:12',39,NULL,NULL),(1107,100000972,'Stock',116,'2023-08-25 16:51:12',39,NULL,NULL),(1108,100000972,'Stock',118,'2023-08-25 16:51:12',39,'2023-09-06 09:46:31',41),(1109,100000974,'Stock',115,'2023-08-25 18:51:10',20,NULL,NULL),(1110,100000977,'Stock',118,'2023-08-25 21:51:07',37,'2023-09-06 09:46:31',41),(1111,100000978,'Stock',121,'2023-08-25 22:51:06',10,NULL,NULL),(1112,100000979,'Stock',118,'2023-08-25 23:51:05',18,'2023-09-06 09:46:31',41),(1113,100000981,'Stock',124,'2023-08-26 01:51:03',18,'2023-09-06 18:46:22',39),(1114,100000981,'Stock',121,'2023-08-26 01:51:03',18,'2023-09-06 18:46:22',39),(1115,100000981,'Stock',116,'2023-08-26 01:51:03',18,NULL,NULL),(1116,100000983,'Stock',121,'2023-08-26 03:51:01',20,NULL,NULL),(1117,100000983,'Stock',122,'2023-08-26 03:51:01',20,NULL,NULL),(1118,100000983,'Stock',118,'2023-08-26 03:51:01',20,'2023-09-06 09:46:31',41),(1119,100000984,'Stock',115,'2023-08-26 04:51:00',40,NULL,NULL),(1120,100000984,'Stock',108,'2023-08-26 04:51:00',40,NULL,NULL),(1121,100000985,'Stock',109,'2023-08-26 05:50:59',10,'2023-09-06 09:46:31',18),(1122,100000986,'Stock',121,'2023-08-26 06:50:58',41,'2023-09-06 14:46:26',40),(1123,100000986,'Stock',109,'2023-08-26 06:50:58',41,'2023-09-06 11:46:29',39),(1124,100000988,'Stock',122,'2023-08-26 08:50:56',38,NULL,NULL),(1125,100000988,'Stock',118,'2023-08-26 08:50:56',38,'2023-09-06 09:46:31',41),(1126,100000989,'Stock',122,'2023-08-26 09:50:55',38,NULL,NULL),(1127,100000989,'Stock',124,'2023-08-26 09:50:55',38,NULL,NULL),(1128,100000989,'Stock',106,'2023-08-26 09:50:55',38,NULL,NULL),(1129,100000994,'Stock',113,'2023-08-26 14:50:50',20,NULL,NULL),(1130,100000994,'Stock',118,'2023-08-26 14:50:50',20,'2023-09-06 09:46:31',41),(1131,100000994,'Stock',111,'2023-08-26 14:50:50',20,NULL,NULL),(1132,100000996,'Stock',116,'2023-08-26 16:50:48',19,'2023-09-06 21:46:19',37),(1133,100000996,'Stock',109,'2023-08-26 16:50:48',19,'2023-09-06 21:46:19',37),(1134,100000996,'Stock',111,'2023-08-26 16:50:48',19,'2023-09-06 21:46:19',37),(1135,100000998,'Stock',113,'2023-08-26 18:50:46',39,NULL,NULL),(1136,100000998,'Stock',122,'2023-08-26 18:50:46',39,NULL,NULL),(1137,100000998,'Stock',108,'2023-08-26 18:50:46',39,NULL,NULL),(1138,100001000,'Stock',108,'2023-08-26 20:50:44',41,NULL,NULL),(1139,100001005,'Stock',108,'2023-08-27 01:50:39',41,'2023-09-06 04:46:36',10),(1140,100001005,'Stock',118,'2023-08-27 01:50:39',41,'2023-09-06 09:46:31',41),(1141,100001008,'Stock',124,'2023-08-27 04:50:36',20,'2023-09-07 02:46:14',40),(1142,100001010,'Stock',122,'2023-08-27 06:50:34',20,NULL,NULL),(1143,100001010,'Stock',111,'2023-08-27 06:50:34',20,NULL,NULL),(1144,100001012,'Stock',121,'2023-08-27 08:50:32',10,NULL,NULL),(1145,100001012,'Stock',115,'2023-08-27 08:50:32',10,NULL,NULL),(1146,100001012,'Stock',108,'2023-08-27 08:50:32',10,NULL,NULL),(1147,100001015,'Stock',115,'2023-08-27 11:50:29',10,NULL,NULL),(1148,100001015,'Stock',107,'2023-08-27 11:50:29',10,NULL,NULL),(1149,100001015,'Stock',111,'2023-08-27 11:50:29',10,NULL,NULL),(1150,100001016,'Stock',124,'2023-08-27 12:50:28',41,'2023-09-07 00:46:16',10),(1151,100001016,'Stock',119,'2023-08-27 12:50:28',41,'2023-09-07 00:46:16',10),(1152,100001017,'Stock',107,'2023-08-27 13:50:27',37,NULL,NULL),(1153,100001017,'Stock',111,'2023-08-27 13:50:27',37,NULL,NULL),(1154,100001019,'Stock',118,'2023-08-27 15:50:25',39,'2023-09-06 09:46:31',41),(1155,100001021,'Stock',113,'2023-08-27 17:50:23',37,NULL,NULL),(1156,100001021,'Stock',109,'2023-08-27 17:50:23',37,NULL,NULL),(1157,100001022,'Stock',113,'2023-08-27 18:50:22',40,NULL,NULL),(1158,100001026,'Stock',115,'2023-08-27 22:50:18',40,NULL,NULL),(1159,100001026,'Stock',111,'2023-08-27 22:50:18',40,NULL,NULL),(1160,100001028,'Stock',115,'2023-08-28 00:50:16',18,'2023-09-06 06:46:34',18),(1161,100001028,'Stock',118,'2023-08-28 00:50:16',18,'2023-09-06 17:46:23',40),(1162,100001029,'Stock',108,'2023-08-28 01:50:15',40,NULL,NULL),(1163,100001029,'Stock',111,'2023-08-28 01:50:15',40,NULL,NULL),(1164,100001030,'Stock',115,'2023-08-28 02:50:14',37,NULL,NULL),(1165,100001030,'Stock',111,'2023-08-28 02:50:14',37,NULL,NULL),(1166,100001031,'Stock',122,'2023-08-28 03:50:13',20,NULL,NULL),(1167,100001031,'Stock',124,'2023-08-28 03:50:13',20,NULL,NULL),(1168,100001033,'Stock',106,'2023-08-28 05:50:11',37,NULL,NULL),(1169,100001033,'Stock',124,'2023-08-28 05:50:11',37,NULL,NULL),(1170,100001033,'Stock',111,'2023-08-28 05:50:11',37,NULL,NULL),(1171,100001039,'Stock',121,'2023-08-28 11:50:05',18,NULL,NULL),(1172,100001040,'Stock',115,'2023-08-28 12:50:04',10,NULL,NULL),(1173,100001040,'Stock',111,'2023-08-28 12:50:04',10,NULL,NULL),(1174,100001044,'Stock',121,'2023-08-28 16:50:00',38,'2023-09-06 15:46:25',40),(1175,100001044,'Stock',106,'2023-08-28 16:50:00',38,'2023-09-06 15:46:25',40),(1176,100001044,'Stock',115,'2023-08-28 16:50:00',38,'2023-09-06 15:46:25',40),(1177,100001038,'Stock',106,'2023-09-06 03:46:37',18,NULL,NULL),(1178,100001038,'Stock',119,'2023-09-06 03:46:37',18,NULL,NULL),(1179,100001005,'Stock',109,'2023-09-06 04:46:36',10,NULL,NULL),(1180,100001023,'Stock',105,'2023-09-06 05:46:35',39,'2023-09-06 22:46:18',39),(1181,100001023,'Stock',121,'2023-09-06 05:46:35',39,'2023-09-06 22:46:18',39),(1182,100001028,'Stock',124,'2023-09-06 06:46:34',18,'2023-09-06 17:46:23',40),(1183,100000987,'Stock',118,'2023-09-06 07:46:33',19,'2023-09-06 09:46:31',41),(1184,100000987,'Stock',119,'2023-09-06 07:46:33',19,NULL,NULL),(1185,100001007,'Stock',109,'2023-09-06 08:46:32',41,NULL,NULL),(1186,100001007,'Stock',118,'2023-09-06 08:46:32',41,'2023-09-06 09:46:31',41),(1187,100000985,'Stock',113,'2023-09-06 09:46:31',18,NULL,NULL),(1188,100000985,'Stock',116,'2023-09-06 09:46:31',18,NULL,NULL),(1189,100000952,'Stock',105,'2023-09-06 10:46:30',20,NULL,NULL),(1190,100000952,'Stock',118,'2023-09-06 10:46:30',20,'2023-09-06 09:46:31',41),(1191,100000986,'Stock',118,'2023-09-06 11:46:29',39,'2023-09-06 14:46:26',40),(1192,100000980,'Stock',105,'2023-09-06 12:46:28',41,NULL,NULL),(1193,100000980,'Stock',111,'2023-09-06 12:46:28',41,NULL,NULL),(1194,100001020,'Stock',105,'2023-09-06 13:46:27',18,NULL,NULL),(1195,100001020,'Stock',109,'2023-09-06 13:46:27',18,NULL,NULL),(1196,100000986,'Stock',105,'2023-09-06 14:46:26',40,NULL,NULL),(1197,100000986,'Stock',122,'2023-09-06 14:46:26',40,NULL,NULL),(1198,100001044,'Stock',113,'2023-09-06 15:46:25',40,NULL,NULL),(1199,100001044,'Stock',122,'2023-09-06 15:46:25',40,NULL,NULL),(1200,100000954,'Stock',115,'2023-09-06 16:46:24',19,NULL,NULL),(1201,100000954,'Stock',108,'2023-09-06 16:46:24',19,NULL,NULL),(1202,100001028,'Stock',113,'2023-09-06 17:46:23',40,NULL,NULL),(1203,100001028,'Stock',108,'2023-09-06 17:46:23',40,NULL,NULL),(1204,100000981,'Stock',108,'2023-09-06 18:46:22',39,NULL,NULL),(1205,100001002,'Stock',116,'2023-09-06 19:46:21',10,NULL,NULL),(1206,100001002,'Stock',109,'2023-09-06 19:46:21',10,NULL,NULL),(1207,100001024,'Stock',121,'2023-09-06 20:46:20',38,NULL,NULL),(1208,100001024,'Stock',109,'2023-09-06 20:46:20',38,NULL,NULL),(1209,100000996,'Stock',106,'2023-09-06 21:46:19',37,NULL,NULL),(1210,100000996,'Stock',119,'2023-09-06 21:46:19',37,NULL,NULL),(1211,100001023,'Stock',115,'2023-09-06 22:46:18',39,NULL,NULL),(1212,100001023,'Stock',124,'2023-09-06 22:46:18',39,NULL,NULL),(1213,100001009,'Stock',115,'2023-09-06 23:46:17',39,NULL,NULL),(1214,100001009,'Stock',118,'2023-09-06 23:46:17',39,'2023-09-06 09:46:31',41),(1215,100001016,'Stock',115,'2023-09-07 00:46:16',10,NULL,NULL),(1216,100001016,'Stock',111,'2023-09-07 00:46:16',10,NULL,NULL),(1217,100000979,'Stock',109,'2023-09-07 01:46:15',40,NULL,NULL),(1218,100001008,'Stock',122,'2023-09-07 02:46:14',40,NULL,NULL),(1219,100001008,'Stock',109,'2023-09-07 02:46:14',40,NULL,NULL),(1220,100001013,'Stock',113,'2023-09-07 03:46:13',18,NULL,NULL),(1221,100001013,'Stock',105,'2023-09-07 03:46:13',18,NULL,NULL),(1222,100000976,'Stock',118,'2023-09-07 04:46:12',39,'2023-09-06 09:46:31',41),(1223,100000997,'Stock',105,'2023-09-07 05:46:11',18,NULL,NULL),(1224,100000956,'Stock',121,'2023-09-07 07:46:09',38,NULL,NULL),(1225,100000983,'Stock',105,'2023-09-07 08:46:08',39,NULL,NULL),(1226,100000947,'Stock',105,'2023-09-07 10:46:06',37,NULL,NULL),(1227,100000951,'Stock',109,'2023-09-07 11:46:05',39,NULL,NULL),(1228,100001043,'Stock',124,'2023-09-07 12:46:04',41,NULL,NULL),(1229,100000957,'Stock',108,'2023-09-07 13:46:03',10,NULL,NULL),(1230,100001039,'Stock',118,'2023-09-07 14:46:02',39,'2023-09-06 09:46:31',41),(1231,100000974,'Stock',107,'2023-09-07 15:46:01',40,NULL,NULL),(1232,100001012,'Stock',113,'2023-09-07 16:46:00',18,NULL,NULL),(1233,100001033,'Stock',107,'2023-09-07 18:45:58',10,NULL,NULL),(1234,100001023,'Stock',106,'2023-09-07 19:45:57',40,NULL,NULL),(1235,100000981,'Stock',111,'2023-09-07 20:45:56',41,NULL,NULL),(1236,100001009,'Stock',105,'2023-09-07 21:45:55',20,NULL,NULL),(1237,100000993,'Stock',108,'2023-09-07 22:45:54',20,NULL,NULL),(1238,100000975,'Stock',119,'2023-09-07 23:45:53',19,NULL,NULL),(1239,100001012,'Stock',116,'2023-09-08 00:45:52',18,NULL,NULL),(1240,100000964,'Stock',124,'2023-09-08 02:45:50',39,NULL,NULL),(1241,100001029,'Stock',122,'2023-09-08 03:45:49',20,NULL,NULL),(1242,100000965,'Stock',105,'2023-09-08 04:45:48',19,NULL,NULL);
/*!40000 ALTER TABLE `tags_relations` ENABLE KEYS */;
UNLOCK TABLES;

--
-- Table structure for table `tipofday`
--

DROP TABLE IF EXISTS `tipofday`;
/*!40101 SET @saved_cs_client     = @@character_set_client */;
/*!40101 SET character_set_client = utf8 */;
CREATE TABLE `tipofday` (
  `id` int unsigned NOT NULL AUTO_INCREMENT,
  `title` varchar(255) DEFAULT NULL,
  `content` text,
  PRIMARY KEY (`id`)
) ENGINE=InnoDB AUTO_INCREMENT=7 DEFAULT CHARSET=utf8 ROW_FORMAT=DYNAMIC;
/*!40101 SET character_set_client = @saved_cs_client */;

--
-- Dumping data for table `tipofday`
--

LOCK TABLES `tipofday` WRITE;
/*!40000 ALTER TABLE `tipofday` DISABLE KEYS */;
INSERT INTO `tipofday` VALUES (1,'Sorting lists','Most lists can be sorted anyway you like. Just click on the column title to sort the table on that column. Clicking another time on the same column will reverse the sort order.'),(2,'Undo a purchase','If a customer decides not to buy something after you made the purchase: check the item in the list of purchases and hit the red \'Delete\' button.'),(3,'Changing the amount of tokens','If you want to change the amount of tokens of a family/beneficiary, for example because you changed the amount of family members, you find the people in the \'Check-in\' section of the site, click the checkbox next to the family/beneficiary name and hit the \'Give tokens\' button. <br /><br /> You can enter an amount to be added to the family/beneficiary as a whole or an amount for each adult or child. And ofcourse, you can also enter a negative number.'),(4,'Mobile','Did you know that this Drop Shop system works perfectly on most smartphones? Just open \'https://market.drapenihavet.no\' in your browser.'),(5,'Quick purchase','If you want to quickly submit a form you can simply use the \'cmd + enter\' or \'ctrl + enter\' shortcut!'),(6,'Sorting','Did you know you that in a list you can sort multiple columns simultaneously by holding down the Shift key and clicking a second, third or even fourth column header!');
/*!40000 ALTER TABLE `tipofday` ENABLE KEYS */;
UNLOCK TABLES;

--
-- Table structure for table `transactions`
--

DROP TABLE IF EXISTS `transactions`;
/*!40101 SET @saved_cs_client     = @@character_set_client */;
/*!40101 SET character_set_client = utf8 */;
CREATE TABLE `transactions` (
  `id` int unsigned NOT NULL AUTO_INCREMENT,
  `people_id` int unsigned DEFAULT NULL,
  `product_id` int unsigned DEFAULT NULL,
  `count` int NOT NULL,
  `description` varchar(255) NOT NULL,
  `drops` int NOT NULL DEFAULT '0',
  `transaction_date` datetime NOT NULL,
  `user_id` int unsigned DEFAULT NULL,
  `created` datetime DEFAULT NULL,
  `created_by` int unsigned DEFAULT NULL,
  `modified` datetime DEFAULT NULL,
  `modified_by` int unsigned DEFAULT NULL,
  PRIMARY KEY (`id`),
  KEY `people_id` (`people_id`),
  KEY `transaction_date` (`transaction_date`),
  KEY `created_by` (`created_by`),
  KEY `modified_by` (`modified_by`),
  KEY `user_id` (`user_id`),
  KEY `product_id` (`product_id`),
  CONSTRAINT `transactions_ibfk_10` FOREIGN KEY (`people_id`) REFERENCES `people` (`id`) ON DELETE SET NULL ON UPDATE CASCADE,
  CONSTRAINT `transactions_ibfk_11` FOREIGN KEY (`product_id`) REFERENCES `products` (`id`) ON UPDATE CASCADE,
  CONSTRAINT `transactions_ibfk_7` FOREIGN KEY (`created_by`) REFERENCES `cms_users` (`id`) ON DELETE SET NULL ON UPDATE CASCADE,
  CONSTRAINT `transactions_ibfk_8` FOREIGN KEY (`modified_by`) REFERENCES `cms_users` (`id`) ON DELETE SET NULL ON UPDATE CASCADE,
  CONSTRAINT `transactions_ibfk_9` FOREIGN KEY (`user_id`) REFERENCES `cms_users` (`id`) ON DELETE SET NULL ON UPDATE CASCADE
) ENGINE=InnoDB AUTO_INCREMENT=100002314 DEFAULT CHARSET=utf8 ROW_FORMAT=DYNAMIC;
/*!40101 SET character_set_client = @saved_cs_client */;

--
-- Dumping data for table `transactions`
--

LOCK TABLES `transactions` WRITE;
/*!40000 ALTER TABLE `transactions` DISABLE KEYS */;
INSERT INTO `transactions` VALUES (100000000,100000002,1158,0,'',2147483647,'2019-09-02 00:00:00',1,NULL,NULL,NULL,NULL),(100000001,100000003,1161,0,'',2147483647,'2019-09-02 00:00:00',1,NULL,NULL,NULL,NULL),(100000002,100000004,1162,0,'',2147483647,'2019-09-02 00:00:00',1,NULL,NULL,NULL,NULL),(100001891,100000486,NULL,0,'',1000,'2023-06-21 04:32:30',6,NULL,NULL,NULL,NULL),(100001892,100000486,1166,3,'',0,'2023-06-21 05:32:29',4,NULL,NULL,NULL,NULL),(100001893,100000486,1204,5,'',-355,'2023-06-21 06:32:28',9,NULL,NULL,NULL,NULL),(100001894,100000486,1218,4,'',0,'2023-06-21 07:32:27',3,NULL,NULL,NULL,NULL),(100001895,100000487,NULL,0,'',1000,'2023-06-21 08:32:26',3,NULL,NULL,NULL,NULL),(100001896,100000487,1200,2,'',-138,'2023-06-21 09:32:25',5,NULL,NULL,NULL,NULL),(100001897,100000487,1209,2,'',-192,'2023-06-21 10:32:24',4,NULL,NULL,NULL,NULL),(100001898,100000488,NULL,0,'',1000,'2023-06-21 11:32:23',8,NULL,NULL,NULL,NULL),(100001899,100000488,1199,4,'',-64,'2023-06-21 12:32:22',3,NULL,NULL,NULL,NULL),(100001900,100000488,1207,4,'',-192,'2023-06-21 13:32:21',25,NULL,NULL,NULL,NULL),(100001901,100000488,1214,4,'',-72,'2023-06-21 14:32:20',6,NULL,NULL,NULL,NULL),(100001902,100000488,1169,2,'',-22,'2023-06-21 15:32:19',23,NULL,NULL,NULL,NULL),(100001903,100000489,NULL,0,'',1000,'2023-06-21 16:32:18',23,NULL,NULL,NULL,NULL),(100001904,100000489,1227,1,'',0,'2023-06-21 17:32:17',6,NULL,NULL,NULL,NULL),(100001905,100000489,1239,2,'',0,'2023-06-21 18:32:16',5,NULL,NULL,NULL,NULL),(100001906,100000489,1213,3,'',-27,'2023-06-21 19:32:15',6,NULL,NULL,NULL,NULL),(100001907,100000490,NULL,0,'',1000,'2023-06-21 20:32:14',9,NULL,NULL,NULL,NULL),(100001908,100000490,1199,1,'',-16,'2023-06-21 21:32:13',6,NULL,NULL,NULL,NULL),(100001909,100000490,1208,3,'',-252,'2023-06-21 22:32:12',25,NULL,NULL,NULL,NULL),(100001910,100000490,1184,4,'',-348,'2023-06-21 23:32:11',9,NULL,NULL,NULL,NULL),(100001911,100000491,NULL,0,'',1000,'2023-06-22 00:32:10',9,NULL,NULL,NULL,NULL),(100001912,100000491,1204,1,'',-71,'2023-06-22 01:32:09',6,NULL,NULL,NULL,NULL),(100001913,100000492,NULL,0,'',1000,'2023-06-22 02:32:08',3,NULL,NULL,NULL,NULL),(100001914,100000492,1171,2,'',-18,'2023-06-22 03:32:07',8,NULL,NULL,NULL,NULL),(100001915,100000492,1215,2,'',-70,'2023-06-22 04:32:06',6,NULL,NULL,NULL,NULL),(100001916,100000492,1192,1,'',-73,'2023-06-22 05:32:05',2,NULL,NULL,NULL,NULL),(100001917,100000493,NULL,0,'',1000,'2023-06-22 06:32:04',3,NULL,NULL,NULL,NULL),(100001918,100000493,1215,4,'',-140,'2023-06-22 07:32:03',23,NULL,NULL,NULL,NULL),(100001919,100000493,1186,5,'',-125,'2023-06-22 08:32:02',24,NULL,NULL,NULL,NULL),(100001920,100000493,1173,1,'',-16,'2023-06-22 09:32:01',3,NULL,NULL,NULL,NULL),(100001921,100000493,1231,4,'',0,'2023-06-22 10:32:00',23,NULL,NULL,NULL,NULL),(100001922,100000494,NULL,0,'',1000,'2023-06-22 11:31:59',7,NULL,NULL,NULL,NULL),(100001923,100000494,1208,4,'',-336,'2023-06-22 12:31:58',3,NULL,NULL,NULL,NULL),(100001924,100000494,1185,1,'',-85,'2023-06-22 13:31:57',6,NULL,NULL,NULL,NULL),(100001925,100000494,1169,2,'',-22,'2023-06-22 14:31:56',3,NULL,NULL,NULL,NULL),(100001926,100000494,1178,3,'',-129,'2023-06-22 15:31:55',24,NULL,NULL,NULL,NULL),(100001927,100000495,NULL,0,'',1000,'2023-06-22 16:31:54',3,NULL,NULL,NULL,NULL),(100001928,100000495,1210,5,'',-435,'2023-06-22 17:31:53',25,NULL,NULL,NULL,NULL),(100001929,100000495,1189,3,'',-153,'2023-06-22 18:31:52',8,NULL,NULL,NULL,NULL),(100001930,100000496,NULL,0,'',1000,'2023-06-22 19:31:51',24,NULL,NULL,NULL,NULL),(100001931,100000496,1222,1,'',0,'2023-06-22 20:31:50',24,NULL,NULL,NULL,NULL),(100001932,100000497,NULL,0,'',1000,'2023-06-22 21:31:49',9,NULL,NULL,NULL,NULL),(100001933,100000497,1193,3,'',-294,'2023-06-22 22:31:48',8,NULL,NULL,NULL,NULL),(100001934,100000497,1202,5,'',-210,'2023-06-22 23:31:47',7,NULL,NULL,NULL,NULL),(100001935,100000497,1230,4,'',0,'2023-06-23 00:31:46',23,NULL,NULL,NULL,NULL),(100001936,100000497,1232,5,'',0,'2023-06-23 01:31:45',4,NULL,NULL,NULL,NULL),(100001937,100000498,NULL,0,'',1000,'2023-06-23 02:31:44',8,NULL,NULL,NULL,NULL),(100001938,100000499,NULL,0,'',1000,'2023-06-23 03:31:43',9,NULL,NULL,NULL,NULL),(100001939,100000499,1200,4,'',-276,'2023-06-23 04:31:42',3,NULL,NULL,NULL,NULL),(100001940,100000499,1176,3,'',-87,'2023-06-23 05:31:41',23,NULL,NULL,NULL,NULL),(100001941,100000500,NULL,0,'',1000,'2023-06-23 06:31:40',23,NULL,NULL,NULL,NULL),(100001942,100000500,1198,1,'',-29,'2023-06-23 07:31:39',25,NULL,NULL,NULL,NULL),(100001943,100000500,1190,3,'',-33,'2023-06-23 08:31:38',8,NULL,NULL,NULL,NULL),(100001944,100000500,1222,1,'',0,'2023-06-23 09:31:37',3,NULL,NULL,NULL,NULL),(100001945,100000500,1186,2,'',-50,'2023-06-23 10:31:36',6,NULL,NULL,NULL,NULL),(100001946,100000501,NULL,0,'',1000,'2023-06-23 11:31:35',8,NULL,NULL,NULL,NULL),(100001947,100000501,1231,2,'',0,'2023-06-23 12:31:34',9,NULL,NULL,NULL,NULL),(100001948,100000501,1196,4,'',-356,'2023-06-23 13:31:33',9,NULL,NULL,NULL,NULL),(100001949,100000501,1214,1,'',-18,'2023-06-23 14:31:32',25,NULL,NULL,NULL,NULL),(100001950,100000502,NULL,0,'',1000,'2023-06-23 15:31:31',5,NULL,NULL,NULL,NULL),(100001951,100000502,1214,4,'',-72,'2023-06-23 16:31:30',25,NULL,NULL,NULL,NULL),(100001952,100000503,NULL,0,'',1000,'2023-06-23 17:31:29',7,NULL,NULL,NULL,NULL),(100001953,100000503,1194,3,'',-75,'2023-06-23 18:31:28',3,NULL,NULL,NULL,NULL),(100001954,100000503,1188,4,'',-256,'2023-06-23 19:31:27',4,NULL,NULL,NULL,NULL),(100001955,100000504,NULL,0,'',1000,'2023-06-23 20:31:26',6,NULL,NULL,NULL,NULL),(100001956,100000504,1233,4,'',-148,'2023-06-23 21:31:25',3,NULL,NULL,NULL,NULL),(100001957,100000504,1190,3,'',-33,'2023-06-23 22:31:24',3,NULL,NULL,NULL,NULL),(100001958,100000504,1180,4,'',-136,'2023-06-23 23:31:23',6,NULL,NULL,NULL,NULL),(100001959,100000504,1188,3,'',-192,'2023-06-24 00:31:22',7,NULL,NULL,NULL,NULL),(100001960,100000505,NULL,0,'',1000,'2023-06-24 01:31:21',23,NULL,NULL,NULL,NULL),(100001961,100000505,1196,4,'',-356,'2023-06-24 02:31:20',3,NULL,NULL,NULL,NULL),(100001962,100000505,1231,5,'',0,'2023-06-24 03:31:19',5,NULL,NULL,NULL,NULL),(100001963,100000505,1181,2,'',-130,'2023-06-24 04:31:18',6,NULL,NULL,NULL,NULL),(100001964,100000506,NULL,0,'',1000,'2023-06-24 05:31:17',7,NULL,NULL,NULL,NULL),(100001965,100000506,1222,3,'',0,'2023-06-24 06:31:16',5,NULL,NULL,NULL,NULL),(100001966,100000506,1208,3,'',-252,'2023-06-24 07:31:15',7,NULL,NULL,NULL,NULL),(100001967,100000507,NULL,0,'',1000,'2023-06-24 08:31:14',4,NULL,NULL,NULL,NULL),(100001968,100000507,1167,3,'',-57,'2023-06-24 09:31:13',7,NULL,NULL,NULL,NULL),(100001969,100000507,1232,5,'',0,'2023-06-24 10:31:12',2,NULL,NULL,NULL,NULL),(100001970,100000508,NULL,0,'',1000,'2023-06-24 11:31:11',7,NULL,NULL,NULL,NULL),(100001971,100000508,1234,3,'',-12,'2023-06-24 12:31:10',2,NULL,NULL,NULL,NULL),(100001972,100000509,NULL,0,'',1000,'2023-06-24 13:31:09',24,NULL,NULL,NULL,NULL),(100001973,100000509,1221,4,'',0,'2023-06-24 14:31:08',9,NULL,NULL,NULL,NULL),(100001974,100000509,1222,1,'',0,'2023-06-24 15:31:07',7,NULL,NULL,NULL,NULL),(100001975,100000509,1207,3,'',-144,'2023-06-24 16:31:06',9,NULL,NULL,NULL,NULL),(100001976,100000510,NULL,0,'',1000,'2023-06-24 17:31:05',9,NULL,NULL,NULL,NULL),(100001977,100000510,1216,3,'',-30,'2023-06-24 18:31:04',4,NULL,NULL,NULL,NULL),(100001978,100000511,NULL,0,'',1000,'2023-06-24 19:31:03',8,NULL,NULL,NULL,NULL),(100001979,100000511,1213,3,'',-27,'2023-06-24 20:31:02',5,NULL,NULL,NULL,NULL),(100001980,100000511,1179,5,'',-5,'2023-06-24 21:31:01',7,NULL,NULL,NULL,NULL),(100001981,100000511,1232,3,'',0,'2023-06-24 22:31:00',2,NULL,NULL,NULL,NULL),(100001982,100000511,1181,2,'',-130,'2023-06-24 23:30:59',23,NULL,NULL,NULL,NULL),(100001983,100000512,NULL,0,'',1000,'2023-06-25 00:30:58',3,NULL,NULL,NULL,NULL),(100001984,100000513,NULL,0,'',1000,'2023-06-25 01:30:57',24,NULL,NULL,NULL,NULL),(100001985,100000513,1171,2,'',-18,'2023-06-25 02:30:56',25,NULL,NULL,NULL,NULL),(100001986,100000513,1203,1,'',-49,'2023-06-25 03:30:55',3,NULL,NULL,NULL,NULL),(100001987,100000514,NULL,0,'',1000,'2023-06-25 04:30:54',2,NULL,NULL,NULL,NULL),(100001988,100000514,1228,1,'',0,'2023-06-25 05:30:53',24,NULL,NULL,NULL,NULL),(100001989,100000514,1182,3,'',-288,'2023-06-25 06:30:52',7,NULL,NULL,NULL,NULL),(100001990,100000515,NULL,0,'',1000,'2023-06-25 07:30:51',5,NULL,NULL,NULL,NULL),(100001991,100000515,1198,1,'',-29,'2023-06-25 08:30:50',3,NULL,NULL,NULL,NULL),(100001992,100000515,1167,3,'',-57,'2023-06-25 09:30:49',8,NULL,NULL,NULL,NULL),(100001993,100000515,1198,1,'',-29,'2023-06-25 10:30:48',7,NULL,NULL,NULL,NULL),(100001994,100000515,1239,5,'',0,'2023-06-25 11:30:47',4,NULL,NULL,NULL,NULL),(100001995,100000516,NULL,0,'',1000,'2023-06-25 12:30:46',6,NULL,NULL,NULL,NULL),(100001996,100000516,1216,1,'',-10,'2023-06-25 13:30:45',2,NULL,NULL,NULL,NULL),(100001997,100000517,NULL,0,'',1000,'2023-06-25 14:30:44',9,NULL,NULL,NULL,NULL),(100001998,100000517,1206,1,'',-98,'2023-06-25 15:30:43',5,NULL,NULL,NULL,NULL),(100001999,100000517,1190,4,'',-44,'2023-06-25 16:30:42',8,NULL,NULL,NULL,NULL),(100002000,100000517,1201,4,'',-12,'2023-06-25 17:30:41',25,NULL,NULL,NULL,NULL),(100002001,100000517,1186,1,'',-25,'2023-06-25 18:30:40',5,NULL,NULL,NULL,NULL),(100002002,100000518,NULL,0,'',1000,'2023-06-25 19:30:39',24,NULL,NULL,NULL,NULL),(100002003,100000518,1183,4,'',-232,'2023-06-25 20:30:38',5,NULL,NULL,NULL,NULL),(100002004,100000518,1226,1,'',0,'2023-06-25 21:30:37',23,NULL,NULL,NULL,NULL),(100002005,100000519,NULL,0,'',1000,'2023-06-25 22:30:36',9,NULL,NULL,NULL,NULL),(100002006,100000519,1226,2,'',0,'2023-06-25 23:30:35',9,NULL,NULL,NULL,NULL),(100002007,100000520,NULL,0,'',1000,'2023-06-26 00:30:34',25,NULL,NULL,NULL,NULL),(100002008,100000520,1201,5,'',-15,'2023-06-26 01:30:33',2,NULL,NULL,NULL,NULL),(100002009,100000520,1230,1,'',0,'2023-06-26 02:30:32',25,NULL,NULL,NULL,NULL),(100002010,100000520,1205,1,'',-63,'2023-06-26 03:30:31',25,NULL,NULL,NULL,NULL),(100002011,100000521,NULL,0,'',1000,'2023-06-26 04:30:30',5,NULL,NULL,NULL,NULL),(100002012,100000521,1222,5,'',0,'2023-06-26 05:30:29',4,NULL,NULL,NULL,NULL),(100002013,100000521,1178,2,'',-86,'2023-06-26 06:30:28',8,NULL,NULL,NULL,NULL),(100002014,100000521,1179,4,'',-4,'2023-06-26 07:30:27',9,NULL,NULL,NULL,NULL),(100002015,100000521,1185,2,'',-170,'2023-06-26 08:30:26',3,NULL,NULL,NULL,NULL),(100002016,100000522,NULL,0,'',1000,'2023-06-26 09:30:25',3,NULL,NULL,NULL,NULL),(100002017,100000522,1222,1,'',0,'2023-06-26 10:30:24',24,NULL,NULL,NULL,NULL),(100002018,100000522,1217,2,'',0,'2023-06-26 11:30:23',9,NULL,NULL,NULL,NULL),(100002019,100000522,1176,2,'',-58,'2023-06-26 12:30:22',3,NULL,NULL,NULL,NULL),(100002020,100000523,NULL,0,'',1000,'2023-06-26 13:30:21',7,NULL,NULL,NULL,NULL),(100002021,100000523,1187,3,'',-159,'2023-06-26 14:30:20',24,NULL,NULL,NULL,NULL),(100002022,100000523,1203,5,'',-245,'2023-06-26 15:30:19',25,NULL,NULL,NULL,NULL),(100002023,100000523,1200,3,'',-207,'2023-06-26 16:30:18',3,NULL,NULL,NULL,NULL),(100002024,100000524,NULL,0,'',1000,'2023-06-26 17:30:17',8,NULL,NULL,NULL,NULL),(100002025,100000524,1217,2,'',0,'2023-06-26 18:30:16',7,NULL,NULL,NULL,NULL),(100002026,100000525,NULL,0,'',1000,'2023-06-26 19:30:15',24,NULL,NULL,NULL,NULL),(100002027,100000525,1202,3,'',-126,'2023-06-26 20:30:14',7,NULL,NULL,NULL,NULL),(100002028,100000525,1176,3,'',-87,'2023-06-26 21:30:13',25,NULL,NULL,NULL,NULL),(100002029,100000526,NULL,0,'',1000,'2023-06-26 22:30:12',7,NULL,NULL,NULL,NULL),(100002030,100000527,NULL,0,'',1000,'2023-06-26 23:30:11',9,NULL,NULL,NULL,NULL),(100002031,100000528,NULL,0,'',1000,'2023-06-27 00:30:10',5,NULL,NULL,NULL,NULL),(100002032,100000528,1223,1,'',-78,'2023-06-27 01:30:09',8,NULL,NULL,NULL,NULL),(100002033,100000528,1189,1,'',-51,'2023-06-27 02:30:08',6,NULL,NULL,NULL,NULL),(100002034,100000529,NULL,0,'',1000,'2023-06-27 03:30:07',3,NULL,NULL,NULL,NULL),(100002035,100000529,1204,2,'',-142,'2023-06-27 04:30:06',23,NULL,NULL,NULL,NULL),(100002036,100000529,1226,1,'',0,'2023-06-27 05:30:05',6,NULL,NULL,NULL,NULL),(100002037,100000529,1199,1,'',-16,'2023-06-27 06:30:04',8,NULL,NULL,NULL,NULL),(100002038,100000529,1212,5,'',-215,'2023-06-27 07:30:03',3,NULL,NULL,NULL,NULL),(100002039,100000530,NULL,0,'',1000,'2023-06-27 08:30:02',23,NULL,NULL,NULL,NULL),(100002040,100000530,1167,3,'',-57,'2023-06-27 09:30:01',4,NULL,NULL,NULL,NULL),(100002041,100000530,1191,2,'',-172,'2023-06-27 10:30:00',8,NULL,NULL,NULL,NULL),(100002042,100000530,1188,1,'',-64,'2023-06-27 11:29:59',4,NULL,NULL,NULL,NULL),(100002043,100000531,NULL,0,'',1000,'2023-06-27 12:29:58',9,NULL,NULL,NULL,NULL),(100002044,100000532,NULL,0,'',1000,'2023-06-27 13:29:57',25,NULL,NULL,NULL,NULL),(100002045,100000532,1216,3,'',-30,'2023-06-27 14:29:56',23,NULL,NULL,NULL,NULL),(100002046,100000532,1210,2,'',-174,'2023-06-27 15:29:55',8,NULL,NULL,NULL,NULL),(100002047,100000532,1221,2,'',0,'2023-06-27 16:29:54',7,NULL,NULL,NULL,NULL),(100002048,100000532,1228,3,'',0,'2023-06-27 17:29:53',5,NULL,NULL,NULL,NULL),(100002049,100000533,NULL,0,'',1000,'2023-06-27 18:29:52',3,NULL,NULL,NULL,NULL),(100002050,100000533,1175,3,'',-252,'2023-06-27 19:29:51',7,NULL,NULL,NULL,NULL),(100002051,100000533,1217,3,'',0,'2023-06-27 20:29:50',6,NULL,NULL,NULL,NULL),(100002052,100000533,1214,1,'',-18,'2023-06-27 21:29:49',25,NULL,NULL,NULL,NULL),(100002053,100000533,1168,4,'',-104,'2023-06-27 22:29:48',25,NULL,NULL,NULL,NULL),(100002054,100000534,NULL,0,'',1000,'2023-06-27 23:29:47',9,NULL,NULL,NULL,NULL),(100002055,100000534,1181,2,'',-130,'2023-06-28 00:29:46',24,NULL,NULL,NULL,NULL),(100002056,100000535,NULL,0,'',1000,'2023-06-28 01:29:45',24,NULL,NULL,NULL,NULL),(100002057,100000536,NULL,0,'',1000,'2023-06-28 02:29:44',6,NULL,NULL,NULL,NULL),(100002058,100000536,1213,5,'',-45,'2023-06-28 03:29:43',25,NULL,NULL,NULL,NULL),(100002059,100000536,1201,4,'',-12,'2023-06-28 04:29:42',4,NULL,NULL,NULL,NULL),(100002060,100000538,NULL,0,'',1000,'2023-06-28 05:29:41',25,NULL,NULL,NULL,NULL),(100002061,100000538,1197,3,'',-186,'2023-06-28 06:29:40',5,NULL,NULL,NULL,NULL),(100002062,100000538,1168,3,'',-78,'2023-06-28 07:29:39',7,NULL,NULL,NULL,NULL),(100002063,100000540,NULL,0,'',1000,'2023-06-28 08:29:38',23,NULL,NULL,NULL,NULL),(100002064,100000542,NULL,0,'',1000,'2023-06-28 09:29:37',24,NULL,NULL,NULL,NULL),(100002065,100000542,1166,1,'',0,'2023-06-28 10:29:36',8,NULL,NULL,NULL,NULL),(100002066,100000542,1229,3,'',-216,'2023-06-28 11:29:35',2,NULL,NULL,NULL,NULL),(100002067,100000542,1173,2,'',-32,'2023-06-28 12:29:34',3,NULL,NULL,NULL,NULL),(100002068,100000542,1190,1,'',-11,'2023-06-28 13:29:33',25,NULL,NULL,NULL,NULL),(100002069,100000544,NULL,0,'',1000,'2023-06-28 14:29:32',4,NULL,NULL,NULL,NULL),(100002070,100000544,1186,3,'',-75,'2023-06-28 15:29:31',6,NULL,NULL,NULL,NULL),(100002071,100000544,1237,2,'',-66,'2023-06-28 16:29:30',3,NULL,NULL,NULL,NULL),(100002072,100000544,1227,5,'',0,'2023-06-28 17:29:29',8,NULL,NULL,NULL,NULL),(100002073,100000544,1218,1,'',0,'2023-06-28 18:29:28',9,NULL,NULL,NULL,NULL),(100002074,100000546,NULL,0,'',1000,'2023-06-28 19:29:27',6,NULL,NULL,NULL,NULL),(100002075,100000548,NULL,0,'',1000,'2023-06-28 20:29:26',9,NULL,NULL,NULL,NULL),(100002076,100000548,1193,2,'',-196,'2023-06-28 21:29:25',3,NULL,NULL,NULL,NULL),(100002077,100000548,1196,2,'',-178,'2023-06-28 22:29:24',2,NULL,NULL,NULL,NULL),(100002078,100000550,NULL,0,'',1000,'2023-06-28 23:29:23',23,NULL,NULL,NULL,NULL),(100002079,100000550,1240,3,'',-207,'2023-06-29 00:29:22',5,NULL,NULL,NULL,NULL),(100002080,100000550,1234,2,'',-8,'2023-06-29 01:29:21',4,NULL,NULL,NULL,NULL),(100002081,100000550,1194,5,'',-125,'2023-06-29 02:29:20',4,NULL,NULL,NULL,NULL),(100002082,100000550,1215,2,'',-70,'2023-06-29 03:29:19',8,NULL,NULL,NULL,NULL),(100002083,100000552,NULL,0,'',1000,'2023-06-29 04:29:18',24,NULL,NULL,NULL,NULL),(100002084,100000552,1207,5,'',-240,'2023-06-29 05:29:17',7,NULL,NULL,NULL,NULL),(100002085,100000554,NULL,0,'',1000,'2023-06-29 06:29:16',6,NULL,NULL,NULL,NULL),(100002086,100000554,1206,3,'',-294,'2023-06-29 07:29:15',5,NULL,NULL,NULL,NULL),(100002087,100000554,1175,4,'',-336,'2023-06-29 08:29:14',9,NULL,NULL,NULL,NULL),(100002088,100000554,1188,3,'',-192,'2023-06-29 09:29:13',2,NULL,NULL,NULL,NULL),(100002089,100000556,NULL,0,'',1000,'2023-06-29 10:29:12',8,NULL,NULL,NULL,NULL),(100002090,100000556,1166,5,'',0,'2023-06-29 11:29:11',25,NULL,NULL,NULL,NULL),(100002091,100000558,NULL,0,'',1000,'2023-06-29 12:29:10',5,NULL,NULL,NULL,NULL),(100002092,100000558,1234,3,'',-12,'2023-06-29 13:29:09',6,NULL,NULL,NULL,NULL),(100002093,100000558,1197,4,'',-248,'2023-06-29 14:29:08',6,NULL,NULL,NULL,NULL),(100002094,100000560,NULL,0,'',1000,'2023-06-29 15:29:07',4,NULL,NULL,NULL,NULL),(100002095,100000562,NULL,0,'',1000,'2023-06-29 16:29:06',8,NULL,NULL,NULL,NULL),(100002096,100000562,1214,1,'',-18,'2023-06-29 17:29:05',3,NULL,NULL,NULL,NULL),(100002097,100000564,NULL,0,'',1000,'2023-06-29 18:29:04',4,NULL,NULL,NULL,NULL),(100002098,100000564,1201,1,'',-3,'2023-06-29 19:29:03',23,NULL,NULL,NULL,NULL),(100002099,100000564,1182,1,'',-96,'2023-06-29 20:29:02',5,NULL,NULL,NULL,NULL),(100002100,100000564,1206,2,'',-196,'2023-06-29 21:29:01',24,NULL,NULL,NULL,NULL),(100002101,100000566,NULL,0,'',1000,'2023-06-29 22:29:00',7,NULL,NULL,NULL,NULL),(100002102,100000566,1211,1,'',-96,'2023-06-29 23:28:59',2,NULL,NULL,NULL,NULL),(100002103,100000568,NULL,0,'',1000,'2023-06-30 00:28:58',5,NULL,NULL,NULL,NULL),(100002104,100000568,1176,1,'',-29,'2023-06-30 01:28:57',8,NULL,NULL,NULL,NULL),(100002105,100000568,1177,3,'',-213,'2023-06-30 02:28:56',2,NULL,NULL,NULL,NULL),(100002106,100000568,1172,4,'',-184,'2023-06-30 03:28:55',4,NULL,NULL,NULL,NULL),(100002107,100000570,NULL,0,'',1000,'2023-06-30 04:28:54',7,NULL,NULL,NULL,NULL),(100002108,100000570,1217,4,'',0,'2023-06-30 05:28:53',8,NULL,NULL,NULL,NULL),(100002109,100000570,1206,4,'',-392,'2023-06-30 06:28:52',3,NULL,NULL,NULL,NULL),(100002110,100000570,1169,3,'',-33,'2023-06-30 07:28:51',2,NULL,NULL,NULL,NULL),(100002111,100000572,NULL,0,'',1000,'2023-06-30 08:28:50',3,NULL,NULL,NULL,NULL),(100002112,100000574,NULL,0,'',1000,'2023-06-30 09:28:49',2,NULL,NULL,NULL,NULL),(100002113,100000576,NULL,0,'',1000,'2023-06-30 10:28:48',6,NULL,NULL,NULL,NULL),(100002114,100000576,1209,1,'',-96,'2023-06-30 11:28:47',24,NULL,NULL,NULL,NULL),(100002115,100000576,1168,5,'',-130,'2023-06-30 12:28:46',2,NULL,NULL,NULL,NULL),(100002116,100000578,NULL,0,'',1000,'2023-06-30 13:28:45',3,NULL,NULL,NULL,NULL),(100002117,100000578,1234,1,'',-4,'2023-06-30 14:28:44',5,NULL,NULL,NULL,NULL),(100002118,100000578,1172,5,'',-230,'2023-06-30 15:28:43',3,NULL,NULL,NULL,NULL),(100002119,100000578,1172,5,'',-230,'2023-06-30 16:28:42',23,NULL,NULL,NULL,NULL),(100002120,100000578,1179,1,'',-1,'2023-06-30 17:28:41',25,NULL,NULL,NULL,NULL),(100002121,100000580,NULL,0,'',1000,'2023-06-30 18:28:40',5,NULL,NULL,NULL,NULL),(100002122,100000580,1240,4,'',-276,'2023-06-30 19:28:39',4,NULL,NULL,NULL,NULL),(100002123,100000582,NULL,0,'',1000,'2023-06-30 20:28:38',6,NULL,NULL,NULL,NULL),(100002124,100000582,1201,1,'',-3,'2023-06-30 21:28:37',6,NULL,NULL,NULL,NULL),(100002125,100000582,1183,5,'',-290,'2023-06-30 22:28:36',23,NULL,NULL,NULL,NULL),(100002126,100000582,1227,2,'',0,'2023-06-30 23:28:35',6,NULL,NULL,NULL,NULL),(100002127,100000584,NULL,0,'',1000,'2023-07-01 00:28:34',8,NULL,NULL,NULL,NULL),(100002128,100000584,1180,3,'',-102,'2023-07-01 01:28:33',5,NULL,NULL,NULL,NULL),(100002129,100000584,1188,2,'',-128,'2023-07-01 02:28:32',9,NULL,NULL,NULL,NULL),(100002130,100000786,NULL,0,'',1000,'2023-07-01 03:28:31',11,NULL,NULL,NULL,NULL),(100002131,100000786,1278,2,'',-110,'2023-07-01 04:28:30',16,NULL,NULL,NULL,NULL),(100002132,100000786,1268,2,'',-48,'2023-07-01 05:28:29',18,NULL,NULL,NULL,NULL),(100002133,100000786,1304,4,'',0,'2023-07-01 06:28:28',18,NULL,NULL,NULL,NULL),(100002134,100000786,1277,5,'',-475,'2023-07-01 07:28:27',33,NULL,NULL,NULL,NULL),(100002135,100000787,NULL,0,'',1000,'2023-07-01 08:28:26',18,NULL,NULL,NULL,NULL),(100002136,100000787,1248,3,'',-99,'2023-07-01 09:28:25',16,NULL,NULL,NULL,NULL),(100002137,100000788,NULL,0,'',1000,'2023-07-01 10:28:24',31,NULL,NULL,NULL,NULL),(100002138,100000788,1245,1,'',-37,'2023-07-01 11:28:23',33,NULL,NULL,NULL,NULL),(100002139,100000788,1248,3,'',-99,'2023-07-01 12:28:22',18,NULL,NULL,NULL,NULL),(100002140,100000788,1257,1,'',-52,'2023-07-01 13:28:21',15,NULL,NULL,NULL,NULL),(100002141,100000788,1249,4,'',-300,'2023-07-01 14:28:20',31,NULL,NULL,NULL,NULL),(100002142,100000789,NULL,0,'',1000,'2023-07-01 15:28:19',11,NULL,NULL,NULL,NULL),(100002143,100000789,1253,2,'',-168,'2023-07-01 16:28:18',18,NULL,NULL,NULL,NULL),(100002144,100000790,NULL,0,'',1000,'2023-07-01 17:28:17',16,NULL,NULL,NULL,NULL),(100002145,100000790,1290,5,'',-355,'2023-07-01 18:28:16',10,NULL,NULL,NULL,NULL),(100002146,100000791,NULL,0,'',1000,'2023-07-01 19:28:15',31,NULL,NULL,NULL,NULL),(100002147,100000791,1270,4,'',-252,'2023-07-01 20:28:14',18,NULL,NULL,NULL,NULL),(100002148,100000791,1316,4,'',0,'2023-07-01 21:28:13',11,NULL,NULL,NULL,NULL),(100002149,100000792,NULL,0,'',1000,'2023-07-01 22:28:12',18,NULL,NULL,NULL,NULL),(100002150,100000793,NULL,0,'',1000,'2023-07-01 23:28:11',15,NULL,NULL,NULL,NULL),(100002151,100000793,1273,5,'',-80,'2023-07-02 00:28:10',10,NULL,NULL,NULL,NULL),(100002152,100000794,NULL,0,'',1000,'2023-07-02 01:28:09',18,NULL,NULL,NULL,NULL),(100002153,100000794,1285,1,'',-18,'2023-07-02 02:28:08',15,NULL,NULL,NULL,NULL),(100002154,100000794,1252,5,'',-130,'2023-07-02 03:28:07',11,NULL,NULL,NULL,NULL),(100002155,100000795,NULL,0,'',1000,'2023-07-02 04:28:06',15,NULL,NULL,NULL,NULL),(100002156,100000795,1248,5,'',-165,'2023-07-02 05:28:05',11,NULL,NULL,NULL,NULL),(100002157,100000795,1314,1,'',0,'2023-07-02 06:28:04',10,NULL,NULL,NULL,NULL),(100002158,100000795,1250,1,'',-47,'2023-07-02 07:28:03',17,NULL,NULL,NULL,NULL),(100002159,100000796,NULL,0,'',1000,'2023-07-02 08:28:02',15,NULL,NULL,NULL,NULL),(100002160,100000796,1276,2,'',-152,'2023-07-02 09:28:01',17,NULL,NULL,NULL,NULL),(100002161,100000796,1294,3,'',0,'2023-07-02 10:28:00',18,NULL,NULL,NULL,NULL),(100002162,100000796,1242,4,'',-112,'2023-07-02 11:27:59',10,NULL,NULL,NULL,NULL),(100002163,100000797,NULL,0,'',1000,'2023-07-02 12:27:58',33,NULL,NULL,NULL,NULL),(100002164,100000797,1248,1,'',-33,'2023-07-02 13:27:57',11,NULL,NULL,NULL,NULL),(100002165,100000797,1295,2,'',-90,'2023-07-02 14:27:56',31,NULL,NULL,NULL,NULL),(100002166,100000798,NULL,0,'',1000,'2023-07-02 15:27:55',10,NULL,NULL,NULL,NULL),(100002167,100000798,1253,5,'',-420,'2023-07-02 16:27:54',15,NULL,NULL,NULL,NULL),(100002168,100000798,1251,2,'',-10,'2023-07-02 17:27:53',10,NULL,NULL,NULL,NULL),(100002169,100000798,1261,4,'',-24,'2023-07-02 18:27:52',11,NULL,NULL,NULL,NULL),(100002170,100000799,NULL,0,'',1000,'2023-07-02 19:27:51',11,NULL,NULL,NULL,NULL),(100002171,100000800,NULL,0,'',1000,'2023-07-02 20:27:50',18,NULL,NULL,NULL,NULL),(100002172,100000800,1264,5,'',-180,'2023-07-02 21:27:49',31,NULL,NULL,NULL,NULL),(100002173,100000800,1250,5,'',-235,'2023-07-02 22:27:48',16,NULL,NULL,NULL,NULL),(100002174,100000800,1267,1,'',-93,'2023-07-02 23:27:47',11,NULL,NULL,NULL,NULL),(100002175,100000801,NULL,0,'',1000,'2023-07-03 00:27:46',33,NULL,NULL,NULL,NULL),(100002176,100000801,1251,2,'',-10,'2023-07-03 01:27:45',17,NULL,NULL,NULL,NULL),(100002177,100000802,NULL,0,'',1000,'2023-07-03 02:27:44',15,NULL,NULL,NULL,NULL),(100002178,100000802,1261,4,'',-24,'2023-07-03 03:27:43',10,NULL,NULL,NULL,NULL),(100002179,100000803,NULL,0,'',1000,'2023-07-03 04:27:42',11,NULL,NULL,NULL,NULL),(100002180,100000804,NULL,0,'',1000,'2023-07-03 05:27:41',10,NULL,NULL,NULL,NULL),(100002181,100000805,NULL,0,'',1000,'2023-07-03 06:27:40',17,NULL,NULL,NULL,NULL),(100002182,100000806,NULL,0,'',1000,'2023-07-03 07:27:39',31,NULL,NULL,NULL,NULL),(100002183,100000806,1272,3,'',-270,'2023-07-03 08:27:38',10,NULL,NULL,NULL,NULL),(100002184,100000806,1242,1,'',-28,'2023-07-03 09:27:37',33,NULL,NULL,NULL,NULL),(100002185,100000808,NULL,0,'',1000,'2023-07-03 10:27:36',15,NULL,NULL,NULL,NULL),(100002186,100000808,1287,2,'',-194,'2023-07-03 11:27:35',10,NULL,NULL,NULL,NULL),(100002187,100000808,1294,1,'',0,'2023-07-03 12:27:34',15,NULL,NULL,NULL,NULL),(100002188,100000808,1250,2,'',-94,'2023-07-03 13:27:33',18,NULL,NULL,NULL,NULL),(100002189,100000808,1310,1,'',-1,'2023-07-03 14:27:32',33,NULL,NULL,NULL,NULL),(100002190,100000810,NULL,0,'',1000,'2023-07-03 15:27:31',15,NULL,NULL,NULL,NULL),(100002191,100000812,NULL,0,'',1000,'2023-07-03 16:27:30',17,NULL,NULL,NULL,NULL),(100002192,100000814,NULL,0,'',1000,'2023-07-03 17:27:29',16,NULL,NULL,NULL,NULL),(100002193,100000814,1278,1,'',-55,'2023-07-03 18:27:28',15,NULL,NULL,NULL,NULL),(100002194,100000814,1255,4,'',-52,'2023-07-03 19:27:27',17,NULL,NULL,NULL,NULL),(100002195,100000814,1313,3,'',-153,'2023-07-03 20:27:26',10,NULL,NULL,NULL,NULL),(100002196,100000814,1277,5,'',-475,'2023-07-03 21:27:25',33,NULL,NULL,NULL,NULL),(100002197,100000816,NULL,0,'',1000,'2023-07-03 22:27:24',33,NULL,NULL,NULL,NULL),(100002198,100000816,1259,1,'',-37,'2023-07-03 23:27:23',10,NULL,NULL,NULL,NULL),(100002199,100000816,1266,2,'',-138,'2023-07-04 00:27:22',15,NULL,NULL,NULL,NULL),(100002200,100000816,1269,5,'',-490,'2023-07-04 01:27:21',10,NULL,NULL,NULL,NULL),(100002201,100000816,1263,4,'',-180,'2023-07-04 02:27:20',16,NULL,NULL,NULL,NULL),(100002202,100000818,NULL,0,'',1000,'2023-07-04 03:27:19',31,NULL,NULL,NULL,NULL),(100002203,100000818,1251,3,'',-15,'2023-07-04 04:27:18',18,NULL,NULL,NULL,NULL),(100002204,100000818,1249,5,'',-375,'2023-07-04 05:27:17',31,NULL,NULL,NULL,NULL),(100002205,100000818,1278,1,'',-55,'2023-07-04 06:27:16',31,NULL,NULL,NULL,NULL),(100002206,100000820,NULL,0,'',1000,'2023-07-04 07:27:15',17,NULL,NULL,NULL,NULL),(100002207,100000820,1260,2,'',-118,'2023-07-04 08:27:14',31,NULL,NULL,NULL,NULL),(100002208,100000820,1251,5,'',-25,'2023-07-04 09:27:13',16,NULL,NULL,NULL,NULL),(100002209,100000820,1311,5,'',0,'2023-07-04 10:27:12',15,NULL,NULL,NULL,NULL),(100002210,100000822,NULL,0,'',1000,'2023-07-04 11:27:11',15,NULL,NULL,NULL,NULL),(100002211,100000822,1258,4,'',-348,'2023-07-04 12:27:10',11,NULL,NULL,NULL,NULL),(100002212,100000822,1309,3,'',0,'2023-07-04 13:27:09',18,NULL,NULL,NULL,NULL),(100002213,100000822,1309,5,'',0,'2023-07-04 14:27:08',11,NULL,NULL,NULL,NULL),(100002214,100000822,1281,5,'',-265,'2023-07-04 15:27:07',10,NULL,NULL,NULL,NULL),(100002215,100000824,NULL,0,'',1000,'2023-07-04 16:27:06',18,NULL,NULL,NULL,NULL),(100002216,100000824,1290,2,'',-142,'2023-07-04 17:27:05',10,NULL,NULL,NULL,NULL),(100002217,100000824,1300,3,'',-129,'2023-07-04 18:27:04',17,NULL,NULL,NULL,NULL),(100002218,100000824,1264,3,'',-108,'2023-07-04 19:27:03',15,NULL,NULL,NULL,NULL),(100002219,100000866,NULL,0,'',1000,'2023-07-04 20:27:02',32,NULL,NULL,NULL,NULL),(100002220,100000866,1354,1,'',-87,'2023-07-04 21:27:01',15,NULL,NULL,NULL,NULL),(100002221,100000866,1331,2,'',-150,'2023-07-04 22:27:00',15,NULL,NULL,NULL,NULL),(100002222,100000866,1338,5,'',-390,'2023-07-04 23:26:59',34,NULL,NULL,NULL,NULL),(100002223,100000866,1342,4,'',-328,'2023-07-05 00:26:58',16,NULL,NULL,NULL,NULL),(100002224,100000867,NULL,0,'',1000,'2023-07-05 01:26:57',32,NULL,NULL,NULL,NULL),(100002225,100000867,1322,2,'',-180,'2023-07-05 02:26:56',32,NULL,NULL,NULL,NULL),(100002226,100000867,1350,2,'',-194,'2023-07-05 03:26:55',18,NULL,NULL,NULL,NULL),(100002227,100000868,NULL,0,'',1000,'2023-07-05 04:26:54',32,NULL,NULL,NULL,NULL),(100002228,100000868,1352,4,'',-256,'2023-07-05 05:26:53',15,NULL,NULL,NULL,NULL),(100002229,100000868,1384,4,'',-360,'2023-07-05 06:26:52',32,NULL,NULL,NULL,NULL),(100002230,100000868,1371,5,'',0,'2023-07-05 07:26:51',15,NULL,NULL,NULL,NULL),(100002231,100000869,NULL,0,'',1000,'2023-07-05 08:26:50',10,NULL,NULL,NULL,NULL),(100002232,100000869,1319,2,'',-188,'2023-07-05 09:26:49',15,NULL,NULL,NULL,NULL),(100002233,100000869,1381,4,'',0,'2023-07-05 10:26:48',34,NULL,NULL,NULL,NULL),(100002234,100000869,1384,5,'',-450,'2023-07-05 11:26:47',15,NULL,NULL,NULL,NULL),(100002235,100000869,1318,3,'',-135,'2023-07-05 12:26:46',12,NULL,NULL,NULL,NULL),(100002236,100000870,NULL,0,'',1000,'2023-07-05 13:26:45',16,NULL,NULL,NULL,NULL),(100002237,100000870,1362,3,'',-189,'2023-07-05 14:26:44',12,NULL,NULL,NULL,NULL),(100002238,100000870,1361,2,'',-200,'2023-07-05 15:26:43',12,NULL,NULL,NULL,NULL),(100002239,100000870,1329,4,'',-80,'2023-07-05 16:26:42',16,NULL,NULL,NULL,NULL),(100002240,100000870,1338,5,'',-390,'2023-07-05 17:26:41',12,NULL,NULL,NULL,NULL),(100002241,100000871,NULL,0,'',1000,'2023-07-05 18:26:40',10,NULL,NULL,NULL,NULL),(100002242,100000871,1358,5,'',-185,'2023-07-05 19:26:39',17,NULL,NULL,NULL,NULL),(100002243,100000871,1345,2,'',-88,'2023-07-05 20:26:38',18,NULL,NULL,NULL,NULL),(100002244,100000872,NULL,0,'',1000,'2023-07-05 21:26:37',34,NULL,NULL,NULL,NULL),(100002245,100000872,1384,3,'',-270,'2023-07-05 22:26:36',16,NULL,NULL,NULL,NULL),(100002246,100000872,1351,3,'',-69,'2023-07-05 23:26:35',12,NULL,NULL,NULL,NULL),(100002247,100000873,NULL,0,'',1000,'2023-07-06 00:26:34',18,NULL,NULL,NULL,NULL),(100002248,100000873,1362,1,'',-63,'2023-07-06 01:26:33',15,NULL,NULL,NULL,NULL),(100002249,100000874,NULL,0,'',1000,'2023-07-06 02:26:32',34,NULL,NULL,NULL,NULL),(100002250,100000874,1334,3,'',-51,'2023-07-06 03:26:31',18,NULL,NULL,NULL,NULL),(100002251,100000874,1363,1,'',-37,'2023-07-06 04:26:30',15,NULL,NULL,NULL,NULL),(100002252,100000874,1387,5,'',0,'2023-07-06 05:26:29',34,NULL,NULL,NULL,NULL),(100002253,100000875,NULL,0,'',1000,'2023-07-06 06:26:28',34,NULL,NULL,NULL,NULL),(100002254,100000876,NULL,0,'',1000,'2023-07-06 07:26:27',12,NULL,NULL,NULL,NULL),(100002255,100000876,1369,4,'',0,'2023-07-06 08:26:26',12,NULL,NULL,NULL,NULL),(100002256,100000876,1330,5,'',-255,'2023-07-06 09:26:25',16,NULL,NULL,NULL,NULL),(100002257,100000876,1346,2,'',-158,'2023-07-06 10:26:24',17,NULL,NULL,NULL,NULL),(100002258,100000876,1323,5,'',-130,'2023-07-06 11:26:23',15,NULL,NULL,NULL,NULL),(100002259,100000877,NULL,0,'',1000,'2023-07-06 12:26:22',32,NULL,NULL,NULL,NULL),(100002260,100000877,1342,4,'',-328,'2023-07-06 13:26:21',15,NULL,NULL,NULL,NULL),(100002261,100000877,1329,5,'',-100,'2023-07-06 14:26:20',12,NULL,NULL,NULL,NULL),(100002262,100000878,NULL,0,'',1000,'2023-07-06 15:26:19',15,NULL,NULL,NULL,NULL),(100002263,100000879,NULL,0,'',1000,'2023-07-06 16:26:18',10,NULL,NULL,NULL,NULL),(100002264,100000879,1346,2,'',-158,'2023-07-06 17:26:17',18,NULL,NULL,NULL,NULL),(100002265,100000879,1361,5,'',-500,'2023-07-06 18:26:16',18,NULL,NULL,NULL,NULL),(100002266,100000879,1392,4,'',0,'2023-07-06 19:26:15',32,NULL,NULL,NULL,NULL),(100002267,100000880,NULL,0,'',1000,'2023-07-06 20:26:14',10,NULL,NULL,NULL,NULL),(100002268,100000881,NULL,0,'',1000,'2023-07-06 21:26:13',12,NULL,NULL,NULL,NULL),(100002269,100000881,1339,4,'',-140,'2023-07-06 22:26:12',17,NULL,NULL,NULL,NULL),(100002270,100000881,1351,3,'',-69,'2023-07-06 23:26:11',10,NULL,NULL,NULL,NULL),(100002271,100000882,NULL,0,'',1000,'2023-07-07 00:26:10',16,NULL,NULL,NULL,NULL),(100002272,100000883,NULL,0,'',1000,'2023-07-07 01:26:09',15,NULL,NULL,NULL,NULL),(100002273,100000883,1376,5,'',0,'2023-07-07 02:26:08',10,NULL,NULL,NULL,NULL),(100002274,100000883,1348,1,'',-29,'2023-07-07 03:26:07',12,NULL,NULL,NULL,NULL),(100002275,100000884,NULL,0,'',1000,'2023-07-07 04:26:06',34,NULL,NULL,NULL,NULL),(100002276,100000884,1352,1,'',-64,'2023-07-07 05:26:05',18,NULL,NULL,NULL,NULL),(100002277,100000885,NULL,0,'',1000,'2023-07-07 06:26:04',12,NULL,NULL,NULL,NULL),(100002278,100000885,1349,3,'',-129,'2023-07-07 07:26:03',34,NULL,NULL,NULL,NULL),(100002279,100000885,1381,4,'',0,'2023-07-07 08:26:02',12,NULL,NULL,NULL,NULL),(100002280,100000886,NULL,0,'',1000,'2023-07-07 09:26:01',32,NULL,NULL,NULL,NULL),(100002281,100000886,1345,5,'',-220,'2023-07-07 10:26:00',12,NULL,NULL,NULL,NULL),(100002282,100000886,1354,4,'',-348,'2023-07-07 11:25:59',34,NULL,NULL,NULL,NULL),(100002283,100000886,1323,3,'',-78,'2023-07-07 12:25:58',34,NULL,NULL,NULL,NULL),(100002284,100000888,NULL,0,'',1000,'2023-07-07 13:25:57',16,NULL,NULL,NULL,NULL),(100002285,100000888,1326,1,'',-13,'2023-07-07 14:25:56',10,NULL,NULL,NULL,NULL),(100002286,100000888,1319,3,'',-282,'2023-07-07 15:25:55',15,NULL,NULL,NULL,NULL),(100002287,100000888,1379,1,'',-64,'2023-07-07 16:25:54',10,NULL,NULL,NULL,NULL),(100002288,100000890,NULL,0,'',1000,'2023-07-07 17:25:53',32,NULL,NULL,NULL,NULL),(100002289,100000890,1358,3,'',-111,'2023-07-07 18:25:52',32,NULL,NULL,NULL,NULL),(100002290,100000892,NULL,0,'',1000,'2023-07-07 19:25:51',12,NULL,NULL,NULL,NULL),(100002291,100000892,1368,4,'',0,'2023-07-07 20:25:50',18,NULL,NULL,NULL,NULL),(100002292,100000892,1354,3,'',-261,'2023-07-07 21:25:49',15,NULL,NULL,NULL,NULL),(100002293,100000892,1339,1,'',-35,'2023-07-07 22:25:48',10,NULL,NULL,NULL,NULL),(100002294,100000892,1368,5,'',0,'2023-07-07 23:25:47',34,NULL,NULL,NULL,NULL),(100002295,100000894,NULL,0,'',1000,'2023-07-08 00:25:46',17,NULL,NULL,NULL,NULL),(100002296,100000894,1346,2,'',-158,'2023-07-08 01:25:45',32,NULL,NULL,NULL,NULL),(100002297,100000894,1380,4,'',-268,'2023-07-08 02:25:44',32,NULL,NULL,NULL,NULL),(100002298,100000894,1354,5,'',-435,'2023-07-08 03:25:43',34,NULL,NULL,NULL,NULL),(100002299,100000896,NULL,0,'',1000,'2023-07-08 04:25:42',32,NULL,NULL,NULL,NULL),(100002300,100000896,1338,1,'',-78,'2023-07-08 05:25:41',10,NULL,NULL,NULL,NULL),(100002301,100000896,1335,5,'',-440,'2023-07-08 06:25:40',12,NULL,NULL,NULL,NULL),(100002302,100000898,NULL,0,'',1000,'2023-07-08 07:25:39',17,NULL,NULL,NULL,NULL),(100002303,100000898,1345,5,'',-220,'2023-07-08 08:25:38',17,NULL,NULL,NULL,NULL),(100002304,100000898,1385,5,'',0,'2023-07-08 09:25:37',32,NULL,NULL,NULL,NULL),(100002305,100000898,1319,5,'',-470,'2023-07-08 10:25:36',32,NULL,NULL,NULL,NULL),(100002306,100000900,NULL,0,'',1000,'2023-07-08 11:25:35',32,NULL,NULL,NULL,NULL),(100002307,100000900,1362,4,'',-252,'2023-07-08 12:25:34',12,NULL,NULL,NULL,NULL),(100002308,100000900,1386,3,'',0,'2023-07-08 13:25:33',15,NULL,NULL,NULL,NULL),(100002309,100000900,1321,4,'',-196,'2023-07-08 14:25:32',10,NULL,NULL,NULL,NULL),(100002310,100000902,NULL,0,'',1000,'2023-07-08 15:25:31',15,NULL,NULL,NULL,NULL),(100002311,100000902,1365,4,'',-144,'2023-07-08 16:25:30',17,NULL,NULL,NULL,NULL),(100002312,100000902,1351,4,'',-92,'2023-07-08 17:25:29',15,NULL,NULL,NULL,NULL),(100002313,100000904,NULL,0,'',1000,'2023-07-08 18:25:28',10,NULL,NULL,NULL,NULL);
/*!40000 ALTER TABLE `transactions` ENABLE KEYS */;
UNLOCK TABLES;

--
-- Table structure for table `transfer_agreement`
--

DROP TABLE IF EXISTS `transfer_agreement`;
/*!40101 SET @saved_cs_client     = @@character_set_client */;
/*!40101 SET character_set_client = utf8 */;
CREATE TABLE `transfer_agreement` (
  `id` int unsigned NOT NULL AUTO_INCREMENT,
  `source_organisation_id` int unsigned NOT NULL,
  `target_organisation_id` int unsigned NOT NULL,
  `state` varchar(255) NOT NULL DEFAULT 'UnderReview',
  `type` varchar(255) NOT NULL,
  `requested_on` datetime NOT NULL,
  `requested_by` int unsigned NOT NULL,
  `accepted_on` datetime DEFAULT NULL,
  `accepted_by` int unsigned DEFAULT NULL,
  `terminated_on` datetime DEFAULT NULL,
  `terminated_by` int unsigned DEFAULT NULL,
  `valid_from` datetime NOT NULL,
  `valid_until` datetime DEFAULT NULL,
  `comment` text,
  PRIMARY KEY (`id`),
  KEY `transfer_agreement_source_organisation_id` (`source_organisation_id`),
  KEY `transfer_agreement_target_organisation_id` (`target_organisation_id`),
  KEY `transfer_agreement_requested_by` (`requested_by`),
  KEY `transfer_agreement_accepted_by` (`accepted_by`),
  KEY `transfer_agreement_terminated_by` (`terminated_by`),
  CONSTRAINT `transfer_agreement_ibfk_1` FOREIGN KEY (`source_organisation_id`) REFERENCES `organisations` (`id`) ON UPDATE CASCADE,
  CONSTRAINT `transfer_agreement_ibfk_2` FOREIGN KEY (`target_organisation_id`) REFERENCES `organisations` (`id`) ON UPDATE CASCADE,
  CONSTRAINT `transfer_agreement_ibfk_3` FOREIGN KEY (`requested_by`) REFERENCES `cms_users` (`id`) ON UPDATE CASCADE,
  CONSTRAINT `transfer_agreement_ibfk_4` FOREIGN KEY (`accepted_by`) REFERENCES `cms_users` (`id`) ON DELETE SET NULL ON UPDATE CASCADE,
  CONSTRAINT `transfer_agreement_ibfk_5` FOREIGN KEY (`terminated_by`) REFERENCES `cms_users` (`id`) ON DELETE SET NULL ON UPDATE CASCADE
) ENGINE=InnoDB AUTO_INCREMENT=6 DEFAULT CHARSET=utf8 ROW_FORMAT=DYNAMIC;
/*!40101 SET character_set_client = @saved_cs_client */;

--
-- Dumping data for table `transfer_agreement`
--

LOCK TABLES `transfer_agreement` WRITE;
/*!40000 ALTER TABLE `transfer_agreement` DISABLE KEYS */;
INSERT INTO `transfer_agreement` VALUES (1,100000000,100000001,'Accepted','Bidirectional','2024-01-01 12:34:56',100000001,'2024-01-05 00:00:00',100000000,NULL,NULL,'2024-01-01 12:34:56',NULL,'test'),
  (2,1,2,'Rejected','Bidirectional','2023-04-21 10:00:36',2,NULL,NULL,'2023-06-10 09:59:31',10,'2023-04-11 10:00:49',NULL,NULL),
  (3,2,1,'Canceled','Bidirectional','2023-06-30 09:59:05',10,'2023-08-19 09:58:00',2,'2023-08-29 09:57:47',2,'2023-06-20 09:59:18',NULL,NULL),
  (4,1,2,'Accepted','Bidirectional','2023-09-18 09:57:21',2,'2023-11-07 09:56:16',10,NULL,NULL,'2023-09-08 09:57:34',NULL,NULL),
  (5,2,1,'UnderReview','Bidirectional','2023-11-27 09:55:50',10,NULL,NULL,NULL,NULL,'2023-11-17 09:56:03',NULL,NULL);
/*!40000 ALTER TABLE `transfer_agreement` ENABLE KEYS */;
UNLOCK TABLES;

--
-- Table structure for table `transfer_agreement_detail`
--

DROP TABLE IF EXISTS `transfer_agreement_detail`;
/*!40101 SET @saved_cs_client     = @@character_set_client */;
/*!40101 SET character_set_client = utf8 */;
CREATE TABLE `transfer_agreement_detail` (
  `id` int unsigned NOT NULL AUTO_INCREMENT,
  `transfer_agreement_id` int unsigned NOT NULL,
  `source_base_id` int unsigned DEFAULT NULL,
  `target_base_id` int unsigned DEFAULT NULL,
  PRIMARY KEY (`id`),
  KEY `transfer_agreement_detail_transfer_agreement_id` (`transfer_agreement_id`),
  KEY `transfer_agreement_detail_source_base_id` (`source_base_id`),
  KEY `transfer_agreement_detail_target_base_id` (`target_base_id`),
  CONSTRAINT `transfer_agreement_detail_ibfk_1` FOREIGN KEY (`transfer_agreement_id`) REFERENCES `transfer_agreement` (`id`) ON UPDATE CASCADE,
  CONSTRAINT `transfer_agreement_detail_ibfk_2` FOREIGN KEY (`source_base_id`) REFERENCES `camps` (`id`) ON UPDATE CASCADE,
  CONSTRAINT `transfer_agreement_detail_ibfk_3` FOREIGN KEY (`target_base_id`) REFERENCES `camps` (`id`) ON UPDATE CASCADE
) ENGINE=InnoDB AUTO_INCREMENT=12 DEFAULT CHARSET=utf8 ROW_FORMAT=DYNAMIC;
/*!40101 SET character_set_client = @saved_cs_client */;

--
-- Dumping data for table `transfer_agreement_detail`
--

LOCK TABLES `transfer_agreement_detail` WRITE;
/*!40000 ALTER TABLE `transfer_agreement_detail` DISABLE KEYS */;
INSERT INTO `transfer_agreement_detail` VALUES (1,1,100000000,100000001),(2,2,1,2),(3,2,1,3),(4,2,1,4),(5,3,2,1),(6,3,4,1),(7,4,1,2),(8,4,1,3),(9,5,2,1),(10,5,3,1),(11,5,4,1);
/*!40000 ALTER TABLE `transfer_agreement_detail` ENABLE KEYS */;
UNLOCK TABLES;

--
-- Table structure for table `translate`
--

DROP TABLE IF EXISTS `translate`;
/*!40101 SET @saved_cs_client     = @@character_set_client */;
/*!40101 SET character_set_client = utf8 */;
CREATE TABLE `translate` (
  `id` int unsigned NOT NULL AUTO_INCREMENT,
  `category_id` int unsigned DEFAULT NULL,
  `type` varchar(20) NOT NULL,
  `code` varchar(255) DEFAULT '',
  `description` varchar(255) DEFAULT NULL,
  `nl` text NOT NULL,
  `en` text NOT NULL,
  `fr` text NOT NULL,
  `hidden` tinyint NOT NULL DEFAULT '0',
  `created` datetime DEFAULT NULL,
  `created_by` int unsigned DEFAULT NULL,
  `modified` datetime DEFAULT NULL,
  `modified_by` int unsigned DEFAULT NULL,
  `deleted` datetime NOT NULL,
  PRIMARY KEY (`id`),
  KEY `category_id` (`category_id`),
  KEY `created_by` (`created_by`),
  KEY `modified_by` (`modified_by`),
  CONSTRAINT `translate_ibfk_3` FOREIGN KEY (`category_id`) REFERENCES `translate_categories` (`id`) ON UPDATE CASCADE,
  CONSTRAINT `translate_ibfk_4` FOREIGN KEY (`created_by`) REFERENCES `cms_users` (`id`) ON DELETE SET NULL ON UPDATE CASCADE,
  CONSTRAINT `translate_ibfk_5` FOREIGN KEY (`modified_by`) REFERENCES `cms_users` (`id`) ON DELETE SET NULL ON UPDATE CASCADE
) ENGINE=InnoDB AUTO_INCREMENT=914 DEFAULT CHARSET=utf8 ROW_FORMAT=DYNAMIC;
/*!40101 SET character_set_client = @saved_cs_client */;

--
-- Dumping data for table `translate`
--

LOCK TABLES `translate` WRITE;
/*!40000 ALTER TABLE `translate` DISABLE KEYS */;
INSERT INTO `translate` VALUES (485,13,'text','cms_login_email',NULL,'e-mailadres','E-mail address','',1,NULL,NULL,NULL,NULL,'0000-00-00 00:00:00'),(486,13,'text','cms_login_password','','Wachtwoord','Password','',1,NULL,NULL,NULL,NULL,'0000-00-00 00:00:00'),(487,13,'text','cms_login_submit',NULL,'Log in','Log in','',1,NULL,NULL,NULL,NULL,'0000-00-00 00:00:00'),(488,13,'text','cms_login_autologin',NULL,'onthoud mij','Remember me','',1,NULL,NULL,NULL,NULL,'0000-00-00 00:00:00'),(489,13,'text','cms_login_error_wrongpassword',NULL,'Wachtwoord is niet correct','Wrong password','',1,NULL,NULL,NULL,NULL,'0000-00-00 00:00:00'),(490,13,'text','cms_login_error_usernotfound',NULL,'Een gebruiker met dit e-mailadres is niet gevonden.','A user with this e-mail address is not found','Utilisateur introuvable',1,NULL,NULL,NULL,NULL,'0000-00-00 00:00:00'),(491,13,'text','cms_login_pagetitle',NULL,'Inloggen','Login','connexion',0,NULL,NULL,NULL,NULL,'0000-00-00 00:00:00'),(492,13,'text','cms_menu_settings','','Instellingen','Settings','',0,NULL,NULL,NULL,NULL,'0000-00-00 00:00:00'),(493,13,'text','cms_menu_logout','','Uitloggen','Logout','',0,NULL,NULL,NULL,NULL,'0000-00-00 00:00:00'),(494,13,'text','cms_form_submit','','Opslaan en sluiten','Save and close','',0,NULL,NULL,NULL,NULL,'0000-00-00 00:00:00'),(496,13,'text','cms_form_createdby','','Gemaakt door','Created by','',0,NULL,NULL,NULL,NULL,'0000-00-00 00:00:00'),(497,13,'text','cms_form_ondate','','op','on','',0,NULL,NULL,NULL,NULL,'0000-00-00 00:00:00'),(498,13,'text','cms_form_history_modified',NULL,'Gewijzigd door','Modified by','',0,NULL,NULL,NULL,NULL,'0000-00-00 00:00:00'),(499,13,'text','cms_form_charactersleft',NULL,'tekens over van %n','characters left from %n','',0,NULL,NULL,NULL,NULL,'0000-00-00 00:00:00'),(500,13,'text','cms_list_add',NULL,'Nieuw','New item','',0,NULL,NULL,NULL,NULL,'0000-00-00 00:00:00'),(501,13,'text','cms_list_delete',NULL,'Verwijderen','Delete','',0,NULL,NULL,NULL,NULL,'0000-00-00 00:00:00'),(502,13,'text','cms_list_hide',NULL,'Verbergen','Hide','',0,NULL,NULL,NULL,NULL,'0000-00-00 00:00:00'),(503,13,'text','cms_list_show',NULL,'Tonen','Show','',0,NULL,NULL,NULL,NULL,'0000-00-00 00:00:00'),(504,13,'text','cms_settings_category',NULL,'Categorie','Category','',0,NULL,NULL,NULL,NULL,'0000-00-00 00:00:00'),(505,13,'text','cms_users_naam','','Naam','Name','',0,NULL,NULL,NULL,NULL,'0000-00-00 00:00:00'),(506,13,'text','cms_users_email','','E-mail','E-mail','',0,NULL,NULL,NULL,NULL,'0000-00-00 00:00:00'),(507,13,'text','cms_users_lastlogin',NULL,'Laatste login','Last login','',0,NULL,NULL,NULL,NULL,'0000-00-00 00:00:00'),(508,13,'text','cms_users_new',NULL,'Nieuwe gebruiker','New user','',0,NULL,NULL,NULL,NULL,'0000-00-00 00:00:00'),(509,13,'text','cms_users_password','','Wachtwoord','Password','',0,NULL,NULL,NULL,NULL,'0000-00-00 00:00:00'),(510,13,'text','cms_users_access',NULL,'Beschikbare functies','Available functions','',0,NULL,NULL,NULL,NULL,'0000-00-00 00:00:00'),(511,13,'text','cms_settings_value',NULL,'Waarde','Value','',0,NULL,NULL,NULL,NULL,'0000-00-00 00:00:00'),(512,13,'text','cms_settings_code',NULL,'Code','Code','',0,NULL,NULL,NULL,NULL,'0000-00-00 00:00:00'),(513,0,'text','cms_settings','','Instellingen','Global Settings','',0,NULL,NULL,NULL,NULL,'0000-00-00 00:00:00'),(514,13,'text','cms_settings_new',NULL,'Nieuwe instelling','New setting','',0,NULL,NULL,NULL,NULL,'0000-00-00 00:00:00'),(515,13,'text','cms_settings_hidden',NULL,'Verborgen','Hidden','',0,NULL,NULL,NULL,NULL,'0000-00-00 00:00:00'),(516,13,'text','cms_settings_type',NULL,'Type','Type','',0,NULL,NULL,NULL,NULL,'0000-00-00 00:00:00'),(517,13,'text','cms_field_text',NULL,'Tekstregel','Line of text','',0,NULL,NULL,NULL,NULL,'0000-00-00 00:00:00'),(518,13,'text','cms_field_textarea',NULL,'Tekstveld','Textarea','',0,NULL,NULL,NULL,NULL,'0000-00-00 00:00:00'),(519,13,'text','cms_field_checkbox',NULL,'Checkbox','Checkbox','',0,NULL,NULL,NULL,NULL,'0000-00-00 00:00:00'),(520,13,'text','cms_translates',NULL,'Teksten','Texts','',0,NULL,NULL,NULL,NULL,'0000-00-00 00:00:00'),(521,13,'text','cms_translate_description',NULL,'Beschrijving','Description','',0,NULL,NULL,NULL,NULL,'0000-00-00 00:00:00'),(522,13,'text','cms_translate_code',NULL,'Code','Code','',0,NULL,NULL,NULL,NULL,'0000-00-00 00:00:00'),(523,13,'text','cms_translate_new',NULL,'Nieuwe tekst','New text','',0,NULL,NULL,NULL,NULL,'0000-00-00 00:00:00'),(524,13,'text','cms_users','','Gebruikers','User Management','',0,NULL,NULL,NULL,NULL,'0000-00-00 00:00:00'),(525,13,'text','cms_user','','Gebruiker','User','',0,NULL,NULL,NULL,NULL,'0000-00-00 00:00:00'),(526,13,'text','cms_setting',NULL,'instelling','setting','',0,NULL,NULL,NULL,NULL,'0000-00-00 00:00:00'),(527,13,'text','cms_translate',NULL,'tekst','text','',0,NULL,NULL,NULL,NULL,'0000-00-00 00:00:00'),(528,13,'text','cms_form_new',NULL,'Nieuw','New','',0,NULL,NULL,NULL,NULL,'0000-00-00 00:00:00'),(529,13,'text','cms_form_edit','','Wijzig','Edit','',0,NULL,NULL,NULL,NULL,'0000-00-00 00:00:00'),(530,13,'text','cms_translate_type',NULL,'Type','Type','',0,NULL,NULL,NULL,NULL,'0000-00-00 00:00:00'),(531,13,'text','cms_login_repeatpassword','','Herhaal wachtwoord','Repeat password','',0,NULL,NULL,NULL,NULL,'0000-00-00 00:00:00'),(532,13,'text','cms_login_forgotpassword',NULL,'Wachtwoord vergeten?','Forgot Password?','',0,NULL,NULL,NULL,NULL,'0000-00-00 00:00:00'),(533,13,'text','cms_reset_pagetitle',NULL,'Reset wachtwoord','Reset Password','',0,NULL,NULL,NULL,NULL,'0000-00-00 00:00:00'),(534,13,'text','cms_reset_submit',NULL,'Reset','Reset','',0,NULL,NULL,NULL,NULL,'0000-00-00 00:00:00'),(535,13,'text','cms_functions',NULL,'CMS Functies','CMS Functions','',1,NULL,NULL,NULL,NULL,'0000-00-00 00:00:00'),(536,13,'text','cms_function',NULL,'CMS Functie','CMS Function','',0,NULL,NULL,NULL,NULL,'0000-00-00 00:00:00'),(537,13,'text','cms_function_include',NULL,'Bestand','File','',1,NULL,NULL,NULL,NULL,'0000-00-00 00:00:00'),(538,13,'text','cms_function_users',NULL,'Beschikbaar voor deze gebruikers','Available voor these users','',1,NULL,NULL,NULL,NULL,'0000-00-00 00:00:00'),(539,13,'text','cms_form_cancel','','Annuleren','Cancel','',1,NULL,NULL,NULL,NULL,'0000-00-00 00:00:00'),(542,13,'text','cms_email_salutation',NULL,'Beste','Dear','',0,NULL,NULL,NULL,NULL,'0000-00-00 00:00:00'),(543,13,'textarea','cms_email_boilerplate','','Deze e-mail is verstuurd vanuit','You\'ve received this email because you were created an account for Boxtribute through {orgname}. If you think you got this email by mistake, please contact us at [mailto:helpme@boxtribute.org]. ','',0,NULL,NULL,NULL,NULL,'0000-00-00 00:00:00'),(544,13,'textarea','cms_reset_mail','','Je hebt aangegeven dat je een nieuw wachtwoord wilt instellen voor het CMS op {sitename}.<br /><br />\r\n<a href=\"{link}\">Klik hier om een nieuw wachtwoord in te stellen</a><br /><br />\r\nHeb je geen nieuw wachtwoord aangevraagd, dan hoef je geen actie te ondernemen.\r\n','You have requested a new password for {sitename}.<br /><br />\r\n<a href=\"{link}\">Click here to enter a new password</a><br /><br />\r\nIf you didn\'t requested this yourself, you don\'t have to do anything.','',0,NULL,NULL,NULL,NULL,'0000-00-00 00:00:00'),(545,13,'text','cms_reset2_pagetitle',NULL,'Kies een nieuw wachtwoord','Choose a new password','',0,NULL,NULL,NULL,NULL,'0000-00-00 00:00:00'),(546,13,'text','cms_reset2_description',NULL,'Kies een wachtwoord dat niet te gemakkelijk is te raden. Niet je postcode, geboortedatum, de naam van je partner of combinaties van dat soort gegevens. Een goed wachtwoord bevat minimaal acht willekeurige letters, cijfers en leestekens.','Choose a password that is not too easy to guess. Don\'t use your zipcode, date of birth, the name of your spouse or combinations of this kind of data. A good password contains of a minimum of eight characters, numbers or punctuations.','',0,NULL,NULL,NULL,NULL,'0000-00-00 00:00:00'),(547,13,'text','cms_reset2_submit',NULL,'Opslaan','Save','',0,NULL,NULL,NULL,NULL,'0000-00-00 00:00:00'),(548,13,'text','cms_list_selectall',NULL,'Selecteer alle items','Select all items','',0,NULL,NULL,NULL,NULL,'0000-00-00 00:00:00'),(549,13,'text','cms_settings_category',NULL,'Categorie','Category','',0,NULL,NULL,NULL,NULL,'0000-00-00 00:00:00'),(551,13,'text','cms_reset_description',NULL,'Als je je wachtwoord niet meer weet, vul dan hier je e-mailadres in. Je krijgt dan direct een mail toegestuurd met daarin de mogelijkheid een nieuw wachtwoord aan te maken.','If you can\'t remember your password, please fill in your e-mail address. You will receive an email with a link to create a new password.','',0,NULL,NULL,NULL,NULL,'0000-00-00 00:00:00'),(556,13,'text','cms_form_selectplaceholder',NULL,'Maak een keuze','Please select','Faire un choix',1,NULL,NULL,NULL,NULL,'0000-00-00 00:00:00'),(557,13,'text','cms_field_wysiwyg',NULL,'TinyMCE','TinyMCE','',0,NULL,NULL,NULL,NULL,'2017-04-10 19:54:00'),(558,13,'text','cms_settings_enabled',NULL,'Ingeschakeld','Enabled','',0,NULL,NULL,NULL,NULL,'0000-00-00 00:00:00'),(559,13,'text','cms_field_select',NULL,'Menu','Menu','',0,NULL,NULL,NULL,NULL,'0000-00-00 00:00:00'),(560,13,'text','cms_settings_options',NULL,'Keuzes','Options','',0,NULL,NULL,NULL,NULL,'0000-00-00 00:00:00'),(562,13,'text','cms_reset_notmatching',NULL,'De wachtwoorden zijn niet gelijk','The passwords do not match','',0,NULL,NULL,NULL,NULL,'0000-00-00 00:00:00'),(563,13,'text','cms_reset_tooshort',NULL,'Het wachtwoord is te kort','The password is not long enough','',0,NULL,NULL,NULL,NULL,'0000-00-00 00:00:00'),(564,13,'text','cms_list_copy',NULL,'Kopiren','Copy','',0,NULL,NULL,NULL,NULL,'0000-00-00 00:00:00'),(566,13,'text','cms_list_confirm_title','','Weet je het zeker?','Are you sure?','',0,NULL,NULL,NULL,NULL,'0000-00-00 00:00:00'),(567,13,'text','cms_list_confirm_ok',NULL,'OK','OK','',0,NULL,NULL,NULL,NULL,'0000-00-00 00:00:00'),(568,13,'text','cms_list_confirm_cancel','','Annuleren','Cancel','',0,NULL,NULL,NULL,NULL,'0000-00-00 00:00:00'),(572,13,'text','cms_list_copysuccess',NULL,'Er is een kopie gemaakt van de geselecteerde rij(en)','A copy of the row(s) has been made','',0,NULL,NULL,NULL,NULL,'0000-00-00 00:00:00'),(578,13,'text','cms_list_deletesuccess',NULL,'Onderdeel verwijderd','Item deleted','',0,NULL,NULL,NULL,NULL,'0000-00-00 00:00:00'),(579,13,'text','cms_list_deleteerror',NULL,'De geselecteerde onderdelen (of een deel ervan) konden niet worden verwijderd.','The selected items (or some of them) could not be deleted.','',0,NULL,NULL,NULL,NULL,'0000-00-00 00:00:00'),(584,13,'text','cms_users_settings','','Persoonlijke instellingen','Personal settings','',0,NULL,NULL,NULL,NULL,'0000-00-00 00:00:00'),(586,13,'text','cms_error',NULL,'Sorry, er is iets foutgegaan','Sorry, something went wrong','',0,NULL,NULL,NULL,NULL,'0000-00-00 00:00:00'),(595,13,'text','cms_error_pleasereport',NULL,'Laatste login','Last login','',0,NULL,NULL,NULL,NULL,'0000-00-00 00:00:00'),(600,13,'text','cms_error404',NULL,'De pagina die je probeert te openen bestaat niet.','The page you have requested does not exist.','',0,NULL,NULL,NULL,NULL,'0000-00-00 00:00:00'),(622,13,'text','tooltip_menutitle',NULL,'Deze titel wordt gebruikt als er in een menu naar deze pagina wordt verwezen. Hoe korter hoe beter.','This title is used when refering to this item in a menu. The shorter the better.','',0,NULL,NULL,NULL,NULL,'0000-00-00 00:00:00'),(625,13,'text','tooltip_pagetitle',NULL,'Dit is de titel bovenaan de pagina. Deze titel is erg belangrijk voor zoekmachines, gebruik dus de meest relevante trefwoorden.','This is the title on top of the page. This title is very important for search engines, so use the most important keywords here.','',0,NULL,NULL,NULL,NULL,'0000-00-00 00:00:00'),(626,13,'text','tooltip_windowtitle',NULL,'Deze tekst komt terug in de titelbalk van de browser. Voor de beste indexering gebruik je hier weer andere keywords dan in de paginatitel. De lengte van deze tekst is idealiter niet langer dan 64 tekens, inclusief de naam van de website.','This title will be visible in the title bar of the browser. For the best search engine results, use other keywords than you did in the pagetitle. This title should be no more than 64 characters, including the name of the website.','',0,NULL,NULL,NULL,NULL,'0000-00-00 00:00:00'),(627,13,'text','tooltip_metadescription',NULL,'Geef voor Google een beschrijving van deze pagina in maximaal 155 tekens. Een volzin is beter dan een reeks trefwoorden.','Google desires a short description of the page, to show in the search results. Stay within 155 characters.','',0,NULL,NULL,NULL,NULL,'0000-00-00 00:00:00'),(628,13,'text','cms_settings_language','','Taal','Language','',0,NULL,NULL,NULL,NULL,'0000-00-00 00:00:00'),(629,13,'text','cms_form_save',NULL,'Opslaan','Save','',0,NULL,NULL,NULL,NULL,'0000-00-00 00:00:00'),(630,13,'text','cms_form_modifiedby_copy',NULL,'Laatst gewijzigd door','Last modified by','',0,NULL,NULL,NULL,NULL,'2017-04-10 19:54:00'),(637,13,'text','cms_users_sendlogin',NULL,'Stuur inloggegevens','Send login data','',0,NULL,NULL,NULL,NULL,'0000-00-00 00:00:00'),(638,13,'text','cms_form_selectroot',NULL,'Beginpunt','Root','Faire un choix',1,NULL,NULL,NULL,NULL,'0000-00-00 00:00:00'),(641,13,'text','cms_form_choosefile',NULL,'Kies bestand','Choose file','',0,NULL,NULL,NULL,NULL,'0000-00-00 00:00:00'),(642,13,'text','cms_form_chooseimage',NULL,'Kies afbeelding','Choose image','',0,NULL,NULL,NULL,NULL,'2017-04-10 19:54:00'),(643,13,'text','cms_form_viewfile',NULL,'Bekijk bestand','View file','',0,NULL,NULL,NULL,NULL,'0000-00-00 00:00:00'),(649,13,'text','tooltip_url','','Als je de URL leeg laat, maakt het systeem automatisch een goeie url voor je pagina. Je kan de URL veranderen door dit veld te ontgrendelen. Realiseer je wel dat door het veranderen van een URL bestaande verwijzingen naar deze pagina kunnen verdwijnen.','If you leave this field empty, the system will fill it in for you. If you want to change a value, you can unlock this field and do so. But realise that this can result in broken links.','',0,NULL,NULL,NULL,NULL,'0000-00-00 00:00:00'),(654,13,'text','cms_list_showhidesuccess',NULL,'Tonen/verbergen succesvol','','',0,NULL,NULL,NULL,NULL,'0000-00-00 00:00:00'),(655,13,'text','cms_reset_mailsubject',NULL,'Nieuw wachtwoord','New password','',0,NULL,NULL,NULL,NULL,'0000-00-00 00:00:00'),(656,13,'textarea','cms_sendlogin_mail','','Hierbij ontvang je een wachtwoord om in te loggen op het systeem van {sitename}.<br /><br /> Je nieuwe wachtwoord is <strong>{password}</strong><br /><br /> Let op: Het systeem maakt onderscheid tussen hoofd- en kleine letters.<br /><br /> Als je bent ingelogd kan je het wachtwoord zelf wijzigen, door op je naam te klikken in de rechterbovenhoek en dan voor \'Instellingen\' te kiezen. Kies dan wel voor een niet al te makkelijk te raden password van minimaal acht tekens.','{user} from <strong>{orgname}</strong> has set you up with a Boxtribute account! <br/><br/> Please use this email address and the password below to log in to Boxtribute ({sitename}) through your browser. <strong>If you are an iOS user, we recommend you use Safari.</strong> <br /><br /> Your password is <strong>{password}</strong><br /><br /> We encourage you to update your password to something secure and memorable by logging in, clicking on your name in the upper right corner and choosing \'Settings\'. <br /> <br /> <strong>Need help getting started?</strong> <br /><br /> - Check our manual (boxwise.freshdesk.com), or  <br /> - Message us through facebook (facebook.com/boxtribute), or  <br /> - Write us an email (helpme@boxtribute.org) <br /><br /> The Boxtribute Team ','',0,NULL,NULL,NULL,NULL,'0000-00-00 00:00:00'),(657,13,'text','cms_sendlogin_mailsubject','','Nieuw wachtwoord','Welcome to Boxtribute!','',0,NULL,NULL,NULL,NULL,'0000-00-00 00:00:00'),(658,13,'text','cms_sendlogin_confirm',NULL,'De logingegevens zijn verstuurd.','Within a few minutes you will receive an e-mail with further instructions to reset your password.','',0,NULL,NULL,NULL,NULL,'0000-00-00 00:00:00'),(660,13,'text','cms_email_signature','','Met veel liefde...','Much love...','',0,NULL,NULL,NULL,NULL,'0000-00-00 00:00:00'),(661,13,'text','buytickets',NULL,'Koop kaarten voor deze voorstelling','','',0,NULL,NULL,NULL,NULL,'0000-00-00 00:00:00'),(662,13,'text','cms_form_changefile',NULL,'Wijzig bestand','Change file','',0,NULL,NULL,NULL,NULL,'0000-00-00 00:00:00'),(663,13,'text','cms_form_changeimage',NULL,'Wijzig afbeelding','Change image','',0,NULL,NULL,NULL,NULL,'2017-04-10 19:54:00'),(664,13,'text','cms_form_delete',NULL,'Verwijderen','Delete','',0,NULL,NULL,NULL,NULL,'0000-00-00 00:00:00'),(665,13,'text','cms_form_wipe','','Wissen','Wipe','',0,NULL,NULL,NULL,NULL,'0000-00-00 00:00:00'),(666,13,'text','cms_form_file_deletesuccess',NULL,'bestand verwijderd','File removed','',0,NULL,NULL,NULL,NULL,'0000-00-00 00:00:00'),(667,13,'text','cms_form_file_deletefailure',NULL,'Er is iets mis gegaan in het verwijderen van het bestand','An error occurred while trying to remove the file','',0,NULL,NULL,NULL,NULL,'0000-00-00 00:00:00'),(675,13,'text','cms_form_deletefileconfirmation',NULL,'Het bestand wordt uit dit item verwijderd. Weet je het zeker? (Het originele bestand blijft beschikbaar in de filemanager)','The file will be deleted. Are you sure? (The original file remains in the file manager)','',0,NULL,NULL,NULL,NULL,'2017-04-10 19:54:00'),(676,13,'text','cms_form_changefile_msg',NULL,'Het bestand wordt pas bewaard nadat je op &quot;opslaan&quot; geklikt hebt.','The file will be saved after clicking &quot;save&quot;.','',0,NULL,NULL,NULL,NULL,'0000-00-00 00:00:00'),(677,13,'text','cms_form_changeimage_msg',NULL,'De afbeelding wordt pas bewaard nadat je op &quot;opslaan&quot; geklikt hebt.','The image will be saved after clicking &quot;save&quot;.','',0,NULL,NULL,NULL,NULL,'2017-04-10 19:54:00'),(679,13,'text','cms_users_loginas',NULL,'Inloggen als deze gebruiker','Login as this user','',0,NULL,NULL,NULL,NULL,'0000-00-00 00:00:00'),(680,13,'text','cms_menu_exitloginas',NULL,'Terug naar %user%','Back to %user%','',0,NULL,NULL,NULL,NULL,'0000-00-00 00:00:00'),(681,13,'text','cms_list_copyfailure',NULL,'Kopie kon niet worden gemaakt','A copy could not been made','',0,NULL,NULL,NULL,NULL,'0000-00-00 00:00:00'),(682,13,'text','cms_list_copy_suffix',NULL,'(kopie)','(copy)','',0,NULL,NULL,NULL,NULL,'0000-00-00 00:00:00'),(683,13,'text','cms_reset_success',NULL,'Je wachtwoord is aangepast','Your password has been changed','',0,NULL,NULL,NULL,NULL,'0000-00-00 00:00:00'),(684,13,'text','cms_users_email_tooltip',NULL,'Je emailadres is tevens je loginnaam','Your e-mail address is also your loginname','',0,NULL,NULL,NULL,NULL,'0000-00-00 00:00:00'),(685,13,'text','cms_users_password_change',NULL,'Wachtwoord aanpassen','Change password','',0,NULL,NULL,NULL,NULL,'0000-00-00 00:00:00'),(686,13,'text','cms_users_password_tooltip',NULL,'Vul hier tweemaal het nieuwe wachtwoord in. Het wachtwoord moet minimaal 8 tekens lang zijn en bestaat ideaal uit een combinatie van letters (groot en klein), cijfers en/of leestekens. Het wachtwoord mag niet te makkelijk te raden zijn.','Please fill in the new password twice. The password should consist of letters (small and capital), numbers and/or punctuation. The password should at least be 8 characters long. Please do not use a password that is easily gueassable.','',0,NULL,NULL,NULL,NULL,'0000-00-00 00:00:00'),(687,13,'text','cms_settings_description',NULL,'Beschrijving','Description','',0,NULL,NULL,NULL,NULL,'0000-00-00 00:00:00'),(688,13,'text','cms_form_createdunknown','','onbekend','unknown','',0,NULL,NULL,NULL,NULL,'0000-00-00 00:00:00'),(689,13,'text','tooltip_url_locked',NULL,'Voor deze pagina kan je de URL zelf niet aanpassen.','For this page, you are not allowed to change the URL.','',0,NULL,NULL,NULL,NULL,'0000-00-00 00:00:00'),(690,13,'text','cms_form_view_modified','','Bekijk bewerkgeschiedenis','View edit history','',0,NULL,NULL,NULL,NULL,'0000-00-00 00:00:00'),(691,13,'text','cms_form_modifiedby','','Laatst gewijzigd door','Last modified by','',0,NULL,NULL,NULL,NULL,'0000-00-00 00:00:00'),(692,13,'text','cms_form_history_nodata',NULL,'Geen wijzigingen gevonden','No changes found','',0,NULL,NULL,NULL,NULL,'0000-00-00 00:00:00'),(693,13,'text','cms_login_error_adminonly',NULL,'Geen toegang - gebruik het CMS op de live-versie van de website!','No access - please use the CMS on the live website','',0,NULL,NULL,NULL,NULL,'0000-00-00 00:00:00'),(695,13,'text','cms_list_showhidesuccess',NULL,'Tonen/verbergen succesvol','Succesfully hidden/shown','',0,NULL,NULL,NULL,NULL,'0000-00-00 00:00:00'),(696,13,'text','cms_translate_categorychanged',NULL,'De items zijn verplaatst naar een nieuwe categorie','The items have been moved to a new category','',0,NULL,NULL,NULL,NULL,'0000-00-00 00:00:00'),(697,13,'text','cms_list_notexistingdo',NULL,'Deze functie is niet beschikbaar','This function is not available','',0,NULL,NULL,NULL,NULL,'0000-00-00 00:00:00'),(698,13,'text','cms_brokenlinks_url',NULL,'Broken link','Broken link','',0,NULL,NULL,NULL,NULL,'0000-00-00 00:00:00'),(699,13,'text','cms_brokenlinks_location',NULL,'Gevonden op','Found at','',0,NULL,NULL,NULL,NULL,'0000-00-00 00:00:00'),(700,13,'text','cms_brokenlinks_error',NULL,'Foutcode','Error','',0,NULL,NULL,NULL,NULL,'0000-00-00 00:00:00'),(867,13,'text','site_name','','Drop App','Drop App','',0,NULL,NULL,NULL,NULL,'0000-00-00 00:00:00'),(868,13,'text','adults','','Volwassenen','Adults','',0,NULL,NULL,NULL,NULL,'0000-00-00 00:00:00'),(869,13,'text','children','','kinderen','children','',0,NULL,NULL,NULL,NULL,'0000-00-00 00:00:00'),(870,13,'text','container','','Container','Container','',0,NULL,NULL,NULL,NULL,'0000-00-00 00:00:00'),(871,13,'text','coins','','Tokens','Tokens','',0,NULL,NULL,NULL,NULL,'0000-00-00 00:00:00'),(872,13,'text','purchases','','Aankopen','Purchases','',0,NULL,NULL,NULL,NULL,'0000-00-00 00:00:00'),(873,13,'text','transactions','','Transacties','Transactions','',0,NULL,NULL,NULL,NULL,'0000-00-00 00:00:00'),(874,13,'text','product','','Product','Product','',0,NULL,NULL,NULL,NULL,'0000-00-00 00:00:00'),(875,13,'text','size','','Maat','Size','',0,NULL,NULL,NULL,NULL,'0000-00-00 00:00:00'),(876,13,'text','note','','Opmerking','Note','',0,NULL,NULL,NULL,NULL,'0000-00-00 00:00:00'),(877,13,'text','handled_by','','Afgehandeld door','Handled by','',0,NULL,NULL,NULL,NULL,'0000-00-00 00:00:00'),(878,13,'text','date','','Datum','Date','',0,NULL,NULL,NULL,NULL,'0000-00-00 00:00:00'),(879,13,'text','Monday','','Maandag','Monday','',0,NULL,NULL,NULL,NULL,'0000-00-00 00:00:00'),(880,13,'text','Tuesday','','Dinsdag','Tuesday','',0,NULL,NULL,NULL,NULL,'0000-00-00 00:00:00'),(881,13,'text','Wednesday','','Woensdag','Wednesday','',0,NULL,NULL,NULL,NULL,'0000-00-00 00:00:00'),(882,13,'text','Thursday','','Donderdag','Thursday','',0,NULL,NULL,NULL,NULL,'0000-00-00 00:00:00'),(883,13,'text','Friday','','Vrijdag','Friday','',0,NULL,NULL,NULL,NULL,'0000-00-00 00:00:00'),(884,13,'text','Saturday','','Zaterdag','Saturday','',0,NULL,NULL,NULL,NULL,'0000-00-00 00:00:00'),(885,13,'text','Sunday','','Zondag','Sunday','',0,NULL,NULL,NULL,NULL,'0000-00-00 00:00:00'),(886,13,'text','January','month','januari','January','',0,NULL,NULL,NULL,NULL,'0000-00-00 00:00:00'),(887,13,'text','February','month','februari','February','',0,NULL,NULL,NULL,NULL,'0000-00-00 00:00:00'),(888,13,'text','March','month','maart','March','',0,NULL,NULL,NULL,NULL,'0000-00-00 00:00:00'),(889,13,'text','April','month','april','April','',0,NULL,NULL,NULL,NULL,'0000-00-00 00:00:00'),(890,13,'text','May','month','mei','May','',0,NULL,NULL,NULL,NULL,'0000-00-00 00:00:00'),(891,13,'text','June','month','juni','June','',0,NULL,NULL,NULL,NULL,'0000-00-00 00:00:00'),(892,13,'text','July','month','juli','July','',0,NULL,NULL,NULL,NULL,'0000-00-00 00:00:00'),(893,13,'text','August','month','augustus','August','',0,NULL,NULL,NULL,NULL,'0000-00-00 00:00:00'),(894,13,'text','September','month','september','September','',0,NULL,NULL,NULL,NULL,'0000-00-00 00:00:00'),(895,13,'text','October','month','oktober','October','',0,NULL,NULL,NULL,NULL,'0000-00-00 00:00:00'),(896,13,'text','November','month','november','November','',0,NULL,NULL,NULL,NULL,'0000-00-00 00:00:00'),(897,13,'text','December','month','december','December','',0,NULL,NULL,NULL,NULL,'0000-00-00 00:00:00'),(898,13,'text','amount','','Hoeveelheid','Amount','',0,NULL,NULL,NULL,NULL,'0000-00-00 00:00:00'),(899,13,'text','firstname','','Voornaam','First name','First name',0,NULL,NULL,NULL,NULL,'0000-00-00 00:00:00'),(900,13,'text','lastname','','Achternaam','Last name','Last name',0,NULL,NULL,NULL,NULL,'0000-00-00 00:00:00'),(901,13,'text','cms_list_undelete',NULL,'Herstellen','Recover','',0,NULL,NULL,NULL,NULL,'0000-00-00 00:00:00'),(902,13,'text','cms_list_undeleteerror',NULL,'De geselecteerde onderdelen (of een deel ervan) konden niet worden hersteld.','The selected items (or some of them) could not be recovered.','',0,NULL,NULL,NULL,NULL,'0000-00-00 00:00:00'),(903,13,'text','cms_list_undeletesuccess',NULL,'Onderdeel hersteld','Item recovered','',0,NULL,NULL,NULL,NULL,'0000-00-00 00:00:00'),(904,13,'text','cms_list_extendsuccess',NULL,'Vervaldatum item verlengd','Item expiration extended','',0,NULL,NULL,NULL,NULL,'0000-00-00 00:00:00'),(905,13,'text','cms_list_extenderror',NULL,'Geen van de geselecteerde items kon worden verlengd','None of the selected items could be extended','',0,NULL,NULL,NULL,NULL,'0000-00-00 00:00:00'),(906,0,'text','bag_for_three','The color of a bag of vegetables for three persons','','Blue','',0,NULL,NULL,NULL,NULL,'0000-00-00 00:00:00'),(907,0,'text','bag_for_one','The color of a bag of vegetables for one persons','','Yellow','',0,NULL,NULL,NULL,NULL,'0000-00-00 00:00:00'),(908,0,'textarea','bicycle-rules','Rules for bicycle renting to be printed on the back of the Certificate','','Bikes are only available for beneficiaries of Nea Kavala. / You can only borrow a bike when you have succesfully finished the training and have signed the contract with us / To borrow a bike you hand over this certificate, you will get it back after returning the bike / You are responsible for your own safety and to bring back the bike in a clean and good state / You have to be 18 years old minimum to be able to borrow a bike. / At all times, bikes need to be back on the same day before 19:30. After 16:30 we will not start a new borrowing period. / The maximum borrowing period is three hours. / If you not follow these rules, we can ban you for two weeks and if you repeatedly not follow the rules we can ban you permanently.','',0,NULL,NULL,NULL,NULL,'0000-00-00 00:00:00'),(909,0,'text','listtitle_bread','Food list for bread','','Bread','',0,NULL,NULL,NULL,NULL,'0000-00-00 00:00:00'),(910,0,'text','listtitle_dryfood','Food list for dry food','','Dry Food','',0,NULL,NULL,NULL,NULL,'0000-00-00 00:00:00'),(911,0,'text','listtitle_vegetables','Food list for vegetables','','Vegetables','',0,NULL,NULL,NULL,NULL,'0000-00-00 00:00:00'),(912,0,'textarea','workshop-rules','Rules for workshop access','','Workshop access is only available for beneficiaries of Nea Kavala. / You can access the workshop when you have succesfully finished the training and have signed the contract with us / To get access to the workshop and use tools you show us this card, you will get it back after returning the tools and leaving the workshop  / You are responsible for your own safety and to return all tools in a clean and good state / You have to be 16 years old minimum. / Always return all the tools before closing time of the workshop (17:00) / If you not follow these rules, we can ban you for two weeks and if you repeatedly not follow the rules we can ban you permanently.','',0,NULL,NULL,NULL,NULL,'0000-00-00 00:00:00'),(913,0,'text','site_name','','','Boxtribute','',0,NULL,NULL,NULL,NULL,'0000-00-00 00:00:00');
/*!40000 ALTER TABLE `translate` ENABLE KEYS */;
UNLOCK TABLES;

--
-- Table structure for table `translate_categories`
--

DROP TABLE IF EXISTS `translate_categories`;
/*!40101 SET @saved_cs_client     = @@character_set_client */;
/*!40101 SET character_set_client = utf8 */;
CREATE TABLE `translate_categories` (
  `id` int unsigned NOT NULL AUTO_INCREMENT,
  `name` varchar(255) DEFAULT NULL,
  PRIMARY KEY (`id`)
) ENGINE=InnoDB AUTO_INCREMENT=14 DEFAULT CHARSET=utf8 ROW_FORMAT=DYNAMIC;
/*!40101 SET character_set_client = @saved_cs_client */;

--
-- Dumping data for table `translate_categories`
--

LOCK TABLES `translate_categories` WRITE;
/*!40000 ALTER TABLE `translate_categories` DISABLE KEYS */;
INSERT INTO `translate_categories` VALUES (0,'something else'),(13,'text');
/*!40000 ALTER TABLE `translate_categories` ENABLE KEYS */;
UNLOCK TABLES;

--
-- Table structure for table `units`
--

DROP TABLE IF EXISTS `units`;
/*!40101 SET @saved_cs_client     = @@character_set_client */;
/*!40101 SET character_set_client = utf8 */;
CREATE TABLE `units` (
  `id` int NOT NULL AUTO_INCREMENT,
  `label` varchar(20) NOT NULL,
  `longlabel` varchar(255) DEFAULT NULL,
  `seq` int DEFAULT NULL,
  `created` datetime DEFAULT NULL,
  `created_by` int unsigned DEFAULT NULL,
  `modified` datetime DEFAULT NULL,
  `modified_by` int unsigned DEFAULT NULL,
  PRIMARY KEY (`id`),
  KEY `created_by` (`created_by`),
  KEY `modified_by` (`modified_by`),
  CONSTRAINT `units_ibfk_1` FOREIGN KEY (`created_by`) REFERENCES `cms_users` (`id`) ON DELETE SET NULL ON UPDATE CASCADE,
  CONSTRAINT `units_ibfk_2` FOREIGN KEY (`modified_by`) REFERENCES `cms_users` (`id`) ON DELETE SET NULL ON UPDATE CASCADE
) ENGINE=InnoDB AUTO_INCREMENT=5 DEFAULT CHARSET=utf8 ROW_FORMAT=DYNAMIC;
/*!40101 SET character_set_client = @saved_cs_client */;

--
-- Dumping data for table `units`
--

LOCK TABLES `units` WRITE;
/*!40000 ALTER TABLE `units` DISABLE KEYS */;
INSERT INTO `units` VALUES (1,'liter','liter',3,NULL,NULL,NULL,NULL),(2,'kg','kilogram',2,NULL,NULL,NULL,NULL),(3,'g','gram',1,NULL,NULL,NULL,NULL),(4,'piece','piece',4,NULL,NULL,NULL,NULL);
/*!40000 ALTER TABLE `units` ENABLE KEYS */;
UNLOCK TABLES;

--
-- Table structure for table `x_people_languages`
--

DROP TABLE IF EXISTS `x_people_languages`;
/*!40101 SET @saved_cs_client     = @@character_set_client */;
/*!40101 SET character_set_client = utf8 */;
CREATE TABLE `x_people_languages` (
  `people_id` int unsigned NOT NULL,
  `language_id` int unsigned NOT NULL,
  UNIQUE KEY `people_language_unique` (`people_id`,`language_id`),
  KEY `language_id` (`language_id`),
  CONSTRAINT `x_people_languages_ibfk_2` FOREIGN KEY (`language_id`) REFERENCES `languages` (`id`) ON DELETE CASCADE ON UPDATE CASCADE,
  CONSTRAINT `x_people_languages_ibfk_3` FOREIGN KEY (`people_id`) REFERENCES `people` (`id`) ON DELETE CASCADE ON UPDATE CASCADE
) ENGINE=InnoDB DEFAULT CHARSET=utf8 ROW_FORMAT=DYNAMIC;
/*!40101 SET character_set_client = @saved_cs_client */;

--
-- Dumping data for table `x_people_languages`
--

LOCK TABLES `x_people_languages` WRITE;
/*!40000 ALTER TABLE `x_people_languages` DISABLE KEYS */;
INSERT INTO `x_people_languages` VALUES (100000489,1),(100000490,1),(100000491,1),(100000492,1),(100000493,1),(100000496,1),(100000498,1),(100000499,1),(100000500,1),(100000501,1),(100000504,1),(100000506,1),(100000510,1),(100000514,1),(100000515,1),(100000520,1),(100000521,1),(100000522,1),(100000524,1),(100000525,1),(100000527,1),(100000528,1),(100000529,1),(100000530,1),(100000531,1),(100000533,1),(100000535,1),(100000536,1),(100000540,1),(100000541,1),(100000543,1),(100000547,1),(100000550,1),(100000555,1),(100000562,1),(100000571,1),(100000575,1),(100000576,1),(100000578,1),(100000580,1),(100000584,1),(100000786,1),(100000791,1),(100000793,1),(100000797,1),(100000800,1),(100000808,1),(100000809,1),(100000811,1),(100000814,1),(100000815,1),(100000819,1),(100000820,1),(100000823,1),(100000867,1),(100000868,1),(100000872,1),(100000873,1),(100000874,1),(100000876,1),(100000877,1),(100000878,1),(100000885,1),(100000889,1),(100000894,1),(100000895,1),(100000904,1),(100000493,2),(100000494,2),(100000496,2),(100000502,2),(100000503,2),(100000513,2),(100000515,2),(100000520,2),(100000521,2),(100000528,2),(100000532,2),(100000536,2),(100000540,2),(100000544,2),(100000545,2),(100000546,2),(100000552,2),(100000554,2),(100000557,2),(100000558,2),(100000559,2),(100000560,2),(100000562,2),(100000563,2),(100000564,2),(100000565,2),(100000567,2),(100000572,2),(100000573,2),(100000578,2),(100000583,2),(100000790,2),(100000797,2),(100000801,2),(100000803,2),(100000804,2),(100000806,2),(100000807,2),(100000810,2),(100000813,2),(100000815,2),(100000816,2),(100000822,2),(100000823,2),(100000825,2),(100000867,2),(100000869,2),(100000870,2),(100000878,2),(100000882,2),(100000884,2),(100000886,2),(100000887,2),(100000888,2),(100000891,2),(100000892,2),(100000898,2),(100000900,2),(100000902,2),(100000904,2),(100000486,3),(100000490,3),(100000492,3),(100000495,3),(100000499,3),(100000505,3),(100000506,3),(100000507,3),(100000508,3),(100000509,3),(100000512,3),(100000513,3),(100000514,3),(100000517,3),(100000518,3),(100000519,3),(100000526,3),(100000539,3),(100000544,3),(100000553,3),(100000556,3),(100000559,3),(100000561,3),(100000564,3),(100000566,3),(100000569,3),(100000574,3),(100000577,3),(100000582,3),(100000583,3),(100000585,3),(100000788,3),(100000792,3),(100000793,3),(100000794,3),(100000795,3),(100000798,3),(100000799,3),(100000801,3),(100000804,3),(100000805,3),(100000809,3),(100000812,3),(100000819,3),(100000821,3),(100000822,3),(100000868,3),(100000870,3),(100000873,3),(100000880,3),(100000881,3),(100000888,3),(100000889,3),(100000890,3),(100000893,3),(100000897,3),(100000899,3),(100000903,3),(100000487,4),(100000489,4),(100000497,4),(100000498,4),(100000500,4),(100000501,4),(100000505,4),(100000508,4),(100000510,4),(100000512,4),(100000516,4),(100000523,4),(100000525,4),(100000527,4),(100000532,4),(100000534,4),(100000537,4),(100000539,4),(100000542,4),(100000545,4),(100000546,4),(100000548,4),(100000549,4),(100000551,4),(100000555,4),(100000558,4),(100000566,4),(100000568,4),(100000575,4),(100000577,4),(100000580,4),(100000581,4),(100000582,4),(100000787,4),(100000791,4),(100000792,4),(100000795,4),(100000796,4),(100000798,4),(100000805,4),(100000808,4),(100000813,4),(100000814,4),(100000818,4),(100000825,4),(100000869,4),(100000871,4),(100000872,4),(100000875,4),(100000876,4),(100000877,4),(100000879,4),(100000880,4),(100000882,4),(100000883,4),(100000884,4),(100000885,4),(100000887,4),(100000892,4),(100000896,4),(100000898,4),(100000899,4),(100000900,4),(100000905,4),(100000486,5),(100000488,5),(100000491,5),(100000495,5),(100000503,5),(100000504,5),(100000511,5),(100000516,5),(100000523,5),(100000524,5),(100000526,5),(100000535,5),(100000537,5),(100000538,5),(100000542,5),(100000543,5),(100000547,5),(100000549,5),(100000550,5),(100000561,5),(100000563,5),(100000569,5),(100000570,5),(100000571,5),(100000572,5),(100000579,5),(100000581,5),(100000584,5),(100000585,5),(100000786,5),(100000787,5),(100000788,5),(100000789,5),(100000794,5),(100000799,5),(100000800,5),(100000802,5),(100000803,5),(100000806,5),(100000817,5),(100000818,5),(100000821,5),(100000824,5),(100000866,5),(100000874,5),(100000875,5),(100000879,5),(100000881,5),(100000886,5),(100000890,5),(100000893,5),(100000894,5),(100000895,5),(100000896,5),(100000897,5),(100000901,5),(100000902,5),(100000903,5),(100000905,5),(100000487,6),(100000488,6),(100000494,6),(100000497,6),(100000502,6),(100000507,6),(100000509,6),(100000511,6),(100000517,6),(100000518,6),(100000519,6),(100000522,6),(100000529,6),(100000530,6),(100000531,6),(100000533,6),(100000534,6),(100000538,6),(100000541,6),(100000548,6),(100000551,6),(100000552,6),(100000553,6),(100000554,6),(100000556,6),(100000557,6),(100000560,6),(100000565,6),(100000567,6),(100000568,6),(100000570,6),(100000573,6),(100000574,6),(100000576,6),(100000579,6),(100000789,6),(100000790,6),(100000796,6),(100000802,6),(100000807,6),(100000810,6),(100000811,6),(100000812,6),(100000816,6),(100000817,6),(100000820,6),(100000824,6),(100000866,6),(100000871,6),(100000883,6),(100000891,6),(100000901,6);
/*!40000 ALTER TABLE `x_people_languages` ENABLE KEYS */;
UNLOCK TABLES;
/*!40103 SET TIME_ZONE=@OLD_TIME_ZONE */;

/*!40101 SET SQL_MODE=@OLD_SQL_MODE */;
/*!40014 SET FOREIGN_KEY_CHECKS=@OLD_FOREIGN_KEY_CHECKS */;
/*!40014 SET UNIQUE_CHECKS=@OLD_UNIQUE_CHECKS */;
/*!40101 SET CHARACTER_SET_CLIENT=@OLD_CHARACTER_SET_CLIENT */;
/*!40101 SET CHARACTER_SET_RESULTS=@OLD_CHARACTER_SET_RESULTS */;
/*!40101 SET COLLATION_CONNECTION=@OLD_COLLATION_CONNECTION */;
/*!40111 SET SQL_NOTES=@OLD_SQL_NOTES */;

-- Dump completed on 2024-09-17 12:02:46
