-- MySQL dump 10.16  Distrib 10.1.48-MariaDB, for debian-linux-gnu (x86_64)
--
-- Host: 127.0.0.1    Database: dropapp_staging
-- ------------------------------------------------------
-- Server version	8.0.18-google

/*!40101 SET @OLD_CHARACTER_SET_CLIENT=@@CHARACTER_SET_CLIENT */;
/*!40101 SET @OLD_CHARACTER_SET_RESULTS=@@CHARACTER_SET_RESULTS */;
/*!40101 SET @OLD_COLLATION_CONNECTION=@@COLLATION_CONNECTION */;
/*!40101 SET NAMES utf8mb4 */;
/*!40103 SET @OLD_TIME_ZONE=@@TIME_ZONE */;
/*!40103 SET TIME_ZONE='+00:00' */;
/*!40014 SET @OLD_UNIQUE_CHECKS=@@UNIQUE_CHECKS, UNIQUE_CHECKS=0 */;
/*!40014 SET @OLD_FOREIGN_KEY_CHECKS=@@FOREIGN_KEY_CHECKS, FOREIGN_KEY_CHECKS=0 */;
/*!40101 SET @OLD_SQL_MODE=@@SQL_MODE, SQL_MODE='NO_AUTO_VALUE_ON_ZERO' */;
/*!40111 SET @OLD_SQL_NOTES=@@SQL_NOTES, SQL_NOTES=0 */;

--
-- Table structure for table `borrow_categories`
--

DROP TABLE IF EXISTS `borrow_categories`;
/*!40101 SET @saved_cs_client     = @@character_set_client */;
/*!40101 SET character_set_client = utf8 */;
CREATE TABLE `borrow_categories` (
  `id` int(11) unsigned NOT NULL AUTO_INCREMENT,
  `label` varchar(255) DEFAULT NULL,
  PRIMARY KEY (`id`)
) ENGINE=InnoDB DEFAULT CHARSET=utf8 ROW_FORMAT=DYNAMIC;
/*!40101 SET character_set_client = @saved_cs_client */;

--
-- Dumping data for table `borrow_categories`
--

LOCK TABLES `borrow_categories` WRITE;
/*!40000 ALTER TABLE `borrow_categories` DISABLE KEYS */;
/*!40000 ALTER TABLE `borrow_categories` ENABLE KEYS */;
UNLOCK TABLES;

--
-- Table structure for table `borrow_items`
--

DROP TABLE IF EXISTS `borrow_items`;
/*!40101 SET @saved_cs_client     = @@character_set_client */;
/*!40101 SET character_set_client = utf8 */;
CREATE TABLE `borrow_items` (
  `id` int(11) unsigned NOT NULL AUTO_INCREMENT,
  `label` varchar(255) DEFAULT NULL,
  `deleted` tinyint(4) NOT NULL DEFAULT '0',
  `category_id` int(11) unsigned DEFAULT NULL,
  `visible` tinyint(4) NOT NULL DEFAULT '0',
  `comment` text NOT NULL,
  `created` datetime DEFAULT NULL,
  `created_by` int(11) unsigned DEFAULT NULL,
  `modified` datetime DEFAULT NULL,
  `modified_by` int(11) unsigned DEFAULT NULL,
  `location_id` int(11) unsigned NOT NULL,
  PRIMARY KEY (`id`),
  KEY `category_id` (`category_id`),
  KEY `location_id` (`location_id`),
  KEY `created_by` (`created_by`),
  KEY `modified_by` (`modified_by`),
  CONSTRAINT `borrow_items_ibfk_3` FOREIGN KEY (`category_id`) REFERENCES `borrow_categories` (`id`) ON UPDATE CASCADE,
  CONSTRAINT `borrow_items_ibfk_4` FOREIGN KEY (`location_id`) REFERENCES `borrow_locations` (`id`) ON UPDATE CASCADE,
  CONSTRAINT `borrow_items_ibfk_5` FOREIGN KEY (`created_by`) REFERENCES `cms_users` (`id`) ON DELETE SET NULL ON UPDATE CASCADE,
  CONSTRAINT `borrow_items_ibfk_6` FOREIGN KEY (`modified_by`) REFERENCES `cms_users` (`id`) ON DELETE SET NULL ON UPDATE CASCADE
) ENGINE=InnoDB DEFAULT CHARSET=utf8 ROW_FORMAT=DYNAMIC;
/*!40101 SET character_set_client = @saved_cs_client */;

--
-- Dumping data for table `borrow_items`
--

LOCK TABLES `borrow_items` WRITE;
/*!40000 ALTER TABLE `borrow_items` DISABLE KEYS */;
/*!40000 ALTER TABLE `borrow_items` ENABLE KEYS */;
UNLOCK TABLES;

--
-- Table structure for table `borrow_locations`
--

DROP TABLE IF EXISTS `borrow_locations`;
/*!40101 SET @saved_cs_client     = @@character_set_client */;
/*!40101 SET character_set_client = utf8 */;
CREATE TABLE `borrow_locations` (
  `id` int(11) unsigned NOT NULL AUTO_INCREMENT,
  `camp_id` int(11) unsigned NOT NULL,
  `location` varchar(255) DEFAULT NULL,
  PRIMARY KEY (`id`),
  KEY `camp_id` (`camp_id`),
  CONSTRAINT `borrow_locations_ibfk_1` FOREIGN KEY (`camp_id`) REFERENCES `camps` (`id`) ON UPDATE CASCADE
) ENGINE=InnoDB DEFAULT CHARSET=utf8 ROW_FORMAT=DYNAMIC;
/*!40101 SET character_set_client = @saved_cs_client */;

--
-- Dumping data for table `borrow_locations`
--

LOCK TABLES `borrow_locations` WRITE;
/*!40000 ALTER TABLE `borrow_locations` DISABLE KEYS */;
/*!40000 ALTER TABLE `borrow_locations` ENABLE KEYS */;
UNLOCK TABLES;

--
-- Table structure for table `borrow_transactions`
--

DROP TABLE IF EXISTS `borrow_transactions`;
/*!40101 SET @saved_cs_client     = @@character_set_client */;
/*!40101 SET character_set_client = utf8 */;
CREATE TABLE `borrow_transactions` (
  `id` int(11) unsigned NOT NULL AUTO_INCREMENT,
  `transaction_date` datetime DEFAULT NULL,
  `bicycle_id` int(11) unsigned NOT NULL,
  `people_id` int(11) unsigned DEFAULT NULL,
  `status` varchar(5) DEFAULT NULL,
  `created` datetime DEFAULT NULL,
  `created_by` int(11) unsigned DEFAULT NULL,
  `modified` datetime DEFAULT NULL,
  `modified_by` int(11) unsigned DEFAULT NULL,
  `lights` tinyint(4) NOT NULL DEFAULT '0',
  `helmet` tinyint(4) NOT NULL DEFAULT '0',
  `location_id` int(11) unsigned DEFAULT NULL,
  PRIMARY KEY (`id`),
  KEY `location_id` (`location_id`),
  KEY `bicycle_id` (`bicycle_id`),
  KEY `created_by` (`created_by`),
  KEY `modified_by` (`modified_by`),
  KEY `people_id` (`people_id`),
  CONSTRAINT `borrow_transactions_ibfk_3` FOREIGN KEY (`location_id`) REFERENCES `borrow_locations` (`id`) ON UPDATE CASCADE,
  CONSTRAINT `borrow_transactions_ibfk_4` FOREIGN KEY (`bicycle_id`) REFERENCES `borrow_items` (`id`) ON UPDATE CASCADE,
  CONSTRAINT `borrow_transactions_ibfk_6` FOREIGN KEY (`created_by`) REFERENCES `cms_users` (`id`) ON DELETE SET NULL ON UPDATE CASCADE,
  CONSTRAINT `borrow_transactions_ibfk_7` FOREIGN KEY (`modified_by`) REFERENCES `cms_users` (`id`) ON DELETE SET NULL ON UPDATE CASCADE,
  CONSTRAINT `borrow_transactions_ibfk_8` FOREIGN KEY (`people_id`) REFERENCES `people` (`id`) ON DELETE SET NULL ON UPDATE CASCADE
) ENGINE=InnoDB DEFAULT CHARSET=utf8 ROW_FORMAT=DYNAMIC;
/*!40101 SET character_set_client = @saved_cs_client */;

--
-- Dumping data for table `borrow_transactions`
--

LOCK TABLES `borrow_transactions` WRITE;
/*!40000 ALTER TABLE `borrow_transactions` DISABLE KEYS */;
/*!40000 ALTER TABLE `borrow_transactions` ENABLE KEYS */;
UNLOCK TABLES;

--
-- Table structure for table `box_state`
--

DROP TABLE IF EXISTS `box_state`;
/*!40101 SET @saved_cs_client     = @@character_set_client */;
/*!40101 SET character_set_client = utf8 */;
CREATE TABLE `box_state` (
  `id` int(11) unsigned NOT NULL AUTO_INCREMENT,
  `label` varchar(20) NOT NULL,
  PRIMARY KEY (`id`),
  UNIQUE KEY `label` (`label`)
) ENGINE=InnoDB AUTO_INCREMENT=7 DEFAULT CHARSET=utf8;
/*!40101 SET character_set_client = @saved_cs_client */;

--
-- Dumping data for table `box_state`
--

LOCK TABLES `box_state` WRITE;
/*!40000 ALTER TABLE `box_state` DISABLE KEYS */;
INSERT INTO `box_state` VALUES (5,'Donated'),(1,'Instock'),(2,'Lost'),(3,'MarkedForShipment'),(4,'Receiving'),(6,'Scrap'),(7,'InTransit'),(8,'NotDelivered');
/*!40000 ALTER TABLE `box_state` ENABLE KEYS */;
UNLOCK TABLES;

--
-- Table structure for table `camps`
--

DROP TABLE IF EXISTS `camps`;
/*!40101 SET @saved_cs_client     = @@character_set_client */;
/*!40101 SET character_set_client = utf8 */;
CREATE TABLE `camps` (
  `id` int(11) unsigned NOT NULL AUTO_INCREMENT,
  `idcard` tinyint(4) NOT NULL DEFAULT '0',
  `laundry` tinyint(4) NOT NULL DEFAULT '0',
  `laundry_cyclestart` date DEFAULT '2019-01-01',
  `market` tinyint(4) NOT NULL DEFAULT '1',
  `maxfooddrops_adult` int(11) DEFAULT '25',
  `maxfooddrops_child` int(11) DEFAULT '25',
  `modified` datetime DEFAULT NULL,
  `modified_by` int(11) unsigned DEFAULT NULL,
  `name` varchar(255) DEFAULT NULL,
  `organisation_id` int(11) unsigned NOT NULL,
  `schedulebreak` varchar(255) NOT NULL DEFAULT '1',
  `schedulebreakduration` varchar(255) NOT NULL DEFAULT '1',
  `schedulebreakstart` varchar(255) NOT NULL DEFAULT '13:00',
  `schedulestart` varchar(255) NOT NULL DEFAULT '11:00',
  `schedulestop` varchar(255) NOT NULL DEFAULT '17:00',
  `scheduletimeslot` varchar(255) NOT NULL DEFAULT '0.5',
  `seq` int(11) NOT NULL,
  `workshop` tinyint(4) NOT NULL DEFAULT '0',
  `adult_age` int(11) NOT NULL DEFAULT '15',
  `bicycle` tinyint(4) NOT NULL DEFAULT '0',
  `bicycle_closingtime` varchar(255) DEFAULT '17:30',
  `bicycle_closingtime_saturday` varchar(255) DEFAULT '16:30',
  `bicyclerenttime` int(11) NOT NULL DEFAULT '120',
  `created` datetime DEFAULT NULL,
  `created_by` int(11) unsigned DEFAULT NULL,
  `currencyname` varchar(255) NOT NULL DEFAULT 'Tokens',
  `cyclestart` datetime DEFAULT '2019-01-01 00:00:00',
  `daystokeepdeletedpersons` int(11) DEFAULT '9999',
  `delete_inactive_users` int(11) NOT NULL DEFAULT '30',
  `deleted` datetime DEFAULT NULL,
  `dropcapadult` int(11) NOT NULL DEFAULT '99999',
  `dropcapchild` int(11) NOT NULL DEFAULT '99999',
  `dropsperadult` varchar(255) NOT NULL DEFAULT '100',
  `dropsperchild` varchar(255) NOT NULL DEFAULT '100',
  `extraportion` tinyint(4) DEFAULT '0',
  `familyidentifier` varchar(255) NOT NULL DEFAULT 'Container',
  `food` tinyint(4) NOT NULL DEFAULT '0',
  `resettokens` tinyint(1) DEFAULT '0',
  `beneficiaryisregistered` tinyint(1) NOT NULL DEFAULT '1',
  `beneficiaryisvolunteer` tinyint(1) NOT NULL DEFAULT '1',
  `separateshopandwhproducts` tinyint(1) NOT NULL DEFAULT '0',
  PRIMARY KEY (`id`),
  KEY `organisation_id` (`organisation_id`),
  KEY `created_by` (`created_by`),
  KEY `modified_by` (`modified_by`),
  CONSTRAINT `camps_ibfk_1` FOREIGN KEY (`organisation_id`) REFERENCES `organisations` (`id`) ON UPDATE CASCADE,
  CONSTRAINT `camps_ibfk_2` FOREIGN KEY (`created_by`) REFERENCES `cms_users` (`id`) ON DELETE SET NULL ON UPDATE CASCADE,
  CONSTRAINT `camps_ibfk_3` FOREIGN KEY (`modified_by`) REFERENCES `cms_users` (`id`) ON DELETE SET NULL ON UPDATE CASCADE
) ENGINE=InnoDB AUTO_INCREMENT=100000002 DEFAULT CHARSET=utf8 ROW_FORMAT=DYNAMIC;
/*!40101 SET character_set_client = @saved_cs_client */;

--
-- Dumping data for table `camps`
--

LOCK TABLES `camps` WRITE;
/*!40000 ALTER TABLE `camps` DISABLE KEYS */;
INSERT INTO `camps` VALUES (1,0,0,'2019-01-01',1,25,25,NULL,NULL,'Lesvos',1,'0','1','2019-08-27 13:00:00','2019-08-27 11:00:00','2019-08-27 17:00:00','0.5',1,0,15,0,'17:30','16:30',120,NULL,NULL,'Tokens','2019-01-01 00:00:00',9999,8,NULL,99999,99999,'100','100',0,'Refugee / Case ID',0,0,1,1,0),(2,0,0,'2019-01-01',0,25,25,NULL,NULL,'Thessaloniki',2,'0','1','13:00','9:00','15:00','0.25',2,0,15,0,'17:30','16:30',120,NULL,NULL,'points','2019-11-05 09:13:11',9999,9999,NULL,99999,99999,'100','50',0,'Family ID',0,1,1,1,0),(3,0,0,'2019-01-01',1,25,25,NULL,NULL,'Samos',2,'0','1.5','2019-10-14 13:30:00','2019-10-14 10:30:00','2019-10-14 17:00:00','0.5',4,0,0,0,'17:30','16:30',120,NULL,NULL,'Tokens','2019-01-06 22:18:10',60,9999,NULL,500,300,'150','130',1,'Household',0,0,1,1,0),(4,0,0,'2019-01-01',0,25,25,NULL,NULL,'Athens',2,'0','1','13:00','9:00','15:00','0.25',5,0,15,0,'17:30','16:30',120,NULL,NULL,'points','2019-11-05 09:13:11',9999,9999,NULL,99999,99999,'100','50',0,'Family ID',0,1,1,1,0),(100000000,1,0,'2019-01-01',1,25,25,'2019-09-05 13:48:34',1,'TestBase',100000000,'1','1','2019-09-05 13:00:00','2019-09-05 11:00:00','2019-09-05 17:00:00','0.5',3,0,15,0,'2019-09-05 17:30:00','2019-09-05 16:30:00',120,'2019-07-10 08:06:22',1,'Tokens','2019-01-01 00:00:00',9999,99999,NULL,99999,99999,'100','100',0,'Refugee ID',0,0,1,1,0),(100000001,1,0,'2019-01-01',1,25,25,'2019-09-05 13:48:34',1,'DummyTestBaseWithBoxes',100000001,'1','1','2019-09-05 13:00:00','2019-09-05 11:00:00','2019-09-05 17:00:00','0.5',3,0,15,0,'2019-09-05 17:30:00','2019-09-05 16:30:00',120,'2019-07-10 08:06:22',1,'Tokens','2019-01-01 00:00:00',9999,30,NULL,99999,99999,'100','100',0,'Refugee ID',0,0,1,1,0);
/*!40000 ALTER TABLE `camps` ENABLE KEYS */;
UNLOCK TABLES;

--
-- Table structure for table `cms_functions`
--

DROP TABLE IF EXISTS `cms_functions`;
/*!40101 SET @saved_cs_client     = @@character_set_client */;
/*!40101 SET character_set_client = utf8 */;
CREATE TABLE `cms_functions` (
  `id` int(11) unsigned NOT NULL AUTO_INCREMENT,
  `parent_id` int(11) unsigned DEFAULT NULL,
  `title_en` varchar(255) NOT NULL DEFAULT '',
  `include` varchar(255) NOT NULL DEFAULT '',
  `seq` int(11) NOT NULL DEFAULT '0',
  `created` datetime DEFAULT NULL,
  `created_by` int(11) unsigned DEFAULT NULL,
  `modified` datetime DEFAULT NULL,
  `modified_by` int(11) unsigned DEFAULT NULL,
  `alert` int(11) NOT NULL DEFAULT '0',
  `adminonly` tinyint(4) NOT NULL DEFAULT '0',
  `visible` tinyint(4) NOT NULL,
  `allusers` tinyint(4) NOT NULL DEFAULT '0',
  `allcamps` tinyint(4) NOT NULL DEFAULT '0',
  `action_permissions` varchar(255) DEFAULT NULL,
  PRIMARY KEY (`id`),
  KEY `parent_id` (`parent_id`),
  KEY `created_by` (`created_by`),
  KEY `modified_by` (`modified_by`),
  CONSTRAINT `cms_functions_ibfk_3` FOREIGN KEY (`parent_id`) REFERENCES `cms_functions` (`id`) ON DELETE SET NULL ON UPDATE CASCADE,
  CONSTRAINT `cms_functions_ibfk_4` FOREIGN KEY (`created_by`) REFERENCES `cms_users` (`id`) ON DELETE SET NULL ON UPDATE CASCADE,
  CONSTRAINT `cms_functions_ibfk_5` FOREIGN KEY (`modified_by`) REFERENCES `cms_users` (`id`) ON DELETE SET NULL ON UPDATE CASCADE
) ENGINE=InnoDB AUTO_INCREMENT=163 DEFAULT CHARSET=utf8 ROW_FORMAT=DYNAMIC;
/*!40101 SET character_set_client = @saved_cs_client */;

--
-- Dumping data for table `cms_functions`
--

LOCK TABLES `cms_functions` WRITE;
/*!40000 ALTER TABLE `cms_functions` DISABLE KEYS */;
INSERT INTO `cms_functions` VALUES (35,NULL,'Free Shop','',3,NULL,NULL,NULL,NULL,0,0,1,0,0,NULL),(42,NULL,'Admin','',8,NULL,NULL,NULL,NULL,0,0,1,0,0,NULL),(43,42,'Manage Users','cms_users',20,NULL,NULL,NULL,NULL,0,0,1,0,1,'manage_volunteers,manage_coordinators,manage_admins'),(44,155,'Settings','cms_settings',25,NULL,NULL,NULL,NULL,0,1,1,0,1,'be_god'),(45,155,'Texts','cms_translate',26,NULL,NULL,NULL,NULL,0,1,1,0,1,'be_god'),(50,155,'Manage menu functions','cms_functions',24,NULL,NULL,NULL,NULL,0,1,1,0,1,'be_god'),(67,42,'Manage products','products',18,NULL,NULL,NULL,NULL,0,0,1,0,0,'manage_products'),(87,35,'Checkout','check_out',7,NULL,NULL,NULL,NULL,0,0,1,0,0,'checkout_beneficiaries'),(90,99,'Manage boxes','stock',2,NULL,NULL,NULL,NULL,0,0,1,0,0,'manage_inventory'),(92,35,'Give tokens <span>to</span> all','give2all',10,NULL,NULL,NULL,NULL,0,0,1,0,0,'manage_tokens'),(96,128,'Sales reports','sales_list',16,NULL,NULL,NULL,NULL,0,0,1,0,0,'list_sales'),(99,NULL,'Inventory','',1,NULL,NULL,NULL,NULL,0,0,1,0,0,NULL),(102,128,'Fancy graphs (<span>beta</span>)','fancygraphs',17,NULL,NULL,NULL,NULL,0,0,1,0,0,'view_beneficiary_graph'),(110,35,'Stockroom','container-stock',8,NULL,NULL,NULL,NULL,0,0,1,0,0,'view_stockroom'),(111,35,'Generate market schedule','market_schedule',9,NULL,NULL,NULL,NULL,0,0,1,0,0,'generate_market_schedule'),(112,99,'Print box labels','qr',1,NULL,NULL,NULL,NULL,0,0,1,0,0,'create_label'),(113,NULL,'Actions','',7,NULL,NULL,NULL,NULL,0,0,1,0,0,NULL),(115,42,'Edit Warehouses','locations',19,NULL,NULL,NULL,NULL,0,0,1,0,0,'manage_warehouses'),(116,110,'Containers List','printed_list_containers',2,NULL,NULL,NULL,NULL,0,0,1,1,0,'view_stockroom'),(118,161,'Manage beneficiaries','people',5,NULL,NULL,NULL,NULL,0,0,1,0,0,'manage_beneficiaries'),(121,NULL,'Hidden menu items','',10,NULL,NULL,NULL,NULL,0,0,0,1,0,NULL),(123,121,'Start page','start',27,NULL,NULL,NULL,NULL,0,0,0,1,0,'view_start_page'),(124,92,'Give tokens <span>to</span> selected families','give',3,NULL,NULL,NULL,NULL,0,0,1,1,0,'be_god'),(125,121,'User profile','cms_profile',28,NULL,NULL,NULL,NULL,0,0,0,1,0,'be_user'),(126,121,'Exit login as','exitloginas',29,NULL,NULL,NULL,NULL,0,0,0,1,0,NULL),(127,96,'Sales List Download','sales_list_download',9,NULL,NULL,NULL,NULL,0,0,1,1,0,'list_sales'),(128,NULL,'Insight','',6,NULL,NULL,NULL,NULL,0,0,1,0,0,NULL),(130,35,'Lists','food_lists',11,NULL,NULL,NULL,NULL,0,0,1,0,0,NULL),(131,NULL,'Services','',4,NULL,NULL,NULL,NULL,0,0,1,0,0,NULL),(132,131,'Bicycles / Sport','borrow',13,NULL,NULL,NULL,NULL,0,0,1,0,0,NULL),(140,132,'Borrow edit','borrowedititem',6,NULL,NULL,NULL,NULL,0,0,1,1,0,NULL),(144,132,'Borrow history ','borrowhistory',7,NULL,NULL,NULL,NULL,0,0,1,1,0,NULL),(145,148,'Library titles (<span>beta</span>)','library_inventory',14,NULL,NULL,NULL,NULL,0,0,1,0,0,'manage_books'),(146,148,'Lent out (<span>beta</span>)','library',15,NULL,NULL,NULL,NULL,0,0,1,0,0,'lend_books'),(147,146,'Library history','libraryhistory',8,NULL,NULL,NULL,NULL,0,0,1,1,0,'lend_books'),(148,NULL,'Library','',5,NULL,NULL,NULL,NULL,0,0,1,0,0,NULL),(149,131,'Laundry','laundry',12,NULL,NULL,NULL,NULL,0,0,1,0,0,NULL),(150,118,'All Residents export','people_export',1,NULL,NULL,NULL,NULL,0,0,1,1,0,'manage_beneficiaries'),(151,149,'Laundry No show','laundry_noshow',4,NULL,NULL,NULL,NULL,0,0,1,1,0,NULL),(152,149,'Laundry start new cycle','laundry_startcycle',5,NULL,NULL,NULL,NULL,0,0,1,1,0,NULL),(154,155,'Organisations','organisations',23,NULL,NULL,NULL,NULL,0,1,1,0,1,'manage_organizations,be_god'),(155,NULL,'Boxtribute Gods','',9,NULL,NULL,NULL,NULL,0,1,1,0,0,NULL),(156,42,'User groups','cms_usergroups',21,NULL,NULL,NULL,NULL,0,0,1,0,1,'be_god'),(157,155,'Bases','camps',22,NULL,NULL,NULL,NULL,0,1,1,0,1,'manage_base,be_god'),(158,161,'Add beneficiary','people_add',4,NULL,NULL,NULL,NULL,0,0,1,0,0,'create_beneficiaries'),(160,99,'Stock Overview (<span>beta</span>)','stock_overview',3,NULL,NULL,NULL,NULL,0,0,1,0,0,'view_inventory'),(161,NULL,'Beneficiaries','',2,NULL,NULL,NULL,NULL,0,0,1,0,0,NULL),(162,42,'Manage tags','tags',6,NULL,NULL,NULL,NULL,0,0,1,0,0,'manage_tags');
/*!40000 ALTER TABLE `cms_functions` ENABLE KEYS */;
UNLOCK TABLES;

--
-- Table structure for table `cms_functions_camps`
--

DROP TABLE IF EXISTS `cms_functions_camps`;
/*!40101 SET @saved_cs_client     = @@character_set_client */;
/*!40101 SET character_set_client = utf8 */;
CREATE TABLE `cms_functions_camps` (
  `cms_functions_id` int(11) unsigned NOT NULL,
  `camps_id` int(11) unsigned NOT NULL,
  UNIQUE KEY `functions_camps_unique` (`cms_functions_id`,`camps_id`),
  KEY `cms_functions_id` (`cms_functions_id`),
  KEY `camps_id` (`camps_id`),
  CONSTRAINT `cms_functions_camps_ibfk_2` FOREIGN KEY (`camps_id`) REFERENCES `camps` (`id`) ON DELETE CASCADE ON UPDATE CASCADE,
  CONSTRAINT `cms_functions_camps_ibfk_3` FOREIGN KEY (`cms_functions_id`) REFERENCES `cms_functions` (`id`) ON DELETE CASCADE ON UPDATE CASCADE
) ENGINE=InnoDB DEFAULT CHARSET=utf8 ROW_FORMAT=DYNAMIC;
/*!40101 SET character_set_client = @saved_cs_client */;

--
-- Dumping data for table `cms_functions_camps`
--

LOCK TABLES `cms_functions_camps` WRITE;
/*!40000 ALTER TABLE `cms_functions_camps` DISABLE KEYS */;
INSERT INTO `cms_functions_camps` VALUES (43,1),(43,2),(43,3),(43,4),(43,100000000),(43,100000001),(67,1),(67,2),(67,3),(67,4),(67,100000000),(67,100000001),(87,1),(87,2),(87,3),(87,4),(87,100000000),(87,100000001),(90,1),(90,2),(90,3),(90,4),(90,100000000),(90,100000001),(92,1),(92,2),(92,3),(92,4),(92,100000000),(92,100000001),(96,1),(96,2),(96,3),(96,4),(96,100000000),(96,100000001),(102,1),(102,2),(102,3),(102,4),(102,100000000),(102,100000001),(110,1),(110,2),(110,3),(110,4),(110,100000000),(110,100000001),(111,1),(111,3),(111,100000000),(112,1),(112,2),(112,3),(112,4),(112,100000000),(112,100000001),(115,1),(115,2),(115,3),(115,4),(115,100000000),(115,100000001),(118,1),(118,2),(118,3),(118,4),(118,100000000),(118,100000001),(123,1),(123,2),(123,3),(123,4),(123,100000000),(123,100000001),(125,1),(125,2),(125,3),(125,4),(125,100000000),(125,100000001),(130,1),(130,3),(145,1),(146,1),(158,1),(158,2),(158,3),(158,4),(158,100000000),(158,100000001),(160,1),(160,2),(160,3),(160,4),(160,100000000),(160,100000001),(162,1),(162,2),(162,3),(162,4),(162,100000000),(162,100000001);
/*!40000 ALTER TABLE `cms_functions_camps` ENABLE KEYS */;
UNLOCK TABLES;

--
-- Table structure for table `cms_settings`
--

DROP TABLE IF EXISTS `cms_settings`;
/*!40101 SET @saved_cs_client     = @@character_set_client */;
/*!40101 SET character_set_client = utf8 */;
CREATE TABLE `cms_settings` (
  `id` int(11) unsigned NOT NULL AUTO_INCREMENT,
  `category_id` int(11) unsigned NOT NULL,
  `type` varchar(20) DEFAULT NULL,
  `code` varchar(255) NOT NULL,
  `description` varchar(255) DEFAULT NULL,
  `options` varchar(255) DEFAULT NULL,
  `value` text,
  `hidden` tinyint(4) NOT NULL DEFAULT '0',
  `created` datetime DEFAULT NULL,
  `created_by` int(11) unsigned DEFAULT NULL,
  `modified` datetime DEFAULT NULL,
  `modified_by` int(11) unsigned DEFAULT NULL,
  PRIMARY KEY (`id`),
  UNIQUE KEY `code` (`code`),
  KEY `created_by` (`created_by`),
  KEY `modified_by` (`modified_by`),
  CONSTRAINT `cms_settings_ibfk_1` FOREIGN KEY (`created_by`) REFERENCES `cms_users` (`id`) ON DELETE SET NULL ON UPDATE CASCADE,
  CONSTRAINT `cms_settings_ibfk_2` FOREIGN KEY (`modified_by`) REFERENCES `cms_users` (`id`) ON DELETE SET NULL ON UPDATE CASCADE
) ENGINE=InnoDB AUTO_INCREMENT=139 DEFAULT CHARSET=utf8 ROW_FORMAT=DYNAMIC;
/*!40101 SET character_set_client = @saved_cs_client */;

--
-- Dumping data for table `cms_settings`
--

LOCK TABLES `cms_settings` WRITE;
/*!40000 ALTER TABLE `cms_settings` DISABLE KEYS */;
INSERT INTO `cms_settings` VALUES (83,1,'select','cms_language','Language used for CMS interface','en=English','en',1,NULL,NULL,NULL,NULL),(86,1,'text','mail_sender','Sender address for e-mails sent by Boxtribute','','hello@boxtribute.org',1,NULL,NULL,NULL,NULL),(87,1,'text','mail_sender_name','Sender name for e-mails sent by Boxtribute','','Boxtribute',1,NULL,NULL,NULL,NULL),(92,1,'text','apple-mobile-web-app-title','Title for Apple Mobile Web App','','Boxtribute',1,NULL,NULL,NULL,NULL),(137,1,'text','dailyroutine','Last date the daily routine did run','','2019-06-26',1,NULL,NULL,NULL,NULL),(138,1,'text','installed','Date and time of installation and first run','','2016-23-11 9:00:00',1,NULL,NULL,NULL,NULL);
/*!40000 ALTER TABLE `cms_settings` ENABLE KEYS */;
UNLOCK TABLES;

--
-- Table structure for table `cms_usergroups`
--

DROP TABLE IF EXISTS `cms_usergroups`;
/*!40101 SET @saved_cs_client     = @@character_set_client */;
/*!40101 SET character_set_client = utf8 */;
CREATE TABLE `cms_usergroups` (
  `id` int(11) unsigned NOT NULL AUTO_INCREMENT,
  `label` varchar(255) NOT NULL,
  `created` datetime DEFAULT NULL,
  `created_by` int(11) unsigned DEFAULT NULL,
  `modified` datetime DEFAULT NULL,
  `modified_by` int(11) unsigned DEFAULT NULL,
  `organisation_id` int(11) unsigned NOT NULL,
  `userlevel` int(11) unsigned NOT NULL,
  `allow_laundry_startcycle` tinyint(4) NOT NULL DEFAULT '0',
  `allow_laundry_block` tinyint(4) NOT NULL DEFAULT '0',
  `allow_borrow_adddelete` tinyint(4) NOT NULL,
  `deleted` datetime DEFAULT NULL,
  PRIMARY KEY (`id`),
  KEY `organisation_id` (`organisation_id`),
  KEY `userlevel` (`userlevel`),
  KEY `created_by` (`created_by`),
  KEY `modified_by` (`modified_by`),
  CONSTRAINT `cms_usergroups_ibfk_1` FOREIGN KEY (`organisation_id`) REFERENCES `organisations` (`id`) ON UPDATE CASCADE,
  CONSTRAINT `cms_usergroups_ibfk_2` FOREIGN KEY (`userlevel`) REFERENCES `cms_usergroups_levels` (`id`) ON UPDATE CASCADE,
  CONSTRAINT `cms_usergroups_ibfk_3` FOREIGN KEY (`created_by`) REFERENCES `cms_users` (`id`) ON DELETE SET NULL ON UPDATE CASCADE,
  CONSTRAINT `cms_usergroups_ibfk_4` FOREIGN KEY (`modified_by`) REFERENCES `cms_users` (`id`) ON DELETE SET NULL ON UPDATE CASCADE
) ENGINE=InnoDB AUTO_INCREMENT=100004258 DEFAULT CHARSET=utf8 ROW_FORMAT=DYNAMIC;
/*!40101 SET character_set_client = @saved_cs_client */;

--
-- Dumping data for table `cms_usergroups`
--

LOCK TABLES `cms_usergroups` WRITE;
/*!40000 ALTER TABLE `cms_usergroups` DISABLE KEYS */;
INSERT INTO `cms_usergroups` VALUES (1,'Head of Operations',NULL,NULL,NULL,NULL,1,1,0,0,0,NULL),(2,'Base Lesvos - Coordinator',NULL,NULL,NULL,NULL,1,2,0,0,0,NULL),(3,'Base Lesvos - Volunteer (Warehouse)',NULL,NULL,NULL,NULL,1,3,0,0,0,NULL),(4,'Base Lesvos - Volunteer (Free Shop)',NULL,NULL,NULL,NULL,1,3,0,0,0,NULL),(5,'Base Lesvos - Volunteer (Library)',NULL,NULL,NULL,NULL,1,3,0,0,0,NULL),(6,'Base Lesvos - Volunteer',NULL,NULL,NULL,NULL,1,3,0,0,0,NULL),(10,'Head of Operations',NULL,NULL,NULL,NULL,2,1,0,0,0,NULL),(11,'Base Thessaloniki - Coordinator',NULL,NULL,NULL,NULL,2,2,0,0,0,NULL),(12,'Base Samos - Coordinator',NULL,NULL,NULL,NULL,2,2,0,0,0,NULL),(13,'Base Thessaloniki - Volunteer',NULL,NULL,NULL,NULL,2,3,0,0,0,NULL),(14,'Base Samos - Volunteer',NULL,NULL,NULL,NULL,2,3,0,0,0,NULL),(15,'Coordinator',NULL,NULL,NULL,NULL,2,2,0,0,0,NULL),(16,'Volunteer',NULL,NULL,NULL,NULL,2,3,0,0,0,NULL),(17,'Base Athens - Coordinator',NULL,NULL,NULL,NULL,2,2,0,0,0,NULL),(18,'Base Athens - Volunteer',NULL,NULL,NULL,NULL,2,3,0,0,0,NULL),(19,'Base Athens - Volunteer (Warehouse)',NULL,NULL,NULL,NULL,2,2,0,0,0,NULL),(20,'Base Athens - Volunteer (Free Shop)',NULL,NULL,NULL,NULL,2,2,0,0,0,NULL),(21,'Base Athens - Label Creation',NULL,NULL,NULL,NULL,2,2,0,0,0,NULL),(100000000,'Base TestBase - Volunteer','2019-07-10 08:06:53',1,NULL,NULL,100000000,3,0,0,0,NULL),(100000001,'Base TestBase - Coordinator','2019-07-10 08:07:15',1,NULL,NULL,100000000,2,0,0,0,NULL),(100000002,'Head of Operations','2019-07-10 08:07:44',1,NULL,NULL,100000000,1,0,0,0,NULL),(100000003,'TestUserGroup_NoPermissions','2019-07-10 08:06:53',1,NULL,NULL,100000000,3,0,0,0,NULL),(100000196,'Base Lesvos - Label Creation','2023-02-09 14:54:50',1,NULL,NULL,1,3,0,0,0,NULL),(100000197,'Base Samos - Volunteer (Warehouse)','2023-02-09 14:55:28',1,NULL,NULL,2,3,0,0,0,NULL),(100000198,'Base Samos - Volunteer (Free Shop)','2023-02-09 14:55:28',1,NULL,NULL,2,3,0,0,0,NULL),(100000199,'Base Samos - Label Creation','2023-02-09 14:55:28',1,NULL,NULL,2,3,0,0,0,NULL),(100000200,'Base Thessaloniki - Volunteer (Warehouse)','2023-02-09 14:55:48',1,NULL,NULL,2,3,0,0,0,NULL),(100000201,'Base Thessaloniki - Volunteer (Free Shop)','2023-02-09 14:55:48',1,NULL,NULL,2,3,0,0,0,NULL),(100000202,'Base Thessaloniki - Label Creation','2023-02-09 14:55:48',1,NULL,NULL,2,3,0,0,0,NULL),(100000203,'Base TestBase - Volunteer (Warehouse)','2023-02-09 14:56:07',1,NULL,NULL,100000000,3,0,0,0,NULL),(100000204,'Base TestBase - Volunteer (Free Shop)','2023-02-09 14:56:07',1,NULL,NULL,100000000,3,0,0,0,NULL),(100000205,'Base TestBase - Label Creation','2023-02-09 14:56:07',1,NULL,NULL,100000000,3,0,0,0,NULL),(100000206,'Head of Operations','2023-02-09 14:56:25',1,NULL,NULL,100000001,1,0,0,0,NULL),(100000207,'Base DummyTestBaseWithBoxes - Coordinator','2023-02-09 14:56:25',1,NULL,NULL,100000001,2,0,0,0,NULL),(100000208,'Base DummyTestBaseWithBoxes - Volunteer','2023-02-09 14:56:25',1,NULL,NULL,100000001,3,0,0,0,NULL),(100000209,'Base DummyTestBaseWithBoxes - Volunteer (Warehouse)','2023-02-09 14:56:25',1,NULL,NULL,100000001,3,0,0,0,NULL),(100000210,'Base DummyTestBaseWithBoxes - Volunteer (Free Shop)','2023-02-09 14:56:25',1,NULL,NULL,100000001,3,0,0,0,NULL),(100000211,'Base DummyTestBaseWithBoxes - Label Creation','2023-02-09 14:56:25',1,NULL,NULL,100000001,3,0,0,0,NULL);
/*!40000 ALTER TABLE `cms_usergroups` ENABLE KEYS */;
UNLOCK TABLES;

--
-- Table structure for table `cms_usergroups_camps`
--

DROP TABLE IF EXISTS `cms_usergroups_camps`;
/*!40101 SET @saved_cs_client     = @@character_set_client */;
/*!40101 SET character_set_client = utf8 */;
CREATE TABLE `cms_usergroups_camps` (
  `camp_id` int(11) unsigned NOT NULL,
  `cms_usergroups_id` int(11) unsigned NOT NULL,
  UNIQUE KEY `usergroups_camps_unique` (`camp_id`,`cms_usergroups_id`),
  KEY `cms_usergroups_id` (`cms_usergroups_id`),
  KEY `camp_id` (`camp_id`),
  CONSTRAINT `cms_usergroups_camps_ibfk_1` FOREIGN KEY (`cms_usergroups_id`) REFERENCES `cms_usergroups` (`id`) ON DELETE CASCADE ON UPDATE CASCADE,
  CONSTRAINT `cms_usergroups_camps_ibfk_2` FOREIGN KEY (`camp_id`) REFERENCES `camps` (`id`) ON DELETE CASCADE ON UPDATE CASCADE
) ENGINE=InnoDB DEFAULT CHARSET=utf8 ROW_FORMAT=DYNAMIC;
/*!40101 SET character_set_client = @saved_cs_client */;

--
-- Dumping data for table `cms_usergroups_camps`
--

LOCK TABLES `cms_usergroups_camps` WRITE;
/*!40000 ALTER TABLE `cms_usergroups_camps` DISABLE KEYS */;
INSERT INTO `cms_usergroups_camps` VALUES (1,1),(1,2),(1,3),(1,4),(1,5),(1,6),(2,10),(3,10),(4,10),(2,11),(3,12),(2,13),(3,14),(2,15),(3,15),(2,16),(3,16),(4,17),(4,18),(4,19),(4,20),(4,21),(100000000,100000000),(100000000,100000001),(100000000,100000002),(100000000,100000003),(1,100000196),(3,100000197),(3,100000198),(3,100000199),(2,100000200),(2,100000201),(2,100000202),(100000000,100000203),(100000000,100000204),(100000000,100000205),(100000001,100000206),(100000001,100000207),(100000001,100000208),(100000001,100000209),(100000001,100000210),(100000001,100000211);
/*!40000 ALTER TABLE `cms_usergroups_camps` ENABLE KEYS */;
UNLOCK TABLES;

--
-- Table structure for table `cms_usergroups_functions`
--

DROP TABLE IF EXISTS `cms_usergroups_functions`;
/*!40101 SET @saved_cs_client     = @@character_set_client */;
/*!40101 SET character_set_client = utf8 */;
CREATE TABLE `cms_usergroups_functions` (
  `cms_functions_id` int(11) unsigned NOT NULL,
  `cms_usergroups_id` int(11) unsigned NOT NULL,
  UNIQUE KEY `usergroups_functions_unique` (`cms_functions_id`,`cms_usergroups_id`),
  KEY `cms_usergroups_id` (`cms_usergroups_id`),
  KEY `cms_functions_id` (`cms_functions_id`),
  CONSTRAINT `cms_usergroups_functions_ibfk_1` FOREIGN KEY (`cms_usergroups_id`) REFERENCES `cms_usergroups` (`id`) ON DELETE CASCADE ON UPDATE CASCADE,
  CONSTRAINT `cms_usergroups_functions_ibfk_2` FOREIGN KEY (`cms_functions_id`) REFERENCES `cms_functions` (`id`) ON DELETE CASCADE ON UPDATE CASCADE
) ENGINE=InnoDB DEFAULT CHARSET=utf8 ROW_FORMAT=DYNAMIC;
/*!40101 SET character_set_client = @saved_cs_client */;

--
-- Dumping data for table `cms_usergroups_functions`
--

LOCK TABLES `cms_usergroups_functions` WRITE;
/*!40000 ALTER TABLE `cms_usergroups_functions` DISABLE KEYS */;
INSERT INTO `cms_usergroups_functions` VALUES (43,1),(67,1),(87,1),(90,1),(92,1),(96,1),(102,1),(110,1),(111,1),(112,1),(115,1),(118,1),(123,1),(125,1),(130,1),(145,1),(146,1),(156,1),(158,1),(160,1),(162,1),(43,2),(67,2),(87,2),(90,2),(92,2),(96,2),(102,2),(110,2),(111,2),(112,2),(115,2),(118,2),(123,2),(125,2),(130,2),(145,2),(146,2),(158,2),(160,2),(162,2),(90,3),(110,3),(112,3),(123,3),(125,3),(160,3),(87,4),(96,4),(102,4),(110,4),(118,4),(123,4),(125,4),(130,4),(158,4),(102,5),(118,5),(145,5),(146,5),(87,6),(90,6),(96,6),(102,6),(110,6),(112,6),(118,6),(123,6),(125,6),(130,6),(145,6),(146,6),(158,6),(160,6),(43,10),(67,10),(87,10),(90,10),(92,10),(96,10),(102,10),(110,10),(111,10),(112,10),(115,10),(118,10),(123,10),(125,10),(130,10),(156,10),(158,10),(160,10),(162,10),(43,11),(67,11),(87,11),(90,11),(92,11),(96,11),(102,11),(110,11),(112,11),(115,11),(118,11),(123,11),(125,11),(158,11),(160,11),(162,11),(43,12),(67,12),(87,12),(90,12),(92,12),(96,12),(102,12),(110,12),(111,12),(112,12),(115,12),(118,12),(123,12),(125,12),(130,12),(158,12),(160,12),(162,12),(87,13),(90,13),(96,13),(102,13),(110,13),(112,13),(118,13),(123,13),(125,13),(158,13),(160,13),(87,14),(90,14),(96,14),(102,14),(110,14),(112,14),(118,14),(123,14),(125,14),(130,14),(158,14),(160,14),(43,15),(67,15),(87,15),(90,15),(92,15),(96,15),(102,15),(110,15),(111,15),(112,15),(115,15),(118,15),(130,15),(158,15),(160,15),(162,15),(87,16),(90,16),(96,16),(102,16),(110,16),(112,16),(118,16),(130,16),(158,16),(160,16),(43,17),(67,17),(87,17),(90,17),(92,17),(96,17),(102,17),(110,17),(112,17),(115,17),(118,17),(123,17),(125,17),(158,17),(160,17),(162,17),(87,18),(90,18),(96,18),(102,18),(110,18),(112,18),(118,18),(123,18),(125,18),(158,18),(160,18),(90,19),(110,19),(112,19),(123,19),(125,19),(160,19),(87,20),(96,20),(102,20),(110,20),(118,20),(123,20),(125,20),(158,20),(112,21),(125,21),(87,100000000),(90,100000000),(96,100000000),(102,100000000),(110,100000000),(112,100000000),(118,100000000),(123,100000000),(125,100000000),(158,100000000),(160,100000000),(43,100000001),(67,100000001),(87,100000001),(90,100000001),(92,100000001),(96,100000001),(102,100000001),(110,100000001),(111,100000001),(112,100000001),(115,100000001),(118,100000001),(123,100000001),(125,100000001),(156,100000001),(158,100000001),(160,100000001),(162,100000001),(43,100000002),(67,100000002),(87,100000002),(90,100000002),(92,100000002),(96,100000002),(102,100000002),(110,100000002),(111,100000002),(112,100000002),(115,100000002),(118,100000002),(123,100000002),(125,100000002),(156,100000002),(158,100000002),(160,100000002),(162,100000002),(112,100000196),(125,100000196),(90,100000197),(110,100000197),(112,100000197),(123,100000197),(125,100000197),(160,100000197),(87,100000198),(96,100000198),(102,100000198),(110,100000198),(118,100000198),(123,100000198),(125,100000198),(158,100000198),(112,100000199),(125,100000199),(90,100000200),(110,100000200),(112,100000200),(123,100000200),(125,100000200),(160,100000200),(87,100000201),(96,100000201),(102,100000201),(110,100000201),(118,100000201),(123,100000201),(125,100000201),(158,100000201),(112,100000202),(125,100000202),(90,100000203),(110,100000203),(112,100000203),(123,100000203),(125,100000203),(160,100000203),(87,100000204),(96,100000204),(102,100000204),(110,100000204),(118,100000204),(123,100000204),(125,100000204),(158,100000204),(112,100000205),(125,100000205),(43,100000206),(67,100000206),(87,100000206),(90,100000206),(92,100000206),(96,100000206),(102,100000206),(110,100000206),(112,100000206),(115,100000206),(118,100000206),(123,100000206),(125,100000206),(158,100000206),(160,100000206),(162,100000206),(43,100000207),(67,100000207),(87,100000207),(90,100000207),(92,100000207),(96,100000207),(102,100000207),(110,100000207),(112,100000207),(115,100000207),(118,100000207),(123,100000207),(125,100000207),(158,100000207),(160,100000207),(162,100000207),(87,100000208),(90,100000208),(96,100000208),(102,100000208),(110,100000208),(112,100000208),(118,100000208),(123,100000208),(125,100000208),(158,100000208),(160,100000208),(90,100000209),(110,100000209),(112,100000209),(123,100000209),(125,100000209),(160,100000209),(87,100000210),(96,100000210),(102,100000210),(110,100000210),(118,100000210),(123,100000210),(125,100000210),(158,100000210),(112,100000211),(125,100000211);
/*!40000 ALTER TABLE `cms_usergroups_functions` ENABLE KEYS */;
UNLOCK TABLES;

--
-- Table structure for table `cms_usergroups_levels`
--

DROP TABLE IF EXISTS `cms_usergroups_levels`;
/*!40101 SET @saved_cs_client     = @@character_set_client */;
/*!40101 SET character_set_client = utf8 */;
CREATE TABLE `cms_usergroups_levels` (
  `id` int(11) unsigned NOT NULL AUTO_INCREMENT,
  `level` int(11) DEFAULT NULL,
  `label` varchar(255) NOT NULL,
  `shortlabel` varchar(20) DEFAULT NULL,
  PRIMARY KEY (`id`)
) ENGINE=InnoDB AUTO_INCREMENT=4 DEFAULT CHARSET=utf8 ROW_FORMAT=DYNAMIC;
/*!40101 SET character_set_client = @saved_cs_client */;

--
-- Dumping data for table `cms_usergroups_levels`
--

LOCK TABLES `cms_usergroups_levels` WRITE;
/*!40000 ALTER TABLE `cms_usergroups_levels` DISABLE KEYS */;
INSERT INTO `cms_usergroups_levels` VALUES (1,100,'Admin user - in charge of an organisation','Admin'),(2,10,'Coordinator - in charge of a base','Coordinator'),(3,5,'User - regular volunteer/employee','User');
/*!40000 ALTER TABLE `cms_usergroups_levels` ENABLE KEYS */;
UNLOCK TABLES;

--
-- Table structure for table `cms_usergroups_roles`
--

DROP TABLE IF EXISTS `cms_usergroups_roles`;
/*!40101 SET @saved_cs_client     = @@character_set_client */;
/*!40101 SET character_set_client = utf8 */;
CREATE TABLE `cms_usergroups_roles` (
  `cms_usergroups_id` int(11) unsigned NOT NULL,
  `auth0_role_id` varchar(255) NOT NULL,
  `auth0_role_name` varchar(255) NOT NULL,
  UNIQUE KEY `cms_usergroups_id_2` (`cms_usergroups_id`,`auth0_role_id`),
  KEY `cms_usergroups_id` (`cms_usergroups_id`),
  CONSTRAINT `cms_usergroups_roles_ibfk_1` FOREIGN KEY (`cms_usergroups_id`) REFERENCES `cms_usergroups` (`id`) ON DELETE CASCADE ON UPDATE CASCADE
) ENGINE=InnoDB DEFAULT CHARSET=utf8;
/*!40101 SET character_set_client = @saved_cs_client */;

--
-- Dumping data for table `cms_usergroups_roles`
--

LOCK TABLES `cms_usergroups_roles` WRITE;
/*!40000 ALTER TABLE `cms_usergroups_roles` DISABLE KEYS */;
INSERT INTO `cms_usergroups_roles` VALUES (1,'rol_tP8t9gMxhO1Odtdw','administrator'),(2,'rol_ikoAfB3X8XsYE53Q','base_1_coordinator'),(3,'rol_6UTsIPfIXEKc1Crb','base_1_warehouse_volunteer'),(4,'rol_dsLXI5Y57Pn12sZK','base_1_free_shop_volunteer'),(5,'rol_KTuNwBRta6rPxuMG','base_1_library_volunteer'),(6,'rol_6UTsIPfIXEKc1Crb','base_1_warehouse_volunteer'),(6,'rol_dsLXI5Y57Pn12sZK','base_1_free_shop_volunteer'),(10,'rol_tP8t9gMxhO1Odtdw','administrator'),(11,'rol_Os7B4cF6iYL4uP21','base_2_coordinator'),(12,'rol_mp6kerNE9m3Y3Vv9','base_3_coordinator'),(13,'rol_eP67iKpEytUwVHe1','base_2_warehouse_volunteer'),(13,'rol_saz3LuVVzQW4pqDN','base_2_free_shop_volunteer'),(14,'rol_cxbdyyvarrBKQ5YY','base_3_free_shop_volunteer'),(14,'rol_GdH9cMxlemLAqa9q','base_3_warehouse_volunteer'),(15,'rol_mp6kerNE9m3Y3Vv9','base_3_coordinator'),(15,'rol_Os7B4cF6iYL4uP21','base_2_coordinator'),(16,'rol_cxbdyyvarrBKQ5YY','base_3_free_shop_volunteer'),(16,'rol_eP67iKpEytUwVHe1','base_2_warehouse_volunteer'),(16,'rol_GdH9cMxlemLAqa9q','base_3_warehouse_volunteer'),(16,'rol_saz3LuVVzQW4pqDN','base_2_free_shop_volunteer'),(17,'rol_3P3f4fcQScpVdoJV','base_4_coordinator'),(18,'rol_w72KK37egDY1uUNT','base_4_warehouse_volunteer'),(18,'rol_XTIQFQ3b26s3DjZV','base_4_free_shop_volunteer'),(19,'rol_w72KK37egDY1uUNT','base_4_warehouse_volunteer'),(20,'rol_XTIQFQ3b26s3DjZV','base_4_free_shop_volunteer'),(21,'rol_AHcJDFIYs00BHWEc','base_4_label_creation'),(100000000,'rol_fhYTMz4oiXK9ki2N','base_100000000_free_shop_volunteer'),(100000000,'rol_yQmOjE9C3KzvBABo','base_100000000_warehouse_volunteer'),(100000001,'rol_sutkrMkV7cyeOyOa','base_100000000_coordinator'),(100000002,'rol_tP8t9gMxhO1Odtdw','administrator'),(100000196,'rol_dHNaTI3f4asED721','base_1_label_creation'),(100000197,'rol_GdH9cMxlemLAqa9q','base_3_warehouse_volunteer'),(100000198,'rol_cxbdyyvarrBKQ5YY','base_3_free_shop_volunteer'),(100000199,'rol_Gr4AyKgB3HgkfWvV','base_3_label_creation'),(100000200,'rol_eP67iKpEytUwVHe1','base_2_warehouse_volunteer'),(100000201,'rol_saz3LuVVzQW4pqDN','base_2_free_shop_volunteer'),(100000202,'rol_0yLzH9v6gvBdT5uD','base_2_label_creation'),(100000203,'rol_yQmOjE9C3KzvBABo','base_100000000_warehouse_volunteer'),(100000204,'rol_fhYTMz4oiXK9ki2N','base_100000000_free_shop_volunteer'),(100000205,'rol_sa3ecDrvvbSS2L6s','base_100000000_label_creation'),(100000206,'rol_tP8t9gMxhO1Odtdw','administrator'),(100000207,'rol_frAcTDH8CeCb7P0I','base_100000001_coordinator'),(100000208,'rol_4bw3b4Y0BJLnXh2x','base_100000001_warehouse_volunteer'),(100000208,'rol_FQpwSEpzBol859GG','base_100000001_free_shop_volunteer'),(100000209,'rol_4bw3b4Y0BJLnXh2x','base_100000001_warehouse_volunteer'),(100000210,'rol_FQpwSEpzBol859GG','base_100000001_free_shop_volunteer'),(100000211,'rol_YRUA56fYsnv3FocH','base_100000001_label_creation');
/*!40000 ALTER TABLE `cms_usergroups_roles` ENABLE KEYS */;
UNLOCK TABLES;

--
-- Table structure for table `cms_users`
--

DROP TABLE IF EXISTS `cms_users`;
/*!40101 SET @saved_cs_client     = @@character_set_client */;
/*!40101 SET character_set_client = utf8 */;
CREATE TABLE `cms_users` (
  `id` int(11) unsigned NOT NULL AUTO_INCREMENT,
  `pass` varchar(40) CHARACTER SET utf8 COLLATE utf8_general_ci NOT NULL DEFAULT '',
  `naam` varchar(100) CHARACTER SET utf8 COLLATE utf8_general_ci NOT NULL DEFAULT '',
  `email` varchar(255) CHARACTER SET utf8 COLLATE utf8_general_ci DEFAULT NULL,
  `is_admin` tinyint(4) NOT NULL DEFAULT '0',
  `lastlogin` datetime NOT NULL,
  `lastaction` datetime NOT NULL,
  `created` datetime DEFAULT NULL,
  `created_by` int(11) unsigned DEFAULT NULL,
  `modified` datetime DEFAULT NULL,
  `modified_by` int(11) unsigned DEFAULT NULL,
  `resetpassword` varchar(255) CHARACTER SET utf8 COLLATE utf8_bin DEFAULT NULL,
  `language` int(11) unsigned DEFAULT NULL,
  `deleted` datetime NOT NULL,
  `cms_usergroups_id` int(11) unsigned DEFAULT NULL,
  `valid_firstday` date DEFAULT NULL,
  `valid_lastday` date DEFAULT NULL,
  PRIMARY KEY (`id`),
  UNIQUE KEY `email` (`email`),
  KEY `cms_usergroups_id` (`cms_usergroups_id`),
  KEY `language` (`language`),
  KEY `created_by` (`created_by`),
  KEY `modified_by` (`modified_by`),
  CONSTRAINT `cms_users_ibfk_2` FOREIGN KEY (`cms_usergroups_id`) REFERENCES `cms_usergroups` (`id`) ON UPDATE CASCADE,
  CONSTRAINT `cms_users_ibfk_3` FOREIGN KEY (`language`) REFERENCES `languages` (`id`) ON UPDATE CASCADE,
  CONSTRAINT `cms_users_ibfk_4` FOREIGN KEY (`created_by`) REFERENCES `cms_users` (`id`) ON DELETE SET NULL ON UPDATE CASCADE,
  CONSTRAINT `cms_users_ibfk_5` FOREIGN KEY (`modified_by`) REFERENCES `cms_users` (`id`) ON DELETE SET NULL ON UPDATE CASCADE
) ENGINE=InnoDB AUTO_INCREMENT=100000364 DEFAULT CHARSET=utf8 COLLATE=utf8_bin ROW_FORMAT=DYNAMIC;
/*!40101 SET character_set_client = @saved_cs_client */;

--
-- Dumping data for table `cms_users`
--

LOCK TABLES `cms_users` WRITE;
/*!40000 ALTER TABLE `cms_users` DISABLE KEYS */;
INSERT INTO `cms_users` VALUES (1,'bf13b44feae208fc808b1d6b2266edb7','some admin','some.admin@boxtribute.org',1,'0000-00-00 00:00:00','0000-00-00 00:00:00',NULL,NULL,NULL,NULL,'',2,'0000-00-00 00:00:00',NULL,NULL,NULL),(2,'bf13b44feae208fc808b1d6b2266edb7','Jane Doe','jane.doe@boxaid.co',0,'0000-00-00 00:00:00','0000-00-00 00:00:00',NULL,NULL,NULL,NULL,NULL,2,'0000-00-00 00:00:00',1,'0000-00-00','0000-00-00'),(3,'bf13b44feae208fc808b1d6b2266edb7','Joe Doe','joe.doe@boxaid.co',0,'0000-00-00 00:00:00','0000-00-00 00:00:00',NULL,NULL,NULL,NULL,NULL,2,'0000-00-00 00:00:00',2,'0000-00-00','0000-00-00'),(4,'bf13b44feae208fc808b1d6b2266edb7','Volunteer','stagingenv_volunteer@boxtribute.org',0,'0000-00-00 00:00:00','0000-00-00 00:00:00',NULL,NULL,NULL,NULL,NULL,2,'0000-00-00 00:00:00',3,'0000-00-00','0000-00-00'),(5,'bf13b44feae208fc808b1d6b2266edb7','Coordinator','stagingenv_coordinator@boxtribute.org',0,'0000-00-00 00:00:00','0000-00-00 00:00:00',NULL,NULL,NULL,NULL,NULL,2,'0000-00-00 00:00:00',2,'0000-00-00','0000-00-00'),(6,'bf13b44feae208fc808b1d6b2266edb7','Head of Operations','stagingenv_headofops@boxtribute.org',0,'0000-00-00 00:00:00','0000-00-00 00:00:00',NULL,NULL,NULL,NULL,NULL,2,'0000-00-00 00:00:00',1,'0000-00-00','0000-00-00'),(7,'bf13b44feae208fc808b1d6b2266edb7','Dev Volunteer','dev_volunteer@boxaid.org',0,'0000-00-00 00:00:00','0000-00-00 00:00:00',NULL,NULL,NULL,NULL,NULL,2,'0000-00-00 00:00:00',3,'0000-00-00','0000-00-00'),(8,'bf13b44feae208fc808b1d6b2266edb7','Dev Coordinator','dev_coordinator@boxaid.org',0,'0000-00-00 00:00:00','0000-00-00 00:00:00',NULL,NULL,NULL,NULL,NULL,2,'0000-00-00 00:00:00',2,'0000-00-00','0000-00-00'),(9,'bf13b44feae208fc808b1d6b2266edb7','Dev Head of Operations','dev_headofops@boxaid.org',0,'0000-00-00 00:00:00','0000-00-00 00:00:00',NULL,NULL,NULL,NULL,NULL,2,'0000-00-00 00:00:00',1,'0000-00-00','0000-00-00'),(10,'bf13b44feae208fc808b1d6b2266edb7','Jane Doe','jane.doe@boxcare.co',0,'0000-00-00 00:00:00','0000-00-00 00:00:00',NULL,NULL,NULL,NULL,NULL,2,'0000-00-00 00:00:00',10,'0000-00-00','0000-00-00'),(11,'bf13b44feae208fc808b1d6b2266edb7','Joe Doe','joe.doe@boxcare.co',0,'0000-00-00 00:00:00','0000-00-00 00:00:00',NULL,NULL,NULL,NULL,NULL,2,'0000-00-00 00:00:00',11,'0000-00-00','0000-00-00'),(12,'bf13b44feae208fc808b1d6b2266edb7','Sam Sample','sam.sample@boxcare.co',0,'0000-00-00 00:00:00','0000-00-00 00:00:00',NULL,NULL,NULL,NULL,NULL,2,'0000-00-00 00:00:00',12,'0000-00-00','0000-00-00'),(15,'bf13b44feae208fc808b1d6b2266edb7','Joe Bloggs','joe.bloggs@boxcare.co',0,'0000-00-00 00:00:00','0000-00-00 00:00:00',NULL,NULL,NULL,NULL,NULL,2,'0000-00-00 00:00:00',15,'0000-00-00','0000-00-00'),(16,'bf13b44feae208fc808b1d6b2266edb7','Dev Volunteer','dev_volunteer@boxcare.org',0,'0000-00-00 00:00:00','0000-00-00 00:00:00',NULL,NULL,NULL,NULL,NULL,2,'0000-00-00 00:00:00',16,'0000-00-00','0000-00-00'),(17,'bf13b44feae208fc808b1d6b2266edb7','Dev Coordinator','dev_coordinator@boxcare.org',0,'0000-00-00 00:00:00','0000-00-00 00:00:00',NULL,NULL,NULL,NULL,NULL,2,'0000-00-00 00:00:00',15,'0000-00-00','0000-00-00'),(18,'bf13b44feae208fc808b1d6b2266edb7','Dev Head of Operations','dev_headofops@boxcare.org',0,'0000-00-00 00:00:00','0000-00-00 00:00:00',NULL,NULL,NULL,NULL,NULL,2,'0000-00-00 00:00:00',10,'0000-00-00','0000-00-00'),(19,'bf13b44feae208fc808b1d6b2266edb7','Another Dev Volunteer','another_dev_volunteer@boxcare.org',0,'0000-00-00 00:00:00','0000-00-00 00:00:00',NULL,NULL,NULL,NULL,NULL,2,'0000-00-00 00:00:00',18,'0000-00-00','0000-00-00'),(20,'bf13b44feae208fc808b1d6b2266edb7','Another Dev Coordinator','another_dev_coordinatorr@boxcare.org',0,'0000-00-00 00:00:00','0000-00-00 00:00:00',NULL,NULL,NULL,NULL,NULL,2,'0000-00-00 00:00:00',17,'0000-00-00','0000-00-00'),(23,'bf13b44feae208fc808b1d6b2266edb7','Lesvos Warehouse Volunteer','warehouse.volunteer@lesvos.org',0,'0000-00-00 00:00:00','0000-00-00 00:00:00',NULL,NULL,NULL,NULL,NULL,2,'0000-00-00 00:00:00',3,'0000-00-00','0000-00-00'),(24,'bf13b44feae208fc808b1d6b2266edb7','Lesvos Free Shop Volunteer','freeshop.volunteer@lesvos.org',0,'0000-00-00 00:00:00','0000-00-00 00:00:00',NULL,NULL,NULL,NULL,NULL,2,'0000-00-00 00:00:00',4,'0000-00-00','0000-00-00'),(25,'bf13b44feae208fc808b1d6b2266edb7','Lesvos Library Volunteer','library.volunteer@lesvos.org',0,'0000-00-00 00:00:00','0000-00-00 00:00:00',NULL,NULL,NULL,NULL,NULL,2,'0000-00-00 00:00:00',5,'0000-00-00','0000-00-00'),(31,'bf13b44feae208fc808b1d6b2266edb7','Thessaloniki Coordinator','coordinator@thessaloniki.org',0,'0000-00-00 00:00:00','0000-00-00 00:00:00',NULL,NULL,NULL,NULL,NULL,2,'0000-00-00 00:00:00',11,'0000-00-00','0000-00-00'),(32,'bf13b44feae208fc808b1d6b2266edb7','Samos Coordinator','coordinator@samos.org',0,'0000-00-00 00:00:00','0000-00-00 00:00:00',NULL,NULL,NULL,NULL,NULL,2,'0000-00-00 00:00:00',12,'0000-00-00','0000-00-00'),(33,'bf13b44feae208fc808b1d6b2266edb7','Thessaloniki Volunteer','volunteer@thessaloniki.org',0,'0000-00-00 00:00:00','0000-00-00 00:00:00',NULL,NULL,NULL,NULL,NULL,2,'0000-00-00 00:00:00',13,'0000-00-00','0000-00-00'),(34,'bf13b44feae208fc808b1d6b2266edb7','Samos Volunteer','volunteer@samos.org',0,'0000-00-00 00:00:00','0000-00-00 00:00:00',NULL,NULL,NULL,NULL,NULL,2,'0000-00-00 00:00:00',14,'0000-00-00','0000-00-00'),(37,'bf13b44feae208fc808b1d6b2266edb7','Athens Coordinator','coordinator@athens.org',0,'0000-00-00 00:00:00','0000-00-00 00:00:00',NULL,NULL,NULL,NULL,NULL,2,'0000-00-00 00:00:00',17,'0000-00-00','0000-00-00'),(38,'bf13b44feae208fc808b1d6b2266edb7','Athens Volunteer','volunteer@athens.org',0,'0000-00-00 00:00:00','0000-00-00 00:00:00',NULL,NULL,NULL,NULL,NULL,2,'0000-00-00 00:00:00',18,'0000-00-00','0000-00-00'),(39,'bf13b44feae208fc808b1d6b2266edb7','Athens Warehouse Volunteer','warehouse.volunteer@athens.org',0,'0000-00-00 00:00:00','0000-00-00 00:00:00',NULL,NULL,NULL,NULL,NULL,2,'0000-00-00 00:00:00',19,'0000-00-00','0000-00-00'),(40,'bf13b44feae208fc808b1d6b2266edb7','Athens Free Shop Volunteer','freeshop.volunteer@athens.org',0,'0000-00-00 00:00:00','0000-00-00 00:00:00',NULL,NULL,NULL,NULL,NULL,2,'0000-00-00 00:00:00',20,'0000-00-00','0000-00-00'),(41,'bf13b44feae208fc808b1d6b2266edb7','Athens Label','label@athens.org',0,'0000-00-00 00:00:00','0000-00-00 00:00:00',NULL,NULL,NULL,NULL,NULL,2,'0000-00-00 00:00:00',21,'0000-00-00','0000-00-00'),(100000000,'bf13b44feae208fc808b1d6b2266edb7','BrowserTestUser_Admin','admin@admin.co',0,'0000-00-00 00:00:00','0000-00-00 00:00:00','2019-07-10 08:10:40',1,NULL,NULL,NULL,2,'0000-00-00 00:00:00',100000002,'0000-00-00','0000-00-00'),(100000001,'bf13b44feae208fc808b1d6b2266edb7','BrowserTestUser_Coordinator','coordinator@coordinator.co',0,'0000-00-00 00:00:00','0000-00-00 00:00:00','2019-07-10 08:11:08',1,NULL,NULL,NULL,2,'0000-00-00 00:00:00',100000001,'0000-00-00','0000-00-00'),(100000002,'bf13b44feae208fc808b1d6b2266edb7','BrowserTestUser_User','user@user.co',0,'0000-00-00 00:00:00','0000-00-00 00:00:00','2019-07-10 08:11:31',1,NULL,NULL,NULL,2,'0000-00-00 00:00:00',100000000,'0000-00-00','0000-00-00'),(100000003,'bf13b44feae208fc808b1d6b2266edb7','NotActived','notactivated@notactivated.com',0,'0000-00-00 00:00:00','0000-00-00 00:00:00','2019-07-10 08:14:35',1,NULL,NULL,NULL,2,'0000-00-00 00:00:00',100000000,'2119-07-20','2119-07-31'),(100000004,'bf13b44feae208fc808b1d6b2266edb7','Expired User','expired@expired.co',0,'0000-00-00 00:00:00','0000-00-00 00:00:00','2019-07-10 08:14:58',1,NULL,NULL,NULL,2,'0000-00-00 00:00:00',100000000,'2019-07-01','2019-07-09'),(100000005,'bf13b44feae208fc808b1d6b2266edb7','Deleted User','deleted@deleted.co.deleted.100000005',0,'0000-00-00 00:00:00','0000-00-00 00:00:00','2019-07-10 08:15:42',1,'2019-07-10 08:15:50',1,NULL,2,'2019-07-10 08:15:50',100000000,'0000-00-00','0000-00-00'),(100000006,'bf13b44feae208fc808b1d6b2266edb7','BrowserTestUser_NoPermissions','nopermissions@nopermissions.co',0,'0000-00-00 00:00:00','0000-00-00 00:00:00','2019-07-10 08:11:31',1,NULL,NULL,NULL,2,'0000-00-00 00:00:00',100000003,'0000-00-00','0000-00-00'),(100000007,'bf13b44feae208fc808b1d6b2266edb7','BrowserTestUser_DeactivateTest','deactivatetest@deactivatetest.co',0,'0000-00-00 00:00:00','0000-00-00 00:00:00','2019-07-10 08:11:31',1,NULL,NULL,NULL,2,'0000-00-00 00:00:00',100000000,'0000-00-00','0000-00-00'),(100000008,'bf13b44feae208fc808b1d6b2266edb7','BrowserTestUser_Pending','pending@pending.co',0,'0000-00-00 00:00:00','0000-00-00 00:00:00','2019-07-10 08:11:31',1,NULL,NULL,NULL,2,'0000-00-00 00:00:00',100000000,'2022-12-20','2023-12-20'),(100000009,'bf13b44feae208fc808b1d6b2266edb7','Deleted Coordinator','deleted_coordinator@deleted.co.deleted.100000009',0,'0000-00-00 00:00:00','0000-00-00 00:00:00','2019-07-10 08:15:42',1,'2019-07-10 08:15:50',1,NULL,2,'2019-07-10 08:15:50',100000001,'2018-05-26','2019-05-26'),(100000010,'bf13b44feae208fc808b1d6b2266edb7','Deleted Admin','deleted_admin@deleted.co.deleted.100000010',0,'0000-00-00 00:00:00','0000-00-00 00:00:00','2019-07-10 08:15:42',1,'2019-07-10 08:15:50',1,NULL,2,'2019-07-10 08:15:50',100000002,'0000-00-00','0000-00-00'),(100000011,'bf13b44feae208fc808b1d6b2266edb7','Expired Coordinator','expired_coordinator@expired.co',0,'0000-00-00 00:00:00','0000-00-00 00:00:00','2019-07-10 08:14:58',1,NULL,NULL,NULL,2,'0000-00-00 00:00:00',100000001,'2017-04-11','2017-05-28'),(100000012,'bf13b44feae208fc808b1d6b2266edb7','Expired Admin','expired_admin@expired.co',0,'0000-00-00 00:00:00','0000-00-00 00:00:00','2019-07-10 08:14:58',1,NULL,NULL,NULL,2,'0000-00-00 00:00:00',100000002,'2017-04-11','2017-05-28');
/*!40000 ALTER TABLE `cms_users` ENABLE KEYS */;
UNLOCK TABLES;

--
-- Table structure for table `distro_events`
--

DROP TABLE IF EXISTS `distro_events`;
/*!40101 SET @saved_cs_client     = @@character_set_client */;
/*!40101 SET character_set_client = utf8 */;
CREATE TABLE `distro_events` (
  `id` int(11) unsigned NOT NULL AUTO_INCREMENT,
  `name` varchar(255) DEFAULT NULL,
  `planned_start_date_time` datetime NOT NULL,
  `planned_end_date_time` datetime NOT NULL,
  `location_id` int(11) unsigned NOT NULL,
  `distro_event_tracking_group_id` int(11) unsigned DEFAULT NULL,
  `state` varchar(255) NOT NULL DEFAULT 'Planning',
  `created_on` datetime NOT NULL,
  `created_by` int(11) unsigned DEFAULT NULL,
  `deleted_on` datetime DEFAULT NULL,
  `modified_on` datetime DEFAULT NULL,
  `modified_by` int(11) unsigned DEFAULT NULL,
  PRIMARY KEY (`id`),
  KEY `distro_events_planned_start_date_time` (`planned_start_date_time`),
  KEY `distro_events_planned_end_date_time` (`planned_end_date_time`),
  KEY `distro_events_state` (`state`),
  KEY `distro_events_modified_on` (`modified_on`),
  KEY `distro_events_created_on` (`created_on`),
  KEY `distro_events_deleted_on` (`deleted_on`),
  KEY `location_id` (`location_id`),
  KEY `created_by` (`created_by`),
  KEY `modified_by` (`modified_by`),
  KEY `distro_event_tracking_group_id` (`distro_event_tracking_group_id`),
  CONSTRAINT `distro_events_ibfk_1` FOREIGN KEY (`location_id`) REFERENCES `locations` (`id`) ON DELETE RESTRICT ON UPDATE CASCADE,
  CONSTRAINT `distro_events_ibfk_2` FOREIGN KEY (`created_by`) REFERENCES `cms_users` (`id`) ON DELETE SET NULL ON UPDATE CASCADE,
  CONSTRAINT `distro_events_ibfk_3` FOREIGN KEY (`modified_by`) REFERENCES `cms_users` (`id`) ON DELETE SET NULL ON UPDATE CASCADE,
  CONSTRAINT `distro_events_ibfk_4` FOREIGN KEY (`distro_event_tracking_group_id`) REFERENCES `distro_events_tracking_groups` (`id`) ON DELETE RESTRICT ON UPDATE CASCADE
) ENGINE=InnoDB DEFAULT CHARSET=utf8 ROW_FORMAT=DYNAMIC;
/*!40101 SET character_set_client = @saved_cs_client */;

--
-- Dumping data for table `distro_events`
--

LOCK TABLES `distro_events` WRITE;
/*!40000 ALTER TABLE `distro_events` DISABLE KEYS */;
/*!40000 ALTER TABLE `distro_events` ENABLE KEYS */;
UNLOCK TABLES;

--
-- Table structure for table `distro_events_tracking_logs`
--

DROP TABLE IF EXISTS `distro_events_tracking_logs`;
/*!40101 SET @saved_cs_client     = @@character_set_client */;
/*!40101 SET character_set_client = utf8 */;
CREATE TABLE `distro_events_tracking_logs` (
  `id` int(11) unsigned NOT NULL AUTO_INCREMENT,
  `product_id` int(11) unsigned NOT NULL,
  `number_of_items` int(11) NOT NULL,
  `size_id` int(11) unsigned NOT NULL,
  `location_id` int(11) unsigned DEFAULT NULL,
  `flow_direction` varchar(255) DEFAULT NULL,
  `distro_event_tracking_group_id` int(11) unsigned DEFAULT NULL,
  `date` datetime NOT NULL,
  `details` text,
  PRIMARY KEY (`id`),
  KEY `distro_events_tracking_logs_date` (`date`),
  KEY `product_id` (`product_id`),
  KEY `size_id` (`size_id`),
  KEY `distro_events_tracking_logs_flow_direction` (`flow_direction`),
  KEY `location_id` (`location_id`),
  KEY `distro_event_tracking_group_id` (`distro_event_tracking_group_id`),
  CONSTRAINT `distro_events_tracking_logs_ibfk_2` FOREIGN KEY (`product_id`) REFERENCES `products` (`id`) ON DELETE RESTRICT ON UPDATE CASCADE,
  CONSTRAINT `distro_events_tracking_logs_ibfk_3` FOREIGN KEY (`size_id`) REFERENCES `sizes` (`id`) ON DELETE RESTRICT ON UPDATE CASCADE,
  CONSTRAINT `distro_events_tracking_logs_ibfk_4` FOREIGN KEY (`location_id`) REFERENCES `locations` (`id`) ON DELETE RESTRICT ON UPDATE CASCADE,
  CONSTRAINT `distro_events_tracking_logs_ibfk_5` FOREIGN KEY (`distro_event_tracking_group_id`) REFERENCES `distro_events_tracking_groups` (`id`) ON DELETE RESTRICT ON UPDATE CASCADE
) ENGINE=InnoDB DEFAULT CHARSET=utf8 ROW_FORMAT=DYNAMIC;
/*!40101 SET character_set_client = @saved_cs_client */;

--
-- Dumping data for table `distro_events_tracking_logs`
--

LOCK TABLES `distro_events_tracking_logs` WRITE;
/*!40000 ALTER TABLE `distro_events_tracking_logs` DISABLE KEYS */;
/*!40000 ALTER TABLE `distro_events_tracking_logs` ENABLE KEYS */;
UNLOCK TABLES;

--
-- Table structure for table `distro_events_packing_list_entries`
--

DROP TABLE IF EXISTS `distro_events_packing_list_entries`;
/*!40101 SET @saved_cs_client     = @@character_set_client */;
/*!40101 SET character_set_client = utf8 */;
CREATE TABLE `distro_events_packing_list_entries` (
  `id` int(11) unsigned NOT NULL AUTO_INCREMENT,
  `product_id` int(11) unsigned NOT NULL,
  `number_of_items` int(11) NOT NULL,
  `size_id` int(11) unsigned NOT NULL,
  `distro_event_id` int(11) unsigned NOT NULL,
  `state` varchar(255) NOT NULL,
  `created_on` datetime NOT NULL,
  `created_by` int(11) unsigned DEFAULT NULL,
  `modified_on` datetime DEFAULT NULL,
  `modified_by` int(11) unsigned DEFAULT NULL,
  PRIMARY KEY (`id`),
  KEY `distro_events_packing_list_entries_state` (`state`),
  KEY `distro_events_packing_list_entries_created_on` (`created_on`),
  KEY `distro_events_packing_list_entries_modified_on` (`modified_on`),
  KEY `distro_event_id` (`distro_event_id`),
  KEY `product_id` (`product_id`),
  KEY `size_id` (`size_id`),
  KEY `created_by` (`created_by`),
  KEY `modified_by` (`modified_by`),
  CONSTRAINT `distro_events_packing_list_entries_ibfk_1` FOREIGN KEY (`distro_event_id`) REFERENCES `distro_events` (`id`) ON DELETE RESTRICT ON UPDATE CASCADE,
  CONSTRAINT `distro_events_packing_list_entries_ibfk_2` FOREIGN KEY (`product_id`) REFERENCES `products` (`id`) ON DELETE RESTRICT ON UPDATE CASCADE,
  CONSTRAINT `distro_events_packing_list_entries_ibfk_3` FOREIGN KEY (`size_id`) REFERENCES `sizes` (`id`) ON DELETE RESTRICT ON UPDATE CASCADE,
  CONSTRAINT `distro_events_packing_list_entries_ibfk_4` FOREIGN KEY (`created_by`) REFERENCES `cms_users` (`id`) ON DELETE SET NULL ON UPDATE CASCADE,
  CONSTRAINT `distro_events_packing_list_entries_ibfk_5` FOREIGN KEY (`modified_by`) REFERENCES `cms_users` (`id`) ON DELETE SET NULL ON UPDATE CASCADE
) ENGINE=InnoDB DEFAULT CHARSET=utf8 ROW_FORMAT=DYNAMIC;
/*!40101 SET character_set_client = @saved_cs_client */;

--
-- Dumping data for table `distro_events_packing_list_entries`
--

LOCK TABLES `distro_events_packing_list_entries` WRITE;
/*!40000 ALTER TABLE `distro_events_packing_list_entries` DISABLE KEYS */;
/*!40000 ALTER TABLE `distro_events_packing_list_entries` ENABLE KEYS */;
UNLOCK TABLES;

--
-- Table structure for table `distro_events_unboxed_item_collections`
--

DROP TABLE IF EXISTS `distro_events_unboxed_item_collections`;
/*!40101 SET @saved_cs_client     = @@character_set_client */;
/*!40101 SET character_set_client = utf8 */;
CREATE TABLE `distro_events_unboxed_item_collections` (
  `id` int(11) unsigned NOT NULL AUTO_INCREMENT,
  `product_id` int(11) unsigned NOT NULL,
  `number_of_items` int(11) NOT NULL,
  `size_id` int(11) unsigned NOT NULL,
  `distro_event_id` int(11) unsigned NOT NULL,
  `location_id` int(11) unsigned NOT NULL,
  `box_state_id` int(11) unsigned NOT NULL DEFAULT '1',
  `comments` varchar(255) DEFAULT NULL,
  `created_on` datetime NOT NULL,
  `created_by` int(11) unsigned DEFAULT NULL,
  `modified_on` datetime DEFAULT NULL,
  `modified_by` int(11) unsigned DEFAULT NULL,
  PRIMARY KEY (`id`),
  KEY `distro_events_unboxed_item_collections_created_on` (`created_on`),
  KEY `distro_events_unboxed_item_collections_modified_on` (`modified_on`),
  KEY `distro_event_id` (`distro_event_id`),
  KEY `product_id` (`product_id`),
  KEY `box_state_id` (`box_state_id`),
  KEY `size_id` (`size_id`),
  KEY `location_id` (`location_id`),
  KEY `created_by` (`created_by`),
  KEY `modified_by` (`modified_by`),
  CONSTRAINT `distro_events_unboxed_item_collections_ibfk_1` FOREIGN KEY (`distro_event_id`) REFERENCES `distro_events` (`id`) ON DELETE RESTRICT ON UPDATE CASCADE,
  CONSTRAINT `distro_events_unboxed_item_collections_ibfk_2` FOREIGN KEY (`product_id`) REFERENCES `products` (`id`) ON DELETE RESTRICT ON UPDATE CASCADE,
  CONSTRAINT `distro_events_unboxed_item_collections_ibfk_3` FOREIGN KEY (`box_state_id`) REFERENCES `box_state` (`id`) ON DELETE RESTRICT ON UPDATE CASCADE,
  CONSTRAINT `distro_events_unboxed_item_collections_ibfk_4` FOREIGN KEY (`size_id`) REFERENCES `sizes` (`id`) ON DELETE RESTRICT ON UPDATE CASCADE,
  CONSTRAINT `distro_events_unboxed_item_collections_ibfk_5` FOREIGN KEY (`location_id`) REFERENCES `locations` (`id`) ON DELETE RESTRICT ON UPDATE CASCADE,
  CONSTRAINT `distro_events_unboxed_item_collections_ibfk_6` FOREIGN KEY (`created_by`) REFERENCES `cms_users` (`id`) ON DELETE SET NULL ON UPDATE CASCADE,
  CONSTRAINT `distro_events_unboxed_item_collections_ibfk_7` FOREIGN KEY (`modified_by`) REFERENCES `cms_users` (`id`) ON DELETE SET NULL ON UPDATE CASCADE
) ENGINE=InnoDB DEFAULT CHARSET=utf8 ROW_FORMAT=DYNAMIC;
/*!40101 SET character_set_client = @saved_cs_client */;

--
-- Dumping data for table `distro_events_unboxed_item_collections`
--

LOCK TABLES `distro_events_unboxed_item_collections` WRITE;
/*!40000 ALTER TABLE `distro_events_unboxed_item_collections` DISABLE KEYS */;
/*!40000 ALTER TABLE `distro_events_unboxed_item_collections` ENABLE KEYS */;
UNLOCK TABLES;
/*!40103 SET TIME_ZONE=@OLD_TIME_ZONE */;

--
-- Table structure for table `distro_events_tracking_groups`
--

DROP TABLE IF EXISTS `distro_events_tracking_groups`;
/*!40101 SET @saved_cs_client     = @@character_set_client */;
/*!40101 SET character_set_client = utf8 */;
CREATE TABLE `distro_events_tracking_groups` (
  `id` int(11) unsigned NOT NULL AUTO_INCREMENT,
  `group_name` varchar(255) DEFAULT NULL,
  `base_id` int(11) unsigned NOT NULL,
  `state` varchar(255) NOT NULL DEFAULT 'In Progress',
  `created_on` datetime NOT NULL,
  `created_by` int(11) unsigned DEFAULT NULL,
  `modified_on` datetime DEFAULT NULL,
  `modified_by` int(11) unsigned DEFAULT NULL,
  PRIMARY KEY (`id`),
  KEY `distro_events_tracking_groups_state` (`state`),
  KEY `distro_events_tracking_groups_created_on` (`created_on`),
  KEY `distro_events_tracking_groups_modified_on` (`modified_on`),
  KEY `base_id` (`base_id`),
  KEY `created_by` (`created_by`),
  KEY `modified_by` (`modified_by`),
  CONSTRAINT `distro_events_tracking_groups_ibfk_1` FOREIGN KEY (`base_id`) REFERENCES `camps` (`id`) ON DELETE RESTRICT ON UPDATE CASCADE,
  CONSTRAINT `distro_events_tracking_groups_ibfk_2` FOREIGN KEY (`created_by`) REFERENCES `cms_users` (`id`) ON DELETE SET NULL ON UPDATE CASCADE,
  CONSTRAINT `distro_events_tracking_groups_ibfk_3` FOREIGN KEY (`modified_by`) REFERENCES `cms_users` (`id`) ON DELETE SET NULL ON UPDATE CASCADE
) ENGINE=InnoDB DEFAULT CHARSET=utf8 ROW_FORMAT=DYNAMIC;
/*!40101 SET character_set_client = @saved_cs_client */;

--
-- Dumping data for table `distro_events_tracking_groups`
--

LOCK TABLES `distro_events_tracking_groups` WRITE;
/*!40000 ALTER TABLE `distro_events_tracking_groups` DISABLE KEYS */;
/*!40000 ALTER TABLE `distro_events_tracking_groups` ENABLE KEYS */;
UNLOCK TABLES;

--
-- Table structure for table `genders`
--

DROP TABLE IF EXISTS `genders`;
/*!40101 SET @saved_cs_client     = @@character_set_client */;
/*!40101 SET character_set_client = utf8 */;
CREATE TABLE `genders` (
  `id` int(11) unsigned NOT NULL AUTO_INCREMENT,
  `label` varchar(20) NOT NULL,
  `shortlabel` varchar(255) DEFAULT NULL,
  `seq` int(11) DEFAULT NULL,
  `created` datetime DEFAULT NULL,
  `created_by` int(11) unsigned DEFAULT NULL,
  `modified` datetime DEFAULT NULL,
  `modified_by` int(11) unsigned DEFAULT NULL,
  `male` tinyint(1) NOT NULL DEFAULT '0',
  `female` tinyint(1) NOT NULL DEFAULT '0',
  `adult` tinyint(1) NOT NULL DEFAULT '0',
  `child` tinyint(1) NOT NULL DEFAULT '0',
  `baby` tinyint(1) NOT NULL DEFAULT '0',
  `color` varchar(20) NOT NULL,
  PRIMARY KEY (`id`),
  KEY `created_by` (`created_by`),
  KEY `modified_by` (`modified_by`),
  CONSTRAINT `genders_ibfk_1` FOREIGN KEY (`created_by`) REFERENCES `cms_users` (`id`) ON DELETE SET NULL ON UPDATE CASCADE,
  CONSTRAINT `genders_ibfk_2` FOREIGN KEY (`modified_by`) REFERENCES `cms_users` (`id`) ON DELETE SET NULL ON UPDATE CASCADE
) ENGINE=InnoDB AUTO_INCREMENT=14 DEFAULT CHARSET=utf8 ROW_FORMAT=DYNAMIC;
/*!40101 SET character_set_client = @saved_cs_client */;

--
-- Dumping data for table `genders`
--

LOCK TABLES `genders` WRITE;
/*!40000 ALTER TABLE `genders` DISABLE KEYS */;
INSERT INTO `genders` VALUES (1,'Female','Female',1,NULL,NULL,NULL,NULL,0,1,1,0,0,'0'),(2,'Male','Male',2,NULL,NULL,NULL,NULL,1,0,1,0,0,'0'),(3,'Unisex Adult','Unisex',3,NULL,NULL,NULL,NULL,1,1,1,0,0,'0'),(4,'Girl','Girl',4,NULL,NULL,NULL,NULL,0,1,0,1,0,'0'),(5,'Boy','Boy',5,NULL,NULL,NULL,NULL,1,0,0,1,0,'0'),(6,'Unisex Kid','Kid',7,NULL,NULL,NULL,NULL,1,1,0,1,0,'0'),(9,'Unisex Baby','Baby',8,NULL,NULL,NULL,NULL,1,1,0,0,0,'1'),(10,'-',NULL,0,NULL,NULL,NULL,NULL,1,1,1,1,1,'1'),(12,'Teen Girl','Girl',4,NULL,NULL,NULL,NULL,0,1,1,0,0,'0'),(13,'Teen Boy','Boy',5,NULL,NULL,NULL,NULL,1,0,1,0,0,'0');
/*!40000 ALTER TABLE `genders` ENABLE KEYS */;
UNLOCK TABLES;

--
-- Table structure for table `history`
--

DROP TABLE IF EXISTS `history`;
/*!40101 SET @saved_cs_client     = @@character_set_client */;
/*!40101 SET character_set_client = utf8 */;
CREATE TABLE `history` (
  `id` int(11) unsigned NOT NULL AUTO_INCREMENT,
  `tablename` varchar(255) DEFAULT NULL,
  `record_id` int(11) DEFAULT NULL,
  `changes` text,
  `user_id` int(11) unsigned DEFAULT NULL,
  `ip` varchar(20) DEFAULT NULL,
  `changedate` datetime DEFAULT NULL,
  `from_int` int(11) DEFAULT NULL,
  `to_int` int(11) DEFAULT NULL,
  `from_float` float DEFAULT NULL,
  `to_float` float DEFAULT NULL,
  PRIMARY KEY (`id`),
  KEY `user_id` (`user_id`),
  KEY `recordid_changedate_composite_index` (`record_id`,`changedate`),
  KEY `tablename_recordid_changedate_composite_index` (`tablename`,`record_id`,`changedate`),
  CONSTRAINT `history_ibfk_1` FOREIGN KEY (`user_id`) REFERENCES `cms_users` (`id`) ON DELETE SET NULL ON UPDATE CASCADE
) ENGINE=InnoDB AUTO_INCREMENT=30918 DEFAULT CHARSET=utf8 ROW_FORMAT=DYNAMIC;
/*!40101 SET character_set_client = @saved_cs_client */;

--
-- Dumping data for table `history`
--

LOCK TABLES `history` WRITE;
/*!40000 ALTER TABLE `history` DISABLE KEYS */;
/*!40000 ALTER TABLE `history` ENABLE KEYS */;
UNLOCK TABLES;

--
-- Table structure for table `itemsout`
--

DROP TABLE IF EXISTS `itemsout`;
/*!40101 SET @saved_cs_client     = @@character_set_client */;
/*!40101 SET character_set_client = utf8 */;
CREATE TABLE `itemsout` (
  `id` int(11) unsigned NOT NULL AUTO_INCREMENT,
  `product_id` int(11) unsigned DEFAULT NULL,
  `size_id` int(11) unsigned DEFAULT NULL,
  `count` int(11) DEFAULT NULL,
  `movedate` datetime DEFAULT NULL,
  `from_location` int(11) unsigned DEFAULT NULL,
  `to_location` int(11) unsigned DEFAULT NULL,
  PRIMARY KEY (`id`),
  KEY `from_location` (`from_location`),
  KEY `to_location` (`to_location`),
  KEY `product_id` (`product_id`),
  KEY `size_id` (`size_id`),
  CONSTRAINT `itemsout_ibfk_5` FOREIGN KEY (`from_location`) REFERENCES `locations` (`id`) ON DELETE SET NULL ON UPDATE CASCADE,
  CONSTRAINT `itemsout_ibfk_6` FOREIGN KEY (`to_location`) REFERENCES `locations` (`id`) ON DELETE SET NULL ON UPDATE CASCADE,
  CONSTRAINT `itemsout_ibfk_7` FOREIGN KEY (`product_id`) REFERENCES `products` (`id`) ON DELETE SET NULL ON UPDATE CASCADE,
  CONSTRAINT `itemsout_ibfk_8` FOREIGN KEY (`size_id`) REFERENCES `sizes` (`id`) ON DELETE SET NULL ON UPDATE CASCADE
) ENGINE=InnoDB AUTO_INCREMENT=43 DEFAULT CHARSET=utf8 ROW_FORMAT=DYNAMIC;
/*!40101 SET character_set_client = @saved_cs_client */;

--
-- Dumping data for table `itemsout`
--

LOCK TABLES `itemsout` WRITE;
/*!40000 ALTER TABLE `itemsout` DISABLE KEYS */;
INSERT INTO `itemsout` VALUES (1,57,125,32,'2021-10-08 11:29:53',4,5),(2,37,119,55,'2021-10-08 11:30:16',4,6),(3,37,119,47,'2021-10-08 11:45:53',6,100000007),(4,145,4,64,'2021-10-08 11:56:07',1,6),(5,48,68,26,'2021-11-10 14:34:30',5,100000007),(6,124,68,20,'2022-02-18 20:39:51',9,4),(7,222,68,21,'2022-02-18 20:44:04',16,6),(8,62,17,31,'2022-04-08 18:04:11',4,1),(9,204,52,47,'2022-04-08 19:04:43',6,1),(10,194,68,58,'2022-04-08 18:13:25',7,1),(11,194,68,58,'2022-04-08 18:14:03',1,4),(12,73,64,42,'2022-04-08 18:17:28',10,1),(13,204,52,47,'2022-04-09 09:34:39',6,1),(14,57,125,32,'2022-04-09 15:34:04',4,7),(15,37,119,55,'2022-04-09 15:34:04',4,7),(16,206,52,56,'2022-04-09 15:34:05',4,7),(17,217,68,90,'2022-04-09 15:34:05',4,7),(18,57,125,32,'2022-04-13 13:02:16',4,3),(19,57,125,32,'2022-05-04 14:41:28',4,1),(20,37,119,55,'2022-05-04 14:42:04',4,3),(21,206,52,56,'2022-05-04 14:42:20',4,3),(22,217,68,90,'2022-05-04 14:42:44',4,2),(23,46,3,71,'2022-05-04 14:42:53',4,5),(24,57,125,32,'2022-05-07 21:40:20',4,6),(25,57,125,32,'2022-05-07 21:47:46',6,1),(26,37,119,55,'2022-05-26 11:34:16',4,10),(27,52,121,75,'2022-07-16 14:42:21',7,2),(28,138,71,15,'2022-07-16 20:10:26',6,8),(29,17,1,7,'2022-07-17 14:39:02',4,5),(30,17,1,7,'2022-07-17 14:39:32',5,2),(31,17,1,7,'2022-07-17 14:39:50',2,3),(32,17,1,7,'2022-07-17 14:40:01',3,1),(33,17,3,7,'2022-07-17 14:47:28',1,4),(34,73,63,94,'2022-07-17 14:39:10',2,4),(35,73,63,94,'2022-07-17 14:41:14',4,13),(36,73,63,94,'2022-07-17 14:41:23',13,6),(37,23,68,4,'2022-07-22 20:28:46',8,2),(38,132,54,82,'2022-08-20 11:56:01',13,1),(39,132,54,82,'2022-08-20 11:56:29',1,3),(40,14,2,66,'2022-09-22 14:11:33',5,4),(41,14,2,66,'2022-09-28 14:06:52',5,4),(42,128,68,17,'2022-09-29 12:51:58',6,1);
/*!40000 ALTER TABLE `itemsout` ENABLE KEYS */;
UNLOCK TABLES;

--
-- Table structure for table `languages`
--

DROP TABLE IF EXISTS `languages`;
/*!40101 SET @saved_cs_client     = @@character_set_client */;
/*!40101 SET character_set_client = utf8 */;
CREATE TABLE `languages` (
  `id` int(11) unsigned NOT NULL AUTO_INCREMENT,
  `visible` tinyint(4) NOT NULL DEFAULT '1',
  `code` varchar(255) DEFAULT NULL,
  `locale` varchar(255) DEFAULT NULL,
  `name` varchar(255) DEFAULT NULL,
  `strftime_dateformat` varchar(255) DEFAULT NULL,
  `smarty_dateformat` varchar(255) DEFAULT NULL,
  `seq` int(11) DEFAULT NULL,
  `rtl` tinyint(4) NOT NULL,
  PRIMARY KEY (`id`)
) ENGINE=InnoDB AUTO_INCREMENT=17 DEFAULT CHARSET=utf8 ROW_FORMAT=DYNAMIC;
/*!40101 SET character_set_client = @saved_cs_client */;

--
-- Dumping data for table `languages`
--

LOCK TABLES `languages` WRITE;
/*!40000 ALTER TABLE `languages` DISABLE KEYS */;
INSERT INTO `languages` VALUES (1,0,'nl','nl_NL','Dutch','%A %e %B %Y','%A %e %B %Y',1,0),(2,1,'en','en_GB','English','%A %B %e %Y','%A %B %e %Y',2,0),(3,1,'fr','fr_FR','French','%A %B %e %Y','%A %B %e %Y',4,0),(4,0,'de','de_DE','German','%A %e. %B %Y','%A %e. %B %Y',3,0),(5,1,'ar','ar_AE','Arabic','%A %e. %B %Y','%A %e. %B %Y',5,1),(6,1,'ckb','ckb_TR','Sorani / Central Kurdish','%A %e. %B %Y','%A %e. %B %Y',6,1),(8,1,NULL,NULL,'Urdu','%A %B %e %Y','%A %B %e %Y',7,1),(9,1,NULL,NULL,'Kurmanji / Northern Kurdish',NULL,NULL,9,0),(10,1,NULL,NULL,'Farsi',NULL,NULL,10,1),(11,1,NULL,NULL,'Pashto',NULL,NULL,11,1),(12,1,NULL,NULL,'Tigrinya',NULL,NULL,12,0),(13,1,NULL,NULL,'Amharic',NULL,NULL,13,0),(14,1,NULL,NULL,'Lingala',NULL,NULL,15,0),(15,1,NULL,NULL,'Somali',NULL,NULL,15,0),(16,1,NULL,NULL,'Dari',NULL,NULL,16,0);
/*!40000 ALTER TABLE `languages` ENABLE KEYS */;
UNLOCK TABLES;

--
-- Table structure for table `laundry_appointments`
--

DROP TABLE IF EXISTS `laundry_appointments`;
/*!40101 SET @saved_cs_client     = @@character_set_client */;
/*!40101 SET character_set_client = utf8 */;
CREATE TABLE `laundry_appointments` (
  `id` int(11) unsigned NOT NULL AUTO_INCREMENT,
  `cyclestart` date DEFAULT NULL,
  `timeslot` int(11) unsigned NOT NULL,
  `people_id` int(11) unsigned DEFAULT NULL,
  `created` datetime DEFAULT NULL,
  `created_by` int(11) unsigned DEFAULT NULL,
  `modified` datetime DEFAULT NULL,
  `modified_by` int(11) unsigned DEFAULT NULL,
  `noshow` tinyint(4) NOT NULL DEFAULT '0',
  `dropoff` tinyint(4) NOT NULL DEFAULT '0',
  `collected` tinyint(4) NOT NULL DEFAULT '0',
  `comment` text NOT NULL,
  PRIMARY KEY (`id`),
  KEY `timeslot` (`timeslot`),
  KEY `created_by` (`created_by`),
  KEY `modified_by` (`modified_by`),
  KEY `people_id` (`people_id`),
  CONSTRAINT `laundry_appointments_ibfk_3` FOREIGN KEY (`timeslot`) REFERENCES `laundry_slots` (`id`) ON UPDATE CASCADE,
  CONSTRAINT `laundry_appointments_ibfk_5` FOREIGN KEY (`created_by`) REFERENCES `cms_users` (`id`) ON DELETE SET NULL ON UPDATE CASCADE,
  CONSTRAINT `laundry_appointments_ibfk_6` FOREIGN KEY (`modified_by`) REFERENCES `cms_users` (`id`) ON DELETE SET NULL ON UPDATE CASCADE,
  CONSTRAINT `laundry_appointments_ibfk_7` FOREIGN KEY (`people_id`) REFERENCES `people` (`id`) ON DELETE SET NULL ON UPDATE CASCADE
) ENGINE=InnoDB DEFAULT CHARSET=utf8 ROW_FORMAT=DYNAMIC;
/*!40101 SET character_set_client = @saved_cs_client */;

--
-- Dumping data for table `laundry_appointments`
--

LOCK TABLES `laundry_appointments` WRITE;
/*!40000 ALTER TABLE `laundry_appointments` DISABLE KEYS */;
/*!40000 ALTER TABLE `laundry_appointments` ENABLE KEYS */;
UNLOCK TABLES;

--
-- Table structure for table `laundry_machines`
--

DROP TABLE IF EXISTS `laundry_machines`;
/*!40101 SET @saved_cs_client     = @@character_set_client */;
/*!40101 SET character_set_client = utf8 */;
CREATE TABLE `laundry_machines` (
  `id` int(11) unsigned NOT NULL AUTO_INCREMENT,
  `label` varchar(255) DEFAULT NULL,
  `station` int(11) unsigned NOT NULL,
  PRIMARY KEY (`id`),
  KEY `station` (`station`),
  CONSTRAINT `laundry_machines_ibfk_1` FOREIGN KEY (`station`) REFERENCES `laundry_stations` (`id`) ON UPDATE CASCADE
) ENGINE=InnoDB DEFAULT CHARSET=utf8 ROW_FORMAT=DYNAMIC;
/*!40101 SET character_set_client = @saved_cs_client */;

--
-- Dumping data for table `laundry_machines`
--

LOCK TABLES `laundry_machines` WRITE;
/*!40000 ALTER TABLE `laundry_machines` DISABLE KEYS */;
/*!40000 ALTER TABLE `laundry_machines` ENABLE KEYS */;
UNLOCK TABLES;

--
-- Table structure for table `laundry_slots`
--

DROP TABLE IF EXISTS `laundry_slots`;
/*!40101 SET @saved_cs_client     = @@character_set_client */;
/*!40101 SET character_set_client = utf8 */;
CREATE TABLE `laundry_slots` (
  `id` int(11) unsigned NOT NULL AUTO_INCREMENT,
  `day` tinyint(4) DEFAULT NULL,
  `time` int(11) unsigned NOT NULL,
  `machine` int(11) unsigned NOT NULL,
  PRIMARY KEY (`id`),
  KEY `machine` (`machine`),
  KEY `time` (`time`),
  CONSTRAINT `laundry_slots_ibfk_1` FOREIGN KEY (`machine`) REFERENCES `laundry_machines` (`id`) ON UPDATE CASCADE,
  CONSTRAINT `laundry_slots_ibfk_2` FOREIGN KEY (`time`) REFERENCES `laundry_times` (`id`) ON UPDATE CASCADE
) ENGINE=InnoDB DEFAULT CHARSET=utf8 ROW_FORMAT=DYNAMIC;
/*!40101 SET character_set_client = @saved_cs_client */;

--
-- Dumping data for table `laundry_slots`
--

LOCK TABLES `laundry_slots` WRITE;
/*!40000 ALTER TABLE `laundry_slots` DISABLE KEYS */;
/*!40000 ALTER TABLE `laundry_slots` ENABLE KEYS */;
UNLOCK TABLES;

--
-- Table structure for table `laundry_stations`
--

DROP TABLE IF EXISTS `laundry_stations`;
/*!40101 SET @saved_cs_client     = @@character_set_client */;
/*!40101 SET character_set_client = utf8 */;
CREATE TABLE `laundry_stations` (
  `id` int(11) unsigned NOT NULL AUTO_INCREMENT,
  `label` varchar(50) DEFAULT NULL,
  `access` varchar(255) NOT NULL DEFAULT 'TRUE',
  `camp_id` int(11) unsigned NOT NULL,
  PRIMARY KEY (`id`),
  KEY `camp_id` (`camp_id`),
  CONSTRAINT `laundry_stations_ibfk_1` FOREIGN KEY (`camp_id`) REFERENCES `camps` (`id`) ON UPDATE CASCADE
) ENGINE=InnoDB DEFAULT CHARSET=utf8 ROW_FORMAT=DYNAMIC;
/*!40101 SET character_set_client = @saved_cs_client */;

--
-- Dumping data for table `laundry_stations`
--

LOCK TABLES `laundry_stations` WRITE;
/*!40000 ALTER TABLE `laundry_stations` DISABLE KEYS */;
/*!40000 ALTER TABLE `laundry_stations` ENABLE KEYS */;
UNLOCK TABLES;

--
-- Table structure for table `laundry_times`
--

DROP TABLE IF EXISTS `laundry_times`;
/*!40101 SET @saved_cs_client     = @@character_set_client */;
/*!40101 SET character_set_client = utf8 */;
CREATE TABLE `laundry_times` (
  `id` int(11) unsigned NOT NULL AUTO_INCREMENT,
  `label` varchar(20) DEFAULT NULL,
  PRIMARY KEY (`id`)
) ENGINE=InnoDB DEFAULT CHARSET=utf8 ROW_FORMAT=DYNAMIC;
/*!40101 SET character_set_client = @saved_cs_client */;

--
-- Dumping data for table `laundry_times`
--

LOCK TABLES `laundry_times` WRITE;
/*!40000 ALTER TABLE `laundry_times` DISABLE KEYS */;
/*!40000 ALTER TABLE `laundry_times` ENABLE KEYS */;
UNLOCK TABLES;

--
-- Table structure for table `library`
--

DROP TABLE IF EXISTS `library`;
/*!40101 SET @saved_cs_client     = @@character_set_client */;
/*!40101 SET character_set_client = utf8 */;
CREATE TABLE `library` (
  `id` int(11) unsigned NOT NULL AUTO_INCREMENT,
  `code` varchar(255) DEFAULT NULL,
  `booktitle_en` varchar(255) DEFAULT NULL,
  `booktitle_ar` varchar(255) DEFAULT NULL,
  `author` varchar(255) DEFAULT NULL,
  `type_id` int(11) unsigned DEFAULT NULL,
  `deleted` tinyint(4) NOT NULL DEFAULT '0',
  `visible` tinyint(4) NOT NULL DEFAULT '0',
  `comment` text NOT NULL,
  `created` datetime DEFAULT NULL,
  `created_by` int(11) unsigned DEFAULT NULL,
  `modified` datetime DEFAULT NULL,
  `modified_by` int(11) unsigned DEFAULT NULL,
  `camp_id` int(11) unsigned NOT NULL,
  PRIMARY KEY (`id`),
  KEY `camp_id` (`camp_id`),
  KEY `type_id` (`type_id`),
  KEY `created_by` (`created_by`),
  KEY `modified_by` (`modified_by`),
  CONSTRAINT `library_ibfk_1` FOREIGN KEY (`camp_id`) REFERENCES `camps` (`id`) ON UPDATE CASCADE,
  CONSTRAINT `library_ibfk_4` FOREIGN KEY (`type_id`) REFERENCES `library_type` (`id`) ON UPDATE CASCADE,
  CONSTRAINT `library_ibfk_5` FOREIGN KEY (`created_by`) REFERENCES `cms_users` (`id`) ON DELETE SET NULL ON UPDATE CASCADE,
  CONSTRAINT `library_ibfk_6` FOREIGN KEY (`modified_by`) REFERENCES `cms_users` (`id`) ON DELETE SET NULL ON UPDATE CASCADE
) ENGINE=InnoDB AUTO_INCREMENT=101 DEFAULT CHARSET=utf8 ROW_FORMAT=DYNAMIC;
/*!40101 SET character_set_client = @saved_cs_client */;

--
-- Dumping data for table `library`
--

LOCK TABLES `library` WRITE;
/*!40000 ALTER TABLE `library` DISABLE KEYS */;
INSERT INTO `library` VALUES (1,'82016562','Versatile user-facing intranet',NULL,'Marks, Lang and Johnson',1,0,1,'',NULL,NULL,NULL,NULL,1),(2,'15442666','Diverse disintermediate framework',NULL,'Predovic Group',1,0,0,'',NULL,NULL,NULL,NULL,1),(3,'62113380','Digitized homogeneous neural-net',NULL,'Kunze, Langosh and McGlynn',1,0,0,'',NULL,NULL,NULL,NULL,1),(4,'78533516','Re-engineered bifurcated hub',NULL,'Jakubowski-Cormier',2,0,0,'',NULL,NULL,NULL,NULL,1),(5,'02609621','Object-based neutral application',NULL,'Marvin, Torphy and Boyer',1,0,0,'',NULL,NULL,NULL,NULL,1),(6,'49428971','Persistent global conglomeration',NULL,'Breitenberg PLC',1,0,1,'',NULL,NULL,NULL,NULL,1),(7,'34982624','Stand-alone interactive middleware',NULL,'Lesch Group',1,0,0,'',NULL,NULL,NULL,NULL,1),(8,'79308977','Networked multi-state methodology',NULL,'Schimmel-Zboncak',1,0,0,'',NULL,NULL,NULL,NULL,1),(9,'84026415','Switchable neutral solution',NULL,'Kuhic, Kuphal and Schaden',1,0,1,'',NULL,NULL,NULL,NULL,1),(10,'66363651','Public-key local policy',NULL,'Dickinson-Kerluke',2,0,1,'',NULL,NULL,NULL,NULL,1),(11,'46784247','Multi-lateral didactic time-frame',NULL,'Koch, Schultz and Bode',2,0,1,'',NULL,NULL,NULL,NULL,1),(12,'82288464','Decentralized incremental leverage',NULL,'Balistreri, Gaylord and Rosenbaum',1,0,0,'',NULL,NULL,NULL,NULL,1),(13,'88830377','Adaptive 6thgeneration toolset',NULL,'Dietrich-Prosacco',2,0,0,'',NULL,NULL,NULL,NULL,1),(14,'23931138','Multi-tiered stable time-frame',NULL,'Mayer LLC',1,0,0,'',NULL,NULL,NULL,NULL,1),(15,'24063418','Automated actuating website',NULL,'Luettgen, Larkin and Kuvalis',2,0,0,'',NULL,NULL,NULL,NULL,1),(16,'55363389','Re-engineered full-range function',NULL,'Cummerata-Walter',1,0,0,'',NULL,NULL,NULL,NULL,1),(17,'37921057','Re-contextualized 24/7 forecast',NULL,'Sauer, Gleichner and Nader',1,0,0,'',NULL,NULL,NULL,NULL,1),(18,'96919897','Horizontal multi-state infrastructure',NULL,'Farrell-Kunze',2,0,0,'',NULL,NULL,NULL,NULL,1),(19,'17619615','Profound fresh-thinking hierarchy',NULL,'Wiza-Olson',2,0,0,'',NULL,NULL,NULL,NULL,1),(20,'31325851','Versatile web-enabled model',NULL,'Bayer, Hauck and Schneider',1,0,0,'',NULL,NULL,NULL,NULL,1),(21,'57873060','Synergized even-keeled groupware',NULL,'Schaden-Sipes',2,0,0,'',NULL,NULL,NULL,NULL,1),(22,'03695760','Robust logistical blockchain',NULL,'Stroman-McCullough',2,0,0,'',NULL,NULL,NULL,NULL,1),(23,'19885193','Configurable interactive frame',NULL,'Schaefer Ltd',2,0,1,'',NULL,NULL,NULL,NULL,1),(24,'79822053','Profit-focused leadingedge policy',NULL,'Bosco, Ward and McDermott',2,0,1,'',NULL,NULL,NULL,NULL,1),(25,'07996313','Integrated web-enabled challenge',NULL,'Hodkiewicz, Tremblay and Dare',2,0,1,'',NULL,NULL,NULL,NULL,1),(26,'46781819','Multi-tiered eco-centric hierarchy',NULL,'Gutkowski-Reilly',2,0,1,'',NULL,NULL,NULL,NULL,1),(27,'81764419','Operative background solution',NULL,'Schaden Ltd',2,0,1,'',NULL,NULL,NULL,NULL,1),(28,'09289628','Focused secondary circuit',NULL,'Turcotte-Thompson',1,0,0,'',NULL,NULL,NULL,NULL,1),(29,'78739369','Open-source non-volatile paradigm',NULL,'Wisozk-Lockman',1,0,1,'',NULL,NULL,NULL,NULL,1),(30,'27543788','Visionary systematic throughput',NULL,'Rutherford-Hartmann',2,0,0,'',NULL,NULL,NULL,NULL,1),(31,'16146655','Robust bandwidth-monitored service-desk',NULL,'Reichel and Sons',2,0,0,'',NULL,NULL,NULL,NULL,1),(32,'62327237','Secured non-volatile algorithm',NULL,'Farrell LLC',1,0,0,'',NULL,NULL,NULL,NULL,1),(33,'91011947','Advanced 4thgeneration approach',NULL,'Howell-McKenzie',1,0,1,'',NULL,NULL,NULL,NULL,1),(34,'81946532','Upgradable uniform alliance',NULL,'Mohr-Auer',1,0,1,'',NULL,NULL,NULL,NULL,1),(35,'79745567','Assimilated bandwidth-monitored parallelism',NULL,'Zemlak-Hintz',2,0,1,'',NULL,NULL,NULL,NULL,1),(36,'40928494','Innovative zerotolerance time-frame',NULL,'Little-Hessel',1,0,1,'',NULL,NULL,NULL,NULL,1),(37,'42536727','Multi-tiered grid-enabled customerloyalty',NULL,'Romaguera-Ledner',1,0,0,'',NULL,NULL,NULL,NULL,1),(38,'26037738','De-engineered client-server knowledgeuser',NULL,'Quigley Inc',2,0,0,'',NULL,NULL,NULL,NULL,1),(39,'22033413','Visionary human-resource capability',NULL,'Romaguera, O\'Reilly and Hahn',1,0,0,'',NULL,NULL,NULL,NULL,1),(40,'74837397','Cross-group bifurcated capability',NULL,'West-Stanton',2,0,1,'',NULL,NULL,NULL,NULL,1),(41,'73660057','Realigned homogeneous website',NULL,'Bailey and Sons',2,0,1,'',NULL,NULL,NULL,NULL,1),(42,'89334652','Grass-roots multi-state capability',NULL,'Bartoletti and Sons',2,0,1,'',NULL,NULL,NULL,NULL,1),(43,'36827954','Centralized motivating knowledgebase',NULL,'Block Group',2,0,0,'',NULL,NULL,NULL,NULL,1),(44,'49548839','Innovative hybrid algorithm',NULL,'Sauer, Zulauf and Mayer',1,0,1,'',NULL,NULL,NULL,NULL,1),(45,'43235018','Operative bandwidth-monitored knowledgebase',NULL,'Eichmann Inc',2,0,0,'',NULL,NULL,NULL,NULL,1),(46,'31189835','User-centric encompassing protocol',NULL,'Cole-Johnson',2,0,0,'',NULL,NULL,NULL,NULL,1),(47,'79674539','Compatible bandwidth-monitored conglomeration',NULL,'Collins, O\'Kon and Gottlieb',2,0,1,'',NULL,NULL,NULL,NULL,1),(48,'18962024','Centralized client-driven neural-net',NULL,'Franecki PLC',2,0,0,'',NULL,NULL,NULL,NULL,1),(49,'75650025','Automated optimal array',NULL,'Kemmer, Wiza and Erdman',1,0,0,'',NULL,NULL,NULL,NULL,1),(50,'04732877','Extended secondary orchestration',NULL,'Fay Inc',2,0,1,'',NULL,NULL,NULL,NULL,1),(51,'76589737','Intuitive modular budgetarymanagement',NULL,'Daniel-Bergstrom',2,0,0,'',NULL,NULL,NULL,NULL,1),(52,'01323702','Polarised 24hour blockchain',NULL,'Hoeger, Marquardt and Shanahan',1,0,1,'',NULL,NULL,NULL,NULL,1),(53,'81377237','Multi-layered dedicated database',NULL,'Pouros-O\'Conner',1,0,0,'',NULL,NULL,NULL,NULL,1),(54,'24625357','Robust regional core',NULL,'Lindgren Inc',2,0,0,'',NULL,NULL,NULL,NULL,1),(55,'74950355','Operative object-oriented benchmark',NULL,'Lesch-Monahan',2,0,1,'',NULL,NULL,NULL,NULL,1),(56,'17572415','Virtual uniform pricingstructure',NULL,'Schiller, Mayer and Jones',2,0,0,'',NULL,NULL,NULL,NULL,1),(57,'08737915','Synchronised non-volatile moderator',NULL,'Nikolaus, Schuster and Harvey',1,0,1,'',NULL,NULL,NULL,NULL,1),(58,'11021858','User-centric zerodefect benchmark',NULL,'Larson-Larson',2,0,1,'',NULL,NULL,NULL,NULL,1),(59,'84093387','Monitored object-oriented protocol',NULL,'Kuhlman, Skiles and Huels',1,0,1,'',NULL,NULL,NULL,NULL,1),(60,'63708639','Function-based maximized access',NULL,'Ziemann-Hickle',1,0,0,'',NULL,NULL,NULL,NULL,1),(61,'69415258','Operative didactic matrices',NULL,'Wilkinson, Bechtelar and Reilly',2,0,0,'',NULL,NULL,NULL,NULL,1),(62,'64093864','Advanced upward-trending project',NULL,'Wunsch-Nolan',1,0,0,'',NULL,NULL,NULL,NULL,1),(63,'43213313','Configurable discrete challenge',NULL,'Leffler PLC',2,0,1,'',NULL,NULL,NULL,NULL,1),(64,'48930123','Distributed demand-driven encryption',NULL,'Friesen-Kerluke',1,0,0,'',NULL,NULL,NULL,NULL,1),(65,'87128314','Total value-added algorithm',NULL,'Nader, Parisian and Boyer',2,0,1,'',NULL,NULL,NULL,NULL,1),(66,'42811589','User-centric logistical frame',NULL,'Gislason and Sons',1,0,0,'',NULL,NULL,NULL,NULL,1),(67,'74517787','Decentralized bandwidth-monitored groupware',NULL,'Wiza and Sons',2,0,0,'',NULL,NULL,NULL,NULL,1),(68,'74582976','Business-focused transitional infrastructure',NULL,'Brekke-Douglas',1,0,0,'',NULL,NULL,NULL,NULL,1),(69,'28578208','Synergistic grid-enabled database',NULL,'Littel, Kertzmann and Eichmann',1,0,1,'',NULL,NULL,NULL,NULL,1),(70,'18969771','Ameliorated cohesive GraphicalUserInterface',NULL,'Collins Inc',2,0,0,'',NULL,NULL,NULL,NULL,1),(71,'90280016','Networked real-time neural-net',NULL,'Brown, Hermiston and Grady',2,0,0,'',NULL,NULL,NULL,NULL,1),(72,'54502512','Decentralized hybrid portal',NULL,'Johns, Jast and Weber',2,0,0,'',NULL,NULL,NULL,NULL,1),(73,'65695760','Realigned needs-based localareanetwork',NULL,'Prosacco-Heathcote',2,0,1,'',NULL,NULL,NULL,NULL,1),(74,'03660591','Polarised radical groupware',NULL,'Keeling Group',2,0,0,'',NULL,NULL,NULL,NULL,1),(75,'97385752','Automated holistic matrix',NULL,'Moore-Ryan',1,0,0,'',NULL,NULL,NULL,NULL,1),(76,'99441890','Universal national focusgroup',NULL,'Hettinger, Boyer and Leannon',2,0,1,'',NULL,NULL,NULL,NULL,1),(77,'55932738','Cross-group dedicated artificialintelligence',NULL,'Schneider PLC',2,0,1,'',NULL,NULL,NULL,NULL,1),(78,'53439253','Multi-layered modular initiative',NULL,'Veum and Sons',1,0,0,'',NULL,NULL,NULL,NULL,1),(79,'95681863','Triple-buffered impactful concept',NULL,'Greenholt-Barton',2,0,0,'',NULL,NULL,NULL,NULL,1),(80,'06849443','Pre-emptive 24/7 collaboration',NULL,'Cormier-Ruecker',1,0,1,'',NULL,NULL,NULL,NULL,1),(81,'07569470','Expanded systematic functionalities',NULL,'Donnelly-Denesik',2,0,0,'',NULL,NULL,NULL,NULL,1),(82,'08842312','Operative secondary approach',NULL,'Padberg, Bailey and Langosh',2,0,1,'',NULL,NULL,NULL,NULL,1),(83,'48945349','Versatile incremental methodology',NULL,'Crooks Inc',2,0,0,'',NULL,NULL,NULL,NULL,1),(84,'59900573','Quality-focused demand-driven internetsolution',NULL,'Schaden LLC',1,0,1,'',NULL,NULL,NULL,NULL,1),(85,'25583830','Universal dynamic utilisation',NULL,'Zemlak Group',1,0,0,'',NULL,NULL,NULL,NULL,1),(86,'11978824','Innovative contextually-based extranet',NULL,'Effertz Ltd',1,0,0,'',NULL,NULL,NULL,NULL,1),(87,'10195055','Stand-alone didactic internetsolution',NULL,'Farrell LLC',1,0,1,'',NULL,NULL,NULL,NULL,1),(88,'22048516','Triple-buffered regional time-frame',NULL,'Towne-Bechtelar',1,0,1,'',NULL,NULL,NULL,NULL,1),(89,'26356037','Quality-focused radical forecast',NULL,'Funk, Leuschke and Nienow',1,0,1,'',NULL,NULL,NULL,NULL,1),(90,'32314540','Function-based optimizing superstructure',NULL,'Vandervort-Weber',2,0,1,'',NULL,NULL,NULL,NULL,1),(91,'83624919','User-centric fault-tolerant hierarchy',NULL,'Beatty, Roob and Rutherford',1,0,0,'',NULL,NULL,NULL,NULL,1),(92,'16108356','Future-proofed 3rdgeneration model',NULL,'McDermott LLC',1,0,0,'',NULL,NULL,NULL,NULL,1),(93,'12586080','Quality-focused zerotolerance knowledgebase',NULL,'Gerlach-Moore',1,0,1,'',NULL,NULL,NULL,NULL,1),(94,'70692860','Secured motivating capacity',NULL,'Pacocha, Lubowitz and Reichel',2,0,1,'',NULL,NULL,NULL,NULL,1),(95,'05445585','Synchronised 5thgeneration challenge',NULL,'Nicolas Ltd',1,0,0,'',NULL,NULL,NULL,NULL,1),(96,'75725426','Progressive background hardware',NULL,'Bauch, McClure and Grant',1,0,0,'',NULL,NULL,NULL,NULL,1),(97,'60684585','Up-sized scalable leverage',NULL,'Greenholt-Thiel',2,0,0,'',NULL,NULL,NULL,NULL,1),(98,'56918526','Reverse-engineered context-sensitive access',NULL,'Dicki, Corkery and Konopelski',1,0,0,'',NULL,NULL,NULL,NULL,1),(99,'43509249','Sharable bifurcated processimprovement',NULL,'Mitchell, Lubowitz and O\'Kon',2,0,1,'',NULL,NULL,NULL,NULL,1),(100,'13562960','Automated bandwidth-monitored localareanetwork',NULL,'Senger and Sons',1,0,1,'',NULL,NULL,NULL,NULL,1);
/*!40000 ALTER TABLE `library` ENABLE KEYS */;
UNLOCK TABLES;

--
-- Table structure for table `library_transactions`
--

DROP TABLE IF EXISTS `library_transactions`;
/*!40101 SET @saved_cs_client     = @@character_set_client */;
/*!40101 SET character_set_client = utf8 */;
CREATE TABLE `library_transactions` (
  `id` int(11) unsigned NOT NULL AUTO_INCREMENT,
  `transaction_date` datetime DEFAULT NULL,
  `book_id` int(11) DEFAULT NULL,
  `people_id` int(11) unsigned DEFAULT NULL,
  `status` varchar(5) DEFAULT NULL,
  `created` datetime DEFAULT NULL,
  `created_by` int(11) unsigned DEFAULT NULL,
  `modified` datetime DEFAULT NULL,
  `modified_by` int(11) unsigned DEFAULT NULL,
  `comment` text NOT NULL,
  PRIMARY KEY (`id`),
  KEY `created_by` (`created_by`),
  KEY `modified_by` (`modified_by`),
  KEY `people_id` (`people_id`),
  CONSTRAINT `library_transactions_ibfk_4` FOREIGN KEY (`created_by`) REFERENCES `cms_users` (`id`) ON DELETE SET NULL ON UPDATE CASCADE,
  CONSTRAINT `library_transactions_ibfk_5` FOREIGN KEY (`modified_by`) REFERENCES `cms_users` (`id`) ON DELETE SET NULL ON UPDATE CASCADE,
  CONSTRAINT `library_transactions_ibfk_6` FOREIGN KEY (`people_id`) REFERENCES `people` (`id`) ON DELETE SET NULL ON UPDATE CASCADE
) ENGINE=InnoDB DEFAULT CHARSET=utf8 ROW_FORMAT=DYNAMIC;
/*!40101 SET character_set_client = @saved_cs_client */;

--
-- Dumping data for table `library_transactions`
--

LOCK TABLES `library_transactions` WRITE;
/*!40000 ALTER TABLE `library_transactions` DISABLE KEYS */;
/*!40000 ALTER TABLE `library_transactions` ENABLE KEYS */;
UNLOCK TABLES;

--
-- Table structure for table `library_type`
--

DROP TABLE IF EXISTS `library_type`;
/*!40101 SET @saved_cs_client     = @@character_set_client */;
/*!40101 SET character_set_client = utf8 */;
CREATE TABLE `library_type` (
  `id` int(11) unsigned NOT NULL AUTO_INCREMENT,
  `label` varchar(255) DEFAULT NULL,
  `camp_id` int(11) unsigned NOT NULL,
  PRIMARY KEY (`id`),
  KEY `camp_id` (`camp_id`),
  CONSTRAINT `library_type_ibfk_1` FOREIGN KEY (`camp_id`) REFERENCES `camps` (`id`) ON UPDATE CASCADE
) ENGINE=InnoDB AUTO_INCREMENT=3 DEFAULT CHARSET=utf8 ROW_FORMAT=DYNAMIC;
/*!40101 SET character_set_client = @saved_cs_client */;

--
-- Dumping data for table `library_type`
--

LOCK TABLES `library_type` WRITE;
/*!40000 ALTER TABLE `library_type` DISABLE KEYS */;
INSERT INTO `library_type` VALUES (1,'Books',1),(2,'Magazines',1);
/*!40000 ALTER TABLE `library_type` ENABLE KEYS */;
UNLOCK TABLES;

--
-- Table structure for table `locations`
--

DROP TABLE IF EXISTS `locations`;
/*!40101 SET @saved_cs_client     = @@character_set_client */;
/*!40101 SET character_set_client = utf8 */;
CREATE TABLE `locations` (
  `id` int(11) unsigned NOT NULL AUTO_INCREMENT,
  `label` varchar(20) NOT NULL,
  `camp_id` int(11) unsigned NOT NULL,
  `seq` int(11) DEFAULT NULL,
  `created` datetime DEFAULT NULL,
  `created_by` int(11) unsigned DEFAULT NULL,
  `modified` datetime DEFAULT NULL,
  `modified_by` int(11) unsigned DEFAULT NULL,
  `visible` tinyint(4) NOT NULL DEFAULT '1',
  `container_stock` tinyint(4) NOT NULL DEFAULT '0',
  `is_market` tinyint(4) NOT NULL DEFAULT '0',
  `is_donated` tinyint(4) NOT NULL DEFAULT '0',
  `is_lost` tinyint(4) NOT NULL DEFAULT '0',
  `type` varchar(20) NOT NULL DEFAULT 'Warehouse',
  `latitude` double DEFAULT NULL,
  `longitude` double DEFAULT NULL,
  `description` varchar(255) DEFAULT NULL,
  `deleted` datetime DEFAULT NULL,
  `is_scrap` tinyint(1) NOT NULL DEFAULT '0',
  `box_state_id` int(11) unsigned NOT NULL DEFAULT '1',
  PRIMARY KEY (`id`),
  KEY `camp_id` (`camp_id`),
  KEY `box_state_id` (`box_state_id`),
  KEY `created_by` (`created_by`),
  KEY `modified_by` (`modified_by`),
  KEY `locations_type_index` (`type`),
  KEY `locations_latitude_index` (`latitude`),
  KEY `locations_longitude_index` (`longitude`),
  CONSTRAINT `locations_ibfk_1` FOREIGN KEY (`camp_id`) REFERENCES `camps` (`id`) ON UPDATE CASCADE,
  CONSTRAINT `locations_ibfk_4` FOREIGN KEY (`box_state_id`) REFERENCES `box_state` (`id`) ON UPDATE CASCADE,
  CONSTRAINT `locations_ibfk_5` FOREIGN KEY (`box_state_id`) REFERENCES `box_state` (`id`) ON UPDATE CASCADE,
  CONSTRAINT `locations_ibfk_6` FOREIGN KEY (`created_by`) REFERENCES `cms_users` (`id`) ON DELETE SET NULL ON UPDATE CASCADE,
  CONSTRAINT `locations_ibfk_7` FOREIGN KEY (`modified_by`) REFERENCES `cms_users` (`id`) ON DELETE SET NULL ON UPDATE CASCADE
) ENGINE=InnoDB AUTO_INCREMENT=100000036 DEFAULT CHARSET=utf8 ROW_FORMAT=DYNAMIC;
/*!40101 SET character_set_client = @saved_cs_client */;

--
-- Dumping data for table `locations`
--

LOCK TABLES `locations` WRITE;
/*!40000 ALTER TABLE `locations` DISABLE KEYS */;
INSERT INTO `locations` VALUES (1,'Shop',1,1,NULL,NULL,NULL,NULL,0,0,1,0,0,'Warehouse',NULL,NULL,NULL,NULL,0,5),(2,'LOST',1,2,NULL,NULL,NULL,NULL,0,0,0,0,1,'Warehouse',NULL,NULL,NULL,NULL,0,2),(3,'SCRAP',1,3,NULL,NULL,NULL,NULL,0,0,0,0,0,'Warehouse',NULL,NULL,NULL,NULL,1,6),(4,'Stockroom',1,4,NULL,NULL,NULL,NULL,1,1,0,0,0,'Warehouse',NULL,NULL,NULL,NULL,0,1),(5,'WH',1,5,NULL,NULL,NULL,NULL,1,0,0,0,0,'Warehouse',NULL,NULL,NULL,NULL,0,1),(6,'WH Women',1,6,NULL,NULL,NULL,NULL,1,0,0,0,0,'Warehouse',NULL,NULL,NULL,NULL,0,1),(7,'WH Men',1,7,NULL,NULL,NULL,NULL,1,0,0,0,0,'Warehouse',NULL,NULL,NULL,NULL,0,1),(8,'WH Children',1,8,NULL,NULL,NULL,NULL,1,0,0,0,0,'Warehouse',NULL,NULL,NULL,NULL,0,1),(9,'WH Babies',1,9,NULL,NULL,NULL,NULL,1,0,0,0,0,'Warehouse',NULL,NULL,NULL,NULL,0,1),(10,'WH Shoes',1,10,NULL,NULL,NULL,NULL,1,0,0,0,0,'Warehouse',NULL,NULL,NULL,NULL,0,1),(11,'WH New arrivals',1,11,NULL,NULL,NULL,NULL,1,0,0,0,0,'Warehouse',NULL,NULL,NULL,NULL,0,1),(12,'WH Hygiene',1,12,NULL,NULL,NULL,NULL,1,0,0,0,0,'Warehouse',NULL,NULL,NULL,NULL,0,1),(13,'WH Seasonal',1,12,NULL,NULL,NULL,NULL,1,0,0,0,0,'Warehouse',NULL,NULL,NULL,NULL,0,1),(14,'LOST',2,14,NULL,NULL,NULL,NULL,0,0,0,0,1,'Warehouse',NULL,NULL,NULL,NULL,0,2),(15,'SCRAP',2,15,NULL,NULL,NULL,NULL,0,0,0,0,0,'Warehouse',NULL,NULL,NULL,NULL,1,6),(16,'Stockroom',2,16,NULL,NULL,NULL,NULL,1,1,0,0,0,'Warehouse',NULL,NULL,NULL,NULL,0,1),(17,'WH1',2,17,NULL,NULL,NULL,NULL,1,0,0,0,0,'Warehouse',NULL,NULL,NULL,NULL,0,1),(18,'WH2',2,18,NULL,NULL,NULL,NULL,1,0,0,0,0,'Warehouse',NULL,NULL,NULL,NULL,0,1),(19,'Shop',3,19,NULL,NULL,NULL,NULL,0,0,1,0,0,'Warehouse',NULL,NULL,NULL,NULL,0,5),(20,'LOST',3,20,NULL,NULL,NULL,NULL,0,0,0,0,1,'Warehouse',NULL,NULL,NULL,NULL,0,2),(21,'SCRAP',3,21,NULL,NULL,NULL,NULL,0,0,0,0,0,'Warehouse',NULL,NULL,NULL,NULL,1,6),(22,'Stockroom',3,21,NULL,NULL,NULL,NULL,1,1,0,0,0,'Warehouse',NULL,NULL,NULL,NULL,0,1),(100000000,'TestShop',100000000,NULL,NULL,NULL,NULL,NULL,0,0,1,0,0,'Warehouse',NULL,NULL,NULL,NULL,0,5),(100000001,'TestLOST',100000000,NULL,NULL,NULL,NULL,NULL,0,0,0,0,1,'Warehouse',NULL,NULL,NULL,NULL,0,2),(100000002,'TestDonated',100000000,NULL,NULL,NULL,NULL,NULL,0,0,0,1,0,'Warehouse',NULL,NULL,NULL,NULL,0,5),(100000003,'TestWarehouse',100000000,NULL,NULL,NULL,NULL,NULL,1,0,0,0,0,'Warehouse',NULL,NULL,NULL,NULL,0,1),(100000004,'TestStockroom',100000000,NULL,NULL,NULL,NULL,NULL,1,1,0,0,0,'Warehouse',NULL,NULL,NULL,NULL,0,1),(100000005,'TestDummyLocation',100000001,NULL,NULL,NULL,NULL,NULL,0,0,1,0,0,'Warehouse',NULL,NULL,NULL,NULL,0,5),(100000006,'TestSCRAP',100000000,NULL,NULL,NULL,NULL,NULL,0,0,0,0,0,'Warehouse',NULL,NULL,NULL,NULL,1,6);
/*!40000 ALTER TABLE `locations` ENABLE KEYS */;
UNLOCK TABLES;

--
-- Table structure for table `log`
--

DROP TABLE IF EXISTS `log`;
/*!40101 SET @saved_cs_client     = @@character_set_client */;
/*!40101 SET character_set_client = utf8 */;
CREATE TABLE `log` (
  `id` int(11) unsigned NOT NULL AUTO_INCREMENT,
  `logdate` datetime DEFAULT NULL,
  `content` text,
  `ip` varchar(255) DEFAULT NULL,
  `user` varchar(255) DEFAULT NULL,
  PRIMARY KEY (`id`)
) ENGINE=InnoDB DEFAULT CHARSET=utf8 ROW_FORMAT=DYNAMIC;
/*!40101 SET character_set_client = @saved_cs_client */;

--
-- Dumping data for table `log`
--

LOCK TABLES `log` WRITE;
/*!40000 ALTER TABLE `log` DISABLE KEYS */;
/*!40000 ALTER TABLE `log` ENABLE KEYS */;
UNLOCK TABLES;

--
-- Table structure for table `numbers`
--

DROP TABLE IF EXISTS `numbers`;
/*!40101 SET @saved_cs_client     = @@character_set_client */;
/*!40101 SET character_set_client = utf8 */;
CREATE TABLE `numbers` (
  `value` int(11) NOT NULL AUTO_INCREMENT,
  `label` varchar(20) NOT NULL,
  PRIMARY KEY (`value`)
) ENGINE=InnoDB AUTO_INCREMENT=11 DEFAULT CHARSET=utf8 ROW_FORMAT=DYNAMIC;
/*!40101 SET character_set_client = @saved_cs_client */;

--
-- Dumping data for table `numbers`
--

LOCK TABLES `numbers` WRITE;
/*!40000 ALTER TABLE `numbers` DISABLE KEYS */;
INSERT INTO `numbers` VALUES (0,'none'),(1,'one'),(2,'two'),(3,'three'),(4,'four'),(5,'five'),(6,'six'),(7,'seven'),(8,'eight'),(9,'nine'),(10,'ten');
/*!40000 ALTER TABLE `numbers` ENABLE KEYS */;
UNLOCK TABLES;

--
-- Table structure for table `organisations`
--

DROP TABLE IF EXISTS `organisations`;
/*!40101 SET @saved_cs_client     = @@character_set_client */;
/*!40101 SET character_set_client = utf8 */;
CREATE TABLE `organisations` (
  `id` int(11) unsigned NOT NULL AUTO_INCREMENT,
  `label` varchar(255) NOT NULL,
  `created` datetime DEFAULT NULL,
  `created_by` int(11) unsigned DEFAULT NULL,
  `deleted` datetime DEFAULT NULL,
  `modified` datetime DEFAULT NULL,
  `modified_by` int(11) unsigned DEFAULT NULL,
  PRIMARY KEY (`id`),
  KEY `created_by` (`created_by`),
  KEY `modified_by` (`modified_by`),
  CONSTRAINT `organisations_ibfk_1` FOREIGN KEY (`created_by`) REFERENCES `cms_users` (`id`) ON DELETE SET NULL ON UPDATE CASCADE,
  CONSTRAINT `organisations_ibfk_2` FOREIGN KEY (`modified_by`) REFERENCES `cms_users` (`id`) ON DELETE SET NULL ON UPDATE CASCADE
) ENGINE=InnoDB AUTO_INCREMENT=100000006 DEFAULT CHARSET=utf8 ROW_FORMAT=DYNAMIC;
/*!40101 SET character_set_client = @saved_cs_client */;

--
-- Dumping data for table `organisations`
--

LOCK TABLES `organisations` WRITE;
/*!40000 ALTER TABLE `organisations` DISABLE KEYS */;
INSERT INTO `organisations` VALUES (1,'BoxAid',NULL,NULL,NULL,NULL,NULL),(2,'BoxCare',NULL,NULL,NULL,NULL,NULL),(100000000,'TestOrganisation','2019-07-10 08:05:56',1,NULL,NULL,NULL),(100000001,'DummyTestOrgWithBoxes','2019-09-29 08:05:56',1,NULL,NULL,NULL);
/*!40000 ALTER TABLE `organisations` ENABLE KEYS */;
UNLOCK TABLES;

--
-- Table structure for table `people`
--

DROP TABLE IF EXISTS `people`;
/*!40101 SET @saved_cs_client     = @@character_set_client */;
/*!40101 SET character_set_client = utf8 */;
CREATE TABLE `people` (
  `id` int(11) unsigned NOT NULL AUTO_INCREMENT,
  `parent_id` int(11) unsigned DEFAULT NULL,
  `seq` int(11) NOT NULL,
  `firstname` varchar(255) NOT NULL DEFAULT '',
  `lastname` varchar(255) NOT NULL DEFAULT '',
  `date_of_birth` date DEFAULT NULL,
  `gender` varchar(255) NOT NULL DEFAULT '',
  `family_id` int(11) NOT NULL,
  `visible` int(11) NOT NULL DEFAULT '1',
  `created` datetime DEFAULT NULL,
  `created_by` int(11) unsigned DEFAULT NULL,
  `modified` datetime DEFAULT NULL,
  `modified_by` int(11) unsigned DEFAULT NULL,
  `url` int(11) DEFAULT NULL,
  `container` varchar(255) NOT NULL DEFAULT '',
  `tent` varchar(255) NOT NULL DEFAULT '',
  `email` varchar(255) NOT NULL DEFAULT '',
  `pass` varchar(255) NOT NULL DEFAULT '',
  `language` int(11) NOT NULL DEFAULT '5',
  `resetpassword` varchar(255) DEFAULT NULL,
  `comments` text,
  `workshoptraining` int(11) NOT NULL DEFAULT '0',
  `workshopsupervisor` int(11) NOT NULL DEFAULT '0',
  `phone` varchar(255) DEFAULT NULL,
  `bicycletraining` int(11) NOT NULL DEFAULT '0',
  `camp_id` int(11) unsigned NOT NULL,
  `deleted` datetime NOT NULL,
  `extraportion` int(11) NOT NULL DEFAULT '0',
  `notregistered` tinyint(4) NOT NULL DEFAULT '0',
  `workshopban` date DEFAULT NULL,
  `bicycleban` date DEFAULT NULL,
  `bicyclebancomment` text NOT NULL,
  `workshopbancomment` text NOT NULL,
  `volunteer` tinyint(4) NOT NULL DEFAULT '0',
  `laundryblock` tinyint(4) NOT NULL DEFAULT '0',
  `laundrycomment` varchar(255) DEFAULT NULL,
  `approvalsigned` tinyint(4) NOT NULL DEFAULT '0',
  `signaturefield` text,
  `date_of_signature` datetime NOT NULL DEFAULT '0000-00-00 00:00:00',
  PRIMARY KEY (`id`),
  KEY `parent_id` (`parent_id`),
  KEY `container` (`container`),
  KEY `camp_id` (`camp_id`),
  KEY `created_by` (`created_by`),
  KEY `modified_by` (`modified_by`),
  CONSTRAINT `people_ibfk_1` FOREIGN KEY (`camp_id`) REFERENCES `camps` (`id`) ON UPDATE CASCADE,
  CONSTRAINT `people_ibfk_5` FOREIGN KEY (`created_by`) REFERENCES `cms_users` (`id`) ON DELETE SET NULL ON UPDATE CASCADE,
  CONSTRAINT `people_ibfk_6` FOREIGN KEY (`modified_by`) REFERENCES `cms_users` (`id`) ON DELETE SET NULL ON UPDATE CASCADE,
  CONSTRAINT `people_ibfk_7` FOREIGN KEY (`parent_id`) REFERENCES `people` (`id`) ON DELETE SET NULL ON UPDATE CASCADE
) ENGINE=InnoDB AUTO_INCREMENT=100000484 DEFAULT CHARSET=utf8 ROW_FORMAT=DYNAMIC;
/*!40101 SET character_set_client = @saved_cs_client */;

--
-- Dumping data for table `people`
--

LOCK TABLES `people` WRITE;
/*!40000 ALTER TABLE `people` DISABLE KEYS */;
INSERT INTO `people` VALUES (1,NULL,0,'Ardith','Halvorson','1966-03-01','F',0,1,'2022-05-10 00:30:01',NULL,NULL,NULL,NULL,'4371','','','',5,NULL,NULL,0,0,NULL,0,1,'0000-00-00 00:00:00',0,0,NULL,NULL,'','',0,0,NULL,0,NULL,'0000-00-00 00:00:00'),(2,1,0,'Marshall','Halvorson','2018-03-17','M',0,1,'2022-05-10 00:30:01',NULL,NULL,NULL,NULL,'4371','','','',5,NULL,NULL,0,0,NULL,0,1,'0000-00-00 00:00:00',0,0,NULL,NULL,'','',0,0,NULL,0,NULL,'0000-00-00 00:00:00'),(3,NULL,0,'Ezra','Beier','1948-09-30','M',0,1,'2022-05-10 00:30:01',NULL,NULL,NULL,NULL,'1703','','','',5,NULL,NULL,0,0,NULL,0,1,'0000-00-00 00:00:00',0,0,NULL,NULL,'','',0,0,NULL,0,NULL,'0000-00-00 00:00:00'),(4,3,0,'Laurel','Beier','2010-04-24','M',0,1,'2022-05-10 00:30:01',NULL,NULL,NULL,NULL,'1703','','','',5,NULL,NULL,0,0,NULL,0,1,'0000-00-00 00:00:00',0,0,NULL,NULL,'','',0,0,NULL,0,NULL,'0000-00-00 00:00:00'),(5,3,0,'Juanita','Beier','2020-03-13','F',0,1,'2022-05-10 00:30:01',NULL,NULL,NULL,NULL,'1703','','','',5,NULL,NULL,0,0,NULL,0,1,'0000-00-00 00:00:00',0,0,NULL,NULL,'','',0,0,NULL,0,NULL,'0000-00-00 00:00:00'),(6,NULL,0,'Joel','Koss','1991-11-03','M',0,1,'2022-05-10 00:30:01',NULL,NULL,NULL,NULL,'2907','','','',5,NULL,NULL,0,0,NULL,0,1,'0000-00-00 00:00:00',0,0,NULL,NULL,'','',0,0,NULL,0,NULL,'0000-00-00 00:00:00'),(7,6,0,'Meghan','Koss','2021-05-23','F',0,1,'2022-05-10 00:30:01',NULL,NULL,NULL,NULL,'2907','','','',5,NULL,NULL,0,0,NULL,0,1,'0000-00-00 00:00:00',0,0,NULL,NULL,'','',0,0,NULL,0,NULL,'0000-00-00 00:00:00'),(8,6,0,'Tre','Koss','2008-07-07','M',0,1,'2022-05-10 00:30:01',NULL,NULL,NULL,NULL,'2907','','','',5,NULL,NULL,0,0,NULL,0,1,'0000-00-00 00:00:00',0,0,NULL,NULL,'','',0,0,NULL,0,NULL,'0000-00-00 00:00:00'),(9,NULL,0,'Amalia','Kub','1951-08-23','F',0,1,'2022-05-10 00:30:01',NULL,NULL,NULL,NULL,'2595','','','',5,NULL,NULL,0,0,NULL,0,1,'0000-00-00 00:00:00',0,0,NULL,NULL,'','',0,0,NULL,0,NULL,'0000-00-00 00:00:00'),(10,9,0,'Elva','Kub','2012-12-02','F',0,1,'2022-05-10 00:30:01',NULL,NULL,NULL,NULL,'2595','','','',5,NULL,NULL,0,0,NULL,0,1,'0000-00-00 00:00:00',0,0,NULL,NULL,'','',0,0,NULL,0,NULL,'0000-00-00 00:00:00'),(11,9,0,'Orval','Kub','2009-02-05','M',0,1,'2022-05-10 00:30:01',NULL,NULL,NULL,NULL,'2595','','','',5,NULL,NULL,0,0,NULL,0,1,'0000-00-00 00:00:00',0,0,NULL,NULL,'','',0,0,NULL,0,NULL,'0000-00-00 00:00:00'),(12,NULL,0,'Alessandra','Gerhold','1997-06-27','F',0,1,'2022-05-10 00:30:01',NULL,NULL,NULL,NULL,'2414','','','',5,NULL,NULL,0,0,NULL,0,1,'0000-00-00 00:00:00',0,0,NULL,NULL,'','',0,0,NULL,0,NULL,'0000-00-00 00:00:00'),(13,12,0,'Maximilian','Gerhold','2012-05-09','M',0,1,'2022-05-10 00:30:01',NULL,NULL,NULL,NULL,'2414','','','',5,NULL,NULL,0,0,NULL,0,1,'0000-00-00 00:00:00',0,0,NULL,NULL,'','',0,0,NULL,0,NULL,'0000-00-00 00:00:00'),(14,12,0,'Alta','Gerhold','2014-10-22','F',0,1,'2022-05-10 00:30:01',NULL,NULL,NULL,NULL,'2414','','','',5,NULL,NULL,0,0,NULL,0,1,'0000-00-00 00:00:00',0,0,NULL,NULL,'','',0,0,NULL,0,NULL,'0000-00-00 00:00:00'),(15,12,0,'Cassidy','Gerhold','2012-12-24','F',0,1,'2022-05-10 00:30:01',NULL,NULL,NULL,NULL,'2414','','','',5,NULL,NULL,0,0,NULL,0,1,'0000-00-00 00:00:00',0,0,NULL,NULL,'','',0,0,NULL,0,NULL,'0000-00-00 00:00:00'),(16,NULL,0,'Amanda','Price','1951-11-29','F',0,1,'2022-05-10 00:30:01',NULL,NULL,NULL,NULL,'8342','','','',5,NULL,NULL,0,0,NULL,0,1,'0000-00-00 00:00:00',0,0,NULL,NULL,'','',0,0,NULL,0,NULL,'0000-00-00 00:00:00'),(17,16,0,'Elijah','Price','2008-12-29','M',0,1,'2022-05-10 00:30:01',NULL,NULL,NULL,NULL,'8342','','','',5,NULL,NULL,0,0,NULL,0,1,'0000-00-00 00:00:00',0,0,NULL,NULL,'','',0,0,NULL,0,NULL,'0000-00-00 00:00:00'),(18,NULL,0,'Kaitlin','Daugherty','1980-04-27','F',0,1,'2022-05-10 00:30:01',NULL,NULL,NULL,NULL,'6341','','','',5,NULL,NULL,0,0,NULL,0,1,'0000-00-00 00:00:00',0,0,NULL,NULL,'','',0,0,NULL,0,NULL,'0000-00-00 00:00:00'),(19,NULL,0,'Rocio','Heller','1954-07-25','M',0,1,'2022-05-10 00:30:01',NULL,NULL,NULL,NULL,'3250','','','',5,NULL,NULL,0,0,NULL,0,1,'0000-00-00 00:00:00',0,0,NULL,NULL,'','',0,0,NULL,0,NULL,'0000-00-00 00:00:00'),(20,19,0,'Earl','Heller','2011-05-04','M',0,1,'2022-05-10 00:30:01',NULL,NULL,NULL,NULL,'3250','','','',5,NULL,NULL,0,0,NULL,0,1,'0000-00-00 00:00:00',0,0,NULL,NULL,'','',0,0,NULL,0,NULL,'0000-00-00 00:00:00'),(21,NULL,0,'Amanda','Hoppe','1959-02-03','F',0,1,'2022-05-10 00:30:01',NULL,NULL,NULL,NULL,'3852','','','',5,NULL,NULL,0,0,NULL,0,1,'0000-00-00 00:00:00',0,0,NULL,NULL,'','',0,0,NULL,0,NULL,'0000-00-00 00:00:00'),(22,21,0,'Carlie','Hoppe','2020-07-31','F',0,1,'2022-05-10 00:30:01',NULL,NULL,NULL,NULL,'3852','','','',5,NULL,NULL,0,0,NULL,0,1,'0000-00-00 00:00:00',0,0,NULL,NULL,'','',0,0,NULL,0,NULL,'0000-00-00 00:00:00'),(23,21,0,'Allene','Hoppe','2017-06-18','F',0,1,'2022-05-10 00:30:01',NULL,NULL,NULL,NULL,'3852','','','',5,NULL,NULL,0,0,NULL,0,1,'0000-00-00 00:00:00',0,0,NULL,NULL,'','',0,0,NULL,0,NULL,'0000-00-00 00:00:00'),(24,21,0,'Frederique','Hoppe','2015-11-11','F',0,1,'2022-05-10 00:30:01',NULL,NULL,NULL,NULL,'3852','','','',5,NULL,NULL,0,0,NULL,0,1,'0000-00-00 00:00:00',0,0,NULL,NULL,'','',0,0,NULL,0,NULL,'0000-00-00 00:00:00'),(25,21,0,'Celestine','Hoppe','2012-06-12','F',0,1,'2022-05-10 00:30:01',NULL,NULL,NULL,NULL,'3852','','','',5,NULL,NULL,0,0,NULL,0,1,'0000-00-00 00:00:00',0,0,NULL,NULL,'','',0,0,NULL,0,NULL,'0000-00-00 00:00:00'),(26,NULL,0,'Jerel','Wisoky','1979-04-01','M',0,1,'2022-05-10 00:30:01',NULL,NULL,NULL,NULL,'8686','','','',5,NULL,NULL,0,0,NULL,0,1,'0000-00-00 00:00:00',0,0,NULL,NULL,'','',0,0,NULL,0,NULL,'0000-00-00 00:00:00'),(27,26,0,'Emmett','Wisoky','2008-01-24','M',0,1,'2022-05-10 00:30:01',NULL,NULL,NULL,NULL,'8686','','','',5,NULL,NULL,0,0,NULL,0,1,'0000-00-00 00:00:00',0,0,NULL,NULL,'','',0,0,NULL,0,NULL,'0000-00-00 00:00:00'),(28,NULL,0,'Keenan','Shanahan','1968-04-21','M',0,1,'2022-05-10 00:30:01',NULL,NULL,NULL,NULL,'9395','','','',5,NULL,NULL,0,0,NULL,0,1,'0000-00-00 00:00:00',0,0,NULL,NULL,'','',0,0,NULL,0,NULL,'0000-00-00 00:00:00'),(29,28,0,'Marilyne','Shanahan','2009-12-17','F',0,1,'2022-05-10 00:30:01',NULL,NULL,NULL,NULL,'9395','','','',5,NULL,NULL,0,0,NULL,0,1,'0000-00-00 00:00:00',0,0,NULL,NULL,'','',0,0,NULL,0,NULL,'0000-00-00 00:00:00'),(30,28,0,'Demetrius','Shanahan','2021-06-18','M',0,1,'2022-05-10 00:30:01',NULL,NULL,NULL,NULL,'9395','','','',5,NULL,NULL,0,0,NULL,0,1,'0000-00-00 00:00:00',0,0,NULL,NULL,'','',0,0,NULL,0,NULL,'0000-00-00 00:00:00'),(31,28,0,'Eleanore','Shanahan','2011-08-21','F',0,1,'2022-05-10 00:30:01',NULL,NULL,NULL,NULL,'9395','','','',5,NULL,NULL,0,0,NULL,0,1,'0000-00-00 00:00:00',0,0,NULL,NULL,'','',0,0,NULL,0,NULL,'0000-00-00 00:00:00'),(32,NULL,0,'Velva','Schuppe','1960-10-23','F',0,1,'2022-05-10 00:30:01',NULL,NULL,NULL,NULL,'6926','','','',5,NULL,NULL,0,0,NULL,0,1,'0000-00-00 00:00:00',0,0,NULL,NULL,'','',0,0,NULL,0,NULL,'0000-00-00 00:00:00'),(33,32,0,'Wilmer','Schuppe','2014-06-09','M',0,1,'2022-05-10 00:30:01',NULL,NULL,NULL,NULL,'6926','','','',5,NULL,NULL,0,0,NULL,0,1,'0000-00-00 00:00:00',0,0,NULL,NULL,'','',0,0,NULL,0,NULL,'0000-00-00 00:00:00'),(34,NULL,0,'Nannie','Ryan','1961-09-26','F',0,1,'2022-05-10 00:30:01',NULL,NULL,NULL,NULL,'6021','','','',5,NULL,NULL,0,0,NULL,0,1,'0000-00-00 00:00:00',0,0,NULL,NULL,'','',0,0,NULL,0,NULL,'0000-00-00 00:00:00'),(35,NULL,0,'Destinee','Marvin','1994-06-25','F',0,1,'2022-05-10 00:30:01',NULL,NULL,NULL,NULL,'2184','','','',5,NULL,NULL,0,0,NULL,0,1,'0000-00-00 00:00:00',0,0,NULL,NULL,'','',0,0,NULL,0,NULL,'0000-00-00 00:00:00'),(36,NULL,0,'Margarita','Baumbach','1957-10-11','F',0,1,'2022-05-10 00:30:01',NULL,NULL,NULL,NULL,'1347','','','',5,NULL,NULL,0,0,NULL,0,1,'0000-00-00 00:00:00',0,0,NULL,NULL,'','',0,0,NULL,0,NULL,'0000-00-00 00:00:00'),(37,NULL,0,'Pat','Welch','1960-06-06','F',0,1,'2022-05-10 00:30:01',NULL,NULL,NULL,NULL,'8057','','','',5,NULL,NULL,0,0,NULL,0,1,'0000-00-00 00:00:00',0,0,NULL,NULL,'','',0,0,NULL,0,NULL,'0000-00-00 00:00:00'),(38,NULL,0,'Bessie','Boehm','1951-09-17','F',0,1,'2022-05-10 00:30:01',NULL,NULL,NULL,NULL,'3633','','','',5,NULL,NULL,0,0,NULL,0,1,'0000-00-00 00:00:00',0,0,NULL,NULL,'','',0,0,NULL,0,NULL,'0000-00-00 00:00:00'),(39,38,0,'Raul','Boehm','2010-04-13','M',0,1,'2022-05-10 00:30:01',NULL,NULL,NULL,NULL,'3633','','','',5,NULL,NULL,0,0,NULL,0,1,'0000-00-00 00:00:00',0,0,NULL,NULL,'','',0,0,NULL,0,NULL,'0000-00-00 00:00:00'),(40,38,0,'Elza','Boehm','2018-03-28','F',0,1,'2022-05-10 00:30:01',NULL,NULL,NULL,NULL,'3633','','','',5,NULL,NULL,0,0,NULL,0,1,'0000-00-00 00:00:00',0,0,NULL,NULL,'','',0,0,NULL,0,NULL,'0000-00-00 00:00:00'),(41,38,0,'Justice','Boehm','2014-03-21','M',0,1,'2022-05-10 00:30:01',NULL,NULL,NULL,NULL,'3633','','','',5,NULL,NULL,0,0,NULL,0,1,'0000-00-00 00:00:00',0,0,NULL,NULL,'','',0,0,NULL,0,NULL,'0000-00-00 00:00:00'),(42,NULL,0,'Joan','Runolfsdottir','2005-01-05','M',0,1,'2022-05-10 00:30:01',NULL,NULL,NULL,NULL,'9223','','','',5,NULL,NULL,0,0,NULL,0,1,'0000-00-00 00:00:00',0,0,NULL,NULL,'','',0,0,NULL,0,NULL,'0000-00-00 00:00:00'),(43,42,0,'Cheyanne','Runolfsdottir','2019-03-02','F',0,1,'2022-05-10 00:30:01',NULL,NULL,NULL,NULL,'9223','','','',5,NULL,NULL,0,0,NULL,0,1,'0000-00-00 00:00:00',0,0,NULL,NULL,'','',0,0,NULL,0,NULL,'0000-00-00 00:00:00'),(44,NULL,0,'Kianna','Lesch','1969-11-09','F',0,1,'2022-05-10 00:30:01',NULL,NULL,NULL,NULL,'6768','','','',5,NULL,NULL,0,0,NULL,0,1,'0000-00-00 00:00:00',0,0,NULL,NULL,'','',0,0,NULL,0,NULL,'0000-00-00 00:00:00'),(45,44,0,'Margot','Lesch','2018-09-23','F',0,1,'2022-05-10 00:30:01',NULL,NULL,NULL,NULL,'6768','','','',5,NULL,NULL,0,0,NULL,0,1,'0000-00-00 00:00:00',0,0,NULL,NULL,'','',0,0,NULL,0,NULL,'0000-00-00 00:00:00'),(46,NULL,0,'Lillian','Lynch','1997-04-03','F',0,1,'2022-05-10 00:30:01',NULL,NULL,NULL,NULL,'8778','','','',5,NULL,NULL,0,0,NULL,0,1,'2022-05-23 20:49:39',0,0,NULL,NULL,'','',0,0,NULL,0,NULL,'0000-00-00 00:00:00'),(47,46,0,'Odessa','Lynch','2014-01-28','F',0,1,'2022-05-10 00:30:01',NULL,NULL,NULL,NULL,'8778','','','',5,NULL,NULL,0,0,NULL,0,1,'2022-05-23 20:49:39',0,0,NULL,NULL,'','',0,0,NULL,0,NULL,'0000-00-00 00:00:00'),(48,46,0,'Elinor','Lynch','2013-10-26','F',0,1,'2022-05-10 00:30:01',NULL,NULL,NULL,NULL,'8778','','','',5,NULL,NULL,0,0,NULL,0,1,'2022-05-23 20:49:39',0,0,NULL,NULL,'','',0,0,NULL,0,NULL,'0000-00-00 00:00:00'),(49,NULL,0,'Elza','Emmerich','1997-06-07','F',0,1,'2022-05-10 00:30:01',NULL,NULL,NULL,NULL,'8064','','','',5,NULL,NULL,0,0,NULL,0,1,'0000-00-00 00:00:00',0,0,NULL,NULL,'','',0,0,NULL,0,NULL,'0000-00-00 00:00:00'),(50,NULL,0,'Deondre','Bashirian','1958-09-16','M',0,1,'2022-05-10 00:30:01',NULL,NULL,NULL,NULL,'5252','','','',5,NULL,NULL,0,0,NULL,0,1,'0000-00-00 00:00:00',0,0,NULL,NULL,'','',0,0,NULL,0,NULL,'0000-00-00 00:00:00'),(51,NULL,0,'Evelyn','Heaney','1993-09-27','F',0,1,'2022-05-10 00:30:01',NULL,NULL,NULL,NULL,'8827','','','',5,NULL,NULL,0,0,NULL,0,1,'0000-00-00 00:00:00',0,0,NULL,NULL,'','',0,0,NULL,0,NULL,'0000-00-00 00:00:00'),(52,51,0,'Yasmin','Heaney','2007-12-10','F',0,1,'2022-05-10 00:30:01',NULL,NULL,NULL,NULL,'8827','','','',5,NULL,NULL,0,0,NULL,0,1,'0000-00-00 00:00:00',0,0,NULL,NULL,'','',0,0,NULL,0,NULL,'0000-00-00 00:00:00'),(53,51,0,'Herman','Heaney','2018-01-26','M',0,1,'2022-05-10 00:30:01',NULL,NULL,NULL,NULL,'8827','','','',5,NULL,NULL,0,0,NULL,0,1,'0000-00-00 00:00:00',0,0,NULL,NULL,'','',0,0,NULL,0,NULL,'0000-00-00 00:00:00'),(54,51,0,'Broderick','Heaney','2015-08-21','M',0,1,'2022-05-10 00:30:01',NULL,NULL,NULL,NULL,'8827','','','',5,NULL,NULL,0,0,NULL,0,1,'0000-00-00 00:00:00',0,0,NULL,NULL,'','',0,0,NULL,0,NULL,'0000-00-00 00:00:00'),(55,51,0,'Merle','Heaney','2018-03-11','M',0,1,'2022-05-10 00:30:01',NULL,NULL,NULL,NULL,'8827','','','',5,NULL,NULL,0,0,NULL,0,1,'0000-00-00 00:00:00',0,0,NULL,NULL,'','',0,0,NULL,0,NULL,'0000-00-00 00:00:00'),(56,51,0,'Marc','Heaney','2021-09-05','M',0,1,'2022-05-10 00:30:01',NULL,NULL,NULL,NULL,'8827','','','',5,NULL,NULL,0,0,NULL,0,1,'0000-00-00 00:00:00',0,0,NULL,NULL,'','',0,0,NULL,0,NULL,'0000-00-00 00:00:00'),(57,51,0,'Amara','Heaney','2015-06-09','F',0,1,'2022-05-10 00:30:01',NULL,NULL,NULL,NULL,'8827','','','',5,NULL,NULL,0,0,NULL,0,1,'0000-00-00 00:00:00',0,0,NULL,NULL,'','',0,0,NULL,0,NULL,'0000-00-00 00:00:00'),(58,NULL,0,'Mattie','Erdman','2004-09-24','F',0,1,'2022-05-10 00:30:01',NULL,NULL,NULL,NULL,'4057','','','',5,NULL,NULL,0,0,NULL,0,1,'0000-00-00 00:00:00',0,0,NULL,NULL,'','',0,0,NULL,0,NULL,'0000-00-00 00:00:00'),(59,58,0,'Arlie','Erdman','2014-02-05','F',0,1,'2022-05-10 00:30:01',NULL,NULL,NULL,NULL,'4057','','','',5,NULL,NULL,0,0,NULL,0,1,'0000-00-00 00:00:00',0,0,NULL,NULL,'','',0,0,NULL,0,NULL,'0000-00-00 00:00:00'),(60,NULL,0,'Arvel','Gusikowski','1961-04-16','M',0,1,'2022-05-10 00:30:01',NULL,NULL,NULL,NULL,'2913','','','',5,NULL,NULL,0,0,NULL,0,1,'0000-00-00 00:00:00',0,0,NULL,NULL,'','',0,0,NULL,0,NULL,'0000-00-00 00:00:00'),(61,60,0,'Boyd','Gusikowski','2010-08-20','M',0,1,'2022-05-10 00:30:01',NULL,NULL,NULL,NULL,'2913','','','',5,NULL,NULL,0,0,NULL,0,1,'0000-00-00 00:00:00',0,0,NULL,NULL,'','',0,0,NULL,0,NULL,'0000-00-00 00:00:00'),(62,60,0,'Renee','Gusikowski','2014-02-18','F',0,1,'2022-05-10 00:30:01',NULL,NULL,NULL,NULL,'2913','','','',5,NULL,NULL,0,0,NULL,0,1,'0000-00-00 00:00:00',0,0,NULL,NULL,'','',0,0,NULL,0,NULL,'0000-00-00 00:00:00'),(63,60,0,'Rita','Gusikowski','2018-05-01','F',0,1,'2022-05-10 00:30:01',NULL,NULL,NULL,NULL,'2913','','','',5,NULL,NULL,0,0,NULL,0,1,'0000-00-00 00:00:00',0,0,NULL,NULL,'','',0,0,NULL,0,NULL,'0000-00-00 00:00:00'),(64,60,0,'Charity','Gusikowski','2016-10-07','F',0,1,'2022-05-10 00:30:01',NULL,NULL,NULL,NULL,'2913','','','',5,NULL,NULL,0,0,NULL,0,1,'0000-00-00 00:00:00',0,0,NULL,NULL,'','',0,0,NULL,0,NULL,'0000-00-00 00:00:00'),(65,60,0,'Manley','Gusikowski','2018-05-08','M',0,1,'2022-05-10 00:30:01',NULL,NULL,NULL,NULL,'2913','','','',5,NULL,NULL,0,0,NULL,0,1,'0000-00-00 00:00:00',0,0,NULL,NULL,'','',0,0,NULL,0,NULL,'0000-00-00 00:00:00'),(66,60,0,'Emelie','Gusikowski','2014-03-25','F',0,1,'2022-05-10 00:30:01',NULL,NULL,NULL,NULL,'2913','','','',5,NULL,NULL,0,0,NULL,0,1,'0000-00-00 00:00:00',0,0,NULL,NULL,'','',0,0,NULL,0,NULL,'0000-00-00 00:00:00'),(67,60,0,'Kavon','Gusikowski','2020-05-13','F',0,1,'2022-05-10 00:30:01',NULL,NULL,NULL,NULL,'2913','','','',5,NULL,NULL,0,0,NULL,0,1,'0000-00-00 00:00:00',0,0,NULL,NULL,'','',0,0,NULL,0,NULL,'0000-00-00 00:00:00'),(68,NULL,0,'Emely','Ankunding','1983-01-07','F',0,1,'2022-05-10 00:30:01',NULL,NULL,NULL,NULL,'7794','','','',5,NULL,NULL,0,0,NULL,0,1,'0000-00-00 00:00:00',0,0,NULL,NULL,'','',0,0,NULL,0,NULL,'0000-00-00 00:00:00'),(69,68,0,'Issac','Ankunding','2010-03-14','M',0,1,'2022-05-10 00:30:01',NULL,NULL,NULL,NULL,'7794','','','',5,NULL,NULL,0,0,NULL,0,1,'0000-00-00 00:00:00',0,0,NULL,NULL,'','',0,0,NULL,0,NULL,'0000-00-00 00:00:00'),(70,68,0,'Nellie','Ankunding','2010-05-14','F',0,1,'2022-05-10 00:30:01',NULL,NULL,NULL,NULL,'7794','','','',5,NULL,NULL,0,0,NULL,0,1,'0000-00-00 00:00:00',0,0,NULL,NULL,'','',0,0,NULL,0,NULL,'0000-00-00 00:00:00'),(71,68,0,'Claud','Ankunding','2018-08-10','M',0,1,'2022-05-10 00:30:01',NULL,NULL,NULL,NULL,'7794','','','',5,NULL,NULL,0,0,NULL,0,1,'0000-00-00 00:00:00',0,0,NULL,NULL,'','',0,0,NULL,0,NULL,'0000-00-00 00:00:00'),(72,68,0,'Cade','Ankunding','2017-07-13','M',0,1,'2022-05-10 00:30:01',NULL,NULL,NULL,NULL,'7794','','','',5,NULL,NULL,0,0,NULL,0,1,'0000-00-00 00:00:00',0,0,NULL,NULL,'','',0,0,NULL,0,NULL,'0000-00-00 00:00:00'),(73,NULL,0,'Vicky','Casper','1959-07-03','F',0,1,'2022-05-10 00:30:01',NULL,NULL,NULL,NULL,'7024','','','',5,NULL,NULL,0,0,NULL,0,1,'0000-00-00 00:00:00',0,0,NULL,NULL,'','',0,0,NULL,0,NULL,'0000-00-00 00:00:00'),(74,73,0,'Beatrice','Casper','2008-06-06','F',0,1,'2022-05-10 00:30:01',NULL,NULL,NULL,NULL,'7024','','','',5,NULL,NULL,0,0,NULL,0,1,'0000-00-00 00:00:00',0,0,NULL,NULL,'','',0,0,NULL,0,NULL,'0000-00-00 00:00:00'),(75,73,0,'Rusty','Casper','2021-03-04','M',0,1,'2022-05-10 00:30:01',NULL,NULL,NULL,NULL,'7024','','','',5,NULL,NULL,0,0,NULL,0,1,'0000-00-00 00:00:00',0,0,NULL,NULL,'','',0,0,NULL,0,NULL,'0000-00-00 00:00:00'),(76,73,0,'Rebecca','Casper','2018-08-01','F',0,1,'2022-05-10 00:30:01',NULL,NULL,NULL,NULL,'7024','','','',5,NULL,NULL,0,0,NULL,0,1,'0000-00-00 00:00:00',0,0,NULL,NULL,'','',0,0,NULL,0,NULL,'0000-00-00 00:00:00'),(77,NULL,0,'Cora','Reinger','1967-03-26','F',0,1,'2022-05-10 00:30:01',NULL,NULL,NULL,NULL,'2304','','','',5,NULL,NULL,0,0,NULL,0,1,'0000-00-00 00:00:00',0,0,NULL,NULL,'','',0,0,NULL,0,NULL,'0000-00-00 00:00:00'),(78,77,0,'Teresa','Reinger','2010-04-17','F',0,1,'2022-05-10 00:30:01',NULL,NULL,NULL,NULL,'2304','','','',5,NULL,NULL,0,0,NULL,0,1,'0000-00-00 00:00:00',0,0,NULL,NULL,'','',0,0,NULL,0,NULL,'0000-00-00 00:00:00'),(79,77,0,'Icie','Reinger','2014-10-13','F',0,1,'2022-05-10 00:30:01',NULL,NULL,NULL,NULL,'2304','','','',5,NULL,NULL,0,0,NULL,0,1,'0000-00-00 00:00:00',0,0,NULL,NULL,'','',0,0,NULL,0,NULL,'0000-00-00 00:00:00'),(80,77,0,'Jarred','Reinger','2022-03-06','M',0,1,'2022-05-10 00:30:01',NULL,NULL,NULL,NULL,'2304','','','',5,NULL,NULL,0,0,NULL,0,1,'0000-00-00 00:00:00',0,0,NULL,NULL,'','',0,0,NULL,0,NULL,'0000-00-00 00:00:00'),(81,77,0,'Claude','Reinger','2017-05-07','M',0,1,'2022-05-10 00:30:01',NULL,NULL,NULL,NULL,'2304','','','',5,NULL,NULL,0,0,NULL,0,1,'0000-00-00 00:00:00',0,0,NULL,NULL,'','',0,0,NULL,0,NULL,'0000-00-00 00:00:00'),(82,NULL,0,'Gust','O\'Hara','1966-09-30','M',0,1,'2022-05-10 00:30:01',NULL,NULL,NULL,NULL,'6354','','','',5,NULL,NULL,0,0,NULL,0,1,'0000-00-00 00:00:00',0,0,NULL,NULL,'','',0,0,NULL,0,NULL,'0000-00-00 00:00:00'),(83,82,0,'Vena','O\'Hara','2017-10-04','F',0,1,'2022-05-10 00:30:01',NULL,NULL,NULL,NULL,'6354','','','',5,NULL,NULL,0,0,NULL,0,1,'0000-00-00 00:00:00',0,0,NULL,NULL,'','',0,0,NULL,0,NULL,'0000-00-00 00:00:00'),(84,NULL,0,'Della','Funk','1954-05-06','F',0,1,'2022-05-10 00:30:01',NULL,NULL,NULL,NULL,'4877','','','',5,NULL,NULL,0,0,NULL,0,1,'0000-00-00 00:00:00',0,0,NULL,NULL,'','',0,0,NULL,0,NULL,'0000-00-00 00:00:00'),(85,84,0,'Leta','Funk','2020-10-08','F',0,1,'2022-05-10 00:30:01',NULL,NULL,NULL,NULL,'4877','','','',5,NULL,NULL,0,0,NULL,0,1,'0000-00-00 00:00:00',0,0,NULL,NULL,'','',0,0,NULL,0,NULL,'0000-00-00 00:00:00'),(86,84,0,'Ursula','Funk','2021-06-17','F',0,1,'2022-05-10 00:30:01',NULL,NULL,NULL,NULL,'4877','','','',5,NULL,NULL,0,0,NULL,0,1,'0000-00-00 00:00:00',0,0,NULL,NULL,'','',0,0,NULL,0,NULL,'0000-00-00 00:00:00'),(87,NULL,0,'Abner','Stoltenberg','1947-08-30','M',0,1,'2022-05-10 00:30:01',NULL,NULL,NULL,NULL,'5833','','','',5,NULL,NULL,0,0,NULL,0,1,'0000-00-00 00:00:00',0,0,NULL,NULL,'','',0,0,NULL,0,NULL,'0000-00-00 00:00:00'),(88,87,0,'Kariane','Stoltenberg','2019-07-18','F',0,1,'2022-05-10 00:30:01',NULL,NULL,NULL,NULL,'5833','','','',5,NULL,NULL,0,0,NULL,0,1,'0000-00-00 00:00:00',0,0,NULL,NULL,'','',0,0,NULL,0,NULL,'0000-00-00 00:00:00'),(89,87,0,'Donavon','Stoltenberg','2010-10-07','M',0,1,'2022-05-10 00:30:01',NULL,NULL,NULL,NULL,'5833','','','',5,NULL,NULL,0,0,NULL,0,1,'0000-00-00 00:00:00',0,0,NULL,NULL,'','',0,0,NULL,0,NULL,'0000-00-00 00:00:00'),(90,NULL,0,'Keegan','Wunsch','1966-10-24','M',0,1,'2022-05-10 00:30:01',NULL,NULL,NULL,NULL,'1364','','','',5,NULL,NULL,0,0,NULL,0,1,'0000-00-00 00:00:00',0,0,NULL,NULL,'','',0,0,NULL,0,NULL,'0000-00-00 00:00:00'),(91,90,0,'Bertha','Wunsch','2008-06-14','M',0,1,'2022-05-10 00:30:01',NULL,NULL,NULL,NULL,'1364','','','',5,NULL,NULL,0,0,NULL,0,1,'0000-00-00 00:00:00',0,0,NULL,NULL,'','',0,0,NULL,0,NULL,'0000-00-00 00:00:00'),(92,90,0,'Tremaine','Wunsch','2014-11-09','M',0,1,'2022-05-10 00:30:01',NULL,NULL,NULL,NULL,'1364','','','',5,NULL,NULL,0,0,NULL,0,1,'0000-00-00 00:00:00',0,0,NULL,NULL,'','',0,0,NULL,0,NULL,'0000-00-00 00:00:00'),(93,NULL,0,'Elvie','Schmitt','1987-06-06','F',0,1,'2022-05-10 00:30:01',NULL,NULL,NULL,NULL,'7534','','','',5,NULL,NULL,0,0,NULL,0,1,'0000-00-00 00:00:00',0,0,NULL,NULL,'','',0,0,NULL,0,NULL,'0000-00-00 00:00:00'),(94,93,0,'Amari','Schmitt','2013-04-13','M',0,1,'2022-05-10 00:30:01',NULL,NULL,NULL,NULL,'7534','','','',5,NULL,NULL,0,0,NULL,0,1,'0000-00-00 00:00:00',0,0,NULL,NULL,'','',0,0,NULL,0,NULL,'0000-00-00 00:00:00'),(95,NULL,0,'Rosetta','Lesch','1984-07-01','F',0,1,'2022-05-10 00:30:01',NULL,NULL,NULL,NULL,'3890','','','',5,NULL,NULL,0,0,NULL,0,1,'0000-00-00 00:00:00',0,0,NULL,NULL,'','',0,0,NULL,0,NULL,'0000-00-00 00:00:00'),(96,95,0,'Felicity','Lesch','2021-01-16','F',0,1,'2022-05-10 00:30:01',NULL,NULL,NULL,NULL,'3890','','','',5,NULL,NULL,0,0,NULL,0,1,'0000-00-00 00:00:00',0,0,NULL,NULL,'','',0,0,NULL,0,NULL,'0000-00-00 00:00:00'),(97,NULL,0,'Lupe','Jones','1999-12-19','F',0,1,'2022-05-10 00:30:01',NULL,NULL,NULL,NULL,'9659','','','',5,NULL,NULL,0,0,NULL,0,1,'2022-06-06 01:20:53',0,0,NULL,NULL,'','',0,0,NULL,0,NULL,'0000-00-00 00:00:00'),(98,NULL,0,'Nichole','Ortiz','1963-02-03','F',0,1,'2022-05-10 00:30:01',NULL,NULL,NULL,NULL,'2633','','','',5,NULL,NULL,0,0,NULL,0,1,'0000-00-00 00:00:00',0,0,NULL,NULL,'','',0,0,NULL,0,NULL,'0000-00-00 00:00:00'),(99,98,0,'Leda','Ortiz','2019-03-25','F',0,1,'2022-05-10 00:30:01',NULL,NULL,NULL,NULL,'2633','','','',5,NULL,NULL,0,0,NULL,0,1,'0000-00-00 00:00:00',0,0,NULL,NULL,'','',0,0,NULL,0,NULL,'0000-00-00 00:00:00'),(100,98,0,'Mekhi','Ortiz','2019-08-20','M',0,1,'2022-05-10 00:30:01',NULL,NULL,NULL,NULL,'2633','','','',5,NULL,NULL,0,0,NULL,0,1,'0000-00-00 00:00:00',0,0,NULL,NULL,'','',0,0,NULL,0,NULL,'0000-00-00 00:00:00'),(101,98,0,'Earnestine','Ortiz','2018-10-16','F',0,1,'2022-05-10 00:30:01',NULL,NULL,NULL,NULL,'2633','','','',5,NULL,NULL,0,0,NULL,0,1,'0000-00-00 00:00:00',0,0,NULL,NULL,'','',0,0,NULL,0,NULL,'0000-00-00 00:00:00'),(102,98,0,'Jarrod','Ortiz','2010-03-28','M',0,1,'2022-05-10 00:30:01',NULL,NULL,NULL,NULL,'2633','','','',5,NULL,NULL,0,0,NULL,0,1,'0000-00-00 00:00:00',0,0,NULL,NULL,'','',0,0,NULL,0,NULL,'0000-00-00 00:00:00'),(103,NULL,0,'Houston','Kirlin','1996-02-11','M',0,1,'2022-05-10 00:30:01',NULL,NULL,NULL,NULL,'9699','','','',5,NULL,NULL,0,0,NULL,0,1,'0000-00-00 00:00:00',0,0,NULL,NULL,'','',0,0,NULL,0,NULL,'0000-00-00 00:00:00'),(104,103,0,'Samantha','Kirlin','2014-08-21','F',0,1,'2022-05-10 00:30:01',NULL,NULL,NULL,NULL,'9699','','','',5,NULL,NULL,0,0,NULL,0,1,'0000-00-00 00:00:00',0,0,NULL,NULL,'','',0,0,NULL,0,NULL,'0000-00-00 00:00:00'),(105,103,0,'Erick','Kirlin','2022-05-01','M',0,1,'2022-05-10 00:30:01',NULL,NULL,NULL,NULL,'9699','','','',5,NULL,NULL,0,0,NULL,0,1,'0000-00-00 00:00:00',0,0,NULL,NULL,'','',0,0,NULL,0,NULL,'0000-00-00 00:00:00'),(106,103,0,'Cara','Kirlin','2017-10-16','F',0,1,'2022-05-10 00:30:01',NULL,NULL,NULL,NULL,'9699','','','',5,NULL,NULL,0,0,NULL,0,1,'0000-00-00 00:00:00',0,0,NULL,NULL,'','',0,0,NULL,0,NULL,'0000-00-00 00:00:00'),(107,NULL,0,'Emie','Schneider','1978-02-27','F',0,1,'2022-05-10 00:30:01',NULL,NULL,NULL,NULL,'6404','','','',5,NULL,NULL,0,0,NULL,0,1,'0000-00-00 00:00:00',0,0,NULL,NULL,'','',0,0,NULL,0,NULL,'0000-00-00 00:00:00'),(108,NULL,0,'Mohammed','Blick','1982-11-26','M',0,1,'2022-05-10 00:30:01',NULL,NULL,NULL,NULL,'7939','','','',5,NULL,NULL,0,0,NULL,0,1,'0000-00-00 00:00:00',0,0,NULL,NULL,'','',0,0,NULL,0,NULL,'0000-00-00 00:00:00'),(109,108,0,'Gaylord','Blick','2014-09-20','M',0,1,'2022-05-10 00:30:01',NULL,NULL,NULL,NULL,'7939','','','',5,NULL,NULL,0,0,NULL,0,1,'0000-00-00 00:00:00',0,0,NULL,NULL,'','',0,0,NULL,0,NULL,'0000-00-00 00:00:00'),(110,NULL,0,'Alejandrin','Breitenberg','1963-02-21','M',0,1,'2022-05-10 00:30:01',NULL,NULL,NULL,NULL,'3600','','','',5,NULL,NULL,0,0,NULL,0,1,'0000-00-00 00:00:00',0,0,NULL,NULL,'','',0,0,NULL,0,NULL,'0000-00-00 00:00:00'),(111,NULL,0,'Sibyl','Wiza','1962-09-06','F',0,1,'2022-05-10 00:30:01',NULL,NULL,NULL,NULL,'7541','','','',5,NULL,NULL,0,0,NULL,0,1,'0000-00-00 00:00:00',0,0,NULL,NULL,'','',0,0,NULL,0,NULL,'0000-00-00 00:00:00'),(112,NULL,0,'Mikayla','Ebert','1974-08-13','F',0,1,'2022-05-10 00:30:01',NULL,NULL,NULL,NULL,'1063','','','',5,NULL,NULL,0,0,NULL,0,1,'0000-00-00 00:00:00',0,0,NULL,NULL,'','',0,0,NULL,0,NULL,'0000-00-00 00:00:00'),(113,NULL,0,'Vivian','Pollich','1965-01-28','F',0,1,'2022-05-10 00:30:01',NULL,NULL,NULL,NULL,'8131','','','',5,NULL,NULL,0,0,NULL,0,1,'0000-00-00 00:00:00',0,0,NULL,NULL,'','',0,0,NULL,0,NULL,'0000-00-00 00:00:00'),(114,113,0,'Rosetta','Pollich','2019-11-17','F',0,1,'2022-05-10 00:30:01',NULL,NULL,NULL,NULL,'8131','','','',5,NULL,NULL,0,0,NULL,0,1,'0000-00-00 00:00:00',0,0,NULL,NULL,'','',0,0,NULL,0,NULL,'0000-00-00 00:00:00'),(115,NULL,0,'Greg','Abbott','1992-10-05','M',0,1,'2022-05-10 00:30:01',NULL,NULL,NULL,NULL,'9728','','','',5,NULL,NULL,0,0,NULL,0,1,'0000-00-00 00:00:00',0,0,NULL,NULL,'','',0,0,NULL,0,NULL,'0000-00-00 00:00:00'),(116,NULL,0,'Joseph','Bartoletti','1959-05-24','M',0,1,'2022-05-10 00:30:01',NULL,NULL,NULL,NULL,'9431','','','',5,NULL,NULL,0,0,NULL,0,1,'0000-00-00 00:00:00',0,0,NULL,NULL,'','',0,0,NULL,0,NULL,'0000-00-00 00:00:00'),(117,NULL,0,'Vickie','Green','1953-07-15','F',0,1,'2022-05-10 00:30:01',NULL,NULL,NULL,NULL,'8833','','','',5,NULL,NULL,0,0,NULL,0,1,'0000-00-00 00:00:00',0,0,NULL,NULL,'','',0,0,NULL,0,NULL,'0000-00-00 00:00:00'),(118,NULL,0,'Jarvis','Bechtelar','1980-06-29','M',0,1,'2022-05-10 00:30:01',NULL,NULL,NULL,NULL,'5417','','','',5,NULL,NULL,0,0,NULL,0,1,'0000-00-00 00:00:00',0,0,NULL,NULL,'','',0,0,NULL,0,NULL,'0000-00-00 00:00:00'),(119,NULL,0,'Gilberto','Wyman','1987-10-25','M',0,1,'2022-05-10 00:30:01',NULL,NULL,NULL,NULL,'3403','','','',5,NULL,NULL,0,0,NULL,0,1,'0000-00-00 00:00:00',0,0,NULL,NULL,'','',0,0,NULL,0,NULL,'0000-00-00 00:00:00'),(120,119,0,'Carlee','Wyman','2008-03-06','F',0,1,'2022-05-10 00:30:01',NULL,NULL,NULL,NULL,'3403','','','',5,NULL,NULL,0,0,NULL,0,1,'0000-00-00 00:00:00',0,0,NULL,NULL,'','',0,0,NULL,0,NULL,'0000-00-00 00:00:00'),(121,119,0,'Rosamond','Wyman','2019-01-09','F',0,1,'2022-05-10 00:30:01',NULL,NULL,NULL,NULL,'3403','','','',5,NULL,NULL,0,0,NULL,0,1,'0000-00-00 00:00:00',0,0,NULL,NULL,'','',0,0,NULL,0,NULL,'0000-00-00 00:00:00'),(122,NULL,0,'Abdiel','Kirlin','2007-03-18','M',0,1,'2022-05-10 00:30:01',NULL,NULL,NULL,NULL,'3113','','','',5,NULL,NULL,0,0,NULL,0,1,'0000-00-00 00:00:00',0,0,NULL,NULL,'','',0,0,NULL,0,NULL,'0000-00-00 00:00:00'),(123,122,0,'Doris','Kirlin','2009-05-27','M',0,1,'2022-05-10 00:30:01',NULL,NULL,NULL,NULL,'3113','','','',5,NULL,NULL,0,0,NULL,0,1,'0000-00-00 00:00:00',0,0,NULL,NULL,'','',0,0,NULL,0,NULL,'0000-00-00 00:00:00'),(124,NULL,0,'Dedrick','Bosco','1993-12-04','M',0,1,'2022-05-10 00:30:01',NULL,NULL,NULL,NULL,'9321','','','',5,NULL,NULL,0,0,NULL,0,1,'0000-00-00 00:00:00',0,0,NULL,NULL,'','',0,0,NULL,0,NULL,'0000-00-00 00:00:00'),(125,124,0,'Kraig','Bosco','2014-06-17','M',0,1,'2022-05-10 00:30:01',NULL,NULL,NULL,NULL,'9321','','','',5,NULL,NULL,0,0,NULL,0,1,'0000-00-00 00:00:00',0,0,NULL,NULL,'','',0,0,NULL,0,NULL,'0000-00-00 00:00:00'),(126,124,0,'Ike','Bosco','2015-12-20','M',0,1,'2022-05-10 00:30:01',NULL,NULL,NULL,NULL,'9321','','','',5,NULL,NULL,0,0,NULL,0,1,'0000-00-00 00:00:00',0,0,NULL,NULL,'','',0,0,NULL,0,NULL,'0000-00-00 00:00:00'),(127,124,0,'Maggie','Bosco','2020-11-09','F',0,1,'2022-05-10 00:30:01',NULL,NULL,NULL,NULL,'9321','','','',5,NULL,NULL,0,0,NULL,0,1,'0000-00-00 00:00:00',0,0,NULL,NULL,'','',0,0,NULL,0,NULL,'0000-00-00 00:00:00'),(128,124,0,'Erich','Bosco','2022-02-27','M',0,1,'2022-05-10 00:30:01',NULL,NULL,NULL,NULL,'9321','','','',5,NULL,NULL,0,0,NULL,0,1,'0000-00-00 00:00:00',0,0,NULL,NULL,'','',0,0,NULL,0,NULL,'0000-00-00 00:00:00'),(129,NULL,0,'Marjolaine','Reynolds','1950-12-15','F',0,1,'2022-05-10 00:30:01',NULL,NULL,NULL,NULL,'9585','','','',5,NULL,NULL,0,0,NULL,0,1,'0000-00-00 00:00:00',0,0,NULL,NULL,'','',0,0,NULL,0,NULL,'0000-00-00 00:00:00'),(130,129,0,'Martina','Reynolds','2018-09-21','F',0,1,'2022-05-10 00:30:01',NULL,NULL,NULL,NULL,'9585','','','',5,NULL,NULL,0,0,NULL,0,1,'0000-00-00 00:00:00',0,0,NULL,NULL,'','',0,0,NULL,0,NULL,'0000-00-00 00:00:00'),(131,NULL,0,'Casey','Rau','1996-09-09','M',0,1,'2022-05-10 00:30:01',NULL,NULL,NULL,NULL,'1727','','','',5,NULL,NULL,0,0,NULL,0,1,'0000-00-00 00:00:00',0,0,NULL,NULL,'','',0,0,NULL,0,NULL,'0000-00-00 00:00:00'),(132,NULL,0,'Arvilla','Konopelski','1985-08-09','F',0,1,'2022-05-10 00:30:01',NULL,NULL,NULL,NULL,'5451','','','',5,NULL,NULL,0,0,NULL,0,1,'0000-00-00 00:00:00',0,0,NULL,NULL,'','',0,0,NULL,0,NULL,'0000-00-00 00:00:00'),(133,NULL,0,'Dangelo','Bashirian','1965-05-15','M',0,1,'2022-05-10 00:30:01',NULL,NULL,NULL,NULL,'7284','','','',5,NULL,NULL,0,0,NULL,0,1,'0000-00-00 00:00:00',0,0,NULL,NULL,'','',0,0,NULL,0,NULL,'0000-00-00 00:00:00'),(134,NULL,0,'Robert','Hand','1980-08-18','M',0,1,'2022-05-10 00:30:01',NULL,NULL,NULL,NULL,'4889','','','',5,NULL,NULL,0,0,NULL,0,1,'0000-00-00 00:00:00',0,0,NULL,NULL,'','',0,0,NULL,0,NULL,'0000-00-00 00:00:00'),(135,134,0,'Florencio','Hand','2012-01-27','M',0,1,'2022-05-10 00:30:01',NULL,NULL,NULL,NULL,'4889','','','',5,NULL,NULL,0,0,NULL,0,1,'0000-00-00 00:00:00',0,0,NULL,NULL,'','',0,0,NULL,0,NULL,'0000-00-00 00:00:00'),(136,134,0,'Lea','Hand','2016-04-09','F',0,1,'2022-05-10 00:30:01',NULL,NULL,NULL,NULL,'4889','','','',5,NULL,NULL,0,0,NULL,0,1,'0000-00-00 00:00:00',0,0,NULL,NULL,'','',0,0,NULL,0,NULL,'0000-00-00 00:00:00'),(137,134,0,'Scot','Hand','2017-01-08','M',0,1,'2022-05-10 00:30:01',NULL,NULL,NULL,NULL,'4889','','','',5,NULL,NULL,0,0,NULL,0,1,'0000-00-00 00:00:00',0,0,NULL,NULL,'','',0,0,NULL,0,NULL,'0000-00-00 00:00:00'),(138,134,0,'Delores','Hand','2018-01-14','F',0,1,'2022-05-10 00:30:01',NULL,NULL,NULL,NULL,'4889','','','',5,NULL,NULL,0,0,NULL,0,1,'0000-00-00 00:00:00',0,0,NULL,NULL,'','',0,0,NULL,0,NULL,'0000-00-00 00:00:00'),(139,NULL,0,'Albin','Nienow','1976-01-07','M',0,1,'2022-05-10 00:30:01',NULL,NULL,NULL,NULL,'7714','','','',5,NULL,NULL,0,0,NULL,0,1,'0000-00-00 00:00:00',0,0,NULL,NULL,'','',0,0,NULL,0,NULL,'0000-00-00 00:00:00'),(140,NULL,0,'Coy','Keebler','1990-04-25','M',0,1,'2022-05-10 00:30:01',NULL,NULL,NULL,NULL,'4071','','','',5,NULL,NULL,0,0,NULL,0,1,'0000-00-00 00:00:00',0,0,NULL,NULL,'','',0,0,NULL,0,NULL,'0000-00-00 00:00:00'),(141,140,0,'Miguel','Keebler','2018-05-03','M',0,1,'2022-05-10 00:30:01',NULL,NULL,NULL,NULL,'4071','','','',5,NULL,NULL,0,0,NULL,0,1,'0000-00-00 00:00:00',0,0,NULL,NULL,'','',0,0,NULL,0,NULL,'0000-00-00 00:00:00'),(142,140,0,'Fidel','Keebler','2019-02-03','M',0,1,'2022-05-10 00:30:01',NULL,NULL,NULL,NULL,'4071','','','',5,NULL,NULL,0,0,NULL,0,1,'0000-00-00 00:00:00',0,0,NULL,NULL,'','',0,0,NULL,0,NULL,'0000-00-00 00:00:00'),(143,140,0,'Darren','Keebler','2013-09-14','M',0,1,'2022-05-10 00:30:01',NULL,NULL,NULL,NULL,'4071','','','',5,NULL,NULL,0,0,NULL,0,1,'0000-00-00 00:00:00',0,0,NULL,NULL,'','',0,0,NULL,0,NULL,'0000-00-00 00:00:00'),(144,140,0,'Heloise','Keebler','2020-08-14','F',0,1,'2022-05-10 00:30:01',NULL,NULL,NULL,NULL,'4071','','','',5,NULL,NULL,0,0,NULL,0,1,'0000-00-00 00:00:00',0,0,NULL,NULL,'','',0,0,NULL,0,NULL,'0000-00-00 00:00:00'),(145,NULL,0,'Derrick','Herzog','1959-06-05','M',0,1,'2022-05-10 00:30:01',NULL,NULL,NULL,NULL,'2167','','','',5,NULL,NULL,0,0,NULL,0,1,'0000-00-00 00:00:00',0,0,NULL,NULL,'','',0,0,NULL,0,NULL,'0000-00-00 00:00:00'),(146,145,0,'Angela','Herzog','2019-01-17','F',0,1,'2022-05-10 00:30:01',NULL,NULL,NULL,NULL,'2167','','','',5,NULL,NULL,0,0,NULL,0,1,'0000-00-00 00:00:00',0,0,NULL,NULL,'','',0,0,NULL,0,NULL,'0000-00-00 00:00:00'),(147,145,0,'Brady','Herzog','2013-07-18','M',0,1,'2022-05-10 00:30:01',NULL,NULL,NULL,NULL,'2167','','','',5,NULL,NULL,0,0,NULL,0,1,'0000-00-00 00:00:00',0,0,NULL,NULL,'','',0,0,NULL,0,NULL,'0000-00-00 00:00:00'),(148,145,0,'Pedro','Herzog','2010-05-16','M',0,1,'2022-05-10 00:30:01',NULL,NULL,NULL,NULL,'2167','','','',5,NULL,NULL,0,0,NULL,0,1,'0000-00-00 00:00:00',0,0,NULL,NULL,'','',0,0,NULL,0,NULL,'0000-00-00 00:00:00'),(149,NULL,0,'Dasia','Johns','2001-02-17','F',0,1,'2022-05-10 00:30:01',NULL,NULL,NULL,NULL,'8461','','','',5,NULL,NULL,0,0,NULL,0,1,'0000-00-00 00:00:00',0,0,NULL,NULL,'','',0,0,NULL,0,NULL,'0000-00-00 00:00:00'),(150,149,0,'Madisyn','Johns','2015-02-18','F',0,1,'2022-05-10 00:30:01',NULL,NULL,NULL,NULL,'8461','','','',5,NULL,NULL,0,0,NULL,0,1,'0000-00-00 00:00:00',0,0,NULL,NULL,'','',0,0,NULL,0,NULL,'0000-00-00 00:00:00'),(151,149,0,'Noe','Johns','2014-07-05','M',0,1,'2022-05-10 00:30:01',NULL,NULL,NULL,NULL,'8461','','','',5,NULL,NULL,0,0,NULL,0,1,'0000-00-00 00:00:00',0,0,NULL,NULL,'','',0,0,NULL,0,NULL,'0000-00-00 00:00:00'),(152,149,0,'Benedict','Johns','2009-09-08','M',0,1,'2022-05-10 00:30:01',NULL,NULL,NULL,NULL,'8461','','','',5,NULL,NULL,0,0,NULL,0,1,'0000-00-00 00:00:00',0,0,NULL,NULL,'','',0,0,NULL,0,NULL,'0000-00-00 00:00:00'),(153,NULL,0,'Kirsten','Legros','2005-07-09','F',0,1,'2022-05-10 00:30:01',NULL,NULL,NULL,NULL,'9201','','','',5,NULL,NULL,0,0,NULL,0,1,'2022-08-21 23:18:30',0,0,NULL,NULL,'','',0,0,NULL,0,NULL,'0000-00-00 00:00:00'),(154,NULL,0,'Yasmin','O\'Conner','1949-04-28','F',0,1,'2022-05-10 00:30:01',NULL,NULL,NULL,NULL,'3831','','','',5,NULL,NULL,0,0,NULL,0,1,'0000-00-00 00:00:00',0,0,NULL,NULL,'','',0,0,NULL,0,NULL,'0000-00-00 00:00:00'),(155,154,0,'Eda','O\'Conner','2013-08-24','F',0,1,'2022-05-10 00:30:01',NULL,NULL,NULL,NULL,'3831','','','',5,NULL,NULL,0,0,NULL,0,1,'0000-00-00 00:00:00',0,0,NULL,NULL,'','',0,0,NULL,0,NULL,'0000-00-00 00:00:00'),(156,154,0,'Ernie','O\'Conner','2020-01-09','M',0,1,'2022-05-10 00:30:01',NULL,NULL,NULL,NULL,'3831','','','',5,NULL,NULL,0,0,NULL,0,1,'0000-00-00 00:00:00',0,0,NULL,NULL,'','',0,0,NULL,0,NULL,'0000-00-00 00:00:00'),(157,NULL,0,'Shaun','Bins','1980-12-27','M',0,1,'2022-05-10 00:30:01',NULL,NULL,NULL,NULL,'7842','','','',5,NULL,NULL,0,0,NULL,0,1,'0000-00-00 00:00:00',0,0,NULL,NULL,'','',0,0,NULL,0,NULL,'0000-00-00 00:00:00'),(158,157,0,'Lucio','Bins','2016-08-31','M',0,1,'2022-05-10 00:30:01',NULL,NULL,NULL,NULL,'7842','','','',5,NULL,NULL,0,0,NULL,0,1,'0000-00-00 00:00:00',0,0,NULL,NULL,'','',0,0,NULL,0,NULL,'0000-00-00 00:00:00'),(159,NULL,0,'Shanny','Powlowski','1991-12-11','F',0,1,'2022-05-10 00:30:01',NULL,NULL,NULL,NULL,'4489','','','',5,NULL,NULL,0,0,NULL,0,1,'0000-00-00 00:00:00',0,0,NULL,NULL,'','',0,0,NULL,0,NULL,'0000-00-00 00:00:00'),(160,159,0,'Martina','Powlowski','2010-06-08','F',0,1,'2022-05-10 00:30:01',NULL,NULL,NULL,NULL,'4489','','','',5,NULL,NULL,0,0,NULL,0,1,'0000-00-00 00:00:00',0,0,NULL,NULL,'','',0,0,NULL,0,NULL,'0000-00-00 00:00:00'),(161,159,0,'Freddy','Powlowski','2021-02-12','M',0,1,'2022-05-10 00:30:01',NULL,NULL,NULL,NULL,'4489','','','',5,NULL,NULL,0,0,NULL,0,1,'0000-00-00 00:00:00',0,0,NULL,NULL,'','',0,0,NULL,0,NULL,'0000-00-00 00:00:00'),(162,NULL,0,'Rahsaan','Grimes','1989-03-31','F',0,1,'2022-05-10 00:30:01',NULL,NULL,NULL,NULL,'3551','','','',5,NULL,NULL,0,0,NULL,0,1,'0000-00-00 00:00:00',0,0,NULL,NULL,'','',0,0,NULL,0,NULL,'0000-00-00 00:00:00'),(163,162,0,'Brandy','Grimes','2021-11-13','F',0,1,'2022-05-10 00:30:01',NULL,NULL,NULL,NULL,'3551','','','',5,NULL,NULL,0,0,NULL,0,1,'0000-00-00 00:00:00',0,0,NULL,NULL,'','',0,0,NULL,0,NULL,'0000-00-00 00:00:00'),(164,162,0,'Earlene','Grimes','2011-12-20','F',0,1,'2022-05-10 00:30:01',NULL,NULL,NULL,NULL,'3551','','','',5,NULL,NULL,0,0,NULL,0,1,'0000-00-00 00:00:00',0,0,NULL,NULL,'','',0,0,NULL,0,NULL,'0000-00-00 00:00:00'),(165,NULL,0,'Deon','Turcotte','2005-06-08','M',0,1,'2022-05-10 00:30:01',NULL,NULL,NULL,NULL,'2335','','','',5,NULL,NULL,0,0,NULL,0,1,'0000-00-00 00:00:00',0,0,NULL,NULL,'','',0,0,NULL,0,NULL,'0000-00-00 00:00:00'),(166,165,0,'Marcus','Turcotte','2018-08-10','M',0,1,'2022-05-10 00:30:01',NULL,NULL,NULL,NULL,'2335','','','',5,NULL,NULL,0,0,NULL,0,1,'0000-00-00 00:00:00',0,0,NULL,NULL,'','',0,0,NULL,0,NULL,'0000-00-00 00:00:00'),(167,165,0,'Jailyn','Turcotte','2017-12-05','F',0,1,'2022-05-10 00:30:01',NULL,NULL,NULL,NULL,'2335','','','',5,NULL,NULL,0,0,NULL,0,1,'0000-00-00 00:00:00',0,0,NULL,NULL,'','',0,0,NULL,0,NULL,'0000-00-00 00:00:00'),(168,NULL,0,'Sister','Connelly','1947-11-08','F',0,1,'2022-05-10 00:30:01',NULL,NULL,NULL,NULL,'2426','','','',5,NULL,NULL,0,0,NULL,0,1,'0000-00-00 00:00:00',0,0,NULL,NULL,'','',0,0,NULL,0,NULL,'0000-00-00 00:00:00'),(169,168,0,'Keagan','Connelly','2008-01-25','M',0,1,'2022-05-10 00:30:01',NULL,NULL,NULL,NULL,'2426','','','',5,NULL,NULL,0,0,NULL,0,1,'0000-00-00 00:00:00',0,0,NULL,NULL,'','',0,0,NULL,0,NULL,'0000-00-00 00:00:00'),(170,168,0,'Ansel','Connelly','2009-05-12','M',0,1,'2022-05-10 00:30:01',NULL,NULL,NULL,NULL,'2426','','','',5,NULL,NULL,0,0,NULL,0,1,'0000-00-00 00:00:00',0,0,NULL,NULL,'','',0,0,NULL,0,NULL,'0000-00-00 00:00:00'),(171,168,0,'Elinor','Connelly','2020-05-12','F',0,1,'2022-05-10 00:30:01',NULL,NULL,NULL,NULL,'2426','','','',5,NULL,NULL,0,0,NULL,0,1,'0000-00-00 00:00:00',0,0,NULL,NULL,'','',0,0,NULL,0,NULL,'0000-00-00 00:00:00'),(172,168,0,'Declan','Connelly','2008-01-27','M',0,1,'2022-05-10 00:30:01',NULL,NULL,NULL,NULL,'2426','','','',5,NULL,NULL,0,0,NULL,0,1,'0000-00-00 00:00:00',0,0,NULL,NULL,'','',0,0,NULL,0,NULL,'0000-00-00 00:00:00'),(173,NULL,0,'Shana','Kilback','2003-06-09','F',0,1,'2022-05-10 00:30:01',NULL,NULL,NULL,NULL,'9023','','','',5,NULL,NULL,0,0,NULL,0,1,'0000-00-00 00:00:00',0,0,NULL,NULL,'','',0,0,NULL,0,NULL,'0000-00-00 00:00:00'),(174,173,0,'Melissa','Kilback','2010-03-13','F',0,1,'2022-05-10 00:30:01',NULL,NULL,NULL,NULL,'9023','','','',5,NULL,NULL,0,0,NULL,0,1,'0000-00-00 00:00:00',0,0,NULL,NULL,'','',0,0,NULL,0,NULL,'0000-00-00 00:00:00'),(175,NULL,0,'Wellington','Lowe','1991-06-09','M',0,1,'2022-05-10 00:30:01',NULL,NULL,NULL,NULL,'8774','','','',5,NULL,NULL,0,0,NULL,0,1,'0000-00-00 00:00:00',0,0,NULL,NULL,'','',0,0,NULL,0,NULL,'0000-00-00 00:00:00'),(176,175,0,'Scotty','Lowe','2015-10-29','M',0,1,'2022-05-10 00:30:01',NULL,NULL,NULL,NULL,'8774','','','',5,NULL,NULL,0,0,NULL,0,1,'0000-00-00 00:00:00',0,0,NULL,NULL,'','',0,0,NULL,0,NULL,'0000-00-00 00:00:00'),(177,NULL,0,'Ben','Boyle','1977-02-23','M',0,1,'2022-05-10 00:30:01',NULL,NULL,NULL,NULL,'3842','','','',5,NULL,NULL,0,0,NULL,0,1,'0000-00-00 00:00:00',0,0,NULL,NULL,'','',0,0,NULL,0,NULL,'0000-00-00 00:00:00'),(178,177,0,'Keven','Boyle','2012-02-10','M',0,1,'2022-05-10 00:30:01',NULL,NULL,NULL,NULL,'3842','','','',5,NULL,NULL,0,0,NULL,0,1,'0000-00-00 00:00:00',0,0,NULL,NULL,'','',0,0,NULL,0,NULL,'0000-00-00 00:00:00'),(179,NULL,0,'Bud','Schmitt','2004-06-04','M',0,1,'2022-05-10 00:30:01',NULL,NULL,NULL,NULL,'5169','','','',5,NULL,NULL,0,0,NULL,0,1,'2022-08-08 08:39:50',0,0,NULL,NULL,'','',0,0,NULL,0,NULL,'0000-00-00 00:00:00'),(180,179,0,'Florida','Schmitt','2011-05-01','F',0,1,'2022-05-10 00:30:01',NULL,NULL,NULL,NULL,'5169','','','',5,NULL,NULL,0,0,NULL,0,1,'2022-08-08 08:39:50',0,0,NULL,NULL,'','',0,0,NULL,0,NULL,'0000-00-00 00:00:00'),(181,179,0,'Ilene','Schmitt','2022-02-05','F',0,1,'2022-05-10 00:30:01',NULL,NULL,NULL,NULL,'5169','','','',5,NULL,NULL,0,0,NULL,0,1,'2022-08-08 08:39:50',0,0,NULL,NULL,'','',0,0,NULL,0,NULL,'0000-00-00 00:00:00'),(182,NULL,0,'Brisa','Kuhlman','1993-10-06','F',0,1,'2022-05-10 00:30:01',NULL,NULL,NULL,NULL,'8472','','','',5,NULL,NULL,0,0,NULL,0,1,'0000-00-00 00:00:00',0,0,NULL,NULL,'','',0,0,NULL,0,NULL,'0000-00-00 00:00:00'),(183,NULL,0,'Faustino','Ortiz','1949-01-16','M',0,1,'2022-05-10 00:30:01',NULL,NULL,NULL,NULL,'2485','','','',5,NULL,NULL,0,0,NULL,0,1,'0000-00-00 00:00:00',0,0,NULL,NULL,'','',0,0,NULL,0,NULL,'0000-00-00 00:00:00'),(184,NULL,0,'Abdullah','Zulauf','1955-03-17','M',0,1,'2022-05-10 00:30:01',NULL,NULL,NULL,NULL,'3742','','','',5,NULL,NULL,0,0,NULL,0,1,'0000-00-00 00:00:00',0,0,NULL,NULL,'','',0,0,NULL,0,NULL,'0000-00-00 00:00:00'),(185,184,0,'Dayton','Zulauf','2016-06-23','M',0,1,'2022-05-10 00:30:01',NULL,NULL,NULL,NULL,'3742','','','',5,NULL,NULL,0,0,NULL,0,1,'0000-00-00 00:00:00',0,0,NULL,NULL,'','',0,0,NULL,0,NULL,'0000-00-00 00:00:00'),(186,NULL,0,'Colleen','Wisozk','1965-05-20','F',0,1,'2022-05-10 00:30:01',NULL,NULL,NULL,NULL,'5151','','','',5,NULL,NULL,0,0,NULL,0,1,'0000-00-00 00:00:00',0,0,NULL,NULL,'','',0,0,NULL,0,NULL,'0000-00-00 00:00:00'),(187,186,0,'Kaley','Wisozk','2019-06-09','M',0,1,'2022-05-10 00:30:01',NULL,NULL,NULL,NULL,'5151','','','',5,NULL,NULL,0,0,NULL,0,1,'0000-00-00 00:00:00',0,0,NULL,NULL,'','',0,0,NULL,0,NULL,'0000-00-00 00:00:00'),(188,NULL,0,'Macy','Swift','1956-11-11','F',0,1,'2022-05-10 00:30:01',NULL,NULL,NULL,NULL,'7713','','','',5,NULL,NULL,0,0,NULL,0,1,'0000-00-00 00:00:00',0,0,NULL,NULL,'','',0,0,NULL,0,NULL,'0000-00-00 00:00:00'),(189,NULL,0,'Derick','Hettinger','1976-06-19','M',0,1,'2022-05-10 00:30:01',NULL,NULL,NULL,NULL,'3429','','','',5,NULL,NULL,0,0,NULL,0,1,'0000-00-00 00:00:00',0,0,NULL,NULL,'','',0,0,NULL,0,NULL,'0000-00-00 00:00:00'),(190,189,0,'Kyle','Hettinger','2020-06-26','M',0,1,'2022-05-10 00:30:01',NULL,NULL,NULL,NULL,'3429','','','',5,NULL,NULL,0,0,NULL,0,1,'0000-00-00 00:00:00',0,0,NULL,NULL,'','',0,0,NULL,0,NULL,'0000-00-00 00:00:00'),(191,189,0,'Ashtyn','Hettinger','2013-03-17','F',0,1,'2022-05-10 00:30:01',NULL,NULL,NULL,NULL,'3429','','','',5,NULL,NULL,0,0,NULL,0,1,'0000-00-00 00:00:00',0,0,NULL,NULL,'','',0,0,NULL,0,NULL,'0000-00-00 00:00:00'),(192,189,0,'Demarco','Hettinger','2013-12-15','M',0,1,'2022-05-10 00:30:01',NULL,NULL,NULL,NULL,'3429','','','',5,NULL,NULL,0,0,NULL,0,1,'0000-00-00 00:00:00',0,0,NULL,NULL,'','',0,0,NULL,0,NULL,'0000-00-00 00:00:00'),(193,NULL,0,'Otho','Reilly','1976-11-27','M',0,1,'2022-05-10 00:30:01',NULL,NULL,NULL,NULL,'8754','','','',5,NULL,NULL,0,0,NULL,0,1,'0000-00-00 00:00:00',0,0,NULL,NULL,'','',0,0,NULL,0,NULL,'0000-00-00 00:00:00'),(194,193,0,'Bella','Reilly','2018-08-23','F',0,1,'2022-05-10 00:30:01',NULL,NULL,NULL,NULL,'8754','','','',5,NULL,NULL,0,0,NULL,0,1,'0000-00-00 00:00:00',0,0,NULL,NULL,'','',0,0,NULL,0,NULL,'0000-00-00 00:00:00'),(195,193,0,'Name','Reilly','2012-11-11','F',0,1,'2022-05-10 00:30:01',NULL,NULL,NULL,NULL,'8754','','','',5,NULL,NULL,0,0,NULL,0,1,'0000-00-00 00:00:00',0,0,NULL,NULL,'','',0,0,NULL,0,NULL,'0000-00-00 00:00:00'),(196,193,0,'Rosie','Reilly','2019-01-10','F',0,1,'2022-05-10 00:30:01',NULL,NULL,NULL,NULL,'8754','','','',5,NULL,NULL,0,0,NULL,0,1,'0000-00-00 00:00:00',0,0,NULL,NULL,'','',0,0,NULL,0,NULL,'0000-00-00 00:00:00'),(197,193,0,'Hester','Reilly','2018-09-04','M',0,1,'2022-05-10 00:30:01',NULL,NULL,NULL,NULL,'8754','','','',5,NULL,NULL,0,0,NULL,0,1,'0000-00-00 00:00:00',0,0,NULL,NULL,'','',0,0,NULL,0,NULL,'0000-00-00 00:00:00'),(198,193,0,'Eduardo','Reilly','2009-11-08','M',0,1,'2022-05-10 00:30:01',NULL,NULL,NULL,NULL,'8754','','','',5,NULL,NULL,0,0,NULL,0,1,'0000-00-00 00:00:00',0,0,NULL,NULL,'','',0,0,NULL,0,NULL,'0000-00-00 00:00:00'),(199,NULL,0,'Claudia','Cartwright','1955-06-08','F',0,1,'2022-05-10 00:30:01',NULL,NULL,NULL,NULL,'2559','','','',5,NULL,NULL,0,0,NULL,0,1,'0000-00-00 00:00:00',0,0,NULL,NULL,'','',0,0,NULL,0,NULL,'0000-00-00 00:00:00'),(200,199,0,'Hortense','Cartwright','2021-01-01','F',0,1,'2022-05-10 00:30:01',NULL,NULL,NULL,NULL,'2559','','','',5,NULL,NULL,0,0,NULL,0,1,'0000-00-00 00:00:00',0,0,NULL,NULL,'','',0,0,NULL,0,NULL,'0000-00-00 00:00:00'),(201,NULL,0,'Wilber','Borer','1975-07-08','M',0,1,'2022-05-10 00:30:01',NULL,NULL,NULL,NULL,'6687','','','',5,NULL,NULL,0,0,NULL,0,1,'0000-00-00 00:00:00',0,0,NULL,NULL,'','',0,0,NULL,0,NULL,'0000-00-00 00:00:00'),(202,NULL,0,'Josephine','Olson','1969-04-21','F',0,1,'2022-05-10 00:30:01',NULL,NULL,NULL,NULL,'9406','','','',5,NULL,NULL,0,0,NULL,0,1,'0000-00-00 00:00:00',0,0,NULL,NULL,'','',0,0,NULL,0,NULL,'0000-00-00 00:00:00'),(203,202,0,'Eveline','Olson','2016-03-26','F',0,1,'2022-05-10 00:30:01',NULL,NULL,NULL,NULL,'9406','','','',5,NULL,NULL,0,0,NULL,0,1,'0000-00-00 00:00:00',0,0,NULL,NULL,'','',0,0,NULL,0,NULL,'0000-00-00 00:00:00'),(204,202,0,'Justina','Olson','2009-07-04','F',0,1,'2022-05-10 00:30:01',NULL,NULL,NULL,NULL,'9406','','','',5,NULL,NULL,0,0,NULL,0,1,'0000-00-00 00:00:00',0,0,NULL,NULL,'','',0,0,NULL,0,NULL,'0000-00-00 00:00:00'),(205,NULL,0,'Oren','Oberbrunner','1951-02-27','M',0,1,'2022-05-10 00:30:01',NULL,NULL,NULL,NULL,'4515','','','',5,NULL,NULL,0,0,NULL,0,1,'0000-00-00 00:00:00',0,0,NULL,NULL,'','',0,0,NULL,0,NULL,'0000-00-00 00:00:00'),(206,NULL,0,'Lawrence','Kling','1984-04-07','M',0,1,'2022-05-10 00:30:01',NULL,NULL,NULL,NULL,'1693','','','',5,NULL,NULL,0,0,NULL,0,1,'0000-00-00 00:00:00',0,0,NULL,NULL,'','',0,0,NULL,0,NULL,'0000-00-00 00:00:00'),(207,206,0,'Constance','Kling','2020-12-21','F',0,1,'2022-05-10 00:30:01',NULL,NULL,NULL,NULL,'1693','','','',5,NULL,NULL,0,0,NULL,0,1,'0000-00-00 00:00:00',0,0,NULL,NULL,'','',0,0,NULL,0,NULL,'0000-00-00 00:00:00'),(208,206,0,'Trenton','Kling','2015-01-25','M',0,1,'2022-05-10 00:30:01',NULL,NULL,NULL,NULL,'1693','','','',5,NULL,NULL,0,0,NULL,0,1,'0000-00-00 00:00:00',0,0,NULL,NULL,'','',0,0,NULL,0,NULL,'0000-00-00 00:00:00'),(209,NULL,0,'Syble','Carroll','1943-08-01','F',0,1,'2022-05-10 00:30:01',NULL,NULL,NULL,NULL,'3281','','','',5,NULL,NULL,0,0,NULL,0,1,'0000-00-00 00:00:00',0,0,NULL,NULL,'','',0,0,NULL,0,NULL,'0000-00-00 00:00:00'),(210,209,0,'Rosamond','Carroll','2013-07-11','F',0,1,'2022-05-10 00:30:01',NULL,NULL,NULL,NULL,'3281','','','',5,NULL,NULL,0,0,NULL,0,1,'0000-00-00 00:00:00',0,0,NULL,NULL,'','',0,0,NULL,0,NULL,'0000-00-00 00:00:00'),(211,NULL,0,'Adelia','Lindgren','1960-03-17','F',0,1,'2022-05-10 00:30:01',NULL,NULL,NULL,NULL,'8550','','','',5,NULL,NULL,0,0,NULL,0,1,'0000-00-00 00:00:00',0,0,NULL,NULL,'','',0,0,NULL,0,NULL,'0000-00-00 00:00:00'),(212,211,0,'Davonte','Lindgren','2009-02-28','M',0,1,'2022-05-10 00:30:01',NULL,NULL,NULL,NULL,'8550','','','',5,NULL,NULL,0,0,NULL,0,1,'0000-00-00 00:00:00',0,0,NULL,NULL,'','',0,0,NULL,0,NULL,'0000-00-00 00:00:00'),(213,NULL,0,'Henri','Hickle','1981-10-16','M',0,1,'2022-05-10 00:30:01',NULL,NULL,NULL,NULL,'3616','','','',5,NULL,NULL,0,0,NULL,0,1,'0000-00-00 00:00:00',0,0,NULL,NULL,'','',0,0,NULL,0,NULL,'0000-00-00 00:00:00'),(214,213,0,'Angelo','Hickle','2021-12-14','M',0,1,'2022-05-10 00:30:01',NULL,NULL,NULL,NULL,'3616','','','',5,NULL,NULL,0,0,NULL,0,1,'0000-00-00 00:00:00',0,0,NULL,NULL,'','',0,0,NULL,0,NULL,'0000-00-00 00:00:00'),(215,213,0,'Rudy','Hickle','2011-09-05','M',0,1,'2022-05-10 00:30:01',NULL,NULL,NULL,NULL,'3616','','','',5,NULL,NULL,0,0,NULL,0,1,'0000-00-00 00:00:00',0,0,NULL,NULL,'','',0,0,NULL,0,NULL,'0000-00-00 00:00:00'),(216,213,0,'Garret','Hickle','2021-09-09','M',0,1,'2022-05-10 00:30:01',NULL,NULL,NULL,NULL,'3616','','','',5,NULL,NULL,0,0,NULL,0,1,'0000-00-00 00:00:00',0,0,NULL,NULL,'','',0,0,NULL,0,NULL,'0000-00-00 00:00:00'),(217,NULL,0,'Maximo','Heathcote','1961-12-09','M',0,1,'2022-05-10 00:30:01',NULL,NULL,NULL,NULL,'6714','','','',5,NULL,NULL,0,0,NULL,0,1,'0000-00-00 00:00:00',0,0,NULL,NULL,'','',0,0,NULL,0,NULL,'0000-00-00 00:00:00'),(218,217,0,'Casper','Heathcote','2012-10-05','M',0,1,'2022-05-10 00:30:01',NULL,NULL,NULL,NULL,'6714','','','',5,NULL,NULL,0,0,NULL,0,1,'0000-00-00 00:00:00',0,0,NULL,NULL,'','',0,0,NULL,0,NULL,'0000-00-00 00:00:00'),(219,217,0,'Hulda','Heathcote','2016-01-09','F',0,1,'2022-05-10 00:30:01',NULL,NULL,NULL,NULL,'6714','','','',5,NULL,NULL,0,0,NULL,0,1,'0000-00-00 00:00:00',0,0,NULL,NULL,'','',0,0,NULL,0,NULL,'0000-00-00 00:00:00'),(220,NULL,0,'Alison','Klocko','1960-02-09','F',0,1,'2022-05-10 00:30:01',NULL,NULL,NULL,NULL,'4984','','','',5,NULL,NULL,0,0,NULL,0,1,'0000-00-00 00:00:00',0,0,NULL,NULL,'','',0,0,NULL,0,NULL,'0000-00-00 00:00:00'),(221,220,0,'Dameon','Klocko','2012-12-17','M',0,1,'2022-05-10 00:30:01',NULL,NULL,NULL,NULL,'4984','','','',5,NULL,NULL,0,0,NULL,0,1,'0000-00-00 00:00:00',0,0,NULL,NULL,'','',0,0,NULL,0,NULL,'0000-00-00 00:00:00'),(222,NULL,0,'Tianna','Considine','1943-10-04','F',0,1,'2022-05-10 00:30:01',NULL,NULL,NULL,NULL,'3101','','','',5,NULL,NULL,0,0,NULL,0,1,'0000-00-00 00:00:00',0,0,NULL,NULL,'','',0,0,NULL,0,NULL,'0000-00-00 00:00:00'),(223,NULL,0,'Olen','Cronin','1970-04-28','M',0,1,'2022-05-10 00:30:01',NULL,NULL,NULL,NULL,'9503','','','',5,NULL,NULL,0,0,NULL,0,1,'0000-00-00 00:00:00',0,0,NULL,NULL,'','',0,0,NULL,0,NULL,'0000-00-00 00:00:00'),(224,NULL,0,'Mittie','Carter','1987-04-15','F',0,1,'2022-05-10 00:30:01',NULL,NULL,NULL,NULL,'6003','','','',5,NULL,NULL,0,0,NULL,0,1,'0000-00-00 00:00:00',0,0,NULL,NULL,'','',0,0,NULL,0,NULL,'0000-00-00 00:00:00'),(225,224,0,'Micheal','Carter','2022-04-21','M',0,1,'2022-05-10 00:30:01',NULL,NULL,NULL,NULL,'6003','','','',5,NULL,NULL,0,0,NULL,0,1,'0000-00-00 00:00:00',0,0,NULL,NULL,'','',0,0,NULL,0,NULL,'0000-00-00 00:00:00'),(226,224,0,'Alessandra','Carter','2011-04-07','F',0,1,'2022-05-10 00:30:01',NULL,NULL,NULL,NULL,'6003','','','',5,NULL,NULL,0,0,NULL,0,1,'0000-00-00 00:00:00',0,0,NULL,NULL,'','',0,0,NULL,0,NULL,'0000-00-00 00:00:00'),(227,224,0,'Garrison','Carter','2008-01-07','M',0,1,'2022-05-10 00:30:01',NULL,NULL,NULL,NULL,'6003','','','',5,NULL,NULL,0,0,NULL,0,1,'0000-00-00 00:00:00',0,0,NULL,NULL,'','',0,0,NULL,0,NULL,'0000-00-00 00:00:00'),(228,NULL,0,'Gaetano','Gottlieb','1944-01-11','M',0,1,'2022-05-10 00:30:01',NULL,NULL,NULL,NULL,'6942','','','',5,NULL,NULL,0,0,NULL,0,1,'0000-00-00 00:00:00',0,0,NULL,NULL,'','',0,0,NULL,0,NULL,'0000-00-00 00:00:00'),(229,228,0,'Imani','Gottlieb','2010-07-15','M',0,1,'2022-05-10 00:30:01',NULL,NULL,NULL,NULL,'6942','','','',5,NULL,NULL,0,0,NULL,0,1,'0000-00-00 00:00:00',0,0,NULL,NULL,'','',0,0,NULL,0,NULL,'0000-00-00 00:00:00'),(230,228,0,'Raphael','Gottlieb','2022-09-30','M',0,1,'2022-05-10 00:30:01',NULL,NULL,NULL,NULL,'6942','','','',5,NULL,NULL,0,0,NULL,0,1,'0000-00-00 00:00:00',0,0,NULL,NULL,'','',0,0,NULL,0,NULL,'0000-00-00 00:00:00'),(231,228,0,'Jarrell','Gottlieb','2011-01-30','M',0,1,'2022-05-10 00:30:01',NULL,NULL,NULL,NULL,'6942','','','',5,NULL,NULL,0,0,NULL,0,1,'0000-00-00 00:00:00',0,0,NULL,NULL,'','',0,0,NULL,0,NULL,'0000-00-00 00:00:00'),(232,228,0,'Kaycee','Gottlieb','2016-07-25','F',0,1,'2022-05-10 00:30:01',NULL,NULL,NULL,NULL,'6942','','','',5,NULL,NULL,0,0,NULL,0,1,'0000-00-00 00:00:00',0,0,NULL,NULL,'','',0,0,NULL,0,NULL,'0000-00-00 00:00:00'),(233,NULL,0,'Regan','Runolfsdottir','1946-04-21','M',0,1,'2022-05-10 00:30:01',NULL,NULL,NULL,NULL,'7692','','','',5,NULL,NULL,0,0,NULL,0,1,'0000-00-00 00:00:00',0,0,NULL,NULL,'','',0,0,NULL,0,NULL,'0000-00-00 00:00:00'),(234,NULL,0,'Ross','Von','1950-09-23','M',0,1,'2022-05-10 00:30:01',NULL,NULL,NULL,NULL,'6302','','','',5,NULL,NULL,0,0,NULL,0,1,'0000-00-00 00:00:00',0,0,NULL,NULL,'','',0,0,NULL,0,NULL,'0000-00-00 00:00:00'),(235,234,0,'Romaine','Von','2020-09-18','F',0,1,'2022-05-10 00:30:01',NULL,NULL,NULL,NULL,'6302','','','',5,NULL,NULL,0,0,NULL,0,1,'0000-00-00 00:00:00',0,0,NULL,NULL,'','',0,0,NULL,0,NULL,'0000-00-00 00:00:00'),(236,NULL,0,'Raoul','Bins','1959-08-22','M',0,1,'2022-05-10 00:30:01',NULL,NULL,NULL,NULL,'5782','','','',5,NULL,NULL,0,0,NULL,0,1,'0000-00-00 00:00:00',0,0,NULL,NULL,'','',0,0,NULL,0,NULL,'0000-00-00 00:00:00'),(237,236,0,'Stan','Bins','2012-05-16','M',0,1,'2022-05-10 00:30:01',NULL,NULL,NULL,NULL,'5782','','','',5,NULL,NULL,0,0,NULL,0,1,'0000-00-00 00:00:00',0,0,NULL,NULL,'','',0,0,NULL,0,NULL,'0000-00-00 00:00:00'),(238,NULL,0,'Keanu','Hammes','1975-01-09','M',0,1,'2022-05-10 00:30:01',NULL,NULL,NULL,NULL,'4184','','','',5,NULL,NULL,0,0,NULL,0,1,'0000-00-00 00:00:00',0,0,NULL,NULL,'','',0,0,NULL,0,NULL,'0000-00-00 00:00:00'),(239,NULL,0,'Constantin','Graham','1981-10-01','M',0,1,'2022-05-10 00:30:01',NULL,NULL,NULL,NULL,'8170','','','',5,NULL,NULL,0,0,NULL,0,1,'0000-00-00 00:00:00',0,0,NULL,NULL,'','',0,0,NULL,0,NULL,'0000-00-00 00:00:00'),(240,239,0,'Aimee','Graham','2008-09-04','F',0,1,'2022-05-10 00:30:01',NULL,NULL,NULL,NULL,'8170','','','',5,NULL,NULL,0,0,NULL,0,1,'0000-00-00 00:00:00',0,0,NULL,NULL,'','',0,0,NULL,0,NULL,'0000-00-00 00:00:00'),(241,239,0,'Damon','Graham','2018-12-29','M',0,1,'2022-05-10 00:30:01',NULL,NULL,NULL,NULL,'8170','','','',5,NULL,NULL,0,0,NULL,0,1,'0000-00-00 00:00:00',0,0,NULL,NULL,'','',0,0,NULL,0,NULL,'0000-00-00 00:00:00'),(242,239,0,'Jaquelin','Graham','2019-05-02','F',0,1,'2022-05-10 00:30:01',NULL,NULL,NULL,NULL,'8170','','','',5,NULL,NULL,0,0,NULL,0,1,'0000-00-00 00:00:00',0,0,NULL,NULL,'','',0,0,NULL,0,NULL,'0000-00-00 00:00:00'),(243,239,0,'Pietro','Graham','2018-12-17','M',0,1,'2022-05-10 00:30:01',NULL,NULL,NULL,NULL,'8170','','','',5,NULL,NULL,0,0,NULL,0,1,'0000-00-00 00:00:00',0,0,NULL,NULL,'','',0,0,NULL,0,NULL,'0000-00-00 00:00:00'),(244,NULL,0,'Emanuel','Mraz','1972-12-07','M',0,1,'2022-05-10 00:30:01',NULL,NULL,NULL,NULL,'3965','','','',5,NULL,NULL,0,0,NULL,0,1,'0000-00-00 00:00:00',0,0,NULL,NULL,'','',0,0,NULL,0,NULL,'0000-00-00 00:00:00'),(245,NULL,0,'Tracy','Bruen','1955-05-28','F',0,1,'2022-05-10 00:30:01',NULL,NULL,NULL,NULL,'5358','','','',5,NULL,NULL,0,0,NULL,0,1,'0000-00-00 00:00:00',0,0,NULL,NULL,'','',0,0,NULL,0,NULL,'0000-00-00 00:00:00'),(246,NULL,0,'Michale','Auer','1977-02-24','M',0,1,'2022-05-10 00:30:01',NULL,NULL,NULL,NULL,'5893','','','',5,NULL,NULL,0,0,NULL,0,1,'0000-00-00 00:00:00',0,0,NULL,NULL,'','',0,0,NULL,0,NULL,'0000-00-00 00:00:00'),(247,246,0,'Nicholaus','Auer','2014-05-28','M',0,1,'2022-05-10 00:30:01',NULL,NULL,NULL,NULL,'5893','','','',5,NULL,NULL,0,0,NULL,0,1,'0000-00-00 00:00:00',0,0,NULL,NULL,'','',0,0,NULL,0,NULL,'0000-00-00 00:00:00'),(248,NULL,0,'Dean','Grimes','1990-07-20','M',0,1,'2022-05-10 00:30:01',NULL,NULL,NULL,NULL,'8382','','','',5,NULL,NULL,0,0,NULL,0,1,'0000-00-00 00:00:00',0,0,NULL,NULL,'','',0,0,NULL,0,NULL,'0000-00-00 00:00:00'),(249,248,0,'Joesph','Grimes','2010-11-05','M',0,1,'2022-05-10 00:30:01',NULL,NULL,NULL,NULL,'8382','','','',5,NULL,NULL,0,0,NULL,0,1,'0000-00-00 00:00:00',0,0,NULL,NULL,'','',0,0,NULL,0,NULL,'0000-00-00 00:00:00'),(250,248,0,'Eden','Grimes','2021-01-11','F',0,1,'2022-05-10 00:30:01',NULL,NULL,NULL,NULL,'8382','','','',5,NULL,NULL,0,0,NULL,0,1,'0000-00-00 00:00:00',0,0,NULL,NULL,'','',0,0,NULL,0,NULL,'0000-00-00 00:00:00'),(251,248,0,'Kendall','Grimes','2011-07-09','M',0,1,'2022-05-10 00:30:01',NULL,NULL,NULL,NULL,'8382','','','',5,NULL,NULL,0,0,NULL,0,1,'0000-00-00 00:00:00',0,0,NULL,NULL,'','',0,0,NULL,0,NULL,'0000-00-00 00:00:00'),(252,248,0,'Shayna','Grimes','2012-12-28','F',0,1,'2022-05-10 00:30:01',NULL,NULL,NULL,NULL,'8382','','','',5,NULL,NULL,0,0,NULL,0,1,'0000-00-00 00:00:00',0,0,NULL,NULL,'','',0,0,NULL,0,NULL,'0000-00-00 00:00:00'),(253,NULL,0,'Sabryna','Murray','2000-05-20','F',0,1,'2022-05-10 00:30:01',NULL,NULL,NULL,NULL,'3934','','','',5,NULL,NULL,0,0,NULL,0,1,'0000-00-00 00:00:00',0,0,NULL,NULL,'','',0,0,NULL,0,NULL,'0000-00-00 00:00:00'),(254,253,0,'Madaline','Murray','2015-04-29','F',0,1,'2022-05-10 00:30:01',NULL,NULL,NULL,NULL,'3934','','','',5,NULL,NULL,0,0,NULL,0,1,'0000-00-00 00:00:00',0,0,NULL,NULL,'','',0,0,NULL,0,NULL,'0000-00-00 00:00:00'),(255,NULL,0,'Oswald','Gibson','1998-01-14','M',0,1,'2022-05-10 00:30:01',NULL,NULL,NULL,NULL,'9638','','','',5,NULL,NULL,0,0,NULL,0,1,'0000-00-00 00:00:00',0,0,NULL,NULL,'','',0,0,NULL,0,NULL,'0000-00-00 00:00:00'),(256,NULL,0,'Elsa','O\'Reilly','1955-05-10','F',0,1,'2022-05-10 00:30:01',NULL,NULL,NULL,NULL,'3999','','','',5,NULL,NULL,0,0,NULL,0,1,'0000-00-00 00:00:00',0,0,NULL,NULL,'','',0,0,NULL,0,NULL,'0000-00-00 00:00:00'),(257,NULL,0,'Adrian','Bechtelar','1990-04-05','M',0,1,'2022-05-10 00:30:01',NULL,NULL,NULL,NULL,'7558','','','',5,NULL,NULL,0,0,NULL,0,1,'0000-00-00 00:00:00',0,0,NULL,NULL,'','',0,0,NULL,0,NULL,'0000-00-00 00:00:00'),(258,257,0,'Rosemarie','Bechtelar','2010-11-01','F',0,1,'2022-05-10 00:30:01',NULL,NULL,NULL,NULL,'7558','','','',5,NULL,NULL,0,0,NULL,0,1,'0000-00-00 00:00:00',0,0,NULL,NULL,'','',0,0,NULL,0,NULL,'0000-00-00 00:00:00'),(259,NULL,0,'Brandt','Waelchi','1961-01-30','M',0,1,'2022-05-10 00:30:01',NULL,NULL,NULL,NULL,'9462','','','',5,NULL,NULL,0,0,NULL,0,1,'0000-00-00 00:00:00',0,0,NULL,NULL,'','',0,0,NULL,0,NULL,'0000-00-00 00:00:00'),(260,259,0,'Shany','Waelchi','2008-12-19','F',0,1,'2022-05-10 00:30:01',NULL,NULL,NULL,NULL,'9462','','','',5,NULL,NULL,0,0,NULL,0,1,'0000-00-00 00:00:00',0,0,NULL,NULL,'','',0,0,NULL,0,NULL,'0000-00-00 00:00:00'),(261,259,0,'Lamar','Waelchi','2014-06-02','M',0,1,'2022-05-10 00:30:01',NULL,NULL,NULL,NULL,'9462','','','',5,NULL,NULL,0,0,NULL,0,1,'0000-00-00 00:00:00',0,0,NULL,NULL,'','',0,0,NULL,0,NULL,'0000-00-00 00:00:00'),(262,259,0,'Elmo','Waelchi','2015-08-01','M',0,1,'2022-05-10 00:30:01',NULL,NULL,NULL,NULL,'9462','','','',5,NULL,NULL,0,0,NULL,0,1,'0000-00-00 00:00:00',0,0,NULL,NULL,'','',0,0,NULL,0,NULL,'0000-00-00 00:00:00'),(263,259,0,'Ulices','Waelchi','2014-06-14','M',0,1,'2022-05-10 00:30:01',NULL,NULL,NULL,NULL,'9462','','','',5,NULL,NULL,0,0,NULL,0,1,'0000-00-00 00:00:00',0,0,NULL,NULL,'','',0,0,NULL,0,NULL,'0000-00-00 00:00:00'),(264,NULL,0,'Emilie','Ernser','1978-05-21','F',0,1,'2022-05-10 00:30:01',NULL,NULL,NULL,NULL,'2505','','','',5,NULL,NULL,0,0,NULL,0,1,'0000-00-00 00:00:00',0,0,NULL,NULL,'','',0,0,NULL,0,NULL,'0000-00-00 00:00:00'),(265,264,0,'Frank','Ernser','2022-04-30','M',0,1,'2022-05-10 00:30:01',NULL,NULL,NULL,NULL,'2505','','','',5,NULL,NULL,0,0,NULL,0,1,'0000-00-00 00:00:00',0,0,NULL,NULL,'','',0,0,NULL,0,NULL,'0000-00-00 00:00:00'),(266,264,0,'Arden','Ernser','2009-02-15','M',0,1,'2022-05-10 00:30:01',NULL,NULL,NULL,NULL,'2505','','','',5,NULL,NULL,0,0,NULL,0,1,'0000-00-00 00:00:00',0,0,NULL,NULL,'','',0,0,NULL,0,NULL,'0000-00-00 00:00:00'),(267,264,0,'Savanah','Ernser','2022-10-22','F',0,1,'2022-05-10 00:30:01',NULL,NULL,NULL,NULL,'2505','','','',5,NULL,NULL,0,0,NULL,0,1,'0000-00-00 00:00:00',0,0,NULL,NULL,'','',0,0,NULL,0,NULL,'0000-00-00 00:00:00'),(268,264,0,'Amy','Ernser','2015-06-24','F',0,1,'2022-05-10 00:30:01',NULL,NULL,NULL,NULL,'2505','','','',5,NULL,NULL,0,0,NULL,0,1,'0000-00-00 00:00:00',0,0,NULL,NULL,'','',0,0,NULL,0,NULL,'0000-00-00 00:00:00'),(269,NULL,0,'Tyler','Wyman','1993-03-04','M',0,1,'2022-05-10 00:30:01',NULL,NULL,NULL,NULL,'9647','','','',5,NULL,NULL,0,0,NULL,0,1,'0000-00-00 00:00:00',0,0,NULL,NULL,'','',0,0,NULL,0,NULL,'0000-00-00 00:00:00'),(270,269,0,'Dino','Wyman','2010-11-14','M',0,1,'2022-05-10 00:30:01',NULL,NULL,NULL,NULL,'9647','','','',5,NULL,NULL,0,0,NULL,0,1,'0000-00-00 00:00:00',0,0,NULL,NULL,'','',0,0,NULL,0,NULL,'0000-00-00 00:00:00'),(271,NULL,0,'Alvera','Daugherty','1999-04-21','F',0,1,'2022-05-10 00:30:01',NULL,NULL,NULL,NULL,'1863','','','',5,NULL,NULL,0,0,NULL,0,1,'0000-00-00 00:00:00',0,0,NULL,NULL,'','',0,0,NULL,0,NULL,'0000-00-00 00:00:00'),(272,271,0,'Malachi','Daugherty','2008-07-01','M',0,1,'2022-05-10 00:30:01',NULL,NULL,NULL,NULL,'1863','','','',5,NULL,NULL,0,0,NULL,0,1,'0000-00-00 00:00:00',0,0,NULL,NULL,'','',0,0,NULL,0,NULL,'0000-00-00 00:00:00'),(273,NULL,0,'Leo','Keebler','1993-08-16','M',0,1,'2022-05-10 00:30:01',NULL,NULL,NULL,NULL,'4075','','','',5,NULL,NULL,0,0,NULL,0,1,'0000-00-00 00:00:00',0,0,NULL,NULL,'','',0,0,NULL,0,NULL,'0000-00-00 00:00:00'),(274,273,0,'Cordell','Keebler','2018-03-13','M',0,1,'2022-05-10 00:30:01',NULL,NULL,NULL,NULL,'4075','','','',5,NULL,NULL,0,0,NULL,0,1,'0000-00-00 00:00:00',0,0,NULL,NULL,'','',0,0,NULL,0,NULL,'0000-00-00 00:00:00'),(275,273,0,'Donavon','Keebler','2020-12-08','M',0,1,'2022-05-10 00:30:01',NULL,NULL,NULL,NULL,'4075','','','',5,NULL,NULL,0,0,NULL,0,1,'0000-00-00 00:00:00',0,0,NULL,NULL,'','',0,0,NULL,0,NULL,'0000-00-00 00:00:00'),(276,NULL,0,'Cleve','Cronin','1969-08-23','M',0,1,'2022-05-10 00:30:01',NULL,NULL,NULL,NULL,'9668','','','',5,NULL,NULL,0,0,NULL,0,1,'0000-00-00 00:00:00',0,0,NULL,NULL,'','',0,0,NULL,0,NULL,'0000-00-00 00:00:00'),(277,276,0,'Aditya','Cronin','2010-10-27','F',0,1,'2022-05-10 00:30:01',NULL,NULL,NULL,NULL,'9668','','','',5,NULL,NULL,0,0,NULL,0,1,'0000-00-00 00:00:00',0,0,NULL,NULL,'','',0,0,NULL,0,NULL,'0000-00-00 00:00:00'),(278,276,0,'Ernestine','Cronin','2017-07-16','F',0,1,'2022-05-10 00:30:01',NULL,NULL,NULL,NULL,'9668','','','',5,NULL,NULL,0,0,NULL,0,1,'0000-00-00 00:00:00',0,0,NULL,NULL,'','',0,0,NULL,0,NULL,'0000-00-00 00:00:00'),(279,NULL,0,'Eileen','Sawayn','1971-12-26','F',0,1,'2022-05-10 00:30:01',NULL,NULL,NULL,NULL,'1992','','','',5,NULL,NULL,0,0,NULL,0,1,'0000-00-00 00:00:00',0,0,NULL,NULL,'','',0,0,NULL,0,NULL,'0000-00-00 00:00:00'),(280,NULL,0,'Jamie','Crona','1961-06-19','M',0,1,'2022-05-10 00:30:01',NULL,NULL,NULL,NULL,'3177','','','',5,NULL,NULL,0,0,NULL,0,1,'0000-00-00 00:00:00',0,0,NULL,NULL,'','',0,0,NULL,0,NULL,'0000-00-00 00:00:00'),(281,280,0,'Branson','Crona','2022-05-06','M',0,1,'2022-05-10 00:30:01',NULL,NULL,NULL,NULL,'3177','','','',5,NULL,NULL,0,0,NULL,0,1,'0000-00-00 00:00:00',0,0,NULL,NULL,'','',0,0,NULL,0,NULL,'0000-00-00 00:00:00'),(282,NULL,0,'Gerardo','Pfannerstill','1986-10-23','M',0,1,'2022-05-10 00:30:01',NULL,NULL,NULL,NULL,'1711','','','',5,NULL,NULL,0,0,NULL,0,1,'0000-00-00 00:00:00',0,0,NULL,NULL,'','',0,0,NULL,0,NULL,'0000-00-00 00:00:00'),(283,282,0,'Jalyn','Pfannerstill','2019-11-24','F',0,1,'2022-05-10 00:30:01',NULL,NULL,NULL,NULL,'1711','','','',5,NULL,NULL,0,0,NULL,0,1,'0000-00-00 00:00:00',0,0,NULL,NULL,'','',0,0,NULL,0,NULL,'0000-00-00 00:00:00'),(284,282,0,'Randi','Pfannerstill','2013-05-09','M',0,1,'2022-05-10 00:30:01',NULL,NULL,NULL,NULL,'1711','','','',5,NULL,NULL,0,0,NULL,0,1,'0000-00-00 00:00:00',0,0,NULL,NULL,'','',0,0,NULL,0,NULL,'0000-00-00 00:00:00'),(285,282,0,'Rebeka','Pfannerstill','2011-06-29','F',0,1,'2022-05-10 00:30:01',NULL,NULL,NULL,NULL,'1711','','','',5,NULL,NULL,0,0,NULL,0,1,'0000-00-00 00:00:00',0,0,NULL,NULL,'','',0,0,NULL,0,NULL,'0000-00-00 00:00:00'),(286,NULL,0,'Jeffery','Anderson','1995-08-22','M',0,1,'2022-05-10 00:30:01',NULL,NULL,NULL,NULL,'5425','','','',5,NULL,NULL,0,0,NULL,0,1,'0000-00-00 00:00:00',0,0,NULL,NULL,'','',0,0,NULL,0,NULL,'0000-00-00 00:00:00'),(287,286,0,'Abagail','Anderson','2009-06-01','F',0,1,'2022-05-10 00:30:01',NULL,NULL,NULL,NULL,'5425','','','',5,NULL,NULL,0,0,NULL,0,1,'0000-00-00 00:00:00',0,0,NULL,NULL,'','',0,0,NULL,0,NULL,'0000-00-00 00:00:00'),(288,NULL,0,'Joy','Jenkins','1951-07-30','F',0,1,'2022-05-10 00:30:01',NULL,NULL,NULL,NULL,'8799','','','',5,NULL,NULL,0,0,NULL,0,1,'0000-00-00 00:00:00',0,0,NULL,NULL,'','',0,0,NULL,0,NULL,'0000-00-00 00:00:00'),(289,288,0,'Ricardo','Jenkins','2021-10-25','M',0,1,'2022-05-10 00:30:01',NULL,NULL,NULL,NULL,'8799','','','',5,NULL,NULL,0,0,NULL,0,1,'0000-00-00 00:00:00',0,0,NULL,NULL,'','',0,0,NULL,0,NULL,'0000-00-00 00:00:00'),(290,288,0,'Emmalee','Jenkins','2012-01-24','F',0,1,'2022-05-10 00:30:01',NULL,NULL,NULL,NULL,'8799','','','',5,NULL,NULL,0,0,NULL,0,1,'0000-00-00 00:00:00',0,0,NULL,NULL,'','',0,0,NULL,0,NULL,'0000-00-00 00:00:00'),(291,288,0,'Troy','Jenkins','2015-10-03','M',0,1,'2022-05-10 00:30:01',NULL,NULL,NULL,NULL,'8799','','','',5,NULL,NULL,0,0,NULL,0,1,'0000-00-00 00:00:00',0,0,NULL,NULL,'','',0,0,NULL,0,NULL,'0000-00-00 00:00:00'),(292,288,0,'Gudrun','Jenkins','2018-04-05','F',0,1,'2022-05-10 00:30:01',NULL,NULL,NULL,NULL,'8799','','','',5,NULL,NULL,0,0,NULL,0,1,'0000-00-00 00:00:00',0,0,NULL,NULL,'','',0,0,NULL,0,NULL,'0000-00-00 00:00:00'),(293,NULL,0,'Kaylee','Turner','1969-02-20','F',0,1,'2022-05-10 00:30:01',NULL,NULL,NULL,NULL,'8388','','','',5,NULL,NULL,0,0,NULL,0,1,'0000-00-00 00:00:00',0,0,NULL,NULL,'','',0,0,NULL,0,NULL,'0000-00-00 00:00:00'),(294,293,0,'Omer','Turner','2017-01-12','M',0,1,'2022-05-10 00:30:01',NULL,NULL,NULL,NULL,'8388','','','',5,NULL,NULL,0,0,NULL,0,1,'0000-00-00 00:00:00',0,0,NULL,NULL,'','',0,0,NULL,0,NULL,'0000-00-00 00:00:00'),(295,293,0,'Dianna','Turner','2020-02-25','F',0,1,'2022-05-10 00:30:01',NULL,NULL,NULL,NULL,'8388','','','',5,NULL,NULL,0,0,NULL,0,1,'0000-00-00 00:00:00',0,0,NULL,NULL,'','',0,0,NULL,0,NULL,'0000-00-00 00:00:00'),(296,293,0,'Marisa','Turner','2015-10-05','F',0,1,'2022-05-10 00:30:01',NULL,NULL,NULL,NULL,'8388','','','',5,NULL,NULL,0,0,NULL,0,1,'0000-00-00 00:00:00',0,0,NULL,NULL,'','',0,0,NULL,0,NULL,'0000-00-00 00:00:00'),(297,NULL,0,'Cleveland','Mayert','1991-12-10','M',0,1,'2022-05-10 00:30:01',NULL,NULL,NULL,NULL,'2216','','','',5,NULL,NULL,0,0,NULL,0,1,'0000-00-00 00:00:00',0,0,NULL,NULL,'','',0,0,NULL,0,NULL,'0000-00-00 00:00:00'),(298,297,0,'Ryleigh','Mayert','2009-03-22','M',0,1,'2022-05-10 00:30:01',NULL,NULL,NULL,NULL,'2216','','','',5,NULL,NULL,0,0,NULL,0,1,'0000-00-00 00:00:00',0,0,NULL,NULL,'','',0,0,NULL,0,NULL,'0000-00-00 00:00:00'),(299,297,0,'Leo','Mayert','2019-10-15','M',0,1,'2022-05-10 00:30:01',NULL,NULL,NULL,NULL,'2216','','','',5,NULL,NULL,0,0,NULL,0,1,'0000-00-00 00:00:00',0,0,NULL,NULL,'','',0,0,NULL,0,NULL,'0000-00-00 00:00:00'),(300,NULL,0,'Eldon','Wisoky','1989-04-02','M',0,1,'2022-05-10 00:30:01',NULL,NULL,NULL,NULL,'2475','','','',5,NULL,NULL,0,0,NULL,0,1,'0000-00-00 00:00:00',0,0,NULL,NULL,'','',0,0,NULL,0,NULL,'0000-00-00 00:00:00'),(301,300,0,'Albina','Wisoky','2021-04-11','F',0,1,'2022-05-10 00:30:01',NULL,NULL,NULL,NULL,'2475','','','',5,NULL,NULL,0,0,NULL,0,1,'0000-00-00 00:00:00',0,0,NULL,NULL,'','',0,0,NULL,0,NULL,'0000-00-00 00:00:00'),(302,300,0,'Bailey','Wisoky','2010-08-06','M',0,1,'2022-05-10 00:30:01',NULL,NULL,NULL,NULL,'2475','','','',5,NULL,NULL,0,0,NULL,0,1,'0000-00-00 00:00:00',0,0,NULL,NULL,'','',0,0,NULL,0,NULL,'0000-00-00 00:00:00'),(303,NULL,0,'Claire','Douglas','1951-01-03','F',0,1,'2022-05-10 00:30:01',NULL,NULL,NULL,NULL,'7793','','','',5,NULL,NULL,0,0,NULL,0,1,'0000-00-00 00:00:00',0,0,NULL,NULL,'','',0,0,NULL,0,NULL,'0000-00-00 00:00:00'),(304,303,0,'Clarabelle','Douglas','2009-06-15','F',0,1,'2022-05-10 00:30:01',NULL,NULL,NULL,NULL,'7793','','','',5,NULL,NULL,0,0,NULL,0,1,'0000-00-00 00:00:00',0,0,NULL,NULL,'','',0,0,NULL,0,NULL,'0000-00-00 00:00:00'),(305,303,0,'Jarret','Douglas','2017-07-02','M',0,1,'2022-05-10 00:30:01',NULL,NULL,NULL,NULL,'7793','','','',5,NULL,NULL,0,0,NULL,0,1,'0000-00-00 00:00:00',0,0,NULL,NULL,'','',0,0,NULL,0,NULL,'0000-00-00 00:00:00'),(306,303,0,'Newell','Douglas','2013-06-12','M',0,1,'2022-05-10 00:30:01',NULL,NULL,NULL,NULL,'7793','','','',5,NULL,NULL,0,0,NULL,0,1,'0000-00-00 00:00:00',0,0,NULL,NULL,'','',0,0,NULL,0,NULL,'0000-00-00 00:00:00'),(307,303,0,'Abbey','Douglas','2017-12-03','F',0,1,'2022-05-10 00:30:01',NULL,NULL,NULL,NULL,'7793','','','',5,NULL,NULL,0,0,NULL,0,1,'0000-00-00 00:00:00',0,0,NULL,NULL,'','',0,0,NULL,0,NULL,'0000-00-00 00:00:00'),(308,303,0,'Zackary','Douglas','2009-03-03','M',0,1,'2022-05-10 00:30:01',NULL,NULL,NULL,NULL,'7793','','','',5,NULL,NULL,0,0,NULL,0,1,'0000-00-00 00:00:00',0,0,NULL,NULL,'','',0,0,NULL,0,NULL,'0000-00-00 00:00:00'),(309,303,0,'Madelynn','Douglas','2015-03-26','F',0,1,'2022-05-10 00:30:01',NULL,NULL,NULL,NULL,'7793','','','',5,NULL,NULL,0,0,NULL,0,1,'0000-00-00 00:00:00',0,0,NULL,NULL,'','',0,0,NULL,0,NULL,'0000-00-00 00:00:00'),(310,NULL,0,'Janice','Feest','1978-01-17','F',0,1,'2022-05-10 00:30:01',NULL,NULL,NULL,NULL,'1109','','','',5,NULL,NULL,0,0,NULL,0,1,'0000-00-00 00:00:00',0,0,NULL,NULL,'','',0,0,NULL,0,NULL,'0000-00-00 00:00:00'),(311,NULL,0,'Ezra','Keebler','1948-12-18','M',0,1,'2022-05-10 00:30:01',NULL,NULL,NULL,NULL,'5398','','','',5,NULL,NULL,0,0,NULL,0,1,'0000-00-00 00:00:00',0,0,NULL,NULL,'','',0,0,NULL,0,NULL,'0000-00-00 00:00:00'),(312,NULL,0,'Elfrieda','Welch','1995-03-04','F',0,1,'2022-05-10 00:30:01',NULL,NULL,NULL,NULL,'6538','','','',5,NULL,NULL,0,0,NULL,0,1,'0000-00-00 00:00:00',0,0,NULL,NULL,'','',0,0,NULL,0,NULL,'0000-00-00 00:00:00'),(313,312,0,'Alejandrin','Welch','2017-03-11','M',0,1,'2022-05-10 00:30:01',NULL,NULL,NULL,NULL,'6538','','','',5,NULL,NULL,0,0,NULL,0,1,'0000-00-00 00:00:00',0,0,NULL,NULL,'','',0,0,NULL,0,NULL,'0000-00-00 00:00:00'),(314,312,0,'Jermain','Welch','2020-09-24','M',0,1,'2022-05-10 00:30:01',NULL,NULL,NULL,NULL,'6538','','','',5,NULL,NULL,0,0,NULL,0,1,'0000-00-00 00:00:00',0,0,NULL,NULL,'','',0,0,NULL,0,NULL,'0000-00-00 00:00:00'),(315,312,0,'Lon','Welch','2015-06-03','M',0,1,'2022-05-10 00:30:01',NULL,NULL,NULL,NULL,'6538','','','',5,NULL,NULL,0,0,NULL,0,1,'0000-00-00 00:00:00',0,0,NULL,NULL,'','',0,0,NULL,0,NULL,'0000-00-00 00:00:00'),(316,NULL,0,'Alessandro','McDermott','1964-04-02','M',0,1,'2022-05-10 00:30:01',NULL,NULL,NULL,NULL,'7868','','','',5,NULL,NULL,0,0,NULL,0,1,'0000-00-00 00:00:00',0,0,NULL,NULL,'','',0,0,NULL,0,NULL,'0000-00-00 00:00:00'),(317,NULL,0,'Lucious','Brakus','2000-09-23','M',0,1,'2022-05-10 00:30:01',NULL,NULL,NULL,NULL,'4657','','','',5,NULL,NULL,0,0,NULL,0,1,'0000-00-00 00:00:00',0,0,NULL,NULL,'','',0,0,NULL,0,NULL,'0000-00-00 00:00:00'),(318,NULL,0,'Ayana','Mayer','1994-08-31','F',0,1,'2022-05-10 00:30:01',NULL,NULL,NULL,NULL,'6023','','','',5,NULL,NULL,0,0,NULL,0,1,'0000-00-00 00:00:00',0,0,NULL,NULL,'','',0,0,NULL,0,NULL,'0000-00-00 00:00:00'),(319,NULL,0,'Winona','Feil','1946-09-06','F',0,1,'2022-05-10 00:30:01',NULL,NULL,NULL,NULL,'1792','','','',5,NULL,NULL,0,0,NULL,0,1,'2022-10-28 00:26:27',0,0,NULL,NULL,'','',0,0,NULL,0,NULL,'0000-00-00 00:00:00'),(320,NULL,0,'Christiana','Smith','1956-05-31','F',0,1,'2022-05-10 00:30:01',NULL,NULL,NULL,NULL,'4437','','','',5,NULL,NULL,0,0,NULL,0,1,'0000-00-00 00:00:00',0,0,NULL,NULL,'','',0,0,NULL,0,NULL,'0000-00-00 00:00:00'),(321,NULL,0,'Fausto','Mueller','1969-11-01','M',0,1,'2022-05-10 00:30:01',NULL,NULL,NULL,NULL,'8067','','','',5,NULL,NULL,0,0,NULL,0,1,'0000-00-00 00:00:00',0,0,NULL,NULL,'','',0,0,NULL,0,NULL,'0000-00-00 00:00:00'),(322,321,0,'Nathanael','Mueller','2013-10-19','M',0,1,'2022-05-10 00:30:01',NULL,NULL,NULL,NULL,'8067','','','',5,NULL,NULL,0,0,NULL,0,1,'0000-00-00 00:00:00',0,0,NULL,NULL,'','',0,0,NULL,0,NULL,'0000-00-00 00:00:00'),(323,321,0,'Trycia','Mueller','2014-09-14','F',0,1,'2022-05-10 00:30:01',NULL,NULL,NULL,NULL,'8067','','','',5,NULL,NULL,0,0,NULL,0,1,'0000-00-00 00:00:00',0,0,NULL,NULL,'','',0,0,NULL,0,NULL,'0000-00-00 00:00:00'),(324,321,0,'Rosamond','Mueller','2016-07-22','F',0,1,'2022-05-10 00:30:01',NULL,NULL,NULL,NULL,'8067','','','',5,NULL,NULL,0,0,NULL,0,1,'0000-00-00 00:00:00',0,0,NULL,NULL,'','',0,0,NULL,0,NULL,'0000-00-00 00:00:00'),(325,321,0,'Clovis','Mueller','2019-05-05','M',0,1,'2022-05-10 00:30:01',NULL,NULL,NULL,NULL,'8067','','','',5,NULL,NULL,0,0,NULL,0,1,'0000-00-00 00:00:00',0,0,NULL,NULL,'','',0,0,NULL,0,NULL,'0000-00-00 00:00:00'),(326,NULL,0,'Houston','Lehner','1962-03-21','M',0,1,'2022-05-10 00:30:01',NULL,NULL,NULL,NULL,'4821','','','',5,NULL,NULL,0,0,NULL,0,1,'0000-00-00 00:00:00',0,0,NULL,NULL,'','',0,0,NULL,0,NULL,'0000-00-00 00:00:00'),(327,NULL,0,'Elta','Mraz','1967-10-25','F',0,1,'2022-05-10 00:30:01',NULL,NULL,NULL,NULL,'8374','','','',5,NULL,NULL,0,0,NULL,0,1,'0000-00-00 00:00:00',0,0,NULL,NULL,'','',0,0,NULL,0,NULL,'0000-00-00 00:00:00'),(328,327,0,'Neil','Mraz','2013-04-30','M',0,1,'2022-05-10 00:30:01',NULL,NULL,NULL,NULL,'8374','','','',5,NULL,NULL,0,0,NULL,0,1,'0000-00-00 00:00:00',0,0,NULL,NULL,'','',0,0,NULL,0,NULL,'0000-00-00 00:00:00'),(329,NULL,0,'Kip','Osinski','1948-03-11','M',0,1,'2022-05-10 00:30:01',NULL,NULL,NULL,NULL,'6801','','','',5,NULL,NULL,0,0,NULL,0,1,'0000-00-00 00:00:00',0,0,NULL,NULL,'','',0,0,NULL,0,NULL,'0000-00-00 00:00:00'),(330,NULL,0,'Neha','Keebler','2003-12-14','F',0,1,'2022-05-10 00:30:01',NULL,NULL,NULL,NULL,'7700','','','',5,NULL,NULL,0,0,NULL,0,1,'0000-00-00 00:00:00',0,0,NULL,NULL,'','',0,0,NULL,0,NULL,'0000-00-00 00:00:00'),(331,NULL,0,'Sigurd','McKenzie','1943-09-14','M',0,1,'2022-05-10 00:30:01',NULL,NULL,NULL,NULL,'5849','','','',5,NULL,NULL,0,0,NULL,0,1,'0000-00-00 00:00:00',0,0,NULL,NULL,'','',0,0,NULL,0,NULL,'0000-00-00 00:00:00'),(332,331,0,'Althea','McKenzie','2016-02-18','F',0,1,'2022-05-10 00:30:01',NULL,NULL,NULL,NULL,'5849','','','',5,NULL,NULL,0,0,NULL,0,1,'0000-00-00 00:00:00',0,0,NULL,NULL,'','',0,0,NULL,0,NULL,'0000-00-00 00:00:00'),(333,331,0,'Margarete','McKenzie','2022-11-05','F',0,1,'2022-05-10 00:30:01',NULL,NULL,NULL,NULL,'5849','','','',5,NULL,NULL,0,0,NULL,0,1,'0000-00-00 00:00:00',0,0,NULL,NULL,'','',0,0,NULL,0,NULL,'0000-00-00 00:00:00'),(334,NULL,0,'Elliott','Runte','1947-04-17','M',0,1,'2022-05-10 00:30:01',NULL,NULL,NULL,NULL,'8717','','','',5,NULL,NULL,0,0,NULL,0,1,'0000-00-00 00:00:00',0,0,NULL,NULL,'','',0,0,NULL,0,NULL,'0000-00-00 00:00:00'),(335,334,0,'Nia','Runte','2008-03-18','F',0,1,'2022-05-10 00:30:01',NULL,NULL,NULL,NULL,'8717','','','',5,NULL,NULL,0,0,NULL,0,1,'0000-00-00 00:00:00',0,0,NULL,NULL,'','',0,0,NULL,0,NULL,'0000-00-00 00:00:00'),(336,NULL,0,'Elisabeth','Bartoletti','1988-08-19','F',0,1,'2022-05-10 00:30:01',NULL,NULL,NULL,NULL,'9985','','','',5,NULL,NULL,0,0,NULL,0,1,'0000-00-00 00:00:00',0,0,NULL,NULL,'','',0,0,NULL,0,NULL,'0000-00-00 00:00:00'),(337,336,0,'Llewellyn','Bartoletti','2019-02-17','M',0,1,'2022-05-10 00:30:01',NULL,NULL,NULL,NULL,'9985','','','',5,NULL,NULL,0,0,NULL,0,1,'0000-00-00 00:00:00',0,0,NULL,NULL,'','',0,0,NULL,0,NULL,'0000-00-00 00:00:00'),(338,NULL,0,'Corine','Quigley','1987-12-29','F',0,1,'2022-05-10 00:30:01',NULL,NULL,NULL,NULL,'7447','','','',5,NULL,NULL,0,0,NULL,0,1,'0000-00-00 00:00:00',0,0,NULL,NULL,'','',0,0,NULL,0,NULL,'0000-00-00 00:00:00'),(339,NULL,0,'Nettie','Satterfield','1953-12-12','F',0,1,'2022-05-10 00:30:01',NULL,NULL,NULL,NULL,'8705','','','',5,NULL,NULL,0,0,NULL,0,1,'0000-00-00 00:00:00',0,0,NULL,NULL,'','',0,0,NULL,0,NULL,'0000-00-00 00:00:00'),(340,NULL,0,'Kailyn','Brakus','1993-05-26','F',0,1,'2022-05-10 00:30:01',NULL,NULL,NULL,NULL,'7111','','','',5,NULL,NULL,0,0,NULL,0,1,'0000-00-00 00:00:00',0,0,NULL,NULL,'','',0,0,NULL,0,NULL,'0000-00-00 00:00:00'),(341,340,0,'Amie','Brakus','2014-10-21','F',0,1,'2022-05-10 00:30:01',NULL,NULL,NULL,NULL,'7111','','','',5,NULL,NULL,0,0,NULL,0,1,'0000-00-00 00:00:00',0,0,NULL,NULL,'','',0,0,NULL,0,NULL,'0000-00-00 00:00:00'),(342,NULL,0,'Shawna','Parker','1961-06-04','F',0,1,'2022-05-10 00:30:01',NULL,NULL,NULL,NULL,'4668','','','',5,NULL,NULL,0,0,NULL,0,1,'0000-00-00 00:00:00',0,0,NULL,NULL,'','',0,0,NULL,0,NULL,'0000-00-00 00:00:00'),(343,342,0,'Lily','Parker','2016-03-09','F',0,1,'2022-05-10 00:30:01',NULL,NULL,NULL,NULL,'4668','','','',5,NULL,NULL,0,0,NULL,0,1,'0000-00-00 00:00:00',0,0,NULL,NULL,'','',0,0,NULL,0,NULL,'0000-00-00 00:00:00'),(344,342,0,'Sim','Parker','2010-09-12','M',0,1,'2022-05-10 00:30:01',NULL,NULL,NULL,NULL,'4668','','','',5,NULL,NULL,0,0,NULL,0,1,'0000-00-00 00:00:00',0,0,NULL,NULL,'','',0,0,NULL,0,NULL,'0000-00-00 00:00:00'),(345,342,0,'Zane','Parker','2011-05-07','M',0,1,'2022-05-10 00:30:01',NULL,NULL,NULL,NULL,'4668','','','',5,NULL,NULL,0,0,NULL,0,1,'0000-00-00 00:00:00',0,0,NULL,NULL,'','',0,0,NULL,0,NULL,'0000-00-00 00:00:00'),(346,342,0,'Emmanuelle','Parker','2021-08-30','F',0,1,'2022-05-10 00:30:01',NULL,NULL,NULL,NULL,'4668','','','',5,NULL,NULL,0,0,NULL,0,1,'0000-00-00 00:00:00',0,0,NULL,NULL,'','',0,0,NULL,0,NULL,'0000-00-00 00:00:00'),(347,342,0,'Nicolas','Parker','2022-01-11','M',0,1,'2022-05-10 00:30:01',NULL,NULL,NULL,NULL,'4668','','','',5,NULL,NULL,0,0,NULL,0,1,'0000-00-00 00:00:00',0,0,NULL,NULL,'','',0,0,NULL,0,NULL,'0000-00-00 00:00:00'),(348,342,0,'Casimir','Parker','2010-10-10','M',0,1,'2022-05-10 00:30:01',NULL,NULL,NULL,NULL,'4668','','','',5,NULL,NULL,0,0,NULL,0,1,'0000-00-00 00:00:00',0,0,NULL,NULL,'','',0,0,NULL,0,NULL,'0000-00-00 00:00:00'),(349,342,0,'Loyal','Parker','2014-07-17','M',0,1,'2022-05-10 00:30:01',NULL,NULL,NULL,NULL,'4668','','','',5,NULL,NULL,0,0,NULL,0,1,'0000-00-00 00:00:00',0,0,NULL,NULL,'','',0,0,NULL,0,NULL,'0000-00-00 00:00:00'),(350,342,0,'Lavonne','Parker','2010-04-20','F',0,1,'2022-05-10 00:30:01',NULL,NULL,NULL,NULL,'4668','','','',5,NULL,NULL,0,0,NULL,0,1,'0000-00-00 00:00:00',0,0,NULL,NULL,'','',0,0,NULL,0,NULL,'0000-00-00 00:00:00'),(351,342,0,'Kamren','Parker','2008-12-28','M',0,1,'2022-05-10 00:30:01',NULL,NULL,NULL,NULL,'4668','','','',5,NULL,NULL,0,0,NULL,0,1,'0000-00-00 00:00:00',0,0,NULL,NULL,'','',0,0,NULL,0,NULL,'0000-00-00 00:00:00'),(352,342,0,'Makenzie','Parker','2010-02-15','F',0,1,'2022-05-10 00:30:01',NULL,NULL,NULL,NULL,'4668','','','',5,NULL,NULL,0,0,NULL,0,1,'0000-00-00 00:00:00',0,0,NULL,NULL,'','',0,0,NULL,0,NULL,'0000-00-00 00:00:00'),(353,NULL,0,'Roderick','Baumbach','1983-05-20','M',0,1,'2022-05-10 00:30:01',NULL,NULL,NULL,NULL,'9696','','','',5,NULL,NULL,0,0,NULL,0,1,'0000-00-00 00:00:00',0,0,NULL,NULL,'','',0,0,NULL,0,NULL,'0000-00-00 00:00:00'),(354,353,0,'Vladimir','Baumbach','2010-01-23','M',0,1,'2022-05-10 00:30:01',NULL,NULL,NULL,NULL,'9696','','','',5,NULL,NULL,0,0,NULL,0,1,'0000-00-00 00:00:00',0,0,NULL,NULL,'','',0,0,NULL,0,NULL,'0000-00-00 00:00:00'),(355,353,0,'Serenity','Baumbach','2013-03-25','F',0,1,'2022-05-10 00:30:01',NULL,NULL,NULL,NULL,'9696','','','',5,NULL,NULL,0,0,NULL,0,1,'0000-00-00 00:00:00',0,0,NULL,NULL,'','',0,0,NULL,0,NULL,'0000-00-00 00:00:00'),(356,353,0,'Kristian','Baumbach','2018-07-09','M',0,1,'2022-05-10 00:30:01',NULL,NULL,NULL,NULL,'9696','','','',5,NULL,NULL,0,0,NULL,0,1,'0000-00-00 00:00:00',0,0,NULL,NULL,'','',0,0,NULL,0,NULL,'0000-00-00 00:00:00'),(357,353,0,'Dion','Baumbach','2020-02-13','M',0,1,'2022-05-10 00:30:01',NULL,NULL,NULL,NULL,'9696','','','',5,NULL,NULL,0,0,NULL,0,1,'0000-00-00 00:00:00',0,0,NULL,NULL,'','',0,0,NULL,0,NULL,'0000-00-00 00:00:00'),(358,353,0,'Leonor','Baumbach','2018-07-08','F',0,1,'2022-05-10 00:30:01',NULL,NULL,NULL,NULL,'9696','','','',5,NULL,NULL,0,0,NULL,0,1,'0000-00-00 00:00:00',0,0,NULL,NULL,'','',0,0,NULL,0,NULL,'0000-00-00 00:00:00'),(359,353,0,'Nadia','Baumbach','2022-07-01','F',0,1,'2022-05-10 00:30:01',NULL,NULL,NULL,NULL,'9696','','','',5,NULL,NULL,0,0,NULL,0,1,'0000-00-00 00:00:00',0,0,NULL,NULL,'','',0,0,NULL,0,NULL,'0000-00-00 00:00:00'),(360,NULL,0,'Ena','Rutherford','1962-12-07','F',0,1,'2022-05-10 00:30:01',NULL,NULL,NULL,NULL,'2440','','','',5,NULL,NULL,0,0,NULL,0,1,'0000-00-00 00:00:00',0,0,NULL,NULL,'','',0,0,NULL,0,NULL,'0000-00-00 00:00:00'),(361,360,0,'Pedro','Rutherford','2013-04-23','M',0,1,'2022-05-10 00:30:01',NULL,NULL,NULL,NULL,'2440','','','',5,NULL,NULL,0,0,NULL,0,1,'0000-00-00 00:00:00',0,0,NULL,NULL,'','',0,0,NULL,0,NULL,'0000-00-00 00:00:00'),(362,360,0,'Laurie','Rutherford','2008-10-16','F',0,1,'2022-05-10 00:30:01',NULL,NULL,NULL,NULL,'2440','','','',5,NULL,NULL,0,0,NULL,0,1,'0000-00-00 00:00:00',0,0,NULL,NULL,'','',0,0,NULL,0,NULL,'0000-00-00 00:00:00'),(363,360,0,'Ray','Rutherford','2009-05-26','M',0,1,'2022-05-10 00:30:01',NULL,NULL,NULL,NULL,'2440','','','',5,NULL,NULL,0,0,NULL,0,1,'0000-00-00 00:00:00',0,0,NULL,NULL,'','',0,0,NULL,0,NULL,'0000-00-00 00:00:00'),(364,360,0,'Emiliano','Rutherford','2011-08-07','M',0,1,'2022-05-10 00:30:01',NULL,NULL,NULL,NULL,'2440','','','',5,NULL,NULL,0,0,NULL,0,1,'0000-00-00 00:00:00',0,0,NULL,NULL,'','',0,0,NULL,0,NULL,'0000-00-00 00:00:00'),(365,NULL,0,'Emilio','Goyette','1953-12-18','M',0,1,'2022-05-10 00:30:01',NULL,NULL,NULL,NULL,'1731','','','',5,NULL,NULL,0,0,NULL,0,1,'2022-06-01 05:30:01',0,0,NULL,NULL,'','',0,0,NULL,0,NULL,'0000-00-00 00:00:00'),(366,NULL,0,'Tom','Daniel','1985-03-08','M',0,1,'2022-05-10 00:30:01',NULL,NULL,NULL,NULL,'3810','','','',5,NULL,NULL,0,0,NULL,0,1,'0000-00-00 00:00:00',0,0,NULL,NULL,'','',0,0,NULL,0,NULL,'0000-00-00 00:00:00'),(367,366,0,'Nelda','Daniel','2021-12-10','F',0,1,'2022-05-10 00:30:01',NULL,NULL,NULL,NULL,'3810','','','',5,NULL,NULL,0,0,NULL,0,1,'0000-00-00 00:00:00',0,0,NULL,NULL,'','',0,0,NULL,0,NULL,'0000-00-00 00:00:00'),(368,NULL,0,'Hanna','Kohler','1965-03-20','F',0,1,'2022-05-10 00:30:01',NULL,NULL,NULL,NULL,'1408','','','',5,NULL,NULL,0,0,NULL,0,1,'0000-00-00 00:00:00',0,0,NULL,NULL,'','',0,0,NULL,0,NULL,'0000-00-00 00:00:00'),(369,NULL,0,'Jeremie','Kuhn','1952-01-25','M',0,1,'2022-05-10 00:30:01',NULL,NULL,NULL,NULL,'7407','','','',5,NULL,NULL,0,0,NULL,0,1,'0000-00-00 00:00:00',0,0,NULL,NULL,'','',0,0,NULL,0,NULL,'0000-00-00 00:00:00'),(370,369,0,'Parker','Kuhn','2015-07-06','M',0,1,'2022-05-10 00:30:01',NULL,NULL,NULL,NULL,'7407','','','',5,NULL,NULL,0,0,NULL,0,1,'0000-00-00 00:00:00',0,0,NULL,NULL,'','',0,0,NULL,0,NULL,'0000-00-00 00:00:00'),(371,NULL,0,'Letitia','Renner','1974-07-02','F',0,1,'2022-05-10 00:30:01',NULL,NULL,NULL,NULL,'3777','','','',5,NULL,NULL,0,0,NULL,0,1,'0000-00-00 00:00:00',0,0,NULL,NULL,'','',0,0,NULL,0,NULL,'0000-00-00 00:00:00'),(372,NULL,0,'Lenora','Abernathy','1979-12-18','F',0,1,'2022-05-10 00:30:01',NULL,NULL,NULL,NULL,'9933','','','',5,NULL,NULL,0,0,NULL,0,1,'0000-00-00 00:00:00',0,0,NULL,NULL,'','',0,0,NULL,0,NULL,'0000-00-00 00:00:00'),(373,372,0,'Melyssa','Abernathy','2008-06-19','F',0,1,'2022-05-10 00:30:01',NULL,NULL,NULL,NULL,'9933','','','',5,NULL,NULL,0,0,NULL,0,1,'0000-00-00 00:00:00',0,0,NULL,NULL,'','',0,0,NULL,0,NULL,'0000-00-00 00:00:00'),(374,NULL,0,'Weldon','Kuphal','1985-10-14','M',0,1,'2022-05-10 00:30:01',NULL,NULL,NULL,NULL,'4545','','','',5,NULL,NULL,0,0,NULL,0,1,'0000-00-00 00:00:00',0,0,NULL,NULL,'','',0,0,NULL,0,NULL,'0000-00-00 00:00:00'),(375,NULL,0,'Anderson','McCullough','1991-03-18','M',0,1,'2022-05-10 00:30:01',NULL,NULL,NULL,NULL,'9042','','','',5,NULL,NULL,0,0,NULL,0,1,'0000-00-00 00:00:00',0,0,NULL,NULL,'','',0,0,NULL,0,NULL,'0000-00-00 00:00:00'),(376,375,0,'Kari','McCullough','2008-02-15','F',0,1,'2022-05-10 00:30:01',NULL,NULL,NULL,NULL,'9042','','','',5,NULL,NULL,0,0,NULL,0,1,'0000-00-00 00:00:00',0,0,NULL,NULL,'','',0,0,NULL,0,NULL,'0000-00-00 00:00:00'),(377,NULL,0,'Kiarra','O\'Keefe','1960-11-24','F',0,1,'2022-05-10 00:30:01',NULL,NULL,NULL,NULL,'8785','','','',5,NULL,NULL,0,0,NULL,0,1,'0000-00-00 00:00:00',0,0,NULL,NULL,'','',0,0,NULL,0,NULL,'0000-00-00 00:00:00'),(378,NULL,0,'Aglae','Sauer','1984-04-20','F',0,1,'2022-05-10 00:30:01',NULL,NULL,NULL,NULL,'2716','','','',5,NULL,NULL,0,0,NULL,0,1,'0000-00-00 00:00:00',0,0,NULL,NULL,'','',0,0,NULL,0,NULL,'0000-00-00 00:00:00'),(379,378,0,'Mona','Sauer','2018-11-24','F',0,1,'2022-05-10 00:30:01',NULL,NULL,NULL,NULL,'2716','','','',5,NULL,NULL,0,0,NULL,0,1,'0000-00-00 00:00:00',0,0,NULL,NULL,'','',0,0,NULL,0,NULL,'0000-00-00 00:00:00'),(380,378,0,'Nova','Sauer','2018-03-25','F',0,1,'2022-05-10 00:30:01',NULL,NULL,NULL,NULL,'2716','','','',5,NULL,NULL,0,0,NULL,0,1,'0000-00-00 00:00:00',0,0,NULL,NULL,'','',0,0,NULL,0,NULL,'0000-00-00 00:00:00'),(381,378,0,'Clarabelle','Sauer','2013-04-24','F',0,1,'2022-05-10 00:30:01',NULL,NULL,NULL,NULL,'2716','','','',5,NULL,NULL,0,0,NULL,0,1,'0000-00-00 00:00:00',0,0,NULL,NULL,'','',0,0,NULL,0,NULL,'0000-00-00 00:00:00'),(382,NULL,0,'Miracle','Gutmann','1962-04-21','F',0,1,'2022-05-10 00:30:01',NULL,NULL,NULL,NULL,'9682','','','',5,NULL,NULL,0,0,NULL,0,1,'0000-00-00 00:00:00',0,0,NULL,NULL,'','',0,0,NULL,0,NULL,'0000-00-00 00:00:00'),(383,382,0,'Sincere','Gutmann','2009-06-22','F',0,1,'2022-05-10 00:30:01',NULL,NULL,NULL,NULL,'9682','','','',5,NULL,NULL,0,0,NULL,0,1,'0000-00-00 00:00:00',0,0,NULL,NULL,'','',0,0,NULL,0,NULL,'0000-00-00 00:00:00'),(384,382,0,'Frances','Gutmann','2010-05-03','F',0,1,'2022-05-10 00:30:01',NULL,NULL,NULL,NULL,'9682','','','',5,NULL,NULL,0,0,NULL,0,1,'0000-00-00 00:00:00',0,0,NULL,NULL,'','',0,0,NULL,0,NULL,'0000-00-00 00:00:00'),(385,NULL,0,'Ernest','Hansen','1984-07-15','M',0,1,'2022-05-10 00:30:01',NULL,NULL,NULL,NULL,'8598','','','',5,NULL,NULL,0,0,NULL,0,1,'0000-00-00 00:00:00',0,0,NULL,NULL,'','',0,0,NULL,0,NULL,'0000-00-00 00:00:00'),(386,NULL,0,'Dameon','Gutkowski','1981-08-31','M',0,1,'2022-05-10 00:30:01',NULL,NULL,NULL,NULL,'2779','','','',5,NULL,NULL,0,0,NULL,0,1,'0000-00-00 00:00:00',0,0,NULL,NULL,'','',0,0,NULL,0,NULL,'0000-00-00 00:00:00'),(387,NULL,0,'Lela','Balistreri','1975-02-21','F',0,1,'2022-05-10 00:30:01',NULL,NULL,NULL,NULL,'6289','','','',5,NULL,NULL,0,0,NULL,0,1,'0000-00-00 00:00:00',0,0,NULL,NULL,'','',0,0,NULL,0,NULL,'0000-00-00 00:00:00'),(388,387,0,'Tressie','Balistreri','2021-05-01','F',0,1,'2022-05-10 00:30:01',NULL,NULL,NULL,NULL,'6289','','','',5,NULL,NULL,0,0,NULL,0,1,'0000-00-00 00:00:00',0,0,NULL,NULL,'','',0,0,NULL,0,NULL,'0000-00-00 00:00:00'),(389,387,0,'Shayne','Balistreri','2019-12-13','M',0,1,'2022-05-10 00:30:01',NULL,NULL,NULL,NULL,'6289','','','',5,NULL,NULL,0,0,NULL,0,1,'0000-00-00 00:00:00',0,0,NULL,NULL,'','',0,0,NULL,0,NULL,'0000-00-00 00:00:00'),(390,NULL,0,'Josie','Sanford','2000-03-09','F',0,1,'2022-05-10 00:30:01',NULL,NULL,NULL,NULL,'1451','','','',5,NULL,NULL,0,0,NULL,0,1,'0000-00-00 00:00:00',0,0,NULL,NULL,'','',0,0,NULL,0,NULL,'0000-00-00 00:00:00'),(391,390,0,'Magnolia','Sanford','2020-12-11','F',0,1,'2022-05-10 00:30:01',NULL,NULL,NULL,NULL,'1451','','','',5,NULL,NULL,0,0,NULL,0,1,'0000-00-00 00:00:00',0,0,NULL,NULL,'','',0,0,NULL,0,NULL,'0000-00-00 00:00:00'),(392,390,0,'Selina','Sanford','2018-07-28','F',0,1,'2022-05-10 00:30:01',NULL,NULL,NULL,NULL,'1451','','','',5,NULL,NULL,0,0,NULL,0,1,'0000-00-00 00:00:00',0,0,NULL,NULL,'','',0,0,NULL,0,NULL,'0000-00-00 00:00:00'),(393,390,0,'Howell','Sanford','2010-01-25','M',0,1,'2022-05-10 00:30:01',NULL,NULL,NULL,NULL,'1451','','','',5,NULL,NULL,0,0,NULL,0,1,'0000-00-00 00:00:00',0,0,NULL,NULL,'','',0,0,NULL,0,NULL,'0000-00-00 00:00:00'),(394,NULL,0,'Florida','McClure','1971-09-13','F',0,1,'2022-05-10 00:30:01',NULL,NULL,NULL,NULL,'1567','','','',5,NULL,NULL,0,0,NULL,0,1,'0000-00-00 00:00:00',0,0,NULL,NULL,'','',0,0,NULL,0,NULL,'0000-00-00 00:00:00'),(395,NULL,0,'Hallie','Mann','1965-01-24','F',0,1,'2022-05-10 00:30:01',NULL,NULL,NULL,NULL,'7217','','','',5,NULL,NULL,0,0,NULL,0,1,'0000-00-00 00:00:00',0,0,NULL,NULL,'','',0,0,NULL,0,NULL,'0000-00-00 00:00:00'),(396,395,0,'Kobe','Mann','2013-09-29','M',0,1,'2022-05-10 00:30:01',NULL,NULL,NULL,NULL,'7217','','','',5,NULL,NULL,0,0,NULL,0,1,'0000-00-00 00:00:00',0,0,NULL,NULL,'','',0,0,NULL,0,NULL,'0000-00-00 00:00:00'),(397,NULL,0,'Cathy','Medhurst','1987-05-27','F',0,1,'2022-05-10 00:30:01',NULL,NULL,NULL,NULL,'2327','','','',5,NULL,NULL,0,0,NULL,0,1,'0000-00-00 00:00:00',0,0,NULL,NULL,'','',0,0,NULL,0,NULL,'0000-00-00 00:00:00'),(398,NULL,0,'Angie','Feeney','1951-11-01','F',0,1,'2022-05-10 00:30:01',NULL,NULL,NULL,NULL,'7369','','','',5,NULL,NULL,0,0,NULL,0,1,'0000-00-00 00:00:00',0,0,NULL,NULL,'','',0,0,NULL,0,NULL,'0000-00-00 00:00:00'),(399,398,0,'Wyman','Feeney','2019-03-02','M',0,1,'2022-05-10 00:30:01',NULL,NULL,NULL,NULL,'7369','','','',5,NULL,NULL,0,0,NULL,0,1,'0000-00-00 00:00:00',0,0,NULL,NULL,'','',0,0,NULL,0,NULL,'0000-00-00 00:00:00'),(400,398,0,'Webster','Feeney','2008-02-09','M',0,1,'2022-05-10 00:30:01',NULL,NULL,NULL,NULL,'7369','','','',5,NULL,NULL,0,0,NULL,0,1,'0000-00-00 00:00:00',0,0,NULL,NULL,'','',0,0,NULL,0,NULL,'0000-00-00 00:00:00'),(401,NULL,0,'Zita','Hirthe','1949-08-19','F',0,1,'2022-05-10 00:30:01',NULL,NULL,NULL,NULL,'1631','','','',5,NULL,NULL,0,0,NULL,0,1,'2022-08-03 02:41:11',0,0,NULL,NULL,'','',0,0,NULL,0,NULL,'0000-00-00 00:00:00'),(402,NULL,0,'Jerry','Cummings','1964-11-19','M',0,1,'2022-05-10 00:30:01',NULL,NULL,NULL,NULL,'1881','','','',5,NULL,NULL,0,0,NULL,0,1,'0000-00-00 00:00:00',0,0,NULL,NULL,'','',0,0,NULL,0,NULL,'0000-00-00 00:00:00'),(403,402,0,'Hilda','Cummings','2017-11-18','F',0,1,'2022-05-10 00:30:01',NULL,NULL,NULL,NULL,'1881','','','',5,NULL,NULL,0,0,NULL,0,1,'0000-00-00 00:00:00',0,0,NULL,NULL,'','',0,0,NULL,0,NULL,'0000-00-00 00:00:00'),(404,402,0,'Hollis','Cummings','2011-08-01','M',0,1,'2022-05-10 00:30:01',NULL,NULL,NULL,NULL,'1881','','','',5,NULL,NULL,0,0,NULL,0,1,'0000-00-00 00:00:00',0,0,NULL,NULL,'','',0,0,NULL,0,NULL,'0000-00-00 00:00:00'),(405,402,0,'Zachariah','Cummings','2010-11-04','M',0,1,'2022-05-10 00:30:01',NULL,NULL,NULL,NULL,'1881','','','',5,NULL,NULL,0,0,NULL,0,1,'0000-00-00 00:00:00',0,0,NULL,NULL,'','',0,0,NULL,0,NULL,'0000-00-00 00:00:00'),(406,NULL,0,'Rick','Robel','1957-08-03','M',0,1,'2022-05-10 00:30:01',NULL,NULL,NULL,NULL,'7250','','','',5,NULL,NULL,0,0,NULL,0,1,'0000-00-00 00:00:00',0,0,NULL,NULL,'','',0,0,NULL,0,NULL,'0000-00-00 00:00:00'),(407,406,0,'Benedict','Robel','2018-05-22','M',0,1,'2022-05-10 00:30:01',NULL,NULL,NULL,NULL,'7250','','','',5,NULL,NULL,0,0,NULL,0,1,'0000-00-00 00:00:00',0,0,NULL,NULL,'','',0,0,NULL,0,NULL,'0000-00-00 00:00:00'),(408,406,0,'Talon','Robel','2021-07-24','M',0,1,'2022-05-10 00:30:01',NULL,NULL,NULL,NULL,'7250','','','',5,NULL,NULL,0,0,NULL,0,1,'0000-00-00 00:00:00',0,0,NULL,NULL,'','',0,0,NULL,0,NULL,'0000-00-00 00:00:00'),(409,406,0,'Bridgette','Robel','2015-10-08','F',0,1,'2022-05-10 00:30:01',NULL,NULL,NULL,NULL,'7250','','','',5,NULL,NULL,0,0,NULL,0,1,'0000-00-00 00:00:00',0,0,NULL,NULL,'','',0,0,NULL,0,NULL,'0000-00-00 00:00:00'),(410,NULL,0,'Talon','Cruickshank','1974-01-07','M',0,1,'2022-05-10 00:30:01',NULL,NULL,NULL,NULL,'2998','','','',5,NULL,NULL,0,0,NULL,0,1,'0000-00-00 00:00:00',0,0,NULL,NULL,'','',0,0,NULL,0,NULL,'0000-00-00 00:00:00'),(411,NULL,0,'Magali','Kuvalis','1978-05-04','F',0,1,'2022-05-10 00:30:01',NULL,NULL,NULL,NULL,'7230','','','',5,NULL,NULL,0,0,NULL,0,1,'0000-00-00 00:00:00',0,0,NULL,NULL,'','',0,0,NULL,0,NULL,'0000-00-00 00:00:00'),(412,NULL,0,'Loma','Torphy','1943-07-27','F',0,1,'2022-05-10 00:30:01',NULL,NULL,NULL,NULL,'9860','','','',5,NULL,NULL,0,0,NULL,0,1,'0000-00-00 00:00:00',0,0,NULL,NULL,'','',0,0,NULL,0,NULL,'0000-00-00 00:00:00'),(413,NULL,0,'Darrell','Johns','2002-04-20','M',0,1,'2022-05-10 00:30:01',NULL,NULL,NULL,NULL,'6570','','','',5,NULL,NULL,0,0,NULL,0,1,'0000-00-00 00:00:00',0,0,NULL,NULL,'','',0,0,NULL,0,NULL,'0000-00-00 00:00:00'),(414,NULL,0,'Chanel','Macejkovic','1981-08-25','F',0,1,'2022-05-10 00:30:01',NULL,NULL,NULL,NULL,'2501','','','',5,NULL,NULL,0,0,NULL,0,1,'0000-00-00 00:00:00',0,0,NULL,NULL,'','',0,0,NULL,0,NULL,'0000-00-00 00:00:00'),(415,414,0,'Hailey','Macejkovic','2013-08-18','M',0,1,'2022-05-10 00:30:01',NULL,NULL,NULL,NULL,'2501','','','',5,NULL,NULL,0,0,NULL,0,1,'0000-00-00 00:00:00',0,0,NULL,NULL,'','',0,0,NULL,0,NULL,'0000-00-00 00:00:00'),(416,414,0,'Rosemary','Macejkovic','2020-08-03','F',0,1,'2022-05-10 00:30:01',NULL,NULL,NULL,NULL,'2501','','','',5,NULL,NULL,0,0,NULL,0,1,'0000-00-00 00:00:00',0,0,NULL,NULL,'','',0,0,NULL,0,NULL,'0000-00-00 00:00:00'),(417,NULL,0,'Mackenzie','Parker','1982-05-16','M',0,1,'2022-05-10 00:30:01',NULL,NULL,NULL,NULL,'2883','','','',5,NULL,NULL,0,0,NULL,0,1,'0000-00-00 00:00:00',0,0,NULL,NULL,'','',0,0,NULL,0,NULL,'0000-00-00 00:00:00'),(418,417,0,'Carli','Parker','2019-06-02','F',0,1,'2022-05-10 00:30:01',NULL,NULL,NULL,NULL,'2883','','','',5,NULL,NULL,0,0,NULL,0,1,'0000-00-00 00:00:00',0,0,NULL,NULL,'','',0,0,NULL,0,NULL,'0000-00-00 00:00:00'),(419,417,0,'Misty','Parker','2017-10-16','F',0,1,'2022-05-10 00:30:01',NULL,NULL,NULL,NULL,'2883','','','',5,NULL,NULL,0,0,NULL,0,1,'0000-00-00 00:00:00',0,0,NULL,NULL,'','',0,0,NULL,0,NULL,'0000-00-00 00:00:00'),(420,417,0,'Vernie','Parker','2017-03-08','F',0,1,'2022-05-10 00:30:01',NULL,NULL,NULL,NULL,'2883','','','',5,NULL,NULL,0,0,NULL,0,1,'0000-00-00 00:00:00',0,0,NULL,NULL,'','',0,0,NULL,0,NULL,'0000-00-00 00:00:00'),(421,417,0,'Alf','Parker','2020-04-17','M',0,1,'2022-05-10 00:30:01',NULL,NULL,NULL,NULL,'2883','','','',5,NULL,NULL,0,0,NULL,0,1,'0000-00-00 00:00:00',0,0,NULL,NULL,'','',0,0,NULL,0,NULL,'0000-00-00 00:00:00'),(422,NULL,0,'Hassie','Champlin','1990-04-09','F',0,1,'2022-05-10 00:30:01',NULL,NULL,NULL,NULL,'1617','','','',5,NULL,NULL,0,0,NULL,0,1,'0000-00-00 00:00:00',0,0,NULL,NULL,'','',0,0,NULL,0,NULL,'0000-00-00 00:00:00'),(423,422,0,'Dakota','Champlin','2009-03-31','F',0,1,'2022-05-10 00:30:01',NULL,NULL,NULL,NULL,'1617','','','',5,NULL,NULL,0,0,NULL,0,1,'0000-00-00 00:00:00',0,0,NULL,NULL,'','',0,0,NULL,0,NULL,'0000-00-00 00:00:00'),(424,422,0,'Gust','Champlin','2013-02-02','M',0,1,'2022-05-10 00:30:01',NULL,NULL,NULL,NULL,'1617','','','',5,NULL,NULL,0,0,NULL,0,1,'0000-00-00 00:00:00',0,0,NULL,NULL,'','',0,0,NULL,0,NULL,'0000-00-00 00:00:00'),(425,422,0,'Shyanne','Champlin','2010-12-29','F',0,1,'2022-05-10 00:30:01',NULL,NULL,NULL,NULL,'1617','','','',5,NULL,NULL,0,0,NULL,0,1,'0000-00-00 00:00:00',0,0,NULL,NULL,'','',0,0,NULL,0,NULL,'0000-00-00 00:00:00'),(426,NULL,0,'Edythe','Blanda','1983-01-24','F',0,1,'2022-05-10 00:30:01',NULL,NULL,NULL,NULL,'4181','','','',5,NULL,NULL,0,0,NULL,0,1,'0000-00-00 00:00:00',0,0,NULL,NULL,'','',0,0,NULL,0,NULL,'0000-00-00 00:00:00'),(427,426,0,'Franco','Blanda','2009-02-12','M',0,1,'2022-05-10 00:30:01',NULL,NULL,NULL,NULL,'4181','','','',5,NULL,NULL,0,0,NULL,0,1,'0000-00-00 00:00:00',0,0,NULL,NULL,'','',0,0,NULL,0,NULL,'0000-00-00 00:00:00'),(428,426,0,'Marietta','Blanda','2015-09-05','F',0,1,'2022-05-10 00:30:01',NULL,NULL,NULL,NULL,'4181','','','',5,NULL,NULL,0,0,NULL,0,1,'0000-00-00 00:00:00',0,0,NULL,NULL,'','',0,0,NULL,0,NULL,'0000-00-00 00:00:00'),(429,NULL,0,'Eduardo','Jenkins','1994-12-18','M',0,1,'2022-05-10 00:30:01',NULL,NULL,NULL,NULL,'5231','','','',5,NULL,NULL,0,0,NULL,0,1,'0000-00-00 00:00:00',0,0,NULL,NULL,'','',0,0,NULL,0,NULL,'0000-00-00 00:00:00'),(430,429,0,'Maribel','Jenkins','2011-08-18','F',0,1,'2022-05-10 00:30:01',NULL,NULL,NULL,NULL,'5231','','','',5,NULL,NULL,0,0,NULL,0,1,'0000-00-00 00:00:00',0,0,NULL,NULL,'','',0,0,NULL,0,NULL,'0000-00-00 00:00:00'),(431,NULL,0,'Garfield','Langosh','1947-08-04','M',0,1,'2022-05-10 00:30:01',NULL,NULL,NULL,NULL,'1584','','','',5,NULL,NULL,0,0,NULL,0,1,'0000-00-00 00:00:00',0,0,NULL,NULL,'','',0,0,NULL,0,NULL,'0000-00-00 00:00:00'),(432,NULL,0,'Nestor','Bechtelar','1966-05-02','M',0,1,'2022-05-10 00:30:01',NULL,NULL,NULL,NULL,'6097','','','',5,NULL,NULL,0,0,NULL,0,1,'0000-00-00 00:00:00',0,0,NULL,NULL,'','',0,0,NULL,0,NULL,'0000-00-00 00:00:00'),(433,NULL,0,'Garret','Olson','1947-04-29','M',0,1,'2022-05-10 00:30:01',NULL,NULL,NULL,NULL,'7942','','','',5,NULL,NULL,0,0,NULL,0,1,'0000-00-00 00:00:00',0,0,NULL,NULL,'','',0,0,NULL,0,NULL,'0000-00-00 00:00:00'),(434,433,0,'Theron','Olson','2015-01-08','M',0,1,'2022-05-10 00:30:01',NULL,NULL,NULL,NULL,'7942','','','',5,NULL,NULL,0,0,NULL,0,1,'0000-00-00 00:00:00',0,0,NULL,NULL,'','',0,0,NULL,0,NULL,'0000-00-00 00:00:00'),(435,433,0,'Kadin','Olson','2011-05-01','M',0,1,'2022-05-10 00:30:01',NULL,NULL,NULL,NULL,'7942','','','',5,NULL,NULL,0,0,NULL,0,1,'0000-00-00 00:00:00',0,0,NULL,NULL,'','',0,0,NULL,0,NULL,'0000-00-00 00:00:00'),(436,433,0,'Vernon','Olson','2017-03-31','M',0,1,'2022-05-10 00:30:01',NULL,NULL,NULL,NULL,'7942','','','',5,NULL,NULL,0,0,NULL,0,1,'0000-00-00 00:00:00',0,0,NULL,NULL,'','',0,0,NULL,0,NULL,'0000-00-00 00:00:00'),(437,NULL,0,'Florida','Gibson','1959-02-27','F',0,1,'2022-05-10 00:30:01',NULL,NULL,NULL,NULL,'4206','','','',5,NULL,NULL,0,0,NULL,0,1,'0000-00-00 00:00:00',0,0,NULL,NULL,'','',0,0,NULL,0,NULL,'0000-00-00 00:00:00'),(438,NULL,0,'Joanne','Lemke','1969-05-12','F',0,1,'2022-05-10 00:30:01',NULL,NULL,NULL,NULL,'3125','','','',5,NULL,NULL,0,0,NULL,0,1,'0000-00-00 00:00:00',0,0,NULL,NULL,'','',0,0,NULL,0,NULL,'0000-00-00 00:00:00'),(439,438,0,'Aubrey','Lemke','2010-04-16','F',0,1,'2022-05-10 00:30:01',NULL,NULL,NULL,NULL,'3125','','','',5,NULL,NULL,0,0,NULL,0,1,'0000-00-00 00:00:00',0,0,NULL,NULL,'','',0,0,NULL,0,NULL,'0000-00-00 00:00:00'),(440,NULL,0,'Newton','Buckridge','2007-02-02','M',0,1,'2022-05-10 00:30:01',NULL,NULL,NULL,NULL,'3863','','','',5,NULL,NULL,0,0,NULL,0,1,'2022-02-17 20:33:34',0,0,NULL,NULL,'','',0,0,NULL,0,NULL,'0000-00-00 00:00:00'),(441,440,0,'Sigurd','Buckridge','2018-04-01','M',0,1,'2022-05-10 00:30:01',NULL,NULL,NULL,NULL,'3863','','','',5,NULL,NULL,0,0,NULL,0,1,'2022-02-17 20:33:34',0,0,NULL,NULL,'','',0,0,NULL,0,NULL,'0000-00-00 00:00:00'),(442,440,0,'Mallie','Buckridge','2018-12-26','F',0,1,'2022-05-10 00:30:01',NULL,NULL,NULL,NULL,'3863','','','',5,NULL,NULL,0,0,NULL,0,1,'2022-02-17 20:33:34',0,0,NULL,NULL,'','',0,0,NULL,0,NULL,'0000-00-00 00:00:00'),(443,440,0,'Jesus','Buckridge','2009-06-07','M',0,1,'2022-05-10 00:30:01',NULL,NULL,NULL,NULL,'3863','','','',5,NULL,NULL,0,0,NULL,0,1,'2022-02-17 20:33:34',0,0,NULL,NULL,'','',0,0,NULL,0,NULL,'0000-00-00 00:00:00'),(444,NULL,0,'Yesenia','Romaguera','1950-01-26','F',0,1,'2022-05-10 00:30:01',NULL,NULL,NULL,NULL,'4322','','','',5,NULL,NULL,0,0,NULL,0,1,'0000-00-00 00:00:00',0,0,NULL,NULL,'','',0,0,NULL,0,NULL,'0000-00-00 00:00:00'),(445,444,0,'Orpha','Romaguera','2018-04-03','F',0,1,'2022-05-10 00:30:01',NULL,NULL,NULL,NULL,'4322','','','',5,NULL,NULL,0,0,NULL,0,1,'0000-00-00 00:00:00',0,0,NULL,NULL,'','',0,0,NULL,0,NULL,'0000-00-00 00:00:00'),(446,444,0,'Peter','Romaguera','2016-01-25','M',0,1,'2022-05-10 00:30:01',NULL,NULL,NULL,NULL,'4322','','','',5,NULL,NULL,0,0,NULL,0,1,'0000-00-00 00:00:00',0,0,NULL,NULL,'','',0,0,NULL,0,NULL,'0000-00-00 00:00:00'),(447,444,0,'Dolly','Romaguera','2012-02-21','F',0,1,'2022-05-10 00:30:01',NULL,NULL,NULL,NULL,'4322','','','',5,NULL,NULL,0,0,NULL,0,1,'0000-00-00 00:00:00',0,0,NULL,NULL,'','',0,0,NULL,0,NULL,'0000-00-00 00:00:00'),(448,444,0,'Lionel','Romaguera','2016-11-29','M',0,1,'2022-05-10 00:30:01',NULL,NULL,NULL,NULL,'4322','','','',5,NULL,NULL,0,0,NULL,0,1,'0000-00-00 00:00:00',0,0,NULL,NULL,'','',0,0,NULL,0,NULL,'0000-00-00 00:00:00'),(449,NULL,0,'Alicia','Howell','1988-03-19','F',0,1,'2022-05-10 00:30:01',NULL,NULL,NULL,NULL,'5597','','','',5,NULL,NULL,0,0,NULL,0,1,'0000-00-00 00:00:00',0,0,NULL,NULL,'','',0,0,NULL,0,NULL,'0000-00-00 00:00:00'),(450,NULL,0,'Bernard','Walsh','1953-06-25','M',0,1,'2022-05-10 00:30:01',NULL,NULL,NULL,NULL,'2522','','','',5,NULL,NULL,0,0,NULL,0,1,'0000-00-00 00:00:00',0,0,NULL,NULL,'','',0,0,NULL,0,NULL,'0000-00-00 00:00:00'),(451,NULL,0,'Everette','Stehr','1963-07-22','F',0,1,'2022-05-10 00:30:01',NULL,NULL,NULL,NULL,'8840','','','',5,NULL,NULL,0,0,NULL,0,1,'0000-00-00 00:00:00',0,0,NULL,NULL,'','',0,0,NULL,0,NULL,'0000-00-00 00:00:00'),(452,451,0,'Callie','Stehr','2016-06-07','F',0,1,'2022-05-10 00:30:01',NULL,NULL,NULL,NULL,'8840','','','',5,NULL,NULL,0,0,NULL,0,1,'0000-00-00 00:00:00',0,0,NULL,NULL,'','',0,0,NULL,0,NULL,'0000-00-00 00:00:00'),(453,451,0,'Santos','Stehr','2016-09-23','M',0,1,'2022-05-10 00:30:01',NULL,NULL,NULL,NULL,'8840','','','',5,NULL,NULL,0,0,NULL,0,1,'0000-00-00 00:00:00',0,0,NULL,NULL,'','',0,0,NULL,0,NULL,'0000-00-00 00:00:00'),(454,451,0,'Gino','Stehr','2008-03-18','M',0,1,'2022-05-10 00:30:01',NULL,NULL,NULL,NULL,'8840','','','',5,NULL,NULL,0,0,NULL,0,1,'0000-00-00 00:00:00',0,0,NULL,NULL,'','',0,0,NULL,0,NULL,'0000-00-00 00:00:00'),(455,NULL,0,'Jayden','Bergnaum','1946-11-03','M',0,1,'2022-05-10 00:30:01',NULL,NULL,NULL,NULL,'3573','','','',5,NULL,NULL,0,0,NULL,0,1,'0000-00-00 00:00:00',0,0,NULL,NULL,'','',0,0,NULL,0,NULL,'0000-00-00 00:00:00'),(456,455,0,'Heber','Bergnaum','2018-03-25','M',0,1,'2022-05-10 00:30:01',NULL,NULL,NULL,NULL,'3573','','','',5,NULL,NULL,0,0,NULL,0,1,'0000-00-00 00:00:00',0,0,NULL,NULL,'','',0,0,NULL,0,NULL,'0000-00-00 00:00:00'),(457,455,0,'Hipolito','Bergnaum','2017-05-29','M',0,1,'2022-05-10 00:30:01',NULL,NULL,NULL,NULL,'3573','','','',5,NULL,NULL,0,0,NULL,0,1,'0000-00-00 00:00:00',0,0,NULL,NULL,'','',0,0,NULL,0,NULL,'0000-00-00 00:00:00'),(458,455,0,'Myriam','Bergnaum','2009-10-17','F',0,1,'2022-05-10 00:30:01',NULL,NULL,NULL,NULL,'3573','','','',5,NULL,NULL,0,0,NULL,0,1,'0000-00-00 00:00:00',0,0,NULL,NULL,'','',0,0,NULL,0,NULL,'0000-00-00 00:00:00'),(459,NULL,0,'Bella','Casper','1963-12-08','F',0,1,'2022-05-10 00:30:01',NULL,NULL,NULL,NULL,'2950','','','',5,NULL,NULL,0,0,NULL,0,1,'0000-00-00 00:00:00',0,0,NULL,NULL,'','',0,0,NULL,0,NULL,'0000-00-00 00:00:00'),(460,459,0,'Zita','Casper','2016-04-13','F',0,1,'2022-05-10 00:30:01',NULL,NULL,NULL,NULL,'2950','','','',5,NULL,NULL,0,0,NULL,0,1,'0000-00-00 00:00:00',0,0,NULL,NULL,'','',0,0,NULL,0,NULL,'0000-00-00 00:00:00'),(461,459,0,'Ada','Casper','2013-07-01','F',0,1,'2022-05-10 00:30:01',NULL,NULL,NULL,NULL,'2950','','','',5,NULL,NULL,0,0,NULL,0,1,'0000-00-00 00:00:00',0,0,NULL,NULL,'','',0,0,NULL,0,NULL,'0000-00-00 00:00:00'),(462,NULL,0,'Danyka','Brekke','2002-06-28','F',0,1,'2022-05-10 00:30:01',NULL,NULL,NULL,NULL,'9214','','','',5,NULL,NULL,0,0,NULL,0,1,'0000-00-00 00:00:00',0,0,NULL,NULL,'','',0,0,NULL,0,NULL,'0000-00-00 00:00:00'),(463,462,0,'Yadira','Brekke','2012-12-04','F',0,1,'2022-05-10 00:30:01',NULL,NULL,NULL,NULL,'9214','','','',5,NULL,NULL,0,0,NULL,0,1,'0000-00-00 00:00:00',0,0,NULL,NULL,'','',0,0,NULL,0,NULL,'0000-00-00 00:00:00'),(464,462,0,'Sterling','Brekke','2015-12-29','M',0,1,'2022-05-10 00:30:01',NULL,NULL,NULL,NULL,'9214','','','',5,NULL,NULL,0,0,NULL,0,1,'0000-00-00 00:00:00',0,0,NULL,NULL,'','',0,0,NULL,0,NULL,'0000-00-00 00:00:00'),(465,462,0,'Edmond','Brekke','2008-03-25','M',0,1,'2022-05-10 00:30:01',NULL,NULL,NULL,NULL,'9214','','','',5,NULL,NULL,0,0,NULL,0,1,'0000-00-00 00:00:00',0,0,NULL,NULL,'','',0,0,NULL,0,NULL,'0000-00-00 00:00:00'),(466,NULL,0,'Clement','D\'Amore','1957-07-12','M',0,1,'2022-05-10 00:30:01',NULL,NULL,NULL,NULL,'3512','','','',5,NULL,NULL,0,0,NULL,0,1,'0000-00-00 00:00:00',0,0,NULL,NULL,'','',0,0,NULL,0,NULL,'0000-00-00 00:00:00'),(467,466,0,'Eden','D\'Amore','2010-07-07','F',0,1,'2022-05-10 00:30:01',NULL,NULL,NULL,NULL,'3512','','','',5,NULL,NULL,0,0,NULL,0,1,'0000-00-00 00:00:00',0,0,NULL,NULL,'','',0,0,NULL,0,NULL,'0000-00-00 00:00:00'),(468,466,0,'Quinton','D\'Amore','2010-12-09','M',0,1,'2022-05-10 00:30:01',NULL,NULL,NULL,NULL,'3512','','','',5,NULL,NULL,0,0,NULL,0,1,'0000-00-00 00:00:00',0,0,NULL,NULL,'','',0,0,NULL,0,NULL,'0000-00-00 00:00:00'),(469,466,0,'Adrain','D\'Amore','2008-04-06','M',0,1,'2022-05-10 00:30:01',NULL,NULL,NULL,NULL,'3512','','','',5,NULL,NULL,0,0,NULL,0,1,'0000-00-00 00:00:00',0,0,NULL,NULL,'','',0,0,NULL,0,NULL,'0000-00-00 00:00:00'),(470,466,0,'Austyn','D\'Amore','2011-12-20','M',0,1,'2022-05-10 00:30:01',NULL,NULL,NULL,NULL,'3512','','','',5,NULL,NULL,0,0,NULL,0,1,'0000-00-00 00:00:00',0,0,NULL,NULL,'','',0,0,NULL,0,NULL,'0000-00-00 00:00:00'),(471,NULL,0,'Julius','Purdy','1995-10-26','M',0,1,'2022-05-10 00:30:01',NULL,NULL,NULL,NULL,'7543','','','',5,NULL,NULL,0,0,NULL,0,1,'0000-00-00 00:00:00',0,0,NULL,NULL,'','',0,0,NULL,0,NULL,'0000-00-00 00:00:00'),(472,NULL,0,'Bernita','Ritchie','1958-04-28','F',0,1,'2022-05-10 00:30:01',NULL,NULL,NULL,NULL,'1527','','','',5,NULL,NULL,0,0,NULL,0,1,'0000-00-00 00:00:00',0,0,NULL,NULL,'','',0,0,NULL,0,NULL,'0000-00-00 00:00:00'),(473,472,0,'Royce','Ritchie','2022-07-31','M',0,1,'2022-05-10 00:30:01',NULL,NULL,NULL,NULL,'1527','','','',5,NULL,NULL,0,0,NULL,0,1,'0000-00-00 00:00:00',0,0,NULL,NULL,'','',0,0,NULL,0,NULL,'0000-00-00 00:00:00'),(474,472,0,'Thaddeus','Ritchie','2018-02-23','M',0,1,'2022-05-10 00:30:01',NULL,NULL,NULL,NULL,'1527','','','',5,NULL,NULL,0,0,NULL,0,1,'0000-00-00 00:00:00',0,0,NULL,NULL,'','',0,0,NULL,0,NULL,'0000-00-00 00:00:00'),(475,NULL,0,'Malvina','Rogahn','1967-07-02','F',0,1,'2022-05-10 00:30:01',NULL,NULL,NULL,NULL,'7100','','','',5,NULL,NULL,0,0,NULL,0,1,'0000-00-00 00:00:00',0,0,NULL,NULL,'','',0,0,NULL,0,NULL,'0000-00-00 00:00:00'),(476,475,0,'Ross','Rogahn','2020-05-11','M',0,1,'2022-05-10 00:30:01',NULL,NULL,NULL,NULL,'7100','','','',5,NULL,NULL,0,0,NULL,0,1,'0000-00-00 00:00:00',0,0,NULL,NULL,'','',0,0,NULL,0,NULL,'0000-00-00 00:00:00'),(477,475,0,'Lempi','Rogahn','2018-02-01','F',0,1,'2022-05-10 00:30:01',NULL,NULL,NULL,NULL,'7100','','','',5,NULL,NULL,0,0,NULL,0,1,'0000-00-00 00:00:00',0,0,NULL,NULL,'','',0,0,NULL,0,NULL,'0000-00-00 00:00:00'),(478,NULL,0,'Lora','Ward','1956-09-13','F',0,1,'2022-05-10 00:30:01',NULL,NULL,NULL,NULL,'8000','','','',5,NULL,NULL,0,0,NULL,0,1,'0000-00-00 00:00:00',0,0,NULL,NULL,'','',0,0,NULL,0,NULL,'0000-00-00 00:00:00'),(479,478,0,'Rashawn','Ward','2010-04-22','M',0,1,'2022-05-10 00:30:01',NULL,NULL,NULL,NULL,'8000','','','',5,NULL,NULL,0,0,NULL,0,1,'0000-00-00 00:00:00',0,0,NULL,NULL,'','',0,0,NULL,0,NULL,'0000-00-00 00:00:00'),(480,478,0,'Hank','Ward','2009-11-20','M',0,1,'2022-05-10 00:30:01',NULL,NULL,NULL,NULL,'8000','','','',5,NULL,NULL,0,0,NULL,0,1,'0000-00-00 00:00:00',0,0,NULL,NULL,'','',0,0,NULL,0,NULL,'0000-00-00 00:00:00'),(481,478,0,'Elinor','Ward','2010-08-20','F',0,1,'2022-05-10 00:30:01',NULL,NULL,NULL,NULL,'8000','','','',5,NULL,NULL,0,0,NULL,0,1,'0000-00-00 00:00:00',0,0,NULL,NULL,'','',0,0,NULL,0,NULL,'0000-00-00 00:00:00'),(482,NULL,0,'Dillon','Rutherford','2005-07-30','M',0,1,'2022-05-10 00:30:01',NULL,NULL,NULL,NULL,'8612','','','',5,NULL,NULL,0,0,NULL,0,1,'0000-00-00 00:00:00',0,0,NULL,NULL,'','',0,0,NULL,0,NULL,'0000-00-00 00:00:00'),(483,NULL,0,'Price','Borer','1971-11-06','M',0,1,'2022-05-10 00:30:01',NULL,NULL,NULL,NULL,'4786','','','',5,NULL,NULL,0,0,NULL,0,1,'0000-00-00 00:00:00',0,0,NULL,NULL,'','',0,0,NULL,0,NULL,'0000-00-00 00:00:00'),(484,483,0,'Nasir','Borer','2019-08-14','M',0,1,'2022-05-10 00:30:01',NULL,NULL,NULL,NULL,'4786','','','',5,NULL,NULL,0,0,NULL,0,1,'0000-00-00 00:00:00',0,0,NULL,NULL,'','',0,0,NULL,0,NULL,'0000-00-00 00:00:00'),(485,NULL,0,'Rubie','Cormier','1974-05-14','F',0,1,'2022-05-10 00:30:01',NULL,NULL,NULL,NULL,'3406','','','',5,NULL,NULL,0,0,NULL,0,1,'0000-00-00 00:00:00',0,0,NULL,NULL,'','',0,0,NULL,0,NULL,'0000-00-00 00:00:00'),(486,NULL,0,'Presley','Huels','1983-07-07','M',0,1,'2022-05-10 00:30:01',NULL,NULL,NULL,NULL,'4554','','','',5,NULL,NULL,0,0,NULL,0,1,'0000-00-00 00:00:00',0,0,NULL,NULL,'','',0,0,NULL,0,NULL,'0000-00-00 00:00:00'),(487,486,0,'Annabell','Huels','2011-10-21','F',0,1,'2022-05-10 00:30:01',NULL,NULL,NULL,NULL,'4554','','','',5,NULL,NULL,0,0,NULL,0,1,'0000-00-00 00:00:00',0,0,NULL,NULL,'','',0,0,NULL,0,NULL,'0000-00-00 00:00:00'),(488,486,0,'Ryley','Huels','2009-10-03','M',0,1,'2022-05-10 00:30:01',NULL,NULL,NULL,NULL,'4554','','','',5,NULL,NULL,0,0,NULL,0,1,'0000-00-00 00:00:00',0,0,NULL,NULL,'','',0,0,NULL,0,NULL,'0000-00-00 00:00:00'),(489,NULL,0,'Elvie','Konopelski','1974-03-28','F',0,1,'2022-05-10 00:30:01',NULL,NULL,NULL,NULL,'3695','','','',5,NULL,NULL,0,0,NULL,0,1,'0000-00-00 00:00:00',0,0,NULL,NULL,'','',0,0,NULL,0,NULL,'0000-00-00 00:00:00'),(490,489,0,'Conrad','Konopelski','2010-04-02','M',0,1,'2022-05-10 00:30:01',NULL,NULL,NULL,NULL,'3695','','','',5,NULL,NULL,0,0,NULL,0,1,'0000-00-00 00:00:00',0,0,NULL,NULL,'','',0,0,NULL,0,NULL,'0000-00-00 00:00:00'),(491,489,0,'Cleve','Konopelski','2013-07-11','M',0,1,'2022-05-10 00:30:01',NULL,NULL,NULL,NULL,'3695','','','',5,NULL,NULL,0,0,NULL,0,1,'0000-00-00 00:00:00',0,0,NULL,NULL,'','',0,0,NULL,0,NULL,'0000-00-00 00:00:00'),(492,NULL,0,'Dean','Stoltenberg','1966-07-07','M',0,1,'2022-05-10 00:30:01',NULL,NULL,NULL,NULL,'3107','','','',5,NULL,NULL,0,0,NULL,0,1,'0000-00-00 00:00:00',0,0,NULL,NULL,'','',0,0,NULL,0,NULL,'0000-00-00 00:00:00'),(493,492,0,'Cristopher','Stoltenberg','2010-06-02','M',0,1,'2022-05-10 00:30:01',NULL,NULL,NULL,NULL,'3107','','','',5,NULL,NULL,0,0,NULL,0,1,'0000-00-00 00:00:00',0,0,NULL,NULL,'','',0,0,NULL,0,NULL,'0000-00-00 00:00:00'),(494,NULL,0,'Rudy','Ruecker','1992-04-19','M',0,1,'2022-05-10 00:30:01',NULL,NULL,NULL,NULL,'7372','','','',5,NULL,NULL,0,0,NULL,0,1,'0000-00-00 00:00:00',0,0,NULL,NULL,'','',0,0,NULL,0,NULL,'0000-00-00 00:00:00'),(495,494,0,'Joshua','Ruecker','2013-04-28','M',0,1,'2022-05-10 00:30:01',NULL,NULL,NULL,NULL,'7372','','','',5,NULL,NULL,0,0,NULL,0,1,'0000-00-00 00:00:00',0,0,NULL,NULL,'','',0,0,NULL,0,NULL,'0000-00-00 00:00:00'),(496,494,0,'Deborah','Ruecker','2018-05-16','F',0,1,'2022-05-10 00:30:01',NULL,NULL,NULL,NULL,'7372','','','',5,NULL,NULL,0,0,NULL,0,1,'0000-00-00 00:00:00',0,0,NULL,NULL,'','',0,0,NULL,0,NULL,'0000-00-00 00:00:00'),(497,NULL,0,'Max','Smitham','1944-10-29','M',0,1,'2022-05-10 00:30:01',NULL,NULL,NULL,NULL,'1697','','','',5,NULL,NULL,0,0,NULL,0,1,'0000-00-00 00:00:00',0,0,NULL,NULL,'','',0,0,NULL,0,NULL,'0000-00-00 00:00:00'),(498,NULL,0,'Donald','Kirlin','1965-12-26','M',0,1,'2022-05-10 00:30:01',NULL,NULL,NULL,NULL,'4244','','','',5,NULL,NULL,0,0,NULL,0,1,'0000-00-00 00:00:00',0,0,NULL,NULL,'','',0,0,NULL,0,NULL,'0000-00-00 00:00:00'),(499,NULL,0,'Willie','Swaniawski','1981-03-28','F',0,1,'2022-05-10 00:30:01',NULL,NULL,NULL,NULL,'6549','','','',5,NULL,NULL,0,0,NULL,0,1,'0000-00-00 00:00:00',0,0,NULL,NULL,'','',0,0,NULL,0,NULL,'0000-00-00 00:00:00'),(500,NULL,0,'Kadin','Walsh','1965-12-16','M',0,1,'2022-05-10 00:30:01',NULL,NULL,NULL,NULL,'2605','','','',5,NULL,NULL,0,0,NULL,0,1,'0000-00-00 00:00:00',0,0,NULL,NULL,'','',0,0,NULL,0,NULL,'0000-00-00 00:00:00'),(501,NULL,0,'Adrian','Swift','1995-04-23','M',0,1,'2022-05-10 00:30:01',NULL,NULL,NULL,NULL,'2318','','','',5,NULL,NULL,0,0,NULL,0,1,'0000-00-00 00:00:00',0,0,NULL,NULL,'','',0,0,NULL,0,NULL,'0000-00-00 00:00:00'),(502,501,0,'Leta','Swift','2009-01-02','F',0,1,'2022-05-10 00:30:01',NULL,NULL,NULL,NULL,'2318','','','',5,NULL,NULL,0,0,NULL,0,1,'0000-00-00 00:00:00',0,0,NULL,NULL,'','',0,0,NULL,0,NULL,'0000-00-00 00:00:00'),(503,NULL,0,'Dorris','Conroy','1968-02-08','F',0,1,'2022-05-10 00:30:01',NULL,NULL,NULL,NULL,'5869','','','',5,NULL,NULL,0,0,NULL,0,1,'0000-00-00 00:00:00',0,0,NULL,NULL,'','',0,0,NULL,0,NULL,'0000-00-00 00:00:00'),(504,503,0,'Triston','Conroy','2012-03-28','M',0,1,'2022-05-10 00:30:01',NULL,NULL,NULL,NULL,'5869','','','',5,NULL,NULL,0,0,NULL,0,1,'0000-00-00 00:00:00',0,0,NULL,NULL,'','',0,0,NULL,0,NULL,'0000-00-00 00:00:00'),(505,NULL,0,'Eugenia','Runte','2000-12-13','F',0,1,'2022-05-10 00:30:01',NULL,NULL,NULL,NULL,'8097','','','',5,NULL,NULL,0,0,NULL,0,1,'0000-00-00 00:00:00',0,0,NULL,NULL,'','',0,0,NULL,0,NULL,'0000-00-00 00:00:00'),(506,505,0,'Luther','Runte','2020-05-29','M',0,1,'2022-05-10 00:30:01',NULL,NULL,NULL,NULL,'8097','','','',5,NULL,NULL,0,0,NULL,0,1,'0000-00-00 00:00:00',0,0,NULL,NULL,'','',0,0,NULL,0,NULL,'0000-00-00 00:00:00'),(507,505,0,'Lucio','Runte','2012-05-21','M',0,1,'2022-05-10 00:30:01',NULL,NULL,NULL,NULL,'8097','','','',5,NULL,NULL,0,0,NULL,0,1,'0000-00-00 00:00:00',0,0,NULL,NULL,'','',0,0,NULL,0,NULL,'0000-00-00 00:00:00'),(508,NULL,0,'Dean','Stamm','1990-07-06','M',0,1,'2022-05-10 00:30:01',NULL,NULL,NULL,NULL,'8628','','','',5,NULL,NULL,0,0,NULL,0,1,'0000-00-00 00:00:00',0,0,NULL,NULL,'','',0,0,NULL,0,NULL,'0000-00-00 00:00:00'),(509,NULL,0,'Jeffery','Thompson','1970-05-18','M',0,1,'2022-05-10 00:30:01',NULL,NULL,NULL,NULL,'2060','','','',5,NULL,NULL,0,0,NULL,0,1,'0000-00-00 00:00:00',0,0,NULL,NULL,'','',0,0,NULL,0,NULL,'0000-00-00 00:00:00'),(510,NULL,0,'Barton','Hammes','2007-05-26','M',0,1,'2022-05-10 00:30:01',NULL,NULL,NULL,NULL,'2521','','','',5,NULL,NULL,0,0,NULL,0,1,'0000-00-00 00:00:00',0,0,NULL,NULL,'','',0,0,NULL,0,NULL,'0000-00-00 00:00:00'),(511,510,0,'Lacy','Hammes','2021-06-28','F',0,1,'2022-05-10 00:30:01',NULL,NULL,NULL,NULL,'2521','','','',5,NULL,NULL,0,0,NULL,0,1,'0000-00-00 00:00:00',0,0,NULL,NULL,'','',0,0,NULL,0,NULL,'0000-00-00 00:00:00'),(512,NULL,0,'Alden','Lakin','1983-12-12','M',0,1,'2022-05-10 00:30:01',NULL,NULL,NULL,NULL,'4251','','','',5,NULL,NULL,0,0,NULL,0,1,'0000-00-00 00:00:00',0,0,NULL,NULL,'','',0,0,NULL,0,NULL,'0000-00-00 00:00:00'),(513,NULL,0,'Selmer','Wintheiser','1950-03-04','M',0,1,'2022-05-10 00:30:01',NULL,NULL,NULL,NULL,'8736','','','',5,NULL,NULL,0,0,NULL,0,1,'0000-00-00 00:00:00',0,0,NULL,NULL,'','',0,0,NULL,0,NULL,'0000-00-00 00:00:00'),(514,513,0,'Yoshiko','Wintheiser','2022-10-11','F',0,1,'2022-05-10 00:30:01',NULL,NULL,NULL,NULL,'8736','','','',5,NULL,NULL,0,0,NULL,0,1,'0000-00-00 00:00:00',0,0,NULL,NULL,'','',0,0,NULL,0,NULL,'0000-00-00 00:00:00'),(515,513,0,'Marvin','Wintheiser','2019-01-19','M',0,1,'2022-05-10 00:30:01',NULL,NULL,NULL,NULL,'8736','','','',5,NULL,NULL,0,0,NULL,0,1,'0000-00-00 00:00:00',0,0,NULL,NULL,'','',0,0,NULL,0,NULL,'0000-00-00 00:00:00'),(516,NULL,0,'Leda','Tremblay','1961-12-31','F',0,1,'2022-05-10 00:30:01',NULL,NULL,NULL,NULL,'6712','','','',5,NULL,NULL,0,0,NULL,0,1,'0000-00-00 00:00:00',0,0,NULL,NULL,'','',0,0,NULL,0,NULL,'0000-00-00 00:00:00'),(517,516,0,'Elliot','Tremblay','2022-09-15','M',0,1,'2022-05-10 00:30:01',NULL,NULL,NULL,NULL,'6712','','','',5,NULL,NULL,0,0,NULL,0,1,'0000-00-00 00:00:00',0,0,NULL,NULL,'','',0,0,NULL,0,NULL,'0000-00-00 00:00:00'),(518,NULL,0,'Gardner','Bosco','2003-10-15','M',0,1,'2022-05-10 00:30:01',NULL,NULL,NULL,NULL,'8574','','','',5,NULL,NULL,0,0,NULL,0,1,'0000-00-00 00:00:00',0,0,NULL,NULL,'','',0,0,NULL,0,NULL,'0000-00-00 00:00:00'),(519,518,0,'Gina','Bosco','2018-03-26','F',0,1,'2022-05-10 00:30:01',NULL,NULL,NULL,NULL,'8574','','','',5,NULL,NULL,0,0,NULL,0,1,'0000-00-00 00:00:00',0,0,NULL,NULL,'','',0,0,NULL,0,NULL,'0000-00-00 00:00:00'),(520,NULL,0,'Newell','Schmitt','1988-01-13','M',0,1,'2022-05-10 00:30:01',NULL,NULL,NULL,NULL,'1555','','','',5,NULL,NULL,0,0,NULL,0,1,'0000-00-00 00:00:00',0,0,NULL,NULL,'','',0,0,NULL,0,NULL,'0000-00-00 00:00:00'),(521,NULL,0,'Gillian','Mraz','1997-10-09','M',0,1,'2022-05-10 00:30:01',NULL,NULL,NULL,NULL,'1689','','','',5,NULL,NULL,0,0,NULL,0,1,'0000-00-00 00:00:00',0,0,NULL,NULL,'','',0,0,NULL,0,NULL,'0000-00-00 00:00:00'),(522,521,0,'Mabelle','Mraz','2010-11-15','F',0,1,'2022-05-10 00:30:01',NULL,NULL,NULL,NULL,'1689','','','',5,NULL,NULL,0,0,NULL,0,1,'0000-00-00 00:00:00',0,0,NULL,NULL,'','',0,0,NULL,0,NULL,'0000-00-00 00:00:00'),(523,NULL,0,'Helga','Brekke','1995-05-11','F',0,1,'2022-05-10 00:30:01',NULL,NULL,NULL,NULL,'1967','','','',5,NULL,NULL,0,0,NULL,0,1,'0000-00-00 00:00:00',0,0,NULL,NULL,'','',0,0,NULL,0,NULL,'0000-00-00 00:00:00'),(524,NULL,0,'Telly','Lemke','1990-12-22','F',0,1,'2022-05-10 00:30:01',NULL,NULL,NULL,NULL,'8756','','','',5,NULL,NULL,0,0,NULL,0,1,'0000-00-00 00:00:00',0,0,NULL,NULL,'','',0,0,NULL,0,NULL,'0000-00-00 00:00:00'),(525,NULL,0,'Oleta','Koch','1999-10-27','F',0,1,'2022-05-10 00:30:01',NULL,NULL,NULL,NULL,'6980','','','',5,NULL,NULL,0,0,NULL,0,1,'0000-00-00 00:00:00',0,0,NULL,NULL,'','',0,0,NULL,0,NULL,'0000-00-00 00:00:00'),(526,NULL,0,'Veda','Block','1987-08-20','F',0,1,'2022-05-10 00:30:01',NULL,NULL,NULL,NULL,'3603','','','',5,NULL,NULL,0,0,NULL,0,1,'0000-00-00 00:00:00',0,0,NULL,NULL,'','',0,0,NULL,0,NULL,'0000-00-00 00:00:00'),(527,526,0,'Kenya','Block','2009-01-08','F',0,1,'2022-05-10 00:30:01',NULL,NULL,NULL,NULL,'3603','','','',5,NULL,NULL,0,0,NULL,0,1,'0000-00-00 00:00:00',0,0,NULL,NULL,'','',0,0,NULL,0,NULL,'0000-00-00 00:00:00'),(528,526,0,'Olaf','Block','2018-07-22','M',0,1,'2022-05-10 00:30:01',NULL,NULL,NULL,NULL,'3603','','','',5,NULL,NULL,0,0,NULL,0,1,'0000-00-00 00:00:00',0,0,NULL,NULL,'','',0,0,NULL,0,NULL,'0000-00-00 00:00:00'),(529,NULL,0,'Rosanna','Grant','1946-06-28','F',0,1,'2022-05-10 00:30:01',NULL,NULL,NULL,NULL,'9256','','','',5,NULL,NULL,0,0,NULL,0,1,'0000-00-00 00:00:00',0,0,NULL,NULL,'','',0,0,NULL,0,NULL,'0000-00-00 00:00:00'),(530,529,0,'Orie','Grant','2018-01-18','F',0,1,'2022-05-10 00:30:01',NULL,NULL,NULL,NULL,'9256','','','',5,NULL,NULL,0,0,NULL,0,1,'0000-00-00 00:00:00',0,0,NULL,NULL,'','',0,0,NULL,0,NULL,'0000-00-00 00:00:00'),(531,529,0,'Francesca','Grant','2020-08-06','F',0,1,'2022-05-10 00:30:01',NULL,NULL,NULL,NULL,'9256','','','',5,NULL,NULL,0,0,NULL,0,1,'0000-00-00 00:00:00',0,0,NULL,NULL,'','',0,0,NULL,0,NULL,'0000-00-00 00:00:00'),(532,529,0,'Pedro','Grant','2020-12-04','M',0,1,'2022-05-10 00:30:01',NULL,NULL,NULL,NULL,'9256','','','',5,NULL,NULL,0,0,NULL,0,1,'0000-00-00 00:00:00',0,0,NULL,NULL,'','',0,0,NULL,0,NULL,'0000-00-00 00:00:00'),(533,529,0,'Margot','Grant','2013-09-09','F',0,1,'2022-05-10 00:30:01',NULL,NULL,NULL,NULL,'9256','','','',5,NULL,NULL,0,0,NULL,0,1,'0000-00-00 00:00:00',0,0,NULL,NULL,'','',0,0,NULL,0,NULL,'0000-00-00 00:00:00'),(534,529,0,'Leonor','Grant','2019-12-14','F',0,1,'2022-05-10 00:30:01',NULL,NULL,NULL,NULL,'9256','','','',5,NULL,NULL,0,0,NULL,0,1,'0000-00-00 00:00:00',0,0,NULL,NULL,'','',0,0,NULL,0,NULL,'0000-00-00 00:00:00'),(535,529,0,'Isabell','Grant','2010-11-28','F',0,1,'2022-05-10 00:30:01',NULL,NULL,NULL,NULL,'9256','','','',5,NULL,NULL,0,0,NULL,0,1,'0000-00-00 00:00:00',0,0,NULL,NULL,'','',0,0,NULL,0,NULL,'0000-00-00 00:00:00'),(536,529,0,'Kasandra','Grant','2012-11-06','F',0,1,'2022-05-10 00:30:01',NULL,NULL,NULL,NULL,'9256','','','',5,NULL,NULL,0,0,NULL,0,1,'0000-00-00 00:00:00',0,0,NULL,NULL,'','',0,0,NULL,0,NULL,'0000-00-00 00:00:00'),(537,NULL,0,'Sallie','Nikolaus','1982-01-22','F',0,1,'2022-05-10 00:30:01',NULL,NULL,NULL,NULL,'7292','','','',5,NULL,NULL,0,0,NULL,0,1,'0000-00-00 00:00:00',0,0,NULL,NULL,'','',0,0,NULL,0,NULL,'0000-00-00 00:00:00'),(538,NULL,0,'Coralie','Breitenberg','1967-12-13','F',0,1,'2022-05-10 00:30:01',NULL,NULL,NULL,NULL,'8841','','','',5,NULL,NULL,0,0,NULL,0,1,'0000-00-00 00:00:00',0,0,NULL,NULL,'','',0,0,NULL,0,NULL,'0000-00-00 00:00:00'),(539,NULL,0,'Jerad','Nienow','1973-03-30','M',0,1,'2022-05-10 00:30:01',NULL,NULL,NULL,NULL,'4245','','','',5,NULL,NULL,0,0,NULL,0,1,'0000-00-00 00:00:00',0,0,NULL,NULL,'','',0,0,NULL,0,NULL,'0000-00-00 00:00:00'),(540,539,0,'Ericka','Nienow','2016-12-28','F',0,1,'2022-05-10 00:30:01',NULL,NULL,NULL,NULL,'4245','','','',5,NULL,NULL,0,0,NULL,0,1,'0000-00-00 00:00:00',0,0,NULL,NULL,'','',0,0,NULL,0,NULL,'0000-00-00 00:00:00'),(541,539,0,'Jackie','Nienow','2012-05-21','F',0,1,'2022-05-10 00:30:01',NULL,NULL,NULL,NULL,'4245','','','',5,NULL,NULL,0,0,NULL,0,1,'0000-00-00 00:00:00',0,0,NULL,NULL,'','',0,0,NULL,0,NULL,'0000-00-00 00:00:00'),(542,NULL,0,'Stanford','Huels','1946-11-07','M',0,1,'2022-05-10 00:30:01',NULL,NULL,NULL,NULL,'4513','','','',5,NULL,NULL,0,0,NULL,0,1,'0000-00-00 00:00:00',0,0,NULL,NULL,'','',0,0,NULL,0,NULL,'0000-00-00 00:00:00'),(543,NULL,0,'Jazmyn','Graham','1973-03-16','F',0,1,'2022-05-10 00:30:01',NULL,NULL,NULL,NULL,'8642','','','',5,NULL,NULL,0,0,NULL,0,1,'0000-00-00 00:00:00',0,0,NULL,NULL,'','',0,0,NULL,0,NULL,'0000-00-00 00:00:00'),(544,NULL,0,'Octavia','Fritsch','1970-02-02','F',0,1,'2022-05-10 00:30:01',NULL,NULL,NULL,NULL,'5726','','','',5,NULL,NULL,0,0,NULL,0,1,'0000-00-00 00:00:00',0,0,NULL,NULL,'','',0,0,NULL,0,NULL,'0000-00-00 00:00:00'),(545,544,0,'Sarai','Fritsch','2010-06-18','F',0,1,'2022-05-10 00:30:01',NULL,NULL,NULL,NULL,'5726','','','',5,NULL,NULL,0,0,NULL,0,1,'0000-00-00 00:00:00',0,0,NULL,NULL,'','',0,0,NULL,0,NULL,'0000-00-00 00:00:00'),(546,NULL,0,'Freida','Swift','2000-09-28','F',0,1,'2022-05-10 00:30:01',NULL,NULL,NULL,NULL,'9466','','','',5,NULL,NULL,0,0,NULL,0,1,'0000-00-00 00:00:00',0,0,NULL,NULL,'','',0,0,NULL,0,NULL,'0000-00-00 00:00:00'),(547,546,0,'Hailey','Swift','2009-10-09','M',0,1,'2022-05-10 00:30:01',NULL,NULL,NULL,NULL,'9466','','','',5,NULL,NULL,0,0,NULL,0,1,'0000-00-00 00:00:00',0,0,NULL,NULL,'','',0,0,NULL,0,NULL,'0000-00-00 00:00:00'),(548,NULL,0,'Cleo','Kreiger','1949-12-03','M',0,1,'2022-05-10 00:30:01',NULL,NULL,NULL,NULL,'1464','','','',5,NULL,NULL,0,0,NULL,0,1,'0000-00-00 00:00:00',0,0,NULL,NULL,'','',0,0,NULL,0,NULL,'0000-00-00 00:00:00'),(549,548,0,'Hubert','Kreiger','2012-10-11','M',0,1,'2022-05-10 00:30:01',NULL,NULL,NULL,NULL,'1464','','','',5,NULL,NULL,0,0,NULL,0,1,'0000-00-00 00:00:00',0,0,NULL,NULL,'','',0,0,NULL,0,NULL,'0000-00-00 00:00:00'),(550,548,0,'Horacio','Kreiger','2020-09-23','M',0,1,'2022-05-10 00:30:01',NULL,NULL,NULL,NULL,'1464','','','',5,NULL,NULL,0,0,NULL,0,1,'0000-00-00 00:00:00',0,0,NULL,NULL,'','',0,0,NULL,0,NULL,'0000-00-00 00:00:00'),(551,548,0,'Eldred','Kreiger','2015-07-03','M',0,1,'2022-05-10 00:30:01',NULL,NULL,NULL,NULL,'1464','','','',5,NULL,NULL,0,0,NULL,0,1,'0000-00-00 00:00:00',0,0,NULL,NULL,'','',0,0,NULL,0,NULL,'0000-00-00 00:00:00'),(552,548,0,'Lexi','Kreiger','2018-12-30','F',0,1,'2022-05-10 00:30:01',NULL,NULL,NULL,NULL,'1464','','','',5,NULL,NULL,0,0,NULL,0,1,'0000-00-00 00:00:00',0,0,NULL,NULL,'','',0,0,NULL,0,NULL,'0000-00-00 00:00:00'),(553,NULL,0,'Lucio','Heller','1968-08-03','M',0,1,'2022-05-10 00:30:01',NULL,NULL,NULL,NULL,'8161','','','',5,NULL,NULL,0,0,NULL,0,1,'2022-03-15 01:34:14',0,0,NULL,NULL,'','',0,0,NULL,0,NULL,'0000-00-00 00:00:00'),(554,553,0,'Meggie','Heller','2012-04-23','F',0,1,'2022-05-10 00:30:01',NULL,NULL,NULL,NULL,'8161','','','',5,NULL,NULL,0,0,NULL,0,1,'2022-03-15 01:34:14',0,0,NULL,NULL,'','',0,0,NULL,0,NULL,'0000-00-00 00:00:00'),(555,NULL,0,'Austin','Herzog','1944-02-22','M',0,1,'2022-05-10 00:30:01',NULL,NULL,NULL,NULL,'3793','','','',5,NULL,NULL,0,0,NULL,0,1,'0000-00-00 00:00:00',0,0,NULL,NULL,'','',0,0,NULL,0,NULL,'0000-00-00 00:00:00'),(556,NULL,0,'Calista','Frami','1957-02-12','F',0,1,'2022-05-10 00:30:01',NULL,NULL,NULL,NULL,'4066','','','',5,NULL,NULL,0,0,NULL,0,1,'0000-00-00 00:00:00',0,0,NULL,NULL,'','',0,0,NULL,0,NULL,'0000-00-00 00:00:00'),(557,556,0,'Louie','Frami','2015-08-15','M',0,1,'2022-05-10 00:30:01',NULL,NULL,NULL,NULL,'4066','','','',5,NULL,NULL,0,0,NULL,0,1,'0000-00-00 00:00:00',0,0,NULL,NULL,'','',0,0,NULL,0,NULL,'0000-00-00 00:00:00'),(558,556,0,'Eusebio','Frami','2008-09-09','M',0,1,'2022-05-10 00:30:01',NULL,NULL,NULL,NULL,'4066','','','',5,NULL,NULL,0,0,NULL,0,1,'0000-00-00 00:00:00',0,0,NULL,NULL,'','',0,0,NULL,0,NULL,'0000-00-00 00:00:00'),(559,NULL,0,'Gerson','Little','1993-08-22','M',0,1,'2022-05-10 00:30:01',NULL,NULL,NULL,NULL,'8593','','','',5,NULL,NULL,0,0,NULL,0,1,'0000-00-00 00:00:00',0,0,NULL,NULL,'','',0,0,NULL,0,NULL,'0000-00-00 00:00:00'),(560,559,0,'Priscilla','Little','2015-03-30','F',0,1,'2022-05-10 00:30:01',NULL,NULL,NULL,NULL,'8593','','','',5,NULL,NULL,0,0,NULL,0,1,'0000-00-00 00:00:00',0,0,NULL,NULL,'','',0,0,NULL,0,NULL,'0000-00-00 00:00:00'),(561,559,0,'Nelda','Little','2017-10-04','F',0,1,'2022-05-10 00:30:01',NULL,NULL,NULL,NULL,'8593','','','',5,NULL,NULL,0,0,NULL,0,1,'0000-00-00 00:00:00',0,0,NULL,NULL,'','',0,0,NULL,0,NULL,'0000-00-00 00:00:00'),(562,NULL,0,'Danika','Ruecker','2007-04-02','F',0,1,'2022-05-10 00:30:01',NULL,NULL,NULL,NULL,'8830','','','',5,NULL,NULL,0,0,NULL,0,1,'0000-00-00 00:00:00',0,0,NULL,NULL,'','',0,0,NULL,0,NULL,'0000-00-00 00:00:00'),(563,NULL,0,'Clarabelle','Hermann','1962-12-07','F',0,1,'2022-05-10 00:30:01',NULL,NULL,NULL,NULL,'7751','','','',5,NULL,NULL,0,0,NULL,0,1,'0000-00-00 00:00:00',0,0,NULL,NULL,'','',0,0,NULL,0,NULL,'0000-00-00 00:00:00'),(564,NULL,0,'Holden','Williamson','1943-08-27','M',0,1,'2022-05-10 00:30:01',NULL,NULL,NULL,NULL,'3466','','','',5,NULL,NULL,0,0,NULL,0,1,'0000-00-00 00:00:00',0,0,NULL,NULL,'','',0,0,NULL,0,NULL,'0000-00-00 00:00:00'),(565,564,0,'Wilber','Williamson','2016-03-11','M',0,1,'2022-05-10 00:30:01',NULL,NULL,NULL,NULL,'3466','','','',5,NULL,NULL,0,0,NULL,0,1,'0000-00-00 00:00:00',0,0,NULL,NULL,'','',0,0,NULL,0,NULL,'0000-00-00 00:00:00'),(566,564,0,'Delaney','Williamson','2015-11-01','M',0,1,'2022-05-10 00:30:01',NULL,NULL,NULL,NULL,'3466','','','',5,NULL,NULL,0,0,NULL,0,1,'0000-00-00 00:00:00',0,0,NULL,NULL,'','',0,0,NULL,0,NULL,'0000-00-00 00:00:00'),(567,564,0,'Stevie','Williamson','2013-05-17','M',0,1,'2022-05-10 00:30:01',NULL,NULL,NULL,NULL,'3466','','','',5,NULL,NULL,0,0,NULL,0,1,'0000-00-00 00:00:00',0,0,NULL,NULL,'','',0,0,NULL,0,NULL,'0000-00-00 00:00:00'),(568,564,0,'Aracely','Williamson','2007-12-31','F',0,1,'2022-05-10 00:30:01',NULL,NULL,NULL,NULL,'3466','','','',5,NULL,NULL,0,0,NULL,0,1,'0000-00-00 00:00:00',0,0,NULL,NULL,'','',0,0,NULL,0,NULL,'0000-00-00 00:00:00'),(569,564,0,'Jedidiah','Williamson','2019-04-25','M',0,1,'2022-05-10 00:30:01',NULL,NULL,NULL,NULL,'3466','','','',5,NULL,NULL,0,0,NULL,0,1,'0000-00-00 00:00:00',0,0,NULL,NULL,'','',0,0,NULL,0,NULL,'0000-00-00 00:00:00'),(570,564,0,'Wilton','Williamson','2022-05-02','M',0,1,'2022-05-10 00:30:01',NULL,NULL,NULL,NULL,'3466','','','',5,NULL,NULL,0,0,NULL,0,1,'0000-00-00 00:00:00',0,0,NULL,NULL,'','',0,0,NULL,0,NULL,'0000-00-00 00:00:00'),(571,564,0,'Mohammad','Williamson','2018-05-29','M',0,1,'2022-05-10 00:30:01',NULL,NULL,NULL,NULL,'3466','','','',5,NULL,NULL,0,0,NULL,0,1,'0000-00-00 00:00:00',0,0,NULL,NULL,'','',0,0,NULL,0,NULL,'0000-00-00 00:00:00'),(572,564,0,'Derek','Williamson','2011-09-26','M',0,1,'2022-05-10 00:30:01',NULL,NULL,NULL,NULL,'3466','','','',5,NULL,NULL,0,0,NULL,0,1,'0000-00-00 00:00:00',0,0,NULL,NULL,'','',0,0,NULL,0,NULL,'0000-00-00 00:00:00'),(573,564,0,'Jacinto','Williamson','2015-11-11','M',0,1,'2022-05-10 00:30:01',NULL,NULL,NULL,NULL,'3466','','','',5,NULL,NULL,0,0,NULL,0,1,'0000-00-00 00:00:00',0,0,NULL,NULL,'','',0,0,NULL,0,NULL,'0000-00-00 00:00:00'),(574,564,0,'Claire','Williamson','2007-11-12','F',0,1,'2022-05-10 00:30:01',NULL,NULL,NULL,NULL,'3466','','','',5,NULL,NULL,0,0,NULL,0,1,'0000-00-00 00:00:00',0,0,NULL,NULL,'','',0,0,NULL,0,NULL,'0000-00-00 00:00:00'),(575,564,0,'Kamron','Williamson','2011-01-29','M',0,1,'2022-05-10 00:30:01',NULL,NULL,NULL,NULL,'3466','','','',5,NULL,NULL,0,0,NULL,0,1,'0000-00-00 00:00:00',0,0,NULL,NULL,'','',0,0,NULL,0,NULL,'0000-00-00 00:00:00'),(576,NULL,0,'Mariah','Hansen','1943-01-07','F',0,1,'2022-05-10 00:30:01',NULL,NULL,NULL,NULL,'5662','','','',5,NULL,NULL,0,0,NULL,0,1,'2022-05-21 04:20:56',0,0,NULL,NULL,'','',0,0,NULL,0,NULL,'0000-00-00 00:00:00'),(577,576,0,'Mohamed','Hansen','2015-03-08','M',0,1,'2022-05-10 00:30:01',NULL,NULL,NULL,NULL,'5662','','','',5,NULL,NULL,0,0,NULL,0,1,'2022-05-21 04:20:56',0,0,NULL,NULL,'','',0,0,NULL,0,NULL,'0000-00-00 00:00:00'),(578,NULL,0,'Bethany','Beatty','1996-08-14','F',0,1,'2022-05-10 00:30:01',NULL,NULL,NULL,NULL,'5722','','','',5,NULL,NULL,0,0,NULL,0,1,'0000-00-00 00:00:00',0,0,NULL,NULL,'','',0,0,NULL,0,NULL,'0000-00-00 00:00:00'),(579,NULL,0,'Laura','Hessel','1996-08-05','F',0,1,'2022-05-10 00:30:01',NULL,NULL,NULL,NULL,'4587','','','',5,NULL,NULL,0,0,NULL,0,1,'0000-00-00 00:00:00',0,0,NULL,NULL,'','',0,0,NULL,0,NULL,'0000-00-00 00:00:00'),(580,579,0,'Abbigail','Hessel','2021-04-18','F',0,1,'2022-05-10 00:30:01',NULL,NULL,NULL,NULL,'4587','','','',5,NULL,NULL,0,0,NULL,0,1,'0000-00-00 00:00:00',0,0,NULL,NULL,'','',0,0,NULL,0,NULL,'0000-00-00 00:00:00'),(581,NULL,0,'Mitchel','Schroeder','1945-12-26','M',0,1,'2022-05-10 00:30:01',NULL,NULL,NULL,NULL,'7069','','','',5,NULL,NULL,0,0,NULL,0,1,'0000-00-00 00:00:00',0,0,NULL,NULL,'','',0,0,NULL,0,NULL,'0000-00-00 00:00:00'),(582,581,0,'Friedrich','Schroeder','2009-09-07','M',0,1,'2022-05-10 00:30:01',NULL,NULL,NULL,NULL,'7069','','','',5,NULL,NULL,0,0,NULL,0,1,'0000-00-00 00:00:00',0,0,NULL,NULL,'','',0,0,NULL,0,NULL,'0000-00-00 00:00:00'),(583,581,0,'Reynold','Schroeder','2016-02-24','M',0,1,'2022-05-10 00:30:01',NULL,NULL,NULL,NULL,'7069','','','',5,NULL,NULL,0,0,NULL,0,1,'0000-00-00 00:00:00',0,0,NULL,NULL,'','',0,0,NULL,0,NULL,'0000-00-00 00:00:00'),(584,581,0,'Rhett','Schroeder','2017-01-17','M',0,1,'2022-05-10 00:30:01',NULL,NULL,NULL,NULL,'7069','','','',5,NULL,NULL,0,0,NULL,0,1,'0000-00-00 00:00:00',0,0,NULL,NULL,'','',0,0,NULL,0,NULL,'0000-00-00 00:00:00'),(585,NULL,0,'Ladarius','Quitzon','1972-01-21','M',0,1,'2022-05-10 00:30:01',NULL,NULL,NULL,NULL,'4741','','','',5,NULL,NULL,0,0,NULL,0,1,'0000-00-00 00:00:00',0,0,NULL,NULL,'','',0,0,NULL,0,NULL,'0000-00-00 00:00:00'),(586,585,0,'Lea','Quitzon','2018-10-24','F',0,1,'2022-05-10 00:30:01',NULL,NULL,NULL,NULL,'4741','','','',5,NULL,NULL,0,0,NULL,0,1,'0000-00-00 00:00:00',0,0,NULL,NULL,'','',0,0,NULL,0,NULL,'0000-00-00 00:00:00'),(587,585,0,'Giovani','Quitzon','2018-04-19','M',0,1,'2022-05-10 00:30:01',NULL,NULL,NULL,NULL,'4741','','','',5,NULL,NULL,0,0,NULL,0,1,'0000-00-00 00:00:00',0,0,NULL,NULL,'','',0,0,NULL,0,NULL,'0000-00-00 00:00:00'),(588,585,0,'Alejandrin','Quitzon','2022-02-01','M',0,1,'2022-05-10 00:30:01',NULL,NULL,NULL,NULL,'4741','','','',5,NULL,NULL,0,0,NULL,0,1,'0000-00-00 00:00:00',0,0,NULL,NULL,'','',0,0,NULL,0,NULL,'0000-00-00 00:00:00'),(589,585,0,'Rowan','Quitzon','2015-02-04','M',0,1,'2022-05-10 00:30:01',NULL,NULL,NULL,NULL,'4741','','','',5,NULL,NULL,0,0,NULL,0,1,'0000-00-00 00:00:00',0,0,NULL,NULL,'','',0,0,NULL,0,NULL,'0000-00-00 00:00:00'),(590,NULL,0,'Dario','Hills','1955-08-21','M',0,1,'2022-05-10 00:30:01',NULL,NULL,NULL,NULL,'3421','','','',5,NULL,NULL,0,0,NULL,0,1,'0000-00-00 00:00:00',0,0,NULL,NULL,'','',0,0,NULL,0,NULL,'0000-00-00 00:00:00'),(591,NULL,0,'Lynn','Funk','1985-06-09','F',0,1,'2022-05-10 00:30:01',NULL,NULL,NULL,NULL,'4221','','','',5,NULL,NULL,0,0,NULL,0,1,'0000-00-00 00:00:00',0,0,NULL,NULL,'','',0,0,NULL,0,NULL,'0000-00-00 00:00:00'),(592,NULL,0,'Rey','Legros','1976-08-10','M',0,1,'2022-05-10 00:30:01',NULL,NULL,NULL,NULL,'8254','','','',5,NULL,NULL,0,0,NULL,0,1,'0000-00-00 00:00:00',0,0,NULL,NULL,'','',0,0,NULL,0,NULL,'0000-00-00 00:00:00'),(593,592,0,'Stephanie','Legros','2012-10-27','F',0,1,'2022-05-10 00:30:01',NULL,NULL,NULL,NULL,'8254','','','',5,NULL,NULL,0,0,NULL,0,1,'0000-00-00 00:00:00',0,0,NULL,NULL,'','',0,0,NULL,0,NULL,'0000-00-00 00:00:00'),(594,NULL,0,'Fernando','Schumm','2005-04-12','M',0,1,'2022-05-10 00:30:01',NULL,NULL,NULL,NULL,'2301','','','',5,NULL,NULL,0,0,NULL,0,1,'0000-00-00 00:00:00',0,0,NULL,NULL,'','',0,0,NULL,0,NULL,'0000-00-00 00:00:00'),(595,594,0,'Tomasa','Schumm','2014-08-12','F',0,1,'2022-05-10 00:30:01',NULL,NULL,NULL,NULL,'2301','','','',5,NULL,NULL,0,0,NULL,0,1,'0000-00-00 00:00:00',0,0,NULL,NULL,'','',0,0,NULL,0,NULL,'0000-00-00 00:00:00'),(596,594,0,'Amelia','Schumm','2012-10-11','F',0,1,'2022-05-10 00:30:01',NULL,NULL,NULL,NULL,'2301','','','',5,NULL,NULL,0,0,NULL,0,1,'0000-00-00 00:00:00',0,0,NULL,NULL,'','',0,0,NULL,0,NULL,'0000-00-00 00:00:00'),(597,594,0,'Daphnee','Schumm','2010-08-10','F',0,1,'2022-05-10 00:30:01',NULL,NULL,NULL,NULL,'2301','','','',5,NULL,NULL,0,0,NULL,0,1,'0000-00-00 00:00:00',0,0,NULL,NULL,'','',0,0,NULL,0,NULL,'0000-00-00 00:00:00'),(598,594,0,'Brenda','Schumm','2021-03-03','F',0,1,'2022-05-10 00:30:01',NULL,NULL,NULL,NULL,'2301','','','',5,NULL,NULL,0,0,NULL,0,1,'0000-00-00 00:00:00',0,0,NULL,NULL,'','',0,0,NULL,0,NULL,'0000-00-00 00:00:00'),(599,594,0,'Rae','Schumm','2012-08-10','F',0,1,'2022-05-10 00:30:01',NULL,NULL,NULL,NULL,'2301','','','',5,NULL,NULL,0,0,NULL,0,1,'0000-00-00 00:00:00',0,0,NULL,NULL,'','',0,0,NULL,0,NULL,'0000-00-00 00:00:00'),(600,594,0,'Kevon','Schumm','2013-12-08','M',0,1,'2022-05-10 00:30:01',NULL,NULL,NULL,NULL,'2301','','','',5,NULL,NULL,0,0,NULL,0,1,'0000-00-00 00:00:00',0,0,NULL,NULL,'','',0,0,NULL,0,NULL,'0000-00-00 00:00:00'),(601,594,0,'Gage','Schumm','2016-05-15','M',0,1,'2022-05-10 00:30:01',NULL,NULL,NULL,NULL,'2301','','','',5,NULL,NULL,0,0,NULL,0,1,'0000-00-00 00:00:00',0,0,NULL,NULL,'','',0,0,NULL,0,NULL,'0000-00-00 00:00:00'),(602,NULL,0,'Claudia','Pfannerstill','1967-01-17','F',0,1,'2022-05-10 00:30:01',NULL,NULL,NULL,NULL,'9265','','','',5,NULL,NULL,0,0,NULL,0,1,'0000-00-00 00:00:00',0,0,NULL,NULL,'','',0,0,NULL,0,NULL,'0000-00-00 00:00:00'),(603,602,0,'Travis','Pfannerstill','2014-02-16','M',0,1,'2022-05-10 00:30:01',NULL,NULL,NULL,NULL,'9265','','','',5,NULL,NULL,0,0,NULL,0,1,'0000-00-00 00:00:00',0,0,NULL,NULL,'','',0,0,NULL,0,NULL,'0000-00-00 00:00:00'),(604,602,0,'Morris','Pfannerstill','2019-07-20','M',0,1,'2022-05-10 00:30:01',NULL,NULL,NULL,NULL,'9265','','','',5,NULL,NULL,0,0,NULL,0,1,'0000-00-00 00:00:00',0,0,NULL,NULL,'','',0,0,NULL,0,NULL,'0000-00-00 00:00:00'),(605,NULL,0,'Hortense','Veum','2006-12-20','F',0,1,'2022-05-10 00:30:01',NULL,NULL,NULL,NULL,'5174','','','',5,NULL,NULL,0,0,NULL,0,1,'0000-00-00 00:00:00',0,0,NULL,NULL,'','',0,0,NULL,0,NULL,'0000-00-00 00:00:00'),(606,NULL,0,'Marilyne','Beier','2000-05-17','F',0,1,'2022-05-10 00:30:01',NULL,NULL,NULL,NULL,'9672','','','',5,NULL,NULL,0,0,NULL,0,1,'0000-00-00 00:00:00',0,0,NULL,NULL,'','',0,0,NULL,0,NULL,'0000-00-00 00:00:00'),(607,NULL,0,'Mathilde','Carter','1983-03-05','F',0,1,'2022-05-10 00:30:01',NULL,NULL,NULL,NULL,'6361','','','',5,NULL,NULL,0,0,NULL,0,1,'0000-00-00 00:00:00',0,0,NULL,NULL,'','',0,0,NULL,0,NULL,'0000-00-00 00:00:00'),(608,NULL,0,'Karine','Ward','1954-01-12','F',0,1,'2022-05-10 00:30:01',NULL,NULL,NULL,NULL,'8041','','','',5,NULL,NULL,0,0,NULL,0,1,'0000-00-00 00:00:00',0,0,NULL,NULL,'','',0,0,NULL,0,NULL,'0000-00-00 00:00:00'),(609,608,0,'Caden','Ward','2010-04-15','M',0,1,'2022-05-10 00:30:01',NULL,NULL,NULL,NULL,'8041','','','',5,NULL,NULL,0,0,NULL,0,1,'0000-00-00 00:00:00',0,0,NULL,NULL,'','',0,0,NULL,0,NULL,'0000-00-00 00:00:00'),(610,NULL,0,'Brendon','Willms','1954-02-21','M',0,1,'2022-05-10 00:30:01',NULL,NULL,NULL,NULL,'5572','','','',5,NULL,NULL,0,0,NULL,0,1,'0000-00-00 00:00:00',0,0,NULL,NULL,'','',0,0,NULL,0,NULL,'0000-00-00 00:00:00'),(611,NULL,0,'Eunice','Predovic','2000-01-03','F',0,1,'2022-05-10 00:30:01',NULL,NULL,NULL,NULL,'3645','','','',5,NULL,NULL,0,0,NULL,0,1,'0000-00-00 00:00:00',0,0,NULL,NULL,'','',0,0,NULL,0,NULL,'0000-00-00 00:00:00'),(612,NULL,0,'Rashawn','Cartwright','1976-07-29','M',0,1,'2022-05-10 00:30:01',NULL,NULL,NULL,NULL,'5718','','','',5,NULL,NULL,0,0,NULL,0,1,'0000-00-00 00:00:00',0,0,NULL,NULL,'','',0,0,NULL,0,NULL,'0000-00-00 00:00:00'),(613,612,0,'Haley','Cartwright','2012-06-03','M',0,1,'2022-05-10 00:30:01',NULL,NULL,NULL,NULL,'5718','','','',5,NULL,NULL,0,0,NULL,0,1,'0000-00-00 00:00:00',0,0,NULL,NULL,'','',0,0,NULL,0,NULL,'0000-00-00 00:00:00'),(614,NULL,0,'Donnie','Herman','1996-04-19','M',0,1,'2022-05-10 00:30:01',NULL,NULL,NULL,NULL,'3786','','','',5,NULL,NULL,0,0,NULL,0,1,'0000-00-00 00:00:00',0,0,NULL,NULL,'','',0,0,NULL,0,NULL,'0000-00-00 00:00:00'),(615,614,0,'Davin','Herman','2012-02-24','M',0,1,'2022-05-10 00:30:01',NULL,NULL,NULL,NULL,'3786','','','',5,NULL,NULL,0,0,NULL,0,1,'0000-00-00 00:00:00',0,0,NULL,NULL,'','',0,0,NULL,0,NULL,'0000-00-00 00:00:00'),(616,614,0,'Thurman','Herman','2008-07-17','M',0,1,'2022-05-10 00:30:01',NULL,NULL,NULL,NULL,'3786','','','',5,NULL,NULL,0,0,NULL,0,1,'0000-00-00 00:00:00',0,0,NULL,NULL,'','',0,0,NULL,0,NULL,'0000-00-00 00:00:00'),(617,614,0,'Everett','Herman','2019-09-19','M',0,1,'2022-05-10 00:30:01',NULL,NULL,NULL,NULL,'3786','','','',5,NULL,NULL,0,0,NULL,0,1,'0000-00-00 00:00:00',0,0,NULL,NULL,'','',0,0,NULL,0,NULL,'0000-00-00 00:00:00'),(618,614,0,'Josh','Herman','2021-03-15','M',0,1,'2022-05-10 00:30:01',NULL,NULL,NULL,NULL,'3786','','','',5,NULL,NULL,0,0,NULL,0,1,'0000-00-00 00:00:00',0,0,NULL,NULL,'','',0,0,NULL,0,NULL,'0000-00-00 00:00:00'),(619,NULL,0,'Name','Heaney','1982-10-13','F',0,1,'2022-05-10 00:30:01',NULL,NULL,NULL,NULL,'5054','','','',5,NULL,NULL,0,0,NULL,0,1,'0000-00-00 00:00:00',0,0,NULL,NULL,'','',0,0,NULL,0,NULL,'0000-00-00 00:00:00'),(620,619,0,'Perry','Heaney','2013-11-22','M',0,1,'2022-05-10 00:30:01',NULL,NULL,NULL,NULL,'5054','','','',5,NULL,NULL,0,0,NULL,0,1,'0000-00-00 00:00:00',0,0,NULL,NULL,'','',0,0,NULL,0,NULL,'0000-00-00 00:00:00'),(621,619,0,'Velda','Heaney','2015-09-25','F',0,1,'2022-05-10 00:30:01',NULL,NULL,NULL,NULL,'5054','','','',5,NULL,NULL,0,0,NULL,0,1,'0000-00-00 00:00:00',0,0,NULL,NULL,'','',0,0,NULL,0,NULL,'0000-00-00 00:00:00'),(622,619,0,'Annabelle','Heaney','2013-07-14','F',0,1,'2022-05-10 00:30:01',NULL,NULL,NULL,NULL,'5054','','','',5,NULL,NULL,0,0,NULL,0,1,'0000-00-00 00:00:00',0,0,NULL,NULL,'','',0,0,NULL,0,NULL,'0000-00-00 00:00:00'),(623,NULL,0,'Rafael','Kunze','1949-03-28','M',0,1,'2022-05-10 00:30:01',NULL,NULL,NULL,NULL,'2325','','','',5,NULL,NULL,0,0,NULL,0,1,'0000-00-00 00:00:00',0,0,NULL,NULL,'','',0,0,NULL,0,NULL,'0000-00-00 00:00:00'),(624,623,0,'Nicholaus','Kunze','2012-08-21','M',0,1,'2022-05-10 00:30:01',NULL,NULL,NULL,NULL,'2325','','','',5,NULL,NULL,0,0,NULL,0,1,'0000-00-00 00:00:00',0,0,NULL,NULL,'','',0,0,NULL,0,NULL,'0000-00-00 00:00:00'),(625,NULL,0,'Michaela','Jones','1992-09-25','F',0,1,'2022-05-10 00:30:01',NULL,NULL,NULL,NULL,'2282','','','',5,NULL,NULL,0,0,NULL,0,1,'0000-00-00 00:00:00',0,0,NULL,NULL,'','',0,0,NULL,0,NULL,'0000-00-00 00:00:00'),(626,NULL,0,'Carli','Streich','1967-05-17','F',0,1,'2022-05-10 00:30:01',NULL,NULL,NULL,NULL,'6453','','','',5,NULL,NULL,0,0,NULL,0,1,'0000-00-00 00:00:00',0,0,NULL,NULL,'','',0,0,NULL,0,NULL,'0000-00-00 00:00:00'),(627,626,0,'Madaline','Streich','2015-12-10','F',0,1,'2022-05-10 00:30:01',NULL,NULL,NULL,NULL,'6453','','','',5,NULL,NULL,0,0,NULL,0,1,'0000-00-00 00:00:00',0,0,NULL,NULL,'','',0,0,NULL,0,NULL,'0000-00-00 00:00:00'),(628,626,0,'Tate','Streich','2013-01-11','M',0,1,'2022-05-10 00:30:01',NULL,NULL,NULL,NULL,'6453','','','',5,NULL,NULL,0,0,NULL,0,1,'0000-00-00 00:00:00',0,0,NULL,NULL,'','',0,0,NULL,0,NULL,'0000-00-00 00:00:00'),(629,626,0,'Linda','Streich','2010-04-29','F',0,1,'2022-05-10 00:30:01',NULL,NULL,NULL,NULL,'6453','','','',5,NULL,NULL,0,0,NULL,0,1,'0000-00-00 00:00:00',0,0,NULL,NULL,'','',0,0,NULL,0,NULL,'0000-00-00 00:00:00'),(630,NULL,0,'Deonte','Kirlin','1950-05-06','M',0,1,'2022-05-10 00:30:01',NULL,NULL,NULL,NULL,'2983','','','',5,NULL,NULL,0,0,NULL,0,1,'0000-00-00 00:00:00',0,0,NULL,NULL,'','',0,0,NULL,0,NULL,'0000-00-00 00:00:00'),(631,630,0,'Minnie','Kirlin','2016-05-07','F',0,1,'2022-05-10 00:30:01',NULL,NULL,NULL,NULL,'2983','','','',5,NULL,NULL,0,0,NULL,0,1,'0000-00-00 00:00:00',0,0,NULL,NULL,'','',0,0,NULL,0,NULL,'0000-00-00 00:00:00'),(632,630,0,'Myrtis','Kirlin','2019-05-23','F',0,1,'2022-05-10 00:30:01',NULL,NULL,NULL,NULL,'2983','','','',5,NULL,NULL,0,0,NULL,0,1,'0000-00-00 00:00:00',0,0,NULL,NULL,'','',0,0,NULL,0,NULL,'0000-00-00 00:00:00'),(633,NULL,0,'Dwight','Stokes','2001-11-27','M',0,1,'2022-05-10 00:30:01',NULL,NULL,NULL,NULL,'1183','','','',5,NULL,NULL,0,0,NULL,0,1,'0000-00-00 00:00:00',0,0,NULL,NULL,'','',0,0,NULL,0,NULL,'0000-00-00 00:00:00'),(634,633,0,'Eleonore','Stokes','2011-10-30','F',0,1,'2022-05-10 00:30:01',NULL,NULL,NULL,NULL,'1183','','','',5,NULL,NULL,0,0,NULL,0,1,'0000-00-00 00:00:00',0,0,NULL,NULL,'','',0,0,NULL,0,NULL,'0000-00-00 00:00:00'),(635,NULL,0,'Alfred','Mills','1996-12-10','M',0,1,'2022-05-10 00:30:01',NULL,NULL,NULL,NULL,'8870','','','',5,NULL,NULL,0,0,NULL,0,1,'0000-00-00 00:00:00',0,0,NULL,NULL,'','',0,0,NULL,0,NULL,'0000-00-00 00:00:00'),(636,635,0,'Rachael','Mills','2021-08-15','F',0,1,'2022-05-10 00:30:01',NULL,NULL,NULL,NULL,'8870','','','',5,NULL,NULL,0,0,NULL,0,1,'0000-00-00 00:00:00',0,0,NULL,NULL,'','',0,0,NULL,0,NULL,'0000-00-00 00:00:00'),(637,635,0,'Marielle','Mills','2022-03-01','F',0,1,'2022-05-10 00:30:01',NULL,NULL,NULL,NULL,'8870','','','',5,NULL,NULL,0,0,NULL,0,1,'0000-00-00 00:00:00',0,0,NULL,NULL,'','',0,0,NULL,0,NULL,'0000-00-00 00:00:00'),(638,NULL,0,'Marilyne','Hettinger','2003-12-20','F',0,1,'2022-05-10 00:30:01',NULL,NULL,NULL,NULL,'6600','','','',5,NULL,NULL,0,0,NULL,0,1,'0000-00-00 00:00:00',0,0,NULL,NULL,'','',0,0,NULL,0,NULL,'0000-00-00 00:00:00'),(639,NULL,0,'Cristina','Brekke','1993-04-18','M',0,1,'2022-05-10 00:30:01',NULL,NULL,NULL,NULL,'7464','','','',5,NULL,NULL,0,0,NULL,0,1,'0000-00-00 00:00:00',0,0,NULL,NULL,'','',0,0,NULL,0,NULL,'0000-00-00 00:00:00'),(640,NULL,0,'Estelle','Grimes','1977-10-26','F',0,1,'2022-05-10 00:30:01',NULL,NULL,NULL,NULL,'8563','','','',5,NULL,NULL,0,0,NULL,0,1,'0000-00-00 00:00:00',0,0,NULL,NULL,'','',0,0,NULL,0,NULL,'0000-00-00 00:00:00'),(641,640,0,'Cali','Grimes','2020-09-17','F',0,1,'2022-05-10 00:30:01',NULL,NULL,NULL,NULL,'8563','','','',5,NULL,NULL,0,0,NULL,0,1,'0000-00-00 00:00:00',0,0,NULL,NULL,'','',0,0,NULL,0,NULL,'0000-00-00 00:00:00'),(642,NULL,0,'Addison','Rice','1987-07-12','F',0,1,'2022-05-10 00:30:01',NULL,NULL,NULL,NULL,'1135','','','',5,NULL,NULL,0,0,NULL,0,1,'0000-00-00 00:00:00',0,0,NULL,NULL,'','',0,0,NULL,0,NULL,'0000-00-00 00:00:00'),(643,642,0,'Nash','Rice','2014-01-15','M',0,1,'2022-05-10 00:30:01',NULL,NULL,NULL,NULL,'1135','','','',5,NULL,NULL,0,0,NULL,0,1,'0000-00-00 00:00:00',0,0,NULL,NULL,'','',0,0,NULL,0,NULL,'0000-00-00 00:00:00'),(644,642,0,'Elmore','Rice','2007-12-11','M',0,1,'2022-05-10 00:30:01',NULL,NULL,NULL,NULL,'1135','','','',5,NULL,NULL,0,0,NULL,0,1,'0000-00-00 00:00:00',0,0,NULL,NULL,'','',0,0,NULL,0,NULL,'0000-00-00 00:00:00'),(645,642,0,'Meagan','Rice','2008-12-25','F',0,1,'2022-05-10 00:30:01',NULL,NULL,NULL,NULL,'1135','','','',5,NULL,NULL,0,0,NULL,0,1,'0000-00-00 00:00:00',0,0,NULL,NULL,'','',0,0,NULL,0,NULL,'0000-00-00 00:00:00'),(646,NULL,0,'Kaci','Lakin','1996-02-28','F',0,1,'2022-05-10 00:30:01',NULL,NULL,NULL,NULL,'2337','','','',5,NULL,NULL,0,0,NULL,0,1,'0000-00-00 00:00:00',0,0,NULL,NULL,'','',0,0,NULL,0,NULL,'0000-00-00 00:00:00'),(647,NULL,0,'Faustino','Romaguera','1954-02-23','M',0,1,'2022-05-10 00:30:01',NULL,NULL,NULL,NULL,'1772','','','',5,NULL,NULL,0,0,NULL,0,1,'0000-00-00 00:00:00',0,0,NULL,NULL,'','',0,0,NULL,0,NULL,'0000-00-00 00:00:00'),(648,647,0,'Alek','Romaguera','2009-11-02','M',0,1,'2022-05-10 00:30:01',NULL,NULL,NULL,NULL,'1772','','','',5,NULL,NULL,0,0,NULL,0,1,'0000-00-00 00:00:00',0,0,NULL,NULL,'','',0,0,NULL,0,NULL,'0000-00-00 00:00:00'),(649,647,0,'Jaren','Romaguera','2010-09-02','M',0,1,'2022-05-10 00:30:01',NULL,NULL,NULL,NULL,'1772','','','',5,NULL,NULL,0,0,NULL,0,1,'0000-00-00 00:00:00',0,0,NULL,NULL,'','',0,0,NULL,0,NULL,'0000-00-00 00:00:00'),(650,647,0,'Jean','Romaguera','2020-11-17','M',0,1,'2022-05-10 00:30:01',NULL,NULL,NULL,NULL,'1772','','','',5,NULL,NULL,0,0,NULL,0,1,'0000-00-00 00:00:00',0,0,NULL,NULL,'','',0,0,NULL,0,NULL,'0000-00-00 00:00:00'),(651,647,0,'Jaylon','Romaguera','2012-03-06','M',0,1,'2022-05-10 00:30:01',NULL,NULL,NULL,NULL,'1772','','','',5,NULL,NULL,0,0,NULL,0,1,'0000-00-00 00:00:00',0,0,NULL,NULL,'','',0,0,NULL,0,NULL,'0000-00-00 00:00:00'),(652,NULL,0,'Coby','Bins','1962-01-19','M',0,1,'2022-05-10 00:30:01',NULL,NULL,NULL,NULL,'7274','','','',5,NULL,NULL,0,0,NULL,0,1,'0000-00-00 00:00:00',0,0,NULL,NULL,'','',0,0,NULL,0,NULL,'0000-00-00 00:00:00'),(653,652,0,'Ashton','Bins','2020-01-27','M',0,1,'2022-05-10 00:30:01',NULL,NULL,NULL,NULL,'7274','','','',5,NULL,NULL,0,0,NULL,0,1,'0000-00-00 00:00:00',0,0,NULL,NULL,'','',0,0,NULL,0,NULL,'0000-00-00 00:00:00'),(654,652,0,'Margaret','Bins','2019-10-07','F',0,1,'2022-05-10 00:30:01',NULL,NULL,NULL,NULL,'7274','','','',5,NULL,NULL,0,0,NULL,0,1,'0000-00-00 00:00:00',0,0,NULL,NULL,'','',0,0,NULL,0,NULL,'0000-00-00 00:00:00'),(655,NULL,0,'Joy','Mayert','1997-04-22','F',0,1,'2022-05-10 00:30:01',NULL,NULL,NULL,NULL,'9787','','','',5,NULL,NULL,0,0,NULL,0,1,'0000-00-00 00:00:00',0,0,NULL,NULL,'','',0,0,NULL,0,NULL,'0000-00-00 00:00:00'),(656,655,0,'Laury','Mayert','2017-06-09','F',0,1,'2022-05-10 00:30:01',NULL,NULL,NULL,NULL,'9787','','','',5,NULL,NULL,0,0,NULL,0,1,'0000-00-00 00:00:00',0,0,NULL,NULL,'','',0,0,NULL,0,NULL,'0000-00-00 00:00:00'),(657,655,0,'Jennyfer','Mayert','2018-08-05','F',0,1,'2022-05-10 00:30:01',NULL,NULL,NULL,NULL,'9787','','','',5,NULL,NULL,0,0,NULL,0,1,'0000-00-00 00:00:00',0,0,NULL,NULL,'','',0,0,NULL,0,NULL,'0000-00-00 00:00:00'),(658,655,0,'Zachariah','Mayert','2016-05-26','M',0,1,'2022-05-10 00:30:01',NULL,NULL,NULL,NULL,'9787','','','',5,NULL,NULL,0,0,NULL,0,1,'0000-00-00 00:00:00',0,0,NULL,NULL,'','',0,0,NULL,0,NULL,'0000-00-00 00:00:00'),(659,NULL,0,'Stan','Walter','1972-03-19','M',0,1,'2022-05-10 00:30:01',NULL,NULL,NULL,NULL,'7254','','','',5,NULL,NULL,0,0,NULL,0,1,'0000-00-00 00:00:00',0,0,NULL,NULL,'','',0,0,NULL,0,NULL,'0000-00-00 00:00:00'),(660,NULL,0,'Jayne','Pagac','1971-10-26','F',0,1,'2022-05-10 00:30:01',NULL,NULL,NULL,NULL,'5478','','','',5,NULL,NULL,0,0,NULL,0,1,'0000-00-00 00:00:00',0,0,NULL,NULL,'','',0,0,NULL,0,NULL,'0000-00-00 00:00:00'),(661,NULL,0,'Christophe','McGlynn','1980-02-18','M',0,1,'2022-05-10 00:30:01',NULL,NULL,NULL,NULL,'5022','','','',5,NULL,NULL,0,0,NULL,0,1,'0000-00-00 00:00:00',0,0,NULL,NULL,'','',0,0,NULL,0,NULL,'0000-00-00 00:00:00'),(662,661,0,'Clementina','McGlynn','2009-02-20','F',0,1,'2022-05-10 00:30:01',NULL,NULL,NULL,NULL,'5022','','','',5,NULL,NULL,0,0,NULL,0,1,'0000-00-00 00:00:00',0,0,NULL,NULL,'','',0,0,NULL,0,NULL,'0000-00-00 00:00:00'),(663,661,0,'Odell','McGlynn','2010-08-01','M',0,1,'2022-05-10 00:30:01',NULL,NULL,NULL,NULL,'5022','','','',5,NULL,NULL,0,0,NULL,0,1,'0000-00-00 00:00:00',0,0,NULL,NULL,'','',0,0,NULL,0,NULL,'0000-00-00 00:00:00'),(664,661,0,'Hortense','McGlynn','2011-12-13','F',0,1,'2022-05-10 00:30:01',NULL,NULL,NULL,NULL,'5022','','','',5,NULL,NULL,0,0,NULL,0,1,'0000-00-00 00:00:00',0,0,NULL,NULL,'','',0,0,NULL,0,NULL,'0000-00-00 00:00:00'),(665,661,0,'Mattie','McGlynn','2013-10-19','F',0,1,'2022-05-10 00:30:01',NULL,NULL,NULL,NULL,'5022','','','',5,NULL,NULL,0,0,NULL,0,1,'0000-00-00 00:00:00',0,0,NULL,NULL,'','',0,0,NULL,0,NULL,'0000-00-00 00:00:00'),(666,661,0,'Emmanuel','McGlynn','2016-05-31','M',0,1,'2022-05-10 00:30:01',NULL,NULL,NULL,NULL,'5022','','','',5,NULL,NULL,0,0,NULL,0,1,'0000-00-00 00:00:00',0,0,NULL,NULL,'','',0,0,NULL,0,NULL,'0000-00-00 00:00:00'),(667,NULL,0,'Valentin','Kiehn','1993-08-25','M',0,1,'2022-05-10 00:30:01',NULL,NULL,NULL,NULL,'2578','','','',5,NULL,NULL,0,0,NULL,0,1,'0000-00-00 00:00:00',0,0,NULL,NULL,'','',0,0,NULL,0,NULL,'0000-00-00 00:00:00'),(668,667,0,'Alek','Kiehn','2021-12-10','M',0,1,'2022-05-10 00:30:01',NULL,NULL,NULL,NULL,'2578','','','',5,NULL,NULL,0,0,NULL,0,1,'0000-00-00 00:00:00',0,0,NULL,NULL,'','',0,0,NULL,0,NULL,'0000-00-00 00:00:00'),(669,NULL,0,'Jarrod','Hammes','1999-06-01','M',0,1,'2022-05-10 00:30:01',NULL,NULL,NULL,NULL,'5127','','','',5,NULL,NULL,0,0,NULL,0,1,'0000-00-00 00:00:00',0,0,NULL,NULL,'','',0,0,NULL,0,NULL,'0000-00-00 00:00:00'),(670,NULL,0,'Roberta','Friesen','1984-01-05','F',0,1,'2022-05-10 00:30:01',NULL,NULL,NULL,NULL,'3751','','','',5,NULL,NULL,0,0,NULL,0,1,'0000-00-00 00:00:00',0,0,NULL,NULL,'','',0,0,NULL,0,NULL,'0000-00-00 00:00:00'),(671,NULL,0,'Zelma','Renner','1964-11-28','F',0,1,'2022-05-10 00:30:01',NULL,NULL,NULL,NULL,'9436','','','',5,NULL,NULL,0,0,NULL,0,1,'0000-00-00 00:00:00',0,0,NULL,NULL,'','',0,0,NULL,0,NULL,'0000-00-00 00:00:00'),(672,NULL,0,'Nikita','Murazik','1992-08-07','F',0,1,'2022-05-10 00:30:01',NULL,NULL,NULL,NULL,'3674','','','',5,NULL,NULL,0,0,NULL,0,1,'0000-00-00 00:00:00',0,0,NULL,NULL,'','',0,0,NULL,0,NULL,'0000-00-00 00:00:00'),(673,672,0,'Brendan','Murazik','2009-12-31','M',0,1,'2022-05-10 00:30:01',NULL,NULL,NULL,NULL,'3674','','','',5,NULL,NULL,0,0,NULL,0,1,'0000-00-00 00:00:00',0,0,NULL,NULL,'','',0,0,NULL,0,NULL,'0000-00-00 00:00:00'),(674,NULL,0,'Terrance','Altenwerth','1989-03-23','M',0,1,'2022-05-10 00:30:01',NULL,NULL,NULL,NULL,'8572','','','',5,NULL,NULL,0,0,NULL,0,1,'2022-04-13 16:03:16',0,0,NULL,NULL,'','',0,0,NULL,0,NULL,'0000-00-00 00:00:00'),(675,NULL,0,'Tyra','Cassin','1973-03-24','F',0,1,'2022-05-10 00:30:01',NULL,NULL,NULL,NULL,'6408','','','',5,NULL,NULL,0,0,NULL,0,1,'0000-00-00 00:00:00',0,0,NULL,NULL,'','',0,0,NULL,0,NULL,'0000-00-00 00:00:00'),(676,675,0,'Vern','Cassin','2014-02-07','M',0,1,'2022-05-10 00:30:01',NULL,NULL,NULL,NULL,'6408','','','',5,NULL,NULL,0,0,NULL,0,1,'0000-00-00 00:00:00',0,0,NULL,NULL,'','',0,0,NULL,0,NULL,'0000-00-00 00:00:00'),(677,675,0,'Dina','Cassin','2017-11-17','F',0,1,'2022-05-10 00:30:01',NULL,NULL,NULL,NULL,'6408','','','',5,NULL,NULL,0,0,NULL,0,1,'0000-00-00 00:00:00',0,0,NULL,NULL,'','',0,0,NULL,0,NULL,'0000-00-00 00:00:00'),(678,675,0,'Laila','Cassin','2013-12-18','F',0,1,'2022-05-10 00:30:01',NULL,NULL,NULL,NULL,'6408','','','',5,NULL,NULL,0,0,NULL,0,1,'0000-00-00 00:00:00',0,0,NULL,NULL,'','',0,0,NULL,0,NULL,'0000-00-00 00:00:00'),(679,675,0,'Nicholaus','Cassin','2016-01-21','M',0,1,'2022-05-10 00:30:01',NULL,NULL,NULL,NULL,'6408','','','',5,NULL,NULL,0,0,NULL,0,1,'0000-00-00 00:00:00',0,0,NULL,NULL,'','',0,0,NULL,0,NULL,'0000-00-00 00:00:00'),(680,675,0,'Mary','Cassin','2009-06-13','F',0,1,'2022-05-10 00:30:01',NULL,NULL,NULL,NULL,'6408','','','',5,NULL,NULL,0,0,NULL,0,1,'0000-00-00 00:00:00',0,0,NULL,NULL,'','',0,0,NULL,0,NULL,'0000-00-00 00:00:00'),(681,NULL,0,'Euna','Feeney','1970-06-10','F',0,1,'2022-05-10 00:30:01',NULL,NULL,NULL,NULL,'2065','','','',5,NULL,NULL,0,0,NULL,0,1,'0000-00-00 00:00:00',0,0,NULL,NULL,'','',0,0,NULL,0,NULL,'0000-00-00 00:00:00'),(682,681,0,'Merle','Feeney','2017-08-15','M',0,1,'2022-05-10 00:30:01',NULL,NULL,NULL,NULL,'2065','','','',5,NULL,NULL,0,0,NULL,0,1,'0000-00-00 00:00:00',0,0,NULL,NULL,'','',0,0,NULL,0,NULL,'0000-00-00 00:00:00'),(683,681,0,'Brody','Feeney','2009-05-16','M',0,1,'2022-05-10 00:30:01',NULL,NULL,NULL,NULL,'2065','','','',5,NULL,NULL,0,0,NULL,0,1,'0000-00-00 00:00:00',0,0,NULL,NULL,'','',0,0,NULL,0,NULL,'0000-00-00 00:00:00'),(684,NULL,0,'Janet','Gaylord','1963-01-28','F',0,1,'2022-05-10 00:30:01',NULL,NULL,NULL,NULL,'1439','','','',5,NULL,NULL,0,0,NULL,0,1,'0000-00-00 00:00:00',0,0,NULL,NULL,'','',0,0,NULL,0,NULL,'0000-00-00 00:00:00'),(685,684,0,'Madisen','Gaylord','2014-04-22','M',0,1,'2022-05-10 00:30:01',NULL,NULL,NULL,NULL,'1439','','','',5,NULL,NULL,0,0,NULL,0,1,'0000-00-00 00:00:00',0,0,NULL,NULL,'','',0,0,NULL,0,NULL,'0000-00-00 00:00:00'),(686,684,0,'Monty','Gaylord','2015-12-09','M',0,1,'2022-05-10 00:30:01',NULL,NULL,NULL,NULL,'1439','','','',5,NULL,NULL,0,0,NULL,0,1,'0000-00-00 00:00:00',0,0,NULL,NULL,'','',0,0,NULL,0,NULL,'0000-00-00 00:00:00'),(687,NULL,0,'Immanuel','King','1989-06-03','M',0,1,'2022-05-10 00:30:01',NULL,NULL,NULL,NULL,'3213','','','',5,NULL,NULL,0,0,NULL,0,1,'0000-00-00 00:00:00',0,0,NULL,NULL,'','',0,0,NULL,0,NULL,'0000-00-00 00:00:00'),(688,687,0,'Makayla','King','2017-09-12','F',0,1,'2022-05-10 00:30:01',NULL,NULL,NULL,NULL,'3213','','','',5,NULL,NULL,0,0,NULL,0,1,'0000-00-00 00:00:00',0,0,NULL,NULL,'','',0,0,NULL,0,NULL,'0000-00-00 00:00:00'),(689,687,0,'Cristian','King','2019-04-06','M',0,1,'2022-05-10 00:30:01',NULL,NULL,NULL,NULL,'3213','','','',5,NULL,NULL,0,0,NULL,0,1,'0000-00-00 00:00:00',0,0,NULL,NULL,'','',0,0,NULL,0,NULL,'0000-00-00 00:00:00'),(690,NULL,0,'Ismael','Schinner','1974-01-21','M',0,1,'2022-05-10 00:30:01',NULL,NULL,NULL,NULL,'5553','','','',5,NULL,NULL,0,0,NULL,0,1,'0000-00-00 00:00:00',0,0,NULL,NULL,'','',0,0,NULL,0,NULL,'0000-00-00 00:00:00'),(691,690,0,'Victoria','Schinner','2021-05-03','F',0,1,'2022-05-10 00:30:01',NULL,NULL,NULL,NULL,'5553','','','',5,NULL,NULL,0,0,NULL,0,1,'0000-00-00 00:00:00',0,0,NULL,NULL,'','',0,0,NULL,0,NULL,'0000-00-00 00:00:00'),(692,690,0,'Vella','Schinner','2022-09-21','F',0,1,'2022-05-10 00:30:01',NULL,NULL,NULL,NULL,'5553','','','',5,NULL,NULL,0,0,NULL,0,1,'0000-00-00 00:00:00',0,0,NULL,NULL,'','',0,0,NULL,0,NULL,'0000-00-00 00:00:00'),(693,690,0,'Alba','Schinner','2007-12-31','F',0,1,'2022-05-10 00:30:01',NULL,NULL,NULL,NULL,'5553','','','',5,NULL,NULL,0,0,NULL,0,1,'0000-00-00 00:00:00',0,0,NULL,NULL,'','',0,0,NULL,0,NULL,'0000-00-00 00:00:00'),(694,NULL,0,'Deborah','Cruickshank','2003-04-03','F',0,1,'2022-05-10 00:30:01',NULL,NULL,NULL,NULL,'2264','','','',5,NULL,NULL,0,0,NULL,0,1,'0000-00-00 00:00:00',0,0,NULL,NULL,'','',0,0,NULL,0,NULL,'0000-00-00 00:00:00'),(695,694,0,'General','Cruickshank','2018-04-06','M',0,1,'2022-05-10 00:30:01',NULL,NULL,NULL,NULL,'2264','','','',5,NULL,NULL,0,0,NULL,0,1,'0000-00-00 00:00:00',0,0,NULL,NULL,'','',0,0,NULL,0,NULL,'0000-00-00 00:00:00'),(696,NULL,0,'Landen','Abernathy','1999-04-29','M',0,1,'2022-05-10 00:30:01',NULL,NULL,NULL,NULL,'9731','','','',5,NULL,NULL,0,0,NULL,0,1,'0000-00-00 00:00:00',0,0,NULL,NULL,'','',0,0,NULL,0,NULL,'0000-00-00 00:00:00'),(697,696,0,'Claudia','Abernathy','2021-10-12','F',0,1,'2022-05-10 00:30:01',NULL,NULL,NULL,NULL,'9731','','','',5,NULL,NULL,0,0,NULL,0,1,'0000-00-00 00:00:00',0,0,NULL,NULL,'','',0,0,NULL,0,NULL,'0000-00-00 00:00:00'),(698,696,0,'Neha','Abernathy','2015-12-03','F',0,1,'2022-05-10 00:30:01',NULL,NULL,NULL,NULL,'9731','','','',5,NULL,NULL,0,0,NULL,0,1,'0000-00-00 00:00:00',0,0,NULL,NULL,'','',0,0,NULL,0,NULL,'0000-00-00 00:00:00'),(699,696,0,'Taya','Abernathy','2009-06-03','F',0,1,'2022-05-10 00:30:01',NULL,NULL,NULL,NULL,'9731','','','',5,NULL,NULL,0,0,NULL,0,1,'0000-00-00 00:00:00',0,0,NULL,NULL,'','',0,0,NULL,0,NULL,'0000-00-00 00:00:00'),(700,696,0,'Tomas','Abernathy','2020-06-08','M',0,1,'2022-05-10 00:30:01',NULL,NULL,NULL,NULL,'9731','','','',5,NULL,NULL,0,0,NULL,0,1,'0000-00-00 00:00:00',0,0,NULL,NULL,'','',0,0,NULL,0,NULL,'0000-00-00 00:00:00'),(701,696,0,'Walton','Abernathy','2010-02-21','M',0,1,'2022-05-10 00:30:01',NULL,NULL,NULL,NULL,'9731','','','',5,NULL,NULL,0,0,NULL,0,1,'0000-00-00 00:00:00',0,0,NULL,NULL,'','',0,0,NULL,0,NULL,'0000-00-00 00:00:00'),(702,696,0,'Zackary','Abernathy','2021-08-06','M',0,1,'2022-05-10 00:30:01',NULL,NULL,NULL,NULL,'9731','','','',5,NULL,NULL,0,0,NULL,0,1,'0000-00-00 00:00:00',0,0,NULL,NULL,'','',0,0,NULL,0,NULL,'0000-00-00 00:00:00'),(703,696,0,'Charlie','Abernathy','2015-03-27','M',0,1,'2022-05-10 00:30:01',NULL,NULL,NULL,NULL,'9731','','','',5,NULL,NULL,0,0,NULL,0,1,'0000-00-00 00:00:00',0,0,NULL,NULL,'','',0,0,NULL,0,NULL,'0000-00-00 00:00:00'),(704,NULL,0,'Mariela','Stanton','1948-08-03','F',0,1,'2022-05-10 00:30:01',NULL,NULL,NULL,NULL,'2254','','','',5,NULL,NULL,0,0,NULL,0,1,'0000-00-00 00:00:00',0,0,NULL,NULL,'','',0,0,NULL,0,NULL,'0000-00-00 00:00:00'),(705,NULL,0,'Sylvia','Howe','1983-12-23','F',0,1,'2022-05-10 00:30:01',NULL,NULL,NULL,NULL,'9136','','','',5,NULL,NULL,0,0,NULL,0,1,'0000-00-00 00:00:00',0,0,NULL,NULL,'','',0,0,NULL,0,NULL,'0000-00-00 00:00:00'),(706,705,0,'Damaris','Howe','2010-11-11','F',0,1,'2022-05-10 00:30:01',NULL,NULL,NULL,NULL,'9136','','','',5,NULL,NULL,0,0,NULL,0,1,'0000-00-00 00:00:00',0,0,NULL,NULL,'','',0,0,NULL,0,NULL,'0000-00-00 00:00:00'),(707,705,0,'Carolyne','Howe','2016-07-24','F',0,1,'2022-05-10 00:30:01',NULL,NULL,NULL,NULL,'9136','','','',5,NULL,NULL,0,0,NULL,0,1,'0000-00-00 00:00:00',0,0,NULL,NULL,'','',0,0,NULL,0,NULL,'0000-00-00 00:00:00'),(708,705,0,'Kariane','Howe','2019-10-14','F',0,1,'2022-05-10 00:30:01',NULL,NULL,NULL,NULL,'9136','','','',5,NULL,NULL,0,0,NULL,0,1,'0000-00-00 00:00:00',0,0,NULL,NULL,'','',0,0,NULL,0,NULL,'0000-00-00 00:00:00'),(709,NULL,0,'Narciso','Bruen','1973-08-12','M',0,1,'2022-05-10 00:30:01',NULL,NULL,NULL,NULL,'7852','','','',5,NULL,NULL,0,0,NULL,0,1,'0000-00-00 00:00:00',0,0,NULL,NULL,'','',0,0,NULL,0,NULL,'0000-00-00 00:00:00'),(710,NULL,0,'Elnora','Goodwin','1971-10-25','F',0,1,'2022-05-10 00:30:01',NULL,NULL,NULL,NULL,'5227','','','',5,NULL,NULL,0,0,NULL,0,1,'0000-00-00 00:00:00',0,0,NULL,NULL,'','',0,0,NULL,0,NULL,'0000-00-00 00:00:00'),(711,NULL,0,'Twila','Friesen','1949-12-04','F',0,1,'2022-05-10 00:30:01',NULL,NULL,NULL,NULL,'5656','','','',5,NULL,NULL,0,0,NULL,0,1,'0000-00-00 00:00:00',0,0,NULL,NULL,'','',0,0,NULL,0,NULL,'0000-00-00 00:00:00'),(712,NULL,0,'Mathew','Sauer','1948-02-24','M',0,1,'2022-05-10 00:30:01',NULL,NULL,NULL,NULL,'3476','','','',5,NULL,NULL,0,0,NULL,0,1,'0000-00-00 00:00:00',0,0,NULL,NULL,'','',0,0,NULL,0,NULL,'0000-00-00 00:00:00'),(713,712,0,'Adrien','Sauer','2010-03-31','M',0,1,'2022-05-10 00:30:01',NULL,NULL,NULL,NULL,'3476','','','',5,NULL,NULL,0,0,NULL,0,1,'0000-00-00 00:00:00',0,0,NULL,NULL,'','',0,0,NULL,0,NULL,'0000-00-00 00:00:00'),(714,NULL,0,'Thurman','Dickens','1992-08-09','M',0,1,'2022-05-10 00:30:01',NULL,NULL,NULL,NULL,'4705','','','',5,NULL,NULL,0,0,NULL,0,1,'0000-00-00 00:00:00',0,0,NULL,NULL,'','',0,0,NULL,0,NULL,'0000-00-00 00:00:00'),(715,714,0,'Melyssa','Dickens','2013-09-17','F',0,1,'2022-05-10 00:30:01',NULL,NULL,NULL,NULL,'4705','','','',5,NULL,NULL,0,0,NULL,0,1,'0000-00-00 00:00:00',0,0,NULL,NULL,'','',0,0,NULL,0,NULL,'0000-00-00 00:00:00'),(716,NULL,0,'Carlos','Hudson','1972-10-18','M',0,1,'2022-05-10 00:30:01',NULL,NULL,NULL,NULL,'1925','','','',5,NULL,NULL,0,0,NULL,0,1,'0000-00-00 00:00:00',0,0,NULL,NULL,'','',0,0,NULL,0,NULL,'0000-00-00 00:00:00'),(717,NULL,0,'Heloise','Goldner','1977-08-28','F',0,1,'2022-05-10 00:30:01',NULL,NULL,NULL,NULL,'9424','','','',5,NULL,NULL,0,0,NULL,0,1,'0000-00-00 00:00:00',0,0,NULL,NULL,'','',0,0,NULL,0,NULL,'0000-00-00 00:00:00'),(718,717,0,'Eladio','Goldner','2014-11-28','M',0,1,'2022-05-10 00:30:01',NULL,NULL,NULL,NULL,'9424','','','',5,NULL,NULL,0,0,NULL,0,1,'0000-00-00 00:00:00',0,0,NULL,NULL,'','',0,0,NULL,0,NULL,'0000-00-00 00:00:00'),(719,NULL,0,'Sincere','Thiel','1980-08-26','F',0,1,'2022-05-10 00:30:01',NULL,NULL,NULL,NULL,'6935','','','',5,NULL,NULL,0,0,NULL,0,1,'0000-00-00 00:00:00',0,0,NULL,NULL,'','',0,0,NULL,0,NULL,'0000-00-00 00:00:00'),(720,NULL,0,'Maya','Gislason','1991-05-06','F',0,1,'2022-05-10 00:30:01',NULL,NULL,NULL,NULL,'9747','','','',5,NULL,NULL,0,0,NULL,0,1,'2022-04-12 01:25:23',0,0,NULL,NULL,'','',0,0,NULL,0,NULL,'0000-00-00 00:00:00'),(721,720,0,'Wilber','Gislason','2014-07-21','M',0,1,'2022-05-10 00:30:01',NULL,NULL,NULL,NULL,'9747','','','',5,NULL,NULL,0,0,NULL,0,1,'2022-04-12 01:25:23',0,0,NULL,NULL,'','',0,0,NULL,0,NULL,'0000-00-00 00:00:00'),(722,NULL,0,'Jacinto','Bruen','1981-05-23','M',0,1,'2022-05-10 00:30:01',NULL,NULL,NULL,NULL,'5606','','','',5,NULL,NULL,0,0,NULL,0,1,'0000-00-00 00:00:00',0,0,NULL,NULL,'','',0,0,NULL,0,NULL,'0000-00-00 00:00:00'),(723,NULL,0,'Susanna','Labadie','1971-11-10','F',0,1,'2022-05-10 00:30:01',NULL,NULL,NULL,NULL,'3652','','','',5,NULL,NULL,0,0,NULL,0,1,'0000-00-00 00:00:00',0,0,NULL,NULL,'','',0,0,NULL,0,NULL,'0000-00-00 00:00:00'),(724,NULL,0,'Germaine','Kihn','1979-10-13','F',0,1,'2022-05-10 00:30:01',NULL,NULL,NULL,NULL,'6913','','','',5,NULL,NULL,0,0,NULL,0,1,'0000-00-00 00:00:00',0,0,NULL,NULL,'','',0,0,NULL,0,NULL,'0000-00-00 00:00:00'),(725,NULL,0,'Jeffry','Bergnaum','1997-09-30','M',0,1,'2022-05-10 00:30:01',NULL,NULL,NULL,NULL,'2029','','','',5,NULL,NULL,0,0,NULL,0,1,'0000-00-00 00:00:00',0,0,NULL,NULL,'','',0,0,NULL,0,NULL,'0000-00-00 00:00:00'),(726,725,0,'Gabriella','Bergnaum','2019-08-14','F',0,1,'2022-05-10 00:30:01',NULL,NULL,NULL,NULL,'2029','','','',5,NULL,NULL,0,0,NULL,0,1,'0000-00-00 00:00:00',0,0,NULL,NULL,'','',0,0,NULL,0,NULL,'0000-00-00 00:00:00'),(727,725,0,'Olaf','Bergnaum','2009-06-12','M',0,1,'2022-05-10 00:30:01',NULL,NULL,NULL,NULL,'2029','','','',5,NULL,NULL,0,0,NULL,0,1,'0000-00-00 00:00:00',0,0,NULL,NULL,'','',0,0,NULL,0,NULL,'0000-00-00 00:00:00'),(728,725,0,'Marie','Bergnaum','2015-05-05','F',0,1,'2022-05-10 00:30:01',NULL,NULL,NULL,NULL,'2029','','','',5,NULL,NULL,0,0,NULL,0,1,'0000-00-00 00:00:00',0,0,NULL,NULL,'','',0,0,NULL,0,NULL,'0000-00-00 00:00:00'),(729,725,0,'Ivah','Bergnaum','2022-08-30','F',0,1,'2022-05-10 00:30:01',NULL,NULL,NULL,NULL,'2029','','','',5,NULL,NULL,0,0,NULL,0,1,'0000-00-00 00:00:00',0,0,NULL,NULL,'','',0,0,NULL,0,NULL,'0000-00-00 00:00:00'),(730,NULL,0,'Mohammed','Mosciski','1984-06-06','M',0,1,'2022-05-10 00:30:01',NULL,NULL,NULL,NULL,'3682','','','',5,NULL,NULL,0,0,NULL,0,1,'2022-07-25 00:27:17',0,0,NULL,NULL,'','',0,0,NULL,0,NULL,'0000-00-00 00:00:00'),(731,730,0,'Lorenz','Mosciski','2010-12-22','M',0,1,'2022-05-10 00:30:01',NULL,NULL,NULL,NULL,'3682','','','',5,NULL,NULL,0,0,NULL,0,1,'2022-07-25 00:27:17',0,0,NULL,NULL,'','',0,0,NULL,0,NULL,'0000-00-00 00:00:00'),(732,NULL,0,'Hillary','Zulauf','1964-11-12','F',0,1,'2022-05-10 00:30:01',NULL,NULL,NULL,NULL,'1201','','','',5,NULL,NULL,0,0,NULL,0,1,'0000-00-00 00:00:00',0,0,NULL,NULL,'','',0,0,NULL,0,NULL,'0000-00-00 00:00:00'),(733,732,0,'Christa','Zulauf','2017-08-07','F',0,1,'2022-05-10 00:30:01',NULL,NULL,NULL,NULL,'1201','','','',5,NULL,NULL,0,0,NULL,0,1,'0000-00-00 00:00:00',0,0,NULL,NULL,'','',0,0,NULL,0,NULL,'0000-00-00 00:00:00'),(734,732,0,'Terrill','Zulauf','2017-06-17','M',0,1,'2022-05-10 00:30:01',NULL,NULL,NULL,NULL,'1201','','','',5,NULL,NULL,0,0,NULL,0,1,'0000-00-00 00:00:00',0,0,NULL,NULL,'','',0,0,NULL,0,NULL,'0000-00-00 00:00:00'),(735,732,0,'Tyreek','Zulauf','2008-03-07','M',0,1,'2022-05-10 00:30:01',NULL,NULL,NULL,NULL,'1201','','','',5,NULL,NULL,0,0,NULL,0,1,'0000-00-00 00:00:00',0,0,NULL,NULL,'','',0,0,NULL,0,NULL,'0000-00-00 00:00:00'),(736,NULL,0,'Evie','Fay','1980-12-03','F',0,1,'2022-05-10 00:30:01',NULL,NULL,NULL,NULL,'5494','','','',5,NULL,NULL,0,0,NULL,0,1,'0000-00-00 00:00:00',0,0,NULL,NULL,'','',0,0,NULL,0,NULL,'0000-00-00 00:00:00'),(737,736,0,'Dandre','Fay','2010-11-16','F',0,1,'2022-05-10 00:30:01',NULL,NULL,NULL,NULL,'5494','','','',5,NULL,NULL,0,0,NULL,0,1,'0000-00-00 00:00:00',0,0,NULL,NULL,'','',0,0,NULL,0,NULL,'0000-00-00 00:00:00'),(738,NULL,0,'Janae','Thiel','2006-05-31','F',0,1,'2022-05-10 00:30:01',NULL,NULL,NULL,NULL,'7893','','','',5,NULL,NULL,0,0,NULL,0,1,'0000-00-00 00:00:00',0,0,NULL,NULL,'','',0,0,NULL,0,NULL,'0000-00-00 00:00:00'),(739,738,0,'Berenice','Thiel','2015-03-28','F',0,1,'2022-05-10 00:30:01',NULL,NULL,NULL,NULL,'7893','','','',5,NULL,NULL,0,0,NULL,0,1,'0000-00-00 00:00:00',0,0,NULL,NULL,'','',0,0,NULL,0,NULL,'0000-00-00 00:00:00'),(740,738,0,'Vinnie','Thiel','2015-11-28','M',0,1,'2022-05-10 00:30:01',NULL,NULL,NULL,NULL,'7893','','','',5,NULL,NULL,0,0,NULL,0,1,'0000-00-00 00:00:00',0,0,NULL,NULL,'','',0,0,NULL,0,NULL,'0000-00-00 00:00:00'),(741,NULL,0,'Bell','VonRueden','2001-03-28','M',0,1,'2022-05-10 00:30:01',NULL,NULL,NULL,NULL,'4615','','','',5,NULL,NULL,0,0,NULL,0,1,'0000-00-00 00:00:00',0,0,NULL,NULL,'','',0,0,NULL,0,NULL,'0000-00-00 00:00:00'),(742,NULL,0,'Ari','Anderson','2000-03-16','M',0,1,'2022-05-10 00:30:01',NULL,NULL,NULL,NULL,'5361','','','',5,NULL,NULL,0,0,NULL,0,1,'0000-00-00 00:00:00',0,0,NULL,NULL,'','',0,0,NULL,0,NULL,'0000-00-00 00:00:00'),(743,742,0,'Maynard','Anderson','2012-06-18','M',0,1,'2022-05-10 00:30:01',NULL,NULL,NULL,NULL,'5361','','','',5,NULL,NULL,0,0,NULL,0,1,'0000-00-00 00:00:00',0,0,NULL,NULL,'','',0,0,NULL,0,NULL,'0000-00-00 00:00:00'),(744,NULL,0,'Tiara','Beatty','1956-11-08','F',0,1,'2022-05-10 00:30:01',NULL,NULL,NULL,NULL,'1956','','','',5,NULL,NULL,0,0,NULL,0,1,'0000-00-00 00:00:00',0,0,NULL,NULL,'','',0,0,NULL,0,NULL,'0000-00-00 00:00:00'),(745,NULL,0,'Colin','Bailey','1989-05-08','M',0,1,'2022-05-10 00:30:01',NULL,NULL,NULL,NULL,'3000','','','',5,NULL,NULL,0,0,NULL,0,1,'0000-00-00 00:00:00',0,0,NULL,NULL,'','',0,0,NULL,0,NULL,'0000-00-00 00:00:00'),(746,745,0,'Cade','Bailey','2021-11-19','M',0,1,'2022-05-10 00:30:01',NULL,NULL,NULL,NULL,'3000','','','',5,NULL,NULL,0,0,NULL,0,1,'0000-00-00 00:00:00',0,0,NULL,NULL,'','',0,0,NULL,0,NULL,'0000-00-00 00:00:00'),(747,NULL,0,'Blaze','Osinski','2007-05-07','M',0,1,'2022-05-10 00:30:01',NULL,NULL,NULL,NULL,'6771','','','',5,NULL,NULL,0,0,NULL,0,1,'0000-00-00 00:00:00',0,0,NULL,NULL,'','',0,0,NULL,0,NULL,'0000-00-00 00:00:00'),(748,747,0,'Carter','Osinski','2018-06-19','M',0,1,'2022-05-10 00:30:01',NULL,NULL,NULL,NULL,'6771','','','',5,NULL,NULL,0,0,NULL,0,1,'0000-00-00 00:00:00',0,0,NULL,NULL,'','',0,0,NULL,0,NULL,'0000-00-00 00:00:00'),(749,747,0,'Julia','Osinski','2018-07-28','F',0,1,'2022-05-10 00:30:01',NULL,NULL,NULL,NULL,'6771','','','',5,NULL,NULL,0,0,NULL,0,1,'0000-00-00 00:00:00',0,0,NULL,NULL,'','',0,0,NULL,0,NULL,'0000-00-00 00:00:00'),(750,747,0,'Delfina','Osinski','2012-10-23','F',0,1,'2022-05-10 00:30:01',NULL,NULL,NULL,NULL,'6771','','','',5,NULL,NULL,0,0,NULL,0,1,'0000-00-00 00:00:00',0,0,NULL,NULL,'','',0,0,NULL,0,NULL,'0000-00-00 00:00:00'),(751,747,0,'Kiley','Osinski','2012-09-03','M',0,1,'2022-05-10 00:30:01',NULL,NULL,NULL,NULL,'6771','','','',5,NULL,NULL,0,0,NULL,0,1,'0000-00-00 00:00:00',0,0,NULL,NULL,'','',0,0,NULL,0,NULL,'0000-00-00 00:00:00'),(752,NULL,0,'June','Heathcote','1968-06-13','F',0,1,'2022-05-10 00:30:01',NULL,NULL,NULL,NULL,'7900','','','',5,NULL,NULL,0,0,NULL,0,1,'0000-00-00 00:00:00',0,0,NULL,NULL,'','',0,0,NULL,0,NULL,'0000-00-00 00:00:00'),(753,752,0,'Tyrel','Heathcote','2010-08-02','M',0,1,'2022-05-10 00:30:01',NULL,NULL,NULL,NULL,'7900','','','',5,NULL,NULL,0,0,NULL,0,1,'0000-00-00 00:00:00',0,0,NULL,NULL,'','',0,0,NULL,0,NULL,'0000-00-00 00:00:00'),(754,752,0,'Cody','Heathcote','2020-02-03','M',0,1,'2022-05-10 00:30:01',NULL,NULL,NULL,NULL,'7900','','','',5,NULL,NULL,0,0,NULL,0,1,'0000-00-00 00:00:00',0,0,NULL,NULL,'','',0,0,NULL,0,NULL,'0000-00-00 00:00:00'),(755,752,0,'Jarod','Heathcote','2020-01-03','M',0,1,'2022-05-10 00:30:01',NULL,NULL,NULL,NULL,'7900','','','',5,NULL,NULL,0,0,NULL,0,1,'0000-00-00 00:00:00',0,0,NULL,NULL,'','',0,0,NULL,0,NULL,'0000-00-00 00:00:00'),(756,752,0,'Bernhard','Heathcote','2009-07-13','M',0,1,'2022-05-10 00:30:01',NULL,NULL,NULL,NULL,'7900','','','',5,NULL,NULL,0,0,NULL,0,1,'0000-00-00 00:00:00',0,0,NULL,NULL,'','',0,0,NULL,0,NULL,'0000-00-00 00:00:00'),(757,NULL,0,'Bud','Keebler','1954-12-10','M',0,1,'2022-05-10 00:30:01',NULL,NULL,NULL,NULL,'1941','','','',5,NULL,NULL,0,0,NULL,0,1,'0000-00-00 00:00:00',0,0,NULL,NULL,'','',0,0,NULL,0,NULL,'0000-00-00 00:00:00'),(758,757,0,'Sedrick','Keebler','2012-02-10','M',0,1,'2022-05-10 00:30:01',NULL,NULL,NULL,NULL,'1941','','','',5,NULL,NULL,0,0,NULL,0,1,'0000-00-00 00:00:00',0,0,NULL,NULL,'','',0,0,NULL,0,NULL,'0000-00-00 00:00:00'),(759,757,0,'Frederic','Keebler','2008-11-28','M',0,1,'2022-05-10 00:30:01',NULL,NULL,NULL,NULL,'1941','','','',5,NULL,NULL,0,0,NULL,0,1,'0000-00-00 00:00:00',0,0,NULL,NULL,'','',0,0,NULL,0,NULL,'0000-00-00 00:00:00'),(760,NULL,0,'Myah','O\'Conner','1944-12-04','F',0,1,'2022-05-10 00:30:01',NULL,NULL,NULL,NULL,'7671','','','',5,NULL,NULL,0,0,NULL,0,1,'0000-00-00 00:00:00',0,0,NULL,NULL,'','',0,0,NULL,0,NULL,'0000-00-00 00:00:00'),(761,760,0,'Carlie','O\'Conner','2011-06-29','F',0,1,'2022-05-10 00:30:01',NULL,NULL,NULL,NULL,'7671','','','',5,NULL,NULL,0,0,NULL,0,1,'0000-00-00 00:00:00',0,0,NULL,NULL,'','',0,0,NULL,0,NULL,'0000-00-00 00:00:00'),(762,760,0,'Julian','O\'Conner','2013-01-21','M',0,1,'2022-05-10 00:30:01',NULL,NULL,NULL,NULL,'7671','','','',5,NULL,NULL,0,0,NULL,0,1,'0000-00-00 00:00:00',0,0,NULL,NULL,'','',0,0,NULL,0,NULL,'0000-00-00 00:00:00'),(763,760,0,'Adriana','O\'Conner','2008-11-03','F',0,1,'2022-05-10 00:30:01',NULL,NULL,NULL,NULL,'7671','','','',5,NULL,NULL,0,0,NULL,0,1,'0000-00-00 00:00:00',0,0,NULL,NULL,'','',0,0,NULL,0,NULL,'0000-00-00 00:00:00'),(764,760,0,'Grady','O\'Conner','2008-12-23','M',0,1,'2022-05-10 00:30:01',NULL,NULL,NULL,NULL,'7671','','','',5,NULL,NULL,0,0,NULL,0,1,'0000-00-00 00:00:00',0,0,NULL,NULL,'','',0,0,NULL,0,NULL,'0000-00-00 00:00:00'),(765,NULL,0,'Jack','Hickle','1958-10-14','M',0,1,'2022-05-10 00:30:01',NULL,NULL,NULL,NULL,'3342','','','',5,NULL,NULL,0,0,NULL,0,1,'0000-00-00 00:00:00',0,0,NULL,NULL,'','',0,0,NULL,0,NULL,'0000-00-00 00:00:00'),(766,765,0,'Eric','Hickle','2021-07-30','M',0,1,'2022-05-10 00:30:01',NULL,NULL,NULL,NULL,'3342','','','',5,NULL,NULL,0,0,NULL,0,1,'0000-00-00 00:00:00',0,0,NULL,NULL,'','',0,0,NULL,0,NULL,'0000-00-00 00:00:00'),(767,765,0,'Sallie','Hickle','2014-10-18','F',0,1,'2022-05-10 00:30:01',NULL,NULL,NULL,NULL,'3342','','','',5,NULL,NULL,0,0,NULL,0,1,'0000-00-00 00:00:00',0,0,NULL,NULL,'','',0,0,NULL,0,NULL,'0000-00-00 00:00:00'),(768,765,0,'Twila','Hickle','2020-08-27','F',0,1,'2022-05-10 00:30:01',NULL,NULL,NULL,NULL,'3342','','','',5,NULL,NULL,0,0,NULL,0,1,'0000-00-00 00:00:00',0,0,NULL,NULL,'','',0,0,NULL,0,NULL,'0000-00-00 00:00:00'),(769,NULL,0,'Clarissa','Quitzon','1956-03-23','F',0,1,'2022-05-10 00:30:01',NULL,NULL,NULL,NULL,'5519','','','',5,NULL,NULL,0,0,NULL,0,1,'0000-00-00 00:00:00',0,0,NULL,NULL,'','',0,0,NULL,0,NULL,'0000-00-00 00:00:00'),(770,769,0,'Marcel','Quitzon','2012-09-04','M',0,1,'2022-05-10 00:30:01',NULL,NULL,NULL,NULL,'5519','','','',5,NULL,NULL,0,0,NULL,0,1,'0000-00-00 00:00:00',0,0,NULL,NULL,'','',0,0,NULL,0,NULL,'0000-00-00 00:00:00'),(771,769,0,'Trevion','Quitzon','2014-12-22','M',0,1,'2022-05-10 00:30:01',NULL,NULL,NULL,NULL,'5519','','','',5,NULL,NULL,0,0,NULL,0,1,'0000-00-00 00:00:00',0,0,NULL,NULL,'','',0,0,NULL,0,NULL,'0000-00-00 00:00:00'),(772,NULL,0,'Esther','Gerlach','1944-08-10','F',0,1,'2022-05-10 00:30:01',NULL,NULL,NULL,NULL,'9419','','','',5,NULL,NULL,0,0,NULL,0,1,'0000-00-00 00:00:00',0,0,NULL,NULL,'','',0,0,NULL,0,NULL,'0000-00-00 00:00:00'),(773,772,0,'Stephania','Gerlach','2022-11-10','F',0,1,'2022-05-10 00:30:01',NULL,NULL,NULL,NULL,'9419','','','',5,NULL,NULL,0,0,NULL,0,1,'0000-00-00 00:00:00',0,0,NULL,NULL,'','',0,0,NULL,0,NULL,'0000-00-00 00:00:00'),(774,NULL,0,'Porter','Bailey','1978-05-07','M',0,1,'2022-05-10 00:30:01',NULL,NULL,NULL,NULL,'3574','','','',5,NULL,NULL,0,0,NULL,0,1,'0000-00-00 00:00:00',0,0,NULL,NULL,'','',0,0,NULL,0,NULL,'0000-00-00 00:00:00'),(775,NULL,0,'Kaitlyn','Rice','1949-12-28','F',0,1,'2022-05-10 00:30:01',NULL,NULL,NULL,NULL,'2092','','','',5,NULL,NULL,0,0,NULL,0,1,'0000-00-00 00:00:00',0,0,NULL,NULL,'','',0,0,NULL,0,NULL,'0000-00-00 00:00:00'),(776,775,0,'Gregg','Rice','2010-08-18','M',0,1,'2022-05-10 00:30:01',NULL,NULL,NULL,NULL,'2092','','','',5,NULL,NULL,0,0,NULL,0,1,'0000-00-00 00:00:00',0,0,NULL,NULL,'','',0,0,NULL,0,NULL,'0000-00-00 00:00:00'),(777,775,0,'Durward','Rice','2008-09-19','M',0,1,'2022-05-10 00:30:01',NULL,NULL,NULL,NULL,'2092','','','',5,NULL,NULL,0,0,NULL,0,1,'0000-00-00 00:00:00',0,0,NULL,NULL,'','',0,0,NULL,0,NULL,'0000-00-00 00:00:00'),(778,775,0,'Joe','Rice','2014-03-14','M',0,1,'2022-05-10 00:30:01',NULL,NULL,NULL,NULL,'2092','','','',5,NULL,NULL,0,0,NULL,0,1,'0000-00-00 00:00:00',0,0,NULL,NULL,'','',0,0,NULL,0,NULL,'0000-00-00 00:00:00'),(779,NULL,0,'Maritza','Cassin','1952-10-17','F',0,1,'2022-05-10 00:30:01',NULL,NULL,NULL,NULL,'5491','','','',5,NULL,NULL,0,0,NULL,0,1,'0000-00-00 00:00:00',0,0,NULL,NULL,'','',0,0,NULL,0,NULL,'0000-00-00 00:00:00'),(780,779,0,'Monserrat','Cassin','2016-10-27','M',0,1,'2022-05-10 00:30:01',NULL,NULL,NULL,NULL,'5491','','','',5,NULL,NULL,0,0,NULL,0,1,'0000-00-00 00:00:00',0,0,NULL,NULL,'','',0,0,NULL,0,NULL,'0000-00-00 00:00:00'),(781,NULL,0,'Ludie','Morar','1988-02-07','F',0,1,'2022-05-10 00:30:01',NULL,NULL,NULL,NULL,'3781','','','',5,NULL,NULL,0,0,NULL,0,1,'0000-00-00 00:00:00',0,0,NULL,NULL,'','',0,0,NULL,0,NULL,'0000-00-00 00:00:00'),(782,NULL,0,'Russ','Ratke','1988-09-25','M',0,1,'2022-05-10 00:30:01',NULL,NULL,NULL,NULL,'2224','','','',5,NULL,NULL,0,0,NULL,0,1,'0000-00-00 00:00:00',0,0,NULL,NULL,'','',0,0,NULL,0,NULL,'0000-00-00 00:00:00'),(783,NULL,0,'Leila','Funk','1986-05-07','F',0,1,'2022-05-10 00:30:01',NULL,NULL,NULL,NULL,'9258','','','',5,NULL,NULL,0,0,NULL,0,1,'0000-00-00 00:00:00',0,0,NULL,NULL,'','',0,0,NULL,0,NULL,'0000-00-00 00:00:00'),(784,783,0,'Misael','Funk','2019-04-06','M',0,1,'2022-05-10 00:30:01',NULL,NULL,NULL,NULL,'9258','','','',5,NULL,NULL,0,0,NULL,0,1,'0000-00-00 00:00:00',0,0,NULL,NULL,'','',0,0,NULL,0,NULL,'0000-00-00 00:00:00'),(785,NULL,0,'Consuelo','Bergnaum','1990-11-28','M',0,1,'2022-05-10 00:30:01',NULL,NULL,NULL,NULL,'3227','','','',5,NULL,NULL,0,0,NULL,0,1,'0000-00-00 00:00:00',0,0,NULL,NULL,'','',0,0,NULL,0,NULL,'0000-00-00 00:00:00'),(786,NULL,0,'Vivian','Wilkinson','1945-12-21','F',0,1,'2022-05-10 00:30:01',NULL,NULL,NULL,NULL,'2001','','','',5,NULL,NULL,0,0,NULL,0,1,'0000-00-00 00:00:00',0,0,NULL,NULL,'','',0,0,NULL,0,NULL,'0000-00-00 00:00:00'),(787,786,0,'Hailey','Wilkinson','2009-05-12','M',0,1,'2022-05-10 00:30:01',NULL,NULL,NULL,NULL,'2001','','','',5,NULL,NULL,0,0,NULL,0,1,'0000-00-00 00:00:00',0,0,NULL,NULL,'','',0,0,NULL,0,NULL,'0000-00-00 00:00:00'),(788,NULL,0,'Rozella','Fisher','1974-03-25','F',0,1,'2022-05-10 00:30:01',NULL,NULL,NULL,NULL,'8613','','','',5,NULL,NULL,0,0,NULL,0,1,'0000-00-00 00:00:00',0,0,NULL,NULL,'','',0,0,NULL,0,NULL,'0000-00-00 00:00:00'),(789,NULL,0,'Natasha','Wolf','2001-06-20','F',0,1,'2022-05-10 00:30:01',NULL,NULL,NULL,NULL,'4632','','','',5,NULL,NULL,0,0,NULL,0,1,'0000-00-00 00:00:00',0,0,NULL,NULL,'','',0,0,NULL,0,NULL,'0000-00-00 00:00:00'),(790,789,0,'Casey','Wolf','2017-11-10','M',0,1,'2022-05-10 00:30:01',NULL,NULL,NULL,NULL,'4632','','','',5,NULL,NULL,0,0,NULL,0,1,'0000-00-00 00:00:00',0,0,NULL,NULL,'','',0,0,NULL,0,NULL,'0000-00-00 00:00:00'),(791,NULL,0,'Tierra','Willms','1953-04-15','F',0,1,'2022-05-10 00:30:01',NULL,NULL,NULL,NULL,'3554','','','',5,NULL,NULL,0,0,NULL,0,1,'0000-00-00 00:00:00',0,0,NULL,NULL,'','',0,0,NULL,0,NULL,'0000-00-00 00:00:00'),(792,791,0,'Weston','Willms','2011-03-26','M',0,1,'2022-05-10 00:30:01',NULL,NULL,NULL,NULL,'3554','','','',5,NULL,NULL,0,0,NULL,0,1,'0000-00-00 00:00:00',0,0,NULL,NULL,'','',0,0,NULL,0,NULL,'0000-00-00 00:00:00'),(793,791,0,'Cristal','Willms','2018-02-07','F',0,1,'2022-05-10 00:30:01',NULL,NULL,NULL,NULL,'3554','','','',5,NULL,NULL,0,0,NULL,0,1,'0000-00-00 00:00:00',0,0,NULL,NULL,'','',0,0,NULL,0,NULL,'0000-00-00 00:00:00'),(794,791,0,'Rene','Willms','2014-03-24','M',0,1,'2022-05-10 00:30:01',NULL,NULL,NULL,NULL,'3554','','','',5,NULL,NULL,0,0,NULL,0,1,'0000-00-00 00:00:00',0,0,NULL,NULL,'','',0,0,NULL,0,NULL,'0000-00-00 00:00:00'),(795,NULL,0,'Brittany','Windler','1967-10-09','F',0,1,'2022-05-10 00:30:01',NULL,NULL,NULL,NULL,'2723','','','',5,NULL,NULL,0,0,NULL,0,1,'0000-00-00 00:00:00',0,0,NULL,NULL,'','',0,0,NULL,0,NULL,'0000-00-00 00:00:00'),(796,NULL,0,'Joyce','Stracke','1980-02-02','F',0,1,'2022-05-10 00:30:01',NULL,NULL,NULL,NULL,'9954','','','',5,NULL,NULL,0,0,NULL,0,1,'0000-00-00 00:00:00',0,0,NULL,NULL,'','',0,0,NULL,0,NULL,'0000-00-00 00:00:00'),(797,796,0,'Alexie','Stracke','2016-08-08','M',0,1,'2022-05-10 00:30:01',NULL,NULL,NULL,NULL,'9954','','','',5,NULL,NULL,0,0,NULL,0,1,'0000-00-00 00:00:00',0,0,NULL,NULL,'','',0,0,NULL,0,NULL,'0000-00-00 00:00:00'),(798,NULL,0,'Leila','Nicolas','1980-09-25','F',0,1,'2022-05-10 00:30:01',NULL,NULL,NULL,NULL,'2725','','','',5,NULL,NULL,0,0,NULL,0,1,'0000-00-00 00:00:00',0,0,NULL,NULL,'','',0,0,NULL,0,NULL,'0000-00-00 00:00:00'),(799,798,0,'Donald','Nicolas','2019-10-03','M',0,1,'2022-05-10 00:30:01',NULL,NULL,NULL,NULL,'2725','','','',5,NULL,NULL,0,0,NULL,0,1,'0000-00-00 00:00:00',0,0,NULL,NULL,'','',0,0,NULL,0,NULL,'0000-00-00 00:00:00'),(800,798,0,'Corine','Nicolas','2011-01-13','F',0,1,'2022-05-10 00:30:01',NULL,NULL,NULL,NULL,'2725','','','',5,NULL,NULL,0,0,NULL,0,1,'0000-00-00 00:00:00',0,0,NULL,NULL,'','',0,0,NULL,0,NULL,'0000-00-00 00:00:00'),(801,798,0,'Tyrese','Nicolas','2012-11-12','M',0,1,'2022-05-10 00:30:01',NULL,NULL,NULL,NULL,'2725','','','',5,NULL,NULL,0,0,NULL,0,1,'0000-00-00 00:00:00',0,0,NULL,NULL,'','',0,0,NULL,0,NULL,'0000-00-00 00:00:00'),(802,798,0,'Verna','Nicolas','2019-10-15','F',0,1,'2022-05-10 00:30:01',NULL,NULL,NULL,NULL,'2725','','','',5,NULL,NULL,0,0,NULL,0,1,'0000-00-00 00:00:00',0,0,NULL,NULL,'','',0,0,NULL,0,NULL,'0000-00-00 00:00:00'),(803,798,0,'Vinnie','Nicolas','2008-03-27','M',0,1,'2022-05-10 00:30:01',NULL,NULL,NULL,NULL,'2725','','','',5,NULL,NULL,0,0,NULL,0,1,'0000-00-00 00:00:00',0,0,NULL,NULL,'','',0,0,NULL,0,NULL,'0000-00-00 00:00:00'),(804,798,0,'Ida','Nicolas','2009-02-13','F',0,1,'2022-05-10 00:30:01',NULL,NULL,NULL,NULL,'2725','','','',5,NULL,NULL,0,0,NULL,0,1,'0000-00-00 00:00:00',0,0,NULL,NULL,'','',0,0,NULL,0,NULL,'0000-00-00 00:00:00'),(805,798,0,'Mariano','Nicolas','2009-11-10','M',0,1,'2022-05-10 00:30:01',NULL,NULL,NULL,NULL,'2725','','','',5,NULL,NULL,0,0,NULL,0,1,'0000-00-00 00:00:00',0,0,NULL,NULL,'','',0,0,NULL,0,NULL,'0000-00-00 00:00:00'),(806,798,0,'Rosalinda','Nicolas','2010-07-29','F',0,1,'2022-05-10 00:30:01',NULL,NULL,NULL,NULL,'2725','','','',5,NULL,NULL,0,0,NULL,0,1,'0000-00-00 00:00:00',0,0,NULL,NULL,'','',0,0,NULL,0,NULL,'0000-00-00 00:00:00'),(807,NULL,0,'Faye','Torp','1993-07-05','F',0,1,'2022-05-10 00:30:01',NULL,NULL,NULL,NULL,'8082','','','',5,NULL,NULL,0,0,NULL,0,1,'0000-00-00 00:00:00',0,0,NULL,NULL,'','',0,0,NULL,0,NULL,'0000-00-00 00:00:00'),(808,807,0,'Mauricio','Torp','2014-12-26','M',0,1,'2022-05-10 00:30:01',NULL,NULL,NULL,NULL,'8082','','','',5,NULL,NULL,0,0,NULL,0,1,'0000-00-00 00:00:00',0,0,NULL,NULL,'','',0,0,NULL,0,NULL,'0000-00-00 00:00:00'),(809,807,0,'Madalyn','Torp','2019-02-01','F',0,1,'2022-05-10 00:30:01',NULL,NULL,NULL,NULL,'8082','','','',5,NULL,NULL,0,0,NULL,0,1,'0000-00-00 00:00:00',0,0,NULL,NULL,'','',0,0,NULL,0,NULL,'0000-00-00 00:00:00'),(810,807,0,'Lauriane','Torp','2015-05-17','F',0,1,'2022-05-10 00:30:01',NULL,NULL,NULL,NULL,'8082','','','',5,NULL,NULL,0,0,NULL,0,1,'0000-00-00 00:00:00',0,0,NULL,NULL,'','',0,0,NULL,0,NULL,'0000-00-00 00:00:00'),(811,807,0,'Alyson','Torp','2017-01-25','F',0,1,'2022-05-10 00:30:01',NULL,NULL,NULL,NULL,'8082','','','',5,NULL,NULL,0,0,NULL,0,1,'0000-00-00 00:00:00',0,0,NULL,NULL,'','',0,0,NULL,0,NULL,'0000-00-00 00:00:00'),(812,807,0,'Maya','Torp','2020-12-24','F',0,1,'2022-05-10 00:30:01',NULL,NULL,NULL,NULL,'8082','','','',5,NULL,NULL,0,0,NULL,0,1,'0000-00-00 00:00:00',0,0,NULL,NULL,'','',0,0,NULL,0,NULL,'0000-00-00 00:00:00'),(813,807,0,'Neva','Torp','2012-09-02','F',0,1,'2022-05-10 00:30:01',NULL,NULL,NULL,NULL,'8082','','','',5,NULL,NULL,0,0,NULL,0,1,'0000-00-00 00:00:00',0,0,NULL,NULL,'','',0,0,NULL,0,NULL,'0000-00-00 00:00:00'),(814,807,0,'Selina','Torp','2010-09-20','F',0,1,'2022-05-10 00:30:01',NULL,NULL,NULL,NULL,'8082','','','',5,NULL,NULL,0,0,NULL,0,1,'0000-00-00 00:00:00',0,0,NULL,NULL,'','',0,0,NULL,0,NULL,'0000-00-00 00:00:00'),(815,807,0,'Jany','Torp','2022-05-07','F',0,1,'2022-05-10 00:30:01',NULL,NULL,NULL,NULL,'8082','','','',5,NULL,NULL,0,0,NULL,0,1,'0000-00-00 00:00:00',0,0,NULL,NULL,'','',0,0,NULL,0,NULL,'0000-00-00 00:00:00'),(816,807,0,'Earnestine','Torp','2015-05-23','F',0,1,'2022-05-10 00:30:01',NULL,NULL,NULL,NULL,'8082','','','',5,NULL,NULL,0,0,NULL,0,1,'0000-00-00 00:00:00',0,0,NULL,NULL,'','',0,0,NULL,0,NULL,'0000-00-00 00:00:00'),(817,807,0,'Lewis','Torp','2016-06-26','M',0,1,'2022-05-10 00:30:01',NULL,NULL,NULL,NULL,'8082','','','',5,NULL,NULL,0,0,NULL,0,1,'0000-00-00 00:00:00',0,0,NULL,NULL,'','',0,0,NULL,0,NULL,'0000-00-00 00:00:00'),(818,NULL,0,'Ricardo','Robel','1970-09-05','M',0,1,'2022-05-10 00:30:01',NULL,NULL,NULL,NULL,'4633','','','',5,NULL,NULL,0,0,NULL,0,1,'0000-00-00 00:00:00',0,0,NULL,NULL,'','',0,0,NULL,0,NULL,'0000-00-00 00:00:00'),(819,818,0,'Verna','Robel','2009-04-19','F',0,1,'2022-05-10 00:30:01',NULL,NULL,NULL,NULL,'4633','','','',5,NULL,NULL,0,0,NULL,0,1,'0000-00-00 00:00:00',0,0,NULL,NULL,'','',0,0,NULL,0,NULL,'0000-00-00 00:00:00'),(820,NULL,0,'Hortense','Lockman','1965-02-18','F',0,1,'2022-05-10 00:30:01',NULL,NULL,NULL,NULL,'5701','','','',5,NULL,NULL,0,0,NULL,0,1,'0000-00-00 00:00:00',0,0,NULL,NULL,'','',0,0,NULL,0,NULL,'0000-00-00 00:00:00'),(821,820,0,'Garret','Lockman','2009-11-15','M',0,1,'2022-05-10 00:30:01',NULL,NULL,NULL,NULL,'5701','','','',5,NULL,NULL,0,0,NULL,0,1,'0000-00-00 00:00:00',0,0,NULL,NULL,'','',0,0,NULL,0,NULL,'0000-00-00 00:00:00'),(822,820,0,'Sonny','Lockman','2009-07-15','M',0,1,'2022-05-10 00:30:01',NULL,NULL,NULL,NULL,'5701','','','',5,NULL,NULL,0,0,NULL,0,1,'0000-00-00 00:00:00',0,0,NULL,NULL,'','',0,0,NULL,0,NULL,'0000-00-00 00:00:00'),(823,NULL,0,'Dasia','Zulauf','1976-04-21','F',0,1,'2022-05-10 00:30:01',NULL,NULL,NULL,NULL,'3284','','','',5,NULL,NULL,0,0,NULL,0,1,'2022-08-08 11:22:57',0,0,NULL,NULL,'','',0,0,NULL,0,NULL,'0000-00-00 00:00:00'),(824,NULL,0,'Yvette','Ernser','1960-07-14','F',0,1,'2022-05-10 00:30:01',NULL,NULL,NULL,NULL,'6438','','','',5,NULL,NULL,0,0,NULL,0,1,'0000-00-00 00:00:00',0,0,NULL,NULL,'','',0,0,NULL,0,NULL,'0000-00-00 00:00:00'),(825,NULL,0,'Evalyn','Sipes','1958-06-04','F',0,1,'2022-05-10 00:30:01',NULL,NULL,NULL,NULL,'6521','','','',5,NULL,NULL,0,0,NULL,0,1,'0000-00-00 00:00:00',0,0,NULL,NULL,'','',0,0,NULL,0,NULL,'0000-00-00 00:00:00'),(826,825,0,'Lily','Sipes','2012-05-07','F',0,1,'2022-05-10 00:30:01',NULL,NULL,NULL,NULL,'6521','','','',5,NULL,NULL,0,0,NULL,0,1,'0000-00-00 00:00:00',0,0,NULL,NULL,'','',0,0,NULL,0,NULL,'0000-00-00 00:00:00'),(827,825,0,'Rosemarie','Sipes','2020-05-16','F',0,1,'2022-05-10 00:30:01',NULL,NULL,NULL,NULL,'6521','','','',5,NULL,NULL,0,0,NULL,0,1,'0000-00-00 00:00:00',0,0,NULL,NULL,'','',0,0,NULL,0,NULL,'0000-00-00 00:00:00'),(828,NULL,0,'Clotilde','Paucek','1993-02-20','F',0,1,'2022-05-10 00:30:01',NULL,NULL,NULL,NULL,'7236','','','',5,NULL,NULL,0,0,NULL,0,1,'0000-00-00 00:00:00',0,0,NULL,NULL,'','',0,0,NULL,0,NULL,'0000-00-00 00:00:00'),(829,828,0,'Fabian','Paucek','2019-01-15','M',0,1,'2022-05-10 00:30:01',NULL,NULL,NULL,NULL,'7236','','','',5,NULL,NULL,0,0,NULL,0,1,'0000-00-00 00:00:00',0,0,NULL,NULL,'','',0,0,NULL,0,NULL,'0000-00-00 00:00:00'),(830,NULL,0,'Erich','Huels','1990-11-04','M',0,1,'2022-05-10 00:30:01',NULL,NULL,NULL,NULL,'1050','','','',5,NULL,NULL,0,0,NULL,0,1,'0000-00-00 00:00:00',0,0,NULL,NULL,'','',0,0,NULL,0,NULL,'0000-00-00 00:00:00'),(831,NULL,0,'Mazie','Zemlak','1986-11-22','F',0,1,'2022-05-10 00:30:01',NULL,NULL,NULL,NULL,'5978','','','',5,NULL,NULL,0,0,NULL,0,1,'0000-00-00 00:00:00',0,0,NULL,NULL,'','',0,0,NULL,0,NULL,'0000-00-00 00:00:00'),(832,NULL,0,'Kaya','Jones','1966-03-30','F',0,1,'2022-05-10 00:30:01',NULL,NULL,NULL,NULL,'1873','','','',5,NULL,NULL,0,0,NULL,0,1,'0000-00-00 00:00:00',0,0,NULL,NULL,'','',0,0,NULL,0,NULL,'0000-00-00 00:00:00'),(833,832,0,'Brionna','Jones','2020-12-15','F',0,1,'2022-05-10 00:30:01',NULL,NULL,NULL,NULL,'1873','','','',5,NULL,NULL,0,0,NULL,0,1,'0000-00-00 00:00:00',0,0,NULL,NULL,'','',0,0,NULL,0,NULL,'0000-00-00 00:00:00'),(834,832,0,'Marcia','Jones','2014-03-30','F',0,1,'2022-05-10 00:30:01',NULL,NULL,NULL,NULL,'1873','','','',5,NULL,NULL,0,0,NULL,0,1,'0000-00-00 00:00:00',0,0,NULL,NULL,'','',0,0,NULL,0,NULL,'0000-00-00 00:00:00'),(835,NULL,0,'Elna','Ebert','1959-10-05','F',0,1,'2022-05-10 00:30:01',NULL,NULL,NULL,NULL,'9360','','','',5,NULL,NULL,0,0,NULL,0,1,'0000-00-00 00:00:00',0,0,NULL,NULL,'','',0,0,NULL,0,NULL,'0000-00-00 00:00:00'),(836,835,0,'Evie','Ebert','2015-12-26','F',0,1,'2022-05-10 00:30:01',NULL,NULL,NULL,NULL,'9360','','','',5,NULL,NULL,0,0,NULL,0,1,'0000-00-00 00:00:00',0,0,NULL,NULL,'','',0,0,NULL,0,NULL,'0000-00-00 00:00:00'),(837,NULL,0,'Dawson','Aufderhar','1976-11-24','M',0,1,'2022-05-10 00:30:01',NULL,NULL,NULL,NULL,'1282','','','',5,NULL,NULL,0,0,NULL,0,1,'0000-00-00 00:00:00',0,0,NULL,NULL,'','',0,0,NULL,0,NULL,'0000-00-00 00:00:00'),(838,837,0,'Kaley','Aufderhar','2019-02-17','M',0,1,'2022-05-10 00:30:01',NULL,NULL,NULL,NULL,'1282','','','',5,NULL,NULL,0,0,NULL,0,1,'0000-00-00 00:00:00',0,0,NULL,NULL,'','',0,0,NULL,0,NULL,'0000-00-00 00:00:00'),(839,837,0,'Sofia','Aufderhar','2010-05-28','M',0,1,'2022-05-10 00:30:01',NULL,NULL,NULL,NULL,'1282','','','',5,NULL,NULL,0,0,NULL,0,1,'0000-00-00 00:00:00',0,0,NULL,NULL,'','',0,0,NULL,0,NULL,'0000-00-00 00:00:00'),(840,837,0,'Lisette','Aufderhar','2010-05-26','F',0,1,'2022-05-10 00:30:01',NULL,NULL,NULL,NULL,'1282','','','',5,NULL,NULL,0,0,NULL,0,1,'0000-00-00 00:00:00',0,0,NULL,NULL,'','',0,0,NULL,0,NULL,'0000-00-00 00:00:00'),(841,NULL,0,'Adonis','Weimann','1945-11-17','M',0,1,'2022-05-10 00:30:01',NULL,NULL,NULL,NULL,'3678','','','',5,NULL,NULL,0,0,NULL,0,1,'0000-00-00 00:00:00',0,0,NULL,NULL,'','',0,0,NULL,0,NULL,'0000-00-00 00:00:00'),(842,841,0,'Freeman','Weimann','2019-08-15','M',0,1,'2022-05-10 00:30:01',NULL,NULL,NULL,NULL,'3678','','','',5,NULL,NULL,0,0,NULL,0,1,'0000-00-00 00:00:00',0,0,NULL,NULL,'','',0,0,NULL,0,NULL,'0000-00-00 00:00:00'),(843,841,0,'Clifton','Weimann','2012-05-09','M',0,1,'2022-05-10 00:30:01',NULL,NULL,NULL,NULL,'3678','','','',5,NULL,NULL,0,0,NULL,0,1,'0000-00-00 00:00:00',0,0,NULL,NULL,'','',0,0,NULL,0,NULL,'0000-00-00 00:00:00'),(844,841,0,'Karli','Weimann','2017-12-09','F',0,1,'2022-05-10 00:30:01',NULL,NULL,NULL,NULL,'3678','','','',5,NULL,NULL,0,0,NULL,0,1,'0000-00-00 00:00:00',0,0,NULL,NULL,'','',0,0,NULL,0,NULL,'0000-00-00 00:00:00'),(845,841,0,'Jon','Weimann','2009-06-07','M',0,1,'2022-05-10 00:30:01',NULL,NULL,NULL,NULL,'3678','','','',5,NULL,NULL,0,0,NULL,0,1,'0000-00-00 00:00:00',0,0,NULL,NULL,'','',0,0,NULL,0,NULL,'0000-00-00 00:00:00'),(846,841,0,'George','Weimann','2017-07-18','M',0,1,'2022-05-10 00:30:01',NULL,NULL,NULL,NULL,'3678','','','',5,NULL,NULL,0,0,NULL,0,1,'0000-00-00 00:00:00',0,0,NULL,NULL,'','',0,0,NULL,0,NULL,'0000-00-00 00:00:00'),(847,841,0,'Natalia','Weimann','2021-12-06','F',0,1,'2022-05-10 00:30:01',NULL,NULL,NULL,NULL,'3678','','','',5,NULL,NULL,0,0,NULL,0,1,'0000-00-00 00:00:00',0,0,NULL,NULL,'','',0,0,NULL,0,NULL,'0000-00-00 00:00:00'),(848,841,0,'Gracie','Weimann','2009-05-20','F',0,1,'2022-05-10 00:30:01',NULL,NULL,NULL,NULL,'3678','','','',5,NULL,NULL,0,0,NULL,0,1,'0000-00-00 00:00:00',0,0,NULL,NULL,'','',0,0,NULL,0,NULL,'0000-00-00 00:00:00'),(849,841,0,'Charley','Weimann','2012-08-02','M',0,1,'2022-05-10 00:30:01',NULL,NULL,NULL,NULL,'3678','','','',5,NULL,NULL,0,0,NULL,0,1,'0000-00-00 00:00:00',0,0,NULL,NULL,'','',0,0,NULL,0,NULL,'0000-00-00 00:00:00'),(850,841,0,'Lonzo','Weimann','2016-12-11','M',0,1,'2022-05-10 00:30:01',NULL,NULL,NULL,NULL,'3678','','','',5,NULL,NULL,0,0,NULL,0,1,'0000-00-00 00:00:00',0,0,NULL,NULL,'','',0,0,NULL,0,NULL,'0000-00-00 00:00:00'),(851,NULL,0,'Zackery','Kshlerin','1983-06-15','M',0,1,'2022-05-10 00:30:01',NULL,NULL,NULL,NULL,'5073','','','',5,NULL,NULL,0,0,NULL,0,1,'0000-00-00 00:00:00',0,0,NULL,NULL,'','',0,0,NULL,0,NULL,'0000-00-00 00:00:00'),(852,NULL,0,'Joel','Heaney','1998-01-05','M',0,1,'2022-05-10 00:30:01',NULL,NULL,NULL,NULL,'3730','','','',5,NULL,NULL,0,0,NULL,0,1,'0000-00-00 00:00:00',0,0,NULL,NULL,'','',0,0,NULL,0,NULL,'0000-00-00 00:00:00'),(853,852,0,'Gerson','Heaney','2019-07-10','M',0,1,'2022-05-10 00:30:01',NULL,NULL,NULL,NULL,'3730','','','',5,NULL,NULL,0,0,NULL,0,1,'0000-00-00 00:00:00',0,0,NULL,NULL,'','',0,0,NULL,0,NULL,'0000-00-00 00:00:00'),(854,852,0,'Garland','Heaney','2020-10-19','M',0,1,'2022-05-10 00:30:01',NULL,NULL,NULL,NULL,'3730','','','',5,NULL,NULL,0,0,NULL,0,1,'0000-00-00 00:00:00',0,0,NULL,NULL,'','',0,0,NULL,0,NULL,'0000-00-00 00:00:00'),(855,852,0,'Megane','Heaney','2020-06-02','F',0,1,'2022-05-10 00:30:01',NULL,NULL,NULL,NULL,'3730','','','',5,NULL,NULL,0,0,NULL,0,1,'0000-00-00 00:00:00',0,0,NULL,NULL,'','',0,0,NULL,0,NULL,'0000-00-00 00:00:00'),(856,NULL,0,'Laurie','Dicki','1956-01-09','F',0,1,'2022-05-10 00:30:01',NULL,NULL,NULL,NULL,'6443','','','',5,NULL,NULL,0,0,NULL,0,1,'0000-00-00 00:00:00',0,0,NULL,NULL,'','',0,0,NULL,0,NULL,'0000-00-00 00:00:00'),(857,856,0,'Jany','Dicki','2022-02-19','F',0,1,'2022-05-10 00:30:01',NULL,NULL,NULL,NULL,'6443','','','',5,NULL,NULL,0,0,NULL,0,1,'0000-00-00 00:00:00',0,0,NULL,NULL,'','',0,0,NULL,0,NULL,'0000-00-00 00:00:00'),(858,856,0,'Kade','Dicki','2008-07-12','M',0,1,'2022-05-10 00:30:01',NULL,NULL,NULL,NULL,'6443','','','',5,NULL,NULL,0,0,NULL,0,1,'0000-00-00 00:00:00',0,0,NULL,NULL,'','',0,0,NULL,0,NULL,'0000-00-00 00:00:00'),(859,NULL,0,'Austyn','Kuhlman','1954-03-09','M',0,1,'2022-05-10 00:30:01',NULL,NULL,NULL,NULL,'9836','','','',5,NULL,NULL,0,0,NULL,0,1,'0000-00-00 00:00:00',0,0,NULL,NULL,'','',0,0,NULL,0,NULL,'0000-00-00 00:00:00'),(860,NULL,0,'Camron','Thiel','1952-02-09','M',0,1,'2022-05-10 00:30:01',NULL,NULL,NULL,NULL,'3029','','','',5,NULL,NULL,0,0,NULL,0,1,'0000-00-00 00:00:00',0,0,NULL,NULL,'','',0,0,NULL,0,NULL,'0000-00-00 00:00:00'),(861,NULL,0,'Sarai','Balistreri','1988-10-12','F',0,1,'2022-05-10 00:30:01',NULL,NULL,NULL,NULL,'9272','','','',5,NULL,NULL,0,0,NULL,0,1,'0000-00-00 00:00:00',0,0,NULL,NULL,'','',0,0,NULL,0,NULL,'0000-00-00 00:00:00'),(862,NULL,0,'Gerda','Schmidt','1966-07-02','F',0,1,'2022-05-10 00:30:01',NULL,NULL,NULL,NULL,'3349','','','',5,NULL,NULL,0,0,NULL,0,1,'0000-00-00 00:00:00',0,0,NULL,NULL,'','',0,0,NULL,0,NULL,'0000-00-00 00:00:00'),(863,862,0,'Ana','Schmidt','2014-01-12','F',0,1,'2022-05-10 00:30:01',NULL,NULL,NULL,NULL,'3349','','','',5,NULL,NULL,0,0,NULL,0,1,'0000-00-00 00:00:00',0,0,NULL,NULL,'','',0,0,NULL,0,NULL,'0000-00-00 00:00:00'),(864,862,0,'Golda','Schmidt','2010-07-30','F',0,1,'2022-05-10 00:30:01',NULL,NULL,NULL,NULL,'3349','','','',5,NULL,NULL,0,0,NULL,0,1,'0000-00-00 00:00:00',0,0,NULL,NULL,'','',0,0,NULL,0,NULL,'0000-00-00 00:00:00'),(865,862,0,'Abbie','Schmidt','2018-09-18','F',0,1,'2022-05-10 00:30:01',NULL,NULL,NULL,NULL,'3349','','','',5,NULL,NULL,0,0,NULL,0,1,'0000-00-00 00:00:00',0,0,NULL,NULL,'','',0,0,NULL,0,NULL,'0000-00-00 00:00:00'),(866,NULL,0,'Haylie','Sipes','1955-05-19','F',0,1,'2022-05-10 00:30:01',NULL,NULL,NULL,NULL,'1176','','','',5,NULL,NULL,0,0,NULL,0,1,'0000-00-00 00:00:00',0,0,NULL,NULL,'','',0,0,NULL,0,NULL,'0000-00-00 00:00:00'),(867,866,0,'Ashley','Sipes','2016-07-09','F',0,1,'2022-05-10 00:30:01',NULL,NULL,NULL,NULL,'1176','','','',5,NULL,NULL,0,0,NULL,0,1,'0000-00-00 00:00:00',0,0,NULL,NULL,'','',0,0,NULL,0,NULL,'0000-00-00 00:00:00'),(868,NULL,0,'Chase','Schinner','1962-10-21','M',0,1,'2022-05-10 00:30:01',NULL,NULL,NULL,NULL,'5601','','','',5,NULL,NULL,0,0,NULL,0,1,'0000-00-00 00:00:00',0,0,NULL,NULL,'','',0,0,NULL,0,NULL,'0000-00-00 00:00:00'),(869,868,0,'Manuel','Schinner','2011-01-16','M',0,1,'2022-05-10 00:30:01',NULL,NULL,NULL,NULL,'5601','','','',5,NULL,NULL,0,0,NULL,0,1,'0000-00-00 00:00:00',0,0,NULL,NULL,'','',0,0,NULL,0,NULL,'0000-00-00 00:00:00'),(870,NULL,0,'Salma','Roob','1942-11-10','F',0,1,'2022-05-10 00:30:01',NULL,NULL,NULL,NULL,'1375','','','',5,NULL,NULL,0,0,NULL,0,1,'0000-00-00 00:00:00',0,0,NULL,NULL,'','',0,0,NULL,0,NULL,'0000-00-00 00:00:00'),(871,NULL,0,'Terence','Nikolaus','1978-07-02','M',0,1,'2022-05-10 00:30:01',NULL,NULL,NULL,NULL,'3762','','','',5,NULL,NULL,0,0,NULL,0,1,'0000-00-00 00:00:00',0,0,NULL,NULL,'','',0,0,NULL,0,NULL,'0000-00-00 00:00:00'),(872,NULL,0,'Xzavier','Feil','1982-05-17','M',0,1,'2022-05-10 00:30:01',NULL,NULL,NULL,NULL,'5332','','','',5,NULL,NULL,0,0,NULL,0,1,'0000-00-00 00:00:00',0,0,NULL,NULL,'','',0,0,NULL,0,NULL,'0000-00-00 00:00:00'),(873,872,0,'Mozelle','Feil','2012-02-11','F',0,1,'2022-05-10 00:30:01',NULL,NULL,NULL,NULL,'5332','','','',5,NULL,NULL,0,0,NULL,0,1,'0000-00-00 00:00:00',0,0,NULL,NULL,'','',0,0,NULL,0,NULL,'0000-00-00 00:00:00'),(874,872,0,'Thora','Feil','2012-11-01','F',0,1,'2022-05-10 00:30:01',NULL,NULL,NULL,NULL,'5332','','','',5,NULL,NULL,0,0,NULL,0,1,'0000-00-00 00:00:00',0,0,NULL,NULL,'','',0,0,NULL,0,NULL,'0000-00-00 00:00:00'),(875,NULL,0,'Cassandre','McKenzie','1963-12-12','F',0,1,'2022-05-10 00:30:01',NULL,NULL,NULL,NULL,'6938','','','',5,NULL,NULL,0,0,NULL,0,1,'0000-00-00 00:00:00',0,0,NULL,NULL,'','',0,0,NULL,0,NULL,'0000-00-00 00:00:00'),(876,875,0,'Dedric','McKenzie','2009-07-03','M',0,1,'2022-05-10 00:30:01',NULL,NULL,NULL,NULL,'6938','','','',5,NULL,NULL,0,0,NULL,0,1,'0000-00-00 00:00:00',0,0,NULL,NULL,'','',0,0,NULL,0,NULL,'0000-00-00 00:00:00'),(877,875,0,'Florence','McKenzie','2019-10-15','F',0,1,'2022-05-10 00:30:01',NULL,NULL,NULL,NULL,'6938','','','',5,NULL,NULL,0,0,NULL,0,1,'0000-00-00 00:00:00',0,0,NULL,NULL,'','',0,0,NULL,0,NULL,'0000-00-00 00:00:00'),(878,875,0,'Edyth','McKenzie','2009-10-11','F',0,1,'2022-05-10 00:30:01',NULL,NULL,NULL,NULL,'6938','','','',5,NULL,NULL,0,0,NULL,0,1,'0000-00-00 00:00:00',0,0,NULL,NULL,'','',0,0,NULL,0,NULL,'0000-00-00 00:00:00'),(879,875,0,'Darian','McKenzie','2018-03-18','M',0,1,'2022-05-10 00:30:01',NULL,NULL,NULL,NULL,'6938','','','',5,NULL,NULL,0,0,NULL,0,1,'0000-00-00 00:00:00',0,0,NULL,NULL,'','',0,0,NULL,0,NULL,'0000-00-00 00:00:00'),(880,875,0,'Katheryn','McKenzie','2008-11-13','F',0,1,'2022-05-10 00:30:01',NULL,NULL,NULL,NULL,'6938','','','',5,NULL,NULL,0,0,NULL,0,1,'0000-00-00 00:00:00',0,0,NULL,NULL,'','',0,0,NULL,0,NULL,'0000-00-00 00:00:00'),(881,875,0,'Leonard','McKenzie','2016-04-13','M',0,1,'2022-05-10 00:30:01',NULL,NULL,NULL,NULL,'6938','','','',5,NULL,NULL,0,0,NULL,0,1,'0000-00-00 00:00:00',0,0,NULL,NULL,'','',0,0,NULL,0,NULL,'0000-00-00 00:00:00'),(882,875,0,'Porter','McKenzie','2017-09-23','M',0,1,'2022-05-10 00:30:01',NULL,NULL,NULL,NULL,'6938','','','',5,NULL,NULL,0,0,NULL,0,1,'0000-00-00 00:00:00',0,0,NULL,NULL,'','',0,0,NULL,0,NULL,'0000-00-00 00:00:00'),(883,NULL,0,'Rosie','Rath','1982-05-07','F',0,1,'2022-05-10 00:30:01',NULL,NULL,NULL,NULL,'5953','','','',5,NULL,NULL,0,0,NULL,0,1,'0000-00-00 00:00:00',0,0,NULL,NULL,'','',0,0,NULL,0,NULL,'0000-00-00 00:00:00'),(884,NULL,0,'May','Ritchie','2003-05-02','F',0,1,'2022-05-10 00:30:01',NULL,NULL,NULL,NULL,'1024','','','',5,NULL,NULL,0,0,NULL,0,1,'0000-00-00 00:00:00',0,0,NULL,NULL,'','',0,0,NULL,0,NULL,'0000-00-00 00:00:00'),(885,NULL,0,'Lucius','Hegmann','1949-11-26','M',0,1,'2022-05-10 00:30:01',NULL,NULL,NULL,NULL,'3622','','','',5,NULL,NULL,0,0,NULL,0,1,'0000-00-00 00:00:00',0,0,NULL,NULL,'','',0,0,NULL,0,NULL,'0000-00-00 00:00:00'),(886,885,0,'Ollie','Hegmann','2022-03-03','F',0,1,'2022-05-10 00:30:01',NULL,NULL,NULL,NULL,'3622','','','',5,NULL,NULL,0,0,NULL,0,1,'0000-00-00 00:00:00',0,0,NULL,NULL,'','',0,0,NULL,0,NULL,'0000-00-00 00:00:00'),(887,NULL,0,'Hermann','Jacobi','1946-07-17','M',0,1,'2022-05-10 00:30:01',NULL,NULL,NULL,NULL,'5190','','','',5,NULL,NULL,0,0,NULL,0,1,'0000-00-00 00:00:00',0,0,NULL,NULL,'','',0,0,NULL,0,NULL,'0000-00-00 00:00:00'),(888,887,0,'Delaney','Jacobi','2015-03-20','M',0,1,'2022-05-10 00:30:01',NULL,NULL,NULL,NULL,'5190','','','',5,NULL,NULL,0,0,NULL,0,1,'0000-00-00 00:00:00',0,0,NULL,NULL,'','',0,0,NULL,0,NULL,'0000-00-00 00:00:00'),(889,NULL,0,'Sierra','Frami','1967-09-28','F',0,1,'2022-05-10 00:30:01',NULL,NULL,NULL,NULL,'6432','','','',5,NULL,NULL,0,0,NULL,0,1,'0000-00-00 00:00:00',0,0,NULL,NULL,'','',0,0,NULL,0,NULL,'0000-00-00 00:00:00'),(890,889,0,'Sigrid','Frami','2015-05-05','M',0,1,'2022-05-10 00:30:01',NULL,NULL,NULL,NULL,'6432','','','',5,NULL,NULL,0,0,NULL,0,1,'0000-00-00 00:00:00',0,0,NULL,NULL,'','',0,0,NULL,0,NULL,'0000-00-00 00:00:00'),(891,889,0,'Alysson','Frami','2019-09-23','F',0,1,'2022-05-10 00:30:01',NULL,NULL,NULL,NULL,'6432','','','',5,NULL,NULL,0,0,NULL,0,1,'0000-00-00 00:00:00',0,0,NULL,NULL,'','',0,0,NULL,0,NULL,'0000-00-00 00:00:00'),(892,889,0,'Michael','Frami','2021-07-10','M',0,1,'2022-05-10 00:30:01',NULL,NULL,NULL,NULL,'6432','','','',5,NULL,NULL,0,0,NULL,0,1,'0000-00-00 00:00:00',0,0,NULL,NULL,'','',0,0,NULL,0,NULL,'0000-00-00 00:00:00'),(893,889,0,'Jaron','Frami','2012-08-18','M',0,1,'2022-05-10 00:30:01',NULL,NULL,NULL,NULL,'6432','','','',5,NULL,NULL,0,0,NULL,0,1,'0000-00-00 00:00:00',0,0,NULL,NULL,'','',0,0,NULL,0,NULL,'0000-00-00 00:00:00'),(894,889,0,'Derrick','Frami','2009-10-11','M',0,1,'2022-05-10 00:30:01',NULL,NULL,NULL,NULL,'6432','','','',5,NULL,NULL,0,0,NULL,0,1,'0000-00-00 00:00:00',0,0,NULL,NULL,'','',0,0,NULL,0,NULL,'0000-00-00 00:00:00'),(895,889,0,'Jewell','Frami','2009-09-23','F',0,1,'2022-05-10 00:30:01',NULL,NULL,NULL,NULL,'6432','','','',5,NULL,NULL,0,0,NULL,0,1,'0000-00-00 00:00:00',0,0,NULL,NULL,'','',0,0,NULL,0,NULL,'0000-00-00 00:00:00'),(896,NULL,0,'Patrick','Jacobi','1980-04-02','M',0,1,'2022-05-10 00:30:01',NULL,NULL,NULL,NULL,'6769','','','',5,NULL,NULL,0,0,NULL,0,1,'0000-00-00 00:00:00',0,0,NULL,NULL,'','',0,0,NULL,0,NULL,'0000-00-00 00:00:00'),(897,896,0,'Claudine','Jacobi','2018-01-15','F',0,1,'2022-05-10 00:30:01',NULL,NULL,NULL,NULL,'6769','','','',5,NULL,NULL,0,0,NULL,0,1,'0000-00-00 00:00:00',0,0,NULL,NULL,'','',0,0,NULL,0,NULL,'0000-00-00 00:00:00'),(898,896,0,'Alexandre','Jacobi','2014-06-29','M',0,1,'2022-05-10 00:30:01',NULL,NULL,NULL,NULL,'6769','','','',5,NULL,NULL,0,0,NULL,0,1,'0000-00-00 00:00:00',0,0,NULL,NULL,'','',0,0,NULL,0,NULL,'0000-00-00 00:00:00'),(899,896,0,'Unique','Jacobi','2019-06-29','M',0,1,'2022-05-10 00:30:01',NULL,NULL,NULL,NULL,'6769','','','',5,NULL,NULL,0,0,NULL,0,1,'0000-00-00 00:00:00',0,0,NULL,NULL,'','',0,0,NULL,0,NULL,'0000-00-00 00:00:00'),(900,NULL,0,'Carmen','Towne','1943-02-03','F',0,1,'2022-05-10 00:30:01',NULL,NULL,NULL,NULL,'9134','','','',5,NULL,NULL,0,0,NULL,0,1,'0000-00-00 00:00:00',0,0,NULL,NULL,'','',0,0,NULL,0,NULL,'0000-00-00 00:00:00'),(901,900,0,'Conrad','Towne','2011-03-07','M',0,1,'2022-05-10 00:30:01',NULL,NULL,NULL,NULL,'9134','','','',5,NULL,NULL,0,0,NULL,0,1,'0000-00-00 00:00:00',0,0,NULL,NULL,'','',0,0,NULL,0,NULL,'0000-00-00 00:00:00'),(902,900,0,'Marisa','Towne','2016-02-06','F',0,1,'2022-05-10 00:30:01',NULL,NULL,NULL,NULL,'9134','','','',5,NULL,NULL,0,0,NULL,0,1,'0000-00-00 00:00:00',0,0,NULL,NULL,'','',0,0,NULL,0,NULL,'0000-00-00 00:00:00'),(903,NULL,0,'Anya','Kris','1983-12-15','F',0,1,'2022-05-10 00:30:01',NULL,NULL,NULL,NULL,'1990','','','',5,NULL,NULL,0,0,NULL,0,1,'0000-00-00 00:00:00',0,0,NULL,NULL,'','',0,0,NULL,0,NULL,'0000-00-00 00:00:00'),(904,NULL,0,'Harmony','Keebler','1950-10-04','F',0,1,'2022-05-10 00:30:01',NULL,NULL,NULL,NULL,'9778','','','',5,NULL,NULL,0,0,NULL,0,1,'0000-00-00 00:00:00',0,0,NULL,NULL,'','',0,0,NULL,0,NULL,'0000-00-00 00:00:00'),(905,904,0,'Destini','Keebler','2022-04-29','F',0,1,'2022-05-10 00:30:01',NULL,NULL,NULL,NULL,'9778','','','',5,NULL,NULL,0,0,NULL,0,1,'0000-00-00 00:00:00',0,0,NULL,NULL,'','',0,0,NULL,0,NULL,'0000-00-00 00:00:00'),(906,NULL,0,'Heidi','Hilpert','1977-02-21','F',0,1,'2022-05-10 00:30:01',NULL,NULL,NULL,NULL,'4495','','','',5,NULL,NULL,0,0,NULL,0,1,'0000-00-00 00:00:00',0,0,NULL,NULL,'','',0,0,NULL,0,NULL,'0000-00-00 00:00:00'),(907,906,0,'Shanon','Hilpert','2015-08-28','F',0,1,'2022-05-10 00:30:01',NULL,NULL,NULL,NULL,'4495','','','',5,NULL,NULL,0,0,NULL,0,1,'0000-00-00 00:00:00',0,0,NULL,NULL,'','',0,0,NULL,0,NULL,'0000-00-00 00:00:00'),(908,906,0,'Valentin','Hilpert','2014-07-03','M',0,1,'2022-05-10 00:30:01',NULL,NULL,NULL,NULL,'4495','','','',5,NULL,NULL,0,0,NULL,0,1,'0000-00-00 00:00:00',0,0,NULL,NULL,'','',0,0,NULL,0,NULL,'0000-00-00 00:00:00'),(909,906,0,'Edythe','Hilpert','2008-07-16','F',0,1,'2022-05-10 00:30:01',NULL,NULL,NULL,NULL,'4495','','','',5,NULL,NULL,0,0,NULL,0,1,'0000-00-00 00:00:00',0,0,NULL,NULL,'','',0,0,NULL,0,NULL,'0000-00-00 00:00:00'),(910,NULL,0,'Ubaldo','Conroy','1943-03-03','M',0,1,'2022-05-10 00:30:01',NULL,NULL,NULL,NULL,'8679','','','',5,NULL,NULL,0,0,NULL,0,1,'0000-00-00 00:00:00',0,0,NULL,NULL,'','',0,0,NULL,0,NULL,'0000-00-00 00:00:00'),(911,NULL,0,'Mac','Kihn','1977-05-28','M',0,1,'2022-05-10 00:30:01',NULL,NULL,NULL,NULL,'5309','','','',5,NULL,NULL,0,0,NULL,0,1,'0000-00-00 00:00:00',0,0,NULL,NULL,'','',0,0,NULL,0,NULL,'0000-00-00 00:00:00'),(912,911,0,'Peyton','Kihn','2009-03-28','M',0,1,'2022-05-10 00:30:01',NULL,NULL,NULL,NULL,'5309','','','',5,NULL,NULL,0,0,NULL,0,1,'0000-00-00 00:00:00',0,0,NULL,NULL,'','',0,0,NULL,0,NULL,'0000-00-00 00:00:00'),(913,NULL,0,'Kelvin','Pacocha','1986-10-28','M',0,1,'2022-05-10 00:30:01',NULL,NULL,NULL,NULL,'9822','','','',5,NULL,NULL,0,0,NULL,0,1,'0000-00-00 00:00:00',0,0,NULL,NULL,'','',0,0,NULL,0,NULL,'0000-00-00 00:00:00'),(914,NULL,0,'Gudrun','Harber','1989-02-10','F',0,1,'2022-05-10 00:30:01',NULL,NULL,NULL,NULL,'6026','','','',5,NULL,NULL,0,0,NULL,0,1,'0000-00-00 00:00:00',0,0,NULL,NULL,'','',0,0,NULL,0,NULL,'0000-00-00 00:00:00'),(915,NULL,0,'Electa','Roberts','1987-02-27','F',0,1,'2022-05-10 00:30:01',NULL,NULL,NULL,NULL,'6566','','','',5,NULL,NULL,0,0,NULL,0,1,'0000-00-00 00:00:00',0,0,NULL,NULL,'','',0,0,NULL,0,NULL,'0000-00-00 00:00:00'),(916,915,0,'Cathryn','Roberts','2016-05-03','F',0,1,'2022-05-10 00:30:01',NULL,NULL,NULL,NULL,'6566','','','',5,NULL,NULL,0,0,NULL,0,1,'0000-00-00 00:00:00',0,0,NULL,NULL,'','',0,0,NULL,0,NULL,'0000-00-00 00:00:00'),(917,NULL,0,'Myron','Lowe','1957-07-07','M',0,1,'2022-05-10 00:30:01',NULL,NULL,NULL,NULL,'8124','','','',5,NULL,NULL,0,0,NULL,0,1,'0000-00-00 00:00:00',0,0,NULL,NULL,'','',0,0,NULL,0,NULL,'0000-00-00 00:00:00'),(918,NULL,0,'Brycen','Cassin','2003-08-20','M',0,1,'2022-05-10 00:30:01',NULL,NULL,NULL,NULL,'5799','','','',5,NULL,NULL,0,0,NULL,0,1,'0000-00-00 00:00:00',0,0,NULL,NULL,'','',0,0,NULL,0,NULL,'0000-00-00 00:00:00'),(919,918,0,'Neoma','Cassin','2010-05-20','F',0,1,'2022-05-10 00:30:01',NULL,NULL,NULL,NULL,'5799','','','',5,NULL,NULL,0,0,NULL,0,1,'0000-00-00 00:00:00',0,0,NULL,NULL,'','',0,0,NULL,0,NULL,'0000-00-00 00:00:00'),(920,918,0,'Orlando','Cassin','2019-11-29','M',0,1,'2022-05-10 00:30:01',NULL,NULL,NULL,NULL,'5799','','','',5,NULL,NULL,0,0,NULL,0,1,'0000-00-00 00:00:00',0,0,NULL,NULL,'','',0,0,NULL,0,NULL,'0000-00-00 00:00:00'),(921,NULL,0,'Rosalind','Keeling','1953-08-09','F',0,1,'2022-05-10 00:30:01',NULL,NULL,NULL,NULL,'5927','','','',5,NULL,NULL,0,0,NULL,0,1,'0000-00-00 00:00:00',0,0,NULL,NULL,'','',0,0,NULL,0,NULL,'0000-00-00 00:00:00'),(922,921,0,'Esta','Keeling','2013-03-29','F',0,1,'2022-05-10 00:30:01',NULL,NULL,NULL,NULL,'5927','','','',5,NULL,NULL,0,0,NULL,0,1,'0000-00-00 00:00:00',0,0,NULL,NULL,'','',0,0,NULL,0,NULL,'0000-00-00 00:00:00'),(923,921,0,'Vito','Keeling','2010-02-14','M',0,1,'2022-05-10 00:30:01',NULL,NULL,NULL,NULL,'5927','','','',5,NULL,NULL,0,0,NULL,0,1,'0000-00-00 00:00:00',0,0,NULL,NULL,'','',0,0,NULL,0,NULL,'0000-00-00 00:00:00'),(924,921,0,'Adelia','Keeling','2007-12-10','F',0,1,'2022-05-10 00:30:01',NULL,NULL,NULL,NULL,'5927','','','',5,NULL,NULL,0,0,NULL,0,1,'0000-00-00 00:00:00',0,0,NULL,NULL,'','',0,0,NULL,0,NULL,'0000-00-00 00:00:00'),(925,NULL,0,'Briana','Bednar','1944-08-24','F',0,1,'2022-05-10 00:30:01',NULL,NULL,NULL,NULL,'5955','','','',5,NULL,NULL,0,0,NULL,0,1,'0000-00-00 00:00:00',0,0,NULL,NULL,'','',0,0,NULL,0,NULL,'0000-00-00 00:00:00'),(926,925,0,'Keegan','Bednar','2012-12-05','M',0,1,'2022-05-10 00:30:01',NULL,NULL,NULL,NULL,'5955','','','',5,NULL,NULL,0,0,NULL,0,1,'0000-00-00 00:00:00',0,0,NULL,NULL,'','',0,0,NULL,0,NULL,'0000-00-00 00:00:00'),(927,NULL,0,'Una','Lebsack','1981-09-24','F',0,1,'2022-05-10 00:30:01',NULL,NULL,NULL,NULL,'9352','','','',5,NULL,NULL,0,0,NULL,0,1,'0000-00-00 00:00:00',0,0,NULL,NULL,'','',0,0,NULL,0,NULL,'0000-00-00 00:00:00'),(928,927,0,'Savanna','Lebsack','2016-09-08','F',0,1,'2022-05-10 00:30:01',NULL,NULL,NULL,NULL,'9352','','','',5,NULL,NULL,0,0,NULL,0,1,'0000-00-00 00:00:00',0,0,NULL,NULL,'','',0,0,NULL,0,NULL,'0000-00-00 00:00:00'),(929,NULL,0,'Cara','Stoltenberg','1989-11-21','F',0,1,'2022-05-10 00:30:01',NULL,NULL,NULL,NULL,'6539','','','',5,NULL,NULL,0,0,NULL,0,1,'0000-00-00 00:00:00',0,0,NULL,NULL,'','',0,0,NULL,0,NULL,'0000-00-00 00:00:00'),(930,929,0,'Michel','Stoltenberg','2010-10-06','M',0,1,'2022-05-10 00:30:01',NULL,NULL,NULL,NULL,'6539','','','',5,NULL,NULL,0,0,NULL,0,1,'0000-00-00 00:00:00',0,0,NULL,NULL,'','',0,0,NULL,0,NULL,'0000-00-00 00:00:00'),(931,NULL,0,'Alda','Moen','1998-11-08','F',0,1,'2022-05-10 00:30:01',NULL,NULL,NULL,NULL,'2488','','','',5,NULL,NULL,0,0,NULL,0,1,'0000-00-00 00:00:00',0,0,NULL,NULL,'','',0,0,NULL,0,NULL,'0000-00-00 00:00:00'),(932,NULL,0,'Tremaine','Schiller','1981-09-29','M',0,1,'2022-05-10 00:30:01',NULL,NULL,NULL,NULL,'2594','','','',5,NULL,NULL,0,0,NULL,0,1,'2021-12-11 18:25:41',0,0,NULL,NULL,'','',0,0,NULL,0,NULL,'0000-00-00 00:00:00'),(933,932,0,'Abraham','Schiller','2018-07-23','M',0,1,'2022-05-10 00:30:01',NULL,NULL,NULL,NULL,'2594','','','',5,NULL,NULL,0,0,NULL,0,1,'2021-12-11 18:25:41',0,0,NULL,NULL,'','',0,0,NULL,0,NULL,'0000-00-00 00:00:00'),(934,932,0,'Raoul','Schiller','2018-07-15','M',0,1,'2022-05-10 00:30:01',NULL,NULL,NULL,NULL,'2594','','','',5,NULL,NULL,0,0,NULL,0,1,'2021-12-11 18:25:41',0,0,NULL,NULL,'','',0,0,NULL,0,NULL,'0000-00-00 00:00:00'),(935,932,0,'Arch','Schiller','2022-10-08','M',0,1,'2022-05-10 00:30:01',NULL,NULL,NULL,NULL,'2594','','','',5,NULL,NULL,0,0,NULL,0,1,'2021-12-11 18:25:41',0,0,NULL,NULL,'','',0,0,NULL,0,NULL,'0000-00-00 00:00:00'),(936,NULL,0,'Madaline','Mohr','1957-07-24','F',0,1,'2022-05-10 00:30:01',NULL,NULL,NULL,NULL,'6245','','','',5,NULL,NULL,0,0,NULL,0,1,'0000-00-00 00:00:00',0,0,NULL,NULL,'','',0,0,NULL,0,NULL,'0000-00-00 00:00:00'),(937,936,0,'Berenice','Mohr','2009-08-28','F',0,1,'2022-05-10 00:30:01',NULL,NULL,NULL,NULL,'6245','','','',5,NULL,NULL,0,0,NULL,0,1,'0000-00-00 00:00:00',0,0,NULL,NULL,'','',0,0,NULL,0,NULL,'0000-00-00 00:00:00'),(938,NULL,0,'Alexis','Kling','1942-12-16','M',0,1,'2022-05-10 00:30:01',NULL,NULL,NULL,NULL,'8825','','','',5,NULL,NULL,0,0,NULL,0,1,'0000-00-00 00:00:00',0,0,NULL,NULL,'','',0,0,NULL,0,NULL,'0000-00-00 00:00:00'),(939,NULL,0,'Lera','Conroy','1946-08-26','F',0,1,'2022-05-10 00:30:01',NULL,NULL,NULL,NULL,'8023','','','',5,NULL,NULL,0,0,NULL,0,1,'0000-00-00 00:00:00',0,0,NULL,NULL,'','',0,0,NULL,0,NULL,'0000-00-00 00:00:00'),(940,939,0,'Ken','Conroy','2009-06-21','M',0,1,'2022-05-10 00:30:01',NULL,NULL,NULL,NULL,'8023','','','',5,NULL,NULL,0,0,NULL,0,1,'0000-00-00 00:00:00',0,0,NULL,NULL,'','',0,0,NULL,0,NULL,'0000-00-00 00:00:00'),(941,NULL,0,'Tanner','Doyle','1965-12-19','M',0,1,'2022-05-10 00:30:01',NULL,NULL,NULL,NULL,'5192','','','',5,NULL,NULL,0,0,NULL,0,1,'0000-00-00 00:00:00',0,0,NULL,NULL,'','',0,0,NULL,0,NULL,'0000-00-00 00:00:00'),(942,941,0,'Chanelle','Doyle','2011-09-29','F',0,1,'2022-05-10 00:30:01',NULL,NULL,NULL,NULL,'5192','','','',5,NULL,NULL,0,0,NULL,0,1,'0000-00-00 00:00:00',0,0,NULL,NULL,'','',0,0,NULL,0,NULL,'0000-00-00 00:00:00'),(943,NULL,0,'Marcos','Moen','1979-05-11','M',0,1,'2022-05-10 00:30:01',NULL,NULL,NULL,NULL,'6359','','','',5,NULL,NULL,0,0,NULL,0,1,'2022-02-15 07:53:47',0,0,NULL,NULL,'','',0,0,NULL,0,NULL,'0000-00-00 00:00:00'),(944,NULL,0,'Anjali','Ritchie','1986-12-29','F',0,1,'2022-05-10 00:30:01',NULL,NULL,NULL,NULL,'5384','','','',5,NULL,NULL,0,0,NULL,0,1,'0000-00-00 00:00:00',0,0,NULL,NULL,'','',0,0,NULL,0,NULL,'0000-00-00 00:00:00'),(945,944,0,'Wilhelmine','Ritchie','2018-03-29','F',0,1,'2022-05-10 00:30:01',NULL,NULL,NULL,NULL,'5384','','','',5,NULL,NULL,0,0,NULL,0,1,'0000-00-00 00:00:00',0,0,NULL,NULL,'','',0,0,NULL,0,NULL,'0000-00-00 00:00:00'),(946,944,0,'Macie','Ritchie','2017-07-26','F',0,1,'2022-05-10 00:30:01',NULL,NULL,NULL,NULL,'5384','','','',5,NULL,NULL,0,0,NULL,0,1,'0000-00-00 00:00:00',0,0,NULL,NULL,'','',0,0,NULL,0,NULL,'0000-00-00 00:00:00'),(947,944,0,'Jamal','Ritchie','2009-09-13','M',0,1,'2022-05-10 00:30:01',NULL,NULL,NULL,NULL,'5384','','','',5,NULL,NULL,0,0,NULL,0,1,'0000-00-00 00:00:00',0,0,NULL,NULL,'','',0,0,NULL,0,NULL,'0000-00-00 00:00:00'),(948,NULL,0,'Micheal','Deckow','1960-01-17','M',0,1,'2022-05-10 00:30:01',NULL,NULL,NULL,NULL,'3888','','','',5,NULL,NULL,0,0,NULL,0,1,'0000-00-00 00:00:00',0,0,NULL,NULL,'','',0,0,NULL,0,NULL,'0000-00-00 00:00:00'),(949,948,0,'Eriberto','Deckow','2018-04-22','M',0,1,'2022-05-10 00:30:01',NULL,NULL,NULL,NULL,'3888','','','',5,NULL,NULL,0,0,NULL,0,1,'0000-00-00 00:00:00',0,0,NULL,NULL,'','',0,0,NULL,0,NULL,'0000-00-00 00:00:00'),(950,948,0,'Elnora','Deckow','2009-12-12','F',0,1,'2022-05-10 00:30:01',NULL,NULL,NULL,NULL,'3888','','','',5,NULL,NULL,0,0,NULL,0,1,'0000-00-00 00:00:00',0,0,NULL,NULL,'','',0,0,NULL,0,NULL,'0000-00-00 00:00:00'),(951,948,0,'Darrick','Deckow','2009-06-20','M',0,1,'2022-05-10 00:30:01',NULL,NULL,NULL,NULL,'3888','','','',5,NULL,NULL,0,0,NULL,0,1,'0000-00-00 00:00:00',0,0,NULL,NULL,'','',0,0,NULL,0,NULL,'0000-00-00 00:00:00'),(952,948,0,'Tony','Deckow','2016-12-09','M',0,1,'2022-05-10 00:30:01',NULL,NULL,NULL,NULL,'3888','','','',5,NULL,NULL,0,0,NULL,0,1,'0000-00-00 00:00:00',0,0,NULL,NULL,'','',0,0,NULL,0,NULL,'0000-00-00 00:00:00'),(953,948,0,'Omari','Deckow','2015-06-05','M',0,1,'2022-05-10 00:30:01',NULL,NULL,NULL,NULL,'3888','','','',5,NULL,NULL,0,0,NULL,0,1,'0000-00-00 00:00:00',0,0,NULL,NULL,'','',0,0,NULL,0,NULL,'0000-00-00 00:00:00'),(954,NULL,0,'Jaquelin','McLaughlin','2002-11-30','F',0,1,'2022-05-10 00:30:01',NULL,NULL,NULL,NULL,'3390','','','',5,NULL,NULL,0,0,NULL,0,1,'0000-00-00 00:00:00',0,0,NULL,NULL,'','',0,0,NULL,0,NULL,'0000-00-00 00:00:00'),(955,954,0,'Courtney','McLaughlin','2021-12-01','F',0,1,'2022-05-10 00:30:01',NULL,NULL,NULL,NULL,'3390','','','',5,NULL,NULL,0,0,NULL,0,1,'0000-00-00 00:00:00',0,0,NULL,NULL,'','',0,0,NULL,0,NULL,'0000-00-00 00:00:00'),(956,954,0,'Jennings','McLaughlin','2013-09-06','M',0,1,'2022-05-10 00:30:01',NULL,NULL,NULL,NULL,'3390','','','',5,NULL,NULL,0,0,NULL,0,1,'0000-00-00 00:00:00',0,0,NULL,NULL,'','',0,0,NULL,0,NULL,'0000-00-00 00:00:00'),(957,NULL,0,'Alexander','Lesch','1991-04-20','M',0,1,'2022-05-10 00:30:01',NULL,NULL,NULL,NULL,'9574','','','',5,NULL,NULL,0,0,NULL,0,1,'0000-00-00 00:00:00',0,0,NULL,NULL,'','',0,0,NULL,0,NULL,'0000-00-00 00:00:00'),(958,957,0,'Katlyn','Lesch','2011-05-26','F',0,1,'2022-05-10 00:30:01',NULL,NULL,NULL,NULL,'9574','','','',5,NULL,NULL,0,0,NULL,0,1,'0000-00-00 00:00:00',0,0,NULL,NULL,'','',0,0,NULL,0,NULL,'0000-00-00 00:00:00'),(959,957,0,'Kayli','Lesch','2016-02-06','F',0,1,'2022-05-10 00:30:01',NULL,NULL,NULL,NULL,'9574','','','',5,NULL,NULL,0,0,NULL,0,1,'0000-00-00 00:00:00',0,0,NULL,NULL,'','',0,0,NULL,0,NULL,'0000-00-00 00:00:00'),(960,957,0,'Jamal','Lesch','2012-03-22','M',0,1,'2022-05-10 00:30:01',NULL,NULL,NULL,NULL,'9574','','','',5,NULL,NULL,0,0,NULL,0,1,'0000-00-00 00:00:00',0,0,NULL,NULL,'','',0,0,NULL,0,NULL,'0000-00-00 00:00:00'),(961,957,0,'Christop','Lesch','2012-11-08','M',0,1,'2022-05-10 00:30:01',NULL,NULL,NULL,NULL,'9574','','','',5,NULL,NULL,0,0,NULL,0,1,'0000-00-00 00:00:00',0,0,NULL,NULL,'','',0,0,NULL,0,NULL,'0000-00-00 00:00:00'),(962,957,0,'Celestino','Lesch','2018-05-13','M',0,1,'2022-05-10 00:30:01',NULL,NULL,NULL,NULL,'9574','','','',5,NULL,NULL,0,0,NULL,0,1,'0000-00-00 00:00:00',0,0,NULL,NULL,'','',0,0,NULL,0,NULL,'0000-00-00 00:00:00'),(963,NULL,0,'Tevin','Steuber','1999-01-28','M',0,1,'2022-05-10 00:30:01',NULL,NULL,NULL,NULL,'4137','','','',5,NULL,NULL,0,0,NULL,0,1,'0000-00-00 00:00:00',0,0,NULL,NULL,'','',0,0,NULL,0,NULL,'0000-00-00 00:00:00'),(964,963,0,'Nellie','Steuber','2009-06-12','F',0,1,'2022-05-10 00:30:01',NULL,NULL,NULL,NULL,'4137','','','',5,NULL,NULL,0,0,NULL,0,1,'0000-00-00 00:00:00',0,0,NULL,NULL,'','',0,0,NULL,0,NULL,'0000-00-00 00:00:00'),(965,NULL,0,'Zora','Hammes','1964-10-12','F',0,1,'2022-05-10 00:30:01',NULL,NULL,NULL,NULL,'1032','','','',5,NULL,NULL,0,0,NULL,0,1,'0000-00-00 00:00:00',0,0,NULL,NULL,'','',0,0,NULL,0,NULL,'0000-00-00 00:00:00'),(966,965,0,'Okey','Hammes','2016-05-19','M',0,1,'2022-05-10 00:30:01',NULL,NULL,NULL,NULL,'1032','','','',5,NULL,NULL,0,0,NULL,0,1,'0000-00-00 00:00:00',0,0,NULL,NULL,'','',0,0,NULL,0,NULL,'0000-00-00 00:00:00'),(967,965,0,'Misty','Hammes','2017-06-05','F',0,1,'2022-05-10 00:30:01',NULL,NULL,NULL,NULL,'1032','','','',5,NULL,NULL,0,0,NULL,0,1,'0000-00-00 00:00:00',0,0,NULL,NULL,'','',0,0,NULL,0,NULL,'0000-00-00 00:00:00'),(968,965,0,'Deanna','Hammes','2013-10-29','F',0,1,'2022-05-10 00:30:01',NULL,NULL,NULL,NULL,'1032','','','',5,NULL,NULL,0,0,NULL,0,1,'0000-00-00 00:00:00',0,0,NULL,NULL,'','',0,0,NULL,0,NULL,'0000-00-00 00:00:00'),(969,965,0,'Katrine','Hammes','2014-01-19','F',0,1,'2022-05-10 00:30:01',NULL,NULL,NULL,NULL,'1032','','','',5,NULL,NULL,0,0,NULL,0,1,'0000-00-00 00:00:00',0,0,NULL,NULL,'','',0,0,NULL,0,NULL,'0000-00-00 00:00:00'),(970,NULL,0,'Laurie','Huel','1979-03-07','F',0,1,'2022-05-10 00:30:01',NULL,NULL,NULL,NULL,'3646','','','',5,NULL,NULL,0,0,NULL,0,1,'0000-00-00 00:00:00',0,0,NULL,NULL,'','',0,0,NULL,0,NULL,'0000-00-00 00:00:00'),(971,970,0,'Dixie','Huel','2016-12-04','F',0,1,'2022-05-10 00:30:01',NULL,NULL,NULL,NULL,'3646','','','',5,NULL,NULL,0,0,NULL,0,1,'0000-00-00 00:00:00',0,0,NULL,NULL,'','',0,0,NULL,0,NULL,'0000-00-00 00:00:00'),(972,NULL,0,'Jeffrey','Deckow','1971-10-03','M',0,1,'2022-05-10 00:30:01',NULL,NULL,NULL,NULL,'7101','','','',5,NULL,NULL,0,0,NULL,0,1,'0000-00-00 00:00:00',0,0,NULL,NULL,'','',0,0,NULL,0,NULL,'0000-00-00 00:00:00'),(973,972,0,'Oral','Deckow','2014-07-24','M',0,1,'2022-05-10 00:30:01',NULL,NULL,NULL,NULL,'7101','','','',5,NULL,NULL,0,0,NULL,0,1,'0000-00-00 00:00:00',0,0,NULL,NULL,'','',0,0,NULL,0,NULL,'0000-00-00 00:00:00'),(974,NULL,0,'Ahmad','Gislason','2005-12-15','M',0,1,'2022-05-10 00:30:01',NULL,NULL,NULL,NULL,'6110','','','',5,NULL,NULL,0,0,NULL,0,1,'0000-00-00 00:00:00',0,0,NULL,NULL,'','',0,0,NULL,0,NULL,'0000-00-00 00:00:00'),(975,974,0,'Nestor','Gislason','2014-10-14','M',0,1,'2022-05-10 00:30:01',NULL,NULL,NULL,NULL,'6110','','','',5,NULL,NULL,0,0,NULL,0,1,'0000-00-00 00:00:00',0,0,NULL,NULL,'','',0,0,NULL,0,NULL,'0000-00-00 00:00:00'),(976,974,0,'Tatyana','Gislason','2017-11-07','F',0,1,'2022-05-10 00:30:01',NULL,NULL,NULL,NULL,'6110','','','',5,NULL,NULL,0,0,NULL,0,1,'0000-00-00 00:00:00',0,0,NULL,NULL,'','',0,0,NULL,0,NULL,'0000-00-00 00:00:00'),(977,974,0,'Rhoda','Gislason','2021-01-28','F',0,1,'2022-05-10 00:30:01',NULL,NULL,NULL,NULL,'6110','','','',5,NULL,NULL,0,0,NULL,0,1,'0000-00-00 00:00:00',0,0,NULL,NULL,'','',0,0,NULL,0,NULL,'0000-00-00 00:00:00'),(978,NULL,0,'Anita','Gutmann','1946-10-01','F',0,1,'2022-05-10 00:30:01',NULL,NULL,NULL,NULL,'7986','','','',5,NULL,NULL,0,0,NULL,0,1,'0000-00-00 00:00:00',0,0,NULL,NULL,'','',0,0,NULL,0,NULL,'0000-00-00 00:00:00'),(979,978,0,'Emilie','Gutmann','2013-08-23','F',0,1,'2022-05-10 00:30:01',NULL,NULL,NULL,NULL,'7986','','','',5,NULL,NULL,0,0,NULL,0,1,'0000-00-00 00:00:00',0,0,NULL,NULL,'','',0,0,NULL,0,NULL,'0000-00-00 00:00:00'),(980,978,0,'Robert','Gutmann','2011-02-05','M',0,1,'2022-05-10 00:30:01',NULL,NULL,NULL,NULL,'7986','','','',5,NULL,NULL,0,0,NULL,0,1,'0000-00-00 00:00:00',0,0,NULL,NULL,'','',0,0,NULL,0,NULL,'0000-00-00 00:00:00'),(981,978,0,'Larry','Gutmann','2014-10-08','M',0,1,'2022-05-10 00:30:01',NULL,NULL,NULL,NULL,'7986','','','',5,NULL,NULL,0,0,NULL,0,1,'0000-00-00 00:00:00',0,0,NULL,NULL,'','',0,0,NULL,0,NULL,'0000-00-00 00:00:00'),(982,978,0,'Chester','Gutmann','2012-12-18','M',0,1,'2022-05-10 00:30:01',NULL,NULL,NULL,NULL,'7986','','','',5,NULL,NULL,0,0,NULL,0,1,'0000-00-00 00:00:00',0,0,NULL,NULL,'','',0,0,NULL,0,NULL,'0000-00-00 00:00:00'),(983,978,0,'Kaitlin','Gutmann','2015-08-28','F',0,1,'2022-05-10 00:30:01',NULL,NULL,NULL,NULL,'7986','','','',5,NULL,NULL,0,0,NULL,0,1,'0000-00-00 00:00:00',0,0,NULL,NULL,'','',0,0,NULL,0,NULL,'0000-00-00 00:00:00'),(984,978,0,'Marques','Gutmann','2011-08-24','M',0,1,'2022-05-10 00:30:01',NULL,NULL,NULL,NULL,'7986','','','',5,NULL,NULL,0,0,NULL,0,1,'0000-00-00 00:00:00',0,0,NULL,NULL,'','',0,0,NULL,0,NULL,'0000-00-00 00:00:00'),(985,978,0,'Vanessa','Gutmann','2012-04-18','F',0,1,'2022-05-10 00:30:01',NULL,NULL,NULL,NULL,'7986','','','',5,NULL,NULL,0,0,NULL,0,1,'0000-00-00 00:00:00',0,0,NULL,NULL,'','',0,0,NULL,0,NULL,'0000-00-00 00:00:00'),(986,978,0,'Jermain','Gutmann','2017-06-28','M',0,1,'2022-05-10 00:30:01',NULL,NULL,NULL,NULL,'7986','','','',5,NULL,NULL,0,0,NULL,0,1,'0000-00-00 00:00:00',0,0,NULL,NULL,'','',0,0,NULL,0,NULL,'0000-00-00 00:00:00'),(987,978,0,'Estrella','Gutmann','2020-02-15','F',0,1,'2022-05-10 00:30:01',NULL,NULL,NULL,NULL,'7986','','','',5,NULL,NULL,0,0,NULL,0,1,'0000-00-00 00:00:00',0,0,NULL,NULL,'','',0,0,NULL,0,NULL,'0000-00-00 00:00:00'),(988,978,0,'Teresa','Gutmann','2022-03-22','F',0,1,'2022-05-10 00:30:01',NULL,NULL,NULL,NULL,'7986','','','',5,NULL,NULL,0,0,NULL,0,1,'0000-00-00 00:00:00',0,0,NULL,NULL,'','',0,0,NULL,0,NULL,'0000-00-00 00:00:00'),(989,NULL,0,'Jarvis','Rice','1984-02-01','M',0,1,'2022-05-10 00:30:01',NULL,NULL,NULL,NULL,'8208','','','',5,NULL,NULL,0,0,NULL,0,1,'0000-00-00 00:00:00',0,0,NULL,NULL,'','',0,0,NULL,0,NULL,'0000-00-00 00:00:00'),(990,989,0,'Hellen','Rice','2012-04-15','F',0,1,'2022-05-10 00:30:01',NULL,NULL,NULL,NULL,'8208','','','',5,NULL,NULL,0,0,NULL,0,1,'0000-00-00 00:00:00',0,0,NULL,NULL,'','',0,0,NULL,0,NULL,'0000-00-00 00:00:00'),(991,989,0,'Julia','Rice','2019-11-08','F',0,1,'2022-05-10 00:30:01',NULL,NULL,NULL,NULL,'8208','','','',5,NULL,NULL,0,0,NULL,0,1,'0000-00-00 00:00:00',0,0,NULL,NULL,'','',0,0,NULL,0,NULL,'0000-00-00 00:00:00'),(992,989,0,'Dawn','Rice','2009-02-01','F',0,1,'2022-05-10 00:30:01',NULL,NULL,NULL,NULL,'8208','','','',5,NULL,NULL,0,0,NULL,0,1,'0000-00-00 00:00:00',0,0,NULL,NULL,'','',0,0,NULL,0,NULL,'0000-00-00 00:00:00'),(993,989,0,'Amy','Rice','2014-01-24','F',0,1,'2022-05-10 00:30:01',NULL,NULL,NULL,NULL,'8208','','','',5,NULL,NULL,0,0,NULL,0,1,'0000-00-00 00:00:00',0,0,NULL,NULL,'','',0,0,NULL,0,NULL,'0000-00-00 00:00:00'),(994,989,0,'Arne','Rice','2018-09-04','M',0,1,'2022-05-10 00:30:01',NULL,NULL,NULL,NULL,'8208','','','',5,NULL,NULL,0,0,NULL,0,1,'0000-00-00 00:00:00',0,0,NULL,NULL,'','',0,0,NULL,0,NULL,'0000-00-00 00:00:00'),(995,NULL,0,'Giuseppe','Skiles','1944-10-26','M',0,1,'2022-05-10 00:30:01',NULL,NULL,NULL,NULL,'7673','','','',5,NULL,NULL,0,0,NULL,0,1,'0000-00-00 00:00:00',0,0,NULL,NULL,'','',0,0,NULL,0,NULL,'0000-00-00 00:00:00'),(996,995,0,'Kiarra','Skiles','2020-10-11','F',0,1,'2022-05-10 00:30:01',NULL,NULL,NULL,NULL,'7673','','','',5,NULL,NULL,0,0,NULL,0,1,'0000-00-00 00:00:00',0,0,NULL,NULL,'','',0,0,NULL,0,NULL,'0000-00-00 00:00:00'),(997,NULL,0,'Giles','Fahey','1961-11-06','M',0,1,'2022-05-10 00:30:01',NULL,NULL,NULL,NULL,'7358','','','',5,NULL,NULL,0,0,NULL,0,1,'0000-00-00 00:00:00',0,0,NULL,NULL,'','',0,0,NULL,0,NULL,'0000-00-00 00:00:00'),(998,997,0,'Jillian','Fahey','2013-08-15','M',0,1,'2022-05-10 00:30:01',NULL,NULL,NULL,NULL,'7358','','','',5,NULL,NULL,0,0,NULL,0,1,'0000-00-00 00:00:00',0,0,NULL,NULL,'','',0,0,NULL,0,NULL,'0000-00-00 00:00:00'),(999,997,0,'Theron','Fahey','2012-11-04','M',0,1,'2022-05-10 00:30:01',NULL,NULL,NULL,NULL,'7358','','','',5,NULL,NULL,0,0,NULL,0,1,'0000-00-00 00:00:00',0,0,NULL,NULL,'','',0,0,NULL,0,NULL,'0000-00-00 00:00:00'),(1000,NULL,0,'Muhammad','Walker','1992-10-04','M',0,1,'2022-05-10 00:30:01',NULL,NULL,NULL,NULL,'7089','','','',5,NULL,NULL,0,0,NULL,0,1,'0000-00-00 00:00:00',0,0,NULL,NULL,'','',0,0,NULL,0,NULL,'0000-00-00 00:00:00'),(100000001,NULL,0,'User','WithoutTokens','1980-07-10','',0,1,'2019-09-02 00:00:00',NULL,NULL,NULL,NULL,'001','','','',5,NULL,NULL,0,0,NULL,0,100000000,'0000-00-00 00:00:00',0,0,NULL,NULL,'','',0,0,NULL,1,NULL,'2019-09-02 00:00:00'),(100000002,NULL,0,'Conor','McGregor','1980-07-10','',0,1,'2019-09-02 00:00:00',NULL,NULL,NULL,NULL,'002','','','',5,NULL,NULL,0,0,NULL,0,100000000,'0000-00-00 00:00:00',0,0,NULL,NULL,'','',0,0,NULL,1,NULL,'2019-09-02 00:00:00'),(100000003,NULL,0,'Garry','Tonon','1985-07-10','',0,1,'2019-09-01 00:00:00',NULL,NULL,NULL,NULL,'003','','','',5,NULL,NULL,0,0,NULL,0,100000000,'0000-00-00 00:00:00',0,0,NULL,NULL,'','',0,0,NULL,1,NULL,'2019-09-02 00:00:00'),(100000004,NULL,0,'Kron','Gracie','1978-07-10','',0,1,'2019-09-02 00:00:00',NULL,NULL,NULL,NULL,'004','','','',5,NULL,NULL,0,0,NULL,0,100000000,'0000-00-00 00:00:00',0,0,NULL,NULL,'','',0,0,NULL,1,NULL,'2019-09-02 00:00:00'),(100000005,NULL,0,'User','WithoutApproval','1978-07-10','',0,1,'2019-09-02 00:00:00',NULL,NULL,NULL,NULL,'004','','','',5,NULL,NULL,0,0,NULL,0,100000000,'0000-00-00 00:00:00',0,0,NULL,NULL,'','',0,0,NULL,0,NULL,'0000-00-00 00:00:00'),(100000006,NULL,0,'DeactivatedBeneficiary','DeactivatedBeneficiary','1978-07-10','',0,1,'2019-09-02 00:00:00',NULL,NULL,NULL,NULL,'004','','','',5,NULL,NULL,0,0,NULL,0,100000000,'2019-10-25 11:01:30',0,0,NULL,NULL,'','',0,0,NULL,1,NULL,'2019-09-02 00:00:00'),(100000484,NULL,1,'some','one',NULL,'',0,1,NULL,NULL,NULL,NULL,NULL,'','','','',5,NULL,NULL,0,0,NULL,0,3,'2022-11-10 09:29:10',0,0,NULL,NULL,'','',0,0,NULL,0,NULL,'0000-00-00 00:00:00'),(100000485,NULL,1,'some','one',NULL,'',0,1,NULL,NULL,NULL,NULL,NULL,'','','','',5,NULL,NULL,0,0,NULL,0,4,'2022-11-10 09:29:34',0,0,NULL,NULL,'','',0,0,NULL,0,NULL,'0000-00-00 00:00:00');
/*!40000 ALTER TABLE `people` ENABLE KEYS */;
UNLOCK TABLES;

--
-- Table structure for table `phinxlog`
--

DROP TABLE IF EXISTS `phinxlog`;
/*!40101 SET @saved_cs_client     = @@character_set_client */;
/*!40101 SET character_set_client = utf8 */;
CREATE TABLE `phinxlog` (
  `version` bigint(20) NOT NULL,
  `migration_name` varchar(100) DEFAULT NULL,
  `start_time` timestamp NULL DEFAULT NULL,
  `end_time` timestamp NULL DEFAULT NULL,
  `breakpoint` tinyint(1) NOT NULL DEFAULT '0',
  PRIMARY KEY (`version`)
) ENGINE=InnoDB DEFAULT CHARSET=utf8;
/*!40101 SET character_set_client = @saved_cs_client */;

--
-- Dumping data for table `phinxlog`
--

LOCK TABLES `phinxlog` WRITE;
/*!40000 ALTER TABLE `phinxlog` DISABLE KEYS */;
INSERT INTO `phinxlog` VALUES (20190610113824,'InitialSchema','2021-06-18 15:51:32','2021-06-18 15:51:38',0),(20190612100627,'AddStationToLaundry','2021-06-18 15:51:38','2021-06-18 15:51:38',0),(20190613211018,'NewUserMgmt','2021-06-18 15:51:38','2021-06-18 15:51:40',0),(20190613224510,'UsergroupsLevels','2021-06-18 15:51:40','2021-06-18 15:51:41',0),(20190614143640,'AddOrganisationColumn','2021-06-18 15:51:41','2021-06-18 15:51:41',0),(20190616152410,'AfterRotterdamSprint','2021-06-18 15:51:41','2021-06-18 15:51:42',0),(20190621183422,'AddCurrencyName','2021-06-18 15:51:42','2021-06-18 15:51:42',0),(20190622184117,'AddOrganizationIdsToCmsUsersTable','2021-06-18 15:51:42','2021-06-18 15:51:43',0),(20190623073649,'MakeOrganisationInCmsUsersForeignKey','2021-06-18 15:51:43','2021-06-18 15:51:44',0),(20190623100406,'AddDeletedColumnToUsergroups','2021-06-18 15:51:44','2021-06-18 15:51:44',0),(20190623123844,'AddForeignKeysInUserMgmt','2021-06-18 15:51:44','2021-06-18 15:51:46',0),(20190623140300,'AddDeletedColumnToOrganisations','2021-06-18 15:51:46','2021-06-18 15:51:48',0),(20190701120113,'FixUsergroupsForeignKey','2021-06-18 15:51:48','2021-06-18 15:51:49',0),(20190703082355,'AddProductForeignKeys','2021-06-18 15:51:49','2021-06-18 15:51:49',0),(20190703090715,'AddParentIdInProductCategories','2021-06-18 15:51:49','2021-06-18 15:51:50',0),(20190703145717,'CleanUpProductsTable','2021-06-18 15:51:50','2021-06-18 15:51:50',0),(20190703153854,'AllowNullForProductDeletedTable','2021-06-18 15:51:50','2021-06-18 15:51:51',0),(20190721142832,'AddSignatureDateInPeople','2021-06-18 15:51:51','2021-06-18 15:51:51',0),(20190725174628,'AddResettokensColumnToBases','2021-06-18 15:51:51','2021-06-18 15:51:51',0),(20190912133947,'ForeignKeyCamps','2021-06-18 15:51:51','2021-06-18 15:51:53',0),(20190923101044,'ForeignKeysUsers','2021-06-18 15:51:53','2021-06-18 15:51:54',0),(20190923105735,'ForeignKeysLanguage','2021-06-18 15:51:54','2021-06-18 15:51:55',0),(20190923140058,'ForeignKeyLocations','2021-06-18 15:51:55','2021-06-18 15:51:55',0),(20190924152152,'UsersCreatedModified','2021-06-18 15:51:56','2021-06-18 15:51:58',0),(20190925105800,'ForeignKeyLaundryTables','2021-06-18 15:51:58','2021-06-18 15:51:59',0),(20190925135319,'ForeignKeysLibraryTables','2021-06-18 15:51:59','2021-06-18 15:52:00',0),(20190927155724,'ForeignKeyBorrowTables','2021-06-18 15:52:00','2021-06-18 15:52:01',0),(20190930225021,'ForeignKeyQr','2021-06-18 15:52:01','2021-06-18 15:52:02',0),(20191001093637,'ForeignKeyPeopleId','2021-06-18 15:52:02','2021-06-18 15:52:03',0),(20191001141152,'ForeignKeySizes','2021-06-18 15:52:03','2021-06-18 15:52:04',0),(20191001145902,'ForeignKeyProduct','2021-06-18 15:52:04','2021-06-18 15:52:05',0),(20191005183100,'ForeignKeyRemainder','2021-06-18 15:52:05','2021-06-18 15:52:06',0),(20191005183200,'ForeignKeyCmsFunctions','2021-06-18 15:52:06','2021-06-18 15:52:06',0),(20191013180000,'ItemsOutNullable','2021-06-18 15:52:06','2021-06-18 15:52:07',0),(20191019131459,'ChangeCrossReferenceDeleteRuleToCascade','2021-06-18 15:52:07','2021-06-18 15:52:07',0),(20191019134931,'ChangeFkInProductsToCamps','2021-06-18 15:52:07','2021-06-18 15:52:08',0),(20191019135153,'ChangeFkInSizesToSizegroup','2021-06-18 15:52:08','2021-06-18 15:52:08',0),(20191021155925,'AddFkForLocationInStockTable','2021-06-18 15:52:08','2021-06-18 15:52:09',0),(20191023152307,'ChangeCollationAndEncodingToUtf8','2021-06-18 15:52:09','2021-06-18 15:52:11',0),(20191024152307,'AddMissingFKs','2021-06-18 15:52:11','2021-06-18 15:52:13',0),(20191027225630,'AddDeletedColumnToLocations','2021-06-18 15:52:13','2021-06-18 15:52:13',0),(20191028074813,'AddLegacyColumnToQrTable','2021-06-18 15:52:13','2021-06-18 15:52:13',0),(20191105181657,'AddUniqueConstraintStockBoxid','2021-06-18 15:52:13','2021-06-18 15:52:14',0),(20191105181704,'AddUniqueConstraintQrCodeLegacy','2021-06-18 15:52:14','2021-06-18 15:52:14',0),(20191202131340,'AdultAgeInCampsTableNotNull','2021-06-18 15:52:14','2021-06-18 15:52:14',0),(20191202135024,'UserIdInTransactionsNullable','2021-06-18 15:52:14','2021-06-18 15:52:15',0),(20191211131857,'MakePeopleIdInTransactionTableNullable','2021-06-18 15:52:15','2021-06-18 15:52:15',0),(20200202170149,'SetVisibleDefaultToOneInLocationsTable','2021-06-18 15:52:15','2021-06-18 15:52:15',0),(20200203194629,'MakeUserIdNullableInHistoryTable','2021-06-18 15:52:16','2021-06-18 15:52:16',0),(20200206100256,'AddIsScrapFlagToLocationsTable','2021-06-18 15:52:16','2021-06-18 15:52:16',0),(20200313200406,'RemoveNeededItems','2021-06-18 15:52:16','2021-06-18 15:52:17',0),(20200608185725,'AddBoxState','2021-06-18 15:52:17','2021-06-18 15:52:19',0),(20200706220401,'DropOrganisationIdFromCmsUsers','2021-06-18 15:52:19','2021-06-18 15:52:19',0),(20200706225754,'AddCompositeUniqueIndexForCrossReferenceTables','2021-06-18 15:52:19','2021-06-18 15:52:20',0),(20200824171337,'AddTagTable','2021-06-18 15:52:20','2021-06-18 15:52:20',0),(20200824185532,'CreatePeopleTagCrossReference','2021-06-18 15:52:21','2021-06-18 15:52:21',0),(20200923172713,'AddTagDescription','2021-06-18 15:52:21','2021-06-18 15:52:21',0),(20201213100955,'UpdateDeleteConstraintForTags','2021-06-18 15:52:21','2021-06-18 15:52:22',0),(20210130175622,'AddSettingsForBases','2021-06-18 15:52:22','2021-06-18 15:52:22',0),(20210314130614,'UniqueConstraintQrIdInStockTable','2021-06-18 15:52:22','2021-06-18 15:52:23',0),(20210822075141,'MakeBoxStateIdUnsigned','2021-08-23 07:33:09','2021-08-23 07:33:11',0),(20210823063551,'MakeCmsFunctionsIdUnsigned','2021-08-23 07:33:11','2021-08-23 07:33:14',0),(20210823064211,'MakeCmsUsersIdUnsigned','2021-08-23 07:33:14','2021-08-23 07:33:33',0),(20210823064828,'MakeGenderIdUnsigned','2021-08-23 07:33:33','2021-08-23 07:33:34',0),(20210823065128,'MakeLocationIdUnsigned','2021-08-23 07:33:34','2021-08-23 07:33:36',0),(20210823065359,'MakePeopleIdUnsigned','2021-08-23 07:33:36','2021-08-23 07:33:42',0),(20210823065917,'MakeProductIdUnsigned','2021-08-23 07:33:42','2021-08-23 07:33:45',0),(20210823070205,'MakeSizeIdUnsigned','2021-08-23 07:33:45','2021-08-23 07:33:47',0),(20210823070448,'MakeTagIdUnsigned','2021-08-23 07:33:47','2021-08-23 07:33:48',0),(20210823070632,'MakeTransactionIdUnsigned','2021-08-23 07:33:48','2021-08-23 07:33:49',0),(20220205073523,'AddActionPermissionsToCmsFunctions','2022-04-23 14:10:32','2022-04-23 14:10:33',0),(20220205084503,'AddCmsUserGroupsRoles','2022-04-23 14:10:33','2022-04-23 14:10:33',0),(20220513080431,'AddTypeToTags','2022-06-09 13:30:56','2022-06-09 13:30:57',0),(20220513124241,'AlterPeopleTagsToTagsRelations','2022-06-09 13:30:57','2022-06-09 13:30:58',0),(20220515130043,'RenamePeopleIdtoObjectIdinTagsRelations','2022-06-09 13:30:58','2022-06-09 13:30:58',0),(20220515130202,'AddObjectTypeInTagsRelations','2022-06-09 13:30:58','2022-06-09 13:30:59',0),(20220602091709,'AddSeqToTags','2022-06-09 13:30:59','2022-06-09 13:30:59',0),(20220604164558,'MakeCommentFieldsNullable','2022-06-09 14:29:13','2022-06-09 14:29:14',0),(20220604165328,'RemoveUnderscoreColumns','2022-06-09 14:29:14','2022-06-09 14:29:15',0),(20220604182719,'MakeItemsInStockNullable','2022-06-09 14:29:15','2022-06-09 14:29:15',0),(20220604184037,'MakeLabelFieldsNotNullable','2022-06-09 14:29:15','2022-06-09 14:29:17',0),(20220604185546,'RemovePortionColumnInSizes','2022-06-09 14:29:17','2022-06-09 14:29:17',0),(20220605061343,'DropProductCategoryIdForeignKey','2022-06-17 10:30:50','2022-06-17 10:30:51',0),(20220605064416,'MakeProductCategoryIdNotNullable','2022-06-17 10:30:51','2022-06-17 10:30:52',0),(20220605064603,'AddProductCategoryIdForeignKey','2022-06-17 10:30:52','2022-06-17 10:30:52',0),(20220605074604,'DropProductSizegroupIdForeignKey','2022-06-17 10:30:53','2022-06-17 10:30:53',0),(20220605074623,'MakeProductSizegroupIdNotNullable','2022-06-17 10:30:53','2022-06-17 10:30:54',0),(20220605074638,'AddProductSizegroupIdForeignKey','2022-06-17 10:30:54','2022-06-17 10:30:54',0),(20220605075347,'DropProductCampIdForeignKey','2022-06-17 10:30:55','2022-06-17 10:30:55',0),(20220605075402,'MakeProductCampIdNotNullable','2022-06-17 10:30:55','2022-06-17 10:30:56',0),(20220605075413,'AddProductCampIdForeignKey','2022-06-17 10:30:56','2022-06-17 10:30:56',0),(20220605081726,'DropProductAmountneededColumn','2022-06-17 10:30:56','2022-06-17 10:30:57',0),(20220605084444,'CreateComposteIndexOnHistoryTable','2022-06-09 14:00:12','2022-06-09 14:00:12',0),(20220701094045,'AddTransferAgreementTable','2022-07-05 10:38:40','2022-07-05 10:38:41',0),(20220701094049,'AddTransferAgreementDetailTable','2022-07-05 10:38:41','2022-07-05 10:38:41',0),(20220701094148,'AddShipmentTable','2022-07-05 10:38:41','2022-07-05 10:38:42',0),(20220701094153,'AddShipmentDetailTable','2022-07-05 10:38:42','2022-07-05 10:38:43',0),(20220722085453,'DirstroEventsTable','2022-07-24 11:37:51','2022-07-24 11:37:52',0),(20220723052618,'DirstroEventsPackingListEntries','2022-07-24 11:37:52','2022-07-24 11:37:52',0),(20220723060012,'DirstroEventsUnboxedItemCollections','2022-07-24 11:37:53','2022-07-24 11:37:53',0),(20220723061731,'DirstroEventsOutflowLogs','2022-07-24 11:37:53','2022-07-24 11:37:54',0),(20220723063203,'AddDistroEventsColumnsToLocations','2022-07-24 11:37:54','2022-07-24 11:37:55',0),(20220723064611,'AddDistroEventsToStock','2022-07-24 11:37:55','2022-07-24 11:37:56',0),(20220822172951,'DistroEventsTrackingGroups','2022-08-23 17:12:57','2022-08-23 17:12:58',0),(20220822175013,'AddDistroEventTrackingGroupIdColumn','2022-08-23 17:12:58','2022-08-23 17:12:59',0),(20220822182632,'DropDistroEventIdForeignKey','2022-08-23 17:12:59','2022-08-23 17:13:00',0),(20220822183629,'AddFlowDirection','2022-08-23 17:13:00','2022-08-23 17:13:01',0),(20220822191744,'RenameDistroEventsOutflowLogs','2022-08-23 17:13:01','2022-08-23 17:13:02',0),(20220822191943,'AddDistroEventTrackingGroupIdForeignKey','2022-08-23 17:13:02','2022-08-23 17:13:02',0);
/*!40000 ALTER TABLE `phinxlog` ENABLE KEYS */;
UNLOCK TABLES;

--
-- Table structure for table `product_categories`
--

DROP TABLE IF EXISTS `product_categories`;
/*!40101 SET @saved_cs_client     = @@character_set_client */;
/*!40101 SET character_set_client = utf8 */;
CREATE TABLE `product_categories` (
  `id` int(11) unsigned NOT NULL AUTO_INCREMENT,
  `label` varchar(255) NOT NULL,
  `seq` int(11) NOT NULL DEFAULT '0',
  `parent_id` int(11) unsigned DEFAULT NULL,
  PRIMARY KEY (`id`),
  KEY `parent_id` (`parent_id`),
  CONSTRAINT `product_categories_ibfk_1` FOREIGN KEY (`parent_id`) REFERENCES `product_categories` (`id`) ON UPDATE CASCADE
) ENGINE=InnoDB AUTO_INCREMENT=21 DEFAULT CHARSET=utf8 ROW_FORMAT=DYNAMIC;
/*!40101 SET character_set_client = @saved_cs_client */;

--
-- Dumping data for table `product_categories`
--

LOCK TABLES `product_categories` WRITE;
/*!40000 ALTER TABLE `product_categories` DISABLE KEYS */;
INSERT INTO `product_categories` VALUES (1,'Underwear / Nightwear',11,12),(2,'Bottoms',12,12),(3,'Tops',13,12),(4,'Accessories',14,12),(5,'Shoes',15,12),(6,'Jackets / Outerwear',16,12),(7,'Skirts/Dresses',17,12),(8,'Baby',18,12),(9,'Other',6,NULL),(10,'Hygiene',2,NULL),(11,'Food & Kitchen',3,NULL),(12,'Clothing',1,NULL),(13,'Equipment',4,NULL),(14,'Toys & Games',41,13),(15,'Medication',5,9),(18,'Books & Stationery',42,13),(19,'Water',43,NULL),(20,'Shelter',44,NULL);
/*!40000 ALTER TABLE `product_categories` ENABLE KEYS */;
UNLOCK TABLES;

--
-- Table structure for table `products`
--

DROP TABLE IF EXISTS `products`;
/*!40101 SET @saved_cs_client     = @@character_set_client */;
/*!40101 SET character_set_client = utf8 */;
CREATE TABLE `products` (
  `id` int(11) unsigned NOT NULL AUTO_INCREMENT,
  `name` varchar(255) NOT NULL,
  `category_id` int(11) unsigned NOT NULL,
  `gender_id` int(11) unsigned NOT NULL,
  `sizegroup_id` int(11) unsigned NOT NULL,
  `camp_id` int(11) unsigned NOT NULL,
  `value` int(11) NOT NULL DEFAULT '0',
  `created` datetime DEFAULT NULL,
  `created_by` int(11) unsigned DEFAULT NULL,
  `modified` datetime DEFAULT NULL,
  `modified_by` int(11) unsigned DEFAULT NULL,
  `maxperadult` int(11) DEFAULT NULL,
  `maxperchild` int(11) DEFAULT NULL,
  `stockincontainer` tinyint(4) NOT NULL DEFAULT '0',
  `comments` varchar(255) DEFAULT NULL,
  `deleted` datetime DEFAULT NULL,
  PRIMARY KEY (`id`),
  KEY `category_id` (`category_id`),
  KEY `sizegroup_id` (`sizegroup_id`),
  KEY `camp_id` (`camp_id`),
  KEY `created_by` (`created_by`),
  KEY `modified_by` (`modified_by`),
  KEY `gender_id` (`gender_id`),
  CONSTRAINT `products_ibfk_10` FOREIGN KEY (`gender_id`) REFERENCES `genders` (`id`) ON UPDATE CASCADE,
  CONSTRAINT `products_ibfk_11` FOREIGN KEY (`category_id`) REFERENCES `product_categories` (`id`) ON DELETE RESTRICT ON UPDATE CASCADE,
  CONSTRAINT `products_ibfk_12` FOREIGN KEY (`sizegroup_id`) REFERENCES `sizegroup` (`id`) ON DELETE RESTRICT ON UPDATE CASCADE,
  CONSTRAINT `products_ibfk_13` FOREIGN KEY (`camp_id`) REFERENCES `camps` (`id`) ON DELETE RESTRICT ON UPDATE CASCADE,
  CONSTRAINT `products_ibfk_8` FOREIGN KEY (`created_by`) REFERENCES `cms_users` (`id`) ON DELETE SET NULL ON UPDATE CASCADE,
  CONSTRAINT `products_ibfk_9` FOREIGN KEY (`modified_by`) REFERENCES `cms_users` (`id`) ON DELETE SET NULL ON UPDATE CASCADE
) ENGINE=InnoDB AUTO_INCREMENT=1166 DEFAULT CHARSET=utf8 ROW_FORMAT=DYNAMIC;
/*!40101 SET character_set_client = @saved_cs_client */;

--
-- Dumping data for table `products`
--

LOCK TABLES `products` WRITE;
/*!40000 ALTER TABLE `products` DISABLE KEYS */;
INSERT INTO `products` VALUES (1,'Winter Jackets',6,2,1,1,0,NULL,NULL,NULL,NULL,0,0,1,'','0000-00-00 00:00:00'),(2,'Winter Jackets',6,1,1,1,0,NULL,NULL,NULL,NULL,0,0,1,'','0000-00-00 00:00:00'),(3,'Sweater / Jumper',3,2,1,1,0,NULL,NULL,NULL,NULL,NULL,NULL,1,'','0000-00-00 00:00:00'),(4,'Sweater / Jumper',3,1,1,1,0,NULL,NULL,NULL,NULL,NULL,NULL,1,'','0000-00-00 00:00:00'),(5,'Jeans',2,1,1,1,0,NULL,NULL,NULL,NULL,NULL,NULL,1,'','0000-00-00 00:00:00'),(6,'Jeans',2,2,1,1,0,NULL,NULL,NULL,NULL,NULL,NULL,1,'','0000-00-00 00:00:00'),(7,'Trousers',2,1,1,1,0,NULL,NULL,NULL,NULL,NULL,NULL,1,'','0000-00-00 00:00:00'),(8,'Trousers',2,2,1,1,0,NULL,NULL,NULL,NULL,NULL,NULL,1,'','0000-00-00 00:00:00'),(9,'Trousers',2,5,18,1,0,NULL,NULL,NULL,NULL,NULL,NULL,1,'Pants that cover the knee and can reach down to ankles. Not sports sweatpants.','0000-00-00 00:00:00'),(10,'Trousers',2,4,18,1,0,NULL,NULL,NULL,NULL,NULL,NULL,1,'Pants that cover the knee and can reach down to ankles. Not sports sweatpants. Not skirts.','0000-00-00 00:00:00'),(11,'Sweater / Jumper',3,5,18,1,0,NULL,NULL,NULL,NULL,NULL,NULL,1,'Pullovers, cardigans, hoodies.','0000-00-00 00:00:00'),(12,'Sweater / Jumper',3,4,18,1,0,NULL,NULL,NULL,NULL,NULL,NULL,1,'Pullovers, cardigans, hoodies.','0000-00-00 00:00:00'),(13,'T-shirt - Short Sleeves',3,1,1,1,0,NULL,NULL,NULL,NULL,0,0,1,'Base layer - Tops with sleeves that cover the shoulders and can reach up to but not covering the elbow.','0000-00-00 00:00:00'),(14,'T-shirt - Short Sleeves',3,2,1,1,0,NULL,NULL,NULL,NULL,0,0,1,'Base layer - Tops with sleeves that cover the shoulders and can reach up to but not covering the elbow.','0000-00-00 00:00:00'),(15,'Short Sleeves',3,5,17,1,0,NULL,NULL,NULL,NULL,0,0,1,'Base layer - Tops with sleeves that cover the shoulders and can reach up to but not covering the elbow.','0000-00-00 00:00:00'),(16,'Short Sleeves',3,4,17,1,0,NULL,NULL,NULL,NULL,0,0,1,'Base layer - Tops with sleeves that cover the shoulders and can reach up to but not covering the elbow.','0000-00-00 00:00:00'),(17,'Sport / Sweatpants',2,1,1,1,0,NULL,NULL,NULL,NULL,NULL,NULL,0,'Sport, tracksuit, cropped pants, joggers (below knee). Not shorts or leggings.','0000-00-00 00:00:00'),(18,'Sport / Sweatpants',2,2,1,1,0,NULL,NULL,NULL,NULL,NULL,NULL,0,'Sport, tracksuit, cropped pants, joggers (below knee). Not shorts or leggings.','0000-00-00 00:00:00'),(19,'Long Sleeves',3,1,1,1,0,NULL,NULL,NULL,NULL,NULL,NULL,1,'Base layer - Tops with sleeves that cover the elbow and can reach the wrists.','0000-00-00 00:00:00'),(20,'Long Sleeves',3,2,1,1,0,NULL,NULL,NULL,NULL,NULL,NULL,1,'Base layer - Tops with sleeves that cover the elbow and can reach the wrists.','0000-00-00 00:00:00'),(21,'Long Sleeves',3,4,18,1,0,NULL,NULL,NULL,NULL,NULL,NULL,1,'Base layer - Tops with sleeves that cover the elbow and can reach the wrists.','0000-00-00 00:00:00'),(22,'Long Sleeves',3,5,18,1,0,NULL,NULL,NULL,NULL,NULL,NULL,1,'Base layer - Tops with sleeves that cover the elbow and can reach the wrists.','0000-00-00 00:00:00'),(23,'Hijab',4,1,7,1,0,NULL,NULL,NULL,NULL,NULL,NULL,1,'','0000-00-00 00:00:00'),(24,'Winter Hat',4,6,7,1,0,NULL,NULL,NULL,NULL,NULL,NULL,0,'Winter, Beanie','0000-00-00 00:00:00'),(25,'Scarf',4,6,7,1,0,NULL,NULL,NULL,NULL,NULL,NULL,0,'','0000-00-00 00:00:00'),(26,'Winter Socks',1,3,6,1,0,NULL,NULL,NULL,NULL,NULL,NULL,0,'','0000-00-00 00:00:00'),(27,'Summer Scarf',4,1,7,1,0,NULL,NULL,NULL,NULL,0,0,0,'No Hijabs. Hijabs have a proper category.','0000-00-00 00:00:00'),(28,'Gloves',4,3,7,1,0,NULL,NULL,NULL,NULL,NULL,NULL,0,'','0000-00-00 00:00:00'),(29,'Underwear',1,4,18,1,0,NULL,NULL,NULL,NULL,NULL,NULL,1,'','0000-00-00 00:00:00'),(30,'Nightwear / Pyjamas',1,6,17,1,0,NULL,NULL,NULL,NULL,0,0,1,'Pyjamas, sleepwear.','0000-00-00 00:00:00'),(31,'Jackets',6,1,1,1,0,NULL,NULL,NULL,NULL,0,0,1,'','0000-00-00 00:00:00'),(32,'Jacket',6,2,1,1,0,NULL,NULL,NULL,NULL,0,0,1,'','0000-00-00 00:00:00'),(33,'Winter Shoes',5,1,3,1,0,NULL,NULL,NULL,NULL,NULL,NULL,0,'','0000-00-00 00:00:00'),(34,'Winter Shoes',5,2,8,1,0,NULL,NULL,NULL,NULL,NULL,NULL,0,'','0000-00-00 00:00:00'),(35,'Winter Hat',4,3,7,1,0,NULL,NULL,NULL,NULL,NULL,NULL,0,'Winter; Beanie','0000-00-00 00:00:00'),(36,'Rompers / Sleepers',8,9,2,1,0,NULL,NULL,NULL,NULL,NULL,NULL,1,'One-piece with long sleeves and long legs. Sleepers will cover feet.','0000-00-00 00:00:00'),(37,'Bottoms',8,9,2,1,0,NULL,NULL,NULL,NULL,NULL,NULL,1,'Leggings, joggers, shorts, bloomers.','0000-00-00 00:00:00'),(38,'Winter Shoes',5,6,9,1,0,NULL,NULL,NULL,NULL,NULL,NULL,0,'Leisure boots, warm shoes. Not rain boots.','0000-00-00 00:00:00'),(39,'Socks',1,2,6,1,0,NULL,NULL,NULL,NULL,NULL,NULL,1,'','0000-00-00 00:00:00'),(40,'Underwear',1,5,18,1,0,NULL,NULL,NULL,NULL,NULL,NULL,1,'Kids under ages 2-5 have a unisex category.','0000-00-00 00:00:00'),(41,'Winter Coat / Jacket',6,6,17,1,0,NULL,NULL,NULL,NULL,NULL,NULL,0,'Outerwear - warm, winter jackets or coats.','0000-00-00 00:00:00'),(42,'Socks',8,9,6,1,0,NULL,NULL,NULL,NULL,NULL,NULL,0,'','0000-00-00 00:00:00'),(43,'Socks',1,1,6,1,0,NULL,NULL,NULL,NULL,NULL,NULL,1,'','0000-00-00 00:00:00'),(44,'Belt',4,3,7,1,0,NULL,NULL,NULL,NULL,NULL,NULL,1,'','0000-00-00 00:00:00'),(45,'Bra',1,1,6,1,0,NULL,NULL,NULL,NULL,NULL,NULL,1,'','0000-00-00 00:00:00'),(46,'Underwear',1,1,1,1,0,NULL,NULL,NULL,NULL,NULL,NULL,1,'','0000-00-00 00:00:00'),(47,'Underwear',1,2,1,1,0,NULL,NULL,NULL,NULL,NULL,NULL,1,'','0000-00-00 00:00:00'),(48,'Gloves',4,6,7,1,0,NULL,NULL,NULL,NULL,NULL,NULL,0,'','0000-00-00 00:00:00'),(49,'Socks',1,6,6,1,0,NULL,NULL,NULL,NULL,NULL,NULL,1,'Not winter socks.','0000-00-00 00:00:00'),(50,'Bib',4,9,7,1,0,NULL,NULL,NULL,NULL,NULL,NULL,0,'','0000-00-00 00:00:00'),(51,'Reusable Sanitary Pads',10,1,7,1,0,NULL,NULL,NULL,NULL,NULL,NULL,0,'','0000-00-00 00:00:00'),(52,'Top',8,9,2,1,0,NULL,NULL,NULL,NULL,NULL,NULL,1,'','0000-00-00 00:00:00'),(53,'Baby Carrier',13,9,7,1,0,NULL,NULL,NULL,NULL,NULL,NULL,0,'','0000-00-00 00:00:00'),(54,'Towels',13,10,7,1,0,NULL,NULL,NULL,NULL,NULL,NULL,1,'','0000-00-00 00:00:00'),(55,'Nightwear / Pyjamas',1,1,1,1,0,NULL,NULL,NULL,NULL,0,0,1,'','0000-00-00 00:00:00'),(56,'Winter Scarf',4,3,7,1,0,NULL,NULL,NULL,NULL,0,0,1,'','0000-00-00 00:00:00'),(57,'Sport / Sweatpants',2,5,18,1,0,NULL,NULL,NULL,NULL,NULL,NULL,0,'Joggers, tracksuit bottoms.','0000-00-00 00:00:00'),(58,'Shorts',2,2,1,1,0,NULL,NULL,NULL,NULL,NULL,NULL,1,'','0000-00-00 00:00:00'),(59,'Summer Hat & Caps',4,3,7,1,0,NULL,NULL,NULL,NULL,NULL,NULL,1,'','0000-00-00 00:00:00'),(60,'Sandals & Flip Flops',5,1,3,1,0,NULL,NULL,NULL,NULL,NULL,NULL,1,'Flip Flop, Croc','0000-00-00 00:00:00'),(61,'Sandals & Flip Flops',5,2,8,1,0,NULL,NULL,NULL,NULL,NULL,NULL,0,'Flip Flop, Croc','0000-00-00 00:00:00'),(62,'Sandals & Flip Flops',5,6,9,1,0,NULL,NULL,NULL,NULL,NULL,NULL,1,'Flip Flops, crocs, strappy sandals.','0000-00-00 00:00:00'),(63,'Shorts',2,5,18,1,0,NULL,NULL,NULL,NULL,NULL,NULL,1,'Shorts that reveal the knees. ','0000-00-00 00:00:00'),(64,'Belt',4,6,7,1,0,NULL,NULL,NULL,NULL,NULL,NULL,1,'','0000-00-00 00:00:00'),(65,'Winter Hat',4,9,7,1,0,NULL,NULL,NULL,NULL,NULL,NULL,0,'Winter, Beanie','0000-00-00 00:00:00'),(66,'Gloves',4,9,7,1,0,NULL,NULL,NULL,NULL,NULL,NULL,0,'','0000-00-00 00:00:00'),(67,'Sleeping Bag',13,10,6,1,0,NULL,NULL,NULL,NULL,NULL,NULL,0,'','0000-00-00 00:00:00'),(68,'Rubber / Rain Boots',5,3,3,1,0,NULL,NULL,NULL,NULL,NULL,NULL,0,'Wellies','0000-00-00 00:00:00'),(69,'Rubber / Rain Boots',5,6,9,1,0,NULL,NULL,NULL,NULL,NULL,NULL,0,'Rainproof boots, wellingtons.','0000-00-00 00:00:00'),(70,'Hat & Caps Summer',4,6,7,1,0,NULL,NULL,NULL,NULL,0,0,1,'Cap','0000-00-00 00:00:00'),(71,'Nightwear / Pyjamas',1,2,1,1,0,NULL,NULL,NULL,NULL,NULL,NULL,1,'','0000-00-00 00:00:00'),(72,'Shoes',5,1,3,1,0,NULL,NULL,NULL,NULL,0,0,1,'Shoes not covering the ankle.','0000-00-00 00:00:00'),(73,'Shoes',5,2,8,1,0,NULL,NULL,NULL,NULL,0,0,1,'Shoes not covering the ankle.','0000-00-00 00:00:00'),(74,'Shoes',5,6,9,1,0,NULL,NULL,NULL,NULL,0,0,1,'Shoes not covering the ankle.','0000-00-00 00:00:00'),(75,'Hat & Caps Summer',4,9,7,1,0,NULL,NULL,NULL,NULL,0,0,1,'Cap','0000-00-00 00:00:00'),(76,'Baby Stroller / Pram',13,9,7,1,0,NULL,NULL,NULL,NULL,NULL,NULL,0,'Baby trolley','0000-00-00 00:00:00'),(77,'Winter Socks',1,6,6,1,0,NULL,NULL,NULL,NULL,NULL,NULL,0,'Thick, wool socks.','0000-00-00 00:00:00'),(78,'Tie',4,2,7,1,0,NULL,NULL,NULL,NULL,NULL,NULL,0,'','0000-00-00 00:00:00'),(79,'Sport / Sweatpants',2,4,18,1,0,NULL,NULL,NULL,NULL,NULL,NULL,0,'Joggers, tracksuit bottoms.','0000-00-00 00:00:00'),(80,'Pillow',13,10,7,1,0,NULL,NULL,NULL,NULL,NULL,NULL,0,'','0000-00-00 00:00:00'),(81,'Pillow Cases',13,10,7,1,0,NULL,NULL,NULL,NULL,NULL,NULL,0,'','0000-00-00 00:00:00'),(82,'Broom',13,10,7,1,0,NULL,NULL,NULL,NULL,NULL,NULL,0,'','0000-00-00 00:00:00'),(83,'Hair Accessories',4,10,6,1,0,NULL,NULL,NULL,NULL,NULL,NULL,1,'','0000-00-00 00:00:00'),(84,'Toy Small',14,6,7,1,0,NULL,NULL,NULL,NULL,NULL,NULL,0,'','0000-00-00 00:00:00'),(85,'Toy Medium',14,6,7,1,0,NULL,NULL,NULL,NULL,NULL,NULL,0,'','0000-00-00 00:00:00'),(86,'Toy Large',14,6,7,1,0,NULL,NULL,NULL,NULL,NULL,NULL,0,'','0000-00-00 00:00:00'),(87,'Accessories (Other)',4,10,6,1,0,NULL,NULL,NULL,NULL,NULL,NULL,0,'Catch-all for jewellery, watches, ','0000-00-00 00:00:00'),(88,'Diapers / Nappies',10,9,12,1,0,NULL,NULL,NULL,NULL,NULL,NULL,1,'','0000-00-00 00:00:00'),(89,'Hand / Body Soap',10,10,7,1,0,NULL,NULL,NULL,NULL,NULL,NULL,1,'','0000-00-00 00:00:00'),(90,'Sleeping Masks',4,10,7,1,0,NULL,NULL,NULL,NULL,NULL,NULL,0,'','0000-00-00 00:00:00'),(91,'Earplugs',10,3,7,1,0,NULL,NULL,NULL,NULL,NULL,NULL,0,'','0000-00-00 00:00:00'),(92,'Toothbrush',10,10,7,1,0,NULL,NULL,NULL,NULL,NULL,NULL,1,'','0000-00-00 00:00:00'),(93,'Toothpaste',10,10,7,1,0,NULL,NULL,NULL,NULL,NULL,NULL,1,'','0000-00-00 00:00:00'),(94,'Sunscreen',10,10,7,1,0,NULL,NULL,NULL,NULL,NULL,NULL,1,'','0000-00-00 00:00:00'),(95,'Razors',10,3,7,1,0,NULL,NULL,NULL,NULL,NULL,NULL,0,'','0000-00-00 00:00:00'),(96,'Baby Wipes',10,9,7,1,0,NULL,NULL,NULL,NULL,NULL,NULL,0,'','0000-00-00 00:00:00'),(97,'Shampoo',10,10,5,1,0,NULL,NULL,NULL,NULL,NULL,NULL,1,'S is <=100 ml travel size; L is >500 ml family size','0000-00-00 00:00:00'),(98,'Shower Gel',10,10,7,1,0,NULL,NULL,NULL,NULL,NULL,NULL,0,'','0000-00-00 00:00:00'),(99,'Maternity Top',3,1,1,1,0,NULL,NULL,NULL,NULL,NULL,NULL,1,'Pregnancy wear tops.','0000-00-00 00:00:00'),(100,'Maternity Bottoms',2,1,1,1,0,NULL,NULL,NULL,NULL,NULL,NULL,1,'Pregnancy wear bottoms.','0000-00-00 00:00:00'),(101,'Tank Top / Sleeveless Top',3,1,1,1,0,NULL,NULL,NULL,NULL,0,0,1,'Base layer - Tank, strappy or strapless tops that reveal the shoulders.','0000-00-00 00:00:00'),(102,'Mosquito Repellent',10,10,7,1,0,NULL,NULL,NULL,NULL,NULL,NULL,0,'','0000-00-00 00:00:00'),(103,'Condoms',10,2,6,1,0,NULL,NULL,NULL,NULL,NULL,NULL,0,'','0000-00-00 00:00:00'),(104,'Sheet',13,9,7,1,0,NULL,NULL,NULL,NULL,NULL,NULL,1,'','0000-00-00 00:00:00'),(105,'Onesie / Bodysuit (No Legs)',8,9,2,1,0,NULL,NULL,NULL,NULL,NULL,NULL,1,'One-piece, babygrow without legs. For one pieces with legs, use Rompers / Sleepers.','0000-00-00 00:00:00'),(106,'Small Towels',10,3,7,1,0,NULL,NULL,NULL,NULL,NULL,NULL,1,'','0000-00-00 00:00:00'),(107,'Laundry Soap',10,10,7,1,0,NULL,NULL,NULL,NULL,NULL,NULL,0,'','0000-00-00 00:00:00'),(108,'Talcum Powder',10,3,7,1,0,NULL,NULL,NULL,NULL,NULL,NULL,0,'','0000-00-00 00:00:00'),(109,'Pacifier',10,9,7,1,0,NULL,NULL,NULL,NULL,NULL,NULL,0,'','0000-00-00 00:00:00'),(110,'Body Sponge',10,3,6,1,0,NULL,NULL,NULL,NULL,NULL,NULL,0,'','0000-00-00 00:00:00'),(111,'Shaving Cream',10,3,6,1,0,NULL,NULL,NULL,NULL,NULL,NULL,0,'','0000-00-00 00:00:00'),(112,'Baby Cream',10,9,6,1,0,NULL,NULL,NULL,NULL,NULL,NULL,0,'','0000-00-00 00:00:00'),(113,'Duvet',13,10,7,1,0,NULL,NULL,NULL,NULL,NULL,NULL,0,'Thick winter bed cover, usually requiring a  duvet cover.','0000-00-00 00:00:00'),(114,'Plastic Cutlery',13,10,7,1,0,NULL,NULL,NULL,NULL,NULL,NULL,0,'','0000-00-00 00:00:00'),(115,'Suitcase',13,10,7,1,0,NULL,NULL,NULL,NULL,NULL,NULL,0,'','0000-00-00 00:00:00'),(116,'Reusable Diapers',10,9,6,1,0,NULL,NULL,NULL,NULL,NULL,NULL,0,'','0000-00-00 00:00:00'),(117,'Notebook',18,10,7,1,0,NULL,NULL,NULL,NULL,NULL,NULL,0,'','0000-00-00 00:00:00'),(118,'Plastic Bag',13,10,7,1,0,NULL,NULL,NULL,NULL,NULL,NULL,0,'','0000-00-00 00:00:00'),(119,'Football',13,10,6,1,0,NULL,NULL,NULL,NULL,NULL,NULL,0,'','0000-00-00 00:00:00'),(120,'Backpack',13,10,7,1,0,NULL,NULL,NULL,NULL,NULL,NULL,1,'','0000-00-00 00:00:00'),(121,'Table',13,10,5,1,0,NULL,NULL,NULL,NULL,NULL,NULL,0,'','0000-00-00 00:00:00'),(122,'Chopping Board',13,10,5,1,0,NULL,NULL,NULL,NULL,NULL,NULL,0,'','0000-00-00 00:00:00'),(123,'Fishing Kit',13,10,7,1,0,NULL,NULL,NULL,NULL,NULL,NULL,0,'','0000-00-00 00:00:00'),(124,'Baby Bath',13,9,7,1,0,NULL,NULL,NULL,NULL,NULL,NULL,0,'','0000-00-00 00:00:00'),(125,'Textbook',18,10,7,1,0,NULL,NULL,NULL,NULL,NULL,NULL,0,'','0000-00-00 00:00:00'),(126,'Chess Set',14,10,7,1,0,NULL,NULL,NULL,NULL,NULL,NULL,0,'','0000-00-00 00:00:00'),(127,'Water Bottle',13,10,7,1,0,NULL,NULL,NULL,NULL,NULL,NULL,0,'','0000-00-00 00:00:00'),(128,'Umbrella',13,10,7,1,0,NULL,NULL,NULL,NULL,NULL,NULL,0,'','0000-00-00 00:00:00'),(129,'Folder',18,3,7,1,0,NULL,NULL,NULL,NULL,NULL,NULL,0,'','0000-00-00 00:00:00'),(130,'Tank Top',3,2,1,1,0,NULL,NULL,NULL,NULL,0,0,1,'Base layer - Tops that reveal the shoulders - tank tops, muscle Ts','0000-00-00 00:00:00'),(131,'Shoes',5,9,9,1,0,NULL,NULL,NULL,NULL,NULL,NULL,1,'','0000-00-00 00:00:00'),(132,'Blanket',13,3,5,1,0,NULL,NULL,NULL,NULL,NULL,NULL,0,'','0000-00-00 00:00:00'),(133,'Blanket',13,9,5,1,0,NULL,NULL,NULL,NULL,NULL,NULL,0,'','0000-00-00 00:00:00'),(134,'Sports Top',3,1,1,1,0,NULL,NULL,NULL,NULL,NULL,NULL,0,'Sports shirts (short and long sleeves) and tank tops. Not jackets.','0000-00-00 00:00:00'),(135,'Sports Top',3,2,1,1,0,NULL,NULL,NULL,NULL,NULL,NULL,0,'Sports shirts (short and long sleeves) and tank tops. Not jackets.','0000-00-00 00:00:00'),(136,'Fanny Pack / Bum Bag',13,10,6,1,0,NULL,NULL,NULL,NULL,NULL,NULL,1,'','0000-00-00 00:00:00'),(137,'Camisoles And Slips',1,1,1,1,0,NULL,NULL,NULL,NULL,NULL,NULL,0,'Thin light undergarment to wear for sleep or underneath a top or skirt. Camisoles are sleeveless, strappey tops made of think soft material. Slips are similar but long like dresses.','0000-00-00 00:00:00'),(138,'Leggings',2,1,1,1,0,NULL,NULL,NULL,NULL,NULL,NULL,1,'Cropped or full length leggings. Not tights.','0000-00-00 00:00:00'),(139,'Leggings',2,2,1,1,0,NULL,NULL,NULL,NULL,NULL,NULL,0,'Cropped or full length leggings. Usually sports for men.','0000-00-00 00:00:00'),(140,'Sports Shorts',2,1,1,1,0,NULL,NULL,NULL,NULL,NULL,NULL,0,'Sport shorts (above knee).','0000-00-00 00:00:00'),(141,'Sports Shorts',2,2,1,1,0,NULL,NULL,NULL,NULL,NULL,NULL,1,'Sport shorts (above knee).','0000-00-00 00:00:00'),(142,'Shorts',2,1,1,1,0,NULL,NULL,NULL,NULL,NULL,NULL,0,'Bottoms with short legs that reveal the knees.','0000-00-00 00:00:00'),(143,'Long Skirt',7,1,1,1,0,NULL,NULL,NULL,NULL,NULL,NULL,1,'Skirts that cover the knees. Can reach ankles.','0000-00-00 00:00:00'),(144,'Short Skirt',7,1,1,1,0,NULL,NULL,NULL,NULL,NULL,NULL,1,'Skirts that reveal the knees. Not dresses.','0000-00-00 00:00:00'),(145,'Long Dress',7,1,1,1,0,NULL,NULL,NULL,NULL,NULL,NULL,1,'Dresses that cover the knees. Can reach ankles. Mixed sleeves.','0000-00-00 00:00:00'),(146,'Short Dress',7,1,1,1,0,NULL,NULL,NULL,NULL,NULL,NULL,1,'Dresses that reveal the knees. Mixed sleeves.','0000-00-00 00:00:00'),(147,'Skirt',7,4,17,1,0,NULL,NULL,NULL,NULL,NULL,NULL,1,'Skirts long and short','0000-00-00 00:00:00'),(148,'Shorts',2,4,18,1,0,NULL,NULL,NULL,NULL,NULL,NULL,0,'Shorts that reveal the knees. ','0000-00-00 00:00:00'),(149,'Sanitary Pads (Light)',10,1,16,1,0,NULL,NULL,NULL,NULL,NULL,NULL,1,'Pantyliners, Absorbancy: 1 drop','0000-00-00 00:00:00'),(150,'Sanitary Pads (Medium)',10,1,16,1,0,NULL,NULL,NULL,NULL,NULL,NULL,1,'Absorbancy: 2-3 drops','0000-00-00 00:00:00'),(151,'Sanitary Pads (Heavy)',10,1,16,1,0,NULL,NULL,NULL,NULL,NULL,NULL,1,'Absorbancy: 4+ drops and night/sleep','0000-00-00 00:00:00'),(152,'Sanitary Pads (Assorted)',10,1,16,1,0,NULL,NULL,NULL,NULL,NULL,NULL,1,'Mixed bundle','0000-00-00 00:00:00'),(153,'Incontinence Pads (Assorted)',10,10,6,1,0,NULL,NULL,NULL,NULL,NULL,NULL,0,'','0000-00-00 00:00:00'),(154,'Body Lotion',10,3,5,1,0,NULL,NULL,NULL,NULL,0,0,1,'S is <=100 ml travel size; L is >500 ml family size','0000-00-00 00:00:00'),(155,'Body Lotion',10,6,5,1,0,NULL,NULL,NULL,NULL,0,0,0,'S is <=100 ml travel size; L is >500 ml family size','0000-00-00 00:00:00'),(156,'Shampoo',10,6,5,1,0,NULL,NULL,NULL,NULL,0,0,0,'S is <=100 ml travel size; L is >500 ml family size','0000-00-00 00:00:00'),(157,'Shower Gel For Children',10,6,5,1,0,NULL,NULL,NULL,NULL,NULL,NULL,0,'','0000-00-00 00:00:00'),(158,'Toothbrush And Toothpaste Set',10,10,19,1,0,NULL,NULL,NULL,NULL,NULL,NULL,0,'','0000-00-00 00:00:00'),(159,'Deodorant',10,2,6,1,0,NULL,NULL,NULL,NULL,NULL,NULL,1,'','0000-00-00 00:00:00'),(160,'Deodorant',10,1,6,1,0,NULL,NULL,NULL,NULL,NULL,NULL,1,'','0000-00-00 00:00:00'),(161,'Diapers / Nappies',10,6,12,1,0,NULL,NULL,NULL,NULL,0,0,0,'','0000-00-00 00:00:00'),(162,'Maternity Pads',10,1,6,1,0,NULL,NULL,NULL,NULL,NULL,NULL,0,'','0000-00-00 00:00:00'),(163,'Tights',1,4,6,1,0,NULL,NULL,NULL,NULL,NULL,NULL,0,'','0000-00-00 00:00:00'),(164,'Tights',1,1,6,1,0,NULL,NULL,NULL,NULL,NULL,NULL,0,'','0000-00-00 00:00:00'),(165,'Bottoms - Trousers / Shorts',2,6,20,1,0,NULL,NULL,NULL,NULL,0,0,1,'All pantleg bottoms - long or short','0000-00-00 00:00:00'),(166,'Light Coat / Jacket',6,6,17,1,0,NULL,NULL,NULL,NULL,NULL,NULL,1,'Outerwear - light summer outerwear. Even light rain jackets.','0000-00-00 00:00:00'),(167,'Dress',7,4,17,1,0,NULL,NULL,NULL,NULL,NULL,NULL,0,'Dresses long or short.','0000-00-00 00:00:00'),(168,'Underwear',1,6,20,1,0,NULL,NULL,NULL,NULL,NULL,NULL,0,'','0000-00-00 00:00:00'),(169,'Sweater / Jumper',3,6,20,1,0,NULL,NULL,NULL,NULL,NULL,NULL,1,'Pullovers, cardigans, hoodies.','0000-00-00 00:00:00'),(170,'Top Girls',3,6,20,1,0,NULL,NULL,NULL,NULL,0,0,1,' ','0000-00-00 00:00:00'),(171,'Long Sleeves',3,6,20,1,0,NULL,NULL,NULL,NULL,NULL,NULL,1,'Base layer - Tops with sleeves that cover the shoulders and can reach up to but not covering the elbow.','0000-00-00 00:00:00'),(172,'Handbag',13,1,6,1,0,NULL,NULL,NULL,NULL,NULL,NULL,1,'','0000-00-00 00:00:00'),(173,'Food (General)',11,10,6,1,0,NULL,NULL,NULL,NULL,NULL,NULL,0,'In general, R4R do not handle food but on occasion will receive and pass on.','0000-00-00 00:00:00'),(174,'Medication (General)',15,10,6,1,0,NULL,NULL,NULL,NULL,NULL,NULL,0,'','0000-00-00 00:00:00'),(175,'Winter Jacket',6,1,1,1,0,NULL,NULL,NULL,NULL,0,0,1,'Thick winter jackets ','0000-00-00 00:00:00'),(176,'Winter Jacket',6,2,1,1,0,NULL,NULL,NULL,NULL,0,0,1,'Thick jackets for winter ','0000-00-00 00:00:00'),(177,'Bags',4,3,7,1,0,NULL,NULL,NULL,NULL,0,0,1,'','0000-00-00 00:00:00'),(178,'Winter Hats',4,10,7,1,0,NULL,NULL,NULL,NULL,0,0,1,'Thick hats for wintertime','2019-07-16 13:00:11'),(179,'Bottoms ',12,4,20,1,0,NULL,NULL,NULL,NULL,0,0,1,'','0000-00-00 00:00:00'),(180,'Top Boys',12,6,20,1,0,NULL,NULL,NULL,NULL,0,0,1,'','0000-00-00 00:00:00'),(181,'Top Girls (18-24 months) ',12,4,7,1,0,NULL,NULL,NULL,NULL,0,0,1,'','0000-00-00 00:00:00'),(182,'Short Sleeves (2-5 years)',12,4,20,1,0,NULL,NULL,NULL,NULL,0,0,0,'',NULL),(183,'Bottoms Girl (18-24 Months) ',12,4,2,1,0,NULL,NULL,NULL,NULL,0,0,0,'',NULL),(184,'Rain Coat',12,1,1,1,0,NULL,NULL,NULL,NULL,0,0,1,'',NULL),(185,'Rain Coat',12,2,1,1,0,NULL,NULL,NULL,NULL,0,0,1,'',NULL),(186,'Vest/waistcoat ',12,2,1,1,0,NULL,NULL,NULL,NULL,0,0,1,'',NULL),(187,'Winter jacket sleeveless',12,2,1,1,0,NULL,NULL,NULL,NULL,0,0,1,'',NULL),(188,'Winter jacket sleeveless',12,1,1,1,0,NULL,NULL,NULL,NULL,0,0,1,'',NULL),(189,'Winter Coat',12,2,1,1,0,NULL,NULL,NULL,NULL,0,0,0,'',NULL),(190,'Winter Coat Female ',12,1,1,1,0,NULL,NULL,NULL,NULL,0,0,0,'',NULL),(191,'Jacket Sleeveless ',12,6,17,1,0,NULL,NULL,NULL,NULL,0,0,0,'',NULL),(192,'Winter Jacket 0-6 Months',12,9,7,1,0,NULL,NULL,NULL,NULL,0,0,0,'',NULL),(193,'Winter Jacket 6-12 Months ',12,9,7,1,0,NULL,NULL,NULL,NULL,0,0,0,'',NULL),(194,'Winter Jacket 12-18 Months',12,9,7,1,0,NULL,NULL,NULL,NULL,0,0,0,'',NULL),(195,'Winter Jacket 18-24 months',12,5,7,1,0,NULL,NULL,NULL,NULL,0,0,0,'',NULL),(196,'Winter Jacket 18-24 Months ',12,4,7,1,0,NULL,NULL,NULL,NULL,0,0,0,'',NULL),(197,'Jumpers ',12,9,6,1,0,NULL,NULL,NULL,NULL,0,0,0,'',NULL),(198,'Jacket Vests',12,6,20,1,0,NULL,NULL,NULL,NULL,0,0,0,'',NULL),(199,'Jumper Vests',12,6,20,1,0,NULL,NULL,NULL,NULL,0,0,0,'',NULL),(200,'Sleepers ',12,6,6,1,0,NULL,NULL,NULL,NULL,0,0,0,'',NULL),(201,'Tights ',12,9,7,1,0,NULL,NULL,NULL,NULL,0,0,0,'',NULL),(202,'Sleepers',12,3,8,1,0,NULL,NULL,NULL,NULL,0,0,0,'',NULL),(203,'Slippers ',12,6,9,1,0,NULL,NULL,NULL,NULL,0,0,0,'',NULL),(204,'Clothing Pack',12,2,6,1,0,NULL,NULL,NULL,NULL,0,0,0,'FOR SHOP USE ONLY - this is to help with checkout with the new shop structure; the pack contains, from September 13, 2019: 1 trousers, 1 t shirt, 1 long sleeve, 1 jumper, 1 socks, 1 underwear\r\n\r\nFrom October 7th -reserved for children up to the age of 18 ',NULL),(205,'Clothing Pack',12,1,6,1,0,NULL,NULL,NULL,NULL,0,0,0,'FOR SHOP USE ONLY - Female pack break down, from September 13, 2019:\r\n1 underwear, 1 socks, 1 bra, 1 trousers, 1 t shirt, 1 tank top, 1 long sleeve shirt, 1 jumper, 1 scarf, 1 dress OR skirt\r\nOctober 7-11th\r\n1 of- t shirt, long sleeve, jumper, trousers, u',NULL),(206,'Clothing Pack',12,9,6,1,0,NULL,NULL,NULL,NULL,0,0,0,'FOR SHOP USE ONLY - Baby pack breakdown from September 13, 2019:\r\nAges 0-2:1 onesie, 1 top, 1 bottom, 1 jumper, 1 hat, 1 bib, 1 blanket, 1 socks\r\n\r\nFrom October 7-11\r\n2 onesies, 1 jumper, 1 coat, 1 bib, 1 top, 1 trousers, 1 hat, 1 blanket, 1 socks\r\n\r\nFrom',NULL),(207,'Clothing Pack',12,6,6,1,0,NULL,NULL,NULL,NULL,0,0,0,'FOR SHOP USE ONLY - Breakdown of pack from September 13, 2019:\r\n Female over the age of 2: 1 underwear, 1 socks,1 trousers, 1 t shirt, 1 tank top, 1 long sleeve shirt, 1 jumper, 1 dress OR skirt\r\nFrom October 7-\r\n1 of: socks, underwear, t shirt, long slee',NULL),(208,'Hygiene pack ',10,10,19,1,0,NULL,NULL,NULL,NULL,0,0,0,'FOR SHOP USE ONLY - Breakdown of packs: from September 13, 2019:\r\nMulti = family - contents:\r\n1 soap/2 people OR 1 shower gel/ 3 people\r\n1 toothbrush/ each person\r\n1 big toothpaste/2 people or 1 small/ each person\r\n1 body lotion/ each person\r\n1 toothbrush',NULL),(209,'Isomats',9,10,6,1,0,NULL,NULL,NULL,NULL,0,0,0,'',NULL),(210,'Top 0-2 Months',12,9,7,1,0,NULL,NULL,NULL,NULL,0,0,0,'',NULL),(211,'Bottom 0-2 Months ',12,9,7,1,0,NULL,NULL,NULL,NULL,0,0,0,'',NULL),(212,'Onesies 0-2 Months ',12,9,7,1,0,NULL,NULL,NULL,NULL,0,0,0,'',NULL),(213,'Top 2-6 Months ',12,9,7,1,0,NULL,NULL,NULL,NULL,0,0,0,'',NULL),(214,'Bottoms 2-6 Months ',12,9,7,1,0,NULL,NULL,NULL,NULL,0,0,0,'',NULL),(215,'Onesies 2-6 Months ',12,9,7,1,0,NULL,NULL,NULL,NULL,0,0,0,'',NULL),(216,'Short Sleeves (2-5Years) ',12,5,20,1,0,NULL,NULL,NULL,NULL,0,0,0,'',NULL),(217,'Top Boys (18-24 months)',12,5,7,1,0,NULL,NULL,NULL,NULL,0,0,0,'','2019-10-04 16:16:52'),(218,'Summer Scarf',12,1,7,1,0,NULL,NULL,NULL,NULL,0,0,0,'Summer scarf - no hijab. Hijabs have a proper category.','2019-10-04 16:34:38'),(219,'Summer Scarf',12,2,7,1,0,NULL,NULL,NULL,NULL,0,0,0,'',NULL),(220,'Vegetable bags',11,10,7,2,40,NULL,NULL,NULL,NULL,0,0,1,'','0000-00-00 00:00:00'),(221,'Flour (1kg)',11,10,7,2,30,NULL,NULL,NULL,NULL,0,0,1,'','0000-00-00 00:00:00'),(222,'Rice (500g)',11,10,7,2,15,NULL,NULL,NULL,NULL,NULL,NULL,1,NULL,'2019-08-13 08:36:26'),(223,'Rice (1kg)',11,10,7,2,25,NULL,NULL,NULL,NULL,0,0,0,'','0000-00-00 00:00:00'),(224,'Milk (1l)',11,10,7,2,30,NULL,NULL,NULL,NULL,0,0,1,'','0000-00-00 00:00:00'),(225,'Beans (400g)',11,10,7,2,15,NULL,NULL,NULL,NULL,NULL,NULL,1,NULL,'0000-00-00 00:00:00'),(226,'Chickpeas (500g)',11,10,7,2,15,NULL,NULL,NULL,NULL,NULL,NULL,1,NULL,'0000-00-00 00:00:00'),(227,'Chickpeas (1kg)',11,10,7,2,30,NULL,NULL,NULL,NULL,NULL,NULL,1,NULL,'0000-00-00 00:00:00'),(228,'Pasta (500g)',11,10,7,2,5,NULL,NULL,NULL,NULL,NULL,NULL,1,NULL,'0000-00-00 00:00:00'),(229,'Chai (100g)',11,10,7,2,10,NULL,NULL,NULL,NULL,NULL,NULL,1,NULL,'0000-00-00 00:00:00'),(230,'Salt',11,10,7,2,15,NULL,NULL,NULL,NULL,NULL,NULL,1,NULL,'0000-00-00 00:00:00'),(231,'Baby Food',11,9,7,2,20,NULL,NULL,NULL,NULL,0,1,1,NULL,'0000-00-00 00:00:00'),(232,'Eggs',11,10,7,2,5,NULL,NULL,NULL,NULL,4,4,1,NULL,'0000-00-00 00:00:00'),(233,'Toothbrush',10,10,7,2,5,NULL,NULL,NULL,NULL,NULL,NULL,1,NULL,'0000-00-00 00:00:00'),(234,'Toothpaste',10,10,7,2,15,NULL,NULL,NULL,NULL,0,0,1,'','0000-00-00 00:00:00'),(235,'Shampoo',10,10,7,2,25,NULL,NULL,NULL,NULL,NULL,NULL,1,NULL,'0000-00-00 00:00:00'),(236,'Soap',10,10,7,2,10,NULL,NULL,NULL,NULL,2,2,1,NULL,'0000-00-00 00:00:00'),(237,'Tissues',10,10,7,2,5,NULL,NULL,NULL,NULL,NULL,NULL,1,NULL,'0000-00-00 00:00:00'),(238,'Washing powder',10,10,7,2,30,NULL,NULL,NULL,NULL,1,1,1,NULL,'0000-00-00 00:00:00'),(239,'Sanitary pads',10,10,7,2,0,NULL,NULL,NULL,NULL,NULL,NULL,1,NULL,'0000-00-00 00:00:00'),(240,'Razors',10,10,7,2,10,NULL,NULL,NULL,NULL,0,0,1,'','0000-00-00 00:00:00'),(241,'Wet Wipes',10,10,7,2,25,NULL,NULL,NULL,NULL,0,1,1,NULL,'0000-00-00 00:00:00'),(242,'Adult Diapers',10,10,7,2,0,NULL,NULL,NULL,NULL,0,1,1,NULL,'0000-00-00 00:00:00'),(243,'Diapers Size 1',10,10,7,2,25,NULL,NULL,NULL,NULL,0,0,1,'','0000-00-00 00:00:00'),(244,'Yoga Mats',13,10,7,2,0,NULL,NULL,NULL,NULL,NULL,NULL,1,NULL,'0000-00-00 00:00:00'),(245,'Sardines',11,10,7,2,20,NULL,NULL,NULL,NULL,0,0,0,'',NULL),(246,'Jacket Thick',1,1,6,2,0,NULL,NULL,NULL,NULL,2,2,0,NULL,NULL),(247,'Jumper Thin',1,1,6,2,0,NULL,NULL,NULL,NULL,2,2,0,NULL,NULL),(248,'Jumper Thick',1,1,6,2,0,NULL,NULL,NULL,NULL,2,2,0,NULL,NULL),(249,'Trousers',1,1,6,2,0,NULL,NULL,NULL,NULL,2,2,0,NULL,NULL),(250,'Leggings',1,1,6,2,0,NULL,NULL,NULL,NULL,2,2,0,NULL,NULL),(251,'Bras',1,1,6,2,0,NULL,NULL,NULL,NULL,0,0,0,'',NULL),(252,'Underwear',1,1,6,2,0,NULL,NULL,NULL,NULL,6,6,0,NULL,NULL),(253,'Dresses/ Skirts',1,1,6,2,0,NULL,NULL,NULL,NULL,2,2,0,NULL,NULL),(254,'Shortsleeve',1,1,6,2,0,NULL,NULL,NULL,NULL,2,2,0,NULL,NULL),(255,'Longsleeve',1,1,6,2,0,NULL,NULL,NULL,NULL,2,2,0,NULL,NULL),(256,'Socks',1,1,6,2,0,NULL,NULL,NULL,NULL,6,6,0,NULL,NULL),(257,'Jacket Thin',1,2,6,2,0,NULL,NULL,NULL,NULL,2,2,0,NULL,NULL),(258,'Jacket Thick',1,2,6,2,0,NULL,NULL,NULL,NULL,2,2,0,NULL,NULL),(259,'Jumper Thin',1,2,6,2,0,NULL,NULL,NULL,NULL,2,2,0,NULL,NULL),(260,'Jumper Thick',1,2,6,2,0,NULL,NULL,NULL,NULL,2,2,0,NULL,NULL),(261,'Trousers',1,2,6,2,0,NULL,NULL,NULL,NULL,2,2,0,NULL,NULL),(262,'Leggings',1,2,6,2,0,NULL,NULL,NULL,NULL,2,2,0,NULL,NULL),(263,'Socks',1,2,6,2,0,NULL,NULL,NULL,NULL,6,6,0,NULL,NULL),(264,'Underwear',1,2,6,2,0,NULL,NULL,NULL,NULL,6,6,0,NULL,NULL),(265,'Shorts  ',1,2,6,2,0,NULL,NULL,NULL,NULL,2,2,0,NULL,NULL),(266,'Shortsleeve',1,2,6,2,0,NULL,NULL,NULL,NULL,2,2,0,NULL,NULL),(267,'Sweatpants',1,2,6,2,0,NULL,NULL,NULL,NULL,1,1,0,NULL,NULL),(268,'Longsleeve',1,2,6,2,0,NULL,NULL,NULL,NULL,2,2,0,NULL,NULL),(269,'Gloves',1,3,6,2,0,NULL,NULL,NULL,NULL,1,1,0,NULL,NULL),(270,'Winter hats',1,1,6,2,0,NULL,NULL,NULL,NULL,1,1,0,NULL,NULL),(271,'Winter hats',1,2,6,2,0,NULL,NULL,NULL,NULL,1,1,0,NULL,NULL),(272,'Summer hats',1,1,6,2,0,NULL,NULL,NULL,NULL,1,1,0,NULL,NULL),(273,'Summer hats',1,2,6,2,0,NULL,NULL,NULL,NULL,1,1,0,NULL,NULL),(274,'Jacket Thin',1,4,6,2,0,NULL,NULL,NULL,NULL,2,2,0,NULL,NULL),(275,'Jacket Thick',1,4,6,2,0,NULL,NULL,NULL,NULL,2,2,0,NULL,NULL),(276,'Jumper Thin',1,4,6,2,0,NULL,NULL,NULL,NULL,2,2,0,NULL,NULL),(277,'Jumper Thick',1,4,6,2,0,NULL,NULL,NULL,NULL,2,2,0,NULL,NULL),(278,'Trousers',1,4,6,2,0,NULL,NULL,NULL,NULL,2,2,0,NULL,NULL),(279,'Leggings',1,4,6,2,0,NULL,NULL,NULL,NULL,2,2,0,NULL,NULL),(280,'Bras',1,4,6,2,0,NULL,NULL,NULL,NULL,0,0,0,'',NULL),(281,'Underwear',1,4,6,2,0,NULL,NULL,NULL,NULL,6,6,0,NULL,NULL),(282,'Dresses/ Skirts',1,4,6,2,0,NULL,NULL,NULL,NULL,2,2,0,NULL,NULL),(283,'Shortsleeve',1,4,6,2,0,NULL,NULL,NULL,NULL,2,2,0,NULL,NULL),(284,'Longsleeve',1,4,6,2,0,NULL,NULL,NULL,NULL,2,2,0,NULL,NULL),(285,'Socks',1,4,6,2,0,NULL,NULL,NULL,NULL,6,6,0,NULL,NULL),(286,'Jacket Thin',1,5,6,2,0,NULL,NULL,NULL,NULL,2,2,0,NULL,NULL),(287,'Jacket Thick',1,5,6,2,0,NULL,NULL,NULL,NULL,2,2,0,NULL,NULL),(288,'Jumper Thin',1,5,6,2,0,NULL,NULL,NULL,NULL,2,2,0,NULL,NULL),(289,'Jumper Thick',1,5,6,2,0,NULL,NULL,NULL,NULL,2,2,0,NULL,NULL),(290,'Trousers',1,5,6,2,0,NULL,NULL,NULL,NULL,2,2,0,NULL,NULL),(291,'Leggings',1,5,6,2,0,NULL,NULL,NULL,NULL,2,2,0,NULL,NULL),(292,'Socks',1,5,6,2,0,NULL,NULL,NULL,NULL,6,6,0,NULL,NULL),(293,'Underwear',1,5,6,2,0,NULL,NULL,NULL,NULL,6,6,0,NULL,NULL),(294,'Shorts  ',1,5,6,2,0,NULL,NULL,NULL,NULL,2,2,0,NULL,NULL),(295,'Shortsleeve',1,5,6,2,0,NULL,NULL,NULL,NULL,2,2,0,NULL,NULL),(296,'Sweatpants',1,5,6,2,0,NULL,NULL,NULL,NULL,1,1,0,NULL,NULL),(297,'Longsleeve',1,5,6,2,0,NULL,NULL,NULL,NULL,2,2,0,NULL,NULL),(298,'Gloves',1,6,6,2,0,NULL,NULL,NULL,NULL,1,1,0,NULL,NULL),(299,'Winter hats',1,4,6,2,0,NULL,NULL,NULL,NULL,1,1,0,NULL,NULL),(300,'Winter hats',1,5,6,2,0,NULL,NULL,NULL,NULL,1,1,0,NULL,NULL),(301,'Summer hats',1,4,6,2,0,NULL,NULL,NULL,NULL,1,1,0,NULL,NULL),(302,'Summer hats',1,5,6,2,0,NULL,NULL,NULL,NULL,1,1,0,NULL,NULL),(303,'Onesie thin',1,9,2,2,0,NULL,NULL,NULL,NULL,2,2,0,NULL,NULL),(304,'Onesie thick',1,9,2,2,0,NULL,NULL,NULL,NULL,2,2,0,NULL,NULL),(305,'Top thick',1,9,2,2,0,NULL,NULL,NULL,NULL,2,2,0,NULL,NULL),(306,'Top thin',1,9,2,2,0,NULL,NULL,NULL,NULL,2,2,0,NULL,NULL),(307,'Socks',1,9,2,2,0,NULL,NULL,NULL,NULL,4,4,0,NULL,NULL),(308,'Jacket',1,9,2,2,0,NULL,NULL,NULL,NULL,2,2,0,NULL,NULL),(309,'Bottom',1,9,2,2,0,NULL,NULL,NULL,NULL,2,2,0,NULL,NULL),(310,'Winter hats',1,9,2,2,0,NULL,NULL,NULL,NULL,1,1,0,NULL,NULL),(311,'Summer hats',1,9,2,2,0,NULL,NULL,NULL,NULL,1,1,0,NULL,NULL),(312,'Gloves',1,9,2,2,0,NULL,NULL,NULL,NULL,1,1,1,NULL,NULL),(313,'Sleeping bag',4,10,6,2,0,NULL,NULL,NULL,NULL,1,1,1,NULL,NULL),(314,'Tent',4,10,6,2,0,NULL,NULL,NULL,NULL,1,1,1,NULL,NULL),(315,'Blanket',4,10,7,2,0,NULL,NULL,NULL,NULL,1,1,1,NULL,NULL),(316,'Duvet',4,10,7,2,0,NULL,NULL,NULL,NULL,1,1,0,NULL,NULL),(317,'Soap',3,10,7,2,0,NULL,NULL,NULL,NULL,2,2,0,NULL,NULL),(318,'Shampoo',3,10,7,2,0,NULL,NULL,NULL,NULL,2,2,0,NULL,NULL),(319,'Razors',3,10,7,2,0,NULL,NULL,NULL,NULL,2,0,0,NULL,NULL),(320,'Diapers',3,9,12,2,0,NULL,NULL,NULL,NULL,12,0,0,NULL,'2019-08-27 17:16:35'),(321,'Shower gel',3,10,7,2,0,NULL,NULL,NULL,NULL,1,1,0,NULL,NULL),(322,'Sanitary pads',3,1,7,2,0,NULL,NULL,NULL,NULL,12,12,0,NULL,NULL),(323,'Adult diapers',3,3,12,2,0,NULL,NULL,NULL,NULL,12,0,0,NULL,NULL),(324,'Jacket Thin',1,1,6,2,0,NULL,NULL,NULL,NULL,2,2,0,NULL,NULL),(325,'Rice 500g',11,10,7,2,15,NULL,NULL,NULL,NULL,0,0,1,'',NULL),(326,'Tinned Tomatoes',11,10,7,2,0,NULL,NULL,NULL,NULL,0,0,1,'For New arrivals only',NULL),(327,'Jumper',12,4,6,2,0,NULL,NULL,NULL,NULL,0,0,0,'',NULL),(328,'Jumper',12,1,6,2,0,NULL,NULL,NULL,NULL,0,0,0,'',NULL),(329,'Jumper',12,2,6,2,0,NULL,NULL,NULL,NULL,0,0,0,'',NULL),(330,'Jumper ',12,5,6,2,0,NULL,NULL,NULL,NULL,0,0,0,'',NULL),(331,'Rainponchos',12,3,6,2,0,NULL,NULL,NULL,NULL,0,0,0,'',NULL),(332,'Rainponchos',12,6,6,2,0,NULL,NULL,NULL,NULL,0,0,0,'',NULL),(333,'Hats',12,6,6,2,0,NULL,NULL,NULL,NULL,0,0,0,'',NULL),(334,'Scarves',12,6,6,2,0,NULL,NULL,NULL,NULL,0,0,0,'',NULL),(335,'Jumpers',12,6,6,2,0,NULL,NULL,NULL,NULL,0,0,0,'',NULL),(336,'Shortsleeve',12,6,6,2,0,NULL,NULL,NULL,NULL,0,0,0,'',NULL),(337,'Socks',12,6,6,2,0,NULL,NULL,NULL,NULL,0,0,0,'',NULL),(338,'Trousers ',12,6,6,2,0,NULL,NULL,NULL,NULL,0,0,0,'',NULL),(339,'Longsleeve',12,6,6,2,0,NULL,NULL,NULL,NULL,0,0,0,'',NULL),(340,'Tights',12,6,6,2,0,NULL,NULL,NULL,NULL,0,0,0,'',NULL),(341,'Pyjamas',12,6,6,2,0,NULL,NULL,NULL,NULL,0,0,0,'',NULL),(342,'Snowsuits',12,6,6,2,0,NULL,NULL,NULL,NULL,0,0,0,'',NULL),(343,'Ski underwear',12,6,6,2,0,NULL,NULL,NULL,NULL,0,0,0,'',NULL),(344,'Snow trousers',12,1,6,2,0,NULL,NULL,NULL,NULL,0,0,0,'',NULL),(345,'Snow trousers',12,2,6,2,0,NULL,NULL,NULL,NULL,0,0,0,'',NULL),(346,'Snow trousers ',12,4,6,2,0,NULL,NULL,NULL,NULL,0,0,0,'',NULL),(347,'Snow trousers',12,5,6,2,0,NULL,NULL,NULL,NULL,0,0,0,'',NULL),(348,'Pyjamas',12,1,6,2,0,NULL,NULL,NULL,NULL,0,0,0,'',NULL),(349,'Pyjamas',12,2,6,2,0,NULL,NULL,NULL,NULL,0,0,0,'',NULL),(350,'Robes',12,6,6,2,0,NULL,NULL,NULL,NULL,0,0,0,'',NULL),(351,'Shorts',12,4,6,2,0,NULL,NULL,NULL,NULL,0,0,0,'',NULL),(352,'Shorts',12,1,6,2,0,NULL,NULL,NULL,NULL,0,0,0,'',NULL),(353,'Baby bibs',12,9,6,2,0,NULL,NULL,NULL,NULL,0,0,0,'',NULL),(354,'Jacket ',12,4,6,2,0,NULL,NULL,NULL,NULL,0,0,0,'',NULL),(355,'Jacket',12,5,6,2,0,NULL,NULL,NULL,NULL,0,0,0,'',NULL),(356,'Jacket',12,1,6,2,0,NULL,NULL,NULL,NULL,0,0,0,'',NULL),(357,'Jacket',12,2,6,2,0,NULL,NULL,NULL,NULL,0,0,0,'',NULL),(358,'Jacket',12,6,6,2,0,NULL,NULL,NULL,NULL,0,0,0,'',NULL),(359,'Diapers Size 2',10,10,7,2,25,NULL,NULL,NULL,NULL,0,0,1,'',NULL),(360,'Diapers Size 3',10,10,7,2,25,NULL,NULL,NULL,NULL,0,0,1,'',NULL),(361,'Diapers Size 4',10,10,7,2,25,NULL,NULL,NULL,NULL,0,0,1,'',NULL),(362,'Diapers Size 4',10,10,7,2,25,NULL,NULL,NULL,NULL,0,0,1,'','2019-08-21 13:25:30'),(363,'Diapers Size 4',10,10,7,2,25,NULL,NULL,NULL,NULL,0,0,1,'','2019-08-21 13:23:58'),(364,'Diapers Size 5',10,10,7,2,25,NULL,NULL,NULL,NULL,0,0,1,'',NULL),(365,'Diapers Size 6',10,10,7,2,25,NULL,NULL,NULL,NULL,0,0,1,'',NULL),(366,'Snow trousers ',12,6,6,2,0,NULL,NULL,NULL,NULL,0,0,0,'',NULL),(367,'Leggings',12,6,6,2,0,NULL,NULL,NULL,NULL,0,0,0,'',NULL),(368,'Winter hats',12,6,6,2,0,NULL,NULL,NULL,NULL,0,0,0,'',NULL),(369,'Pyjamas',12,5,6,2,0,NULL,NULL,NULL,NULL,0,0,0,'',NULL),(370,'Hats',12,5,6,2,0,NULL,NULL,NULL,NULL,0,0,0,'',NULL),(371,'Rain trousers ',12,5,6,2,0,NULL,NULL,NULL,NULL,0,0,0,'',NULL),(372,'Snowsuit',12,5,6,2,0,NULL,NULL,NULL,NULL,0,0,0,'',NULL),(373,'Rain trousers',12,6,6,2,0,NULL,NULL,NULL,NULL,0,0,0,'',NULL),(374,'Coats',12,5,6,2,0,NULL,NULL,NULL,NULL,0,0,0,'',NULL),(375,'Robes',12,1,6,2,0,NULL,NULL,NULL,NULL,0,0,0,'',NULL),(376,'Scarf',12,2,6,2,0,NULL,NULL,NULL,NULL,0,0,0,'',NULL),(377,'Ponchos',12,1,6,2,0,NULL,NULL,NULL,NULL,0,0,0,'',NULL),(378,'Scarves ',12,1,6,2,0,NULL,NULL,NULL,NULL,0,0,0,'',NULL),(379,'Shoes',12,2,6,2,0,NULL,NULL,NULL,NULL,0,0,0,'',NULL),(380,'Shoes',12,1,6,2,0,NULL,NULL,NULL,NULL,0,0,0,'',NULL),(381,'Shoes',12,4,6,2,0,NULL,NULL,NULL,NULL,0,0,0,'',NULL),(382,'Shoes',12,5,6,2,0,NULL,NULL,NULL,NULL,0,0,0,'',NULL),(383,'Shoes',12,6,6,2,0,NULL,NULL,NULL,NULL,0,0,0,'',NULL),(384,'Baby carrier',8,9,7,2,0,NULL,NULL,NULL,NULL,0,0,0,'',NULL),(385,'Tent',13,10,6,2,0,NULL,NULL,NULL,NULL,0,0,0,'',NULL),(386,'Pillows',9,10,6,2,0,NULL,NULL,NULL,NULL,0,0,0,'',NULL),(387,'Bedding set',9,3,6,2,0,NULL,NULL,NULL,NULL,0,0,0,'',NULL),(388,'Towel',9,3,6,2,0,NULL,NULL,NULL,NULL,0,0,0,'',NULL),(389,'Baby Jumper',12,9,6,2,0,NULL,NULL,NULL,NULL,0,0,0,'',NULL),(390,'Baby Onesie ',12,9,6,2,0,NULL,NULL,NULL,NULL,0,0,0,'',NULL),(391,'Top',12,9,6,2,0,NULL,NULL,NULL,NULL,0,0,0,'',NULL),(392,'baby hats',9,9,6,2,0,NULL,NULL,NULL,NULL,0,0,0,'',NULL),(393,'baby socks',9,9,6,2,0,NULL,NULL,NULL,NULL,0,0,0,'',NULL),(394,'baby socks',9,9,6,2,0,NULL,NULL,NULL,NULL,0,0,0,'','2019-09-22 14:17:41'),(395,'baby towels',9,9,6,2,0,NULL,NULL,NULL,NULL,0,0,1,'',NULL),(396,'baby toys',9,9,6,2,0,NULL,NULL,NULL,NULL,0,0,0,'',NULL),(397,'baby shoes',9,9,6,2,0,NULL,NULL,NULL,NULL,0,0,0,'',NULL),(398,'baby scarves',9,9,6,2,0,NULL,NULL,NULL,NULL,0,0,0,'',NULL),(399,'baby gloves',9,9,6,2,0,NULL,NULL,NULL,NULL,0,0,1,'',NULL),(400,'Folding Beds',13,10,7,2,0,NULL,NULL,NULL,NULL,0,0,0,'',NULL),(401,'Tarps',13,10,6,2,0,NULL,NULL,NULL,NULL,0,0,0,'',NULL),(402,'Bags',13,10,6,2,0,NULL,NULL,NULL,NULL,0,0,0,'',NULL),(403,'Shampoo',10,10,6,2,0,NULL,NULL,NULL,NULL,0,0,1,'',NULL),(404,'Sleeping Mats (UNHCR)',9,10,7,2,0,NULL,NULL,NULL,NULL,0,0,0,'',NULL),(405,'Tampons',10,1,6,2,0,NULL,NULL,NULL,NULL,0,0,0,'',NULL),(406,'Shower Gel',10,10,6,2,15,NULL,NULL,NULL,NULL,0,0,1,'',NULL),(407,'WD JACKET',12,10,6,2,30,NULL,NULL,NULL,NULL,0,0,0,'',NULL),(408,'WD JUMPERS',12,10,6,2,20,NULL,NULL,NULL,NULL,0,0,0,'',NULL),(409,'WD BLANKETS',12,10,7,2,40,NULL,NULL,NULL,NULL,0,0,0,'',NULL),(410,'WD SCARVES',12,10,6,2,20,NULL,NULL,NULL,NULL,0,0,0,'',NULL),(411,'WD HATS',12,10,7,2,10,NULL,NULL,NULL,NULL,0,0,0,'',NULL),(412,'WD GLOVES',12,10,7,2,10,NULL,NULL,NULL,NULL,0,0,0,'',NULL),(413,'WD SOCKS',12,10,6,2,5,NULL,NULL,NULL,NULL,0,0,0,'',NULL),(414,'WD BABY CLOTHES',12,10,6,2,20,NULL,NULL,NULL,NULL,0,0,0,'',NULL),(415,'Vegetable bags',11,10,7,3,40,NULL,NULL,NULL,NULL,0,0,1,'','0000-00-00 00:00:00'),(416,'Flour (1kg)',11,10,7,3,30,NULL,NULL,NULL,NULL,0,0,1,'','0000-00-00 00:00:00'),(417,'Rice (500g)',11,10,7,3,15,NULL,NULL,NULL,NULL,NULL,NULL,1,NULL,'2019-08-13 08:36:26'),(418,'Rice (1kg)',11,10,7,3,25,NULL,NULL,NULL,NULL,0,0,0,'','0000-00-00 00:00:00'),(419,'Milk (1l)',11,10,7,3,30,NULL,NULL,NULL,NULL,0,0,1,'','0000-00-00 00:00:00'),(420,'Beans (400g)',11,10,7,3,15,NULL,NULL,NULL,NULL,NULL,NULL,1,NULL,'0000-00-00 00:00:00'),(421,'Chickpeas (500g)',11,10,7,3,15,NULL,NULL,NULL,NULL,NULL,NULL,1,NULL,'0000-00-00 00:00:00'),(422,'Chickpeas (1kg)',11,10,7,3,30,NULL,NULL,NULL,NULL,NULL,NULL,1,NULL,'0000-00-00 00:00:00'),(423,'Pasta (500g)',11,10,7,3,5,NULL,NULL,NULL,NULL,NULL,NULL,1,NULL,'0000-00-00 00:00:00'),(424,'Chai (100g)',11,10,7,3,10,NULL,NULL,NULL,NULL,NULL,NULL,1,NULL,'0000-00-00 00:00:00'),(425,'Salt',11,10,7,3,15,NULL,NULL,NULL,NULL,NULL,NULL,1,NULL,'0000-00-00 00:00:00'),(426,'Baby Food',11,9,7,3,20,NULL,NULL,NULL,NULL,0,1,1,NULL,'0000-00-00 00:00:00'),(427,'Eggs',11,10,7,3,5,NULL,NULL,NULL,NULL,4,4,1,NULL,'0000-00-00 00:00:00'),(428,'Toothbrush',10,10,7,3,5,NULL,NULL,NULL,NULL,NULL,NULL,1,NULL,'0000-00-00 00:00:00'),(429,'Toothpaste',10,10,7,3,15,NULL,NULL,NULL,NULL,0,0,1,'','0000-00-00 00:00:00'),(430,'Shampoo',10,10,7,3,25,NULL,NULL,NULL,NULL,NULL,NULL,1,NULL,'0000-00-00 00:00:00'),(431,'Soap',10,10,7,3,10,NULL,NULL,NULL,NULL,2,2,1,NULL,'0000-00-00 00:00:00'),(432,'Tissues',10,10,7,3,5,NULL,NULL,NULL,NULL,NULL,NULL,1,NULL,'0000-00-00 00:00:00'),(433,'Washing powder',10,10,7,3,30,NULL,NULL,NULL,NULL,1,1,1,NULL,'0000-00-00 00:00:00'),(434,'Sanitary pads',10,10,7,3,0,NULL,NULL,NULL,NULL,NULL,NULL,1,NULL,'0000-00-00 00:00:00'),(435,'Razors',10,10,7,3,10,NULL,NULL,NULL,NULL,0,0,1,'','0000-00-00 00:00:00'),(436,'Wet Wipes',10,10,7,3,25,NULL,NULL,NULL,NULL,0,1,1,NULL,'0000-00-00 00:00:00'),(437,'Adult Diapers',10,10,7,3,0,NULL,NULL,NULL,NULL,0,1,1,NULL,'0000-00-00 00:00:00'),(438,'Diapers Size 1',10,10,7,3,25,NULL,NULL,NULL,NULL,0,0,1,'','0000-00-00 00:00:00'),(439,'Yoga Mats',13,10,7,3,0,NULL,NULL,NULL,NULL,NULL,NULL,1,NULL,'0000-00-00 00:00:00'),(440,'Sardines',11,10,7,3,20,NULL,NULL,NULL,NULL,0,0,0,'',NULL),(441,'Jacket Thick',1,1,6,3,0,NULL,NULL,NULL,NULL,2,2,0,NULL,NULL),(442,'Jumper Thin',1,1,6,3,0,NULL,NULL,NULL,NULL,2,2,0,NULL,NULL),(443,'Jumper Thick',1,1,6,3,0,NULL,NULL,NULL,NULL,2,2,0,NULL,NULL),(444,'Trousers',1,1,6,3,0,NULL,NULL,NULL,NULL,2,2,0,NULL,NULL),(445,'Leggings',1,1,6,3,0,NULL,NULL,NULL,NULL,2,2,0,NULL,NULL),(446,'Bras',1,1,6,3,0,NULL,NULL,NULL,NULL,0,0,0,'',NULL),(447,'Underwear',1,1,6,3,0,NULL,NULL,NULL,NULL,6,6,0,NULL,NULL),(448,'Dresses/ Skirts',1,1,6,3,0,NULL,NULL,NULL,NULL,2,2,0,NULL,NULL),(449,'Shortsleeve',1,1,6,3,0,NULL,NULL,NULL,NULL,2,2,0,NULL,NULL),(450,'Longsleeve',1,1,6,3,0,NULL,NULL,NULL,NULL,2,2,0,NULL,NULL),(451,'Socks',1,1,6,3,0,NULL,NULL,NULL,NULL,6,6,0,NULL,NULL),(452,'Jacket Thin',1,2,6,3,0,NULL,NULL,NULL,NULL,2,2,0,NULL,NULL),(453,'Jacket Thick',1,2,6,3,0,NULL,NULL,NULL,NULL,2,2,0,NULL,NULL),(454,'Jumper Thin',1,2,6,3,0,NULL,NULL,NULL,NULL,2,2,0,NULL,NULL),(455,'Jumper Thick',1,2,6,3,0,NULL,NULL,NULL,NULL,2,2,0,NULL,NULL),(456,'Trousers',1,2,6,3,0,NULL,NULL,NULL,NULL,2,2,0,NULL,NULL),(457,'Leggings',1,2,6,3,0,NULL,NULL,NULL,NULL,2,2,0,NULL,NULL),(458,'Socks',1,2,6,3,0,NULL,NULL,NULL,NULL,6,6,0,NULL,NULL),(459,'Underwear',1,2,6,3,0,NULL,NULL,NULL,NULL,6,6,0,NULL,NULL),(460,'Shorts  ',1,2,6,3,0,NULL,NULL,NULL,NULL,2,2,0,NULL,NULL),(461,'Shortsleeve',1,2,6,3,0,NULL,NULL,NULL,NULL,2,2,0,NULL,NULL),(462,'Sweatpants',1,2,6,3,0,NULL,NULL,NULL,NULL,1,1,0,NULL,NULL),(463,'Longsleeve',1,2,6,3,0,NULL,NULL,NULL,NULL,2,2,0,NULL,NULL),(464,'Gloves',1,3,6,3,0,NULL,NULL,NULL,NULL,1,1,0,NULL,NULL),(465,'Winter hats',1,1,6,3,0,NULL,NULL,NULL,NULL,1,1,0,NULL,NULL),(466,'Winter hats',1,2,6,3,0,NULL,NULL,NULL,NULL,1,1,0,NULL,NULL),(467,'Summer hats',1,1,6,3,0,NULL,NULL,NULL,NULL,1,1,0,NULL,NULL),(468,'Summer hats',1,2,6,3,0,NULL,NULL,NULL,NULL,1,1,0,NULL,NULL),(469,'Jacket Thin',1,4,6,3,0,NULL,NULL,NULL,NULL,2,2,0,NULL,NULL),(470,'Jacket Thick',1,4,6,3,0,NULL,NULL,NULL,NULL,2,2,0,NULL,NULL),(471,'Jumper Thin',1,4,6,3,0,NULL,NULL,NULL,NULL,2,2,0,NULL,NULL),(472,'Jumper Thick',1,4,6,3,0,NULL,NULL,NULL,NULL,2,2,0,NULL,NULL),(473,'Trousers',1,4,6,3,0,NULL,NULL,NULL,NULL,2,2,0,NULL,NULL),(474,'Leggings',1,4,6,3,0,NULL,NULL,NULL,NULL,2,2,0,NULL,NULL),(475,'Bras',1,4,6,3,0,NULL,NULL,NULL,NULL,0,0,0,'',NULL),(476,'Underwear',1,4,6,3,0,NULL,NULL,NULL,NULL,6,6,0,NULL,NULL),(477,'Dresses/ Skirts',1,4,6,3,0,NULL,NULL,NULL,NULL,2,2,0,NULL,NULL),(478,'Shortsleeve',1,4,6,3,0,NULL,NULL,NULL,NULL,2,2,0,NULL,NULL),(479,'Longsleeve',1,4,6,3,0,NULL,NULL,NULL,NULL,2,2,0,NULL,NULL),(480,'Socks',1,4,6,3,0,NULL,NULL,NULL,NULL,6,6,0,NULL,NULL),(481,'Jacket Thin',1,5,6,3,0,NULL,NULL,NULL,NULL,2,2,0,NULL,NULL),(482,'Jacket Thick',1,5,6,3,0,NULL,NULL,NULL,NULL,2,2,0,NULL,NULL),(483,'Jumper Thin',1,5,6,3,0,NULL,NULL,NULL,NULL,2,2,0,NULL,NULL),(484,'Jumper Thick',1,5,6,3,0,NULL,NULL,NULL,NULL,2,2,0,NULL,NULL),(485,'Trousers',1,5,6,3,0,NULL,NULL,NULL,NULL,2,2,0,NULL,NULL),(486,'Leggings',1,5,6,3,0,NULL,NULL,NULL,NULL,2,2,0,NULL,NULL),(487,'Socks',1,5,6,3,0,NULL,NULL,NULL,NULL,6,6,0,NULL,NULL),(488,'Underwear',1,5,6,3,0,NULL,NULL,NULL,NULL,6,6,0,NULL,NULL),(489,'Shorts  ',1,5,6,3,0,NULL,NULL,NULL,NULL,2,2,0,NULL,NULL),(490,'Shortsleeve',1,5,6,3,0,NULL,NULL,NULL,NULL,2,2,0,NULL,NULL),(491,'Sweatpants',1,5,6,3,0,NULL,NULL,NULL,NULL,1,1,0,NULL,NULL),(492,'Longsleeve',1,5,6,3,0,NULL,NULL,NULL,NULL,2,2,0,NULL,NULL),(493,'Gloves',1,6,6,3,0,NULL,NULL,NULL,NULL,1,1,0,NULL,NULL),(494,'Winter hats',1,4,6,3,0,NULL,NULL,NULL,NULL,1,1,0,NULL,NULL),(495,'Winter hats',1,5,6,3,0,NULL,NULL,NULL,NULL,1,1,0,NULL,NULL),(496,'Summer hats',1,4,6,3,0,NULL,NULL,NULL,NULL,1,1,0,NULL,NULL),(497,'Summer hats',1,5,6,3,0,NULL,NULL,NULL,NULL,1,1,0,NULL,NULL),(498,'Onesie thin',1,9,2,3,0,NULL,NULL,NULL,NULL,2,2,0,NULL,NULL),(499,'Onesie thick',1,9,2,3,0,NULL,NULL,NULL,NULL,2,2,0,NULL,NULL),(500,'Top thick',1,9,2,3,0,NULL,NULL,NULL,NULL,2,2,0,NULL,NULL),(501,'Top thin',1,9,2,3,0,NULL,NULL,NULL,NULL,2,2,0,NULL,NULL),(502,'Socks',1,9,2,3,0,NULL,NULL,NULL,NULL,4,4,0,NULL,NULL),(503,'Jacket',1,9,2,3,0,NULL,NULL,NULL,NULL,2,2,0,NULL,NULL),(504,'Bottom',1,9,2,3,0,NULL,NULL,NULL,NULL,2,2,0,NULL,NULL),(505,'Winter hats',1,9,2,3,0,NULL,NULL,NULL,NULL,1,1,0,NULL,NULL),(506,'Summer hats',1,9,2,3,0,NULL,NULL,NULL,NULL,1,1,0,NULL,NULL),(507,'Gloves',1,9,2,3,0,NULL,NULL,NULL,NULL,1,1,1,NULL,NULL),(508,'Sleeping bag',4,10,6,3,0,NULL,NULL,NULL,NULL,1,1,1,NULL,NULL),(509,'Tent',4,10,6,3,0,NULL,NULL,NULL,NULL,1,1,1,NULL,NULL),(510,'Blanket',4,10,7,3,0,NULL,NULL,NULL,NULL,1,1,1,NULL,NULL),(511,'Duvet',4,10,7,3,0,NULL,NULL,NULL,NULL,1,1,0,NULL,NULL),(512,'Soap',3,10,7,3,0,NULL,NULL,NULL,NULL,2,2,0,NULL,NULL),(513,'Shampoo',3,10,7,3,0,NULL,NULL,NULL,NULL,2,2,0,NULL,NULL),(514,'Razors',3,10,7,3,0,NULL,NULL,NULL,NULL,2,0,0,NULL,NULL),(515,'Diapers',3,9,12,3,0,NULL,NULL,NULL,NULL,12,0,0,NULL,'2019-08-27 17:16:35'),(516,'Shower gel',3,10,7,3,0,NULL,NULL,NULL,NULL,1,1,0,NULL,NULL),(517,'Sanitary pads',3,1,7,3,0,NULL,NULL,NULL,NULL,12,12,0,NULL,NULL),(518,'Adult diapers',3,3,12,3,0,NULL,NULL,NULL,NULL,12,0,0,NULL,NULL),(519,'Jacket Thin',1,1,6,3,0,NULL,NULL,NULL,NULL,2,2,0,NULL,NULL),(520,'Rice 500g',11,10,7,3,15,NULL,NULL,NULL,NULL,0,0,1,'',NULL),(521,'Tinned Tomatoes',11,10,7,3,0,NULL,NULL,NULL,NULL,0,0,1,'For New arrivals only',NULL),(522,'Jumper',12,4,6,3,0,NULL,NULL,NULL,NULL,0,0,0,'',NULL),(523,'Jumper',12,1,6,3,0,NULL,NULL,NULL,NULL,0,0,0,'',NULL),(524,'Jumper',12,2,6,3,0,NULL,NULL,NULL,NULL,0,0,0,'',NULL),(525,'Jumper ',12,5,6,3,0,NULL,NULL,NULL,NULL,0,0,0,'',NULL),(526,'Rainponchos',12,3,6,3,0,NULL,NULL,NULL,NULL,0,0,0,'',NULL),(527,'Rainponchos',12,6,6,3,0,NULL,NULL,NULL,NULL,0,0,0,'',NULL),(528,'Hats',12,6,6,3,0,NULL,NULL,NULL,NULL,0,0,0,'',NULL),(529,'Scarves',12,6,6,3,0,NULL,NULL,NULL,NULL,0,0,0,'',NULL),(530,'Jumpers',12,6,6,3,0,NULL,NULL,NULL,NULL,0,0,0,'',NULL),(531,'Shortsleeve',12,6,6,3,0,NULL,NULL,NULL,NULL,0,0,0,'',NULL),(532,'Socks',12,6,6,3,0,NULL,NULL,NULL,NULL,0,0,0,'',NULL),(533,'Trousers ',12,6,6,3,0,NULL,NULL,NULL,NULL,0,0,0,'',NULL),(534,'Longsleeve',12,6,6,3,0,NULL,NULL,NULL,NULL,0,0,0,'',NULL),(535,'Tights',12,6,6,3,0,NULL,NULL,NULL,NULL,0,0,0,'',NULL),(536,'Pyjamas',12,6,6,3,0,NULL,NULL,NULL,NULL,0,0,0,'',NULL),(537,'Snowsuits',12,6,6,3,0,NULL,NULL,NULL,NULL,0,0,0,'',NULL),(538,'Ski underwear',12,6,6,3,0,NULL,NULL,NULL,NULL,0,0,0,'',NULL),(539,'Snow trousers',12,1,6,3,0,NULL,NULL,NULL,NULL,0,0,0,'',NULL),(540,'Snow trousers',12,2,6,3,0,NULL,NULL,NULL,NULL,0,0,0,'',NULL),(541,'Snow trousers ',12,4,6,3,0,NULL,NULL,NULL,NULL,0,0,0,'',NULL),(542,'Snow trousers',12,5,6,3,0,NULL,NULL,NULL,NULL,0,0,0,'',NULL),(543,'Pyjamas',12,1,6,3,0,NULL,NULL,NULL,NULL,0,0,0,'',NULL),(544,'Pyjamas',12,2,6,3,0,NULL,NULL,NULL,NULL,0,0,0,'',NULL),(545,'Robes',12,6,6,3,0,NULL,NULL,NULL,NULL,0,0,0,'',NULL),(546,'Shorts',12,4,6,3,0,NULL,NULL,NULL,NULL,0,0,0,'',NULL),(547,'Shorts',12,1,6,3,0,NULL,NULL,NULL,NULL,0,0,0,'',NULL),(548,'Baby bibs',12,9,6,3,0,NULL,NULL,NULL,NULL,0,0,0,'',NULL),(549,'Jacket ',12,4,6,3,0,NULL,NULL,NULL,NULL,0,0,0,'',NULL),(550,'Jacket',12,5,6,3,0,NULL,NULL,NULL,NULL,0,0,0,'',NULL),(551,'Jacket',12,1,6,3,0,NULL,NULL,NULL,NULL,0,0,0,'',NULL),(552,'Jacket',12,2,6,3,0,NULL,NULL,NULL,NULL,0,0,0,'',NULL),(553,'Jacket',12,6,6,3,0,NULL,NULL,NULL,NULL,0,0,0,'',NULL),(554,'Diapers Size 2',10,10,7,3,25,NULL,NULL,NULL,NULL,0,0,1,'',NULL),(555,'Diapers Size 3',10,10,7,3,25,NULL,NULL,NULL,NULL,0,0,1,'',NULL),(556,'Diapers Size 4',10,10,7,3,25,NULL,NULL,NULL,NULL,0,0,1,'',NULL),(557,'Diapers Size 4',10,10,7,3,25,NULL,NULL,NULL,NULL,0,0,1,'','2019-08-21 13:25:30'),(558,'Diapers Size 4',10,10,7,3,25,NULL,NULL,NULL,NULL,0,0,1,'','2019-08-21 13:23:58'),(559,'Diapers Size 5',10,10,7,3,25,NULL,NULL,NULL,NULL,0,0,1,'',NULL),(560,'Diapers Size 6',10,10,7,3,25,NULL,NULL,NULL,NULL,0,0,1,'',NULL),(561,'Snow trousers ',12,6,6,3,0,NULL,NULL,NULL,NULL,0,0,0,'',NULL),(562,'Leggings',12,6,6,3,0,NULL,NULL,NULL,NULL,0,0,0,'',NULL),(563,'Winter hats',12,6,6,3,0,NULL,NULL,NULL,NULL,0,0,0,'',NULL),(564,'Pyjamas',12,5,6,3,0,NULL,NULL,NULL,NULL,0,0,0,'',NULL),(565,'Hats',12,5,6,3,0,NULL,NULL,NULL,NULL,0,0,0,'',NULL),(566,'Rain trousers ',12,5,6,3,0,NULL,NULL,NULL,NULL,0,0,0,'',NULL),(567,'Snowsuit',12,5,6,3,0,NULL,NULL,NULL,NULL,0,0,0,'',NULL),(568,'Rain trousers',12,6,6,3,0,NULL,NULL,NULL,NULL,0,0,0,'',NULL),(569,'Coats',12,5,6,3,0,NULL,NULL,NULL,NULL,0,0,0,'',NULL),(570,'Robes',12,1,6,3,0,NULL,NULL,NULL,NULL,0,0,0,'',NULL),(571,'Scarf',12,2,6,3,0,NULL,NULL,NULL,NULL,0,0,0,'',NULL),(572,'Ponchos',12,1,6,3,0,NULL,NULL,NULL,NULL,0,0,0,'',NULL),(573,'Scarves ',12,1,6,3,0,NULL,NULL,NULL,NULL,0,0,0,'',NULL),(574,'Shoes',12,2,6,3,0,NULL,NULL,NULL,NULL,0,0,0,'',NULL),(575,'Shoes',12,1,6,3,0,NULL,NULL,NULL,NULL,0,0,0,'',NULL),(576,'Shoes',12,4,6,3,0,NULL,NULL,NULL,NULL,0,0,0,'',NULL),(577,'Shoes',12,5,6,3,0,NULL,NULL,NULL,NULL,0,0,0,'',NULL),(578,'Shoes',12,6,6,3,0,NULL,NULL,NULL,NULL,0,0,0,'',NULL),(579,'Baby carrier',8,9,7,3,0,NULL,NULL,NULL,NULL,0,0,0,'',NULL),(580,'Tent',13,10,6,3,0,NULL,NULL,NULL,NULL,0,0,0,'',NULL),(581,'Pillows',9,10,6,3,0,NULL,NULL,NULL,NULL,0,0,0,'',NULL),(582,'Bedding set',9,3,6,3,0,NULL,NULL,NULL,NULL,0,0,0,'',NULL),(583,'Towel',9,3,6,3,0,NULL,NULL,NULL,NULL,0,0,0,'',NULL),(584,'Baby Jumper',12,9,6,3,0,NULL,NULL,NULL,NULL,0,0,0,'',NULL),(585,'Baby Onesie ',12,9,6,3,0,NULL,NULL,NULL,NULL,0,0,0,'',NULL),(586,'Top',12,9,6,3,0,NULL,NULL,NULL,NULL,0,0,0,'',NULL),(587,'baby hats',9,9,6,3,0,NULL,NULL,NULL,NULL,0,0,0,'',NULL),(588,'baby socks',9,9,6,3,0,NULL,NULL,NULL,NULL,0,0,0,'',NULL),(589,'baby socks',9,9,6,3,0,NULL,NULL,NULL,NULL,0,0,0,'','2019-09-22 14:17:41'),(590,'baby towels',9,9,6,3,0,NULL,NULL,NULL,NULL,0,0,1,'',NULL),(591,'baby toys',9,9,6,3,0,NULL,NULL,NULL,NULL,0,0,0,'',NULL),(592,'baby shoes',9,9,6,3,0,NULL,NULL,NULL,NULL,0,0,0,'',NULL),(593,'baby scarves',9,9,6,3,0,NULL,NULL,NULL,NULL,0,0,0,'',NULL),(594,'baby gloves',9,9,6,3,0,NULL,NULL,NULL,NULL,0,0,1,'',NULL),(595,'Folding Beds',13,10,7,3,0,NULL,NULL,NULL,NULL,0,0,0,'',NULL),(596,'Tarps',13,10,6,3,0,NULL,NULL,NULL,NULL,0,0,0,'',NULL),(597,'Bags',13,10,6,3,0,NULL,NULL,NULL,NULL,0,0,0,'',NULL),(598,'Shampoo',10,10,6,3,0,NULL,NULL,NULL,NULL,0,0,1,'',NULL),(599,'Sleeping Mats (UNHCR)',9,10,7,3,0,NULL,NULL,NULL,NULL,0,0,0,'',NULL),(600,'Tampons',10,1,6,3,0,NULL,NULL,NULL,NULL,0,0,0,'',NULL),(601,'Shower Gel',10,10,6,3,15,NULL,NULL,NULL,NULL,0,0,1,'',NULL),(602,'WD JACKET',12,10,6,3,30,NULL,NULL,NULL,NULL,0,0,0,'',NULL),(603,'WD JUMPERS',12,10,6,3,20,NULL,NULL,NULL,NULL,0,0,0,'',NULL),(604,'WD BLANKETS',12,10,7,3,40,NULL,NULL,NULL,NULL,0,0,0,'',NULL),(605,'WD SCARVES',12,10,6,3,20,NULL,NULL,NULL,NULL,0,0,0,'',NULL),(606,'WD HATS',12,10,7,3,10,NULL,NULL,NULL,NULL,0,0,0,'',NULL),(607,'WD GLOVES',12,10,7,3,10,NULL,NULL,NULL,NULL,0,0,0,'',NULL),(608,'WD SOCKS',12,10,6,3,5,NULL,NULL,NULL,NULL,0,0,0,'',NULL),(609,'WD BABY CLOTHES',12,10,6,3,20,NULL,NULL,NULL,NULL,0,0,0,'',NULL),(1158,'Jeans',2,1,5,100000000,50,'2019-09-05 13:54:40',1,NULL,NULL,0,0,1,'',NULL),(1159,'T-Shirts',3,2,1,100000000,30,'2019-09-05 13:55:10',1,NULL,NULL,0,0,1,'',NULL),(1160,'Trainers',5,6,9,100000000,100,'2019-09-05 13:55:49',1,NULL,NULL,0,0,1,'',NULL),(1161,'Sleeping Bag',9,3,7,100000000,100,'2019-09-05 13:56:23',1,NULL,NULL,0,0,0,'',NULL),(1162,'Diapers',8,9,12,100000000,0,'2019-09-05 13:56:46',1,NULL,NULL,0,0,0,'',NULL),(1163,'Shampoo (100ml)',10,10,7,100000000,20,'2019-09-05 13:57:31',1,NULL,NULL,0,0,1,'',NULL),(1164,'Rice (1kg)',11,10,7,100000000,25,'2019-09-05 13:57:59',1,NULL,NULL,0,0,1,'',NULL),(1165,'DummyProduct',2,1,5,100000001,50,'2019-09-05 13:54:40',1,NULL,NULL,0,0,1,'',NULL);
/*!40000 ALTER TABLE `products` ENABLE KEYS */;
UNLOCK TABLES;

--
-- Table structure for table `qr`
--

DROP TABLE IF EXISTS `qr`;
/*!40101 SET @saved_cs_client     = @@character_set_client */;
/*!40101 SET character_set_client = utf8 */;
CREATE TABLE `qr` (
  `id` int(11) unsigned NOT NULL AUTO_INCREMENT,
  `code` varchar(255) DEFAULT NULL,
  `created` datetime DEFAULT NULL,
  `legacy` int(11) NOT NULL DEFAULT '0',
  PRIMARY KEY (`id`),
  UNIQUE KEY `code_legacy_unique` (`code`,`legacy`)
) ENGINE=InnoDB AUTO_INCREMENT=100005943 DEFAULT CHARSET=utf8 ROW_FORMAT=DYNAMIC;
/*!40101 SET character_set_client = @saved_cs_client */;

--
-- Dumping data for table `qr`
--

LOCK TABLES `qr` WRITE;
/*!40000 ALTER TABLE `qr` DISABLE KEYS */;
INSERT INTO `qr` VALUES (1,'9627242265f5a7f3a1db910eb18410f',NULL,0),(2,'1efb9f5633ebf01645934bd509d93e2',NULL,0),(3,'46985d9e6d5a244cf683bacdb7d0f33',NULL,0),(4,'0af9ec1a97906cf1cac5f50617a687b',NULL,0),(5,'12ca607ce60c484bdbb703def950c5b',NULL,0),(6,'13f12820c8010f2f7349962930e6bf4',NULL,0),(7,'91c1def0b674d4e7cb92b61dbe00846',NULL,0),(8,'98b51c8cd1a02e54ab47edcc5733139',NULL,0),(9,'149ff66629377f6404b5c8d32936855',NULL,0),(10,'387b0f0f5e62cebcafd48383035a92a',NULL,0),(11,'22324b7a180bdd31e125d5d50791d17',NULL,0),(12,'69107b2e2b4157b5efe10415bc0bba0',NULL,0),(13,'168842e6389b520d4b1836562aa1f05',NULL,0),(14,'a61e0efe25b75032b91106372674c26',NULL,0),(15,'b8f0730d36571e4149ba3862379bb88',NULL,0),(16,'cba56d486db6d39209dbbf9e45353c4',NULL,0),(17,'d0e144a0a4dc0d8af55e2b686a2e97e',NULL,0),(18,'e1fdfdd942db0e764c9bea06c03ba2b',NULL,0),(19,'f6f20e805192618def2cb400776a2aa',NULL,0),(20,'dfc2cb7181c1bcab96bc44af23ede2d',NULL,0),(21,'e3c6519f3b87b35c4a30fab29f0fe82',NULL,0),(22,'496fe6d9139beced25ee1de4a8a90c2',NULL,0),(23,'e2d4a7d992bbba3caaedf755cb607cc',NULL,0),(24,'3d37bad036554c43e8fd89ce6243a43',NULL,0),(25,'8241b9332a672752ad1c5fc5dde7885',NULL,0),(26,'6ba772e031e32ba8288f65567854c9c',NULL,0),(27,'4b43bd32fc20f4f3fec2f395393318a',NULL,0),(28,'4b5c217455a34a62ce5f29d8f1f9aa8',NULL,0),(29,'bfca3800cf011940f0d1af67f1dfd4d',NULL,0),(30,'b8756a34a2c54af3fb8ff7882c785ce',NULL,0),(31,'43d5845fe5847f7c56cca10567ee9cc',NULL,0),(32,'8d7dc2db3cfe2c87e09b28eb3c76fcf',NULL,0),(33,'b03099ec44a377af7d12380bd714811',NULL,0),(34,'b0c71cc870f88607610035122e7b1be',NULL,0),(35,'96455bb5883add1519c72842c8bbb91',NULL,0),(36,'fb4d04a85a4ed6af14b7028c6beaf20',NULL,0),(37,'ea370c65880f9674a52708845841dde',NULL,0),(38,'94e43d3cb288e7b14e52caf85e74e3f',NULL,0),(39,'599a5390c608499a3641be579094e59',NULL,0),(40,'6a07ba863c356ad0b937e19eba2cf37',NULL,0),(41,'8051765933e8e0174282cbbb0775a40',NULL,0),(42,'02c75a146d4de1a30f50be1052ac179',NULL,0),(43,'917327b674ca3d9fa1bfac0a4a20d66',NULL,0),(44,'06a66c68046e73412975563626c9372',NULL,0),(45,'53edceb9d01159f5c53405fe6ea70da',NULL,0),(46,'0d95a1f5b77ec12f26751c59699e0f9',NULL,0),(47,'035aad1daf763ba59800d8b3ac92124',NULL,0),(48,'084f052bc5fc91b1a623c56b6187d30',NULL,0),(49,'f4c31f28471f9882981d3f693935c99',NULL,0),(50,'6f000deec6db292d8093f8cab3e5d83',NULL,0),(51,'e213d03daa09cb605cb9ba9c5a07cf1',NULL,0),(52,'17ad0da585b4f9744ffc66e67355557',NULL,0),(53,'48034f478468605fac21934b117b053',NULL,0),(54,'62a455c752740ce655b3ef1b19497f5',NULL,0),(55,'66087082fb1433bdfa48b9bfd255dcb',NULL,0),(56,'dc89000023e5fe7148bfd77bc9ddbfb',NULL,0),(57,'fb9808d0a08465d8b0603891ddf2a02',NULL,0),(58,'d9af996d96b3b2def935e984430f18a',NULL,0),(59,'f2f49ec3d7d8358eab5ec0d3a822f8b',NULL,0),(60,'a54ef257093a525bec5d22e2ec41878',NULL,0),(61,'af84a80fe21a862243474979fba452b',NULL,0),(62,'a2d726622e4de8fe010ddc0dbdc8e8a',NULL,0),(63,'c46fd7e6c552029fee478fea6dbc9fc',NULL,0),(64,'b6c49f30f439a85a5847ad64a77d304',NULL,0),(65,'1c6fef7f5e5ad941bccb2929a966fed',NULL,0),(66,'816266f2c4d8783bc2a685d3185e8d9',NULL,0),(67,'e09519ad7f40d50766e739e69680d11',NULL,0),(68,'994be4af543602485d9d9c3cd13dfe1',NULL,0),(69,'9bb62bc38ef1b058795d0171d998e40',NULL,0),(70,'e763e04ef107bec1db30765c81d7752',NULL,0),(71,'1446e1680b423931efdd22dfbb51013',NULL,0),(72,'30421d5ec4434e01ce87b8e7295ccba',NULL,0),(73,'e0991fc977e1ef88be0100a817cb0e6',NULL,0),(74,'f44b32824ee04e79a96329fa0bd5be3',NULL,0),(75,'45968395ccd1f0bbcc0850560228b9f',NULL,0),(76,'8ea4d5884f2b8bdc2af8de5d24ab89f',NULL,0),(77,'abb194a20669979bec2a922ca55be4b',NULL,0),(78,'80b547967c183c09fd171c71922b005',NULL,0),(79,'cbec526c439049a19a8e00b36627695',NULL,0),(80,'cbf00a1ecb2f7ce8d62a78a03b74612',NULL,0),(81,'5dec2fbd87b201e1224d3b94ac282d5',NULL,0),(82,'d0a53e47a9dc1bc9bd846b6d80c7d2f',NULL,0),(83,'0a85f8d3bc751ce1469bd357e56e922',NULL,0),(84,'bd2ae28d6d6b5c7329d5636750d3b90',NULL,0),(85,'54dcf712394aa71e52316379cd8d5a0',NULL,0),(86,'dd2a96d1da4d5cf64045e8aa8a70255',NULL,0),(87,'d58ee7e390c85a9779f8a9cbb01b8fe',NULL,0),(88,'d5e6be9ca103da4012125b44aa663c3',NULL,0),(89,'f4a762653206baa142648e10a0a64e9',NULL,0),(90,'1ed34d446df3ef85f66c5b2cbcd4e0a',NULL,0),(91,'939a58fc10958f535754d83dbb6d51b',NULL,0),(92,'69014453f38a502859f05be978d000a',NULL,0),(93,'2a36d29657cf0840dbcfd107d652518',NULL,0),(94,'c0ba4f8765d98346513b2ac0f24ffe3',NULL,0),(95,'d128fdf4837a0328625ce147f73d9eb',NULL,0),(96,'0cfccf81df04b49a8bd1630eabe535f',NULL,0),(97,'9862d1551eea632aaff485c5c49c92c',NULL,0),(98,'9cc9b7fc5addd84345593f7ac505c04',NULL,0),(99,'5d071fa9ba5d3a8717cf96eda5a7636',NULL,0),(100,'54698be9fd7eb37ab9634c3533a55fd',NULL,0),(101,'2c68f4812149e3db1003270e0d37067',NULL,0),(102,'37a09d41dd2e4641a19a9284c4a8c5c',NULL,0),(103,'9251caca6a48ed78b38f0a64ff9701b',NULL,0),(104,'42a69e296d5937bbc16120e001e0df5',NULL,0),(105,'0b6266e8adaf1b0c35fd68f46e5188e',NULL,0),(106,'135e499b4de9e69b9fcb601c2bfcea5',NULL,0),(107,'353a062eeebe392774b8642bc701bf7',NULL,0),(108,'560c3be52e0d688375916106f59cea4',NULL,0),(109,'39f737fbd5caf5512260a54c3e1d730',NULL,0),(110,'b724a2597b96ec0ec28193f654ea486',NULL,0),(111,'f6f7c7102cc92d8f63aa0f12b6e998f',NULL,0),(112,'16c4a1e26d5ea1c3ddee073e505d69e',NULL,0),(113,'e3b16fa56f326ac2fb997db111b163f',NULL,0),(114,'df7fd18d3cf3439b161eac2e769042d',NULL,0),(115,'4bf584cc8532bd9112bc3979bd8ed2e',NULL,0),(116,'54e7765b1f6fd8823092502fa5e357a',NULL,0),(117,'a785ec66ec425a4d6b5a32d5522d080',NULL,0),(118,'7828a13d29da1040c2a8fd092622372',NULL,0),(119,'73a4a529fe92c3603fe0b632943167d',NULL,0),(120,'c0545188baaecb995ad9dc7d6414aa1',NULL,0),(121,'e95adcb67ef06863c84bbf3cee85171',NULL,0),(122,'549c73fcd2dd0257840e44960a93fff',NULL,0),(123,'ac872a2bb69f103748a91063703d7b1',NULL,0),(124,'f1d7e6fc8fee7fc26591165cd186b24',NULL,0),(125,'775d09f5d59c0cb47c686360a37b417',NULL,0),(126,'87dc68968bf3c39e8bb09bdec1c4e4e',NULL,0),(127,'8cc0fba7fcb8f9ef9278226811d0703',NULL,0),(128,'0a4b809f1116e07f8dec26fcf68e3bd',NULL,0),(129,'b3a2a999700f21b2f565115d860df00',NULL,0),(130,'c80ae55e42363ce13314f370f603654',NULL,0),(131,'12845d2f377b6a900373fb2b673bd85',NULL,0),(132,'49aaf8b0d91ea93b2fe6952e0157152',NULL,0),(133,'7bb71144c663d98eedfef1e89118fef',NULL,0),(134,'8303fd3724eb7f67e38cb291088ec3c',NULL,0),(135,'d0eb624be8a14be87dfd9d8e6f88b09',NULL,0),(136,'4ef652bb182a18ae20fc6d8c6a26051',NULL,0),(137,'8d23aa385d56ba961feba5d352f278a',NULL,0),(138,'765821809a50e2acd65935cfeeea11a',NULL,0),(139,'be025ef23fb012915be4c4b2b21222d',NULL,0),(140,'48fa72723ec5b68819d686aca01252c',NULL,0),(141,'1e944b94ac072f7af113c88524cc140',NULL,0),(142,'051d1b78047370e4faaafc76a2f8a01',NULL,0),(143,'d0e622ac8a6a962964c15bedca8822c',NULL,0),(144,'b7798380b3c8c901e162d26d2085a7d',NULL,0),(145,'685911be9651c57a74393e106733591',NULL,0),(146,'348cd568535dae57e6a60352298dc5b',NULL,0),(147,'0d0bcdfa2ec55285e52794fd861fbf6',NULL,0),(148,'e271807ffd21c66fb4884d9bbd90530',NULL,0),(149,'db7d22cebdc57632bfc0a23a504424b',NULL,0),(150,'44b959c22f265b8ab43408dae445867',NULL,0),(151,'1652ee3710d70738be35837ba5819cc',NULL,0),(152,'38ba031ddb6a450ec65f0996abc3826',NULL,0),(153,'a1dbad88c56a1f9a9568e49a8e51d56',NULL,0),(154,'1248f67fb00f0ab7c25e8638503cb1a',NULL,0),(155,'9a5d6f0e709c921c1ef9160f17486d0',NULL,0),(156,'3a243b483c578374f54e0942e1f843f',NULL,0),(157,'87ccf3d209471309447ae3a694e5011',NULL,0),(158,'9eb5ee06569859fdeab6264d80fac76',NULL,0),(159,'ec0485252459c43decd28d0c5431e83',NULL,0),(160,'10184c06ed06832c2d77fb20f71d4f6',NULL,0),(161,'f215acf0b0fb9cc90deae79f2122a1a',NULL,0),(162,'77bfd8128cce272d26369c4d05c9721',NULL,0),(163,'854e9dd4df4b5e00e174ea0704fd8ec',NULL,0),(164,'f1d199fc5c259a3b1d85187c0051684',NULL,0),(165,'6e20cd35a3ff589abc80f15c2fd9fe3',NULL,0),(166,'afe823bf27b3e6c60b639f4db901873',NULL,0),(167,'57fa9a9f0b4b651088db52b5b17f2b7',NULL,0),(168,'37855a199f3b1f35df0e9467bcb0acb',NULL,0),(169,'747ee6f46b0d34702c11bba8c2eb00b',NULL,0),(170,'d987140c6bfa14169f76caff683c40a',NULL,0),(171,'362b17aed217cbdabcccec1f500f260',NULL,0),(172,'54f7c5a74a93db8511da9457017778f',NULL,0),(173,'0fe0b09a9d20b1975bbca95be5795dc',NULL,0),(174,'6e3538d6af645490fb603fca3a19b77',NULL,0),(175,'ac16f81ad439cee7a431e487163c98f',NULL,0),(176,'a7de83ca14ef90c3a7e298bd2eebec2',NULL,0),(177,'7441bc01394837b5b95d9a4928628cb',NULL,0),(178,'b40795f72d4dcd72eebba04d04f6cf1',NULL,0),(179,'d6cf3a2ab899529a2ac4bffc9e1c8e9',NULL,0),(180,'313684c171a27b6d0f2ebe6d66d5f81',NULL,0),(181,'6a64e27ed026de057131ad2fc136c0d',NULL,0),(182,'5392543fd3605b378987c6022b98913',NULL,0),(183,'f09c121167c66f76f1ecc3571a036fc',NULL,0),(184,'185b8f5caf950d3f40d5930c82c5172',NULL,0),(185,'6159a0431e9a214b4e4b363fec77202',NULL,0),(186,'8e1ac8a8b6319d9c640f938ecafb6f9',NULL,0),(187,'602f43295a6a35b18d453ca096f40c7',NULL,0),(188,'e6f72acfc07715c1c4e7d67e99618db',NULL,0),(189,'23b0bd1aa069c7abf50de1e59974a3a',NULL,0),(190,'419d5329c1d77f22c72babab4c1d7e8',NULL,0),(191,'7a342478e43e4d66181b20e16230ced',NULL,0),(192,'b27bdbef936ab79960650df784bd90a',NULL,0),(193,'bf90eba76aa2f10056a495ed6a673aa',NULL,0),(194,'93d4bdcef00d018a33ae2a7f325f0ff',NULL,0),(195,'31e8432e9b23c0a589291bef0be1b3b',NULL,0),(196,'9c7b2e55fd2f680ae81854d1bfb48d9',NULL,0),(197,'f4925a9782728619e52810431926056',NULL,0),(198,'df4ded0611d4525193863972921398d',NULL,0),(199,'d7cd10caddd391f05e9cfbbaaec6248',NULL,0),(200,'01b9d4a7772ac800fb91da15e112bad',NULL,0),(201,'94e858087821a7b562b0ec1c3e9a618',NULL,0),(202,'406195a7d244613f11d48ce51288c6c',NULL,0),(203,'b2da2c2910b9da0aba300a54b285872',NULL,0),(204,'8c9c87b7877a62ed9edadea3f056957',NULL,0),(205,'5f6394a5ef55d3c4fd9691fb172840b',NULL,0),(206,'d951937a3babbad896f9f6884ab5ffa',NULL,0),(207,'3dee42af5e0f4ee15bfdf2685df2398',NULL,0),(208,'b0d8b95e2ab663c5efbf836b9bb965f',NULL,0),(209,'a865c25af04f387770e2a012f596bc6',NULL,0),(210,'52e9ec37705b70e90865a2e96e24164',NULL,0),(211,'5ee37c14e3abd47961d9c8d8032476d',NULL,0),(212,'7a1fa76d4d8a76097619163296e071d',NULL,0),(213,'05999f13a22cad52d9426cda9ee8edf',NULL,0),(214,'800a6b5a6ea2d49e3b273b97fda4e34',NULL,0),(215,'6fd91d5c3e41aaee4f7db9604a0ebe0',NULL,0),(216,'059ce2fb33cb89453882402cc67a10e',NULL,0),(217,'3628e23b571be6901e13a9ec22e9437',NULL,0),(218,'c3fb7132e1f1b422566332ebaa55289',NULL,0),(219,'78f225cb3a3e7c0ba84326b116a7051',NULL,0),(220,'fcca133119b93f204fce2447741ce72',NULL,0),(221,'46625379d1e60251748f58cc1be82b4',NULL,0),(222,'32dee417e5f6d585da81eb442b8f172',NULL,0),(223,'a781b1231b56ca34d87361dfd871c55',NULL,0),(224,'0fd6e1e1cc4c9ee2652dd311c1ceb8b',NULL,0),(225,'c359d478bfcadd7bdcf3b6e440e8235',NULL,0),(226,'a68f947b0527bc9f245073dfc6a268a',NULL,0),(227,'308a20bee3e567379474e5c95cf93a6',NULL,0),(228,'1f53a697f639da4647e78be49ee1fc2',NULL,0),(229,'64126649d1105ad438347aa8ffc5894',NULL,0),(230,'ea113cd9efa9561f8552acfbf7d2c0c',NULL,0),(231,'3ca1ba0e7ae82f77d3d650bcd40686b',NULL,0),(232,'6e02826b805e218a4d023a3c3056f1b',NULL,0),(233,'91662190a745066e7bdffc7e35f38c5',NULL,0),(234,'7f6335064ab770c00b0d59e52769500',NULL,0),(235,'9ec24e234aa6ed3b857515c32eb3c72',NULL,0),(236,'10622a3d13411da447e68e42f15fba6',NULL,0),(237,'4d6298295cbbb8401e614b05a6fd833',NULL,0),(238,'654bab7af9f9d2b4b72e1c89d1bc172',NULL,0),(239,'9c4b4426c9a6e7c27a46eeee258dde3',NULL,0),(240,'0926aab22974a6299756ba834455bbc',NULL,0),(241,'002ab69f88e9e6b2a81d70989e7e236',NULL,0),(242,'b4ea6b3cb28996831320e17fbef0996',NULL,0),(243,'9db45e0557e3c2594a82378403469d5',NULL,0),(244,'358131aa2e6aabb6624e77509f106cc',NULL,0),(245,'26ccc53656b1b8f073534af0df3b25a',NULL,0),(246,'0c56984724bb9099b961c155342ae8e',NULL,0),(247,'1174d9392917698371cfe42e96736a1',NULL,0),(248,'6ba0e9fba98c1864ed5f49fd807bf2e',NULL,0),(249,'3d79625f83b846f52f79c85ab1addce',NULL,0),(250,'5229c2daaea888361f3a7edf4f77a7b',NULL,0),(251,'90188125154a0d1193fc459468edda3',NULL,0),(252,'f77aa9de11c9df203991439d059bdec',NULL,0),(253,'4a8df891ac0dc7127d74f4cdad0bed4',NULL,0),(254,'379830353d88331630bcec05caceef6',NULL,0),(255,'edc8231760d7b0a31689983356e1fe6',NULL,0),(256,'f6d346bbaf264993029ddaff17396a2',NULL,0),(257,'e794f108ff41f2e0ebf856a48991c7e',NULL,0),(258,'24bf8d1dabaf28d0cda1697211abb9f',NULL,0),(259,'75333d9c43c880699bc5644092d33f7',NULL,0),(260,'4111593c302f1bd234488d970085e9a',NULL,0),(261,'6fa37644fc1e78973283cfd08320361',NULL,0),(262,'1ede7d45b72858c7162585d367e3672',NULL,0),(263,'a548ea98d7a257a35024e8ae26181ef',NULL,0),(264,'d07ee2c0420b47b7946d236749366d7',NULL,0),(265,'eeab3f9ec381a7a254495116659fa9b',NULL,0),(266,'5f983cffa8ca39b834803ac6faea51f',NULL,0),(267,'5da481f0c633c3439984fa9cb285792',NULL,0),(268,'f336650e36e9f360fbe55ae7a14adfb',NULL,0),(269,'57b1a15115d13416a2523a1c617a429',NULL,0),(270,'7bd51ae4f8aa3387fa0e492c5a7f679',NULL,0),(271,'62b1bed3c30f4bfb542a88da27462ec',NULL,0),(272,'615eb8e6add034cb70ec88e397d89bc',NULL,0),(273,'8d74d132506354c0c10d47a8686b1be',NULL,0),(274,'0de3a8ef1b95b3a93f9d67e598caaa5',NULL,0),(275,'b4a810ab2dc49070349f3a72d529a5f',NULL,0),(276,'dd4fc46874e16f040003c81b9103689',NULL,0),(277,'33553732caf69c925b3c0e8abc71297',NULL,0),(278,'f030e14a891d3638124571ee2546097',NULL,0),(279,'e94b76493c7d6a9a4fd269999422dc9',NULL,0),(280,'49d87ab71aea3d5ecefefd7bb0bb86e',NULL,0),(281,'5b3dc1f1f03d76ba168176f4c4bbff6',NULL,0),(282,'d2819c871abc624b88eb954ceb1ee03',NULL,0),(283,'ba8f0af75d171bb934fa85eb7dcbab0',NULL,0),(284,'ddbc31ef9a80a5a3f60dfe9c567520a',NULL,0),(285,'a4d3bda8d78148a8449b0be352410a4',NULL,0),(286,'04da16075b7590012509d87df4f05fd',NULL,0),(287,'3c094450575aec8ecfa5faabf89d000',NULL,0),(288,'125d4b5fd8fb32272927e4e75dc9900',NULL,0),(289,'bcda40a734a64ee7dbec88222502c00',NULL,0),(290,'c66b299193fa1e1953787a2d9f40ab4',NULL,0),(291,'7bf19258ea757eef6b0c93aee7b30f4',NULL,0),(292,'617b11d86fd2e7d8511b5b6bf2aae85',NULL,0),(293,'4f41b200e35b4a5982821f1a42fa333',NULL,0),(294,'89ae0742dda13ae375e0117ab4fedc5',NULL,0),(295,'bfa5c1d73aca1ff473aaa9aa8e9b4b3',NULL,0),(296,'b092390927d6624f7a7907e8527addc',NULL,0),(297,'c3b80bfc62b0e4cf249e4b7ea03a11d',NULL,0),(298,'b8bb4e76ee7723f3fbc63296fb0f2a7',NULL,0),(299,'d52049aa585e0cb827ac30068d42743',NULL,0),(300,'c7f258720f626b4d55931195c4d8abe',NULL,0),(301,'9ae66f6697f63d551d49a63bf544260',NULL,0),(302,'3f96f04489dbbf31e1a04642a19cabc',NULL,0),(303,'c821e19df4795d8aac7a0833687efe1',NULL,0),(304,'c403eb36f17de0a513798b814212cec',NULL,0),(305,'c0066ac78a76a2f362cfce746184020',NULL,0),(306,'734f33cac03f84dcb5a71b04b0fc4fe',NULL,0),(307,'ef4d9a92613127b89fa2a32e32023c4',NULL,0),(308,'e3b4fcb22e54f8536a26f07637424c1',NULL,0),(309,'07719bee1f97794c887918e8938ad41',NULL,0),(310,'6fc01d8f072176f886c288598748b67',NULL,0),(311,'775d78857f81b6ce1d86bf401281064',NULL,0),(312,'025725433654efea79b4cf84ea3b35f',NULL,0),(313,'7f1f26827e8131f4991e0ace677b440',NULL,0),(314,'b4367de73c0a555a6b7c5a5bf63537a',NULL,0),(315,'f0ab375a8ec5b64f1280dada20f03f2',NULL,0),(316,'2013ea8da3d5f3a186b1a0fa10ab3cd',NULL,0),(317,'45bdab407412c9c19b41721abcaf169',NULL,0),(318,'e090214f0811948481d8952b224fec9',NULL,0),(319,'ded7279adfd066ae3e1f5a9495fa4d5',NULL,0),(320,'fe95ee6670793470a5557226a78aca7',NULL,0),(321,'90bf5cfd448b6b2a873f64123768a78',NULL,0),(322,'65beb2aeca99cbdd0992899726792e7',NULL,0),(323,'bab8f0609364b043ccdb84be1d2f1c7',NULL,0),(324,'5f48766f9731a64d0318c1215b3687a',NULL,0),(325,'64ff1dfc87f3f67d8ef25385368046a',NULL,0),(326,'211f2a02a0dc57d3fe6c09b750ed746',NULL,0),(327,'ccfd0d8614bb75e0bb1769586b6d8f1',NULL,0),(328,'c034ff30b53273c6ed28633d62c683a',NULL,0),(329,'6d62cddbadcf5bac27121b696ae83c4',NULL,0),(330,'e0a770fc1fe74239df636dea6dd8c9d',NULL,0),(331,'8d2e800860057f8896f3ccfb0d65709',NULL,0),(332,'f7c558f0afaaa99828c3002546be4f2',NULL,0),(333,'ac517f6cea1b1bbec4bd1f1677dbfbb',NULL,0),(334,'380eb2308711b406b7914b42c4f06fa',NULL,0),(335,'293de2abaab2e25f76d011ead82d2b1',NULL,0),(336,'893770a9eb9e319f9cce4ddacd68e21',NULL,0),(337,'febef591607dc03b23570b84e77a2f8',NULL,0),(338,'b4c1c14aeed8203b752684b70f3dff1',NULL,0),(339,'1730aa8e60fcc48b8f991de520ae194',NULL,0),(340,'e227216e015afa2c36edc205bf7ae09',NULL,0),(341,'e7c7fcb4a11e5feb602de752714f8b6',NULL,0),(342,'35e49b7a00723eb982457b680a52184',NULL,0),(343,'3fcf475099baa9d276c9c44e511f6a9',NULL,0),(344,'a31ae752bbc23d9a956f0cad1d57da8',NULL,0),(345,'2c94262b648becdca1df71e6f3cd8df',NULL,0),(346,'138ad0de2dc4aa60ddf08d9ce439b46',NULL,0),(347,'df84c9c525a12bbc5889185f396254f',NULL,0),(348,'cb9b59993406bca395a43dd9adf8395',NULL,0),(349,'60b4c62e1698294e9c4ab40a891ea5a',NULL,0),(350,'21d241421bf4daa18b05e30a6fa4370',NULL,0),(351,'31bc3fdf7c9135e597bef64597566f4',NULL,0),(352,'ed8006afc034c5d9f237bababe367fa',NULL,0),(353,'6a3ec283083853dabd595152e562386',NULL,0),(354,'21e0cb84e81775a9775309a82e9f9ca',NULL,0),(355,'62e0cb5274a2f68b0574ce89625563c',NULL,0),(356,'257bce1f664132a77846cdaa66741db',NULL,0),(357,'4053e0bbddfb578bc4ac1ee5e6d3d9d',NULL,0),(358,'87fc7aa2ade72c95ead62454cf97bef',NULL,0),(359,'12db6bd73d542b293f800a1463dfd0c',NULL,0),(360,'70aa691fd8081428f65b904788a6199',NULL,0),(361,'c65331f7be52de3316ee48b9e84475d',NULL,0),(362,'bbb64eb6e5e3fa9439309ac8a65e835',NULL,0),(363,'a661da66a29c009249fdda5752c4cab',NULL,0),(364,'ecf225df776684d978d6bc99a0399d7',NULL,0),(365,'2c03aaf8c5e4c9f7c47aeceb0906575',NULL,0),(366,'ae3c17f834226ded886f416f25e8f2a',NULL,0),(367,'fcccbe309fcddbb776f02cb8277ea5b',NULL,0),(368,'691c9e908dcb37677927d77b92091e3',NULL,0),(369,'27af1e6fcdc0583622377fbbe70ad53',NULL,0),(370,'31475ed4ccde1aa07781e97fd1c229b',NULL,0),(371,'5e00f986251149c04f1e7fd8ed3bda0',NULL,0),(372,'662eade816f13676bb422c5c561f58e',NULL,0),(373,'d6c15be458ecf8f740a9e9b66f22a6a',NULL,0),(374,'cc30e84ae3a138cb60ae1a4c8b3f796',NULL,0),(375,'1d46a553db3b159c7444365169e32c5',NULL,0),(376,'1da81b48e2d85ce141429e2f6252088',NULL,0),(377,'9acb8f1f0854c7ad2a719d7ff048a9f',NULL,0),(378,'1e68ecd9a6bf8a935f76f6bfd5088ac',NULL,0),(379,'fd52d9d0b4850ad2546ca1aec44ef02',NULL,0),(380,'c167570b82f91258bb2e493f7625f8e',NULL,0),(381,'ee0239e25aedbab4c9dcd3c42808afe',NULL,0),(382,'38c57e912685e9b4d5e57642bdc22b1',NULL,0),(383,'c869c2ec54b9b091116b49a82292670',NULL,0),(384,'7c1e0373cb8d993dd80782b9952a290',NULL,0),(385,'baa59da643a7bb5cdbb47324e45b7e8',NULL,0),(386,'ddf5f9188ac5fd75ab00466caf25925',NULL,0),(387,'a4d8098e1b0c94f755078480b3d443b',NULL,0),(388,'4d1b5969bceb7a014c2825637d97574',NULL,0),(389,'47b5e68f1616b60e08bcac85134acd2',NULL,0),(390,'abfff8816d8ce6fb3c6712784d24899',NULL,0),(391,'f34b97673aff719ca98c76700ebb4a7',NULL,0),(392,'63d7f42c02e88c520ff0678b6ba13eb',NULL,0),(393,'0bffb3e840d458c32f728c5ba53e367',NULL,0),(394,'f247f5861a76a767ee136782dacbf3e',NULL,0),(395,'ef963318e7b0c0ddf62ffca1bfc4557',NULL,0),(396,'d8748fcf6f7aa2824c8c8770e1a61f1',NULL,0),(397,'f2f767b4dd408e91edcf42cfe59a94b',NULL,0),(398,'81a5548cf4a0b7515d62d4e56b9f064',NULL,0),(399,'c822a4be56d68d467b12af88c0701d7',NULL,0),(400,'27413d5767fa542c3be8d75c2838abf',NULL,0),(401,'3d8de58b95d53956be88cbdcac56070',NULL,0),(402,'762e069f2fa01fe978427a58c033060',NULL,0),(403,'953cd6d7b8ec073ba260b6aa2da4fa6',NULL,0),(404,'99f9aabb4c7a339e344212ad12fc152',NULL,0),(405,'5ff1f38743b3fa6115da8115ce2d62e',NULL,0),(406,'ee2d3423579b542fd86d0a5a4b79d8c',NULL,0),(407,'342e80aa1f470c902a4700567b18844',NULL,0),(408,'f1c0457c7eea98091c9e294732ccdf8',NULL,0),(409,'9f8b238bbd7b8ec02264d790442ebc9',NULL,0),(410,'08d2edefdb2101ebd4245bbe7e14876',NULL,0),(411,'504d830ae87dd63a75bc65efd2ab9ae',NULL,0),(412,'8948702b6096efe363e374c4a00c663',NULL,0),(413,'61bc49ae0feef224cd018cc5eb0db22',NULL,0),(414,'a3d9722c133aeeda5db2c2b99a30406',NULL,0),(415,'73b0670e5b87dc4e70ee9424941aac2',NULL,0),(416,'f0cf2a341d30d844358009e3cf440ce',NULL,0),(417,'f0782f86856a4869d81d5e377915c76',NULL,0),(418,'fe7225eee6d8b1bd6cba3b6098bd7ff',NULL,0),(419,'1567422180bbfff75f6a75e48ec28f6',NULL,0),(420,'206f8da9305c475c207c70b2c860b26',NULL,0),(421,'876a9989b293253961d180f3a16bc2c',NULL,0),(422,'3a7621f6b4d5379a202571d36a73b56',NULL,0),(423,'20521f73695d7dd835f045a40ffd6e6',NULL,0),(424,'77920ee250350ba793a5aafb3e09679',NULL,0),(425,'4f111e3b78caec395df5791045595a9',NULL,0),(426,'75e01ea93a8ef5e3e22e727cb2ca28d',NULL,0),(427,'6f37bb3adf341883834436cf8c63803',NULL,0),(428,'56a6baeff5e2b5203a25d7f0a277f75',NULL,0),(429,'2c862afa8546f9240ba020d32c22957',NULL,0),(430,'3067fea781a2d8bc91675669f008680',NULL,0),(431,'b577b06cfbac2bc6f493c16038c1914',NULL,0),(432,'e574a1dc6e6837d81e3a98c5d64f327',NULL,0),(433,'f9862a94cc9fca6be2a32b080bb3efb',NULL,0),(434,'985ae7053fd6c435388e6f1f67e61a3',NULL,0),(435,'5f44a44b1c75e54e00b7e32e857273a',NULL,0),(436,'9c57370469ba4f80eb9087556be784b',NULL,0),(437,'7e626e66f826a6c2b466b87d03657f8',NULL,0),(438,'4fffb66c1ad3f3fbc8d2cb7869050ff',NULL,0),(439,'bfee1961982706add55dfdf2bb0073a',NULL,0),(440,'49310048959ce5b154c212098368a3e',NULL,0),(441,'ad3782bb1eaa064d18c608dbcc9f8f3',NULL,0),(442,'a6e94e7bbec6ca6660cddaf70d5b881',NULL,0),(443,'8372ab4bafd638214e46baa1f7d417f',NULL,0),(444,'982565f08c7c76bd550ddec8bd21e8c',NULL,0),(445,'cb65fe0f4bad87cb97e2eb495f2e138',NULL,0),(446,'8b5337261b881abeed64a46a168fed1',NULL,0),(447,'042d2c6421d342592305af181cbec6e',NULL,0),(448,'9cd8a41881e7bf55abc513cd8a97f87',NULL,0),(449,'8325e82d6089f51ef645f30acd31216',NULL,0),(450,'534db37a3d2d74f1e0ad178df68f75c',NULL,0),(451,'951e37489718f47d5d231887ea6f0cd',NULL,0),(452,'8202d2a4ff79b5bee1bf12118298dc7',NULL,0),(453,'d771aa0d5a76612088933868bc4059d',NULL,0),(454,'9ed2c0d84d3517923a2d73bfdb7d978',NULL,0),(455,'f7caba2f36d8a5e7075f2475ae02ef1',NULL,0),(456,'fd6f56c51ce17c2ae3140649074a7e1',NULL,0),(457,'f2b817fb4228c4d9079d30e0f47dc57',NULL,0),(458,'42689cd653987adcc4d20d2ba51b5f5',NULL,0),(459,'64cdc1192ad115f3d3934a68edabf51',NULL,0),(460,'f192e10c0c94ed57ec5ea1843bc8b5f',NULL,0),(461,'2d41a879ec499809cd25e23aafbeaed',NULL,0),(462,'a34e18a0561cd4c1715635290ebf3a1',NULL,0),(463,'d249071fea74e731a657530ffe8b599',NULL,0),(464,'e3ab9f02f660ffa421949109829c185',NULL,0),(465,'812edcc2698001d026328eef92d8fad',NULL,0),(466,'6225a6a50bec4a3b29f9cdd9f2baed1',NULL,0),(467,'a47a6bda9113fb403a5384607337da5',NULL,0),(468,'c8be6e21e13cd367288a34de4b2d6dc',NULL,0),(469,'0742d15b8bc4d05cfbe1a0b65c912a1',NULL,0),(470,'36cc309f8e3d5e281bb8c296812852e',NULL,0),(471,'291ff2b21f63a8ab4faa60db27632d2',NULL,0),(472,'512db20b9b4d97f43bab03adf54212d',NULL,0),(473,'0c990c1fcf4b0e5d34ae99da554d8d3',NULL,0),(474,'9b1cc9b62d32e21d17654e133a2be62',NULL,0),(475,'92b5b52fd1cb7157b57edeff06261d6',NULL,0),(476,'2f82ddc86ba2942d446524ed8cd27bc',NULL,0),(477,'b3b2b51ff635840d6460db6f68e2560',NULL,0),(478,'c5ccce3eae6808e9c78ad480cb2da7d',NULL,0),(479,'ab86183c06cdfb3344c04e43ee30a05',NULL,0),(480,'0fd029460a4a7364a3aec6a885ccc22',NULL,0),(481,'d3b3a38b89cfb34c023ca327d463e80',NULL,0),(482,'a982daaba98fd1deac05fd3dd43c5a6',NULL,0),(483,'44c7f6e2c97761fdf90c6277b7c4b16',NULL,0),(484,'5c5a2d1b3de8325cb9ece62710f72c6',NULL,0),(485,'5030c7fff49f2fa73eacfc71c923532',NULL,0),(486,'eed170476a7921628e19354263a78b0',NULL,0),(487,'b672d21bc12c62d6b53a6a419014b85',NULL,0),(488,'306c6a65f3271242e3d8e39207234cc',NULL,0),(489,'f9145fe8f365604b4756d76f5df1de9',NULL,0),(490,'948ff023d91f00f3fbdca05466f231e',NULL,0),(491,'514002aa3fc72172be23706aa2aba4f',NULL,0),(492,'411e54feebe875196be8e0cf374e373',NULL,0),(493,'66e976307fd7cbbfeccde7a57a69cb8',NULL,0),(494,'3d1f9bf52c3db7cd3feba0f65c817da',NULL,0),(495,'f0819517d181766664fe0967f92bab2',NULL,0),(496,'a9fd18ae5b39bd2218b468fc46a536d',NULL,0),(497,'e5435bfe13ac7c549874641b954c484',NULL,0),(498,'95792616d1cfb7dace745d23d7c6496',NULL,0),(499,'262269667d51c79d4f3343dd6c8d421',NULL,0),(500,'7f9410a0f0ed52e017e5c385d4d7863',NULL,0),(501,'ae01cb4f3cc80a39b30ac9d35352e52',NULL,0),(502,'fb7185e1e91184bbb6fbcd49aef4740',NULL,0),(503,'edf139d5bb2da48e55839622ca2accb',NULL,0),(504,'b705479da4c37623bf4367d4d54eee7',NULL,0),(505,'7d98e5d932a96602bff7223ffafab48',NULL,0),(506,'6b20f5053f419d7adbd16b0c7f29806',NULL,0),(507,'c331a9ca089663e833c9f34bf2352d5',NULL,0),(508,'e2c60a59055ba74e3c695a2733be1f9',NULL,0),(509,'129dd9e9a7f472e95d7dd9d81f7ccbd',NULL,0),(510,'07d15abca848046aa758a744379bacc',NULL,0),(511,'3d48dcc7a9cd23bb27fb5683960225c',NULL,0),(512,'299b4d5b728a93f9106899d7d32a898',NULL,0),(513,'cbe189c2ac7fed43736f7012a915821',NULL,0),(514,'451af69f869adc497798e7ebababe50',NULL,0),(515,'79fa0e31a7e9b801ef9881e3fefb0c6',NULL,0),(516,'9fb124b779e8796819d0e7142c9b58f',NULL,0),(517,'fabf34154d5f6dc10308968af8a8a36',NULL,0),(518,'307a0b31ea84f7577713a4e5f49ebb0',NULL,0),(519,'5ec9657c9fab91c956255cab245d100',NULL,0),(520,'e3bf467905ce3a2d5b417836471d9ea',NULL,0),(521,'60e3498a2815196189fca230279c471',NULL,0),(522,'136ea6bc92dc3337d51b269dad66e6c',NULL,0),(523,'cae1171179f8e24e7ed9673a3231c6b',NULL,0),(524,'7cd3942312f25daa22f33c35719142a',NULL,0),(525,'6b685201e5bc2435849da7304346455',NULL,0),(526,'110ceb7a76c164f25d1fbef5cf8f897',NULL,0),(527,'d3cb464daeda83119e53bb1385caf9d',NULL,0),(528,'eb6929848f3e6e3ed5550d59ca398fe',NULL,0),(529,'d5e7368a049237cb5688b98a3971e6f',NULL,0),(530,'77ffa3010e869a78111edf68018924f',NULL,0),(531,'1ea6ddb15a4b4943a4b0a5878c11c9e',NULL,0),(532,'cb58334582787341cf072aabbf27f05',NULL,0),(533,'5270f5c16e67f91df2c9e59acbc3ea3',NULL,0),(534,'e55fb307d457a6ae56f61cb10d37bed',NULL,0),(535,'e4b02e24894f694fc2f8462e51c711a',NULL,0),(536,'2649681a06a61e66bd35ac0c333efa9',NULL,0),(537,'0fccd33cb4f20a37c3f77726cf6a7de',NULL,0),(538,'64c2827db544b50fcb0e3c4285fd27b',NULL,0),(539,'07a1b4c4cca8999ada71e1f29045fa1',NULL,0),(540,'1cc11a68617d79e5074dde63d3fd341',NULL,0),(541,'105864226637050239835437329a155',NULL,0),(542,'d044e5df349e7c4b7dbe7bc26b77c95',NULL,0),(543,'579dec28c4596e69208acdade1bcab9',NULL,0),(544,'7675318759d9be58d3b539798113ff3',NULL,0),(545,'5d6712e6f6cd95ca8e4cd3fd97aded7',NULL,0),(546,'1bd5a9c3ab6b26e33ab01cd722fa17e',NULL,0),(547,'6add07bdd73365f46d88fc77084882e',NULL,0),(548,'b5f580ce47cd766e4bdeaa5cab35bb8',NULL,0),(549,'2af4dd8d66e24481b81c39d2766ab49',NULL,0),(550,'84f2a984007e26847b0de041a9bfc4d',NULL,0),(551,'d2006ba510311dbd3877d873e72dce1',NULL,0),(552,'2d01edfa246d7d38cf9de15b0bef5bd',NULL,0),(553,'f37d016c73800daec8ca1bc4acb837f',NULL,0),(554,'45c3793899ed88c6721e802b7b3154f',NULL,0),(555,'9776a50b90c8d1aaa87f3fda898c302',NULL,0),(556,'a4b974a921c36513033c9eeebc0c45b',NULL,0),(557,'060f1785d70715ac38db9ac2a88f568',NULL,0),(558,'9665121ebb4f34170982dec4d5bb5e7',NULL,0),(559,'10e783edc358511ba4de50e6804cc56',NULL,0),(560,'4e5b018d261b419df47f6a1519c0454',NULL,0),(561,'77f08e08f70b58dcadd811c02393e14',NULL,0),(562,'1c8ecdc1ed46b85f35e6d1df23f5d66',NULL,0),(563,'4b5a97ff373d9b17d09fd392fcaea3f',NULL,0),(564,'bd97fbd5965f367b311cd25ef04ea60',NULL,0),(565,'e4f2b21585c08d25361ffe2be4cf135',NULL,0),(566,'23cfa72478d14220227de954bea6d7e',NULL,0),(567,'7af3f64d883b8779ffd8689e9acf919',NULL,0),(568,'6f528c80390a67a7db188b985fa67ef',NULL,0),(569,'29b9279613f5a923430a1b8b50d61d4',NULL,0),(570,'b75050c0e6d8e72d60f133042b6be48',NULL,0),(571,'c4fffa5478e67add9e050833ab97245',NULL,0),(572,'8b0035eef534079ca04f1cc76d480bd',NULL,0),(573,'40fb317da52a1d89b18ae64681caba1',NULL,0),(574,'bf2518d1d91643f3136e8ced554d6ac',NULL,0),(575,'55543ee261f37ad490c4c23483a7ee1',NULL,0),(576,'048581486d5b5928af952de0590c84d',NULL,0),(577,'946706057b050095e000cfc9a15db95',NULL,0),(578,'dbf6649529fb349a1a36ee95f503305',NULL,0),(579,'d55c6636ad084ed3981365f867922eb',NULL,0),(580,'34061b7231403bee824019325835d79',NULL,0),(581,'bf57248f23b92897fce2e7228723fec',NULL,0),(582,'929bfdde5f71b0f343a0e9e48c33f08',NULL,0),(583,'8db068b63c6b1c942558d7c7dba8b45',NULL,0),(584,'bcaa71b90e652fb8a29b4f878d5d922',NULL,0),(585,'d2f43b058d8822d31efb5229509159f',NULL,0),(586,'d69df3279585e953484b05130e44630',NULL,0),(587,'1725e2f92d34d6fb6c1ce67ee9039a6',NULL,0),(588,'63a238cc22ae4fa58d62b6a0f8ed9b8',NULL,0),(589,'52780a5104ee41b03a590b8be1db697',NULL,0),(590,'bd425e599240e884d1215d9641eb511',NULL,0),(591,'53b7ecb93f3f2cc9e4a7275e9cbdeec',NULL,0),(592,'d8deedadca73ca41071513c94e42d63',NULL,0),(593,'fe9208bc9fa3da826d4f4e2b034141c',NULL,0),(594,'9942ed373f6c0d43a660e5554f41f35',NULL,0),(595,'a9cf2031bf6af889510c21b068077ea',NULL,0),(596,'951c0e768845a74888a0abc474fc03a',NULL,0),(597,'65b7c98deaa8bf22f1f4d445d12a9b9',NULL,0),(598,'79b18b778ad3ea811695407c2eed790',NULL,0),(599,'2e9440299d0f645324213c13b0190dd',NULL,0),(600,'8b16febc7d16b3e748a46d6c12537ee',NULL,0),(601,'fd4899f646a1fd0e6a285910fda8c85',NULL,0),(602,'fd10fcadc4f34ab86e4e309881b9e6f',NULL,0),(603,'56774a91d6d9300d67dba8cb733ceee',NULL,0),(604,'f95379302afb83be3e8b6d02fc34602',NULL,0),(605,'6d1a332803adfb1c764517bab3534b7',NULL,0),(606,'e9d4c62e8a4bbb32eeb1696b5bb8382',NULL,0),(607,'7d66a636eef005a18a290d9cb212e12',NULL,0),(608,'0978ccd0f7a81fbd801dde592f5c30c',NULL,0),(609,'3a50e17aef8b04ff68014617b85271d',NULL,0),(610,'ed7fbd25b4a1611335d39df312ed016',NULL,0),(611,'3d52314d2e289560643c9b22f820b17',NULL,0),(612,'04b924bd3040dc19c1d9afe0b58ea6a',NULL,0),(613,'ae721f75ab2a3dc7d7fb0071584b9f7',NULL,0),(614,'37f49e80935573b5cbe8d844a7fc811',NULL,0),(615,'d0a44815781d77ca183b7448ad3c6b3',NULL,0),(616,'234189553ed0f7fb398fe92549635ca',NULL,0),(617,'694357a101122a0dbbc3a3e14da84e0',NULL,0),(618,'3b4ddddfa33b8cf09ec843d5f9294b6',NULL,0),(619,'e4f90e728e875044d01b4f08459889c',NULL,0),(620,'f5e476a6b4996674ce0c0b3b758ab41',NULL,0),(621,'0c06e47011958f8607dd2ea61db5064',NULL,0),(622,'1c70983ce863fc210217e762bb842fd',NULL,0),(623,'b142c3ed08699b1c73fd31a4afb7a7f',NULL,0),(624,'f8a17ad77bb1784391acc07f0c4d0ba',NULL,0),(625,'9fde31e259513a144c1933ffab364f6',NULL,0),(626,'83ea66f19d77f7c9160c2dbef421ffd',NULL,0),(627,'47b7e53c16717525750fdc3450de730',NULL,0),(628,'8527c1cf49d1a5fe84d98a408d256ad',NULL,0),(629,'6f23951d8aaa2a7ecb55ca2b1a97583',NULL,0),(630,'b36f695baf1b4cf5178e51fb799237b',NULL,0),(631,'ed41e92b92b45cd46a4b361d35d9ef0',NULL,0),(632,'d718130a14d8f6b8cf6d9d50028fcb6',NULL,0),(633,'cc073d1b8327acd39a01af8c0bc6f22',NULL,0),(634,'cb2f134a9670419b5ca520f3513dafb',NULL,0),(635,'dbdc2810c1ab5444c504e10828e61ab',NULL,0),(636,'e56a86899ac33ce0bf65c33538ee1e7',NULL,0),(637,'fbe0f0013704dc9a678be3d24614042',NULL,0),(638,'f54303caf61709e06aa7298491f049f',NULL,0),(639,'cc81b0c58ae65c8d41943f2909b41ee',NULL,0),(640,'a73ec39923d052701ed1a6fd9cb806d',NULL,0),(641,'5b846942995b21d9b1d9306253a486a',NULL,0),(642,'e9809d406c7746c4abebcaaf4b764c8',NULL,0),(643,'26831c0823107984359a55304150f07',NULL,0),(644,'7b907f29a31db8cf824cd747f478085',NULL,0),(645,'cd2ca7b37588df55f664e4cf3324ee2',NULL,0),(646,'a8c105b650c866056a652005950731e',NULL,0),(647,'d89801f1ecff498dc9d14d295e67aaf',NULL,0),(648,'d1cba613ff7cd6008b6996243aa0ff7',NULL,0),(649,'b6f674a08221f2243b3c74ab7e5940e',NULL,0),(650,'a35d8110c213069f15d770505ebf5f4',NULL,0),(651,'67bbadc0bf983e4e889b5e53f1e6b61',NULL,0),(652,'7374ddd2466bb409620e8ce153d3842',NULL,0),(653,'bfc2b6e57c7f7d8ba1ac4469c320204',NULL,0),(654,'2f7c44b572765990409de0749837674',NULL,0),(655,'f59ce6042708d3244dc0b00416f2dec',NULL,0),(656,'37e9ab92b015bc2d8d7b79b0d2e79f8',NULL,0),(657,'51f1c5a4ce2d9603ecd0bcb12a355e4',NULL,0),(658,'869d9a4ce169ad47873f5e30f889d9d',NULL,0),(659,'45ca857e116d39244f8e35472b2c480',NULL,0),(660,'5b175ad12e4df8d5dddfb5178f0e340',NULL,0),(661,'71490c89a6ccbf64347c281ee67cadd',NULL,0),(662,'4e3521e452e95d50a3ef78d38824d74',NULL,0),(663,'39dd85054c858095f51337c22dd7bc6',NULL,0),(664,'327416634554c2e6cdd1aace24435a7',NULL,0),(665,'17f82b8aaf7540fb3d2cd43d61e7a8c',NULL,0),(666,'17c373da6a32d2f0b97f5bf369fe214',NULL,0),(667,'8fd3578cdd205b5ca0f9570cba357f0',NULL,0),(668,'7ac1e4a40dc4f4d9a48fbfcfee73b81',NULL,0),(669,'e8b7d29c13f271b2f5b3318f4395f5f',NULL,0),(670,'b005a60a4f29a23cfe1f2ffa7148373',NULL,0),(671,'c2625093d367b54ae9b8174162e1ccd',NULL,0),(672,'714a0d278e1ab41a33b2f5f7a6c5a9f',NULL,0),(673,'9d1eee2a5d50592f799ab8ef777be92',NULL,0),(674,'a77236c9ddda1a2bbd2b14db4cbd6f1',NULL,0),(675,'d353c2ab39f9d3f7c80bcbcbc1371be',NULL,0),(676,'dca90902ee967c6739d951528d30be2',NULL,0),(677,'77f4bbc65d605485310f87906b65fe5',NULL,0),(678,'242d9077e287ed2b00592bb46eb1d4a',NULL,0),(679,'6df64cdcbfc0fab7643234eeb3b26e7',NULL,0),(680,'fec136382218606075438bc3a8768ec',NULL,0),(681,'8390ea097e5a7e3667f7b15e280b66a',NULL,0),(682,'23a5c3bf195bac6cbe2e0891fdd31ed',NULL,0),(683,'ad9ee907da0ddae86bcddc0a839152b',NULL,0),(684,'08175b2b8a937485ea1c4a90b87f700',NULL,0),(685,'4666e92607d9751ded43e6f88074a7f',NULL,0),(686,'d0349be5c556d1f341db14f38126fb4',NULL,0),(687,'31acd7ef3ae196b66961e62fd458972',NULL,0),(688,'3e3dc70a237ac942dae2bcbf5abb940',NULL,0),(689,'ed34e720e7c6a985d202cd992a5108d',NULL,0),(690,'b70e77a7da9deac2a559bf23aa1be60',NULL,0),(691,'535a8976def5192d93d963fbe25bc28',NULL,0),(692,'c7b9133ff91a23773fe41cbe7c5815d',NULL,0),(693,'71990655b9a7d5af327d1cadc5182b3',NULL,0),(694,'cb243639d67adf6ba5e023a8fbde28a',NULL,0),(695,'5b357c3d128b68757bf7b67ff38fd17',NULL,0),(696,'e373b4623c0da09ed3df41f37e68788',NULL,0),(697,'164094f0f25c38c17e16efa3dab6dbb',NULL,0),(698,'79198519a45e8198b67e17fc44f8a88',NULL,0),(699,'b2d67eff6d89dbfca9ba364d6fd111b',NULL,0),(700,'db1a4560f6770e1c3e2cef2f4e20693',NULL,0),(701,'f7602f3b7fe3fd7f15c06a93e0f01b7',NULL,0),(702,'661eccca74360327c987981a8237287',NULL,0),(703,'e7346262ba658d2e4f755bda8eb497a',NULL,0),(704,'3dbff79830f8b97acf1d73d562c243f',NULL,0),(705,'e02f956f347f3539bfbbf183f4c19f6',NULL,0),(706,'416ac431d27d1dfe7a65947291ab65a',NULL,0),(707,'37cb09a0cbabdf04516468c7daf1fe9',NULL,0),(708,'4bcc94e5d8aaa1ddfe211b72a0c3813',NULL,0),(709,'4c8ed6b15ec0991211aa9f05872e1c0',NULL,0),(710,'18266ad7566b670f7d04f3d33f29694',NULL,0),(711,'e7098f99c798d7995a9e3f038ecf334',NULL,0),(712,'45cba64a65fc6bd131cbd51d565b36d',NULL,0),(713,'e630e56323c02cd960f5d3be1fca5c2',NULL,0),(714,'0d9eee39db9a2a0412a4019b9703d9a',NULL,0),(715,'1e2268475453a235c0456228b962248',NULL,0),(716,'d1e59388034b0a005e17e9c84a69768',NULL,0),(717,'22aac7e0954e1bc7f734fbbe736b998',NULL,0),(718,'aaac5be443fcc7e08bc68c89156c22b',NULL,0),(719,'19d5ae98f677e264e72cc5cab93e6c1',NULL,0),(720,'b322e557169ea5e26f4aba3a5e0d18a',NULL,0),(721,'bdd6c60af3cc2f6c42f2b99ebba4c0f',NULL,0),(722,'d4b0e67b81c1988c548588d9601166a',NULL,0),(723,'906cfd5c160e9fc0022f2de118e6fce',NULL,0),(724,'c69d8e3192ff5675294932b74320301',NULL,0),(725,'bcb8b5e408c967f747662e1b2307c30',NULL,0),(726,'398ef2b0da8adcc2b50fa70029b4352',NULL,0),(727,'de633e4a329b7ded04cee45d88a5f2a',NULL,0),(728,'232538ecb5000f93468589bd712712c',NULL,0),(729,'2a493561e6918b0b748238d375b477d',NULL,0),(730,'911f612c8a2013ec278852b09e19cf7',NULL,0),(731,'a91ece5b4bc01f11bdcd344d792d5ab',NULL,0),(732,'8b0fff37933a895987b04b47c2f5b22',NULL,0),(733,'5de07456c18c0436fc16b550a06a63f',NULL,0),(734,'01e838f474d678602699061a4a89fcd',NULL,0),(735,'e5a2e91c11e8e63a2059b398963f74e',NULL,0),(736,'5cf028475d9ef7f15b7c03e9f56aaf5',NULL,0),(737,'397f2ae6d4323df15923a8be0e8c9a3',NULL,0),(738,'9b6caa6d682497e766a1a8200d11da4',NULL,0),(739,'5ff7f1a52bb17c0898745d1216fddb7',NULL,0),(740,'a58649f5b7e5ef42770ae139e9c128d',NULL,0),(741,'b6258d506015b091a9cc51cfc7826df',NULL,0),(742,'ca1fd26eee8a383d7a50dd071576402',NULL,0),(743,'d41a5c47c28027be036d753436a62fa',NULL,0),(744,'4e48b731831d50ebab6bd538b84693a',NULL,0),(745,'061c9749323a4e9fa1465cc449ddf4b',NULL,0),(746,'655d260454519fc9785676ef45705e7',NULL,0),(747,'7e8bd2a721ee9884b67fa802df34688',NULL,0),(748,'56069f314224e7530ef56eff8397998',NULL,0),(749,'0bd3aa8367c85ad3f24b919744499f7',NULL,0),(750,'7c0a6d24172d4faf1b28f735bb78f05',NULL,0),(751,'03559eca616b0194583aa1770255a4d',NULL,0),(752,'6a490804ad54628ebed27ba7463d5e1',NULL,0),(753,'2ad47bcdbb942efc47ce24ba7a06998',NULL,0),(754,'658a636bc8a13564e9993d45dd3dafa',NULL,0),(755,'565c65d09397a68f1d276b026a5cc68',NULL,0),(756,'f2895f5d7354c83dd4cab2820a77dc5',NULL,0),(757,'ca1f9603555850d3245825f08a71832',NULL,0),(758,'fe1079b5e6a357b794013655f187ac4',NULL,0),(759,'0f3d3328e8d50317f2e3e6a3bfad954',NULL,0),(760,'0dd11ad9aea107b7167c3a5e9d7927c',NULL,0),(761,'6624640c98272a5e13f1080dffda198',NULL,0),(762,'a89573b4bd04a934a36d383c5ecb52c',NULL,0),(763,'c7863f5c39e6fafb476588a21c0ccbf',NULL,0),(764,'7911464a20db43534dd5f3b358c736b',NULL,0),(765,'6021e86068e99a6393106b01b80c230',NULL,0),(766,'52cbffe8b818366622b4673093bd9d6',NULL,0),(767,'483339224c45ec801e0e2b5c9bd4152',NULL,0),(768,'1ddba256bc333ed3acf43bba7b2acb2',NULL,0),(769,'0dbd9fff66d8faa3b7f9e39b63df324',NULL,0),(770,'afe16f8aac4fe1f65e6c68abda68bfe',NULL,0),(771,'3d59e5468fc9314032681f40cbe1aed',NULL,0),(772,'b683177ba1afc0bdef3b215fac9f125',NULL,0),(773,'2b170ec59de0b7d70e10f4e1c2be893',NULL,0),(774,'0220840294668dc3cc7fbbe2cc610f7',NULL,0),(775,'0e49bae0233f0ec82110f3d36c0dded',NULL,0),(776,'486a3883e95082e1cf699d7a80ca0c5',NULL,0),(777,'28ea50f078e67b6ef9a38ac91a0b003',NULL,0),(778,'ce888a1d17ecf2d5d97baf8da191c54',NULL,0),(779,'37b0e357fb6a7c8a28c545fd3d234ac',NULL,0),(780,'03e57abd2e9835217cef6be693f61ff',NULL,0),(781,'171e439e010d00f9a8bc4833127480c',NULL,0),(782,'6bd018e647f85192c339078501c0bfc',NULL,0),(783,'56e10939ea31f9a0478af8187d8098b',NULL,0),(784,'a6d6c47e71275cda45c0f73fee0eb13',NULL,0),(785,'226148dad8cc65bb611313008b8b45f',NULL,0),(786,'a4a2a465abb6956238c1ae639c89058',NULL,0),(787,'7225e3c9f6c821f7cce06d05e0a16d6',NULL,0),(788,'96158e44c8586cc73170361353b74af',NULL,0),(789,'ceae082cb3b1923a9e424b74e5cbb50',NULL,0),(790,'4cfff56cc88d554b315fbe00eccd8d2',NULL,0),(791,'9ed91f9188932d127f399cd24b8bd67',NULL,0),(792,'8eb92cc47ecae902e56cc650f89497d',NULL,0),(793,'16bc8866b841f19cc80bc8f5667e580',NULL,0),(794,'7443fc8bf570af6ff9de5de379e80ad',NULL,0),(795,'f5349995d39e371670199e0baa2c6ac',NULL,0),(796,'9bd4d392cda7b8d1ef6b058e137e13d',NULL,0),(797,'a1dd0db53e07df7c53de8b85dcc3507',NULL,0),(798,'2a460fd9f260873a02abfd8d7f93c1a',NULL,0),(799,'75207ac8b0cafaf4ff394cc2f80df3d',NULL,0),(800,'27fa1ea737b014ba4b37eaadeb74428',NULL,0),(801,'9de21615b59cb05343e16edcb296f96',NULL,0),(802,'5c0d7817b5eac2436c1bf5b3bace5d0',NULL,0),(803,'fc0fdad027489c4731eeb739dabb602',NULL,0),(804,'e6b1e73ae033facc1aca09545ab81f8',NULL,0),(805,'edf9624bbf32700a13590f01d1893c2',NULL,0),(806,'e90e9030b4ede80905b084c30966fc5',NULL,0),(807,'8f3790636e7cd968680250090f07198',NULL,0),(808,'a3c1952283238899ea715886c971770',NULL,0),(809,'80b878f6f8b4bcd4d917bac670a3e73',NULL,0),(810,'f9a578107fc70e96dc8565f51779642',NULL,0),(811,'a3d502d423b100f5b3d10b9bc60bb5f',NULL,0),(812,'449083f326656d001e178f2c3a119c3',NULL,0),(813,'7922f1469067f76d437df2b064b1b4a',NULL,0),(814,'e0d0007f5c405ab8c5cf166e4fd2afd',NULL,0),(815,'0617dea300a5374b347450991c48797',NULL,0),(816,'99378db9ac846c8313a90e2b1b32720',NULL,0),(817,'69d355cd8f5ae25c6fea8d6fa13c5a4',NULL,0),(818,'68b538498af709cbc4b5dd7c2ef5c1e',NULL,0),(819,'0b67064bba0cd4a02b35b7adefda3a9',NULL,0),(820,'cd4fc82992906cb9f1bef0cb6c46d07',NULL,0),(821,'f8c386d38602287dfa0bb6eeb60cd4c',NULL,0),(822,'5ff07c477faf65b7796603f02cba338',NULL,0),(823,'2a83d96ea6977b1524281fd0b251c57',NULL,0),(824,'923afd9390e1d21372c3568f0e0638c',NULL,0),(825,'797d619c23437856c580db3e3787bae',NULL,0),(826,'28c9335087375d79f0dcd46b7e1acd7',NULL,0),(827,'3dc7f9fec47c29cbd46f33a6298378b',NULL,0),(828,'119eb1e528cd6fd72e020cf4757cf0d',NULL,0),(829,'5b4ccbd71ce084c12c0a4dfbd13e48e',NULL,0),(830,'0691472f372a433cf1811238659ec3d',NULL,0),(831,'beedce78a6329e6d5d519376cfb08f4',NULL,0),(832,'d974c4435b5ddc02156d28869400e69',NULL,0),(833,'05d3ed343c3e5b46d18d62b4fe2e96c',NULL,0),(834,'13287e78097a33679d517fdd49b4f38',NULL,0),(835,'508d064d87fe50cbb8acded8450219c',NULL,0),(836,'184c251f3b8e570871db9df9389b528',NULL,0),(837,'f659c5490f74b6b8759390b00499b8c',NULL,0),(838,'b9367e4cf69b333ffeac4c4f2bac3e6',NULL,0),(839,'cdc4ddaf8829c7b113c1f11d1b0347a',NULL,0),(840,'83de9877ec3336a336726b5d35c3973',NULL,0),(841,'2767dc687993a7e58bf5520d43ec0ce',NULL,0),(842,'7ebd77ece51dbdfd00b76f529022053',NULL,0),(843,'dcabe8d4dcaad87017b2bc310045dec',NULL,0),(844,'d3fae8a4ee8c8aeeab45249707b7d4c',NULL,0),(845,'a7c4310b2b0afe9e27d7ecf06882cbf',NULL,0),(846,'3288a2b60b35efe90b4a1677f55f702',NULL,0),(847,'2dc7ef030b5bb6547c397723401933c',NULL,0),(848,'e77c6d95d90aa0f6248728685ca8407',NULL,0),(849,'2dc008d3a1b0da6b233b9338a3cc08c',NULL,0),(850,'8c4ec6994e787d7595fb0ec4c9fa56e',NULL,0),(851,'ef9ec608e0578db4a9abc9feec270e4',NULL,0),(852,'cb41363490a81199eb432ed96ebfcdb',NULL,0),(853,'f07de90be99ec5878f94c34eed4aed5',NULL,0),(854,'f959bf145fe2b51c3a70d89b48b5675',NULL,0),(855,'832c2c6e34faa03710263cb59485a83',NULL,0),(856,'2cf1b0e36a3f102289dd42f90e8e082',NULL,0),(857,'a78a0bba4e83dca3c975df543e21248',NULL,0),(858,'2cae02defc41f95854599f54ba9e8e4',NULL,0),(859,'d898bca78c46d2800de0f3d8ec5639e',NULL,0),(860,'9139f386a33e58132bcad13db74c730',NULL,0),(861,'64350a9b382a7766155d2fbb4861ad5',NULL,0),(862,'a2a90946f985e2961c2b7e97ff3768d',NULL,0),(863,'216dd538f21116f9dc9c880da49e142',NULL,0),(864,'d7de2176e8fc692c179bc0d82ae60a5',NULL,0),(865,'cdf54f90048970e679c7e801a49eb73',NULL,0),(866,'9dea394cbecebbb9a2bf8d85cb0b8eb',NULL,0),(867,'3ec6a7354f1e37a45678495d05a7796',NULL,0),(868,'1f3f34a04bff29ac337c1b4d11d209f',NULL,0),(869,'2f54933e3a39eb1674122333816c8bc',NULL,0),(870,'37ef7090c3ffd1cce51c22ac439bdeb',NULL,0),(871,'e411d5f42a4f37a9471c535f1fd25da',NULL,0),(872,'0c1bc8fa8fc9f5c05c02da9bbb8e0ec',NULL,0),(873,'a9524ff94ab06601768340bed6121da',NULL,0),(874,'243952fa1319b6f020c1fb01b6e063c',NULL,0),(875,'4e245d5728466ac340dea18e5d7c7e9',NULL,0),(876,'c6204202edd814e425c023cc88fbf91',NULL,0),(877,'aafa2d3dd213e3044ece389181f3ba2',NULL,0),(878,'5af5448274bf6ca2d464a1e0dd7b8be',NULL,0),(879,'42e0a9514289a0e22e1d57934818ea2',NULL,0),(880,'6266df7e03c29e99744c17b0f99fa48',NULL,0),(881,'36fe27b22770b8ba90dd5f63896383c',NULL,0),(882,'7919b5f08c797b92594f0ecb7cd094a',NULL,0),(883,'1b9cbda62d6ad3101198729b68be034',NULL,0),(884,'9d76e562986d8d3124e26e17e09aae6',NULL,0),(885,'25f29239b80cb640bae66cfdf415353',NULL,0),(886,'a6d55d30e132f0007367f144f2943f2',NULL,0),(887,'314a0b6afbf6c6a947e1f71c063c28f',NULL,0),(888,'cfa5c328b74fe2c4883c8a4bb501ee4',NULL,0),(889,'6e56b6cb4e768b54216b93e49f89df6',NULL,0),(890,'2a5274943fd050c0730b84e1a6ce7fc',NULL,0),(891,'4bec51ff371bf2f8be735df54b93972',NULL,0),(892,'ce8ce21d8e4ddb5cda12c4763795b9a',NULL,0),(893,'3e217569cd77c2e356c4493954feb33',NULL,0),(894,'73365f396d4d15c10a4b977824405d1',NULL,0),(895,'198a3c02e35b4f21f586fb2dd9b4237',NULL,0),(896,'09fbd660863cd39a2bd426660605455',NULL,0),(897,'287dc89593dbe7dd6aab0fe1586499e',NULL,0),(898,'217427b39ef1806720a2b35ea3c2bb6',NULL,0),(899,'87c0378f64fd4408440389469001ad0',NULL,0),(900,'011c2b01a0e5f3c80f473f3bf00bcc6',NULL,0),(901,'d71c8d520d2c74dc29c219c81b06325',NULL,0),(902,'f041d29b5fb527dc54b23c6ea54d2df',NULL,0),(903,'87a397b161783d6a27c7da1ed9d3c23',NULL,0),(904,'ac630ddf2df4c125dd32fadc0e80ba9',NULL,0),(905,'a08182e30d899524cd1f014f448c0d5',NULL,0),(906,'f554a7b2c09e9c5e5f089a0b432d48a',NULL,0),(907,'704105684be2d81c19594422315edbe',NULL,0),(908,'868e3b8da0309aab2b5b73774767c48',NULL,0),(909,'25a75ed5194071ac40afdb88fb77a9e',NULL,0),(910,'e6c565666c0a774a651d77a920331b2',NULL,0),(911,'3071868ee280da139042257c1c47e46',NULL,0),(912,'ba06ac993e14d9ed52c276b35304ac6',NULL,0),(913,'35d89342a3c1d4e43513b4727f53f16',NULL,0),(914,'4078977545fcab7bf62797d00382c14',NULL,0),(915,'6840b34103134fb30e568be2b64978d',NULL,0),(916,'cca9c4276833eec9fb7996ee50d08b3',NULL,0),(917,'738aeb8011d6dca4bed1336583cddcf',NULL,0),(918,'648cacf5a76c649d5df9bb430a10f47',NULL,0),(919,'b05095f7dbb4f28bc0e10a981aed2bd',NULL,0),(920,'168df347206ed26cd2213c0e4767ccb',NULL,0),(921,'eb551bf97104babe4af5c3539cbeb71',NULL,0),(922,'4da5219beb54eb09a82daa4e517a006',NULL,0),(923,'dfdc08d12ba4bb64953cbb86b11ea36',NULL,0),(924,'8a542f68195a1ae898c6665d9dd79b5',NULL,0),(925,'d30b3103f9bfb231841bb5133b65ef3',NULL,0),(926,'9d94f4d0e714a6a4019c12b8246ba1c',NULL,0),(927,'73509f05067e86b42df244418d61050',NULL,0),(928,'949b9aa392ed11ad38302b9c9ab1442',NULL,0),(929,'19f0eac074cb92e3bed00ef92e573ff',NULL,0),(930,'f7de2c43301b24897c213d5df8cede9',NULL,0),(931,'d8336cf10a45c3c0c71606c6eed004c',NULL,0),(932,'2d3020d45a4b22b43e662abc075b52a',NULL,0),(933,'3fbe3373a494e5c810733da1d55ff53',NULL,0),(934,'9d0755bceb7033e756f0f51b8abbd77',NULL,0),(935,'31ef5ac6742178066eb0fda854aecaf',NULL,0),(936,'d9f0983bb222c536c8d080f09bb4e75',NULL,0),(937,'ac0a269d3a5d0e500c9098fcbec78c6',NULL,0),(938,'e60333c843bee5a159bf41ac66e33d2',NULL,0),(939,'0921f995ad786b9c1e754f08b81152b',NULL,0),(940,'00967c3848e723c94e2c696582ed714',NULL,0),(941,'3c0885b35742da00dda137f0dc22f8e',NULL,0),(942,'ee750ec28600cdb59b3e8833ab13e75',NULL,0),(943,'262452f46f2b35427f38d6b2ccddbbe',NULL,0),(944,'90739df4afa67d382e0c824d192429c',NULL,0),(945,'494dc4b11c8c52004df7d42a14395d5',NULL,0),(946,'a1b9265b34eab92af3e4701793ab322',NULL,0),(947,'9dccd8bc04f889a1d0ec9900fbb8c08',NULL,0),(948,'84581658682b1683efa106f19048acb',NULL,0),(949,'fd912cc3f88a154fde8d0e2ca7db990',NULL,0),(950,'b83ba8e038e7a40eea49a6f892d4cee',NULL,0),(951,'0bfa03c6d91c4c309b07adb251b15de',NULL,0),(952,'2ab143387106bdb25929b0ec3ae397e',NULL,0),(953,'077711db090bdc4df617a551cc46ecd',NULL,0),(954,'ddd9bc8b22c15ba3cf97fbcadaa3bff',NULL,0),(955,'d191055173a4e13ae5f008e6f890d97',NULL,0),(956,'60d3f826007e241f39c6590ce1a2158',NULL,0),(957,'fa87c4eda39e081d4210375922ff72b',NULL,0),(958,'7dbedbbc3a554bba9ea7e11f9028ace',NULL,0),(959,'63085dc351fc50119002b4b86e906d2',NULL,0),(960,'75fe3b1c9d6d2b1a66e21c9f793fab1',NULL,0),(961,'b04f84582707c39d3a002ee1f82fb9d',NULL,0),(962,'364991a5438759dbb028c7d23006917',NULL,0),(963,'2c680558718517b1486138e390997af',NULL,0),(964,'eb897da4a6f806267840bada3127c06',NULL,0),(965,'26cbb8b95b25d0056ab88c8aeb73730',NULL,0),(966,'d11a0a66cc228f1338de68acea4a6f5',NULL,0),(967,'db48f8f5b4eb428f4e4a09a5f573178',NULL,0),(968,'50c7d83e3216f797dcd2adf21189544',NULL,0),(969,'927297c98191edc794e31a43fed5bab',NULL,0),(970,'328400ecc8fc4cbb588ed104a695da4',NULL,0),(971,'282cf4c70993276c7519e6ba876db81',NULL,0),(972,'d46239eb42cfcf00aefd6d9ae50a11d',NULL,0),(973,'fcf68239cc3c5fd2a98ed0ef0b3859f',NULL,0),(974,'bf11e6c12002ce57d25a83bc34ec5b8',NULL,0),(975,'83557347357d99b92a7e293e7fab13e',NULL,0),(976,'1b95fa27c9076c34d540abcfbf13d87',NULL,0),(977,'6d9a5bf1f0c16ba1ec15d4a91ad33b6',NULL,0),(978,'af1a706297681a453350aa5ea06e94e',NULL,0),(979,'6dfddbfb4d6db489107eb7c0330b75f',NULL,0),(980,'7e98d6652aa1309fbefcdd1db60801c',NULL,0),(981,'1b7c66504287a0b135efc5b0454e33f',NULL,0),(982,'90764e2cb022cfb637233b8dda3eeef',NULL,0),(983,'2d6b8830059405a2b79f0bb6d0edd68',NULL,0),(984,'d706a489359eb6ef23b532c62c75044',NULL,0),(985,'b165b1ae9ba5c63785a0949d9e8a627',NULL,0),(986,'bb5e5ff2cca78695f61012dabfbbfd9',NULL,0),(987,'8172ac04947b8573409b22c2c308391',NULL,0),(988,'3ea9e2f7ba025fb65b2ba0a7eaf6e31',NULL,0),(989,'eb9a7d6d59c339f2f17a9ff562b3023',NULL,0),(990,'7526c52fcc10194e7158664f5484caa',NULL,0),(991,'2563164a184828fbe0d4bb8c4f5e122',NULL,0),(992,'c3d5d4c7a46d1b161e7f2d5bc0d0b4c',NULL,0),(993,'50003cc150524ed4ae01081b98ee357',NULL,0),(994,'63c613d263180ea3382e179d809ed8d',NULL,0),(995,'ae1a0240d4cc59a92a74ac355b9ba47',NULL,0),(996,'db655e3e8d8eda515e0b701c7d93b51',NULL,0),(997,'60c83a8ab169fe76082f9391f890a63',NULL,0),(998,'da8035308983f78836dd35e6cc7247a',NULL,0),(999,'c8b873f72a4a5e75baddb362a2a3277',NULL,0),(1000,'3bbae247913a78f0e1e9f24ac590104',NULL,0),(100000000,'093f65e080a295f8076b1c5722a46aa2',NULL,0),(100000001,'44f683a84163b3523afe57c2e008bc8c',NULL,0),(100000002,'5a5ea04157ce4d020f65c3dd950f4fa3',NULL,0),(100000003,'5c829d1bf278615670dceeb9b3919ed2',NULL,0),(100000004,'4b382363fa161c111fa9ad2b335ceacd',NULL,0),(100000005,'b1cf83ae73adfce0d14dbe81b53cb96b',NULL,0);
/*!40000 ALTER TABLE `qr` ENABLE KEYS */;
UNLOCK TABLES;

--
-- Table structure for table `shipment`
--

DROP TABLE IF EXISTS `shipment`;
/*!40101 SET @saved_cs_client     = @@character_set_client */;
/*!40101 SET character_set_client = utf8 */;
CREATE TABLE `shipment` (
  `id` int(11) unsigned NOT NULL AUTO_INCREMENT,
  `source_base_id` int(11) unsigned NOT NULL,
  `target_base_id` int(11) unsigned NOT NULL,
  `transfer_agreement_id` int(11) unsigned NOT NULL,
  `state` varchar(255) NOT NULL DEFAULT 'Preparing',
  `started_on` datetime NOT NULL,
  `started_by_id` int(11) unsigned NOT NULL,
  `canceled_on` datetime DEFAULT NULL,
  `canceled_by_id` int(11) unsigned DEFAULT NULL,
  `sent_on` datetime DEFAULT NULL,
  `sent_by_id` int(11) unsigned DEFAULT NULL,
  `receiving_started_on` datetime DEFAULT NULL,
  `receiving_started_by_id` int unsigned DEFAULT NULL,
  `completed_on` datetime DEFAULT NULL,
  `completed_by_id` int(11) unsigned DEFAULT NULL,
  PRIMARY KEY (`id`),
  KEY `shipment_source_base_id` (`source_base_id`),
  KEY `shipment_target_base_id` (`target_base_id`),
  KEY `shipment_transfer_agreement_id` (`transfer_agreement_id`),
  KEY `shipment_started_by_id` (`started_by_id`),
  KEY `shipment_canceled_by_id` (`canceled_by_id`),
  KEY `shipment_sent_by_id` (`sent_by_id`),
  KEY `shipment_completed_by_id` (`completed_by_id`),
  KEY `shipment_receiving_started_by_id` (`receiving_started_by_id`),
  CONSTRAINT `shipment_ibfk_1` FOREIGN KEY (`source_base_id`) REFERENCES `camps` (`id`) ON UPDATE CASCADE,
  CONSTRAINT `shipment_ibfk_2` FOREIGN KEY (`target_base_id`) REFERENCES `camps` (`id`) ON UPDATE CASCADE,
  CONSTRAINT `shipment_ibfk_3` FOREIGN KEY (`transfer_agreement_id`) REFERENCES `transfer_agreement` (`id`) ON UPDATE CASCADE,
  CONSTRAINT `shipment_ibfk_4` FOREIGN KEY (`started_by_id`) REFERENCES `cms_users` (`id`) ON UPDATE CASCADE,
  CONSTRAINT `shipment_ibfk_5` FOREIGN KEY (`canceled_by_id`) REFERENCES `cms_users` (`id`) ON DELETE SET NULL ON UPDATE CASCADE,
  CONSTRAINT `shipment_ibfk_6` FOREIGN KEY (`sent_by_id`) REFERENCES `cms_users` (`id`) ON DELETE SET NULL ON UPDATE CASCADE,
  CONSTRAINT `shipment_ibfk_7` FOREIGN KEY (`completed_by_id`) REFERENCES `cms_users` (`id`) ON DELETE SET NULL ON UPDATE CASCADE,
  CONSTRAINT `shipment_ibfk_8` FOREIGN KEY (`receiving_started_by_id`) REFERENCES `cms_users` (`id`) ON DELETE SET NULL ON UPDATE CASCADE
) ENGINE=InnoDB DEFAULT CHARSET=utf8 ROW_FORMAT=DYNAMIC;
/*!40101 SET character_set_client = @saved_cs_client */;

--
-- Dumping data for table `shipment`
--

LOCK TABLES `shipment` WRITE;
/*!40000 ALTER TABLE `shipment` DISABLE KEYS */;
INSERT INTO `shipment` VALUES
(1,1,2,1,'Preparing','2023-02-09 18:05:57',8,NULL,NULL,NULL,NULL,NULL,NULL,NULL,NULL),
(2,1,3,1,'Canceled','2023-02-09 18:06:02',8,'2023-04-16 16:59:49',8,NULL,NULL,NULL,NULL,NULL,NULL),
(3,1,3,1,'Preparing','2023-02-09 18:06:25',8,NULL,NULL,NULL,NULL,NULL,NULL,NULL,NULL),
(4,1,4,1,'Sent','2023-02-09 18:06:25',8,NULL,NULL,'2023-04-14 16:59:49',8,NULL,NULL,NULL,NULL),
(5,2,1,1,'Receiving','2023-02-09 18:06:25',18,NULL,NULL,'2023-04-14 16:59:49',18,'2023-04-15 16:59:49',8,NULL,NULL),
(6,3,1,1,'Lost','2023-02-09 18:06:25',18,NULL,NULL,'2023-04-14 16:59:49',18,NULL,NULL,'2023-04-16 16:59:49',8),
(7,3,1,1,'Completed','2023-02-09 18:06:25',18,NULL,NULL,'2023-04-14 16:59:49',18,'2023-04-15 16:59:49',8,'2023-04-16 16:59:49',8);
/*!40000 ALTER TABLE `shipment` ENABLE KEYS */;
UNLOCK TABLES;

--
-- Table structure for table `shipment_detail`
--

DROP TABLE IF EXISTS `shipment_detail`;
/*!40101 SET @saved_cs_client     = @@character_set_client */;
/*!40101 SET character_set_client = utf8 */;
CREATE TABLE `shipment_detail` (
  `id` int(11) unsigned NOT NULL AUTO_INCREMENT,
  `shipment_id` int(11) unsigned NOT NULL,
  `box_id` int(11) unsigned NOT NULL,
  `source_product_id` int(11) unsigned NOT NULL,
  `target_product_id` int(11) unsigned DEFAULT NULL,
  `source_quantity` int(11),
  `target_quantity` int(11) DEFAULT NULL,
  `source_size_id` int(11) unsigned NOT NULL,
  `target_size_id` int(11) unsigned DEFAULT NULL,
  `source_location_id` int(11) unsigned NOT NULL,
  `target_location_id` int(11) unsigned DEFAULT NULL,
  `created_on` datetime NOT NULL,
  `created_by_id` int(11) unsigned NOT NULL,
  `lost_on` datetime DEFAULT NULL,
  `lost_by_id` int(11) unsigned DEFAULT NULL,
  `received_on` datetime DEFAULT NULL,
  `received_by_id` int(11) unsigned DEFAULT NULL,
  `removed_on` datetime DEFAULT NULL,
  `removed_by_id` int(11) unsigned DEFAULT NULL,
  PRIMARY KEY (`id`),
  KEY `shipment_detail_shipment_id` (`shipment_id`),
  KEY `shipment_detail_box_id` (`box_id`),
  KEY `shipment_detail_source_product_id` (`source_product_id`),
  KEY `shipment_detail_target_product_id` (`target_product_id`),
  KEY `shipment_detail_source_location_id` (`source_location_id`),
  KEY `shipment_detail_target_location_id` (`target_location_id`),
  KEY `shipment_detail_created_by_id` (`created_by_id`),
  KEY `shipment_detail_deleted_by_id` (`removed_by_id`),
  KEY `lost_by_id` (`lost_by_id`),
  KEY `received_by_id` (`received_by_id`),
  KEY `source_size_id` (`source_size_id`),
  KEY `target_size_id` (`target_size_id`),
  CONSTRAINT `shipment_detail_ibfk_1` FOREIGN KEY (`shipment_id`) REFERENCES `shipment` (`id`) ON UPDATE CASCADE,
  CONSTRAINT `shipment_detail_ibfk_10` FOREIGN KEY (`received_by_id`) REFERENCES `cms_users` (`id`) ON DELETE SET NULL ON UPDATE CASCADE,
  CONSTRAINT `shipment_detail_ibfk_11` FOREIGN KEY (`source_size_id`) REFERENCES `sizes` (`id`) ON DELETE RESTRICT ON UPDATE CASCADE,
  CONSTRAINT `shipment_detail_ibfk_12` FOREIGN KEY (`target_size_id`) REFERENCES `sizes` (`id`) ON DELETE RESTRICT ON UPDATE CASCADE,
  CONSTRAINT `shipment_detail_ibfk_2` FOREIGN KEY (`box_id`) REFERENCES `stock` (`id`) ON UPDATE CASCADE,
  CONSTRAINT `shipment_detail_ibfk_3` FOREIGN KEY (`source_product_id`) REFERENCES `products` (`id`) ON UPDATE CASCADE,
  CONSTRAINT `shipment_detail_ibfk_4` FOREIGN KEY (`target_product_id`) REFERENCES `products` (`id`) ON UPDATE CASCADE,
  CONSTRAINT `shipment_detail_ibfk_5` FOREIGN KEY (`source_location_id`) REFERENCES `locations` (`id`) ON UPDATE CASCADE,
  CONSTRAINT `shipment_detail_ibfk_6` FOREIGN KEY (`target_location_id`) REFERENCES `locations` (`id`) ON UPDATE CASCADE,
  CONSTRAINT `shipment_detail_ibfk_7` FOREIGN KEY (`created_by_id`) REFERENCES `cms_users` (`id`) ON UPDATE CASCADE,
  CONSTRAINT `shipment_detail_ibfk_8` FOREIGN KEY (`removed_by_id`) REFERENCES `cms_users` (`id`) ON DELETE SET NULL ON UPDATE CASCADE,
  CONSTRAINT `shipment_detail_ibfk_9` FOREIGN KEY (`lost_by_id`) REFERENCES `cms_users` (`id`) ON DELETE SET NULL ON UPDATE CASCADE
) ENGINE=InnoDB DEFAULT CHARSET=utf8 ROW_FORMAT=DYNAMIC;
/*!40101 SET character_set_client = @saved_cs_client */;

--
-- Dumping data for table `shipment_detail`
--

LOCK TABLES `shipment_detail` WRITE;
/*!40000 ALTER TABLE `shipment_detail` DISABLE KEYS */;
INSERT INTO `shipment_detail` VALUES (23,6,23,601,NULL,52,NULL,52,NULL,22,NULL,'2023-04-14 06:16:00',1,'2023-04-16 08:19:38',1,NULL,NULL,NULL,NULL),(26,3,26,24,NULL,27,NULL,68,NULL,9,NULL,'2023-04-13 20:48:14',1,NULL,NULL,NULL,NULL,NULL,NULL),(27,5,27,350,118,11,NULL,52,68,16,3,'2023-04-14 12:47:32',1,NULL,NULL,'2023-04-15 22:48:04',1,NULL,NULL),(49,2,49,17,NULL,52,NULL,4,NULL,7,NULL,'2023-04-14 17:21:03',1,NULL,NULL,NULL,NULL,'2023-04-15 16:16:57',1),(55,2,55,44,NULL,31,NULL,68,NULL,8,NULL,'2023-04-14 03:22:35',1,NULL,NULL,NULL,NULL,'2023-04-15 16:06:31',1),(57,5,57,313,NULL,87,NULL,52,NULL,16,NULL,'2023-04-14 16:52:36',1,NULL,NULL,NULL,NULL,'2023-04-15 16:23:19',1),(60,3,60,219,NULL,58,NULL,68,NULL,12,NULL,'2023-04-14 00:13:12',1,NULL,NULL,NULL,NULL,NULL,NULL),(70,1,70,30,NULL,77,NULL,117,NULL,13,NULL,'2023-04-14 01:24:12',1,NULL,NULL,NULL,NULL,NULL,NULL),(76,5,76,359,NULL,92,NULL,68,NULL,16,NULL,'2023-04-14 14:51:47',1,NULL,NULL,NULL,NULL,'2023-04-14 22:01:39',1),(78,2,78,167,NULL,11,NULL,117,NULL,11,NULL,'2023-04-14 11:32:53',1,NULL,NULL,NULL,NULL,'2023-04-15 17:07:15',1),(81,2,81,12,NULL,99,NULL,125,NULL,9,NULL,'2023-04-14 16:45:14',1,NULL,NULL,NULL,NULL,'2023-04-15 08:09:35',1),(93,6,93,484,NULL,66,NULL,52,NULL,22,NULL,'2023-04-14 01:26:21',1,NULL,NULL,NULL,NULL,'2023-04-15 12:30:45',1),(99,5,99,342,NULL,54,NULL,52,NULL,18,NULL,'2023-04-14 08:51:51',1,NULL,NULL,NULL,NULL,NULL,NULL),(128,5,128,283,NULL,98,NULL,52,NULL,18,NULL,'2023-04-14 19:40:41',1,'2023-04-15 20:29:00',1,NULL,NULL,NULL,NULL),(130,2,130,202,NULL,99,NULL,60,NULL,13,NULL,'2023-04-14 05:47:23',1,NULL,NULL,NULL,NULL,'2023-04-14 22:21:36',1),(139,3,139,143,NULL,31,NULL,2,NULL,7,NULL,'2023-04-14 05:02:47',1,NULL,NULL,NULL,NULL,NULL,NULL),(143,7,143,470,NULL,75,NULL,52,NULL,22,NULL,'2023-04-14 09:37:42',1,'2023-04-16 03:47:17',1,NULL,NULL,NULL,NULL),(158,5,158,287,NULL,45,NULL,52,NULL,17,NULL,'2023-04-14 00:31:03',1,NULL,NULL,NULL,NULL,NULL,NULL),(169,6,169,524,NULL,2,NULL,52,NULL,22,NULL,'2023-04-14 12:58:17',1,'2023-04-16 05:03:37',1,NULL,NULL,NULL,NULL),(179,5,179,259,NULL,82,NULL,52,NULL,17,NULL,'2023-04-14 11:29:29',1,NULL,NULL,NULL,NULL,NULL,NULL),(187,5,187,253,NULL,29,NULL,52,NULL,16,NULL,'2023-04-14 00:28:33',1,NULL,NULL,NULL,NULL,NULL,NULL),(190,5,190,262,NULL,68,NULL,52,NULL,17,NULL,'2023-04-14 17:32:30',1,NULL,NULL,NULL,NULL,NULL,NULL),(230,7,230,441,58,90,NULL,52,4,22,13,'2023-04-14 14:27:15',1,NULL,NULL,'2023-04-16 10:02:08',1,NULL,NULL),(251,5,251,388,NULL,61,NULL,52,NULL,16,NULL,'2023-04-13 21:06:08',1,NULL,NULL,NULL,NULL,NULL,NULL),(254,5,254,348,NULL,37,NULL,52,NULL,18,NULL,'2023-04-14 04:40:01',1,NULL,NULL,NULL,NULL,NULL,NULL),(267,7,267,443,128,86,NULL,52,68,22,6,'2023-04-14 18:52:01',1,NULL,NULL,'2023-04-16 09:07:51',1,NULL,NULL),(274,5,274,365,NULL,91,NULL,68,NULL,16,NULL,'2023-04-14 16:04:36',1,'2023-04-16 09:32:36',1,NULL,NULL,NULL,NULL),(275,2,275,114,NULL,18,NULL,68,NULL,6,NULL,'2023-04-14 17:25:17',1,NULL,NULL,NULL,NULL,'2023-04-14 22:37:15',1),(300,4,300,53,NULL,78,NULL,68,NULL,12,NULL,'2023-04-14 07:54:16',1,NULL,NULL,NULL,NULL,NULL,NULL),(304,3,304,106,NULL,92,NULL,68,NULL,7,NULL,'2023-04-14 11:54:21',1,NULL,NULL,NULL,NULL,NULL,NULL),(320,2,320,174,NULL,72,NULL,52,NULL,4,NULL,'2023-04-14 17:45:46',1,NULL,NULL,NULL,NULL,'2023-04-15 07:41:26',1),(321,1,321,95,NULL,30,NULL,68,NULL,7,NULL,'2023-04-14 04:31:27',1,NULL,NULL,NULL,NULL,NULL,NULL),(327,3,327,142,NULL,52,NULL,3,NULL,7,NULL,'2023-04-14 09:24:12',1,NULL,NULL,NULL,NULL,NULL,NULL),(332,2,332,198,NULL,56,NULL,130,NULL,5,NULL,'2023-04-14 17:52:59',1,NULL,NULL,NULL,NULL,'2023-04-15 12:48:20',1),(336,5,336,375,NULL,9,NULL,52,NULL,18,NULL,'2023-04-13 20:05:59',1,NULL,NULL,NULL,NULL,NULL,NULL),(372,5,372,238,NULL,35,NULL,68,NULL,16,NULL,'2023-04-14 04:27:54',1,NULL,NULL,NULL,NULL,NULL,NULL),(377,1,377,130,NULL,29,NULL,5,NULL,11,NULL,'2023-04-14 04:58:48',1,NULL,NULL,NULL,NULL,NULL,NULL),(382,2,382,43,NULL,19,NULL,52,NULL,4,NULL,'2023-04-14 15:53:13',1,NULL,NULL,NULL,NULL,'2023-04-15 19:12:59',1),(391,3,391,212,NULL,35,NULL,68,NULL,6,NULL,'2023-04-14 19:51:43',1,NULL,NULL,NULL,NULL,NULL,NULL),(407,3,407,20,NULL,55,NULL,3,NULL,7,NULL,'2023-04-14 07:26:04',1,NULL,NULL,NULL,NULL,NULL,NULL),(410,5,410,363,NULL,5,NULL,68,NULL,16,NULL,'2023-04-13 23:49:23',1,'2023-04-16 13:29:48',1,NULL,NULL,NULL,NULL),(427,5,427,309,209,72,NULL,119,52,18,3,'2023-04-14 09:49:21',1,NULL,NULL,'2023-04-15 22:46:41',1,NULL,NULL),(438,4,438,85,NULL,76,NULL,68,NULL,9,NULL,'2023-04-14 06:12:22',1,NULL,NULL,NULL,NULL,NULL,NULL),(464,2,464,190,NULL,42,NULL,2,NULL,6,NULL,'2023-04-14 04:27:44',1,NULL,NULL,NULL,NULL,'2023-04-15 00:28:09',1),(482,4,482,188,NULL,59,NULL,71,NULL,9,NULL,'2023-04-13 21:50:09',1,NULL,NULL,NULL,NULL,NULL,NULL),(491,5,491,376,NULL,65,NULL,52,NULL,17,NULL,'2023-04-14 00:05:14',1,NULL,NULL,NULL,NULL,NULL,NULL),(499,2,499,87,NULL,41,NULL,52,NULL,10,NULL,'2023-04-14 13:02:59',1,NULL,NULL,NULL,NULL,'2023-04-15 08:43:27',1),(515,3,515,176,NULL,44,NULL,5,NULL,13,NULL,'2023-04-14 09:42:04',1,NULL,NULL,NULL,NULL,NULL,NULL),(538,5,538,264,NULL,46,NULL,52,NULL,16,NULL,'2023-04-14 07:29:00',1,NULL,NULL,NULL,NULL,NULL,NULL),(550,5,550,330,NULL,96,NULL,52,NULL,16,NULL,'2023-04-14 01:46:08',1,NULL,NULL,NULL,NULL,NULL,NULL),(555,4,555,7,NULL,43,NULL,1,NULL,13,NULL,'2023-04-14 12:29:21',1,NULL,NULL,NULL,NULL,NULL,NULL),(557,5,557,233,NULL,41,NULL,68,NULL,16,NULL,'2023-04-13 20:46:15',1,NULL,NULL,NULL,NULL,NULL,NULL),(562,5,562,383,NULL,69,NULL,52,NULL,18,NULL,'2023-04-14 03:05:03',1,NULL,NULL,NULL,NULL,'2023-04-15 10:58:25',1),(582,3,582,98,NULL,68,NULL,68,NULL,6,NULL,'2023-04-14 04:04:51',1,NULL,NULL,NULL,NULL,'2023-04-15 13:00:38',1),(598,3,598,76,NULL,3,NULL,68,NULL,12,NULL,'2023-04-14 15:59:09',1,NULL,NULL,NULL,NULL,NULL,NULL),(622,5,622,395,NULL,39,NULL,52,NULL,16,NULL,'2023-04-14 16:46:42',1,NULL,NULL,NULL,NULL,NULL,NULL),(626,6,626,429,NULL,6,NULL,68,NULL,22,NULL,'2023-04-14 10:40:22',1,NULL,NULL,NULL,NULL,'2023-04-15 17:28:34',1),(630,2,630,122,NULL,91,NULL,70,NULL,6,NULL,'2023-04-13 21:50:17',1,NULL,NULL,NULL,NULL,'2023-04-14 20:58:34',1),(635,5,635,247,204,32,NULL,52,52,17,2,'2023-04-14 04:59:13',1,NULL,NULL,'2023-04-16 04:45:42',1,NULL,NULL),(645,5,645,251,NULL,50,NULL,52,NULL,16,NULL,'2023-04-14 07:11:40',1,NULL,NULL,NULL,NULL,NULL,NULL),(656,5,656,249,NULL,65,NULL,52,NULL,16,NULL,'2023-04-14 12:28:49',1,NULL,NULL,NULL,NULL,NULL,NULL),(663,2,663,214,NULL,35,NULL,68,NULL,5,NULL,'2023-04-14 00:32:31',1,NULL,NULL,NULL,NULL,'2023-04-15 07:34:25',1),(674,7,674,423,49,3,NULL,68,52,22,4,'2023-04-13 22:34:27',1,NULL,NULL,'2023-04-16 07:01:24',1,NULL,NULL),(675,6,675,459,NULL,84,NULL,52,NULL,22,NULL,'2023-04-14 02:46:00',1,'2023-04-16 03:53:21',1,NULL,NULL,NULL,NULL),(679,4,679,137,NULL,43,NULL,1,NULL,5,NULL,'2023-04-13 22:35:52',1,NULL,NULL,NULL,NULL,NULL,NULL),(688,1,688,75,NULL,5,NULL,68,NULL,11,NULL,'2023-04-14 14:27:44',1,NULL,NULL,NULL,NULL,NULL,NULL),(691,5,691,399,NULL,84,NULL,52,NULL,18,NULL,'2023-04-13 20:10:13',1,NULL,NULL,NULL,NULL,NULL,NULL),(694,5,694,305,NULL,56,NULL,119,NULL,18,NULL,'2023-04-13 23:47:34',1,NULL,NULL,NULL,NULL,NULL,NULL),(696,3,696,59,NULL,15,NULL,68,NULL,9,NULL,'2023-04-14 11:12:35',1,NULL,NULL,NULL,NULL,'2023-04-15 06:13:28',1),(716,5,716,377,NULL,4,NULL,52,NULL,17,NULL,'2023-04-14 13:23:25',1,NULL,NULL,NULL,NULL,NULL,NULL),(717,4,717,46,NULL,56,NULL,4,NULL,5,NULL,'2023-04-14 16:16:10',1,NULL,NULL,NULL,NULL,NULL,NULL),(723,1,723,122,NULL,11,NULL,54,NULL,8,NULL,'2023-04-14 01:23:12',1,NULL,NULL,NULL,NULL,NULL,NULL),(733,5,733,349,NULL,52,NULL,52,NULL,16,NULL,'2023-04-14 14:14:40',1,NULL,NULL,NULL,NULL,NULL,NULL),(755,2,755,102,NULL,87,NULL,68,NULL,8,NULL,'2023-04-14 00:03:45',1,NULL,NULL,NULL,NULL,'2023-04-15 07:06:36',1),(757,1,757,171,NULL,99,NULL,130,NULL,7,NULL,'2023-04-14 19:36:10',1,NULL,NULL,NULL,NULL,NULL,NULL),(770,1,770,55,NULL,79,NULL,2,NULL,9,NULL,'2023-04-13 20:45:48',1,NULL,NULL,NULL,NULL,'2023-04-15 14:27:49',1);
/*!40000 ALTER TABLE `shipment_detail` ENABLE KEYS */;
UNLOCK TABLES;

--
-- Table structure for table `sizegroup`
--

DROP TABLE IF EXISTS `sizegroup`;
/*!40101 SET @saved_cs_client     = @@character_set_client */;
/*!40101 SET character_set_client = utf8 */;
CREATE TABLE `sizegroup` (
  `id` int(11) unsigned NOT NULL AUTO_INCREMENT,
  `label` varchar(255) NOT NULL,
  `seq` int(11) DEFAULT NULL,
  PRIMARY KEY (`id`)
) ENGINE=InnoDB AUTO_INCREMENT=25 DEFAULT CHARSET=utf8 ROW_FORMAT=DYNAMIC;
/*!40101 SET character_set_client = @saved_cs_client */;

--
-- Dumping data for table `sizegroup`
--

LOCK TABLES `sizegroup` WRITE;
/*!40000 ALTER TABLE `sizegroup` DISABLE KEYS */;
INSERT INTO `sizegroup` VALUES (1,'XS, S, M, L, XL',1),(2,'Baby by month (0-6, 7-12, 13-18, 19-24)',20),(3,'Shoe sizes Female',40),(4,'Children by year (2-3, 4-5, 6-8, 9-12, 13-15)',9),(5,'S, M, L',2),(6,'Mixed sizes',31),(7,'One size',30),(8,'Shoe sizes Male',50),(9,'Shoe sizes children',60),(12,'Diaper sizes',70),(13,'Bra sizes',75),(16,'Pack of 5-20, Pack of 21+, Bulk (100+)',80),(17,'Children by year (2-5, 6-10, 11-15)',10),(18,'Children by year (6-10, 11-15)',101),(19,'Singlepack, Multipack',81),(20,'Children by month (2-5)',100),(21,'Baby by month (0-2, 3-6, 7-12, 13-18, 19-24)',19),(22,'Baby by month (0-6, 7-24)',20),(23,'Children by year (2-3, 4-5, 6-7, 8-9, 10-11, 12-13, 14-15)',11),(24,'Children by year (individual years)',12);
/*!40000 ALTER TABLE `sizegroup` ENABLE KEYS */;
UNLOCK TABLES;

--
-- Table structure for table `sizes`
--

DROP TABLE IF EXISTS `sizes`;
/*!40101 SET @saved_cs_client     = @@character_set_client */;
/*!40101 SET character_set_client = utf8 */;
CREATE TABLE `sizes` (
  `id` int(11) unsigned NOT NULL AUTO_INCREMENT,
  `label` varchar(20) NOT NULL,
  `sizegroup_id` int(11) unsigned DEFAULT NULL,
  `seq` int(11) DEFAULT NULL,
  `created` datetime DEFAULT NULL,
  `created_by` int(11) unsigned DEFAULT NULL,
  `modified` datetime DEFAULT NULL,
  `modified_by` int(11) unsigned DEFAULT NULL,
  PRIMARY KEY (`id`),
  KEY `sizegroup_id` (`sizegroup_id`),
  KEY `created_by` (`created_by`),
  KEY `modified_by` (`modified_by`),
  CONSTRAINT `sizes_ibfk_4` FOREIGN KEY (`sizegroup_id`) REFERENCES `sizegroup` (`id`) ON UPDATE CASCADE,
  CONSTRAINT `sizes_ibfk_5` FOREIGN KEY (`created_by`) REFERENCES `cms_users` (`id`) ON DELETE SET NULL ON UPDATE CASCADE,
  CONSTRAINT `sizes_ibfk_6` FOREIGN KEY (`modified_by`) REFERENCES `cms_users` (`id`) ON DELETE SET NULL ON UPDATE CASCADE
) ENGINE=InnoDB AUTO_INCREMENT=164 DEFAULT CHARSET=utf8 ROW_FORMAT=DYNAMIC;
/*!40101 SET character_set_client = @saved_cs_client */;

--
-- Dumping data for table `sizes`
--

LOCK TABLES `sizes` WRITE;
/*!40000 ALTER TABLE `sizes` DISABLE KEYS */;
INSERT INTO `sizes` VALUES (1,'S',1,1,NULL,NULL,NULL,NULL),(2,'M',1,2,NULL,NULL,NULL,NULL),(3,'L',1,3,NULL,NULL,NULL,NULL),(4,'XL',1,4,NULL,NULL,NULL,NULL),(5,'XS',1,5,NULL,NULL,NULL,NULL),(10,'2-3 years',4,200,NULL,NULL,NULL,NULL),(11,'4-5 years',4,201,NULL,NULL,NULL,NULL),(12,'6-8 years',4,202,NULL,NULL,NULL,NULL),(13,'9-12 years',4,203,NULL,NULL,NULL,NULL),(14,'20',9,103,NULL,NULL,NULL,NULL),(15,'21',9,104,NULL,NULL,NULL,NULL),(16,'22',9,105,NULL,NULL,NULL,NULL),(17,'23',9,106,NULL,NULL,NULL,NULL),(18,'24',9,107,NULL,NULL,NULL,NULL),(19,'25',9,108,NULL,NULL,NULL,NULL),(20,'26',9,109,NULL,NULL,NULL,NULL),(21,'27',9,110,NULL,NULL,NULL,NULL),(22,'28',9,111,NULL,NULL,NULL,NULL),(23,'29',9,112,NULL,NULL,NULL,NULL),(24,'30',9,113,NULL,NULL,NULL,NULL),(25,'31',9,114,NULL,NULL,NULL,NULL),(26,'32',9,115,NULL,NULL,NULL,NULL),(27,'33',9,116,NULL,NULL,NULL,NULL),(28,'34',3,60,NULL,NULL,NULL,NULL),(29,'35',3,61,NULL,NULL,NULL,NULL),(30,'36',3,62,NULL,NULL,NULL,NULL),(31,'37',3,63,NULL,NULL,NULL,NULL),(32,'38',3,64,NULL,NULL,NULL,NULL),(33,'39',3,65,NULL,NULL,NULL,NULL),(34,'40',3,66,NULL,NULL,NULL,NULL),(35,'41',3,67,NULL,NULL,NULL,NULL),(36,'42 and bigger',3,68,NULL,NULL,NULL,NULL),(43,'13-15 years',4,204,NULL,NULL,NULL,NULL),(44,'19-24 months',21,214,NULL,NULL,NULL,NULL),(45,'3-6 months',21,211,NULL,NULL,NULL,NULL),(47,'7-12 months',21,212,NULL,NULL,NULL,NULL),(48,'13-18 months',21,213,NULL,NULL,NULL,NULL),(51,'19',9,102,NULL,NULL,NULL,NULL),(52,'Mixed',6,200,NULL,NULL,NULL,NULL),(53,'S',5,50,NULL,NULL,NULL,NULL),(54,'M',5,51,NULL,NULL,NULL,NULL),(55,'L',5,52,NULL,NULL,NULL,NULL),(56,'38 and smaller',8,80,NULL,NULL,NULL,NULL),(57,'39',8,81,NULL,NULL,NULL,NULL),(58,'40',8,82,NULL,NULL,NULL,NULL),(59,'41',8,83,NULL,NULL,NULL,NULL),(60,'42',8,84,NULL,NULL,NULL,NULL),(61,'43',8,85,NULL,NULL,NULL,NULL),(62,'44',8,86,NULL,NULL,NULL,NULL),(63,'45',8,87,NULL,NULL,NULL,NULL),(64,'46 and bigger',8,88,NULL,NULL,NULL,NULL),(65,'35',9,118,NULL,NULL,NULL,NULL),(66,'36 and bigger',9,119,NULL,NULL,NULL,NULL),(67,'34',9,117,NULL,NULL,NULL,NULL),(68,'One size',7,300,NULL,NULL,NULL,NULL),(69,'0-2 months',21,210,NULL,NULL,NULL,NULL),(70,'Mixed',5,53,NULL,NULL,NULL,NULL),(71,'Mixed',1,6,NULL,NULL,NULL,NULL),(97,'All ages',21,216,NULL,NULL,NULL,NULL),(103,'All ages',4,205,NULL,NULL,NULL,NULL),(104,'Pack of 5-20',16,150,NULL,NULL,NULL,NULL),(105,'Pack of 21+',16,151,NULL,NULL,NULL,NULL),(106,'Bulk (100+)',16,152,NULL,NULL,NULL,NULL),(108,'Newborn (< 4 kg)',12,130,NULL,NULL,NULL,NULL),(109,'Size 1 (3-6 kg)',12,131,NULL,NULL,NULL,NULL),(110,'Size 2 (5-8 kg)',12,132,NULL,NULL,NULL,NULL),(111,'Size 3 (7-13 kg)',12,133,NULL,NULL,NULL,NULL),(112,'Size 4 (9-17 kg)',12,134,NULL,NULL,NULL,NULL),(113,'Size 5 (>12 kg)',12,135,NULL,NULL,NULL,NULL),(114,'Size 6 (>16 kg)',12,136,NULL,NULL,NULL,NULL),(115,'Kids (>19 kg)',12,137,NULL,NULL,NULL,NULL),(116,'2-5 years',17,10,NULL,NULL,NULL,NULL),(117,'6-10 years',17,11,NULL,NULL,NULL,NULL),(118,'11-15 years',17,12,NULL,NULL,NULL,NULL),(119,'0-6 months',2,40,NULL,NULL,NULL,NULL),(120,'7-12 months',2,41,NULL,NULL,NULL,NULL),(121,'13-18 months',2,42,NULL,NULL,NULL,NULL),(122,'19-24 months',2,43,NULL,NULL,NULL,NULL),(123,'All ages',2,44,NULL,NULL,NULL,NULL),(124,'6-10 years',18,20,NULL,NULL,NULL,NULL),(125,'11-15 years',18,21,NULL,NULL,NULL,NULL),(126,'Singlepack',19,160,NULL,NULL,NULL,NULL),(127,'Multipack',19,161,NULL,NULL,NULL,NULL),(128,'17',9,100,NULL,NULL,NULL,NULL),(129,'18',9,101,NULL,NULL,NULL,NULL),(130,'2-5 years',20,30,NULL,NULL,NULL,NULL),(131,'75B',13,170,NULL,NULL,NULL,NULL),(132,'80B',13,171,NULL,NULL,NULL,NULL),(133,'85B',13,172,NULL,NULL,NULL,NULL),(134,'90b',13,173,NULL,NULL,NULL,NULL),(135,'95B',13,174,NULL,NULL,NULL,NULL),(136,'100C',13,175,NULL,NULL,NULL,NULL),(137,'D+ (big)',13,176,NULL,NULL,NULL,NULL),(138,'0-6 months',22,180,NULL,NULL,NULL,NULL),(139,'7-24 months',22,181,NULL,NULL,NULL,NULL),(140,'All ages',4,182,NULL,NULL,NULL,NULL),(141,'2-3 years',23,200,NULL,NULL,NULL,NULL),(142,'4-5 years',23,201,NULL,NULL,NULL,NULL),(143,'6-7 years',23,202,NULL,NULL,NULL,NULL),(144,'8-9 years',23,203,NULL,NULL,NULL,NULL),(145,'10-11 years',23,201,NULL,NULL,NULL,NULL),(146,'12-13 years',23,202,NULL,NULL,NULL,NULL),(147,'14-15 years',23,203,NULL,NULL,NULL,NULL),(148,'All ages',23,204,NULL,NULL,NULL,NULL),(149,'2 years',24,210,NULL,NULL,NULL,NULL),(150,'3 years',24,211,NULL,NULL,NULL,NULL),(151,'4 years',24,212,NULL,NULL,NULL,NULL),(152,'5 years',24,213,NULL,NULL,NULL,NULL),(153,'6 years',24,214,NULL,NULL,NULL,NULL),(154,'7 years',24,215,NULL,NULL,NULL,NULL),(155,'8 years',24,216,NULL,NULL,NULL,NULL),(156,'9 years',24,217,NULL,NULL,NULL,NULL),(157,'10 years',24,218,NULL,NULL,NULL,NULL),(158,'11 years',24,219,NULL,NULL,NULL,NULL),(159,'12 years',24,220,NULL,NULL,NULL,NULL),(160,'13 years',24,221,NULL,NULL,NULL,NULL),(161,'14 years',24,222,NULL,NULL,NULL,NULL),(162,'15 years',24,223,NULL,NULL,NULL,NULL),(163,'All ages',24,234,NULL,NULL,NULL,NULL);
/*!40000 ALTER TABLE `sizes` ENABLE KEYS */;
UNLOCK TABLES;

--
-- Table structure for table `stock`
--

DROP TABLE IF EXISTS `stock`;
/*!40101 SET @saved_cs_client     = @@character_set_client */;
/*!40101 SET character_set_client = utf8 */;
CREATE TABLE `stock` (
  `id` int(11) unsigned NOT NULL AUTO_INCREMENT,
  `box_id` varchar(11) NOT NULL DEFAULT '',
  `product_id` int(11) unsigned NOT NULL,
  `size_id` int(11) unsigned NOT NULL,
  `items` int(11) DEFAULT NULL,
  `location_id` int(11) unsigned NOT NULL,
  `distro_event_id` int(11) unsigned DEFAULT NULL,
  `qr_id` int(11) unsigned DEFAULT NULL,
  `comments` text,
  `created` datetime DEFAULT NULL,
  `created_by` int(11) unsigned DEFAULT NULL,
  `modified` datetime DEFAULT NULL,
  `modified_by` int(11) unsigned DEFAULT NULL,
  `deleted` datetime NOT NULL DEFAULT '0000-00-00 00:00:00',
  `box_state_id` int(11) unsigned NOT NULL DEFAULT '1',
  PRIMARY KEY (`id`),
  UNIQUE KEY `box_id_unique` (`box_id`),
  UNIQUE KEY `qr_id_unique` (`qr_id`),
  KEY `box_id` (`box_id`),
  KEY `location_id` (`location_id`),
  KEY `product_id` (`product_id`),
  KEY `size_id` (`size_id`),
  KEY `box_state_id` (`box_state_id`),
  KEY `created_by` (`created_by`),
  KEY `modified_by` (`modified_by`),
  KEY `distro_event_id` (`distro_event_id`),
  CONSTRAINT `stock_ibfk_10` FOREIGN KEY (`created_by`) REFERENCES `cms_users` (`id`) ON DELETE SET NULL ON UPDATE CASCADE,
  CONSTRAINT `stock_ibfk_11` FOREIGN KEY (`modified_by`) REFERENCES `cms_users` (`id`) ON DELETE SET NULL ON UPDATE CASCADE,
  CONSTRAINT `stock_ibfk_14` FOREIGN KEY (`location_id`) REFERENCES `locations` (`id`) ON DELETE RESTRICT ON UPDATE CASCADE,
  CONSTRAINT `stock_ibfk_15` FOREIGN KEY (`product_id`) REFERENCES `products` (`id`) ON DELETE RESTRICT ON UPDATE CASCADE,
  CONSTRAINT `stock_ibfk_16` FOREIGN KEY (`size_id`) REFERENCES `sizes` (`id`) ON DELETE RESTRICT ON UPDATE CASCADE,
  CONSTRAINT `stock_ibfk_17` FOREIGN KEY (`distro_event_id`) REFERENCES `distro_events` (`id`) ON DELETE RESTRICT ON UPDATE CASCADE,
  CONSTRAINT `stock_ibfk_3` FOREIGN KEY (`qr_id`) REFERENCES `qr` (`id`) ON DELETE RESTRICT ON UPDATE CASCADE,
  CONSTRAINT `stock_ibfk_9` FOREIGN KEY (`box_state_id`) REFERENCES `box_state` (`id`) ON DELETE RESTRICT ON UPDATE CASCADE
) ENGINE=InnoDB AUTO_INCREMENT=100000247 DEFAULT CHARSET=utf8 ROW_FORMAT=DYNAMIC;
/*!40101 SET character_set_client = @saved_cs_client */;

--
-- Dumping data for table `stock`
--

LOCK TABLES `stock` WRITE;
/*!40000 ALTER TABLE `stock` DISABLE KEYS */;
INSERT INTO `stock` VALUES (1,'1770168',22,124,43,2,NULL,1,NULL,NULL,NULL,NULL,NULL,'0000-00-00 00:00:00',2),(2,'4495955',233,68,99,15,NULL,2,NULL,NULL,NULL,NULL,NULL,'0000-00-00 00:00:00',6),(3,'8845494',565,52,33,20,NULL,3,NULL,NULL,NULL,NULL,NULL,'0000-00-00 00:00:00',2),(20,'1481666',267,52,23,15,NULL,20,NULL,NULL,NULL,NULL,NULL,'0000-00-00 00:00:00',6),(21,'5706832',124,68,93,7,NULL,21,NULL,NULL,NULL,NULL,NULL,'0000-00-00 00:00:00',1),(22,'4212147',112,52,88,7,NULL,22,NULL,NULL,NULL,NULL,NULL,'0000-00-00 00:00:00',1),(23,'1844220',601,52,52,22,NULL,23,NULL,NULL,NULL,NULL,NULL,'0000-00-00 00:00:00',2),(24,'2613701',199,130,77,5,NULL,24,NULL,NULL,NULL,NULL,NULL,'0000-00-00 00:00:00',1),(25,'5951674',509,52,30,20,NULL,25,NULL,NULL,NULL,NULL,NULL,'0000-00-00 00:00:00',2),(26,'7633534',24,68,27,9,NULL,26,NULL,NULL,NULL,NULL,NULL,'0000-00-00 00:00:00',3),(27,'5010558',118,68,11,3,NULL,27,NULL,NULL,NULL,NULL,NULL,'0000-00-00 00:00:00',1),(28,'8650860',350,52,33,15,NULL,28,NULL,NULL,NULL,NULL,NULL,'0000-00-00 00:00:00',6),(29,'5266986',365,68,88,14,NULL,29,NULL,NULL,NULL,NULL,NULL,'0000-00-00 00:00:00',2),(30,'4064326',358,52,24,17,NULL,30,NULL,NULL,NULL,NULL,NULL,'0000-00-00 00:00:00',1),(31,'8889639',23,68,62,1,NULL,31,NULL,NULL,NULL,NULL,NULL,'0000-00-00 00:00:00',5),(32,'8790123',18,3,59,10,NULL,32,NULL,NULL,NULL,NULL,NULL,'0000-00-00 00:00:00',1),(33,'1805212',605,52,80,21,NULL,33,NULL,NULL,NULL,NULL,NULL,'0000-00-00 00:00:00',6),(34,'6607827',193,68,99,4,NULL,34,NULL,NULL,NULL,NULL,NULL,'0000-00-00 00:00:00',1),(35,'3839438',423,68,97,21,NULL,35,NULL,NULL,NULL,NULL,NULL,'0000-00-00 00:00:00',6),(36,'8703930',550,52,56,19,NULL,36,NULL,NULL,NULL,NULL,NULL,'0000-00-00 00:00:00',5),(37,'9304145',147,117,42,3,NULL,37,NULL,NULL,NULL,NULL,NULL,'0000-00-00 00:00:00',6),(38,'6259479',571,52,73,19,NULL,38,NULL,NULL,NULL,NULL,NULL,'0000-00-00 00:00:00',5),(39,'6448091',265,52,52,15,NULL,39,NULL,NULL,NULL,NULL,NULL,'0000-00-00 00:00:00',6),(40,'5174419',357,52,30,17,NULL,40,NULL,NULL,NULL,NULL,NULL,'0000-00-00 00:00:00',1),(41,'2718870',339,52,55,14,NULL,41,NULL,NULL,NULL,NULL,NULL,'0000-00-00 00:00:00',2),(42,'2261106',254,52,98,14,NULL,42,NULL,NULL,NULL,NULL,NULL,'0000-00-00 00:00:00',2),(43,'8415969',476,52,28,21,NULL,43,NULL,NULL,NULL,NULL,NULL,'0000-00-00 00:00:00',6),(44,'2880017',33,32,45,12,NULL,44,NULL,NULL,NULL,NULL,NULL,'0000-00-00 00:00:00',1),(45,'8952640',590,52,13,19,NULL,45,NULL,NULL,NULL,NULL,NULL,'0000-00-00 00:00:00',5),(46,'7969589',535,52,49,20,NULL,46,NULL,NULL,NULL,NULL,NULL,'0000-00-00 00:00:00',2),(47,'4364440',21,124,68,9,NULL,47,NULL,NULL,NULL,NULL,NULL,'0000-00-00 00:00:00',1),(48,'6964111',257,52,4,14,NULL,48,NULL,NULL,NULL,NULL,NULL,'0000-00-00 00:00:00',2),(49,'2292257',17,4,52,7,NULL,49,NULL,NULL,NULL,NULL,NULL,'0000-00-00 00:00:00',1),(50,'3269294',338,52,62,18,NULL,50,NULL,NULL,NULL,NULL,NULL,'0000-00-00 00:00:00',1),(51,'8654335',555,68,92,20,NULL,51,NULL,NULL,NULL,NULL,NULL,'0000-00-00 00:00:00',2),(52,'1633999',478,52,39,19,NULL,52,NULL,NULL,NULL,NULL,NULL,'0000-00-00 00:00:00',5),(53,'7188371',99,3,67,2,NULL,53,NULL,NULL,NULL,NULL,NULL,'0000-00-00 00:00:00',2),(54,'1689351',170,130,20,13,NULL,54,NULL,NULL,NULL,NULL,NULL,'0000-00-00 00:00:00',1),(55,'1743145',44,68,31,8,NULL,55,NULL,NULL,NULL,NULL,NULL,'0000-00-00 00:00:00',1),(56,'4884878',601,52,19,19,NULL,56,NULL,NULL,NULL,NULL,NULL,'0000-00-00 00:00:00',5),(57,'9088574',313,52,87,16,NULL,57,NULL,NULL,NULL,NULL,NULL,'0000-00-00 00:00:00',1),(58,'8591127',98,68,16,6,NULL,58,NULL,NULL,NULL,NULL,NULL,'0000-00-00 00:00:00',1),(59,'8899186',122,53,47,4,NULL,59,NULL,NULL,NULL,NULL,NULL,'0000-00-00 00:00:00',1),(60,'5781205',219,68,58,12,NULL,60,NULL,NULL,NULL,NULL,NULL,'0000-00-00 00:00:00',3),(61,'3805817',458,52,58,22,NULL,61,NULL,NULL,NULL,NULL,NULL,'0000-00-00 00:00:00',1),(62,'1515603',367,52,78,14,NULL,62,NULL,NULL,NULL,NULL,NULL,'0000-00-00 00:00:00',2),(63,'5489842',119,52,11,4,NULL,63,NULL,NULL,NULL,NULL,NULL,'0000-00-00 00:00:00',1),(64,'3861251',366,52,6,18,NULL,64,NULL,NULL,NULL,NULL,NULL,'0000-00-00 00:00:00',1),(65,'5705158',396,52,17,14,NULL,65,NULL,NULL,NULL,NULL,NULL,'0000-00-00 00:00:00',2),(66,'3860911',460,52,10,19,NULL,66,NULL,NULL,NULL,NULL,NULL,'0000-00-00 00:00:00',5),(67,'8201730',22,124,46,11,NULL,67,NULL,NULL,NULL,NULL,NULL,'0000-00-00 00:00:00',1),(68,'1289580',238,68,39,17,NULL,68,NULL,NULL,NULL,NULL,NULL,'0000-00-00 00:00:00',1),(69,'6075317',582,52,63,22,NULL,69,NULL,NULL,NULL,NULL,NULL,'0000-00-00 00:00:00',1),(70,'2269538',30,117,77,13,NULL,70,NULL,NULL,NULL,NULL,NULL,'0000-00-00 00:00:00',3),(71,'3574119',468,52,65,21,NULL,71,NULL,NULL,NULL,NULL,NULL,'0000-00-00 00:00:00',6),(72,'3562040',276,52,88,15,NULL,72,NULL,NULL,NULL,NULL,NULL,'0000-00-00 00:00:00',6),(73,'1834569',179,130,88,9,NULL,73,NULL,NULL,NULL,NULL,NULL,'0000-00-00 00:00:00',1),(74,'5872916',604,68,48,19,NULL,74,NULL,NULL,NULL,NULL,NULL,'0000-00-00 00:00:00',5),(75,'9272730',533,52,85,22,NULL,75,NULL,NULL,NULL,NULL,NULL,'0000-00-00 00:00:00',1),(76,'3316917',359,68,92,16,NULL,76,NULL,NULL,NULL,NULL,NULL,'0000-00-00 00:00:00',1),(77,'3892401',474,52,92,21,NULL,77,NULL,NULL,NULL,NULL,NULL,'0000-00-00 00:00:00',6),(78,'4339892',167,117,11,11,NULL,78,NULL,NULL,NULL,NULL,NULL,'0000-00-00 00:00:00',1),(79,'3794168',231,68,65,18,NULL,79,NULL,NULL,NULL,NULL,NULL,'0000-00-00 00:00:00',1),(80,'7290526',72,36,82,9,NULL,80,NULL,NULL,NULL,NULL,NULL,'0000-00-00 00:00:00',1),(81,'5123480',12,125,99,9,NULL,81,NULL,NULL,NULL,NULL,NULL,'0000-00-00 00:00:00',1),(82,'8864382',469,52,85,19,NULL,82,NULL,NULL,NULL,NULL,NULL,'0000-00-00 00:00:00',5),(83,'4675163',339,52,62,14,NULL,83,NULL,NULL,NULL,NULL,NULL,'0000-00-00 00:00:00',2),(84,'2172411',609,52,59,19,NULL,84,NULL,NULL,NULL,NULL,NULL,'0000-00-00 00:00:00',5),(85,'5698434',289,52,78,15,NULL,85,NULL,NULL,NULL,NULL,NULL,'0000-00-00 00:00:00',6),(86,'7391243',491,52,91,22,NULL,86,NULL,NULL,NULL,NULL,NULL,'0000-00-00 00:00:00',1),(87,'5274774',537,52,67,20,NULL,87,NULL,NULL,NULL,NULL,NULL,'0000-00-00 00:00:00',2),(88,'8247371',596,52,36,22,NULL,88,NULL,NULL,NULL,NULL,NULL,'0000-00-00 00:00:00',1),(89,'1817665',399,52,88,14,NULL,89,NULL,NULL,NULL,NULL,NULL,'0000-00-00 00:00:00',2),(90,'4564730',291,52,32,18,NULL,90,NULL,NULL,NULL,NULL,NULL,'0000-00-00 00:00:00',1),(91,'2673508',555,68,88,22,NULL,91,NULL,NULL,NULL,NULL,NULL,'0000-00-00 00:00:00',1),(92,'7845323',306,120,85,15,NULL,92,NULL,NULL,NULL,NULL,NULL,'0000-00-00 00:00:00',6),(93,'9953666',484,52,66,22,NULL,93,NULL,NULL,NULL,NULL,NULL,'0000-00-00 00:00:00',1),(94,'7510639',275,52,6,18,NULL,94,NULL,NULL,NULL,NULL,NULL,'0000-00-00 00:00:00',1),(95,'6924253',187,4,72,7,NULL,95,NULL,NULL,NULL,NULL,NULL,'0000-00-00 00:00:00',1),(96,'3702061',118,68,18,2,NULL,96,NULL,NULL,NULL,NULL,NULL,'0000-00-00 00:00:00',2),(97,'9394515',603,52,52,21,NULL,97,NULL,NULL,NULL,NULL,NULL,'0000-00-00 00:00:00',6),(98,'3128191',401,52,37,16,NULL,98,NULL,NULL,NULL,NULL,NULL,'0000-00-00 00:00:00',1),(99,'1067427',342,52,54,18,NULL,99,NULL,NULL,NULL,NULL,NULL,'0000-00-00 00:00:00',4),(100,'2602236',103,52,59,11,NULL,100,NULL,NULL,NULL,NULL,NULL,'0000-00-00 00:00:00',1),(101,'2600372',312,119,97,15,NULL,101,NULL,NULL,NULL,NULL,NULL,'0000-00-00 00:00:00',6),(102,'7656496',423,68,88,20,NULL,102,NULL,NULL,NULL,NULL,NULL,'0000-00-00 00:00:00',2),(103,'8359580',291,52,37,17,NULL,103,NULL,NULL,NULL,NULL,NULL,'0000-00-00 00:00:00',1),(104,'5695710',270,52,60,15,NULL,104,NULL,NULL,NULL,NULL,NULL,'0000-00-00 00:00:00',6),(105,'9825248',518,110,62,22,NULL,105,NULL,NULL,NULL,NULL,NULL,'0000-00-00 00:00:00',1),(106,'1525792',567,52,36,19,NULL,106,NULL,NULL,NULL,NULL,NULL,'0000-00-00 00:00:00',5),(107,'3269732',532,52,61,21,NULL,107,NULL,NULL,NULL,NULL,NULL,'0000-00-00 00:00:00',6),(108,'8697965',451,52,73,19,NULL,108,NULL,NULL,NULL,NULL,NULL,'0000-00-00 00:00:00',5),(109,'1866271',242,68,44,16,NULL,109,NULL,NULL,NULL,NULL,NULL,'0000-00-00 00:00:00',1),(110,'8212359',91,68,91,2,NULL,110,NULL,NULL,NULL,NULL,NULL,'0000-00-00 00:00:00',2),(111,'2448725',108,68,64,1,NULL,111,NULL,NULL,NULL,NULL,NULL,'0000-00-00 00:00:00',5),(112,'2362358',158,126,52,3,NULL,112,NULL,NULL,NULL,NULL,NULL,'0000-00-00 00:00:00',6),(113,'5640251',553,52,61,21,NULL,113,NULL,NULL,NULL,NULL,NULL,'0000-00-00 00:00:00',6),(114,'7662166',453,52,40,22,NULL,114,NULL,NULL,NULL,NULL,NULL,'0000-00-00 00:00:00',1),(115,'6433346',56,68,74,6,NULL,115,NULL,NULL,NULL,NULL,NULL,'0000-00-00 00:00:00',1),(116,'6340190',524,52,84,19,NULL,116,NULL,NULL,NULL,NULL,NULL,'0000-00-00 00:00:00',5),(117,'7711146',593,52,55,21,NULL,117,NULL,NULL,NULL,NULL,NULL,'0000-00-00 00:00:00',6),(118,'8854647',78,68,74,9,NULL,118,NULL,NULL,NULL,NULL,NULL,'0000-00-00 00:00:00',1),(119,'6528629',465,52,27,20,NULL,119,NULL,NULL,NULL,NULL,NULL,'0000-00-00 00:00:00',2),(120,'7809587',283,52,89,18,NULL,120,NULL,NULL,NULL,NULL,NULL,'0000-00-00 00:00:00',1),(121,'7227645',339,52,64,16,NULL,121,NULL,NULL,NULL,NULL,NULL,'0000-00-00 00:00:00',1),(122,'7104260',216,130,52,8,NULL,122,NULL,NULL,NULL,NULL,NULL,'0000-00-00 00:00:00',1),(123,'3448286',502,123,17,19,NULL,123,NULL,NULL,NULL,NULL,NULL,'0000-00-00 00:00:00',5),(124,'6113128',609,52,96,19,NULL,124,NULL,NULL,NULL,NULL,NULL,'0000-00-00 00:00:00',5),(125,'6460398',538,52,69,22,NULL,125,NULL,NULL,NULL,NULL,NULL,'0000-00-00 00:00:00',1),(126,'5369880',598,52,96,19,NULL,126,NULL,NULL,NULL,NULL,NULL,'0000-00-00 00:00:00',5),(127,'7444296',238,68,32,17,NULL,127,NULL,NULL,NULL,NULL,NULL,'0000-00-00 00:00:00',1),(128,'2896924',283,52,98,18,NULL,128,NULL,NULL,NULL,NULL,NULL,'0000-00-00 00:00:00',2),(129,'1676555',580,52,2,19,NULL,129,NULL,NULL,NULL,NULL,NULL,'0000-00-00 00:00:00',5),(130,'2236044',202,60,99,13,NULL,130,NULL,NULL,NULL,NULL,NULL,'0000-00-00 00:00:00',1),(131,'7596866',416,68,30,20,NULL,131,NULL,NULL,NULL,NULL,NULL,'0000-00-00 00:00:00',2),(132,'9765807',559,68,85,20,NULL,132,NULL,NULL,NULL,NULL,NULL,'0000-00-00 00:00:00',2),(133,'9078219',362,68,18,15,NULL,133,NULL,NULL,NULL,NULL,NULL,'0000-00-00 00:00:00',6),(134,'4909261',415,68,98,20,NULL,134,NULL,NULL,NULL,NULL,NULL,'0000-00-00 00:00:00',2),(135,'7598836',596,52,38,20,NULL,135,NULL,NULL,NULL,NULL,NULL,'0000-00-00 00:00:00',2),(136,'7603283',315,68,45,16,NULL,136,NULL,NULL,NULL,NULL,NULL,'0000-00-00 00:00:00',1),(137,'7641099',481,52,6,20,NULL,137,NULL,NULL,NULL,NULL,NULL,'0000-00-00 00:00:00',2),(138,'5446612',536,52,98,21,NULL,138,NULL,NULL,NULL,NULL,NULL,'0000-00-00 00:00:00',6),(139,'5626601',143,2,31,7,NULL,139,NULL,NULL,NULL,NULL,NULL,'0000-00-00 00:00:00',3),(140,'2236106',245,68,33,17,NULL,140,NULL,NULL,NULL,NULL,NULL,'0000-00-00 00:00:00',1),(141,'6635981',297,52,32,18,NULL,141,NULL,NULL,NULL,NULL,NULL,'0000-00-00 00:00:00',1),(142,'6709380',582,52,36,19,NULL,142,NULL,NULL,NULL,NULL,NULL,'0000-00-00 00:00:00',5),(143,'9409799',470,52,75,22,NULL,143,NULL,NULL,NULL,NULL,NULL,'0000-00-00 00:00:00',2),(144,'3764584',607,68,8,20,NULL,144,NULL,NULL,NULL,NULL,NULL,'0000-00-00 00:00:00',2),(145,'8421360',79,124,20,12,NULL,145,NULL,NULL,NULL,NULL,NULL,'0000-00-00 00:00:00',1),(146,'5296962',84,68,100,5,NULL,146,NULL,NULL,NULL,NULL,NULL,'0000-00-00 00:00:00',1),(147,'7174550',389,52,6,15,NULL,147,NULL,NULL,NULL,NULL,NULL,'0000-00-00 00:00:00',6),(148,'2278608',206,52,72,10,NULL,148,NULL,NULL,NULL,NULL,NULL,'0000-00-00 00:00:00',1),(149,'3279851',61,64,87,1,NULL,149,NULL,NULL,NULL,NULL,NULL,'0000-00-00 00:00:00',5),(150,'5828131',516,68,12,22,NULL,150,NULL,NULL,NULL,NULL,NULL,'0000-00-00 00:00:00',1),(151,'6807146',435,68,96,19,NULL,151,NULL,NULL,NULL,NULL,NULL,'0000-00-00 00:00:00',5),(152,'6512181',27,68,74,7,NULL,152,NULL,NULL,NULL,NULL,NULL,'0000-00-00 00:00:00',1),(153,'4945529',570,52,30,20,NULL,153,NULL,NULL,NULL,NULL,NULL,'0000-00-00 00:00:00',2),(154,'2374421',192,68,75,10,NULL,154,NULL,NULL,NULL,NULL,NULL,'0000-00-00 00:00:00',1),(155,'9085809',590,52,47,20,NULL,155,NULL,NULL,NULL,NULL,NULL,'0000-00-00 00:00:00',2),(156,'1572005',271,52,75,16,NULL,156,NULL,NULL,NULL,NULL,NULL,'0000-00-00 00:00:00',1),(157,'7235001',372,52,33,16,NULL,157,NULL,NULL,NULL,NULL,NULL,'0000-00-00 00:00:00',1),(158,'7691657',287,52,45,17,NULL,158,NULL,NULL,NULL,NULL,NULL,'0000-00-00 00:00:00',4),(159,'9312937',235,68,29,18,NULL,159,NULL,NULL,NULL,NULL,NULL,'0000-00-00 00:00:00',1),(160,'5889310',541,52,11,20,NULL,160,NULL,NULL,NULL,NULL,NULL,'0000-00-00 00:00:00',2),(161,'6010068',257,52,71,14,NULL,161,NULL,NULL,NULL,NULL,NULL,'0000-00-00 00:00:00',2),(162,'4457388',264,52,61,14,NULL,162,NULL,NULL,NULL,NULL,NULL,'0000-00-00 00:00:00',2),(163,'9100761',159,52,72,12,NULL,163,NULL,NULL,NULL,NULL,NULL,'0000-00-00 00:00:00',1),(164,'1693600',483,52,53,22,NULL,164,NULL,NULL,NULL,NULL,NULL,'0000-00-00 00:00:00',1),(165,'9131638',551,52,34,21,NULL,165,NULL,NULL,NULL,NULL,NULL,'0000-00-00 00:00:00',6),(166,'7822912',449,52,84,20,NULL,166,NULL,NULL,NULL,NULL,NULL,'0000-00-00 00:00:00',2),(167,'2447244',463,52,97,21,NULL,167,NULL,NULL,NULL,NULL,NULL,'0000-00-00 00:00:00',6),(168,'9766119',434,68,99,22,NULL,168,NULL,NULL,NULL,NULL,NULL,'0000-00-00 00:00:00',1),(169,'4470665',524,52,2,22,NULL,169,NULL,NULL,NULL,NULL,NULL,'0000-00-00 00:00:00',2),(170,'9159139',325,68,78,16,NULL,170,NULL,NULL,NULL,NULL,NULL,'0000-00-00 00:00:00',1),(171,'9232773',79,124,20,2,NULL,171,NULL,NULL,NULL,NULL,NULL,'0000-00-00 00:00:00',2),(172,'2249131',443,52,62,19,NULL,172,NULL,NULL,NULL,NULL,NULL,'0000-00-00 00:00:00',5),(173,'4847181',564,52,2,20,NULL,173,NULL,NULL,NULL,NULL,NULL,'0000-00-00 00:00:00',2),(174,'6923648',329,52,39,17,NULL,174,NULL,NULL,NULL,NULL,NULL,'0000-00-00 00:00:00',1),(175,'2942487',188,5,37,2,NULL,175,NULL,NULL,NULL,NULL,NULL,'0000-00-00 00:00:00',2),(176,'4186918',278,52,50,18,NULL,176,NULL,NULL,NULL,NULL,NULL,'0000-00-00 00:00:00',1),(177,'5359179',275,52,56,17,NULL,177,NULL,NULL,NULL,NULL,NULL,'0000-00-00 00:00:00',1),(178,'6940984',259,52,27,18,NULL,178,NULL,NULL,NULL,NULL,NULL,'0000-00-00 00:00:00',1),(179,'1137982',259,52,82,17,NULL,179,NULL,NULL,NULL,NULL,NULL,'0000-00-00 00:00:00',4),(180,'3829642',472,52,9,19,NULL,180,NULL,NULL,NULL,NULL,NULL,'0000-00-00 00:00:00',5),(181,'3025449',340,52,84,17,NULL,181,NULL,NULL,NULL,NULL,NULL,'0000-00-00 00:00:00',1),(182,'9340059',114,68,10,5,NULL,182,NULL,NULL,NULL,NULL,NULL,'0000-00-00 00:00:00',1),(183,'4497905',372,52,68,15,NULL,183,NULL,NULL,NULL,NULL,NULL,'0000-00-00 00:00:00',6),(184,'9956359',538,52,4,20,NULL,184,NULL,NULL,NULL,NULL,NULL,'0000-00-00 00:00:00',2),(185,'9933177',184,2,73,9,NULL,185,NULL,NULL,NULL,NULL,NULL,'0000-00-00 00:00:00',1),(186,'3978320',324,52,12,15,NULL,186,NULL,NULL,NULL,NULL,NULL,'0000-00-00 00:00:00',6),(187,'3222392',253,52,29,16,NULL,187,NULL,NULL,NULL,NULL,NULL,'0000-00-00 00:00:00',4),(188,'3445150',532,52,90,21,NULL,188,NULL,NULL,NULL,NULL,NULL,'0000-00-00 00:00:00',6),(189,'7941034',255,52,24,16,NULL,189,NULL,NULL,NULL,NULL,NULL,'0000-00-00 00:00:00',1),(190,'1231659',262,52,68,17,NULL,190,NULL,NULL,NULL,NULL,NULL,'0000-00-00 00:00:00',4),(191,'5607939',499,119,3,19,NULL,191,NULL,NULL,NULL,NULL,NULL,'0000-00-00 00:00:00',5),(192,'3317765',278,52,100,17,NULL,192,NULL,NULL,NULL,NULL,NULL,'0000-00-00 00:00:00',1),(193,'1511689',93,68,9,1,NULL,193,NULL,NULL,NULL,NULL,NULL,'0000-00-00 00:00:00',5),(194,'1816128',308,121,26,15,NULL,194,NULL,NULL,NULL,NULL,NULL,'0000-00-00 00:00:00',6),(195,'2512971',149,105,64,10,NULL,195,NULL,NULL,NULL,NULL,NULL,'0000-00-00 00:00:00',1),(196,'6118001',266,52,31,16,NULL,196,NULL,NULL,NULL,NULL,NULL,'0000-00-00 00:00:00',1),(197,'9261822',42,52,7,7,NULL,197,NULL,NULL,NULL,NULL,NULL,'0000-00-00 00:00:00',1),(198,'9960847',322,68,14,17,NULL,198,NULL,NULL,NULL,NULL,NULL,'0000-00-00 00:00:00',1),(199,'5682427',335,52,18,17,NULL,199,NULL,NULL,NULL,NULL,NULL,'0000-00-00 00:00:00',1),(200,'9728338',288,52,80,17,NULL,200,NULL,NULL,NULL,NULL,NULL,'0000-00-00 00:00:00',1),(201,'7765231',599,68,69,20,NULL,201,NULL,NULL,NULL,NULL,NULL,'0000-00-00 00:00:00',2),(202,'3920501',274,52,73,18,NULL,202,NULL,NULL,NULL,NULL,NULL,'0000-00-00 00:00:00',1),(203,'7662284',50,68,20,3,NULL,203,NULL,NULL,NULL,NULL,NULL,'0000-00-00 00:00:00',6),(204,'2142319',222,68,58,15,NULL,204,NULL,NULL,NULL,NULL,NULL,'0000-00-00 00:00:00',6),(205,'5204366',552,52,27,19,NULL,205,NULL,NULL,NULL,NULL,NULL,'0000-00-00 00:00:00',5),(206,'2322485',8,3,59,10,NULL,206,NULL,NULL,NULL,NULL,NULL,'0000-00-00 00:00:00',1),(207,'7413443',440,68,63,19,NULL,207,NULL,NULL,NULL,NULL,NULL,'0000-00-00 00:00:00',5),(208,'9617917',543,52,93,20,NULL,208,NULL,NULL,NULL,NULL,NULL,'0000-00-00 00:00:00',2),(209,'9866967',214,68,23,4,NULL,209,NULL,NULL,NULL,NULL,NULL,'0000-00-00 00:00:00',1),(210,'5090348',318,68,96,15,NULL,210,NULL,NULL,NULL,NULL,NULL,'0000-00-00 00:00:00',6),(211,'6242498',213,68,13,11,NULL,211,NULL,NULL,NULL,NULL,NULL,'0000-00-00 00:00:00',1),(212,'6245682',386,52,33,17,NULL,212,NULL,NULL,NULL,NULL,NULL,'0000-00-00 00:00:00',1),(213,'7426968',220,68,57,14,NULL,213,NULL,NULL,NULL,NULL,NULL,'0000-00-00 00:00:00',2),(214,'2138648',604,68,53,22,NULL,214,NULL,NULL,NULL,NULL,NULL,'0000-00-00 00:00:00',1),(215,'1631371',594,52,90,19,NULL,215,NULL,NULL,NULL,NULL,NULL,'0000-00-00 00:00:00',5),(216,'8318321',332,52,8,17,NULL,216,NULL,NULL,NULL,NULL,NULL,'0000-00-00 00:00:00',1),(217,'8095476',603,52,5,20,NULL,217,NULL,NULL,NULL,NULL,NULL,'0000-00-00 00:00:00',2),(218,'6842157',313,52,85,16,NULL,218,NULL,NULL,NULL,NULL,NULL,'0000-00-00 00:00:00',1),(219,'2862794',442,52,59,19,NULL,219,NULL,NULL,NULL,NULL,NULL,'0000-00-00 00:00:00',5),(220,'7744278',88,112,16,9,NULL,220,NULL,NULL,NULL,NULL,NULL,'0000-00-00 00:00:00',1),(221,'2891302',443,52,74,22,NULL,221,NULL,NULL,NULL,NULL,NULL,'0000-00-00 00:00:00',1),(222,'3618848',12,124,11,3,NULL,222,NULL,NULL,NULL,NULL,NULL,'0000-00-00 00:00:00',6),(223,'8292191',454,52,7,20,NULL,223,NULL,NULL,NULL,NULL,NULL,'0000-00-00 00:00:00',2),(224,'4913679',280,52,4,18,NULL,224,NULL,NULL,NULL,NULL,NULL,'0000-00-00 00:00:00',1),(225,'7969501',475,52,30,21,NULL,225,NULL,NULL,NULL,NULL,NULL,'0000-00-00 00:00:00',6),(226,'8652730',370,52,80,17,NULL,226,NULL,NULL,NULL,NULL,NULL,'0000-00-00 00:00:00',1),(227,'1542978',126,68,84,13,NULL,227,NULL,NULL,NULL,NULL,NULL,'0000-00-00 00:00:00',1),(228,'5259422',51,68,88,12,NULL,228,NULL,NULL,NULL,NULL,NULL,'0000-00-00 00:00:00',1),(229,'1142893',306,120,34,15,NULL,229,NULL,NULL,NULL,NULL,NULL,'0000-00-00 00:00:00',6),(230,'2999007',58,4,90,13,NULL,230,NULL,NULL,NULL,NULL,NULL,'0000-00-00 00:00:00',1),(231,'2777955',543,52,19,19,NULL,231,NULL,NULL,NULL,NULL,NULL,'0000-00-00 00:00:00',5),(232,'8961082',503,120,23,21,NULL,232,NULL,NULL,NULL,NULL,NULL,'0000-00-00 00:00:00',6),(233,'1436741',350,52,91,18,NULL,233,NULL,NULL,NULL,NULL,NULL,'0000-00-00 00:00:00',1),(234,'4917350',65,68,18,10,NULL,234,NULL,NULL,NULL,NULL,NULL,'0000-00-00 00:00:00',1),(235,'9108752',480,52,55,22,NULL,235,NULL,NULL,NULL,NULL,NULL,'0000-00-00 00:00:00',1),(236,'9236022',122,54,56,2,NULL,236,NULL,NULL,NULL,NULL,NULL,'0000-00-00 00:00:00',2),(237,'6733526',365,68,16,14,NULL,237,NULL,NULL,NULL,NULL,NULL,'0000-00-00 00:00:00',2),(238,'6151921',176,3,66,10,NULL,238,NULL,NULL,NULL,NULL,NULL,'0000-00-00 00:00:00',1),(239,'5005962',293,52,63,18,NULL,239,NULL,NULL,NULL,NULL,NULL,'0000-00-00 00:00:00',1),(240,'8709600',513,68,33,20,NULL,240,NULL,NULL,NULL,NULL,NULL,'0000-00-00 00:00:00',2),(241,'2215560',579,68,82,21,NULL,241,NULL,NULL,NULL,NULL,NULL,'0000-00-00 00:00:00',6),(242,'3156618',407,52,62,17,NULL,242,NULL,NULL,NULL,NULL,NULL,'0000-00-00 00:00:00',1),(243,'8668526',63,124,54,9,NULL,243,NULL,NULL,NULL,NULL,NULL,'0000-00-00 00:00:00',1),(244,'1367582',129,68,37,13,NULL,244,NULL,NULL,NULL,NULL,NULL,'0000-00-00 00:00:00',1),(245,'9033347',138,1,77,2,NULL,245,NULL,NULL,NULL,NULL,NULL,'0000-00-00 00:00:00',2),(246,'1545171',583,52,60,20,NULL,246,NULL,NULL,NULL,NULL,NULL,'0000-00-00 00:00:00',2),(247,'1751049',413,52,56,18,NULL,247,NULL,NULL,NULL,NULL,NULL,'0000-00-00 00:00:00',1),(248,'2392316',473,52,33,19,NULL,248,NULL,NULL,NULL,NULL,NULL,'0000-00-00 00:00:00',5),(249,'2386980',420,68,36,21,NULL,249,NULL,NULL,NULL,NULL,NULL,'0000-00-00 00:00:00',6),(250,'5554656',473,52,4,21,NULL,250,NULL,NULL,NULL,NULL,NULL,'0000-00-00 00:00:00',6),(251,'8267836',388,52,61,16,NULL,251,NULL,NULL,NULL,NULL,NULL,'0000-00-00 00:00:00',4),(252,'4303918',260,52,63,16,NULL,252,NULL,NULL,NULL,NULL,NULL,'0000-00-00 00:00:00',1),(253,'5188534',478,52,11,21,NULL,253,NULL,NULL,NULL,NULL,NULL,'0000-00-00 00:00:00',6),(254,'1733031',348,52,37,18,NULL,254,NULL,NULL,NULL,NULL,NULL,'0000-00-00 00:00:00',4),(255,'4623275',285,52,69,15,NULL,255,NULL,NULL,NULL,NULL,NULL,'0000-00-00 00:00:00',6),(256,'1925694',139,3,25,3,NULL,256,NULL,NULL,NULL,NULL,NULL,'0000-00-00 00:00:00',6),(257,'3558399',313,52,76,16,NULL,257,NULL,NULL,NULL,NULL,NULL,'0000-00-00 00:00:00',1),(258,'8293684',480,52,6,20,NULL,258,NULL,NULL,NULL,NULL,NULL,'0000-00-00 00:00:00',2),(259,'4888866',133,70,29,3,NULL,259,NULL,NULL,NULL,NULL,NULL,'0000-00-00 00:00:00',6),(260,'7569551',110,52,64,13,NULL,260,NULL,NULL,NULL,NULL,NULL,'0000-00-00 00:00:00',1),(261,'2090340',593,52,14,19,NULL,261,NULL,NULL,NULL,NULL,NULL,'0000-00-00 00:00:00',5),(262,'3030280',546,52,29,20,NULL,262,NULL,NULL,NULL,NULL,NULL,'0000-00-00 00:00:00',2),(263,'9109712',170,130,55,6,NULL,263,NULL,NULL,NULL,NULL,NULL,'0000-00-00 00:00:00',1),(264,'9814098',571,52,40,21,NULL,264,NULL,NULL,NULL,NULL,NULL,'0000-00-00 00:00:00',6),(265,'7871497',586,52,97,20,NULL,265,NULL,NULL,NULL,NULL,NULL,'0000-00-00 00:00:00',2),(266,'2744916',383,52,12,15,NULL,266,NULL,NULL,NULL,NULL,NULL,'0000-00-00 00:00:00',6),(267,'5226556',128,68,86,6,NULL,267,NULL,NULL,NULL,NULL,NULL,'0000-00-00 00:00:00',1),(268,'7665196',311,122,79,14,NULL,268,NULL,NULL,NULL,NULL,NULL,'0000-00-00 00:00:00',2),(269,'4471279',369,52,72,14,NULL,269,NULL,NULL,NULL,NULL,NULL,'0000-00-00 00:00:00',2),(270,'2977223',397,52,55,14,NULL,270,NULL,NULL,NULL,NULL,NULL,'0000-00-00 00:00:00',2),(271,'7997293',574,52,90,21,NULL,271,NULL,NULL,NULL,NULL,NULL,'0000-00-00 00:00:00',6),(272,'9555241',314,52,74,17,NULL,272,NULL,NULL,NULL,NULL,NULL,'0000-00-00 00:00:00',1),(273,'7824629',551,52,50,21,NULL,273,NULL,NULL,NULL,NULL,NULL,'0000-00-00 00:00:00',6),(274,'9621635',365,68,91,16,NULL,274,NULL,NULL,NULL,NULL,NULL,'0000-00-00 00:00:00',2),(275,'1068785',114,68,18,6,NULL,275,NULL,NULL,NULL,NULL,NULL,'0000-00-00 00:00:00',1),(276,'4816761',577,52,93,19,NULL,276,NULL,NULL,NULL,NULL,NULL,'0000-00-00 00:00:00',5),(277,'1247465',435,68,47,19,NULL,277,NULL,NULL,NULL,NULL,NULL,'0000-00-00 00:00:00',5),(278,'4309917',204,52,20,6,NULL,278,NULL,NULL,NULL,NULL,NULL,'0000-00-00 00:00:00',1),(279,'7501407',272,52,48,18,NULL,279,NULL,NULL,NULL,NULL,NULL,'0000-00-00 00:00:00',1),(280,'4326514',553,52,98,19,NULL,280,NULL,NULL,NULL,NULL,NULL,'0000-00-00 00:00:00',5),(281,'8607928',33,33,37,6,NULL,281,NULL,NULL,NULL,NULL,NULL,'0000-00-00 00:00:00',1),(282,'5302482',383,52,93,14,NULL,282,NULL,NULL,NULL,NULL,NULL,'0000-00-00 00:00:00',2),(283,'8514968',227,68,19,18,NULL,283,NULL,NULL,NULL,NULL,NULL,'0000-00-00 00:00:00',1),(284,'3309290',581,52,10,22,NULL,284,NULL,NULL,NULL,NULL,NULL,'0000-00-00 00:00:00',1),(285,'2490113',412,68,71,18,NULL,285,NULL,NULL,NULL,NULL,NULL,'0000-00-00 00:00:00',1),(286,'7626647',34,64,35,3,NULL,286,NULL,NULL,NULL,NULL,NULL,'0000-00-00 00:00:00',6),(287,'9045175',522,52,24,20,NULL,287,NULL,NULL,NULL,NULL,NULL,'0000-00-00 00:00:00',2),(288,'4887447',166,117,74,11,NULL,288,NULL,NULL,NULL,NULL,NULL,'0000-00-00 00:00:00',1),(289,'8579091',185,4,60,8,NULL,289,NULL,NULL,NULL,NULL,NULL,'0000-00-00 00:00:00',1),(290,'8772221',94,68,45,10,NULL,290,NULL,NULL,NULL,NULL,NULL,'0000-00-00 00:00:00',1),(291,'3199145',467,52,81,22,NULL,291,NULL,NULL,NULL,NULL,NULL,'0000-00-00 00:00:00',1),(292,'1514376',381,52,88,14,NULL,292,NULL,NULL,NULL,NULL,NULL,'0000-00-00 00:00:00',2),(293,'1468435',303,123,26,15,NULL,293,NULL,NULL,NULL,NULL,NULL,'0000-00-00 00:00:00',6),(294,'1257767',34,56,10,3,NULL,294,NULL,NULL,NULL,NULL,NULL,'0000-00-00 00:00:00',6),(295,'9902149',604,68,51,19,NULL,295,NULL,NULL,NULL,NULL,NULL,'0000-00-00 00:00:00',5),(296,'9881882',4,71,13,4,NULL,296,NULL,NULL,NULL,NULL,NULL,'0000-00-00 00:00:00',1),(297,'3232791',596,52,33,21,NULL,297,NULL,NULL,NULL,NULL,NULL,'0000-00-00 00:00:00',6),(298,'1401042',386,52,38,15,NULL,298,NULL,NULL,NULL,NULL,NULL,'0000-00-00 00:00:00',6),(299,'9565203',513,68,92,21,NULL,299,NULL,NULL,NULL,NULL,NULL,'0000-00-00 00:00:00',6),(300,'2162807',53,68,78,12,NULL,300,NULL,NULL,NULL,NULL,NULL,'0000-00-00 00:00:00',7),(301,'9541850',537,52,70,21,NULL,301,NULL,NULL,NULL,NULL,NULL,'0000-00-00 00:00:00',6),(302,'7931642',55,71,47,5,NULL,302,NULL,NULL,NULL,NULL,NULL,'0000-00-00 00:00:00',1),(303,'2624942',268,52,17,14,NULL,303,NULL,NULL,NULL,NULL,NULL,'0000-00-00 00:00:00',2),(304,'1460452',106,68,92,7,NULL,304,NULL,NULL,NULL,NULL,NULL,'0000-00-00 00:00:00',3),(305,'8112731',490,52,67,19,NULL,305,NULL,NULL,NULL,NULL,NULL,'0000-00-00 00:00:00',5),(306,'2981267',54,68,59,7,NULL,306,NULL,NULL,NULL,NULL,NULL,'0000-00-00 00:00:00',1),(307,'1479946',115,68,57,13,NULL,307,NULL,NULL,NULL,NULL,NULL,'0000-00-00 00:00:00',1),(308,'2098809',506,121,79,20,NULL,308,NULL,NULL,NULL,NULL,NULL,'0000-00-00 00:00:00',2),(309,'5029884',495,52,3,21,NULL,309,NULL,NULL,NULL,NULL,NULL,'0000-00-00 00:00:00',6),(310,'1408622',546,52,95,19,NULL,310,NULL,NULL,NULL,NULL,NULL,'0000-00-00 00:00:00',5),(311,'1562871',134,4,1,8,NULL,311,NULL,NULL,NULL,NULL,NULL,'0000-00-00 00:00:00',1),(312,'5809619',332,52,59,15,NULL,312,NULL,NULL,NULL,NULL,NULL,'0000-00-00 00:00:00',6),(313,'1291615',550,52,41,19,NULL,313,NULL,NULL,NULL,NULL,NULL,'0000-00-00 00:00:00',5),(314,'7462273',455,52,30,21,NULL,314,NULL,NULL,NULL,NULL,NULL,'0000-00-00 00:00:00',6),(315,'7786100',71,71,90,1,NULL,315,NULL,NULL,NULL,NULL,NULL,'0000-00-00 00:00:00',5),(316,'7328682',520,68,46,20,NULL,316,NULL,NULL,NULL,NULL,NULL,'0000-00-00 00:00:00',2),(317,'8754812',598,52,36,20,NULL,317,NULL,NULL,NULL,NULL,NULL,'0000-00-00 00:00:00',2),(318,'4302484',387,52,87,17,NULL,318,NULL,NULL,NULL,NULL,NULL,'0000-00-00 00:00:00',1),(319,'9124851',256,52,61,18,NULL,319,NULL,NULL,NULL,NULL,NULL,'0000-00-00 00:00:00',1),(320,'2825073',174,52,72,4,NULL,320,NULL,NULL,NULL,NULL,NULL,'0000-00-00 00:00:00',1),(321,'1377527',95,68,30,7,NULL,321,NULL,NULL,NULL,NULL,NULL,'0000-00-00 00:00:00',3),(322,'1118344',421,68,70,20,NULL,322,NULL,NULL,NULL,NULL,NULL,'0000-00-00 00:00:00',2),(323,'7845387',252,52,29,15,NULL,323,NULL,NULL,NULL,NULL,NULL,'0000-00-00 00:00:00',6),(324,'8357294',137,5,48,4,NULL,324,NULL,NULL,NULL,NULL,NULL,'0000-00-00 00:00:00',1),(325,'5885708',564,52,62,20,NULL,325,NULL,NULL,NULL,NULL,NULL,'0000-00-00 00:00:00',2),(326,'5922263',540,52,37,22,NULL,326,NULL,NULL,NULL,NULL,NULL,'0000-00-00 00:00:00',1),(327,'3215870',142,3,52,7,NULL,327,NULL,NULL,NULL,NULL,NULL,'0000-00-00 00:00:00',3),(328,'2302295',199,130,10,3,NULL,328,NULL,NULL,NULL,NULL,NULL,'0000-00-00 00:00:00',6),(329,'5576922',328,52,33,16,NULL,329,NULL,NULL,NULL,NULL,NULL,'0000-00-00 00:00:00',1),(330,'6029174',560,68,19,20,NULL,330,NULL,NULL,NULL,NULL,NULL,'0000-00-00 00:00:00',2),(331,'7800715',336,52,38,16,NULL,331,NULL,NULL,NULL,NULL,NULL,'0000-00-00 00:00:00',1),(332,'9979230',198,130,56,5,NULL,332,NULL,NULL,NULL,NULL,NULL,'0000-00-00 00:00:00',1),(333,'5247563',239,68,88,17,NULL,333,NULL,NULL,NULL,NULL,NULL,'0000-00-00 00:00:00',1),(334,'5728994',294,52,98,16,NULL,334,NULL,NULL,NULL,NULL,NULL,'0000-00-00 00:00:00',1),(335,'5602818',213,68,44,3,NULL,335,NULL,NULL,NULL,NULL,NULL,'0000-00-00 00:00:00',6),(336,'2970893',375,52,9,18,NULL,336,NULL,NULL,NULL,NULL,NULL,'0000-00-00 00:00:00',4),(337,'1019782',70,68,84,2,NULL,337,NULL,NULL,NULL,NULL,NULL,'0000-00-00 00:00:00',2),(338,'9364736',188,5,41,3,NULL,338,NULL,NULL,NULL,NULL,NULL,'0000-00-00 00:00:00',6),(339,'1302624',5,1,1,13,NULL,339,NULL,NULL,NULL,NULL,NULL,'0000-00-00 00:00:00',1),(340,'6486075',285,52,49,15,NULL,340,NULL,NULL,NULL,NULL,NULL,'0000-00-00 00:00:00',6),(341,'6015367',453,52,17,21,NULL,341,NULL,NULL,NULL,NULL,NULL,'0000-00-00 00:00:00',6),(342,'7480143',138,5,93,13,NULL,342,NULL,NULL,NULL,NULL,NULL,'0000-00-00 00:00:00',1),(343,'5620197',223,68,86,18,NULL,343,NULL,NULL,NULL,NULL,NULL,'0000-00-00 00:00:00',1),(344,'9309937',526,52,84,21,NULL,344,NULL,NULL,NULL,NULL,NULL,'0000-00-00 00:00:00',6),(345,'4028823',330,52,93,16,NULL,345,NULL,NULL,NULL,NULL,NULL,'0000-00-00 00:00:00',1),(346,'8125745',72,31,80,12,NULL,346,NULL,NULL,NULL,NULL,NULL,'0000-00-00 00:00:00',1),(347,'6618512',218,68,18,3,NULL,347,NULL,NULL,NULL,NULL,NULL,'0000-00-00 00:00:00',6),(348,'8590300',48,68,95,7,NULL,348,NULL,NULL,NULL,NULL,NULL,'0000-00-00 00:00:00',1),(349,'8010023',595,68,7,20,NULL,349,NULL,NULL,NULL,NULL,NULL,'0000-00-00 00:00:00',2),(350,'6131604',565,52,12,22,NULL,350,NULL,NULL,NULL,NULL,NULL,'0000-00-00 00:00:00',1),(351,'3268646',590,52,88,22,NULL,351,NULL,NULL,NULL,NULL,NULL,'0000-00-00 00:00:00',1),(352,'2866820',255,52,49,15,NULL,352,NULL,NULL,NULL,NULL,NULL,'0000-00-00 00:00:00',6),(353,'6060787',546,52,92,22,NULL,353,NULL,NULL,NULL,NULL,NULL,'0000-00-00 00:00:00',1),(354,'1417909',277,52,25,14,NULL,354,NULL,NULL,NULL,NULL,NULL,'0000-00-00 00:00:00',2),(355,'2518071',570,52,49,20,NULL,355,NULL,NULL,NULL,NULL,NULL,'0000-00-00 00:00:00',2),(356,'3047503',171,130,4,13,NULL,356,NULL,NULL,NULL,NULL,NULL,'0000-00-00 00:00:00',1),(357,'3963312',209,52,58,13,NULL,357,NULL,NULL,NULL,NULL,NULL,'0000-00-00 00:00:00',1),(358,'3289647',25,68,14,11,NULL,358,NULL,NULL,NULL,NULL,NULL,'0000-00-00 00:00:00',1),(359,'3146586',187,2,63,13,NULL,359,NULL,NULL,NULL,NULL,NULL,'0000-00-00 00:00:00',1),(360,'5621804',120,68,17,10,NULL,360,NULL,NULL,NULL,NULL,NULL,'0000-00-00 00:00:00',1),(361,'8557182',8,3,66,6,NULL,361,NULL,NULL,NULL,NULL,NULL,'0000-00-00 00:00:00',1),(362,'7699614',83,52,47,1,NULL,362,NULL,NULL,NULL,NULL,NULL,'0000-00-00 00:00:00',5),(363,'9416911',184,71,20,5,NULL,363,NULL,NULL,NULL,NULL,NULL,'0000-00-00 00:00:00',1),(364,'4601052',157,55,76,2,NULL,364,NULL,NULL,NULL,NULL,NULL,'0000-00-00 00:00:00',2),(365,'9924115',375,52,92,15,NULL,365,NULL,NULL,NULL,NULL,NULL,'0000-00-00 00:00:00',6),(366,'2352714',395,52,17,17,NULL,366,NULL,NULL,NULL,NULL,NULL,'0000-00-00 00:00:00',1),(367,'6901431',157,55,92,1,NULL,367,NULL,NULL,NULL,NULL,NULL,'0000-00-00 00:00:00',5),(368,'3498763',127,68,94,3,NULL,368,NULL,NULL,NULL,NULL,NULL,'0000-00-00 00:00:00',6),(369,'8648367',550,52,82,19,NULL,369,NULL,NULL,NULL,NULL,NULL,'0000-00-00 00:00:00',5),(370,'2649151',536,52,91,20,NULL,370,NULL,NULL,NULL,NULL,NULL,'0000-00-00 00:00:00',2),(371,'5381389',208,126,41,1,NULL,371,NULL,NULL,NULL,NULL,NULL,'0000-00-00 00:00:00',5),(372,'5543535',238,68,35,16,NULL,372,NULL,NULL,NULL,NULL,NULL,'0000-00-00 00:00:00',4),(373,'9859885',486,52,51,21,NULL,373,NULL,NULL,NULL,NULL,NULL,'0000-00-00 00:00:00',6),(374,'2684187',430,68,16,20,NULL,374,NULL,NULL,NULL,NULL,NULL,'0000-00-00 00:00:00',2),(375,'2938501',370,52,96,16,NULL,375,NULL,NULL,NULL,NULL,NULL,'0000-00-00 00:00:00',1),(376,'9876130',564,52,41,22,NULL,376,NULL,NULL,NULL,NULL,NULL,'0000-00-00 00:00:00',1),(377,'2870326',130,5,29,11,NULL,377,NULL,NULL,NULL,NULL,NULL,'0000-00-00 00:00:00',3),(378,'7989951',129,68,48,9,NULL,378,NULL,NULL,NULL,NULL,NULL,'0000-00-00 00:00:00',1),(379,'7109575',575,52,15,21,NULL,379,NULL,NULL,NULL,NULL,NULL,'0000-00-00 00:00:00',6),(380,'3410580',62,128,56,5,NULL,380,NULL,NULL,NULL,NULL,NULL,'0000-00-00 00:00:00',1),(381,'2434368',566,52,84,22,NULL,381,NULL,NULL,NULL,NULL,NULL,'0000-00-00 00:00:00',1),(382,'8105932',43,52,19,4,NULL,382,NULL,NULL,NULL,NULL,NULL,'0000-00-00 00:00:00',1),(383,'7171635',354,52,55,16,NULL,383,NULL,NULL,NULL,NULL,NULL,'0000-00-00 00:00:00',1),(384,'5138283',495,52,80,19,NULL,384,NULL,NULL,NULL,NULL,NULL,'0000-00-00 00:00:00',5),(385,'6446965',343,52,45,16,NULL,385,NULL,NULL,NULL,NULL,NULL,'0000-00-00 00:00:00',1),(386,'6256179',411,68,42,16,NULL,386,NULL,NULL,NULL,NULL,NULL,'0000-00-00 00:00:00',1),(387,'2994676',313,52,48,15,NULL,387,NULL,NULL,NULL,NULL,NULL,'0000-00-00 00:00:00',6),(388,'8644909',421,68,16,22,NULL,388,NULL,NULL,NULL,NULL,NULL,'0000-00-00 00:00:00',1),(389,'6885730',324,52,14,17,NULL,389,NULL,NULL,NULL,NULL,NULL,'0000-00-00 00:00:00',1),(390,'7079942',413,52,27,15,NULL,390,NULL,NULL,NULL,NULL,NULL,'0000-00-00 00:00:00',6),(391,'6141790',212,68,35,6,NULL,391,NULL,NULL,NULL,NULL,NULL,'0000-00-00 00:00:00',3),(392,'4255522',374,52,86,15,NULL,392,NULL,NULL,NULL,NULL,NULL,'0000-00-00 00:00:00',6),(393,'1003597',55,3,84,3,NULL,393,NULL,NULL,NULL,NULL,NULL,'0000-00-00 00:00:00',6),(394,'4714738',288,52,93,15,NULL,394,NULL,NULL,NULL,NULL,NULL,'0000-00-00 00:00:00',6),(395,'7960806',109,68,65,1,NULL,395,NULL,NULL,NULL,NULL,NULL,'0000-00-00 00:00:00',5),(396,'3541868',346,52,41,18,NULL,396,NULL,NULL,NULL,NULL,NULL,'0000-00-00 00:00:00',1),(397,'3737351',272,52,58,17,NULL,397,NULL,NULL,NULL,NULL,NULL,'0000-00-00 00:00:00',1),(398,'7466885',425,68,3,21,NULL,398,NULL,NULL,NULL,NULL,NULL,'0000-00-00 00:00:00',6),(399,'5925203',124,68,74,1,NULL,399,NULL,NULL,NULL,NULL,NULL,'0000-00-00 00:00:00',5),(400,'5459964',297,52,17,15,NULL,400,NULL,NULL,NULL,NULL,NULL,'0000-00-00 00:00:00',6),(401,'6693759',501,122,59,19,NULL,401,NULL,NULL,NULL,NULL,NULL,'0000-00-00 00:00:00',5),(402,'2609805',481,52,11,22,NULL,402,NULL,NULL,NULL,NULL,NULL,'0000-00-00 00:00:00',1),(403,'7185720',350,52,94,14,NULL,403,NULL,NULL,NULL,NULL,NULL,'0000-00-00 00:00:00',2),(404,'3339239',593,52,85,19,NULL,404,NULL,NULL,NULL,NULL,NULL,'0000-00-00 00:00:00',5),(405,'5439191',286,52,94,16,NULL,405,NULL,NULL,NULL,NULL,NULL,'0000-00-00 00:00:00',1),(406,'3466894',123,68,34,10,NULL,406,NULL,NULL,NULL,NULL,NULL,'0000-00-00 00:00:00',1),(407,'3953925',20,3,55,7,NULL,407,NULL,NULL,NULL,NULL,NULL,'0000-00-00 00:00:00',3),(408,'9553091',274,52,73,15,NULL,408,NULL,NULL,NULL,NULL,NULL,'0000-00-00 00:00:00',6),(409,'3192090',386,52,81,14,NULL,409,NULL,NULL,NULL,NULL,NULL,'0000-00-00 00:00:00',2),(410,'3653050',363,68,5,16,NULL,410,NULL,NULL,NULL,NULL,NULL,'0000-00-00 00:00:00',2),(411,'9537723',501,123,4,20,NULL,411,NULL,NULL,NULL,NULL,NULL,'0000-00-00 00:00:00',2),(412,'5701289',342,52,49,16,NULL,412,NULL,NULL,NULL,NULL,NULL,'0000-00-00 00:00:00',1),(413,'6715360',174,52,15,4,NULL,413,NULL,NULL,NULL,NULL,NULL,'0000-00-00 00:00:00',1),(414,'8005690',427,68,99,20,NULL,414,NULL,NULL,NULL,NULL,NULL,'0000-00-00 00:00:00',2),(415,'3096074',418,68,43,19,NULL,415,NULL,NULL,NULL,NULL,NULL,'0000-00-00 00:00:00',5),(416,'3829852',177,68,49,1,NULL,416,NULL,NULL,NULL,NULL,NULL,'0000-00-00 00:00:00',5),(417,'1194485',93,68,34,7,NULL,417,NULL,NULL,NULL,NULL,NULL,'0000-00-00 00:00:00',1),(418,'3588406',505,119,11,22,NULL,418,NULL,NULL,NULL,NULL,NULL,'0000-00-00 00:00:00',1),(419,'4658503',197,52,100,9,NULL,419,NULL,NULL,NULL,NULL,NULL,'0000-00-00 00:00:00',1),(420,'7222100',296,52,98,14,NULL,420,NULL,NULL,NULL,NULL,NULL,'0000-00-00 00:00:00',2),(421,'2910991',384,68,22,17,NULL,421,NULL,NULL,NULL,NULL,NULL,'0000-00-00 00:00:00',1),(422,'9792621',92,68,82,3,NULL,422,NULL,NULL,NULL,NULL,NULL,'0000-00-00 00:00:00',6),(423,'5315185',62,17,55,1,NULL,423,NULL,NULL,NULL,NULL,NULL,'0000-00-00 00:00:00',5),(424,'3263846',169,130,15,13,NULL,424,NULL,NULL,NULL,NULL,NULL,'0000-00-00 00:00:00',1),(425,'3952351',288,52,96,14,NULL,425,NULL,NULL,NULL,NULL,NULL,'0000-00-00 00:00:00',2),(426,'7187062',345,52,70,14,NULL,426,NULL,NULL,NULL,NULL,NULL,'0000-00-00 00:00:00',2),(427,'7380825',209,52,72,3,NULL,427,NULL,NULL,NULL,NULL,NULL,'0000-00-00 00:00:00',1),(428,'9776687',28,68,43,11,NULL,428,NULL,NULL,NULL,NULL,NULL,'0000-00-00 00:00:00',1),(429,'4590952',94,68,81,3,NULL,429,NULL,NULL,NULL,NULL,NULL,'0000-00-00 00:00:00',6),(430,'2962856',473,52,59,22,NULL,430,NULL,NULL,NULL,NULL,NULL,'0000-00-00 00:00:00',1),(431,'6225266',149,106,93,8,NULL,431,NULL,NULL,NULL,NULL,NULL,'0000-00-00 00:00:00',1),(432,'1608813',261,52,40,15,NULL,432,NULL,NULL,NULL,NULL,NULL,'0000-00-00 00:00:00',6),(433,'8972406',157,53,42,5,NULL,433,NULL,NULL,NULL,NULL,NULL,'0000-00-00 00:00:00',1),(434,'3321729',136,52,76,8,NULL,434,NULL,NULL,NULL,NULL,NULL,'0000-00-00 00:00:00',1),(435,'1022763',195,68,100,3,NULL,435,NULL,NULL,NULL,NULL,NULL,'0000-00-00 00:00:00',6),(436,'2322124',293,52,71,15,NULL,436,NULL,NULL,NULL,NULL,NULL,'0000-00-00 00:00:00',6),(437,'2260732',249,52,25,14,NULL,437,NULL,NULL,NULL,NULL,NULL,'0000-00-00 00:00:00',2),(438,'5132097',85,68,76,9,NULL,438,NULL,NULL,NULL,NULL,NULL,'0000-00-00 00:00:00',7),(439,'7375258',415,68,1,21,NULL,439,NULL,NULL,NULL,NULL,NULL,'0000-00-00 00:00:00',6),(440,'9414232',117,68,68,10,NULL,440,NULL,NULL,NULL,NULL,NULL,'0000-00-00 00:00:00',1),(441,'6897537',241,68,20,16,NULL,441,NULL,NULL,NULL,NULL,NULL,'0000-00-00 00:00:00',1),(442,'4983964',423,68,58,21,NULL,442,NULL,NULL,NULL,NULL,NULL,'0000-00-00 00:00:00',6),(443,'6754576',450,52,58,19,NULL,443,NULL,NULL,NULL,NULL,NULL,'0000-00-00 00:00:00',5),(444,'4853385',339,52,15,15,NULL,444,NULL,NULL,NULL,NULL,NULL,'0000-00-00 00:00:00',6),(445,'5952550',234,68,79,16,NULL,445,NULL,NULL,NULL,NULL,NULL,'0000-00-00 00:00:00',1),(446,'1044949',349,52,78,16,NULL,446,NULL,NULL,NULL,NULL,NULL,'0000-00-00 00:00:00',1),(447,'7891656',307,120,35,17,NULL,447,NULL,NULL,NULL,NULL,NULL,'0000-00-00 00:00:00',1),(448,'7788846',599,68,24,21,NULL,448,NULL,NULL,NULL,NULL,NULL,'0000-00-00 00:00:00',6),(449,'8461883',403,52,71,16,NULL,449,NULL,NULL,NULL,NULL,NULL,'0000-00-00 00:00:00',1),(450,'8090885',301,52,82,15,NULL,450,NULL,NULL,NULL,NULL,NULL,'0000-00-00 00:00:00',6),(451,'6492455',292,52,41,18,NULL,451,NULL,NULL,NULL,NULL,NULL,'0000-00-00 00:00:00',1),(452,'7007084',482,52,14,19,NULL,452,NULL,NULL,NULL,NULL,NULL,'0000-00-00 00:00:00',5),(453,'2249519',592,52,63,22,NULL,453,NULL,NULL,NULL,NULL,NULL,'0000-00-00 00:00:00',1),(454,'4981617',514,68,93,21,NULL,454,NULL,NULL,NULL,NULL,NULL,'0000-00-00 00:00:00',6),(455,'2384419',33,28,66,1,NULL,455,NULL,NULL,NULL,NULL,NULL,'0000-00-00 00:00:00',5),(456,'4509394',506,122,11,21,NULL,456,NULL,NULL,NULL,NULL,NULL,'0000-00-00 00:00:00',6),(457,'9862420',259,52,44,15,NULL,457,NULL,NULL,NULL,NULL,NULL,'0000-00-00 00:00:00',6),(458,'8481672',124,68,10,3,NULL,458,NULL,NULL,NULL,NULL,NULL,'0000-00-00 00:00:00',6),(459,'1256278',607,68,3,22,NULL,459,NULL,NULL,NULL,NULL,NULL,'0000-00-00 00:00:00',1),(460,'9330499',550,52,71,22,NULL,460,NULL,NULL,NULL,NULL,NULL,'0000-00-00 00:00:00',1),(461,'4179233',370,52,5,18,NULL,461,NULL,NULL,NULL,NULL,NULL,'0000-00-00 00:00:00',1),(462,'7508435',349,52,66,14,NULL,462,NULL,NULL,NULL,NULL,NULL,'0000-00-00 00:00:00',2),(463,'7589271',303,119,82,18,NULL,463,NULL,NULL,NULL,NULL,NULL,'0000-00-00 00:00:00',1),(464,'7893031',190,2,42,6,NULL,464,NULL,NULL,NULL,NULL,NULL,'0000-00-00 00:00:00',1),(465,'1243619',261,52,31,15,NULL,465,NULL,NULL,NULL,NULL,NULL,'0000-00-00 00:00:00',6),(466,'6690423',362,68,98,16,NULL,466,NULL,NULL,NULL,NULL,NULL,'0000-00-00 00:00:00',1),(467,'1382044',339,52,77,17,NULL,467,NULL,NULL,NULL,NULL,NULL,'0000-00-00 00:00:00',1),(468,'4584587',445,52,46,20,NULL,468,NULL,NULL,NULL,NULL,NULL,'0000-00-00 00:00:00',2),(469,'4644140',209,52,92,1,NULL,469,NULL,NULL,NULL,NULL,NULL,'0000-00-00 00:00:00',5),(470,'8356287',98,68,60,10,NULL,470,NULL,NULL,NULL,NULL,NULL,'0000-00-00 00:00:00',1),(471,'7886088',394,52,35,17,NULL,471,NULL,NULL,NULL,NULL,NULL,'0000-00-00 00:00:00',1),(472,'2012138',97,53,69,11,NULL,472,NULL,NULL,NULL,NULL,NULL,'0000-00-00 00:00:00',1),(473,'7691239',253,52,84,17,NULL,473,NULL,NULL,NULL,NULL,NULL,'0000-00-00 00:00:00',1),(474,'1474890',183,121,31,12,NULL,474,NULL,NULL,NULL,NULL,NULL,'0000-00-00 00:00:00',1),(475,'9711749',446,52,80,22,NULL,475,NULL,NULL,NULL,NULL,NULL,'0000-00-00 00:00:00',1),(476,'9904126',531,52,4,21,NULL,476,NULL,NULL,NULL,NULL,NULL,'0000-00-00 00:00:00',6),(477,'2838475',471,52,58,19,NULL,477,NULL,NULL,NULL,NULL,NULL,'0000-00-00 00:00:00',5),(478,'8567321',85,68,1,1,NULL,478,NULL,NULL,NULL,NULL,NULL,'0000-00-00 00:00:00',5),(479,'8799007',405,52,67,16,NULL,479,NULL,NULL,NULL,NULL,NULL,'0000-00-00 00:00:00',1),(480,'8727753',598,52,73,21,NULL,480,NULL,NULL,NULL,NULL,NULL,'0000-00-00 00:00:00',6),(481,'2282180',2,1,26,11,NULL,481,NULL,NULL,NULL,NULL,NULL,'0000-00-00 00:00:00',1),(482,'3805774',188,71,59,9,NULL,482,NULL,NULL,NULL,NULL,NULL,'0000-00-00 00:00:00',7),(483,'9567381',563,52,54,19,NULL,483,NULL,NULL,NULL,NULL,NULL,'0000-00-00 00:00:00',5),(484,'6721343',522,52,28,20,NULL,484,NULL,NULL,NULL,NULL,NULL,'0000-00-00 00:00:00',2),(485,'3223288',378,52,79,18,NULL,485,NULL,NULL,NULL,NULL,NULL,'0000-00-00 00:00:00',1),(486,'8214444',603,52,48,20,NULL,486,NULL,NULL,NULL,NULL,NULL,'0000-00-00 00:00:00',2),(487,'3165412',406,52,43,18,NULL,487,NULL,NULL,NULL,NULL,NULL,'0000-00-00 00:00:00',1),(488,'4284886',536,52,38,20,NULL,488,NULL,NULL,NULL,NULL,NULL,'0000-00-00 00:00:00',2),(489,'2857385',553,52,17,21,NULL,489,NULL,NULL,NULL,NULL,NULL,'0000-00-00 00:00:00',6),(490,'5219031',78,68,11,2,NULL,490,NULL,NULL,NULL,NULL,NULL,'0000-00-00 00:00:00',2),(491,'3940493',376,52,65,17,NULL,491,NULL,NULL,NULL,NULL,NULL,'0000-00-00 00:00:00',4),(492,'2625293',344,52,73,16,NULL,492,NULL,NULL,NULL,NULL,NULL,'0000-00-00 00:00:00',1),(493,'3114870',383,52,20,17,NULL,493,NULL,NULL,NULL,NULL,NULL,'0000-00-00 00:00:00',1),(494,'2449645',40,125,29,4,NULL,494,NULL,NULL,NULL,NULL,NULL,'0000-00-00 00:00:00',1),(495,'9022304',519,52,6,20,NULL,495,NULL,NULL,NULL,NULL,NULL,'0000-00-00 00:00:00',2),(496,'3510503',524,52,68,21,NULL,496,NULL,NULL,NULL,NULL,NULL,'0000-00-00 00:00:00',6),(497,'9746183',305,119,51,18,NULL,497,NULL,NULL,NULL,NULL,NULL,'0000-00-00 00:00:00',1),(498,'7822894',540,52,19,19,NULL,498,NULL,NULL,NULL,NULL,NULL,'0000-00-00 00:00:00',5),(499,'4628347',87,52,41,10,NULL,499,NULL,NULL,NULL,NULL,NULL,'0000-00-00 00:00:00',1),(500,'5609663',270,52,57,16,NULL,500,NULL,NULL,NULL,NULL,NULL,'0000-00-00 00:00:00',1),(501,'2284244',545,52,64,20,NULL,501,NULL,NULL,NULL,NULL,NULL,'0000-00-00 00:00:00',2),(502,'2380177',256,52,97,15,NULL,502,NULL,NULL,NULL,NULL,NULL,'0000-00-00 00:00:00',6),(503,'8600254',103,52,49,3,NULL,503,NULL,NULL,NULL,NULL,NULL,'0000-00-00 00:00:00',6),(504,'4607893',383,52,3,15,NULL,504,NULL,NULL,NULL,NULL,NULL,'0000-00-00 00:00:00',6),(505,'2346084',170,130,1,8,NULL,505,NULL,NULL,NULL,NULL,NULL,'0000-00-00 00:00:00',1),(506,'4495541',386,52,71,17,NULL,506,NULL,NULL,NULL,NULL,NULL,'0000-00-00 00:00:00',1),(507,'9927898',274,52,31,14,NULL,507,NULL,NULL,NULL,NULL,NULL,'0000-00-00 00:00:00',2),(508,'4046052',493,52,80,21,NULL,508,NULL,NULL,NULL,NULL,NULL,'0000-00-00 00:00:00',6),(509,'8297963',393,52,58,18,NULL,509,NULL,NULL,NULL,NULL,NULL,'0000-00-00 00:00:00',1),(510,'5205094',440,68,63,19,NULL,510,NULL,NULL,NULL,NULL,NULL,'0000-00-00 00:00:00',5),(511,'6668862',386,52,39,18,NULL,511,NULL,NULL,NULL,NULL,NULL,'0000-00-00 00:00:00',1),(512,'2437317',190,71,36,6,NULL,512,NULL,NULL,NULL,NULL,NULL,'0000-00-00 00:00:00',1),(513,'9276547',396,52,40,15,NULL,513,NULL,NULL,NULL,NULL,NULL,'0000-00-00 00:00:00',6),(514,'9565501',303,119,90,15,NULL,514,NULL,NULL,NULL,NULL,NULL,'0000-00-00 00:00:00',6),(515,'4538986',176,5,44,13,NULL,515,NULL,NULL,NULL,NULL,NULL,'0000-00-00 00:00:00',3),(516,'2498721',417,68,80,19,NULL,516,NULL,NULL,NULL,NULL,NULL,'0000-00-00 00:00:00',5),(517,'2117526',501,121,44,21,NULL,517,NULL,NULL,NULL,NULL,NULL,'0000-00-00 00:00:00',6),(518,'3865943',301,52,6,14,NULL,518,NULL,NULL,NULL,NULL,NULL,'0000-00-00 00:00:00',2),(519,'3740558',276,52,91,17,NULL,519,NULL,NULL,NULL,NULL,NULL,'0000-00-00 00:00:00',1),(520,'6303853',297,52,55,17,NULL,520,NULL,NULL,NULL,NULL,NULL,'0000-00-00 00:00:00',1),(521,'4607310',121,55,55,6,NULL,521,NULL,NULL,NULL,NULL,NULL,'0000-00-00 00:00:00',1),(522,'2742235',377,52,25,18,NULL,522,NULL,NULL,NULL,NULL,NULL,'0000-00-00 00:00:00',1),(523,'3760198',92,68,1,1,NULL,523,NULL,NULL,NULL,NULL,NULL,'0000-00-00 00:00:00',5),(524,'3954694',77,52,71,6,NULL,524,NULL,NULL,NULL,NULL,NULL,'0000-00-00 00:00:00',1),(525,'7051365',355,52,89,18,NULL,525,NULL,NULL,NULL,NULL,NULL,'0000-00-00 00:00:00',1),(526,'3878203',160,52,69,2,NULL,526,NULL,NULL,NULL,NULL,NULL,'0000-00-00 00:00:00',2),(527,'9285482',446,52,70,20,NULL,527,NULL,NULL,NULL,NULL,NULL,'0000-00-00 00:00:00',2),(528,'6962106',105,120,17,8,NULL,528,NULL,NULL,NULL,NULL,NULL,'0000-00-00 00:00:00',1),(529,'4835565',323,109,67,17,NULL,529,NULL,NULL,NULL,NULL,NULL,'0000-00-00 00:00:00',1),(530,'1665804',420,68,35,20,NULL,530,NULL,NULL,NULL,NULL,NULL,'0000-00-00 00:00:00',2),(531,'8298067',254,52,45,17,NULL,531,NULL,NULL,NULL,NULL,NULL,'0000-00-00 00:00:00',1),(532,'7449719',292,52,17,15,NULL,532,NULL,NULL,NULL,NULL,NULL,'0000-00-00 00:00:00',6),(533,'6358450',554,68,53,19,NULL,533,NULL,NULL,NULL,NULL,NULL,'0000-00-00 00:00:00',5),(534,'4833307',401,52,97,17,NULL,534,NULL,NULL,NULL,NULL,NULL,'0000-00-00 00:00:00',1),(535,'2795591',397,52,77,14,NULL,535,NULL,NULL,NULL,NULL,NULL,'0000-00-00 00:00:00',2),(536,'2116177',243,68,15,15,NULL,536,NULL,NULL,NULL,NULL,NULL,'0000-00-00 00:00:00',6),(537,'7922824',40,124,59,3,NULL,537,NULL,NULL,NULL,NULL,NULL,'0000-00-00 00:00:00',6),(538,'8647728',264,52,46,16,NULL,538,NULL,NULL,NULL,NULL,NULL,'0000-00-00 00:00:00',4),(539,'3685659',238,68,62,18,NULL,539,NULL,NULL,NULL,NULL,NULL,'0000-00-00 00:00:00',1),(540,'8777367',369,52,67,15,NULL,540,NULL,NULL,NULL,NULL,NULL,'0000-00-00 00:00:00',6),(541,'9941345',413,52,74,17,NULL,541,NULL,NULL,NULL,NULL,NULL,'0000-00-00 00:00:00',1),(542,'2885351',369,52,50,18,NULL,542,NULL,NULL,NULL,NULL,NULL,'0000-00-00 00:00:00',1),(543,'8360627',152,106,18,6,NULL,543,NULL,NULL,NULL,NULL,NULL,'0000-00-00 00:00:00',1),(544,'1199050',457,52,95,20,NULL,544,NULL,NULL,NULL,NULL,NULL,'0000-00-00 00:00:00',2),(545,'4299571',81,68,25,5,NULL,545,NULL,NULL,NULL,NULL,NULL,'0000-00-00 00:00:00',1),(546,'8935856',381,52,86,15,NULL,546,NULL,NULL,NULL,NULL,NULL,'0000-00-00 00:00:00',6),(547,'9615694',24,68,78,3,NULL,547,NULL,NULL,NULL,NULL,NULL,'0000-00-00 00:00:00',6),(548,'8347539',266,52,23,15,NULL,548,NULL,NULL,NULL,NULL,NULL,'0000-00-00 00:00:00',6),(549,'5287062',600,52,67,21,NULL,549,NULL,NULL,NULL,NULL,NULL,'0000-00-00 00:00:00',6),(550,'6479426',330,52,96,16,NULL,550,NULL,NULL,NULL,NULL,NULL,'0000-00-00 00:00:00',4),(551,'4317434',425,68,72,21,NULL,551,NULL,NULL,NULL,NULL,NULL,'0000-00-00 00:00:00',6),(552,'9865815',13,5,91,8,NULL,552,NULL,NULL,NULL,NULL,NULL,'0000-00-00 00:00:00',1),(553,'8866449',221,68,71,14,NULL,553,NULL,NULL,NULL,NULL,NULL,'0000-00-00 00:00:00',2),(554,'5252271',351,52,22,17,NULL,554,NULL,NULL,NULL,NULL,NULL,'0000-00-00 00:00:00',1),(555,'6800666',7,1,43,13,NULL,555,NULL,NULL,NULL,NULL,NULL,'0000-00-00 00:00:00',7),(556,'5666125',5,2,8,5,NULL,556,NULL,NULL,NULL,NULL,NULL,'0000-00-00 00:00:00',1),(557,'7613384',233,68,41,16,NULL,557,NULL,NULL,NULL,NULL,NULL,'0000-00-00 00:00:00',4),(558,'6632808',109,68,46,8,NULL,558,NULL,NULL,NULL,NULL,NULL,'0000-00-00 00:00:00',1),(559,'9158055',536,52,53,20,NULL,559,NULL,NULL,NULL,NULL,NULL,'0000-00-00 00:00:00',2),(560,'9632416',484,52,24,20,NULL,560,NULL,NULL,NULL,NULL,NULL,'0000-00-00 00:00:00',2),(561,'3148262',28,68,91,11,NULL,561,NULL,NULL,NULL,NULL,NULL,'0000-00-00 00:00:00',1),(562,'8812643',383,52,69,18,NULL,562,NULL,NULL,NULL,NULL,NULL,'0000-00-00 00:00:00',1),(563,'9247855',157,70,33,12,NULL,563,NULL,NULL,NULL,NULL,NULL,'0000-00-00 00:00:00',1),(564,'1712953',24,68,70,8,NULL,564,NULL,NULL,NULL,NULL,NULL,'0000-00-00 00:00:00',1),(565,'9391286',489,52,29,22,NULL,565,NULL,NULL,NULL,NULL,NULL,'0000-00-00 00:00:00',1),(566,'6643916',312,121,83,14,NULL,566,NULL,NULL,NULL,NULL,NULL,'0000-00-00 00:00:00',2),(567,'6449954',180,130,33,10,NULL,567,NULL,NULL,NULL,NULL,NULL,'0000-00-00 00:00:00',1),(568,'6978917',583,52,13,22,NULL,568,NULL,NULL,NULL,NULL,NULL,'0000-00-00 00:00:00',1),(569,'2837171',521,68,25,21,NULL,569,NULL,NULL,NULL,NULL,NULL,'0000-00-00 00:00:00',6),(570,'7558562',557,68,26,20,NULL,570,NULL,NULL,NULL,NULL,NULL,'0000-00-00 00:00:00',2),(571,'2557033',431,68,9,22,NULL,571,NULL,NULL,NULL,NULL,NULL,'0000-00-00 00:00:00',1),(572,'5737768',82,68,93,11,NULL,572,NULL,NULL,NULL,NULL,NULL,'0000-00-00 00:00:00',1),(573,'5544978',213,68,4,1,NULL,573,NULL,NULL,NULL,NULL,NULL,'0000-00-00 00:00:00',5),(574,'1423849',402,52,2,16,NULL,574,NULL,NULL,NULL,NULL,NULL,'0000-00-00 00:00:00',1),(575,'4787376',187,5,13,1,NULL,575,NULL,NULL,NULL,NULL,NULL,'0000-00-00 00:00:00',5),(576,'2347860',540,52,11,21,NULL,576,NULL,NULL,NULL,NULL,NULL,'0000-00-00 00:00:00',6),(577,'3225195',21,125,88,6,NULL,577,NULL,NULL,NULL,NULL,NULL,'0000-00-00 00:00:00',1),(578,'6037741',538,52,22,20,NULL,578,NULL,NULL,NULL,NULL,NULL,'0000-00-00 00:00:00',2),(579,'9935533',316,68,92,15,NULL,579,NULL,NULL,NULL,NULL,NULL,'0000-00-00 00:00:00',6),(580,'7028706',22,124,1,7,NULL,580,NULL,NULL,NULL,NULL,NULL,'0000-00-00 00:00:00',1),(581,'3900156',160,52,71,7,NULL,581,NULL,NULL,NULL,NULL,NULL,'0000-00-00 00:00:00',1),(582,'8351234',98,68,68,6,NULL,582,NULL,NULL,NULL,NULL,NULL,'0000-00-00 00:00:00',1),(583,'6679517',425,68,71,19,NULL,583,NULL,NULL,NULL,NULL,NULL,'0000-00-00 00:00:00',5),(584,'9006972',13,1,64,2,NULL,584,NULL,NULL,NULL,NULL,NULL,'0000-00-00 00:00:00',2),(585,'2195405',209,52,24,3,NULL,585,NULL,NULL,NULL,NULL,NULL,'0000-00-00 00:00:00',6),(586,'3858031',477,52,37,19,NULL,586,NULL,NULL,NULL,NULL,NULL,'0000-00-00 00:00:00',5),(587,'9241945',585,52,27,21,NULL,587,NULL,NULL,NULL,NULL,NULL,'0000-00-00 00:00:00',6),(588,'2663680',123,68,7,13,NULL,588,NULL,NULL,NULL,NULL,NULL,'0000-00-00 00:00:00',1),(589,'6730857',277,52,14,17,NULL,589,NULL,NULL,NULL,NULL,NULL,'0000-00-00 00:00:00',1),(590,'5701347',586,52,3,20,NULL,590,NULL,NULL,NULL,NULL,NULL,'0000-00-00 00:00:00',2),(591,'4775303',276,52,100,14,NULL,591,NULL,NULL,NULL,NULL,NULL,'0000-00-00 00:00:00',2),(592,'9860729',471,52,46,21,NULL,592,NULL,NULL,NULL,NULL,NULL,'0000-00-00 00:00:00',6),(593,'4328973',69,18,23,6,NULL,593,NULL,NULL,NULL,NULL,NULL,'0000-00-00 00:00:00',1),(594,'7823965',436,68,33,20,NULL,594,NULL,NULL,NULL,NULL,NULL,'0000-00-00 00:00:00',2),(595,'1003406',306,123,80,17,NULL,595,NULL,NULL,NULL,NULL,NULL,'0000-00-00 00:00:00',1),(596,'5832352',251,52,9,14,NULL,596,NULL,NULL,NULL,NULL,NULL,'0000-00-00 00:00:00',2),(597,'7340992',37,122,48,1,NULL,597,NULL,NULL,NULL,NULL,NULL,'0000-00-00 00:00:00',5),(598,'1751784',76,68,3,12,NULL,598,NULL,NULL,NULL,NULL,NULL,'0000-00-00 00:00:00',3),(599,'3693951',540,52,73,22,NULL,599,NULL,NULL,NULL,NULL,NULL,'0000-00-00 00:00:00',1),(600,'4990157',581,52,96,19,NULL,600,NULL,NULL,NULL,NULL,NULL,'0000-00-00 00:00:00',5),(601,'3213162',271,52,17,14,NULL,601,NULL,NULL,NULL,NULL,NULL,'0000-00-00 00:00:00',2),(602,'9526359',595,68,8,21,NULL,602,NULL,NULL,NULL,NULL,NULL,'0000-00-00 00:00:00',6),(603,'7868714',271,52,90,15,NULL,603,NULL,NULL,NULL,NULL,NULL,'0000-00-00 00:00:00',6),(604,'9852552',155,70,89,2,NULL,604,NULL,NULL,NULL,NULL,NULL,'0000-00-00 00:00:00',2),(605,'4467559',508,52,49,21,NULL,605,NULL,NULL,NULL,NULL,NULL,'0000-00-00 00:00:00',6),(606,'3694699',428,68,55,20,NULL,606,NULL,NULL,NULL,NULL,NULL,'0000-00-00 00:00:00',2),(607,'5273483',62,16,83,12,NULL,607,NULL,NULL,NULL,NULL,NULL,'0000-00-00 00:00:00',1),(608,'7181449',516,68,98,22,NULL,608,NULL,NULL,NULL,NULL,NULL,'0000-00-00 00:00:00',1),(609,'5836023',342,52,79,17,NULL,609,NULL,NULL,NULL,NULL,NULL,'0000-00-00 00:00:00',1),(610,'4748840',609,52,99,19,NULL,610,NULL,NULL,NULL,NULL,NULL,'0000-00-00 00:00:00',5),(611,'4433928',369,52,55,17,NULL,611,NULL,NULL,NULL,NULL,NULL,'0000-00-00 00:00:00',1),(612,'7336743',366,52,12,15,NULL,612,NULL,NULL,NULL,NULL,NULL,'0000-00-00 00:00:00',6),(613,'6366687',493,52,57,22,NULL,613,NULL,NULL,NULL,NULL,NULL,'0000-00-00 00:00:00',1),(614,'7412108',296,52,97,15,NULL,614,NULL,NULL,NULL,NULL,NULL,'0000-00-00 00:00:00',6),(615,'9818061',234,68,56,14,NULL,615,NULL,NULL,NULL,NULL,NULL,'0000-00-00 00:00:00',2),(616,'1875079',592,52,12,21,NULL,616,NULL,NULL,NULL,NULL,NULL,'0000-00-00 00:00:00',6),(617,'3731383',556,68,49,21,NULL,617,NULL,NULL,NULL,NULL,NULL,'0000-00-00 00:00:00',6),(618,'5116659',185,4,70,11,NULL,618,NULL,NULL,NULL,NULL,NULL,'0000-00-00 00:00:00',1),(619,'9111084',372,52,38,17,NULL,619,NULL,NULL,NULL,NULL,NULL,'0000-00-00 00:00:00',1),(620,'6372355',28,68,13,10,NULL,620,NULL,NULL,NULL,NULL,NULL,'0000-00-00 00:00:00',1),(621,'3116250',283,52,27,17,NULL,621,NULL,NULL,NULL,NULL,NULL,'0000-00-00 00:00:00',1),(622,'6205809',395,52,39,16,NULL,622,NULL,NULL,NULL,NULL,NULL,'0000-00-00 00:00:00',4),(623,'3389297',307,122,18,16,NULL,623,NULL,NULL,NULL,NULL,NULL,'0000-00-00 00:00:00',1),(624,'7363088',382,52,24,17,NULL,624,NULL,NULL,NULL,NULL,NULL,'0000-00-00 00:00:00',1),(625,'3752895',379,52,11,15,NULL,625,NULL,NULL,NULL,NULL,NULL,'0000-00-00 00:00:00',6),(626,'2442003',429,68,6,22,NULL,626,NULL,NULL,NULL,NULL,NULL,'0000-00-00 00:00:00',1),(627,'7915393',354,52,71,16,NULL,627,NULL,NULL,NULL,NULL,NULL,'0000-00-00 00:00:00',1),(628,'8163762',104,68,10,8,NULL,628,NULL,NULL,NULL,NULL,NULL,'0000-00-00 00:00:00',1),(629,'5493266',422,68,28,19,NULL,629,NULL,NULL,NULL,NULL,NULL,'0000-00-00 00:00:00',5),(630,'3915801',122,70,91,6,NULL,630,NULL,NULL,NULL,NULL,NULL,'0000-00-00 00:00:00',1),(631,'4336806',195,68,70,11,NULL,631,NULL,NULL,NULL,NULL,NULL,'0000-00-00 00:00:00',1),(632,'4404633',585,52,9,22,NULL,632,NULL,NULL,NULL,NULL,NULL,'0000-00-00 00:00:00',1),(633,'4484452',429,68,38,21,NULL,633,NULL,NULL,NULL,NULL,NULL,'0000-00-00 00:00:00',6),(634,'1286145',155,53,14,4,NULL,634,NULL,NULL,NULL,NULL,NULL,'0000-00-00 00:00:00',1),(635,'3352648',204,52,32,2,NULL,635,NULL,NULL,NULL,NULL,NULL,'0000-00-00 00:00:00',1),(636,'5990551',333,52,54,14,NULL,636,NULL,NULL,NULL,NULL,NULL,'0000-00-00 00:00:00',2),(637,'8104637',84,68,10,9,NULL,637,NULL,NULL,NULL,NULL,NULL,'0000-00-00 00:00:00',1),(638,'8388456',561,52,5,19,NULL,638,NULL,NULL,NULL,NULL,NULL,'0000-00-00 00:00:00',5),(639,'9107431',418,68,78,20,NULL,639,NULL,NULL,NULL,NULL,NULL,'0000-00-00 00:00:00',2),(640,'8881869',462,52,19,19,NULL,640,NULL,NULL,NULL,NULL,NULL,'0000-00-00 00:00:00',5),(641,'5803526',149,106,25,12,NULL,641,NULL,NULL,NULL,NULL,NULL,'0000-00-00 00:00:00',1),(642,'3667546',15,118,53,13,NULL,642,NULL,NULL,NULL,NULL,NULL,'0000-00-00 00:00:00',1),(643,'3581109',433,68,88,21,NULL,643,NULL,NULL,NULL,NULL,NULL,'0000-00-00 00:00:00',6),(644,'9768903',22,124,49,2,NULL,644,NULL,NULL,NULL,NULL,NULL,'0000-00-00 00:00:00',2),(645,'1978097',251,52,50,16,NULL,645,NULL,NULL,NULL,NULL,NULL,'0000-00-00 00:00:00',4),(646,'9575225',457,52,87,19,NULL,646,NULL,NULL,NULL,NULL,NULL,'0000-00-00 00:00:00',5),(647,'4342302',588,52,32,19,NULL,647,NULL,NULL,NULL,NULL,NULL,'0000-00-00 00:00:00',5),(648,'6674718',546,52,46,22,NULL,648,NULL,NULL,NULL,NULL,NULL,'0000-00-00 00:00:00',1),(649,'8619091',421,68,10,20,NULL,649,NULL,NULL,NULL,NULL,NULL,'0000-00-00 00:00:00',2),(650,'4918496',480,52,70,21,NULL,650,NULL,NULL,NULL,NULL,NULL,'0000-00-00 00:00:00',6),(651,'9288197',106,68,9,11,NULL,651,NULL,NULL,NULL,NULL,NULL,'0000-00-00 00:00:00',1),(652,'8813706',454,52,72,19,NULL,652,NULL,NULL,NULL,NULL,NULL,'0000-00-00 00:00:00',5),(653,'6549042',90,68,100,8,NULL,653,NULL,NULL,NULL,NULL,NULL,'0000-00-00 00:00:00',1),(654,'1087056',492,52,66,20,NULL,654,NULL,NULL,NULL,NULL,NULL,'0000-00-00 00:00:00',2),(655,'8176906',407,52,25,18,NULL,655,NULL,NULL,NULL,NULL,NULL,'0000-00-00 00:00:00',1),(656,'5501021',249,52,65,16,NULL,656,NULL,NULL,NULL,NULL,NULL,'0000-00-00 00:00:00',4),(657,'9226728',464,52,75,22,NULL,657,NULL,NULL,NULL,NULL,NULL,'0000-00-00 00:00:00',1),(658,'2551859',429,68,37,20,NULL,658,NULL,NULL,NULL,NULL,NULL,'0000-00-00 00:00:00',2),(659,'9179077',465,52,95,20,NULL,659,NULL,NULL,NULL,NULL,NULL,'0000-00-00 00:00:00',2),(660,'1241121',153,52,17,12,NULL,660,NULL,NULL,NULL,NULL,NULL,'0000-00-00 00:00:00',1),(661,'5469019',47,5,20,8,NULL,661,NULL,NULL,NULL,NULL,NULL,'0000-00-00 00:00:00',1),(662,'8860797',135,4,94,7,NULL,662,NULL,NULL,NULL,NULL,NULL,'0000-00-00 00:00:00',1),(663,'9290812',214,68,35,5,NULL,663,NULL,NULL,NULL,NULL,NULL,'0000-00-00 00:00:00',1),(664,'5680570',288,52,28,14,NULL,664,NULL,NULL,NULL,NULL,NULL,'0000-00-00 00:00:00',2),(665,'5712845',562,52,92,21,NULL,665,NULL,NULL,NULL,NULL,NULL,'0000-00-00 00:00:00',6),(666,'1830443',115,68,10,9,NULL,666,NULL,NULL,NULL,NULL,NULL,'0000-00-00 00:00:00',1),(667,'8692353',339,52,39,15,NULL,667,NULL,NULL,NULL,NULL,NULL,'0000-00-00 00:00:00',6),(668,'1963712',511,68,7,20,NULL,668,NULL,NULL,NULL,NULL,NULL,'0000-00-00 00:00:00',2),(669,'3589838',76,68,29,5,NULL,669,NULL,NULL,NULL,NULL,NULL,'0000-00-00 00:00:00',1),(670,'5881054',119,52,3,4,NULL,670,NULL,NULL,NULL,NULL,NULL,'0000-00-00 00:00:00',1),(671,'2180187',484,52,68,22,NULL,671,NULL,NULL,NULL,NULL,NULL,'0000-00-00 00:00:00',1),(672,'5757355',181,68,4,11,NULL,672,NULL,NULL,NULL,NULL,NULL,'0000-00-00 00:00:00',1),(673,'5214268',6,71,77,5,NULL,673,NULL,NULL,NULL,NULL,NULL,'0000-00-00 00:00:00',1),(674,'7628057',49,52,3,4,NULL,674,NULL,NULL,NULL,NULL,NULL,'0000-00-00 00:00:00',1),(675,'6718953',459,52,84,22,NULL,675,NULL,NULL,NULL,NULL,NULL,'0000-00-00 00:00:00',2),(676,'6133460',167,117,91,4,NULL,676,NULL,NULL,NULL,NULL,NULL,'0000-00-00 00:00:00',1),(677,'3609999',160,52,60,13,NULL,677,NULL,NULL,NULL,NULL,NULL,'0000-00-00 00:00:00',1),(678,'5288825',406,52,25,17,NULL,678,NULL,NULL,NULL,NULL,NULL,'0000-00-00 00:00:00',1),(679,'2602903',137,1,43,5,NULL,679,NULL,NULL,NULL,NULL,NULL,'0000-00-00 00:00:00',7),(680,'6628343',465,52,92,22,NULL,680,NULL,NULL,NULL,NULL,NULL,'0000-00-00 00:00:00',1),(681,'7391631',378,52,98,15,NULL,681,NULL,NULL,NULL,NULL,NULL,'0000-00-00 00:00:00',6),(682,'3314872',125,68,88,1,NULL,682,NULL,NULL,NULL,NULL,NULL,'0000-00-00 00:00:00',5),(683,'8653772',554,68,61,19,NULL,683,NULL,NULL,NULL,NULL,NULL,'0000-00-00 00:00:00',5),(684,'3968966',604,68,87,22,NULL,684,NULL,NULL,NULL,NULL,NULL,'0000-00-00 00:00:00',1),(685,'9209388',382,52,39,15,NULL,685,NULL,NULL,NULL,NULL,NULL,'0000-00-00 00:00:00',6),(686,'2330289',242,68,10,18,NULL,686,NULL,NULL,NULL,NULL,NULL,'0000-00-00 00:00:00',1),(687,'5343866',451,52,28,21,NULL,687,NULL,NULL,NULL,NULL,NULL,'0000-00-00 00:00:00',6),(688,'9904478',75,68,5,11,NULL,688,NULL,NULL,NULL,NULL,NULL,'0000-00-00 00:00:00',3),(689,'1830697',200,52,57,7,NULL,689,NULL,NULL,NULL,NULL,NULL,'0000-00-00 00:00:00',1),(690,'9452216',49,52,11,2,NULL,690,NULL,NULL,NULL,NULL,NULL,'0000-00-00 00:00:00',2),(691,'7692197',399,52,84,18,NULL,691,NULL,NULL,NULL,NULL,NULL,'0000-00-00 00:00:00',4),(692,'8176535',446,52,13,21,NULL,692,NULL,NULL,NULL,NULL,NULL,'0000-00-00 00:00:00',6),(693,'5337503',290,52,54,14,NULL,693,NULL,NULL,NULL,NULL,NULL,'0000-00-00 00:00:00',2),(694,'5263341',305,119,56,18,NULL,694,NULL,NULL,NULL,NULL,NULL,'0000-00-00 00:00:00',4),(695,'3201963',312,120,29,15,NULL,695,NULL,NULL,NULL,NULL,NULL,'0000-00-00 00:00:00',6),(696,'8519950',59,68,15,9,NULL,696,NULL,NULL,NULL,NULL,NULL,'0000-00-00 00:00:00',1),(697,'7650256',426,68,65,22,NULL,697,NULL,NULL,NULL,NULL,NULL,'0000-00-00 00:00:00',1),(698,'9243099',378,52,49,14,NULL,698,NULL,NULL,NULL,NULL,NULL,'0000-00-00 00:00:00',2),(699,'1783517',378,52,98,16,NULL,699,NULL,NULL,NULL,NULL,NULL,'0000-00-00 00:00:00',1),(700,'6325642',276,52,55,17,NULL,700,NULL,NULL,NULL,NULL,NULL,'0000-00-00 00:00:00',1),(701,'5776549',215,68,69,4,NULL,701,NULL,NULL,NULL,NULL,NULL,'0000-00-00 00:00:00',1),(702,'6815183',150,106,55,11,NULL,702,NULL,NULL,NULL,NULL,NULL,'0000-00-00 00:00:00',1),(703,'9589742',457,52,99,19,NULL,703,NULL,NULL,NULL,NULL,NULL,'0000-00-00 00:00:00',5),(704,'1128763',212,68,59,2,NULL,704,NULL,NULL,NULL,NULL,NULL,'0000-00-00 00:00:00',2),(705,'7874866',56,68,67,3,NULL,705,NULL,NULL,NULL,NULL,NULL,'0000-00-00 00:00:00',6),(706,'6964805',12,124,67,6,NULL,706,NULL,NULL,NULL,NULL,NULL,'0000-00-00 00:00:00',1),(707,'9737675',566,52,29,20,NULL,707,NULL,NULL,NULL,NULL,NULL,'0000-00-00 00:00:00',2),(708,'5019374',434,68,8,20,NULL,708,NULL,NULL,NULL,NULL,NULL,'0000-00-00 00:00:00',2),(709,'3275794',403,52,62,17,NULL,709,NULL,NULL,NULL,NULL,NULL,'0000-00-00 00:00:00',1),(710,'5117601',485,52,81,21,NULL,710,NULL,NULL,NULL,NULL,NULL,'0000-00-00 00:00:00',6),(711,'1825743',352,52,77,16,NULL,711,NULL,NULL,NULL,NULL,NULL,'0000-00-00 00:00:00',1),(712,'2289051',304,121,37,15,NULL,712,NULL,NULL,NULL,NULL,NULL,'0000-00-00 00:00:00',6),(713,'2306770',293,52,34,14,NULL,713,NULL,NULL,NULL,NULL,NULL,'0000-00-00 00:00:00',2),(714,'6244893',478,52,69,21,NULL,714,NULL,NULL,NULL,NULL,NULL,'0000-00-00 00:00:00',6),(715,'9744931',108,68,39,4,NULL,715,NULL,NULL,NULL,NULL,NULL,'0000-00-00 00:00:00',1),(716,'3408305',377,52,4,17,NULL,716,NULL,NULL,NULL,NULL,NULL,'0000-00-00 00:00:00',4),(717,'4536840',46,4,56,5,NULL,717,NULL,NULL,NULL,NULL,NULL,'0000-00-00 00:00:00',7),(718,'3011697',339,52,18,14,NULL,718,NULL,NULL,NULL,NULL,NULL,'0000-00-00 00:00:00',2),(719,'2021306',466,52,4,21,NULL,719,NULL,NULL,NULL,NULL,NULL,'0000-00-00 00:00:00',6),(720,'7701867',93,68,31,9,NULL,720,NULL,NULL,NULL,NULL,NULL,'0000-00-00 00:00:00',1),(721,'2651464',257,52,28,18,NULL,721,NULL,NULL,NULL,NULL,NULL,'0000-00-00 00:00:00',1),(722,'5173542',596,52,19,19,NULL,722,NULL,NULL,NULL,NULL,NULL,'0000-00-00 00:00:00',5),(723,'2941000',122,54,11,8,NULL,723,NULL,NULL,NULL,NULL,NULL,'0000-00-00 00:00:00',3),(724,'7272136',170,130,10,9,NULL,724,NULL,NULL,NULL,NULL,NULL,'0000-00-00 00:00:00',1),(725,'4608980',443,52,93,19,NULL,725,NULL,NULL,NULL,NULL,NULL,'0000-00-00 00:00:00',5),(726,'1019136',491,52,63,20,NULL,726,NULL,NULL,NULL,NULL,NULL,'0000-00-00 00:00:00',2),(727,'8845679',240,68,75,17,NULL,727,NULL,NULL,NULL,NULL,NULL,'0000-00-00 00:00:00',1),(728,'3432478',522,52,16,21,NULL,728,NULL,NULL,NULL,NULL,NULL,'0000-00-00 00:00:00',6),(729,'9276209',274,52,66,17,NULL,729,NULL,NULL,NULL,NULL,NULL,'0000-00-00 00:00:00',1),(730,'6811366',267,52,87,15,NULL,730,NULL,NULL,NULL,NULL,NULL,'0000-00-00 00:00:00',6),(731,'5654430',517,68,50,20,NULL,731,NULL,NULL,NULL,NULL,NULL,'0000-00-00 00:00:00',2),(732,'3219881',114,68,84,8,NULL,732,NULL,NULL,NULL,NULL,NULL,'0000-00-00 00:00:00',1),(733,'9691066',349,52,52,16,NULL,733,NULL,NULL,NULL,NULL,NULL,'0000-00-00 00:00:00',4),(734,'1528149',207,52,23,3,NULL,734,NULL,NULL,NULL,NULL,NULL,'0000-00-00 00:00:00',6),(735,'1252823',504,122,5,21,NULL,735,NULL,NULL,NULL,NULL,NULL,'0000-00-00 00:00:00',6),(736,'6093424',1,71,47,3,NULL,736,NULL,NULL,NULL,NULL,NULL,'0000-00-00 00:00:00',6),(737,'1414921',310,123,43,15,NULL,737,NULL,NULL,NULL,NULL,NULL,'0000-00-00 00:00:00',6),(738,'6788955',407,52,34,18,NULL,738,NULL,NULL,NULL,NULL,NULL,'0000-00-00 00:00:00',1),(739,'6165640',546,52,29,21,NULL,739,NULL,NULL,NULL,NULL,NULL,'0000-00-00 00:00:00',6),(740,'9757992',373,52,64,14,NULL,740,NULL,NULL,NULL,NULL,NULL,'0000-00-00 00:00:00',2),(741,'3807215',80,68,47,11,NULL,741,NULL,NULL,NULL,NULL,NULL,'0000-00-00 00:00:00',1),(742,'8630217',113,68,6,8,NULL,742,NULL,NULL,NULL,NULL,NULL,'0000-00-00 00:00:00',1),(743,'8629310',577,52,28,20,NULL,743,NULL,NULL,NULL,NULL,NULL,'0000-00-00 00:00:00',2),(744,'9712475',319,68,30,16,NULL,744,NULL,NULL,NULL,NULL,NULL,'0000-00-00 00:00:00',1),(745,'1241435',256,52,7,16,NULL,745,NULL,NULL,NULL,NULL,NULL,'0000-00-00 00:00:00',1),(746,'5329593',38,23,41,11,NULL,746,NULL,NULL,NULL,NULL,NULL,'0000-00-00 00:00:00',1),(747,'7901995',101,4,71,4,NULL,747,NULL,NULL,NULL,NULL,NULL,'0000-00-00 00:00:00',1),(748,'8685051',278,52,99,17,NULL,748,NULL,NULL,NULL,NULL,NULL,'0000-00-00 00:00:00',1),(749,'2762570',504,121,4,21,NULL,749,NULL,NULL,NULL,NULL,NULL,'0000-00-00 00:00:00',6),(750,'6222530',541,52,96,19,NULL,750,NULL,NULL,NULL,NULL,NULL,'0000-00-00 00:00:00',5),(751,'1894786',241,68,8,17,NULL,751,NULL,NULL,NULL,NULL,NULL,'0000-00-00 00:00:00',1),(752,'2120697',596,52,100,22,NULL,752,NULL,NULL,NULL,NULL,NULL,'0000-00-00 00:00:00',1),(753,'8749598',313,52,29,17,NULL,753,NULL,NULL,NULL,NULL,NULL,'0000-00-00 00:00:00',1),(754,'9423281',226,68,54,14,NULL,754,NULL,NULL,NULL,NULL,NULL,'0000-00-00 00:00:00',2),(755,'6457367',102,68,87,8,NULL,755,NULL,NULL,NULL,NULL,NULL,'0000-00-00 00:00:00',1),(756,'1511978',608,52,95,19,NULL,756,NULL,NULL,NULL,NULL,NULL,'0000-00-00 00:00:00',5),(757,'9865549',171,130,99,7,NULL,757,NULL,NULL,NULL,NULL,NULL,'0000-00-00 00:00:00',3),(758,'1181025',368,52,73,14,NULL,758,NULL,NULL,NULL,NULL,NULL,'0000-00-00 00:00:00',2),(759,'7548286',468,52,80,21,NULL,759,NULL,NULL,NULL,NULL,NULL,'0000-00-00 00:00:00',6),(760,'1074047',126,68,21,13,NULL,760,NULL,NULL,NULL,NULL,NULL,'0000-00-00 00:00:00',1),(761,'6118676',159,52,36,13,NULL,761,NULL,NULL,NULL,NULL,NULL,'0000-00-00 00:00:00',1),(762,'4109501',161,111,18,10,NULL,762,NULL,NULL,NULL,NULL,NULL,'0000-00-00 00:00:00',1),(763,'4382210',84,68,53,13,NULL,763,NULL,NULL,NULL,NULL,NULL,'0000-00-00 00:00:00',1),(764,'4468689',162,52,51,7,NULL,764,NULL,NULL,NULL,NULL,NULL,'0000-00-00 00:00:00',1),(765,'3836173',187,2,22,9,NULL,765,NULL,NULL,NULL,NULL,NULL,'0000-00-00 00:00:00',1),(766,'9290741',415,68,49,22,NULL,766,NULL,NULL,NULL,NULL,NULL,'0000-00-00 00:00:00',1),(767,'4232064',303,120,47,18,NULL,767,NULL,NULL,NULL,NULL,NULL,'0000-00-00 00:00:00',1),(768,'9926165',71,71,67,13,NULL,768,NULL,NULL,NULL,NULL,NULL,'0000-00-00 00:00:00',1),(769,'3854225',145,5,40,11,NULL,769,NULL,NULL,NULL,NULL,NULL,'0000-00-00 00:00:00',1),(770,'3533485',55,2,79,9,NULL,770,NULL,NULL,NULL,NULL,NULL,'0000-00-00 00:00:00',1),(771,'7944017',193,68,62,12,NULL,771,NULL,NULL,NULL,NULL,NULL,'0000-00-00 00:00:00',1),(772,'6392876',599,68,27,20,NULL,772,NULL,NULL,NULL,NULL,NULL,'0000-00-00 00:00:00',2),(773,'8310844',380,52,35,14,NULL,773,NULL,NULL,NULL,NULL,NULL,'0000-00-00 00:00:00',2),(774,'1510460',257,52,54,17,NULL,774,NULL,NULL,NULL,NULL,NULL,'0000-00-00 00:00:00',1),(775,'2632770',422,68,34,19,NULL,775,NULL,NULL,NULL,NULL,NULL,'0000-00-00 00:00:00',5),(776,'4972176',315,68,85,17,NULL,776,NULL,NULL,NULL,NULL,NULL,'0000-00-00 00:00:00',1),(777,'7326572',363,68,98,14,NULL,777,NULL,NULL,NULL,NULL,NULL,'0000-00-00 00:00:00',2),(778,'6943945',548,52,81,20,NULL,778,NULL,NULL,NULL,NULL,NULL,'0000-00-00 00:00:00',2),(779,'8455814',351,52,88,15,NULL,779,NULL,NULL,NULL,NULL,NULL,'0000-00-00 00:00:00',6),(780,'8548080',322,68,10,16,NULL,780,NULL,NULL,NULL,NULL,NULL,'0000-00-00 00:00:00',1),(781,'4158730',24,68,75,9,NULL,781,NULL,NULL,NULL,NULL,NULL,'0000-00-00 00:00:00',1),(782,'1777482',143,71,29,12,NULL,782,NULL,NULL,NULL,NULL,NULL,'0000-00-00 00:00:00',1),(783,'5428842',62,25,75,9,NULL,783,NULL,NULL,NULL,NULL,NULL,'0000-00-00 00:00:00',1),(784,'6808193',530,52,45,20,NULL,784,NULL,NULL,NULL,NULL,NULL,'0000-00-00 00:00:00',2),(785,'5840883',579,68,81,19,NULL,785,NULL,NULL,NULL,NULL,NULL,'0000-00-00 00:00:00',5),(786,'1358115',367,52,10,18,NULL,786,NULL,NULL,NULL,NULL,NULL,'0000-00-00 00:00:00',1),(787,'2350577',97,54,13,1,NULL,787,NULL,NULL,NULL,NULL,NULL,'0000-00-00 00:00:00',5),(788,'2456772',545,52,21,21,NULL,788,NULL,NULL,NULL,NULL,NULL,'0000-00-00 00:00:00',6),(789,'7130632',524,52,36,22,NULL,789,NULL,NULL,NULL,NULL,NULL,'0000-00-00 00:00:00',1),(790,'7973464',426,68,47,22,NULL,790,NULL,NULL,NULL,NULL,NULL,'0000-00-00 00:00:00',1),(791,'7603767',398,52,85,16,NULL,791,NULL,NULL,NULL,NULL,NULL,'0000-00-00 00:00:00',1),(792,'3901469',303,123,83,18,NULL,792,NULL,NULL,NULL,NULL,NULL,'0000-00-00 00:00:00',1),(793,'3798055',562,52,35,20,NULL,793,NULL,NULL,NULL,NULL,NULL,'0000-00-00 00:00:00',2),(794,'9103466',403,52,44,16,NULL,794,NULL,NULL,NULL,NULL,NULL,'0000-00-00 00:00:00',1),(795,'4675342',150,105,11,6,NULL,795,NULL,NULL,NULL,NULL,NULL,'0000-00-00 00:00:00',1),(796,'2795746',557,68,65,22,NULL,796,NULL,NULL,NULL,NULL,NULL,'0000-00-00 00:00:00',1),(797,'7375500',474,52,48,20,NULL,797,NULL,NULL,NULL,NULL,NULL,'0000-00-00 00:00:00',2),(798,'6508772',249,52,36,14,NULL,798,NULL,NULL,NULL,NULL,NULL,'0000-00-00 00:00:00',2),(799,'9860564',176,4,13,3,NULL,799,NULL,NULL,NULL,NULL,NULL,'0000-00-00 00:00:00',6),(800,'5639573',303,121,54,16,NULL,800,NULL,NULL,NULL,NULL,NULL,'0000-00-00 00:00:00',1),(100000000,'328765',1163,68,50,100000002,NULL,100000000,'Cypress seed test box','2015-01-01 11:15:32',1,NULL,NULL,'0000-00-00 00:00:00',1),(100000001,'235563',1165,68,50,100000005,NULL,100000001,'50 dummy products','2019-09-29 18:15:32',1,NULL,NULL,'0000-00-00 00:00:00',1);
/*!40000 ALTER TABLE `stock` ENABLE KEYS */;
UNLOCK TABLES;

--
-- Table structure for table `tags`
--

DROP TABLE IF EXISTS `tags`;
/*!40101 SET @saved_cs_client     = @@character_set_client */;
/*!40101 SET character_set_client = utf8 */;
CREATE TABLE `tags` (
  `id` int(11) unsigned NOT NULL AUTO_INCREMENT,
  `label` varchar(255) NOT NULL,
  `color` varchar(255) NOT NULL,
  `camp_id` int(11) unsigned NOT NULL,
  `deleted` datetime DEFAULT NULL,
  `created` datetime DEFAULT NULL,
  `created_by` int(11) unsigned DEFAULT NULL,
  `modified` datetime DEFAULT NULL,
  `modified_by` int(11) unsigned DEFAULT NULL,
  `description` text NOT NULL,
  `type` varchar(255) DEFAULT 'People',
  `seq` int(11) DEFAULT NULL,
  PRIMARY KEY (`id`),
  KEY `camp_id` (`camp_id`),
  KEY `created_by` (`created_by`),
  KEY `modified_by` (`modified_by`),
  KEY `tags_type_index` (`type`),
  CONSTRAINT `tags_ibfk_1` FOREIGN KEY (`camp_id`) REFERENCES `camps` (`id`) ON UPDATE CASCADE,
  CONSTRAINT `tags_ibfk_2` FOREIGN KEY (`created_by`) REFERENCES `cms_users` (`id`) ON DELETE SET NULL ON UPDATE CASCADE,
  CONSTRAINT `tags_ibfk_3` FOREIGN KEY (`modified_by`) REFERENCES `cms_users` (`id`) ON DELETE SET NULL ON UPDATE CASCADE
) ENGINE=InnoDB AUTO_INCREMENT=45 DEFAULT CHARSET=utf8;
/*!40101 SET character_set_client = @saved_cs_client */;

--
-- Dumping data for table `tags`
--

LOCK TABLES `tags` WRITE;
/*!40000 ALTER TABLE `tags` DISABLE KEYS */;
INSERT INTO `tags` VALUES (1,'registered','#f37167',1,NULL,NULL,NULL,NULL,NULL,'Registered in the camp','People',1),(2,'exit','#aacfe3',1,NULL,NULL,NULL,NULL,NULL,'These are recognised refugees that are leaving the camp. ','People',2),(3,'verified referal','#f8aa9e',1,NULL,NULL,NULL,NULL,NULL,'Means this person has a direct referal from an actor in the camp that they need extra support','People',3),(4,'company X','#315c88',1,NULL,NULL,NULL,NULL,NULL,'Donation from company x','Stock',4),(5,'new','#f4e6a0',1,NULL,NULL,NULL,NULL,NULL,'','All',5),(6,'emergency','#d89016',1,NULL,NULL,NULL,NULL,NULL,'Hold back for emergencies','Stock',6),(7,'registered','#33f403',2,NULL,NULL,NULL,NULL,NULL,'Registered in the camp','People',7),(8,'exit','#f39267',2,NULL,NULL,NULL,NULL,NULL,'These are recognised refugees that are leaving the camp. ','People',8),(9,'verified referal','#e9ff00',2,NULL,NULL,NULL,NULL,NULL,'Means this person has a direct referal from an actor in the camp that they need extra support','People',9),(10,'company X','#f37167',2,NULL,NULL,NULL,NULL,NULL,'Donation from company x','Stock',10),(11,'new','#d89016',2,NULL,NULL,NULL,NULL,NULL,'','All',11),(12,'emergency','#0097ff',2,NULL,NULL,NULL,NULL,NULL,'Hold back for emergencies','Stock',12),(13,'registered','#33f403',3,NULL,NULL,NULL,NULL,NULL,'Registered in the camp','People',13),(14,'exit','#f39267',3,NULL,NULL,NULL,NULL,NULL,'These are recognised refugees that are leaving the camp. ','People',14),(15,'verified referal','#e9ff00',3,NULL,NULL,NULL,NULL,NULL,'Means this person has a direct referal from an actor in the camp that they need extra support','People',15),(16,'company X','#f37167',3,NULL,NULL,NULL,NULL,NULL,'Donation from company x','Stock',16),(17,'new','#d89016',3,NULL,NULL,NULL,NULL,NULL,'','All',17),(18,'emergency','#0097ff',3,NULL,NULL,NULL,NULL,NULL,'Hold back for emergencies','Stock',18),(19,'registered','#33f403',4,NULL,NULL,NULL,NULL,NULL,'Registered in the camp','People',19),(20,'exit','#f39267',4,NULL,NULL,NULL,NULL,NULL,'These are recognised refugees that are leaving the camp. ','People',20),(21,'verified referal','#e9ff00',4,NULL,NULL,NULL,NULL,NULL,'Means this person has a direct referal from an actor in the camp that they need extra support','People',21),(22,'company X','#f37167',4,NULL,NULL,NULL,NULL,NULL,'Donation from company x','Stock',22),(23,'new','#d89016',4,NULL,NULL,NULL,NULL,NULL,'','All',23),(24,'emergency','#0097ff',4,NULL,NULL,NULL,NULL,NULL,'Hold back for emergencies','Stock',24);
/*!40000 ALTER TABLE `tags` ENABLE KEYS */;
UNLOCK TABLES;

--
-- Table structure for table `tags_relations`
--

DROP TABLE IF EXISTS `tags_relations`;
/*!40101 SET @saved_cs_client     = @@character_set_client */;
/*!40101 SET character_set_client = utf8 */;
CREATE TABLE `tags_relations` (
  `object_id` int(11) unsigned NOT NULL,
  `object_type` varchar(255) NOT NULL DEFAULT 'People',
  `tag_id` int(11) unsigned NOT NULL,
  PRIMARY KEY (`object_id`,`tag_id`,`object_type`),
  KEY `tag_id` (`tag_id`),
  CONSTRAINT `tags_relations_ibfk_4` FOREIGN KEY (`tag_id`) REFERENCES `tags` (`id`) ON DELETE CASCADE ON UPDATE CASCADE
) ENGINE=InnoDB DEFAULT CHARSET=utf8;
/*!40101 SET character_set_client = @saved_cs_client */;

--
-- Dumping data for table `tags_relations`
--

LOCK TABLES `tags_relations` WRITE;
/*!40000 ALTER TABLE `tags_relations` DISABLE KEYS */;
INSERT INTO `tags_relations` VALUES (10,'People',1),(27,'People',1),(30,'People',1),(47,'People',1),(68,'People',1),(75,'People',1),(79,'People',1),(87,'People',1),(89,'People',1),(105,'People',1),(121,'People',1),(140,'People',1),(150,'People',1),(175,'People',1),(184,'People',1),(221,'People',1),(226,'People',1),(231,'People',1),(232,'People',1),(241,'People',1),(242,'People',1),(256,'People',1),(259,'People',1),(261,'People',1),(263,'People',1),(268,'People',1),(270,'People',1),(272,'People',1),(276,'People',1),(293,'People',1),(299,'People',1),(302,'People',1),(307,'People',1),(317,'People',1),(319,'People',1),(324,'People',1),(325,'People',1),(351,'People',1),(373,'People',1),(391,'People',1),(394,'People',1),(397,'People',1),(401,'People',1),(402,'People',1),(404,'People',1),(410,'People',1),(415,'People',1),(422,'People',1),(431,'People',1),(448,'People',1),(459,'People',1),(467,'People',1),(470,'People',1),(484,'People',1),(493,'People',1),(499,'People',1),(507,'People',1),(517,'People',1),(549,'People',1),(567,'People',1),(573,'People',1),(574,'People',1),(585,'People',1),(613,'People',1),(619,'People',1),(628,'People',1),(629,'People',1),(630,'People',1),(632,'People',1),(636,'People',1),(643,'People',1),(645,'People',1),(647,'People',1),(653,'People',1),(657,'People',1),(663,'People',1),(675,'People',1),(679,'People',1),(680,'People',1),(719,'People',1),(730,'People',1),(731,'People',1),(744,'People',1),(757,'People',1),(759,'People',1),(764,'People',1),(771,'People',1),(794,'People',1),(808,'People',1),(826,'People',1),(827,'People',1),(841,'People',1),(849,'People',1),(857,'People',1),(861,'People',1),(865,'People',1),(873,'People',1),(883,'People',1),(910,'People',1),(920,'People',1),(929,'People',1),(947,'People',1),(954,'People',1),(959,'People',1),(980,'People',1),(1000,'People',1),(25,'People',2),(29,'People',2),(45,'People',2),(87,'People',2),(109,'People',2),(114,'People',2),(129,'People',2),(130,'People',2),(131,'People',2),(137,'People',2),(169,'People',2),(172,'People',2),(178,'People',2),(189,'People',2),(198,'People',2),(219,'People',2),(224,'People',2),(245,'People',2),(250,'People',2),(261,'People',2),(270,'People',2),(273,'People',2),(291,'People',2),(294,'People',2),(305,'People',2),(315,'People',2),(322,'People',2),(324,'People',2),(325,'People',2),(340,'People',2),(366,'People',2),(377,'People',2),(386,'People',2),(388,'People',2),(422,'People',2),(423,'People',2),(425,'People',2),(430,'People',2),(451,'People',2),(473,'People',2),(483,'People',2),(489,'People',2),(499,'People',2),(505,'People',2),(506,'People',2),(510,'People',2),(529,'People',2),(535,'People',2),(537,'People',2),(546,'People',2),(555,'People',2),(563,'People',2),(587,'People',2),(601,'People',2),(618,'People',2),(627,'People',2),(630,'People',2),(631,'People',2),(638,'People',2),(646,'People',2),(664,'People',2),(665,'People',2),(666,'People',2),(673,'People',2),(675,'People',2),(676,'People',2),(678,'People',2),(685,'People',2),(723,'People',2),(725,'People',2),(762,'People',2),(771,'People',2),(792,'People',2),(795,'People',2),(801,'People',2),(814,'People',2),(822,'People',2),(851,'People',2),(853,'People',2),(874,'People',2),(880,'People',2),(890,'People',2),(897,'People',2),(917,'People',2),(918,'People',2),(926,'People',2),(928,'People',2),(949,'People',2),(952,'People',2),(961,'People',2),(962,'People',2),(970,'People',2),(989,'People',2),(26,'People',3),(43,'People',3),(44,'People',3),(57,'People',3),(72,'People',3),(91,'People',3),(134,'People',3),(141,'People',3),(148,'People',3),(171,'People',3),(180,'People',3),(182,'People',3),(187,'People',3),(193,'People',3),(197,'People',3),(206,'People',3),(214,'People',3),(219,'People',3),(221,'People',3),(224,'People',3),(228,'People',3),(243,'People',3),(254,'People',3),(290,'People',3),(294,'People',3),(298,'People',3),(300,'People',3),(306,'People',3),(311,'People',3),(313,'People',3),(342,'People',3),(350,'People',3),(356,'People',3),(374,'People',3),(389,'People',3),(403,'People',3),(407,'People',3),(409,'People',3),(425,'People',3),(432,'People',3),(438,'People',3),(440,'People',3),(442,'People',3),(446,'People',3),(453,'People',3),(463,'People',3),(472,'People',3),(479,'People',3),(489,'People',3),(503,'People',3),(504,'People',3),(519,'People',3),(537,'People',3),(545,'People',3),(565,'People',3),(577,'People',3),(585,'People',3),(587,'People',3),(588,'People',3),(624,'People',3),(625,'People',3),(641,'People',3),(651,'People',3),(667,'People',3),(668,'People',3),(669,'People',3),(672,'People',3),(677,'People',3),(686,'People',3),(696,'People',3),(697,'People',3),(703,'People',3),(704,'People',3),(707,'People',3),(708,'People',3),(712,'People',3),(719,'People',3),(721,'People',3),(744,'People',3),(774,'People',3),(778,'People',3),(787,'People',3),(795,'People',3),(802,'People',3),(810,'People',3),(818,'People',3),(836,'People',3),(840,'People',3),(884,'People',3),(911,'People',3),(926,'People',3),(952,'People',3),(971,'People',3),(991,'People',3),(999,'People',3),(1,'Stock',4),(22,'Stock',4),(24,'Stock',4),(31,'Stock',4),(37,'Stock',4),(55,'Stock',4),(112,'Stock',4),(122,'Stock',4),(152,'Stock',4),(154,'Stock',4),(171,'Stock',4),(227,'Stock',4),(245,'Stock',4),(263,'Stock',4),(281,'Stock',4),(286,'Stock',4),(289,'Stock',4),(290,'Stock',4),(294,'Stock',4),(296,'Stock',4),(307,'Stock',4),(311,'Stock',4),(315,'Stock',4),(321,'Stock',4),(328,'Stock',4),(342,'Stock',4),(346,'Stock',4),(347,'Stock',4),(357,'Stock',4),(362,'Stock',4),(382,'Stock',4),(413,'Stock',4),(416,'Stock',4),(428,'Stock',4),(431,'Stock',4),(433,'Stock',4),(481,'Stock',4),(482,'Stock',4),(499,'Stock',4),(524,'Stock',4),(537,'Stock',4),(543,'Stock',4),(545,'Stock',4),(567,'Stock',4),(573,'Stock',4),(575,'Stock',4),(577,'Stock',4),(585,'Stock',4),(597,'Stock',4),(607,'Stock',4),(662,'Stock',4),(663,'Stock',4),(673,'Stock',4),(734,'Stock',4),(747,'Stock',4),(757,'Stock',4),(764,'Stock',4),(782,'Stock',4),(787,'Stock',4),(1,'Stock',5),(7,'People',5),(20,'People',5),(22,'Stock',5),(24,'Stock',5),(28,'People',5),(31,'Stock',5),(37,'Stock',5),(39,'People',5),(42,'People',5),(53,'People',5),(54,'Stock',5),(55,'Stock',5),(60,'Stock',5),(78,'People',5),(82,'People',5),(83,'People',5),(85,'People',5),(89,'People',5),(102,'People',5),(103,'People',5),(109,'People',5),(110,'Stock',5),(112,'Stock',5),(122,'Stock',5),(124,'People',5),(126,'People',5),(130,'People',5),(131,'People',5),(135,'People',5),(140,'People',5),(146,'People',5),(146,'Stock',5),(152,'Stock',5),(180,'People',5),(197,'Stock',5),(202,'People',5),(220,'Stock',5),(222,'People',5),(227,'Stock',5),(232,'People',5),(243,'People',5),(251,'People',5),(255,'People',5),(263,'Stock',5),(273,'People',5),(281,'Stock',5),(282,'People',5),(286,'Stock',5),(288,'Stock',5),(290,'Stock',5),(294,'Stock',5),(296,'Stock',5),(298,'People',5),(300,'Stock',5),(307,'Stock',5),(311,'Stock',5),(315,'Stock',5),(335,'Stock',5),(342,'People',5),(342,'Stock',5),(343,'People',5),(346,'Stock',5),(347,'Stock',5),(354,'People',5),(358,'Stock',5),(361,'Stock',5),(362,'Stock',5),(364,'People',5),(376,'People',5),(377,'People',5),(379,'People',5),(380,'Stock',5),(382,'Stock',5),(385,'People',5),(391,'Stock',5),(410,'People',5),(413,'People',5),(416,'Stock',5),(419,'Stock',5),(422,'Stock',5),(428,'People',5),(433,'Stock',5),(449,'People',5),(464,'Stock',5),(468,'People',5),(475,'People',5),(481,'Stock',5),(482,'Stock',5),(485,'People',5),(491,'People',5),(494,'Stock',5),(497,'People',5),(499,'People',5),(499,'Stock',5),(505,'People',5),(523,'Stock',5),(524,'Stock',5),(526,'People',5),(537,'People',5),(540,'People',5),(543,'Stock',5),(545,'People',5),(545,'Stock',5),(555,'People',5),(562,'People',5),(567,'Stock',5),(569,'People',5),(573,'Stock',5),(575,'Stock',5),(577,'Stock',5),(583,'People',5),(585,'Stock',5),(589,'People',5),(594,'People',5),(613,'People',5),(619,'People',5),(620,'Stock',5),(625,'People',5),(630,'People',5),(663,'Stock',5),(664,'People',5),(668,'People',5),(669,'People',5),(672,'People',5),(673,'Stock',5),(674,'People',5),(682,'Stock',5),(688,'People',5),(695,'People',5),(696,'Stock',5),(702,'People',5),(717,'People',5),(718,'People',5),(733,'People',5),(736,'Stock',5),(747,'Stock',5),(757,'Stock',5),(760,'People',5),(764,'Stock',5),(782,'Stock',5),(791,'People',5),(810,'People',5),(855,'People',5),(867,'People',5),(868,'People',5),(877,'People',5),(899,'People',5),(920,'People',5),(942,'People',5),(951,'People',5),(972,'People',5),(977,'People',5),(992,'People',5),(3,'Stock',6),(22,'Stock',6),(24,'Stock',6),(31,'Stock',6),(37,'Stock',6),(54,'Stock',6),(55,'Stock',6),(60,'Stock',6),(112,'Stock',6),(122,'Stock',6),(146,'Stock',6),(154,'Stock',6),(163,'Stock',6),(171,'Stock',6),(197,'Stock',6),(256,'Stock',6),(263,'Stock',6),(281,'Stock',6),(286,'Stock',6),(289,'Stock',6),(290,'Stock',6),(294,'Stock',6),(307,'Stock',6),(311,'Stock',6),(321,'Stock',6),(328,'Stock',6),(342,'Stock',6),(346,'Stock',6),(347,'Stock',6),(361,'Stock',6),(362,'Stock',6),(364,'Stock',6),(380,'Stock',6),(382,'Stock',6),(391,'Stock',6),(416,'Stock',6),(422,'Stock',6),(424,'Stock',6),(431,'Stock',6),(433,'Stock',6),(464,'Stock',6),(474,'Stock',6),(481,'Stock',6),(482,'Stock',6),(512,'Stock',6),(523,'Stock',6),(524,'Stock',6),(526,'Stock',6),(543,'Stock',6),(567,'Stock',6),(573,'Stock',6),(575,'Stock',6),(577,'Stock',6),(585,'Stock',6),(597,'Stock',6),(620,'Stock',6),(663,'Stock',6),(673,'Stock',6),(723,'Stock',6),(747,'Stock',6),(764,'Stock',6),(770,'Stock',6),(782,'Stock',6),(787,'Stock',6),(28,'Stock',10),(29,'Stock',10),(39,'Stock',10),(72,'Stock',10),(90,'Stock',10),(94,'Stock',10),(121,'Stock',10),(141,'Stock',10),(156,'Stock',10),(159,'Stock',10),(170,'Stock',10),(186,'Stock',10),(189,'Stock',10),(192,'Stock',10),(196,'Stock',10),(198,'Stock',10),(199,'Stock',10),(210,'Stock',10),(226,'Stock',10),(229,'Stock',10),(233,'Stock',10),(239,'Stock',10),(254,'Stock',10),(266,'Stock',10),(270,'Stock',10),(292,'Stock',10),(298,'Stock',10),(303,'Stock',10),(319,'Stock',10),(343,'Stock',10),(345,'Stock',10),(366,'Stock',10),(385,'Stock',10),(386,'Stock',10),(408,'Stock',10),(409,'Stock',10),(421,'Stock',10),(426,'Stock',10),(441,'Stock',10),(450,'Stock',10),(451,'Stock',10),(457,'Stock',10),(461,'Stock',10),(462,'Stock',10),(471,'Stock',10),(473,'Stock',10),(479,'Stock',10),(493,'Stock',10),(506,'Stock',10),(509,'Stock',10),(513,'Stock',10),(531,'Stock',10),(535,'Stock',10),(536,'Stock',10),(541,'Stock',10),(548,'Stock',10),(553,'Stock',10),(554,'Stock',10),(562,'Stock',10),(589,'Stock',10),(603,'Stock',10),(611,'Stock',10),(612,'Stock',10),(615,'Stock',10),(623,'Stock',10),(656,'Stock',10),(667,'Stock',10),(678,'Stock',10),(693,'Stock',10),(694,'Stock',10),(695,'Stock',10),(712,'Stock',10),(727,'Stock',10),(730,'Stock',10),(758,'Stock',10),(777,'Stock',10),(794,'Stock',10),(20,'Stock',11),(28,'Stock',11),(29,'Stock',11),(39,'Stock',11),(41,'Stock',11),(72,'Stock',11),(94,'Stock',11),(121,'Stock',11),(158,'Stock',11),(159,'Stock',11),(192,'Stock',11),(198,'Stock',11),(204,'Stock',11),(210,'Stock',11),(226,'Stock',11),(233,'Stock',11),(247,'Stock',11),(255,'Stock',11),(266,'Stock',11),(298,'Stock',11),(343,'Stock',11),(345,'Stock',11),(354,'Stock',11),(383,'Stock',11),(389,'Stock',11),(421,'Stock',11),(441,'Stock',11),(449,'Stock',11),(450,'Stock',11),(451,'Stock',11),(457,'Stock',11),(461,'Stock',11),(462,'Stock',11),(467,'Stock',11),(473,'Stock',11),(479,'Stock',11),(491,'Stock',11),(493,'Stock',11),(506,'Stock',11),(507,'Stock',11),(509,'Stock',11),(525,'Stock',11),(531,'Stock',11),(553,'Stock',11),(554,'Stock',11),(566,'Stock',11),(589,'Stock',11),(603,'Stock',11),(612,'Stock',11),(623,'Stock',11),(656,'Stock',11),(664,'Stock',11),(678,'Stock',11),(691,'Stock',11),(693,'Stock',11),(694,'Stock',11),(695,'Stock',11),(709,'Stock',11),(727,'Stock',11),(730,'Stock',11),(737,'Stock',11),(758,'Stock',11),(777,'Stock',11),(798,'Stock',11),(28,'Stock',12),(48,'Stock',12),(64,'Stock',12),(72,'Stock',12),(90,'Stock',12),(94,'Stock',12),(121,'Stock',12),(141,'Stock',12),(156,'Stock',12),(158,'Stock',12),(159,'Stock',12),(186,'Stock',12),(189,'Stock',12),(196,'Stock',12),(198,'Stock',12),(204,'Stock',12),(210,'Stock',12),(213,'Stock',12),(233,'Stock',12),(254,'Stock',12),(255,'Stock',12),(266,'Stock',12),(292,'Stock',12),(298,'Stock',12),(303,'Stock',12),(319,'Stock',12),(333,'Stock',12),(334,'Stock',12),(343,'Stock',12),(345,'Stock',12),(354,'Stock',12),(383,'Stock',12),(385,'Stock',12),(386,'Stock',12),(408,'Stock',12),(409,'Stock',12),(410,'Stock',12),(421,'Stock',12),(426,'Stock',12),(437,'Stock',12),(441,'Stock',12),(447,'Stock',12),(449,'Stock',12),(450,'Stock',12),(457,'Stock',12),(461,'Stock',12),(462,'Stock',12),(467,'Stock',12),(473,'Stock',12),(479,'Stock',12),(485,'Stock',12),(491,'Stock',12),(493,'Stock',12),(506,'Stock',12),(507,'Stock',12),(509,'Stock',12),(513,'Stock',12),(525,'Stock',12),(529,'Stock',12),(531,'Stock',12),(535,'Stock',12),(536,'Stock',12),(541,'Stock',12),(553,'Stock',12),(554,'Stock',12),(562,'Stock',12),(589,'Stock',12),(611,'Stock',12),(612,'Stock',12),(623,'Stock',12),(656,'Stock',12),(664,'Stock',12),(678,'Stock',12),(693,'Stock',12),(694,'Stock',12),(695,'Stock',12),(711,'Stock',12),(727,'Stock',12),(730,'Stock',12),(744,'Stock',12),(748,'Stock',12),(758,'Stock',12),(23,'Stock',16),(25,'Stock',16),(35,'Stock',16),(38,'Stock',16),(51,'Stock',16),(61,'Stock',16),(66,'Stock',16),(71,'Stock',16),(75,'Stock',16),(88,'Stock',16),(93,'Stock',16),(97,'Stock',16),(107,'Stock',16),(116,'Stock',16),(119,'Stock',16),(137,'Stock',16),(155,'Stock',16),(165,'Stock',16),(167,'Stock',16),(172,'Stock',16),(201,'Stock',16),(207,'Stock',16),(214,'Stock',16),(215,'Stock',16),(223,'Stock',16),(232,'Stock',16),(235,'Stock',16),(240,'Stock',16),(241,'Stock',16),(249,'Stock',16),(253,'Stock',16),(262,'Stock',16),(271,'Stock',16),(277,'Stock',16),(291,'Stock',16),(295,'Stock',16),(297,'Stock',16),(299,'Stock',16),(305,'Stock',16),(316,'Stock',16),(353,'Stock',16),(369,'Stock',16),(370,'Stock',16),(398,'Stock',16),(401,'Stock',16),(404,'Stock',16),(411,'Stock',16),(415,'Stock',16),(439,'Stock',16),(443,'Stock',16),(454,'Stock',16),(477,'Stock',16),(480,'Stock',16),(483,'Stock',16),(489,'Stock',16),(498,'Stock',16),(516,'Stock',16),(544,'Stock',16),(551,'Stock',16),(571,'Stock',16),(576,'Stock',16),(578,'Stock',16),(583,'Stock',16),(594,'Stock',16),(608,'Stock',16),(613,'Stock',16),(617,'Stock',16),(629,'Stock',16),(640,'Stock',16),(650,'Stock',16),(652,'Stock',16),(654,'Stock',16),(657,'Stock',16),(675,'Stock',16),(725,'Stock',16),(726,'Stock',16),(731,'Stock',16),(735,'Stock',16),(743,'Stock',16),(749,'Stock',16),(756,'Stock',16),(772,'Stock',16),(775,'Stock',16),(790,'Stock',16),(23,'Stock',17),(25,'Stock',17),(35,'Stock',17),(38,'Stock',17),(51,'Stock',17),(56,'Stock',17),(66,'Stock',17),(71,'Stock',17),(74,'Stock',17),(82,'Stock',17),(88,'Stock',17),(97,'Stock',17),(107,'Stock',17),(116,'Stock',17),(119,'Stock',17),(134,'Stock',17),(165,'Stock',17),(172,'Stock',17),(207,'Stock',17),(214,'Stock',17),(215,'Stock',17),(219,'Stock',17),(223,'Stock',17),(232,'Stock',17),(240,'Stock',17),(249,'Stock',17),(250,'Stock',17),(253,'Stock',17),(262,'Stock',17),(271,'Stock',17),(277,'Stock',17),(295,'Stock',17),(297,'Stock',17),(299,'Stock',17),(305,'Stock',17),(349,'Stock',17),(370,'Stock',17),(398,'Stock',17),(401,'Stock',17),(404,'Stock',17),(411,'Stock',17),(448,'Stock',17),(454,'Stock',17),(477,'Stock',17),(480,'Stock',17),(483,'Stock',17),(498,'Stock',17),(510,'Stock',17),(516,'Stock',17),(527,'Stock',17),(544,'Stock',17),(565,'Stock',17),(578,'Stock',17),(583,'Stock',17),(594,'Stock',17),(608,'Stock',17),(613,'Stock',17),(617,'Stock',17),(629,'Stock',17),(640,'Stock',17),(649,'Stock',17),(650,'Stock',17),(652,'Stock',17),(657,'Stock',17),(671,'Stock',17),(675,'Stock',17),(731,'Stock',17),(735,'Stock',17),(749,'Stock',17),(772,'Stock',17),(784,'Stock',17),(790,'Stock',17),(61,'Stock',18),(66,'Stock',18),(71,'Stock',18),(74,'Stock',18),(75,'Stock',18),(82,'Stock',18),(88,'Stock',18),(97,'Stock',18),(107,'Stock',18),(123,'Stock',18),(134,'Stock',18),(164,'Stock',18),(165,'Stock',18),(167,'Stock',18),(207,'Stock',18),(214,'Stock',18),(232,'Stock',18),(235,'Stock',18),(240,'Stock',18),(249,'Stock',18),(253,'Stock',18),(271,'Stock',18),(277,'Stock',18),(295,'Stock',18),(299,'Stock',18),(305,'Stock',18),(322,'Stock',18),(349,'Stock',18),(353,'Stock',18),(369,'Stock',18),(370,'Stock',18),(398,'Stock',18),(401,'Stock',18),(404,'Stock',18),(411,'Stock',18),(418,'Stock',18),(448,'Stock',18),(454,'Stock',18),(476,'Stock',18),(477,'Stock',18),(480,'Stock',18),(483,'Stock',18),(496,'Stock',18),(498,'Stock',18),(510,'Stock',18),(544,'Stock',18),(571,'Stock',18),(594,'Stock',18),(613,'Stock',18),(617,'Stock',18),(649,'Stock',18),(650,'Stock',18),(654,'Stock',18),(657,'Stock',18),(675,'Stock',18),(683,'Stock',18),(726,'Stock',18),(731,'Stock',18),(735,'Stock',18),(749,'Stock',18),(756,'Stock',18),(772,'Stock',18),(775,'Stock',18);
/*!40000 ALTER TABLE `tags_relations` ENABLE KEYS */;
UNLOCK TABLES;

--
-- Table structure for table `tipofday`
--

DROP TABLE IF EXISTS `tipofday`;
/*!40101 SET @saved_cs_client     = @@character_set_client */;
/*!40101 SET character_set_client = utf8 */;
CREATE TABLE `tipofday` (
  `id` int(11) unsigned NOT NULL AUTO_INCREMENT,
  `title` varchar(255) DEFAULT NULL,
  `content` text,
  PRIMARY KEY (`id`)
) ENGINE=InnoDB AUTO_INCREMENT=7 DEFAULT CHARSET=utf8 ROW_FORMAT=DYNAMIC;
/*!40101 SET character_set_client = @saved_cs_client */;

--
-- Dumping data for table `tipofday`
--

LOCK TABLES `tipofday` WRITE;
/*!40000 ALTER TABLE `tipofday` DISABLE KEYS */;
INSERT INTO `tipofday` VALUES (1,'Sorting lists','Most lists can be sorted anyway you like. Just click on the column title to sort the table on that column. Clicking another time on the same column will reverse the sort order.'),(2,'Undo a purchase','If a customer decides not to buy something after you made the purchase: check the item in the list of purchases and hit the red \'Delete\' button.'),(3,'Changing the amount of tokens','If you want to change the amount of tokens of a family/beneficiary, for example because you changed the amount of family members, you find the people in the \'Check-in\' section of the site, click the checkbox next to the family/beneficiary name and hit the \'Give tokens\' button. <br /><br /> You can enter an amount to be added to the family/beneficiary as a whole or an amount for each adult or child. And ofcourse, you can also enter a negative number.'),(4,'Mobile','Did you know that this Drop Shop system works perfectly on most smartphones? Just open \'https://market.drapenihavet.no\' in your browser.'),(5,'Quick purchase','If you want to quickly submit a form you can simply use the \'cmd + enter\' or \'ctrl + enter\' shortcut!'),(6,'Sorting','Did you know you that in a list you can sort multiple columns simultaneously by holding down the Shift key and clicking a second, third or even fourth column header!');
/*!40000 ALTER TABLE `tipofday` ENABLE KEYS */;
UNLOCK TABLES;

--
-- Table structure for table `transactions`
--

DROP TABLE IF EXISTS `transactions`;
/*!40101 SET @saved_cs_client     = @@character_set_client */;
/*!40101 SET character_set_client = utf8 */;
CREATE TABLE `transactions` (
  `id` int(11) unsigned NOT NULL AUTO_INCREMENT,
  `people_id` int(11) unsigned DEFAULT NULL,
  `product_id` int(11) unsigned DEFAULT NULL,
  `count` int(11) NOT NULL,
  `description` varchar(255) NOT NULL,
  `drops` int(11) NOT NULL DEFAULT '0',
  `transaction_date` datetime NOT NULL,
  `user_id` int(11) unsigned DEFAULT NULL,
  `created` datetime DEFAULT NULL,
  `created_by` int(11) unsigned DEFAULT NULL,
  `modified` datetime DEFAULT NULL,
  `modified_by` int(11) unsigned DEFAULT NULL,
  PRIMARY KEY (`id`),
  KEY `people_id` (`people_id`),
  KEY `transaction_date` (`transaction_date`),
  KEY `created_by` (`created_by`),
  KEY `modified_by` (`modified_by`),
  KEY `user_id` (`user_id`),
  KEY `product_id` (`product_id`),
  CONSTRAINT `transactions_ibfk_10` FOREIGN KEY (`people_id`) REFERENCES `people` (`id`) ON DELETE SET NULL ON UPDATE CASCADE,
  CONSTRAINT `transactions_ibfk_11` FOREIGN KEY (`product_id`) REFERENCES `products` (`id`) ON UPDATE CASCADE,
  CONSTRAINT `transactions_ibfk_7` FOREIGN KEY (`created_by`) REFERENCES `cms_users` (`id`) ON DELETE SET NULL ON UPDATE CASCADE,
  CONSTRAINT `transactions_ibfk_8` FOREIGN KEY (`modified_by`) REFERENCES `cms_users` (`id`) ON DELETE SET NULL ON UPDATE CASCADE,
  CONSTRAINT `transactions_ibfk_9` FOREIGN KEY (`user_id`) REFERENCES `cms_users` (`id`) ON DELETE SET NULL ON UPDATE CASCADE
) ENGINE=InnoDB AUTO_INCREMENT=100001891 DEFAULT CHARSET=utf8 ROW_FORMAT=DYNAMIC;
/*!40101 SET character_set_client = @saved_cs_client */;

--
-- Dumping data for table `transactions`
--

LOCK TABLES `transactions` WRITE;
/*!40000 ALTER TABLE `transactions` DISABLE KEYS */;
INSERT INTO `transactions` VALUES (1,1,109,5,'',0,'2022-11-07 15:20:33',1,NULL,NULL,NULL,NULL),(2,1,219,5,'',0,'2022-10-18 06:31:02',1,NULL,NULL,NULL,NULL),(3,1,182,4,'',0,'2022-10-31 08:02:09',1,NULL,NULL,NULL,NULL),(4,3,15,1,'',0,'2022-10-25 02:19:09',1,NULL,NULL,NULL,NULL),(5,3,51,4,'',0,'2022-10-17 13:14:47',1,NULL,NULL,NULL,NULL),(6,6,184,5,'',0,'2022-10-29 14:21:58',1,NULL,NULL,NULL,NULL),(7,6,32,4,'',0,'2022-11-08 05:07:03',1,NULL,NULL,NULL,NULL),(8,6,131,5,'',0,'2022-10-29 00:58:39',1,NULL,NULL,NULL,NULL),(9,6,100,1,'',0,'2022-10-15 00:39:07',1,NULL,NULL,NULL,NULL),(10,6,190,5,'',0,'2022-11-04 07:27:50',1,NULL,NULL,NULL,NULL),(11,6,142,4,'',0,'2022-10-19 05:40:12',1,NULL,NULL,NULL,NULL),(12,9,159,1,'',0,'2022-10-19 23:00:50',1,NULL,NULL,NULL,NULL),(13,9,208,2,'',0,'2022-11-05 03:12:51',1,NULL,NULL,NULL,NULL),(14,12,141,2,'',0,'2022-10-23 04:43:17',1,NULL,NULL,NULL,NULL),(15,12,215,1,'',0,'2022-10-20 00:30:07',1,NULL,NULL,NULL,NULL),(16,12,118,2,'',0,'2022-10-26 15:46:31',1,NULL,NULL,NULL,NULL),(17,16,13,1,'',0,'2022-10-22 03:28:48',1,NULL,NULL,NULL,NULL),(18,16,19,3,'',0,'2022-11-08 14:23:33',1,NULL,NULL,NULL,NULL),(19,16,14,4,'',0,'2022-10-23 23:54:24',1,NULL,NULL,NULL,NULL),(20,16,178,2,'',0,'2022-10-17 05:35:34',1,NULL,NULL,NULL,NULL),(21,16,136,2,'',0,'2022-10-29 18:48:57',1,NULL,NULL,NULL,NULL),(22,16,148,5,'',0,'2022-11-02 21:53:04',1,NULL,NULL,NULL,NULL),(23,18,74,2,'',0,'2022-10-16 22:23:11',1,NULL,NULL,NULL,NULL),(24,18,163,1,'',0,'2022-10-16 10:14:45',1,NULL,NULL,NULL,NULL),(25,18,180,2,'',0,'2022-11-01 06:41:37',1,NULL,NULL,NULL,NULL),(26,18,213,1,'',0,'2022-10-15 23:55:06',1,NULL,NULL,NULL,NULL),(27,18,125,1,'',0,'2022-10-15 10:19:46',1,NULL,NULL,NULL,NULL),(28,18,15,3,'',0,'2022-10-26 06:38:37',1,NULL,NULL,NULL,NULL),(29,18,191,1,'',0,'2022-10-25 13:43:24',1,NULL,NULL,NULL,NULL),(30,18,91,3,'',0,'2022-10-21 22:40:05',1,NULL,NULL,NULL,NULL),(31,19,20,3,'',0,'2022-11-01 16:59:43',1,NULL,NULL,NULL,NULL),(32,19,196,2,'',0,'2022-10-20 23:49:19',1,NULL,NULL,NULL,NULL),(33,19,191,5,'',0,'2022-10-17 04:48:35',1,NULL,NULL,NULL,NULL),(34,19,183,1,'',0,'2022-10-30 10:10:56',1,NULL,NULL,NULL,NULL),(35,21,39,1,'',0,'2022-11-08 02:36:05',1,NULL,NULL,NULL,NULL),(36,21,10,2,'',0,'2022-11-01 08:11:00',1,NULL,NULL,NULL,NULL),(37,21,170,1,'',0,'2022-11-09 10:18:32',1,NULL,NULL,NULL,NULL),(38,21,60,1,'',0,'2022-11-05 00:59:09',1,NULL,NULL,NULL,NULL),(39,26,28,2,'',0,'2022-10-25 04:37:00',1,NULL,NULL,NULL,NULL),(40,26,70,5,'',0,'2022-10-13 11:13:29',1,NULL,NULL,NULL,NULL),(41,26,160,3,'',0,'2022-10-25 10:54:50',1,NULL,NULL,NULL,NULL),(42,26,190,1,'',0,'2022-11-09 10:34:08',1,NULL,NULL,NULL,NULL),(43,26,66,4,'',0,'2022-10-19 13:42:56',1,NULL,NULL,NULL,NULL),(44,26,157,3,'',0,'2022-10-16 07:43:29',1,NULL,NULL,NULL,NULL),(45,28,119,1,'',0,'2022-10-21 05:06:50',1,NULL,NULL,NULL,NULL),(46,28,157,3,'',0,'2022-10-12 21:39:57',1,NULL,NULL,NULL,NULL),(47,28,140,5,'',0,'2022-10-26 05:46:00',1,NULL,NULL,NULL,NULL),(48,28,62,4,'',0,'2022-10-18 11:08:52',1,NULL,NULL,NULL,NULL),(49,28,16,1,'',0,'2022-10-24 08:52:19',1,NULL,NULL,NULL,NULL),(50,32,52,4,'',0,'2022-10-23 14:03:29',1,NULL,NULL,NULL,NULL),(51,32,162,5,'',0,'2022-11-08 14:09:22',1,NULL,NULL,NULL,NULL),(52,34,15,5,'',0,'2022-11-07 07:22:36',1,NULL,NULL,NULL,NULL),(53,35,79,3,'',0,'2022-10-24 09:38:32',1,NULL,NULL,NULL,NULL),(54,35,87,1,'',0,'2022-10-13 23:48:24',1,NULL,NULL,NULL,NULL),(55,35,160,5,'',0,'2022-10-20 02:11:04',1,NULL,NULL,NULL,NULL),(56,36,162,1,'',0,'2022-10-11 08:45:09',1,NULL,NULL,NULL,NULL),(57,36,20,5,'',0,'2022-11-02 08:44:41',1,NULL,NULL,NULL,NULL),(58,36,54,1,'',0,'2022-10-25 19:13:11',1,NULL,NULL,NULL,NULL),(59,36,85,3,'',0,'2022-11-06 20:42:36',1,NULL,NULL,NULL,NULL),(60,36,2,5,'',0,'2022-10-19 08:15:45',1,NULL,NULL,NULL,NULL),(61,37,24,2,'',0,'2022-10-30 22:31:58',1,NULL,NULL,NULL,NULL),(62,37,111,1,'',0,'2022-10-30 07:02:58',1,NULL,NULL,NULL,NULL),(63,37,28,4,'',0,'2022-10-17 01:25:31',1,NULL,NULL,NULL,NULL),(64,37,135,5,'',0,'2022-10-17 07:18:23',1,NULL,NULL,NULL,NULL),(65,37,155,5,'',0,'2022-10-27 17:32:04',1,NULL,NULL,NULL,NULL),(66,37,47,4,'',0,'2022-11-05 09:47:49',1,NULL,NULL,NULL,NULL),(67,37,26,3,'',0,'2022-11-01 13:58:45',1,NULL,NULL,NULL,NULL),(68,37,99,5,'',0,'2022-11-02 12:42:18',1,NULL,NULL,NULL,NULL),(69,37,26,1,'',0,'2022-10-13 13:10:26',1,NULL,NULL,NULL,NULL),(70,38,21,3,'',0,'2022-10-11 23:56:51',1,NULL,NULL,NULL,NULL),(71,38,194,4,'',0,'2022-10-19 12:51:47',1,NULL,NULL,NULL,NULL),(72,38,141,5,'',0,'2022-11-06 12:53:03',1,NULL,NULL,NULL,NULL),(73,38,174,2,'',0,'2022-10-28 21:13:56',1,NULL,NULL,NULL,NULL),(74,38,44,3,'',0,'2022-10-17 12:54:28',1,NULL,NULL,NULL,NULL),(75,38,162,4,'',0,'2022-10-30 21:28:07',1,NULL,NULL,NULL,NULL),(76,38,52,3,'',0,'2022-10-21 12:34:46',1,NULL,NULL,NULL,NULL),(77,38,183,3,'',0,'2022-10-30 20:22:15',1,NULL,NULL,NULL,NULL),(78,44,47,1,'',0,'2022-10-29 11:16:24',1,NULL,NULL,NULL,NULL),(79,44,166,5,'',0,'2022-10-27 07:50:27',1,NULL,NULL,NULL,NULL),(80,44,60,2,'',0,'2022-10-16 01:44:09',1,NULL,NULL,NULL,NULL),(81,44,211,3,'',0,'2022-10-24 07:01:02',1,NULL,NULL,NULL,NULL),(82,44,53,2,'',0,'2022-10-26 10:31:44',1,NULL,NULL,NULL,NULL),(83,44,106,3,'',0,'2022-10-27 06:03:46',1,NULL,NULL,NULL,NULL),(84,44,131,4,'',0,'2022-11-02 10:19:56',1,NULL,NULL,NULL,NULL),(85,44,84,1,'',0,'2022-10-30 07:07:13',1,NULL,NULL,NULL,NULL),(86,44,27,3,'',0,'2022-10-24 03:33:53',1,NULL,NULL,NULL,NULL),(87,44,182,1,'',0,'2022-11-08 15:40:11',1,NULL,NULL,NULL,NULL),(88,46,209,5,'',0,'2022-11-03 22:17:03',1,NULL,NULL,NULL,NULL),(89,46,174,5,'',0,'2022-11-02 09:08:43',1,NULL,NULL,NULL,NULL),(90,46,103,2,'',0,'2022-10-18 04:07:15',1,NULL,NULL,NULL,NULL),(91,46,2,5,'',0,'2022-11-02 08:52:09',1,NULL,NULL,NULL,NULL),(92,46,67,3,'',0,'2022-11-09 08:26:01',1,NULL,NULL,NULL,NULL),(93,49,14,5,'',0,'2022-10-31 10:24:16',1,NULL,NULL,NULL,NULL),(94,49,164,3,'',0,'2022-10-17 09:50:34',1,NULL,NULL,NULL,NULL),(95,49,84,5,'',0,'2022-10-24 00:14:22',1,NULL,NULL,NULL,NULL),(96,49,146,1,'',0,'2022-10-24 09:20:45',1,NULL,NULL,NULL,NULL),(97,49,209,1,'',0,'2022-11-07 20:48:13',1,NULL,NULL,NULL,NULL),(98,49,56,2,'',0,'2022-10-16 17:27:46',1,NULL,NULL,NULL,NULL),(99,49,153,4,'',0,'2022-11-01 18:32:29',1,NULL,NULL,NULL,NULL),(100,50,127,3,'',0,'2022-10-20 09:36:00',1,NULL,NULL,NULL,NULL),(101,50,45,1,'',0,'2022-10-15 23:50:53',1,NULL,NULL,NULL,NULL),(102,50,76,1,'',0,'2022-10-20 07:36:12',1,NULL,NULL,NULL,NULL),(103,51,156,5,'',0,'2022-11-09 19:16:17',1,NULL,NULL,NULL,NULL),(104,51,76,1,'',0,'2022-11-10 02:06:54',1,NULL,NULL,NULL,NULL),(105,58,155,4,'',0,'2022-10-23 22:38:24',1,NULL,NULL,NULL,NULL),(106,60,161,3,'',0,'2022-10-13 17:29:26',1,NULL,NULL,NULL,NULL),(107,60,2,1,'',0,'2022-10-24 22:09:11',1,NULL,NULL,NULL,NULL),(108,60,39,4,'',0,'2022-11-07 14:24:19',1,NULL,NULL,NULL,NULL),(109,60,89,3,'',0,'2022-10-14 06:46:35',1,NULL,NULL,NULL,NULL),(110,60,17,4,'',0,'2022-11-05 07:40:51',1,NULL,NULL,NULL,NULL),(111,60,4,4,'',0,'2022-11-01 02:08:19',1,NULL,NULL,NULL,NULL),(112,60,51,3,'',0,'2022-10-27 08:43:38',1,NULL,NULL,NULL,NULL),(113,60,113,3,'',0,'2022-11-03 02:08:20',1,NULL,NULL,NULL,NULL),(114,68,147,1,'',0,'2022-10-26 07:14:08',1,NULL,NULL,NULL,NULL),(115,68,14,4,'',0,'2022-10-22 00:29:34',1,NULL,NULL,NULL,NULL),(116,68,57,5,'',0,'2022-10-12 17:55:53',1,NULL,NULL,NULL,NULL),(117,68,10,3,'',0,'2022-11-04 06:04:30',1,NULL,NULL,NULL,NULL),(118,73,72,5,'',0,'2022-10-25 11:11:17',1,NULL,NULL,NULL,NULL),(119,73,75,3,'',0,'2022-11-09 22:53:53',1,NULL,NULL,NULL,NULL),(120,73,162,5,'',0,'2022-11-05 17:02:40',1,NULL,NULL,NULL,NULL),(121,73,189,4,'',0,'2022-10-11 11:41:37',1,NULL,NULL,NULL,NULL),(122,73,39,5,'',0,'2022-10-12 22:12:17',1,NULL,NULL,NULL,NULL),(123,73,28,3,'',0,'2022-10-18 16:46:55',1,NULL,NULL,NULL,NULL),(124,73,54,2,'',0,'2022-10-14 12:18:58',1,NULL,NULL,NULL,NULL),(125,77,133,1,'',0,'2022-10-26 00:55:04',1,NULL,NULL,NULL,NULL),(126,77,130,1,'',0,'2022-10-18 11:26:06',1,NULL,NULL,NULL,NULL),(127,77,106,3,'',0,'2022-11-08 20:12:54',1,NULL,NULL,NULL,NULL),(128,77,162,4,'',0,'2022-11-02 20:43:10',1,NULL,NULL,NULL,NULL),(129,77,76,5,'',0,'2022-10-25 14:33:22',1,NULL,NULL,NULL,NULL),(130,82,135,5,'',0,'2022-11-04 12:12:51',1,NULL,NULL,NULL,NULL),(131,82,42,2,'',0,'2022-10-15 02:37:41',1,NULL,NULL,NULL,NULL),(132,82,107,3,'',0,'2022-10-28 22:33:55',1,NULL,NULL,NULL,NULL),(133,82,182,1,'',0,'2022-10-14 15:57:43',1,NULL,NULL,NULL,NULL),(134,82,141,2,'',0,'2022-10-25 03:06:35',1,NULL,NULL,NULL,NULL),(135,84,95,4,'',0,'2022-11-03 21:23:16',1,NULL,NULL,NULL,NULL),(136,84,201,1,'',0,'2022-11-01 16:59:09',1,NULL,NULL,NULL,NULL),(137,84,17,1,'',0,'2022-11-02 13:50:46',1,NULL,NULL,NULL,NULL),(138,84,137,1,'',0,'2022-10-13 07:03:29',1,NULL,NULL,NULL,NULL),(139,84,111,1,'',0,'2022-10-31 18:18:55',1,NULL,NULL,NULL,NULL),(140,84,206,2,'',0,'2022-10-30 21:07:11',1,NULL,NULL,NULL,NULL),(141,84,62,2,'',0,'2022-10-16 04:03:04',1,NULL,NULL,NULL,NULL),(142,84,76,4,'',0,'2022-11-06 12:26:02',1,NULL,NULL,NULL,NULL),(143,84,167,2,'',0,'2022-10-21 19:01:44',1,NULL,NULL,NULL,NULL),(144,87,164,2,'',0,'2022-10-20 08:04:35',1,NULL,NULL,NULL,NULL),(145,87,187,3,'',0,'2022-11-08 22:17:55',1,NULL,NULL,NULL,NULL),(146,87,23,1,'',0,'2022-10-21 11:38:05',1,NULL,NULL,NULL,NULL),(147,87,74,4,'',0,'2022-10-19 08:03:53',1,NULL,NULL,NULL,NULL),(148,87,87,4,'',0,'2022-11-05 14:42:30',1,NULL,NULL,NULL,NULL),(149,90,169,4,'',0,'2022-10-28 04:12:36',1,NULL,NULL,NULL,NULL),(150,90,141,2,'',0,'2022-10-21 04:34:07',1,NULL,NULL,NULL,NULL),(151,90,59,3,'',0,'2022-10-21 06:14:38',1,NULL,NULL,NULL,NULL),(152,90,11,1,'',0,'2022-11-02 05:10:43',1,NULL,NULL,NULL,NULL),(153,90,196,1,'',0,'2022-11-01 17:14:04',1,NULL,NULL,NULL,NULL),(154,90,208,1,'',0,'2022-11-08 10:58:05',1,NULL,NULL,NULL,NULL),(155,93,189,2,'',0,'2022-11-01 02:15:12',1,NULL,NULL,NULL,NULL),(156,93,81,2,'',0,'2022-10-31 20:36:20',1,NULL,NULL,NULL,NULL),(157,93,145,4,'',0,'2022-10-21 01:46:26',1,NULL,NULL,NULL,NULL),(158,93,74,4,'',0,'2022-11-08 22:32:42',1,NULL,NULL,NULL,NULL),(159,93,177,2,'',0,'2022-10-19 14:24:22',1,NULL,NULL,NULL,NULL),(160,93,12,2,'',0,'2022-10-21 13:37:03',1,NULL,NULL,NULL,NULL),(161,95,187,2,'',0,'2022-11-03 04:53:07',1,NULL,NULL,NULL,NULL),(162,95,131,5,'',0,'2022-10-22 17:47:39',1,NULL,NULL,NULL,NULL),(163,98,69,5,'',0,'2022-10-14 04:49:50',1,NULL,NULL,NULL,NULL),(164,98,65,3,'',0,'2022-10-27 05:13:42',1,NULL,NULL,NULL,NULL),(165,98,114,4,'',0,'2022-10-19 16:27:21',1,NULL,NULL,NULL,NULL),(166,98,111,4,'',0,'2022-10-16 00:30:16',1,NULL,NULL,NULL,NULL),(167,98,205,4,'',0,'2022-10-15 00:51:08',1,NULL,NULL,NULL,NULL),(168,98,184,5,'',0,'2022-11-03 14:52:21',1,NULL,NULL,NULL,NULL),(169,98,22,2,'',0,'2022-11-01 03:28:33',1,NULL,NULL,NULL,NULL),(170,98,114,4,'',0,'2022-11-04 07:29:07',1,NULL,NULL,NULL,NULL),(171,98,11,4,'',0,'2022-10-19 11:37:21',1,NULL,NULL,NULL,NULL),(172,98,176,2,'',0,'2022-11-06 12:55:14',1,NULL,NULL,NULL,NULL),(173,103,35,2,'',0,'2022-10-16 13:17:03',1,NULL,NULL,NULL,NULL),(174,103,40,3,'',0,'2022-10-21 04:38:40',1,NULL,NULL,NULL,NULL),(175,103,89,5,'',0,'2022-11-08 06:45:05',1,NULL,NULL,NULL,NULL),(176,103,96,5,'',0,'2022-10-19 19:43:25',1,NULL,NULL,NULL,NULL),(177,107,192,3,'',0,'2022-10-30 04:33:51',1,NULL,NULL,NULL,NULL),(178,107,201,5,'',0,'2022-10-25 12:38:34',1,NULL,NULL,NULL,NULL),(179,108,73,4,'',0,'2022-10-22 06:07:40',1,NULL,NULL,NULL,NULL),(180,108,138,3,'',0,'2022-10-31 19:54:33',1,NULL,NULL,NULL,NULL),(181,108,51,2,'',0,'2022-10-31 16:54:46',1,NULL,NULL,NULL,NULL),(182,108,57,4,'',0,'2022-10-18 16:06:57',1,NULL,NULL,NULL,NULL),(183,108,124,2,'',0,'2022-11-01 15:00:39',1,NULL,NULL,NULL,NULL),(184,108,51,1,'',0,'2022-10-26 22:58:09',1,NULL,NULL,NULL,NULL),(185,108,33,2,'',0,'2022-11-04 12:58:44',1,NULL,NULL,NULL,NULL),(186,110,84,1,'',0,'2022-11-06 20:25:23',1,NULL,NULL,NULL,NULL),(187,110,60,2,'',0,'2022-10-16 16:39:43',1,NULL,NULL,NULL,NULL),(188,110,71,1,'',0,'2022-10-17 19:09:37',1,NULL,NULL,NULL,NULL),(189,110,213,1,'',0,'2022-10-26 10:54:19',1,NULL,NULL,NULL,NULL),(190,110,216,5,'',0,'2022-10-14 07:10:56',1,NULL,NULL,NULL,NULL),(191,110,160,1,'',0,'2022-10-19 02:54:59',1,NULL,NULL,NULL,NULL),(192,110,68,2,'',0,'2022-10-24 00:10:20',1,NULL,NULL,NULL,NULL),(193,110,86,2,'',0,'2022-11-03 00:58:25',1,NULL,NULL,NULL,NULL),(194,110,149,3,'',0,'2022-11-02 13:55:14',1,NULL,NULL,NULL,NULL),(195,110,204,4,'',0,'2022-10-29 22:49:00',1,NULL,NULL,NULL,NULL),(196,111,213,2,'',0,'2022-11-08 22:57:50',1,NULL,NULL,NULL,NULL),(197,111,154,4,'',0,'2022-11-02 02:34:32',1,NULL,NULL,NULL,NULL),(198,111,98,1,'',0,'2022-10-25 17:04:46',1,NULL,NULL,NULL,NULL),(199,111,176,2,'',0,'2022-10-29 16:31:29',1,NULL,NULL,NULL,NULL),(200,112,2,2,'',0,'2022-10-14 17:13:13',1,NULL,NULL,NULL,NULL),(201,112,101,1,'',0,'2022-10-13 19:13:41',1,NULL,NULL,NULL,NULL),(202,112,146,2,'',0,'2022-10-17 23:35:25',1,NULL,NULL,NULL,NULL),(203,113,56,3,'',0,'2022-10-21 22:22:00',1,NULL,NULL,NULL,NULL),(204,113,83,3,'',0,'2022-10-25 07:04:18',1,NULL,NULL,NULL,NULL),(205,113,134,2,'',0,'2022-11-08 09:35:56',1,NULL,NULL,NULL,NULL),(206,113,82,5,'',0,'2022-10-29 12:35:35',1,NULL,NULL,NULL,NULL),(207,113,77,4,'',0,'2022-11-04 05:36:54',1,NULL,NULL,NULL,NULL),(208,113,18,4,'',0,'2022-10-19 23:49:54',1,NULL,NULL,NULL,NULL),(209,113,105,2,'',0,'2022-10-23 16:24:38',1,NULL,NULL,NULL,NULL),(210,113,18,3,'',0,'2022-10-29 07:46:53',1,NULL,NULL,NULL,NULL),(211,115,119,4,'',0,'2022-11-05 04:37:41',1,NULL,NULL,NULL,NULL),(212,115,3,2,'',0,'2022-10-20 01:40:44',1,NULL,NULL,NULL,NULL),(213,115,136,2,'',0,'2022-10-18 18:03:16',1,NULL,NULL,NULL,NULL),(214,115,182,4,'',0,'2022-10-23 08:29:37',1,NULL,NULL,NULL,NULL),(215,115,43,5,'',0,'2022-10-14 04:14:17',1,NULL,NULL,NULL,NULL),(216,115,151,3,'',0,'2022-10-28 06:07:59',1,NULL,NULL,NULL,NULL),(217,116,201,3,'',0,'2022-11-08 16:11:01',1,NULL,NULL,NULL,NULL),(218,116,189,3,'',0,'2022-10-12 12:03:45',1,NULL,NULL,NULL,NULL),(219,116,204,5,'',0,'2022-11-01 11:26:09',1,NULL,NULL,NULL,NULL),(220,116,54,5,'',0,'2022-10-16 06:15:32',1,NULL,NULL,NULL,NULL),(221,116,12,3,'',0,'2022-10-12 05:58:01',1,NULL,NULL,NULL,NULL),(222,116,8,5,'',0,'2022-10-22 15:15:28',1,NULL,NULL,NULL,NULL),(223,116,189,4,'',0,'2022-10-13 04:23:36',1,NULL,NULL,NULL,NULL),(224,116,70,3,'',0,'2022-11-06 11:53:19',1,NULL,NULL,NULL,NULL),(225,117,200,5,'',0,'2022-10-14 17:05:50',1,NULL,NULL,NULL,NULL),(226,117,102,4,'',0,'2022-10-20 08:40:44',1,NULL,NULL,NULL,NULL),(227,117,17,2,'',0,'2022-10-29 22:26:05',1,NULL,NULL,NULL,NULL),(228,117,13,1,'',0,'2022-10-14 17:30:41',1,NULL,NULL,NULL,NULL),(229,117,57,4,'',0,'2022-10-20 07:19:16',1,NULL,NULL,NULL,NULL),(230,117,46,5,'',0,'2022-10-17 06:18:50',1,NULL,NULL,NULL,NULL),(231,117,166,2,'',0,'2022-10-25 18:05:08',1,NULL,NULL,NULL,NULL),(232,117,22,4,'',0,'2022-10-30 21:39:04',1,NULL,NULL,NULL,NULL),(233,118,110,1,'',0,'2022-11-06 19:24:52',1,NULL,NULL,NULL,NULL),(234,118,194,1,'',0,'2022-10-29 19:31:07',1,NULL,NULL,NULL,NULL),(235,118,24,1,'',0,'2022-10-15 19:50:32',1,NULL,NULL,NULL,NULL),(236,118,204,1,'',0,'2022-10-23 05:23:20',1,NULL,NULL,NULL,NULL),(237,118,217,5,'',0,'2022-11-08 00:34:42',1,NULL,NULL,NULL,NULL),(238,118,82,2,'',0,'2022-10-21 14:22:26',1,NULL,NULL,NULL,NULL),(239,118,78,3,'',0,'2022-10-19 03:29:25',1,NULL,NULL,NULL,NULL),(240,119,66,5,'',0,'2022-10-21 05:00:07',1,NULL,NULL,NULL,NULL),(241,119,29,4,'',0,'2022-10-23 09:03:07',1,NULL,NULL,NULL,NULL),(242,119,18,2,'',0,'2022-10-31 23:00:16',1,NULL,NULL,NULL,NULL),(243,119,67,5,'',0,'2022-10-14 18:24:32',1,NULL,NULL,NULL,NULL),(244,119,92,5,'',0,'2022-10-22 07:07:42',1,NULL,NULL,NULL,NULL),(245,119,81,1,'',0,'2022-11-02 12:45:13',1,NULL,NULL,NULL,NULL),(246,119,95,2,'',0,'2022-10-25 02:55:17',1,NULL,NULL,NULL,NULL),(247,119,168,1,'',0,'2022-11-09 15:51:25',1,NULL,NULL,NULL,NULL),(248,119,155,2,'',0,'2022-10-25 18:28:04',1,NULL,NULL,NULL,NULL),(249,122,44,2,'',0,'2022-11-06 07:29:53',1,NULL,NULL,NULL,NULL),(250,122,180,3,'',0,'2022-11-09 23:11:46',1,NULL,NULL,NULL,NULL),(251,122,152,5,'',0,'2022-10-24 12:38:08',1,NULL,NULL,NULL,NULL),(252,122,206,5,'',0,'2022-10-22 07:15:06',1,NULL,NULL,NULL,NULL),(253,122,197,4,'',0,'2022-10-17 02:18:18',1,NULL,NULL,NULL,NULL),(254,122,176,1,'',0,'2022-10-20 08:58:50',1,NULL,NULL,NULL,NULL),(255,124,54,4,'',0,'2022-10-25 19:33:39',1,NULL,NULL,NULL,NULL),(256,124,88,3,'',0,'2022-11-03 15:42:59',1,NULL,NULL,NULL,NULL),(257,124,5,3,'',0,'2022-11-02 16:18:52',1,NULL,NULL,NULL,NULL),(258,124,26,5,'',0,'2022-11-08 08:51:44',1,NULL,NULL,NULL,NULL),(259,124,125,3,'',0,'2022-10-31 02:26:20',1,NULL,NULL,NULL,NULL),(260,124,20,3,'',0,'2022-11-01 16:18:26',1,NULL,NULL,NULL,NULL),(261,124,183,5,'',0,'2022-11-06 23:33:32',1,NULL,NULL,NULL,NULL),(262,124,86,2,'',0,'2022-10-21 15:35:53',1,NULL,NULL,NULL,NULL),(263,124,156,5,'',0,'2022-11-04 07:14:10',1,NULL,NULL,NULL,NULL),(264,124,56,5,'',0,'2022-10-14 19:31:50',1,NULL,NULL,NULL,NULL),(265,129,20,1,'',0,'2022-11-08 23:14:44',1,NULL,NULL,NULL,NULL),(266,129,121,1,'',0,'2022-10-26 05:06:44',1,NULL,NULL,NULL,NULL),(267,131,64,5,'',0,'2022-11-04 10:09:13',1,NULL,NULL,NULL,NULL),(268,131,9,3,'',0,'2022-10-20 01:44:10',1,NULL,NULL,NULL,NULL),(269,132,167,2,'',0,'2022-10-28 22:49:15',1,NULL,NULL,NULL,NULL),(270,132,202,4,'',0,'2022-10-26 22:10:06',1,NULL,NULL,NULL,NULL),(271,132,163,3,'',0,'2022-10-11 14:51:47',1,NULL,NULL,NULL,NULL),(272,132,134,3,'',0,'2022-11-09 00:49:45',1,NULL,NULL,NULL,NULL),(273,132,150,5,'',0,'2022-11-02 05:01:38',1,NULL,NULL,NULL,NULL),(274,132,127,5,'',0,'2022-10-31 04:20:36',1,NULL,NULL,NULL,NULL),(275,133,54,2,'',0,'2022-10-23 01:41:07',1,NULL,NULL,NULL,NULL),(276,133,3,5,'',0,'2022-10-31 17:23:09',1,NULL,NULL,NULL,NULL),(277,133,218,5,'',0,'2022-10-19 06:16:07',1,NULL,NULL,NULL,NULL),(278,133,95,3,'',0,'2022-10-12 12:16:00',1,NULL,NULL,NULL,NULL),(279,133,200,3,'',0,'2022-11-07 01:08:50',1,NULL,NULL,NULL,NULL),(280,133,117,5,'',0,'2022-10-29 13:49:41',1,NULL,NULL,NULL,NULL),(281,133,33,5,'',0,'2022-10-18 20:07:05',1,NULL,NULL,NULL,NULL),(282,133,153,1,'',0,'2022-10-19 01:18:52',1,NULL,NULL,NULL,NULL),(283,133,165,1,'',0,'2022-10-14 15:41:31',1,NULL,NULL,NULL,NULL),(284,134,54,3,'',0,'2022-11-06 22:48:22',1,NULL,NULL,NULL,NULL),(285,134,101,1,'',0,'2022-10-24 21:42:56',1,NULL,NULL,NULL,NULL),(286,139,218,5,'',0,'2022-10-21 05:39:30',1,NULL,NULL,NULL,NULL),(287,140,91,5,'',0,'2022-10-27 13:24:37',1,NULL,NULL,NULL,NULL),(288,140,30,1,'',0,'2022-10-18 18:51:03',1,NULL,NULL,NULL,NULL),(289,140,124,3,'',0,'2022-10-13 13:55:37',1,NULL,NULL,NULL,NULL),(290,140,186,2,'',0,'2022-10-26 06:42:58',1,NULL,NULL,NULL,NULL),(291,140,16,3,'',0,'2022-11-08 21:35:08',1,NULL,NULL,NULL,NULL),(292,140,179,4,'',0,'2022-10-27 02:58:02',1,NULL,NULL,NULL,NULL),(293,140,208,4,'',0,'2022-10-13 23:24:38',1,NULL,NULL,NULL,NULL),(294,140,6,4,'',0,'2022-10-12 00:26:19',1,NULL,NULL,NULL,NULL),(295,140,152,1,'',0,'2022-10-19 11:07:50',1,NULL,NULL,NULL,NULL),(296,140,206,3,'',0,'2022-11-02 15:21:34',1,NULL,NULL,NULL,NULL),(297,149,114,3,'',0,'2022-10-19 22:23:38',1,NULL,NULL,NULL,NULL),(298,149,101,4,'',0,'2022-10-30 19:07:25',1,NULL,NULL,NULL,NULL),(299,149,2,4,'',0,'2022-11-03 22:03:39',1,NULL,NULL,NULL,NULL),(300,149,165,5,'',0,'2022-11-05 19:54:07',1,NULL,NULL,NULL,NULL),(301,153,164,4,'',0,'2022-10-31 13:25:57',1,NULL,NULL,NULL,NULL),(302,153,68,3,'',0,'2022-11-01 02:12:44',1,NULL,NULL,NULL,NULL),(303,153,126,1,'',0,'2022-10-25 22:42:49',1,NULL,NULL,NULL,NULL),(304,153,153,3,'',0,'2022-10-23 23:41:59',1,NULL,NULL,NULL,NULL),(305,153,27,2,'',0,'2022-10-21 05:51:59',1,NULL,NULL,NULL,NULL),(306,153,58,4,'',0,'2022-11-02 11:23:38',1,NULL,NULL,NULL,NULL),(307,153,150,2,'',0,'2022-10-30 02:50:14',1,NULL,NULL,NULL,NULL),(308,153,10,4,'',0,'2022-11-09 04:12:11',1,NULL,NULL,NULL,NULL),(309,154,50,2,'',0,'2022-10-15 03:21:00',1,NULL,NULL,NULL,NULL),(310,154,82,4,'',0,'2022-10-16 12:09:15',1,NULL,NULL,NULL,NULL),(311,154,74,5,'',0,'2022-10-28 02:58:37',1,NULL,NULL,NULL,NULL),(312,154,32,2,'',0,'2022-11-06 08:06:37',1,NULL,NULL,NULL,NULL),(313,154,208,2,'',0,'2022-10-29 19:09:48',1,NULL,NULL,NULL,NULL),(314,154,78,2,'',0,'2022-10-17 15:09:46',1,NULL,NULL,NULL,NULL),(315,157,83,1,'',0,'2022-11-04 12:23:43',1,NULL,NULL,NULL,NULL),(316,157,50,3,'',0,'2022-10-30 20:53:10',1,NULL,NULL,NULL,NULL),(317,157,113,5,'',0,'2022-10-24 21:09:42',1,NULL,NULL,NULL,NULL),(318,157,163,3,'',0,'2022-10-14 11:36:09',1,NULL,NULL,NULL,NULL),(319,157,54,4,'',0,'2022-10-24 10:21:46',1,NULL,NULL,NULL,NULL),(320,157,77,1,'',0,'2022-10-30 09:05:38',1,NULL,NULL,NULL,NULL),(321,157,57,5,'',0,'2022-11-08 04:06:45',1,NULL,NULL,NULL,NULL),(322,157,199,5,'',0,'2022-10-25 16:16:11',1,NULL,NULL,NULL,NULL),(323,157,178,5,'',0,'2022-10-21 05:09:14',1,NULL,NULL,NULL,NULL),(324,159,71,3,'',0,'2022-11-06 16:56:16',1,NULL,NULL,NULL,NULL),(325,159,218,5,'',0,'2022-10-11 20:55:39',1,NULL,NULL,NULL,NULL),(326,159,197,3,'',0,'2022-11-06 20:45:26',1,NULL,NULL,NULL,NULL),(327,159,57,5,'',0,'2022-10-27 03:58:56',1,NULL,NULL,NULL,NULL),(328,159,186,5,'',0,'2022-10-19 23:50:20',1,NULL,NULL,NULL,NULL),(329,162,197,3,'',0,'2022-11-04 08:03:18',1,NULL,NULL,NULL,NULL),(330,165,204,2,'',0,'2022-11-01 20:47:47',1,NULL,NULL,NULL,NULL),(331,168,198,2,'',0,'2022-10-23 08:55:12',1,NULL,NULL,NULL,NULL),(332,168,53,5,'',0,'2022-11-06 12:13:54',1,NULL,NULL,NULL,NULL),(333,168,79,3,'',0,'2022-10-28 07:23:40',1,NULL,NULL,NULL,NULL),(334,173,126,3,'',0,'2022-10-15 06:37:34',1,NULL,NULL,NULL,NULL),(335,173,207,5,'',0,'2022-10-21 20:36:01',1,NULL,NULL,NULL,NULL),(336,173,16,3,'',0,'2022-10-14 15:36:47',1,NULL,NULL,NULL,NULL),(337,173,136,4,'',0,'2022-10-24 04:13:43',1,NULL,NULL,NULL,NULL),(338,173,6,2,'',0,'2022-10-20 11:51:00',1,NULL,NULL,NULL,NULL),(339,173,187,4,'',0,'2022-10-16 21:03:20',1,NULL,NULL,NULL,NULL),(340,173,144,4,'',0,'2022-10-29 13:48:49',1,NULL,NULL,NULL,NULL),(341,175,176,1,'',0,'2022-10-28 14:50:16',1,NULL,NULL,NULL,NULL),(342,175,85,5,'',0,'2022-10-21 11:30:05',1,NULL,NULL,NULL,NULL),(343,175,120,4,'',0,'2022-10-14 04:25:33',1,NULL,NULL,NULL,NULL),(344,177,156,1,'',0,'2022-11-05 04:29:15',1,NULL,NULL,NULL,NULL),(345,177,147,2,'',0,'2022-10-29 15:17:09',1,NULL,NULL,NULL,NULL),(346,177,94,1,'',0,'2022-11-04 00:30:19',1,NULL,NULL,NULL,NULL),(347,177,93,1,'',0,'2022-10-25 14:21:14',1,NULL,NULL,NULL,NULL),(348,177,32,1,'',0,'2022-10-13 14:16:42',1,NULL,NULL,NULL,NULL),(349,177,55,5,'',0,'2022-11-09 23:21:48',1,NULL,NULL,NULL,NULL),(350,177,194,5,'',0,'2022-11-03 16:26:59',1,NULL,NULL,NULL,NULL),(351,179,117,1,'',0,'2022-11-03 08:03:30',1,NULL,NULL,NULL,NULL),(352,179,176,3,'',0,'2022-10-29 01:15:29',1,NULL,NULL,NULL,NULL),(353,179,112,1,'',0,'2022-10-12 02:22:32',1,NULL,NULL,NULL,NULL),(354,179,173,4,'',0,'2022-10-12 07:33:09',1,NULL,NULL,NULL,NULL),(355,179,128,5,'',0,'2022-10-15 22:32:23',1,NULL,NULL,NULL,NULL),(356,179,216,3,'',0,'2022-11-06 11:43:48',1,NULL,NULL,NULL,NULL),(357,179,40,4,'',0,'2022-10-15 06:50:24',1,NULL,NULL,NULL,NULL),(358,179,119,2,'',0,'2022-10-20 13:36:28',1,NULL,NULL,NULL,NULL),(359,179,195,3,'',0,'2022-10-18 20:22:05',1,NULL,NULL,NULL,NULL),(360,183,73,2,'',0,'2022-11-07 21:56:32',1,NULL,NULL,NULL,NULL),(361,183,178,4,'',0,'2022-10-15 03:43:06',1,NULL,NULL,NULL,NULL),(362,183,138,1,'',0,'2022-11-03 12:25:48',1,NULL,NULL,NULL,NULL),(363,183,69,3,'',0,'2022-11-08 04:43:52',1,NULL,NULL,NULL,NULL),(364,184,128,3,'',0,'2022-11-02 13:59:20',1,NULL,NULL,NULL,NULL),(365,184,106,4,'',0,'2022-10-24 00:47:36',1,NULL,NULL,NULL,NULL),(366,184,105,5,'',0,'2022-10-21 09:09:46',1,NULL,NULL,NULL,NULL),(367,184,27,1,'',0,'2022-11-04 05:21:45',1,NULL,NULL,NULL,NULL),(368,186,193,3,'',0,'2022-10-31 00:57:52',1,NULL,NULL,NULL,NULL),(369,186,63,5,'',0,'2022-11-07 14:28:24',1,NULL,NULL,NULL,NULL),(370,186,193,2,'',0,'2022-11-08 08:18:42',1,NULL,NULL,NULL,NULL),(371,186,132,2,'',0,'2022-11-08 09:07:25',1,NULL,NULL,NULL,NULL),(372,186,106,4,'',0,'2022-10-12 20:28:36',1,NULL,NULL,NULL,NULL),(373,186,104,5,'',0,'2022-11-04 02:07:39',1,NULL,NULL,NULL,NULL),(374,186,104,5,'',0,'2022-10-27 07:23:22',1,NULL,NULL,NULL,NULL),(375,186,73,5,'',0,'2022-10-28 21:01:28',1,NULL,NULL,NULL,NULL),(376,186,81,1,'',0,'2022-10-18 06:29:43',1,NULL,NULL,NULL,NULL),(377,186,163,2,'',0,'2022-10-14 22:08:01',1,NULL,NULL,NULL,NULL),(378,188,143,2,'',0,'2022-10-26 20:41:25',1,NULL,NULL,NULL,NULL),(379,189,145,5,'',0,'2022-11-06 00:19:42',1,NULL,NULL,NULL,NULL),(380,189,47,4,'',0,'2022-10-19 14:21:03',1,NULL,NULL,NULL,NULL),(381,189,37,1,'',0,'2022-10-13 22:32:18',1,NULL,NULL,NULL,NULL),(382,189,217,1,'',0,'2022-10-30 17:13:14',1,NULL,NULL,NULL,NULL),(383,189,100,4,'',0,'2022-10-31 06:43:15',1,NULL,NULL,NULL,NULL),(384,189,211,3,'',0,'2022-10-18 21:18:41',1,NULL,NULL,NULL,NULL),(385,189,81,3,'',0,'2022-10-25 00:05:06',1,NULL,NULL,NULL,NULL),(386,189,70,3,'',0,'2022-10-20 01:43:10',1,NULL,NULL,NULL,NULL),(387,189,146,1,'',0,'2022-10-23 21:26:02',1,NULL,NULL,NULL,NULL),(388,193,216,4,'',0,'2022-11-08 08:15:53',1,NULL,NULL,NULL,NULL),(389,193,193,1,'',0,'2022-10-24 12:34:37',1,NULL,NULL,NULL,NULL),(390,193,50,3,'',0,'2022-10-13 07:52:01',1,NULL,NULL,NULL,NULL),(391,193,181,5,'',0,'2022-11-06 22:34:37',1,NULL,NULL,NULL,NULL),(392,199,121,5,'',0,'2022-10-15 22:13:29',1,NULL,NULL,NULL,NULL),(393,199,143,4,'',0,'2022-10-21 01:31:03',1,NULL,NULL,NULL,NULL),(394,201,120,2,'',0,'2022-10-13 06:37:24',1,NULL,NULL,NULL,NULL),(395,201,54,5,'',0,'2022-11-02 20:38:02',1,NULL,NULL,NULL,NULL),(396,201,34,4,'',0,'2022-11-01 19:37:47',1,NULL,NULL,NULL,NULL),(397,201,47,5,'',0,'2022-11-02 09:35:41',1,NULL,NULL,NULL,NULL),(398,201,92,5,'',0,'2022-11-05 17:30:51',1,NULL,NULL,NULL,NULL),(399,202,114,5,'',0,'2022-10-12 05:07:33',1,NULL,NULL,NULL,NULL),(400,202,150,1,'',0,'2022-10-20 12:11:59',1,NULL,NULL,NULL,NULL),(401,202,107,3,'',0,'2022-10-12 11:48:04',1,NULL,NULL,NULL,NULL),(402,202,147,5,'',0,'2022-10-11 06:38:14',1,NULL,NULL,NULL,NULL),(403,202,53,1,'',0,'2022-10-17 16:48:07',1,NULL,NULL,NULL,NULL),(404,202,183,5,'',0,'2022-10-23 08:19:53',1,NULL,NULL,NULL,NULL),(405,205,112,1,'',0,'2022-11-05 20:22:18',1,NULL,NULL,NULL,NULL),(406,205,202,3,'',0,'2022-11-08 17:23:55',1,NULL,NULL,NULL,NULL),(407,205,78,3,'',0,'2022-10-27 15:49:11',1,NULL,NULL,NULL,NULL),(408,205,198,5,'',0,'2022-10-28 04:22:55',1,NULL,NULL,NULL,NULL),(409,205,201,1,'',0,'2022-10-21 10:07:59',1,NULL,NULL,NULL,NULL),(410,205,35,2,'',0,'2022-11-06 23:54:05',1,NULL,NULL,NULL,NULL),(411,206,84,3,'',0,'2022-10-22 21:47:33',1,NULL,NULL,NULL,NULL),(412,206,102,3,'',0,'2022-10-26 12:44:45',1,NULL,NULL,NULL,NULL),(413,206,24,4,'',0,'2022-10-11 15:16:21',1,NULL,NULL,NULL,NULL),(414,206,126,2,'',0,'2022-11-08 12:11:36',1,NULL,NULL,NULL,NULL),(415,206,11,4,'',0,'2022-10-16 06:24:48',1,NULL,NULL,NULL,NULL),(416,209,171,5,'',0,'2022-10-20 18:07:16',1,NULL,NULL,NULL,NULL),(417,209,73,1,'',0,'2022-10-13 13:21:40',1,NULL,NULL,NULL,NULL),(418,209,32,1,'',0,'2022-11-02 16:17:53',1,NULL,NULL,NULL,NULL),(419,209,17,4,'',0,'2022-10-20 07:54:42',1,NULL,NULL,NULL,NULL),(420,209,59,3,'',0,'2022-11-05 21:17:38',1,NULL,NULL,NULL,NULL),(421,209,187,2,'',0,'2022-11-01 20:43:43',1,NULL,NULL,NULL,NULL),(422,211,196,4,'',0,'2022-10-20 03:43:18',1,NULL,NULL,NULL,NULL),(423,211,69,1,'',0,'2022-10-12 19:42:28',1,NULL,NULL,NULL,NULL),(424,211,115,1,'',0,'2022-10-19 22:19:30',1,NULL,NULL,NULL,NULL),(425,211,173,4,'',0,'2022-10-31 19:14:58',1,NULL,NULL,NULL,NULL),(426,211,130,5,'',0,'2022-10-23 08:50:19',1,NULL,NULL,NULL,NULL),(427,211,32,3,'',0,'2022-11-08 18:03:07',1,NULL,NULL,NULL,NULL),(428,211,128,4,'',0,'2022-10-30 09:41:44',1,NULL,NULL,NULL,NULL),(429,211,172,1,'',0,'2022-11-01 19:24:53',1,NULL,NULL,NULL,NULL),(430,213,147,1,'',0,'2022-11-03 18:38:26',1,NULL,NULL,NULL,NULL),(431,213,63,3,'',0,'2022-11-04 02:07:55',1,NULL,NULL,NULL,NULL),(432,213,90,3,'',0,'2022-10-28 22:43:51',1,NULL,NULL,NULL,NULL),(433,213,171,4,'',0,'2022-10-24 23:20:53',1,NULL,NULL,NULL,NULL),(434,213,155,4,'',0,'2022-10-18 23:55:01',1,NULL,NULL,NULL,NULL),(435,213,68,2,'',0,'2022-10-14 14:23:59',1,NULL,NULL,NULL,NULL),(436,217,157,2,'',0,'2022-10-13 03:27:37',1,NULL,NULL,NULL,NULL),(437,217,76,2,'',0,'2022-10-11 22:07:05',1,NULL,NULL,NULL,NULL),(438,217,31,5,'',0,'2022-10-29 23:22:37',1,NULL,NULL,NULL,NULL),(439,220,119,4,'',0,'2022-10-28 16:38:02',1,NULL,NULL,NULL,NULL),(440,220,218,3,'',0,'2022-10-11 19:20:00',1,NULL,NULL,NULL,NULL),(441,220,171,3,'',0,'2022-10-25 16:40:58',1,NULL,NULL,NULL,NULL),(442,220,26,2,'',0,'2022-10-17 21:27:03',1,NULL,NULL,NULL,NULL),(443,220,32,5,'',0,'2022-11-02 10:43:35',1,NULL,NULL,NULL,NULL),(444,220,71,2,'',0,'2022-10-23 14:36:48',1,NULL,NULL,NULL,NULL),(445,220,82,4,'',0,'2022-11-05 13:14:26',1,NULL,NULL,NULL,NULL),(446,220,115,3,'',0,'2022-11-02 18:13:29',1,NULL,NULL,NULL,NULL),(447,220,208,1,'',0,'2022-10-14 06:45:14',1,NULL,NULL,NULL,NULL),(448,222,48,5,'',0,'2022-10-16 23:52:35',1,NULL,NULL,NULL,NULL),(449,222,121,1,'',0,'2022-10-15 23:17:51',1,NULL,NULL,NULL,NULL),(450,222,81,2,'',0,'2022-10-23 23:37:23',1,NULL,NULL,NULL,NULL),(451,222,29,4,'',0,'2022-10-14 00:49:30',1,NULL,NULL,NULL,NULL),(452,222,103,3,'',0,'2022-10-28 18:16:17',1,NULL,NULL,NULL,NULL),(453,222,38,1,'',0,'2022-10-15 02:05:39',1,NULL,NULL,NULL,NULL),(454,223,50,5,'',0,'2022-10-14 18:22:45',1,NULL,NULL,NULL,NULL),(455,223,177,4,'',0,'2022-11-07 00:25:08',1,NULL,NULL,NULL,NULL),(456,223,146,4,'',0,'2022-10-11 04:26:08',1,NULL,NULL,NULL,NULL),(457,223,48,5,'',0,'2022-11-02 09:10:02',1,NULL,NULL,NULL,NULL),(458,223,162,4,'',0,'2022-10-23 16:44:36',1,NULL,NULL,NULL,NULL),(459,224,50,5,'',0,'2022-10-30 13:35:55',1,NULL,NULL,NULL,NULL),(460,224,171,4,'',0,'2022-11-08 21:20:08',1,NULL,NULL,NULL,NULL),(461,228,63,4,'',0,'2022-11-01 23:33:25',1,NULL,NULL,NULL,NULL),(462,228,126,4,'',0,'2022-10-23 19:31:33',1,NULL,NULL,NULL,NULL),(463,228,165,1,'',0,'2022-11-09 01:37:35',1,NULL,NULL,NULL,NULL),(464,228,2,4,'',0,'2022-11-06 15:57:28',1,NULL,NULL,NULL,NULL),(465,233,182,5,'',0,'2022-11-04 09:15:14',1,NULL,NULL,NULL,NULL),(466,233,37,1,'',0,'2022-11-02 05:30:37',1,NULL,NULL,NULL,NULL),(467,233,33,1,'',0,'2022-11-09 03:38:25',1,NULL,NULL,NULL,NULL),(468,233,218,2,'',0,'2022-11-07 08:39:32',1,NULL,NULL,NULL,NULL),(469,234,92,4,'',0,'2022-10-16 03:13:49',1,NULL,NULL,NULL,NULL),(470,234,13,3,'',0,'2022-11-08 09:34:55',1,NULL,NULL,NULL,NULL),(471,234,89,2,'',0,'2022-10-11 12:42:33',1,NULL,NULL,NULL,NULL),(472,234,101,3,'',0,'2022-11-04 05:53:19',1,NULL,NULL,NULL,NULL),(473,234,54,5,'',0,'2022-10-19 06:35:07',1,NULL,NULL,NULL,NULL),(474,234,161,2,'',0,'2022-11-01 08:13:16',1,NULL,NULL,NULL,NULL),(475,234,199,4,'',0,'2022-10-24 19:46:12',1,NULL,NULL,NULL,NULL),(476,234,169,5,'',0,'2022-10-12 15:08:09',1,NULL,NULL,NULL,NULL),(477,236,21,2,'',0,'2022-11-07 08:13:05',1,NULL,NULL,NULL,NULL),(478,236,1,5,'',0,'2022-10-14 13:22:59',1,NULL,NULL,NULL,NULL),(479,236,57,4,'',0,'2022-10-15 02:10:28',1,NULL,NULL,NULL,NULL),(480,236,72,5,'',0,'2022-10-17 22:01:25',1,NULL,NULL,NULL,NULL),(481,244,32,2,'',0,'2022-11-02 04:09:17',1,NULL,NULL,NULL,NULL),(482,244,143,3,'',0,'2022-11-01 18:25:54',1,NULL,NULL,NULL,NULL),(483,244,111,3,'',0,'2022-10-29 21:59:43',1,NULL,NULL,NULL,NULL),(484,244,94,5,'',0,'2022-11-02 17:19:41',1,NULL,NULL,NULL,NULL),(485,244,166,1,'',0,'2022-10-13 00:58:34',1,NULL,NULL,NULL,NULL),(486,244,158,4,'',0,'2022-10-23 08:06:45',1,NULL,NULL,NULL,NULL),(487,244,175,1,'',0,'2022-10-26 10:14:59',1,NULL,NULL,NULL,NULL),(488,245,187,2,'',0,'2022-10-30 12:26:40',1,NULL,NULL,NULL,NULL),(489,245,108,5,'',0,'2022-11-05 23:41:58',1,NULL,NULL,NULL,NULL),(490,245,98,2,'',0,'2022-10-15 07:39:20',1,NULL,NULL,NULL,NULL),(491,245,68,2,'',0,'2022-10-24 03:15:09',1,NULL,NULL,NULL,NULL),(492,245,52,5,'',0,'2022-10-22 01:53:45',1,NULL,NULL,NULL,NULL),(493,245,27,1,'',0,'2022-10-20 03:37:28',1,NULL,NULL,NULL,NULL),(494,245,31,4,'',0,'2022-11-04 01:18:31',1,NULL,NULL,NULL,NULL),(495,245,34,2,'',0,'2022-10-16 10:18:23',1,NULL,NULL,NULL,NULL),(496,246,13,5,'',0,'2022-10-20 14:46:37',1,NULL,NULL,NULL,NULL),(497,246,60,5,'',0,'2022-10-26 04:23:02',1,NULL,NULL,NULL,NULL),(498,246,74,5,'',0,'2022-10-28 02:11:48',1,NULL,NULL,NULL,NULL),(499,246,114,3,'',0,'2022-10-19 15:35:52',1,NULL,NULL,NULL,NULL),(500,246,205,5,'',0,'2022-10-25 04:31:14',1,NULL,NULL,NULL,NULL),(501,246,48,4,'',0,'2022-10-29 04:31:44',1,NULL,NULL,NULL,NULL),(502,246,39,5,'',0,'2022-10-23 08:38:04',1,NULL,NULL,NULL,NULL),(503,246,166,3,'',0,'2022-10-25 21:04:19',1,NULL,NULL,NULL,NULL),(504,248,20,1,'',0,'2022-10-16 08:14:46',1,NULL,NULL,NULL,NULL),(505,248,103,5,'',0,'2022-10-20 12:03:57',1,NULL,NULL,NULL,NULL),(506,248,107,4,'',0,'2022-10-14 09:20:48',1,NULL,NULL,NULL,NULL),(507,253,100,4,'',0,'2022-10-25 20:47:36',1,NULL,NULL,NULL,NULL),(508,253,9,3,'',0,'2022-10-22 17:52:38',1,NULL,NULL,NULL,NULL),(509,253,142,4,'',0,'2022-11-02 04:37:20',1,NULL,NULL,NULL,NULL),(510,253,186,1,'',0,'2022-10-19 12:24:37',1,NULL,NULL,NULL,NULL),(511,253,154,2,'',0,'2022-10-29 09:06:00',1,NULL,NULL,NULL,NULL),(512,253,124,5,'',0,'2022-11-01 20:29:06',1,NULL,NULL,NULL,NULL),(513,253,102,3,'',0,'2022-10-23 04:25:48',1,NULL,NULL,NULL,NULL),(514,255,79,3,'',0,'2022-10-29 20:29:28',1,NULL,NULL,NULL,NULL),(515,255,136,3,'',0,'2022-10-31 15:20:46',1,NULL,NULL,NULL,NULL),(516,255,71,5,'',0,'2022-10-13 06:58:11',1,NULL,NULL,NULL,NULL),(517,255,191,3,'',0,'2022-11-08 04:15:57',1,NULL,NULL,NULL,NULL),(518,255,110,3,'',0,'2022-10-31 05:00:34',1,NULL,NULL,NULL,NULL),(519,255,101,5,'',0,'2022-10-25 14:21:09',1,NULL,NULL,NULL,NULL),(520,255,159,1,'',0,'2022-10-17 15:59:50',1,NULL,NULL,NULL,NULL),(521,255,116,1,'',0,'2022-11-02 09:51:38',1,NULL,NULL,NULL,NULL),(522,255,71,2,'',0,'2022-10-31 10:38:00',1,NULL,NULL,NULL,NULL),(523,255,91,1,'',0,'2022-10-15 17:08:56',1,NULL,NULL,NULL,NULL),(524,256,62,3,'',0,'2022-11-08 07:24:49',1,NULL,NULL,NULL,NULL),(525,256,41,4,'',0,'2022-10-31 03:12:35',1,NULL,NULL,NULL,NULL),(526,256,94,2,'',0,'2022-10-15 15:10:53',1,NULL,NULL,NULL,NULL),(527,256,56,3,'',0,'2022-11-04 05:00:35',1,NULL,NULL,NULL,NULL),(528,257,128,5,'',0,'2022-10-21 21:09:00',1,NULL,NULL,NULL,NULL),(529,257,4,1,'',0,'2022-10-29 19:39:25',1,NULL,NULL,NULL,NULL),(530,257,180,1,'',0,'2022-10-14 11:47:26',1,NULL,NULL,NULL,NULL),(531,259,91,5,'',0,'2022-10-20 22:31:03',1,NULL,NULL,NULL,NULL),(532,259,75,4,'',0,'2022-11-08 18:51:33',1,NULL,NULL,NULL,NULL),(533,259,3,3,'',0,'2022-10-11 07:10:44',1,NULL,NULL,NULL,NULL),(534,259,110,4,'',0,'2022-11-06 10:17:32',1,NULL,NULL,NULL,NULL),(535,264,20,5,'',0,'2022-11-07 20:33:07',1,NULL,NULL,NULL,NULL),(536,269,30,2,'',0,'2022-11-04 03:16:13',1,NULL,NULL,NULL,NULL),(537,269,115,2,'',0,'2022-10-17 05:10:57',1,NULL,NULL,NULL,NULL),(538,269,199,1,'',0,'2022-10-17 14:26:33',1,NULL,NULL,NULL,NULL),(539,269,36,4,'',0,'2022-10-23 05:02:03',1,NULL,NULL,NULL,NULL),(540,269,196,4,'',0,'2022-10-29 14:18:53',1,NULL,NULL,NULL,NULL),(541,269,77,2,'',0,'2022-11-01 15:40:03',1,NULL,NULL,NULL,NULL),(542,269,60,1,'',0,'2022-10-29 01:11:32',1,NULL,NULL,NULL,NULL),(543,269,36,4,'',0,'2022-10-28 23:43:59',1,NULL,NULL,NULL,NULL),(544,269,187,2,'',0,'2022-10-20 07:30:39',1,NULL,NULL,NULL,NULL),(545,271,128,1,'',0,'2022-10-23 02:29:31',1,NULL,NULL,NULL,NULL),(546,271,164,3,'',0,'2022-11-08 07:58:01',1,NULL,NULL,NULL,NULL),(547,271,4,1,'',0,'2022-11-01 06:41:27',1,NULL,NULL,NULL,NULL),(548,271,62,4,'',0,'2022-11-04 02:18:41',1,NULL,NULL,NULL,NULL),(549,271,24,2,'',0,'2022-11-08 01:24:48',1,NULL,NULL,NULL,NULL),(550,271,192,5,'',0,'2022-10-24 04:39:56',1,NULL,NULL,NULL,NULL),(551,271,184,2,'',0,'2022-10-25 09:59:28',1,NULL,NULL,NULL,NULL),(552,271,171,2,'',0,'2022-10-24 14:08:09',1,NULL,NULL,NULL,NULL),(553,271,151,5,'',0,'2022-10-11 12:53:42',1,NULL,NULL,NULL,NULL),(554,271,88,1,'',0,'2022-11-03 01:30:22',1,NULL,NULL,NULL,NULL),(555,273,202,3,'',0,'2022-10-11 17:26:37',1,NULL,NULL,NULL,NULL),(556,273,87,2,'',0,'2022-10-27 22:46:36',1,NULL,NULL,NULL,NULL),(557,273,105,5,'',0,'2022-11-05 03:13:19',1,NULL,NULL,NULL,NULL),(558,273,20,5,'',0,'2022-11-06 22:46:07',1,NULL,NULL,NULL,NULL),(559,273,118,3,'',0,'2022-10-30 22:54:13',1,NULL,NULL,NULL,NULL),(560,273,208,5,'',0,'2022-10-31 17:32:41',1,NULL,NULL,NULL,NULL),(561,273,76,5,'',0,'2022-10-20 09:44:06',1,NULL,NULL,NULL,NULL),(562,273,63,3,'',0,'2022-10-28 11:07:44',1,NULL,NULL,NULL,NULL),(563,273,50,5,'',0,'2022-10-11 11:18:51',1,NULL,NULL,NULL,NULL),(564,276,107,2,'',0,'2022-11-08 08:44:17',1,NULL,NULL,NULL,NULL),(565,276,38,2,'',0,'2022-10-24 01:34:03',1,NULL,NULL,NULL,NULL),(566,276,73,1,'',0,'2022-10-19 21:34:50',1,NULL,NULL,NULL,NULL),(567,276,114,3,'',0,'2022-10-19 01:30:38',1,NULL,NULL,NULL,NULL),(568,276,30,4,'',0,'2022-10-13 11:48:52',1,NULL,NULL,NULL,NULL),(569,276,136,1,'',0,'2022-10-24 11:52:10',1,NULL,NULL,NULL,NULL),(570,279,88,4,'',0,'2022-10-30 09:22:39',1,NULL,NULL,NULL,NULL),(571,279,97,2,'',0,'2022-10-29 20:59:51',1,NULL,NULL,NULL,NULL),(572,279,45,1,'',0,'2022-10-15 05:23:19',1,NULL,NULL,NULL,NULL),(573,280,18,2,'',0,'2022-10-28 15:58:47',1,NULL,NULL,NULL,NULL),(574,282,215,1,'',0,'2022-10-25 09:29:26',1,NULL,NULL,NULL,NULL),(575,282,43,1,'',0,'2022-10-29 06:15:49',1,NULL,NULL,NULL,NULL),(576,282,146,5,'',0,'2022-10-17 18:02:37',1,NULL,NULL,NULL,NULL),(577,282,125,5,'',0,'2022-11-01 15:33:26',1,NULL,NULL,NULL,NULL),(578,282,214,2,'',0,'2022-10-17 14:32:58',1,NULL,NULL,NULL,NULL),(579,282,61,1,'',0,'2022-10-11 16:43:01',1,NULL,NULL,NULL,NULL),(580,286,116,2,'',0,'2022-10-18 22:09:18',1,NULL,NULL,NULL,NULL),(581,286,82,2,'',0,'2022-10-22 18:44:44',1,NULL,NULL,NULL,NULL),(582,286,75,3,'',0,'2022-11-09 13:53:39',1,NULL,NULL,NULL,NULL),(583,286,30,4,'',0,'2022-10-23 04:17:16',1,NULL,NULL,NULL,NULL),(584,288,106,2,'',0,'2022-10-12 08:49:16',1,NULL,NULL,NULL,NULL),(585,288,17,4,'',0,'2022-10-29 21:33:07',1,NULL,NULL,NULL,NULL),(586,288,160,5,'',0,'2022-11-06 20:54:05',1,NULL,NULL,NULL,NULL),(587,288,111,4,'',0,'2022-11-07 12:22:06',1,NULL,NULL,NULL,NULL),(588,293,195,3,'',0,'2022-10-21 22:27:49',1,NULL,NULL,NULL,NULL),(589,293,29,1,'',0,'2022-11-09 08:29:03',1,NULL,NULL,NULL,NULL),(590,293,86,1,'',0,'2022-11-01 13:43:55',1,NULL,NULL,NULL,NULL),(591,293,19,2,'',0,'2022-10-16 04:25:15',1,NULL,NULL,NULL,NULL),(592,293,32,1,'',0,'2022-10-16 04:01:50',1,NULL,NULL,NULL,NULL),(593,293,170,1,'',0,'2022-10-21 09:33:52',1,NULL,NULL,NULL,NULL),(594,293,127,2,'',0,'2022-10-30 11:15:54',1,NULL,NULL,NULL,NULL),(595,293,152,2,'',0,'2022-10-25 02:51:15',1,NULL,NULL,NULL,NULL),(596,293,41,3,'',0,'2022-10-15 21:34:20',1,NULL,NULL,NULL,NULL),(597,293,163,1,'',0,'2022-10-25 02:30:58',1,NULL,NULL,NULL,NULL),(598,297,217,1,'',0,'2022-10-26 03:39:00',1,NULL,NULL,NULL,NULL),(599,300,131,1,'',0,'2022-11-08 08:43:47',1,NULL,NULL,NULL,NULL),(600,300,90,5,'',0,'2022-10-17 12:38:27',1,NULL,NULL,NULL,NULL),(601,300,2,1,'',0,'2022-10-31 18:04:35',1,NULL,NULL,NULL,NULL),(602,300,181,3,'',0,'2022-10-18 17:24:27',1,NULL,NULL,NULL,NULL),(603,300,184,5,'',0,'2022-10-29 05:44:13',1,NULL,NULL,NULL,NULL),(604,300,119,2,'',0,'2022-10-25 01:11:30',1,NULL,NULL,NULL,NULL),(605,300,76,4,'',0,'2022-10-31 18:45:47',1,NULL,NULL,NULL,NULL),(606,303,126,5,'',0,'2022-10-15 04:06:02',1,NULL,NULL,NULL,NULL),(607,303,130,4,'',0,'2022-10-26 17:32:46',1,NULL,NULL,NULL,NULL),(608,310,156,5,'',0,'2022-10-17 16:14:37',1,NULL,NULL,NULL,NULL),(609,311,113,1,'',0,'2022-11-08 19:32:51',1,NULL,NULL,NULL,NULL),(610,311,78,4,'',0,'2022-10-17 21:22:39',1,NULL,NULL,NULL,NULL),(611,311,32,1,'',0,'2022-10-28 06:15:42',1,NULL,NULL,NULL,NULL),(612,311,89,3,'',0,'2022-11-05 20:23:01',1,NULL,NULL,NULL,NULL),(613,311,17,4,'',0,'2022-10-12 23:42:53',1,NULL,NULL,NULL,NULL),(614,311,171,4,'',0,'2022-10-13 19:58:43',1,NULL,NULL,NULL,NULL),(615,311,32,2,'',0,'2022-10-13 14:56:47',1,NULL,NULL,NULL,NULL),(616,316,106,2,'',0,'2022-10-11 10:31:58',1,NULL,NULL,NULL,NULL),(617,316,7,3,'',0,'2022-11-08 16:18:22',1,NULL,NULL,NULL,NULL),(618,317,95,1,'',0,'2022-10-16 07:13:01',1,NULL,NULL,NULL,NULL),(619,317,172,1,'',0,'2022-10-15 23:40:42',1,NULL,NULL,NULL,NULL),(620,317,150,2,'',0,'2022-10-29 02:37:24',1,NULL,NULL,NULL,NULL),(621,317,129,1,'',0,'2022-11-04 12:25:56',1,NULL,NULL,NULL,NULL),(622,317,144,1,'',0,'2022-11-01 23:18:11',1,NULL,NULL,NULL,NULL),(623,318,17,4,'',0,'2022-10-23 03:20:00',1,NULL,NULL,NULL,NULL),(624,318,103,2,'',0,'2022-10-29 02:49:17',1,NULL,NULL,NULL,NULL),(625,318,27,1,'',0,'2022-10-17 05:21:16',1,NULL,NULL,NULL,NULL),(626,318,9,4,'',0,'2022-10-19 11:31:59',1,NULL,NULL,NULL,NULL),(627,318,83,3,'',0,'2022-10-28 12:32:54',1,NULL,NULL,NULL,NULL),(628,318,126,5,'',0,'2022-10-26 23:10:53',1,NULL,NULL,NULL,NULL),(629,318,125,2,'',0,'2022-11-08 12:37:00',1,NULL,NULL,NULL,NULL),(630,319,144,1,'',0,'2022-11-02 20:04:34',1,NULL,NULL,NULL,NULL),(631,319,18,2,'',0,'2022-10-11 06:44:53',1,NULL,NULL,NULL,NULL),(632,319,110,5,'',0,'2022-10-18 21:40:37',1,NULL,NULL,NULL,NULL),(633,319,82,4,'',0,'2022-10-23 10:31:27',1,NULL,NULL,NULL,NULL),(634,319,216,2,'',0,'2022-11-10 00:45:46',1,NULL,NULL,NULL,NULL),(635,319,11,2,'',0,'2022-11-01 17:25:37',1,NULL,NULL,NULL,NULL),(636,319,115,2,'',0,'2022-10-18 15:15:14',1,NULL,NULL,NULL,NULL),(637,319,135,3,'',0,'2022-11-06 14:05:36',1,NULL,NULL,NULL,NULL),(638,320,1,2,'',0,'2022-10-19 06:31:51',1,NULL,NULL,NULL,NULL),(639,320,25,5,'',0,'2022-10-25 22:14:14',1,NULL,NULL,NULL,NULL),(640,320,66,4,'',0,'2022-10-24 19:31:52',1,NULL,NULL,NULL,NULL),(641,320,40,5,'',0,'2022-11-01 07:29:53',1,NULL,NULL,NULL,NULL),(642,320,166,5,'',0,'2022-10-26 12:22:39',1,NULL,NULL,NULL,NULL),(643,320,25,2,'',0,'2022-10-24 07:13:59',1,NULL,NULL,NULL,NULL),(644,320,74,1,'',0,'2022-10-27 22:32:19',1,NULL,NULL,NULL,NULL),(645,320,103,4,'',0,'2022-10-25 08:30:31',1,NULL,NULL,NULL,NULL),(646,320,168,5,'',0,'2022-11-06 03:41:53',1,NULL,NULL,NULL,NULL),(647,320,45,3,'',0,'2022-10-14 14:49:38',1,NULL,NULL,NULL,NULL),(648,321,125,4,'',0,'2022-11-02 02:36:52',1,NULL,NULL,NULL,NULL),(649,321,157,1,'',0,'2022-11-08 04:28:24',1,NULL,NULL,NULL,NULL),(650,321,43,4,'',0,'2022-10-30 04:58:10',1,NULL,NULL,NULL,NULL),(651,321,72,2,'',0,'2022-10-31 02:07:10',1,NULL,NULL,NULL,NULL),(652,321,9,3,'',0,'2022-10-27 21:06:44',1,NULL,NULL,NULL,NULL),(653,321,192,1,'',0,'2022-10-25 05:12:08',1,NULL,NULL,NULL,NULL),(654,326,115,2,'',0,'2022-10-31 16:41:34',1,NULL,NULL,NULL,NULL),(655,327,46,3,'',0,'2022-10-27 02:04:43',1,NULL,NULL,NULL,NULL),(656,329,50,5,'',0,'2022-10-18 05:50:01',1,NULL,NULL,NULL,NULL),(657,329,42,2,'',0,'2022-11-05 07:01:10',1,NULL,NULL,NULL,NULL),(658,329,190,1,'',0,'2022-10-15 19:25:13',1,NULL,NULL,NULL,NULL),(659,329,134,3,'',0,'2022-10-24 05:40:47',1,NULL,NULL,NULL,NULL),(660,329,55,2,'',0,'2022-10-20 21:37:06',1,NULL,NULL,NULL,NULL),(661,330,111,4,'',0,'2022-10-27 00:34:15',1,NULL,NULL,NULL,NULL),(662,330,128,3,'',0,'2022-10-28 12:47:39',1,NULL,NULL,NULL,NULL),(663,330,219,1,'',0,'2022-11-07 06:02:03',1,NULL,NULL,NULL,NULL),(664,330,164,1,'',0,'2022-10-27 02:37:27',1,NULL,NULL,NULL,NULL),(665,331,217,1,'',0,'2022-10-17 08:23:48',1,NULL,NULL,NULL,NULL),(666,331,84,1,'',0,'2022-10-23 23:53:26',1,NULL,NULL,NULL,NULL),(667,331,186,4,'',0,'2022-10-19 19:39:29',1,NULL,NULL,NULL,NULL),(668,331,51,5,'',0,'2022-10-16 12:22:25',1,NULL,NULL,NULL,NULL),(669,331,3,1,'',0,'2022-10-23 10:54:54',1,NULL,NULL,NULL,NULL),(670,334,170,3,'',0,'2022-11-03 23:58:28',1,NULL,NULL,NULL,NULL),(671,334,185,4,'',0,'2022-10-21 04:53:20',1,NULL,NULL,NULL,NULL),(672,336,119,4,'',0,'2022-10-31 10:47:17',1,NULL,NULL,NULL,NULL),(673,336,97,4,'',0,'2022-10-20 20:05:22',1,NULL,NULL,NULL,NULL),(674,336,90,3,'',0,'2022-10-19 18:22:30',1,NULL,NULL,NULL,NULL),(675,336,119,4,'',0,'2022-10-25 22:25:32',1,NULL,NULL,NULL,NULL),(676,338,169,1,'',0,'2022-10-19 08:41:52',1,NULL,NULL,NULL,NULL),(677,338,97,4,'',0,'2022-10-25 03:17:59',1,NULL,NULL,NULL,NULL),(678,338,13,2,'',0,'2022-10-30 00:32:13',1,NULL,NULL,NULL,NULL),(679,338,50,2,'',0,'2022-10-28 04:55:22',1,NULL,NULL,NULL,NULL),(680,338,37,3,'',0,'2022-10-27 19:05:54',1,NULL,NULL,NULL,NULL),(681,338,201,3,'',0,'2022-10-13 09:30:22',1,NULL,NULL,NULL,NULL),(682,338,172,5,'',0,'2022-10-28 21:27:33',1,NULL,NULL,NULL,NULL),(683,339,165,3,'',0,'2022-10-22 05:02:42',1,NULL,NULL,NULL,NULL),(684,339,39,4,'',0,'2022-10-17 15:38:15',1,NULL,NULL,NULL,NULL),(685,339,150,4,'',0,'2022-10-20 06:16:19',1,NULL,NULL,NULL,NULL),(686,339,173,4,'',0,'2022-11-03 09:09:01',1,NULL,NULL,NULL,NULL),(687,339,37,1,'',0,'2022-10-30 05:13:49',1,NULL,NULL,NULL,NULL),(688,339,3,2,'',0,'2022-10-24 08:19:49',1,NULL,NULL,NULL,NULL),(689,339,157,3,'',0,'2022-10-11 13:12:05',1,NULL,NULL,NULL,NULL),(690,340,133,3,'',0,'2022-10-24 21:11:29',1,NULL,NULL,NULL,NULL),(691,340,166,3,'',0,'2022-11-05 21:27:44',1,NULL,NULL,NULL,NULL),(692,340,103,4,'',0,'2022-11-05 06:14:36',1,NULL,NULL,NULL,NULL),(693,342,4,2,'',0,'2022-10-12 20:28:11',1,NULL,NULL,NULL,NULL),(694,342,92,4,'',0,'2022-11-05 21:36:14',1,NULL,NULL,NULL,NULL),(695,342,91,4,'',0,'2022-11-03 11:33:19',1,NULL,NULL,NULL,NULL),(696,342,209,1,'',0,'2022-10-21 16:51:31',1,NULL,NULL,NULL,NULL),(697,342,53,3,'',0,'2022-10-25 07:31:08',1,NULL,NULL,NULL,NULL),(698,342,209,2,'',0,'2022-11-09 02:43:22',1,NULL,NULL,NULL,NULL),(699,342,45,2,'',0,'2022-11-03 08:02:16',1,NULL,NULL,NULL,NULL),(700,353,98,2,'',0,'2022-10-25 22:40:23',1,NULL,NULL,NULL,NULL),(701,360,75,3,'',0,'2022-11-03 22:38:08',1,NULL,NULL,NULL,NULL),(702,360,9,5,'',0,'2022-11-05 05:42:02',1,NULL,NULL,NULL,NULL),(703,360,172,4,'',0,'2022-10-19 20:17:09',1,NULL,NULL,NULL,NULL),(704,360,84,2,'',0,'2022-11-03 20:44:51',1,NULL,NULL,NULL,NULL),(705,360,208,3,'',0,'2022-10-24 22:30:05',1,NULL,NULL,NULL,NULL),(706,360,219,3,'',0,'2022-10-16 08:41:34',1,NULL,NULL,NULL,NULL),(707,365,115,2,'',0,'2022-10-13 08:14:36',1,NULL,NULL,NULL,NULL),(708,368,147,3,'',0,'2022-11-08 01:05:15',1,NULL,NULL,NULL,NULL),(709,368,137,2,'',0,'2022-10-20 15:15:14',1,NULL,NULL,NULL,NULL),(710,368,73,3,'',0,'2022-10-19 15:12:57',1,NULL,NULL,NULL,NULL),(711,368,104,4,'',0,'2022-10-15 03:44:03',1,NULL,NULL,NULL,NULL),(712,368,113,2,'',0,'2022-10-23 11:22:35',1,NULL,NULL,NULL,NULL),(713,368,205,4,'',0,'2022-10-27 23:37:47',1,NULL,NULL,NULL,NULL),(714,368,131,4,'',0,'2022-10-13 04:31:38',1,NULL,NULL,NULL,NULL),(715,368,38,3,'',0,'2022-10-27 19:48:53',1,NULL,NULL,NULL,NULL),(716,369,108,2,'',0,'2022-10-31 22:23:02',1,NULL,NULL,NULL,NULL),(717,371,192,2,'',0,'2022-10-22 14:03:00',1,NULL,NULL,NULL,NULL),(718,371,157,3,'',0,'2022-10-24 04:30:36',1,NULL,NULL,NULL,NULL),(719,371,148,5,'',0,'2022-11-06 19:18:33',1,NULL,NULL,NULL,NULL),(720,371,195,1,'',0,'2022-10-25 16:16:54',1,NULL,NULL,NULL,NULL),(721,371,119,1,'',0,'2022-10-30 07:51:21',1,NULL,NULL,NULL,NULL),(722,371,149,2,'',0,'2022-10-17 05:37:42',1,NULL,NULL,NULL,NULL),(723,371,28,1,'',0,'2022-10-27 16:31:57',1,NULL,NULL,NULL,NULL),(724,371,1,1,'',0,'2022-11-01 17:19:23',1,NULL,NULL,NULL,NULL),(725,372,7,5,'',0,'2022-10-21 05:49:09',1,NULL,NULL,NULL,NULL),(726,372,186,2,'',0,'2022-10-18 23:37:47',1,NULL,NULL,NULL,NULL),(727,372,95,4,'',0,'2022-11-01 15:16:19',1,NULL,NULL,NULL,NULL),(728,372,217,5,'',0,'2022-11-05 10:27:10',1,NULL,NULL,NULL,NULL),(729,372,100,3,'',0,'2022-11-06 07:46:16',1,NULL,NULL,NULL,NULL),(730,374,93,4,'',0,'2022-10-18 05:33:57',1,NULL,NULL,NULL,NULL),(731,374,137,5,'',0,'2022-11-01 19:30:07',1,NULL,NULL,NULL,NULL),(732,374,157,3,'',0,'2022-10-29 12:58:13',1,NULL,NULL,NULL,NULL),(733,374,107,1,'',0,'2022-10-15 08:32:01',1,NULL,NULL,NULL,NULL),(734,374,119,3,'',0,'2022-10-29 10:38:09',1,NULL,NULL,NULL,NULL),(735,374,179,4,'',0,'2022-10-12 16:49:25',1,NULL,NULL,NULL,NULL),(736,374,214,3,'',0,'2022-10-17 22:33:55',1,NULL,NULL,NULL,NULL),(737,374,212,4,'',0,'2022-11-07 01:54:58',1,NULL,NULL,NULL,NULL),(738,374,133,2,'',0,'2022-10-15 02:44:11',1,NULL,NULL,NULL,NULL),(739,375,103,1,'',0,'2022-11-06 08:53:13',1,NULL,NULL,NULL,NULL),(740,375,51,4,'',0,'2022-10-25 18:13:58',1,NULL,NULL,NULL,NULL),(741,375,92,2,'',0,'2022-11-03 23:17:13',1,NULL,NULL,NULL,NULL),(742,375,192,1,'',0,'2022-10-12 00:07:08',1,NULL,NULL,NULL,NULL),(743,375,88,5,'',0,'2022-11-02 16:41:03',1,NULL,NULL,NULL,NULL),(744,375,7,2,'',0,'2022-10-13 19:13:25',1,NULL,NULL,NULL,NULL),(745,375,22,5,'',0,'2022-11-04 20:28:28',1,NULL,NULL,NULL,NULL),(746,375,219,5,'',0,'2022-11-09 01:42:00',1,NULL,NULL,NULL,NULL),(747,377,215,5,'',0,'2022-10-27 22:57:29',1,NULL,NULL,NULL,NULL),(748,377,162,3,'',0,'2022-11-03 10:01:55',1,NULL,NULL,NULL,NULL),(749,377,45,4,'',0,'2022-10-22 09:03:50',1,NULL,NULL,NULL,NULL),(750,377,51,3,'',0,'2022-10-21 22:50:54',1,NULL,NULL,NULL,NULL),(751,377,72,5,'',0,'2022-10-18 09:24:09',1,NULL,NULL,NULL,NULL),(752,377,134,2,'',0,'2022-11-08 17:51:38',1,NULL,NULL,NULL,NULL),(753,377,50,2,'',0,'2022-11-08 16:25:52',1,NULL,NULL,NULL,NULL),(754,377,16,2,'',0,'2022-10-23 01:50:28',1,NULL,NULL,NULL,NULL),(755,377,2,3,'',0,'2022-10-13 06:40:26',1,NULL,NULL,NULL,NULL),(756,382,172,4,'',0,'2022-11-01 03:06:28',1,NULL,NULL,NULL,NULL),(757,382,70,3,'',0,'2022-10-31 20:13:33',1,NULL,NULL,NULL,NULL),(758,382,66,1,'',0,'2022-11-03 20:27:56',1,NULL,NULL,NULL,NULL),(759,382,202,5,'',0,'2022-11-04 21:31:07',1,NULL,NULL,NULL,NULL),(760,382,50,1,'',0,'2022-11-01 04:27:07',1,NULL,NULL,NULL,NULL),(761,382,153,5,'',0,'2022-10-14 19:35:28',1,NULL,NULL,NULL,NULL),(762,382,122,5,'',0,'2022-11-05 04:04:24',1,NULL,NULL,NULL,NULL),(763,382,201,5,'',0,'2022-11-04 10:21:41',1,NULL,NULL,NULL,NULL),(764,385,115,4,'',0,'2022-11-07 20:52:42',1,NULL,NULL,NULL,NULL),(765,385,165,3,'',0,'2022-11-03 01:32:55',1,NULL,NULL,NULL,NULL),(766,385,145,4,'',0,'2022-10-25 09:19:44',1,NULL,NULL,NULL,NULL),(767,385,148,4,'',0,'2022-10-12 13:32:42',1,NULL,NULL,NULL,NULL),(768,385,164,2,'',0,'2022-10-19 10:56:35',1,NULL,NULL,NULL,NULL),(769,385,42,5,'',0,'2022-10-18 00:07:24',1,NULL,NULL,NULL,NULL),(770,386,19,2,'',0,'2022-10-14 01:05:49',1,NULL,NULL,NULL,NULL),(771,386,187,3,'',0,'2022-10-16 17:26:39',1,NULL,NULL,NULL,NULL),(772,386,180,1,'',0,'2022-11-08 07:01:51',1,NULL,NULL,NULL,NULL),(773,386,208,5,'',0,'2022-10-23 16:31:46',1,NULL,NULL,NULL,NULL),(774,386,189,4,'',0,'2022-10-15 03:46:49',1,NULL,NULL,NULL,NULL),(775,386,200,1,'',0,'2022-10-13 21:30:43',1,NULL,NULL,NULL,NULL),(776,386,153,5,'',0,'2022-11-08 16:28:08',1,NULL,NULL,NULL,NULL),(777,387,49,3,'',0,'2022-10-18 16:32:54',1,NULL,NULL,NULL,NULL),(778,387,116,5,'',0,'2022-11-08 20:18:35',1,NULL,NULL,NULL,NULL),(779,387,213,1,'',0,'2022-10-11 08:52:11',1,NULL,NULL,NULL,NULL),(780,387,109,2,'',0,'2022-11-05 19:11:49',1,NULL,NULL,NULL,NULL),(781,387,208,3,'',0,'2022-10-22 10:28:53',1,NULL,NULL,NULL,NULL),(782,390,192,4,'',0,'2022-11-03 04:52:09',1,NULL,NULL,NULL,NULL),(783,390,86,4,'',0,'2022-11-08 03:08:59',1,NULL,NULL,NULL,NULL),(784,390,151,4,'',0,'2022-10-26 23:55:52',1,NULL,NULL,NULL,NULL),(785,390,115,4,'',0,'2022-11-10 00:15:43',1,NULL,NULL,NULL,NULL),(786,390,111,3,'',0,'2022-10-23 06:19:59',1,NULL,NULL,NULL,NULL),(787,390,39,5,'',0,'2022-11-05 19:16:53',1,NULL,NULL,NULL,NULL),(788,390,87,4,'',0,'2022-10-25 11:52:25',1,NULL,NULL,NULL,NULL),(789,390,186,2,'',0,'2022-10-17 13:38:45',1,NULL,NULL,NULL,NULL),(790,390,130,5,'',0,'2022-11-02 01:53:55',1,NULL,NULL,NULL,NULL),(791,390,18,4,'',0,'2022-11-09 15:57:51',1,NULL,NULL,NULL,NULL),(792,394,164,4,'',0,'2022-10-22 00:17:04',1,NULL,NULL,NULL,NULL),(793,394,14,3,'',0,'2022-10-22 20:22:03',1,NULL,NULL,NULL,NULL),(794,394,105,3,'',0,'2022-10-24 05:22:10',1,NULL,NULL,NULL,NULL),(795,394,134,1,'',0,'2022-10-12 20:37:26',1,NULL,NULL,NULL,NULL),(796,394,149,2,'',0,'2022-10-25 16:18:39',1,NULL,NULL,NULL,NULL),(797,395,137,2,'',0,'2022-10-25 23:46:55',1,NULL,NULL,NULL,NULL),(798,395,131,5,'',0,'2022-10-12 21:07:14',1,NULL,NULL,NULL,NULL),(799,395,36,5,'',0,'2022-10-14 20:04:09',1,NULL,NULL,NULL,NULL),(800,395,183,4,'',0,'2022-10-13 15:50:04',1,NULL,NULL,NULL,NULL),(801,395,129,2,'',0,'2022-11-02 13:46:24',1,NULL,NULL,NULL,NULL),(802,395,115,5,'',0,'2022-10-12 07:47:37',1,NULL,NULL,NULL,NULL),(803,395,169,5,'',0,'2022-11-05 20:19:30',1,NULL,NULL,NULL,NULL),(804,395,190,1,'',0,'2022-11-01 14:19:34',1,NULL,NULL,NULL,NULL),(805,397,47,1,'',0,'2022-10-25 17:24:38',1,NULL,NULL,NULL,NULL),(806,397,204,2,'',0,'2022-10-26 23:47:39',1,NULL,NULL,NULL,NULL),(807,397,8,5,'',0,'2022-10-21 14:45:02',1,NULL,NULL,NULL,NULL),(808,397,22,1,'',0,'2022-10-31 07:47:20',1,NULL,NULL,NULL,NULL),(809,397,182,3,'',0,'2022-10-13 09:14:12',1,NULL,NULL,NULL,NULL),(810,397,130,2,'',0,'2022-10-27 08:17:52',1,NULL,NULL,NULL,NULL),(811,398,129,2,'',0,'2022-10-11 10:28:08',1,NULL,NULL,NULL,NULL),(812,398,63,5,'',0,'2022-10-30 18:32:44',1,NULL,NULL,NULL,NULL),(813,398,128,1,'',0,'2022-10-20 14:33:03',1,NULL,NULL,NULL,NULL),(814,398,149,2,'',0,'2022-10-15 16:24:04',1,NULL,NULL,NULL,NULL),(815,398,91,3,'',0,'2022-11-01 15:51:08',1,NULL,NULL,NULL,NULL),(816,398,10,5,'',0,'2022-11-05 19:43:19',1,NULL,NULL,NULL,NULL),(817,398,154,1,'',0,'2022-11-07 20:20:52',1,NULL,NULL,NULL,NULL),(818,398,169,4,'',0,'2022-10-29 15:19:18',1,NULL,NULL,NULL,NULL),(819,398,83,5,'',0,'2022-10-25 12:51:45',1,NULL,NULL,NULL,NULL),(820,398,187,1,'',0,'2022-10-25 14:46:03',1,NULL,NULL,NULL,NULL),(821,401,65,1,'',0,'2022-11-07 18:21:32',1,NULL,NULL,NULL,NULL),(822,401,175,3,'',0,'2022-11-01 16:02:32',1,NULL,NULL,NULL,NULL),(823,401,22,2,'',0,'2022-11-02 13:51:40',1,NULL,NULL,NULL,NULL),(824,401,202,3,'',0,'2022-10-15 03:22:22',1,NULL,NULL,NULL,NULL),(825,401,147,5,'',0,'2022-11-07 21:47:14',1,NULL,NULL,NULL,NULL),(826,401,50,4,'',0,'2022-10-17 09:47:46',1,NULL,NULL,NULL,NULL),(827,401,209,5,'',0,'2022-10-20 20:00:01',1,NULL,NULL,NULL,NULL),(828,402,80,3,'',0,'2022-10-11 08:31:35',1,NULL,NULL,NULL,NULL),(829,402,84,2,'',0,'2022-11-06 10:42:25',1,NULL,NULL,NULL,NULL),(830,402,136,4,'',0,'2022-11-09 03:03:42',1,NULL,NULL,NULL,NULL),(831,402,146,4,'',0,'2022-11-05 08:57:22',1,NULL,NULL,NULL,NULL),(832,406,37,5,'',0,'2022-11-01 07:06:11',1,NULL,NULL,NULL,NULL),(833,406,13,2,'',0,'2022-11-09 03:46:46',1,NULL,NULL,NULL,NULL),(834,406,105,4,'',0,'2022-11-02 22:46:29',1,NULL,NULL,NULL,NULL),(835,406,23,4,'',0,'2022-10-27 05:48:43',1,NULL,NULL,NULL,NULL),(836,406,37,1,'',0,'2022-10-16 22:32:17',1,NULL,NULL,NULL,NULL),(837,406,128,1,'',0,'2022-11-06 10:39:08',1,NULL,NULL,NULL,NULL),(838,406,208,1,'',0,'2022-10-20 01:43:30',1,NULL,NULL,NULL,NULL),(839,406,108,3,'',0,'2022-10-26 04:56:47',1,NULL,NULL,NULL,NULL),(840,406,174,4,'',0,'2022-10-11 11:08:53',1,NULL,NULL,NULL,NULL),(841,412,189,2,'',0,'2022-10-21 20:15:43',1,NULL,NULL,NULL,NULL),(842,412,16,3,'',0,'2022-11-01 12:17:16',1,NULL,NULL,NULL,NULL),(843,412,130,2,'',0,'2022-10-25 18:32:29',1,NULL,NULL,NULL,NULL),(844,412,113,3,'',0,'2022-10-12 08:45:37',1,NULL,NULL,NULL,NULL),(845,412,143,5,'',0,'2022-10-15 05:05:32',1,NULL,NULL,NULL,NULL),(846,412,32,4,'',0,'2022-10-31 05:54:42',1,NULL,NULL,NULL,NULL),(847,412,57,1,'',0,'2022-10-16 00:38:30',1,NULL,NULL,NULL,NULL),(848,413,197,4,'',0,'2022-10-31 10:38:26',1,NULL,NULL,NULL,NULL),(849,413,10,1,'',0,'2022-10-14 07:30:48',1,NULL,NULL,NULL,NULL),(850,414,212,5,'',0,'2022-11-05 14:16:40',1,NULL,NULL,NULL,NULL),(851,414,191,3,'',0,'2022-10-27 06:22:30',1,NULL,NULL,NULL,NULL),(852,414,131,5,'',0,'2022-11-05 13:50:26',1,NULL,NULL,NULL,NULL),(853,414,85,3,'',0,'2022-10-20 09:19:18',1,NULL,NULL,NULL,NULL),(854,414,117,2,'',0,'2022-11-07 07:30:39',1,NULL,NULL,NULL,NULL),(855,414,119,3,'',0,'2022-10-13 01:13:58',1,NULL,NULL,NULL,NULL),(856,414,196,1,'',0,'2022-10-15 21:31:08',1,NULL,NULL,NULL,NULL),(857,414,43,2,'',0,'2022-10-30 10:36:10',1,NULL,NULL,NULL,NULL),(858,422,180,2,'',0,'2022-10-11 04:32:04',1,NULL,NULL,NULL,NULL),(859,426,19,3,'',0,'2022-10-22 08:23:06',1,NULL,NULL,NULL,NULL),(860,426,143,3,'',0,'2022-10-17 16:42:09',1,NULL,NULL,NULL,NULL),(861,426,42,5,'',0,'2022-10-15 09:34:50',1,NULL,NULL,NULL,NULL),(862,429,173,2,'',0,'2022-10-28 13:34:26',1,NULL,NULL,NULL,NULL),(863,429,141,3,'',0,'2022-10-17 20:49:01',1,NULL,NULL,NULL,NULL),(864,429,90,5,'',0,'2022-11-07 11:25:14',1,NULL,NULL,NULL,NULL),(865,429,135,5,'',0,'2022-10-28 10:10:58',1,NULL,NULL,NULL,NULL),(866,429,37,1,'',0,'2022-10-24 05:55:27',1,NULL,NULL,NULL,NULL),(867,431,187,1,'',0,'2022-10-17 11:39:05',1,NULL,NULL,NULL,NULL),(868,432,47,1,'',0,'2022-11-07 22:12:45',1,NULL,NULL,NULL,NULL),(869,432,69,4,'',0,'2022-11-03 11:20:24',1,NULL,NULL,NULL,NULL),(870,432,114,1,'',0,'2022-10-15 14:08:43',1,NULL,NULL,NULL,NULL),(871,432,47,5,'',0,'2022-10-18 17:43:14',1,NULL,NULL,NULL,NULL),(872,432,140,3,'',0,'2022-10-26 16:28:06',1,NULL,NULL,NULL,NULL),(873,432,40,2,'',0,'2022-11-02 13:43:25',1,NULL,NULL,NULL,NULL),(874,432,22,1,'',0,'2022-10-31 12:45:52',1,NULL,NULL,NULL,NULL),(875,432,30,4,'',0,'2022-11-05 21:55:04',1,NULL,NULL,NULL,NULL),(876,432,48,1,'',0,'2022-10-18 00:19:01',1,NULL,NULL,NULL,NULL),(877,433,142,4,'',0,'2022-11-03 23:01:39',1,NULL,NULL,NULL,NULL),(878,433,102,2,'',0,'2022-10-29 06:50:19',1,NULL,NULL,NULL,NULL),(879,433,164,1,'',0,'2022-11-01 05:53:07',1,NULL,NULL,NULL,NULL),(880,433,26,4,'',0,'2022-10-12 12:14:31',1,NULL,NULL,NULL,NULL),(881,433,210,5,'',0,'2022-10-12 19:07:03',1,NULL,NULL,NULL,NULL),(882,433,128,3,'',0,'2022-11-04 20:11:02',1,NULL,NULL,NULL,NULL),(883,433,154,2,'',0,'2022-11-05 21:23:55',1,NULL,NULL,NULL,NULL),(884,433,57,2,'',0,'2022-10-28 05:38:28',1,NULL,NULL,NULL,NULL),(885,433,139,4,'',0,'2022-10-12 18:49:34',1,NULL,NULL,NULL,NULL),(886,433,21,4,'',0,'2022-10-24 06:05:08',1,NULL,NULL,NULL,NULL),(887,437,116,4,'',0,'2022-10-24 00:03:21',1,NULL,NULL,NULL,NULL),(888,437,121,5,'',0,'2022-11-05 17:11:05',1,NULL,NULL,NULL,NULL),(889,437,86,5,'',0,'2022-10-31 15:11:18',1,NULL,NULL,NULL,NULL),(890,437,163,2,'',0,'2022-10-25 01:38:19',1,NULL,NULL,NULL,NULL),(891,437,111,4,'',0,'2022-11-07 14:51:06',1,NULL,NULL,NULL,NULL),(892,437,57,4,'',0,'2022-10-21 21:26:28',1,NULL,NULL,NULL,NULL),(893,438,69,5,'',0,'2022-11-07 11:12:06',1,NULL,NULL,NULL,NULL),(894,438,125,4,'',0,'2022-10-12 07:04:18',1,NULL,NULL,NULL,NULL),(895,438,188,2,'',0,'2022-11-04 09:51:54',1,NULL,NULL,NULL,NULL),(896,438,6,4,'',0,'2022-10-14 10:55:02',1,NULL,NULL,NULL,NULL),(897,438,58,1,'',0,'2022-10-19 17:50:55',1,NULL,NULL,NULL,NULL),(898,438,201,1,'',0,'2022-10-25 22:00:11',1,NULL,NULL,NULL,NULL),(899,438,41,4,'',0,'2022-11-06 17:29:08',1,NULL,NULL,NULL,NULL),(900,438,92,4,'',0,'2022-10-13 20:28:26',1,NULL,NULL,NULL,NULL),(901,440,125,3,'',0,'2022-11-09 00:23:54',1,NULL,NULL,NULL,NULL),(902,440,8,2,'',0,'2022-10-27 02:15:07',1,NULL,NULL,NULL,NULL),(903,440,131,3,'',0,'2022-10-31 23:20:39',1,NULL,NULL,NULL,NULL),(904,440,205,1,'',0,'2022-10-17 06:19:57',1,NULL,NULL,NULL,NULL),(905,440,48,4,'',0,'2022-10-25 01:32:16',1,NULL,NULL,NULL,NULL),(906,440,215,3,'',0,'2022-10-23 15:38:16',1,NULL,NULL,NULL,NULL),(907,444,213,5,'',0,'2022-10-29 20:23:50',1,NULL,NULL,NULL,NULL),(908,444,66,3,'',0,'2022-10-20 02:07:14',1,NULL,NULL,NULL,NULL),(909,444,168,1,'',0,'2022-10-12 18:49:55',1,NULL,NULL,NULL,NULL),(910,449,58,1,'',0,'2022-10-29 06:54:41',1,NULL,NULL,NULL,NULL),(911,449,157,5,'',0,'2022-10-17 00:53:12',1,NULL,NULL,NULL,NULL),(912,449,185,5,'',0,'2022-10-13 14:07:22',1,NULL,NULL,NULL,NULL),(913,449,110,3,'',0,'2022-10-27 21:14:08',1,NULL,NULL,NULL,NULL),(914,449,208,2,'',0,'2022-10-22 02:43:21',1,NULL,NULL,NULL,NULL),(915,450,142,1,'',0,'2022-10-23 17:11:33',1,NULL,NULL,NULL,NULL),(916,450,141,5,'',0,'2022-11-05 19:21:55',1,NULL,NULL,NULL,NULL),(917,450,189,2,'',0,'2022-10-26 10:23:35',1,NULL,NULL,NULL,NULL),(918,451,167,3,'',0,'2022-10-20 23:53:19',1,NULL,NULL,NULL,NULL),(919,451,71,3,'',0,'2022-10-19 14:46:25',1,NULL,NULL,NULL,NULL),(920,451,23,3,'',0,'2022-10-30 02:59:07',1,NULL,NULL,NULL,NULL),(921,451,118,2,'',0,'2022-10-16 04:47:59',1,NULL,NULL,NULL,NULL),(922,455,87,1,'',0,'2022-10-29 03:01:55',1,NULL,NULL,NULL,NULL),(923,455,52,1,'',0,'2022-10-25 12:23:21',1,NULL,NULL,NULL,NULL),(924,455,34,1,'',0,'2022-10-19 16:14:00',1,NULL,NULL,NULL,NULL),(925,455,160,5,'',0,'2022-10-24 04:29:54',1,NULL,NULL,NULL,NULL),(926,455,159,1,'',0,'2022-11-05 22:17:03',1,NULL,NULL,NULL,NULL),(927,455,114,3,'',0,'2022-10-28 04:42:06',1,NULL,NULL,NULL,NULL),(928,459,110,4,'',0,'2022-10-22 19:49:38',1,NULL,NULL,NULL,NULL),(929,462,6,3,'',0,'2022-10-25 05:08:50',1,NULL,NULL,NULL,NULL),(930,462,40,1,'',0,'2022-11-02 16:41:31',1,NULL,NULL,NULL,NULL),(931,466,19,3,'',0,'2022-10-20 10:07:25',1,NULL,NULL,NULL,NULL),(932,466,176,4,'',0,'2022-10-27 19:46:15',1,NULL,NULL,NULL,NULL),(933,466,187,4,'',0,'2022-10-26 15:37:35',1,NULL,NULL,NULL,NULL),(934,466,25,4,'',0,'2022-10-19 14:11:53',1,NULL,NULL,NULL,NULL),(935,466,194,1,'',0,'2022-10-27 05:20:24',1,NULL,NULL,NULL,NULL),(936,466,194,1,'',0,'2022-10-23 22:32:49',1,NULL,NULL,NULL,NULL),(937,466,216,1,'',0,'2022-10-31 00:27:02',1,NULL,NULL,NULL,NULL),(938,466,74,1,'',0,'2022-11-02 07:07:50',1,NULL,NULL,NULL,NULL),(939,466,29,4,'',0,'2022-10-15 01:07:07',1,NULL,NULL,NULL,NULL),(940,466,169,4,'',0,'2022-10-13 02:26:06',1,NULL,NULL,NULL,NULL),(941,471,60,2,'',0,'2022-10-22 20:36:40',1,NULL,NULL,NULL,NULL),(942,471,149,3,'',0,'2022-10-11 15:02:39',1,NULL,NULL,NULL,NULL),(943,471,8,1,'',0,'2022-10-26 15:08:56',1,NULL,NULL,NULL,NULL),(944,471,66,4,'',0,'2022-11-04 11:46:56',1,NULL,NULL,NULL,NULL),(945,471,143,4,'',0,'2022-10-14 20:43:46',1,NULL,NULL,NULL,NULL),(946,471,216,2,'',0,'2022-10-21 01:00:08',1,NULL,NULL,NULL,NULL),(947,471,4,2,'',0,'2022-11-04 03:04:29',1,NULL,NULL,NULL,NULL),(948,475,117,1,'',0,'2022-11-03 04:28:07',1,NULL,NULL,NULL,NULL),(949,475,47,5,'',0,'2022-10-17 10:57:03',1,NULL,NULL,NULL,NULL),(950,475,96,4,'',0,'2022-10-13 07:08:18',1,NULL,NULL,NULL,NULL),(951,475,133,1,'',0,'2022-11-01 07:56:37',1,NULL,NULL,NULL,NULL),(952,475,36,2,'',0,'2022-11-03 18:56:51',1,NULL,NULL,NULL,NULL),(953,475,206,2,'',0,'2022-11-03 19:41:30',1,NULL,NULL,NULL,NULL),(954,475,50,3,'',0,'2022-10-28 18:22:20',1,NULL,NULL,NULL,NULL),(955,475,108,2,'',0,'2022-10-24 17:45:41',1,NULL,NULL,NULL,NULL),(956,475,36,5,'',0,'2022-10-27 10:29:43',1,NULL,NULL,NULL,NULL),(957,478,99,3,'',0,'2022-10-20 03:42:40',1,NULL,NULL,NULL,NULL),(958,478,29,5,'',0,'2022-10-31 23:47:56',1,NULL,NULL,NULL,NULL),(959,478,173,2,'',0,'2022-10-13 18:13:12',1,NULL,NULL,NULL,NULL),(960,478,2,5,'',0,'2022-10-15 06:29:17',1,NULL,NULL,NULL,NULL),(961,482,172,1,'',0,'2022-10-30 17:59:50',1,NULL,NULL,NULL,NULL),(962,482,105,5,'',0,'2022-10-12 16:02:55',1,NULL,NULL,NULL,NULL),(963,483,179,2,'',0,'2022-10-30 10:41:55',1,NULL,NULL,NULL,NULL),(964,485,208,1,'',0,'2022-10-30 05:32:18',1,NULL,NULL,NULL,NULL),(965,485,28,5,'',0,'2022-10-21 13:48:21',1,NULL,NULL,NULL,NULL),(966,485,27,4,'',0,'2022-10-29 00:14:51',1,NULL,NULL,NULL,NULL),(967,485,60,1,'',0,'2022-10-27 00:55:19',1,NULL,NULL,NULL,NULL),(968,485,212,5,'',0,'2022-10-23 09:08:47',1,NULL,NULL,NULL,NULL),(969,485,193,4,'',0,'2022-10-12 19:53:16',1,NULL,NULL,NULL,NULL),(970,485,158,3,'',0,'2022-11-08 00:18:19',1,NULL,NULL,NULL,NULL),(971,485,136,2,'',0,'2022-10-12 19:45:08',1,NULL,NULL,NULL,NULL),(972,489,80,1,'',0,'2022-10-15 22:21:46',1,NULL,NULL,NULL,NULL),(973,489,71,4,'',0,'2022-10-31 06:20:04',1,NULL,NULL,NULL,NULL),(974,489,200,3,'',0,'2022-10-12 05:55:56',1,NULL,NULL,NULL,NULL),(975,489,196,5,'',0,'2022-11-06 23:27:21',1,NULL,NULL,NULL,NULL),(976,489,18,4,'',0,'2022-11-02 14:03:59',1,NULL,NULL,NULL,NULL),(977,489,195,3,'',0,'2022-11-05 15:57:49',1,NULL,NULL,NULL,NULL),(978,489,85,2,'',0,'2022-10-14 22:37:27',1,NULL,NULL,NULL,NULL),(979,489,138,4,'',0,'2022-11-06 17:12:28',1,NULL,NULL,NULL,NULL),(980,492,173,1,'',0,'2022-10-29 06:51:49',1,NULL,NULL,NULL,NULL),(981,492,61,5,'',0,'2022-11-06 03:31:27',1,NULL,NULL,NULL,NULL),(982,494,112,2,'',0,'2022-11-01 00:43:58',1,NULL,NULL,NULL,NULL),(983,494,70,4,'',0,'2022-10-30 21:28:35',1,NULL,NULL,NULL,NULL),(984,494,173,5,'',0,'2022-10-20 09:46:14',1,NULL,NULL,NULL,NULL),(985,494,173,2,'',0,'2022-11-04 13:01:19',1,NULL,NULL,NULL,NULL),(986,494,52,1,'',0,'2022-10-30 04:33:50',1,NULL,NULL,NULL,NULL),(987,494,112,2,'',0,'2022-10-18 20:08:48',1,NULL,NULL,NULL,NULL),(988,494,17,4,'',0,'2022-10-18 14:47:16',1,NULL,NULL,NULL,NULL),(989,494,69,5,'',0,'2022-10-15 19:17:06',1,NULL,NULL,NULL,NULL),(990,494,213,2,'',0,'2022-10-21 09:52:38',1,NULL,NULL,NULL,NULL),(991,497,174,2,'',0,'2022-10-31 09:42:58',1,NULL,NULL,NULL,NULL),(992,497,201,2,'',0,'2022-10-25 02:33:28',1,NULL,NULL,NULL,NULL),(993,497,21,1,'',0,'2022-10-29 10:25:06',1,NULL,NULL,NULL,NULL),(994,497,181,3,'',0,'2022-11-06 22:41:14',1,NULL,NULL,NULL,NULL),(995,497,14,5,'',0,'2022-11-03 21:59:35',1,NULL,NULL,NULL,NULL),(996,497,128,5,'',0,'2022-11-09 23:51:20',1,NULL,NULL,NULL,NULL),(997,497,24,1,'',0,'2022-10-19 07:33:37',1,NULL,NULL,NULL,NULL),(998,497,105,4,'',0,'2022-10-16 02:18:40',1,NULL,NULL,NULL,NULL),(999,498,5,3,'',0,'2022-10-20 14:38:26',1,NULL,NULL,NULL,NULL),(1000,498,190,2,'',0,'2022-11-04 22:56:49',1,NULL,NULL,NULL,NULL),(1001,498,120,3,'',0,'2022-10-21 01:03:27',1,NULL,NULL,NULL,NULL),(1002,498,1,1,'',0,'2022-10-15 13:26:16',1,NULL,NULL,NULL,NULL),(1003,499,52,4,'',0,'2022-10-14 05:02:34',1,NULL,NULL,NULL,NULL),(1004,499,96,4,'',0,'2022-10-25 15:05:48',1,NULL,NULL,NULL,NULL),(1005,500,86,4,'',0,'2022-10-19 06:53:35',1,NULL,NULL,NULL,NULL),(1006,500,81,4,'',0,'2022-10-17 09:25:25',1,NULL,NULL,NULL,NULL),(1007,500,188,4,'',0,'2022-10-14 07:32:36',1,NULL,NULL,NULL,NULL),(1008,500,106,1,'',0,'2022-10-26 05:57:06',1,NULL,NULL,NULL,NULL),(1009,500,172,4,'',0,'2022-10-27 22:45:07',1,NULL,NULL,NULL,NULL),(1010,500,31,5,'',0,'2022-10-16 11:43:41',1,NULL,NULL,NULL,NULL),(1011,500,148,5,'',0,'2022-10-18 12:18:31',1,NULL,NULL,NULL,NULL),(1012,500,207,1,'',0,'2022-10-12 13:04:48',1,NULL,NULL,NULL,NULL),(1013,500,214,4,'',0,'2022-11-04 06:34:32',1,NULL,NULL,NULL,NULL),(1014,501,156,4,'',0,'2022-11-01 10:22:10',1,NULL,NULL,NULL,NULL),(1015,501,89,3,'',0,'2022-10-20 21:07:14',1,NULL,NULL,NULL,NULL),(1016,501,176,4,'',0,'2022-10-13 20:17:21',1,NULL,NULL,NULL,NULL),(1017,501,177,3,'',0,'2022-10-19 23:59:36',1,NULL,NULL,NULL,NULL),(1018,501,120,5,'',0,'2022-10-27 13:30:41',1,NULL,NULL,NULL,NULL),(1019,503,144,2,'',0,'2022-11-07 14:17:05',1,NULL,NULL,NULL,NULL),(1020,503,186,2,'',0,'2022-10-12 19:05:26',1,NULL,NULL,NULL,NULL),(1021,503,127,4,'',0,'2022-10-13 00:45:50',1,NULL,NULL,NULL,NULL),(1022,503,71,3,'',0,'2022-10-11 13:57:49',1,NULL,NULL,NULL,NULL),(1023,503,43,2,'',0,'2022-11-02 11:39:50',1,NULL,NULL,NULL,NULL),(1024,505,18,2,'',0,'2022-11-08 20:58:31',1,NULL,NULL,NULL,NULL),(1025,505,58,4,'',0,'2022-11-03 11:14:37',1,NULL,NULL,NULL,NULL),(1026,505,187,3,'',0,'2022-10-26 01:50:49',1,NULL,NULL,NULL,NULL),(1027,505,182,3,'',0,'2022-10-14 17:50:33',1,NULL,NULL,NULL,NULL),(1028,505,155,5,'',0,'2022-11-08 11:01:57',1,NULL,NULL,NULL,NULL),(1029,505,139,2,'',0,'2022-11-03 01:47:03',1,NULL,NULL,NULL,NULL),(1030,505,117,1,'',0,'2022-10-24 11:10:38',1,NULL,NULL,NULL,NULL),(1031,508,53,3,'',0,'2022-10-11 15:53:58',1,NULL,NULL,NULL,NULL),(1032,508,211,5,'',0,'2022-10-31 18:42:41',1,NULL,NULL,NULL,NULL),(1033,508,177,4,'',0,'2022-10-17 23:23:32',1,NULL,NULL,NULL,NULL),(1034,508,193,4,'',0,'2022-10-17 20:01:28',1,NULL,NULL,NULL,NULL),(1035,508,169,4,'',0,'2022-11-09 21:32:08',1,NULL,NULL,NULL,NULL),(1036,508,219,3,'',0,'2022-11-03 04:36:41',1,NULL,NULL,NULL,NULL),(1037,508,138,2,'',0,'2022-11-06 10:15:22',1,NULL,NULL,NULL,NULL),(1038,510,119,5,'',0,'2022-11-08 23:39:51',1,NULL,NULL,NULL,NULL),(1039,510,168,2,'',0,'2022-11-04 15:07:35',1,NULL,NULL,NULL,NULL),(1040,510,41,5,'',0,'2022-10-25 02:45:10',1,NULL,NULL,NULL,NULL),(1041,516,7,1,'',0,'2022-10-13 16:00:49',1,NULL,NULL,NULL,NULL),(1042,516,15,4,'',0,'2022-10-26 15:59:55',1,NULL,NULL,NULL,NULL),(1043,516,60,5,'',0,'2022-10-19 04:48:32',1,NULL,NULL,NULL,NULL),(1044,518,60,5,'',0,'2022-11-03 18:04:05',1,NULL,NULL,NULL,NULL),(1045,521,6,2,'',0,'2022-11-07 18:28:35',1,NULL,NULL,NULL,NULL),(1046,521,173,5,'',0,'2022-10-11 20:34:56',1,NULL,NULL,NULL,NULL),(1047,521,96,1,'',0,'2022-10-15 01:40:49',1,NULL,NULL,NULL,NULL),(1048,521,112,1,'',0,'2022-10-27 14:28:19',1,NULL,NULL,NULL,NULL),(1049,521,197,2,'',0,'2022-11-03 14:15:43',1,NULL,NULL,NULL,NULL),(1050,521,179,5,'',0,'2022-11-01 00:57:53',1,NULL,NULL,NULL,NULL),(1051,521,202,5,'',0,'2022-10-24 03:20:29',1,NULL,NULL,NULL,NULL),(1052,521,6,1,'',0,'2022-10-29 19:41:07',1,NULL,NULL,NULL,NULL),(1053,523,100,1,'',0,'2022-11-01 15:55:48',1,NULL,NULL,NULL,NULL),(1054,523,143,4,'',0,'2022-10-18 17:53:36',1,NULL,NULL,NULL,NULL),(1055,524,42,1,'',0,'2022-10-28 19:04:43',1,NULL,NULL,NULL,NULL),(1056,524,32,3,'',0,'2022-10-22 23:03:09',1,NULL,NULL,NULL,NULL),(1057,524,155,1,'',0,'2022-11-02 10:58:19',1,NULL,NULL,NULL,NULL),(1058,524,50,1,'',0,'2022-10-22 21:46:50',1,NULL,NULL,NULL,NULL),(1059,524,100,2,'',0,'2022-10-11 04:48:44',1,NULL,NULL,NULL,NULL),(1060,524,124,1,'',0,'2022-11-02 07:21:08',1,NULL,NULL,NULL,NULL),(1061,525,103,3,'',0,'2022-11-03 23:31:00',1,NULL,NULL,NULL,NULL),(1062,525,41,1,'',0,'2022-10-17 14:11:33',1,NULL,NULL,NULL,NULL),(1063,525,18,5,'',0,'2022-11-05 09:56:51',1,NULL,NULL,NULL,NULL),(1064,525,14,1,'',0,'2022-10-31 20:33:57',1,NULL,NULL,NULL,NULL),(1065,525,27,4,'',0,'2022-10-16 13:59:46',1,NULL,NULL,NULL,NULL),(1066,525,213,3,'',0,'2022-10-13 21:04:10',1,NULL,NULL,NULL,NULL),(1067,525,219,3,'',0,'2022-10-12 23:28:17',1,NULL,NULL,NULL,NULL),(1068,525,86,1,'',0,'2022-10-17 12:18:30',1,NULL,NULL,NULL,NULL),(1069,526,187,4,'',0,'2022-10-20 05:11:59',1,NULL,NULL,NULL,NULL),(1070,526,137,4,'',0,'2022-11-05 01:28:19',1,NULL,NULL,NULL,NULL),(1071,526,51,4,'',0,'2022-11-08 00:48:44',1,NULL,NULL,NULL,NULL),(1072,526,34,5,'',0,'2022-10-24 09:31:01',1,NULL,NULL,NULL,NULL),(1073,526,205,3,'',0,'2022-11-02 18:54:17',1,NULL,NULL,NULL,NULL),(1074,529,146,5,'',0,'2022-10-13 00:49:03',1,NULL,NULL,NULL,NULL),(1075,529,172,4,'',0,'2022-10-16 13:10:56',1,NULL,NULL,NULL,NULL),(1076,529,39,3,'',0,'2022-10-26 18:33:06',1,NULL,NULL,NULL,NULL),(1077,537,26,4,'',0,'2022-11-02 12:06:38',1,NULL,NULL,NULL,NULL),(1078,537,153,5,'',0,'2022-10-25 22:42:17',1,NULL,NULL,NULL,NULL),(1079,537,79,1,'',0,'2022-11-08 16:33:51',1,NULL,NULL,NULL,NULL),(1080,537,57,2,'',0,'2022-10-26 22:25:46',1,NULL,NULL,NULL,NULL),(1081,537,112,2,'',0,'2022-11-05 09:28:26',1,NULL,NULL,NULL,NULL),(1082,538,146,4,'',0,'2022-10-18 04:39:21',1,NULL,NULL,NULL,NULL),(1083,538,167,1,'',0,'2022-10-23 02:26:21',1,NULL,NULL,NULL,NULL),(1084,538,41,3,'',0,'2022-10-22 04:17:33',1,NULL,NULL,NULL,NULL),(1085,538,16,3,'',0,'2022-10-11 15:35:31',1,NULL,NULL,NULL,NULL),(1086,539,33,3,'',0,'2022-10-21 10:02:58',1,NULL,NULL,NULL,NULL),(1087,539,105,4,'',0,'2022-10-21 22:19:54',1,NULL,NULL,NULL,NULL),(1088,539,9,1,'',0,'2022-11-04 07:16:17',1,NULL,NULL,NULL,NULL),(1089,539,41,5,'',0,'2022-10-22 09:02:30',1,NULL,NULL,NULL,NULL),(1090,539,83,4,'',0,'2022-11-06 17:46:49',1,NULL,NULL,NULL,NULL),(1091,539,21,3,'',0,'2022-10-20 12:11:18',1,NULL,NULL,NULL,NULL),(1092,539,170,2,'',0,'2022-10-22 17:10:50',1,NULL,NULL,NULL,NULL),(1093,539,77,5,'',0,'2022-10-30 17:52:34',1,NULL,NULL,NULL,NULL),(1094,539,209,4,'',0,'2022-11-01 00:29:47',1,NULL,NULL,NULL,NULL),(1095,539,84,2,'',0,'2022-10-17 09:01:50',1,NULL,NULL,NULL,NULL),(1096,542,209,1,'',0,'2022-10-20 06:56:15',1,NULL,NULL,NULL,NULL),(1097,542,95,2,'',0,'2022-10-30 12:09:48',1,NULL,NULL,NULL,NULL),(1098,542,2,3,'',0,'2022-10-22 10:21:57',1,NULL,NULL,NULL,NULL),(1099,542,187,1,'',0,'2022-10-19 14:35:36',1,NULL,NULL,NULL,NULL),(1100,542,31,3,'',0,'2022-10-17 00:14:39',1,NULL,NULL,NULL,NULL),(1101,542,41,2,'',0,'2022-10-25 13:36:52',1,NULL,NULL,NULL,NULL),(1102,542,159,4,'',0,'2022-10-30 05:58:28',1,NULL,NULL,NULL,NULL),(1103,542,174,3,'',0,'2022-11-01 18:06:31',1,NULL,NULL,NULL,NULL),(1104,542,216,4,'',0,'2022-10-24 14:28:59',1,NULL,NULL,NULL,NULL),(1105,543,82,4,'',0,'2022-10-31 23:56:34',1,NULL,NULL,NULL,NULL),(1106,543,20,4,'',0,'2022-10-28 14:53:23',1,NULL,NULL,NULL,NULL),(1107,543,4,4,'',0,'2022-10-25 05:53:53',1,NULL,NULL,NULL,NULL),(1108,544,57,4,'',0,'2022-11-02 15:17:41',1,NULL,NULL,NULL,NULL),(1109,544,75,2,'',0,'2022-11-05 03:41:15',1,NULL,NULL,NULL,NULL),(1110,546,76,5,'',0,'2022-11-06 11:00:51',1,NULL,NULL,NULL,NULL),(1111,546,169,1,'',0,'2022-10-23 14:06:28',1,NULL,NULL,NULL,NULL),(1112,546,218,5,'',0,'2022-11-02 06:01:53',1,NULL,NULL,NULL,NULL),(1113,546,167,1,'',0,'2022-11-01 01:55:23',1,NULL,NULL,NULL,NULL),(1114,546,32,2,'',0,'2022-11-03 11:33:11',1,NULL,NULL,NULL,NULL),(1115,546,106,2,'',0,'2022-11-09 20:34:09',1,NULL,NULL,NULL,NULL),(1116,548,4,4,'',0,'2022-11-09 03:41:21',1,NULL,NULL,NULL,NULL),(1117,548,204,4,'',0,'2022-11-04 23:09:23',1,NULL,NULL,NULL,NULL),(1118,548,59,2,'',0,'2022-10-17 15:22:26',1,NULL,NULL,NULL,NULL),(1119,548,45,1,'',0,'2022-10-24 13:03:47',1,NULL,NULL,NULL,NULL),(1120,548,58,5,'',0,'2022-10-15 04:45:49',1,NULL,NULL,NULL,NULL),(1121,548,206,4,'',0,'2022-10-31 21:00:09',1,NULL,NULL,NULL,NULL),(1122,553,195,5,'',0,'2022-11-02 10:06:11',1,NULL,NULL,NULL,NULL),(1123,553,193,5,'',0,'2022-10-24 16:25:21',1,NULL,NULL,NULL,NULL),(1124,553,5,3,'',0,'2022-10-11 11:30:44',1,NULL,NULL,NULL,NULL),(1125,553,178,3,'',0,'2022-10-18 21:28:47',1,NULL,NULL,NULL,NULL),(1126,553,127,3,'',0,'2022-11-08 00:22:52',1,NULL,NULL,NULL,NULL),(1127,553,43,1,'',0,'2022-11-04 23:14:04',1,NULL,NULL,NULL,NULL),(1128,553,118,1,'',0,'2022-11-02 19:07:06',1,NULL,NULL,NULL,NULL),(1129,553,97,3,'',0,'2022-11-01 06:20:29',1,NULL,NULL,NULL,NULL),(1130,553,39,1,'',0,'2022-11-07 19:09:59',1,NULL,NULL,NULL,NULL),(1131,559,64,3,'',0,'2022-10-27 13:09:23',1,NULL,NULL,NULL,NULL),(1132,559,124,4,'',0,'2022-10-12 13:44:33',1,NULL,NULL,NULL,NULL),(1133,559,188,3,'',0,'2022-11-02 08:59:24',1,NULL,NULL,NULL,NULL),(1134,559,50,5,'',0,'2022-10-15 16:07:23',1,NULL,NULL,NULL,NULL),(1135,559,157,4,'',0,'2022-10-12 12:22:31',1,NULL,NULL,NULL,NULL),(1136,559,172,1,'',0,'2022-10-15 02:31:33',1,NULL,NULL,NULL,NULL),(1137,559,157,4,'',0,'2022-10-18 17:38:21',1,NULL,NULL,NULL,NULL),(1138,559,189,1,'',0,'2022-11-01 16:50:46',1,NULL,NULL,NULL,NULL),(1139,559,40,1,'',0,'2022-11-05 02:02:34',1,NULL,NULL,NULL,NULL),(1140,559,210,1,'',0,'2022-10-15 10:56:47',1,NULL,NULL,NULL,NULL),(1141,562,219,1,'',0,'2022-10-12 05:30:06',1,NULL,NULL,NULL,NULL),(1142,562,198,5,'',0,'2022-10-13 02:42:07',1,NULL,NULL,NULL,NULL),(1143,562,161,1,'',0,'2022-11-04 12:46:20',1,NULL,NULL,NULL,NULL),(1144,562,177,1,'',0,'2022-11-08 17:43:55',1,NULL,NULL,NULL,NULL),(1145,562,100,1,'',0,'2022-11-04 10:54:50',1,NULL,NULL,NULL,NULL),(1146,562,155,4,'',0,'2022-11-05 15:46:26',1,NULL,NULL,NULL,NULL),(1147,562,157,3,'',0,'2022-10-31 10:18:40',1,NULL,NULL,NULL,NULL),(1148,562,191,2,'',0,'2022-11-08 05:05:57',1,NULL,NULL,NULL,NULL),(1149,563,154,3,'',0,'2022-11-05 23:12:15',1,NULL,NULL,NULL,NULL),(1150,563,113,5,'',0,'2022-10-15 22:41:45',1,NULL,NULL,NULL,NULL),(1151,563,157,5,'',0,'2022-10-24 14:10:20',1,NULL,NULL,NULL,NULL),(1152,563,188,1,'',0,'2022-10-12 02:13:23',1,NULL,NULL,NULL,NULL),(1153,563,120,3,'',0,'2022-10-11 07:41:21',1,NULL,NULL,NULL,NULL),(1154,564,122,5,'',0,'2022-10-25 04:44:41',1,NULL,NULL,NULL,NULL),(1155,564,177,4,'',0,'2022-10-29 20:11:39',1,NULL,NULL,NULL,NULL),(1156,564,214,1,'',0,'2022-11-08 11:20:41',1,NULL,NULL,NULL,NULL),(1157,576,190,4,'',0,'2022-10-28 12:19:09',1,NULL,NULL,NULL,NULL),(1158,576,90,5,'',0,'2022-10-18 22:54:06',1,NULL,NULL,NULL,NULL),(1159,576,73,5,'',0,'2022-10-12 17:21:14',1,NULL,NULL,NULL,NULL),(1160,576,37,3,'',0,'2022-10-28 00:53:20',1,NULL,NULL,NULL,NULL),(1161,576,140,4,'',0,'2022-10-13 16:38:06',1,NULL,NULL,NULL,NULL),(1162,578,65,4,'',0,'2022-10-25 19:30:02',1,NULL,NULL,NULL,NULL),(1163,578,142,5,'',0,'2022-10-15 13:29:15',1,NULL,NULL,NULL,NULL),(1164,578,35,4,'',0,'2022-10-12 19:42:28',1,NULL,NULL,NULL,NULL),(1165,578,81,5,'',0,'2022-10-14 20:45:04',1,NULL,NULL,NULL,NULL),(1166,578,48,3,'',0,'2022-10-26 12:52:12',1,NULL,NULL,NULL,NULL),(1167,578,68,5,'',0,'2022-10-11 13:44:31',1,NULL,NULL,NULL,NULL),(1168,578,43,3,'',0,'2022-10-21 08:23:09',1,NULL,NULL,NULL,NULL),(1169,578,91,3,'',0,'2022-10-31 14:23:48',1,NULL,NULL,NULL,NULL),(1170,578,200,1,'',0,'2022-11-06 02:56:50',1,NULL,NULL,NULL,NULL),(1171,578,31,3,'',0,'2022-10-20 04:57:21',1,NULL,NULL,NULL,NULL),(1172,579,132,2,'',0,'2022-10-17 15:04:23',1,NULL,NULL,NULL,NULL),(1173,579,174,2,'',0,'2022-10-17 16:59:31',1,NULL,NULL,NULL,NULL),(1174,579,53,2,'',0,'2022-10-17 08:08:33',1,NULL,NULL,NULL,NULL),(1175,579,1,1,'',0,'2022-10-14 19:16:51',1,NULL,NULL,NULL,NULL),(1176,579,79,5,'',0,'2022-11-09 02:52:23',1,NULL,NULL,NULL,NULL),(1177,579,81,2,'',0,'2022-11-09 03:08:05',1,NULL,NULL,NULL,NULL),(1178,579,118,4,'',0,'2022-11-02 23:42:38',1,NULL,NULL,NULL,NULL),(1179,579,187,5,'',0,'2022-10-18 16:56:16',1,NULL,NULL,NULL,NULL),(1180,579,91,1,'',0,'2022-10-28 10:41:24',1,NULL,NULL,NULL,NULL),(1181,581,60,1,'',0,'2022-10-24 12:08:18',1,NULL,NULL,NULL,NULL),(1182,590,215,3,'',0,'2022-10-18 07:02:11',1,NULL,NULL,NULL,NULL),(1183,590,19,4,'',0,'2022-10-23 14:36:54',1,NULL,NULL,NULL,NULL),(1184,591,153,1,'',0,'2022-11-02 01:55:27',1,NULL,NULL,NULL,NULL),(1185,591,155,4,'',0,'2022-11-08 14:21:56',1,NULL,NULL,NULL,NULL),(1186,591,148,1,'',0,'2022-11-03 10:21:03',1,NULL,NULL,NULL,NULL),(1187,591,62,2,'',0,'2022-11-05 19:10:50',1,NULL,NULL,NULL,NULL),(1188,591,213,1,'',0,'2022-10-26 06:47:03',1,NULL,NULL,NULL,NULL),(1189,591,49,5,'',0,'2022-11-07 03:49:58',1,NULL,NULL,NULL,NULL),(1190,591,129,2,'',0,'2022-11-05 23:36:02',1,NULL,NULL,NULL,NULL),(1191,591,18,2,'',0,'2022-11-01 15:36:35',1,NULL,NULL,NULL,NULL),(1192,591,198,1,'',0,'2022-11-02 07:01:22',1,NULL,NULL,NULL,NULL),(1193,591,154,4,'',0,'2022-10-31 13:44:59',1,NULL,NULL,NULL,NULL),(1194,592,154,3,'',0,'2022-10-31 21:07:42',1,NULL,NULL,NULL,NULL),(1195,592,79,3,'',0,'2022-10-12 05:56:08',1,NULL,NULL,NULL,NULL),(1196,592,21,3,'',0,'2022-10-12 13:12:07',1,NULL,NULL,NULL,NULL),(1197,592,4,3,'',0,'2022-10-18 02:11:56',1,NULL,NULL,NULL,NULL),(1198,592,74,1,'',0,'2022-10-15 21:38:58',1,NULL,NULL,NULL,NULL),(1199,592,216,2,'',0,'2022-10-17 08:17:30',1,NULL,NULL,NULL,NULL),(1200,592,106,1,'',0,'2022-11-05 05:07:01',1,NULL,NULL,NULL,NULL),(1201,592,62,5,'',0,'2022-10-14 07:22:09',1,NULL,NULL,NULL,NULL),(1202,592,198,1,'',0,'2022-10-17 09:17:50',1,NULL,NULL,NULL,NULL),(1203,594,60,1,'',0,'2022-11-02 19:20:27',1,NULL,NULL,NULL,NULL),(1204,605,85,4,'',0,'2022-11-06 15:21:58',1,NULL,NULL,NULL,NULL),(1205,605,90,3,'',0,'2022-10-28 18:01:06',1,NULL,NULL,NULL,NULL),(1206,605,14,2,'',0,'2022-10-17 21:24:42',1,NULL,NULL,NULL,NULL),(1207,606,38,4,'',0,'2022-10-13 16:31:19',1,NULL,NULL,NULL,NULL),(1208,607,14,5,'',0,'2022-11-09 17:36:45',1,NULL,NULL,NULL,NULL),(1209,607,207,3,'',0,'2022-11-01 20:00:56',1,NULL,NULL,NULL,NULL),(1210,607,166,2,'',0,'2022-10-12 09:53:22',1,NULL,NULL,NULL,NULL),(1211,607,148,2,'',0,'2022-11-03 00:01:29',1,NULL,NULL,NULL,NULL),(1212,607,114,2,'',0,'2022-10-13 20:12:31',1,NULL,NULL,NULL,NULL),(1213,608,101,4,'',0,'2022-10-22 19:57:12',1,NULL,NULL,NULL,NULL),(1214,608,123,2,'',0,'2022-10-21 13:23:30',1,NULL,NULL,NULL,NULL),(1215,608,189,4,'',0,'2022-10-18 17:01:12',1,NULL,NULL,NULL,NULL),(1216,608,110,5,'',0,'2022-10-18 13:09:03',1,NULL,NULL,NULL,NULL),(1217,608,212,2,'',0,'2022-11-09 14:36:07',1,NULL,NULL,NULL,NULL),(1218,608,191,1,'',0,'2022-11-05 21:43:20',1,NULL,NULL,NULL,NULL),(1219,610,130,2,'',0,'2022-10-24 08:09:10',1,NULL,NULL,NULL,NULL),(1220,610,132,1,'',0,'2022-11-06 15:29:27',1,NULL,NULL,NULL,NULL),(1221,610,46,5,'',0,'2022-10-17 22:37:16',1,NULL,NULL,NULL,NULL),(1222,610,146,5,'',0,'2022-10-24 21:52:20',1,NULL,NULL,NULL,NULL),(1223,610,46,3,'',0,'2022-10-28 09:38:28',1,NULL,NULL,NULL,NULL),(1224,611,85,1,'',0,'2022-10-13 18:26:59',1,NULL,NULL,NULL,NULL),(1225,611,25,5,'',0,'2022-11-01 00:30:19',1,NULL,NULL,NULL,NULL),(1226,611,32,2,'',0,'2022-11-01 12:42:46',1,NULL,NULL,NULL,NULL),(1227,611,113,2,'',0,'2022-10-24 06:11:40',1,NULL,NULL,NULL,NULL),(1228,611,189,5,'',0,'2022-11-09 19:06:31',1,NULL,NULL,NULL,NULL),(1229,611,121,1,'',0,'2022-11-03 15:29:14',1,NULL,NULL,NULL,NULL),(1230,611,192,2,'',0,'2022-10-25 00:10:18',1,NULL,NULL,NULL,NULL),(1231,611,148,3,'',0,'2022-10-29 17:27:16',1,NULL,NULL,NULL,NULL),(1232,612,166,1,'',0,'2022-10-21 12:25:30',1,NULL,NULL,NULL,NULL),(1233,612,89,3,'',0,'2022-11-03 13:40:19',1,NULL,NULL,NULL,NULL),(1234,612,15,3,'',0,'2022-11-03 20:02:05',1,NULL,NULL,NULL,NULL),(1235,612,67,5,'',0,'2022-11-09 15:23:15',1,NULL,NULL,NULL,NULL),(1236,612,215,3,'',0,'2022-11-09 02:46:39',1,NULL,NULL,NULL,NULL),(1237,612,76,5,'',0,'2022-11-04 13:54:12',1,NULL,NULL,NULL,NULL),(1238,614,90,1,'',0,'2022-11-06 02:26:19',1,NULL,NULL,NULL,NULL),(1239,614,13,1,'',0,'2022-10-26 12:31:33',1,NULL,NULL,NULL,NULL),(1240,614,88,1,'',0,'2022-10-13 00:26:47',1,NULL,NULL,NULL,NULL),(1241,614,153,1,'',0,'2022-10-28 20:23:44',1,NULL,NULL,NULL,NULL),(1242,614,171,5,'',0,'2022-10-17 01:12:12',1,NULL,NULL,NULL,NULL),(1243,614,138,4,'',0,'2022-10-27 18:20:09',1,NULL,NULL,NULL,NULL),(1244,614,177,5,'',0,'2022-10-16 14:46:16',1,NULL,NULL,NULL,NULL),(1245,614,162,1,'',0,'2022-10-31 13:04:40',1,NULL,NULL,NULL,NULL),(1246,614,19,1,'',0,'2022-10-11 14:33:47',1,NULL,NULL,NULL,NULL),(1247,619,64,3,'',0,'2022-10-19 16:25:34',1,NULL,NULL,NULL,NULL),(1248,619,217,1,'',0,'2022-11-07 12:36:47',1,NULL,NULL,NULL,NULL),(1249,619,88,3,'',0,'2022-10-27 11:49:48',1,NULL,NULL,NULL,NULL),(1250,623,4,2,'',0,'2022-11-04 23:02:18',1,NULL,NULL,NULL,NULL),(1251,623,88,4,'',0,'2022-10-13 08:21:33',1,NULL,NULL,NULL,NULL),(1252,623,24,3,'',0,'2022-10-18 07:49:04',1,NULL,NULL,NULL,NULL),(1253,623,122,4,'',0,'2022-11-05 18:08:46',1,NULL,NULL,NULL,NULL),(1254,623,78,5,'',0,'2022-10-18 09:14:43',1,NULL,NULL,NULL,NULL),(1255,625,180,1,'',0,'2022-11-04 14:55:13',1,NULL,NULL,NULL,NULL),(1256,625,141,5,'',0,'2022-11-08 07:21:37',1,NULL,NULL,NULL,NULL),(1257,626,160,5,'',0,'2022-11-06 03:06:01',1,NULL,NULL,NULL,NULL),(1258,626,70,1,'',0,'2022-10-30 04:27:28',1,NULL,NULL,NULL,NULL),(1259,626,89,3,'',0,'2022-10-31 19:44:52',1,NULL,NULL,NULL,NULL),(1260,626,19,5,'',0,'2022-11-05 07:08:10',1,NULL,NULL,NULL,NULL),(1261,626,182,3,'',0,'2022-10-14 01:20:55',1,NULL,NULL,NULL,NULL),(1262,626,155,2,'',0,'2022-10-17 04:44:23',1,NULL,NULL,NULL,NULL),(1263,630,122,3,'',0,'2022-11-02 22:21:13',1,NULL,NULL,NULL,NULL),(1264,633,116,4,'',0,'2022-10-13 06:21:12',1,NULL,NULL,NULL,NULL),(1265,633,58,2,'',0,'2022-10-21 00:58:21',1,NULL,NULL,NULL,NULL),(1266,635,129,5,'',0,'2022-11-09 23:08:14',1,NULL,NULL,NULL,NULL),(1267,635,50,4,'',0,'2022-11-04 23:58:13',1,NULL,NULL,NULL,NULL),(1268,635,106,4,'',0,'2022-10-14 01:16:02',1,NULL,NULL,NULL,NULL),(1269,635,55,2,'',0,'2022-10-28 03:24:25',1,NULL,NULL,NULL,NULL),(1270,635,116,1,'',0,'2022-11-06 07:12:45',1,NULL,NULL,NULL,NULL),(1271,635,38,2,'',0,'2022-10-19 06:03:07',1,NULL,NULL,NULL,NULL),(1272,635,85,3,'',0,'2022-10-13 14:11:47',1,NULL,NULL,NULL,NULL),(1273,635,54,5,'',0,'2022-11-10 01:54:23',1,NULL,NULL,NULL,NULL),(1274,635,48,2,'',0,'2022-10-25 22:26:24',1,NULL,NULL,NULL,NULL),(1275,638,154,1,'',0,'2022-10-23 22:11:35',1,NULL,NULL,NULL,NULL),(1276,638,100,3,'',0,'2022-10-18 22:43:21',1,NULL,NULL,NULL,NULL),(1277,638,132,1,'',0,'2022-10-24 14:58:37',1,NULL,NULL,NULL,NULL),(1278,638,80,4,'',0,'2022-10-12 18:01:58',1,NULL,NULL,NULL,NULL),(1279,638,211,2,'',0,'2022-10-18 00:35:47',1,NULL,NULL,NULL,NULL),(1280,639,148,5,'',0,'2022-10-15 21:21:45',1,NULL,NULL,NULL,NULL),(1281,639,119,4,'',0,'2022-10-17 09:00:11',1,NULL,NULL,NULL,NULL),(1282,639,106,3,'',0,'2022-10-21 03:59:46',1,NULL,NULL,NULL,NULL),(1283,639,31,3,'',0,'2022-10-15 02:29:36',1,NULL,NULL,NULL,NULL),(1284,639,14,1,'',0,'2022-10-19 05:51:56',1,NULL,NULL,NULL,NULL),(1285,639,98,5,'',0,'2022-11-08 17:06:43',1,NULL,NULL,NULL,NULL),(1286,639,26,3,'',0,'2022-11-08 21:19:15',1,NULL,NULL,NULL,NULL),(1287,639,145,4,'',0,'2022-10-16 14:20:33',1,NULL,NULL,NULL,NULL),(1288,639,154,2,'',0,'2022-10-24 20:53:57',1,NULL,NULL,NULL,NULL),(1289,640,29,1,'',0,'2022-11-04 18:19:12',1,NULL,NULL,NULL,NULL),(1290,640,94,3,'',0,'2022-10-30 06:13:48',1,NULL,NULL,NULL,NULL),(1291,640,163,2,'',0,'2022-11-07 06:51:24',1,NULL,NULL,NULL,NULL),(1292,640,143,4,'',0,'2022-10-15 07:37:06',1,NULL,NULL,NULL,NULL),(1293,642,167,2,'',0,'2022-10-21 10:33:38',1,NULL,NULL,NULL,NULL),(1294,642,101,2,'',0,'2022-10-19 15:57:42',1,NULL,NULL,NULL,NULL),(1295,642,66,2,'',0,'2022-10-30 10:42:42',1,NULL,NULL,NULL,NULL),(1296,642,215,4,'',0,'2022-10-25 07:10:32',1,NULL,NULL,NULL,NULL),(1297,642,199,4,'',0,'2022-10-12 17:36:16',1,NULL,NULL,NULL,NULL),(1298,642,164,1,'',0,'2022-10-27 07:46:12',1,NULL,NULL,NULL,NULL),(1299,642,120,2,'',0,'2022-11-09 23:38:00',1,NULL,NULL,NULL,NULL),(1300,642,98,2,'',0,'2022-10-31 10:48:29',1,NULL,NULL,NULL,NULL),(1301,642,19,1,'',0,'2022-10-28 23:56:14',1,NULL,NULL,NULL,NULL),(1302,646,146,3,'',0,'2022-10-12 14:52:25',1,NULL,NULL,NULL,NULL),(1303,647,155,3,'',0,'2022-10-28 01:35:05',1,NULL,NULL,NULL,NULL),(1304,652,167,2,'',0,'2022-10-26 00:04:37',1,NULL,NULL,NULL,NULL),(1305,652,89,3,'',0,'2022-11-08 05:15:06',1,NULL,NULL,NULL,NULL),(1306,652,125,1,'',0,'2022-10-18 21:31:34',1,NULL,NULL,NULL,NULL),(1307,652,100,5,'',0,'2022-10-29 13:45:02',1,NULL,NULL,NULL,NULL),(1308,655,85,3,'',0,'2022-10-25 10:07:38',1,NULL,NULL,NULL,NULL),(1309,655,43,2,'',0,'2022-10-26 07:17:08',1,NULL,NULL,NULL,NULL),(1310,655,37,1,'',0,'2022-10-21 04:07:09',1,NULL,NULL,NULL,NULL),(1311,655,71,2,'',0,'2022-10-22 16:58:26',1,NULL,NULL,NULL,NULL),(1312,655,182,3,'',0,'2022-10-29 18:50:02',1,NULL,NULL,NULL,NULL),(1313,655,9,5,'',0,'2022-10-15 17:43:56',1,NULL,NULL,NULL,NULL),(1314,655,7,4,'',0,'2022-10-29 02:20:32',1,NULL,NULL,NULL,NULL),(1315,655,60,3,'',0,'2022-10-26 12:14:37',1,NULL,NULL,NULL,NULL),(1316,655,26,4,'',0,'2022-11-03 03:19:22',1,NULL,NULL,NULL,NULL),(1317,655,218,3,'',0,'2022-10-17 10:50:01',1,NULL,NULL,NULL,NULL),(1318,659,212,4,'',0,'2022-10-17 21:18:21',1,NULL,NULL,NULL,NULL),(1319,659,208,2,'',0,'2022-11-01 03:00:55',1,NULL,NULL,NULL,NULL),(1320,659,93,2,'',0,'2022-11-01 03:51:08',1,NULL,NULL,NULL,NULL),(1321,659,119,5,'',0,'2022-11-07 18:17:58',1,NULL,NULL,NULL,NULL),(1322,659,162,2,'',0,'2022-10-23 15:55:36',1,NULL,NULL,NULL,NULL),(1323,659,84,2,'',0,'2022-11-09 13:10:29',1,NULL,NULL,NULL,NULL),(1324,659,62,5,'',0,'2022-10-20 21:56:44',1,NULL,NULL,NULL,NULL),(1325,659,88,1,'',0,'2022-10-24 00:18:50',1,NULL,NULL,NULL,NULL),(1326,659,58,2,'',0,'2022-10-21 15:41:19',1,NULL,NULL,NULL,NULL),(1327,659,190,3,'',0,'2022-10-31 00:59:56',1,NULL,NULL,NULL,NULL),(1328,660,206,3,'',0,'2022-10-28 15:02:42',1,NULL,NULL,NULL,NULL),(1329,660,186,2,'',0,'2022-11-03 00:37:02',1,NULL,NULL,NULL,NULL),(1330,660,176,3,'',0,'2022-10-13 18:44:18',1,NULL,NULL,NULL,NULL),(1331,660,146,5,'',0,'2022-11-03 01:20:04',1,NULL,NULL,NULL,NULL),(1332,660,60,4,'',0,'2022-10-12 22:57:22',1,NULL,NULL,NULL,NULL),(1333,660,96,3,'',0,'2022-10-23 03:15:02',1,NULL,NULL,NULL,NULL),(1334,661,197,5,'',0,'2022-11-07 15:38:47',1,NULL,NULL,NULL,NULL),(1335,667,173,5,'',0,'2022-10-11 22:21:01',1,NULL,NULL,NULL,NULL),(1336,669,38,1,'',0,'2022-11-07 08:43:29',1,NULL,NULL,NULL,NULL),(1337,670,61,1,'',0,'2022-11-02 07:25:44',1,NULL,NULL,NULL,NULL),(1338,670,63,3,'',0,'2022-11-08 19:06:44',1,NULL,NULL,NULL,NULL),(1339,670,181,1,'',0,'2022-10-19 13:28:43',1,NULL,NULL,NULL,NULL),(1340,670,198,3,'',0,'2022-11-10 01:05:32',1,NULL,NULL,NULL,NULL),(1341,670,136,1,'',0,'2022-10-11 17:05:27',1,NULL,NULL,NULL,NULL),(1342,670,62,5,'',0,'2022-11-02 20:31:02',1,NULL,NULL,NULL,NULL),(1343,671,148,2,'',0,'2022-10-31 09:38:04',1,NULL,NULL,NULL,NULL),(1344,671,201,2,'',0,'2022-11-04 12:13:33',1,NULL,NULL,NULL,NULL),(1345,671,198,4,'',0,'2022-10-21 10:06:52',1,NULL,NULL,NULL,NULL),(1346,671,173,5,'',0,'2022-10-17 03:20:34',1,NULL,NULL,NULL,NULL),(1347,671,124,3,'',0,'2022-11-09 21:23:59',1,NULL,NULL,NULL,NULL),(1348,671,123,5,'',0,'2022-10-30 04:13:31',1,NULL,NULL,NULL,NULL),(1349,671,118,2,'',0,'2022-10-29 14:26:57',1,NULL,NULL,NULL,NULL),(1350,671,1,4,'',0,'2022-11-06 12:47:30',1,NULL,NULL,NULL,NULL),(1351,671,202,1,'',0,'2022-10-29 08:20:41',1,NULL,NULL,NULL,NULL),(1352,672,206,3,'',0,'2022-11-07 21:37:57',1,NULL,NULL,NULL,NULL),(1353,672,86,4,'',0,'2022-11-08 09:36:07',1,NULL,NULL,NULL,NULL),(1354,672,199,1,'',0,'2022-11-02 09:32:55',1,NULL,NULL,NULL,NULL),(1355,674,69,3,'',0,'2022-11-01 14:53:35',1,NULL,NULL,NULL,NULL),(1356,674,122,1,'',0,'2022-10-25 10:24:34',1,NULL,NULL,NULL,NULL),(1357,674,200,4,'',0,'2022-11-05 02:37:31',1,NULL,NULL,NULL,NULL),(1358,674,9,1,'',0,'2022-10-14 09:11:38',1,NULL,NULL,NULL,NULL),(1359,674,206,3,'',0,'2022-11-08 12:10:25',1,NULL,NULL,NULL,NULL),(1360,674,124,1,'',0,'2022-10-18 06:38:06',1,NULL,NULL,NULL,NULL),(1361,674,164,3,'',0,'2022-10-29 01:43:10',1,NULL,NULL,NULL,NULL),(1362,675,166,2,'',0,'2022-10-27 11:19:09',1,NULL,NULL,NULL,NULL),(1363,675,90,4,'',0,'2022-10-16 21:39:38',1,NULL,NULL,NULL,NULL),(1364,675,109,5,'',0,'2022-11-04 22:18:51',1,NULL,NULL,NULL,NULL),(1365,675,122,3,'',0,'2022-10-31 14:14:33',1,NULL,NULL,NULL,NULL),(1366,675,193,2,'',0,'2022-10-14 12:22:21',1,NULL,NULL,NULL,NULL),(1367,675,98,5,'',0,'2022-10-16 03:29:51',1,NULL,NULL,NULL,NULL),(1368,681,173,4,'',0,'2022-10-31 04:14:15',1,NULL,NULL,NULL,NULL),(1369,681,187,1,'',0,'2022-11-05 07:43:00',1,NULL,NULL,NULL,NULL),(1370,684,193,3,'',0,'2022-10-12 07:44:44',1,NULL,NULL,NULL,NULL),(1371,684,98,4,'',0,'2022-10-21 15:03:58',1,NULL,NULL,NULL,NULL),(1372,684,37,1,'',0,'2022-10-22 22:52:06',1,NULL,NULL,NULL,NULL),(1373,684,45,1,'',0,'2022-11-03 09:51:14',1,NULL,NULL,NULL,NULL),(1374,684,182,3,'',0,'2022-10-29 01:01:44',1,NULL,NULL,NULL,NULL),(1375,687,95,3,'',0,'2022-10-20 09:44:20',1,NULL,NULL,NULL,NULL),(1376,687,22,3,'',0,'2022-10-16 01:50:07',1,NULL,NULL,NULL,NULL),(1377,687,67,2,'',0,'2022-10-29 09:01:43',1,NULL,NULL,NULL,NULL),(1378,687,21,4,'',0,'2022-10-17 17:54:05',1,NULL,NULL,NULL,NULL),(1379,690,106,4,'',0,'2022-10-21 15:10:45',1,NULL,NULL,NULL,NULL),(1380,690,201,1,'',0,'2022-11-05 14:08:44',1,NULL,NULL,NULL,NULL),(1381,690,162,5,'',0,'2022-10-27 09:21:08',1,NULL,NULL,NULL,NULL),(1382,690,190,5,'',0,'2022-10-16 07:02:48',1,NULL,NULL,NULL,NULL),(1383,690,119,2,'',0,'2022-11-01 00:32:45',1,NULL,NULL,NULL,NULL),(1384,690,14,3,'',0,'2022-10-13 02:50:45',1,NULL,NULL,NULL,NULL),(1385,690,187,2,'',0,'2022-10-14 03:58:06',1,NULL,NULL,NULL,NULL),(1386,690,28,3,'',0,'2022-10-16 20:13:48',1,NULL,NULL,NULL,NULL),(1387,694,27,5,'',0,'2022-11-06 09:32:42',1,NULL,NULL,NULL,NULL),(1388,694,163,5,'',0,'2022-10-21 03:37:22',1,NULL,NULL,NULL,NULL),(1389,694,17,3,'',0,'2022-10-28 03:36:52',1,NULL,NULL,NULL,NULL),(1390,694,42,2,'',0,'2022-10-28 17:06:12',1,NULL,NULL,NULL,NULL),(1391,694,41,3,'',0,'2022-10-27 22:09:23',1,NULL,NULL,NULL,NULL),(1392,694,168,1,'',0,'2022-11-05 11:24:15',1,NULL,NULL,NULL,NULL),(1393,696,18,2,'',0,'2022-10-30 21:05:15',1,NULL,NULL,NULL,NULL),(1394,696,88,1,'',0,'2022-10-16 11:28:44',1,NULL,NULL,NULL,NULL),(1395,696,60,2,'',0,'2022-10-14 10:01:17',1,NULL,NULL,NULL,NULL),(1396,696,21,5,'',0,'2022-10-14 20:57:52',1,NULL,NULL,NULL,NULL),(1397,696,41,3,'',0,'2022-10-25 12:23:09',1,NULL,NULL,NULL,NULL),(1398,696,45,1,'',0,'2022-10-16 14:05:11',1,NULL,NULL,NULL,NULL),(1399,704,189,1,'',0,'2022-11-01 07:11:02',1,NULL,NULL,NULL,NULL),(1400,704,53,2,'',0,'2022-10-31 06:19:28',1,NULL,NULL,NULL,NULL),(1401,704,131,1,'',0,'2022-11-09 03:20:56',1,NULL,NULL,NULL,NULL),(1402,705,20,3,'',0,'2022-11-07 16:30:03',1,NULL,NULL,NULL,NULL),(1403,705,129,1,'',0,'2022-11-09 02:28:01',1,NULL,NULL,NULL,NULL),(1404,705,183,4,'',0,'2022-10-29 04:30:08',1,NULL,NULL,NULL,NULL),(1405,705,79,1,'',0,'2022-10-19 12:03:50',1,NULL,NULL,NULL,NULL),(1406,705,198,3,'',0,'2022-10-23 07:42:51',1,NULL,NULL,NULL,NULL),(1407,705,213,5,'',0,'2022-10-18 16:56:42',1,NULL,NULL,NULL,NULL),(1408,705,60,1,'',0,'2022-10-30 20:35:51',1,NULL,NULL,NULL,NULL),(1409,705,202,5,'',0,'2022-11-05 02:39:13',1,NULL,NULL,NULL,NULL),(1410,705,34,5,'',0,'2022-11-02 13:13:03',1,NULL,NULL,NULL,NULL),(1411,705,142,2,'',0,'2022-10-17 23:00:26',1,NULL,NULL,NULL,NULL),(1412,709,163,4,'',0,'2022-10-16 17:36:45',1,NULL,NULL,NULL,NULL),(1413,709,173,4,'',0,'2022-10-28 06:54:10',1,NULL,NULL,NULL,NULL),(1414,709,165,4,'',0,'2022-10-12 16:05:15',1,NULL,NULL,NULL,NULL),(1415,709,114,3,'',0,'2022-11-01 07:10:12',1,NULL,NULL,NULL,NULL),(1416,709,154,3,'',0,'2022-10-16 23:47:28',1,NULL,NULL,NULL,NULL),(1417,709,46,4,'',0,'2022-11-09 14:50:20',1,NULL,NULL,NULL,NULL),(1418,709,141,4,'',0,'2022-10-26 21:32:12',1,NULL,NULL,NULL,NULL),(1419,710,199,3,'',0,'2022-10-15 02:12:37',1,NULL,NULL,NULL,NULL),(1420,710,10,2,'',0,'2022-10-21 17:32:27',1,NULL,NULL,NULL,NULL),(1421,710,91,1,'',0,'2022-10-17 17:06:53',1,NULL,NULL,NULL,NULL),(1422,710,76,1,'',0,'2022-10-21 06:26:59',1,NULL,NULL,NULL,NULL),(1423,710,34,4,'',0,'2022-10-27 02:18:42',1,NULL,NULL,NULL,NULL),(1424,710,51,3,'',0,'2022-11-07 13:03:29',1,NULL,NULL,NULL,NULL),(1425,710,153,5,'',0,'2022-10-25 12:35:25',1,NULL,NULL,NULL,NULL),(1426,710,127,4,'',0,'2022-10-22 10:47:35',1,NULL,NULL,NULL,NULL),(1427,711,163,4,'',0,'2022-10-29 21:43:02',1,NULL,NULL,NULL,NULL),(1428,711,171,2,'',0,'2022-11-01 03:18:10',1,NULL,NULL,NULL,NULL),(1429,711,198,1,'',0,'2022-10-26 16:35:02',1,NULL,NULL,NULL,NULL),(1430,711,88,3,'',0,'2022-10-11 10:31:18',1,NULL,NULL,NULL,NULL),(1431,711,89,2,'',0,'2022-10-12 09:51:34',1,NULL,NULL,NULL,NULL),(1432,711,3,5,'',0,'2022-10-14 06:12:23',1,NULL,NULL,NULL,NULL),(1433,711,212,5,'',0,'2022-10-19 04:45:20',1,NULL,NULL,NULL,NULL),(1434,711,149,5,'',0,'2022-10-16 22:26:35',1,NULL,NULL,NULL,NULL),(1435,711,199,5,'',0,'2022-10-18 22:55:15',1,NULL,NULL,NULL,NULL),(1436,711,85,1,'',0,'2022-10-31 21:52:06',1,NULL,NULL,NULL,NULL),(1437,712,104,3,'',0,'2022-10-17 07:02:04',1,NULL,NULL,NULL,NULL),(1438,712,9,4,'',0,'2022-11-05 11:43:47',1,NULL,NULL,NULL,NULL),(1439,712,109,5,'',0,'2022-11-03 14:48:40',1,NULL,NULL,NULL,NULL),(1440,712,61,1,'',0,'2022-11-05 04:50:57',1,NULL,NULL,NULL,NULL),(1441,712,140,5,'',0,'2022-10-17 06:26:23',1,NULL,NULL,NULL,NULL),(1442,712,130,4,'',0,'2022-10-18 11:55:35',1,NULL,NULL,NULL,NULL),(1443,712,18,4,'',0,'2022-11-08 20:02:13',1,NULL,NULL,NULL,NULL),(1444,712,209,3,'',0,'2022-10-26 19:34:25',1,NULL,NULL,NULL,NULL),(1445,712,42,3,'',0,'2022-10-28 21:19:08',1,NULL,NULL,NULL,NULL),(1446,712,158,5,'',0,'2022-10-21 20:11:07',1,NULL,NULL,NULL,NULL),(1447,714,166,5,'',0,'2022-11-06 16:35:13',1,NULL,NULL,NULL,NULL),(1448,714,203,2,'',0,'2022-10-18 15:55:59',1,NULL,NULL,NULL,NULL),(1449,714,83,3,'',0,'2022-10-28 02:21:27',1,NULL,NULL,NULL,NULL),(1450,714,55,1,'',0,'2022-10-18 03:26:17',1,NULL,NULL,NULL,NULL),(1451,714,47,5,'',0,'2022-10-14 01:33:11',1,NULL,NULL,NULL,NULL),(1452,714,66,2,'',0,'2022-11-04 22:00:47',1,NULL,NULL,NULL,NULL),(1453,714,58,4,'',0,'2022-11-06 04:22:38',1,NULL,NULL,NULL,NULL),(1454,714,182,2,'',0,'2022-10-20 20:19:44',1,NULL,NULL,NULL,NULL),(1455,714,134,4,'',0,'2022-10-27 06:07:24',1,NULL,NULL,NULL,NULL),(1456,716,101,2,'',0,'2022-11-07 09:32:44',1,NULL,NULL,NULL,NULL),(1457,716,11,5,'',0,'2022-10-17 09:03:55',1,NULL,NULL,NULL,NULL),(1458,716,173,4,'',0,'2022-10-26 15:06:15',1,NULL,NULL,NULL,NULL),(1459,716,37,5,'',0,'2022-10-15 18:01:59',1,NULL,NULL,NULL,NULL),(1460,716,195,5,'',0,'2022-10-23 13:57:59',1,NULL,NULL,NULL,NULL),(1461,717,62,1,'',0,'2022-10-12 13:14:55',1,NULL,NULL,NULL,NULL),(1462,717,202,2,'',0,'2022-10-28 18:36:42',1,NULL,NULL,NULL,NULL),(1463,717,158,2,'',0,'2022-10-26 14:57:35',1,NULL,NULL,NULL,NULL),(1464,717,217,5,'',0,'2022-10-21 11:28:30',1,NULL,NULL,NULL,NULL),(1465,717,46,1,'',0,'2022-10-19 21:37:29',1,NULL,NULL,NULL,NULL),(1466,717,177,1,'',0,'2022-11-09 08:58:52',1,NULL,NULL,NULL,NULL),(1467,717,42,2,'',0,'2022-10-15 04:11:30',1,NULL,NULL,NULL,NULL),(1468,719,218,3,'',0,'2022-10-26 19:01:47',1,NULL,NULL,NULL,NULL),(1469,719,182,1,'',0,'2022-10-27 13:52:11',1,NULL,NULL,NULL,NULL),(1470,719,212,1,'',0,'2022-10-21 21:47:48',1,NULL,NULL,NULL,NULL),(1471,719,2,1,'',0,'2022-10-11 17:51:03',1,NULL,NULL,NULL,NULL),(1472,719,43,5,'',0,'2022-10-12 13:10:45',1,NULL,NULL,NULL,NULL),(1473,719,12,2,'',0,'2022-11-07 22:55:24',1,NULL,NULL,NULL,NULL),(1474,719,36,2,'',0,'2022-10-26 07:17:31',1,NULL,NULL,NULL,NULL),(1475,720,190,3,'',0,'2022-11-09 23:56:40',1,NULL,NULL,NULL,NULL),(1476,720,85,4,'',0,'2022-11-07 20:33:40',1,NULL,NULL,NULL,NULL),(1477,720,22,4,'',0,'2022-10-22 14:55:10',1,NULL,NULL,NULL,NULL),(1478,720,6,4,'',0,'2022-10-18 07:43:39',1,NULL,NULL,NULL,NULL),(1479,720,197,4,'',0,'2022-10-15 08:48:21',1,NULL,NULL,NULL,NULL),(1480,722,65,4,'',0,'2022-10-18 11:58:24',1,NULL,NULL,NULL,NULL),(1481,722,134,1,'',0,'2022-10-24 17:39:11',1,NULL,NULL,NULL,NULL),(1482,723,146,1,'',0,'2022-10-26 12:38:07',1,NULL,NULL,NULL,NULL),(1483,724,176,1,'',0,'2022-10-15 23:31:00',1,NULL,NULL,NULL,NULL),(1484,724,207,2,'',0,'2022-10-26 20:05:08',1,NULL,NULL,NULL,NULL),(1485,724,129,5,'',0,'2022-11-08 20:04:41',1,NULL,NULL,NULL,NULL),(1486,724,112,1,'',0,'2022-10-25 11:34:56',1,NULL,NULL,NULL,NULL),(1487,724,148,2,'',0,'2022-10-29 10:17:36',1,NULL,NULL,NULL,NULL),(1488,724,91,4,'',0,'2022-11-03 05:54:39',1,NULL,NULL,NULL,NULL),(1489,724,149,1,'',0,'2022-11-05 11:20:03',1,NULL,NULL,NULL,NULL),(1490,724,148,5,'',0,'2022-10-16 20:40:38',1,NULL,NULL,NULL,NULL),(1491,725,97,1,'',0,'2022-10-24 22:19:39',1,NULL,NULL,NULL,NULL),(1492,725,14,3,'',0,'2022-10-14 00:22:19',1,NULL,NULL,NULL,NULL),(1493,725,124,1,'',0,'2022-10-26 01:01:37',1,NULL,NULL,NULL,NULL),(1494,725,20,1,'',0,'2022-11-08 00:09:19',1,NULL,NULL,NULL,NULL),(1495,725,213,5,'',0,'2022-11-08 18:18:44',1,NULL,NULL,NULL,NULL),(1496,725,1,3,'',0,'2022-10-28 18:52:48',1,NULL,NULL,NULL,NULL),(1497,725,216,2,'',0,'2022-10-24 09:37:12',1,NULL,NULL,NULL,NULL),(1498,725,182,3,'',0,'2022-10-29 23:52:37',1,NULL,NULL,NULL,NULL),(1499,725,183,5,'',0,'2022-11-01 22:25:01',1,NULL,NULL,NULL,NULL),(1500,730,198,4,'',0,'2022-10-22 15:07:24',1,NULL,NULL,NULL,NULL),(1501,730,98,3,'',0,'2022-10-24 03:42:43',1,NULL,NULL,NULL,NULL),(1502,730,166,1,'',0,'2022-10-26 06:58:24',1,NULL,NULL,NULL,NULL),(1503,730,6,5,'',0,'2022-10-11 12:53:16',1,NULL,NULL,NULL,NULL),(1504,730,180,1,'',0,'2022-10-24 22:07:50',1,NULL,NULL,NULL,NULL),(1505,730,118,1,'',0,'2022-11-06 21:44:25',1,NULL,NULL,NULL,NULL),(1506,730,95,1,'',0,'2022-10-31 08:44:39',1,NULL,NULL,NULL,NULL),(1507,730,27,4,'',0,'2022-10-31 19:11:03',1,NULL,NULL,NULL,NULL),(1508,730,20,1,'',0,'2022-11-05 00:32:20',1,NULL,NULL,NULL,NULL),(1509,732,47,4,'',0,'2022-10-21 01:49:39',1,NULL,NULL,NULL,NULL),(1510,732,98,2,'',0,'2022-10-13 02:18:16',1,NULL,NULL,NULL,NULL),(1511,732,33,5,'',0,'2022-10-31 23:49:00',1,NULL,NULL,NULL,NULL),(1512,732,2,4,'',0,'2022-11-09 16:10:28',1,NULL,NULL,NULL,NULL),(1513,736,136,2,'',0,'2022-10-16 18:50:18',1,NULL,NULL,NULL,NULL),(1514,736,38,4,'',0,'2022-10-24 12:51:39',1,NULL,NULL,NULL,NULL),(1515,736,209,5,'',0,'2022-10-31 23:58:28',1,NULL,NULL,NULL,NULL),(1516,738,60,5,'',0,'2022-10-11 15:43:57',1,NULL,NULL,NULL,NULL),(1517,738,165,1,'',0,'2022-10-15 08:09:54',1,NULL,NULL,NULL,NULL),(1518,738,158,3,'',0,'2022-10-22 05:01:56',1,NULL,NULL,NULL,NULL),(1519,738,46,5,'',0,'2022-10-12 03:32:55',1,NULL,NULL,NULL,NULL),(1520,738,45,3,'',0,'2022-10-21 17:23:05',1,NULL,NULL,NULL,NULL),(1521,738,26,5,'',0,'2022-10-17 15:04:01',1,NULL,NULL,NULL,NULL),(1522,738,86,5,'',0,'2022-11-06 22:32:52',1,NULL,NULL,NULL,NULL),(1523,738,65,1,'',0,'2022-10-14 01:09:30',1,NULL,NULL,NULL,NULL),(1524,738,83,5,'',0,'2022-10-25 20:56:12',1,NULL,NULL,NULL,NULL),(1525,738,183,5,'',0,'2022-10-14 07:39:03',1,NULL,NULL,NULL,NULL),(1526,741,164,2,'',0,'2022-10-20 22:06:09',1,NULL,NULL,NULL,NULL),(1527,742,13,5,'',0,'2022-11-02 21:49:32',1,NULL,NULL,NULL,NULL),(1528,742,71,5,'',0,'2022-11-04 23:37:29',1,NULL,NULL,NULL,NULL),(1529,742,135,3,'',0,'2022-11-05 13:52:46',1,NULL,NULL,NULL,NULL),(1530,742,197,3,'',0,'2022-10-13 14:12:50',1,NULL,NULL,NULL,NULL),(1531,742,101,4,'',0,'2022-11-06 23:58:40',1,NULL,NULL,NULL,NULL),(1532,742,115,1,'',0,'2022-11-07 20:46:11',1,NULL,NULL,NULL,NULL),(1533,742,56,1,'',0,'2022-10-26 04:37:25',1,NULL,NULL,NULL,NULL),(1534,744,154,4,'',0,'2022-10-11 19:17:44',1,NULL,NULL,NULL,NULL),(1535,744,89,2,'',0,'2022-11-08 17:17:52',1,NULL,NULL,NULL,NULL),(1536,744,95,4,'',0,'2022-10-19 08:48:34',1,NULL,NULL,NULL,NULL),(1537,744,62,5,'',0,'2022-10-23 21:33:23',1,NULL,NULL,NULL,NULL),(1538,744,30,2,'',0,'2022-11-09 02:24:30',1,NULL,NULL,NULL,NULL),(1539,744,91,4,'',0,'2022-10-15 16:34:04',1,NULL,NULL,NULL,NULL),(1540,745,120,3,'',0,'2022-11-09 13:50:24',1,NULL,NULL,NULL,NULL),(1541,745,22,3,'',0,'2022-11-08 19:27:14',1,NULL,NULL,NULL,NULL),(1542,745,61,2,'',0,'2022-11-09 03:55:31',1,NULL,NULL,NULL,NULL),(1543,745,160,1,'',0,'2022-10-29 13:09:04',1,NULL,NULL,NULL,NULL),(1544,745,94,4,'',0,'2022-11-09 00:41:37',1,NULL,NULL,NULL,NULL),(1545,745,143,5,'',0,'2022-10-25 07:20:41',1,NULL,NULL,NULL,NULL),(1546,745,11,3,'',0,'2022-10-31 04:41:16',1,NULL,NULL,NULL,NULL),(1547,747,58,1,'',0,'2022-10-14 21:02:17',1,NULL,NULL,NULL,NULL),(1548,747,86,1,'',0,'2022-11-03 23:44:55',1,NULL,NULL,NULL,NULL),(1549,747,37,2,'',0,'2022-11-01 08:27:03',1,NULL,NULL,NULL,NULL),(1550,747,93,1,'',0,'2022-10-25 09:53:57',1,NULL,NULL,NULL,NULL),(1551,747,97,1,'',0,'2022-10-24 19:02:52',1,NULL,NULL,NULL,NULL),(1552,747,9,1,'',0,'2022-10-21 00:46:33',1,NULL,NULL,NULL,NULL),(1553,747,205,4,'',0,'2022-10-22 15:20:41',1,NULL,NULL,NULL,NULL),(1554,747,34,3,'',0,'2022-10-19 11:18:43',1,NULL,NULL,NULL,NULL),(1555,747,123,2,'',0,'2022-11-06 06:30:02',1,NULL,NULL,NULL,NULL),(1556,752,96,1,'',0,'2022-10-20 00:41:19',1,NULL,NULL,NULL,NULL),(1557,752,182,1,'',0,'2022-10-25 09:40:16',1,NULL,NULL,NULL,NULL),(1558,752,115,3,'',0,'2022-11-03 02:24:13',1,NULL,NULL,NULL,NULL),(1559,752,25,4,'',0,'2022-10-13 11:09:54',1,NULL,NULL,NULL,NULL),(1560,752,170,1,'',0,'2022-10-23 08:52:45',1,NULL,NULL,NULL,NULL),(1561,752,187,3,'',0,'2022-11-04 14:57:18',1,NULL,NULL,NULL,NULL),(1562,752,47,1,'',0,'2022-10-21 01:05:16',1,NULL,NULL,NULL,NULL),(1563,752,83,1,'',0,'2022-10-29 03:13:01',1,NULL,NULL,NULL,NULL),(1564,752,143,4,'',0,'2022-10-19 21:04:27',1,NULL,NULL,NULL,NULL),(1565,757,114,3,'',0,'2022-10-12 00:45:45',1,NULL,NULL,NULL,NULL),(1566,757,54,2,'',0,'2022-10-11 11:24:13',1,NULL,NULL,NULL,NULL),(1567,757,110,2,'',0,'2022-10-31 12:53:40',1,NULL,NULL,NULL,NULL),(1568,757,105,3,'',0,'2022-10-17 13:23:29',1,NULL,NULL,NULL,NULL),(1569,757,124,1,'',0,'2022-11-01 11:06:58',1,NULL,NULL,NULL,NULL),(1570,757,174,1,'',0,'2022-10-17 05:14:48',1,NULL,NULL,NULL,NULL),(1571,757,200,4,'',0,'2022-10-20 10:20:29',1,NULL,NULL,NULL,NULL),(1572,757,47,2,'',0,'2022-10-16 18:19:11',1,NULL,NULL,NULL,NULL),(1573,757,17,3,'',0,'2022-10-28 04:17:12',1,NULL,NULL,NULL,NULL),(1574,757,191,1,'',0,'2022-10-14 18:56:36',1,NULL,NULL,NULL,NULL),(1575,760,162,2,'',0,'2022-10-19 00:02:06',1,NULL,NULL,NULL,NULL),(1576,760,173,3,'',0,'2022-10-29 17:16:13',1,NULL,NULL,NULL,NULL),(1577,760,108,5,'',0,'2022-11-08 20:03:43',1,NULL,NULL,NULL,NULL),(1578,760,130,2,'',0,'2022-10-12 19:19:15',1,NULL,NULL,NULL,NULL),(1579,760,128,2,'',0,'2022-10-22 08:04:42',1,NULL,NULL,NULL,NULL),(1580,760,109,3,'',0,'2022-11-05 19:30:17',1,NULL,NULL,NULL,NULL),(1581,760,111,5,'',0,'2022-11-03 09:45:25',1,NULL,NULL,NULL,NULL),(1582,760,106,5,'',0,'2022-10-16 01:58:23',1,NULL,NULL,NULL,NULL),(1583,760,212,4,'',0,'2022-11-02 06:30:26',1,NULL,NULL,NULL,NULL),(1584,765,82,3,'',0,'2022-10-29 04:24:16',1,NULL,NULL,NULL,NULL),(1585,765,215,5,'',0,'2022-11-07 09:48:00',1,NULL,NULL,NULL,NULL),(1586,765,156,1,'',0,'2022-11-08 14:10:01',1,NULL,NULL,NULL,NULL),(1587,765,4,5,'',0,'2022-10-12 20:51:01',1,NULL,NULL,NULL,NULL),(1588,765,167,3,'',0,'2022-11-06 23:34:25',1,NULL,NULL,NULL,NULL),(1589,769,129,4,'',0,'2022-10-12 00:08:44',1,NULL,NULL,NULL,NULL),(1590,772,58,4,'',0,'2022-11-08 14:39:25',1,NULL,NULL,NULL,NULL),(1591,774,199,5,'',0,'2022-10-24 06:51:37',1,NULL,NULL,NULL,NULL),(1592,774,193,4,'',0,'2022-10-28 18:29:05',1,NULL,NULL,NULL,NULL),(1593,774,216,3,'',0,'2022-11-07 19:04:16',1,NULL,NULL,NULL,NULL),(1594,774,207,2,'',0,'2022-11-05 09:53:03',1,NULL,NULL,NULL,NULL),(1595,774,145,5,'',0,'2022-10-24 16:37:22',1,NULL,NULL,NULL,NULL),(1596,779,162,2,'',0,'2022-11-05 05:15:09',1,NULL,NULL,NULL,NULL),(1597,779,192,2,'',0,'2022-10-25 17:09:29',1,NULL,NULL,NULL,NULL),(1598,781,30,2,'',0,'2022-11-04 20:09:06',1,NULL,NULL,NULL,NULL),(1599,781,202,4,'',0,'2022-11-08 17:47:48',1,NULL,NULL,NULL,NULL),(1600,781,172,5,'',0,'2022-10-17 19:06:02',1,NULL,NULL,NULL,NULL),(1601,781,165,1,'',0,'2022-10-24 09:50:47',1,NULL,NULL,NULL,NULL),(1602,781,119,1,'',0,'2022-10-13 07:24:54',1,NULL,NULL,NULL,NULL),(1603,782,164,4,'',0,'2022-10-12 04:00:46',1,NULL,NULL,NULL,NULL),(1604,782,165,3,'',0,'2022-11-07 02:34:34',1,NULL,NULL,NULL,NULL),(1605,782,107,3,'',0,'2022-10-12 02:11:51',1,NULL,NULL,NULL,NULL),(1606,782,141,5,'',0,'2022-10-27 07:20:55',1,NULL,NULL,NULL,NULL),(1607,782,97,5,'',0,'2022-10-20 00:09:19',1,NULL,NULL,NULL,NULL),(1608,782,210,4,'',0,'2022-11-09 17:16:36',1,NULL,NULL,NULL,NULL),(1609,782,7,3,'',0,'2022-10-22 15:47:39',1,NULL,NULL,NULL,NULL),(1610,782,205,3,'',0,'2022-11-02 03:49:54',1,NULL,NULL,NULL,NULL),(1611,783,27,5,'',0,'2022-10-18 03:14:42',1,NULL,NULL,NULL,NULL),(1612,783,165,1,'',0,'2022-11-02 03:59:04',1,NULL,NULL,NULL,NULL),(1613,783,215,1,'',0,'2022-10-17 06:41:21',1,NULL,NULL,NULL,NULL),(1614,783,152,2,'',0,'2022-10-28 18:27:44',1,NULL,NULL,NULL,NULL),(1615,783,90,2,'',0,'2022-10-21 20:00:37',1,NULL,NULL,NULL,NULL),(1616,783,205,5,'',0,'2022-10-21 01:45:35',1,NULL,NULL,NULL,NULL),(1617,783,69,1,'',0,'2022-10-25 12:20:20',1,NULL,NULL,NULL,NULL),(1618,783,71,1,'',0,'2022-10-26 22:26:05',1,NULL,NULL,NULL,NULL),(1619,783,179,3,'',0,'2022-11-03 07:46:38',1,NULL,NULL,NULL,NULL),(1620,785,62,4,'',0,'2022-10-19 14:21:21',1,NULL,NULL,NULL,NULL),(1621,785,28,3,'',0,'2022-10-19 17:08:31',1,NULL,NULL,NULL,NULL),(1622,785,95,1,'',0,'2022-10-20 11:29:53',1,NULL,NULL,NULL,NULL),(1623,785,46,4,'',0,'2022-10-18 10:53:06',1,NULL,NULL,NULL,NULL),(1624,785,93,2,'',0,'2022-10-24 12:24:29',1,NULL,NULL,NULL,NULL),(1625,785,23,1,'',0,'2022-11-03 11:00:28',1,NULL,NULL,NULL,NULL),(1626,786,6,3,'',0,'2022-10-22 13:21:08',1,NULL,NULL,NULL,NULL),(1627,786,84,2,'',0,'2022-11-07 17:52:30',1,NULL,NULL,NULL,NULL),(1628,786,107,2,'',0,'2022-11-01 16:13:40',1,NULL,NULL,NULL,NULL),(1629,786,61,1,'',0,'2022-11-09 19:57:50',1,NULL,NULL,NULL,NULL),(1630,786,207,5,'',0,'2022-11-08 16:13:41',1,NULL,NULL,NULL,NULL),(1631,786,73,3,'',0,'2022-10-19 18:20:15',1,NULL,NULL,NULL,NULL),(1632,786,83,1,'',0,'2022-11-06 07:16:56',1,NULL,NULL,NULL,NULL),(1633,786,140,2,'',0,'2022-10-18 08:35:25',1,NULL,NULL,NULL,NULL),(1634,788,10,5,'',0,'2022-11-06 21:54:28',1,NULL,NULL,NULL,NULL),(1635,788,103,2,'',0,'2022-10-13 23:06:07',1,NULL,NULL,NULL,NULL),(1636,788,55,5,'',0,'2022-11-02 06:27:22',1,NULL,NULL,NULL,NULL),(1637,788,196,4,'',0,'2022-11-08 14:55:26',1,NULL,NULL,NULL,NULL),(1638,789,5,3,'',0,'2022-10-24 10:28:38',1,NULL,NULL,NULL,NULL),(1639,789,97,3,'',0,'2022-11-04 13:58:15',1,NULL,NULL,NULL,NULL),(1640,789,91,1,'',0,'2022-11-07 23:22:10',1,NULL,NULL,NULL,NULL),(1641,791,67,3,'',0,'2022-11-07 06:04:48',1,NULL,NULL,NULL,NULL),(1642,791,18,3,'',0,'2022-10-13 05:24:37',1,NULL,NULL,NULL,NULL),(1643,795,166,1,'',0,'2022-11-08 20:45:26',1,NULL,NULL,NULL,NULL),(1644,795,35,5,'',0,'2022-10-12 07:28:28',1,NULL,NULL,NULL,NULL),(1645,795,47,3,'',0,'2022-10-17 22:18:50',1,NULL,NULL,NULL,NULL),(1646,795,89,4,'',0,'2022-10-18 01:41:42',1,NULL,NULL,NULL,NULL),(1647,795,7,4,'',0,'2022-11-01 03:39:07',1,NULL,NULL,NULL,NULL),(1648,796,96,2,'',0,'2022-10-20 11:12:57',1,NULL,NULL,NULL,NULL),(1649,798,190,4,'',0,'2022-10-27 08:55:11',1,NULL,NULL,NULL,NULL),(1650,798,127,5,'',0,'2022-10-14 23:18:24',1,NULL,NULL,NULL,NULL),(1651,798,123,1,'',0,'2022-11-09 06:08:36',1,NULL,NULL,NULL,NULL),(1652,798,116,2,'',0,'2022-10-25 23:27:38',1,NULL,NULL,NULL,NULL),(1653,798,74,3,'',0,'2022-10-31 00:43:56',1,NULL,NULL,NULL,NULL),(1654,798,11,3,'',0,'2022-10-28 13:51:44',1,NULL,NULL,NULL,NULL),(1655,798,86,3,'',0,'2022-10-21 05:26:55',1,NULL,NULL,NULL,NULL),(1656,798,183,5,'',0,'2022-11-07 10:57:12',1,NULL,NULL,NULL,NULL),(1657,807,8,2,'',0,'2022-11-03 11:44:58',1,NULL,NULL,NULL,NULL),(1658,807,164,3,'',0,'2022-11-02 01:04:24',1,NULL,NULL,NULL,NULL),(1659,807,176,3,'',0,'2022-11-06 23:45:58',1,NULL,NULL,NULL,NULL),(1660,807,118,2,'',0,'2022-11-03 03:31:51',1,NULL,NULL,NULL,NULL),(1661,807,138,4,'',0,'2022-10-11 16:29:44',1,NULL,NULL,NULL,NULL),(1662,807,129,4,'',0,'2022-11-07 11:08:35',1,NULL,NULL,NULL,NULL),(1663,807,43,2,'',0,'2022-10-28 20:09:15',1,NULL,NULL,NULL,NULL),(1664,807,102,2,'',0,'2022-11-07 23:34:52',1,NULL,NULL,NULL,NULL),(1665,818,106,5,'',0,'2022-10-23 15:01:52',1,NULL,NULL,NULL,NULL),(1666,818,31,5,'',0,'2022-11-07 13:26:08',1,NULL,NULL,NULL,NULL),(1667,818,196,3,'',0,'2022-11-05 01:29:25',1,NULL,NULL,NULL,NULL),(1668,818,85,2,'',0,'2022-10-16 18:47:45',1,NULL,NULL,NULL,NULL),(1669,818,134,1,'',0,'2022-10-18 23:13:03',1,NULL,NULL,NULL,NULL),(1670,820,109,1,'',0,'2022-11-09 08:17:03',1,NULL,NULL,NULL,NULL),(1671,820,124,3,'',0,'2022-10-25 16:08:49',1,NULL,NULL,NULL,NULL),(1672,820,37,2,'',0,'2022-10-31 07:00:40',1,NULL,NULL,NULL,NULL),(1673,823,95,1,'',0,'2022-10-12 13:55:32',1,NULL,NULL,NULL,NULL),(1674,823,156,1,'',0,'2022-10-23 00:21:32',1,NULL,NULL,NULL,NULL),(1675,823,108,2,'',0,'2022-10-19 19:18:11',1,NULL,NULL,NULL,NULL),(1676,823,163,4,'',0,'2022-10-27 09:25:12',1,NULL,NULL,NULL,NULL),(1677,823,29,2,'',0,'2022-10-31 21:13:40',1,NULL,NULL,NULL,NULL),(1678,823,145,5,'',0,'2022-10-27 11:13:11',1,NULL,NULL,NULL,NULL),(1679,823,38,1,'',0,'2022-11-03 07:23:42',1,NULL,NULL,NULL,NULL),(1680,823,36,4,'',0,'2022-11-06 05:10:38',1,NULL,NULL,NULL,NULL),(1681,823,195,4,'',0,'2022-10-13 14:29:19',1,NULL,NULL,NULL,NULL),(1682,824,180,3,'',0,'2022-11-07 00:08:17',1,NULL,NULL,NULL,NULL),(1683,824,169,5,'',0,'2022-10-31 17:06:55',1,NULL,NULL,NULL,NULL),(1684,824,172,1,'',0,'2022-11-07 21:22:38',1,NULL,NULL,NULL,NULL),(1685,824,72,3,'',0,'2022-10-19 16:44:00',1,NULL,NULL,NULL,NULL),(1686,824,137,3,'',0,'2022-11-01 13:34:01',1,NULL,NULL,NULL,NULL),(1687,824,84,2,'',0,'2022-11-09 00:27:12',1,NULL,NULL,NULL,NULL),(1688,824,111,1,'',0,'2022-10-20 13:22:28',1,NULL,NULL,NULL,NULL),(1689,824,117,4,'',0,'2022-10-26 02:22:10',1,NULL,NULL,NULL,NULL),(1690,824,32,2,'',0,'2022-10-23 00:07:58',1,NULL,NULL,NULL,NULL),(1691,824,184,2,'',0,'2022-10-17 03:41:38',1,NULL,NULL,NULL,NULL),(1692,828,179,2,'',0,'2022-10-29 20:44:07',1,NULL,NULL,NULL,NULL),(1693,828,31,3,'',0,'2022-10-27 22:31:30',1,NULL,NULL,NULL,NULL),(1694,828,174,3,'',0,'2022-10-23 14:47:18',1,NULL,NULL,NULL,NULL),(1695,828,43,3,'',0,'2022-11-07 16:03:56',1,NULL,NULL,NULL,NULL),(1696,830,190,4,'',0,'2022-10-14 17:16:06',1,NULL,NULL,NULL,NULL),(1697,830,121,4,'',0,'2022-10-17 00:13:58',1,NULL,NULL,NULL,NULL),(1698,831,15,2,'',0,'2022-10-12 17:38:28',1,NULL,NULL,NULL,NULL),(1699,831,152,1,'',0,'2022-11-01 16:22:12',1,NULL,NULL,NULL,NULL),(1700,832,98,5,'',0,'2022-10-14 08:11:23',1,NULL,NULL,NULL,NULL),(1701,832,117,2,'',0,'2022-10-16 19:44:50',1,NULL,NULL,NULL,NULL),(1702,835,98,5,'',0,'2022-10-22 22:49:10',1,NULL,NULL,NULL,NULL),(1703,837,219,3,'',0,'2022-10-30 14:16:42',1,NULL,NULL,NULL,NULL),(1704,837,120,1,'',0,'2022-11-08 03:36:05',1,NULL,NULL,NULL,NULL),(1705,837,150,1,'',0,'2022-10-12 20:45:34',1,NULL,NULL,NULL,NULL),(1706,837,41,4,'',0,'2022-10-18 01:20:47',1,NULL,NULL,NULL,NULL),(1707,837,98,3,'',0,'2022-10-26 01:22:23',1,NULL,NULL,NULL,NULL),(1708,837,18,3,'',0,'2022-10-25 10:32:06',1,NULL,NULL,NULL,NULL),(1709,837,36,5,'',0,'2022-11-07 04:08:32',1,NULL,NULL,NULL,NULL),(1710,837,16,1,'',0,'2022-11-08 01:35:28',1,NULL,NULL,NULL,NULL),(1711,841,65,4,'',0,'2022-10-21 14:25:16',1,NULL,NULL,NULL,NULL),(1712,841,10,2,'',0,'2022-11-10 01:37:45',1,NULL,NULL,NULL,NULL),(1713,841,181,1,'',0,'2022-10-26 18:23:57',1,NULL,NULL,NULL,NULL),(1714,841,106,2,'',0,'2022-10-25 06:17:58',1,NULL,NULL,NULL,NULL),(1715,841,197,2,'',0,'2022-10-19 02:30:56',1,NULL,NULL,NULL,NULL),(1716,841,41,5,'',0,'2022-11-04 09:29:35',1,NULL,NULL,NULL,NULL),(1717,851,190,1,'',0,'2022-10-21 11:19:36',1,NULL,NULL,NULL,NULL),(1718,851,148,3,'',0,'2022-10-24 13:28:20',1,NULL,NULL,NULL,NULL),(1719,851,205,2,'',0,'2022-10-15 22:00:04',1,NULL,NULL,NULL,NULL),(1720,851,179,4,'',0,'2022-11-02 14:06:50',1,NULL,NULL,NULL,NULL),(1721,851,103,3,'',0,'2022-10-27 16:34:32',1,NULL,NULL,NULL,NULL),(1722,851,8,3,'',0,'2022-10-22 22:37:38',1,NULL,NULL,NULL,NULL),(1723,851,197,4,'',0,'2022-11-05 04:47:35',1,NULL,NULL,NULL,NULL),(1724,851,183,2,'',0,'2022-10-21 09:58:44',1,NULL,NULL,NULL,NULL),(1725,852,155,1,'',0,'2022-10-24 00:23:48',1,NULL,NULL,NULL,NULL),(1726,852,85,5,'',0,'2022-11-07 17:38:23',1,NULL,NULL,NULL,NULL),(1727,852,178,1,'',0,'2022-10-26 18:55:32',1,NULL,NULL,NULL,NULL),(1728,856,2,3,'',0,'2022-11-05 16:00:54',1,NULL,NULL,NULL,NULL),(1729,859,181,5,'',0,'2022-10-25 10:53:59',1,NULL,NULL,NULL,NULL),(1730,859,175,3,'',0,'2022-10-16 09:03:59',1,NULL,NULL,NULL,NULL),(1731,860,139,3,'',0,'2022-10-26 14:11:58',1,NULL,NULL,NULL,NULL),(1732,860,83,4,'',0,'2022-10-19 00:44:37',1,NULL,NULL,NULL,NULL),(1733,860,62,5,'',0,'2022-11-02 08:50:03',1,NULL,NULL,NULL,NULL),(1734,860,200,3,'',0,'2022-10-27 10:38:07',1,NULL,NULL,NULL,NULL),(1735,860,189,5,'',0,'2022-10-26 14:05:38',1,NULL,NULL,NULL,NULL),(1736,860,174,4,'',0,'2022-11-03 02:53:44',1,NULL,NULL,NULL,NULL),(1737,860,103,1,'',0,'2022-10-28 22:24:51',1,NULL,NULL,NULL,NULL),(1738,861,5,1,'',0,'2022-10-16 23:26:51',1,NULL,NULL,NULL,NULL),(1739,862,154,2,'',0,'2022-10-25 14:11:22',1,NULL,NULL,NULL,NULL),(1740,862,24,5,'',0,'2022-10-16 19:24:16',1,NULL,NULL,NULL,NULL),(1741,862,96,3,'',0,'2022-10-14 19:52:49',1,NULL,NULL,NULL,NULL),(1742,862,96,2,'',0,'2022-10-17 10:30:23',1,NULL,NULL,NULL,NULL),(1743,862,36,4,'',0,'2022-11-03 14:50:14',1,NULL,NULL,NULL,NULL),(1744,862,62,4,'',0,'2022-10-11 22:33:53',1,NULL,NULL,NULL,NULL),(1745,862,212,3,'',0,'2022-10-19 21:58:10',1,NULL,NULL,NULL,NULL),(1746,862,206,1,'',0,'2022-11-08 14:29:37',1,NULL,NULL,NULL,NULL),(1747,862,201,1,'',0,'2022-10-22 18:25:40',1,NULL,NULL,NULL,NULL),(1748,862,22,1,'',0,'2022-11-07 17:52:11',1,NULL,NULL,NULL,NULL),(1749,866,114,1,'',0,'2022-10-16 23:21:05',1,NULL,NULL,NULL,NULL),(1750,866,162,2,'',0,'2022-10-18 03:34:57',1,NULL,NULL,NULL,NULL),(1751,866,171,2,'',0,'2022-10-14 12:19:30',1,NULL,NULL,NULL,NULL),(1752,866,38,3,'',0,'2022-10-30 18:41:57',1,NULL,NULL,NULL,NULL),(1753,866,101,4,'',0,'2022-11-08 04:18:37',1,NULL,NULL,NULL,NULL),(1754,866,143,4,'',0,'2022-10-23 00:22:29',1,NULL,NULL,NULL,NULL),(1755,866,196,3,'',0,'2022-10-29 11:58:22',1,NULL,NULL,NULL,NULL),(1756,866,174,2,'',0,'2022-10-25 23:18:53',1,NULL,NULL,NULL,NULL),(1757,866,107,2,'',0,'2022-10-12 08:50:39',1,NULL,NULL,NULL,NULL),(1758,866,163,5,'',0,'2022-10-25 16:20:00',1,NULL,NULL,NULL,NULL),(1759,870,217,1,'',0,'2022-10-26 08:25:15',1,NULL,NULL,NULL,NULL),(1760,870,179,3,'',0,'2022-11-08 00:31:32',1,NULL,NULL,NULL,NULL),(1761,870,217,5,'',0,'2022-10-12 15:36:27',1,NULL,NULL,NULL,NULL),(1762,870,93,1,'',0,'2022-10-22 21:23:29',1,NULL,NULL,NULL,NULL),(1763,870,196,1,'',0,'2022-11-09 02:22:49',1,NULL,NULL,NULL,NULL),(1764,870,80,1,'',0,'2022-10-17 16:59:35',1,NULL,NULL,NULL,NULL),(1765,870,35,4,'',0,'2022-10-30 03:52:51',1,NULL,NULL,NULL,NULL),(1766,870,141,2,'',0,'2022-10-31 00:56:27',1,NULL,NULL,NULL,NULL),(1767,870,180,2,'',0,'2022-10-13 00:49:51',1,NULL,NULL,NULL,NULL),(1768,871,58,5,'',0,'2022-10-29 23:07:57',1,NULL,NULL,NULL,NULL),(1769,871,193,5,'',0,'2022-11-09 20:51:03',1,NULL,NULL,NULL,NULL),(1770,872,157,2,'',0,'2022-10-21 08:45:50',1,NULL,NULL,NULL,NULL),(1771,872,15,1,'',0,'2022-10-19 15:10:04',1,NULL,NULL,NULL,NULL),(1772,872,55,1,'',0,'2022-10-28 10:44:42',1,NULL,NULL,NULL,NULL),(1773,872,186,2,'',0,'2022-11-09 07:54:26',1,NULL,NULL,NULL,NULL),(1774,875,20,4,'',0,'2022-10-11 20:54:06',1,NULL,NULL,NULL,NULL),(1775,883,79,2,'',0,'2022-10-30 01:32:00',1,NULL,NULL,NULL,NULL),(1776,883,146,3,'',0,'2022-11-05 03:50:47',1,NULL,NULL,NULL,NULL),(1777,884,38,4,'',0,'2022-10-16 11:45:16',1,NULL,NULL,NULL,NULL),(1778,884,86,3,'',0,'2022-10-27 23:44:23',1,NULL,NULL,NULL,NULL),(1779,884,158,5,'',0,'2022-10-16 04:51:25',1,NULL,NULL,NULL,NULL),(1780,884,103,2,'',0,'2022-10-22 06:08:42',1,NULL,NULL,NULL,NULL),(1781,884,160,4,'',0,'2022-10-30 04:03:47',1,NULL,NULL,NULL,NULL),(1782,884,137,3,'',0,'2022-10-18 02:06:09',1,NULL,NULL,NULL,NULL),(1783,884,204,2,'',0,'2022-10-16 03:48:00',1,NULL,NULL,NULL,NULL),(1784,885,180,1,'',0,'2022-10-15 04:21:31',1,NULL,NULL,NULL,NULL),(1785,885,193,5,'',0,'2022-10-17 21:40:43',1,NULL,NULL,NULL,NULL),(1786,887,63,4,'',0,'2022-11-05 06:21:52',1,NULL,NULL,NULL,NULL),(1787,887,103,5,'',0,'2022-11-02 17:11:29',1,NULL,NULL,NULL,NULL),(1788,887,51,1,'',0,'2022-10-12 16:12:51',1,NULL,NULL,NULL,NULL),(1789,887,145,1,'',0,'2022-10-23 03:22:21',1,NULL,NULL,NULL,NULL),(1790,887,153,4,'',0,'2022-10-14 18:54:14',1,NULL,NULL,NULL,NULL),(1791,889,6,3,'',0,'2022-11-05 18:59:29',1,NULL,NULL,NULL,NULL),(1792,889,71,2,'',0,'2022-10-24 03:11:07',1,NULL,NULL,NULL,NULL),(1793,889,166,4,'',0,'2022-10-22 12:33:51',1,NULL,NULL,NULL,NULL),(1794,889,143,3,'',0,'2022-11-08 08:23:33',1,NULL,NULL,NULL,NULL),(1795,889,109,3,'',0,'2022-10-15 06:20:02',1,NULL,NULL,NULL,NULL),(1796,889,73,4,'',0,'2022-11-08 09:30:43',1,NULL,NULL,NULL,NULL),(1797,896,197,1,'',0,'2022-10-15 19:14:03',1,NULL,NULL,NULL,NULL),(1798,896,8,5,'',0,'2022-11-05 13:03:54',1,NULL,NULL,NULL,NULL),(1799,896,89,1,'',0,'2022-11-04 22:39:41',1,NULL,NULL,NULL,NULL),(1800,896,198,5,'',0,'2022-10-15 07:20:06',1,NULL,NULL,NULL,NULL),(1801,896,159,2,'',0,'2022-10-31 14:52:54',1,NULL,NULL,NULL,NULL),(1802,900,93,1,'',0,'2022-10-22 23:03:42',1,NULL,NULL,NULL,NULL),(1803,900,26,1,'',0,'2022-10-26 18:25:57',1,NULL,NULL,NULL,NULL),(1804,900,179,4,'',0,'2022-10-13 09:12:21',1,NULL,NULL,NULL,NULL),(1805,900,193,5,'',0,'2022-11-06 20:10:43',1,NULL,NULL,NULL,NULL),(1806,900,89,4,'',0,'2022-11-02 12:01:25',1,NULL,NULL,NULL,NULL),(1807,900,115,3,'',0,'2022-10-29 10:30:09',1,NULL,NULL,NULL,NULL),(1808,900,214,5,'',0,'2022-10-24 11:15:17',1,NULL,NULL,NULL,NULL),(1809,900,26,4,'',0,'2022-10-18 16:09:05',1,NULL,NULL,NULL,NULL),(1810,903,160,2,'',0,'2022-11-01 17:14:06',1,NULL,NULL,NULL,NULL),(1811,903,20,4,'',0,'2022-11-01 13:38:03',1,NULL,NULL,NULL,NULL),(1812,903,177,2,'',0,'2022-10-31 12:46:15',1,NULL,NULL,NULL,NULL),(1813,903,19,2,'',0,'2022-10-26 09:29:09',1,NULL,NULL,NULL,NULL),(1814,903,190,2,'',0,'2022-10-14 06:24:00',1,NULL,NULL,NULL,NULL),(1815,903,172,2,'',0,'2022-10-26 05:28:08',1,NULL,NULL,NULL,NULL),(1816,903,179,4,'',0,'2022-11-09 22:56:57',1,NULL,NULL,NULL,NULL),(1817,903,185,2,'',0,'2022-10-29 10:41:10',1,NULL,NULL,NULL,NULL),(1818,903,89,3,'',0,'2022-10-18 07:06:32',1,NULL,NULL,NULL,NULL),(1819,904,106,5,'',0,'2022-10-23 04:49:58',1,NULL,NULL,NULL,NULL),(1820,904,23,4,'',0,'2022-11-07 15:53:15',1,NULL,NULL,NULL,NULL),(1821,904,88,1,'',0,'2022-10-28 02:55:59',1,NULL,NULL,NULL,NULL),(1822,906,128,3,'',0,'2022-10-14 03:11:54',1,NULL,NULL,NULL,NULL),(1823,906,200,4,'',0,'2022-10-25 13:47:54',1,NULL,NULL,NULL,NULL),(1824,906,108,5,'',0,'2022-10-19 10:00:15',1,NULL,NULL,NULL,NULL),(1825,910,209,3,'',0,'2022-10-27 09:41:27',1,NULL,NULL,NULL,NULL),(1826,910,166,5,'',0,'2022-10-22 04:55:30',1,NULL,NULL,NULL,NULL),(1827,910,63,4,'',0,'2022-10-30 06:49:10',1,NULL,NULL,NULL,NULL),(1828,910,169,3,'',0,'2022-10-16 16:29:36',1,NULL,NULL,NULL,NULL),(1829,911,39,4,'',0,'2022-11-09 05:12:31',1,NULL,NULL,NULL,NULL),(1830,911,163,2,'',0,'2022-11-04 15:06:38',1,NULL,NULL,NULL,NULL),(1831,913,183,1,'',0,'2022-11-01 01:52:31',1,NULL,NULL,NULL,NULL),(1832,913,167,4,'',0,'2022-10-19 19:14:38',1,NULL,NULL,NULL,NULL),(1833,913,186,1,'',0,'2022-10-11 19:03:42',1,NULL,NULL,NULL,NULL),(1834,913,179,5,'',0,'2022-10-30 00:45:43',1,NULL,NULL,NULL,NULL),(1835,913,198,4,'',0,'2022-10-21 01:04:36',1,NULL,NULL,NULL,NULL),(1836,914,103,4,'',0,'2022-11-03 19:00:08',1,NULL,NULL,NULL,NULL),(1837,914,141,3,'',0,'2022-11-02 03:04:09',1,NULL,NULL,NULL,NULL),(1838,914,156,1,'',0,'2022-10-16 11:01:56',1,NULL,NULL,NULL,NULL),(1839,915,201,1,'',0,'2022-10-16 13:08:35',1,NULL,NULL,NULL,NULL),(1840,915,154,2,'',0,'2022-11-04 17:08:18',1,NULL,NULL,NULL,NULL),(1841,915,16,1,'',0,'2022-10-25 18:01:45',1,NULL,NULL,NULL,NULL),(1842,915,31,5,'',0,'2022-11-08 05:47:53',1,NULL,NULL,NULL,NULL),(1843,915,175,4,'',0,'2022-10-25 03:16:01',1,NULL,NULL,NULL,NULL),(1844,917,61,2,'',0,'2022-10-23 22:13:57',1,NULL,NULL,NULL,NULL),(1845,917,114,5,'',0,'2022-10-30 02:21:23',1,NULL,NULL,NULL,NULL),(1846,917,186,5,'',0,'2022-10-12 04:46:08',1,NULL,NULL,NULL,NULL),(1847,917,83,5,'',0,'2022-10-12 09:51:23',1,NULL,NULL,NULL,NULL),(1848,917,166,3,'',0,'2022-10-11 05:41:27',1,NULL,NULL,NULL,NULL),(1849,917,211,2,'',0,'2022-11-05 09:51:00',1,NULL,NULL,NULL,NULL),(1850,917,72,4,'',0,'2022-10-14 21:51:21',1,NULL,NULL,NULL,NULL),(1851,918,204,1,'',0,'2022-10-19 19:44:25',1,NULL,NULL,NULL,NULL),(1852,918,29,3,'',0,'2022-10-23 00:02:52',1,NULL,NULL,NULL,NULL),(1853,918,123,2,'',0,'2022-11-09 20:26:18',1,NULL,NULL,NULL,NULL),(1854,918,94,5,'',0,'2022-11-03 11:21:39',1,NULL,NULL,NULL,NULL),(1855,918,202,4,'',0,'2022-10-12 16:10:50',1,NULL,NULL,NULL,NULL),(1856,918,153,3,'',0,'2022-10-19 08:28:08',1,NULL,NULL,NULL,NULL),(1857,918,115,2,'',0,'2022-11-06 20:38:37',1,NULL,NULL,NULL,NULL),(1858,921,66,4,'',0,'2022-11-01 09:19:38',1,NULL,NULL,NULL,NULL),(1859,921,143,1,'',0,'2022-11-03 13:34:21',1,NULL,NULL,NULL,NULL),(1860,921,26,2,'',0,'2022-11-02 08:48:15',1,NULL,NULL,NULL,NULL),(1861,925,170,3,'',0,'2022-11-01 16:37:06',1,NULL,NULL,NULL,NULL),(1862,925,145,1,'',0,'2022-10-22 16:32:13',1,NULL,NULL,NULL,NULL),(1863,925,40,4,'',0,'2022-10-27 05:01:20',1,NULL,NULL,NULL,NULL),(1864,925,111,3,'',0,'2022-10-19 11:18:43',1,NULL,NULL,NULL,NULL),(1865,925,127,4,'',0,'2022-11-08 14:35:25',1,NULL,NULL,NULL,NULL),(1866,929,151,3,'',0,'2022-11-05 11:53:02',1,NULL,NULL,NULL,NULL),(1867,929,124,2,'',0,'2022-11-02 07:48:12',1,NULL,NULL,NULL,NULL),(1868,931,79,5,'',0,'2022-10-21 09:58:45',1,NULL,NULL,NULL,NULL),(1869,931,120,3,'',0,'2022-10-13 14:46:03',1,NULL,NULL,NULL,NULL),(1870,931,52,1,'',0,'2022-11-04 01:12:28',1,NULL,NULL,NULL,NULL),(1871,932,219,3,'',0,'2022-10-24 10:13:52',1,NULL,NULL,NULL,NULL),(1872,932,19,3,'',0,'2022-10-30 05:07:33',1,NULL,NULL,NULL,NULL),(1873,932,14,3,'',0,'2022-10-14 21:02:09',1,NULL,NULL,NULL,NULL),(1874,932,60,4,'',0,'2022-11-07 23:12:13',1,NULL,NULL,NULL,NULL),(1875,932,39,4,'',0,'2022-10-15 23:55:48',1,NULL,NULL,NULL,NULL),(1876,936,203,1,'',0,'2022-11-10 00:33:41',1,NULL,NULL,NULL,NULL),(1877,936,113,4,'',0,'2022-10-30 22:51:15',1,NULL,NULL,NULL,NULL),(1878,938,54,3,'',0,'2022-10-31 14:10:26',1,NULL,NULL,NULL,NULL),(1879,938,169,3,'',0,'2022-11-05 02:09:29',1,NULL,NULL,NULL,NULL),(1880,939,137,3,'',0,'2022-10-21 05:43:16',1,NULL,NULL,NULL,NULL),(1881,941,24,1,'',0,'2022-10-31 07:19:24',1,NULL,NULL,NULL,NULL),(1882,941,213,2,'',0,'2022-10-27 21:24:21',1,NULL,NULL,NULL,NULL),(1883,943,59,1,'',0,'2022-11-02 16:07:37',1,NULL,NULL,NULL,NULL),(1884,944,127,3,'',0,'2022-10-29 20:49:18',1,NULL,NULL,NULL,NULL),(1885,944,115,5,'',0,'2022-10-28 15:49:49',1,NULL,NULL,NULL,NULL),(1886,944,187,3,'',0,'2022-11-02 08:49:41',1,NULL,NULL,NULL,NULL),(1887,944,211,1,'',0,'2022-10-23 04:43:24',1,NULL,NULL,NULL,NULL),(1888,944,33,4,'',0,'2022-11-02 05:48:51',1,NULL,NULL,NULL,NULL),(1889,944,81,5,'',0,'2022-10-20 04:31:46',1,NULL,NULL,NULL,NULL),(1890,944,98,1,'',0,'2022-10-21 13:29:42',1,NULL,NULL,NULL,NULL),(1891,948,192,5,'',0,'2022-10-20 00:58:50',1,NULL,NULL,NULL,NULL),(1892,948,144,5,'',0,'2022-10-12 11:46:42',1,NULL,NULL,NULL,NULL),(1893,948,67,2,'',0,'2022-10-16 11:35:09',1,NULL,NULL,NULL,NULL),(1894,948,25,4,'',0,'2022-10-27 03:44:05',1,NULL,NULL,NULL,NULL),(1895,948,141,1,'',0,'2022-10-14 03:39:12',1,NULL,NULL,NULL,NULL),(1896,948,77,4,'',0,'2022-11-02 23:49:32',1,NULL,NULL,NULL,NULL),(1897,948,53,5,'',0,'2022-10-13 19:50:21',1,NULL,NULL,NULL,NULL),(1898,954,17,2,'',0,'2022-11-03 19:34:09',1,NULL,NULL,NULL,NULL),(1899,954,65,2,'',0,'2022-10-14 11:05:07',1,NULL,NULL,NULL,NULL),(1900,954,66,1,'',0,'2022-10-27 08:20:01',1,NULL,NULL,NULL,NULL),(1901,954,47,1,'',0,'2022-11-04 12:25:19',1,NULL,NULL,NULL,NULL),(1902,954,161,1,'',0,'2022-10-18 16:00:43',1,NULL,NULL,NULL,NULL),(1903,954,134,2,'',0,'2022-10-24 06:43:11',1,NULL,NULL,NULL,NULL),(1904,954,185,3,'',0,'2022-10-15 22:49:21',1,NULL,NULL,NULL,NULL),(1905,954,189,2,'',0,'2022-10-28 15:18:14',1,NULL,NULL,NULL,NULL),(1906,954,82,4,'',0,'2022-10-28 07:41:58',1,NULL,NULL,NULL,NULL),(1907,957,37,5,'',0,'2022-11-07 06:03:22',1,NULL,NULL,NULL,NULL),(1908,957,213,5,'',0,'2022-10-31 14:09:49',1,NULL,NULL,NULL,NULL),(1909,957,42,4,'',0,'2022-10-25 22:30:26',1,NULL,NULL,NULL,NULL),(1910,957,185,1,'',0,'2022-10-25 06:07:55',1,NULL,NULL,NULL,NULL),(1911,957,43,1,'',0,'2022-10-14 19:48:22',1,NULL,NULL,NULL,NULL),(1912,957,10,1,'',0,'2022-11-04 09:46:33',1,NULL,NULL,NULL,NULL),(1913,957,63,1,'',0,'2022-11-07 19:38:39',1,NULL,NULL,NULL,NULL),(1914,957,178,1,'',0,'2022-10-28 04:33:24',1,NULL,NULL,NULL,NULL),(1915,965,213,2,'',0,'2022-11-09 22:26:27',1,NULL,NULL,NULL,NULL),(1916,965,28,4,'',0,'2022-11-02 13:20:28',1,NULL,NULL,NULL,NULL),(1917,965,89,1,'',0,'2022-10-31 07:45:30',1,NULL,NULL,NULL,NULL),(1918,965,122,5,'',0,'2022-11-01 13:34:07',1,NULL,NULL,NULL,NULL),(1919,965,161,1,'',0,'2022-10-13 18:35:30',1,NULL,NULL,NULL,NULL),(1920,965,168,2,'',0,'2022-10-13 17:35:39',1,NULL,NULL,NULL,NULL),(1921,970,45,2,'',0,'2022-11-07 06:53:03',1,NULL,NULL,NULL,NULL),(1922,970,149,3,'',0,'2022-11-04 13:15:32',1,NULL,NULL,NULL,NULL),(1923,972,71,2,'',0,'2022-10-27 11:04:17',1,NULL,NULL,NULL,NULL),(1924,972,62,2,'',0,'2022-11-09 07:57:17',1,NULL,NULL,NULL,NULL),(1925,972,89,1,'',0,'2022-10-29 06:19:56',1,NULL,NULL,NULL,NULL),(1926,972,133,3,'',0,'2022-10-15 05:01:53',1,NULL,NULL,NULL,NULL),(1927,972,127,3,'',0,'2022-11-02 00:12:07',1,NULL,NULL,NULL,NULL),(1928,972,13,3,'',0,'2022-10-17 18:35:23',1,NULL,NULL,NULL,NULL),(1929,972,101,4,'',0,'2022-11-06 20:12:40',1,NULL,NULL,NULL,NULL),(1930,972,162,2,'',0,'2022-11-01 01:19:29',1,NULL,NULL,NULL,NULL),(1931,972,184,4,'',0,'2022-11-09 03:19:29',1,NULL,NULL,NULL,NULL),(1932,972,28,5,'',0,'2022-11-09 16:49:13',1,NULL,NULL,NULL,NULL),(1933,974,135,3,'',0,'2022-11-02 13:53:44',1,NULL,NULL,NULL,NULL),(1934,974,161,2,'',0,'2022-11-10 02:11:12',1,NULL,NULL,NULL,NULL),(1935,978,186,3,'',0,'2022-10-26 01:00:08',1,NULL,NULL,NULL,NULL),(1936,978,153,1,'',0,'2022-10-29 06:48:47',1,NULL,NULL,NULL,NULL),(1937,978,34,2,'',0,'2022-10-21 02:12:52',1,NULL,NULL,NULL,NULL),(1938,978,96,5,'',0,'2022-10-15 11:08:30',1,NULL,NULL,NULL,NULL),(1939,978,113,1,'',0,'2022-11-06 01:03:35',1,NULL,NULL,NULL,NULL),(1940,978,120,1,'',0,'2022-10-12 23:55:28',1,NULL,NULL,NULL,NULL),(1941,978,12,5,'',0,'2022-11-04 08:29:49',1,NULL,NULL,NULL,NULL),(1942,978,157,1,'',0,'2022-10-21 13:12:51',1,NULL,NULL,NULL,NULL),(1943,978,140,2,'',0,'2022-11-06 05:29:55',1,NULL,NULL,NULL,NULL),(1944,989,209,2,'',0,'2022-11-01 21:47:59',1,NULL,NULL,NULL,NULL),(1945,995,85,2,'',0,'2022-10-30 09:43:11',1,NULL,NULL,NULL,NULL),(1946,995,164,2,'',0,'2022-11-07 01:23:18',1,NULL,NULL,NULL,NULL),(1947,995,6,2,'',0,'2022-11-05 02:14:32',1,NULL,NULL,NULL,NULL),(1948,995,124,4,'',0,'2022-11-07 12:32:22',1,NULL,NULL,NULL,NULL),(1949,995,24,5,'',0,'2022-10-12 05:57:13',1,NULL,NULL,NULL,NULL),(1950,995,37,3,'',0,'2022-11-02 13:26:48',1,NULL,NULL,NULL,NULL),(1951,995,150,4,'',0,'2022-11-09 06:20:47',1,NULL,NULL,NULL,NULL),(1952,997,187,3,'',0,'2022-11-07 18:47:33',1,NULL,NULL,NULL,NULL),(1953,1000,38,4,'',0,'2022-10-11 09:51:06',1,NULL,NULL,NULL,NULL),(100000000,100000002,1158,0,'',2147483647,'2019-09-02 00:00:00',1,NULL,NULL,NULL,NULL),(100000001,100000003,1161,0,'',2147483647,'2019-09-02 00:00:00',1,NULL,NULL,NULL,NULL),(100000002,100000004,1162,0,'',2147483647,'2019-09-02 00:00:00',1,NULL,NULL,NULL,NULL);
/*!40000 ALTER TABLE `transactions` ENABLE KEYS */;
UNLOCK TABLES;

--
-- Table structure for table `transfer_agreement`
--

DROP TABLE IF EXISTS `transfer_agreement`;
/*!40101 SET @saved_cs_client     = @@character_set_client */;
/*!40101 SET character_set_client = utf8 */;
CREATE TABLE `transfer_agreement` (
  `id` int(11) unsigned NOT NULL AUTO_INCREMENT,
  `source_organisation_id` int(11) unsigned NOT NULL,
  `target_organisation_id` int(11) unsigned NOT NULL,
  `state` varchar(255) NOT NULL DEFAULT 'UnderReview',
  `type` varchar(255) NOT NULL,
  `requested_on` datetime NOT NULL,
  `requested_by` int(11) unsigned NOT NULL,
  `accepted_on` datetime DEFAULT NULL,
  `accepted_by` int(11) unsigned DEFAULT NULL,
  `terminated_on` datetime DEFAULT NULL,
  `terminated_by` int(11) unsigned DEFAULT NULL,
  `valid_from` datetime NOT NULL,
  `valid_until` datetime DEFAULT NULL,
  `comment` text,
  PRIMARY KEY (`id`),
  KEY `transfer_agreement_source_organisation_id` (`source_organisation_id`),
  KEY `transfer_agreement_target_organisation_id` (`target_organisation_id`),
  KEY `transfer_agreement_requested_by` (`requested_by`),
  KEY `transfer_agreement_accepted_by` (`accepted_by`),
  KEY `transfer_agreement_terminated_by` (`terminated_by`),
  CONSTRAINT `transfer_agreement_ibfk_1` FOREIGN KEY (`source_organisation_id`) REFERENCES `organisations` (`id`) ON UPDATE CASCADE,
  CONSTRAINT `transfer_agreement_ibfk_2` FOREIGN KEY (`target_organisation_id`) REFERENCES `organisations` (`id`) ON UPDATE CASCADE,
  CONSTRAINT `transfer_agreement_ibfk_3` FOREIGN KEY (`requested_by`) REFERENCES `cms_users` (`id`) ON UPDATE CASCADE,
  CONSTRAINT `transfer_agreement_ibfk_4` FOREIGN KEY (`accepted_by`) REFERENCES `cms_users` (`id`) ON DELETE SET NULL ON UPDATE CASCADE,
  CONSTRAINT `transfer_agreement_ibfk_5` FOREIGN KEY (`terminated_by`) REFERENCES `cms_users` (`id`) ON DELETE SET NULL ON UPDATE CASCADE
) ENGINE=InnoDB DEFAULT CHARSET=utf8 ROW_FORMAT=DYNAMIC;
/*!40101 SET character_set_client = @saved_cs_client */;

--
-- Dumping data for table `transfer_agreement`
--

LOCK TABLES `transfer_agreement` WRITE;
/*!40000 ALTER TABLE `transfer_agreement` DISABLE KEYS */;
INSERT INTO `transfer_agreement` VALUES
(1,1,2,'Accepted','Bidirectional','2023-02-09 17:24:29',8,'2023-02-09 17:30:51',37,NULL,NULL,'2023-02-09 17:24:29',NULL,NULL),
(2,1,2,'UnderReview','SendingTo','2023-02-09 17:25:46',8,NULL,NULL,NULL,NULL,'2023-02-09 17:25:46',NULL,NULL),
(3,1,2,'Canceled','ReceivingFrom','2023-02-09 17:26:02',8,NULL,NULL,'2023-02-09 17:36:09',8,'2023-02-09 17:26:02',NULL,NULL),
(4,2,1,'Rejected','Bidirectional','2023-02-09 17:29:09',37,NULL,NULL,'2023-02-09 17:37:45',8,'2023-02-09 17:29:09',NULL,NULL),
(5,1,2,'UnderReview','ReceivingFrom','2023-02-09 17:34:50',8,NULL,NULL,NULL,NULL,'2023-02-09 17:34:50',NULL,NULL);
/*!40000 ALTER TABLE `transfer_agreement` ENABLE KEYS */;
UNLOCK TABLES;

--
-- Table structure for table `transfer_agreement_detail`
--

DROP TABLE IF EXISTS `transfer_agreement_detail`;
/*!40101 SET @saved_cs_client     = @@character_set_client */;
/*!40101 SET character_set_client = utf8 */;
CREATE TABLE `transfer_agreement_detail` (
  `id` int(11) unsigned NOT NULL AUTO_INCREMENT,
  `transfer_agreement_id` int(11) unsigned NOT NULL,
  `source_base_id` int(11) unsigned DEFAULT NULL,
  `target_base_id` int(11) unsigned DEFAULT NULL,
  PRIMARY KEY (`id`),
  KEY `transfer_agreement_detail_transfer_agreement_id` (`transfer_agreement_id`),
  KEY `transfer_agreement_detail_source_base_id` (`source_base_id`),
  KEY `transfer_agreement_detail_target_base_id` (`target_base_id`),
  CONSTRAINT `transfer_agreement_detail_ibfk_1` FOREIGN KEY (`transfer_agreement_id`) REFERENCES `transfer_agreement` (`id`) ON UPDATE CASCADE,
  CONSTRAINT `transfer_agreement_detail_ibfk_2` FOREIGN KEY (`source_base_id`) REFERENCES `camps` (`id`) ON UPDATE CASCADE,
  CONSTRAINT `transfer_agreement_detail_ibfk_3` FOREIGN KEY (`target_base_id`) REFERENCES `camps` (`id`) ON UPDATE CASCADE
) ENGINE=InnoDB DEFAULT CHARSET=utf8 ROW_FORMAT=DYNAMIC;
/*!40101 SET character_set_client = @saved_cs_client */;

--
-- Dumping data for table `transfer_agreement_detail`
--

LOCK TABLES `transfer_agreement_detail` WRITE;
/*!40000 ALTER TABLE `transfer_agreement_detail` DISABLE KEYS */;
INSERT INTO `transfer_agreement_detail` VALUES
(1,1,1,2),
(2,1,1,3),
(3,1,1,4),
(4,2,1,2),
(5,3,1,3),
(6,4,4,1),
(7,5,1,3);
/*!40000 ALTER TABLE `transfer_agreement_detail` ENABLE KEYS */;
UNLOCK TABLES;

--
-- Table structure for table `translate`
--

DROP TABLE IF EXISTS `translate`;
/*!40101 SET @saved_cs_client     = @@character_set_client */;
/*!40101 SET character_set_client = utf8 */;
CREATE TABLE `translate` (
  `id` int(11) unsigned NOT NULL AUTO_INCREMENT,
  `category_id` int(11) unsigned DEFAULT NULL,
  `type` varchar(20) NOT NULL,
  `code` varchar(255) DEFAULT '',
  `description` varchar(255) DEFAULT NULL,
  `nl` text NOT NULL,
  `en` text NOT NULL,
  `fr` text NOT NULL,
  `hidden` tinyint(4) NOT NULL DEFAULT '0',
  `created` datetime DEFAULT NULL,
  `created_by` int(11) unsigned DEFAULT NULL,
  `modified` datetime DEFAULT NULL,
  `modified_by` int(11) unsigned DEFAULT NULL,
  `deleted` datetime NOT NULL,
  PRIMARY KEY (`id`),
  KEY `category_id` (`category_id`),
  KEY `created_by` (`created_by`),
  KEY `modified_by` (`modified_by`),
  CONSTRAINT `translate_ibfk_3` FOREIGN KEY (`category_id`) REFERENCES `translate_categories` (`id`) ON UPDATE CASCADE,
  CONSTRAINT `translate_ibfk_4` FOREIGN KEY (`created_by`) REFERENCES `cms_users` (`id`) ON DELETE SET NULL ON UPDATE CASCADE,
  CONSTRAINT `translate_ibfk_5` FOREIGN KEY (`modified_by`) REFERENCES `cms_users` (`id`) ON DELETE SET NULL ON UPDATE CASCADE
) ENGINE=InnoDB AUTO_INCREMENT=914 DEFAULT CHARSET=utf8 ROW_FORMAT=DYNAMIC;
/*!40101 SET character_set_client = @saved_cs_client */;

--
-- Dumping data for table `translate`
--

LOCK TABLES `translate` WRITE;
/*!40000 ALTER TABLE `translate` DISABLE KEYS */;
INSERT INTO `translate` VALUES (485,13,'text','cms_login_email',NULL,'e-mailadres','E-mail address','',1,NULL,NULL,NULL,NULL,'0000-00-00 00:00:00'),(486,13,'text','cms_login_password','','Wachtwoord','Password','',1,NULL,NULL,NULL,NULL,'0000-00-00 00:00:00'),(487,13,'text','cms_login_submit',NULL,'Log in','Log in','',1,NULL,NULL,NULL,NULL,'0000-00-00 00:00:00'),(488,13,'text','cms_login_autologin',NULL,'onthoud mij','Remember me','',1,NULL,NULL,NULL,NULL,'0000-00-00 00:00:00'),(489,13,'text','cms_login_error_wrongpassword',NULL,'Wachtwoord is niet correct','Wrong password','',1,NULL,NULL,NULL,NULL,'0000-00-00 00:00:00'),(490,13,'text','cms_login_error_usernotfound',NULL,'Een gebruiker met dit e-mailadres is niet gevonden.','A user with this e-mail address is not found','Utilisateur introuvable',1,NULL,NULL,NULL,NULL,'0000-00-00 00:00:00'),(491,13,'text','cms_login_pagetitle',NULL,'Inloggen','Login','connexion',0,NULL,NULL,NULL,NULL,'0000-00-00 00:00:00'),(492,13,'text','cms_menu_settings','','Instellingen','Settings','',0,NULL,NULL,NULL,NULL,'0000-00-00 00:00:00'),(493,13,'text','cms_menu_logout','','Uitloggen','Logout','',0,NULL,NULL,NULL,NULL,'0000-00-00 00:00:00'),(494,13,'text','cms_form_submit','','Opslaan en sluiten','Save and close','',0,NULL,NULL,NULL,NULL,'0000-00-00 00:00:00'),(496,13,'text','cms_form_createdby','','Gemaakt door','Created by','',0,NULL,NULL,NULL,NULL,'0000-00-00 00:00:00'),(497,13,'text','cms_form_ondate','','op','on','',0,NULL,NULL,NULL,NULL,'0000-00-00 00:00:00'),(498,13,'text','cms_form_history_modified',NULL,'Gewijzigd door','Modified by','',0,NULL,NULL,NULL,NULL,'0000-00-00 00:00:00'),(499,13,'text','cms_form_charactersleft',NULL,'tekens over van %n','characters left from %n','',0,NULL,NULL,NULL,NULL,'0000-00-00 00:00:00'),(500,13,'text','cms_list_add',NULL,'Nieuw','New item','',0,NULL,NULL,NULL,NULL,'0000-00-00 00:00:00'),(501,13,'text','cms_list_delete',NULL,'Verwijderen','Delete','',0,NULL,NULL,NULL,NULL,'0000-00-00 00:00:00'),(502,13,'text','cms_list_hide',NULL,'Verbergen','Hide','',0,NULL,NULL,NULL,NULL,'0000-00-00 00:00:00'),(503,13,'text','cms_list_show',NULL,'Tonen','Show','',0,NULL,NULL,NULL,NULL,'0000-00-00 00:00:00'),(504,13,'text','cms_settings_category',NULL,'Categorie','Category','',0,NULL,NULL,NULL,NULL,'0000-00-00 00:00:00'),(505,13,'text','cms_users_naam','','Naam','Name','',0,NULL,NULL,NULL,NULL,'0000-00-00 00:00:00'),(506,13,'text','cms_users_email','','E-mail','E-mail','',0,NULL,NULL,NULL,NULL,'0000-00-00 00:00:00'),(507,13,'text','cms_users_lastlogin',NULL,'Laatste login','Last login','',0,NULL,NULL,NULL,NULL,'0000-00-00 00:00:00'),(508,13,'text','cms_users_new',NULL,'Nieuwe gebruiker','New user','',0,NULL,NULL,NULL,NULL,'0000-00-00 00:00:00'),(509,13,'text','cms_users_password','','Wachtwoord','Password','',0,NULL,NULL,NULL,NULL,'0000-00-00 00:00:00'),(510,13,'text','cms_users_access',NULL,'Beschikbare functies','Available functions','',0,NULL,NULL,NULL,NULL,'0000-00-00 00:00:00'),(511,13,'text','cms_settings_value',NULL,'Waarde','Value','',0,NULL,NULL,NULL,NULL,'0000-00-00 00:00:00'),(512,13,'text','cms_settings_code',NULL,'Code','Code','',0,NULL,NULL,NULL,NULL,'0000-00-00 00:00:00'),(513,0,'text','cms_settings','','Instellingen','Global Settings','',0,NULL,NULL,NULL,NULL,'0000-00-00 00:00:00'),(514,13,'text','cms_settings_new',NULL,'Nieuwe instelling','New setting','',0,NULL,NULL,NULL,NULL,'0000-00-00 00:00:00'),(515,13,'text','cms_settings_hidden',NULL,'Verborgen','Hidden','',0,NULL,NULL,NULL,NULL,'0000-00-00 00:00:00'),(516,13,'text','cms_settings_type',NULL,'Type','Type','',0,NULL,NULL,NULL,NULL,'0000-00-00 00:00:00'),(517,13,'text','cms_field_text',NULL,'Tekstregel','Line of text','',0,NULL,NULL,NULL,NULL,'0000-00-00 00:00:00'),(518,13,'text','cms_field_textarea',NULL,'Tekstveld','Textarea','',0,NULL,NULL,NULL,NULL,'0000-00-00 00:00:00'),(519,13,'text','cms_field_checkbox',NULL,'Checkbox','Checkbox','',0,NULL,NULL,NULL,NULL,'0000-00-00 00:00:00'),(520,13,'text','cms_translates',NULL,'Teksten','Texts','',0,NULL,NULL,NULL,NULL,'0000-00-00 00:00:00'),(521,13,'text','cms_translate_description',NULL,'Beschrijving','Description','',0,NULL,NULL,NULL,NULL,'0000-00-00 00:00:00'),(522,13,'text','cms_translate_code',NULL,'Code','Code','',0,NULL,NULL,NULL,NULL,'0000-00-00 00:00:00'),(523,13,'text','cms_translate_new',NULL,'Nieuwe tekst','New text','',0,NULL,NULL,NULL,NULL,'0000-00-00 00:00:00'),(524,13,'text','cms_users','','Gebruikers','User Management','',0,NULL,NULL,NULL,NULL,'0000-00-00 00:00:00'),(525,13,'text','cms_user','','Gebruiker','User','',0,NULL,NULL,NULL,NULL,'0000-00-00 00:00:00'),(526,13,'text','cms_setting',NULL,'instelling','setting','',0,NULL,NULL,NULL,NULL,'0000-00-00 00:00:00'),(527,13,'text','cms_translate',NULL,'tekst','text','',0,NULL,NULL,NULL,NULL,'0000-00-00 00:00:00'),(528,13,'text','cms_form_new',NULL,'Nieuw','New','',0,NULL,NULL,NULL,NULL,'0000-00-00 00:00:00'),(529,13,'text','cms_form_edit','','Wijzig','Edit','',0,NULL,NULL,NULL,NULL,'0000-00-00 00:00:00'),(530,13,'text','cms_translate_type',NULL,'Type','Type','',0,NULL,NULL,NULL,NULL,'0000-00-00 00:00:00'),(531,13,'text','cms_login_repeatpassword','','Herhaal wachtwoord','Repeat password','',0,NULL,NULL,NULL,NULL,'0000-00-00 00:00:00'),(532,13,'text','cms_login_forgotpassword',NULL,'Wachtwoord vergeten?','Forgot Password?','',0,NULL,NULL,NULL,NULL,'0000-00-00 00:00:00'),(533,13,'text','cms_reset_pagetitle',NULL,'Reset wachtwoord','Reset Password','',0,NULL,NULL,NULL,NULL,'0000-00-00 00:00:00'),(534,13,'text','cms_reset_submit',NULL,'Reset','Reset','',0,NULL,NULL,NULL,NULL,'0000-00-00 00:00:00'),(535,13,'text','cms_functions',NULL,'CMS Functies','CMS Functions','',1,NULL,NULL,NULL,NULL,'0000-00-00 00:00:00'),(536,13,'text','cms_function',NULL,'CMS Functie','CMS Function','',0,NULL,NULL,NULL,NULL,'0000-00-00 00:00:00'),(537,13,'text','cms_function_include',NULL,'Bestand','File','',1,NULL,NULL,NULL,NULL,'0000-00-00 00:00:00'),(538,13,'text','cms_function_users',NULL,'Beschikbaar voor deze gebruikers','Available voor these users','',1,NULL,NULL,NULL,NULL,'0000-00-00 00:00:00'),(539,13,'text','cms_form_cancel','','Annuleren','Cancel','',1,NULL,NULL,NULL,NULL,'0000-00-00 00:00:00'),(542,13,'text','cms_email_salutation',NULL,'Beste','Dear','',0,NULL,NULL,NULL,NULL,'0000-00-00 00:00:00'),(543,13,'textarea','cms_email_boilerplate','','Deze e-mail is verstuurd vanuit','You\'ve received this email because you were created an account for Boxtribute through {orgname}. If you think you got this email by mistake, please contact us at [mailto:helpme@boxtribute.org]. ','',0,NULL,NULL,NULL,NULL,'0000-00-00 00:00:00'),(544,13,'textarea','cms_reset_mail','','Je hebt aangegeven dat je een nieuw wachtwoord wilt instellen voor het CMS op {sitename}.<br /><br />\r\n<a href=\"{link}\">Klik hier om een nieuw wachtwoord in te stellen</a><br /><br />\r\nHeb je geen nieuw wachtwoord aangevraagd, dan hoef je geen actie te ondernemen.\r\n','You have requested a new password for {sitename}.<br /><br />\r\n<a href=\"{link}\">Click here to enter a new password</a><br /><br />\r\nIf you didn\'t requested this yourself, you don\'t have to do anything.','',0,NULL,NULL,NULL,NULL,'0000-00-00 00:00:00'),(545,13,'text','cms_reset2_pagetitle',NULL,'Kies een nieuw wachtwoord','Choose a new password','',0,NULL,NULL,NULL,NULL,'0000-00-00 00:00:00'),(546,13,'text','cms_reset2_description',NULL,'Kies een wachtwoord dat niet te gemakkelijk is te raden. Niet je postcode, geboortedatum, de naam van je partner of combinaties van dat soort gegevens. Een goed wachtwoord bevat minimaal acht willekeurige letters, cijfers en leestekens.','Choose a password that is not too easy to guess. Don\'t use your zipcode, date of birth, the name of your spouse or combinations of this kind of data. A good password contains of a minimum of eight characters, numbers or punctuations.','',0,NULL,NULL,NULL,NULL,'0000-00-00 00:00:00'),(547,13,'text','cms_reset2_submit',NULL,'Opslaan','Save','',0,NULL,NULL,NULL,NULL,'0000-00-00 00:00:00'),(548,13,'text','cms_list_selectall',NULL,'Selecteer alle items','Select all items','',0,NULL,NULL,NULL,NULL,'0000-00-00 00:00:00'),(549,13,'text','cms_settings_category',NULL,'Categorie','Category','',0,NULL,NULL,NULL,NULL,'0000-00-00 00:00:00'),(551,13,'text','cms_reset_description',NULL,'Als je je wachtwoord niet meer weet, vul dan hier je e-mailadres in. Je krijgt dan direct een mail toegestuurd met daarin de mogelijkheid een nieuw wachtwoord aan te maken.','If you can\'t remember your password, please fill in your e-mail address. You will receive an email with a link to create a new password.','',0,NULL,NULL,NULL,NULL,'0000-00-00 00:00:00'),(556,13,'text','cms_form_selectplaceholder',NULL,'Maak een keuze','Please select','Faire un choix',1,NULL,NULL,NULL,NULL,'0000-00-00 00:00:00'),(557,13,'text','cms_field_wysiwyg',NULL,'TinyMCE','TinyMCE','',0,NULL,NULL,NULL,NULL,'2017-04-10 19:54:00'),(558,13,'text','cms_settings_enabled',NULL,'Ingeschakeld','Enabled','',0,NULL,NULL,NULL,NULL,'0000-00-00 00:00:00'),(559,13,'text','cms_field_select',NULL,'Menu','Menu','',0,NULL,NULL,NULL,NULL,'0000-00-00 00:00:00'),(560,13,'text','cms_settings_options',NULL,'Keuzes','Options','',0,NULL,NULL,NULL,NULL,'0000-00-00 00:00:00'),(562,13,'text','cms_reset_notmatching',NULL,'De wachtwoorden zijn niet gelijk','The passwords do not match','',0,NULL,NULL,NULL,NULL,'0000-00-00 00:00:00'),(563,13,'text','cms_reset_tooshort',NULL,'Het wachtwoord is te kort','The password is not long enough','',0,NULL,NULL,NULL,NULL,'0000-00-00 00:00:00'),(564,13,'text','cms_list_copy',NULL,'Kopiren','Copy','',0,NULL,NULL,NULL,NULL,'0000-00-00 00:00:00'),(566,13,'text','cms_list_confirm_title','','Weet je het zeker?','Are you sure?','',0,NULL,NULL,NULL,NULL,'0000-00-00 00:00:00'),(567,13,'text','cms_list_confirm_ok',NULL,'OK','OK','',0,NULL,NULL,NULL,NULL,'0000-00-00 00:00:00'),(568,13,'text','cms_list_confirm_cancel','','Annuleren','Cancel','',0,NULL,NULL,NULL,NULL,'0000-00-00 00:00:00'),(572,13,'text','cms_list_copysuccess',NULL,'Er is een kopie gemaakt van de geselecteerde rij(en)','A copy of the row(s) has been made','',0,NULL,NULL,NULL,NULL,'0000-00-00 00:00:00'),(578,13,'text','cms_list_deletesuccess',NULL,'Onderdeel verwijderd','Item deleted','',0,NULL,NULL,NULL,NULL,'0000-00-00 00:00:00'),(579,13,'text','cms_list_deleteerror',NULL,'De geselecteerde onderdelen (of een deel ervan) konden niet worden verwijderd.','The selected items (or some of them) could not be deleted.','',0,NULL,NULL,NULL,NULL,'0000-00-00 00:00:00'),(584,13,'text','cms_users_settings','','Persoonlijke instellingen','Personal settings','',0,NULL,NULL,NULL,NULL,'0000-00-00 00:00:00'),(586,13,'text','cms_error',NULL,'Sorry, er is iets foutgegaan','Sorry, something went wrong','',0,NULL,NULL,NULL,NULL,'0000-00-00 00:00:00'),(595,13,'text','cms_error_pleasereport',NULL,'Laatste login','Last login','',0,NULL,NULL,NULL,NULL,'0000-00-00 00:00:00'),(600,13,'text','cms_error404',NULL,'De pagina die je probeert te openen bestaat niet.','The page you have requested does not exist.','',0,NULL,NULL,NULL,NULL,'0000-00-00 00:00:00'),(622,13,'text','tooltip_menutitle',NULL,'Deze titel wordt gebruikt als er in een menu naar deze pagina wordt verwezen. Hoe korter hoe beter.','This title is used when refering to this item in a menu. The shorter the better.','',0,NULL,NULL,NULL,NULL,'0000-00-00 00:00:00'),(625,13,'text','tooltip_pagetitle',NULL,'Dit is de titel bovenaan de pagina. Deze titel is erg belangrijk voor zoekmachines, gebruik dus de meest relevante trefwoorden.','This is the title on top of the page. This title is very important for search engines, so use the most important keywords here.','',0,NULL,NULL,NULL,NULL,'0000-00-00 00:00:00'),(626,13,'text','tooltip_windowtitle',NULL,'Deze tekst komt terug in de titelbalk van de browser. Voor de beste indexering gebruik je hier weer andere keywords dan in de paginatitel. De lengte van deze tekst is idealiter niet langer dan 64 tekens, inclusief de naam van de website.','This title will be visible in the title bar of the browser. For the best search engine results, use other keywords than you did in the pagetitle. This title should be no more than 64 characters, including the name of the website.','',0,NULL,NULL,NULL,NULL,'0000-00-00 00:00:00'),(627,13,'text','tooltip_metadescription',NULL,'Geef voor Google een beschrijving van deze pagina in maximaal 155 tekens. Een volzin is beter dan een reeks trefwoorden.','Google desires a short description of the page, to show in the search results. Stay within 155 characters.','',0,NULL,NULL,NULL,NULL,'0000-00-00 00:00:00'),(628,13,'text','cms_settings_language','','Taal','Language','',0,NULL,NULL,NULL,NULL,'0000-00-00 00:00:00'),(629,13,'text','cms_form_save',NULL,'Opslaan','Save','',0,NULL,NULL,NULL,NULL,'0000-00-00 00:00:00'),(630,13,'text','cms_form_modifiedby_copy',NULL,'Laatst gewijzigd door','Last modified by','',0,NULL,NULL,NULL,NULL,'2017-04-10 19:54:00'),(637,13,'text','cms_users_sendlogin',NULL,'Stuur inloggegevens','Send login data','',0,NULL,NULL,NULL,NULL,'0000-00-00 00:00:00'),(638,13,'text','cms_form_selectroot',NULL,'Beginpunt','Root','Faire un choix',1,NULL,NULL,NULL,NULL,'0000-00-00 00:00:00'),(641,13,'text','cms_form_choosefile',NULL,'Kies bestand','Choose file','',0,NULL,NULL,NULL,NULL,'0000-00-00 00:00:00'),(642,13,'text','cms_form_chooseimage',NULL,'Kies afbeelding','Choose image','',0,NULL,NULL,NULL,NULL,'2017-04-10 19:54:00'),(643,13,'text','cms_form_viewfile',NULL,'Bekijk bestand','View file','',0,NULL,NULL,NULL,NULL,'0000-00-00 00:00:00'),(649,13,'text','tooltip_url','','Als je de URL leeg laat, maakt het systeem automatisch een goeie url voor je pagina. Je kan de URL veranderen door dit veld te ontgrendelen. Realiseer je wel dat door het veranderen van een URL bestaande verwijzingen naar deze pagina kunnen verdwijnen.','If you leave this field empty, the system will fill it in for you. If you want to change a value, you can unlock this field and do so. But realise that this can result in broken links.','',0,NULL,NULL,NULL,NULL,'0000-00-00 00:00:00'),(654,13,'text','cms_list_showhidesuccess',NULL,'Tonen/verbergen succesvol','','',0,NULL,NULL,NULL,NULL,'0000-00-00 00:00:00'),(655,13,'text','cms_reset_mailsubject',NULL,'Nieuw wachtwoord','New password','',0,NULL,NULL,NULL,NULL,'0000-00-00 00:00:00'),(656,13,'textarea','cms_sendlogin_mail','','Hierbij ontvang je een wachtwoord om in te loggen op het systeem van {sitename}.<br /><br /> Je nieuwe wachtwoord is <strong>{password}</strong><br /><br /> Let op: Het systeem maakt onderscheid tussen hoofd- en kleine letters.<br /><br /> Als je bent ingelogd kan je het wachtwoord zelf wijzigen, door op je naam te klikken in de rechterbovenhoek en dan voor \'Instellingen\' te kiezen. Kies dan wel voor een niet al te makkelijk te raden password van minimaal acht tekens.','{user} from <strong>{orgname}</strong> has set you up with a Boxtribute account! <br/><br/> Please use this email address and the password below to log in to Boxtribute ({sitename}) through your browser. <strong>If you are an iOS user, we recommend you use Safari.</strong> <br /><br /> Your password is <strong>{password}</strong><br /><br /> We encourage you to update your password to something secure and memorable by logging in, clicking on your name in the upper right corner and choosing \'Settings\'. <br /> <br /> <strong>Need help getting started?</strong> <br /><br /> - Check our manual (boxwise.freshdesk.com), or  <br /> - Message us through facebook (facebook.com/boxtribute), or  <br /> - Write us an email (helpme@boxtribute.org) <br /><br /> The Boxtribute Team ','',0,NULL,NULL,NULL,NULL,'0000-00-00 00:00:00'),(657,13,'text','cms_sendlogin_mailsubject','','Nieuw wachtwoord','Welcome to Boxtribute!','',0,NULL,NULL,NULL,NULL,'0000-00-00 00:00:00'),(658,13,'text','cms_sendlogin_confirm',NULL,'De logingegevens zijn verstuurd.','Within a few minutes you will receive an e-mail with further instructions to reset your password.','',0,NULL,NULL,NULL,NULL,'0000-00-00 00:00:00'),(660,13,'text','cms_email_signature','','Met veel liefde...','Much love...','',0,NULL,NULL,NULL,NULL,'0000-00-00 00:00:00'),(661,13,'text','buytickets',NULL,'Koop kaarten voor deze voorstelling','','',0,NULL,NULL,NULL,NULL,'0000-00-00 00:00:00'),(662,13,'text','cms_form_changefile',NULL,'Wijzig bestand','Change file','',0,NULL,NULL,NULL,NULL,'0000-00-00 00:00:00'),(663,13,'text','cms_form_changeimage',NULL,'Wijzig afbeelding','Change image','',0,NULL,NULL,NULL,NULL,'2017-04-10 19:54:00'),(664,13,'text','cms_form_delete',NULL,'Verwijderen','Delete','',0,NULL,NULL,NULL,NULL,'0000-00-00 00:00:00'),(665,13,'text','cms_form_wipe','','Wissen','Wipe','',0,NULL,NULL,NULL,NULL,'0000-00-00 00:00:00'),(666,13,'text','cms_form_file_deletesuccess',NULL,'bestand verwijderd','File removed','',0,NULL,NULL,NULL,NULL,'0000-00-00 00:00:00'),(667,13,'text','cms_form_file_deletefailure',NULL,'Er is iets mis gegaan in het verwijderen van het bestand','An error occurred while trying to remove the file','',0,NULL,NULL,NULL,NULL,'0000-00-00 00:00:00'),(675,13,'text','cms_form_deletefileconfirmation',NULL,'Het bestand wordt uit dit item verwijderd. Weet je het zeker? (Het originele bestand blijft beschikbaar in de filemanager)','The file will be deleted. Are you sure? (The original file remains in the file manager)','',0,NULL,NULL,NULL,NULL,'2017-04-10 19:54:00'),(676,13,'text','cms_form_changefile_msg',NULL,'Het bestand wordt pas bewaard nadat je op &quot;opslaan&quot; geklikt hebt.','The file will be saved after clicking &quot;save&quot;.','',0,NULL,NULL,NULL,NULL,'0000-00-00 00:00:00'),(677,13,'text','cms_form_changeimage_msg',NULL,'De afbeelding wordt pas bewaard nadat je op &quot;opslaan&quot; geklikt hebt.','The image will be saved after clicking &quot;save&quot;.','',0,NULL,NULL,NULL,NULL,'2017-04-10 19:54:00'),(679,13,'text','cms_users_loginas',NULL,'Inloggen als deze gebruiker','Login as this user','',0,NULL,NULL,NULL,NULL,'0000-00-00 00:00:00'),(680,13,'text','cms_menu_exitloginas',NULL,'Terug naar %user%','Back to %user%','',0,NULL,NULL,NULL,NULL,'0000-00-00 00:00:00'),(681,13,'text','cms_list_copyfailure',NULL,'Kopie kon niet worden gemaakt','A copy could not been made','',0,NULL,NULL,NULL,NULL,'0000-00-00 00:00:00'),(682,13,'text','cms_list_copy_suffix',NULL,'(kopie)','(copy)','',0,NULL,NULL,NULL,NULL,'0000-00-00 00:00:00'),(683,13,'text','cms_reset_success',NULL,'Je wachtwoord is aangepast','Your password has been changed','',0,NULL,NULL,NULL,NULL,'0000-00-00 00:00:00'),(684,13,'text','cms_users_email_tooltip',NULL,'Je emailadres is tevens je loginnaam','Your e-mail address is also your loginname','',0,NULL,NULL,NULL,NULL,'0000-00-00 00:00:00'),(685,13,'text','cms_users_password_change',NULL,'Wachtwoord aanpassen','Change password','',0,NULL,NULL,NULL,NULL,'0000-00-00 00:00:00'),(686,13,'text','cms_users_password_tooltip',NULL,'Vul hier tweemaal het nieuwe wachtwoord in. Het wachtwoord moet minimaal 8 tekens lang zijn en bestaat ideaal uit een combinatie van letters (groot en klein), cijfers en/of leestekens. Het wachtwoord mag niet te makkelijk te raden zijn.','Please fill in the new password twice. The password should consist of letters (small and capital), numbers and/or punctuation. The password should at least be 8 characters long. Please do not use a password that is easily gueassable.','',0,NULL,NULL,NULL,NULL,'0000-00-00 00:00:00'),(687,13,'text','cms_settings_description',NULL,'Beschrijving','Description','',0,NULL,NULL,NULL,NULL,'0000-00-00 00:00:00'),(688,13,'text','cms_form_createdunknown','','onbekend','unknown','',0,NULL,NULL,NULL,NULL,'0000-00-00 00:00:00'),(689,13,'text','tooltip_url_locked',NULL,'Voor deze pagina kan je de URL zelf niet aanpassen.','For this page, you are not allowed to change the URL.','',0,NULL,NULL,NULL,NULL,'0000-00-00 00:00:00'),(690,13,'text','cms_form_view_modified','','Bekijk bewerkgeschiedenis','View edit history','',0,NULL,NULL,NULL,NULL,'0000-00-00 00:00:00'),(691,13,'text','cms_form_modifiedby','','Laatst gewijzigd door','Last modified by','',0,NULL,NULL,NULL,NULL,'0000-00-00 00:00:00'),(692,13,'text','cms_form_history_nodata',NULL,'Geen wijzigingen gevonden','No changes found','',0,NULL,NULL,NULL,NULL,'0000-00-00 00:00:00'),(693,13,'text','cms_login_error_adminonly',NULL,'Geen toegang - gebruik het CMS op de live-versie van de website!','No access - please use the CMS on the live website','',0,NULL,NULL,NULL,NULL,'0000-00-00 00:00:00'),(695,13,'text','cms_list_showhidesuccess',NULL,'Tonen/verbergen succesvol','Succesfully hidden/shown','',0,NULL,NULL,NULL,NULL,'0000-00-00 00:00:00'),(696,13,'text','cms_translate_categorychanged',NULL,'De items zijn verplaatst naar een nieuwe categorie','The items have been moved to a new category','',0,NULL,NULL,NULL,NULL,'0000-00-00 00:00:00'),(697,13,'text','cms_list_notexistingdo',NULL,'Deze functie is niet beschikbaar','This function is not available','',0,NULL,NULL,NULL,NULL,'0000-00-00 00:00:00'),(698,13,'text','cms_brokenlinks_url',NULL,'Broken link','Broken link','',0,NULL,NULL,NULL,NULL,'0000-00-00 00:00:00'),(699,13,'text','cms_brokenlinks_location',NULL,'Gevonden op','Found at','',0,NULL,NULL,NULL,NULL,'0000-00-00 00:00:00'),(700,13,'text','cms_brokenlinks_error',NULL,'Foutcode','Error','',0,NULL,NULL,NULL,NULL,'0000-00-00 00:00:00'),(867,13,'text','site_name','','Drop App','Drop App','',0,NULL,NULL,NULL,NULL,'0000-00-00 00:00:00'),(868,13,'text','adults','','Volwassenen','Adults','',0,NULL,NULL,NULL,NULL,'0000-00-00 00:00:00'),(869,13,'text','children','','kinderen','children','',0,NULL,NULL,NULL,NULL,'0000-00-00 00:00:00'),(870,13,'text','container','','Container','Container','',0,NULL,NULL,NULL,NULL,'0000-00-00 00:00:00'),(871,13,'text','coins','','Tokens','Tokens','',0,NULL,NULL,NULL,NULL,'0000-00-00 00:00:00'),(872,13,'text','purchases','','Aankopen','Purchases','',0,NULL,NULL,NULL,NULL,'0000-00-00 00:00:00'),(873,13,'text','transactions','','Transacties','Transactions','',0,NULL,NULL,NULL,NULL,'0000-00-00 00:00:00'),(874,13,'text','product','','Product','Product','',0,NULL,NULL,NULL,NULL,'0000-00-00 00:00:00'),(875,13,'text','size','','Maat','Size','',0,NULL,NULL,NULL,NULL,'0000-00-00 00:00:00'),(876,13,'text','note','','Opmerking','Note','',0,NULL,NULL,NULL,NULL,'0000-00-00 00:00:00'),(877,13,'text','handled_by','','Afgehandeld door','Handled by','',0,NULL,NULL,NULL,NULL,'0000-00-00 00:00:00'),(878,13,'text','date','','Datum','Date','',0,NULL,NULL,NULL,NULL,'0000-00-00 00:00:00'),(879,13,'text','Monday','','Maandag','Monday','',0,NULL,NULL,NULL,NULL,'0000-00-00 00:00:00'),(880,13,'text','Tuesday','','Dinsdag','Tuesday','',0,NULL,NULL,NULL,NULL,'0000-00-00 00:00:00'),(881,13,'text','Wednesday','','Woensdag','Wednesday','',0,NULL,NULL,NULL,NULL,'0000-00-00 00:00:00'),(882,13,'text','Thursday','','Donderdag','Thursday','',0,NULL,NULL,NULL,NULL,'0000-00-00 00:00:00'),(883,13,'text','Friday','','Vrijdag','Friday','',0,NULL,NULL,NULL,NULL,'0000-00-00 00:00:00'),(884,13,'text','Saturday','','Zaterdag','Saturday','',0,NULL,NULL,NULL,NULL,'0000-00-00 00:00:00'),(885,13,'text','Sunday','','Zondag','Sunday','',0,NULL,NULL,NULL,NULL,'0000-00-00 00:00:00'),(886,13,'text','January','month','januari','January','',0,NULL,NULL,NULL,NULL,'0000-00-00 00:00:00'),(887,13,'text','February','month','februari','February','',0,NULL,NULL,NULL,NULL,'0000-00-00 00:00:00'),(888,13,'text','March','month','maart','March','',0,NULL,NULL,NULL,NULL,'0000-00-00 00:00:00'),(889,13,'text','April','month','april','April','',0,NULL,NULL,NULL,NULL,'0000-00-00 00:00:00'),(890,13,'text','May','month','mei','May','',0,NULL,NULL,NULL,NULL,'0000-00-00 00:00:00'),(891,13,'text','June','month','juni','June','',0,NULL,NULL,NULL,NULL,'0000-00-00 00:00:00'),(892,13,'text','July','month','juli','July','',0,NULL,NULL,NULL,NULL,'0000-00-00 00:00:00'),(893,13,'text','August','month','augustus','August','',0,NULL,NULL,NULL,NULL,'0000-00-00 00:00:00'),(894,13,'text','September','month','september','September','',0,NULL,NULL,NULL,NULL,'0000-00-00 00:00:00'),(895,13,'text','October','month','oktober','October','',0,NULL,NULL,NULL,NULL,'0000-00-00 00:00:00'),(896,13,'text','November','month','november','November','',0,NULL,NULL,NULL,NULL,'0000-00-00 00:00:00'),(897,13,'text','December','month','december','December','',0,NULL,NULL,NULL,NULL,'0000-00-00 00:00:00'),(898,13,'text','amount','','Hoeveelheid','Amount','',0,NULL,NULL,NULL,NULL,'0000-00-00 00:00:00'),(899,13,'text','firstname','','Voornaam','First name','First name',0,NULL,NULL,NULL,NULL,'0000-00-00 00:00:00'),(900,13,'text','lastname','','Achternaam','Last name','Last name',0,NULL,NULL,NULL,NULL,'0000-00-00 00:00:00'),(901,13,'text','cms_list_undelete',NULL,'Herstellen','Recover','',0,NULL,NULL,NULL,NULL,'0000-00-00 00:00:00'),(902,13,'text','cms_list_undeleteerror',NULL,'De geselecteerde onderdelen (of een deel ervan) konden niet worden hersteld.','The selected items (or some of them) could not be recovered.','',0,NULL,NULL,NULL,NULL,'0000-00-00 00:00:00'),(903,13,'text','cms_list_undeletesuccess',NULL,'Onderdeel hersteld','Item recovered','',0,NULL,NULL,NULL,NULL,'0000-00-00 00:00:00'),(904,13,'text','cms_list_extendsuccess',NULL,'Vervaldatum item verlengd','Item expiration extended','',0,NULL,NULL,NULL,NULL,'0000-00-00 00:00:00'),(905,13,'text','cms_list_extenderror',NULL,'Geen van de geselecteerde items kon worden verlengd','None of the selected items could be extended','',0,NULL,NULL,NULL,NULL,'0000-00-00 00:00:00'),(906,0,'text','bag_for_three','The color of a bag of vegetables for three persons','','Blue','',0,NULL,NULL,NULL,NULL,'0000-00-00 00:00:00'),(907,0,'text','bag_for_one','The color of a bag of vegetables for one persons','','Yellow','',0,NULL,NULL,NULL,NULL,'0000-00-00 00:00:00'),(908,0,'textarea','bicycle-rules','Rules for bicycle renting to be printed on the back of the Certificate','','Bikes are only available for beneficiaries of Nea Kavala. / You can only borrow a bike when you have succesfully finished the training and have signed the contract with us / To borrow a bike you hand over this certificate, you will get it back after returning the bike / You are responsible for your own safety and to bring back the bike in a clean and good state / You have to be 18 years old minimum to be able to borrow a bike. / At all times, bikes need to be back on the same day before 19:30. After 16:30 we will not start a new borrowing period. / The maximum borrowing period is three hours. / If you not follow these rules, we can ban you for two weeks and if you repeatedly not follow the rules we can ban you permanently.','',0,NULL,NULL,NULL,NULL,'0000-00-00 00:00:00'),(909,0,'text','listtitle_bread','Food list for bread','','Bread','',0,NULL,NULL,NULL,NULL,'0000-00-00 00:00:00'),(910,0,'text','listtitle_dryfood','Food list for dry food','','Dry Food','',0,NULL,NULL,NULL,NULL,'0000-00-00 00:00:00'),(911,0,'text','listtitle_vegetables','Food list for vegetables','','Vegetables','',0,NULL,NULL,NULL,NULL,'0000-00-00 00:00:00'),(912,0,'textarea','workshop-rules','Rules for workshop access','','Workshop access is only available for beneficiaries of Nea Kavala. / You can access the workshop when you have succesfully finished the training and have signed the contract with us / To get access to the workshop and use tools you show us this card, you will get it back after returning the tools and leaving the workshop  / You are responsible for your own safety and to return all tools in a clean and good state / You have to be 16 years old minimum. / Always return all the tools before closing time of the workshop (17:00) / If you not follow these rules, we can ban you for two weeks and if you repeatedly not follow the rules we can ban you permanently.','',0,NULL,NULL,NULL,NULL,'0000-00-00 00:00:00'),(913,0,'text','site_name','','','Boxtribute','',0,NULL,NULL,NULL,NULL,'0000-00-00 00:00:00');
/*!40000 ALTER TABLE `translate` ENABLE KEYS */;
UNLOCK TABLES;

--
-- Table structure for table `translate_categories`
--

DROP TABLE IF EXISTS `translate_categories`;
/*!40101 SET @saved_cs_client     = @@character_set_client */;
/*!40101 SET character_set_client = utf8 */;
CREATE TABLE `translate_categories` (
  `id` int(11) unsigned NOT NULL AUTO_INCREMENT,
  `name` varchar(255) DEFAULT NULL,
  PRIMARY KEY (`id`)
) ENGINE=InnoDB AUTO_INCREMENT=14 DEFAULT CHARSET=utf8 ROW_FORMAT=DYNAMIC;
/*!40101 SET character_set_client = @saved_cs_client */;

--
-- Dumping data for table `translate_categories`
--

LOCK TABLES `translate_categories` WRITE;
/*!40000 ALTER TABLE `translate_categories` DISABLE KEYS */;
INSERT INTO `translate_categories` VALUES (0,'something else'),(13,'text');
/*!40000 ALTER TABLE `translate_categories` ENABLE KEYS */;
UNLOCK TABLES;

--
-- Table structure for table `units`
--

DROP TABLE IF EXISTS `units`;
/*!40101 SET @saved_cs_client     = @@character_set_client */;
/*!40101 SET character_set_client = utf8 */;
CREATE TABLE `units` (
  `id` int(11) NOT NULL AUTO_INCREMENT,
  `label` varchar(20) NOT NULL,
  `longlabel` varchar(255) DEFAULT NULL,
  `seq` int(11) DEFAULT NULL,
  `created` datetime DEFAULT NULL,
  `created_by` int(11) unsigned DEFAULT NULL,
  `modified` datetime DEFAULT NULL,
  `modified_by` int(11) unsigned DEFAULT NULL,
  PRIMARY KEY (`id`),
  KEY `created_by` (`created_by`),
  KEY `modified_by` (`modified_by`),
  CONSTRAINT `units_ibfk_1` FOREIGN KEY (`created_by`) REFERENCES `cms_users` (`id`) ON DELETE SET NULL ON UPDATE CASCADE,
  CONSTRAINT `units_ibfk_2` FOREIGN KEY (`modified_by`) REFERENCES `cms_users` (`id`) ON DELETE SET NULL ON UPDATE CASCADE
) ENGINE=InnoDB AUTO_INCREMENT=5 DEFAULT CHARSET=utf8 ROW_FORMAT=DYNAMIC;
/*!40101 SET character_set_client = @saved_cs_client */;

--
-- Dumping data for table `units`
--

LOCK TABLES `units` WRITE;
/*!40000 ALTER TABLE `units` DISABLE KEYS */;
INSERT INTO `units` VALUES (1,'liter','liter',3,NULL,NULL,NULL,NULL),(2,'kg','kilogram',2,NULL,NULL,NULL,NULL),(3,'g','gram',1,NULL,NULL,NULL,NULL),(4,'piece','piece',4,NULL,NULL,NULL,NULL);
/*!40000 ALTER TABLE `units` ENABLE KEYS */;
UNLOCK TABLES;

--
-- Table structure for table `x_people_languages`
--

DROP TABLE IF EXISTS `x_people_languages`;
/*!40101 SET @saved_cs_client     = @@character_set_client */;
/*!40101 SET character_set_client = utf8 */;
CREATE TABLE `x_people_languages` (
  `people_id` int(11) unsigned NOT NULL,
  `language_id` int(11) unsigned NOT NULL,
  UNIQUE KEY `people_language_unique` (`people_id`,`language_id`),
  KEY `language_id` (`language_id`),
  CONSTRAINT `x_people_languages_ibfk_2` FOREIGN KEY (`language_id`) REFERENCES `languages` (`id`) ON DELETE CASCADE ON UPDATE CASCADE,
  CONSTRAINT `x_people_languages_ibfk_3` FOREIGN KEY (`people_id`) REFERENCES `people` (`id`) ON DELETE CASCADE ON UPDATE CASCADE
) ENGINE=InnoDB DEFAULT CHARSET=utf8 ROW_FORMAT=DYNAMIC;
/*!40101 SET character_set_client = @saved_cs_client */;

--
-- Dumping data for table `x_people_languages`
--

LOCK TABLES `x_people_languages` WRITE;
/*!40000 ALTER TABLE `x_people_languages` DISABLE KEYS */;
/*!40000 ALTER TABLE `x_people_languages` ENABLE KEYS */;
UNLOCK TABLES;
/*!40103 SET TIME_ZONE=@OLD_TIME_ZONE */;

/*!40101 SET SQL_MODE=@OLD_SQL_MODE */;
/*!40014 SET FOREIGN_KEY_CHECKS=@OLD_FOREIGN_KEY_CHECKS */;
/*!40014 SET UNIQUE_CHECKS=@OLD_UNIQUE_CHECKS */;
/*!40101 SET CHARACTER_SET_CLIENT=@OLD_CHARACTER_SET_CLIENT */;
/*!40101 SET CHARACTER_SET_RESULTS=@OLD_CHARACTER_SET_RESULTS */;
/*!40101 SET COLLATION_CONNECTION=@OLD_COLLATION_CONNECTION */;
/*!40111 SET SQL_NOTES=@OLD_SQL_NOTES */;

-- Dump completed on 2022-11-10  8:38:12
